origin,horizon,model,y_pred,y_true
2024-09-11,1,naive,26.9,9.91
2024-09-11,1,naive_carry,26.9,9.91
2024-09-11,1,seasonal_naive_7,25.0,9.91
2024-09-11,1,climatology,42.986111111111114,9.91
2024-09-11,1,arima_fourier,28.5082920326314,9.91
2024-09-11,1,arima_fourier_mean,30.797979579225743,9.91
2024-09-11,1,arima_no_fourier,26.711862717864165,9.91
2024-09-11,2,naive,26.9,11.4
2024-09-11,2,naive_carry,26.9,11.4
2024-09-11,2,seasonal_naive_7,16.9,11.4
2024-09-11,2,climatology,44.73544444444444,11.4
2024-09-11,2,arima_fourier,29.766322490457224,11.4
2024-09-11,2,arima_fourier_mean,33.0477681793011,11.4
2024-09-11,2,arima_no_fourier,26.614005475170565,11.4
2024-09-11,3,naive,26.9,21.6
2024-09-11,3,naive_carry,26.9,21.6
2024-09-11,3,seasonal_naive_7,23.4,21.6
2024-09-11,3,climatology,44.75411111111111,21.6
2024-09-11,3,arima_fourier,30.82479248458264,21.6
2024-09-11,3,arima_fourier_mean,34.56548339792466,21.6
2024-09-11,3,arima_no_fourier,26.56297626422894,21.6
2024-09-12,1,naive,9.91,11.4
2024-09-12,1,naive_carry,9.91,11.4
2024-09-12,1,seasonal_naive_7,16.9,11.4
2024-09-12,1,climatology,44.73544444444444,11.4
2024-09-12,1,arima_fourier,15.878840828972667,11.4
2024-09-12,1,arima_fourier_mean,17.154174310511642,11.4
2024-09-12,1,arima_no_fourier,14.17511543348678,11.4
2024-09-12,2,naive,9.91,21.6
2024-09-12,2,naive_carry,9.91,21.6
2024-09-12,2,seasonal_naive_7,23.4,21.6
2024-09-12,2,climatology,44.75411111111111,21.6
2024-09-12,2,arima_fourier,21.092521246347893,21.6
2024-09-12,2,arima_fourier_mean,23.41776467978173,21.6
2024-09-12,2,arima_no_fourier,17.092945474671723,21.6
2024-09-12,3,naive,9.91,30.8
2024-09-12,3,naive_carry,9.91,30.8
2024-09-12,3,seasonal_naive_7,43.4,30.8
2024-09-12,3,climatology,43.81555555555555,30.8
2024-09-12,3,arima_fourier,25.134363925056377,30.8
2024-09-12,3,arima_fourier_mean,28.184501426424426,30.8
2024-09-12,3,arima_no_fourier,18.85062158155121,30.8
2024-09-13,1,naive,11.4,21.6
2024-09-13,1,naive_carry,11.4,21.6
2024-09-13,1,seasonal_naive_7,23.4,21.6
2024-09-13,1,climatology,44.75411111111111,21.6
2024-09-13,1,arima_fourier,17.319800496768387,21.6
2024-09-13,1,arima_fourier_mean,18.710866688803986,21.6
2024-09-13,1,arima_no_fourier,14.88342261309345,21.6
2024-09-13,2,naive,11.4,30.8
2024-09-13,2,naive_carry,11.4,30.8
2024-09-13,2,seasonal_naive_7,43.4,30.8
2024-09-13,2,climatology,43.81555555555555,30.8
2024-09-13,2,arima_fourier,22.314862421267254,30.8
2024-09-13,2,arima_fourier_mean,24.77485638300481,30.8
2024-09-13,2,arima_no_fourier,17.11025628966373,30.8
2024-09-13,3,naive,11.4,39.0
2024-09-13,3,naive_carry,11.4,39.0
2024-09-13,3,seasonal_naive_7,41.6,39.0
2024-09-13,3,climatology,42.88166666666667,39.0
2024-09-13,3,arima_fourier,26.133471676910435,39.0
2024-09-13,3,arima_fourier_mean,29.304853155790497,39.0
2024-09-13,3,arima_no_fourier,18.404396706596764,39.0
2024-09-14,1,naive,21.6,30.8
2024-09-14,1,naive_carry,21.6,30.8
2024-09-14,1,seasonal_naive_7,43.4,30.8
2024-09-14,1,climatology,43.81555555555555,30.8
2024-09-14,1,arima_fourier,25.446753667070563,30.8
2024-09-14,1,arima_fourier_mean,27.49054824358821,30.8
2024-09-14,1,arima_no_fourier,21.677960148297977,30.8
2024-09-14,2,naive,21.6,39.0
2024-09-14,2,naive_carry,21.6,39.0
2024-09-14,2,seasonal_naive_7,41.6,39.0
2024-09-14,2,climatology,42.88166666666667,39.0
2024-09-14,2,arima_fourier,28.290121149985254,39.0
2024-09-14,2,arima_fourier_mean,31.40882785263691,39.0
2024-09-14,2,arima_no_fourier,21.718839471163438,39.0
2024-09-14,3,naive,21.6,46.6
2024-09-14,3,naive_carry,21.6,46.6
2024-09-14,3,seasonal_naive_7,36.2,46.6
2024-09-14,3,climatology,41.751666666666665,46.6
2024-09-14,3,arima_fourier,30.420549396996854,46.6
2024-09-14,3,arima_fourier_mean,34.11218048854485,46.6
2024-09-14,3,arima_no_fourier,21.740246995792223,46.6
2024-09-15,1,naive,30.8,39.0
2024-09-15,1,naive_carry,30.8,39.0
2024-09-15,1,seasonal_naive_7,41.6,39.0
2024-09-15,1,climatology,42.88166666666667,39.0
2024-09-15,1,arima_fourier,31.691756587334577,39.0
2024-09-15,1,arima_fourier_mean,34.23712772738844,39.0
2024-09-15,1,arima_no_fourier,27.148249294499735,39.0
2024-09-15,2,naive,30.8,46.6
2024-09-15,2,naive_carry,30.8,46.6
2024-09-15,2,seasonal_naive_7,36.2,46.6
2024-09-15,2,climatology,41.751666666666665,46.6
2024-09-15,2,arima_fourier,32.579142237482344,46.6
2024-09-15,2,arima_fourier_mean,36.170670378773494,46.6
2024-09-15,2,arima_no_fourier,25.414458829791066,46.6
2024-09-15,3,naive,30.8,29.6
2024-09-15,3,naive_carry,30.8,29.6
2024-09-15,3,seasonal_naive_7,26.9,29.6
2024-09-15,3,climatology,39.64522222222222,29.6
2024-09-15,3,arima_fourier,33.485836302528774,29.6
2024-09-15,3,arima_fourier_mean,37.54944853159437,29.6
2024-09-15,3,arima_no_fourier,24.55236433064575,29.6
2024-09-16,1,naive,39.0,46.6
2024-09-16,1,naive_carry,39.0,46.6
2024-09-16,1,seasonal_naive_7,36.2,46.6
2024-09-16,1,climatology,41.751666666666665,46.6
2024-09-16,1,arima_fourier,36.85810104874839,46.6
2024-09-16,1,arima_fourier_mean,39.81841457288693,46.6
2024-09-16,1,arima_no_fourier,31.991125085978183,46.6
2024-09-16,2,naive,39.0,29.6
2024-09-16,2,naive_carry,39.0,29.6
2024-09-16,2,seasonal_naive_7,26.9,29.6
2024-09-16,2,climatology,39.64522222222222,29.6
2024-09-16,2,arima_fourier,36.0760466506726,29.6
2024-09-16,2,arima_fourier_mean,40.05307303256441,29.6
2024-09-16,2,arima_no_fourier,28.842943185567766,29.6
2024-09-16,3,naive,39.0,26.0
2024-09-16,3,naive_carry,39.0,26.0
2024-09-16,3,seasonal_naive_7,9.91,26.0
2024-09-16,3,climatology,39.65022222222222,26.0
2024-09-16,3,arima_fourier,36.05029447706396,26.0
2024-09-16,3,arima_fourier_mean,40.42511051794869,26.0
2024-09-16,3,arima_no_fourier,27.322044249277464,26.0
2024-09-17,1,naive,46.6,29.6
2024-09-17,1,naive_carry,46.6,29.6
2024-09-17,1,seasonal_naive_7,26.9,29.6
2024-09-17,1,climatology,39.64522222222222,29.6
2024-09-17,1,arima_fourier,41.47542444102859,29.6
2024-09-17,1,arima_fourier_mean,44.80658481852992,29.6
2024-09-17,1,arima_no_fourier,36.6286945433377,29.6
2024-09-17,2,naive,46.6,26.0
2024-09-17,2,naive_carry,46.6,26.0
2024-09-17,2,seasonal_naive_7,9.91,26.0
2024-09-17,2,climatology,39.65022222222222,26.0
2024-09-17,2,arima_fourier,39.217510933722025,26.0
2024-09-17,2,arima_fourier_mean,43.54085167042926,26.0
2024-09-17,2,arima_no_fourier,32.295500191196126,26.0
2024-09-17,3,naive,46.6,26.7
2024-09-17,3,naive_carry,46.6,26.7
2024-09-17,3,seasonal_naive_7,11.4,26.7
2024-09-17,3,climatology,40.61466666666667,26.7
2024-09-17,3,arima_fourier,38.42387041473014,26.7
2024-09-17,3,arima_fourier_mean,43.086725968697394,26.7
2024-09-17,3,arima_no_fourier,30.23769989484341,26.7
2024-09-18,1,naive,29.6,26.0
2024-09-18,1,naive_carry,29.6,26.0
2024-09-18,1,seasonal_naive_7,9.91,26.0
2024-09-18,1,climatology,39.65022222222222,26.0
2024-09-18,1,arima_fourier,32.08906712753164,26.0
2024-09-18,1,arima_fourier_mean,34.66634797432889,26.0
2024-09-18,1,arima_no_fourier,28.207006842363263,26.0
2024-09-18,2,naive,29.6,26.7
2024-09-18,2,naive_carry,29.6,26.7
2024-09-18,2,seasonal_naive_7,11.4,26.7
2024-09-18,2,climatology,40.61466666666667,26.7
2024-09-18,2,arima_fourier,34.04076579746077,26.7
2024-09-18,2,arima_fourier_mean,37.79342105762003,26.7
2024-09-18,2,arima_no_fourier,27.504877357781314,26.7
2024-09-18,3,naive,29.6,32.7
2024-09-18,3,naive_carry,29.6,32.7
2024-09-18,3,seasonal_naive_7,21.6,32.7
2024-09-18,3,climatology,42.01133333333334,32.7
2024-09-18,3,arima_fourier,35.67029518070562,32.7
2024-09-18,3,arima_fourier_mean,39.998994636856466,32.7
2024-09-18,3,arima_no_fourier,27.14470309294281,32.7
2024-09-19,1,naive,26.0,26.7
2024-09-19,1,naive_carry,26.0,26.7
2024-09-19,1,seasonal_naive_7,11.4,26.7
2024-09-19,1,climatology,40.61466666666667,26.7
2024-09-19,1,arima_fourier,30.036787310180593,26.7
2024-09-19,1,arima_fourier_mean,32.44923600825502,26.7
2024-09-19,1,arima_no_fourier,26.117412109845965,26.7
2024-09-19,2,naive,26.0,32.7
2024-09-19,2,naive_carry,26.0,32.7
2024-09-19,2,seasonal_naive_7,21.6,32.7
2024-09-19,2,climatology,42.01133333333334,32.7
2024-09-19,2,arima_fourier,33.07459917724376,32.7
2024-09-19,2,arima_fourier_mean,36.72074345148719,32.7
2024-09-19,2,arima_no_fourier,26.179020863959817,32.7
2024-09-19,3,naive,26.0,61.5
2024-09-19,3,naive_carry,26.0,61.5
2024-09-19,3,seasonal_naive_7,30.8,61.5
2024-09-19,3,climatology,43.37688888888889,61.5
2024-09-19,3,arima_fourier,35.42882176930577,61.5
2024-09-19,3,arima_fourier_mean,39.7282165046734,61.5
2024-09-19,3,arima_no_fourier,26.211295496108402,61.5
2024-09-20,1,naive,26.7,32.7
2024-09-20,1,naive_carry,26.7,32.7
2024-09-20,1,seasonal_naive_7,21.6,32.7
2024-09-20,1,climatology,42.01133333333334,32.7
2024-09-20,1,arima_fourier,30.83758483784544,32.7
2024-09-20,1,arima_fourier_mean,33.31435050349928,32.7
2024-09-20,1,arima_no_fourier,26.548523635316464,32.7
2024-09-20,2,naive,26.7,61.5
2024-09-20,2,naive_carry,26.7,61.5
2024-09-20,2,seasonal_naive_7,30.8,61.5
2024-09-20,2,climatology,43.37688888888889,61.5
2024-09-20,2,arima_fourier,33.9620320808645,61.5
2024-09-20,2,arima_fourier_mean,37.706006228450256,61.5
2024-09-20,2,arima_no_fourier,26.469655288820533,61.5
2024-09-20,3,naive,26.7,70.8
2024-09-20,3,naive_carry,26.7,70.8
2024-09-20,3,seasonal_naive_7,39.0,70.8
2024-09-20,3,climatology,44.78322222222222,70.8
2024-09-20,3,arima_fourier,36.393776032866896,70.8
2024-09-20,3,arima_fourier_mean,40.81026970462453,70.8
2024-09-20,3,arima_no_fourier,26.428506361641798,70.8
2024-09-21,1,naive,32.7,61.5
2024-09-21,1,naive_carry,32.7,61.5
2024-09-21,1,seasonal_naive_7,30.8,61.5
2024-09-21,1,climatology,43.37688888888889,61.5
2024-09-21,1,arima_fourier,35.16730622775015,61.5
2024-09-21,1,arima_fourier_mean,37.99181949937066,61.5
2024-09-21,1,arima_no_fourier,30.216800534357027,61.5
2024-09-21,2,naive,32.7,70.8
2024-09-21,2,naive_carry,32.7,70.8
2024-09-21,2,seasonal_naive_7,39.0,70.8
2024-09-21,2,climatology,44.78322222222222,70.8
2024-09-21,2,arima_fourier,37.16818855550061,70.8
2024-09-21,2,arima_fourier_mean,41.26560857652531,70.8
2024-09-21,2,arima_no_fourier,28.994292384885867,70.8
2024-09-21,3,naive,32.7,81.0
2024-09-21,3,naive_carry,32.7,81.0
2024-09-21,3,seasonal_naive_7,46.6,81.0
2024-09-21,3,climatology,46.12877777777778,81.0
2024-09-21,3,arima_fourier,38.898283059094894,81.0
2024-09-21,3,arima_fourier_mean,43.61870492446878,81.0
2024-09-21,3,arima_no_fourier,28.37483484033565,81.0
2024-09-22,1,naive,61.5,70.8
2024-09-22,1,naive_carry,61.5,70.8
2024-09-22,1,seasonal_naive_7,39.0,70.8
2024-09-22,1,climatology,44.78322222222222,70.8
2024-09-22,1,arima_fourier,51.823440606126496,70.8
2024-09-22,1,arima_fourier_mean,55.985715081573765,70.8
2024-09-22,1,arima_no_fourier,45.53925622384069,70.8
2024-09-22,2,naive,61.5,81.0
2024-09-22,2,naive_carry,61.5,81.0
2024-09-22,2,seasonal_naive_7,46.6,81.0
2024-09-22,2,climatology,46.12877777777778,81.0
2024-09-22,2,arima_fourier,47.54301880741058,81.0
2024-09-22,2,arima_fourier_mean,52.7841588274875,81.0
2024-09-22,2,arima_no_fourier,38.91793775799024,81.0
2024-09-22,3,naive,61.5,71.0
2024-09-22,3,naive_carry,61.5,71.0
2024-09-22,3,seasonal_naive_7,29.6,71.0
2024-09-22,3,climatology,47.26233333333333,71.0
2024-09-22,3,arima_fourier,45.83736769759877,71.0
2024-09-22,3,arima_fourier_mean,51.39986662433688,71.0
2024-09-22,3,arima_no_fourier,35.84820536048188,71.0
2024-09-23,1,naive,70.8,81.0
2024-09-23,1,naive_carry,70.8,81.0
2024-09-23,1,seasonal_naive_7,46.6,81.0
2024-09-23,1,climatology,46.12877777777778,81.0
2024-09-23,1,arima_fourier,57.23644061980587,81.0
2024-09-23,1,arima_fourier_mean,61.83346755959232,81.0
2024-09-23,1,arima_no_fourier,51.51161606220247,81.0
2024-09-23,2,naive,70.8,71.0
2024-09-23,2,naive_carry,70.8,71.0
2024-09-23,2,seasonal_naive_7,29.6,71.0
2024-09-23,2,climatology,47.26233333333333,71.0
2024-09-23,2,arima_fourier,51.27132429641635,71.0
2024-09-23,2,arima_fourier_mean,56.92347149335462,71.0
2024-09-23,2,arima_no_fourier,43.61887758131367,71.0
2024-09-23,3,naive,70.8,23.2
2024-09-23,3,naive_carry,70.8,23.2
2024-09-23,3,seasonal_naive_7,26.0,23.2
2024-09-23,3,climatology,48.44322222222222,23.2
2024-09-23,3,arima_fourier,48.7629394566629,23.2
2024-09-23,3,arima_fourier_mean,54.6804636282339,23.2
2024-09-23,3,arima_no_fourier,39.98556348823758,23.2
2024-09-24,1,naive,81.0,71.0
2024-09-24,1,naive_carry,81.0,71.0
2024-09-24,1,seasonal_naive_7,29.6,71.0
2024-09-24,1,climatology,47.26233333333333,71.0
2024-09-24,1,arima_fourier,63.032202115199645,71.0
2024-09-24,1,arima_fourier_mean,68.09472348261428,71.0
2024-09-24,1,arima_no_fourier,58.15184763882041,71.0
2024-09-24,2,naive,81.0,23.2
2024-09-24,2,naive_carry,81.0,23.2
2024-09-24,2,seasonal_naive_7,26.0,23.2
2024-09-24,2,climatology,48.44322222222222,23.2
2024-09-24,2,arima_fourier,55.23829187933884,23.2
2024-09-24,2,arima_fourier_mean,61.32775621987465,23.2
2024-09-24,2,arima_no_fourier,48.89937439746649,23.2
2024-09-24,3,naive,81.0,11.3
2024-09-24,3,naive_carry,81.0,11.3
2024-09-24,3,seasonal_naive_7,26.7,11.3
2024-09-24,3,climatology,48.54688888888889,11.3
2024-09-24,3,arima_fourier,51.88171464168951,11.3
2024-09-24,3,arima_fourier_mean,58.17770971409325,11.3
2024-09-24,3,arima_no_fourier,44.66299283093705,11.3
2024-09-25,1,naive,71.0,23.2
2024-09-25,1,naive_carry,71.0,23.2
2024-09-25,1,seasonal_naive_7,26.0,23.2
2024-09-25,1,climatology,48.44322222222222,23.2
2024-09-25,1,arima_fourier,59.290307664550426,23.2
2024-09-25,1,arima_fourier_mean,64.05229299205214,23.2
2024-09-25,1,arima_no_fourier,55.51129360391623,23.2
2024-09-25,2,naive,71.0,11.3
2024-09-25,2,naive_carry,71.0,11.3
2024-09-25,2,seasonal_naive_7,26.7,11.3
2024-09-25,2,climatology,48.54688888888889,11.3
2024-09-25,2,arima_fourier,54.14721402580486,11.3
2024-09-25,2,arima_fourier_mean,60.11639700648029,11.3
2024-09-25,2,arima_no_fourier,48.8081834977515,11.3
2024-09-25,3,naive,71.0,16.1
2024-09-25,3,naive_carry,71.0,16.1
2024-09-25,3,seasonal_naive_7,32.7,16.1
2024-09-25,3,climatology,48.67222222222222,16.1
2024-09-25,3,arima_fourier,52.10179149849903,16.1
2024-09-25,3,arima_fourier_mean,58.42449204742233,16.1
2024-09-25,3,arima_no_fourier,45.63173898623399,16.1
2024-09-26,1,naive,23.2,11.3
2024-09-26,1,naive_carry,23.2,11.3
2024-09-26,1,seasonal_naive_7,26.7,11.3
2024-09-26,1,climatology,48.54688888888889,11.3
2024-09-26,1,arima_fourier,30.99124312959616,11.3
2024-09-26,1,arima_fourier_mean,33.48034864397454,11.3
2024-09-26,1,arima_no_fourier,28.040006590790025,11.3
2024-09-26,2,naive,23.2,16.1
2024-09-26,2,naive_carry,23.2,16.1
2024-09-26,2,seasonal_naive_7,32.7,16.1
2024-09-26,2,climatology,48.67222222222222,16.1
2024-09-26,2,arima_fourier,37.19959998627356,16.1
2024-09-26,2,arima_fourier_mean,41.300479147469005,16.1
2024-09-26,2,arima_no_fourier,30.96062452156007,16.1
2024-09-26,3,naive,23.2,23.1
2024-09-26,3,naive_carry,23.2,23.1
2024-09-26,3,seasonal_naive_7,61.5,23.1
2024-09-26,3,climatology,50.20577777777778,23.1
2024-09-26,3,arima_fourier,41.96702502208338,23.1
2024-09-26,3,arima_fourier_mean,47.05984167879714,23.1
2024-09-26,3,arima_no_fourier,32.60708920859132,23.1
2024-09-27,1,naive,11.3,16.1
2024-09-27,1,naive_carry,11.3,16.1
2024-09-27,1,seasonal_naive_7,32.7,16.1
2024-09-27,1,climatology,48.67222222222222,16.1
2024-09-27,1,arima_fourier,20.415727256108973,16.1
2024-09-27,1,arima_fourier_mean,22.055445115108466,16.1
2024-09-27,1,arima_no_fourier,17.38014055551908,16.1
2024-09-27,2,naive,11.3,23.1
2024-09-27,2,naive_carry,11.3,23.1
2024-09-27,2,seasonal_naive_7,61.5,23.1
2024-09-27,2,climatology,50.20577777777778,23.1
2024-09-27,2,arima_fourier,29.213488313568433,23.1
2024-09-27,2,arima_fourier_mean,32.43397901246428,23.1
2024-09-27,2,arima_no_fourier,21.768433944996577,23.1
2024-09-27,3,naive,11.3,52.9
2024-09-27,3,naive_carry,11.3,52.9
2024-09-27,3,seasonal_naive_7,70.8,52.9
2024-09-27,3,climatology,53.208222222222226,52.9
2024-09-27,3,arima_fourier,36.50842319026859,52.9
2024-09-27,3,arima_fourier_mean,40.93882216005711,52.9
2024-09-27,3,arima_no_fourier,24.488131439185903,52.9
2024-09-28,1,naive,16.1,23.1
2024-09-28,1,naive_carry,16.1,23.1
2024-09-28,1,seasonal_naive_7,61.5,23.1
2024-09-28,1,climatology,50.20577777777778,23.1
2024-09-28,1,arima_fourier,25.365698891548416,23.1
2024-09-28,1,arima_fourier_mean,27.402980512816853,23.1
2024-09-28,1,arima_no_fourier,20.73564265622834,23.1
2024-09-28,2,naive,16.1,52.9
2024-09-28,2,naive_carry,16.1,52.9
2024-09-28,2,seasonal_naive_7,70.8,52.9
2024-09-28,2,climatology,53.208222222222226,52.9
2024-09-28,2,arima_fourier,33.524343468220295,52.9
2024-09-28,2,arima_fourier_mean,37.22006162036951,52.9
2024-09-28,2,arima_no_fourier,23.669148059941804,52.9
2024-09-28,3,naive,16.1,58.9
2024-09-28,3,naive_carry,16.1,58.9
2024-09-28,3,seasonal_naive_7,81.0,58.9
2024-09-28,3,climatology,57.230222222222224,58.9
2024-09-28,3,arima_fourier,40.009845350299365,58.9
2024-09-28,3,arima_fourier_mean,44.86515061380147,58.9
2024-09-28,3,arima_no_fourier,25.3648678036332,58.9
2024-09-29,1,naive,23.1,52.9
2024-09-29,1,naive_carry,23.1,52.9
2024-09-29,1,seasonal_naive_7,70.8,52.9
2024-09-29,1,climatology,53.208222222222226,52.9
2024-09-29,1,arima_fourier,31.709894928947392,52.9
2024-09-29,1,arima_fourier_mean,34.25671932562176,52.9
2024-09-29,1,arima_no_fourier,25.349834745517022,52.9
2024-09-29,2,naive,23.1,58.9
2024-09-29,2,naive_carry,23.1,58.9
2024-09-29,2,seasonal_naive_7,81.0,58.9
2024-09-29,2,climatology,57.230222222222224,58.9
2024-09-29,2,arima_fourier,38.68803221692783,58.9
2024-09-29,2,arima_fourier_mean,42.95299390942737,58.9
2024-09-29,2,arima_no_fourier,26.61227803387755,58.9
2024-09-29,3,naive,23.1,59.0
2024-09-29,3,naive_carry,23.1,59.0
2024-09-29,3,seasonal_naive_7,71.0,59.0
2024-09-29,3,climatology,59.41555555555556,59.0
2024-09-29,3,arima_fourier,44.079685479482464,59.0
2024-09-29,3,arima_fourier_mean,49.42887595938293,59.0
2024-09-29,3,arima_no_fourier,27.29728144212736,59.0
2024-09-30,1,naive,52.9,58.9
2024-09-30,1,naive_carry,52.9,58.9
2024-09-30,1,seasonal_naive_7,81.0,58.9
2024-09-30,1,climatology,57.230222222222224,58.9
2024-09-30,1,arima_fourier,52.4511225630095,58.9
2024-09-30,1,arima_fourier_mean,56.663807217254664,58.9
2024-09-30,1,arima_no_fourier,42.46694867846672,58.9
2024-09-30,2,naive,52.9,59.0
2024-09-30,2,naive_carry,52.9,59.0
2024-09-30,2,seasonal_naive_7,71.0,59.0
2024-09-30,2,climatology,59.41555555555556,59.0
2024-09-30,2,arima_fourier,52.97156442799803,59.0
2024-09-30,2,arima_fourier_mean,58.81113924899309,59.0
2024-09-30,2,arima_no_fourier,37.85833907519447,59.0
2024-09-30,3,naive,52.9,45.0
2024-09-30,3,naive_carry,52.9,45.0
2024-09-30,3,seasonal_naive_7,23.2,45.0
2024-09-30,3,climatology,61.333333333333336,45.0
2024-09-30,3,arima_fourier,54.07711481501649,45.0
2024-09-30,3,arima_fourier_mean,60.63951936244491,45.0
2024-09-30,3,arima_no_fourier,35.65111090720762,45.0
2024-10-01,1,naive,58.9,59.0
2024-10-01,1,naive_carry,58.9,59.0
2024-10-01,1,seasonal_naive_7,71.0,59.0
2024-10-01,1,climatology,59.41555555555556,59.0
2024-10-01,1,arima_fourier,56.753428198812394,59.0
2024-10-01,1,arima_fourier_mean,61.31165813765673,59.0
2024-10-01,1,arima_no_fourier,46.60326121442515,59.0
2024-10-01,2,naive,58.9,45.0
2024-10-01,2,naive_carry,58.9,45.0
2024-10-01,2,seasonal_naive_7,23.2,45.0
2024-10-01,2,climatology,61.333333333333336,45.0
2024-10-01,2,arima_fourier,56.37619973885309,45.0
2024-10-01,2,arima_fourier_mean,62.591099967600755,45.0
2024-10-01,2,arima_no_fourier,41.23208736205655,45.0
2024-10-01,3,naive,58.9,50.8
2024-10-01,3,naive_carry,58.9,50.8
2024-10-01,3,seasonal_naive_7,11.3,50.8
2024-10-01,3,climatology,63.592666666666666,50.8
2024-10-01,3,arima_fourier,57.00557247240368,50.8
2024-10-01,3,arima_fourier_mean,63.923351918056525,50.8
2024-10-01,3,arima_no_fourier,38.674582114140556,50.8
2024-10-02,1,naive,59.0,45.0
2024-10-02,1,naive_carry,59.0,45.0
2024-10-02,1,seasonal_naive_7,23.2,45.0
2024-10-02,1,climatology,61.333333333333336,45.0
2024-10-02,1,arima_fourier,57.69289791968309,45.0
2024-10-02,1,arima_fourier_mean,62.326582310384005,45.0
2024-10-02,1,arima_no_fourier,47.897593198195764,45.0
2024-10-02,2,naive,59.0,50.8
2024-10-02,2,naive_carry,59.0,50.8
2024-10-02,2,seasonal_naive_7,11.3,50.8
2024-10-02,2,climatology,63.592666666666666,50.8
2024-10-02,2,arima_fourier,57.80574142476058,50.8
2024-10-02,2,arima_fourier_mean,64.17823310769145,50.8
2024-10-02,2,arima_no_fourier,42.95056681159389,50.8
2024-10-02,3,naive,59.0,36.8
2024-10-02,3,naive_carry,59.0,36.8
2024-10-02,3,seasonal_naive_7,16.1,36.8
2024-10-02,3,climatology,66.37088888888889,36.8
2024-10-02,3,arima_fourier,58.74720478587708,36.8
2024-10-02,3,arima_fourier_mean,65.87633460866313,36.8
2024-10-02,3,arima_no_fourier,40.5705694246157,36.8
2024-10-03,1,naive,45.0,50.8
2024-10-03,1,naive_carry,45.0,50.8
2024-10-03,1,seasonal_naive_7,11.3,50.8
2024-10-03,1,climatology,63.592666666666666,50.8
2024-10-03,1,arima_fourier,49.865159035971836,50.8
2024-10-03,1,arima_fourier_mean,53.87014752023061,50.8
2024-10-03,1,arima_no_fourier,41.281100404210456,50.8
2024-10-03,2,naive,45.0,36.8
2024-10-03,2,naive_carry,45.0,36.8
2024-10-03,2,seasonal_naive_7,16.1,36.8
2024-10-03,2,climatology,66.37088888888889,36.8
2024-10-03,2,arima_fourier,53.73304675579416,36.8
2024-10-03,2,arima_fourier_mean,59.65656468291129,36.8
2024-10-03,2,arima_no_fourier,39.46043109725161,36.8
2024-10-03,3,naive,45.0,39.1
2024-10-03,3,naive_carry,45.0,39.1
2024-10-03,3,seasonal_naive_7,23.1,39.1
2024-10-03,3,climatology,67.24755555555555,39.1
2024-10-03,3,arima_fourier,56.96844799973432,39.1
2024-10-03,3,arima_fourier_mean,63.88171963931007,39.1
2024-10-03,3,arima_no_fourier,38.54055894971743,39.1
2024-10-04,1,naive,50.8,36.8
2024-10-04,1,naive_carry,50.8,36.8
2024-10-04,1,seasonal_naive_7,16.1,36.8
2024-10-04,1,climatology,66.37088888888889,36.8
2024-10-04,1,arima_fourier,54.32986172332164,36.8
2024-10-04,1,arima_fourier_mean,58.69343859590441,36.8
2024-10-04,1,arima_no_fourier,45.02058296888851,36.8
2024-10-04,2,naive,50.8,39.1
2024-10-04,2,naive_carry,50.8,39.1
2024-10-04,2,seasonal_naive_7,23.1,39.1
2024-10-04,2,climatology,67.24755555555555,39.1
2024-10-04,2,arima_fourier,57.34964298186822,39.1
2024-10-04,2,arima_fourier_mean,63.67185273047121,39.1
2024-10-04,2,arima_no_fourier,42.26514041971541,39.1
2024-10-04,3,naive,50.8,43.7
2024-10-04,3,naive_carry,50.8,43.7
2024-10-04,3,seasonal_naive_7,52.9,43.7
2024-10-04,3,climatology,70.202,43.7
2024-10-04,3,arima_fourier,60.0780205828716,43.7
2024-10-04,3,arima_fourier_mean,67.36864572598544,43.7
2024-10-04,3,arima_no_fourier,40.892070388497274,43.7
2024-10-05,1,naive,36.8,39.1
2024-10-05,1,naive_carry,36.8,39.1
2024-10-05,1,seasonal_naive_7,23.1,39.1
2024-10-05,1,climatology,67.24755555555555,39.1
2024-10-05,1,arima_fourier,45.489726054291715,39.1
2024-10-05,1,arima_fourier_mean,49.14329512642655,39.1
2024-10-05,1,arima_no_fourier,37.183693550407,39.1
2024-10-05,2,naive,36.8,43.7
2024-10-05,2,naive_carry,36.8,43.7
2024-10-05,2,seasonal_naive_7,52.9,43.7
2024-10-05,2,climatology,70.202,43.7
2024-10-05,2,arima_fourier,52.23559972061113,43.7
2024-10-05,2,arima_fourier_mean,57.99403790419933,43.7
2024-10-05,2,arima_no_fourier,37.3859270175572,43.7
2024-10-05,3,naive,36.8,62.7
2024-10-05,3,naive_carry,36.8,62.7
2024-10-05,3,seasonal_naive_7,58.9,62.7
2024-10-05,3,climatology,80.80866666666665,62.7
2024-10-05,3,arima_fourier,57.46381070537963,62.7
2024-10-05,3,arima_fourier_mean,64.43719338261829,62.7
2024-10-05,3,arima_no_fourier,37.49211763307195,62.7
2024-10-06,1,naive,39.1,43.7
2024-10-06,1,naive_carry,39.1,43.7
2024-10-06,1,seasonal_naive_7,52.9,43.7
2024-10-06,1,climatology,70.202,43.7
2024-10-06,1,arima_fourier,47.738986534630094,43.7
2024-10-06,1,arima_fourier_mean,51.573207749717206,43.7
2024-10-06,1,arima_no_fourier,38.59875471090539,43.7
2024-10-06,2,naive,39.1,62.7
2024-10-06,2,naive_carry,39.1,62.7
2024-10-06,2,seasonal_naive_7,58.9,62.7
2024-10-06,2,climatology,80.80866666666665,62.7
2024-10-06,2,arima_fourier,54.424105118229136,62.7
2024-10-06,2,arima_fourier_mean,60.42380276149821,62.7
2024-10-06,2,arima_no_fourier,38.339204693802415,62.7
2024-10-06,3,naive,39.1,60.0
2024-10-06,3,naive_carry,39.1,60.0
2024-10-06,3,seasonal_naive_7,59.0,60.0
2024-10-06,3,climatology,83.93977777777779,60.0
2024-10-06,3,arima_fourier,59.617326257337844,60.0
2024-10-06,3,arima_fourier_mean,66.85204237687192,60.0
2024-10-06,3,arima_no_fourier,38.20417508627521,60.0
2024-10-07,1,naive,43.7,62.7
2024-10-07,1,naive_carry,43.7,62.7
2024-10-07,1,seasonal_naive_7,58.9,62.7
2024-10-07,1,climatology,80.80866666666665,62.7
2024-10-07,1,arima_fourier,51.63685760610185,62.7
2024-10-07,1,arima_fourier_mean,55.7841413251013,62.7
2024-10-07,1,arima_no_fourier,41.48503420622439,62.7
2024-10-07,2,naive,43.7,60.0
2024-10-07,2,naive_carry,43.7,60.0
2024-10-07,2,seasonal_naive_7,59.0,60.0
2024-10-07,2,climatology,83.93977777777779,60.0
2024-10-07,2,arima_fourier,57.75474849214378,60.0
2024-10-07,2,arima_fourier_mean,64.12161449915851,60.0
2024-10-07,2,arima_no_fourier,40.37184292125472,60.0
2024-10-07,3,naive,43.7,43.3
2024-10-07,3,naive_carry,43.7,43.3
2024-10-07,3,seasonal_naive_7,45.0,43.3
2024-10-07,3,climatology,86.32199999999999,43.3
2024-10-07,3,arima_fourier,62.562624656337086,43.3
2024-10-07,3,arima_fourier_mean,70.1547590333349,43.3
2024-10-07,3,arima_no_fourier,39.80167237341624,43.3
2024-10-08,1,naive,62.7,60.0
2024-10-08,1,naive_carry,62.7,60.0
2024-10-08,1,seasonal_naive_7,59.0,60.0
2024-10-08,1,climatology,83.93977777777779,60.0
2024-10-08,1,arima_fourier,64.82243057530022,60.0
2024-10-08,1,arima_fourier_mean,70.02873099395143,60.0
2024-10-08,1,arima_no_fourier,52.48532592961062,60.0
2024-10-08,2,naive,62.7,43.3
2024-10-08,2,naive_carry,62.7,43.3
2024-10-08,2,seasonal_naive_7,45.0,43.3
2024-10-08,2,climatology,86.32199999999999,43.3
2024-10-08,2,arima_fourier,67.07893591626119,43.3
2024-10-08,2,arima_fourier_mean,74.47369661962233,43.3
2024-10-08,2,arima_no_fourier,47.82473291492534,43.3
2024-10-08,3,naive,62.7,55.9
2024-10-08,3,naive_carry,62.7,55.9
2024-10-08,3,seasonal_naive_7,50.8,55.9
2024-10-08,3,climatology,88.69977777777778,55.9
2024-10-08,3,arima_fourier,69.44441191987094,55.9
2024-10-08,3,arima_fourier_mean,77.87166737263965,55.9
2024-10-08,3,arima_no_fourier,45.55478787448191,55.9
2024-10-09,1,naive,60.0,43.3
2024-10-09,1,naive_carry,60.0,43.3
2024-10-09,1,seasonal_naive_7,45.0,43.3
2024-10-09,1,climatology,86.32199999999999,43.3
2024-10-09,1,arima_fourier,64.06484074273594,43.3
2024-10-09,1,arima_fourier_mean,69.21029399073389,43.3
2024-10-09,1,arima_no_fourier,52.06819406310744,43.3
2024-10-09,2,naive,60.0,55.9
2024-10-09,2,naive_carry,60.0,55.9
2024-10-09,2,seasonal_naive_7,50.8,55.9
2024-10-09,2,climatology,88.69977777777778,55.9
2024-10-09,2,arima_fourier,67.54330963388374,55.9
2024-10-09,2,arima_fourier_mean,74.98926186161329,55.9
2024-10-09,2,arima_no_fourier,48.347211116518096,55.9
2024-10-09,3,naive,60.0,60.0
2024-10-09,3,naive_carry,60.0,60.0
2024-10-09,3,seasonal_naive_7,36.8,60.0
2024-10-09,3,climatology,91.33977777777775,60.0
2024-10-09,3,arima_fourier,70.6789136620251,60.0
2024-10-09,3,arima_fourier_mean,79.25597764917609,60.0
2024-10-09,3,arima_no_fourier,46.508534924857614,60.0
2024-10-10,1,naive,43.3,55.9
2024-10-10,1,naive_carry,43.3,55.9
2024-10-10,1,seasonal_naive_7,50.8,55.9
2024-10-10,1,climatology,88.69977777777778,55.9
2024-10-10,1,arima_fourier,53.50635171965682,55.9
2024-10-10,1,arima_fourier_mean,57.80378555371306,55.9
2024-10-10,1,arima_no_fourier,43.002421559393625,55.9
2024-10-10,2,naive,43.3,60.0
2024-10-10,2,naive_carry,43.3,60.0
2024-10-10,2,seasonal_naive_7,36.8,60.0
2024-10-10,2,climatology,91.33977777777775,60.0
2024-10-10,2,arima_fourier,61.404899239432126,60.0
2024-10-10,2,arima_fourier_mean,68.17415433965799,60.0
2024-10-10,2,arima_no_fourier,42.8476254485589,60.0
2024-10-10,3,naive,43.3,84.3
2024-10-10,3,naive_carry,43.3,84.3
2024-10-10,3,seasonal_naive_7,39.1,84.3
2024-10-10,3,climatology,95.41133333333332,84.3
2024-10-10,3,arima_fourier,67.49362592779924,84.3
2024-10-10,3,arima_fourier_mean,75.68414595006429,84.3
2024-10-10,3,arima_no_fourier,42.766900629152126,84.3
2024-10-11,1,naive,55.9,60.0
2024-10-11,1,naive_carry,55.9,60.0
2024-10-11,1,seasonal_naive_7,36.8,60.0
2024-10-11,1,climatology,91.33977777777775,60.0
2024-10-11,1,arima_fourier,63.02402298311247,60.0
2024-10-11,1,arima_fourier_mean,68.08588094350225,60.0
2024-10-11,1,arima_no_fourier,50.61747879871313,60.0
2024-10-11,2,naive,55.9,84.3
2024-10-11,2,naive_carry,55.9,84.3
2024-10-11,2,seasonal_naive_7,39.1,84.3
2024-10-11,2,climatology,95.41133333333332,84.3
2024-10-11,2,arima_fourier,68.56257854327252,84.3
2024-10-11,2,arima_fourier_mean,76.12089290905998,84.3
2024-10-11,2,arima_no_fourier,48.05698435980551,84.3
2024-10-11,3,naive,55.9,85.9
2024-10-11,3,naive_carry,55.9,85.9
2024-10-11,3,seasonal_naive_7,43.7,85.9
2024-10-11,3,climatology,98.20355555555555,85.9
2024-10-11,3,arima_fourier,73.04251564680766,85.9
2024-10-11,3,arima_fourier_mean,81.90640593709917,85.9
2024-10-11,3,arima_no_fourier,46.77003406143938,85.9
2024-10-12,1,naive,60.0,84.3
2024-10-12,1,naive_carry,60.0,84.3
2024-10-12,1,seasonal_naive_7,39.1,84.3
2024-10-12,1,climatology,95.41133333333332,84.3
2024-10-12,1,arima_fourier,66.58669434502264,84.3
2024-10-12,1,arima_fourier_mean,71.93469266491054,84.3
2024-10-12,1,arima_no_fourier,53.53953415688505,84.3
2024-10-12,2,naive,60.0,85.9
2024-10-12,2,naive_carry,60.0,85.9
2024-10-12,2,seasonal_naive_7,43.7,85.9
2024-10-12,2,climatology,98.20355555555555,85.9
2024-10-12,2,arima_fourier,71.76424728544943,85.9
2024-10-12,2,arima_fourier_mean,79.67551160874935,85.9
2024-10-12,2,arima_no_fourier,50.44312485236932,85.9
2024-10-12,3,naive,60.0,76.2
2024-10-12,3,naive_carry,60.0,76.2
2024-10-12,3,seasonal_naive_7,62.7,76.2
2024-10-12,3,climatology,100.56744444444443,76.2
2024-10-12,3,arima_fourier,76.02453934976874,76.2
2024-10-12,3,arima_fourier_mean,85.25030423487065,76.2
2024-10-12,3,arima_no_fourier,48.89591060586109,76.2
2024-10-13,1,naive,84.3,85.9
2024-10-13,1,naive_carry,84.3,85.9
2024-10-13,1,seasonal_naive_7,43.7,85.9
2024-10-13,1,climatology,98.20355555555555,85.9
2024-10-13,1,arima_fourier,82.5712776522618,85.9
2024-10-13,1,arima_fourier_mean,89.20309851742404,85.9
2024-10-13,1,arima_no_fourier,67.30621019466876,85.9
2024-10-13,2,naive,84.3,76.2
2024-10-13,2,naive_carry,84.3,76.2
2024-10-13,2,seasonal_naive_7,62.7,76.2
2024-10-13,2,climatology,100.56744444444443,76.2
2024-10-13,2,arima_fourier,82.74380662227642,76.2
2024-10-13,2,arima_fourier_mean,91.86545256664482,76.2
2024-10-13,2,arima_no_fourier,59.831162642644,76.2
2024-10-13,3,naive,84.3,92.2
2024-10-13,3,naive_carry,84.3,92.2
2024-10-13,3,seasonal_naive_7,60.0,92.2
2024-10-13,3,climatology,104.06377777777776,92.2
2024-10-13,3,arima_fourier,84.00586666185902,92.2
2024-10-13,3,arima_fourier_mean,94.20018377622904,92.2
2024-10-13,3,arima_no_fourier,56.258930171431004,92.2
2024-10-14,1,naive,85.9,76.2
2024-10-14,1,naive_carry,85.9,76.2
2024-10-14,1,seasonal_naive_7,62.7,76.2
2024-10-14,1,climatology,100.56744444444443,76.2
2024-10-14,1,arima_fourier,84.71161787962909,76.2
2024-10-14,1,arima_fourier_mean,91.51534260895045,76.2
2024-10-14,1,arima_no_fourier,69.86036835336405,76.2
2024-10-14,2,naive,85.9,92.2
2024-10-14,2,naive_carry,85.9,92.2
2024-10-14,2,seasonal_naive_7,60.0,92.2
2024-10-14,2,climatology,104.06377777777776,92.2
2024-10-14,2,arima_fourier,85.20645615045318,92.2
2024-10-14,2,arima_fourier_mean,94.59958266797307,92.2
2024-10-14,2,arima_no_fourier,62.7035146194666,92.2
2024-10-14,3,naive,85.9,112.0
2024-10-14,3,naive_carry,85.9,112.0
2024-10-14,3,seasonal_naive_7,43.3,112.0
2024-10-14,3,climatology,111.00344444444444,112.0
2024-10-14,3,arima_fourier,86.67433510831484,112.0
2024-10-14,3,arima_fourier_mean,97.1924759044338,112.0
2024-10-14,3,arima_no_fourier,59.25790503773302,112.0
2024-10-15,1,naive,76.2,92.2
2024-10-15,1,naive_carry,76.2,92.2
2024-10-15,1,seasonal_naive_7,60.0,92.2
2024-10-15,1,climatology,104.06377777777776,92.2
2024-10-15,1,arima_fourier,80.00618493035998,92.2
2024-10-15,1,arima_fourier_mean,86.43198629061794,92.2
2024-10-15,1,arima_no_fourier,66.26105731431745,92.2
2024-10-15,2,naive,76.2,112.0
2024-10-15,2,naive_carry,76.2,112.0
2024-10-15,2,seasonal_naive_7,43.3,112.0
2024-10-15,2,climatology,111.00344444444444,112.0
2024-10-15,2,arima_fourier,83.44076469388892,112.0
2024-10-15,2,arima_fourier_mean,92.63924113969381,112.0
2024-10-15,2,arima_no_fourier,61.591184988204155,112.0
2024-10-15,3,naive,76.2,97.8
2024-10-15,3,naive_carry,76.2,97.8
2024-10-15,3,seasonal_naive_7,55.9,97.8
2024-10-15,3,climatology,113.98811111111112,97.8
2024-10-15,3,arima_fourier,86.66243683821557,97.8
2024-10-15,3,arima_fourier_mean,97.17913230746403,97.8
2024-10-15,3,arima_no_fourier,59.28174921932524,97.8
2024-10-16,1,naive,92.2,112.0
2024-10-16,1,naive_carry,92.2,112.0
2024-10-16,1,seasonal_naive_7,43.3,112.0
2024-10-16,1,climatology,111.00344444444444,112.0
2024-10-16,1,arima_fourier,90.7853978058679,112.0
2024-10-16,1,arima_fourier_mean,98.07694535849,112.0
2024-10-16,1,arima_no_fourier,75.97453180224426,112.0
2024-10-16,2,naive,92.2,97.8
2024-10-16,2,naive_carry,92.2,97.8
2024-10-16,2,seasonal_naive_7,55.9,97.8
2024-10-16,2,climatology,113.98811111111112,97.8
2024-10-16,2,arima_fourier,91.1908679002969,97.8
2024-10-16,2,arima_fourier_mean,101.24371162284629,97.8
2024-10-16,2,arima_no_fourier,68.66088688463614,97.8
2024-10-16,3,naive,92.2,101.0
2024-10-16,3,naive_carry,92.2,101.0
2024-10-16,3,seasonal_naive_7,60.0,101.0
2024-10-16,3,climatology,119.42544444444444,101.0
2024-10-16,3,arima_fourier,92.64032967946109,101.0
2024-10-16,3,arima_fourier_mean,103.88245534327854,101.0
2024-10-16,3,arima_no_fourier,65.12118969348356,101.0
2024-10-17,1,naive,112.0,97.8
2024-10-17,1,naive_carry,112.0,97.8
2024-10-17,1,seasonal_naive_7,55.9,97.8
2024-10-17,1,climatology,113.98811111111112,97.8
2024-10-17,1,arima_fourier,103.32107910576727,97.8
2024-10-17,1,arima_fourier_mean,111.61944581434648,97.8
2024-10-17,1,arima_no_fourier,87.8599213461553,97.8
2024-10-17,2,naive,112.0,101.0
2024-10-17,2,naive_carry,112.0,101.0
2024-10-17,2,seasonal_naive_7,60.0,101.0
2024-10-17,2,climatology,119.42544444444444,101.0
2024-10-17,2,arima_fourier,99.89566887681464,101.0
2024-10-17,2,arima_fourier_mean,110.90812521460647,101.0
2024-10-17,2,arima_no_fourier,77.38561493671479,101.0
2024-10-17,3,naive,112.0,120.0
2024-10-17,3,naive_carry,112.0,120.0
2024-10-17,3,seasonal_naive_7,84.3,120.0
2024-10-17,3,climatology,125.94944444444444,120.0
2024-10-17,3,arima_fourier,99.22792135879244,120.0
2024-10-17,3,arima_fourier_mean,111.26946546879928,120.0
2024-10-17,3,arima_no_fourier,72.41542085599116,120.0
2024-10-18,1,naive,97.8,101.0
2024-10-18,1,naive_carry,97.8,101.0
2024-10-18,1,seasonal_naive_7,60.0,101.0
2024-10-18,1,climatology,119.42544444444444,101.0
2024-10-18,1,arima_fourier,96.6858870546645,101.0
2024-10-18,1,arima_fourier_mean,104.45133930439697,101.0
2024-10-18,1,arima_no_fourier,82.83858092705107,101.0
2024-10-18,2,naive,97.8,120.0
2024-10-18,2,naive_carry,97.8,120.0
2024-10-18,2,seasonal_naive_7,84.3,120.0
2024-10-18,2,climatology,125.94944444444444,120.0
2024-10-18,2,arima_fourier,97.29049186515032,120.0
2024-10-18,2,arima_fourier_mean,108.01575358504174,120.0
2024-10-18,2,arima_no_fourier,75.94977324503056,120.0
2024-10-18,3,naive,97.8,131.0
2024-10-18,3,naive_carry,97.8,131.0
2024-10-18,3,seasonal_naive_7,85.9,131.0
2024-10-18,3,climatology,134.3661111111111,131.0
2024-10-18,3,arima_fourier,98.88131700779253,131.0
2024-10-18,3,arima_fourier_mean,110.88079833667842,131.0
2024-10-18,3,arima_no_fourier,72.57866345309307,131.0
2024-10-19,1,naive,101.0,120.0
2024-10-19,1,naive_carry,101.0,120.0
2024-10-19,1,seasonal_naive_7,84.3,120.0
2024-10-19,1,climatology,125.94944444444444,120.0
2024-10-19,1,arima_fourier,99.84925693933687,120.0
2024-10-19,1,arima_fourier_mean,107.86877894808377,120.0
2024-10-19,1,arima_no_fourier,86.14289456652311,120.0
2024-10-19,2,naive,101.0,131.0
2024-10-19,2,naive_carry,101.0,131.0
2024-10-19,2,seasonal_naive_7,85.9,131.0
2024-10-19,2,climatology,134.3661111111111,131.0
2024-10-19,2,arima_fourier,100.44337859312682,131.0
2024-10-19,2,arima_fourier_mean,111.51621217167293,131.0
2024-10-19,2,arima_no_fourier,79.26551983561122,131.0
2024-10-19,3,naive,101.0,136.0
2024-10-19,3,naive_carry,101.0,136.0
2024-10-19,3,seasonal_naive_7,76.2,136.0
2024-10-19,3,climatology,140.9961111111111,136.0
2024-10-19,3,arima_fourier,102.03568092569006,136.0
2024-10-19,3,arima_fourier_mean,114.41795023876895,136.0
2024-10-19,3,arima_no_fourier,75.89065888737498,136.0
2024-10-20,1,naive,120.0,131.0
2024-10-20,1,naive_carry,120.0,131.0
2024-10-20,1,seasonal_naive_7,85.9,131.0
2024-10-20,1,climatology,134.3661111111111,131.0
2024-10-20,1,arima_fourier,112.04688508218597,131.0
2024-10-20,1,arima_fourier_mean,121.04607491959361,131.0
2024-10-20,1,arima_no_fourier,97.8463420734247,131.0
2024-10-20,2,naive,120.0,136.0
2024-10-20,2,naive_carry,120.0,136.0
2024-10-20,2,seasonal_naive_7,76.2,136.0
2024-10-20,2,climatology,140.9961111111111,136.0
2024-10-20,2,arima_fourier,108.99780017638382,136.0
2024-10-20,2,arima_fourier_mean,121.01366833542096,136.0
2024-10-20,2,arima_no_fourier,87.94157388692666,136.0
2024-10-20,3,naive,120.0,194.0
2024-10-20,3,naive_carry,120.0,194.0
2024-10-20,3,seasonal_naive_7,92.2,194.0
2024-10-20,3,climatology,140.78944444444446,194.0
2024-10-20,3,arima_fourier,108.55279413300907,194.0
2024-10-20,3,arima_fourier_mean,121.72592884567459,194.0
2024-10-20,3,arima_no_fourier,83.16803698325377,194.0
2024-10-21,1,naive,131.0,136.0
2024-10-21,1,naive_carry,131.0,136.0
2024-10-21,1,seasonal_naive_7,76.2,136.0
2024-10-21,1,climatology,140.9961111111111,136.0
2024-10-21,1,arima_fourier,119.61364201837821,136.0
2024-10-21,1,arima_fourier_mean,129.2205652379352,136.0
2024-10-21,1,arima_no_fourier,105.85342252535602,136.0
2024-10-21,2,naive,131.0,194.0
2024-10-21,2,naive_carry,131.0,194.0
2024-10-21,2,seasonal_naive_7,92.2,194.0
2024-10-21,2,climatology,140.78944444444446,194.0
2024-10-21,2,arima_fourier,114.81816708106832,194.0
2024-10-21,2,arima_fourier_mean,127.4756687592613,194.0
2024-10-21,2,arima_no_fourier,94.68901157123389,194.0
2024-10-21,3,naive,131.0,130.0
2024-10-21,3,naive_carry,131.0,130.0
2024-10-21,3,seasonal_naive_7,112.0,130.0
2024-10-21,3,climatology,149.08166666666665,130.0
2024-10-21,3,arima_fourier,113.42788459385956,130.0
2024-10-21,3,arima_fourier_mean,127.19262129437551,130.0
2024-10-21,3,arima_no_fourier,89.32791738465434,130.0
2024-10-22,1,naive,136.0,194.0
2024-10-22,1,naive_carry,136.0,194.0
2024-10-22,1,seasonal_naive_7,92.2,194.0
2024-10-22,1,climatology,140.78944444444446,194.0
2024-10-22,1,arima_fourier,123.92811306255129,194.0
2024-10-22,1,arima_fourier_mean,133.88155811562115,194.0
2024-10-22,1,arima_no_fourier,111.03064277928387,194.0
2024-10-22,2,naive,136.0,130.0
2024-10-22,2,naive_carry,136.0,130.0
2024-10-22,2,seasonal_naive_7,112.0,130.0
2024-10-22,2,climatology,149.08166666666665,130.0
2024-10-22,2,arima_fourier,118.7791152970694,130.0
2024-10-22,2,arima_fourier_mean,131.8732689741688,130.0
2024-10-22,2,arima_no_fourier,99.85623459786073,130.0
2024-10-22,3,naive,136.0,111.0
2024-10-22,3,naive_carry,136.0,111.0
2024-10-22,3,seasonal_naive_7,97.8,111.0
2024-10-22,3,climatology,157.12944444444443,111.0
2024-10-22,3,arima_fourier,117.1957015285002,111.0
2024-10-22,3,arima_fourier_mean,131.41766992936502,111.0
2024-10-22,3,arima_no_fourier,94.46811061799863,111.0
2024-10-23,1,naive,194.0,130.0
2024-10-23,1,naive_carry,194.0,130.0
2024-10-23,1,seasonal_naive_7,112.0,130.0
2024-10-23,1,climatology,149.08166666666665,130.0
2024-10-23,1,arima_fourier,155.0554618111678,130.0
2024-10-23,1,arima_fourier_mean,167.50893918321287,130.0
2024-10-23,1,arima_no_fourier,142.34691822227265,130.0
2024-10-23,2,naive,194.0,111.0
2024-10-23,2,naive_carry,194.0,111.0
2024-10-23,2,seasonal_naive_7,97.8,111.0
2024-10-23,2,climatology,157.12944444444443,111.0
2024-10-23,2,arima_fourier,137.6560194304366,111.0
2024-10-23,2,arima_fourier_mean,152.83115287716313,111.0
2024-10-23,2,arima_no_fourier,121.07063736606648,111.0
2024-10-23,3,naive,194.0,137.0
2024-10-23,3,naive_carry,194.0,137.0
2024-10-23,3,seasonal_naive_7,101.0,137.0
2024-10-23,3,climatology,167.63166666666666,137.0
2024-10-23,3,arima_fourier,129.85823182694182,137.0
2024-10-23,3,arima_fourier_mean,145.61682570894396,137.0
2024-10-23,3,arima_no_fourier,111.24290916874818,137.0
2024-10-24,1,naive,130.0,111.0
2024-10-24,1,naive_carry,130.0,111.0
2024-10-24,1,seasonal_naive_7,97.8,111.0
2024-10-24,1,climatology,157.12944444444443,111.0
2024-10-24,1,arima_fourier,123.95809676258057,111.0
2024-10-24,1,arima_fourier_mean,133.91394913514597,111.0
2024-10-24,1,arima_no_fourier,114.28905447815048,111.0
2024-10-24,2,naive,130.0,137.0
2024-10-24,2,naive_carry,130.0,137.0
2024-10-24,2,seasonal_naive_7,101.0,137.0
2024-10-24,2,climatology,167.63166666666666,137.0
2024-10-24,2,arima_fourier,121.89505789267555,137.0
2024-10-24,2,arima_fourier_mean,135.33270943976385,137.0
2024-10-24,2,arima_no_fourier,106.84467038031308,137.0
2024-10-24,3,naive,130.0,157.0
2024-10-24,3,naive_carry,130.0,157.0
2024-10-24,3,seasonal_naive_7,120.0,157.0
2024-10-24,3,climatology,175.97166666666666,157.0
2024-10-24,3,arima_fourier,121.98689034686195,157.0
2024-10-24,3,arima_fourier_mean,136.79027731426626,157.0
2024-10-24,3,arima_no_fourier,103.14694402330197,157.0
2024-10-25,1,naive,111.0,137.0
2024-10-25,1,naive_carry,111.0,137.0
2024-10-25,1,seasonal_naive_7,101.0,137.0
2024-10-25,1,climatology,167.63166666666666,137.0
2024-10-25,1,arima_fourier,114.14824624520074,137.0
2024-10-25,1,arima_fourier_mean,123.31620760271792,137.0
2024-10-25,1,arima_no_fourier,104.88082250199201,137.0
2024-10-25,2,naive,111.0,157.0
2024-10-25,2,naive_carry,111.0,157.0
2024-10-25,2,seasonal_naive_7,120.0,157.0
2024-10-25,2,climatology,175.97166666666666,157.0
2024-10-25,2,arima_fourier,117.24539586885454,157.0
2024-10-25,2,arima_fourier_mean,130.17046994543847,157.0
2024-10-25,2,arima_no_fourier,101.81647445776406,157.0
2024-10-25,3,naive,111.0,115.0
2024-10-25,3,naive_carry,111.0,115.0
2024-10-25,3,seasonal_naive_7,131.0,115.0
2024-10-25,3,climatology,185.96277777777777,115.0
2024-10-25,3,arima_fourier,120.29663628661417,115.0
2024-10-25,3,arima_fourier_mean,134.89490554187145,115.0
2024-10-25,3,arima_no_fourier,100.24986708525927,115.0
2024-10-26,1,naive,137.0,157.0
2024-10-26,1,naive_carry,137.0,157.0
2024-10-26,1,seasonal_naive_7,120.0,157.0
2024-10-26,1,climatology,175.97166666666666,157.0
2024-10-26,1,arima_fourier,130.68516904519535,157.0
2024-10-26,1,arima_fourier_mean,141.1813139343127,157.0
2024-10-26,1,arima_no_fourier,120.65060524512683,157.0
2024-10-26,2,naive,137.0,115.0
2024-10-26,2,naive_carry,137.0,115.0
2024-10-26,2,seasonal_naive_7,131.0,115.0
2024-10-26,2,climatology,185.96277777777777,115.0
2024-10-26,2,arima_fourier,128.44258584352815,115.0
2024-10-26,2,arima_fourier_mean,142.60203149846146,115.0
2024-10-26,2,arima_no_fourier,112.89343670621386,115.0
2024-10-26,3,naive,137.0,97.7
2024-10-26,3,naive_carry,137.0,97.7
2024-10-26,3,seasonal_naive_7,136.0,97.7
2024-10-26,3,climatology,192.7505555555555,97.7
2024-10-26,3,arima_fourier,128.40049616083948,97.7
2024-10-26,3,arima_fourier_mean,143.98218557264087,97.7
2024-10-26,3,arima_no_fourier,109.03768985436004,97.7
2024-10-27,1,naive,157.0,115.0
2024-10-27,1,naive_carry,157.0,115.0
2024-10-27,1,seasonal_naive_7,131.0,115.0
2024-10-27,1,climatology,185.96277777777777,115.0
2024-10-27,1,arima_fourier,143.24864434824397,115.0
2024-10-27,1,arima_fourier_mean,154.7538402180286,115.0
2024-10-27,1,arima_no_fourier,133.45324221580665,115.0
2024-10-27,2,naive,157.0,97.7
2024-10-27,2,naive_carry,157.0,97.7
2024-10-27,2,seasonal_naive_7,136.0,97.7
2024-10-27,2,climatology,192.7505555555555,97.7
2024-10-27,2,arima_fourier,137.14304360951002,97.7
2024-10-27,2,arima_fourier_mean,152.26162221213028,97.7
2024-10-27,2,arima_no_fourier,122.58180361737546,97.7
2024-10-27,3,naive,157.0,131.0
2024-10-27,3,naive_carry,157.0,131.0
2024-10-27,3,seasonal_naive_7,194.0,131.0
2024-10-27,3,climatology,202.96055555555552,131.0
2024-10-27,3,arima_fourier,134.96816244787126,131.0
2024-10-27,3,arima_fourier_mean,151.34685132663964,131.0
2024-10-27,3,arima_no_fourier,117.2542047272106,131.0
2024-10-28,1,naive,115.0,97.7
2024-10-28,1,naive_carry,115.0,97.7
2024-10-28,1,seasonal_naive_7,136.0,97.7
2024-10-28,1,climatology,192.7505555555555,97.7
2024-10-28,1,arima_fourier,120.3494393296772,97.7
2024-10-28,1,arima_fourier_mean,130.01545624461326,97.7
2024-10-28,1,arima_no_fourier,111.52317847220073,97.7
2024-10-28,2,naive,115.0,131.0
2024-10-28,2,naive_carry,115.0,131.0
2024-10-28,2,seasonal_naive_7,194.0,131.0
2024-10-28,2,climatology,202.96055555555552,131.0
2024-10-28,2,arima_fourier,124.73265335062273,131.0
2024-10-28,2,arima_fourier_mean,138.48311592762977,131.0
2024-10-28,2,arima_no_fourier,109.74711931510906,131.0
2024-10-28,3,naive,115.0,176.0
2024-10-28,3,naive_carry,115.0,176.0
2024-10-28,3,seasonal_naive_7,130.0,176.0
2024-10-28,3,climatology,219.2761111111111,176.0
2024-10-28,3,arima_fourier,128.4972717238526,176.0
2024-10-28,3,arima_fourier_mean,144.09070200617748,176.0
2024-10-28,3,arima_no_fourier,108.82966406700005,176.0
2024-10-29,1,naive,97.7,131.0
2024-10-29,1,naive_carry,97.7,131.0
2024-10-29,1,seasonal_naive_7,194.0,131.0
2024-10-29,1,climatology,202.96055555555552,131.0
2024-10-29,1,arima_fourier,110.1870791319269,131.0
2024-10-29,1,arima_fourier_mean,119.03689294861061,131.0
2024-10-29,1,arima_no_fourier,100.89776131190713,131.0
2024-10-29,2,naive,97.7,176.0
2024-10-29,2,naive_carry,97.7,176.0
2024-10-29,2,seasonal_naive_7,130.0,176.0
2024-10-29,2,climatology,219.2761111111111,176.0
2024-10-29,2,arima_fourier,119.22894491534954,176.0
2024-10-29,2,arima_fourier_mean,132.37268063111497,176.0
2024-10-29,2,arima_no_fourier,102.61141372257775,176.0
2024-10-29,3,naive,97.7,117.0
2024-10-29,3,naive_carry,97.7,117.0
2024-10-29,3,seasonal_naive_7,111.0,117.0
2024-10-29,3,climatology,227.6737777777778,117.0
2024-10-29,3,arima_fourier,125.89257679061959,117.0
2024-10-29,3,arima_fourier_mean,141.16992009739192,117.0
2024-10-29,3,arima_no_fourier,103.51908423804446,117.0
2024-10-30,1,naive,131.0,176.0
2024-10-30,1,naive_carry,131.0,176.0
2024-10-30,1,seasonal_naive_7,130.0,176.0
2024-10-30,1,climatology,219.2761111111111,176.0
2024-10-30,1,arima_fourier,132.15012461529372,176.0
2024-10-30,1,arima_fourier_mean,142.7639276626545,176.0
2024-10-30,1,arima_no_fourier,121.12485225594247,176.0
2024-10-30,2,naive,131.0,117.0
2024-10-30,2,naive_carry,131.0,117.0
2024-10-30,2,seasonal_naive_7,111.0,117.0
2024-10-30,2,climatology,227.6737777777778,117.0
2024-10-30,2,arima_fourier,133.96140575451412,117.0
2024-10-30,2,arima_fourier_mean,148.72923914425613,117.0
2024-10-30,2,arima_no_fourier,116.26096021073633,117.0
2024-10-30,3,naive,131.0,184.0
2024-10-30,3,naive_carry,131.0,184.0
2024-10-30,3,seasonal_naive_7,137.0,184.0
2024-10-30,3,climatology,239.13244444444445,184.0
2024-10-30,3,arima_fourier,136.12716403708632,184.0
2024-10-30,3,arima_fourier_mean,152.64649568030143,184.0
2024-10-30,3,arima_no_fourier,113.79578340014335,184.0
2024-10-31,1,naive,176.0,117.0
2024-10-31,1,naive_carry,176.0,117.0
2024-10-31,1,seasonal_naive_7,111.0,117.0
2024-10-31,1,climatology,227.6737777777778,117.0
2024-10-31,1,arima_fourier,158.84983491894872,117.0
2024-10-31,1,arima_fourier_mean,171.60805824485055,117.0
2024-10-31,1,arima_no_fourier,147.4115613998846,117.0
2024-10-31,2,naive,176.0,184.0
2024-10-31,2,naive_carry,176.0,184.0
2024-10-31,2,seasonal_naive_7,137.0,184.0
2024-10-31,2,climatology,239.13244444444445,184.0
2024-10-31,2,arima_fourier,150.87849727229732,184.0
2024-10-31,2,arima_fourier_mean,167.51126064102155,184.0
2024-10-31,2,arima_no_fourier,134.3619069586449,184.0
2024-10-31,3,naive,176.0,207.0
2024-10-31,3,naive_carry,176.0,207.0
2024-10-31,3,seasonal_naive_7,157.0,207.0
2024-10-31,3,climatology,247.86768253968253,207.0
2024-10-31,3,arima_fourier,147.56311110268499,207.0
2024-10-31,3,arima_fourier_mean,165.47021854849768,207.0
2024-10-31,3,arima_no_fourier,128.00460467263736,207.0
2024-11-01,1,naive,117.0,184.0
2024-11-01,1,naive_carry,117.0,184.0
2024-11-01,1,seasonal_naive_7,137.0,184.0
2024-11-01,1,climatology,239.13244444444445,184.0
2024-11-01,1,arima_fourier,125.79144555020174,184.0
2024-11-01,1,arima_fourier_mean,135.89454260693765,184.0
2024-11-01,1,arima_no_fourier,116.0180595810776,184.0
2024-11-01,2,naive,117.0,207.0
2024-11-01,2,naive_carry,117.0,207.0
2024-11-01,2,seasonal_naive_7,157.0,207.0
2024-11-01,2,climatology,247.86768253968253,207.0
2024-11-01,2,arima_fourier,132.21936437847995,207.0
2024-11-01,2,arima_fourier_mean,146.7951541605389,207.0
2024-11-01,2,arima_no_fourier,115.50786384613896,207.0
2024-11-01,3,naive,117.0,218.0
2024-11-01,3,naive_carry,117.0,218.0
2024-11-01,3,seasonal_naive_7,115.0,218.0
2024-11-01,3,climatology,255.74387301587305,218.0
2024-11-01,3,arima_fourier,137.10437710416645,218.0
2024-11-01,3,arima_fourier_mean,153.74229277346708,218.0
2024-11-01,3,arima_no_fourier,115.2419635202313,218.0
2024-11-02,1,naive,184.0,207.0
2024-11-02,1,naive_carry,184.0,207.0
2024-11-02,1,seasonal_naive_7,157.0,207.0
2024-11-02,1,climatology,247.86768253968253,207.0
2024-11-02,1,arima_fourier,165.77503829837082,207.0
2024-11-02,1,arima_fourier_mean,179.08946709850005,207.0
2024-11-02,1,arima_no_fourier,154.8314195099488,207.0
2024-11-02,2,naive,184.0,218.0
2024-11-02,2,naive_carry,184.0,218.0
2024-11-02,2,seasonal_naive_7,115.0,218.0
2024-11-02,2,climatology,255.74387301587305,218.0
2024-11-02,2,arima_fourier,157.1647451684929,218.0
2024-11-02,2,arima_fourier_mean,174.4904988801094,218.0
2024-11-02,2,arima_no_fourier,141.4689953703633,218.0
2024-11-02,3,naive,184.0,171.0
2024-11-02,3,naive_carry,184.0,171.0
2024-11-02,3,seasonal_naive_7,97.7,171.0
2024-11-02,3,climatology,260.2486349206349,171.0
2024-11-02,3,arima_fourier,153.4203865948148,171.0
2024-11-02,3,arima_fourier_mean,172.03828408101722,171.0
2024-11-02,3,arima_no_fourier,134.94715367379706,171.0
2024-11-03,1,naive,207.0,218.0
2024-11-03,1,naive_carry,207.0,218.0
2024-11-03,1,seasonal_naive_7,115.0,218.0
2024-11-03,1,climatology,255.74387301587305,218.0
2024-11-03,1,arima_fourier,179.35534694261767,218.0
2024-11-03,1,arima_fourier_mean,193.76049468663473,218.0
2024-11-03,1,arima_no_fourier,170.13001412282216,218.0
2024-11-03,2,naive,207.0,171.0
2024-11-03,2,naive_carry,207.0,171.0
2024-11-03,2,seasonal_naive_7,97.7,171.0
2024-11-03,2,climatology,260.2486349206349,171.0
2024-11-03,2,arima_fourier,166.15533302872223,171.0
2024-11-03,2,arima_fourier_mean,184.47220300585053,171.0
2024-11-03,2,arima_no_fourier,153.54413396340868,171.0
2024-11-03,3,naive,207.0,168.0
2024-11-03,3,naive_carry,207.0,168.0
2024-11-03,3,seasonal_naive_7,131.0,168.0
2024-11-03,3,climatology,260.50863492063496,168.0
2024-11-03,3,arima_fourier,159.96731126220058,168.0
2024-11-03,3,arima_fourier_mean,179.37969069003444,168.0
2024-11-03,3,arima_no_fourier,145.52516443724238,168.0
2024-11-04,1,naive,218.0,171.0
2024-11-04,1,naive_carry,218.0,171.0
2024-11-04,1,seasonal_naive_7,97.7,171.0
2024-11-04,1,climatology,260.2486349206349,171.0
2024-11-04,1,arima_fourier,186.59936060612807,171.0
2024-11-04,1,arima_fourier_mean,201.58631984094959,171.0
2024-11-04,1,arima_no_fourier,179.7382574685741,171.0
2024-11-04,2,naive,218.0,168.0
2024-11-04,2,naive_carry,218.0,168.0
2024-11-04,2,seasonal_naive_7,131.0,168.0
2024-11-04,2,climatology,260.50863492063496,168.0
2024-11-04,2,arima_fourier,171.57668484051837,168.0
2024-11-04,2,arima_fourier_mean,190.49120045258684,168.0
2024-11-04,2,arima_no_fourier,162.4841583815442,168.0
2024-11-04,3,naive,218.0,206.0
2024-11-04,3,naive_carry,218.0,206.0
2024-11-04,3,seasonal_naive_7,176.0,206.0
2024-11-04,3,climatology,261.3130793650794,206.0
2024-11-04,3,arima_fourier,164.40313606869535,206.0
2024-11-04,3,arima_fourier_mean,184.35381083467547,206.0
2024-11-04,3,arima_no_fourier,154.13152077524006,206.0
2024-11-05,1,naive,171.0,168.0
2024-11-05,1,naive_carry,171.0,168.0
2024-11-05,1,seasonal_naive_7,131.0,168.0
2024-11-05,1,climatology,260.50863492063496,168.0
2024-11-05,1,arima_fourier,162.89619024912324,168.0
2024-11-05,1,arima_fourier_mean,175.97939953462804,168.0
2024-11-05,1,arima_no_fourier,157.42007787021268,168.0
2024-11-05,2,naive,171.0,206.0
2024-11-05,2,naive_carry,171.0,206.0
2024-11-05,2,seasonal_naive_7,176.0,206.0
2024-11-05,2,climatology,261.3130793650794,206.0
2024-11-05,2,arima_fourier,159.32976123701903,206.0
2024-11-05,2,arima_fourier_mean,176.8941819790186,206.0
2024-11-05,2,arima_no_fourier,150.7538043522697,206.0
2024-11-05,3,naive,171.0,180.0
2024-11-05,3,naive_carry,171.0,180.0
2024-11-05,3,seasonal_naive_7,117.0,180.0
2024-11-05,3,climatology,259.1305396825397,180.0
2024-11-05,3,arima_fourier,158.19023138012312,180.0
2024-11-05,3,arima_fourier_mean,177.38695527555285,180.0
2024-11-05,3,arima_no_fourier,147.3810166796554,180.0
2024-11-06,1,naive,168.0,206.0
2024-11-06,1,naive_carry,168.0,206.0
2024-11-06,1,seasonal_naive_7,176.0,206.0
2024-11-06,1,climatology,261.3130793650794,206.0
2024-11-06,1,arima_fourier,162.27994749801405,206.0
2024-11-06,1,arima_fourier_mean,175.31366209166248,206.0
2024-11-06,1,arima_no_fourier,157.11412754060296,206.0
2024-11-06,2,naive,168.0,180.0
2024-11-06,2,naive_carry,168.0,180.0
2024-11-06,2,seasonal_naive_7,117.0,180.0
2024-11-06,2,climatology,259.1305396825397,180.0
2024-11-06,2,arima_fourier,159.95226523551807,180.0
2024-11-06,2,arima_fourier_mean,177.585309465275,180.0
2024-11-06,2,arima_no_fourier,151.70546373954002,180.0
2024-11-06,3,naive,168.0,164.0
2024-11-06,3,naive_carry,168.0,164.0
2024-11-06,3,seasonal_naive_7,184.0,164.0
2024-11-06,3,climatology,255.0645079365079,164.0
2024-11-06,3,arima_fourier,159.45740862409318,164.0
2024-11-06,3,arima_fourier_mean,178.80790572313774,164.0
2024-11-06,3,arima_no_fourier,148.95168703296042,164.0
2024-11-07,1,naive,206.0,180.0
2024-11-07,1,naive_carry,206.0,180.0
2024-11-07,1,seasonal_naive_7,117.0,180.0
2024-11-07,1,climatology,259.1305396825397,180.0
2024-11-07,1,arima_fourier,184.33268288137154,180.0
2024-11-07,1,arima_fourier_mean,199.1375897453883,180.0
2024-11-07,1,arima_no_fourier,180.19661906684638,180.0
2024-11-07,2,naive,206.0,164.0
2024-11-07,2,naive_carry,206.0,164.0
2024-11-07,2,seasonal_naive_7,184.0,164.0
2024-11-07,2,climatology,255.0645079365079,164.0
2024-11-07,2,arima_fourier,173.71749038240716,164.0
2024-11-07,2,arima_fourier_mean,192.8680039367586,164.0
2024-11-07,2,arima_no_fourier,168.01726346571098,164.0
2024-11-07,3,naive,206.0,156.0
2024-11-07,3,naive_carry,206.0,156.0
2024-11-07,3,seasonal_naive_7,207.0,156.0
2024-11-07,3,climatology,248.0346666666667,156.0
2024-11-07,3,arima_fourier,168.6562982641203,156.0
2024-11-07,3,arima_fourier_mean,189.12309875074527,156.0
2024-11-07,3,arima_no_fourier,161.9797686753774,156.0
2024-11-08,1,naive,180.0,164.0
2024-11-08,1,naive_carry,180.0,164.0
2024-11-08,1,seasonal_naive_7,184.0,164.0
2024-11-08,1,climatology,255.0645079365079,164.0
2024-11-08,1,arima_fourier,171.27754490515787,164.0
2024-11-08,1,arima_fourier_mean,185.03391186239347,164.0
2024-11-08,1,arima_no_fourier,167.90076917099924,164.0
2024-11-08,2,naive,180.0,156.0
2024-11-08,2,naive_carry,180.0,156.0
2024-11-08,2,seasonal_naive_7,207.0,156.0
2024-11-08,2,climatology,248.0346666666667,156.0
2024-11-08,2,arima_fourier,167.2220696509243,156.0
2024-11-08,2,arima_fourier_mean,185.6565308755236,156.0
2024-11-08,2,arima_no_fourier,161.90116474331762,156.0
2024-11-08,3,naive,180.0,167.0
2024-11-08,3,naive_carry,180.0,167.0
2024-11-08,3,seasonal_naive_7,218.0,167.0
2024-11-08,3,climatology,244.6871111111111,167.0
2024-11-08,3,arima_fourier,165.65874560570154,167.0
2024-11-08,3,arima_fourier_mean,185.76178525161882,167.0
2024-11-08,3,arima_no_fourier,158.84967574338768,167.0
2024-11-09,1,naive,164.0,156.0
2024-11-09,1,naive_carry,164.0,156.0
2024-11-09,1,seasonal_naive_7,207.0,156.0
2024-11-09,1,climatology,248.0346666666667,156.0
2024-11-09,1,arima_fourier,162.95948925230184,156.0
2024-11-09,1,arima_fourier_mean,176.0477809623437,156.0
2024-11-09,1,arima_no_fourier,159.50129083994335,156.0
2024-11-09,2,naive,164.0,167.0
2024-11-09,2,naive_carry,164.0,167.0
2024-11-09,2,seasonal_naive_7,218.0,167.0
2024-11-09,2,climatology,244.6871111111111,167.0
2024-11-09,2,arima_fourier,163.09619863763476,167.0
2024-11-09,2,arima_fourier_mean,181.07582536804324,167.0
2024-11-09,2,arima_no_fourier,157.19815623250358,167.0
2024-11-09,3,naive,164.0,177.0
2024-11-09,3,naive_carry,164.0,177.0
2024-11-09,3,seasonal_naive_7,171.0,177.0
2024-11-09,3,climatology,238.28711111111113,177.0
2024-11-09,3,arima_fourier,163.85765917378092,177.0
2024-11-09,3,arima_fourier_mean,183.74213176962755,177.0
2024-11-09,3,arima_no_fourier,156.00706139483796,177.0
2024-11-10,1,naive,156.0,167.0
2024-11-10,1,naive_carry,156.0,167.0
2024-11-10,1,seasonal_naive_7,218.0,167.0
2024-11-10,1,climatology,244.6871111111111,167.0
2024-11-10,1,arima_fourier,158.91735825043338,167.0
2024-11-10,1,arima_fourier_mean,171.68100089505475,167.0
2024-11-10,1,arima_no_fourier,154.99700862598732,167.0
2024-11-10,2,naive,156.0,177.0
2024-11-10,2,naive_carry,156.0,177.0
2024-11-10,2,seasonal_naive_7,171.0,177.0
2024-11-10,2,climatology,238.28711111111113,177.0
2024-11-10,2,arima_fourier,161.30983966632456,177.0
2024-11-10,2,arima_fourier_mean,179.09253835961763,177.0
2024-11-10,2,arima_no_fourier,154.47508932856357,177.0
2024-11-10,3,naive,156.0,385.0
2024-11-10,3,naive_carry,156.0,385.0
2024-11-10,3,seasonal_naive_7,168.0,385.0
2024-11-10,3,climatology,237.28647619047615,385.0
2024-11-10,3,arima_fourier,163.33866994528736,385.0
2024-11-10,3,arima_fourier_mean,183.16016074783062,385.0
2024-11-10,3,arima_no_fourier,154.2028646190071,385.0
2024-11-11,1,naive,167.0,177.0
2024-11-11,1,naive_carry,167.0,177.0
2024-11-11,1,seasonal_naive_7,171.0,177.0
2024-11-11,1,climatology,238.28711111111113,177.0
2024-11-11,1,arima_fourier,166.13979507313377,177.0
2024-11-11,1,arima_fourier_mean,179.4835162431964,177.0
2024-11-11,1,arima_no_fourier,161.97132397570198,177.0
2024-11-11,2,naive,167.0,385.0
2024-11-11,2,naive_carry,167.0,385.0
2024-11-11,2,seasonal_naive_7,168.0,385.0
2024-11-11,2,climatology,237.28647619047615,385.0
2024-11-11,2,arima_fourier,166.27420432210985,385.0
2024-11-11,2,arima_fourier_mean,184.60417065515398,385.0
2024-11-11,2,arima_no_fourier,159.40228802318444,385.0
2024-11-11,3,naive,167.0,292.0
2024-11-11,3,naive_carry,167.0,292.0
2024-11-11,3,seasonal_naive_7,206.0,292.0
2024-11-11,3,climatology,230.3134603174603,292.0
2024-11-11,3,arima_fourier,166.9293414082406,292.0
2024-11-11,3,arima_fourier_mean,187.18656638865457,292.0
2024-11-11,3,arima_no_fourier,158.07514014093906,292.0
2024-11-12,1,naive,177.0,385.0
2024-11-12,1,naive_carry,177.0,385.0
2024-11-12,1,seasonal_naive_7,168.0,385.0
2024-11-12,1,climatology,237.28647619047615,385.0
2024-11-12,1,arima_fourier,172.65485086746014,385.0
2024-11-12,1,arima_fourier_mean,186.52183636970847,385.0
2024-11-12,1,arima_no_fourier,168.64609349855021,385.0
2024-11-12,2,naive,177.0,292.0
2024-11-12,2,naive_carry,177.0,292.0
2024-11-12,2,seasonal_naive_7,206.0,292.0
2024-11-12,2,climatology,230.3134603174603,292.0
2024-11-12,2,arima_fourier,170.7680089026843,292.0
2024-11-12,2,arima_fourier_mean,189.59336859445295,292.0
2024-11-12,2,arima_no_fourier,164.43582069362134,292.0
2024-11-12,3,naive,177.0,251.0
2024-11-12,3,naive_carry,177.0,251.0
2024-11-12,3,seasonal_naive_7,180.0,251.0
2024-11-12,3,climatology,214.5912380952381,251.0
2024-11-12,3,arima_fourier,170.21144661843113,251.0
2024-11-12,3,arima_fourier_mean,190.86696059688683,251.0
2024-11-12,3,arima_no_fourier,162.27618320262533,251.0
2024-11-13,1,naive,385.0,292.0
2024-11-13,1,naive_carry,385.0,292.0
2024-11-13,1,seasonal_naive_7,206.0,292.0
2024-11-13,1,climatology,230.3134603174603,292.0
2024-11-13,1,arima_fourier,275.1239961181817,292.0
2024-11-13,1,arima_fourier_mean,297.22091578877456,292.0
2024-11-13,1,arima_no_fourier,277.8081512362283,292.0
2024-11-13,2,naive,385.0,251.0
2024-11-13,2,naive_carry,385.0,251.0
2024-11-13,2,seasonal_naive_7,180.0,251.0
2024-11-13,2,climatology,214.5912380952381,251.0
2024-11-13,2,arima_fourier,227.00776335450772,251.0
2024-11-13,2,arima_fourier_mean,252.03295762768587,251.0
2024-11-13,2,arima_no_fourier,234.22767908388656,251.0
2024-11-13,3,naive,385.0,321.0
2024-11-13,3,naive_carry,385.0,321.0
2024-11-13,3,seasonal_naive_7,164.0,321.0
2024-11-13,3,climatology,204.07746031746032,321.0
2024-11-13,3,arima_fourier,203.57118078032855,321.0
2024-11-13,3,arima_fourier_mean,228.27496650318,321.0
2024-11-13,3,arima_no_fourier,214.23276829322404,321.0
2024-11-14,1,naive,292.0,251.0
2024-11-14,1,naive_carry,292.0,251.0
2024-11-14,1,seasonal_naive_7,180.0,251.0
2024-11-14,1,climatology,214.5912380952381,251.0
2024-11-14,1,arima_fourier,235.18856999687958,251.0
2024-11-14,1,arima_fourier_mean,254.07802669938565,251.0
2024-11-14,1,arima_no_fourier,241.76028363009002,251.0
2024-11-14,2,naive,292.0,321.0
2024-11-14,2,naive_carry,292.0,321.0
2024-11-14,2,seasonal_naive_7,164.0,321.0
2024-11-14,2,climatology,204.07746031746032,321.0
2024-11-14,2,arima_fourier,207.9693850579952,321.0
2024-11-14,2,arima_fourier_mean,230.89579933764554,321.0
2024-11-14,2,arima_no_fourier,219.0312949179922,321.0
2024-11-14,3,naive,292.0,470.0
2024-11-14,3,naive_carry,292.0,470.0
2024-11-14,3,seasonal_naive_7,156.0,470.0
2024-11-14,3,climatology,196.2774603174603,470.0
2024-11-14,3,arima_fourier,194.0983323826808,470.0
2024-11-14,3,arima_fourier_mean,217.65256682459503,470.0
2024-11-14,3,arima_no_fourier,208.00978377387884,470.0
2024-11-15,1,naive,251.0,321.0
2024-11-15,1,naive_carry,251.0,321.0
2024-11-15,1,seasonal_naive_7,164.0,321.0
2024-11-15,1,climatology,204.07746031746032,321.0
2024-11-15,1,arima_fourier,216.17428973050465,321.0
2024-11-15,1,arima_fourier_mean,233.5365909239616,321.0
2024-11-15,1,arima_no_fourier,224.31306883915119,321.0
2024-11-15,2,naive,251.0,470.0
2024-11-15,2,naive_carry,251.0,470.0
2024-11-15,2,seasonal_naive_7,156.0,470.0
2024-11-15,2,climatology,196.2774603174603,470.0
2024-11-15,2,arima_fourier,198.68622926139517,470.0
2024-11-15,2,arima_fourier_mean,220.58927331202958,470.0
2024-11-15,2,arima_no_fourier,211.50751566820296,470.0
2024-11-15,3,naive,251.0,665.0
2024-11-15,3,naive_carry,251.0,665.0
2024-11-15,3,seasonal_naive_7,167.0,665.0
2024-11-15,3,climatology,193.31079365079367,665.0
2024-11-15,3,arima_fourier,189.59005238714408,665.0
2024-11-15,3,arima_fourier_mean,212.59719634258215,665.0
2024-11-15,3,arima_no_fourier,205.10495822932995,665.0
2024-11-16,1,naive,321.0,470.0
2024-11-16,1,naive_carry,321.0,470.0
2024-11-16,1,seasonal_naive_7,156.0,470.0
2024-11-16,1,climatology,196.2774603174603,470.0
2024-11-16,1,arima_fourier,251.34930374679794,470.0
2024-11-16,1,arima_fourier_mean,271.53672853924775,470.0
2024-11-16,1,arima_no_fourier,265.5901773972421,470.0
2024-11-16,2,naive,321.0,665.0
2024-11-16,2,naive_carry,321.0,665.0
2024-11-16,2,seasonal_naive_7,167.0,665.0
2024-11-16,2,climatology,193.31079365079367,665.0
2024-11-16,2,arima_fourier,218.50703148002427,665.0
2024-11-16,2,arima_fourier_mean,242.5951071733107,665.0
2024-11-16,2,arima_no_fourier,240.5353400774742,665.0
2024-11-16,3,naive,321.0,310.0
2024-11-16,3,naive_carry,321.0,310.0
2024-11-16,3,seasonal_naive_7,177.0,310.0
2024-11-16,3,climatology,183.1790476190476,310.0
2024-11-16,3,arima_fourier,201.8052086321029,310.0
2024-11-16,3,arima_fourier_mean,226.294685569762,310.0
2024-11-16,3,arima_no_fourier,228.38931488177676,310.0
2024-11-17,1,naive,470.0,665.0
2024-11-17,1,naive_carry,470.0,665.0
2024-11-17,1,seasonal_naive_7,167.0,665.0
2024-11-17,1,climatology,193.31079365079367,665.0
2024-11-17,1,arima_fourier,317.04128586444347,665.0
2024-11-17,1,arima_fourier_mean,342.5048414649399,665.0
2024-11-17,1,arima_no_fourier,345.67113442872943,665.0
2024-11-17,2,naive,470.0,310.0
2024-11-17,2,naive_carry,470.0,310.0
2024-11-17,2,seasonal_naive_7,177.0,310.0
2024-11-17,2,climatology,183.1790476190476,310.0
2024-11-17,2,arima_fourier,252.65645059115894,310.0
2024-11-17,2,arima_fourier_mean,280.5091352837681,310.0
2024-11-17,2,arima_no_fourier,294.3653533392749,310.0
2024-11-17,3,naive,470.0,253.0
2024-11-17,3,naive_carry,470.0,253.0
2024-11-17,3,seasonal_naive_7,385.0,253.0
2024-11-17,3,climatology,172.25650793650794,253.0
2024-11-17,3,arima_fourier,221.7773293913555,253.0
2024-11-17,3,arima_fourier_mean,248.69046271569906,253.0
2024-11-17,3,arima_no_fourier,270.6442630232086,253.0
2024-11-18,1,naive,665.0,310.0
2024-11-18,1,naive_carry,665.0,310.0
2024-11-18,1,seasonal_naive_7,177.0,310.0
2024-11-18,1,climatology,183.1790476190476,310.0
2024-11-18,1,arima_fourier,392.5071681938778,310.0
2024-11-18,1,arima_fourier_mean,424.0318570231237,310.0
2024-11-18,1,arima_no_fourier,446.0826083470643,310.0
2024-11-18,2,naive,665.0,253.0
2024-11-18,2,naive_carry,665.0,253.0
2024-11-18,2,seasonal_naive_7,385.0,253.0
2024-11-18,2,climatology,172.25650793650794,253.0
2024-11-18,2,arima_fourier,289.3521961638073,253.0
2024-11-18,2,arima_fourier_mean,321.25019495567733,253.0
2024-11-18,2,arima_no_fourier,362.02344486590147,253.0
2024-11-18,3,naive,665.0,190.0
2024-11-18,3,naive_carry,665.0,190.0
2024-11-18,3,seasonal_naive_7,292.0,190.0
2024-11-18,3,climatology,168.41936507936506,190.0
2024-11-18,3,arima_fourier,242.67715343067405,190.0
2024-11-18,3,arima_fourier_mean,272.1265215984041,190.0
2024-11-18,3,arima_no_fourier,324.5776054611727,190.0
2024-11-19,1,naive,310.0,253.0
2024-11-19,1,naive_carry,310.0,253.0
2024-11-19,1,seasonal_naive_7,385.0,253.0
2024-11-19,1,climatology,172.25650793650794,253.0
2024-11-19,1,arima_fourier,251.4657373578469,253.0
2024-11-19,1,arima_fourier_mean,271.66251233538776,253.0
2024-11-19,1,arima_no_fourier,287.2921455589147,253.0
2024-11-19,2,naive,310.0,190.0
2024-11-19,2,naive_carry,310.0,190.0
2024-11-19,2,seasonal_naive_7,292.0,190.0
2024-11-19,2,climatology,168.41936507936506,190.0
2024-11-19,2,arima_fourier,222.96205825642647,190.0
2024-11-19,2,arima_fourier_mean,247.54125024596829,190.0
2024-11-19,2,arima_no_fourier,276.08789952690864,190.0
2024-11-19,3,naive,310.0,264.0
2024-11-19,3,naive_carry,310.0,264.0
2024-11-19,3,seasonal_naive_7,251.0,264.0
2024-11-19,3,climatology,163.7926984126984,264.0
2024-11-19,3,arima_fourier,208.13196798963978,264.0
2024-11-19,3,arima_fourier_mean,233.38920599793784,264.0
2024-11-19,3,arima_no_fourier,270.4040013682661,264.0
2024-11-20,1,naive,253.0,190.0
2024-11-20,1,naive_carry,253.0,190.0
2024-11-20,1,seasonal_naive_7,292.0,190.0
2024-11-20,1,climatology,168.41936507936506,190.0
2024-11-20,1,arima_fourier,223.77005785135927,190.0
2024-11-20,1,arima_fourier_mean,241.74242044510868,190.0
2024-11-20,1,arima_no_fourier,254.6690909543709,190.0
2024-11-20,2,naive,253.0,264.0
2024-11-20,2,naive_carry,253.0,264.0
2024-11-20,2,seasonal_naive_7,251.0,264.0
2024-11-20,2,climatology,163.7926984126984,264.0
2024-11-20,2,arima_fourier,208.58703118000082,264.0
2024-11-20,2,arima_fourier_mean,231.5815286632211,264.0
2024-11-20,2,arima_no_fourier,255.546281076263,264.0
2024-11-20,3,naive,253.0,208.0
2024-11-20,3,naive_carry,253.0,208.0
2024-11-20,3,seasonal_naive_7,321.0,208.0
2024-11-20,3,climatology,162.84984126984128,208.0
2024-11-20,3,arima_fourier,200.4151141173651,208.0
2024-11-20,3,arima_fourier_mean,224.7358949265178,208.0
2024-11-20,3,arima_no_fourier,256.00618854798495,208.0
2024-11-21,1,naive,190.0,264.0
2024-11-21,1,naive_carry,190.0,264.0
2024-11-21,1,seasonal_naive_7,251.0,264.0
2024-11-21,1,climatology,163.7926984126984,264.0
2024-11-21,1,arima_fourier,189.249663565623,264.0
2024-11-21,1,arima_fourier_mean,204.44947867290364,264.0
2024-11-21,1,arima_no_fourier,212.1503837843675,264.0
2024-11-21,2,naive,190.0,208.0
2024-11-21,2,naive_carry,190.0,208.0
2024-11-21,2,seasonal_naive_7,321.0,208.0
2024-11-21,2,climatology,162.84984126984128,208.0
2024-11-21,2,arima_fourier,188.98194010152514,208.0
2024-11-21,2,arima_fourier_mean,209.81518442010417,208.0
2024-11-21,2,arima_no_fourier,224.74334311410513,208.0
2024-11-21,3,naive,190.0,134.0
2024-11-21,3,naive_carry,190.0,134.0
2024-11-21,3,seasonal_naive_7,470.0,134.0
2024-11-21,3,climatology,166.11587301587304,134.0
2024-11-21,3,arima_fourier,188.95278092543631,134.0
2024-11-21,3,arima_fourier_mean,211.88258317262623,134.0
2024-11-21,3,arima_no_fourier,231.62341829491996,134.0
2024-11-22,1,naive,264.0,208.0
2024-11-22,1,naive_carry,264.0,208.0
2024-11-22,1,seasonal_naive_7,321.0,208.0
2024-11-22,1,climatology,162.84984126984128,208.0
2024-11-22,1,arima_fourier,230.35349226974316,208.0
2024-11-22,1,arima_fourier_mean,248.85461061910232,208.0
2024-11-22,1,arima_no_fourier,258.23546650553817,208.0
2024-11-22,2,naive,264.0,134.0
2024-11-22,2,naive_carry,264.0,134.0
2024-11-22,2,seasonal_naive_7,470.0,134.0
2024-11-22,2,climatology,166.11587301587304,134.0
2024-11-22,2,arima_fourier,212.9419473614926,134.0
2024-11-22,2,arima_fourier_mean,236.4165262016307,134.0
2024-11-22,2,arima_no_fourier,255.27134091574,134.0
2024-11-22,3,naive,264.0,259.0
2024-11-22,3,naive_carry,264.0,259.0
2024-11-22,3,seasonal_naive_7,665.0,259.0
2024-11-22,3,climatology,169.94253968253966,259.0
2024-11-22,3,arima_fourier,203.5255973452106,259.0
2024-11-22,3,arima_fourier_mean,228.2238391231299,259.0
2024-11-22,3,arima_no_fourier,253.7348967598026,259.0
2024-11-23,1,naive,208.0,134.0
2024-11-23,1,naive_carry,208.0,134.0
2024-11-23,1,seasonal_naive_7,470.0,134.0
2024-11-23,1,climatology,166.11587301587304,134.0
2024-11-23,1,arima_fourier,200.3998885080876,134.0
2024-11-23,1,arima_fourier_mean,216.49524676473402,134.0
2024-11-23,1,arima_no_fourier,222.49134149730645,134.0
2024-11-23,2,naive,208.0,259.0
2024-11-23,2,naive_carry,208.0,259.0
2024-11-23,2,seasonal_naive_7,665.0,259.0
2024-11-23,2,climatology,169.94253968253966,259.0
2024-11-23,2,arima_fourier,196.20120606459392,259.0
2024-11-23,2,arima_fourier_mean,217.83029593076805,259.0
2024-11-23,2,arima_no_fourier,230.46690448517583,259.0
2024-11-23,3,naive,208.0,154.0
2024-11-23,3,naive_carry,208.0,154.0
2024-11-23,3,seasonal_naive_7,310.0,154.0
2024-11-23,3,climatology,169.67142857142855,154.0
2024-11-23,3,arima_fourier,193.85508574844587,154.0
2024-11-23,3,arima_fourier_mean,217.37979030136782,154.0
2024-11-23,3,arima_no_fourier,234.7507296254543,154.0
2024-11-24,1,naive,134.0,259.0
2024-11-24,1,naive_carry,134.0,259.0
2024-11-24,1,seasonal_naive_7,665.0,259.0
2024-11-24,1,climatology,169.94253968253966,259.0
2024-11-24,1,arima_fourier,154.4376441788056,259.0
2024-11-24,1,arima_fourier_mean,166.84148922934514,259.0
2024-11-24,1,arima_no_fourier,166.996798290421,259.0
2024-11-24,2,naive,134.0,154.0
2024-11-24,2,naive_carry,134.0,154.0
2024-11-24,2,seasonal_naive_7,310.0,154.0
2024-11-24,2,climatology,169.67142857142855,154.0
2024-11-24,2,arima_fourier,167.77115399132776,154.0
2024-11-24,2,arima_fourier_mean,186.26613326902336,154.0
2024-11-24,2,arima_no_fourier,187.37065172419412,154.0
2024-11-24,3,naive,134.0,149.0
2024-11-24,3,naive_carry,134.0,149.0
2024-11-24,3,seasonal_naive_7,253.0,149.0
2024-11-24,3,climatology,171.3190476190476,149.0
2024-11-24,3,arima_fourier,176.06539400931496,149.0
2024-11-24,3,arima_fourier_mean,197.43128268516526,149.0
2024-11-24,3,arima_no_fourier,198.99602446249273,149.0
2024-11-25,1,naive,259.0,154.0
2024-11-25,1,naive_carry,259.0,154.0
2024-11-25,1,seasonal_naive_7,310.0,154.0
2024-11-25,1,climatology,169.67142857142855,154.0
2024-11-25,1,arima_fourier,228.16774398604537,154.0
2024-11-25,1,arima_fourier_mean,246.49331030637893,154.0
2024-11-25,1,arima_no_fourier,247.62028767971515,154.0
2024-11-25,2,naive,259.0,149.0
2024-11-25,2,naive_carry,259.0,149.0
2024-11-25,2,seasonal_naive_7,253.0,149.0
2024-11-25,2,climatology,171.3190476190476,149.0
2024-11-25,2,arima_fourier,211.9816256401107,149.0
2024-11-25,2,arima_fourier_mean,235.35033681267623,149.0
2024-11-25,2,arima_no_fourier,241.8700514953836,149.0
2024-11-25,3,naive,259.0,167.0
2024-11-25,3,naive_carry,259.0,167.0
2024-11-25,3,seasonal_naive_7,190.0,167.0
2024-11-25,3,climatology,171.91523809523812,167.0
2024-11-25,3,arima_fourier,203.09441948483314,167.0
2024-11-25,3,arima_fourier_mean,227.7403334829298,167.0
2024-11-25,3,arima_no_fourier,238.9164755766403,167.0
2024-11-26,1,naive,154.0,149.0
2024-11-26,1,naive_carry,154.0,149.0
2024-11-26,1,seasonal_naive_7,253.0,149.0
2024-11-26,1,climatology,171.3190476190476,149.0
2024-11-26,1,arima_fourier,167.789075002015,149.0
2024-11-26,1,arima_fourier_mean,181.2652557886829,149.0
2024-11-26,1,arima_no_fourier,178.87089260909823,149.0
2024-11-26,2,naive,154.0,167.0
2024-11-26,2,naive_carry,154.0,167.0
2024-11-26,2,seasonal_naive_7,190.0,167.0
2024-11-26,2,climatology,171.91523809523812,167.0
2024-11-26,2,arima_fourier,176.35815384308776,167.0
2024-11-26,2,arima_fourier_mean,195.7997569149521,167.0
2024-11-26,2,arima_no_fourier,193.43708520495449,167.0
2024-11-26,3,naive,154.0,195.0
2024-11-26,3,naive_carry,154.0,195.0
2024-11-26,3,seasonal_naive_7,264.0,195.0
2024-11-26,3,climatology,174.6660317460317,195.0
2024-11-26,3,arima_fourier,181.50517584285197,195.0
2024-11-26,3,arima_fourier_mean,203.53119096452718,195.0
2024-11-26,3,arima_no_fourier,201.5205030827127,195.0
2024-11-27,1,naive,149.0,167.0
2024-11-27,1,naive_carry,149.0,167.0
2024-11-27,1,seasonal_naive_7,190.0,167.0
2024-11-27,1,climatology,171.91523809523812,167.0
2024-11-27,1,arima_fourier,164.33219897471957,167.0
2024-11-27,1,arima_fourier_mean,177.5307363912249,167.0
2024-11-27,1,arima_no_fourier,172.2367297546608,167.0
2024-11-27,2,naive,149.0,195.0
2024-11-27,2,naive_carry,149.0,195.0
2024-11-27,2,seasonal_naive_7,264.0,195.0
2024-11-27,2,climatology,174.6660317460317,195.0
2024-11-27,2,arima_fourier,173.92818804539644,195.0
2024-11-27,2,arima_fourier_mean,193.1019127231201,195.0
2024-11-27,2,arima_no_fourier,185.79688924406466,195.0
2024-11-27,3,naive,149.0,186.0
2024-11-27,3,naive_carry,149.0,186.0
2024-11-27,3,seasonal_naive_7,208.0,186.0
2024-11-27,3,climatology,179.11269841269842,186.0
2024-11-27,3,arima_fourier,179.70515962742533,186.0
2024-11-27,3,arima_fourier_mean,201.51273824495252,186.0
2024-11-27,3,arima_no_fourier,193.30776950548378,186.0
2024-11-28,1,naive,167.0,195.0
2024-11-28,1,naive_carry,167.0,195.0
2024-11-28,1,seasonal_naive_7,264.0,195.0
2024-11-28,1,climatology,174.6660317460317,195.0
2024-11-28,1,arima_fourier,175.6018793541811,195.0
2024-11-28,1,arima_fourier_mean,189.705554415113,195.0
2024-11-28,1,arima_no_fourier,182.18783858475626,195.0
2024-11-28,2,naive,167.0,186.0
2024-11-28,2,naive_carry,167.0,186.0
2024-11-28,2,seasonal_naive_7,208.0,186.0
2024-11-28,2,climatology,179.11269841269842,186.0
2024-11-28,2,arima_fourier,180.74724866922782,186.0
2024-11-28,2,arima_fourier_mean,200.6727013108945,186.0
2024-11-28,2,arima_no_fourier,190.6722486594375,186.0
2024-11-28,3,naive,167.0,152.0
2024-11-28,3,naive_carry,167.0,152.0
2024-11-28,3,seasonal_naive_7,134.0,152.0
2024-11-28,3,climatology,182.80380952380952,152.0
2024-11-28,3,arima_fourier,183.72762198918372,152.0
2024-11-28,3,arima_fourier_mean,206.0233334747161,152.0
2024-11-28,3,arima_no_fourier,195.2651473127699,152.0
2024-11-29,1,naive,195.0,186.0
2024-11-29,1,naive_carry,195.0,186.0
2024-11-29,1,seasonal_naive_7,208.0,186.0
2024-11-29,1,climatology,179.11269841269842,186.0
2024-11-29,1,arima_fourier,192.36834168854278,186.0
2024-11-29,1,arima_fourier_mean,207.81863498314948,186.0
2024-11-29,1,arima_no_fourier,199.0851155154442,186.0
2024-11-29,2,naive,195.0,152.0
2024-11-29,2,naive_carry,195.0,152.0
2024-11-29,2,seasonal_naive_7,134.0,152.0
2024-11-29,2,climatology,182.80380952380952,152.0
2024-11-29,2,arima_fourier,190.77143024978895,152.0
2024-11-29,2,arima_fourier_mean,211.8019411492519,152.0
2024-11-29,2,arima_no_fourier,201.2552908001647,152.0
2024-11-29,3,naive,195.0,134.0
2024-11-29,3,naive_carry,195.0,134.0
2024-11-29,3,seasonal_naive_7,259.0,134.0
2024-11-29,3,climatology,185.04825396825396,134.0
2024-11-29,3,arima_fourier,189.74690393228332,134.0
2024-11-29,3,arima_fourier_mean,212.77306627838513,134.0
2024-11-29,3,arima_no_fourier,202.39953416239015,134.0
2024-11-30,1,naive,186.0,152.0
2024-11-30,1,naive_carry,186.0,152.0
2024-11-30,1,seasonal_naive_7,134.0,152.0
2024-11-30,1,climatology,182.80380952380952,152.0
2024-11-30,1,arima_fourier,186.99004712839246,152.0
2024-11-30,1,arima_fourier_mean,202.00837602933888,152.0
2024-11-30,1,arima_no_fourier,192.74772316408462,152.0
2024-11-30,2,naive,186.0,134.0
2024-11-30,2,naive_carry,186.0,134.0
2024-11-30,2,seasonal_naive_7,259.0,134.0
2024-11-30,2,climatology,185.04825396825396,134.0
2024-11-30,2,arima_fourier,187.46711841258605,134.0
2024-11-30,2,arima_fourier_mean,208.13336364194325,134.0
2024-11-30,2,arima_no_fourier,196.37319863894072,134.0
2024-11-30,3,naive,186.0,120.0
2024-11-30,3,naive_carry,186.0,120.0
2024-11-30,3,seasonal_naive_7,154.0,120.0
2024-11-30,3,climatology,180.6752380952381,120.0
2024-11-30,3,arima_fourier,187.62720459964075,120.0
2024-11-30,3,arima_fourier_mean,210.39613632481286,120.0
2024-11-30,3,arima_no_fourier,198.2961250617888,120.0
2024-12-01,1,naive,152.0,134.0
2024-12-01,1,naive_carry,152.0,134.0
2024-12-01,1,seasonal_naive_7,259.0,134.0
2024-12-01,1,climatology,185.04825396825396,134.0
2024-12-01,1,arima_fourier,165.7362086784689,134.0
2024-12-01,1,arima_fourier_mean,179.04750996226954,134.0
2024-12-01,1,arima_no_fourier,168.870113926809,134.0
2024-12-01,2,naive,152.0,120.0
2024-12-01,2,naive_carry,152.0,120.0
2024-12-01,2,seasonal_naive_7,154.0,120.0
2024-12-01,2,climatology,180.6752380952381,120.0
2024-12-01,2,arima_fourier,174.17668810331554,120.0
2024-12-01,2,arima_fourier_mean,193.37780495124744,120.0
2024-12-01,2,arima_no_fourier,178.42483531269943,120.0
2024-12-01,3,naive,152.0,82.3
2024-12-01,3,naive_carry,152.0,82.3
2024-12-01,3,seasonal_naive_7,149.0,82.3
2024-12-01,3,climatology,181.90412698412695,82.3
2024-12-01,3,arima_fourier,179.15381876828081,82.3
2024-12-01,3,arima_fourier_mean,200.8944875457846,82.3
2024-12-01,3,arima_no_fourier,183.6346088835522,82.3
2024-12-02,1,naive,134.0,120.0
2024-12-02,1,naive_carry,134.0,120.0
2024-12-02,1,seasonal_naive_7,154.0,120.0
2024-12-02,1,climatology,180.6752380952381,120.0
2024-12-02,1,arima_fourier,153.49424823840596,120.0
2024-12-02,1,arima_fourier_mean,165.82232168289002,120.0
2024-12-02,1,arima_no_fourier,154.0422106062116,120.0
2024-12-02,2,naive,134.0,82.3
2024-12-02,2,naive_carry,134.0,82.3
2024-12-02,2,seasonal_naive_7,149.0,82.3
2024-12-02,2,climatology,181.90412698412695,82.3
2024-12-02,2,arima_fourier,165.98962125609467,82.3
2024-12-02,2,arima_fourier_mean,184.28820104029705,82.3
2024-12-02,2,arima_no_fourier,165.68950672661995,82.3
2024-12-02,3,naive,134.0,82.6
2024-12-02,3,naive_carry,134.0,82.6
2024-12-02,3,seasonal_naive_7,167.0,82.6
2024-12-02,3,climatology,182.07257142857145,82.6
2024-12-02,3,arima_fourier,173.58301329192932,82.6
2024-12-02,3,arima_fourier_mean,194.64765305302532,82.6
2024-12-02,3,arima_no_fourier,172.1267415163503,82.6
2024-12-03,1,naive,120.0,82.3
2024-12-03,1,naive_carry,120.0,82.3
2024-12-03,1,seasonal_naive_7,149.0,82.3
2024-12-03,1,climatology,181.90412698412695,82.3
2024-12-03,1,arima_fourier,143.38426330443195,82.3
2024-12-03,1,arima_fourier_mean,154.90034109421924,82.3
2024-12-03,1,arima_no_fourier,141.38075532915656,82.3
2024-12-03,2,naive,120.0,82.6
2024-12-03,2,naive_carry,120.0,82.6
2024-12-03,2,seasonal_naive_7,167.0,82.6
2024-12-03,2,climatology,182.07257142857145,82.6
2024-12-03,2,arima_fourier,158.8987709792373,82.6
2024-12-03,2,arima_fourier_mean,176.41565990820678,82.6
2024-12-03,2,arima_no_fourier,154.03780541249313,82.6
2024-12-03,3,naive,120.0,93.9
2024-12-03,3,naive_carry,120.0,93.9
2024-12-03,3,seasonal_naive_7,195.0,93.9
2024-12-03,3,climatology,181.5330476190476,93.9
2024-12-03,3,arima_fourier,168.54019245141762,93.9
2024-12-03,3,arima_fourier_mean,188.99287523855696,93.9
2024-12-03,3,arima_no_fourier,161.10147268665094,93.9
2024-12-04,1,naive,82.3,82.6
2024-12-04,1,naive_carry,82.3,82.6
2024-12-04,1,seasonal_naive_7,167.0,82.6
2024-12-04,1,climatology,182.07257142857145,82.6
2024-12-04,1,arima_fourier,114.21900923591777,82.6
2024-12-04,1,arima_fourier_mean,123.3926447969415,82.6
2024-12-04,1,arima_no_fourier,109.2284225315497,82.6
2024-12-04,2,naive,82.3,93.9
2024-12-04,2,naive_carry,82.3,93.9
2024-12-04,2,seasonal_naive_7,195.0,93.9
2024-12-04,2,climatology,181.5330476190476,93.9
2024-12-04,2,arima_fourier,138.0813973898316,93.9
2024-12-04,2,arima_fourier_mean,153.30339326787558,93.9
2024-12-04,2,arima_no_fourier,126.65488167328661,93.9
2024-12-04,3,naive,82.3,108.0
2024-12-04,3,naive_carry,82.3,108.0
2024-12-04,3,seasonal_naive_7,186.0,108.0
2024-12-04,3,climatology,179.23215873015872,108.0
2024-12-04,3,arima_fourier,154.05036838259704,108.0
2024-12-04,3,arima_fourier_mean,172.74468193842378,108.0
2024-12-04,3,arima_no_fourier,136.84812799606016,108.0
2024-12-05,1,naive,82.6,93.9
2024-12-05,1,naive_carry,82.6,93.9
2024-12-05,1,seasonal_naive_7,195.0,93.9
2024-12-05,1,climatology,181.5330476190476,93.9
2024-12-05,1,arima_fourier,113.87457681919679,93.9
2024-12-05,1,arima_fourier_mean,123.02054875451773,93.9
2024-12-05,1,arima_no_fourier,106.05314820755046,93.9
2024-12-05,2,naive,82.6,108.0
2024-12-05,2,naive_carry,82.6,108.0
2024-12-05,2,seasonal_naive_7,186.0,108.0
2024-12-05,2,climatology,179.23215873015872,108.0
2024-12-05,2,arima_fourier,137.12701306836274,108.0
2024-12-05,2,arima_fourier_mean,152.2437979001815,108.0
2024-12-05,2,arima_no_fourier,120.86031800548403,108.0
2024-12-05,3,naive,82.6,148.0
2024-12-05,3,naive_carry,82.6,148.0
2024-12-05,3,seasonal_naive_7,152.0,148.0
2024-12-05,3,climatology,175.8531111111111,148.0
2024-12-05,3,arima_fourier,152.6324253512854,148.0
2024-12-05,3,arima_fourier_mean,171.15466809788774,148.0
2024-12-05,3,arima_no_fourier,129.40917499129452,148.0
2024-12-06,1,naive,93.9,108.0
2024-12-06,1,naive_carry,93.9,108.0
2024-12-06,1,seasonal_naive_7,186.0,108.0
2024-12-06,1,climatology,179.23215873015872,108.0
2024-12-06,1,arima_fourier,122.26737585354759,108.0
2024-12-06,1,arima_fourier_mean,132.08742528279353,108.0
2024-12-06,1,arima_no_fourier,111.86714721487681,108.0
2024-12-06,2,naive,93.9,148.0
2024-12-06,2,naive_carry,93.9,148.0
2024-12-06,2,seasonal_naive_7,152.0,148.0
2024-12-06,2,climatology,175.8531111111111,148.0
2024-12-06,2,arima_fourier,142.42036375009718,148.0
2024-12-06,2,arima_fourier_mean,158.12068341726942,148.0
2024-12-06,2,arima_no_fourier,122.59259266971837,148.0
2024-12-06,3,naive,93.9,96.1
2024-12-06,3,naive_carry,93.9,96.1
2024-12-06,3,seasonal_naive_7,134.0,96.1
2024-12-06,3,climatology,172.1042222222222,96.1
2024-12-06,3,arima_fourier,155.48636207807726,96.1
2024-12-06,3,arima_fourier_mean,174.3549349739336,96.1
2024-12-06,3,arima_no_fourier,128.60463384887964,96.1
2024-12-07,1,naive,108.0,148.0
2024-12-07,1,naive_carry,108.0,148.0
2024-12-07,1,seasonal_naive_7,152.0,148.0
2024-12-07,1,climatology,175.8531111111111,148.0
2024-12-07,1,arima_fourier,132.2896343162027,148.0
2024-12-07,1,arima_fourier_mean,142.91463319146754,148.0
2024-12-07,1,arima_no_fourier,119.88296045114669,148.0
2024-12-07,2,naive,108.0,96.1
2024-12-07,2,naive_carry,108.0,96.1
2024-12-07,2,seasonal_naive_7,134.0,96.1
2024-12-07,2,climatology,172.1042222222222,96.1
2024-12-07,2,arima_fourier,148.7113331184247,96.1
2024-12-07,2,arima_fourier_mean,165.10516437456593,96.1
2024-12-07,2,arima_no_fourier,126.60871653925506,96.1
2024-12-07,3,naive,108.0,109.0
2024-12-07,3,naive_carry,108.0,109.0
2024-12-07,3,seasonal_naive_7,120.0,109.0
2024-12-07,3,climatology,170.27184126984127,109.0
2024-12-07,3,arima_fourier,159.0295523048982,109.0
2024-12-07,3,arima_fourier_mean,178.3280975956879,109.0
2024-12-07,3,arima_no_fourier,130.27472163287743,109.0
2024-12-08,1,naive,148.0,96.1
2024-12-08,1,naive_carry,148.0,96.1
2024-12-08,1,seasonal_naive_7,134.0,96.1
2024-12-08,1,climatology,172.1042222222222,96.1
2024-12-08,1,arima_fourier,158.97436566120226,96.1
2024-12-08,1,arima_fourier_mean,171.74258021944178,96.1
2024-12-08,1,arima_no_fourier,144.7428517188921,96.1
2024-12-08,2,naive,148.0,109.0
2024-12-08,2,naive_carry,148.0,109.0
2024-12-08,2,seasonal_naive_7,120.0,109.0
2024-12-08,2,climatology,170.27184126984127,109.0
2024-12-08,2,arima_fourier,165.56807952099263,109.0
2024-12-08,2,arima_fourier_mean,183.8201860367638,109.0
2024-12-08,2,arima_no_fourier,143.06824985846188,109.0
2024-12-08,3,naive,148.0,119.0
2024-12-08,3,naive_carry,148.0,119.0
2024-12-08,3,seasonal_naive_7,82.3,119.0
2024-12-08,3,climatology,172.4985079365079,119.0
2024-12-08,3,arima_fourier,169.3641574525824,119.0
2024-12-08,3,arima_fourier_mean,189.9168265020998,119.0
2024-12-08,3,arima_no_fourier,142.20028680670165,119.0
2024-12-09,1,naive,96.1,109.0
2024-12-09,1,naive_carry,96.1,109.0
2024-12-09,1,seasonal_naive_7,120.0,109.0
2024-12-09,1,climatology,170.27184126984127,109.0
2024-12-09,1,arima_fourier,122.73654889772173,109.0
2024-12-09,1,arima_fourier_mean,132.594280139272,109.0
2024-12-09,1,arima_no_fourier,110.29057444277045,109.0
2024-12-09,2,naive,96.1,119.0
2024-12-09,2,naive_carry,96.1,119.0
2024-12-09,2,seasonal_naive_7,82.3,119.0
2024-12-09,2,climatology,172.4985079365079,119.0
2024-12-09,2,arima_fourier,141.36150915365977,119.0
2024-12-09,2,arima_fourier_mean,156.9451003248175,119.0
2024-12-09,2,arima_no_fourier,118.52697211074056,119.0
2024-12-09,3,naive,96.1,164.0
2024-12-09,3,naive_carry,96.1,164.0
2024-12-09,3,seasonal_naive_7,82.6,164.0
2024-12-09,3,climatology,175.83755555555555,164.0
2024-12-09,3,arima_fourier,153.31537514171617,164.0
2024-12-09,3,arima_fourier_mean,171.92049274009722,164.0
2024-12-09,3,arima_no_fourier,123.07608298722425,164.0
2024-12-10,1,naive,109.0,119.0
2024-12-10,1,naive_carry,109.0,119.0
2024-12-10,1,seasonal_naive_7,82.3,119.0
2024-12-10,1,climatology,172.4985079365079,119.0
2024-12-10,1,arima_fourier,131.72740822779207,119.0
2024-12-10,1,arima_fourier_mean,142.30725085334038,119.0
2024-12-10,1,arima_no_fourier,117.64393734658354,119.0
2024-12-10,2,naive,109.0,164.0
2024-12-10,2,naive_carry,109.0,164.0
2024-12-10,2,seasonal_naive_7,82.6,164.0
2024-12-10,2,climatology,175.83755555555555,164.0
2024-12-10,2,arima_fourier,146.91882811469588,164.0
2024-12-10,2,arima_fourier_mean,163.1150537670034,164.0
2024-12-10,2,arima_no_fourier,122.43367824472433,164.0
2024-12-10,3,naive,109.0,120.0
2024-12-10,3,naive_carry,109.0,120.0
2024-12-10,3,seasonal_naive_7,93.9,120.0
2024-12-10,3,climatology,177.72866666666667,120.0
2024-12-10,3,arima_fourier,156.39342245854945,120.0
2024-12-10,3,arima_fourier_mean,175.3720664767473,120.0
2024-12-10,3,arima_no_fourier,125.01551056100895,120.0
2024-12-11,1,naive,119.0,164.0
2024-12-11,1,naive_carry,119.0,164.0
2024-12-11,1,seasonal_naive_7,82.6,164.0
2024-12-11,1,climatology,175.83755555555555,164.0
2024-12-11,1,arima_fourier,138.30376932839005,164.0
2024-12-11,1,arima_fourier_mean,149.4118000447018,164.0
2024-12-11,1,arima_no_fourier,123.32839874985312,164.0
2024-12-11,2,naive,119.0,120.0
2024-12-11,2,naive_carry,119.0,120.0
2024-12-11,2,seasonal_naive_7,93.9,120.0
2024-12-11,2,climatology,177.72866666666667,120.0
2024-12-11,2,arima_fourier,150.7904252579053,120.0
2024-12-11,2,arima_fourier_mean,167.4134526203199,120.0
2024-12-11,2,arima_no_fourier,125.65416043988526,120.0
2024-12-11,3,naive,119.0,106.0
2024-12-11,3,naive_carry,119.0,106.0
2024-12-11,3,seasonal_naive_7,108.0,106.0
2024-12-11,3,climatology,179.0397777777778,106.0
2024-12-11,3,arima_fourier,158.4104150436351,106.0
2024-12-11,3,arima_fourier_mean,177.63382443626844,106.0
2024-12-11,3,arima_no_fourier,126.88777287907249,106.0
2024-12-12,1,naive,164.0,120.0
2024-12-12,1,naive_carry,164.0,120.0
2024-12-12,1,seasonal_naive_7,93.9,120.0
2024-12-12,1,climatology,177.72866666666667,120.0
2024-12-12,1,arima_fourier,166.8733933111937,120.0
2024-12-12,1,arima_fourier_mean,180.27602699481935,120.0
2024-12-12,1,arima_no_fourier,150.59687362157686,120.0
2024-12-12,2,naive,164.0,106.0
2024-12-12,2,naive_carry,164.0,106.0
2024-12-12,2,seasonal_naive_7,108.0,106.0
2024-12-12,2,climatology,179.0397777777778,106.0
2024-12-12,2,arima_fourier,168.40585420497186,106.0
2024-12-12,2,arima_fourier_mean,186.97079330852435,106.0
2024-12-12,2,arima_no_fourier,144.03005585311513,106.0
2024-12-12,3,naive,164.0,177.0
2024-12-12,3,naive_carry,164.0,177.0
2024-12-12,3,seasonal_naive_7,148.0,177.0
2024-12-12,3,climatology,182.8931111111111,177.0
2024-12-12,3,arima_fourier,169.1429293331704,177.0
2024-12-12,3,arima_fourier_mean,189.66874943878582,177.0
2024-12-12,3,arima_no_fourier,140.71092376748337,177.0
2024-12-13,1,naive,120.0,106.0
2024-12-13,1,naive_carry,120.0,106.0
2024-12-13,1,seasonal_naive_7,108.0,106.0
2024-12-13,1,climatology,179.0397777777778,106.0
2024-12-13,1,arima_fourier,138.41822538932834,106.0
2024-12-13,1,arima_fourier_mean,149.53544852778825,106.0
2024-12-13,1,arima_no_fourier,124.67792505442014,106.0
2024-12-13,2,naive,120.0,177.0
2024-12-13,2,naive_carry,120.0,177.0
2024-12-13,2,seasonal_naive_7,148.0,177.0
2024-12-13,2,climatology,182.8931111111111,177.0
2024-12-13,2,arima_fourier,150.2572230870061,177.0
2024-12-13,2,arima_fourier_mean,166.82146992578475,177.0
2024-12-13,2,arima_no_fourier,127.19630019933949,177.0
2024-12-13,3,naive,120.0,267.0
2024-12-13,3,naive_carry,120.0,267.0
2024-12-13,3,seasonal_naive_7,96.1,267.0
2024-12-13,3,climatology,189.6042222222222,267.0
2024-12-13,3,arima_fourier,157.45309973512488,267.0
2024-12-13,3,arima_fourier_mean,176.5603359738858,267.0
2024-12-13,3,arima_no_fourier,128.53341341008166,267.0
2024-12-14,1,naive,106.0,177.0
2024-12-14,1,naive_carry,106.0,177.0
2024-12-14,1,seasonal_naive_7,148.0,177.0
2024-12-14,1,climatology,182.8931111111111,177.0
2024-12-14,1,arima_fourier,128.208733832422,177.0
2024-12-14,1,arima_fourier_mean,138.5059694949095,177.0
2024-12-14,1,arima_no_fourier,114.73489381809564,177.0
2024-12-14,2,naive,106.0,267.0
2024-12-14,2,naive_carry,106.0,267.0
2024-12-14,2,seasonal_naive_7,96.1,267.0
2024-12-14,2,climatology,189.6042222222222,267.0
2024-12-14,2,arima_fourier,143.0676669037573,267.0
2024-12-14,2,arima_fourier_mean,158.83934198405,267.0
2024-12-14,2,arima_no_fourier,119.585560269568,267.0
2024-12-14,3,naive,106.0,298.0
2024-12-14,3,naive_carry,106.0,298.0
2024-12-14,3,seasonal_naive_7,109.0,298.0
2024-12-14,3,climatology,194.41977777777777,298.0
2024-12-14,3,arima_fourier,152.34545872754762,298.0
2024-12-14,3,arima_fourier_mean,170.8328724056677,298.0
2024-12-14,3,arima_no_fourier,122.20321402340795,298.0
2024-12-15,1,naive,177.0,267.0
2024-12-15,1,naive_carry,177.0,267.0
2024-12-15,1,seasonal_naive_7,96.1,267.0
2024-12-15,1,climatology,189.6042222222222,267.0
2024-12-15,1,arima_fourier,173.31333983563982,267.0
2024-12-15,1,arima_fourier_mean,187.23320497666538,267.0
2024-12-15,1,arima_no_fourier,157.5046481730973,267.0
2024-12-15,2,naive,177.0,298.0
2024-12-15,2,naive_carry,177.0,298.0
2024-12-15,2,seasonal_naive_7,109.0,298.0
2024-12-15,2,climatology,194.41977777777777,298.0
2024-12-15,2,arima_fourier,171.04757060902404,298.0
2024-12-15,2,arima_fourier_mean,189.9037294591048,298.0
2024-12-15,2,arima_no_fourier,148.18067545327423,298.0
2024-12-15,3,naive,177.0,373.0
2024-12-15,3,naive_carry,177.0,373.0
2024-12-15,3,seasonal_naive_7,119.0,373.0
2024-12-15,3,climatology,199.04199999999997,373.0
2024-12-15,3,arima_fourier,169.58997529590542,373.0
2024-12-15,3,arima_fourier_mean,190.17004359033007,373.0
2024-12-15,3,arima_no_fourier,143.52683299531444,373.0
2024-12-16,1,naive,267.0,298.0
2024-12-16,1,naive_carry,267.0,298.0
2024-12-16,1,seasonal_naive_7,109.0,298.0
2024-12-16,1,climatology,194.41977777777777,298.0
2024-12-16,1,arima_fourier,221.171398496996,298.0
2024-12-16,1,arima_fourier_mean,238.93503983771188,298.0
2024-12-16,1,arima_no_fourier,207.21245635474745,298.0
2024-12-16,2,naive,267.0,373.0
2024-12-16,2,naive_carry,267.0,373.0
2024-12-16,2,seasonal_naive_7,119.0,373.0
2024-12-16,2,climatology,199.04199999999997,373.0
2024-12-16,2,arima_fourier,198.05552914271766,373.0
2024-12-16,2,arima_fourier_mean,219.8890251303402,373.0
2024-12-16,2,arima_no_fourier,181.48643579526896,373.0
2024-12-16,3,naive,267.0,299.0
2024-12-16,3,naive_carry,267.0,299.0
2024-12-16,3,seasonal_naive_7,164.0,299.0
2024-12-16,3,climatology,200.87977777777775,299.0
2024-12-16,3,arima_fourier,185.57779132048066,299.0
2024-12-16,3,arima_fourier_mean,208.09801112133215,299.0
2024-12-16,3,arima_no_fourier,169.33177909577725,299.0
2024-12-17,1,naive,298.0,373.0
2024-12-17,1,naive_carry,298.0,373.0
2024-12-17,1,seasonal_naive_7,119.0,373.0
2024-12-17,1,climatology,199.04199999999997,373.0
2024-12-17,1,arima_fourier,236.47896160953476,373.0
2024-12-17,1,arima_fourier_mean,255.4720477185669,373.0
2024-12-17,1,arima_no_fourier,228.61054546195714,373.0
2024-12-17,2,naive,298.0,299.0
2024-12-17,2,naive_carry,298.0,299.0
2024-12-17,2,seasonal_naive_7,164.0,299.0
2024-12-17,2,climatology,200.87977777777775,299.0
2024-12-17,2,arima_fourier,206.54695450791365,299.0
2024-12-17,2,arima_fourier_mean,229.31653855991826,299.0
2024-12-17,2,arima_no_fourier,199.02016426008208,299.0
2024-12-17,3,naive,298.0,332.0
2024-12-17,3,naive_carry,298.0,332.0
2024-12-17,3,seasonal_naive_7,120.0,332.0
2024-12-17,3,climatology,209.2068888888889,332.0
2024-12-17,3,arima_fourier,190.7507591649553,332.0
2024-12-17,3,arima_fourier_mean,213.89872791659684,332.0
2024-12-17,3,arima_no_fourier,185.10467931449364,332.0
2024-12-18,1,naive,373.0,299.0
2024-12-18,1,naive_carry,373.0,299.0
2024-12-18,1,seasonal_naive_7,164.0,299.0
2024-12-18,1,climatology,200.87977777777775,299.0
2024-12-18,1,arima_fourier,270.8437240101647,299.0
2024-12-18,1,arima_fourier_mean,292.5968562421107,299.0
2024-12-18,1,arima_no_fourier,271.6263238909094,299.0
2024-12-18,2,naive,373.0,332.0
2024-12-18,2,naive_carry,373.0,332.0
2024-12-18,2,seasonal_naive_7,120.0,332.0
2024-12-18,2,climatology,209.2068888888889,332.0
2024-12-18,2,arima_fourier,224.66152729429675,332.0
2024-12-18,2,arima_fourier_mean,249.42804804789097,332.0
2024-12-18,2,arima_no_fourier,230.11540142646257,332.0
2024-12-18,3,naive,373.0,226.0
2024-12-18,3,naive_carry,373.0,226.0
2024-12-18,3,seasonal_naive_7,106.0,226.0
2024-12-18,3,climatology,213.9616507936508,226.0
2024-12-18,3,arima_fourier,201.34859048593282,226.0
2024-12-18,3,arima_fourier_mean,225.7826256946341,226.0
2024-12-18,3,arima_no_fourier,210.9994726244306,226.0
2024-12-19,1,naive,299.0,332.0
2024-12-19,1,naive_carry,299.0,332.0
2024-12-19,1,seasonal_naive_7,120.0,332.0
2024-12-19,1,climatology,209.2068888888889,332.0
2024-12-19,1,arima_fourier,238.27162137516268,332.0
2024-12-19,1,arima_fourier_mean,257.4086866940763,332.0
2024-12-19,1,arima_no_fourier,244.5894195317242,332.0
2024-12-19,2,naive,299.0,226.0
2024-12-19,2,naive_carry,299.0,226.0
2024-12-19,2,seasonal_naive_7,106.0,226.0
2024-12-19,2,climatology,213.9616507936508,226.0
2024-12-19,2,arima_fourier,208.6271290224803,226.0
2024-12-19,2,arima_fourier_mean,231.62602914976762,226.0
2024-12-19,2,arima_no_fourier,220.20188785841535,226.0
2024-12-19,3,naive,299.0,286.0
2024-12-19,3,naive_carry,299.0,286.0
2024-12-19,3,seasonal_naive_7,177.0,286.0
2024-12-19,3,climatology,222.4784126984127,286.0
2024-12-19,3,arima_fourier,192.95271993607395,286.0
2024-12-19,3,arima_fourier_mean,216.36789968812212,286.0
2024-12-19,3,arima_no_fourier,208.43322213205704,286.0
2024-12-20,1,naive,332.0,226.0
2024-12-20,1,naive_carry,332.0,226.0
2024-12-20,1,seasonal_naive_7,106.0,226.0
2024-12-20,1,climatology,213.9616507936508,226.0
2024-12-20,1,arima_fourier,254.12422405527576,226.0
2024-12-20,1,arima_fourier_mean,274.53450960152674,226.0
2024-12-20,1,arima_no_fourier,267.378736615436,226.0
2024-12-20,2,naive,332.0,286.0
2024-12-20,2,naive_carry,332.0,286.0
2024-12-20,2,seasonal_naive_7,177.0,286.0
2024-12-20,2,climatology,222.4784126984127,286.0
2024-12-20,2,arima_fourier,217.3592529658704,286.0
2024-12-20,2,arima_fourier_mean,241.32077555143607,286.0
2024-12-20,2,arima_no_fourier,238.76244052351777,286.0
2024-12-20,3,naive,332.0,275.0
2024-12-20,3,naive_carry,332.0,275.0
2024-12-20,3,seasonal_naive_7,267.0,275.0
2024-12-20,3,climatology,228.01619047619047,275.0
2024-12-20,3,arima_fourier,198.31251258010042,275.0
2024-12-20,3,arima_fourier_mean,222.37811280518642,275.0
2024-12-20,3,arima_no_fourier,225.03939214857485,275.0
2024-12-21,1,naive,226.0,286.0
2024-12-21,1,naive_carry,226.0,286.0
2024-12-21,1,seasonal_naive_7,177.0,286.0
2024-12-21,1,climatology,222.4784126984127,286.0
2024-12-21,1,arima_fourier,202.71493573619247,286.0
2024-12-21,1,arima_fourier_mean,218.9962237595983,286.0
2024-12-21,1,arima_no_fourier,214.57380986581424,286.0
2024-12-21,2,naive,226.0,275.0
2024-12-21,2,naive_carry,226.0,275.0
2024-12-21,2,seasonal_naive_7,267.0,275.0
2024-12-21,2,climatology,228.01619047619047,275.0
2024-12-21,2,arima_fourier,190.13445143927507,275.0
2024-12-21,2,arima_fourier_mean,211.09473177420526,275.0
2024-12-21,2,arima_no_fourier,208.83067830819286,275.0
2024-12-21,3,naive,226.0,191.0
2024-12-21,3,naive_carry,226.0,191.0
2024-12-21,3,seasonal_naive_7,298.0,191.0
2024-12-21,3,climatology,233.8761904761905,191.0
2024-12-21,3,arima_fourier,183.02668431198032,191.0
2024-12-21,3,arima_fourier_mean,205.23731972462141,191.0
2024-12-21,3,arima_no_fourier,205.88891995838225,191.0
2024-12-22,1,naive,286.0,275.0
2024-12-22,1,naive_carry,286.0,275.0
2024-12-22,1,seasonal_naive_7,267.0,275.0
2024-12-22,1,climatology,228.01619047619047,275.0
2024-12-22,1,arima_fourier,233.322214519359,275.0
2024-12-22,1,arima_fourier_mean,252.06176190255167,275.0
2024-12-22,1,arima_no_fourier,250.65370797087783,275.0
2024-12-22,2,naive,286.0,191.0
2024-12-22,2,naive_carry,286.0,191.0
2024-12-22,2,seasonal_naive_7,298.0,191.0
2024-12-22,2,climatology,233.8761904761905,191.0
2024-12-22,2,arima_fourier,207.10268790709554,191.0
2024-12-22,2,arima_fourier_mean,229.93353361892915,191.0
2024-12-22,2,arima_no_fourier,233.9455245906373,191.0
2024-12-22,3,naive,286.0,212.0
2024-12-22,3,naive_carry,286.0,212.0
2024-12-22,3,seasonal_naive_7,373.0,212.0
2024-12-22,3,climatology,239.69904761904763,212.0
2024-12-22,3,arima_fourier,193.07057109849902,212.0
2024-12-22,3,arima_fourier_mean,216.5000507093358,212.0
2024-12-22,3,arima_no_fourier,225.6566897548918,212.0
2024-12-23,1,naive,275.0,191.0
2024-12-23,1,naive_carry,275.0,191.0
2024-12-23,1,seasonal_naive_7,298.0,191.0
2024-12-23,1,climatology,233.8761904761905,191.0
2024-12-23,1,arima_fourier,228.3668650489084,191.0
2024-12-23,1,arima_fourier_mean,246.70841756925046,191.0
2024-12-23,1,arima_no_fourier,248.1369188157856,191.0
2024-12-23,2,naive,275.0,212.0
2024-12-23,2,naive_carry,275.0,212.0
2024-12-23,2,seasonal_naive_7,373.0,212.0
2024-12-23,2,climatology,239.69904761904763,212.0
2024-12-23,2,arima_fourier,204.80664995832447,212.0
2024-12-23,2,arima_fourier_mean,227.3843817994622,212.0
2024-12-23,2,arima_no_fourier,235.15125934338695,212.0
2024-12-23,3,naive,275.0,210.0
2024-12-23,3,naive_carry,275.0,210.0
2024-12-23,3,seasonal_naive_7,299.0,210.0
2024-12-23,3,climatology,244.1879365079365,210.0
2024-12-23,3,arima_fourier,192.07722832601735,210.0
2024-12-23,3,arima_fourier_mean,215.3861634052683,210.0
2024-12-23,3,arima_no_fourier,228.63362252261302,210.0
2024-12-24,1,naive,191.0,212.0
2024-12-24,1,naive_carry,191.0,212.0
2024-12-24,1,seasonal_naive_7,373.0,212.0
2024-12-24,1,climatology,239.69904761904763,212.0
2024-12-24,1,arima_fourier,184.16022560668912,212.0
2024-12-24,1,arima_fourier_mean,198.9512699261046,212.0
2024-12-24,1,arima_no_fourier,199.13119331445466,212.0
2024-12-24,2,naive,191.0,210.0
2024-12-24,2,naive_carry,191.0,210.0
2024-12-24,2,seasonal_naive_7,299.0,210.0
2024-12-24,2,climatology,244.1879365079365,210.0
2024-12-24,2,arima_fourier,180.1413778103871,210.0
2024-12-24,2,arima_fourier_mean,200.00002819684286,210.0
2024-12-24,2,arima_no_fourier,203.5201187325948,210.0
2024-12-24,3,naive,191.0,149.0
2024-12-24,3,naive_carry,191.0,149.0
2024-12-24,3,seasonal_naive_7,332.0,149.0
2024-12-24,3,climatology,243.73460317460317,149.0
2024-12-24,3,arima_fourier,177.6892377814468,149.0
2024-12-24,3,arima_fourier_mean,199.25216253115983,149.0
2024-12-24,3,arima_no_fourier,205.85358375558653,149.0
2024-12-25,1,naive,212.0,210.0
2024-12-25,1,naive_carry,212.0,210.0
2024-12-25,1,seasonal_naive_7,299.0,210.0
2024-12-25,1,climatology,244.1879365079365,210.0
2024-12-25,1,arima_fourier,195.87237238046652,210.0
2024-12-25,1,arima_fourier_mean,211.60409136495636,210.0
2024-12-25,1,arima_no_fourier,211.7803110287791,210.0
2024-12-25,2,naive,212.0,149.0
2024-12-25,2,naive_carry,212.0,149.0
2024-12-25,2,seasonal_naive_7,332.0,149.0
2024-12-25,2,climatology,243.73460317460317,149.0
2024-12-25,2,arima_fourier,186.9018593174148,149.0
2024-12-25,2,arima_fourier_mean,207.50577980248684,149.0
2024-12-25,2,arima_no_fourier,211.66552074075094,149.0
2024-12-25,3,naive,212.0,91.8
2024-12-25,3,naive_carry,212.0,91.8
2024-12-25,3,seasonal_naive_7,226.0,91.8
2024-12-25,3,climatology,241.96920634920633,91.8
2024-12-25,3,arima_fourier,181.71284453510748,91.8
2024-12-25,3,arima_fourier_mean,203.76404111499937,91.8
2024-12-25,3,arima_no_fourier,211.6055187553038,91.8
2024-12-26,1,naive,210.0,149.0
2024-12-26,1,naive_carry,210.0,149.0
2024-12-26,1,seasonal_naive_7,332.0,149.0
2024-12-26,1,climatology,243.73460317460317,149.0
2024-12-26,1,arima_fourier,194.80533718963838,149.0
2024-12-26,1,arima_fourier_mean,210.45135586974632,149.0
2024-12-26,1,arima_no_fourier,210.53334591275964,149.0
2024-12-26,2,naive,210.0,91.8
2024-12-26,2,naive_carry,210.0,91.8
2024-12-26,2,seasonal_naive_7,226.0,91.8
2024-12-26,2,climatology,241.96920634920633,91.8
2024-12-26,2,arima_fourier,186.31403780838855,91.8
2024-12-26,2,arima_fourier_mean,206.8531569889001,91.8
2024-12-26,2,arima_no_fourier,210.8127852147256,91.8
2024-12-26,3,naive,210.0,109.0
2024-12-26,3,naive_carry,210.0,109.0
2024-12-26,3,seasonal_naive_7,286.0,109.0
2024-12-26,3,climatology,241.29968253968255,109.0
2024-12-26,3,arima_fourier,181.37956002092605,109.0
2024-12-26,3,arima_fourier_mean,203.3903114568489,109.0
2024-12-26,3,arima_no_fourier,210.95905879223307,109.0
2024-12-27,1,naive,149.0,91.8
2024-12-27,1,naive_carry,149.0,91.8
2024-12-27,1,seasonal_naive_7,226.0,91.8
2024-12-27,1,climatology,241.96920634920633,91.8
2024-12-27,1,arima_fourier,158.85991936495205,91.8
2024-12-27,1,arima_fourier_mean,171.61893963966057,91.8
2024-12-27,1,arima_no_fourier,169.24467019946155,91.8
2024-12-27,2,naive,149.0,109.0
2024-12-27,2,naive_carry,149.0,109.0
2024-12-27,2,seasonal_naive_7,286.0,109.0
2024-12-27,2,climatology,241.29968253968255,109.0
2024-12-27,2,arima_fourier,164.73632101865675,109.0
2024-12-27,2,arima_fourier_mean,182.89672869338713,109.0
2024-12-27,2,arima_no_fourier,180.90384724774407,109.0
2024-12-27,3,naive,149.0,116.0
2024-12-27,3,naive_carry,149.0,116.0
2024-12-27,3,seasonal_naive_7,275.0,116.0
2024-12-27,3,climatology,235.85206349206348,116.0
2024-12-27,3,arima_fourier,168.08930999733656,116.0
2024-12-27,3,arima_fourier_mean,188.4872641498127,116.0
2024-12-27,3,arima_no_fourier,187.31713275645072,116.0
2024-12-28,1,naive,91.8,109.0
2024-12-28,1,naive_carry,91.8,109.0
2024-12-28,1,seasonal_naive_7,286.0,109.0
2024-12-28,1,climatology,241.29968253968255,109.0
2024-12-28,1,arima_fourier,118.89120489167748,109.0
2024-12-28,1,arima_fourier_mean,128.44009103252515,109.0
2024-12-28,1,arima_no_fourier,122.64890302946664,109.0
2024-12-28,2,naive,91.8,116.0
2024-12-28,2,naive_carry,91.8,116.0
2024-12-28,2,seasonal_naive_7,275.0,116.0
2024-12-28,2,climatology,235.85206349206348,116.0
2024-12-28,2,arima_fourier,138.04602268796685,116.0
2024-12-28,2,arima_fourier_mean,153.26411180943583,116.0
2024-12-28,2,arima_no_fourier,142.7113991423683,116.0
2024-12-28,3,naive,91.8,183.0
2024-12-28,3,naive_carry,91.8,183.0
2024-12-28,3,seasonal_naive_7,191.0,183.0
2024-12-28,3,climatology,227.51809523809524,183.0
2024-12-28,3,arima_fourier,150.41816045783108,183.0
2024-12-28,3,arima_fourier_mean,168.6716870070732,183.0
2024-12-28,3,arima_no_fourier,154.4772542442147,183.0
2024-12-29,1,naive,109.0,116.0
2024-12-29,1,naive_carry,109.0,116.0
2024-12-29,1,seasonal_naive_7,275.0,116.0
2024-12-29,1,climatology,235.85206349206348,116.0
2024-12-29,1,arima_fourier,131.096186898609,116.0
2024-12-29,1,arima_fourier_mean,141.62533036406515,116.0
2024-12-29,1,arima_no_fourier,132.40585973564143,116.0
2024-12-29,2,naive,109.0,183.0
2024-12-29,2,naive_carry,109.0,183.0
2024-12-29,2,seasonal_naive_7,191.0,183.0
2024-12-29,2,climatology,227.51809523809524,183.0
2024-12-29,2,arima_fourier,145.79936843513758,183.0
2024-12-29,2,arima_fourier_mean,161.87218030806437,183.0
2024-12-29,2,arima_no_fourier,146.58324015165485,183.0
2024-12-29,3,naive,109.0,210.0
2024-12-29,3,naive_carry,109.0,210.0
2024-12-29,3,seasonal_naive_7,212.0,210.0
2024-12-29,3,climatology,220.09587301587305,210.0
2024-12-29,3,arima_fourier,155.21061284405636,210.0
2024-12-29,3,arima_fourier_mean,174.04571215303645,210.0
2024-12-29,3,arima_no_fourier,154.59151495897714,210.0
2024-12-30,1,naive,116.0,183.0
2024-12-30,1,naive_carry,116.0,183.0
2024-12-30,1,seasonal_naive_7,191.0,183.0
2024-12-30,1,climatology,227.51809523809524,183.0
2024-12-30,1,arima_fourier,135.5683265732777,183.0
2024-12-30,1,arima_fourier_mean,146.45665508624856,183.0
2024-12-30,1,arima_no_fourier,134.7678460960392,183.0
2024-12-30,2,naive,116.0,210.0
2024-12-30,2,naive_carry,116.0,210.0
2024-12-30,2,seasonal_naive_7,212.0,210.0
2024-12-30,2,climatology,220.09587301587305,210.0
2024-12-30,2,arima_fourier,148.54026593389383,210.0
2024-12-30,2,arima_fourier_mean,164.91523205250942,210.0
2024-12-30,2,arima_no_fourier,145.76173589995065,210.0
2024-12-30,3,naive,116.0,199.0
2024-12-30,3,naive_carry,116.0,199.0
2024-12-30,3,seasonal_naive_7,210.0,199.0
2024-12-30,3,climatology,216.3,199.0
2024-12-30,3,arima_fourier,156.3168721042743,199.0
2024-12-30,3,arima_fourier_mean,175.28621771160076,199.0
2024-12-30,3,arima_no_fourier,151.86333445737998,199.0
2024-12-31,1,naive,183.0,210.0
2024-12-31,1,naive_carry,183.0,210.0
2024-12-31,1,seasonal_naive_7,212.0,210.0
2024-12-31,1,climatology,220.09587301587305,210.0
2024-12-31,1,arima_fourier,177.5533131751444,210.0
2024-12-31,1,arima_fourier_mean,191.81371483348332,210.0
2024-12-31,1,arima_no_fourier,177.03282349753238,210.0
2024-12-31,2,naive,183.0,199.0
2024-12-31,2,naive_carry,183.0,199.0
2024-12-31,2,seasonal_naive_7,210.0,199.0
2024-12-31,2,climatology,216.3,199.0
2024-12-31,2,arima_fourier,174.09562756013986,199.0
2024-12-31,2,arima_fourier_mean,193.28779709044704,199.0
2024-12-31,2,arima_no_fourier,173.9903191443994,199.0
2024-12-31,3,naive,183.0,268.0
2024-12-31,3,naive_carry,183.0,268.0
2024-12-31,3,seasonal_naive_7,149.0,268.0
2024-12-31,3,climatology,214.6126984126984,268.0
2024-12-31,3,arima_fourier,171.91754003207896,268.0
2024-12-31,3,arima_fourier_mean,192.78005558783886,268.0
2024-12-31,3,arima_no_fourier,172.42019424897398,268.0
2025-01-01,1,naive,210.0,199.0
2025-01-01,1,naive_carry,210.0,199.0
2025-01-01,1,seasonal_naive_7,210.0,199.0
2025-01-01,1,climatology,216.3,199.0
2025-01-01,1,arima_fourier,192.36919575502174,199.0
2025-01-01,1,arima_fourier_mean,207.81955221799555,199.0
2025-01-01,1,arima_no_fourier,193.92916467748344,199.0
2025-01-01,2,naive,210.0,268.0
2025-01-01,2,naive_carry,210.0,268.0
2025-01-01,2,seasonal_naive_7,149.0,268.0
2025-01-01,2,climatology,214.6126984126984,268.0
2025-01-01,2,arima_fourier,182.59619651244057,268.0
2025-01-01,2,arima_fourier_mean,202.72546204373077,268.0
2025-01-01,2,arima_no_fourier,186.02116879021838,268.0
2025-01-01,3,naive,210.0,275.0
2025-01-01,3,naive_carry,210.0,275.0
2025-01-01,3,seasonal_naive_7,91.8,275.0
2025-01-01,3,climatology,209.7253968253968,275.0
2025-01-01,3,arima_fourier,176.9256580812035,275.0
2025-01-01,3,arima_fourier_mean,198.39591777962502,275.0
2025-01-01,3,arima_no_fourier,182.0151258553443,275.0
2025-01-02,1,naive,199.0,268.0
2025-01-02,1,naive_carry,199.0,268.0
2025-01-02,1,seasonal_naive_7,149.0,268.0
2025-01-02,1,climatology,214.6126984126984,268.0
2025-01-02,1,arima_fourier,186.31344098673603,268.0
2025-01-02,1,arima_fourier_mean,201.27742234025672,268.0
2025-01-02,1,arima_no_fourier,189.0967896051349,268.0
2025-01-02,2,naive,199.0,275.0
2025-01-02,2,naive_carry,199.0,275.0
2025-01-02,2,seasonal_naive_7,91.8,275.0
2025-01-02,2,climatology,209.7253968253968,275.0
2025-01-02,2,arima_fourier,179.09159119572328,275.0
2025-01-02,2,arima_fourier_mean,198.83451146638777,275.0
2025-01-02,2,arima_no_fourier,184.11597109086134,275.0
2025-01-02,3,naive,199.0,237.0
2025-01-02,3,naive_carry,199.0,237.0
2025-01-02,3,seasonal_naive_7,109.0,237.0
2025-01-02,3,climatology,208.85396825396825,237.0
2025-01-02,3,arima_fourier,174.7910119063926,237.0
2025-01-02,3,arima_fourier_mean,196.00222794586952,237.0
2025-01-02,3,arima_no_fourier,181.5638356298521,237.0
2025-01-03,1,naive,268.0,275.0
2025-01-03,1,naive_carry,268.0,275.0
2025-01-03,1,seasonal_naive_7,91.8,275.0
2025-01-03,1,climatology,209.7253968253968,275.0
2025-01-03,1,arima_fourier,222.31667428108108,275.0
2025-01-03,1,arima_fourier_mean,240.17229720193228,275.0
2025-01-03,1,arima_no_fourier,229.77854990916376,275.0
2025-01-03,2,naive,268.0,237.0
2025-01-03,2,naive_carry,268.0,237.0
2025-01-03,2,seasonal_naive_7,109.0,237.0
2025-01-03,2,climatology,208.85396825396825,237.0
2025-01-03,2,arima_fourier,199.16368284761984,237.0
2025-01-03,2,arima_fourier_mean,221.11933491458214,237.0
2025-01-03,2,arima_no_fourier,212.0141414225403,237.0
2025-01-04,1,naive,275.0,237.0
2025-01-04,1,naive_carry,275.0,237.0
2025-01-04,1,seasonal_naive_7,109.0,237.0
2025-01-04,1,climatology,208.85396825396825,237.0
2025-01-04,1,arima_fourier,226.01466521634052,237.0
2025-01-04,1,arima_fourier_mean,244.16729647861132,237.0
2025-01-04,1,arima_no_fourier,237.64775262759312,237.0
2025-01-05,3,naive,237.0,137.0
2025-01-05,3,naive_carry,237.0,137.0
2025-01-05,3,seasonal_naive_7,210.0,137.0
2025-01-05,3,climatology,207.67142857142855,137.0
2025-01-05,3,arima_fourier,182.25939529194935,137.0
2025-01-05,3,arima_fourier_mean,204.37691257538728,137.0
2025-01-05,3,arima_no_fourier,206.99971210524407,137.0
2025-01-08,1,naive,137.0,262.0
2025-01-08,1,naive_carry,137.0,262.0
2025-01-08,1,seasonal_naive_7,199.0,262.0
2025-01-08,1,climatology,202.08095238095237,262.0
2025-01-08,1,arima_fourier,149.11876787825503,262.0
2025-01-08,1,arima_fourier_mean,161.09635140169047,262.0
2025-01-08,1,arima_no_fourier,155.37850962870368,262.0
2025-01-08,2,naive,137.0,255.0
2025-01-08,2,naive_carry,137.0,255.0
2025-01-08,2,seasonal_naive_7,268.0,255.0
2025-01-08,2,climatology,197.0015873015873,255.0
2025-01-08,2,arima_fourier,156.35154872607038,255.0
2025-01-08,2,arima_fourier_mean,173.59014563959872,255.0
2025-01-08,2,arima_no_fourier,165.95085202655696,255.0
2025-01-08,3,naive,137.0,164.0
2025-01-08,3,naive_carry,137.0,164.0
2025-01-08,3,seasonal_naive_7,275.0,164.0
2025-01-08,3,climatology,193.64603174603175,164.0
2025-01-08,3,arima_fourier,160.3851415288437,164.0
2025-01-08,3,arima_fourier_mean,179.85202698944784,164.0
2025-01-08,3,arima_no_fourier,171.7628189057992,164.0
2025-01-09,1,naive,262.0,255.0
2025-01-09,1,naive_carry,262.0,255.0
2025-01-09,1,seasonal_naive_7,268.0,255.0
2025-01-09,1,climatology,197.0015873015873,255.0
2025-01-09,1,arima_fourier,218.61671875832803,255.0
2025-01-09,1,arima_fourier_mean,236.1765109260549,255.0
2025-01-09,1,arima_no_fourier,231.68291608436112,255.0
2025-01-09,2,naive,262.0,164.0
2025-01-09,2,naive_carry,262.0,164.0
2025-01-09,2,seasonal_naive_7,275.0,164.0
2025-01-09,2,climatology,193.64603174603175,164.0
2025-01-09,2,arima_fourier,196.3712096784473,164.0
2025-01-09,2,arima_fourier_mean,218.02210471448893,164.0
2025-01-09,2,arima_no_fourier,217.2531013481857,164.0
2025-01-09,3,naive,262.0,155.0
2025-01-09,3,naive_carry,262.0,155.0
2025-01-09,3,seasonal_naive_7,237.0,155.0
2025-01-09,3,climatology,195.27650793650795,155.0
2025-01-09,3,arima_fourier,184.0835238795347,155.0
2025-01-09,3,arima_fourier_mean,206.42670363039636,155.0
2025-01-09,3,arima_no_fourier,210.06887489010222,155.0
2025-01-10,1,naive,255.0,164.0
2025-01-10,1,naive_carry,255.0,164.0
2025-01-10,1,seasonal_naive_7,275.0,164.0
2025-01-10,1,climatology,193.64603174603175,164.0
2025-01-10,1,arima_fourier,215.19991235134574,164.0
2025-01-10,1,arima_fourier_mean,232.48522392272105,164.0
2025-01-10,1,arima_no_fourier,230.95811189481495,164.0
2025-01-10,2,naive,255.0,155.0
2025-01-10,2,naive_carry,255.0,155.0
2025-01-10,2,seasonal_naive_7,237.0,155.0
2025-01-10,2,climatology,195.27650793650795,155.0
2025-01-10,2,arima_fourier,194.54840428884046,155.0
2025-01-10,2,arima_fourier_mean,215.99824486852808,155.0
2025-01-10,2,arima_no_fourier,219.30260312010998,155.0
2025-01-11,1,naive,164.0,155.0
2025-01-11,1,naive_carry,164.0,155.0
2025-01-11,1,seasonal_naive_7,237.0,155.0
2025-01-11,1,climatology,195.27650793650795,155.0
2025-01-11,1,arima_fourier,165.5184264318993,155.0
2025-01-11,1,arima_fourier_mean,178.81318994703275,155.0
2025-01-11,1,arima_no_fourier,176.30882134518674,155.0
2025-01-12,3,naive,155.0,264.0
2025-01-12,3,naive_carry,155.0,264.0
2025-01-12,3,seasonal_naive_7,137.0,264.0
2025-01-12,3,climatology,193.55507936507937,264.0
2025-01-12,3,arima_fourier,162.93563461241456,264.0
2025-01-12,3,arima_fourier_mean,182.7116890241437,264.0
2025-01-12,3,arima_no_fourier,180.4441097381998,264.0
2025-01-13,2,naive,125.0,264.0
2025-01-13,2,naive_carry,125.0,264.0
2025-01-13,2,seasonal_naive_7,137.0,264.0
2025-01-13,2,climatology,193.55507936507937,264.0
2025-01-13,2,arima_fourier,149.22806967059458,264.0
2025-01-13,2,arima_fourier_mean,165.68096156459336,264.0
2025-01-13,2,arima_no_fourier,157.83996308962404,264.0
2025-01-13,3,naive,125.0,160.0
2025-01-13,3,naive_carry,125.0,160.0
2025-01-13,3,seasonal_naive_7,262.0,160.0
2025-01-13,3,climatology,193.0984126984127,160.0
2025-01-13,3,arima_fourier,154.37348384938676,160.0
2025-01-13,3,arima_fourier_mean,173.11023238590195,160.0
2025-01-13,3,arima_no_fourier,164.59145485519701,160.0
2025-01-14,1,naive,159.0,264.0
2025-01-14,1,naive_carry,159.0,264.0
2025-01-14,1,seasonal_naive_7,137.0,264.0
2025-01-14,1,climatology,193.55507936507937,264.0
2025-01-14,1,arima_fourier,160.91903008904666,264.0
2025-01-14,1,arima_fourier_mean,173.84428879680848,264.0
2025-01-14,1,arima_no_fourier,166.8687680735917,264.0
2025-01-14,2,naive,159.0,160.0
2025-01-14,2,naive_carry,159.0,160.0
2025-01-14,2,seasonal_naive_7,262.0,160.0
2025-01-14,2,climatology,193.0984126984127,160.0
2025-01-14,2,arima_fourier,161.56729591821835,160.0
2025-01-14,2,arima_fourier_mean,179.38056809276674,160.0
2025-01-14,2,arima_no_fourier,171.1374103494231,160.0
2025-01-14,3,naive,159.0,147.0
2025-01-14,3,naive_carry,159.0,147.0
2025-01-14,3,seasonal_naive_7,255.0,147.0
2025-01-14,3,climatology,189.59079365079367,147.0
2025-01-14,3,arima_fourier,161.4348565177882,147.0
2025-01-14,3,arima_fourier_mean,181.02857394100386,147.0
2025-01-14,3,arima_no_fourier,173.41289712279647,147.0
2025-01-15,1,naive,264.0,160.0
2025-01-15,1,naive_carry,264.0,160.0
2025-01-15,1,seasonal_naive_7,262.0,160.0
2025-01-15,1,climatology,193.0984126984127,160.0
2025-01-15,1,arima_fourier,216.88249472129448,160.0
2025-01-15,1,arima_fourier_mean,234.30279236933308,160.0
2025-01-15,1,arima_no_fourier,229.12584142938866,160.0
2025-01-15,2,naive,264.0,147.0
2025-01-15,2,naive_carry,264.0,147.0
2025-01-15,2,seasonal_naive_7,255.0,147.0
2025-01-15,2,climatology,189.59079365079367,147.0
2025-01-15,2,arima_fourier,192.8474299202112,147.0
2025-01-15,2,arima_fourier_mean,214.1093590459471,147.0
2025-01-15,2,arima_no_fourier,212.76419594721824,147.0
2025-01-15,3,naive,264.0,166.0
2025-01-15,3,naive_carry,264.0,166.0
2025-01-15,3,seasonal_naive_7,164.0,166.0
2025-01-15,3,climatology,187.15650793650792,166.0
2025-01-15,3,arima_fourier,179.51218120323438,166.0
2025-01-15,3,arima_fourier_mean,201.29988742523264,166.0
2025-01-15,3,arima_no_fourier,204.67893334461266,166.0
2025-01-16,1,naive,160.0,147.0
2025-01-16,1,naive_carry,160.0,147.0
2025-01-16,1,seasonal_naive_7,255.0,147.0
2025-01-16,1,climatology,189.59079365079367,147.0
2025-01-16,1,arima_fourier,160.93250465935242,147.0
2025-01-16,1,arima_fourier_mean,173.85880060121596,147.0
2025-01-16,1,arima_no_fourier,169.32559002085156,147.0
2025-01-16,2,naive,160.0,166.0
2025-01-16,2,naive_carry,160.0,166.0
2025-01-16,2,seasonal_naive_7,164.0,166.0
2025-01-16,2,climatology,187.15650793650792,166.0
2025-01-16,2,arima_fourier,160.93429552372604,166.0
2025-01-16,2,arima_fourier_mean,178.67766171321958,166.0
2025-01-16,2,arima_no_fourier,174.41664606073343,166.0
2025-01-16,3,naive,160.0,219.0
2025-01-16,3,naive_carry,160.0,219.0
2025-01-16,3,seasonal_naive_7,155.0,219.0
2025-01-16,3,climatology,185.86603174603175,219.0
2025-01-16,3,arima_fourier,160.35957981736126,219.0
2025-01-16,3,arima_fourier_mean,179.82261673301602,219.0
2025-01-16,3,arima_no_fourier,177.1395516749676,219.0
2025-01-17,1,naive,147.0,166.0
2025-01-17,1,naive_carry,147.0,166.0
2025-01-17,1,seasonal_naive_7,164.0,166.0
2025-01-17,1,climatology,187.15650793650792,166.0
2025-01-17,1,arima_fourier,152.49619060348405,166.0
2025-01-17,1,arima_fourier_mean,164.74485096007533,166.0
2025-01-17,1,arima_no_fourier,159.42137934329605,166.0
2025-01-17,2,naive,147.0,219.0
2025-01-17,2,naive_carry,147.0,219.0
2025-01-17,2,seasonal_naive_7,155.0,219.0
2025-01-17,2,climatology,185.86603174603175,219.0
2025-01-17,2,arima_fourier,155.2283091108111,219.0
2025-01-17,2,arima_fourier_mean,172.3425238876989,219.0
2025-01-17,2,arima_no_fourier,166.3293238221875,219.0
2025-01-17,3,naive,147.0,169.0
2025-01-17,3,naive_carry,147.0,169.0
2025-01-17,3,seasonal_naive_7,125.0,169.0
2025-01-17,3,climatology,182.6915873015873,169.0
2025-01-17,3,arima_fourier,156.24336753929833,169.0
2025-01-17,3,arima_fourier_mean,175.2067344334553,169.0
2025-01-17,3,arima_no_fourier,170.06004524860685,169.0
2025-01-18,1,naive,166.0,219.0
2025-01-18,1,naive_carry,166.0,219.0
2025-01-18,1,seasonal_naive_7,155.0,219.0
2025-01-18,1,climatology,185.86603174603175,219.0
2025-01-18,1,arima_fourier,163.2627335100841,219.0
2025-01-18,1,arima_fourier_mean,176.37615296636508,219.0
2025-01-18,1,arima_no_fourier,170.66033252928298,219.0
2025-01-18,2,naive,166.0,169.0
2025-01-18,2,naive_carry,166.0,169.0
2025-01-18,2,seasonal_naive_7,125.0,169.0
2025-01-18,2,climatology,182.6915873015873,169.0
2025-01-18,2,arima_fourier,161.0778225229828,169.0
2025-01-18,2,arima_fourier_mean,178.83690303394386,169.0
2025-01-18,2,arima_no_fourier,173.14920595686053,169.0
2025-01-18,3,naive,166.0,136.0
2025-01-18,3,naive_carry,166.0,136.0
2025-01-18,3,seasonal_naive_7,159.0,136.0
2025-01-18,3,climatology,176.8515873015873,136.0
2025-01-18,3,arima_fourier,159.17764063275712,136.0
2025-01-18,3,arima_fourier_mean,178.49706263028943,136.0
2025-01-18,3,arima_no_fourier,174.46512097853565,136.0
2025-01-19,1,naive,219.0,169.0
2025-01-19,1,naive_carry,219.0,169.0
2025-01-19,1,seasonal_naive_7,125.0,169.0
2025-01-19,1,climatology,182.6915873015873,169.0
2025-01-19,1,arima_fourier,191.82296047429068,169.0
2025-01-19,1,arima_fourier_mean,207.23034033095615,169.0
2025-01-19,1,arima_no_fourier,202.89189061522455,169.0
2025-01-19,2,naive,219.0,136.0
2025-01-19,2,naive_carry,219.0,136.0
2025-01-19,2,seasonal_naive_7,159.0,136.0
2025-01-19,2,climatology,176.8515873015873,136.0
2025-01-19,2,arima_fourier,176.88589356979472,136.0
2025-01-19,2,arima_fourier_mean,196.38778057910253,136.0
2025-01-19,2,arima_no_fourier,194.94599753394,136.0
2025-01-19,3,naive,219.0,124.0
2025-01-19,3,naive_carry,219.0,124.0
2025-01-19,3,seasonal_naive_7,264.0,124.0
2025-01-19,3,climatology,169.80396825396826,124.0
2025-01-19,3,arima_fourier,168.02403287445037,124.0
2025-01-19,3,arima_fourier_mean,188.41706139058562,124.0
2025-01-19,3,arima_no_fourier,190.91558174160204,124.0
2025-01-20,1,naive,169.0,136.0
2025-01-20,1,naive_carry,169.0,136.0
2025-01-20,1,seasonal_naive_7,159.0,136.0
2025-01-20,1,climatology,176.8515873015873,136.0
2025-01-20,1,arima_fourier,164.0490246770059,136.0
2025-01-20,1,arima_fourier_mean,177.22555854347496,136.0
2025-01-20,1,arima_no_fourier,173.56644899356365,136.0
2025-01-20,2,naive,169.0,124.0
2025-01-20,2,naive_carry,169.0,124.0
2025-01-20,2,seasonal_naive_7,264.0,124.0
2025-01-20,2,climatology,169.80396825396826,124.0
2025-01-20,2,arima_fourier,160.55126087503328,124.0
2025-01-20,2,arima_fourier_mean,178.25218338630373,124.0
2025-01-20,2,arima_no_fourier,176.00328371245297,124.0
2025-01-20,3,naive,169.0,111.0
2025-01-20,3,naive_carry,169.0,111.0
2025-01-20,3,seasonal_naive_7,160.0,111.0
2025-01-20,3,climatology,165.29507936507937,111.0
2025-01-20,3,arima_fourier,157.84015430408581,111.0
2025-01-20,3,arima_fourier_mean,176.99709353908486,111.0
2025-01-20,3,arima_no_fourier,177.2911593990135,111.0
2025-01-21,1,naive,136.0,124.0
2025-01-21,1,naive_carry,136.0,124.0
2025-01-21,1,seasonal_naive_7,264.0,124.0
2025-01-21,1,climatology,169.80396825396826,124.0
2025-01-21,1,arima_fourier,143.60860641209393,124.0
2025-01-21,1,arima_fourier_mean,155.14333406419672,124.0
2025-01-21,1,arima_no_fourier,150.7316656599203,124.0
2025-01-21,2,naive,136.0,111.0
2025-01-21,2,naive_carry,136.0,111.0
2025-01-21,2,seasonal_naive_7,160.0,111.0
2025-01-21,2,climatology,165.29507936507937,111.0
2025-01-21,2,arima_fourier,147.56087293612683,111.0
2025-01-21,2,arima_fourier_mean,163.82954757121456,111.0
2025-01-21,2,arima_no_fourier,159.06010759747804,111.0
2025-01-21,3,naive,136.0,90.8
2025-01-21,3,naive_carry,136.0,90.8
2025-01-21,3,seasonal_naive_7,147.0,90.8
2025-01-21,3,climatology,163.0704761904762,90.8
2025-01-21,3,arima_fourier,149.19997447608128,90.8
2025-01-21,3,arima_fourier_mean,167.30819277622308,90.8
2025-01-21,3,arima_no_fourier,163.5969200264897,90.8
2025-01-22,1,naive,124.0,111.0
2025-01-22,1,naive_carry,124.0,111.0
2025-01-22,1,seasonal_naive_7,160.0,111.0
2025-01-22,1,climatology,165.29507936507937,111.0
2025-01-22,1,arima_fourier,135.22307848430574,111.0
2025-01-22,1,arima_fourier_mean,146.0842597111687,111.0
2025-01-22,1,arima_no_fourier,140.50293081059306,111.0
2025-01-22,2,naive,124.0,90.8
2025-01-22,2,naive_carry,124.0,90.8
2025-01-22,2,seasonal_naive_7,147.0,90.8
2025-01-22,2,climatology,163.0704761904762,90.8
2025-01-22,2,arima_fourier,141.5372374434502,90.8
2025-01-22,2,arima_fourier_mean,157.14175989860126,90.8
2025-01-22,2,arima_no_fourier,149.9896363238638,90.8
2025-01-22,3,naive,124.0,71.7
2025-01-22,3,naive_carry,124.0,71.7
2025-01-22,3,seasonal_naive_7,166.0,71.7
2025-01-22,3,climatology,159.13206349206348,71.7
2025-01-22,3,arima_fourier,144.62136203405473,71.7
2025-01-22,3,arima_fourier_mean,162.17381473731524,71.7
2025-01-22,3,arima_no_fourier,155.20285853698476,71.7
2025-01-23,1,naive,111.0,90.8
2025-01-23,1,naive_carry,111.0,90.8
2025-01-23,1,seasonal_naive_7,147.0,90.8
2025-01-23,1,climatology,163.0704761904762,90.8
2025-01-23,1,arima_fourier,125.85903221026246,90.8
2025-01-23,1,arima_fourier_mean,135.96807443707894,90.8
2025-01-23,1,arima_no_fourier,129.1271297946311,90.8
2025-01-23,2,naive,111.0,71.7
2025-01-23,2,naive_carry,111.0,71.7
2025-01-23,2,seasonal_naive_7,166.0,71.7
2025-01-23,2,climatology,159.13206349206348,71.7
2025-01-23,2,arima_fourier,134.723927809767,71.7
2025-01-23,2,arima_fourier_mean,149.57724123396028,71.7
2025-01-23,2,arima_no_fourier,139.75611948107664,71.7
2025-01-23,3,naive,111.0,86.1
2025-01-23,3,naive_carry,111.0,86.1
2025-01-23,3,seasonal_naive_7,219.0,86.1
2025-01-23,3,climatology,158.3942857142857,86.1
2025-01-23,3,arima_fourier,139.43290517620116,86.1
2025-01-23,3,arima_fourier_mean,156.35558253901863,86.1
2025-01-23,3,arima_no_fourier,145.6582429100469,86.1
2025-01-24,1,naive,90.8,71.7
2025-01-24,1,naive_carry,90.8,71.7
2025-01-24,1,seasonal_naive_7,166.0,71.7
2025-01-24,1,climatology,159.13206349206348,71.7
2025-01-24,1,arima_fourier,110.94577106072634,71.7
2025-01-24,1,arima_fourier_mean,119.85696248985094,71.7
2025-01-24,1,arima_no_fourier,111.73721573722388,71.7
2025-01-24,2,naive,90.8,86.1
2025-01-24,2,naive_carry,90.8,86.1
2025-01-24,2,seasonal_naive_7,219.0,86.1
2025-01-24,2,climatology,158.3942857142857,86.1
2025-01-24,2,arima_fourier,124.00552059508773,86.1
2025-01-24,2,arima_fourier_mean,137.67709409191107,86.1
2025-01-24,2,arima_no_fourier,124.54310861973808,86.1
2025-01-24,3,naive,90.8,113.0
2025-01-24,3,naive_carry,90.8,113.0
2025-01-24,3,seasonal_naive_7,169.0,113.0
2025-01-24,3,climatology,154.57142857142856,113.0
2025-01-24,3,arima_fourier,131.57401912410617,113.0
2025-01-24,3,arima_fourier_mean,147.5428240285573,113.0
2025-01-24,3,arima_no_fourier,131.81381182221384,113.0
2025-01-25,1,naive,71.7,86.1
2025-01-25,1,naive_carry,71.7,86.1
2025-01-25,1,seasonal_naive_7,219.0,86.1
2025-01-25,1,climatology,158.3942857142857,86.1
2025-01-25,1,arima_fourier,95.64947720439733,86.1
2025-01-25,1,arima_fourier_mean,103.3320562029041,86.1
2025-01-25,1,arima_no_fourier,93.94964607674142,86.1
2025-01-25,2,naive,71.7,113.0
2025-01-25,2,naive_carry,71.7,113.0
2025-01-25,2,seasonal_naive_7,169.0,113.0
2025-01-25,2,climatology,154.57142857142856,113.0
2025-01-25,2,arima_fourier,112.48181337063208,113.0
2025-01-25,2,arima_fourier_mean,124.88287006384849,113.0
2025-01-25,2,arima_no_fourier,108.21165561793708,113.0
2025-01-25,3,naive,71.7,116.0
2025-01-25,3,naive_carry,71.7,116.0
2025-01-25,3,seasonal_naive_7,136.0,116.0
2025-01-25,3,climatology,152.19809523809525,116.0
2025-01-25,3,arima_fourier,122.89630499553326,116.0
2025-01-25,3,arima_fourier_mean,137.81186678778207,116.0
2025-01-25,3,arima_no_fourier,116.51199185027299,116.0
2025-01-26,1,naive,86.1,113.0
2025-01-26,1,naive_carry,86.1,113.0
2025-01-26,1,seasonal_naive_7,169.0,113.0
2025-01-26,1,climatology,154.57142857142856,113.0
2025-01-26,1,arima_fourier,105.66102038081392,113.0
2025-01-26,1,arima_fourier_mean,114.14771673290467,113.0
2025-01-26,1,arima_no_fourier,102.3761362905476,113.0
2025-01-26,2,naive,86.1,116.0
2025-01-26,2,naive_carry,86.1,116.0
2025-01-26,2,seasonal_naive_7,136.0,116.0
2025-01-26,2,climatology,152.19809523809525,116.0
2025-01-26,2,arima_fourier,118.34069224463019,116.0
2025-01-26,2,arima_fourier_mean,131.3876549333377,116.0
2025-01-26,2,arima_no_fourier,112.07801205980131,116.0
2025-01-26,3,naive,86.1,231.0
2025-01-26,3,naive_carry,86.1,231.0
2025-01-26,3,seasonal_naive_7,124.0,231.0
2025-01-26,3,climatology,148.94396825396828,231.0
2025-01-26,3,arima_fourier,125.65320883742578,231.0
2025-01-26,3,arima_fourier_mean,140.9033171865699,231.0
2025-01-26,3,arima_no_fourier,117.51213815674174,231.0
2025-01-27,1,naive,113.0,116.0
2025-01-27,1,naive_carry,113.0,116.0
2025-01-27,1,seasonal_naive_7,136.0,116.0
2025-01-27,1,climatology,152.19809523809525,116.0
2025-01-27,1,arima_fourier,123.16262210064549,116.0
2025-01-27,1,arima_fourier_mean,133.05503497532703,116.0
2025-01-27,1,arima_no_fourier,119.33400912142906,116.0
2025-01-27,2,naive,113.0,231.0
2025-01-27,2,naive_carry,113.0,231.0
2025-01-27,2,seasonal_naive_7,124.0,231.0
2025-01-27,2,climatology,148.94396825396828,231.0
2025-01-27,2,arima_fourier,128.72027997261287,231.0
2025-01-27,2,arima_fourier_mean,142.91154956039966,231.0
2025-01-27,2,arima_no_fourier,122.78636215265549,231.0
2025-01-27,3,naive,113.0,180.0
2025-01-27,3,naive_carry,113.0,180.0
2025-01-27,3,seasonal_naive_7,111.0,180.0
2025-01-27,3,climatology,150.03396825396828,180.0
2025-01-27,3,arima_fourier,131.25421335767038,180.0
2025-01-27,3,arima_fourier_mean,147.18404525090207,180.0
2025-01-27,3,arima_no_fourier,124.63127427032062,180.0
2025-01-28,1,naive,116.0,231.0
2025-01-28,1,naive_carry,116.0,231.0
2025-01-28,1,seasonal_naive_7,124.0,231.0
2025-01-28,1,climatology,148.94396825396828,231.0
2025-01-28,1,arima_fourier,124.21421044758623,231.0
2025-01-28,1,arima_fourier_mean,134.19107439556478,231.0
2025-01-28,1,arima_no_fourier,120.59558946330642,231.0
2025-01-28,2,naive,116.0,180.0
2025-01-28,2,naive_carry,116.0,180.0
2025-01-28,2,seasonal_naive_7,111.0,180.0
2025-01-28,2,climatology,150.03396825396828,180.0
2025-01-28,2,arima_fourier,128.46018279022655,180.0
2025-01-28,2,arima_fourier_mean,142.62274392019407,180.0
2025-01-28,2,arima_no_fourier,123.07078576061772,180.0
2025-01-28,3,naive,116.0,183.0
2025-01-28,3,naive_carry,116.0,183.0
2025-01-28,3,seasonal_naive_7,90.8,183.0
2025-01-28,3,climatology,147.10619047619048,183.0
2025-01-28,3,arima_fourier,130.1600264594611,183.0
2025-01-28,3,arima_fourier_mean,145.957011194863,183.0
2025-01-28,3,arima_no_fourier,124.38529244424276,183.0
2025-01-29,1,naive,231.0,180.0
2025-01-29,1,naive_carry,231.0,180.0
2025-01-29,1,seasonal_naive_7,111.0,180.0
2025-01-29,1,climatology,150.03396825396828,180.0
2025-01-29,1,arima_fourier,185.7870252522848,180.0
2025-01-29,1,arima_fourier_mean,200.70938896640865,180.0
2025-01-29,1,arima_no_fourier,185.993751954459,180.0
2025-01-29,2,naive,231.0,183.0
2025-01-29,2,naive_carry,231.0,183.0
2025-01-29,2,seasonal_naive_7,90.8,183.0
2025-01-29,2,climatology,147.10619047619048,183.0
2025-01-29,2,arima_fourier,162.6445383658323,183.0
2025-01-29,2,arima_fourier_mean,180.57583767934105,183.0
2025-01-29,2,arima_no_fourier,166.06723172417162,183.0
2025-01-29,3,naive,231.0,221.0
2025-01-29,3,naive_carry,231.0,221.0
2025-01-29,3,seasonal_naive_7,71.7,221.0
2025-01-29,3,climatology,146.8852380952381,221.0
2025-01-29,3,arima_fourier,149.545543303139,221.0
2025-01-29,3,arima_fourier_mean,167.69521244336963,221.0
2025-01-29,3,arima_no_fourier,156.51230208730664,221.0
2025-01-30,1,naive,180.0,183.0
2025-01-30,1,naive_carry,180.0,183.0
2025-01-30,1,seasonal_naive_7,90.8,183.0
2025-01-30,1,climatology,147.10619047619048,183.0
2025-01-30,1,arima_fourier,159.61219791003504,183.0
2025-01-30,1,arima_fourier_mean,172.4321914256048,183.0
2025-01-30,1,arima_no_fourier,162.6469098165238,183.0
2025-01-30,2,naive,180.0,221.0
2025-01-30,2,naive_carry,180.0,221.0
2025-01-30,2,seasonal_naive_7,71.7,221.0
2025-01-30,2,climatology,146.8852380952381,221.0
2025-01-30,2,arima_fourier,147.85572404521392,221.0
2025-01-30,2,arima_fourier_mean,164.1565442883915,221.0
2025-01-30,2,arima_no_fourier,154.24927823748249,221.0
2025-01-30,3,naive,180.0,183.0
2025-01-30,3,naive_carry,180.0,183.0
2025-01-30,3,seasonal_naive_7,86.1,183.0
2025-01-30,3,climatology,146.23971428571429,183.0
2025-01-30,3,arima_fourier,140.45890611666775,183.0
2025-01-30,3,arima_fourier_mean,157.5057200970035,183.0
2025-01-30,3,arima_no_fourier,150.0320341572266,183.0
2025-01-31,1,naive,183.0,221.0
2025-01-31,1,naive_carry,183.0,221.0
2025-01-31,1,seasonal_naive_7,71.7,221.0
2025-01-31,1,climatology,146.8852380952381,221.0
2025-01-31,1,arima_fourier,160.38235268554686,221.0
2025-01-31,1,arima_fourier_mean,173.26418994927278,221.0
2025-01-31,1,arima_no_fourier,166.24753760045166,221.0
2025-01-31,2,naive,183.0,183.0
2025-01-31,2,naive_carry,183.0,183.0
2025-01-31,2,seasonal_naive_7,86.1,183.0
2025-01-31,2,climatology,146.23971428571429,183.0
2025-01-31,2,arima_fourier,147.52834921425267,183.0
2025-01-31,2,arima_fourier_mean,163.79304199273378,183.0
2025-01-31,2,arima_no_fourier,158.10710653714807,183.0
2025-01-31,3,naive,183.0,111.0
2025-01-31,3,naive_carry,183.0,111.0
2025-01-31,3,seasonal_naive_7,113.0,111.0
2025-01-31,3,climatology,145.15038095238094,111.0
2025-01-31,3,arima_fourier,139.5467007434973,111.0
2025-01-31,3,arima_fourier_mean,156.48275554340088,111.0
2025-01-31,3,arima_no_fourier,154.01024547073285,111.0
2025-02-01,1,naive,221.0,183.0
2025-02-01,1,naive_carry,221.0,183.0
2025-02-01,1,seasonal_naive_7,86.1,183.0
2025-02-01,1,climatology,146.23971428571429,183.0
2025-02-01,1,arima_fourier,178.5187710813822,183.0
2025-02-01,1,arima_fourier_mean,192.85730114150684,183.0
2025-02-01,1,arima_no_fourier,189.45272889898334,183.0
2025-02-01,2,naive,221.0,111.0
2025-02-01,2,naive_carry,221.0,111.0
2025-02-01,2,seasonal_naive_7,113.0,111.0
2025-02-01,2,climatology,145.15038095238094,111.0
2025-02-01,2,arima_fourier,156.57460205868728,111.0
2025-02-01,2,arima_fourier_mean,173.83658918772815,111.0
2025-02-01,2,arima_no_fourier,174.79203785368392,111.0
2025-02-01,3,naive,221.0,157.0
2025-02-01,3,naive_carry,221.0,157.0
2025-02-01,3,seasonal_naive_7,116.0,157.0
2025-02-01,3,climatology,147.46215873015873,157.0
2025-02-01,3,arima_fourier,144.02992446320573,157.0
2025-02-01,3,arima_fourier_mean,161.51003524065368,157.0
2025-02-01,3,arima_no_fourier,167.58306213322905,157.0
2025-02-02,1,naive,183.0,111.0
2025-02-02,1,naive_carry,183.0,111.0
2025-02-02,1,seasonal_naive_7,113.0,111.0
2025-02-02,1,climatology,145.15038095238094,111.0
2025-02-02,1,arima_fourier,158.9003821354145,111.0
2025-02-02,1,arima_fourier_mean,171.6631600260711,111.0
2025-02-02,1,arima_no_fourier,170.98586877390048,111.0
2025-02-02,2,naive,183.0,157.0
2025-02-02,2,naive_carry,183.0,157.0
2025-02-02,2,seasonal_naive_7,116.0,157.0
2025-02-02,2,climatology,147.46215873015873,157.0
2025-02-02,2,arima_fourier,145.3179917382322,157.0
2025-02-02,2,arima_fourier_mean,161.33893099065486,157.0
2025-02-02,2,arima_no_fourier,165.020801758094,157.0
2025-02-02,3,naive,183.0,109.0
2025-02-02,3,naive_carry,183.0,109.0
2025-02-02,3,seasonal_naive_7,231.0,109.0
2025-02-02,3,climatology,148.28715873015875,109.0
2025-02-02,3,arima_fourier,136.93754740300213,109.0
2025-02-02,3,arima_fourier_mean,153.55685002292975,109.0
2025-02-02,3,arima_no_fourier,161.98484481788756,109.0
2025-02-03,1,naive,111.0,157.0
2025-02-03,1,naive_carry,111.0,157.0
2025-02-03,1,seasonal_naive_7,116.0,157.0
2025-02-03,1,climatology,147.46215873015873,157.0
2025-02-03,1,arima_fourier,117.39747617082112,157.0
2025-02-03,1,arima_fourier_mean,126.82675698632231,157.0
2025-02-03,1,arima_no_fourier,125.40919854135832,157.0
2025-02-03,2,naive,111.0,109.0
2025-02-03,2,naive_carry,111.0,109.0
2025-02-03,2,seasonal_naive_7,231.0,109.0
2025-02-03,2,climatology,148.28715873015875,109.0
2025-02-03,2,arima_fourier,120.38492554179594,109.0
2025-02-03,2,arima_fourier_mean,133.65703126959772,109.0
2025-02-03,2,arima_no_fourier,133.67426192895476,109.0
2025-02-03,3,naive,111.0,90.5
2025-02-03,3,naive_carry,111.0,90.5
2025-02-03,3,seasonal_naive_7,180.0,90.5
2025-02-03,3,climatology,146.6031111111111,90.5
2025-02-03,3,arima_fourier,121.22751877474349,90.5
2025-02-03,3,arima_fourier_mean,135.94014838547068,90.5
2025-02-03,3,arima_no_fourier,138.2109502234795,90.5
2025-02-04,1,naive,157.0,109.0
2025-02-04,1,naive_carry,157.0,109.0
2025-02-04,1,seasonal_naive_7,231.0,109.0
2025-02-04,1,climatology,148.28715873015875,109.0
2025-02-04,1,arima_fourier,143.1039603558899,109.0
2025-02-04,1,arima_fourier_mean,154.59795562206742,109.0
2025-02-04,1,arima_no_fourier,154.18273797977275,109.0
2025-02-04,2,naive,157.0,90.5
2025-02-04,2,naive_carry,157.0,90.5
2025-02-04,2,seasonal_naive_7,180.0,90.5
2025-02-04,2,climatology,146.6031111111111,90.5
2025-02-04,2,arima_fourier,134.56611095707876,90.5
2025-02-04,2,arima_fourier_mean,149.40162456184532,90.5
2025-02-04,2,arima_no_fourier,152.72970778424045,90.5
2025-02-04,3,naive,157.0,68.4
2025-02-04,3,naive_carry,157.0,68.4
2025-02-04,3,seasonal_naive_7,183.0,68.4
2025-02-04,3,climatology,144.1231111111111,68.4
2025-02-04,3,arima_fourier,128.8283268063452,68.4
2025-02-04,3,arima_fourier_mean,144.46337835271572,68.4
2025-02-04,3,arima_no_fourier,151.97534210024455,68.4
2025-02-05,1,naive,109.0,90.5
2025-02-05,1,naive_carry,109.0,90.5
2025-02-05,1,seasonal_naive_7,180.0,90.5
2025-02-05,1,climatology,146.6031111111111,90.5
2025-02-05,1,arima_fourier,114.45202759371546,90.5
2025-02-05,1,arima_fourier_mean,123.64471337519923,90.5
2025-02-05,1,arima_no_fourier,122.52910085990227,90.5
2025-02-05,2,naive,109.0,68.4
2025-02-05,2,naive_carry,109.0,68.4
2025-02-05,2,seasonal_naive_7,183.0,68.4
2025-02-05,2,climatology,144.1231111111111,68.4
2025-02-05,2,arima_fourier,116.83033001105153,68.4
2025-02-05,2,arima_fourier_mean,129.71050227227457,68.4
2025-02-05,2,arima_no_fourier,130.2598356368067,68.4
2025-02-05,3,naive,109.0,75.9
2025-02-05,3,naive_carry,109.0,75.9
2025-02-05,3,seasonal_naive_7,221.0,75.9
2025-02-05,3,climatology,140.11666666666667,75.9
2025-02-05,3,arima_fourier,117.29676577577044,75.9
2025-02-05,3,arima_fourier_mean,131.53227097273438,75.9
2025-02-05,3,arima_no_fourier,134.49474749072738,75.9
2025-02-06,1,naive,90.5,68.4
2025-02-06,1,naive_carry,90.5,68.4
2025-02-06,1,seasonal_naive_7,183.0,68.4
2025-02-06,1,climatology,144.1231111111111,68.4
2025-02-06,1,arima_fourier,101.60334828146591,68.4
2025-02-06,1,arima_fourier_mean,109.7640315054378,68.4
2025-02-06,1,arima_no_fourier,107.45068467659331,68.4
2025-02-06,2,naive,90.5,75.9
2025-02-06,2,naive_carry,90.5,75.9
2025-02-06,2,seasonal_naive_7,221.0,75.9
2025-02-06,2,climatology,140.11666666666667,75.9
2025-02-06,2,arima_fourier,107.81173703771366,75.9
2025-02-06,2,arima_fourier_mean,119.69761634239936,75.9
2025-02-06,2,arima_no_fourier,117.54355632664742,75.9
2025-02-06,3,naive,90.5,108.0
2025-02-06,3,naive_carry,90.5,108.0
2025-02-06,3,seasonal_naive_7,183.0,108.0
2025-02-06,3,climatology,139.51222222222222,108.0
2025-02-06,3,arima_fourier,110.69128103298587,108.0
2025-02-06,3,arima_fourier_mean,124.12509052716652,108.0
2025-02-06,3,arima_no_fourier,123.19341683373258,108.0
2025-02-07,1,naive,68.4,75.9
2025-02-07,1,naive_carry,68.4,75.9
2025-02-07,1,seasonal_naive_7,221.0,75.9
2025-02-07,1,climatology,140.11666666666667,75.9
2025-02-07,1,arima_fourier,85.2041282097388,75.9
2025-02-07,1,arima_fourier_mean,92.04763533193662,75.9
2025-02-07,1,arima_no_fourier,88.22268656199363,75.9
2025-02-07,2,naive,68.4,108.0
2025-02-07,2,naive_carry,68.4,108.0
2025-02-07,2,seasonal_naive_7,183.0,108.0
2025-02-07,2,climatology,139.51222222222222,108.0
2025-02-07,2,arima_fourier,96.0285316588831,108.0
2025-02-07,2,arima_fourier_mean,106.61533355507446,108.0
2025-02-07,2,arima_no_fourier,100.78042451382376,108.0
2025-02-07,3,naive,68.4,127.0
2025-02-07,3,naive_carry,68.4,127.0
2025-02-07,3,seasonal_naive_7,111.0,127.0
2025-02-07,3,climatology,136.12722222222223,127.0
2025-02-07,3,arima_fourier,102.09621110465336,127.0
2025-02-07,3,arima_fourier_mean,114.48686854392814,127.0
2025-02-07,3,arima_no_fourier,108.04362143628748,127.0
2025-02-08,1,naive,75.9,108.0
2025-02-08,1,naive_carry,75.9,108.0
2025-02-08,1,seasonal_naive_7,183.0,108.0
2025-02-08,1,climatology,139.51222222222222,108.0
2025-02-08,1,arima_fourier,89.64657365011263,108.0
2025-02-08,1,arima_fourier_mean,96.84688670351362,108.0
2025-02-08,1,arima_no_fourier,91.59375156621913,108.0
2025-02-08,2,naive,75.9,127.0
2025-02-08,2,naive_carry,75.9,127.0
2025-02-08,2,seasonal_naive_7,111.0,127.0
2025-02-08,2,climatology,136.12722222222223,127.0
2025-02-08,2,arima_fourier,97.94353669180373,127.0
2025-02-08,2,arima_fourier_mean,108.74144229640177,127.0
2025-02-08,2,arima_no_fourier,101.05298615431387,127.0
2025-02-08,3,naive,75.9,120.0
2025-02-08,3,naive_carry,75.9,120.0
2025-02-08,3,seasonal_naive_7,157.0,120.0
2025-02-08,3,climatology,133.1238888888889,120.0
2025-02-08,3,arima_fourier,102.25479286607997,120.0
2025-02-08,3,arima_fourier_mean,114.664667079266,120.0
2025-02-08,3,arima_no_fourier,106.38229064919099,120.0
2025-02-09,1,naive,108.0,127.0
2025-02-09,1,naive_carry,108.0,127.0
2025-02-09,1,seasonal_naive_7,111.0,127.0
2025-02-09,1,climatology,136.12722222222223,127.0
2025-02-09,1,arima_fourier,109.4166321906635,127.0
2025-02-09,1,arima_fourier_mean,118.20484641875916,127.0
2025-02-09,1,arima_no_fourier,112.20461273328657,127.0
2025-02-09,2,naive,108.0,120.0
2025-02-09,2,naive_carry,108.0,120.0
2025-02-09,2,seasonal_naive_7,157.0,120.0
2025-02-09,2,climatology,133.1238888888889,120.0
2025-02-09,2,arima_fourier,109.32804550797759,120.0
2025-02-09,2,arima_fourier_mean,121.3810299155682,120.0
2025-02-09,2,arima_no_fourier,114.46809422334714,120.0
2025-02-09,3,naive,108.0,78.3
2025-02-09,3,naive_carry,108.0,78.3
2025-02-09,3,seasonal_naive_7,109.0,78.3
2025-02-09,3,climatology,131.14833333333334,78.3
2025-02-09,3,arima_fourier,108.35203922864937,78.3
2025-02-09,3,arima_fourier_mean,121.50185909350857,78.3
2025-02-09,3,arima_no_fourier,115.66984997432145,78.3
2025-02-10,1,naive,127.0,120.0
2025-02-10,1,naive_carry,127.0,120.0
2025-02-10,1,seasonal_naive_7,157.0,120.0
2025-02-10,1,climatology,133.1238888888889,120.0
2025-02-10,1,arima_fourier,119.46000576257441,120.0
2025-02-10,1,arima_fourier_mean,129.05488342411246,120.0
2025-02-10,1,arima_no_fourier,123.8396583546358,120.0
2025-02-10,2,naive,127.0,78.3
2025-02-10,2,naive_carry,127.0,78.3
2025-02-10,2,seasonal_naive_7,109.0,78.3
2025-02-10,2,climatology,131.14833333333334,78.3
2025-02-10,2,arima_fourier,114.30844621367156,78.3
2025-02-10,2,arima_fourier_mean,126.91047936140384,78.3
2025-02-10,2,arima_no_fourier,122.21847539093326,78.3
2025-02-10,3,naive,127.0,57.5
2025-02-10,3,naive_carry,127.0,57.5
2025-02-10,3,seasonal_naive_7,90.5,57.5
2025-02-10,3,climatology,128.48944444444444,57.5
2025-02-10,3,arima_fourier,110.46296753579561,57.5
2025-02-10,3,arima_fourier_mean,123.86894406795378,57.5
2025-02-10,3,arima_no_fourier,121.37918594602908,57.5
2025-02-11,1,naive,120.0,78.3
2025-02-11,1,naive_carry,120.0,78.3
2025-02-11,1,seasonal_naive_7,109.0,78.3
2025-02-11,1,climatology,131.14833333333334,78.3
2025-02-11,1,arima_fourier,114.61546483373628,78.3
2025-02-11,1,arima_fourier_mean,123.82122717751851,78.3
2025-02-11,1,arima_no_fourier,119.79722688815824,78.3
2025-02-11,2,naive,120.0,57.5
2025-02-11,2,naive_carry,120.0,57.5
2025-02-11,2,seasonal_naive_7,90.5,57.5
2025-02-11,2,climatology,128.48944444444444,57.5
2025-02-11,2,arima_fourier,110.64201650277364,57.5
2025-02-11,2,arima_fourier_mean,122.83982141381091,57.5
2025-02-11,2,arima_no_fourier,119.69132814058021,57.5
2025-02-11,3,naive,120.0,62.4
2025-02-11,3,naive_carry,120.0,62.4
2025-02-11,3,seasonal_naive_7,68.4,62.4
2025-02-11,3,climatology,119.65166666666669,62.4
2025-02-11,3,arima_fourier,107.45967906807981,62.4
2025-02-11,3,arima_fourier_mean,120.50114309512772,62.4
2025-02-11,3,arima_no_fourier,119.63598827150912,62.4
2025-02-12,1,naive,78.3,57.5
2025-02-12,1,naive_carry,78.3,57.5
2025-02-12,1,seasonal_naive_7,90.5,57.5
2025-02-12,1,climatology,128.48944444444444,57.5
2025-02-12,1,arima_fourier,88.2072101952991,57.5
2025-02-12,1,arima_fourier_mean,95.29189060154536,57.5
2025-02-12,1,arima_no_fourier,91.35459088852998,57.5
2025-02-12,2,naive,78.3,62.4
2025-02-12,2,naive_carry,78.3,62.4
2025-02-12,2,seasonal_naive_7,68.4,62.4
2025-02-12,2,climatology,119.65166666666669,62.4
2025-02-12,2,arima_fourier,93.71761095263498,62.4
2025-02-12,2,arima_fourier_mean,104.04955707091072,62.4
2025-02-12,2,arima_no_fourier,99.02616717180237,62.4
2025-02-12,3,naive,78.3,87.0
2025-02-12,3,naive_carry,78.3,87.0
2025-02-12,3,seasonal_naive_7,75.9,87.0
2025-02-12,3,climatology,117.7338888888889,87.0
2025-02-12,3,arima_fourier,96.2340311157092,87.0
2025-02-12,3,arima_fourier_mean,107.9131094562146,87.0
2025-02-12,3,arima_no_fourier,103.29102951853419,87.0
2025-02-13,1,naive,57.5,62.4
2025-02-13,1,naive_carry,57.5,62.4
2025-02-13,1,seasonal_naive_7,68.4,62.4
2025-02-13,1,climatology,119.65166666666669,62.4
2025-02-13,1,arima_fourier,72.66074674632878,62.4
2025-02-13,1,arima_fourier_mean,78.49675210651789,62.4
2025-02-13,1,arima_no_fourier,73.7926127977275,62.4
2025-02-13,2,naive,57.5,87.0
2025-02-13,2,naive_carry,57.5,87.0
2025-02-13,2,seasonal_naive_7,75.9,87.0
2025-02-13,2,climatology,117.7338888888889,87.0
2025-02-13,2,arima_fourier,82.52683411407376,87.0
2025-02-13,2,arima_fourier_mean,91.62503348748412,87.0
2025-02-13,2,arima_no_fourier,84.07546303274485,87.0
2025-02-13,3,naive,57.5,146.0
2025-02-13,3,naive_carry,57.5,146.0
2025-02-13,3,seasonal_naive_7,108.0,146.0
2025-02-13,3,climatology,113.85222222222224,146.0
2025-02-13,3,arima_fourier,88.0907180422808,146.0
2025-02-13,3,arima_fourier_mean,98.78149213292082,146.0
2025-02-13,3,arima_no_fourier,90.01115418762386,146.0
2025-02-14,1,naive,62.4,87.0
2025-02-14,1,naive_carry,62.4,87.0
2025-02-14,1,seasonal_naive_7,75.9,87.0
2025-02-14,1,climatology,117.7338888888889,87.0
2025-02-14,1,arima_fourier,75.38325249702567,87.0
2025-02-14,1,arima_fourier_mean,81.43792077635572,87.0
2025-02-14,1,arima_no_fourier,75.57892625004257,87.0
2025-02-14,2,naive,62.4,146.0
2025-02-14,2,naive_carry,62.4,146.0
2025-02-14,2,seasonal_naive_7,108.0,146.0
2025-02-14,2,climatology,113.85222222222224,146.0
2025-02-14,2,arima_fourier,83.40428146545386,146.0
2025-02-14,2,arima_fourier_mean,92.59920173946522,146.0
2025-02-14,2,arima_no_fourier,83.54424688542127,146.0
2025-02-14,3,naive,62.4,92.4
2025-02-14,3,naive_carry,62.4,92.4
2025-02-14,3,seasonal_naive_7,127.0,92.4
2025-02-14,3,climatology,111.02155555555557,92.4
2025-02-14,3,arima_fourier,87.67845998709625,92.4
2025-02-14,3,arima_fourier_mean,98.31918079315366,92.4
2025-02-14,3,arima_no_fourier,88.03838834219876,92.4
2025-02-15,1,naive,87.0,146.0
2025-02-15,1,naive_carry,87.0,146.0
2025-02-15,1,seasonal_naive_7,108.0,146.0
2025-02-15,1,climatology,113.85222222222224,146.0
2025-02-15,1,arima_fourier,90.82522960068933,146.0
2025-02-15,1,arima_fourier_mean,98.12016840935085,146.0
2025-02-15,1,arima_no_fourier,91.35782684981157,146.0
2025-02-15,2,naive,87.0,92.4
2025-02-15,2,naive_carry,87.0,92.4
2025-02-15,2,seasonal_naive_7,127.0,92.4
2025-02-15,2,climatology,111.02155555555557,92.4
2025-02-15,2,arima_fourier,92.30912193649307,92.4
2025-02-15,2,arima_fourier_mean,102.4857433392858,92.4
2025-02-15,2,arima_no_fourier,93.7228834243075,92.4
2025-02-15,3,naive,87.0,81.9
2025-02-15,3,naive_carry,87.0,81.9
2025-02-15,3,seasonal_naive_7,120.0,81.9
2025-02-15,3,climatology,110.41755555555557,81.9
2025-02-15,3,arima_fourier,92.36435606089783,81.9
2025-02-15,3,arima_fourier_mean,103.57373878183088,81.9
2025-02-15,3,arima_no_fourier,94.98391182202178,81.9
2025-02-16,1,naive,146.0,92.4
2025-02-16,1,naive_carry,146.0,92.4
2025-02-16,1,seasonal_naive_7,127.0,92.4
2025-02-16,1,climatology,111.02155555555557,92.4
2025-02-16,1,arima_fourier,122.41775952023772,92.4
2025-02-16,1,arima_fourier_mean,132.2501530173841,92.4
2025-02-16,1,arima_no_fourier,126.24065208355995,92.4
2025-02-16,2,naive,146.0,81.9
2025-02-16,2,naive_carry,146.0,81.9
2025-02-16,2,seasonal_naive_7,120.0,81.9
2025-02-16,2,climatology,110.41755555555557,81.9
2025-02-16,2,arima_fourier,109.52934596436751,81.9
2025-02-16,2,arima_fourier_mean,121.60439447613771,81.9
2025-02-16,2,arima_no_fourier,116.99696362461849,81.9
2025-02-16,3,naive,146.0,76.6
2025-02-16,3,naive_carry,146.0,76.6
2025-02-16,3,seasonal_naive_7,78.3,76.6
2025-02-16,3,climatology,106.06355555555557,76.6
2025-02-16,3,arima_fourier,101.76789186356864,76.6
2025-02-16,3,arima_fourier_mean,114.11846883936815,76.6
2025-02-16,3,arima_no_fourier,112.43594310685965,76.6
2025-02-17,1,naive,92.4,81.9
2025-02-17,1,naive_carry,92.4,81.9
2025-02-17,1,seasonal_naive_7,120.0,81.9
2025-02-17,1,climatology,110.41755555555557,81.9
2025-02-17,1,arima_fourier,92.65565112081765,81.9
2025-02-17,1,arima_fourier_mean,100.09759550707467,81.9
2025-02-17,1,arima_no_fourier,95.95614753531771,81.9
2025-02-17,2,naive,92.4,76.6
2025-02-17,2,naive_carry,92.4,76.6
2025-02-17,2,seasonal_naive_7,78.3,76.6
2025-02-17,2,climatology,106.06355555555557,76.6
2025-02-17,2,arima_fourier,91.9897458571128,76.6
2025-02-17,2,arima_fourier_mean,102.1311296086115,76.6
2025-02-17,2,arima_no_fourier,97.86991610835328,76.6
2025-02-17,3,naive,92.4,53.5
2025-02-17,3,naive_carry,92.4,53.5
2025-02-17,3,seasonal_naive_7,57.5,53.5
2025-02-17,3,climatology,101.38522222222224,53.5
2025-02-17,3,arima_fourier,90.8024835279544,53.5
2025-02-17,3,arima_fourier_mean,101.82227548123798,53.5
2025-02-17,3,arima_no_fourier,98.88582482161434,53.5
2025-02-18,1,naive,81.9,76.6
2025-02-18,1,naive_carry,81.9,76.6
2025-02-18,1,seasonal_naive_7,78.3,76.6
2025-02-18,1,climatology,106.06355555555557,76.6
2025-02-18,1,arima_fourier,85.48098458534787,76.6
2025-02-18,1,arima_fourier_mean,92.34666708563344,76.6
2025-02-18,1,arima_no_fourier,88.5007520098226,76.6
2025-02-18,2,naive,81.9,53.5
2025-02-18,2,naive_carry,81.9,53.5
2025-02-18,2,seasonal_naive_7,57.5,53.5
2025-02-18,2,climatology,101.38522222222224,53.5
2025-02-18,2,arima_fourier,86.86696908618475,53.5
2025-02-18,2,arima_fourier_mean,96.44358103795555,53.5
2025-02-18,2,arima_no_fourier,92.16164783744604,53.5
2025-02-18,3,naive,81.9,83.9
2025-02-18,3,naive_carry,81.9,83.9
2025-02-18,3,seasonal_naive_7,62.4,83.9
2025-02-18,3,climatology,97.47244444444443,83.9
2025-02-18,3,arima_fourier,86.91859711520492,83.9
2025-02-18,3,arima_fourier_mean,97.46702158091337,83.9
2025-02-18,3,arima_no_fourier,94.13593254150533,83.9
2025-02-19,1,naive,76.6,53.5
2025-02-19,1,naive_carry,76.6,53.5
2025-02-19,1,seasonal_naive_7,57.5,53.5
2025-02-19,1,climatology,101.38522222222224,53.5
2025-02-19,1,arima_fourier,81.38076334062234,53.5
2025-02-19,1,arima_fourier_mean,87.91711876372437,53.5
2025-02-19,1,arima_no_fourier,84.08233436500679,53.5
2025-02-19,2,naive,76.6,83.9
2025-02-19,2,naive_carry,76.6,83.9
2025-02-19,2,seasonal_naive_7,62.4,83.9
2025-02-19,2,climatology,97.47244444444443,83.9
2025-02-19,2,arima_fourier,83.56132524498138,83.9
2025-02-19,2,arima_fourier_mean,92.7734959985899,83.9
2025-02-19,2,arima_no_fourier,88.28169967496729,83.9
2025-02-19,3,naive,76.6,63.2
2025-02-19,3,naive_carry,76.6,63.2
2025-02-19,3,seasonal_naive_7,87.0,63.2
2025-02-19,3,climatology,95.99466666666667,63.2
2025-02-19,3,arima_fourier,84.12087696929467,63.2
2025-02-19,3,arima_fourier_mean,94.32975281907127,63.2
2025-02-19,3,arima_no_fourier,90.560515715645,63.2
2025-02-20,1,naive,53.5,83.9
2025-02-20,1,naive_carry,53.5,83.9
2025-02-20,1,seasonal_naive_7,62.4,83.9
2025-02-20,1,climatology,97.47244444444443,83.9
2025-02-20,1,arima_fourier,65.11281633510637,83.9
2025-02-20,1,arima_fourier_mean,70.34255622420991,83.9
2025-02-20,1,arima_no_fourier,66.24102235794092,83.9
2025-02-20,2,naive,53.5,63.2
2025-02-20,2,naive_carry,53.5,63.2
2025-02-20,2,seasonal_naive_7,87.0,63.2
2025-02-20,2,climatology,95.99466666666667,63.2
2025-02-20,2,arima_fourier,72.35840756042332,63.2
2025-02-20,2,arima_fourier_mean,80.33550899421044,63.2
2025-02-20,2,arima_no_fourier,74.06968829473959,63.2
2025-02-20,3,naive,53.5,66.6
2025-02-20,3,naive_carry,53.5,66.6
2025-02-20,3,seasonal_naive_7,146.0,66.6
2025-02-20,3,climatology,95.10166666666667,66.6
2025-02-20,3,arima_fourier,76.2754560611344,66.6
2025-02-20,3,arima_fourier_mean,85.53219904112653,66.6
2025-02-20,3,arima_no_fourier,78.5252731189072,66.6
2025-02-21,1,naive,83.9,63.2
2025-02-21,1,naive_carry,83.9,63.2
2025-02-21,1,seasonal_naive_7,87.0,63.2
2025-02-21,1,climatology,95.99466666666667,63.2
2025-02-21,1,arima_fourier,84.13270522755437,63.2
2025-02-21,1,arima_fourier_mean,90.89008267656061,63.2
2025-02-21,1,arima_no_fourier,86.06874523519625,63.2
2025-02-21,2,naive,83.9,66.6
2025-02-21,2,naive_carry,83.9,66.6
2025-02-21,2,seasonal_naive_7,146.0,66.6
2025-02-21,2,climatology,95.10166666666667,66.6
2025-02-21,2,arima_fourier,83.5447076793966,66.6
2025-02-21,2,arima_fourier_mean,92.75502357430418,66.6
2025-02-21,2,arima_no_fourier,87.22506894514265,66.6
2025-02-21,3,naive,83.9,84.0
2025-02-21,3,naive_carry,83.9,84.0
2025-02-21,3,seasonal_naive_7,92.4,84.0
2025-02-21,3,climatology,90.67055555555557,84.0
2025-02-21,3,arima_fourier,82.49796004860883,84.0
2025-02-21,3,arima_fourier_mean,92.50984575771716,84.0
2025-02-21,3,arima_no_fourier,87.83591277047421,84.0
2025-02-22,1,naive,63.2,66.6
2025-02-22,1,naive_carry,63.2,66.6
2025-02-22,1,seasonal_naive_7,146.0,66.6
2025-02-22,1,climatology,95.10166666666667,66.6
2025-02-22,1,arima_fourier,70.4736121390575,66.6
2025-02-22,1,arima_fourier_mean,76.13391383646348,66.6
2025-02-22,1,arima_no_fourier,71.68499751668503,66.6
2025-02-22,2,naive,63.2,84.0
2025-02-22,2,naive_carry,63.2,84.0
2025-02-22,2,seasonal_naive_7,92.4,84.0
2025-02-22,2,climatology,90.67055555555557,84.0
2025-02-22,2,arima_fourier,74.44358177575121,84.0
2025-02-22,2,arima_fourier_mean,82.65054193062495,84.0
2025-02-22,2,arima_no_fourier,76.56638648055701,84.0
2025-02-22,3,naive,63.2,87.7
2025-02-22,3,naive_carry,63.2,87.7
2025-02-22,3,seasonal_naive_7,81.9,87.7
2025-02-22,3,climatology,86.78444444444445,87.7
2025-02-22,3,arima_fourier,76.20931780860661,87.7
2025-02-22,3,arima_fourier_mean,85.458004077826,87.7
2025-02-22,3,arima_no_fourier,79.24994760354441,87.7
2025-02-23,1,naive,66.6,84.0
2025-02-23,1,naive_carry,66.6,84.0
2025-02-23,1,seasonal_naive_7,92.4,84.0
2025-02-23,1,climatology,90.67055555555557,84.0
2025-02-23,1,arima_fourier,71.98227599540667,84.0
2025-02-23,1,arima_fourier_mean,77.76374701805753,84.0
2025-02-23,1,arima_no_fourier,73.06971984353342,84.0
2025-02-23,2,naive,66.6,87.7
2025-02-23,2,naive_carry,66.6,87.7
2025-02-23,2,seasonal_naive_7,81.9,87.7
2025-02-23,2,climatology,86.78444444444445,87.7
2025-02-23,2,arima_fourier,74.67782276145657,87.7
2025-02-23,2,arima_fourier_mean,82.91059703026532,87.7
2025-02-23,2,arima_no_fourier,76.69942371343768,87.7
2025-02-23,3,naive,66.6,108.0
2025-02-23,3,naive_carry,66.6,108.0
2025-02-23,3,seasonal_naive_7,76.6,108.0
2025-02-23,3,climatology,83.73777777777778,108.0
2025-02-23,3,arima_fourier,75.66113790802235,108.0
2025-02-23,3,arima_fourier_mean,84.8432832101026,108.0
2025-02-23,3,arima_no_fourier,78.66872610282532,108.0
2025-02-24,1,naive,84.0,87.7
2025-02-24,1,naive_carry,84.0,87.7
2025-02-24,1,seasonal_naive_7,81.9,87.7
2025-02-24,1,climatology,86.78444444444445,87.7
2025-02-24,1,arima_fourier,81.85960213348933,87.7
2025-02-24,1,arima_fourier_mean,88.43439607434003,87.7
2025-02-24,1,arima_no_fourier,83.80210144900379,87.7
2025-02-24,2,naive,84.0,108.0
2025-02-24,2,naive_carry,84.0,108.0
2025-02-24,2,seasonal_naive_7,76.6,108.0
2025-02-24,2,climatology,83.73777777777778,108.0
2025-02-24,2,arima_fourier,79.97439434989951,108.0
2025-02-24,2,arima_fourier_mean,88.79107335391525,108.0
2025-02-24,2,arima_no_fourier,83.69880098034334,108.0
2025-02-24,3,naive,84.0,63.0
2025-02-24,3,naive_carry,84.0,63.0
2025-02-24,3,seasonal_naive_7,53.5,63.0
2025-02-24,3,climatology,81.99333333333334,63.0
2025-02-24,3,arima_fourier,78.25811197639707,63.0
2025-02-24,3,arima_fourier_mean,87.75540844362796,63.0
2025-02-24,3,arima_no_fourier,83.64483325016896,63.0
2025-02-25,1,naive,87.7,108.0
2025-02-25,1,naive_carry,87.7,108.0
2025-02-25,1,seasonal_naive_7,76.6,108.0
2025-02-25,1,climatology,83.73777777777778,108.0
2025-02-25,1,arima_fourier,83.32029537478019,108.0
2025-02-25,1,arima_fourier_mean,90.01240524421772,108.0
2025-02-25,1,arima_no_fourier,86.15157503535244,108.0
2025-02-25,2,naive,87.7,63.0
2025-02-25,2,naive_carry,87.7,63.0
2025-02-25,2,seasonal_naive_7,53.5,63.0
2025-02-25,2,climatology,81.99333333333334,63.0
2025-02-25,2,arima_fourier,80.21891594873264,63.0
2025-02-25,2,arima_fourier_mean,89.06254220816164,63.0
2025-02-25,2,arima_no_fourier,85.3527810071013,63.0
2025-02-25,3,naive,87.7,52.8
2025-02-25,3,naive_carry,87.7,52.8
2025-02-25,3,seasonal_naive_7,83.9,52.8
2025-02-25,3,climatology,80.55444444444444,52.8
2025-02-25,3,arima_fourier,77.84489794511823,52.8
2025-02-25,3,arima_fourier_mean,87.29203328106492,52.8
2025-02-25,3,arima_no_fourier,84.93802478320022,52.8
2025-02-26,1,naive,108.0,63.0
2025-02-26,1,naive_carry,108.0,63.0
2025-02-26,1,seasonal_naive_7,53.5,63.0
2025-02-26,1,climatology,81.99333333333334,63.0
2025-02-26,1,arima_fourier,93.60201163010223,63.0
2025-02-26,1,arima_fourier_mean,101.11992289948755,63.0
2025-02-26,1,arima_no_fourier,98.53261149436672,63.0
2025-02-26,2,naive,108.0,52.8
2025-02-26,2,naive_carry,108.0,52.8
2025-02-26,2,seasonal_naive_7,83.9,52.8
2025-02-26,2,climatology,80.55444444444444,52.8
2025-02-26,2,arima_fourier,85.44552125724971,52.8
2025-02-26,2,arima_fourier_mean,94.86533748587107,52.8
2025-02-26,2,arima_no_fourier,93.9171005492836,52.8
2025-02-26,3,naive,108.0,58.1
2025-02-26,3,naive_carry,108.0,58.1
2025-02-26,3,seasonal_naive_7,63.2,58.1
2025-02-26,3,climatology,80.95055555555555,58.1
2025-02-26,3,arima_fourier,80.40380048980049,58.1
2025-02-26,3,arima_fourier_mean,90.16146612079575,58.1
2025-02-26,3,arima_no_fourier,91.5902741417805,58.1
2025-02-27,1,naive,63.0,52.8
2025-02-27,1,naive_carry,63.0,52.8
2025-02-27,1,seasonal_naive_7,83.9,52.8
2025-02-27,1,climatology,80.55444444444444,52.8
2025-02-27,1,arima_fourier,67.5198075643676,52.8
2025-02-27,1,arima_fourier_mean,72.94284955581057,52.8
2025-02-27,1,arima_no_fourier,70.68748308780178,52.8
2025-02-27,2,naive,63.0,58.1
2025-02-27,2,naive_carry,63.0,58.1
2025-02-27,2,seasonal_naive_7,63.2,58.1
2025-02-27,2,climatology,80.95055555555555,58.1
2025-02-27,2,arima_fourier,69.74836215733208,58.1
2025-02-27,2,arima_fourier_mean,77.43766007606575,58.1
2025-02-27,2,arima_no_fourier,75.07404567547235,58.1
2025-02-27,3,naive,63.0,44.5
2025-02-27,3,naive_carry,63.0,44.5
2025-02-27,3,seasonal_naive_7,66.6,44.5
2025-02-27,3,climatology,80.87944444444445,44.5
2025-02-27,3,arima_fourier,70.53833146889201,44.5
2025-02-27,3,arima_fourier_mean,79.09872884425324,44.5
2025-02-27,3,arima_no_fourier,77.47523634212966,44.5
2025-02-28,1,naive,52.8,58.1
2025-02-28,1,naive_carry,52.8,58.1
2025-02-28,1,seasonal_naive_7,63.2,58.1
2025-02-28,1,climatology,80.95055555555555,58.1
2025-02-28,1,arima_fourier,60.25874682727098,58.1
2025-02-28,1,arima_fourier_mean,65.0985938150025,58.1
2025-02-28,1,arima_no_fourier,62.37214075032236,58.1
2025-02-28,2,naive,52.8,44.5
2025-02-28,2,naive_carry,52.8,44.5
2025-02-28,2,seasonal_naive_7,66.6,44.5
2025-02-28,2,climatology,80.87944444444445,44.5
2025-02-28,2,arima_fourier,64.57673476613266,44.5
2025-02-28,2,arima_fourier_mean,71.69588757310001,44.5
2025-02-28,2,arima_no_fourier,68.04995218225375,44.5
2025-02-28,3,naive,52.8,60.0
2025-02-28,3,naive_carry,52.8,60.0
2025-02-28,3,seasonal_naive_7,84.0,60.0
2025-02-28,3,climatology,78.92444444444443,60.0
2025-02-28,3,arima_fourier,66.73174504925998,60.0
2025-02-28,3,arima_fourier_mean,74.83017124607598,60.0
2025-02-28,3,arima_no_fourier,71.22194760129857,60.0
2025-03-01,1,naive,58.1,44.5
2025-03-01,1,naive_carry,58.1,44.5
2025-03-01,1,seasonal_naive_7,66.6,44.5
2025-03-01,1,climatology,80.87944444444445,44.5
2025-03-01,1,arima_fourier,63.190741360335856,44.5
2025-03-01,1,arima_fourier_mean,68.26607687473874,44.5
2025-03-01,1,arima_no_fourier,65.05056450646406,44.5
2025-03-01,2,naive,58.1,60.0
2025-03-01,2,naive_carry,58.1,60.0
2025-03-01,2,seasonal_naive_7,84.0,60.0
2025-03-01,2,climatology,78.92444444444443,60.0
2025-03-01,2,arima_fourier,65.86325570531136,60.0
2025-03-01,2,arima_fourier_mean,73.12423166038573,60.0
2025-03-01,2,arima_no_fourier,69.01025039384591,60.0
2025-03-01,3,naive,58.1,49.3
2025-03-01,3,naive_carry,58.1,49.3
2025-03-01,3,seasonal_naive_7,87.7,49.3
2025-03-01,3,climatology,78.64577777777778,49.3
2025-03-01,3,arima_fourier,66.98547153313355,49.3
2025-03-01,3,arima_fourier_mean,75.11467859207707,49.3
2025-03-01,3,arima_no_fourier,71.17593729396656,49.3
2025-03-02,1,naive,44.5,60.0
2025-03-02,1,naive_carry,44.5,60.0
2025-03-02,1,seasonal_naive_7,84.0,60.0
2025-03-02,1,climatology,78.92444444444443,60.0
2025-03-02,1,arima_fourier,53.46532214969412,60.0
2025-03-02,1,arima_fourier_mean,57.75953207726797,60.0
2025-03-02,1,arima_no_fourier,54.21965558896226,60.0
2025-03-02,2,naive,44.5,49.3
2025-03-02,2,naive_carry,44.5,49.3
2025-03-02,2,seasonal_naive_7,87.7,49.3
2025-03-02,2,climatology,78.64577777777778,49.3
2025-03-02,2,arima_fourier,59.0601922343029,49.3
2025-03-02,2,arima_fourier_mean,65.5711704508954,49.3
2025-03-02,2,arima_no_fourier,60.12042678927522,49.3
2025-03-02,3,naive,44.5,30.5
2025-03-02,3,naive_carry,44.5,30.5
2025-03-02,3,seasonal_naive_7,108.0,30.5
2025-03-02,3,climatology,75.04711111111111,30.5
2025-03-02,3,arima_fourier,62.14480383234376,30.5
2025-03-02,3,arima_fourier_mean,69.68654847523375,30.5
2025-03-02,3,arima_no_fourier,63.457544377184185,30.5
2025-03-03,1,naive,60.0,49.3
2025-03-03,1,naive_carry,60.0,49.3
2025-03-03,1,seasonal_naive_7,87.7,49.3
2025-03-03,1,climatology,78.64577777777778,49.3
2025-03-03,1,arima_fourier,63.25247740219503,49.3
2025-03-03,1,arima_fourier_mean,68.33276626278273,49.3
2025-03-03,1,arima_no_fourier,64.11684944618227,49.3
2025-03-03,2,naive,60.0,30.5
2025-03-03,2,naive_carry,60.0,30.5
2025-03-03,2,seasonal_naive_7,108.0,30.5
2025-03-03,2,climatology,75.04711111111111,30.5
2025-03-03,2,arima_fourier,64.77199141092615,30.5
2025-03-03,2,arima_fourier_mean,71.91264934297536,30.5
2025-03-03,2,arima_no_fourier,66.38093545667758,30.5
2025-03-03,3,naive,60.0,47.1
2025-03-03,3,naive_carry,60.0,47.1
2025-03-03,3,seasonal_naive_7,63.0,47.1
2025-03-03,3,climatology,71.90544444444444,47.1
2025-03-03,3,arima_fourier,65.23331752362026,47.1
2025-03-03,3,arima_fourier_mean,73.14986677368982,47.1
2025-03-03,3,arima_no_fourier,67.59654196465368,47.1
2025-03-04,1,naive,49.3,30.5
2025-03-04,1,naive_carry,49.3,30.5
2025-03-04,1,seasonal_naive_7,108.0,30.5
2025-03-04,1,climatology,75.04711111111111,30.5
2025-03-04,1,arima_fourier,55.849734448983824,30.5
2025-03-04,1,arima_fourier_mean,60.33545038102424,30.5
2025-03-04,1,arima_no_fourier,56.17440945904197,30.5
2025-03-04,2,naive,49.3,47.1
2025-03-04,2,naive_carry,49.3,47.1
2025-03-04,2,seasonal_naive_7,63.0,47.1
2025-03-04,2,climatology,71.90544444444444,47.1
2025-03-04,2,arima_fourier,59.64939080064352,47.1
2025-03-04,2,arima_fourier_mean,66.22531193447878,47.1
2025-03-04,2,arima_no_fourier,60.142848552447234,47.1
2025-03-04,3,naive,49.3,91.4
2025-03-04,3,naive_carry,49.3,91.4
2025-03-04,3,seasonal_naive_7,52.8,91.4
2025-03-04,3,climatology,71.45544444444445,91.4
2025-03-04,3,arima_fourier,61.578105713350965,91.4
2025-03-04,3,arima_fourier_mean,69.05105855891378,91.4
2025-03-04,3,arima_no_fourier,62.32845600549454,91.4
2025-03-05,1,naive,30.5,47.1
2025-03-05,1,naive_carry,30.5,47.1
2025-03-05,1,seasonal_naive_7,63.0,47.1
2025-03-05,1,climatology,71.90544444444444,47.1
2025-03-05,1,arima_fourier,41.62578400411276,47.1
2025-03-05,1,arima_fourier_mean,44.96906496711478,47.1
2025-03-05,1,arima_no_fourier,40.80142740951404,47.1
2025-03-05,2,naive,30.5,91.4
2025-03-05,2,naive_carry,30.5,91.4
2025-03-05,2,seasonal_naive_7,52.8,91.4
2025-03-05,2,climatology,71.45544444444445,91.4
2025-03-05,2,arima_fourier,49.55512294059672,91.4
2025-03-05,2,arima_fourier_mean,55.01821797972647,91.4
2025-03-05,2,arima_no_fourier,47.50729802923061,91.4
2025-03-05,3,naive,30.5,67.6
2025-03-05,3,naive_carry,30.5,67.6
2025-03-05,3,seasonal_naive_7,58.1,67.6
2025-03-05,3,climatology,72.98655555555555,67.6
2025-03-05,3,arima_fourier,54.50475929933613,67.6
2025-03-05,3,arima_fourier_mean,61.11930196316711,67.6
2025-03-05,3,arima_no_fourier,51.44200000384357,67.6
2025-03-06,1,naive,47.1,91.4
2025-03-06,1,naive_carry,47.1,91.4
2025-03-06,1,seasonal_naive_7,52.8,91.4
2025-03-06,1,climatology,71.45544444444445,91.4
2025-03-06,1,arima_fourier,53.33347666141613,91.4
2025-03-06,1,arima_fourier_mean,57.617088830750966,91.4
2025-03-06,1,arima_no_fourier,52.043805803037245,91.4
2025-03-06,2,naive,47.1,67.6
2025-03-06,2,naive_carry,47.1,67.6
2025-03-06,2,seasonal_naive_7,58.1,67.6
2025-03-06,2,climatology,72.98655555555555,67.6
2025-03-06,2,arima_fourier,56.97732249342314,67.6
2025-03-06,2,arima_fourier_mean,63.25865609503985,67.6
2025-03-06,2,arima_no_fourier,54.83235431822333,67.6
2025-03-06,3,naive,47.1,81.9
2025-03-06,3,naive_carry,47.1,81.9
2025-03-06,3,seasonal_naive_7,44.5,81.9
2025-03-06,3,climatology,73.89155555555557,81.9
2025-03-06,3,arima_fourier,58.86138868034736,81.9
2025-03-06,3,arima_fourier_mean,66.00463115857676,81.9
2025-03-06,3,arima_no_fourier,56.349554491764664,81.9
2025-03-07,1,naive,91.4,67.6
2025-03-07,1,naive_carry,91.4,67.6
2025-03-07,1,seasonal_naive_7,58.1,67.6
2025-03-07,1,climatology,72.98655555555555,67.6
2025-03-07,1,arima_fourier,78.49329921457455,67.6
2025-03-07,1,arima_fourier_mean,84.79768290934045,67.6
2025-03-07,1,arima_no_fourier,78.41859670343588,67.6
2025-03-07,2,naive,91.4,81.9
2025-03-07,2,naive_carry,91.4,81.9
2025-03-07,2,seasonal_naive_7,44.5,81.9
2025-03-07,2,climatology,73.89155555555557,81.9
2025-03-07,2,arima_fourier,71.42256544345483,81.9
2025-03-07,2,arima_fourier_mean,79.2963749374189,81.9
2025-03-07,2,arima_no_fourier,72.38195975970808,81.9
2025-03-07,3,naive,91.4,88.6
2025-03-07,3,naive_carry,91.4,88.6
2025-03-07,3,seasonal_naive_7,60.0,88.6
2025-03-07,3,climatology,74.99322222222222,88.6
2025-03-07,3,arima_fourier,67.23062972424543,88.6
2025-03-07,3,arima_fourier_mean,75.38952904211747,88.6
2025-03-07,3,arima_no_fourier,69.41261820353485,88.6
2025-03-08,1,naive,67.6,81.9
2025-03-08,1,naive_carry,67.6,81.9
2025-03-08,1,seasonal_naive_7,44.5,81.9
2025-03-08,1,climatology,73.89155555555557,81.9
2025-03-08,1,arima_fourier,65.35022574031132,81.9
2025-03-08,1,arima_fourier_mean,70.59898864757082,81.9
2025-03-08,1,arima_no_fourier,65.86738646224872,81.9
2025-03-08,2,naive,67.6,88.6
2025-03-08,2,naive_carry,67.6,88.6
2025-03-08,2,seasonal_naive_7,60.0,88.6
2025-03-08,2,climatology,74.99322222222222,88.6
2025-03-08,2,arima_fourier,63.71888035232701,88.6
2025-03-08,2,arima_fourier_mean,70.74340979914068,88.6
2025-03-08,2,arima_no_fourier,64.97911407784798,88.6
2025-03-08,3,naive,67.6,100.0
2025-03-08,3,naive_carry,67.6,100.0
2025-03-08,3,seasonal_naive_7,49.3,100.0
2025-03-08,3,climatology,76.263,100.0
2025-03-08,3,arima_fourier,62.45715002259181,100.0
2025-03-08,3,arima_fourier_mean,70.03674635599324,100.0
2025-03-08,3,arima_no_fourier,64.51939403725662,100.0
2025-03-09,1,naive,81.9,88.6
2025-03-09,1,naive_carry,81.9,88.6
2025-03-09,1,seasonal_naive_7,60.0,88.6
2025-03-09,1,climatology,74.99322222222222,88.6
2025-03-09,1,arima_fourier,72.87384220623179,88.6
2025-03-09,1,arima_fourier_mean,78.72688024329672,88.6
2025-03-09,1,arima_no_fourier,74.62470330388425,88.6
2025-03-09,2,naive,81.9,100.0
2025-03-09,2,naive_carry,81.9,100.0
2025-03-09,2,seasonal_naive_7,49.3,100.0
2025-03-09,2,climatology,76.263,100.0
2025-03-09,2,arima_fourier,67.73059367848938,100.0
2025-03-09,2,arima_fourier_mean,75.1973785266436,100.0
2025-03-09,2,arima_no_fourier,71.08136479096278,100.0
2025-03-09,3,naive,81.9,96.0
2025-03-09,3,naive_carry,81.9,96.0
2025-03-09,3,seasonal_naive_7,30.5,96.0
2025-03-09,3,climatology,77.07744444444445,96.0
2025-03-09,3,arima_fourier,64.58538368555809,96.0
2025-03-09,3,arima_fourier_mean,72.4232470777348,96.0
2025-03-09,3,arima_no_fourier,69.29597111560915,96.0
2025-03-10,1,naive,88.6,100.0
2025-03-10,1,naive_carry,88.6,100.0
2025-03-10,1,seasonal_naive_7,49.3,100.0
2025-03-10,1,climatology,76.263,100.0
2025-03-10,1,arima_fourier,76.0769710036453,100.0
2025-03-10,1,arima_fourier_mean,82.18727350634796,100.0
2025-03-10,1,arima_no_fourier,79.27181079658777,100.0
2025-03-10,2,naive,88.6,96.0
2025-03-10,2,naive_carry,88.6,96.0
2025-03-10,2,seasonal_naive_7,30.5,96.0
2025-03-10,2,climatology,77.07744444444445,96.0
2025-03-10,2,arima_fourier,69.27972628074514,96.0
2025-03-10,2,arima_fourier_mean,76.9172853333766,96.0
2025-03-10,2,arima_no_fourier,74.79174493921869,96.0
2025-03-10,3,naive,88.6,78.8
2025-03-10,3,naive_carry,88.6,78.8
2025-03-10,3,seasonal_naive_7,47.1,78.8
2025-03-10,3,climatology,78.70839682539683,78.8
2025-03-10,3,arima_fourier,65.30400484530112,78.8
2025-03-10,3,arima_fourier_mean,73.22906935123657,78.8
2025-03-10,3,arima_no_fourier,72.55074812931417,78.8
2025-03-11,1,naive,100.0,96.0
2025-03-11,1,naive_carry,100.0,96.0
2025-03-11,1,seasonal_naive_7,30.5,96.0
2025-03-11,1,climatology,77.07744444444445,96.0
2025-03-11,1,arima_fourier,81.51284360819699,96.0
2025-03-11,1,arima_fourier_mean,88.05973847916975,96.0
2025-03-11,1,arima_no_fourier,86.68510081942789,96.0
2025-03-11,2,naive,100.0,78.8
2025-03-11,2,naive_carry,100.0,78.8
2025-03-11,2,seasonal_naive_7,47.1,78.8
2025-03-11,2,climatology,78.70839682539683,78.8
2025-03-11,2,arima_fourier,72.04085397723436,78.8
2025-03-11,2,arima_fourier_mean,79.9828002022583,78.8
2025-03-11,2,arima_no_fourier,80.44407032306896,78.8
2025-03-11,3,naive,100.0,71.8
2025-03-11,3,naive_carry,100.0,71.8
2025-03-11,3,seasonal_naive_7,91.4,71.8
2025-03-11,3,climatology,81.74706349206349,71.8
2025-03-11,3,arima_fourier,66.75627397120819,71.8
2025-03-11,3,arima_fourier_mean,74.85757247793616,71.8
2025-03-11,3,arima_no_fourier,77.36150069055721,71.8
2025-03-12,1,naive,96.0,78.8
2025-03-12,1,naive_carry,96.0,78.8
2025-03-12,1,seasonal_naive_7,47.1,78.8
2025-03-12,1,climatology,78.70839682539683,78.8
2025-03-12,1,arima_fourier,79.40175414377933,78.8
2025-03-12,1,arima_fourier_mean,85.77908941591856,78.8
2025-03-12,1,arima_no_fourier,85.8331904230194,78.8
2025-03-12,2,naive,96.0,71.8
2025-03-12,2,naive_carry,96.0,71.8
2025-03-12,2,seasonal_naive_7,91.4,71.8
2025-03-12,2,climatology,81.74706349206349,71.8
2025-03-12,2,arima_fourier,70.79500502839618,71.8
2025-03-12,2,arima_fourier_mean,78.59960031275932,71.8
2025-03-12,2,arima_no_fourier,80.95295827652608,71.8
2025-03-12,3,naive,96.0,26.5
2025-03-12,3,naive_carry,96.0,26.5
2025-03-12,3,seasonal_naive_7,67.6,26.5
2025-03-12,3,climatology,81.42595238095238,26.5
2025-03-12,3,arima_fourier,65.95932088267256,26.5
2025-03-12,3,arima_fourier_mean,73.96389610140021,26.5
2025-03-12,3,arima_no_fourier,78.51246903823069,26.5
2025-03-13,1,naive,78.8,71.8
2025-03-13,1,naive_carry,78.8,71.8
2025-03-13,1,seasonal_naive_7,91.4,71.8
2025-03-13,1,climatology,81.74706349206349,71.8
2025-03-13,1,arima_fourier,70.47543575976792,71.8
2025-03-13,1,arima_fourier_mean,76.13583098897556,71.8
2025-03-13,1,arima_no_fourier,76.67332464585928,71.8
2025-03-13,2,naive,78.8,26.5
2025-03-13,2,naive_carry,78.8,26.5
2025-03-13,2,seasonal_naive_7,67.6,26.5
2025-03-13,2,climatology,81.42595238095238,26.5
2025-03-13,2,arima_fourier,65.77938942597658,26.5
2025-03-13,2,arima_fourier_mean,73.03104714618289,26.5
2025-03-13,2,arima_no_fourier,75.58418518940549,26.5
2025-03-13,3,naive,78.8,45.7
2025-03-13,3,naive_carry,78.8,45.7
2025-03-13,3,seasonal_naive_7,81.9,45.7
2025-03-13,3,climatology,81.40761904761904,45.7
2025-03-13,3,arima_fourier,62.95962009842957,45.7
2025-03-13,3,arima_fourier_mean,70.60015550889673,45.7
2025-03-13,3,arima_no_fourier,75.02082087421668,45.7
2025-03-14,1,naive,71.8,26.5
2025-03-14,1,naive_carry,71.8,26.5
2025-03-14,1,seasonal_naive_7,67.6,26.5
2025-03-14,1,climatology,81.42595238095238,26.5
2025-03-14,1,arima_fourier,66.51185396572532,26.5
2025-03-14,1,arima_fourier_mean,71.85390310089902,26.5
2025-03-14,1,arima_no_fourier,72.49565947951304,26.5
2025-03-14,2,naive,71.8,45.7
2025-03-14,2,naive_carry,71.8,45.7
2025-03-14,2,seasonal_naive_7,81.9,45.7
2025-03-14,2,climatology,81.40761904761904,45.7
2025-03-14,2,arima_fourier,63.381981072052014,45.7
2025-03-14,2,arima_fourier_mean,70.36933859898483,45.7
2025-03-14,2,arima_no_fourier,72.86211724735057,45.7
2025-03-14,3,naive,71.8,53.9
2025-03-14,3,naive_carry,71.8,53.9
2025-03-14,3,seasonal_naive_7,88.6,53.9
2025-03-14,3,climatology,79.82095238095239,53.9
2025-03-14,3,arima_fourier,61.42154242073814,53.9
2025-03-14,3,arima_fourier_mean,68.8754156607461,53.9
2025-03-14,3,arima_no_fourier,73.05448435290963,53.9
2025-03-15,1,naive,26.5,45.7
2025-03-15,1,naive_carry,26.5,45.7
2025-03-15,1,seasonal_naive_7,81.9,45.7
2025-03-15,1,climatology,81.40761904761904,45.7
2025-03-15,1,arima_fourier,36.6681269544276,45.7
2025-03-15,1,arima_fourier_mean,39.61320896881126,45.7
2025-03-15,1,arima_no_fourier,38.44408639394271,45.7
2025-03-15,2,naive,26.5,53.9
2025-03-15,2,naive_carry,26.5,53.9
2025-03-15,2,seasonal_naive_7,88.6,53.9
2025-03-15,2,climatology,79.82095238095239,53.9
2025-03-15,2,arima_fourier,44.13834748334925,53.9
2025-03-15,2,arima_fourier_mean,49.00424469737173,53.9
2025-03-15,2,arima_no_fourier,46.70095455955235,53.9
2025-03-15,3,naive,26.5,59.9
2025-03-15,3,naive_carry,26.5,59.9
2025-03-15,3,seasonal_naive_7,100.0,59.9
2025-03-15,3,climatology,80.5220634920635,59.9
2025-03-15,3,arima_fourier,49.01191291068252,59.9
2025-03-15,3,arima_fourier_mean,54.95979758467604,59.9
2025-03-15,3,arima_no_fourier,51.702432634781275,59.9
2025-03-16,1,naive,45.7,53.9
2025-03-16,1,naive_carry,45.7,53.9
2025-03-16,1,seasonal_naive_7,88.6,53.9
2025-03-16,1,climatology,79.82095238095239,53.9
2025-03-16,1,arima_fourier,50.313727533944004,53.9
2025-03-16,1,arima_fourier_mean,54.35478482362126,53.9
2025-03-16,1,arima_no_fourier,52.12295381018215,53.9
2025-03-16,2,naive,45.7,59.9
2025-03-16,2,naive_carry,45.7,59.9
2025-03-16,2,seasonal_naive_7,100.0,59.9
2025-03-16,2,climatology,80.5220634920635,59.9
2025-03-16,2,arima_fourier,53.04431443795071,59.9
2025-03-16,2,arima_fourier_mean,58.892018893387984,59.9
2025-03-16,2,arima_no_fourier,55.833488763436286,59.9
2025-03-16,3,naive,45.7,73.0
2025-03-16,3,naive_carry,45.7,73.0
2025-03-16,3,seasonal_naive_7,96.0,73.0
2025-03-16,3,climatology,80.2240634920635,73.0
2025-03-16,3,arima_fourier,54.54965677778761,73.0
2025-03-16,3,arima_fourier_mean,61.1695734137023,73.0
2025-03-16,3,arima_no_fourier,57.87784127002136,73.0
2025-03-17,1,naive,53.9,59.9
2025-03-17,1,naive_carry,53.9,59.9
2025-03-17,1,seasonal_naive_7,100.0,59.9
2025-03-17,1,climatology,80.5220634920635,59.9
2025-03-17,1,arima_fourier,55.26140864148844,59.9
2025-03-17,1,arima_fourier_mean,59.69984825679089,59.9
2025-03-17,1,arima_no_fourier,57.03542864754525,59.9
2025-03-17,2,naive,53.9,73.0
2025-03-17,2,naive_carry,53.9,73.0
2025-03-17,2,seasonal_naive_7,96.0,73.0
2025-03-17,2,climatology,80.2240634920635,73.0
2025-03-17,2,arima_fourier,55.91509760439425,73.0
2025-03-17,2,arima_fourier_mean,62.07927859979496,73.0
2025-03-17,2,arima_no_fourier,58.746992489428855,73.0
2025-03-17,3,naive,53.9,51.6
2025-03-17,3,naive_carry,53.9,51.6
2025-03-17,3,seasonal_naive_7,78.8,51.6
2025-03-17,3,climatology,80.30673015873016,51.6
2025-03-17,3,arima_fourier,56.16269035863354,51.6
2025-03-17,3,arima_fourier_mean,62.97835202893543,51.6
2025-03-17,3,arima_no_fourier,59.66236796563477,51.6
2025-03-18,1,naive,59.9,73.0
2025-03-18,1,naive_carry,59.9,73.0
2025-03-18,1,seasonal_naive_7,96.0,73.0
2025-03-18,1,climatology,80.2240634920635,73.0
2025-03-18,1,arima_fourier,58.66063249687903,73.0
2025-03-18,1,arima_fourier_mean,63.372086555306936,73.0
2025-03-18,1,arima_no_fourier,60.604708308371514,73.0
2025-03-18,2,naive,59.9,51.6
2025-03-18,2,naive_carry,59.9,51.6
2025-03-18,2,seasonal_naive_7,78.8,51.6
2025-03-18,2,climatology,80.30673015873016,51.6
2025-03-18,2,arima_fourier,57.81188772275296,51.6
2025-03-18,2,arima_fourier_mean,64.18517028174156,51.6
2025-03-18,2,arima_no_fourier,60.97651333011665,51.6
2025-03-18,3,naive,59.9,69.2
2025-03-18,3,naive_carry,59.9,69.2
2025-03-18,3,seasonal_naive_7,71.8,69.2
2025-03-18,3,climatology,80.7730634920635,69.2
2025-03-18,3,arima_fourier,57.20397886229735,69.2
2025-03-18,3,arima_fourier_mean,64.14600093190272,69.2
2025-03-18,3,arima_no_fourier,61.17184701775691,69.2
2025-03-19,1,naive,73.0,51.6
2025-03-19,1,naive_carry,73.0,51.6
2025-03-19,1,seasonal_naive_7,78.8,51.6
2025-03-19,1,climatology,80.30673015873016,51.6
2025-03-19,1,arima_fourier,65.84156054015354,51.6
2025-03-19,1,arima_fourier_mean,71.12976445763012,51.6
2025-03-19,1,arima_no_fourier,68.62874707740446,51.6
2025-03-19,2,naive,73.0,69.2
2025-03-19,2,naive_carry,73.0,69.2
2025-03-19,2,seasonal_naive_7,71.8,69.2
2025-03-19,2,climatology,80.7730634920635,69.2
2025-03-19,2,arima_fourier,61.87702065496108,69.2
2025-03-19,2,arima_fourier_mean,68.69844634337676,69.2
2025-03-19,2,arima_no_fourier,66.44814912977769,69.2
2025-03-19,3,naive,73.0,61.5
2025-03-19,3,naive_carry,73.0,61.5
2025-03-19,3,seasonal_naive_7,26.5,61.5
2025-03-19,3,climatology,80.23084126984126,61.5
2025-03-19,3,arima_fourier,59.5765859986613,61.5
2025-03-19,3,arima_fourier_mean,66.80653122431706,61.5
2025-03-19,3,arima_no_fourier,65.33558888621391,61.5
2025-03-20,1,naive,51.6,69.2
2025-03-20,1,naive_carry,51.6,69.2
2025-03-20,1,seasonal_naive_7,71.8,69.2
2025-03-20,1,climatology,80.7730634920635,69.2
2025-03-20,1,arima_fourier,53.5278059174779,69.2
2025-03-20,1,arima_fourier_mean,57.827003276349174,69.2
2025-03-20,1,arima_no_fourier,55.43649542015549,69.2
2025-03-20,2,naive,51.6,61.5
2025-03-20,2,naive_carry,51.6,61.5
2025-03-20,2,seasonal_naive_7,26.5,61.5
2025-03-20,2,climatology,80.23084126984126,61.5
2025-03-20,2,arima_fourier,54.58431502748632,61.5
2025-03-20,2,arima_fourier_mean,60.60177714300555,61.5
2025-03-20,2,arima_no_fourier,57.55497075078739,61.5
2025-03-20,3,naive,51.6,63.5
2025-03-20,3,naive_carry,51.6,63.5
2025-03-20,3,seasonal_naive_7,45.7,63.5
2025-03-20,3,climatology,78.94950793650793,63.5
2025-03-20,3,arima_fourier,55.12715051379067,63.5
2025-03-20,3,arima_fourier_mean,61.81712698823314,63.5
2025-03-20,3,arima_no_fourier,58.694818098039036,63.5
2025-03-21,1,naive,69.2,61.5
2025-03-21,1,naive_carry,69.2,61.5
2025-03-21,1,seasonal_naive_7,26.5,61.5
2025-03-21,1,climatology,80.23084126984126,61.5
2025-03-21,1,arima_fourier,63.59068165996061,61.5
2025-03-21,1,arima_fourier_mean,68.69809829227343,61.5
2025-03-21,1,arima_no_fourier,66.26278701014417,61.5
2025-03-21,2,naive,69.2,63.5
2025-03-21,2,naive_carry,69.2,63.5
2025-03-21,2,seasonal_naive_7,45.7,63.5
2025-03-21,2,climatology,78.94950793650793,63.5
2025-03-21,2,arima_fourier,60.452102263855025,63.5
2025-03-21,2,arima_fourier_mean,67.116434768452,63.5
2025-03-21,2,arima_no_fourier,64.77682649234205,63.5
2025-03-21,3,naive,69.2,71.4
2025-03-21,3,naive_carry,69.2,71.4
2025-03-21,3,seasonal_naive_7,53.9,71.4
2025-03-21,3,climatology,77.5591746031746,71.4
2025-03-21,3,arima_fourier,58.63090135300668,71.4
2025-03-21,3,arima_fourier_mean,65.74607129324873,71.4
2025-03-21,3,arima_no_fourier,64.01309649066786,71.4
2025-03-22,1,naive,61.5,63.5
2025-03-22,1,naive_carry,61.5,63.5
2025-03-22,1,seasonal_naive_7,45.7,63.5
2025-03-22,1,climatology,78.94950793650793,63.5
2025-03-22,1,arima_fourier,59.26212879354271,63.5
2025-03-22,1,arima_fourier_mean,64.02188735229302,63.5
2025-03-22,1,arima_no_fourier,61.778745216839326,63.5
2025-03-22,2,naive,61.5,71.4
2025-03-22,2,naive_carry,61.5,71.4
2025-03-22,2,seasonal_naive_7,53.9,71.4
2025-03-22,2,climatology,77.5591746031746,71.4
2025-03-22,2,arima_fourier,57.93132607376392,71.4
2025-03-22,2,arima_fourier_mean,64.31776074913257,71.4
2025-03-22,2,arima_no_fourier,61.925010891349906,71.4
2025-03-22,3,naive,61.5,89.0
2025-03-22,3,naive_carry,61.5,89.0
2025-03-22,3,seasonal_naive_7,59.9,89.0
2025-03-22,3,climatology,75.26117460317461,89.0
2025-03-22,3,arima_fourier,57.12207497031883,89.0
2025-03-22,3,arima_fourier_mean,64.05413557624314,89.0
2025-03-22,3,arima_no_fourier,62.00163477298921,89.0
2025-03-23,1,naive,63.5,71.4
2025-03-23,1,naive_carry,63.5,71.4
2025-03-23,1,seasonal_naive_7,53.9,71.4
2025-03-23,1,climatology,77.5591746031746,71.4
2025-03-23,1,arima_fourier,60.360461269397604,71.4
2025-03-23,1,arima_fourier_mean,65.20843321897408,71.4
2025-03-23,1,arima_no_fourier,63.01563001145784,71.4
2025-03-23,2,naive,63.5,89.0
2025-03-23,2,naive_carry,63.5,89.0
2025-03-23,2,seasonal_naive_7,59.9,89.0
2025-03-23,2,climatology,75.26117460317461,89.0
2025-03-23,2,arima_fourier,58.556455374206806,89.0
2025-03-23,2,arima_fourier_mean,65.01180168684427,89.0
2025-03-23,2,arima_no_fourier,62.76381360015759,89.0
2025-03-23,3,naive,63.5,81.7
2025-03-23,3,naive_carry,63.5,81.7
2025-03-23,3,seasonal_naive_7,73.0,81.7
2025-03-23,3,climatology,74.11584126984125,81.7
2025-03-23,3,arima_fourier,57.49959093063004,81.7
2025-03-23,3,arima_fourier_mean,64.47745989186167,81.7
2025-03-23,3,arima_no_fourier,62.63253333571887,81.7
2025-03-24,1,naive,71.4,89.0
2025-03-24,1,naive_carry,71.4,89.0
2025-03-24,1,seasonal_naive_7,59.9,89.0
2025-03-24,1,climatology,75.26117460317461,89.0
2025-03-24,1,arima_fourier,64.70770101190736,89.0
2025-03-24,1,arima_fourier_mean,69.9048287915484,89.0
2025-03-24,1,arima_no_fourier,67.94770874290619,89.0
2025-03-24,2,naive,71.4,81.7
2025-03-24,2,naive_carry,71.4,81.7
2025-03-24,2,seasonal_naive_7,73.0,81.7
2025-03-24,2,climatology,74.11584126984125,81.7
2025-03-24,2,arima_fourier,61.07412415058985,81.7
2025-03-24,2,arima_fourier_mean,67.80701823198179,81.7
2025-03-24,2,arima_no_fourier,66.20940506198535,81.7
2025-03-24,3,naive,71.4,73.4
2025-03-24,3,naive_carry,71.4,73.4
2025-03-24,3,seasonal_naive_7,51.6,73.4
2025-03-24,3,climatology,72.50361904761904,73.4
2025-03-24,3,arima_fourier,59.0389484961301,73.4
2025-03-24,3,arima_fourier_mean,66.20362119201539,73.4
2025-03-24,3,arima_no_fourier,65.3181823771568,73.4
2025-03-25,1,naive,89.0,81.7
2025-03-25,1,naive_carry,89.0,81.7
2025-03-25,1,seasonal_naive_7,73.0,81.7
2025-03-25,1,climatology,74.11584126984125,81.7
2025-03-25,1,arima_fourier,73.82181204813686,81.7
2025-03-25,1,arima_fourier_mean,79.75095614884505,81.7
2025-03-25,1,arima_no_fourier,78.59367618559993,81.7
2025-03-25,2,naive,89.0,73.4
2025-03-25,2,naive_carry,89.0,73.4
2025-03-25,2,seasonal_naive_7,51.6,73.4
2025-03-25,2,climatology,72.50361904761904,73.4
2025-03-25,2,arima_fourier,66.19815152634642,73.4
2025-03-25,2,arima_fourier_mean,73.49592152849675,73.4
2025-03-25,2,arima_no_fourier,73.64586581078892,73.4
2025-03-25,3,naive,89.0,54.0
2025-03-25,3,naive_carry,89.0,54.0
2025-03-25,3,seasonal_naive_7,69.2,54.0
2025-03-25,3,climatology,70.59266666666667,54.0
2025-03-25,3,arima_fourier,62.13190279033535,54.0
2025-03-25,3,arima_fourier_mean,69.6719157192646,54.0
2025-03-25,3,arima_no_fourier,71.18383141513951,54.0
2025-03-26,1,naive,81.7,73.4
2025-03-26,1,naive_carry,81.7,73.4
2025-03-26,1,seasonal_naive_7,51.6,73.4
2025-03-26,1,climatology,72.50361904761904,73.4
2025-03-26,1,arima_fourier,70.3129143610598,73.4
2025-03-26,1,arima_fourier_mean,75.96023291429735,73.4
2025-03-26,1,arima_no_fourier,75.48201054326738,73.4
2025-03-26,2,naive,81.7,54.0
2025-03-26,2,naive_carry,81.7,54.0
2025-03-26,2,seasonal_naive_7,69.2,54.0
2025-03-26,2,climatology,70.59266666666667,54.0
2025-03-26,2,arima_fourier,64.43577345460095,54.0
2025-03-26,2,arima_fourier_mean,71.53925302281897,54.0
2025-03-26,2,arima_no_fourier,72.42124997578938,54.0
2025-03-26,3,naive,81.7,37.8
2025-03-26,3,naive_carry,81.7,37.8
2025-03-26,3,seasonal_naive_7,61.5,37.8
2025-03-26,3,climatology,68.01133333333333,37.8
2025-03-26,3,arima_fourier,61.26208901385616,37.8
2025-03-26,3,arima_fourier_mean,68.69654066888391,37.8
2025-03-26,3,arima_no_fourier,70.870444047722,37.8
2025-03-27,1,naive,73.4,54.0
2025-03-27,1,naive_carry,73.4,54.0
2025-03-27,1,seasonal_naive_7,69.2,54.0
2025-03-27,1,climatology,70.59266666666667,54.0
2025-03-27,1,arima_fourier,66.10355380734873,54.0
2025-03-27,1,arima_fourier_mean,71.41278798010491,54.0
2025-03-27,1,arima_no_fourier,71.14570031008816,54.0
2025-03-27,2,naive,73.4,37.8
2025-03-27,2,naive_carry,73.4,37.8
2025-03-27,2,seasonal_naive_7,61.5,37.8
2025-03-27,2,climatology,68.01133333333333,37.8
2025-03-27,2,arima_fourier,62.21460421999382,37.8
2025-03-27,2,arima_fourier_mean,69.07321596129707,37.8
2025-03-27,2,arima_no_fourier,69.99457449763807,37.8
2025-03-27,3,naive,73.4,41.9
2025-03-27,3,naive_carry,73.4,41.9
2025-03-27,3,seasonal_naive_7,63.5,41.9
2025-03-27,3,climatology,67.99244444444444,41.9
2025-03-27,3,arima_fourier,60.08898066893323,41.9
2025-03-27,3,arima_fourier_mean,67.38106508423671,41.9
2025-03-27,3,arima_no_fourier,69.40005698269768,41.9
2025-03-28,1,naive,54.0,37.8
2025-03-28,1,naive_carry,54.0,37.8
2025-03-28,1,seasonal_naive_7,61.5,37.8
2025-03-28,1,climatology,68.01133333333333,37.8
2025-03-28,1,arima_fourier,55.164390128197084,37.8
2025-03-28,1,arima_fourier_mean,59.5950231782942,37.8
2025-03-28,1,arima_no_fourier,58.74663010315005,37.8
2025-03-28,2,naive,54.0,41.9
2025-03-28,2,naive_carry,54.0,41.9
2025-03-28,2,seasonal_naive_7,63.5,41.9
2025-03-28,2,climatology,67.99244444444444,41.9
2025-03-28,2,arima_fourier,55.88015660774131,41.9
2025-03-28,2,arima_fourier_mean,62.04044838083803,41.9
2025-03-28,2,arima_no_fourier,61.39265034921681,41.9
2025-03-28,3,naive,54.0,76.3
2025-03-28,3,naive_carry,54.0,76.3
2025-03-28,3,seasonal_naive_7,71.4,76.3
2025-03-28,3,climatology,69.18355555555556,76.3
2025-03-28,3,arima_fourier,56.34131915900107,76.3
2025-03-28,3,arima_fourier_mean,63.17860254555912,76.3
2025-03-28,3,arima_no_fourier,62.823443356596854,76.3
2025-03-29,1,naive,37.8,41.9
2025-03-29,1,naive_carry,37.8,41.9
2025-03-29,1,seasonal_naive_7,63.5,41.9
2025-03-29,1,climatology,67.99244444444444,41.9
2025-03-29,1,arima_fourier,44.62998952365905,41.9
2025-03-29,1,arima_fourier_mean,48.21453123395293,41.9
2025-03-29,1,arima_no_fourier,46.393831389551686,41.9
2025-03-29,2,naive,37.8,76.3
2025-03-29,2,naive_carry,37.8,76.3
2025-03-29,2,seasonal_naive_7,71.4,76.3
2025-03-29,2,climatology,69.18355555555556,76.3
2025-03-29,2,arima_fourier,49.190374724695644,76.3
2025-03-29,2,arima_fourier_mean,54.613174833801416,76.3
2025-03-29,2,arima_no_fourier,51.63974641405569,76.3
2025-03-29,3,naive,37.8,73.0
2025-03-29,3,naive_carry,37.8,73.0
2025-03-29,3,seasonal_naive_7,89.0,73.0
2025-03-29,3,climatology,69.94044444444445,73.0
2025-03-29,3,arima_fourier,52.10226966877829,73.0
2025-03-29,3,arima_fourier_mean,58.42512052611754,73.0
2025-03-29,3,arima_no_fourier,54.61508472917607,73.0
2025-03-30,1,naive,41.9,76.3
2025-03-30,1,naive_carry,41.9,76.3
2025-03-30,1,seasonal_naive_7,71.4,76.3
2025-03-30,1,climatology,69.18355555555556,76.3
2025-03-30,1,arima_fourier,47.37810113789986,76.3
2025-03-30,1,arima_fourier_mean,51.18336168798362,76.3
2025-03-30,1,arima_no_fourier,48.40319854646962,76.3
2025-03-30,2,naive,41.9,73.0
2025-03-30,2,naive_carry,41.9,73.0
2025-03-30,2,seasonal_naive_7,89.0,73.0
2025-03-30,2,climatology,69.94044444444445,73.0
2025-03-30,2,arima_fourier,50.93468770539738,73.0
2025-03-30,2,arima_fourier_mean,56.54978021340726,73.0
2025-03-30,2,arima_no_fourier,52.19640471355259,73.0
2025-03-30,3,naive,41.9,95.0
2025-03-30,3,naive_carry,41.9,95.0
2025-03-30,3,seasonal_naive_7,81.7,95.0
2025-03-30,3,climatology,69.08933333333334,95.0
2025-03-30,3,arima_fourier,53.18523002807582,95.0
2025-03-30,3,arima_fourier_mean,59.63949915972634,95.0
2025-03-30,3,arima_no_fourier,54.29690080879506,95.0
2025-03-31,1,naive,76.3,73.0
2025-03-31,1,naive_carry,76.3,73.0
2025-03-31,1,seasonal_naive_7,89.0,73.0
2025-03-31,1,climatology,69.94044444444445,73.0
2025-03-31,1,arima_fourier,67.62164788955269,73.0
2025-03-31,1,arima_fourier_mean,73.05280536724405,73.0
2025-03-31,1,arima_no_fourier,69.69631314566819,73.0
2025-03-31,2,naive,76.3,95.0
2025-03-31,2,naive_carry,76.3,95.0
2025-03-31,2,seasonal_naive_7,81.7,95.0
2025-03-31,2,climatology,69.08933333333334,95.0
2025-03-31,2,arima_fourier,63.11005907873621,95.0
2025-03-31,2,arima_fourier_mean,70.06737400823559,95.0
2025-03-31,2,arima_no_fourier,66.47389561640519,95.0
2025-03-31,3,naive,76.3,60.5
2025-03-31,3,naive_carry,76.3,60.5
2025-03-31,3,seasonal_naive_7,73.4,60.5
2025-03-31,3,climatology,68.33266666666667,60.5
2025-03-31,3,arima_fourier,60.708332294704434,60.5
2025-03-31,3,arima_fourier_mean,68.0755596385433,60.5
2025-03-31,3,arima_no_fourier,64.84858092292725,60.5
2025-04-01,1,naive,73.0,95.0
2025-04-01,1,naive_carry,73.0,95.0
2025-04-01,1,seasonal_naive_7,81.7,95.0
2025-04-01,1,climatology,69.08933333333334,95.0
2025-04-01,1,arima_fourier,66.04878231246137,95.0
2025-04-01,1,arima_fourier_mean,71.35361096812518,95.0
2025-04-01,1,arima_no_fourier,68.45877832545617,95.0
2025-04-01,2,naive,73.0,60.5
2025-04-01,2,naive_carry,73.0,60.5
2025-04-01,2,seasonal_naive_7,73.4,60.5
2025-04-01,2,climatology,68.33266666666667,60.5
2025-04-01,2,arima_fourier,62.399714063460216,60.5
2025-04-01,2,arima_fourier_mean,69.27871689878525,60.5
2025-04-01,2,arima_no_fourier,66.19768639530358,60.5
2025-04-01,3,naive,73.0,65.6
2025-04-01,3,naive_carry,73.0,65.6
2025-04-01,3,seasonal_naive_7,54.0,65.6
2025-04-01,3,climatology,68.24466666666666,65.6
2025-04-01,3,arima_fourier,60.4635191578919,65.6
2025-04-01,3,arima_fourier_mean,67.80103306384727,65.6
2025-04-01,3,arima_no_fourier,65.04519891674673,65.6
2025-04-02,1,naive,95.0,60.5
2025-04-02,1,naive_carry,95.0,60.5
2025-04-02,1,seasonal_naive_7,73.4,60.5
2025-04-02,1,climatology,68.33266666666667,60.5
2025-04-02,1,arima_fourier,77.4571928527267,60.5
2025-04-02,1,arima_fourier_mean,83.67830745720629,60.5
2025-04-02,1,arima_no_fourier,81.51618125957746,60.5
2025-04-02,2,naive,95.0,65.6
2025-04-02,2,naive_carry,95.0,65.6
2025-04-02,2,seasonal_naive_7,54.0,65.6
2025-04-02,2,climatology,68.24466666666666,65.6
2025-04-02,2,arima_fourier,68.89298453456392,65.6
2025-04-02,2,arima_fourier_mean,76.4878083958095,65.6
2025-04-02,2,arima_no_fourier,75.24538320525797,65.6
2025-04-02,3,naive,95.0,63.7
2025-04-02,3,naive_carry,95.0,63.7
2025-04-02,3,seasonal_naive_7,37.8,63.7
2025-04-02,3,climatology,67.58,63.7
2025-04-02,3,arima_fourier,64.4644716229282,63.7
2025-04-02,3,arima_fourier_mean,72.28751427036617,63.7
2025-04-02,3,arima_no_fourier,72.16072614172047,63.7
2025-04-03,1,naive,60.5,65.6
2025-04-03,1,naive_carry,60.5,65.6
2025-04-03,1,seasonal_naive_7,54.0,65.6
2025-04-03,1,climatology,68.24466666666666,65.6
2025-04-03,1,arima_fourier,59.478438356568034,65.6
2025-04-03,1,arima_fourier_mean,64.25555571963241,65.6
2025-04-03,1,arima_no_fourier,62.2607892223774,65.6
2025-04-03,2,naive,60.5,63.7
2025-04-03,2,naive_carry,60.5,63.7
2025-04-03,2,seasonal_naive_7,37.8,63.7
2025-04-03,2,climatology,67.58,63.7
2025-04-03,2,arima_fourier,58.991642756097825,63.7
2025-04-03,2,arima_fourier_mean,65.4949312435308,63.7
2025-04-03,2,arima_no_fourier,63.201862796152504,63.7
2025-04-03,3,naive,60.5,75.1
2025-04-03,3,naive_carry,60.5,75.1
2025-04-03,3,seasonal_naive_7,41.9,75.1
2025-04-03,3,climatology,67.80555555555556,75.1
2025-04-03,3,arima_fourier,58.8178247784868,75.1
2025-04-03,3,arima_fourier_mean,65.9556184543851,75.1
2025-04-03,3,arima_no_fourier,63.69962454566026,75.1
2025-04-04,1,naive,65.6,63.7
2025-04-04,1,naive_carry,65.6,63.7
2025-04-04,1,seasonal_naive_7,37.8,63.7
2025-04-04,1,climatology,67.58,63.7
2025-04-04,1,arima_fourier,62.530471036180316,63.7
2025-04-04,1,arima_fourier_mean,67.55271680761766,63.7
2025-04-04,1,arima_no_fourier,65.33479807858853,63.7
2025-04-04,2,naive,65.6,75.1
2025-04-04,2,naive_carry,65.6,75.1
2025-04-04,2,seasonal_naive_7,41.9,75.1
2025-04-04,2,climatology,67.80555555555556,75.1
2025-04-04,2,arima_fourier,60.9235353098443,75.1
2025-04-04,2,arima_fourier_mean,67.63979459467642,75.1
2025-04-04,2,arima_no_fourier,65.19654443200902,75.1
2025-04-04,3,naive,65.6,87.8
2025-04-04,3,naive_carry,65.6,87.8
2025-04-04,3,seasonal_naive_7,76.3,87.8
2025-04-04,3,climatology,68.52155555555555,87.8
2025-04-04,3,arima_fourier,60.125723102877,87.8
2025-04-04,3,arima_fourier_mean,67.422231895527,87.8
2025-04-04,3,arima_no_fourier,65.12436461371175,87.8
2025-04-05,1,naive,63.7,75.1
2025-04-05,1,naive_carry,63.7,75.1
2025-04-05,1,seasonal_naive_7,41.9,75.1
2025-04-05,1,climatology,67.80555555555556,75.1
2025-04-05,1,arima_fourier,61.59863738738708,75.1
2025-04-05,1,arima_fourier_mean,66.5460402633771,75.1
2025-04-05,1,arima_no_fourier,64.15535618013143,75.1
2025-04-05,2,naive,63.7,87.8
2025-04-05,2,naive_carry,63.7,87.8
2025-04-05,2,seasonal_naive_7,76.3,87.8
2025-04-05,2,climatology,68.52155555555555,87.8
2025-04-05,2,arima_fourier,60.527113631497606,87.8
2025-04-05,2,arima_fourier_mean,67.19966849244392,87.8
2025-04-05,2,arima_no_fourier,64.39476818277205,87.8
2025-04-05,3,naive,63.7,92.6
2025-04-05,3,naive_carry,63.7,92.6
2025-04-05,3,seasonal_naive_7,73.0,92.6
2025-04-05,3,climatology,68.748,92.6
2025-04-05,3,arima_fourier,60.036551119705734,92.6
2025-04-05,3,arima_fourier_mean,67.32223470902667,92.6
2025-04-05,3,arima_no_fourier,64.52031835217312,92.6
2025-04-06,1,naive,75.1,87.8
2025-04-06,1,naive_carry,75.1,87.8
2025-04-06,1,seasonal_naive_7,76.3,87.8
2025-04-06,1,climatology,68.52155555555555,87.8
2025-04-06,1,arima_fourier,68.09815063728047,87.8
2025-04-06,1,arima_fourier_mean,73.567572248666,87.8
2025-04-06,1,arima_no_fourier,71.17217009819618,87.8
2025-04-06,2,naive,75.1,92.6
2025-04-06,2,naive_carry,75.1,92.6
2025-04-06,2,seasonal_naive_7,73.0,92.6
2025-04-06,2,climatology,68.748,92.6
2025-04-06,2,arima_fourier,64.46439870273181,92.6
2025-04-06,2,arima_fourier_mean,71.57100017668108,92.6
2025-04-06,2,arima_no_fourier,69.20070183406033,92.6
2025-04-06,3,naive,75.1,96.3
2025-04-06,3,naive_carry,75.1,96.3
2025-04-06,3,seasonal_naive_7,95.0,96.3
2025-04-06,3,climatology,76.02266666666667,96.3
2025-04-06,3,arima_fourier,62.576412498425306,96.3
2025-04-06,3,arima_fourier_mean,70.17031489726037,96.3
2025-04-06,3,arima_no_fourier,68.19161261152829,96.3
2025-04-07,1,naive,87.8,92.6
2025-04-07,1,naive_carry,87.8,92.6
2025-04-07,1,seasonal_naive_7,73.0,92.6
2025-04-07,1,climatology,68.748,92.6
2025-04-07,1,arima_fourier,74.98092806966757,92.6
2025-04-07,1,arima_fourier_mean,81.0031507628637,92.6
2025-04-07,1,arima_no_fourier,79.07528236721785,92.6
2025-04-07,2,naive,87.8,96.3
2025-04-07,2,naive_carry,87.8,96.3
2025-04-07,2,seasonal_naive_7,95.0,96.3
2025-04-07,2,climatology,76.02266666666667,96.3
2025-04-07,2,arima_fourier,68.55460288622812,96.3
2025-04-07,2,arima_fourier_mean,76.1121086276039,96.3
2025-04-07,2,arima_no_fourier,74.86379201882374,96.3
2025-04-07,3,naive,87.8,67.5
2025-04-07,3,naive_carry,87.8,67.5
2025-04-07,3,seasonal_naive_7,60.5,67.5
2025-04-07,3,climatology,82.366,67.5
2025-04-07,3,arima_fourier,65.22010543416536,67.5
2025-04-07,3,arima_fourier_mean,73.13482681095901,67.5
2025-04-07,3,arima_no_fourier,72.7515822298486,67.5
2025-04-08,1,naive,92.6,96.3
2025-04-08,1,naive_carry,92.6,96.3
2025-04-08,1,seasonal_naive_7,95.0,96.3
2025-04-08,1,climatology,76.02266666666667,96.3
2025-04-08,1,arima_fourier,77.7225650089783,96.3
2025-04-08,1,arima_fourier_mean,83.96498581652685,96.3
2025-04-08,1,arima_no_fourier,82.76279323823219,96.3
2025-04-08,2,naive,92.6,67.5
2025-04-08,2,naive_carry,92.6,67.5
2025-04-08,2,seasonal_naive_7,60.5,67.5
2025-04-08,2,climatology,82.366,67.5
2025-04-08,2,arima_fourier,70.35472847848037,67.5
2025-04-08,2,arima_fourier_mean,78.11067851318572,67.5
2025-04-08,2,arima_no_fourier,78.04211095669878,67.5
2025-04-08,3,naive,92.6,46.8
2025-04-08,3,naive_carry,92.6,46.8
2025-04-08,3,seasonal_naive_7,65.6,46.8
2025-04-08,3,climatology,83.44422222222221,46.8
2025-04-08,3,arima_fourier,66.5487553138717,46.8
2025-04-08,3,arima_fourier_mean,74.6247097863564,46.8
2025-04-08,3,arima_no_fourier,75.6817564661834,46.8
2025-04-09,1,naive,96.3,67.5
2025-04-09,1,naive_carry,96.3,67.5
2025-04-09,1,seasonal_naive_7,60.5,67.5
2025-04-09,1,climatology,82.366,67.5
2025-04-09,1,arima_fourier,79.918560835386,67.5
2025-04-09,1,arima_fourier_mean,86.33735561435171,67.5
2025-04-09,1,arima_no_fourier,85.92642549111184,67.5
2025-04-09,2,naive,96.3,46.8
2025-04-09,2,naive_carry,96.3,46.8
2025-04-09,2,seasonal_naive_7,65.6,46.8
2025-04-09,2,climatology,83.44422222222221,46.8
2025-04-09,2,arima_fourier,71.87224510095398,46.8
2025-04-09,2,arima_fourier_mean,79.79548438054674,46.8
2025-04-09,2,arima_no_fourier,80.9547201614533,46.8
2025-04-09,3,naive,96.3,48.6
2025-04-09,3,naive_carry,96.3,48.6
2025-04-09,3,seasonal_naive_7,63.7,48.6
2025-04-09,3,climatology,83.69955555555556,48.6
2025-04-09,3,arima_fourier,67.72952921269645,48.6
2025-04-09,3,arima_fourier_mean,75.94877140405244,48.6
2025-04-09,3,arima_no_fourier,78.47051008629877,48.6
2025-04-10,1,naive,67.5,46.8
2025-04-10,1,naive_carry,67.5,46.8
2025-04-10,1,seasonal_naive_7,65.6,46.8
2025-04-10,1,climatology,83.44422222222221,46.8
2025-04-10,1,arima_fourier,65.00450740810588,46.8
2025-04-10,1,arima_fourier_mean,70.22545374415405,46.8
2025-04-10,1,arima_no_fourier,69.44598638974344,46.8
2025-04-10,2,naive,67.5,48.6
2025-04-10,2,naive_carry,67.5,48.6
2025-04-10,2,seasonal_naive_7,63.7,48.6
2025-04-10,2,climatology,83.69955555555556,48.6
2025-04-10,2,arima_fourier,63.74454275396861,48.6
2025-04-10,2,arima_fourier_mean,70.77177688916439,48.6
2025-04-10,2,arima_no_fourier,70.48582987659474,48.6
2025-04-10,3,naive,67.5,52.6
2025-04-10,3,naive_carry,67.5,52.6
2025-04-10,3,seasonal_naive_7,75.1,52.6
2025-04-10,3,climatology,83.11955555555555,52.6
2025-04-10,3,arima_fourier,63.17155471333624,52.6
2025-04-10,3,arima_fourier_mean,70.83766543942487,52.6
2025-04-10,3,arima_no_fourier,71.03577560753912,52.6
2025-04-11,1,naive,46.8,48.6
2025-04-11,1,naive_carry,46.8,48.6
2025-04-11,1,seasonal_naive_7,63.7,48.6
2025-04-11,1,climatology,83.69955555555556,48.6
2025-04-11,1,arima_fourier,52.43007775910166,48.6
2025-04-11,1,arima_fourier_mean,56.64108688971726,48.6
2025-04-11,1,arima_no_fourier,54.85408226014605,48.6
2025-04-11,2,naive,46.8,52.6
2025-04-11,2,naive_carry,46.8,52.6
2025-04-11,2,seasonal_naive_7,75.1,52.6
2025-04-11,2,climatology,83.11955555555555,52.6
2025-04-11,2,arima_fourier,56.1415272508152,52.6
2025-04-11,2,arima_fourier_mean,62.33059865547811,52.6
2025-04-11,2,arima_no_fourier,59.603465774741636,52.6
2025-04-11,3,naive,46.8,67.0
2025-04-11,3,naive_carry,46.8,67.0
2025-04-11,3,seasonal_naive_7,87.8,67.0
2025-04-11,3,climatology,84.46955555555556,67.0
2025-04-11,3,arima_fourier,58.55664773253155,67.0
2025-04-11,3,arima_fourier_mean,65.6627186130257,67.0
2025-04-11,3,arima_no_fourier,62.2485936031239,67.0
2025-04-12,1,naive,48.6,52.6
2025-04-12,1,naive_carry,48.6,52.6
2025-04-12,1,seasonal_naive_7,75.1,52.6
2025-04-12,1,climatology,83.11955555555555,52.6
2025-04-12,1,arima_fourier,53.665136587246444,52.6
2025-04-12,1,arima_fourier_mean,57.975340789197034,52.6
2025-04-12,1,arima_no_fourier,55.191422858520916,52.6
2025-04-12,2,naive,48.6,67.0
2025-04-12,2,naive_carry,48.6,67.0
2025-04-12,2,seasonal_naive_7,87.8,67.0
2025-04-12,2,climatology,84.46955555555556,67.0
2025-04-12,2,arima_fourier,56.983245527976464,67.0
2025-04-12,2,arima_fourier_mean,63.2651063826321,67.0
2025-04-12,2,arima_no_fourier,58.98689628669632,67.0
2025-04-12,3,naive,48.6,63.8
2025-04-12,3,naive_carry,48.6,63.8
2025-04-12,3,seasonal_naive_7,92.6,63.8
2025-04-12,3,climatology,82.73444444444445,63.8
2025-04-12,3,arima_fourier,59.1441468143502,63.8
2025-04-12,3,arima_fourier_mean,66.32150982175399,63.8
2025-04-12,3,arima_no_fourier,61.0744691081628,63.8
2025-04-13,1,naive,52.6,67.0
2025-04-13,1,naive_carry,52.6,67.0
2025-04-13,1,seasonal_naive_7,87.8,67.0
2025-04-13,1,climatology,84.46955555555556,67.0
2025-04-13,1,arima_fourier,56.30791122686358,67.0
2025-04-13,1,arima_fourier_mean,60.83037349090819,67.0
2025-04-13,1,arima_no_fourier,57.21192623009233,67.0
2025-04-13,2,naive,52.6,63.8
2025-04-13,2,naive_carry,52.6,63.8
2025-04-13,2,seasonal_naive_7,92.6,63.8
2025-04-13,2,climatology,82.73444444444445,63.8
2025-04-13,2,arima_fourier,58.71993974279695,63.8
2025-04-13,2,arima_fourier_mean,65.19325259622067,63.8
2025-04-13,2,arima_no_fourier,59.78245981639643,63.8
2025-04-13,3,naive,52.6,82.1
2025-04-13,3,naive_carry,52.6,82.1
2025-04-13,3,seasonal_naive_7,96.3,82.1
2025-04-13,3,climatology,83.51755555555556,82.1
2025-04-13,3,arima_fourier,60.30859705420022,82.1
2025-04-13,3,arima_fourier_mean,67.627267357057,82.1
2025-04-13,3,arima_no_fourier,61.17232239732007,82.1
2025-04-14,1,naive,67.0,63.8
2025-04-14,1,naive_carry,67.0,63.8
2025-04-14,1,seasonal_naive_7,92.6,63.8
2025-04-14,1,climatology,82.73444444444445,63.8
2025-04-14,1,arima_fourier,65.11615395340927,63.8
2025-04-14,1,arima_fourier_mean,70.34606383319338,63.8
2025-04-14,1,arima_no_fourier,66.09194501343937,63.8
2025-04-14,2,naive,67.0,82.1
2025-04-14,2,naive_carry,67.0,82.1
2025-04-14,2,seasonal_naive_7,96.3,82.1
2025-04-14,2,climatology,83.51755555555556,82.1
2025-04-14,2,arima_fourier,64.1933896643798,82.1
2025-04-14,2,arima_fourier_mean,71.27009597480674,82.1
2025-04-14,2,arima_no_fourier,65.62201104179789,82.1
2025-04-14,3,naive,67.0,68.5
2025-04-14,3,naive_carry,67.0,68.5
2025-04-14,3,seasonal_naive_7,67.5,68.5
2025-04-14,3,climatology,89.71255555555555,68.5
2025-04-14,3,arima_fourier,63.807012372808195,68.5
2025-04-14,3,arima_fourier_mean,71.55022507444716,68.5
2025-04-14,3,arima_no_fourier,65.37760261450627,68.5
2025-04-15,1,naive,63.8,82.1
2025-04-15,1,naive_carry,63.8,82.1
2025-04-15,1,seasonal_naive_7,96.3,82.1
2025-04-15,1,climatology,83.51755555555556,82.1
2025-04-15,1,arima_fourier,63.4185726258677,82.1
2025-04-15,1,arima_fourier_mean,68.512137693659,82.1
2025-04-15,1,arima_no_fourier,64.16698076639304,82.1
2025-04-15,2,naive,63.8,68.5
2025-04-15,2,naive_carry,63.8,68.5
2025-04-15,2,seasonal_naive_7,67.5,68.5
2025-04-15,2,climatology,89.71255555555555,68.5
2025-04-15,2,arima_fourier,63.340900274930796,68.5
2025-04-15,2,arima_fourier_mean,70.3236257299323,68.5
2025-04-15,2,arima_no_fourier,64.35972411226666,68.5
2025-04-15,3,naive,63.8,87.4
2025-04-15,3,naive_carry,63.8,87.4
2025-04-15,3,seasonal_naive_7,46.8,87.4
2025-04-15,3,climatology,90.2992222222222,87.4
2025-04-15,3,arima_fourier,63.43493025199086,87.4
2025-04-15,3,arima_fourier_mean,71.13298635803052,87.4
2025-04-15,3,arima_no_fourier,64.46074493668327,87.4
2025-04-16,1,naive,82.1,68.5
2025-04-16,1,naive_carry,82.1,68.5
2025-04-16,1,seasonal_naive_7,67.5,68.5
2025-04-16,1,climatology,89.71255555555555,68.5
2025-04-16,1,arima_fourier,73.85264811507348,68.5
2025-04-16,1,arima_fourier_mean,79.7842418920157,68.5
2025-04-16,1,arima_no_fourier,75.2683386162502,68.5
2025-04-16,2,naive,82.1,87.4
2025-04-16,2,naive_carry,82.1,87.4
2025-04-16,2,seasonal_naive_7,46.8,87.4
2025-04-16,2,climatology,90.2992222222222,87.4
2025-04-16,2,arima_fourier,69.59672455127686,87.4
2025-04-16,2,arima_fourier_mean,77.26909229478508,87.4
2025-04-16,2,arima_no_fourier,71.92533949233348,87.4
2025-04-16,3,naive,82.1,52.5
2025-04-16,3,naive_carry,82.1,52.5
2025-04-16,3,seasonal_naive_7,48.6,52.5
2025-04-16,3,climatology,91.03488888888889,52.5
2025-04-16,3,arima_fourier,67.37835491891296,52.5
2025-04-16,3,arima_fourier_mean,75.55495655582315,52.5
2025-04-16,3,arima_no_fourier,70.23674669817376,52.5
2025-04-17,1,naive,68.5,87.4
2025-04-17,1,naive_carry,68.5,87.4
2025-04-17,1,seasonal_naive_7,46.8,87.4
2025-04-17,1,climatology,90.2992222222222,87.4
2025-04-17,1,arima_fourier,66.55131747669941,87.4
2025-04-17,1,arima_fourier_mean,71.89649238296285,87.4
2025-04-17,1,arima_no_fourier,67.74604412154332,87.4
2025-04-17,2,naive,68.5,52.5
2025-04-17,2,naive_carry,68.5,52.5
2025-04-17,2,seasonal_naive_7,48.6,52.5
2025-04-17,2,climatology,91.03488888888889,52.5
2025-04-17,2,arima_fourier,65.58249117986196,52.5
2025-04-17,2,arima_fourier_mean,72.8123263767544,52.5
2025-04-17,2,arima_no_fourier,67.35509159294698,52.5
2025-04-17,3,naive,68.5,53.0
2025-04-17,3,naive_carry,68.5,53.0
2025-04-17,3,seasonal_naive_7,52.6,53.0
2025-04-17,3,climatology,90.9932222222222,53.0
2025-04-17,3,arima_fourier,65.15706057102554,53.0
2025-04-17,3,arima_fourier_mean,73.06409728629879,53.0
2025-04-17,3,arima_no_fourier,67.15155175820512,53.0
2025-04-18,1,naive,87.4,52.5
2025-04-18,1,naive_carry,87.4,52.5
2025-04-18,1,seasonal_naive_7,48.6,52.5
2025-04-18,1,climatology,91.03488888888889,52.5
2025-04-18,1,arima_fourier,77.12116139170725,52.5
2025-04-18,1,arima_fourier_mean,83.31526921903884,52.5
2025-04-18,1,arima_no_fourier,79.18685994715042,52.5
2025-04-18,2,naive,87.4,53.0
2025-04-18,2,naive_carry,87.4,53.0
2025-04-18,2,seasonal_naive_7,52.6,53.0
2025-04-18,2,climatology,90.9932222222222,53.0
2025-04-18,2,arima_fourier,71.85517072305491,53.0
2025-04-18,2,arima_fourier_mean,79.77650599378937,53.0
2025-04-18,2,arima_no_fourier,75.20408310645907,53.0
2025-04-18,3,naive,87.4,69.3
2025-04-18,3,naive_carry,87.4,69.3
2025-04-18,3,seasonal_naive_7,67.0,69.3
2025-04-18,3,climatology,92.74766666666667,69.3
2025-04-18,3,arima_fourier,69.09199729466891,69.3
2025-04-18,3,arima_fourier_mean,77.47654922084672,69.3
2025-04-18,3,arima_no_fourier,73.20180194051737,69.3
2025-04-19,1,naive,52.5,53.0
2025-04-19,1,naive_carry,52.5,53.0
2025-04-19,1,seasonal_naive_7,52.6,53.0
2025-04-19,1,climatology,90.9932222222222,53.0
2025-04-19,1,arima_fourier,57.16557489997016,53.0
2025-04-19,1,arima_fourier_mean,61.7569176427787,53.0
2025-04-19,1,arima_no_fourier,57.92187491071421,53.0
2025-04-19,2,naive,52.5,69.3
2025-04-19,2,naive_carry,52.5,69.3
2025-04-19,2,seasonal_naive_7,67.0,69.3
2025-04-19,2,climatology,92.74766666666667,69.3
2025-04-19,2,arima_fourier,60.181018993596496,69.3
2025-04-19,2,arima_fourier_mean,66.81539056159943,69.3
2025-04-19,2,arima_no_fourier,60.97654305110037,69.3
2025-04-19,3,naive,52.5,81.7
2025-04-19,3,naive_carry,52.5,81.7
2025-04-19,3,seasonal_naive_7,63.8,81.7
2025-04-19,3,climatology,93.38188888888888,81.7
2025-04-19,3,arima_fourier,62.11718938939896,81.7
2025-04-19,3,arima_fourier_mean,69.65532163623224,81.7
2025-04-19,3,arima_no_fourier,62.63752562423565,81.7
2025-04-20,1,naive,53.0,69.3
2025-04-20,1,naive_carry,53.0,69.3
2025-04-20,1,seasonal_naive_7,67.0,69.3
2025-04-20,1,climatology,92.74766666666667,69.3
2025-04-20,1,arima_fourier,57.53319005157705,69.3
2025-04-20,1,arima_fourier_mean,62.15405774277191,69.3
2025-04-20,1,arima_no_fourier,57.6316407305611,69.3
2025-04-20,2,naive,53.0,81.7
2025-04-20,2,naive_carry,53.0,81.7
2025-04-20,2,seasonal_naive_7,63.8,81.7
2025-04-20,2,climatology,93.38188888888888,81.7
2025-04-20,2,arima_fourier,60.452399419235014,81.7
2025-04-20,2,arima_fourier_mean,67.11668631293465,81.7
2025-04-20,2,arima_no_fourier,60.212642325419885,81.7
2025-04-20,3,naive,53.0,71.2
2025-04-20,3,naive_carry,53.0,71.2
2025-04-20,3,seasonal_naive_7,82.1,71.2
2025-04-20,3,climatology,94.31144444444443,71.2
2025-04-20,3,arima_fourier,62.3192464557412,71.2
2025-04-20,3,arima_fourier_mean,69.88189636941244,71.2
2025-04-20,3,arima_no_fourier,61.608017328132874,71.2
2025-04-21,1,naive,69.3,81.7
2025-04-21,1,naive_carry,69.3,81.7
2025-04-21,1,seasonal_naive_7,63.8,81.7
2025-04-21,1,climatology,93.38188888888888,81.7
2025-04-21,1,arima_fourier,67.52647904827253,81.7
2025-04-21,1,arima_fourier_mean,72.9499725668328,81.7
2025-04-21,1,arima_no_fourier,67.69527289649947,81.7
2025-04-21,2,naive,69.3,71.2
2025-04-21,2,naive_carry,69.3,71.2
2025-04-21,2,seasonal_naive_7,82.1,71.2
2025-04-21,2,climatology,94.31144444444443,71.2
2025-04-21,2,arima_fourier,66.6253568915477,71.2
2025-04-21,2,arima_fourier_mean,73.97015023494262,71.2
2025-04-21,2,arima_no_fourier,66.87097166949769,71.2
2025-04-21,3,naive,69.3,90.8
2025-04-21,3,naive_carry,69.3,90.8
2025-04-21,3,seasonal_naive_7,68.5,90.8
2025-04-21,3,climatology,87.35811111111111,90.8
2025-04-21,3,arima_fourier,66.20517405242161,90.8
2025-04-21,3,arima_fourier_mean,74.23939159817971,90.8
2025-04-21,3,arima_no_fourier,66.44392806087161,90.8
2025-04-22,1,naive,81.7,71.2
2025-04-22,1,naive_carry,81.7,71.2
2025-04-22,1,seasonal_naive_7,82.1,71.2
2025-04-22,1,climatology,94.31144444444443,71.2
2025-04-22,1,arima_fourier,74.61905721359007,71.2
2025-04-22,1,arima_fourier_mean,80.61220132306205,71.2
2025-04-22,1,arima_no_fourier,75.35626458633203,71.2
2025-04-22,2,naive,81.7,90.8
2025-04-22,2,naive_carry,81.7,90.8
2025-04-22,2,seasonal_naive_7,68.5,90.8
2025-04-22,2,climatology,87.35811111111111,90.8
2025-04-22,2,arima_fourier,70.89300648052603,90.8
2025-04-22,2,arima_fourier_mean,78.70826449424499,90.8
2025-04-22,2,arima_no_fourier,72.23759361592758,90.8
2025-04-22,3,naive,81.7,86.3
2025-04-22,3,naive_carry,81.7,86.3
2025-04-22,3,seasonal_naive_7,87.4,86.3
2025-04-22,3,climatology,81.19744444444444,86.3
2025-04-22,3,arima_fourier,68.90356109450133,86.3
2025-04-22,3,arima_fourier_mean,77.26523408882073,86.3
2025-04-22,3,arima_no_fourier,70.65849822231874,86.3
2025-04-23,1,naive,71.2,90.8
2025-04-23,1,naive_carry,71.2,90.8
2025-04-23,1,seasonal_naive_7,68.5,90.8
2025-04-23,1,climatology,87.35811111111111,90.8
2025-04-23,1,arima_fourier,68.94289211843211,90.8
2025-04-23,1,arima_fourier_mean,74.48014560996175,90.8
2025-04-23,1,arima_no_fourier,69.68024140161084,90.8
2025-04-23,2,naive,71.2,86.3
2025-04-23,2,naive_carry,71.2,86.3
2025-04-23,2,seasonal_naive_7,87.4,86.3
2025-04-23,2,climatology,81.19744444444444,86.3
2025-04-23,2,arima_fourier,67.75287184814712,86.3
2025-04-23,2,arima_fourier_mean,75.22195906132019,86.3
2025-04-23,2,arima_no_fourier,68.89848203355604,86.3
2025-04-23,3,naive,71.2,117.0
2025-04-23,3,naive_carry,71.2,117.0
2025-04-23,3,seasonal_naive_7,52.5,117.0
2025-04-23,3,climatology,81.26144444444444,117.0
2025-04-23,3,arima_fourier,67.14692289536836,117.0
2025-04-23,3,arima_fourier_mean,75.29541945583765,117.0
2025-04-23,3,arima_no_fourier,68.49317883224431,117.0
2025-04-24,1,naive,90.8,86.3
2025-04-24,1,naive_carry,90.8,86.3
2025-04-24,1,seasonal_naive_7,87.4,86.3
2025-04-24,1,climatology,81.19744444444444,86.3
2025-04-24,1,arima_fourier,79.80895652288606,86.3
2025-04-24,1,arima_fourier_mean,86.21893374762897,86.3
2025-04-24,1,arima_no_fourier,81.51830128136356,86.3
2025-04-24,2,naive,90.8,117.0
2025-04-24,2,naive_carry,90.8,117.0
2025-04-24,2,seasonal_naive_7,52.5,117.0
2025-04-24,2,climatology,81.26144444444444,117.0
2025-04-24,2,arima_fourier,74.12561521231451,117.0
2025-04-24,2,arima_fourier_mean,82.29723275294646,117.0
2025-04-24,2,arima_no_fourier,77.04884663020032,117.0
2025-04-24,3,naive,90.8,92.0
2025-04-24,3,naive_carry,90.8,92.0
2025-04-24,3,seasonal_naive_7,53.0,92.0
2025-04-24,3,climatology,80.52833333333334,92.0
2025-04-24,3,arima_fourier,71.07678767544067,92.0
2025-04-24,3,arima_fourier_mean,79.702183343779,92.0
2025-04-24,3,arima_no_fourier,74.81009938758493,92.0
2025-04-25,1,naive,86.3,117.0
2025-04-25,1,naive_carry,86.3,117.0
2025-04-25,1,seasonal_naive_7,52.5,117.0
2025-04-25,1,climatology,81.26144444444444,117.0
2025-04-25,1,arima_fourier,77.65399687432316,117.0
2025-04-25,1,arima_fourier_mean,83.89089449692567,117.0
2025-04-25,1,arima_no_fourier,79.89022715556993,117.0
2025-04-25,2,naive,86.3,92.0
2025-04-25,2,naive_carry,86.3,92.0
2025-04-25,2,seasonal_naive_7,53.0,92.0
2025-04-25,2,climatology,80.52833333333334,92.0
2025-04-25,2,arima_fourier,73.1006338083716,92.0
2025-04-25,2,arima_fourier_mean,81.15925544045483,92.0
2025-04-25,2,arima_no_fourier,76.73026370611996,92.0
2025-04-25,3,naive,86.3,153.0
2025-04-25,3,naive_carry,86.3,153.0
2025-04-25,3,seasonal_naive_7,69.3,153.0
2025-04-25,3,climatology,80.38166666666666,153.0
2025-04-25,3,arima_fourier,70.63009850411771,153.0
2025-04-25,3,arima_fourier_mean,79.20128438934603,153.0
2025-04-25,3,arima_no_fourier,75.12792511999582,153.0
2025-04-26,1,naive,117.0,92.0
2025-04-26,1,naive_carry,117.0,92.0
2025-04-26,1,seasonal_naive_7,53.0,92.0
2025-04-26,1,climatology,80.52833333333334,92.0
2025-04-26,1,arima_fourier,93.28048056453885,92.0
2025-04-26,1,arima_fourier_mean,100.77244185967326,92.0
2025-04-26,1,arima_no_fourier,97.77605587094826,92.0
2025-04-26,2,naive,117.0,153.0
2025-04-26,2,naive_carry,117.0,153.0
2025-04-26,2,seasonal_naive_7,69.3,153.0
2025-04-26,2,climatology,80.38166666666666,153.0
2025-04-26,2,arima_fourier,81.82956426185582,153.0
2025-04-26,2,arima_fourier_mean,90.85046212583899,153.0
2025-04-26,2,arima_no_fourier,89.01613336204313,153.0
2025-04-26,3,naive,117.0,86.3
2025-04-26,3,naive_carry,117.0,86.3
2025-04-26,3,seasonal_naive_7,81.7,86.3
2025-04-26,3,climatology,80.98833333333333,86.3
2025-04-26,3,arima_fourier,75.87096527304612,86.3
2025-04-26,3,arima_fourier_mean,85.07814417700995,86.3
2025-04-26,3,arima_no_fourier,84.75245814004047,86.3
2025-04-27,1,naive,92.0,153.0
2025-04-27,1,naive_carry,92.0,153.0
2025-04-27,1,seasonal_naive_7,69.3,153.0
2025-04-27,1,climatology,80.38166666666666,153.0
2025-04-27,1,arima_fourier,81.15967309684015,153.0
2025-04-27,1,arima_fourier_mean,87.67813286692468,153.0
2025-04-27,1,arima_no_fourier,85.63832534102858,153.0
2025-04-27,2,naive,92.0,86.3
2025-04-27,2,naive_carry,92.0,86.3
2025-04-27,2,seasonal_naive_7,81.7,86.3
2025-04-27,2,climatology,80.98833333333333,86.3
2025-04-27,2,arima_fourier,75.49534913696735,86.3
2025-04-27,2,arima_fourier_mean,83.81796082129617,86.3
2025-04-27,2,arima_no_fourier,82.48878433742432,86.3
2025-04-27,3,naive,92.0,86.2
2025-04-27,3,naive_carry,92.0,86.2
2025-04-27,3,seasonal_naive_7,71.2,86.2
2025-04-27,3,climatology,82.13122222222222,86.2
2025-04-27,3,arima_fourier,72.40925486964127,86.2
2025-04-27,3,arima_fourier_mean,81.19634184213504,86.2
2025-04-27,3,arima_no_fourier,80.88820539087654,86.2
2025-04-28,1,naive,153.0,86.3
2025-04-28,1,naive_carry,153.0,86.3
2025-04-28,1,seasonal_naive_7,81.7,86.3
2025-04-28,1,climatology,80.98833333333333,86.3
2025-04-28,1,arima_fourier,110.07060111231974,86.3
2025-04-28,1,arima_fourier_mean,118.91108404923584,86.3
2025-04-28,1,arima_no_fourier,119.26353135387104,86.3
2025-04-28,2,naive,153.0,86.2
2025-04-28,2,naive_carry,153.0,86.2
2025-04-28,2,seasonal_naive_7,71.2,86.2
2025-04-28,2,climatology,82.13122222222222,86.2
2025-04-28,2,arima_fourier,90.92039222607325,86.2
2025-04-28,2,arima_fourier_mean,100.94345946492979,86.2
2025-04-28,2,arima_no_fourier,104.69733334558627,86.2
2025-04-28,3,naive,153.0,78.1
2025-04-28,3,naive_carry,153.0,78.1
2025-04-28,3,seasonal_naive_7,90.8,78.1
2025-04-28,3,climatology,83.71477777777777,78.1
2025-04-28,3,arima_fourier,81.36612538964812,78.1
2025-04-28,3,arima_fourier_mean,91.24015350705928,78.1
2025-04-28,3,arima_no_fourier,97.8031086201669,78.1
2025-04-29,1,naive,86.3,86.2
2025-04-29,1,naive_carry,86.3,86.2
2025-04-29,1,seasonal_naive_7,71.2,86.2
2025-04-29,1,climatology,82.13122222222222,86.2
2025-04-29,1,arima_fourier,78.67288159796549,86.2
2025-04-29,1,arima_fourier_mean,84.99160962159775,86.2
2025-04-29,1,arima_no_fourier,85.24651474138476,86.2
2025-04-29,2,naive,86.3,78.1
2025-04-29,2,naive_carry,86.3,78.1
2025-04-29,2,seasonal_naive_7,90.8,78.1
2025-04-29,2,climatology,83.71477777777777,78.1
2025-04-29,2,arima_fourier,74.55989995228697,78.1
2025-04-29,2,arima_fourier_mean,82.7793842755208,78.1
2025-04-29,2,arima_no_fourier,84.70075124010499,78.1
2025-04-29,3,naive,86.3,40.0
2025-04-29,3,naive_carry,86.3,40.0
2025-04-29,3,seasonal_naive_7,86.3,40.0
2025-04-29,3,climatology,79.34866666666667,40.0
2025-04-29,3,arima_fourier,72.2589009553619,40.0
2025-04-29,3,arima_fourier_mean,81.02773712917093,40.0
2025-04-29,3,arima_no_fourier,84.41675033763177,40.0
2025-04-30,1,naive,86.2,78.1
2025-04-30,1,naive_carry,86.2,78.1
2025-04-30,1,seasonal_naive_7,90.8,78.1
2025-04-30,1,climatology,83.71477777777777,78.1
2025-04-30,1,arima_fourier,78.72348127831452,78.1
2025-04-30,1,arima_fourier_mean,85.0462726210186,78.1
2025-04-30,1,arima_no_fourier,85.30140990811348,78.1
2025-04-30,2,naive,86.2,40.0
2025-04-30,2,naive_carry,86.2,40.0
2025-04-30,2,seasonal_naive_7,86.3,40.0
2025-04-30,2,climatology,79.34866666666667,40.0
2025-04-30,2,arima_fourier,74.66887027675088,40.0
2025-04-30,2,arima_fourier_mean,82.90036586017317,40.0
2025-04-30,2,arima_no_fourier,84.83525045291114,40.0
2025-04-30,3,naive,86.2,68.7
2025-04-30,3,naive_carry,86.2,68.7
2025-04-30,3,seasonal_naive_7,117.0,68.7
2025-04-30,3,climatology,78.69200000000001,68.7
2025-04-30,3,arima_fourier,72.38183975698762,68.7
2025-04-30,3,arima_fourier_mean,81.16559257547725,68.7
2025-04-30,3,arima_no_fourier,84.59249907650454,68.7
2025-05-01,1,naive,78.1,40.0
2025-05-01,1,naive_carry,78.1,40.0
2025-05-01,1,seasonal_naive_7,86.3,40.0
2025-05-01,1,climatology,79.34866666666667,40.0
2025-05-01,1,arima_fourier,74.31661703636361,40.0
2025-05-01,1,arima_fourier_mean,80.2854640285701,40.0
2025-05-01,1,arima_no_fourier,80.2122514084381,40.0
2025-05-01,2,naive,78.1,68.7
2025-05-01,2,naive_carry,78.1,68.7
2025-05-01,2,seasonal_naive_7,117.0,68.7
2025-05-01,2,climatology,78.69200000000001,68.7
2025-05-01,2,arima_fourier,72.1754827243441,68.7
2025-05-01,2,arima_fourier_mean,80.13210575284029,68.7
2025-05-01,2,arima_no_fourier,81.33945178316067,68.7
2025-05-01,3,naive,78.1,81.8
2025-05-01,3,naive_carry,78.1,81.8
2025-05-01,3,seasonal_naive_7,92.0,81.8
2025-05-01,3,climatology,80.53366666666668,81.8
2025-05-01,3,arima_fourier,70.91620088019985,81.8
2025-05-01,3,arima_fourier_mean,79.52209179359564,81.8
2025-05-01,3,arima_no_fourier,81.93518691311284,81.8
2025-05-02,1,naive,40.0,68.7
2025-05-02,1,naive_carry,40.0,68.7
2025-05-02,1,seasonal_naive_7,117.0,68.7
2025-05-02,1,climatology,78.69200000000001,68.7
2025-05-02,1,arima_fourier,49.934448690072216,68.7
2025-05-02,1,arima_fourier_mean,53.94500603088172,68.7
2025-05-02,1,arima_no_fourier,52.27848310567889,68.7
2025-05-02,2,naive,40.0,81.8
2025-05-02,2,naive_carry,40.0,81.8
2025-05-02,2,seasonal_naive_7,92.0,81.8
2025-05-02,2,climatology,80.53366666666668,81.8
2025-05-02,2,arima_fourier,56.77400492046545,81.8
2025-05-02,2,arima_fourier_mean,63.032768327995164,81.8
2025-05-02,2,arima_no_fourier,60.13396656351913,81.8
2025-05-02,3,naive,40.0,37.2
2025-05-02,3,naive_carry,40.0,37.2
2025-05-02,3,seasonal_naive_7,153.0,37.2
2025-05-02,3,climatology,85.50533333333334,37.2
2025-05-02,3,arima_fourier,61.12142666326781,37.2
2025-05-02,3,arima_fourier_mean,68.53869084801723,37.2
2025-05-02,3,arima_no_fourier,64.7011625633159,37.2
2025-05-03,1,naive,68.7,81.8
2025-05-03,1,naive_carry,68.7,81.8
2025-05-03,1,seasonal_naive_7,92.0,81.8
2025-05-03,1,climatology,80.53366666666668,81.8
2025-05-03,1,arima_fourier,68.63551652064159,81.8
2025-05-03,1,arima_fourier_mean,74.14807658656541,81.8
2025-05-03,1,arima_no_fourier,71.53012762264206,81.8
2025-05-03,2,naive,68.7,37.2
2025-05-03,2,naive_carry,68.7,37.2
2025-05-03,2,seasonal_naive_7,153.0,37.2
2025-05-03,2,climatology,85.50533333333334,37.2
2025-05-03,2,arima_fourier,68.53987073803731,37.2
2025-05-03,2,arima_fourier_mean,76.09570121285512,37.2
2025-05-03,2,arima_no_fourier,73.05619790172885,37.2
2025-05-03,3,naive,68.7,50.2
2025-05-03,3,naive_carry,68.7,50.2
2025-05-03,3,seasonal_naive_7,86.3,50.2
2025-05-03,3,climatology,83.67533333333334,50.2
2025-05-03,3,arima_fourier,68.40939568936012,50.2
2025-05-03,3,arima_fourier_mean,76.71107421581894,50.2
2025-05-03,3,arima_no_fourier,73.86713952403913,50.2
2025-05-04,1,naive,81.8,37.2
2025-05-04,1,naive_carry,81.8,37.2
2025-05-04,1,seasonal_naive_7,153.0,37.2
2025-05-04,1,climatology,85.50533333333334,37.2
2025-05-04,1,arima_fourier,76.07849977287655,37.2
2025-05-04,1,arima_fourier_mean,82.18885314592494,37.2
2025-05-04,1,arima_no_fourier,79.55599813954485,37.2
2025-05-04,2,naive,81.8,50.2
2025-05-04,2,naive_carry,81.8,50.2
2025-05-04,2,seasonal_naive_7,86.3,50.2
2025-05-04,2,climatology,83.67533333333334,50.2
2025-05-04,2,arima_fourier,72.85804840101959,50.2
2025-05-04,2,arima_fourier_mean,80.8899130455511,50.2
2025-05-04,2,arima_no_fourier,78.40717265626402,50.2
2025-05-04,3,naive,81.8,52.0
2025-05-04,3,naive_carry,81.8,52.0
2025-05-04,3,seasonal_naive_7,86.2,52.0
2025-05-04,3,climatology,82.9997777777778,52.0
2025-05-04,3,arima_fourier,70.95342472048696,52.0
2025-05-04,3,arima_fourier_mean,79.56382647629613,52.0
2025-05-04,3,arima_no_fourier,77.81304360160779,52.0
2025-05-05,1,naive,37.2,50.2
2025-05-05,1,naive_carry,37.2,50.2
2025-05-05,1,seasonal_naive_7,86.3,50.2
2025-05-05,1,climatology,83.67533333333334,50.2
2025-05-05,1,arima_fourier,47.6094719634707,50.2
2025-05-05,1,arima_fourier_mean,51.4332943517169,50.2
2025-05-05,1,arima_no_fourier,48.37501274983056,50.2
2025-05-05,2,naive,37.2,52.0
2025-05-05,2,naive_carry,37.2,52.0
2025-05-05,2,seasonal_naive_7,86.2,52.0
2025-05-05,2,climatology,82.9997777777778,52.0
2025-05-05,2,arima_fourier,54.87914541119924,52.0
2025-05-05,2,arima_fourier_mean,60.9290163738498,52.0
2025-05-05,2,arima_no_fourier,55.49776087209305,52.0
2025-05-05,3,naive,37.2,70.7
2025-05-05,3,naive_carry,37.2,70.7
2025-05-05,3,seasonal_naive_7,78.1,70.7
2025-05-05,3,climatology,81.28022222222222,70.7
2025-05-05,3,arima_fourier,59.51095373976229,70.7
2025-05-05,3,arima_fourier_mean,66.73277710690265,70.7
2025-05-05,3,arima_no_fourier,59.63074684893767,70.7
2025-05-06,1,naive,50.2,52.0
2025-05-06,1,naive_carry,50.2,52.0
2025-05-06,1,seasonal_naive_7,86.2,52.0
2025-05-06,1,climatology,82.9997777777778,52.0
2025-05-06,1,arima_fourier,56.63586831097847,52.0
2025-05-06,1,arima_fourier_mean,61.18465813774532,52.0
2025-05-06,1,arima_no_fourier,56.818910867941,52.0
2025-05-06,2,naive,50.2,70.7
2025-05-06,2,naive_carry,50.2,70.7
2025-05-06,2,seasonal_naive_7,78.1,70.7
2025-05-06,2,climatology,81.28022222222222,70.7
2025-05-06,2,arima_fourier,60.65393052496291,70.7
2025-05-06,2,arima_fourier_mean,67.34041203694929,70.7
2025-05-06,2,arima_no_fourier,60.620657097407054,70.7
2025-05-06,3,naive,50.2,72.3
2025-05-06,3,naive_carry,50.2,72.3
2025-05-06,3,seasonal_naive_7,40.0,72.3
2025-05-06,3,climatology,81.77577777777779,72.3
2025-05-06,3,arima_fourier,63.00387555731754,72.3
2025-05-06,3,arima_fourier_mean,70.6495731715318,72.3
2025-05-06,3,arima_no_fourier,62.70892385039304,72.3
2025-05-07,1,naive,52.0,70.7
2025-05-07,1,naive_carry,52.0,70.7
2025-05-07,1,seasonal_naive_7,78.1,70.7
2025-05-07,1,climatology,81.28022222222222,70.7
2025-05-07,1,arima_fourier,57.65044206680736,70.7
2025-05-07,1,arima_fourier_mean,62.28071841312278,70.7
2025-05-07,1,arima_no_fourier,57.30174633718557,70.7
2025-05-07,2,naive,52.0,72.3
2025-05-07,2,naive_carry,52.0,72.3
2025-05-07,2,seasonal_naive_7,40.0,72.3
2025-05-07,2,climatology,81.77577777777779,72.3
2025-05-07,2,arima_fourier,61.101302407817336,72.3
2025-05-07,2,arima_fourier_mean,67.83710103306471,72.3
2025-05-07,2,arima_no_fourier,60.28603969470352,72.3
2025-05-08,1,naive,70.7,72.3
2025-05-08,1,naive_carry,70.7,72.3
2025-05-08,1,seasonal_naive_7,40.0,72.3
2025-05-08,1,climatology,81.77577777777779,72.3
2025-05-08,1,arima_fourier,68.98437267312859,72.3
2025-05-08,1,arima_fourier_mean,74.52494912564799,72.3
2025-05-08,1,arima_no_fourier,68.89532145556583,72.3
2025-05-08,3,naive,70.7,40.9
2025-05-08,3,naive_carry,70.7,40.9
2025-05-08,3,seasonal_naive_7,81.8,40.9
2025-05-08,3,climatology,80.55644444444445,40.9
2025-05-08,3,arima_fourier,67.06540796908872,40.9
2025-05-08,3,arima_fourier_mean,75.20398040834333,40.9
2025-05-08,3,arima_no_fourier,67.49112627189723,40.9
2025-05-09,2,naive,72.3,40.9
2025-05-09,2,naive_carry,72.3,40.9
2025-05-09,2,seasonal_naive_7,81.8,40.9
2025-05-09,2,climatology,80.55644444444445,40.9
2025-05-09,2,arima_fourier,68.2054180267629,40.9
2025-05-09,2,arima_fourier_mean,75.72437094556132,40.9
2025-05-09,2,arima_no_fourier,68.95416140279654,40.9
2025-05-09,3,naive,72.3,43.9
2025-05-09,3,naive_carry,72.3,43.9
2025-05-09,3,seasonal_naive_7,37.2,43.9
2025-05-09,3,climatology,81.50422222222223,43.9
2025-05-09,3,arima_fourier,67.13036062058829,43.9
2025-05-09,3,arima_fourier_mean,75.27681353024522,43.9
2025-05-09,3,arima_no_fourier,68.37000353334322,43.9
2025-05-11,1,naive,40.9,43.9
2025-05-11,1,naive_carry,40.9,43.9
2025-05-11,1,seasonal_naive_7,37.2,43.9
2025-05-11,1,climatology,81.50422222222223,43.9
2025-05-11,1,arima_fourier,49.46672342496797,43.9
2025-05-11,1,arima_fourier_mean,53.43980023067076,43.9
2025-05-11,1,arima_no_fourier,48.58987322905198,43.9
2025-05-11,2,naive,40.9,27.5
2025-05-11,2,naive_carry,40.9,27.5
2025-05-11,2,seasonal_naive_7,50.2,27.5
2025-05-11,2,climatology,81.40422222222223,27.5
2025-05-11,2,arima_fourier,55.09493544800685,27.5
2025-05-11,2,arima_fourier_mean,61.16884305225621,27.5
2025-05-11,2,arima_no_fourier,53.170694526543315,27.5
2025-05-11,3,naive,40.9,66.0
2025-05-11,3,naive_carry,40.9,66.0
2025-05-11,3,seasonal_naive_7,52.0,66.0
2025-05-11,3,climatology,81.28922222222222,66.0
2025-05-11,3,arima_fourier,58.47906848656893,66.0
2025-05-11,3,arima_fourier_mean,65.57606127445705,66.0
2025-05-11,3,arima_no_fourier,55.73559102660064,66.0
2025-05-12,1,naive,43.9,27.5
2025-05-12,1,naive_carry,43.9,27.5
2025-05-12,1,seasonal_naive_7,50.2,27.5
2025-05-12,1,climatology,81.40422222222223,27.5
2025-05-12,1,arima_fourier,51.31877758400576,27.5
2025-05-12,1,arima_fourier_mean,55.44060524651631,27.5
2025-05-12,1,arima_no_fourier,49.844854346756556,27.5
2025-05-12,2,naive,43.9,66.0
2025-05-12,2,naive_carry,43.9,66.0
2025-05-12,2,seasonal_naive_7,52.0,66.0
2025-05-12,2,climatology,81.28922222222222,66.0
2025-05-12,2,arima_fourier,56.0250318978077,66.0
2025-05-12,2,arima_fourier_mean,62.201469708713894,66.0
2025-05-12,2,arima_no_fourier,53.267548300429006,66.0
2025-05-12,3,naive,43.9,211.0
2025-05-12,3,naive_carry,43.9,211.0
2025-05-12,3,seasonal_naive_7,70.7,211.0
2025-05-12,3,climatology,92.75033333333334,211.0
2025-05-12,3,arima_fourier,58.76498031036588,211.0
2025-05-12,3,arima_fourier_mean,65.89665919232814,211.0
2025-05-12,3,arima_no_fourier,55.14994977188123,211.0
2025-05-13,1,naive,27.5,66.0
2025-05-13,1,naive_carry,27.5,66.0
2025-05-13,1,seasonal_naive_7,52.0,66.0
2025-05-13,1,climatology,81.28922222222222,66.0
2025-05-13,1,arima_fourier,38.65866926331546,66.0
2025-05-13,1,arima_fourier_mean,41.76365882948704,66.0
2025-05-13,1,arima_no_fourier,36.48836705687567,66.0
2025-05-13,2,naive,27.5,211.0
2025-05-13,2,naive_carry,27.5,211.0
2025-05-13,2,seasonal_naive_7,70.7,211.0
2025-05-13,2,climatology,92.75033333333334,211.0
2025-05-13,2,arima_fourier,46.97055235285564,211.0
2025-05-13,2,arima_fourier_mean,52.14877953391598,211.0
2025-05-13,2,arima_no_fourier,42.30396149813726,211.0
2025-05-13,3,naive,27.5,80.9
2025-05-13,3,naive_carry,27.5,80.9
2025-05-13,3,seasonal_naive_7,72.3,80.9
2025-05-13,3,climatology,98.92011111111113,80.9
2025-05-13,3,arima_fourier,52.418646807714964,80.9
2025-05-13,3,arima_fourier_mean,58.780128432038374,80.9
2025-05-13,3,arima_no_fourier,45.70532136902408,80.9
2025-05-14,1,naive,66.0,211.0
2025-05-14,1,naive_carry,66.0,211.0
2025-05-14,1,seasonal_naive_7,70.7,211.0
2025-05-14,1,climatology,92.75033333333334,211.0
2025-05-14,1,arima_fourier,64.56198859903316,211.0
2025-05-14,1,arima_fourier_mean,69.74747941204731,211.0
2025-05-14,1,arima_no_fourier,61.66975915331521,211.0
2025-05-14,2,naive,66.0,80.9
2025-05-14,2,naive_carry,66.0,80.9
2025-05-14,2,seasonal_naive_7,72.3,80.9
2025-05-14,2,climatology,98.92011111111113,80.9
2025-05-14,2,arima_fourier,63.518603142837904,80.9
2025-05-14,2,arima_fourier_mean,70.52114732606177,80.9
2025-05-14,2,arima_no_fourier,59.519703520606996,80.9
2025-05-15,1,naive,211.0,80.9
2025-05-15,1,naive_carry,211.0,80.9
2025-05-15,1,seasonal_naive_7,72.3,80.9
2025-05-15,1,climatology,98.92011111111113,80.9
2025-05-15,1,arima_fourier,128.45984968834537,80.9
2025-05-15,1,arima_fourier_mean,138.77748356396614,80.9
2025-05-15,1,arima_no_fourier,130.11462327999854,80.9
2025-05-15,3,naive,211.0,57.2
2025-05-15,3,naive_carry,211.0,57.2
2025-05-15,3,seasonal_naive_7,40.9,57.2
2025-05-15,3,climatology,103.52055555555556,57.2
2025-05-15,3,arima_fourier,80.60893845317375,57.2
2025-05-15,3,arima_fourier_mean,90.39153860794144,57.2
2025-05-15,3,arima_no_fourier,88.53639099982011,57.2
2025-05-16,2,naive,80.9,57.2
2025-05-16,2,naive_carry,80.9,57.2
2025-05-16,2,seasonal_naive_7,40.9,57.2
2025-05-16,2,climatology,103.52055555555556,57.2
2025-05-16,2,arima_fourier,68.27659855321649,57.2
2025-05-16,2,arima_fourier_mean,75.80366602013977,57.2
2025-05-16,2,arima_no_fourier,71.65351285047548,57.2
2025-05-16,3,naive,80.9,74.0
2025-05-16,3,naive_carry,80.9,74.0
2025-05-16,3,seasonal_naive_7,43.9,74.0
2025-05-16,3,climatology,101.2338888888889,74.0
2025-05-16,3,arima_fourier,65.48161628696475,74.0
2025-05-16,3,arima_fourier_mean,73.42837146119436,74.0
2025-05-16,3,arima_no_fourier,70.10885634484167,74.0
2025-05-17,1,naive,36.3,57.2
2025-05-17,1,naive_carry,36.3,57.2
2025-05-17,1,seasonal_naive_7,40.9,57.2
2025-05-17,1,climatology,103.52055555555556,57.2
2025-05-17,1,arima_fourier,45.11861042801881,57.2
2025-05-17,1,arima_fourier_mean,48.74244117614138,57.2
2025-05-17,1,arima_no_fourier,45.29097632389139,57.2
2025-05-17,2,naive,36.3,74.0
2025-05-17,2,naive_carry,36.3,74.0
2025-05-17,2,seasonal_naive_7,43.9,74.0
2025-05-17,2,climatology,101.2338888888889,74.0
2025-05-17,2,arima_fourier,50.99026702223754,74.0
2025-05-17,2,arima_fourier_mean,56.61161854219144,74.0
2025-05-17,2,arima_no_fourier,50.8472492023305,74.0
2025-05-17,3,naive,36.3,70.8
2025-05-17,3,naive_carry,36.3,70.8
2025-05-17,3,seasonal_naive_7,27.5,70.8
2025-05-17,3,climatology,95.61388888888888,70.8
2025-05-17,3,arima_fourier,54.514916706360964,70.8
2025-05-17,3,arima_fourier_mean,61.130759163408975,70.8
2025-05-17,3,arima_no_fourier,54.01911802416944,70.8
2025-05-18,1,naive,57.2,74.0
2025-05-18,1,naive_carry,57.2,74.0
2025-05-18,1,seasonal_naive_7,43.9,74.0
2025-05-18,1,climatology,101.2338888888889,74.0
2025-05-18,1,arima_fourier,58.717421927827914,74.0
2025-05-18,1,arima_fourier_mean,63.433477591858384,74.0
2025-05-18,1,arima_no_fourier,58.97983259211479,74.0
2025-05-18,2,naive,57.2,70.8
2025-05-18,2,naive_carry,57.2,70.8
2025-05-18,2,seasonal_naive_7,27.5,70.8
2025-05-18,2,climatology,95.61388888888888,70.8
2025-05-18,2,arima_fourier,59.362959148723235,70.8
2025-05-18,2,arima_fourier_mean,65.90733958613383,70.8
2025-05-18,2,arima_no_fourier,59.932496598331475,70.8
2025-05-18,3,naive,57.2,59.5
2025-05-18,3,naive_carry,57.2,59.5
2025-05-18,3,seasonal_naive_7,66.0,59.5
2025-05-18,3,climatology,94.10444444444444,59.5
2025-05-18,3,arima_fourier,59.47526113674316,59.5
2025-05-18,3,arima_fourier_mean,66.69307263347832,59.5
2025-05-18,3,arima_no_fourier,60.43678043620744,59.5
2025-05-19,1,naive,74.0,70.8
2025-05-19,1,naive_carry,74.0,70.8
2025-05-19,1,seasonal_naive_7,27.5,70.8
2025-05-19,1,climatology,95.61388888888888,70.8
2025-05-19,1,arima_fourier,68.11824448139544,70.8
2025-05-19,1,arima_fourier_mean,73.58935075025533,70.8
2025-05-19,1,arima_no_fourier,69.22737795481801,70.8
2025-05-19,2,naive,74.0,59.5
2025-05-19,2,naive_carry,74.0,59.5
2025-05-19,2,seasonal_naive_7,66.0,59.5
2025-05-19,2,climatology,94.10444444444444,59.5
2025-05-19,2,arima_fourier,64.62664525095913,59.5
2025-05-19,2,arima_fourier_mean,71.75130550022901,59.5
2025-05-19,2,arima_no_fourier,66.85550666982653,59.5
2025-05-19,3,naive,74.0,25.5
2025-05-19,3,naive_carry,74.0,25.5
2025-05-19,3,seasonal_naive_7,211.0,25.5
2025-05-19,3,climatology,92.32844444444444,25.5
2025-05-19,3,arima_fourier,62.38963365241984,25.5
2025-05-19,3,arima_fourier_mean,69.96111760540458,25.5
2025-05-19,3,arima_no_fourier,65.64773222469657,25.5
2025-05-20,1,naive,70.8,59.5
2025-05-20,1,naive_carry,70.8,59.5
2025-05-20,1,seasonal_naive_7,66.0,59.5
2025-05-20,1,climatology,94.10444444444444,59.5
2025-05-20,1,arima_fourier,66.1279202899243,59.5
2025-05-20,1,arima_fourier_mean,71.43916527834365,59.5
2025-05-20,1,arima_no_fourier,67.81666006177711,59.5
2025-05-20,2,naive,70.8,25.5
2025-05-20,2,naive_carry,70.8,25.5
2025-05-20,2,seasonal_naive_7,211.0,25.5
2025-05-20,2,climatology,92.32844444444444,25.5
2025-05-20,2,arima_fourier,63.26072836395722,25.5
2025-05-20,2,arima_fourier_mean,70.2347982848141,25.5
2025-05-20,2,arima_no_fourier,66.3069929695139,25.5
2025-05-20,3,naive,70.8,41.4
2025-05-20,3,naive_carry,70.8,41.4
2025-05-20,3,seasonal_naive_7,80.9,41.4
2025-05-20,3,climatology,94.49233333333332,41.4
2025-05-20,3,arima_fourier,61.35641800550892,41.4
2025-05-20,3,arima_fourier_mean,68.80250279008993,41.4
2025-05-20,3,arima_no_fourier,65.53097919408309,41.4
2025-05-21,1,naive,59.5,25.5
2025-05-21,1,naive_carry,59.5,25.5
2025-05-21,1,seasonal_naive_7,211.0,25.5
2025-05-21,1,climatology,92.32844444444444,25.5
2025-05-21,1,arima_fourier,59.409500409974136,25.5
2025-05-21,1,arima_fourier_mean,64.18113461052631,25.5
2025-05-21,1,arima_no_fourier,61.01749694754867,25.5
2025-05-21,2,naive,59.5,41.4
2025-05-21,2,naive_carry,59.5,41.4
2025-05-21,2,seasonal_naive_7,80.9,41.4
2025-05-21,2,climatology,94.49233333333332,41.4
2025-05-21,2,arima_fourier,59.073085571309484,41.4
2025-05-21,2,arima_fourier_mean,65.58548964690156,41.4
2025-05-21,2,arima_no_fourier,61.82638366184009,41.4
2025-05-21,3,naive,59.5,53.1
2025-05-21,3,naive_carry,59.5,53.1
2025-05-21,3,seasonal_naive_7,36.3,53.1
2025-05-21,3,climatology,93.5012222222222,53.1
2025-05-21,3,arima_fourier,58.588153089059176,53.1
2025-05-21,3,arima_fourier_mean,65.69827768922764,53.1
2025-05-21,3,arima_no_fourier,62.25363196876752,53.1
2025-05-22,1,naive,25.5,41.4
2025-05-22,1,naive_carry,25.5,41.4
2025-05-22,1,seasonal_naive_7,80.9,41.4
2025-05-22,1,climatology,94.49233333333332,41.4
2025-05-22,1,arima_fourier,35.72251181868782,41.4
2025-05-22,1,arima_fourier_mean,38.591660204727894,41.4
2025-05-22,1,arima_no_fourier,35.51478354819571,41.4
2025-05-22,2,naive,25.5,53.1
2025-05-22,2,naive_carry,25.5,53.1
2025-05-22,2,seasonal_naive_7,36.3,53.1
2025-05-22,2,climatology,93.5012222222222,53.1
2025-05-22,2,arima_fourier,43.242778936049284,53.1
2025-05-22,2,arima_fourier_mean,48.009995312348586,53.1
2025-05-22,2,arima_no_fourier,42.23202720480584,53.1
2025-05-22,3,naive,25.5,24.1
2025-05-22,3,naive_carry,25.5,24.1
2025-05-22,3,seasonal_naive_7,57.2,24.1
2025-05-22,3,climatology,92.73566666666667,24.1
2025-05-22,3,arima_fourier,48.07815074734307,24.1
2025-05-22,3,arima_fourier_mean,53.912797911075856,24.1
2025-05-22,3,arima_no_fourier,46.23629772305903,24.1
2025-05-23,1,naive,41.4,53.1
2025-05-23,1,naive_carry,41.4,53.1
2025-05-23,1,seasonal_naive_7,36.3,53.1
2025-05-23,1,climatology,93.5012222222222,53.1
2025-05-23,1,arima_fourier,47.20738460991159,53.1
2025-05-23,1,arima_fourier_mean,50.99896916644974,53.1
2025-05-23,1,arima_no_fourier,46.55357481156238,53.1
2025-05-23,2,naive,41.4,24.1
2025-05-23,2,naive_carry,41.4,24.1
2025-05-23,2,seasonal_naive_7,57.2,24.1
2025-05-23,2,climatology,92.73566666666667,24.1
2025-05-23,2,arima_fourier,50.6932182663546,24.1
2025-05-23,2,arima_fourier_mean,56.28178869649414,24.1
2025-05-23,2,arima_no_fourier,49.49912207343685,24.1
2025-05-23,3,naive,41.4,46.7
2025-05-23,3,naive_carry,41.4,46.7
2025-05-23,3,seasonal_naive_7,74.0,46.7
2025-05-23,3,climatology,92.949,46.7
2025-05-23,3,arima_fourier,52.562802165581914,46.7
2025-05-23,3,arima_fourier_mean,58.94168767865995,46.7
2025-05-23,3,arima_no_fourier,51.11290475403526,46.7
2025-05-24,1,naive,53.1,24.1
2025-05-24,1,naive_carry,53.1,24.1
2025-05-24,1,seasonal_naive_7,57.2,24.1
2025-05-24,1,climatology,92.73566666666667,24.1
2025-05-24,1,arima_fourier,54.366391893626755,24.1
2025-05-24,1,arima_fourier_mean,58.73296873304415,24.1
2025-05-24,1,arima_no_fourier,53.815016142830665,24.1
2025-05-24,2,naive,53.1,46.7
2025-05-24,2,naive_carry,53.1,46.7
2025-05-24,2,seasonal_naive_7,74.0,46.7
2025-05-24,2,climatology,92.949,46.7
2025-05-24,2,arima_fourier,54.83046778843563,46.7
2025-05-24,2,arima_fourier_mean,60.87513538247008,46.7
2025-05-24,2,arima_no_fourier,54.192741875239356,46.7
2025-05-24,3,naive,53.1,44.0
2025-05-24,3,naive_carry,53.1,44.0
2025-05-24,3,seasonal_naive_7,70.8,44.0
2025-05-24,3,climatology,91.62733333333334,44.0
2025-05-24,3,arima_fourier,54.80988786025317,44.0
2025-05-24,3,arima_fourier_mean,61.46146573737529,44.0
2025-05-24,3,arima_no_fourier,54.391318791071754,44.0
2025-05-25,1,naive,24.1,46.7
2025-05-25,1,naive_carry,24.1,46.7
2025-05-25,1,seasonal_naive_7,74.0,46.7
2025-05-25,1,climatology,92.949,46.7
2025-05-25,1,arima_fourier,33.79886473153605,46.7
2025-05-25,1,arima_fourier_mean,36.51350635778785,46.7
2025-05-25,1,arima_no_fourier,32.52922140477918,46.7
2025-05-25,2,naive,24.1,44.0
2025-05-25,2,naive_carry,24.1,44.0
2025-05-25,2,seasonal_naive_7,70.8,44.0
2025-05-25,2,climatology,91.62733333333334,44.0
2025-05-25,2,arima_fourier,40.9252591608271,44.0
2025-05-25,2,arima_fourier_mean,45.436972810002636,44.0
2025-05-25,2,arima_no_fourier,38.05293617040471,44.0
2025-05-25,3,naive,24.1,53.1
2025-05-25,3,naive_carry,24.1,53.1
2025-05-25,3,seasonal_naive_7,59.5,53.1
2025-05-25,3,climatology,90.81,53.1
2025-05-25,3,arima_fourier,45.49310803226348,53.1
2025-05-25,3,arima_fourier_mean,51.014020452698716,53.1
2025-05-25,3,arima_no_fourier,41.305414065148376,53.1
2025-05-26,1,naive,46.7,44.0
2025-05-26,1,naive_carry,46.7,44.0
2025-05-26,1,seasonal_naive_7,70.8,44.0
2025-05-26,1,climatology,91.62733333333334,44.0
2025-05-26,1,arima_fourier,49.60183621287318,44.0
2025-05-26,1,arima_fourier_mean,53.58573178807344,44.0
2025-05-26,1,arima_no_fourier,47.88120801849896,44.0
2025-05-26,2,naive,46.7,53.1
2025-05-26,2,naive_carry,46.7,53.1
2025-05-26,2,seasonal_naive_7,59.5,53.1
2025-05-26,2,climatology,90.81,53.1
2025-05-26,2,arima_fourier,51.09348363959531,53.1
2025-05-26,2,arima_fourier_mean,56.72616562025811,53.1
2025-05-26,2,arima_no_fourier,48.5107409777195,53.1
2025-05-26,3,naive,46.7,51.1
2025-05-26,3,naive_carry,46.7,51.1
2025-05-26,3,seasonal_naive_7,25.5,51.1
2025-05-26,3,climatology,88.23055555555555,51.1
2025-05-26,3,arima_fourier,51.695603073813714,51.1
2025-05-26,3,arima_fourier_mean,57.969225136577265,51.1
2025-05-26,3,arima_no_fourier,48.84322871902538,51.1
2025-05-27,1,naive,44.0,53.1
2025-05-27,1,naive_carry,44.0,53.1
2025-05-27,1,seasonal_naive_7,59.5,53.1
2025-05-27,1,climatology,90.81,53.1
2025-05-27,1,arima_fourier,47.5788254687942,53.1
2025-05-27,1,arima_fourier_mean,51.4002361707365,53.1
2025-05-27,1,arima_no_fourier,45.97408291839004,53.1
2025-05-27,2,naive,44.0,51.1
2025-05-27,2,naive_carry,44.0,51.1
2025-05-27,2,seasonal_naive_7,25.5,51.1
2025-05-27,2,climatology,88.23055555555555,51.1
2025-05-27,2,arima_fourier,49.51826049558327,51.1
2025-05-27,2,arima_fourier_mean,54.977281115541004,51.1
2025-05-27,2,arima_no_fourier,47.04140040603514,51.1
2025-05-27,3,naive,44.0,58.5
2025-05-27,3,naive_carry,44.0,58.5
2025-05-27,3,seasonal_naive_7,41.4,58.5
2025-05-27,3,climatology,77.35322222222223,58.5
2025-05-27,3,arima_fourier,50.39946995523607,58.5
2025-05-27,3,arima_fourier_mean,56.51579031982906,58.5
2025-05-27,3,arima_no_fourier,47.60935825034207,58.5
2025-05-28,1,naive,53.1,51.1
2025-05-28,1,naive_carry,53.1,51.1
2025-05-28,1,seasonal_naive_7,25.5,51.1
2025-05-28,1,climatology,88.23055555555555,51.1
2025-05-28,1,arima_fourier,52.85933254127266,51.1
2025-05-28,1,arima_fourier_mean,57.10485834805332,51.1
2025-05-28,1,arima_no_fourier,51.55137848590774,51.1
2025-05-28,2,naive,53.1,58.5
2025-05-28,2,naive_carry,53.1,58.5
2025-05-28,2,seasonal_naive_7,41.4,58.5
2025-05-28,2,climatology,77.35322222222223,58.5
2025-05-28,2,arima_fourier,52.42603944882212,58.5
2025-05-28,2,arima_fourier_mean,58.2056164146364,58.5
2025-05-28,2,arima_no_fourier,50.75963313295098,58.5
2025-05-28,3,naive,53.1,63.4
2025-05-28,3,naive_carry,53.1,63.4
2025-05-28,3,seasonal_naive_7,53.1,63.4
2025-05-28,3,climatology,67.28044444444444,63.4
2025-05-28,3,arima_fourier,51.881406060264155,63.4
2025-05-28,3,arima_fourier_mean,58.17756258887827,63.4
2025-05-28,3,arima_no_fourier,50.35046317214216,63.4
2025-05-29,1,naive,51.1,58.5
2025-05-29,1,naive_carry,51.1,58.5
2025-05-29,1,seasonal_naive_7,41.4,58.5
2025-05-29,1,climatology,77.35322222222223,58.5
2025-05-29,1,arima_fourier,51.38121204548349,58.5
2025-05-29,1,arima_fourier_mean,55.5080172669216,58.5
2025-05-29,1,arima_no_fourier,50.47681159955051,58.5
2025-05-29,2,naive,51.1,63.4
2025-05-29,2,naive_carry,51.1,63.4
2025-05-29,2,seasonal_naive_7,53.1,63.4
2025-05-29,2,climatology,67.28044444444444,63.4
2025-05-29,2,arima_fourier,51.254622215797724,63.4
2025-05-29,2,arima_fourier_mean,56.905054761334725,63.4
2025-05-29,2,arima_no_fourier,50.15396268308157,63.4
2025-05-29,3,naive,51.1,46.1
2025-05-29,3,naive_carry,51.1,46.1
2025-05-29,3,seasonal_naive_7,24.1,46.1
2025-05-29,3,climatology,64.44877777777778,46.1
2025-05-29,3,arima_fourier,50.889560078623994,46.1
2025-05-29,3,arima_fourier_mean,57.06534284062694,46.1
2025-05-29,3,arima_no_fourier,49.9859598412833,46.1
2025-05-30,1,naive,58.5,63.4
2025-05-30,1,naive_carry,58.5,63.4
2025-05-30,1,seasonal_naive_7,53.1,63.4
2025-05-30,1,climatology,67.28044444444444,63.4
2025-05-30,1,arima_fourier,55.36634516630305,63.4
2025-05-30,1,arima_fourier_mean,59.81322407826579,63.4
2025-05-30,1,arima_no_fourier,55.08160817632852,63.4
2025-05-30,2,naive,58.5,46.1
2025-05-30,2,naive_carry,58.5,46.1
2025-05-30,2,seasonal_naive_7,24.1,46.1
2025-05-30,2,climatology,64.44877777777778,46.1
2025-05-30,2,arima_fourier,53.31668759996583,46.1
2025-05-30,2,arima_fourier_mean,59.19444265345135,46.1
2025-05-30,2,arima_no_fourier,53.37433792875928,46.1
2025-05-30,3,naive,58.5,40.6
2025-05-30,3,naive_carry,58.5,40.6
2025-05-30,3,seasonal_naive_7,46.7,40.6
2025-05-30,3,climatology,60.02744444444444,40.6
2025-05-30,3,arima_fourier,51.86056878652698,40.6
2025-05-30,3,arima_fourier_mean,58.154183286854284,40.6
2025-05-30,3,arima_no_fourier,52.502738998900824,40.6
2025-05-31,1,naive,63.4,46.1
2025-05-31,1,naive_carry,63.4,46.1
2025-05-31,1,seasonal_naive_7,24.1,46.1
2025-05-31,1,climatology,64.44877777777778,46.1
2025-05-31,1,arima_fourier,57.79069307387507,46.1
2025-05-31,1,arima_fourier_mean,62.43228736057623,46.1
2025-05-31,1,arima_no_fourier,58.36326484337522,46.1
2025-05-31,2,naive,63.4,40.6
2025-05-31,2,naive_carry,63.4,40.6
2025-05-31,2,seasonal_naive_7,46.7,40.6
2025-05-31,2,climatology,60.02744444444444,40.6
2025-05-31,2,arima_fourier,54.44606242712154,40.6
2025-05-31,2,arima_fourier_mean,60.44831787389654,40.6
2025-05-31,2,arima_no_fourier,55.890832194465006,40.6
2025-05-31,3,naive,63.4,38.2
2025-05-31,3,naive_carry,63.4,38.2
2025-05-31,3,seasonal_naive_7,44.0,38.2
2025-05-31,3,climatology,59.17277777777778,38.2
2025-05-31,3,arima_fourier,52.28745545441375,38.2
2025-05-31,3,arima_fourier_mean,58.63286897226732,38.2
2025-05-31,3,arima_no_fourier,54.639925628392376,38.2
2025-06-01,1,naive,46.1,40.6
2025-06-01,1,naive_carry,46.1,40.6
2025-06-01,1,seasonal_naive_7,46.7,40.6
2025-06-01,1,climatology,60.02744444444444,40.6
2025-06-01,1,arima_fourier,47.59831800413828,40.6
2025-06-01,1,arima_fourier_mean,51.42128642686855,40.6
2025-06-01,1,arima_no_fourier,48.1126650392139,40.6
2025-06-01,2,naive,46.1,38.2
2025-06-01,2,naive_carry,46.1,38.2
2025-06-01,2,seasonal_naive_7,44.0,38.2
2025-06-01,2,climatology,59.17277777777778,38.2
2025-06-01,2,arima_fourier,48.21163266956173,38.2
2025-06-01,2,arima_fourier_mean,53.52658678356991,38.2
2025-06-01,2,arima_no_fourier,49.199888631681475,38.2
2025-06-01,3,naive,46.1,48.5
2025-06-01,3,naive_carry,46.1,48.5
2025-06-01,3,seasonal_naive_7,53.1,48.5
2025-06-01,3,climatology,59.47611111111111,48.5
2025-06-01,3,arima_fourier,48.290170350043034,48.5
2025-06-01,3,arima_fourier_mean,54.150482247567254,48.5
2025-06-01,3,arima_no_fourier,49.77817352877027,48.5
2025-06-02,1,naive,40.6,38.2
2025-06-02,1,naive_carry,40.6,38.2
2025-06-02,1,seasonal_naive_7,44.0,38.2
2025-06-02,1,climatology,59.17277777777778,38.2
2025-06-02,1,arima_fourier,43.86093888648281,38.2
2025-06-02,1,arima_fourier_mean,47.383729769142775,38.2
2025-06-02,1,arima_no_fourier,44.16925620712255,38.2
2025-06-02,2,naive,40.6,48.5
2025-06-02,2,naive_carry,40.6,48.5
2025-06-02,2,seasonal_naive_7,53.1,48.5
2025-06-02,2,climatology,59.47611111111111,48.5
2025-06-02,2,arima_fourier,45.60989697124445,48.5
2025-06-02,2,arima_fourier_mean,50.63802656979478,48.5
2025-06-02,2,arima_no_fourier,46.1589633902993,48.5
2025-06-02,3,naive,40.6,42.1
2025-06-02,3,naive_carry,40.6,42.1
2025-06-02,3,seasonal_naive_7,51.1,42.1
2025-06-02,3,climatology,61.20611111111111,42.1
2025-06-02,3,arima_fourier,46.38746295869832,42.1
2025-06-02,3,arima_fourier_mean,52.01686409552343,42.1
2025-06-02,3,arima_no_fourier,47.23487040641241,42.1
2025-06-03,1,naive,38.2,48.5
2025-06-03,1,naive_carry,38.2,48.5
2025-06-03,1,seasonal_naive_7,53.1,48.5
2025-06-03,1,climatology,59.47611111111111,48.5
2025-06-03,1,arima_fourier,42.011473634990836,48.5
2025-06-03,1,arima_fourier_mean,45.38571927004309,48.5
2025-06-03,1,arima_no_fourier,42.09157382429201,48.5
2025-06-03,2,naive,38.2,42.1
2025-06-03,2,naive_carry,38.2,42.1
2025-06-03,2,seasonal_naive_7,51.1,42.1
2025-06-03,2,climatology,61.20611111111111,42.1
2025-06-03,2,arima_fourier,44.14189677185124,42.1
2025-06-03,2,arima_fourier_mean,49.00818761718099,42.1
2025-06-03,2,arima_no_fourier,44.281972274972574,42.1
2025-06-03,3,naive,38.2,41.2
2025-06-03,3,naive_carry,38.2,41.2
2025-06-03,3,seasonal_naive_7,58.5,41.2
2025-06-03,3,climatology,63.544777777777774,41.2
2025-06-03,3,arima_fourier,45.165712534143644,41.2
2025-06-03,3,arima_fourier_mean,50.64684168893937,41.2
2025-06-03,3,arima_no_fourier,45.47240663166692,41.2
2025-06-04,1,naive,48.5,42.1
2025-06-04,1,naive_carry,48.5,42.1
2025-06-04,1,seasonal_naive_7,51.1,42.1
2025-06-04,1,climatology,61.20611111111111,42.1
2025-06-04,1,arima_fourier,48.07786991105865,42.1
2025-06-04,1,arima_fourier_mean,51.939350365768334,42.1
2025-06-04,1,arima_no_fourier,48.453856108438885,42.1
2025-06-04,2,naive,48.5,41.2
2025-06-04,2,naive_carry,48.5,41.2
2025-06-04,2,seasonal_naive_7,58.5,41.2
2025-06-04,2,climatology,63.544777777777774,41.2
2025-06-04,2,arima_fourier,47.55603185870013,41.2
2025-06-04,2,arima_fourier_mean,52.79870024117765,41.2
2025-06-04,2,arima_no_fourier,48.429743777370454,41.2
2025-06-04,3,naive,48.5,60.2
2025-06-04,3,naive_carry,48.5,60.2
2025-06-04,3,seasonal_naive_7,63.4,60.2
2025-06-04,3,climatology,63.02977777777778,60.2
2025-06-04,3,arima_fourier,46.98085202426108,60.2
2025-06-04,3,arima_fourier_mean,52.682254012223694,60.2
2025-06-04,3,arima_no_fourier,48.417139604188435,60.2
2025-06-05,1,naive,42.1,41.2
2025-06-05,1,naive_carry,42.1,41.2
2025-06-05,1,seasonal_naive_7,58.5,41.2
2025-06-05,1,climatology,63.544777777777774,41.2
2025-06-05,1,arima_fourier,43.945346637552895,41.2
2025-06-05,1,arima_fourier_mean,47.4749131092581,41.2
2025-06-05,1,arima_no_fourier,44.292347826746116,41.2
2025-06-05,2,naive,42.1,60.2
2025-06-05,2,naive_carry,42.1,60.2
2025-06-05,2,seasonal_naive_7,63.4,60.2
2025-06-05,2,climatology,63.02977777777778,60.2
2025-06-05,2,arima_fourier,44.793568400757955,60.2
2025-06-05,2,arima_fourier_mean,49.731694261369704,60.2
2025-06-05,2,arima_no_fourier,45.48387245217594,60.2
2025-06-05,3,naive,42.1,60.2
2025-06-05,3,naive_carry,42.1,60.2
2025-06-05,3,seasonal_naive_7,46.1,60.2
2025-06-05,3,climatology,63.94000000000001,60.2
2025-06-05,3,arima_fourier,45.03197521663864,60.2
2025-06-05,3,arima_fourier_mean,50.49686472630238,60.2
2025-06-05,3,arima_no_fourier,46.119660313909264,60.2
2025-06-06,1,naive,41.2,60.2
2025-06-06,1,naive_carry,41.2,60.2
2025-06-06,1,seasonal_naive_7,63.4,60.2
2025-06-06,1,climatology,63.02977777777778,60.2
2025-06-06,1,arima_fourier,43.10766755011233,60.2
2025-06-06,1,arima_fourier_mean,46.5699528159672,60.2
2025-06-06,1,arima_no_fourier,43.43988109004137,60.2
2025-06-06,2,naive,41.2,60.2
2025-06-06,2,naive_carry,41.2,60.2
2025-06-06,2,seasonal_naive_7,46.1,60.2
2025-06-06,2,climatology,63.94000000000001,60.2
2025-06-06,2,arima_fourier,44.00087960704598,60.2
2025-06-06,2,arima_fourier_mean,48.85161489061709,60.2
2025-06-06,2,arima_no_fourier,44.659249658039364,60.2
2025-06-06,3,naive,41.2,64.5
2025-06-06,3,naive_carry,41.2,64.5
2025-06-06,3,seasonal_naive_7,40.6,64.5
2025-06-06,3,climatology,64.23555555555556,64.5
2025-06-06,3,arima_fourier,44.271986635105726,64.5
2025-06-06,3,arima_fourier_mean,49.64464251637155,64.5
2025-06-06,3,arima_no_fourier,45.310457475177266,64.5
2025-06-07,1,naive,60.2,60.2
2025-06-07,1,naive_carry,60.2,60.2
2025-06-07,1,seasonal_naive_7,46.1,60.2
2025-06-07,1,climatology,63.94000000000001,60.2
2025-06-07,1,arima_fourier,53.668427156197666,60.2
2025-06-07,1,arima_fourier_mean,57.97892116914225,60.2
2025-06-07,1,arima_no_fourier,54.946504528411175,60.2
2025-06-07,2,naive,60.2,64.5
2025-06-07,2,naive_carry,60.2,64.5
2025-06-07,2,seasonal_naive_7,40.6,64.5
2025-06-07,2,climatology,64.23555555555556,64.5
2025-06-07,2,arima_fourier,49.912509593535574,64.5
2025-06-07,2,arima_fourier_mean,55.4149500677262,64.5
2025-06-07,2,arima_no_fourier,52.384489700930594,64.5
2025-06-07,3,naive,60.2,55.1
2025-06-07,3,naive_carry,60.2,55.1
2025-06-07,3,seasonal_naive_7,38.2,55.1
2025-06-07,3,climatology,66.39111111111112,55.1
2025-06-07,3,arima_fourier,47.57665405058828,55.1
2025-06-07,3,arima_fourier_mean,53.35034515450151,55.1
2025-06-07,3,arima_no_fourier,51.09267352522331,55.1
2025-06-08,1,naive,60.2,64.5
2025-06-08,1,naive_carry,60.2,64.5
2025-06-08,1,seasonal_naive_7,40.6,64.5
2025-06-08,1,climatology,64.23555555555556,64.5
2025-06-08,1,arima_fourier,53.440679970871706,64.5
2025-06-08,1,arima_fourier_mean,57.732880596155255,64.5
2025-06-08,1,arima_no_fourier,55.51327940922025,64.5
2025-06-08,2,naive,60.2,55.1
2025-06-08,2,naive_carry,60.2,55.1
2025-06-08,2,seasonal_naive_7,38.2,55.1
2025-06-08,2,climatology,66.39111111111112,55.1
2025-06-08,2,arima_fourier,49.579653837967136,55.1
2025-06-08,2,arima_fourier_mean,55.045396415707785,55.1
2025-06-08,2,arima_no_fourier,53.20961459578533,55.1
2025-06-08,3,naive,60.2,70.4
2025-06-08,3,naive_carry,60.2,70.4
2025-06-08,3,seasonal_naive_7,48.5,70.4
2025-06-08,3,climatology,70.79011111111112,70.4
2025-06-08,3,arima_fourier,47.19439563333942,70.4
2025-06-08,3,arima_fourier_mean,52.92169287035008,70.4
2025-06-08,3,arima_no_fourier,52.04329015055551,70.4
2025-06-09,1,naive,64.5,55.1
2025-06-09,1,naive_carry,64.5,55.1
2025-06-09,1,seasonal_naive_7,38.2,55.1
2025-06-09,1,climatology,66.39111111111112,55.1
2025-06-09,1,arima_fourier,55.447724803622016,55.1
2025-06-09,1,arima_fourier_mean,59.90112405497116,55.1
2025-06-09,1,arima_no_fourier,58.53137974567993,55.1
2025-06-09,2,naive,64.5,70.4
2025-06-09,2,naive_carry,64.5,70.4
2025-06-09,2,seasonal_naive_7,48.5,70.4
2025-06-09,2,climatology,70.79011111111112,70.4
2025-06-09,2,arima_fourier,50.49194085620614,70.4
2025-06-09,2,arima_fourier_mean,56.05825217506709,70.4
2025-06-09,2,arima_no_fourier,55.63351465344251,70.4
2025-06-09,3,naive,64.5,69.1
2025-06-09,3,naive_carry,64.5,69.1
2025-06-09,3,seasonal_naive_7,42.1,69.1
2025-06-09,3,climatology,69.8051111111111,69.1
2025-06-09,3,arima_fourier,47.54720385825951,69.1
2025-06-09,3,arima_fourier_mean,53.31731170108968,69.1
2025-06-09,3,arima_no_fourier,54.17573439599696,69.1
2025-06-10,1,naive,55.1,70.4
2025-06-10,1,naive_carry,55.1,70.4
2025-06-10,1,seasonal_naive_7,48.5,70.4
2025-06-10,1,climatology,70.79011111111112,70.4
2025-06-10,1,arima_fourier,50.30338945588395,70.4
2025-06-10,1,arima_fourier_mean,54.34360948473047,70.4
2025-06-10,1,arima_no_fourier,53.53869148420955,70.4
2025-06-10,2,naive,55.1,69.1
2025-06-10,2,naive_carry,55.1,69.1
2025-06-10,2,seasonal_naive_7,42.1,69.1
2025-06-10,2,climatology,69.8051111111111,69.1
2025-06-10,2,arima_fourier,47.43992091286328,69.1
2025-06-10,2,arima_fourier_mean,52.66976973173194,69.1
2025-06-10,2,arima_no_fourier,52.739940038930236,69.1
2025-06-10,3,naive,55.1,54.5
2025-06-10,3,naive_carry,55.1,54.5
2025-06-10,3,seasonal_naive_7,41.2,54.5
2025-06-10,3,climatology,68.79066666666668,54.5
2025-06-10,3,arima_fourier,45.59458040056213,54.5
2025-06-10,3,arima_fourier_mean,51.12772263820521,54.5
2025-06-10,3,arima_no_fourier,52.32700898837388,54.5
2025-06-11,1,naive,70.4,69.1
2025-06-11,1,naive_carry,70.4,69.1
2025-06-11,1,seasonal_naive_7,42.1,69.1
2025-06-11,1,climatology,69.8051111111111,69.1
2025-06-11,1,arima_fourier,57.93705483796537,69.1
2025-06-11,1,arima_fourier_mean,62.590386990687534,69.1
2025-06-11,1,arima_no_fourier,62.759740580311,69.1
2025-06-11,2,naive,70.4,54.5
2025-06-11,2,naive_carry,70.4,54.5
2025-06-11,2,seasonal_naive_7,41.2,54.5
2025-06-11,2,climatology,68.79066666666668,54.5
2025-06-11,2,arima_fourier,51.4432635506681,54.5
2025-06-11,2,arima_fourier_mean,57.11444376503396,54.5
2025-06-11,2,arima_no_fourier,59.10055982519937,54.5
2025-06-11,3,naive,70.4,59.0
2025-06-11,3,naive_carry,70.4,59.0
2025-06-11,3,seasonal_naive_7,60.2,59.0
2025-06-11,3,climatology,66.39466666666667,59.0
2025-06-11,3,arima_fourier,47.74268476592444,59.0
2025-06-11,3,arima_fourier_mean,53.53650639700064,59.0
2025-06-11,3,arima_no_fourier,57.272838504074386,59.0
2025-06-12,1,naive,69.1,54.5
2025-06-12,1,naive_carry,69.1,54.5
2025-06-12,1,seasonal_naive_7,41.2,54.5
2025-06-12,1,climatology,68.79066666666668,54.5
2025-06-12,1,arima_fourier,57.12633573617557,54.5
2025-06-12,1,arima_fourier_mean,61.714552006317646,54.5
2025-06-12,1,arima_no_fourier,62.826894307980375,54.5
2025-06-12,2,naive,69.1,59.0
2025-06-12,2,naive_carry,69.1,59.0
2025-06-12,2,seasonal_naive_7,60.2,59.0
2025-06-12,2,climatology,66.39466666666667,59.0
2025-06-12,2,arima_fourier,50.860821747670556,59.0
2025-06-12,2,arima_fourier_mean,56.46778968146892,59.0
2025-06-12,2,arima_no_fourier,59.77668119316987,59.0
2025-06-12,3,naive,69.1,38.3
2025-06-12,3,naive_carry,69.1,38.3
2025-06-12,3,seasonal_naive_7,60.2,38.3
2025-06-12,3,climatology,66.599,38.3
2025-06-12,3,arima_fourier,47.27963050905627,38.3
2025-06-12,3,arima_fourier_mean,53.01725389494275,38.3
2025-06-12,3,arima_no_fourier,58.24107696452627,38.3
2025-06-13,1,naive,54.5,59.0
2025-06-13,1,naive_carry,54.5,59.0
2025-06-13,1,seasonal_naive_7,60.2,59.0
2025-06-13,1,climatology,66.39466666666667,59.0
2025-06-13,1,arima_fourier,49.456989009634455,59.0
2025-06-13,1,arima_fourier_mean,53.429225186988845,59.0
2025-06-13,1,arima_no_fourier,54.61374873933685,59.0
2025-06-13,2,naive,54.5,38.3
2025-06-13,2,naive_carry,54.5,38.3
2025-06-13,2,seasonal_naive_7,60.2,38.3
2025-06-13,2,climatology,66.599,38.3
2025-06-13,2,arima_fourier,46.48734716918212,38.3
2025-06-13,2,arima_fourier_mean,51.612174452000524,38.3
2025-06-13,2,arima_no_fourier,54.67332535158606,38.3
2025-06-13,3,naive,54.5,41.0
2025-06-13,3,naive_carry,54.5,41.0
2025-06-13,3,seasonal_naive_7,64.5,41.0
2025-06-13,3,climatology,66.51266666666666,41.0
2025-06-13,3,arima_fourier,44.60203098900678,41.0
2025-06-13,3,arima_fourier_mean,50.01471019542199,41.0
2025-06-13,3,arima_no_fourier,54.70450535206159,41.0
2025-06-14,1,naive,59.0,38.3
2025-06-14,1,naive_carry,59.0,38.3
2025-06-14,1,seasonal_naive_7,60.2,38.3
2025-06-14,1,climatology,66.599,38.3
2025-06-14,1,arima_fourier,51.6301821823423,38.3
2025-06-14,1,arima_fourier_mean,55.776961538810625,38.3
2025-06-14,1,arima_no_fourier,57.42356483039113,38.3
2025-06-14,2,naive,59.0,41.0
2025-06-14,2,naive_carry,59.0,41.0
2025-06-14,2,seasonal_naive_7,64.5,41.0
2025-06-14,2,climatology,66.51266666666666,41.0
2025-06-14,2,arima_fourier,47.51907553102232,41.0
2025-06-14,2,arima_fourier_mean,52.7576392274674,41.0
2025-06-14,2,arima_no_fourier,56.616050890508326,41.0
2025-06-14,3,naive,59.0,32.7
2025-06-14,3,naive_carry,59.0,32.7
2025-06-14,3,seasonal_naive_7,55.1,32.7
2025-06-14,3,climatology,65.83355555555555,32.7
2025-06-14,3,arima_fourier,45.0407404768218,32.7
2025-06-14,3,arima_fourier_mean,50.50665546277729,32.7
2025-06-14,3,arima_no_fourier,56.19831313241361,32.7
2025-06-15,1,naive,38.3,41.0
2025-06-15,1,naive_carry,38.3,41.0
2025-06-15,1,seasonal_naive_7,64.5,41.0
2025-06-15,1,climatology,66.51266666666666,41.0
2025-06-15,1,arima_fourier,39.78614366282967,41.0
2025-06-15,1,arima_fourier_mean,42.98164497678651,41.0
2025-06-15,1,arima_no_fourier,43.77176563465521,41.0
2025-06-15,2,naive,38.3,32.7
2025-06-15,2,naive_carry,38.3,32.7
2025-06-15,2,seasonal_naive_7,55.1,32.7
2025-06-15,2,climatology,65.83355555555555,32.7
2025-06-15,2,arima_fourier,40.46063577839781,32.7
2025-06-15,2,arima_fourier_mean,44.9210658057864,32.7
2025-06-15,2,arima_no_fourier,46.93764314111143,32.7
2025-06-15,3,naive,38.3,39.9
2025-06-15,3,naive_carry,38.3,39.9
2025-06-15,3,seasonal_naive_7,70.4,39.9
2025-06-15,3,climatology,65.58822222222223,39.9
2025-06-15,3,arima_fourier,40.644406222271485,39.9
2025-06-15,3,arima_fourier_mean,45.57680111723949,39.9
2025-06-15,3,arima_no_fourier,48.68331582943022,39.9
2025-06-16,1,naive,41.0,32.7
2025-06-16,1,naive_carry,41.0,32.7
2025-06-16,1,seasonal_naive_7,55.1,32.7
2025-06-16,1,climatology,65.83355555555555,32.7
2025-06-16,1,arima_fourier,41.19028477977153,32.7
2025-06-16,1,arima_fourier_mean,44.49856154850503,32.7
2025-06-16,1,arima_no_fourier,45.02689483140268,32.7
2025-06-16,2,naive,41.0,39.9
2025-06-16,2,naive_carry,41.0,39.9
2025-06-16,2,seasonal_naive_7,70.4,39.9
2025-06-16,2,climatology,65.58822222222223,39.9
2025-06-16,2,arima_fourier,41.08538223929081,39.9
2025-06-16,2,arima_fourier_mean,45.6146828689023,39.9
2025-06-16,2,arima_no_fourier,47.28777308537512,39.9
2025-06-16,3,naive,41.0,32.2
2025-06-16,3,naive_carry,41.0,32.2
2025-06-16,3,seasonal_naive_7,69.1,32.2
2025-06-16,3,climatology,64.62488888888889,32.2
2025-06-16,3,arima_fourier,40.81341490552412,32.2
2025-06-16,3,arima_fourier_mean,45.7663165497082,32.2
2025-06-16,3,arima_no_fourier,48.514892806581535,32.2
2025-06-17,1,naive,32.7,39.9
2025-06-17,1,naive_carry,32.7,39.9
2025-06-17,1,seasonal_naive_7,70.4,39.9
2025-06-17,1,climatology,65.58822222222223,39.9
2025-06-17,1,arima_fourier,35.81541352703943,39.9
2025-06-17,1,arima_fourier_mean,38.69199646578633,39.9
2025-06-17,1,arima_no_fourier,38.59125926731082,39.9
2025-06-17,2,naive,32.7,32.2
2025-06-17,2,naive_carry,32.7,32.2
2025-06-17,2,seasonal_naive_7,69.1,32.2
2025-06-17,2,climatology,64.62488888888889,32.2
2025-06-17,2,arima_fourier,37.56708961162635,32.2
2025-06-17,2,arima_fourier_mean,41.70852757410969,32.2
2025-06-17,2,arima_no_fourier,42.08320745614068,32.2
2025-06-17,3,naive,32.7,26.0
2025-06-17,3,naive_carry,32.7,26.0
2025-06-17,3,seasonal_naive_7,54.5,26.0
2025-06-17,3,climatology,62.68655555555555,26.0
2025-06-17,3,arima_fourier,38.42916107055463,26.0
2025-06-17,3,arima_fourier_mean,43.092719195689256,26.0
2025-06-17,3,arima_no_fourier,44.033299279621644,26.0
2025-06-18,1,naive,39.9,32.2
2025-06-18,1,naive_carry,39.9,32.2
2025-06-18,1,seasonal_naive_7,69.1,32.2
2025-06-18,1,climatology,64.62488888888889,32.2
2025-06-18,1,arima_fourier,40.05907512279461,32.2
2025-06-18,1,arima_fourier_mean,43.27649500429331,32.2
2025-06-18,1,arima_no_fourier,42.98437561222745,32.2
2025-06-18,2,naive,39.9,26.0
2025-06-18,2,naive_carry,39.9,26.0
2025-06-18,2,seasonal_naive_7,54.5,26.0
2025-06-18,2,climatology,62.68655555555555,26.0
2025-06-18,2,arima_fourier,39.948655620999276,26.0
2025-06-18,2,arima_fourier_mean,44.352638044092444,26.0
2025-06-18,2,arima_no_fourier,44.69107927453464,26.0
2025-06-18,3,naive,39.9,29.3
2025-06-18,3,naive_carry,39.9,29.3
2025-06-18,3,seasonal_naive_7,59.0,29.3
2025-06-18,3,climatology,60.037222222222226,29.3
2025-06-18,3,arima_fourier,39.68621189476809,29.3
2025-06-18,3,arima_fourier_mean,44.50231599260799,29.3
2025-06-18,3,arima_no_fourier,45.61037335948298,29.3
2025-06-19,1,naive,32.2,26.0
2025-06-19,1,naive_carry,32.2,26.0
2025-06-19,1,seasonal_naive_7,54.5,26.0
2025-06-19,1,climatology,62.68655555555555,26.0
2025-06-19,1,arima_fourier,35.083058103144,26.0
2025-06-19,1,arima_fourier_mean,37.90081915042613,26.0
2025-06-19,1,arima_no_fourier,37.19788434204809,26.0
2025-06-19,2,naive,32.2,29.3
2025-06-19,2,naive_carry,32.2,29.3
2025-06-19,2,seasonal_naive_7,59.0,29.3
2025-06-19,2,climatology,60.037222222222226,29.3
2025-06-19,2,arima_fourier,36.69306684046297,29.3
2025-06-19,2,arima_fourier_mean,40.73814785909577,29.3
2025-06-19,2,arima_no_fourier,40.11307786157718,29.3
2025-06-19,3,naive,32.2,33.0
2025-06-19,3,naive_carry,32.2,33.0
2025-06-19,3,seasonal_naive_7,38.3,33.0
2025-06-19,3,climatology,57.40255555555556,33.0
2025-06-19,3,arima_fourier,37.478844353581195,33.0
2025-06-19,3,arima_fourier_mean,42.02707149034563,33.0
2025-06-19,3,arima_no_fourier,41.72737598722098,33.0
2025-06-20,1,naive,26.0,29.3
2025-06-20,1,naive_carry,26.0,29.3
2025-06-20,1,seasonal_naive_7,59.0,29.3
2025-06-20,1,climatology,60.037222222222226,29.3
2025-06-20,1,arima_fourier,30.704266403934447,29.3
2025-06-20,1,arima_fourier_mean,33.17033607570327,29.3
2025-06-20,1,arima_no_fourier,31.949703574171206,29.3
2025-06-20,2,naive,26.0,33.0
2025-06-20,2,naive_carry,26.0,33.0
2025-06-20,2,seasonal_naive_7,38.3,33.0
2025-06-20,2,climatology,57.40255555555556,33.0
2025-06-20,2,arima_fourier,33.656046208467195,33.0
2025-06-20,2,arima_fourier_mean,37.36632135461279,33.0
2025-06-20,2,arima_no_fourier,35.58485936856992,33.0
2025-06-20,3,naive,26.0,39.6
2025-06-20,3,naive_carry,26.0,39.6
2025-06-20,3,seasonal_naive_7,41.0,39.6
2025-06-20,3,climatology,55.43855555555556,39.6
2025-06-20,3,arima_fourier,35.33063126042352,39.6
2025-06-20,3,arima_fourier_mean,39.6181604868266,39.6
2025-06-20,3,arima_no_fourier,37.64760375176566,39.6
2025-06-21,1,naive,29.3,33.0
2025-06-21,1,naive_carry,29.3,33.0
2025-06-21,1,seasonal_naive_7,38.3,33.0
2025-06-21,1,climatology,57.40255555555556,33.0
2025-06-21,1,arima_fourier,32.73196781056552,33.0
2025-06-21,1,arima_fourier_mean,35.36089545321726,33.0
2025-06-21,1,arima_no_fourier,33.68046788820381,33.0
2025-06-21,2,naive,29.3,39.6
2025-06-21,2,naive_carry,29.3,39.6
2025-06-21,2,seasonal_naive_7,41.0,39.6
2025-06-21,2,climatology,55.43855555555556,39.6
2025-06-21,2,arima_fourier,34.74171092224005,39.6
2025-06-21,2,arima_fourier_mean,38.571669162065696,39.6
2025-06-21,2,arima_no_fourier,36.226017621278196,39.6
2025-06-21,3,naive,29.3,42.0
2025-06-21,3,naive_carry,29.3,42.0
2025-06-21,3,seasonal_naive_7,32.7,42.0
2025-06-21,3,climatology,56.58522222222222,42.0
2025-06-21,3,arima_fourier,35.797029511512505,42.0
2025-06-21,3,arima_fourier_mean,40.14115573110898,42.0
2025-06-21,3,arima_no_fourier,37.632862261652924,42.0
2025-06-22,1,naive,33.0,39.6
2025-06-22,1,naive_carry,33.0,39.6
2025-06-22,1,seasonal_naive_7,41.0,39.6
2025-06-22,1,climatology,55.43855555555556,39.6
2025-06-22,1,arima_fourier,34.91061800872204,39.6
2025-06-22,1,arima_fourier_mean,37.714527289349896,39.6
2025-06-22,1,arima_no_fourier,35.759307404238285,39.6
2025-06-22,2,naive,33.0,42.0
2025-06-22,2,naive_carry,33.0,42.0
2025-06-22,2,seasonal_naive_7,32.7,42.0
2025-06-22,2,climatology,56.58522222222222,42.0
2025-06-22,2,arima_fourier,35.90200763128369,42.0
2025-06-22,2,arima_fourier_mean,39.8598764036665,42.0
2025-06-22,2,arima_no_fourier,37.29290429467069,42.0
2025-06-22,3,naive,33.0,54.3
2025-06-22,3,naive_carry,33.0,54.3
2025-06-22,3,seasonal_naive_7,39.9,54.3
2025-06-22,3,climatology,53.02033333333333,54.3
2025-06-22,3,arima_fourier,36.32262172822387,54.3
2025-06-22,3,arima_fourier_mean,40.73052838561468,54.3
2025-06-22,3,arima_no_fourier,38.12087446281832,54.3
2025-06-23,1,naive,39.6,42.0
2025-06-23,1,naive_carry,39.6,42.0
2025-06-23,1,seasonal_naive_7,32.7,42.0
2025-06-23,1,climatology,56.58522222222222,42.0
2025-06-23,1,arima_fourier,38.69647310383166,42.0
2025-06-23,1,arima_fourier_mean,41.8044494957245,42.0
2025-06-23,1,arima_no_fourier,39.79003162041532,42.0
2025-06-23,2,naive,39.6,54.3
2025-06-23,2,naive_carry,39.6,54.3
2025-06-23,2,seasonal_naive_7,39.9,54.3
2025-06-23,2,climatology,53.02033333333333,54.3
2025-06-23,2,arima_fourier,38.004195405782475,54.3
2025-06-23,2,arima_fourier_mean,42.19380950336552,54.3
2025-06-23,2,arima_no_fourier,39.889766829305444,54.3
2025-06-23,3,naive,39.6,29.0
2025-06-23,3,naive_carry,39.6,29.0
2025-06-23,3,seasonal_naive_7,32.2,29.0
2025-06-23,3,climatology,47.455000000000005,29.0
2025-06-23,3,arima_fourier,37.436836476391186,29.0
2025-06-23,3,arima_fourier_mean,41.979955407726024,29.0
2025-06-23,3,arima_no_fourier,39.94202041134091,29.0
2025-06-24,1,naive,42.0,54.3
2025-06-24,1,naive_carry,42.0,54.3
2025-06-24,1,seasonal_naive_7,39.9,54.3
2025-06-24,1,climatology,53.02033333333333,54.3
2025-06-24,1,arima_fourier,39.901555481429824,54.3
2025-06-24,1,arima_fourier_mean,43.10631954330343,54.3
2025-06-24,1,arima_no_fourier,41.28339373360589,54.3
2025-06-24,2,naive,42.0,29.0
2025-06-24,2,naive_carry,42.0,29.0
2025-06-24,2,seasonal_naive_7,32.2,29.0
2025-06-24,2,climatology,47.455000000000005,29.0
2025-06-24,2,arima_fourier,38.55439559593691,29.0
2025-06-24,2,arima_fourier_mean,42.804662544213706,29.0
2025-06-24,2,arima_no_fourier,40.913543933823,29.0
2025-06-24,3,naive,42.0,21.1
2025-06-24,3,naive_carry,42.0,21.1
2025-06-24,3,seasonal_naive_7,26.0,21.1
2025-06-24,3,climatology,47.876,21.1
2025-06-24,3,arima_fourier,37.62395497989377,21.1
2025-06-24,3,arima_fourier_mean,42.18977910232147,21.1
2025-06-24,3,arima_no_fourier,40.72146130975824,21.1
2025-06-25,1,naive,54.3,29.0
2025-06-25,1,naive_carry,54.3,29.0
2025-06-25,1,seasonal_naive_7,32.2,29.0
2025-06-25,1,climatology,47.455000000000005,29.0
2025-06-25,1,arima_fourier,46.30747150886676,29.0
2025-06-25,1,arima_fourier_mean,50.02673729376817,29.0
2025-06-25,1,arima_no_fourier,48.69500922411701,29.0
2025-06-25,2,naive,54.3,21.1
2025-06-25,2,naive_carry,54.3,21.1
2025-06-25,2,seasonal_naive_7,26.0,21.1
2025-06-25,2,climatology,47.876,21.1
2025-06-25,2,arima_fourier,42.02529801729227,21.1
2025-06-25,2,arima_fourier_mean,46.65819820502409,21.1
2025-06-25,2,arima_no_fourier,45.998327153372166,21.1
2025-06-25,3,naive,54.3,25.8
2025-06-25,3,naive_carry,54.3,25.8
2025-06-25,3,seasonal_naive_7,29.3,25.8
2025-06-25,3,climatology,48.25266666666666,25.8
2025-06-25,3,arima_fourier,39.54660655734873,25.8
2025-06-25,3,arima_fourier_mean,44.345749991281586,25.8
2025-06-25,3,arima_no_fourier,44.64816346102208,25.8
2025-06-26,1,naive,29.0,21.1
2025-06-26,1,naive_carry,29.0,21.1
2025-06-26,1,seasonal_naive_7,26.0,21.1
2025-06-26,1,climatology,47.876,21.1
2025-06-26,1,arima_fourier,31.815275906809543,21.1
2025-06-26,1,arima_fourier_mean,34.370575076611566,21.1
2025-06-26,1,arima_no_fourier,33.09348337839219,21.1
2025-06-26,2,naive,29.0,25.8
2025-06-26,2,naive_carry,29.0,25.8
2025-06-26,2,seasonal_naive_7,29.3,25.8
2025-06-26,2,climatology,48.25266666666666,25.8
2025-06-26,2,arima_fourier,33.42938787023961,25.8
2025-06-26,2,arima_fourier_mean,37.11466713705257,25.8
2025-06-26,2,arima_no_fourier,35.45923592720185,25.8
2025-06-26,3,naive,29.0,35.5
2025-06-26,3,naive_carry,29.0,35.5
2025-06-26,3,seasonal_naive_7,33.0,35.5
2025-06-26,3,climatology,47.14377777777778,35.5
2025-06-26,3,arima_fourier,34.257667341929945,35.5
2025-06-26,3,arima_fourier_mean,38.414974139026086,35.5
2025-06-26,3,arima_no_fourier,36.762943877528905,35.5
2025-06-27,1,naive,21.1,25.8
2025-06-27,1,naive_carry,21.1,25.8
2025-06-27,1,seasonal_naive_7,29.3,25.8
2025-06-27,1,climatology,48.25266666666666,25.8
2025-06-27,1,arima_fourier,26.185528405805453,25.8
2025-06-27,1,arima_fourier_mean,28.2886642136317,25.8
2025-06-27,1,arima_no_fourier,26.641076446973898,25.8
2025-06-27,2,naive,21.1,35.5
2025-06-27,2,naive_carry,21.1,35.5
2025-06-27,2,seasonal_naive_7,33.0,35.5
2025-06-27,2,climatology,47.14377777777778,35.5
2025-06-27,2,arima_fourier,29.56090106931931,35.5
2025-06-27,2,arima_fourier_mean,32.81971444060574,35.5
2025-06-27,2,arima_no_fourier,30.095950898071145,35.5
2025-06-27,3,naive,21.1,28.1
2025-06-27,3,naive_carry,21.1,28.1
2025-06-27,3,seasonal_naive_7,39.6,28.1
2025-06-27,3,climatology,46.577777777777776,28.1
2025-06-27,3,arima_fourier,31.586322149574386,28.1
2025-06-27,3,arima_fourier_mean,35.4194484941961,28.1
2025-06-27,3,arima_no_fourier,32.0774817755581,28.1
2025-06-28,1,naive,25.8,35.5
2025-06-28,1,naive_carry,25.8,35.5
2025-06-28,1,seasonal_naive_7,33.0,35.5
2025-06-28,1,climatology,47.14377777777778,35.5
2025-06-28,1,arima_fourier,29.301294897282364,35.5
2025-06-28,1,arima_fourier_mean,31.654678411344843,35.5
2025-06-28,1,arima_no_fourier,29.488786313740857,35.5
2025-06-28,2,naive,25.8,28.1
2025-06-28,2,naive_carry,25.8,28.1
2025-06-28,2,seasonal_naive_7,39.6,28.1
2025-06-28,2,climatology,46.577777777777776,28.1
2025-06-28,2,arima_fourier,31.41854772515299,28.1
2025-06-28,2,arima_fourier_mean,34.88214807103159,28.1
2025-06-28,2,arima_no_fourier,31.62321517644287,28.1
2025-06-28,3,naive,25.8,26.5
2025-06-28,3,naive_carry,25.8,26.5
2025-06-28,3,seasonal_naive_7,42.0,26.5
2025-06-28,3,climatology,46.00177777777778,26.5
2025-06-28,3,arima_fourier,32.58377037662688,26.5
2025-06-28,3,arima_fourier_mean,36.53793915420629,26.5
2025-06-28,3,arima_no_fourier,32.800189495731516,26.5
2025-06-29,1,naive,35.5,28.1
2025-06-29,1,naive_carry,35.5,28.1
2025-06-29,1,seasonal_naive_7,39.6,28.1
2025-06-29,1,climatology,46.577777777777776,28.1
2025-06-29,1,arima_fourier,35.21676684146109,28.1
2025-06-29,1,arima_fourier_mean,38.045261060944995,28.1
2025-06-29,1,arima_no_fourier,35.579007575626754,28.1
2025-06-29,2,naive,35.5,26.5
2025-06-29,2,naive_carry,35.5,26.5
2025-06-29,2,seasonal_naive_7,42.0,26.5
2025-06-29,2,climatology,46.00177777777778,26.5
2025-06-29,2,arima_fourier,34.90809787638799,26.5
2025-06-29,2,arima_fourier_mean,38.756387085789626,26.5
2025-06-29,2,arima_no_fourier,35.62039263862105,26.5
2025-06-29,3,naive,35.5,25.0
2025-06-29,3,naive_carry,35.5,25.0
2025-06-29,3,seasonal_naive_7,54.3,25.0
2025-06-29,3,climatology,46.10844444444445,25.0
2025-06-29,3,arima_fourier,34.588617332968276,25.0
2025-06-29,3,arima_fourier_mean,38.7860802228876,25.0
2025-06-29,3,arima_no_fourier,35.64205310581919,25.0
2025-06-30,1,naive,28.1,26.5
2025-06-30,1,naive_carry,28.1,26.5
2025-06-30,1,seasonal_naive_7,42.0,26.5
2025-06-30,1,climatology,46.00177777777778,26.5
2025-06-30,1,arima_fourier,30.522474760155095,26.5
2025-06-30,1,arima_fourier_mean,32.97393852834589,26.5
2025-06-30,1,arima_no_fourier,30.661077909770484,26.5
2025-06-30,2,naive,28.1,25.0
2025-06-30,2,naive_carry,28.1,25.0
2025-06-30,2,seasonal_naive_7,54.3,25.0
2025-06-30,2,climatology,46.10844444444445,25.0
2025-06-30,2,arima_fourier,31.89551172278611,25.0
2025-06-30,2,arima_fourier_mean,35.41169048505429,25.0
2025-06-30,2,arima_no_fourier,32.091972335940625,25.0
2025-06-30,3,naive,28.1,27.6
2025-06-30,3,naive_carry,28.1,27.6
2025-06-30,3,seasonal_naive_7,29.0,27.6
2025-06-30,3,climatology,45.199111111111115,27.6
2025-06-30,3,arima_fourier,32.59107605349147,27.6
2025-06-30,3,arima_fourier_mean,36.546127765537335,27.6
2025-06-30,3,arima_no_fourier,32.86661930056535,27.6
2025-07-01,1,naive,26.5,25.0
2025-07-01,1,naive_carry,26.5,25.0
2025-07-01,1,seasonal_naive_7,54.3,25.0
2025-07-01,1,climatology,46.10844444444445,25.0
2025-07-01,1,arima_fourier,29.324487866618664,25.0
2025-07-01,1,arima_fourier_mean,31.679732896466057,25.0
2025-07-01,1,arima_no_fourier,29.25195706474286,25.0
2025-07-01,2,naive,26.5,27.6
2025-07-01,2,naive_carry,26.5,27.6
2025-07-01,2,seasonal_naive_7,29.0,27.6
2025-07-01,2,climatology,45.199111111111115,27.6
2025-07-01,2,arima_fourier,30.978590832261816,27.6
2025-07-01,2,arima_fourier_mean,34.393686614835914,27.6
2025-07-01,2,arima_no_fourier,30.803010449066065,27.6
2025-07-01,3,naive,26.5,25.9
2025-07-01,3,naive_carry,26.5,25.9
2025-07-01,3,seasonal_naive_7,21.1,25.9
2025-07-01,3,climatology,44.864444444444445,25.9
2025-07-01,3,arima_fourier,31.856850449885716,25.9
2025-07-01,3,arima_fourier_mean,35.7227993692282,25.9
2025-07-01,3,arima_no_fourier,31.6465730304438,25.9
2025-07-02,1,naive,25.0,27.6
2025-07-02,1,naive_carry,25.0,27.6
2025-07-02,1,seasonal_naive_7,29.0,27.6
2025-07-02,1,climatology,45.199111111111115,27.6
2025-07-02,1,arima_fourier,28.17439130845193,27.6
2025-07-02,1,arima_fourier_mean,30.43726403527515,27.6
2025-07-02,1,arima_no_fourier,27.877612752720704,27.6
2025-07-02,2,naive,25.0,25.9
2025-07-02,2,naive_carry,25.0,25.9
2025-07-02,2,seasonal_naive_7,21.1,25.9
2025-07-02,2,climatology,44.864444444444445,25.9
2025-07-02,2,arima_fourier,30.083147722046842,25.9
2025-07-02,2,arima_fourier_mean,33.39952834042461,25.9
2025-07-02,2,arima_no_fourier,29.5119629999721,25.9
2025-07-02,3,naive,25.0,30.4
2025-07-02,3,naive_carry,25.0,30.4
2025-07-02,3,seasonal_naive_7,25.8,30.4
2025-07-02,3,climatology,43.45444444444445,30.4
2025-07-02,3,arima_fourier,31.13048293282507,30.4
2025-07-02,3,arima_fourier_mean,34.90828279031565,30.4
2025-07-02,3,arima_no_fourier,30.404410630276768,30.4
2025-07-03,1,naive,27.6,25.9
2025-07-03,1,naive_carry,27.6,25.9
2025-07-03,1,seasonal_naive_7,21.1,25.9
2025-07-03,1,climatology,44.864444444444445,25.9
2025-07-03,1,arima_fourier,29.716892952612703,25.9
2025-07-03,1,arima_fourier_mean,32.103653849292414,25.9
2025-07-03,1,arima_no_fourier,29.32491256347813,25.9
2025-07-03,2,naive,27.6,30.4
2025-07-03,2,naive_carry,27.6,30.4
2025-07-03,2,seasonal_naive_7,25.8,30.4
2025-07-03,2,climatology,43.45444444444445,30.4
2025-07-03,2,arima_fourier,30.901096152427005,30.4
2025-07-03,2,arima_fourier_mean,34.30764674233701,30.4
2025-07-03,2,arima_no_fourier,30.26942148781972,30.4
2025-07-03,3,naive,27.6,30.4
2025-07-03,3,naive_carry,27.6,30.4
2025-07-03,3,seasonal_naive_7,35.5,30.4
2025-07-03,3,climatology,42.57111111111111,30.4
2025-07-03,3,arima_fourier,31.49014412679102,30.4
2025-07-03,3,arima_fourier_mean,35.31158860731653,30.4
2025-07-03,3,arima_no_fourier,30.7753812586421,30.4
2025-07-04,1,naive,25.9,30.4
2025-07-04,1,naive_carry,25.9,30.4
2025-07-04,1,seasonal_naive_7,25.8,30.4
2025-07-04,1,climatology,43.45444444444445,30.4
2025-07-04,1,arima_fourier,28.47528416944874,30.4
2025-07-04,1,arima_fourier_mean,30.76232285611828,30.4
2025-07-04,1,arima_no_fourier,27.972897844273504,30.4
2025-07-04,2,naive,25.9,30.4
2025-07-04,2,naive_carry,25.9,30.4
2025-07-04,2,seasonal_naive_7,35.5,30.4
2025-07-04,2,climatology,42.57111111111111,30.4
2025-07-04,2,arima_fourier,29.973493949127885,30.4
2025-07-04,2,arima_fourier_mean,33.27778426279654,30.4
2025-07-04,2,arima_no_fourier,29.122112886682068,30.4
2025-07-04,3,naive,25.9,15.1
2025-07-04,3,naive_carry,25.9,15.1
2025-07-04,3,seasonal_naive_7,28.1,15.1
2025-07-04,3,climatology,41.880222222222216,15.1
2025-07-04,3,arima_fourier,30.763809199009636,15.1
2025-07-04,3,arima_fourier_mean,34.49710875023562,15.1
2025-07-04,3,arima_no_fourier,29.741745492340517,15.1
2025-07-05,1,naive,30.4,30.4
2025-07-05,1,naive_carry,30.4,30.4
2025-07-05,1,seasonal_naive_7,35.5,30.4
2025-07-05,1,climatology,42.57111111111111,30.4
2025-07-05,1,arima_fourier,31.162346968898174,30.4
2025-07-05,1,arima_fourier_mean,33.66520107510761,30.4
2025-07-05,1,arima_no_fourier,30.70297805517403,30.4
2025-07-05,2,naive,30.4,15.1
2025-07-05,2,naive_carry,30.4,15.1
2025-07-05,2,seasonal_naive_7,28.1,15.1
2025-07-05,2,climatology,41.880222222222216,15.1
2025-07-05,2,arima_fourier,31.49484171490573,15.1
2025-07-05,2,arima_fourier_mean,34.966845013144464,15.1
2025-07-05,2,arima_no_fourier,30.862613458501677,15.1
2025-07-05,3,naive,30.4,28.4
2025-07-05,3,naive_carry,30.4,28.4
2025-07-05,3,seasonal_naive_7,26.5,28.4
2025-07-05,3,climatology,41.37888888888889,28.4
2025-07-05,3,arima_fourier,31.571407963208955,28.4
2025-07-05,3,arima_fourier_mean,35.402711025764994,28.4
2025-07-05,3,arima_no_fourier,30.9464210963371,28.4
2025-07-06,1,naive,30.4,15.1
2025-07-06,1,naive_carry,30.4,15.1
2025-07-06,1,seasonal_naive_7,28.1,15.1
2025-07-06,1,climatology,41.880222222222216,15.1
2025-07-06,1,arima_fourier,31.034338018940353,15.1
2025-07-06,1,arima_fourier_mean,33.526910499535376,15.1
2025-07-06,1,arima_no_fourier,30.66877811422492,15.1
2025-07-06,2,naive,30.4,28.4
2025-07-06,2,naive_carry,30.4,28.4
2025-07-06,2,seasonal_naive_7,26.5,28.4
2025-07-06,2,climatology,41.37888888888889,28.4
2025-07-06,2,arima_fourier,31.291881950214613,28.4
2025-07-06,2,arima_fourier_mean,34.74150990084304,28.4
2025-07-06,2,arima_no_fourier,30.81027394628584,28.4
2025-07-06,3,naive,30.4,12.2
2025-07-06,3,naive_carry,30.4,12.2
2025-07-06,3,seasonal_naive_7,25.0,12.2
2025-07-06,3,climatology,40.31055555555555,12.2
2025-07-06,3,arima_fourier,31.32639606841835,12.2
2025-07-06,3,arima_fourier_mean,35.127964593921966,12.2
2025-07-06,3,arima_no_fourier,30.884525470635175,12.2
2025-07-07,1,naive,15.1,28.4
2025-07-07,1,naive_carry,15.1,28.4
2025-07-07,1,seasonal_naive_7,26.5,28.4
2025-07-07,1,climatology,41.37888888888889,28.4
2025-07-07,1,arima_fourier,20.38779880579037,28.4
2025-07-07,1,arima_fourier_mean,22.02527722272105,28.4
2025-07-07,1,arima_no_fourier,19.642575785025397,28.4
2025-07-07,2,naive,15.1,12.2
2025-07-07,2,naive_carry,15.1,12.2
2025-07-07,2,seasonal_naive_7,25.0,12.2
2025-07-07,2,climatology,40.31055555555555,12.2
2025-07-07,2,arima_fourier,24.186480842500576,12.2
2025-07-07,2,arima_fourier_mean,26.852806161415323,12.2
2025-07-07,2,arima_no_fourier,22.538642815658317,12.2
2025-07-07,3,naive,15.1,13.6
2025-07-07,3,naive_carry,15.1,13.6
2025-07-07,3,seasonal_naive_7,27.6,13.6
2025-07-07,3,climatology,39.65322222222222,13.6
2025-07-07,3,arima_fourier,26.61466905093987,13.6
2025-07-07,3,arima_fourier_mean,29.84445168847375,13.6
2025-07-07,3,arima_no_fourier,24.219308784093673,13.6
2025-07-08,1,naive,28.4,12.2
2025-07-08,1,naive_carry,28.4,12.2
2025-07-08,1,seasonal_naive_7,25.0,12.2
2025-07-08,1,climatology,40.31055555555555,12.2
2025-07-08,1,arima_fourier,29.45632983968155,12.2
2025-07-08,1,arima_fourier_mean,31.8221613761815,12.2
2025-07-08,1,arima_no_fourier,28.487441613390796,12.2
2025-07-08,2,naive,28.4,13.6
2025-07-08,2,naive_carry,28.4,13.6
2025-07-08,2,seasonal_naive_7,27.6,13.6
2025-07-08,2,climatology,39.65322222222222,13.6
2025-07-08,2,arima_fourier,29.97830839212596,13.6
2025-07-08,2,arima_fourier_mean,33.283125721531846,13.6
2025-07-08,2,arima_no_fourier,28.53327420850288,13.6
2025-07-08,3,naive,28.4,29.9
2025-07-08,3,naive_carry,28.4,29.9
2025-07-08,3,seasonal_naive_7,25.9,29.9
2025-07-08,3,climatology,39.27988888888888,29.9
2025-07-08,3,arima_fourier,30.176101544980124,29.9
2025-07-08,3,arima_fourier_mean,33.83807505876409,29.9
2025-07-08,3,arima_no_fourier,28.55727059311192,29.9
2025-07-09,1,naive,12.2,13.6
2025-07-09,1,naive_carry,12.2,13.6
2025-07-09,1,seasonal_naive_7,27.6,13.6
2025-07-09,1,climatology,39.65322222222222,13.6
2025-07-09,1,arima_fourier,17.747804350090956,13.6
2025-07-09,1,arima_fourier_mean,19.173247015490798,13.6
2025-07-09,1,arima_no_fourier,16.648349908969315,13.6
2025-07-09,2,naive,12.2,29.9
2025-07-09,2,naive_carry,12.2,29.9
2025-07-09,2,seasonal_naive_7,25.9,29.9
2025-07-09,2,climatology,39.27988888888888,29.9
2025-07-09,2,arima_fourier,21.98913136335025,29.9
2025-07-09,2,arima_fourier_mean,24.41321888247314,29.9
2025-07-09,2,arima_no_fourier,19.587187159286998,29.9
2025-07-09,3,naive,12.2,30.0
2025-07-09,3,naive_carry,12.2,30.0
2025-07-09,3,seasonal_naive_7,30.4,30.0
2025-07-09,3,climatology,38.979888888888894,30.0
2025-07-09,3,arima_fourier,24.8168910465709,30.0
2025-07-09,3,arima_fourier_mean,27.828504894922673,30.0
2025-07-09,3,arima_no_fourier,21.32509962272151,30.0
2025-07-10,1,naive,13.6,29.9
2025-07-10,1,naive_carry,13.6,29.9
2025-07-10,1,seasonal_naive_7,25.9,29.9
2025-07-10,1,climatology,39.27988888888888,29.9
2025-07-10,1,arima_fourier,18.76969953146618,29.9
2025-07-10,1,arima_fourier_mean,20.277217099913393,29.9
2025-07-10,1,arima_no_fourier,17.225482331709596,29.9
2025-07-10,2,naive,13.6,30.0
2025-07-10,2,naive_carry,13.6,30.0
2025-07-10,2,seasonal_naive_7,30.4,30.0
2025-07-10,2,climatology,38.979888888888894,30.0
2025-07-10,2,arima_fourier,22.55474727337671,30.0
2025-07-10,2,arima_fourier_mean,25.041187797874464,30.0
2025-07-10,2,arima_no_fourier,19.49128754405026,30.0
2025-07-10,3,naive,13.6,27.9
2025-07-10,3,naive_carry,13.6,27.9
2025-07-10,3,seasonal_naive_7,30.4,27.9
2025-07-10,3,climatology,37.776555555555554,27.9
2025-07-10,3,arima_fourier,25.00717465269015,27.9
2025-07-10,3,arima_fourier_mean,28.04187900814025,27.9
2025-07-10,3,arima_no_fourier,20.792441383323126,27.9
2025-07-11,1,naive,29.9,30.0
2025-07-11,1,naive_carry,29.9,30.0
2025-07-11,1,seasonal_naive_7,30.4,30.0
2025-07-11,1,climatology,38.979888888888894,30.0
2025-07-11,1,arima_fourier,29.750521109369824,30.0
2025-07-11,1,arima_fourier_mean,32.13998009770545,30.0
2025-07-11,1,arima_no_fourier,27.669226102400287,30.0
2025-07-11,2,naive,29.9,27.9
2025-07-11,2,naive_carry,29.9,27.9
2025-07-11,2,seasonal_naive_7,30.4,27.9
2025-07-11,2,climatology,37.776555555555554,27.9
2025-07-11,2,arima_fourier,29.557760630985126,27.9
2025-07-11,2,arima_fourier_mean,32.81621414319204,27.9
2025-07-11,2,arima_no_fourier,26.569778182830692,27.9
2025-07-11,3,naive,29.9,18.1
2025-07-11,3,naive_carry,29.9,18.1
2025-07-11,3,seasonal_naive_7,15.1,18.1
2025-07-11,3,climatology,37.52144444444445,18.1
2025-07-11,3,arima_fourier,29.341410387353267,18.1
2025-07-11,3,arima_fourier_mean,32.9020875546133,18.1
2025-07-11,3,arima_no_fourier,26.01235610924425,18.1
2025-07-12,1,naive,30.0,27.9
2025-07-12,1,naive_carry,30.0,27.9
2025-07-12,1,seasonal_naive_7,30.4,27.9
2025-07-12,1,climatology,37.776555555555554,27.9
2025-07-12,1,arima_fourier,29.70491492123199,27.9
2025-07-12,1,arima_fourier_mean,32.09071066805733,27.9
2025-07-12,1,arima_no_fourier,27.970658560911144,27.9
2025-07-12,2,naive,30.0,18.1
2025-07-12,2,naive_carry,30.0,18.1
2025-07-12,2,seasonal_naive_7,15.1,18.1
2025-07-12,2,climatology,37.52144444444445,18.1
2025-07-12,2,arima_fourier,29.429520060521686,18.1
2025-07-12,2,arima_fourier_mean,32.67383551652196,18.1
2025-07-12,2,arima_no_fourier,26.96472846285549,18.1
2025-07-12,3,naive,30.0,15.5
2025-07-12,3,naive_carry,30.0,15.5
2025-07-12,3,seasonal_naive_7,28.4,15.5
2025-07-12,3,climatology,37.04744444444445,15.5
2025-07-12,3,arima_fourier,29.166815144378255,15.5
2025-07-12,3,arima_fourier_mean,32.70630343696855,15.5
2025-07-12,3,arima_no_fourier,26.45319078522326,15.5
2025-07-13,1,naive,27.9,18.1
2025-07-13,1,naive_carry,27.9,18.1
2025-07-13,1,seasonal_naive_7,15.1,18.1
2025-07-13,1,climatology,37.52144444444445,18.1
2025-07-13,1,arima_fourier,28.35260746053207,18.1
2025-07-13,1,arima_fourier_mean,30.62979027382785,18.1
2025-07-13,1,arima_no_fourier,26.921432869411202,18.1
2025-07-13,2,naive,27.9,15.5
2025-07-13,2,naive_carry,27.9,15.5
2025-07-13,2,seasonal_naive_7,28.4,15.5
2025-07-13,2,climatology,37.04744444444445,15.5
2025-07-13,2,arima_fourier,28.517663004133105,15.5
2025-07-13,2,arima_fourier_mean,31.66145443314113,15.5
2025-07-13,2,arima_no_fourier,26.423459206363912,15.5
2025-07-13,3,naive,27.9,25.0
2025-07-13,3,naive_carry,27.9,25.0
2025-07-13,3,seasonal_naive_7,12.2,25.0
2025-07-13,3,climatology,36.62877777777778,25.0
2025-07-13,3,arima_fourier,28.51299511693104,25.0
2025-07-13,3,arima_fourier_mean,31.973139105013622,25.0
2025-07-13,3,arima_no_fourier,26.166734747472788,25.0
2025-07-14,1,naive,18.1,15.5
2025-07-14,1,naive_carry,18.1,15.5
2025-07-14,1,seasonal_naive_7,28.4,15.5
2025-07-14,1,climatology,37.04744444444445,15.5
2025-07-14,1,arima_fourier,21.83727127653264,15.5
2025-07-14,1,arima_fourier_mean,23.5911647334823,15.5
2025-07-14,1,arima_no_fourier,20.53288022382234,15.5
2025-07-14,2,naive,18.1,25.0
2025-07-14,2,naive_carry,18.1,25.0
2025-07-14,2,seasonal_naive_7,12.2,25.0
2025-07-14,2,climatology,36.62877777777778,25.0
2025-07-14,2,arima_fourier,24.269285411541304,25.0
2025-07-14,2,arima_fourier_mean,26.944734442877607,25.0
2025-07-14,2,arima_no_fourier,21.932653606472666,25.0
2025-07-14,3,naive,18.1,18.8
2025-07-14,3,naive_carry,18.1,18.8
2025-07-14,3,seasonal_naive_7,13.6,18.8
2025-07-14,3,climatology,36.02522222222222,18.8
2025-07-14,3,arima_fourier,25.715014500677196,18.8
2025-07-14,3,arima_fourier_mean,28.835613536758196,18.8
2025-07-14,3,arima_no_fourier,22.702226237888887,18.8
2025-07-15,1,naive,15.5,25.0
2025-07-15,1,naive_carry,15.5,25.0
2025-07-15,1,seasonal_naive_7,12.2,25.0
2025-07-15,1,climatology,36.62877777777778,25.0
2025-07-15,1,arima_fourier,19.793656723114267,25.0
2025-07-15,1,arima_fourier_mean,21.38341399687392,25.0
2025-07-15,1,arima_no_fourier,18.344604324743276,25.0
2025-07-15,2,naive,15.5,18.8
2025-07-15,2,naive_carry,15.5,18.8
2025-07-15,2,seasonal_naive_7,13.6,18.8
2025-07-15,2,climatology,36.02522222222222,18.8
2025-07-15,2,arima_fourier,22.73708730911035,18.8
2025-07-15,2,arima_fourier_mean,25.243626068693814,18.8
2025-07-15,2,arima_no_fourier,20.03430502073503,18.8
2025-07-15,3,naive,15.5,22.2
2025-07-15,3,naive_carry,15.5,22.2
2025-07-15,3,seasonal_naive_7,29.9,22.2
2025-07-15,3,climatology,34.977888888888884,22.2
2025-07-15,3,arima_fourier,24.559035577655756,22.2
2025-07-15,3,arima_fourier_mean,27.539351979121573,22.2
2025-07-15,3,arima_no_fourier,20.978986887382955,22.2
2025-07-16,1,naive,25.0,18.8
2025-07-16,1,naive_carry,25.0,18.8
2025-07-16,1,seasonal_naive_7,13.6,18.8
2025-07-16,1,climatology,36.02522222222222,18.8
2025-07-16,1,arima_fourier,26.124360707222507,18.8
2025-07-16,1,arima_fourier_mean,28.222577736384,18.8
2025-07-16,1,arima_no_fourier,24.38821332743718,18.8
2025-07-16,2,naive,25.0,22.2
2025-07-16,2,naive_carry,25.0,22.2
2025-07-16,2,seasonal_naive_7,29.9,22.2
2025-07-16,2,climatology,34.977888888888884,22.2
2025-07-16,2,arima_fourier,26.706987799844224,22.2
2025-07-16,2,arima_fourier_mean,29.651168139288988,22.2
2025-07-16,2,arima_no_fourier,24.07427932272923,22.2
2025-07-16,3,naive,25.0,18.0
2025-07-16,3,naive_carry,25.0,18.0
2025-07-16,3,seasonal_naive_7,30.0,18.0
2025-07-16,3,climatology,34.239222222222224,18.0
2025-07-16,3,arima_fourier,26.956800232478916,18.0
2025-07-16,3,arima_fourier_mean,30.228091967873066,18.0
2025-07-16,3,arima_no_fourier,23.91172766084242,18.0
2025-07-17,1,naive,18.8,22.2
2025-07-17,1,naive_carry,18.8,22.2
2025-07-17,1,seasonal_naive_7,29.9,22.2
2025-07-17,1,climatology,34.977888888888884,22.2
2025-07-17,1,arima_fourier,21.96087319871714,22.2
2025-07-17,1,arima_fourier_mean,23.72469331272927,22.2
2025-07-17,1,arima_no_fourier,20.40559507327439,22.2
2025-07-17,2,naive,18.8,18.0
2025-07-17,2,naive_carry,18.8,18.0
2025-07-17,2,seasonal_naive_7,30.0,18.0
2025-07-17,2,climatology,34.239222222222224,18.0
2025-07-17,2,arima_fourier,23.95318161957687,18.0
2025-07-17,2,arima_fourier_mean,26.59378159679243,18.0
2025-07-17,2,arima_no_fourier,21.299083732563194,18.0
2025-07-17,3,naive,18.8,21.0
2025-07-17,3,naive_carry,18.8,21.0
2025-07-17,3,seasonal_naive_7,27.9,21.0
2025-07-17,3,climatology,34.21588888888889,21.0
2025-07-17,3,arima_fourier,25.1053470660617,21.0
2025-07-17,3,arima_fourier_mean,28.151958311720808,21.0
2025-07-17,3,arima_no_fourier,21.78178313084347,21.0
2025-07-18,1,naive,22.2,18.0
2025-07-18,1,naive_carry,22.2,18.0
2025-07-18,1,seasonal_naive_7,30.0,18.0
2025-07-18,1,climatology,34.239222222222224,18.0
2025-07-18,1,arima_fourier,24.107950904230012,18.0
2025-07-18,1,arima_fourier_mean,26.04421653539329,18.0
2025-07-18,1,arima_no_fourier,22.470648370704364,18.0
2025-07-18,2,naive,22.2,21.0
2025-07-18,2,naive_carry,22.2,21.0
2025-07-18,2,seasonal_naive_7,27.9,21.0
2025-07-18,2,climatology,34.21588888888889,21.0
2025-07-18,2,arima_fourier,25.203161091222626,21.0
2025-07-18,2,arima_fourier_mean,27.981558293918383,21.0
2025-07-18,2,arima_no_fourier,22.613488606336794,21.0
2025-07-18,3,naive,22.2,30.9
2025-07-18,3,naive_carry,22.2,30.9
2025-07-18,3,seasonal_naive_7,18.1,30.9
2025-07-18,3,climatology,34.794222222222224,30.9
2025-07-18,3,arima_fourier,25.77219822198457,30.9
2025-07-18,3,arima_fourier_mean,28.899733034451604,30.9
2025-07-18,3,arima_no_fourier,22.68854459025109,30.9
2025-07-19,1,naive,18.0,21.0
2025-07-19,1,naive_carry,18.0,21.0
2025-07-19,1,seasonal_naive_7,27.9,21.0
2025-07-19,1,climatology,34.21588888888889,21.0
2025-07-19,1,arima_fourier,21.18336486033606,21.0
2025-07-19,1,arima_fourier_mean,22.884737866842546,21.0
2025-07-19,1,arima_no_fourier,19.64083221835884,21.0
2025-07-19,2,naive,18.0,30.9
2025-07-19,2,naive_carry,18.0,30.9
2025-07-19,2,seasonal_naive_7,18.1,30.9
2025-07-19,2,climatology,34.794222222222224,30.9
2025-07-19,2,arima_fourier,23.20552105511242,30.9
2025-07-19,2,arima_fourier_mean,25.763697846560497,30.9
2025-07-19,2,arima_no_fourier,20.557588146380606,30.9
2025-07-19,3,naive,18.0,31.0
2025-07-19,3,naive_carry,18.0,31.0
2025-07-19,3,seasonal_naive_7,15.5,31.0
2025-07-19,3,climatology,34.01811111111111,31.0
2025-07-19,3,arima_fourier,24.383342076472015,31.0
2025-07-19,3,arima_fourier_mean,27.342334155018197,31.0
2025-07-19,3,arima_no_fourier,21.05389748923232,31.0
2025-07-20,1,naive,21.0,30.9
2025-07-20,1,naive_carry,21.0,30.9
2025-07-20,1,seasonal_naive_7,18.1,30.9
2025-07-20,1,climatology,34.794222222222224,30.9
2025-07-20,1,arima_fourier,23.085854160511058,30.9
2025-07-20,1,arima_fourier_mean,24.940028189910294,30.9
2025-07-20,1,arima_no_fourier,21.45032507533262,30.9
2025-07-20,2,naive,21.0,31.0
2025-07-20,2,naive_carry,21.0,31.0
2025-07-20,2,seasonal_naive_7,15.5,31.0
2025-07-20,2,climatology,34.01811111111111,31.0
2025-07-20,2,arima_fourier,24.307346522130867,31.0
2025-07-20,2,arima_fourier_mean,26.986988033697408,31.0
2025-07-20,2,arima_no_fourier,21.689643727903793,31.0
2025-07-20,3,naive,21.0,16.9
2025-07-20,3,naive_carry,21.0,16.9
2025-07-20,3,seasonal_naive_7,25.0,16.9
2025-07-20,3,climatology,39.56377777777778,16.9
2025-07-20,3,arima_fourier,24.95968358722298,16.9
2025-07-20,3,arima_fourier_mean,27.988615641384243,16.9
2025-07-20,3,arima_no_fourier,21.8158508444892,16.9
2025-07-21,1,naive,30.9,31.0
2025-07-21,1,naive_carry,30.9,31.0
2025-07-21,1,seasonal_naive_7,15.5,31.0
2025-07-21,1,climatology,34.01811111111111,31.0
2025-07-21,1,arima_fourier,28.909055150790216,31.0
2025-07-21,1,arima_fourier_mean,31.230927819064327,31.0
2025-07-21,1,arima_no_fourier,27.350457501132993,31.0
2025-07-21,2,naive,30.9,16.9
2025-07-21,2,naive_carry,30.9,16.9
2025-07-21,2,seasonal_naive_7,25.0,16.9
2025-07-21,2,climatology,39.56377777777778,16.9
2025-07-21,2,arima_fourier,27.714071849768956,16.9
2025-07-21,2,arima_fourier_mean,30.769270125303308,16.9
2025-07-21,2,arima_no_fourier,25.659769148238524,16.9
2025-07-21,3,naive,30.9,28.3
2025-07-21,3,naive_carry,30.9,28.3
2025-07-21,3,seasonal_naive_7,18.8,28.3
2025-07-21,3,climatology,36.91544444444444,28.3
2025-07-21,3,arima_fourier,26.948051035595704,28.3
2025-07-21,3,arima_fourier_mean,30.218276565050058,28.3
2025-07-21,3,arima_no_fourier,24.817699009023702,28.3
2025-07-22,1,naive,31.0,16.9
2025-07-22,1,naive_carry,31.0,16.9
2025-07-22,1,seasonal_naive_7,25.0,16.9
2025-07-22,1,climatology,39.56377777777778,16.9
2025-07-22,1,arima_fourier,28.88924856076016,16.9
2025-07-22,1,arima_fourier_mean,31.20953020327086,16.9
2025-07-22,1,arima_no_fourier,27.78508537037019,16.9
2025-07-22,2,naive,31.0,28.3
2025-07-22,2,naive_carry,31.0,28.3
2025-07-22,2,seasonal_naive_7,18.8,28.3
2025-07-22,2,climatology,36.91544444444444,28.3
2025-07-22,2,arima_fourier,27.632284983644332,28.3
2025-07-22,2,arima_fourier_mean,30.67846651071698,28.3
2025-07-22,2,arima_no_fourier,26.238962106760148,28.3
2025-07-22,3,naive,31.0,33.0
2025-07-22,3,naive_carry,31.0,33.0
2025-07-22,3,seasonal_naive_7,22.2,33.0
2025-07-22,3,climatology,36.85544444444445,33.0
2025-07-22,3,arima_fourier,26.833324411954997,33.0
2025-07-22,3,arima_fourier_mean,30.089626707311126,33.0
2025-07-22,3,arima_no_fourier,25.465022699449058,33.0
2025-07-23,1,naive,16.9,28.3
2025-07-23,1,naive_carry,16.9,28.3
2025-07-23,1,seasonal_naive_7,18.8,28.3
2025-07-23,1,climatology,36.91544444444444,28.3
2025-07-23,1,arima_fourier,20.088219993253343,28.3
2025-07-23,1,arima_fourier_mean,21.701634183299664,28.3
2025-07-23,1,arima_no_fourier,19.132311364477243,28.3
2025-07-23,2,naive,16.9,33.0
2025-07-23,2,naive_carry,16.9,33.0
2025-07-23,2,seasonal_naive_7,22.2,33.0
2025-07-23,2,climatology,36.85544444444445,33.0
2025-07-23,2,arima_fourier,22.13441372538689,33.0
2025-07-23,2,arima_fourier_mean,24.574509794807405,33.0
2025-07-23,2,arima_no_fourier,20.414702138122916,33.0
2025-07-23,3,naive,16.9,22.9
2025-07-23,3,naive_carry,16.9,22.9
2025-07-23,3,seasonal_naive_7,18.0,22.9
2025-07-23,3,climatology,37.35677777777778,22.9
2025-07-23,3,arima_fourier,23.337549276006424,22.9
2025-07-23,3,arima_fourier_mean,26.169628353661174,22.9
2025-07-23,3,arima_no_fourier,21.11916726725892,22.9
2025-07-24,1,naive,28.3,33.0
2025-07-24,1,naive_carry,28.3,33.0
2025-07-24,1,seasonal_naive_7,22.2,33.0
2025-07-24,1,climatology,36.85544444444445,33.0
2025-07-24,1,arima_fourier,27.138506332699396,33.0
2025-07-24,1,arima_fourier_mean,29.31817417289377,33.0
2025-07-24,1,arima_no_fourier,26.179281433645446,33.0
2025-07-24,2,naive,28.3,22.9
2025-07-24,2,naive_carry,28.3,22.9
2025-07-24,2,seasonal_naive_7,18.0,22.9
2025-07-24,2,climatology,37.35677777777778,22.9
2025-07-24,2,arima_fourier,26.393633768304177,22.9
2025-07-24,2,arima_fourier_mean,29.30326541458224,22.9
2025-07-24,2,arima_no_fourier,25.134359742669165,22.9
2025-07-24,3,naive,28.3,24.4
2025-07-24,3,naive_carry,28.3,24.4
2025-07-24,3,seasonal_naive_7,21.0,24.4
2025-07-24,3,climatology,37.358555555555554,24.4
2025-07-24,3,arima_fourier,25.88054454914352,24.4
2025-07-24,3,arima_fourier_mean,29.02122270607729,24.4
2025-07-24,3,arima_no_fourier,24.60465786623826,24.4
2025-07-25,1,naive,33.0,22.9
2025-07-25,1,naive_carry,33.0,22.9
2025-07-25,1,seasonal_naive_7,18.0,22.9
2025-07-25,1,climatology,37.35677777777778,22.9
2025-07-25,1,arima_fourier,29.6487064496001,22.9
2025-07-25,1,arima_fourier_mean,32.02998437359442,22.9
2025-07-25,1,arima_no_fourier,29.117369796261,22.9
2025-07-25,2,naive,33.0,24.4
2025-07-25,2,naive_carry,33.0,24.4
2025-07-25,2,seasonal_naive_7,21.0,24.4
2025-07-25,2,climatology,37.358555555555554,24.4
2025-07-25,2,arima_fourier,27.763067642963083,24.4
2025-07-25,2,arima_fourier_mean,30.823665021791243,24.4
2025-07-25,2,arima_no_fourier,27.272501529743494,24.4
2025-07-25,3,naive,33.0,32.1
2025-07-25,3,naive_carry,33.0,32.1
2025-07-25,3,seasonal_naive_7,30.9,32.1
2025-07-25,3,climatology,38.23077777777778,32.1
2025-07-25,3,arima_fourier,26.630850095632272,32.1
2025-07-25,3,arima_fourier_mean,29.86257922745805,32.1
2025-07-25,3,arima_no_fourier,26.354797622459497,32.1
2025-07-26,1,naive,22.9,24.4
2025-07-26,1,naive_carry,22.9,24.4
2025-07-26,1,seasonal_naive_7,21.0,24.4
2025-07-26,1,climatology,37.358555555555554,24.4
2025-07-26,1,arima_fourier,23.81003080242371,24.4
2025-07-26,1,arima_fourier_mean,25.72236703704084,24.4
2025-07-26,1,arima_no_fourier,23.412706194499588,24.4
2025-07-26,2,naive,22.9,32.1
2025-07-26,2,naive_carry,22.9,32.1
2025-07-26,2,seasonal_naive_7,30.9,32.1
2025-07-26,2,climatology,38.23077777777778,32.1
2025-07-26,2,arima_fourier,24.27221784327451,32.1
2025-07-26,2,arima_fourier_mean,26.947983894610463,32.1
2025-07-26,2,arima_no_fourier,23.685367946561673,32.1
2025-07-26,3,naive,22.9,17.8
2025-07-26,3,naive_carry,22.9,17.8
2025-07-26,3,seasonal_naive_7,31.0,17.8
2025-07-26,3,climatology,38.338111111111104,17.8
2025-07-26,3,arima_fourier,24.461541091407415,17.8
2025-07-26,3,arima_fourier_mean,27.430017756334486,17.8
2025-07-26,3,arima_no_fourier,23.82921178541835,17.8
2025-07-27,1,naive,24.4,32.1
2025-07-27,1,naive_carry,24.4,32.1
2025-07-27,1,seasonal_naive_7,30.9,32.1
2025-07-27,1,climatology,38.23077777777778,32.1
2025-07-27,1,arima_fourier,24.628106782437104,32.1
2025-07-27,1,arima_fourier_mean,26.60614777212228,32.1
2025-07-27,1,arima_no_fourier,24.3151218786493,32.1
2025-07-27,2,naive,24.4,17.8
2025-07-27,2,naive_carry,24.4,17.8
2025-07-27,2,seasonal_naive_7,31.0,17.8
2025-07-27,2,climatology,38.338111111111104,17.8
2025-07-27,2,arima_fourier,24.677465105685236,17.8
2025-07-27,2,arima_fourier_mean,27.3979051179276,17.8
2025-07-27,2,arima_no_fourier,24.270854582581332,17.8
2025-07-27,3,naive,24.4,18.9
2025-07-27,3,naive_carry,24.4,18.9
2025-07-27,3,seasonal_naive_7,16.9,18.9
2025-07-27,3,climatology,38.83877777777778,18.9
2025-07-27,3,arima_fourier,24.622874860527386,18.9
2025-07-27,3,arima_fourier_mean,27.610929173223052,18.9
2025-07-27,3,arima_no_fourier,24.24773818695219,18.9
2025-07-28,1,naive,32.1,17.8
2025-07-28,1,naive_carry,32.1,17.8
2025-07-28,1,seasonal_naive_7,31.0,17.8
2025-07-28,1,climatology,38.338111111111104,17.8
2025-07-28,1,arima_fourier,28.889157000934794,17.8
2025-07-28,1,arima_fourier_mean,31.20943002761308,17.8
2025-07-28,1,arima_no_fourier,28.95486509618722,17.8
2025-07-28,2,naive,32.1,18.9
2025-07-28,2,naive_carry,32.1,18.9
2025-07-28,2,seasonal_naive_7,16.9,18.9
2025-07-28,2,climatology,38.83877777777778,18.9
2025-07-28,2,arima_fourier,27.080514074086274,18.9
2025-07-28,2,arima_fourier_mean,30.06586536686525,18.9
2025-07-28,2,arima_no_fourier,27.434883552668722,18.9
2025-07-28,3,naive,32.1,15.0
2025-07-28,3,naive_carry,32.1,15.0
2025-07-28,3,seasonal_naive_7,28.3,15.0
2025-07-28,3,climatology,38.80291111111111,15.0
2025-07-28,3,arima_fourier,25.994443868483454,15.0
2025-07-28,3,arima_fourier_mean,29.148941216871865,15.0
2025-07-28,3,arima_no_fourier,26.67208896056716,15.0
2025-07-29,1,naive,17.8,18.9
2025-07-29,1,naive_carry,17.8,18.9
2025-07-29,1,seasonal_naive_7,16.9,18.9
2025-07-29,1,climatology,38.83877777777778,18.9
2025-07-29,1,arima_fourier,20.304065851378716,18.9
2025-07-29,1,arima_fourier_mean,21.934815147409136,18.9
2025-07-29,1,arima_no_fourier,20.140082912210655,18.9
2025-07-29,2,naive,17.8,15.0
2025-07-29,2,naive_carry,17.8,15.0
2025-07-29,2,seasonal_naive_7,28.3,15.0
2025-07-29,2,climatology,38.80291111111111,15.0
2025-07-29,2,arima_fourier,21.845676400263,15.0
2025-07-29,2,arima_fourier_mean,24.253939701147186,15.0
2025-07-29,2,arima_no_fourier,21.483826164107516,15.0
2025-07-29,3,naive,17.8,16.2
2025-07-29,3,naive_carry,17.8,16.2
2025-07-29,3,seasonal_naive_7,33.0,16.2
2025-07-29,3,climatology,38.13091111111111,16.2
2025-07-29,3,arima_fourier,22.72009879502283,16.2
2025-07-29,3,arima_fourier_mean,25.477244776263014,16.2
2025-07-29,3,arima_no_fourier,22.221833269643213,16.2
2025-07-30,1,naive,18.9,15.0
2025-07-30,1,naive_carry,18.9,15.0
2025-07-30,1,seasonal_naive_7,28.3,15.0
2025-07-30,1,climatology,38.80291111111111,15.0
2025-07-30,1,arima_fourier,20.93426747699235,15.0
2025-07-30,1,arima_fourier_mean,22.615632158347424,15.0
2025-07-30,1,arima_no_fourier,20.633715508157533,15.0
2025-07-30,2,naive,18.9,16.2
2025-07-30,2,naive_carry,18.9,16.2
2025-07-30,2,seasonal_naive_7,33.0,16.2
2025-07-30,2,climatology,38.13091111111111,16.2
2025-07-30,2,arima_fourier,22.14297297630983,16.2
2025-07-30,2,arima_fourier_mean,24.584009829475804,16.2
2025-07-30,2,arima_no_fourier,21.60275166860056,16.2
2025-07-30,3,naive,18.9,22.8
2025-07-30,3,naive_carry,18.9,22.8
2025-07-30,3,seasonal_naive_7,22.9,22.8
2025-07-30,3,climatology,38.40757777777778,22.8
2025-07-30,3,arima_fourier,22.803289813569762,22.8
2025-07-30,3,arima_fourier_mean,25.5705306896441,22.8
2025-07-30,3,arima_no_fourier,22.127473657996518,22.8
2025-07-31,1,naive,15.0,16.2
2025-07-31,1,naive_carry,15.0,16.2
2025-07-31,1,seasonal_naive_7,33.0,16.2
2025-07-31,1,climatology,38.13091111111111,16.2
2025-07-31,1,arima_fourier,18.16115884503787,16.2
2025-07-31,1,arima_fourier_mean,19.619797352523598,16.2
2025-07-31,1,arima_no_fourier,17.641174470772214,16.2
2025-07-31,2,naive,15.0,22.8
2025-07-31,2,naive_carry,15.0,22.8
2025-07-31,2,seasonal_naive_7,22.9,22.8
2025-07-31,2,climatology,38.40757777777778,22.8
2025-07-31,2,arima_fourier,20.23103527014015,22.8
2025-07-31,2,arima_fourier_mean,22.461300171680058,22.8
2025-07-31,2,arima_no_fourier,19.202615912478212,22.8
2025-07-31,3,naive,15.0,24.9
2025-07-31,3,naive_carry,15.0,24.9
2025-07-31,3,seasonal_naive_7,24.4,24.9
2025-07-31,3,climatology,38.09557777777778,24.9
2025-07-31,3,arima_fourier,21.472585011858857,24.9
2025-07-31,3,arima_fourier_mean,24.078340746734835,24.9
2025-07-31,3,arima_no_fourier,20.073414663347194,24.9
2025-08-01,1,naive,16.2,22.8
2025-08-01,1,naive_carry,16.2,22.8
2025-08-01,1,seasonal_naive_7,22.9,22.8
2025-08-01,1,climatology,38.40757777777778,22.8
2025-08-01,1,arima_fourier,18.90184116455974,22.8
2025-08-01,1,arima_fourier_mean,20.419968478038214,22.8
2025-08-01,1,arima_no_fourier,18.19055780393895,22.8
2025-08-01,2,naive,16.2,24.9
2025-08-01,2,naive_carry,16.2,24.9
2025-08-01,2,seasonal_naive_7,24.4,24.9
2025-08-01,2,climatology,38.09557777777778,24.9
2025-08-01,2,arima_fourier,20.609377348963104,24.9
2025-08-01,2,arima_fourier_mean,22.881350274779276,24.9
2025-08-01,2,arima_no_fourier,19.327041465428657,24.9
2025-08-01,3,naive,16.2,25.5
2025-08-01,3,naive_carry,16.2,25.5
2025-08-01,3,seasonal_naive_7,32.1,25.5
2025-08-01,3,climatology,37.79224444444445,25.5
2025-08-01,3,arima_fourier,21.604553058965152,25.5
2025-08-01,3,arima_fourier_mean,24.226322965097015,25.5
2025-08-01,3,arima_no_fourier,19.94933587688626,25.5
2025-08-02,1,naive,22.8,24.9
2025-08-02,1,naive_carry,22.8,24.9
2025-08-02,1,seasonal_naive_7,24.4,24.9
2025-08-02,1,climatology,38.09557777777778,24.9
2025-08-02,1,arima_fourier,23.040482349492827,24.9
2025-08-02,1,arima_fourier_mean,24.891010172402414,24.9
2025-08-02,1,arima_no_fourier,22.30910456605774,24.9
2025-08-02,2,naive,22.8,25.5
2025-08-02,2,naive_carry,22.8,25.5
2025-08-02,2,seasonal_naive_7,32.1,25.5
2025-08-02,2,climatology,37.79224444444445,25.5
2025-08-02,2,arima_fourier,23.109126369742,25.5
2025-08-02,2,arima_fourier_mean,25.656670688007157,25.5
2025-08-02,2,arima_no_fourier,22.05662591871679,25.5
2025-08-02,3,naive,22.8,23.5
2025-08-02,3,naive_carry,22.8,23.5
2025-08-02,3,seasonal_naive_7,17.8,23.5
2025-08-02,3,climatology,36.36924444444445,23.5
2025-08-02,3,arima_fourier,23.07866781949694,23.5
2025-08-02,3,arima_fourier_mean,25.87932494268455,23.5
2025-08-02,3,arima_no_fourier,21.925738238686176,23.5
2025-08-03,1,naive,24.9,25.5
2025-08-03,1,naive_carry,24.9,25.5
2025-08-03,1,seasonal_naive_7,32.1,25.5
2025-08-03,1,climatology,37.79224444444445,25.5
2025-08-03,1,arima_fourier,24.200786159317563,25.5
2025-08-03,1,arima_fourier_mean,26.144505227988795,25.5
2025-08-03,1,arima_no_fourier,23.65125936523486,25.5
2025-08-03,2,naive,24.9,23.5
2025-08-03,2,naive_carry,24.9,23.5
2025-08-03,2,seasonal_naive_7,17.8,23.5
2025-08-03,2,climatology,36.36924444444445,23.5
2025-08-03,2,arima_fourier,23.730873943352414,23.5
2025-08-03,2,arima_fourier_mean,26.346959205517305,23.5
2025-08-03,2,arima_no_fourier,23.023400149099746,23.5
2025-08-03,3,naive,24.9,27.3
2025-08-03,3,naive_carry,24.9,27.3
2025-08-03,3,seasonal_naive_7,18.9,27.3
2025-08-03,3,climatology,36.37491111111111,27.3
2025-08-03,3,arima_fourier,23.39249659559546,27.3
2025-08-03,3,arima_fourier_mean,26.231237149115323,27.3
2025-08-03,3,arima_no_fourier,22.70174168403022,27.3
2025-08-04,1,naive,25.5,23.5
2025-08-04,1,naive_carry,25.5,23.5
2025-08-04,1,seasonal_naive_7,17.8,23.5
2025-08-04,1,climatology,36.36924444444445,23.5
2025-08-04,1,arima_fourier,24.4804693764467,23.5
2025-08-04,1,arima_fourier_mean,26.446651445185335,23.5
2025-08-04,1,arima_no_fourier,24.15100061228902,23.5
2025-08-04,2,naive,25.5,27.3
2025-08-04,2,naive_carry,25.5,27.3
2025-08-04,2,seasonal_naive_7,18.9,27.3
2025-08-04,2,climatology,36.37491111111111,27.3
2025-08-04,2,arima_fourier,23.83586945397651,27.3
2025-08-04,2,arima_fourier_mean,26.463529047954715,27.3
2025-08-04,2,arima_no_fourier,23.474234939073877,27.3
2025-08-04,3,naive,25.5,22.7
2025-08-04,3,naive_carry,25.5,22.7
2025-08-04,3,seasonal_naive_7,15.0,22.7
2025-08-04,3,climatology,30.364355555555555,22.7
2025-08-04,3,arima_fourier,23.401823418514834,22.7
2025-08-04,3,arima_fourier_mean,26.241695301653873,22.7
2025-08-04,3,arima_no_fourier,23.127922394601306,22.7
2025-08-05,1,naive,23.5,27.3
2025-08-05,1,naive_carry,23.5,27.3
2025-08-05,1,seasonal_naive_7,18.9,27.3
2025-08-05,1,climatology,36.37491111111111,27.3
2025-08-05,1,arima_fourier,23.26344324997932,27.3
2025-08-05,1,arima_fourier_mean,25.131878088582667,27.3
2025-08-05,1,arima_no_fourier,23.0702372218014,27.3
2025-08-05,2,naive,23.5,22.7
2025-08-05,2,naive_carry,23.5,22.7
2025-08-05,2,seasonal_naive_7,15.0,22.7
2025-08-05,2,climatology,30.364355555555555,22.7
2025-08-05,2,arima_fourier,23.06087465862701,22.7
2025-08-05,2,arima_fourier_mean,25.603098717312225,22.7
2025-08-05,2,arima_no_fourier,22.848642015788688,22.7
2025-08-05,3,naive,23.5,24.8
2025-08-05,3,naive_carry,23.5,24.8
2025-08-05,3,seasonal_naive_7,16.2,24.8
2025-08-05,3,climatology,30.433244444444444,24.8
2025-08-05,3,arima_fourier,22.880803854341966,24.8
2025-08-05,3,arima_fourier_mean,25.657448183491336,24.8
2025-08-05,3,arima_no_fourier,22.7336130769832,24.8
2025-08-06,1,naive,27.3,22.7
2025-08-06,1,naive_carry,27.3,22.7
2025-08-06,1,seasonal_naive_7,15.0,22.7
2025-08-06,1,climatology,30.364355555555555,22.7
2025-08-06,1,arima_fourier,25.362993920468128,22.7
2025-08-06,1,arima_fourier_mean,27.400056868933273,22.7
2025-08-06,1,arima_no_fourier,25.427767977223173,22.7
2025-08-06,2,naive,27.3,24.8
2025-08-06,2,naive_carry,27.3,24.8
2025-08-06,2,seasonal_naive_7,16.2,24.8
2025-08-06,2,climatology,30.433244444444444,24.8
2025-08-06,2,arima_fourier,24.233804783865033,24.8
2025-08-06,2,arima_fourier_mean,26.905331982603578,24.8
2025-08-06,2,arima_no_fourier,24.500428800194882,24.8
2025-08-06,3,naive,27.3,17.8
2025-08-06,3,naive_carry,27.3,17.8
2025-08-06,3,seasonal_naive_7,22.8,17.8
2025-08-06,3,climatology,30.21591111111111,17.8
2025-08-06,3,arima_fourier,23.53848691804213,17.8
2025-08-06,3,arima_fourier_mean,26.394942295404523,17.8
2025-08-06,3,arima_no_fourier,24.029045301620293,17.8
2025-08-07,1,naive,22.7,24.8
2025-08-07,1,naive_carry,22.7,24.8
2025-08-07,1,seasonal_naive_7,16.2,24.8
2025-08-07,1,climatology,30.433244444444444,24.8
2025-08-07,1,arima_fourier,22.68674803211864,24.8
2025-08-07,1,arima_fourier_mean,24.508864576708813,24.8
2025-08-07,1,arima_no_fourier,22.796287312062248,24.8
2025-08-07,2,naive,22.7,17.8
2025-08-07,2,naive_carry,22.7,17.8
2025-08-07,2,seasonal_naive_7,22.8,17.8
2025-08-07,2,climatology,30.21591111111111,17.8
2025-08-07,2,arima_fourier,22.619403070489113,17.8
2025-08-07,2,arima_fourier_mean,25.112958817478265,17.8
2025-08-07,2,arima_no_fourier,22.846800918139618,17.8
2025-08-07,3,naive,22.7,29.4
2025-08-07,3,naive_carry,22.7,29.4
2025-08-07,3,seasonal_naive_7,24.9,29.4
2025-08-07,3,climatology,29.119111111111113,29.4
2025-08-07,3,arima_fourier,22.523959931616428,29.4
2025-08-07,3,arima_fourier_mean,25.257299425299216,29.4
2025-08-07,3,arima_no_fourier,22.873260322266475,29.4
2025-08-08,1,naive,24.8,17.8
2025-08-08,1,naive_carry,24.8,17.8
2025-08-08,1,seasonal_naive_7,22.8,17.8
2025-08-08,1,climatology,30.21591111111111,17.8
2025-08-08,1,arima_fourier,23.849743102307407,17.8
2025-08-08,1,arima_fourier_mean,25.765267032309282,17.8
2025-08-08,1,arima_no_fourier,24.102928874988276,17.8
2025-08-08,2,naive,24.8,29.4
2025-08-08,2,naive_carry,24.8,29.4
2025-08-08,2,seasonal_naive_7,24.9,29.4
2025-08-08,2,climatology,29.119111111111113,29.4
2025-08-08,2,arima_fourier,23.25588260402169,29.4
2025-08-08,2,arima_fourier_mean,25.819603348013565,29.4
2025-08-08,2,arima_no_fourier,23.74624961576676,29.4
2025-08-08,3,naive,24.8,27.1
2025-08-08,3,naive_carry,24.8,27.1
2025-08-08,3,seasonal_naive_7,25.5,27.1
2025-08-08,3,climatology,28.145777777777777,27.1
2025-08-08,3,arima_fourier,22.8635528263465,27.1
2025-08-08,3,arima_fourier_mean,25.638102333525524,27.1
2025-08-08,3,arima_no_fourier,23.56183964562332,27.1
2025-08-09,1,naive,17.8,29.4
2025-08-09,1,naive_carry,17.8,29.4
2025-08-09,1,seasonal_naive_7,24.9,29.4
2025-08-09,1,climatology,29.119111111111113,29.4
2025-08-09,1,arima_fourier,19.54197061464445,29.4
2025-08-09,1,arima_fourier_mean,21.111509954841708,29.4
2025-08-09,1,arima_no_fourier,19.586491849050343,29.4
2025-08-09,2,naive,17.8,27.1
2025-08-09,2,naive_carry,17.8,27.1
2025-08-09,2,seasonal_naive_7,25.5,27.1
2025-08-09,2,climatology,28.145777777777777,27.1
2025-08-09,2,arima_fourier,20.583572421385448,27.1
2025-08-09,2,arima_fourier_mean,22.852698320922165,27.1
2025-08-09,2,arima_no_fourier,20.5909900808064,27.1
2025-08-09,3,naive,17.8,28.5
2025-08-09,3,naive_carry,17.8,28.5
2025-08-09,3,seasonal_naive_7,23.5,28.5
2025-08-09,3,climatology,27.35177777777778,28.5
2025-08-09,3,arima_fourier,21.16798383521898,28.5
2025-08-09,3,arima_fourier_mean,23.736771391307986,28.5
2025-08-09,3,arima_no_fourier,21.136616604243358,28.5
2025-08-10,1,naive,29.4,27.1
2025-08-10,1,naive_carry,29.4,27.1
2025-08-10,1,seasonal_naive_7,25.5,27.1
2025-08-10,1,climatology,28.145777777777777,27.1
2025-08-10,1,arima_fourier,26.242643439387262,27.1
2025-08-10,1,arima_fourier_mean,28.350356096324756,27.1
2025-08-10,1,arima_no_fourier,26.6526190157427,27.1
2025-08-10,2,naive,29.4,28.5
2025-08-10,2,naive_carry,29.4,28.5
2025-08-10,2,seasonal_naive_7,23.5,28.5
2025-08-10,2,climatology,27.35177777777778,28.5
2025-08-10,2,arima_fourier,24.51141804394986,28.5
2025-08-10,2,arima_fourier_mean,27.213547982905244,28.5
2025-08-10,2,arima_no_fourier,25.31974790137791,28.5
2025-08-10,3,naive,29.4,31.5
2025-08-10,3,naive_carry,29.4,31.5
2025-08-10,3,seasonal_naive_7,27.3,31.5
2025-08-10,3,climatology,27.96977777777778,31.5
2025-08-10,3,arima_fourier,23.51029915631644,31.5
2025-08-10,3,arima_fourier_mean,26.36333207824872,31.5
2025-08-10,3,arima_no_fourier,24.649512214677657,31.5
2025-08-11,1,naive,27.1,28.5
2025-08-11,1,naive_carry,27.1,28.5
2025-08-11,1,seasonal_naive_7,23.5,28.5
2025-08-11,1,climatology,27.35177777777778,28.5
2025-08-11,1,arima_fourier,24.984544178333753,28.5
2025-08-11,1,arima_fourier_mean,26.991210810393344,28.5
2025-08-11,1,arima_no_fourier,25.588939240872214,28.5
2025-08-11,2,naive,27.1,31.5
2025-08-11,2,naive_carry,27.1,31.5
2025-08-11,2,seasonal_naive_7,27.3,31.5
2025-08-11,2,climatology,27.96977777777778,31.5
2025-08-11,2,arima_fourier,23.78324922325539,31.5
2025-08-11,2,arima_fourier_mean,26.405105806633816,31.5
2025-08-11,2,arima_no_fourier,24.832620164791976,31.5
2025-08-11,3,naive,27.1,17.8
2025-08-11,3,naive_carry,27.1,17.8
2025-08-11,3,seasonal_naive_7,22.7,17.8
2025-08-11,3,climatology,27.223111111111113,17.8
2025-08-11,3,arima_fourier,23.069167346824088,17.8
2025-08-11,3,arima_fourier_mean,25.868667420680794,17.8
2025-08-11,3,arima_no_fourier,24.44606512809168,17.8
2025-08-12,1,naive,28.5,31.5
2025-08-12,1,naive_carry,28.5,31.5
2025-08-12,1,seasonal_naive_7,27.3,31.5
2025-08-12,1,climatology,27.96977777777778,31.5
2025-08-12,1,arima_fourier,25.720065750155882,31.5
2025-08-12,1,arima_fourier_mean,27.785806650675518,31.5
2025-08-12,1,arima_no_fourier,26.591957739753727,31.5
2025-08-12,2,naive,28.5,17.8
2025-08-12,2,naive_carry,28.5,17.8
2025-08-12,2,seasonal_naive_7,22.7,17.8
2025-08-12,2,climatology,27.223111111111113,17.8
2025-08-12,2,arima_fourier,24.185794489483445,17.8
2025-08-12,2,arima_fourier_mean,26.85202723092361,17.8
2025-08-12,2,arima_no_fourier,25.645614334131103,17.8
2025-08-12,3,naive,28.5,41.4
2025-08-12,3,naive_carry,28.5,41.4
2025-08-12,3,seasonal_naive_7,24.8,41.4
2025-08-12,3,climatology,27.22664444444445,41.4
2025-08-12,3,arima_fourier,23.29807344335264,41.4
2025-08-12,3,arima_fourier_mean,26.125351428237575,41.4
2025-08-12,3,arima_no_fourier,25.164234406214042,41.4
2025-08-13,1,naive,31.5,17.8
2025-08-13,1,naive_carry,31.5,17.8
2025-08-13,1,seasonal_naive_7,22.7,17.8
2025-08-13,1,climatology,27.223111111111113,17.8
2025-08-13,1,arima_fourier,27.284538027569198,17.8
2025-08-13,1,arima_fourier_mean,29.4759314552833,17.8
2025-08-13,1,arima_no_fourier,28.55923852220893,17.8
2025-08-13,2,naive,31.5,41.4
2025-08-13,2,naive_carry,31.5,41.4
2025-08-13,2,seasonal_naive_7,24.8,41.4
2025-08-13,2,climatology,27.22664444444445,41.4
2025-08-13,2,arima_fourier,25.05709442654985,41.4
2025-08-13,2,arima_fourier_mean,27.81937865466408,41.4
2025-08-13,2,arima_no_fourier,27.132440635014095,41.4
2025-08-13,3,naive,31.5,41.7
2025-08-13,3,naive_carry,31.5,41.7
2025-08-13,3,seasonal_naive_7,17.8,41.7
2025-08-13,3,climatology,27.79108888888889,41.7
2025-08-13,3,arima_fourier,23.81277989106991,41.7
2025-08-13,3,arima_fourier_mean,26.70251835404421,41.7
2025-08-13,3,arima_no_fourier,26.414945030425997,41.7
2025-08-14,1,naive,17.8,41.4
2025-08-14,1,naive_carry,17.8,41.4
2025-08-14,1,seasonal_naive_7,24.8,41.4
2025-08-14,1,climatology,27.22664444444445,41.4
2025-08-14,1,arima_fourier,19.436425110238236,41.4
2025-08-14,1,arima_fourier_mean,20.99748698028521,41.4
2025-08-14,1,arima_no_fourier,20.09291370057017,41.4
2025-08-14,2,naive,17.8,41.7
2025-08-14,2,naive_carry,17.8,41.7
2025-08-14,2,seasonal_naive_7,17.8,41.7
2025-08-14,2,climatology,27.79108888888889,41.7
2025-08-14,2,arima_fourier,20.42709171720367,41.7
2025-08-14,2,arima_fourier_mean,22.678966042303795,41.7
2025-08-14,2,arima_no_fourier,21.407245079832748,41.7
2025-08-14,3,naive,17.8,29.4
2025-08-14,3,naive_carry,17.8,29.4
2025-08-14,3,seasonal_naive_7,29.4,29.4
2025-08-14,3,climatology,28.588866666666668,29.4
2025-08-14,3,arima_fourier,21.001056718544678,29.4
2025-08-14,3,arima_fourier_mean,23.549585424087816,29.4
2025-08-14,3,arima_no_fourier,22.128428438824976,29.4
2025-08-15,1,naive,41.4,41.7
2025-08-15,1,naive_carry,41.4,41.7
2025-08-15,1,seasonal_naive_7,17.8,41.7
2025-08-15,1,climatology,27.79108888888889,41.7
2025-08-15,1,arima_fourier,32.02547329420598,41.7
2025-08-15,1,arima_fourier_mean,34.59764087808382,41.7
2025-08-15,1,arima_no_fourier,33.886046134108284,41.7
2025-08-15,2,naive,41.4,29.4
2025-08-15,2,naive_carry,41.4,29.4
2025-08-15,2,seasonal_naive_7,29.4,29.4
2025-08-15,2,climatology,28.588866666666668,29.4
2025-08-15,2,arima_fourier,27.5517479025291,29.4
2025-08-15,2,arima_fourier_mean,30.589041145060897,29.4
2025-08-15,2,arima_no_fourier,30.5166694534796,29.4
2025-08-15,3,naive,41.4,29.5
2025-08-15,3,naive_carry,41.4,29.5
2025-08-15,3,seasonal_naive_7,27.1,29.5
2025-08-15,3,climatology,28.7892,29.5
2025-08-15,3,arima_fourier,25.219969879026504,29.5
2025-08-15,3,arima_fourier_mean,28.28047343095816,29.5
2025-08-15,3,arima_no_fourier,28.890330884750917,29.5
2025-08-16,1,naive,41.7,29.4
2025-08-16,1,naive_carry,41.7,29.4
2025-08-16,1,seasonal_naive_7,29.4,29.4
2025-08-16,1,climatology,28.588866666666668,29.4
2025-08-16,1,arima_fourier,32.234841123669554,29.4
2025-08-16,1,arima_fourier_mean,34.82382422553086,29.4
2025-08-16,1,arima_no_fourier,34.81674321054483,29.4
2025-08-16,2,naive,41.7,29.5
2025-08-16,2,naive_carry,41.7,29.5
2025-08-16,2,seasonal_naive_7,27.1,29.5
2025-08-16,2,climatology,28.7892,29.5
2025-08-16,2,arima_fourier,27.727252441528048,29.5
2025-08-16,2,arima_fourier_mean,30.783892940088688,29.5
2025-08-16,2,arima_no_fourier,31.68239675630472,29.5
2025-08-16,3,naive,41.7,24.9
2025-08-16,3,naive_carry,41.7,24.9
2025-08-16,3,seasonal_naive_7,28.5,24.9
2025-08-16,3,climatology,31.350311111111115,24.9
2025-08-16,3,arima_fourier,25.38468840918269,24.9
2025-08-16,3,arima_fourier_mean,28.465180550974363,24.9
2025-08-16,3,arima_no_fourier,30.1573872008289,24.9
2025-08-17,1,naive,29.4,29.5
2025-08-17,1,naive_carry,29.4,29.5
2025-08-17,1,seasonal_naive_7,27.1,29.5
2025-08-17,1,climatology,28.7892,29.5
2025-08-17,1,arima_fourier,26.250157558148732,29.5
2025-08-17,1,arima_fourier_mean,28.358472927514708,29.5
2025-08-17,1,arima_no_fourier,28.45511763167491,29.5
2025-08-17,2,naive,29.4,24.9
2025-08-17,2,naive_carry,29.4,24.9
2025-08-17,2,seasonal_naive_7,28.5,24.9
2025-08-17,2,climatology,31.350311111111115,24.9
2025-08-17,2,arima_fourier,24.559383231716918,24.9
2025-08-17,2,arima_fourier_mean,27.266798926641425,24.9
2025-08-17,2,arima_no_fourier,27.973169100410974,24.9
2025-08-17,3,naive,29.4,20.0
2025-08-17,3,naive_carry,29.4,20.0
2025-08-17,3,seasonal_naive_7,31.5,20.0
2025-08-17,3,climatology,32.138311111111115,20.0
2025-08-17,3,arima_fourier,23.616942453208093,20.0
2025-08-17,3,arima_fourier_mean,26.48291407118822,20.0
2025-08-17,3,arima_no_fourier,27.724405103826697,20.0
2025-08-18,1,naive,29.5,24.9
2025-08-18,1,naive_carry,29.5,24.9
2025-08-18,1,seasonal_naive_7,28.5,24.9
2025-08-18,1,climatology,31.350311111111115,24.9
2025-08-18,1,arima_fourier,26.324656338358313,24.9
2025-08-18,1,arima_fourier_mean,28.43895507160511,24.9
2025-08-18,1,arima_no_fourier,28.621451366575894,24.9
2025-08-18,2,naive,29.5,20.0
2025-08-18,2,naive_carry,29.5,20.0
2025-08-18,2,seasonal_naive_7,31.5,20.0
2025-08-18,2,climatology,32.138311111111115,20.0
2025-08-18,2,arima_fourier,24.62772020033693,20.0
2025-08-18,2,arima_fourier_mean,27.34266908751419,20.0
2025-08-18,2,arima_no_fourier,28.172504150227,20.0
2025-08-18,3,naive,29.5,24.1
2025-08-18,3,naive_carry,29.5,24.1
2025-08-18,3,seasonal_naive_7,17.8,24.1
2025-08-18,3,climatology,32.644977777777775,24.1
2025-08-18,3,arima_fourier,23.688647601550876,24.1
2025-08-18,3,arima_fourier_mean,26.56332045709075,24.1
2025-08-18,3,arima_no_fourier,27.940549322470858,24.1
2025-08-19,1,naive,24.9,20.0
2025-08-19,1,naive_carry,24.9,20.0
2025-08-19,1,seasonal_naive_7,31.5,20.0
2025-08-19,1,climatology,32.138311111111115,20.0
2025-08-19,1,arima_fourier,23.826175200266245,20.0
2025-08-19,1,arima_fourier_mean,25.739805107887122,20.0
2025-08-19,1,arima_no_fourier,25.786602060878792,20.0
2025-08-19,2,naive,24.9,24.1
2025-08-19,2,naive_carry,24.9,24.1
2025-08-19,2,seasonal_naive_7,17.8,24.1
2025-08-19,2,climatology,32.644977777777775,24.1
2025-08-19,2,arima_fourier,23.220110934690933,24.1
2025-08-19,2,arima_fourier_mean,25.779885379207343,24.1
2025-08-19,2,arima_no_fourier,26.262728907615596,24.1
2025-08-19,3,naive,24.9,41.7
2025-08-19,3,naive_carry,24.9,41.7
2025-08-19,3,seasonal_naive_7,41.4,41.7
2025-08-19,3,climatology,33.0792,41.7
2025-08-19,3,arima_fourier,22.87857838902848,41.7
2025-08-19,3,arima_fourier_mean,25.654947118590204,41.7
2025-08-19,3,arima_no_fourier,26.515198119198914,41.7
2025-08-20,1,naive,20.0,24.1
2025-08-20,1,naive_carry,20.0,24.1
2025-08-20,1,seasonal_naive_7,17.8,24.1
2025-08-20,1,climatology,32.644977777777775,24.1
2025-08-20,1,arima_fourier,20.924392048515013,24.1
2025-08-20,1,arima_fourier_mean,22.604961433003034,24.1
2025-08-20,1,arima_no_fourier,22.34727024390631,24.1
2025-08-20,2,naive,20.0,41.7
2025-08-20,2,naive_carry,20.0,41.7
2025-08-20,2,seasonal_naive_7,41.4,41.7
2025-08-20,2,climatology,33.0792,41.7
2025-08-20,2,arima_fourier,21.484839844231747,41.7
2025-08-20,2,arima_fourier_mean,23.85331859187579,41.7
2025-08-20,2,arima_no_fourier,23.68244861176021,41.7
2025-08-20,3,naive,20.0,25.7
2025-08-20,3,naive_carry,20.0,25.7
2025-08-20,3,seasonal_naive_7,41.7,25.7
2025-08-20,3,climatology,34.56197777777778,25.7
2025-08-20,3,arima_fourier,21.827920719792306,25.7
2025-08-20,3,arima_fourier_mean,24.476789389444793,25.7
2025-08-20,3,arima_no_fourier,24.412116557100468,25.7
2025-08-21,1,naive,24.1,41.7
2025-08-21,1,naive_carry,24.1,41.7
2025-08-21,1,seasonal_naive_7,41.4,41.7
2025-08-21,1,climatology,33.0792,41.7
2025-08-21,1,arima_fourier,23.3681976949695,41.7
2025-08-21,1,arima_fourier_mean,25.24504438072494,41.7
2025-08-21,1,arima_no_fourier,24.846202923573824,41.7
2025-08-21,2,naive,24.1,25.7
2025-08-21,2,naive_carry,24.1,25.7
2025-08-21,2,seasonal_naive_7,41.7,25.7
2025-08-21,2,climatology,34.56197777777778,25.7
2025-08-21,2,arima_fourier,22.96389125389578,25.7
2025-08-21,2,arima_fourier_mean,25.49541972962295,25.7
2025-08-21,2,arima_no_fourier,25.24556657696971,25.7
2025-08-21,3,naive,24.1,21.8
2025-08-21,3,naive_carry,24.1,21.8
2025-08-21,3,seasonal_naive_7,29.4,21.8
2025-08-21,3,climatology,35.202644444444445,21.8
2025-08-21,3,arima_fourier,22.75025123080917,21.8
2025-08-21,3,arima_fourier_mean,25.51104653020739,21.8
2025-08-21,3,arima_no_fourier,25.456953525760643,21.8
2025-08-22,1,naive,41.7,25.7
2025-08-22,1,naive_carry,41.7,25.7
2025-08-22,1,seasonal_naive_7,41.7,25.7
2025-08-22,1,climatology,34.56197777777778,25.7
2025-08-22,1,arima_fourier,32.405460109581824,25.7
2025-08-22,1,arima_fourier_mean,35.00814597195184,25.7
2025-08-22,1,arima_no_fourier,35.079305496823935,25.7
2025-08-22,2,naive,41.7,21.8
2025-08-22,2,naive_carry,41.7,21.8
2025-08-22,2,seasonal_naive_7,29.4,21.8
2025-08-22,2,climatology,35.202644444444445,21.8
2025-08-22,2,arima_fourier,28.008662838020374,21.8
2025-08-22,2,arima_fourier_mean,31.096324288795792,21.8
2025-08-22,2,arima_no_fourier,32.04697884745435,21.8
2025-08-22,3,naive,41.7,19.0
2025-08-22,3,naive_carry,41.7,19.0
2025-08-22,3,seasonal_naive_7,29.5,19.0
2025-08-22,3,climatology,37.30531111111111,19.0
2025-08-22,3,arima_fourier,25.761391227023015,19.0
2025-08-22,3,arima_fourier_mean,28.88759494576346,19.0
2025-08-22,3,arima_no_fourier,30.5671540028323,19.0
2025-08-23,1,naive,25.7,21.8
2025-08-23,1,naive_carry,25.7,21.8
2025-08-23,1,seasonal_naive_7,29.4,21.8
2025-08-23,1,climatology,35.202644444444445,21.8
2025-08-23,1,arima_fourier,24.40143028983827,21.8
2025-08-23,1,arima_fourier_mean,26.36126220523401,21.8
2025-08-23,1,arima_no_fourier,26.299375658053048,21.8
2025-08-23,2,naive,25.7,19.0
2025-08-23,2,naive_carry,25.7,19.0
2025-08-23,2,seasonal_naive_7,29.5,19.0
2025-08-23,2,climatology,37.30531111111111,19.0
2025-08-23,2,arima_fourier,23.703793781389532,19.0
2025-08-23,2,arima_fourier_mean,26.316888341943223,19.0
2025-08-23,2,arima_no_fourier,26.61835010551961,19.0
2025-08-23,3,naive,25.7,11.7
2025-08-23,3,naive_carry,25.7,11.7
2025-08-23,3,seasonal_naive_7,24.9,11.7
2025-08-23,3,climatology,37.47253333333333,11.7
2025-08-23,3,arima_fourier,23.34211872241535,11.7
2025-08-23,3,arima_fourier_mean,26.174737889341475,11.7
2025-08-23,3,arima_no_fourier,26.786687478148856,11.7
2025-08-24,1,naive,21.8,19.0
2025-08-24,1,naive_carry,21.8,19.0
2025-08-24,1,seasonal_naive_7,29.5,19.0
2025-08-24,1,climatology,37.30531111111111,19.0
2025-08-24,1,arima_fourier,22.166760276804442,19.0
2025-08-24,1,arima_fourier_mean,23.947111754149986,19.0
2025-08-24,1,arima_no_fourier,23.627100917775866,19.0
2025-08-24,2,naive,21.8,11.7
2025-08-24,2,naive_carry,21.8,11.7
2025-08-24,2,seasonal_naive_7,24.9,11.7
2025-08-24,2,climatology,37.47253333333333,11.7
2025-08-24,2,arima_fourier,22.416168909116962,11.7
2025-08-24,2,arima_fourier_mean,24.88731614728108,11.7
2025-08-24,2,arima_no_fourier,24.642725669030913,11.7
2025-08-24,3,naive,21.8,26.2
2025-08-24,3,naive_carry,21.8,26.2
2025-08-24,3,seasonal_naive_7,20.0,26.2
2025-08-24,3,climatology,46.15253333333333,26.2
2025-08-24,3,arima_fourier,22.604255945830886,26.2
2025-08-24,3,arima_fourier_mean,25.34733350220267,26.2
2025-08-24,3,arima_no_fourier,25.19108850317506,26.2
2025-08-25,1,naive,19.0,11.7
2025-08-25,1,naive_carry,19.0,11.7
2025-08-25,1,seasonal_naive_7,24.9,11.7
2025-08-25,1,climatology,37.47253333333333,11.7
2025-08-25,1,arima_fourier,20.452540470994236,11.7
2025-08-25,1,arima_fourier_mean,22.095212143861847,11.7
2025-08-25,1,arima_no_fourier,21.45617785647527,11.7
2025-08-25,2,naive,19.0,26.2
2025-08-25,2,naive_carry,19.0,26.2
2025-08-25,2,seasonal_naive_7,20.0,26.2
2025-08-25,2,climatology,46.15253333333333,26.2
2025-08-25,2,arima_fourier,21.38710505487662,26.2
2025-08-25,2,arima_fourier_mean,23.744808632282833,26.2
2025-08-25,2,arima_no_fourier,22.86452457147867,26.2
2025-08-25,3,naive,19.0,44.9
2025-08-25,3,naive_carry,19.0,44.9
2025-08-25,3,seasonal_naive_7,24.1,44.9
2025-08-25,3,climatology,48.21253333333333,44.9
2025-08-25,3,arima_fourier,21.99883038427858,44.9
2025-08-25,3,arima_fourier_mean,24.66843790981189,44.9
2025-08-25,3,arima_no_fourier,23.63741881145109,44.9
2025-08-26,1,naive,11.7,26.2
2025-08-26,1,naive_carry,11.7,26.2
2025-08-26,1,seasonal_naive_7,20.0,26.2
2025-08-26,1,climatology,46.15253333333333,26.2
2025-08-26,1,arima_fourier,15.342690818469245,26.2
2025-08-26,1,arima_fourier_mean,16.574958401411322,26.2
2025-08-26,1,arima_no_fourier,15.554030647877717,26.2
2025-08-26,2,naive,11.7,44.9
2025-08-26,2,naive_carry,11.7,44.9
2025-08-26,2,seasonal_naive_7,24.1,44.9
2025-08-26,2,climatology,48.21253333333333,44.9
2025-08-26,2,arima_fourier,18.001421959770852,44.9
2025-08-26,2,arima_fourier_mean,19.98588941097763,44.9
2025-08-26,2,arima_no_fourier,18.051212906473587,44.9
2025-08-26,3,naive,11.7,33.9
2025-08-26,3,naive_carry,11.7,33.9
2025-08-26,3,seasonal_naive_7,41.7,33.9
2025-08-26,3,climatology,60.47253333333333,33.9
2025-08-26,3,arima_fourier,19.805740804860587,33.9
2025-08-26,3,arima_fourier_mean,22.20921174238135,33.9
2025-08-26,3,arima_no_fourier,19.51284280141973,33.9
2025-08-27,1,naive,26.2,44.9
2025-08-27,1,naive_carry,26.2,44.9
2025-08-27,1,seasonal_naive_7,24.1,44.9
2025-08-27,1,climatology,48.21253333333333,44.9
2025-08-27,1,arima_fourier,24.74652248816818,44.9
2025-08-27,1,arima_fourier_mean,26.734070608437374,44.9
2025-08-27,1,arima_no_fourier,25.14070848181923,44.9
2025-08-27,2,naive,26.2,33.9
2025-08-27,2,naive_carry,26.2,33.9
2025-08-27,2,seasonal_naive_7,41.7,33.9
2025-08-27,2,climatology,60.47253333333333,33.9
2025-08-27,2,arima_fourier,24.001328062067994,33.9
2025-08-27,2,arima_fourier_mean,26.64722187249644,33.9
2025-08-27,2,arima_no_fourier,24.603942990537487,33.9
2025-08-27,3,naive,26.2,22.7
2025-08-27,3,naive_carry,26.2,22.7
2025-08-27,3,seasonal_naive_7,25.7,22.7
2025-08-27,3,climatology,60.38353333333334,22.7
2025-08-27,3,arima_fourier,23.649280516826312,22.7
2025-08-27,3,arima_fourier_mean,26.5191733180649,22.7
2025-08-27,3,arima_no_fourier,24.327833584896844,22.7
2025-08-28,1,naive,44.9,33.9
2025-08-28,1,naive_carry,44.9,33.9
2025-08-28,1,seasonal_naive_7,41.7,33.9
2025-08-28,1,climatology,60.47253333333333,33.9
2025-08-28,1,arima_fourier,34.206010436494964,33.9
2025-08-28,1,arima_fourier_mean,36.95330914349546,33.9
2025-08-28,1,arima_no_fourier,35.56471712211741,33.9
2025-08-28,2,naive,44.9,22.7
2025-08-28,2,naive_carry,44.9,22.7
2025-08-28,2,seasonal_naive_7,25.7,22.7
2025-08-28,2,climatology,60.38353333333334,22.7
2025-08-28,2,arima_fourier,29.28983119300867,22.7
2025-08-28,2,arima_fourier_mean,32.5187265900986,22.7
2025-08-28,2,arima_no_fourier,31.483658562668428,22.7
2025-08-28,3,naive,44.9,20.1
2025-08-28,3,naive_carry,44.9,20.1
2025-08-28,3,seasonal_naive_7,21.8,20.1
2025-08-28,3,climatology,60.27131111111111,20.1
2025-08-28,3,arima_fourier,26.85447513810413,20.1
2025-08-28,3,arima_fourier_mean,30.113325132387555,20.1
2025-08-28,3,arima_no_fourier,29.53959741109366,20.1
2025-08-29,1,naive,33.9,22.7
2025-08-29,1,naive_carry,33.9,22.7
2025-08-29,1,seasonal_naive_7,25.7,22.7
2025-08-29,1,climatology,60.38353333333334,22.7
2025-08-29,1,arima_fourier,29.133719260475186,22.7
2025-08-29,1,arima_fourier_mean,31.473630444375974,22.7
2025-08-29,1,arima_no_fourier,30.539242941848713,22.7
2025-08-29,2,naive,33.9,20.1
2025-08-29,2,naive_carry,33.9,20.1
2025-08-29,2,seasonal_naive_7,21.8,20.1
2025-08-29,2,climatology,60.27131111111111,20.1
2025-08-29,2,arima_fourier,26.767966359262015,20.1
2025-08-29,2,arima_fourier_mean,29.71885252105479,20.1
2025-08-29,2,arima_no_fourier,28.9166566705485,20.1
2025-08-29,3,naive,33.9,9.13
2025-08-29,3,naive_carry,33.9,9.13
2025-08-29,3,seasonal_naive_7,19.0,9.13
2025-08-29,3,climatology,59.93353333333334,9.13
2025-08-29,3,arima_fourier,25.579198431309834,9.13
2025-08-29,3,arima_fourier_mean,28.683290492249203,9.13
2025-08-29,3,arima_no_fourier,28.10278869031672,9.13
2025-08-30,1,naive,22.7,20.1
2025-08-30,1,naive_carry,22.7,20.1
2025-08-30,1,seasonal_naive_7,21.8,20.1
2025-08-30,1,climatology,60.27131111111111,20.1
2025-08-30,1,arima_fourier,23.07640037609207,20.1
2025-08-30,1,arima_fourier_mean,24.92981033557949,20.1
2025-08-30,1,arima_no_fourier,23.949675394662748,20.1
2025-08-30,2,naive,22.7,9.13
2025-08-30,2,naive_carry,22.7,9.13
2025-08-30,2,seasonal_naive_7,19.0,9.13
2025-08-30,2,climatology,59.93353333333334,9.13
2025-08-30,2,arima_fourier,23.387089892887758,9.13
2025-08-30,2,arima_fourier_mean,25.965269889095875,9.13
2025-08-30,2,arima_no_fourier,24.63032147765505,9.13
2025-08-30,3,naive,22.7,9.29
2025-08-30,3,naive_carry,22.7,9.29
2025-08-30,3,seasonal_naive_7,11.7,9.29
2025-08-30,3,climatology,60.54742222222222,9.29
2025-08-30,3,arima_fourier,23.669543539588766,9.29
2025-08-30,3,arima_fourier_mean,26.541894519468798,9.29
2025-08-30,3,arima_no_fourier,24.993916679398904,9.29
2025-08-31,1,naive,20.1,9.13
2025-08-31,1,naive_carry,20.1,9.13
2025-08-31,1,seasonal_naive_7,19.0,9.13
2025-08-31,1,climatology,59.93353333333334,9.13
2025-08-31,1,arima_fourier,21.543240948543506,9.13
2025-08-31,1,arima_fourier_mean,23.273513232016384,9.13
2025-08-31,1,arima_no_fourier,22.035390976862388,9.13
2025-08-31,2,naive,20.1,9.29
2025-08-31,2,naive_carry,20.1,9.29
2025-08-31,2,seasonal_naive_7,11.7,9.29
2025-08-31,2,climatology,60.54742222222222,9.29
2025-08-31,2,arima_fourier,22.524578653565214,9.29
2025-08-31,2,arima_fourier_mean,25.00767572413946,9.29
2025-08-31,2,arima_no_fourier,23.120562930051424,9.29
2025-08-31,3,naive,20.1,15.1
2025-08-31,3,naive_carry,20.1,15.1
2025-08-31,3,seasonal_naive_7,26.2,15.1
2025-08-31,3,climatology,59.766311111111115,15.1
2025-08-31,3,arima_fourier,23.223355832523062,15.1
2025-08-31,3,arima_fourier_mean,26.041560713283616,15.1
2025-08-31,3,arima_no_fourier,23.70914293023829,15.1
2025-09-01,1,naive,9.13,9.29
2025-09-01,1,naive_carry,9.13,9.29
2025-09-01,1,seasonal_naive_7,11.7,9.29
2025-09-01,1,climatology,60.54742222222222,9.29
2025-09-01,1,arima_fourier,13.518542516179295,9.29
2025-09-01,1,arima_fourier_mean,14.604301093942315,9.29
2025-09-01,1,arima_no_fourier,13.20983077842914,9.29
2025-09-01,2,naive,9.13,15.1
2025-09-01,2,naive_carry,9.13,15.1
2025-09-01,2,seasonal_naive_7,26.2,15.1
2025-09-01,2,climatology,59.766311111111115,15.1
2025-09-01,2,arima_fourier,17.06298852905013,15.1
2025-09-01,2,arima_fourier_mean,18.94400281355312,15.1
2025-09-01,2,arima_no_fourier,16.024642190768105,15.1
2025-09-01,3,naive,9.13,19.0
2025-09-01,3,naive_carry,9.13,19.0
2025-09-01,3,seasonal_naive_7,44.9,19.0
2025-09-01,3,climatology,62.53164444444444,19.0
2025-09-01,3,arima_fourier,19.636136363718872,19.0
2025-09-01,3,arima_fourier_mean,22.01902413807967,19.0
2025-09-01,3,arima_no_fourier,17.727893134027806,19.0
2025-09-02,1,naive,9.29,15.1
2025-09-02,1,naive_carry,9.29,15.1
2025-09-02,1,seasonal_naive_7,26.2,15.1
2025-09-02,1,climatology,59.766311111111115,15.1
2025-09-02,1,arima_fourier,13.651193484821697,15.1
2025-09-02,1,arima_fourier_mean,14.747606054917782,15.1
2025-09-02,1,arima_no_fourier,12.813307659624808,15.1
2025-09-02,2,naive,9.29,19.0
2025-09-02,2,naive_carry,9.29,19.0
2025-09-02,2,seasonal_naive_7,44.9,19.0
2025-09-02,2,climatology,62.53164444444444,19.0
2025-09-02,2,arima_fourier,17.16172853999446,19.0
2025-09-02,2,arima_fourier_mean,19.05362775349961,19.0
2025-09-02,2,arima_no_fourier,15.159520352131576,19.0
2025-09-02,3,naive,9.29,22.0
2025-09-02,3,naive_carry,9.29,22.0
2025-09-02,3,seasonal_naive_7,33.9,22.0
2025-09-02,3,climatology,63.71264444444444,22.0
2025-09-02,3,arima_fourier,19.712487123011876,22.0
2025-09-02,3,arima_fourier_mean,22.104640032204724,22.0
2025-09-02,3,arima_no_fourier,16.55280794191693,22.0
2025-09-03,1,naive,15.1,19.0
2025-09-03,1,naive_carry,15.1,19.0
2025-09-03,1,seasonal_naive_7,44.9,19.0
2025-09-03,1,climatology,62.53164444444444,19.0
2025-09-03,1,arima_fourier,18.2226903034234,19.0
2025-09-03,1,arima_fourier_mean,19.68626827582477,19.0
2025-09-03,1,arima_no_fourier,16.826469170152954,19.0
2025-09-03,2,naive,15.1,22.0
2025-09-03,2,naive_carry,15.1,22.0
2025-09-03,2,seasonal_naive_7,33.9,22.0
2025-09-03,2,climatology,63.71264444444444,22.0
2025-09-03,2,arima_fourier,20.4394998845787,22.0
2025-09-03,2,arima_fourier_mean,22.692738618024187,22.0
2025-09-03,2,arima_no_fourier,17.806513011008978,22.0
2025-09-03,3,naive,15.1,25.5
2025-09-03,3,naive_carry,15.1,25.5
2025-09-03,3,seasonal_naive_7,22.7,25.5
2025-09-03,3,climatology,63.77397777777777,25.5
2025-09-03,3,arima_fourier,21.98072424438481,25.5
2025-09-03,3,arima_fourier_mean,24.648132417409222,25.5
2025-09-03,3,arima_no_fourier,18.341526069526452,25.5
2025-09-04,1,naive,19.0,22.0
2025-09-04,1,naive_carry,19.0,22.0
2025-09-04,1,seasonal_naive_7,33.9,22.0
2025-09-04,1,climatology,63.71264444444444,22.0
2025-09-04,1,arima_fourier,20.953603252195187,22.0
2025-09-04,1,arima_fourier_mean,22.636517833568703,22.0
2025-09-04,1,arima_no_fourier,19.235265865058103,22.0
2025-09-04,2,naive,19.0,25.5
2025-09-04,2,naive_carry,19.0,25.5
2025-09-04,2,seasonal_naive_7,22.7,25.5
2025-09-04,2,climatology,63.77397777777777,25.5
2025-09-04,2,arima_fourier,22.312880349201826,25.5
2025-09-04,2,arima_fourier_mean,24.772639328598917,25.5
2025-09-04,2,arima_no_fourier,19.359450084457734,25.5
2025-09-04,3,naive,19.0,24.1
2025-09-04,3,naive_carry,19.0,24.1
2025-09-04,3,seasonal_naive_7,20.1,24.1
2025-09-04,3,climatology,63.81564444444444,24.1
2025-09-04,3,arima_fourier,23.291687152085537,24.1
2025-09-04,3,arima_fourier_mean,26.118183275154415,24.1
2025-09-04,3,arima_no_fourier,19.424708090007776,24.1
2025-09-05,1,naive,22.0,25.5
2025-09-05,1,naive_carry,22.0,25.5
2025-09-05,1,seasonal_naive_7,22.7,25.5
2025-09-05,1,climatology,63.77397777777777,25.5
2025-09-05,1,arima_fourier,22.968983188822254,25.5
2025-09-05,1,arima_fourier_mean,24.81376544943927,25.5
2025-09-05,1,arima_no_fourier,21.083713918549407,25.5
2025-09-05,2,naive,22.0,24.1
2025-09-05,2,naive_carry,22.0,24.1
2025-09-05,2,seasonal_naive_7,20.1,24.1
2025-09-05,2,climatology,63.81564444444444,24.1
2025-09-05,2,arima_fourier,23.702816551167754,24.1
2025-09-05,2,arima_fourier_mean,26.315801144925356,24.1
2025-09-05,2,arima_no_fourier,20.61986279089727,24.1
2025-09-05,3,naive,22.0,18.6
2025-09-05,3,naive_carry,22.0,18.6
2025-09-05,3,seasonal_naive_7,9.13,18.6
2025-09-05,3,climatology,63.77564444444444,18.6
2025-09-05,3,arima_fourier,24.305612927812902,18.6
2025-09-05,3,arima_fourier_mean,27.255150892931812,18.6
2025-09-05,3,arima_no_fourier,20.38138105036875,18.6
2025-09-06,1,naive,25.5,24.1
2025-09-06,1,naive_carry,25.5,24.1
2025-09-06,1,seasonal_naive_7,20.1,24.1
2025-09-06,1,climatology,63.81564444444444,24.1
2025-09-06,1,arima_fourier,25.22308625886364,24.1
2025-09-06,1,arima_fourier_mean,27.248909533476823,24.1
2025-09-06,1,arima_no_fourier,23.267939509989322,24.1
2025-09-06,2,naive,25.5,18.6
2025-09-06,2,naive_carry,25.5,18.6
2025-09-06,2,seasonal_naive_7,9.13,18.6
2025-09-06,2,climatology,63.77564444444444,18.6
2025-09-06,2,arima_fourier,25.235217869645965,18.6
2025-09-06,2,arima_fourier_mean,28.017133334768328,18.6
2025-09-06,2,arima_no_fourier,22.179654309938723,18.6
2025-09-06,3,naive,25.5,19.6
2025-09-06,3,naive_carry,25.5,19.6
2025-09-06,3,seasonal_naive_7,9.29,19.6
2025-09-06,3,climatology,62.641222222222225,19.6
2025-09-06,3,arima_fourier,25.426409787428483,19.6
2025-09-06,3,arima_fourier_mean,28.51195861515787,19.6
2025-09-06,3,arima_no_fourier,21.630983940639396,19.6
2025-09-07,1,naive,24.1,18.6
2025-09-07,1,naive_carry,24.1,18.6
2025-09-07,1,seasonal_naive_7,9.13,18.6
2025-09-07,1,climatology,63.77564444444444,18.6
2025-09-07,1,arima_fourier,24.560842590979615,18.6
2025-09-07,1,arima_fourier_mean,26.533476893086593,18.6
2025-09-07,1,arima_no_fourier,22.680312484074086,18.6
2025-09-07,2,naive,24.1,19.6
2025-09-07,2,naive_carry,24.1,19.6
2025-09-07,2,seasonal_naive_7,9.29,19.6
2025-09-07,2,climatology,62.641222222222225,19.6
2025-09-07,2,arima_fourier,25.013964553214485,19.6
2025-09-07,2,arima_fourier_mean,27.771489037961405,19.6
2025-09-07,2,arima_no_fourier,21.971541678712132,19.6
2025-09-07,3,naive,24.1,19.4
2025-09-07,3,naive_carry,24.1,19.4
2025-09-07,3,seasonal_naive_7,15.1,19.4
2025-09-07,3,climatology,63.531777777777776,19.4
2025-09-07,3,arima_fourier,25.4768178550484,19.4
2025-09-07,3,arima_fourier_mean,28.568483587773407,19.4
2025-09-07,3,arima_no_fourier,21.609771376658177,19.4
2025-09-08,1,naive,18.6,19.6
2025-09-08,1,naive_carry,18.6,19.6
2025-09-08,1,seasonal_naive_7,9.29,19.6
2025-09-08,1,climatology,62.641222222222225,19.6
2025-09-08,1,arima_fourier,21.202382027663067,19.6
2025-09-08,1,arima_fourier_mean,22.90527738920571,19.6
2025-09-08,1,arima_no_fourier,19.370349623971975,19.6
2025-09-08,2,naive,18.6,19.4
2025-09-08,2,naive_carry,18.6,19.4
2025-09-08,2,seasonal_naive_7,15.1,19.4
2025-09-08,2,climatology,63.531777777777776,19.4
2025-09-08,2,arima_fourier,23.05666493132619,19.4
2025-09-08,2,arima_fourier_mean,25.598417746038887,19.4
2025-09-08,2,arima_no_fourier,19.78580693879908,19.4
2025-09-08,3,naive,18.6,21.6
2025-09-08,3,naive_carry,18.6,21.6
2025-09-08,3,seasonal_naive_7,19.0,21.6
2025-09-08,3,climatology,55.44111111111111,21.6
2025-09-08,3,arima_fourier,24.406311661992426,21.6
2025-09-08,3,arima_fourier_mean,27.368068997781382,21.6
2025-09-08,3,arima_no_fourier,20.006596298036655,21.6
2025-09-09,1,naive,19.6,19.4
2025-09-09,1,naive_carry,19.6,19.4
2025-09-09,1,seasonal_naive_7,15.1,19.4
2025-09-09,1,climatology,63.531777777777776,19.4
2025-09-09,1,arima_fourier,22.003934629981476,19.4
2025-09-09,1,arima_fourier_mean,23.771207626232556,19.4
2025-09-09,1,arima_no_fourier,19.934514800492654,19.4
2025-09-09,2,naive,19.6,21.6
2025-09-09,2,naive_carry,19.6,21.6
2025-09-09,2,seasonal_naive_7,19.0,21.6
2025-09-09,2,climatology,55.44111111111111,21.6
2025-09-09,2,arima_fourier,23.72729076227183,21.6
2025-09-09,2,arima_fourier_mean,26.342972832343925,21.6
2025-09-09,2,arima_no_fourier,20.111708303079183,21.6
2025-09-09,3,naive,19.6,21.8
2025-09-09,3,naive_carry,19.6,21.8
2025-09-09,3,seasonal_naive_7,22.0,21.8
2025-09-09,3,climatology,53.121111111111105,21.8
2025-09-09,3,arima_fourier,25.00409395690497,21.8
2025-09-09,3,arima_fourier_mean,28.03839322785075,21.8
2025-09-09,3,arima_no_fourier,20.20499357079659,21.8
2025-09-10,1,naive,19.4,21.6
2025-09-10,1,naive_carry,19.4,21.6
2025-09-10,1,seasonal_naive_7,19.0,21.6
2025-09-10,1,climatology,55.44111111111111,21.6
2025-09-10,1,arima_fourier,22.015020276133313,21.6
2025-09-10,1,arima_fourier_mean,23.78318358355349,21.6
2025-09-10,1,arima_no_fourier,19.767411681117252,21.6
2025-09-10,2,naive,19.4,21.8
2025-09-10,2,naive_carry,19.4,21.8
2025-09-10,2,seasonal_naive_7,22.0,21.8
2025-09-10,2,climatology,53.121111111111105,21.8
2025-09-10,2,arima_fourier,23.898540221768453,21.8
2025-09-10,2,arima_fourier_mean,26.53310059925549,21.8
2025-09-10,2,arima_no_fourier,19.96230303127588,21.8
2025-09-10,3,naive,19.4,21.6
2025-09-10,3,naive_carry,19.4,21.6
2025-09-10,3,seasonal_naive_7,25.5,21.6
2025-09-10,3,climatology,42.986111111111114,21.6
2025-09-10,3,arima_fourier,25.29347234995812,21.6
2025-09-10,3,arima_fourier_mean,28.36288809360677,21.6
2025-09-10,3,arima_no_fourier,20.064980591984824,21.6
2025-09-11,1,naive,21.6,21.8
2025-09-11,1,naive_carry,21.6,21.8
2025-09-11,1,seasonal_naive_7,22.0,21.8
2025-09-11,1,climatology,53.121111111111105,21.8
2025-09-11,1,arima_fourier,23.629580318815464,21.8
2025-09-11,1,arima_fourier_mean,25.527418944668515,21.8
2025-09-11,1,arima_no_fourier,21.118961741297266,21.8
2025-09-11,2,naive,21.6,21.6
2025-09-11,2,naive_carry,21.6,21.6
2025-09-11,2,seasonal_naive_7,25.5,21.6
2025-09-11,2,climatology,42.986111111111114,21.6
2025-09-11,2,arima_fourier,25.121221522633235,21.6
2025-09-11,2,arima_fourier_mean,27.890569403213313,21.6
2025-09-11,2,arima_no_fourier,20.871695563584524,21.6
2025-09-11,3,naive,21.6,29.0
2025-09-11,3,naive_carry,21.6,29.0
2025-09-11,3,seasonal_naive_7,24.1,29.0
2025-09-11,3,climatology,44.73544444444444,29.0
2025-09-11,3,arima_fourier,26.2777891833474,29.0
2025-09-11,3,arima_fourier_mean,29.466653627507498,29.0
2025-09-11,3,arima_no_fourier,20.74354872000693,29.0
2025-09-12,1,naive,21.8,21.6
2025-09-12,1,naive_carry,21.8,21.6
2025-09-12,1,seasonal_naive_7,25.5,21.6
2025-09-12,1,climatology,42.986111111111114,21.6
2025-09-12,1,arima_fourier,23.945652427593497,21.6
2025-09-12,1,arima_fourier_mean,25.868876723673996,21.6
2025-09-12,1,arima_no_fourier,21.296821583329056,21.6
2025-09-12,2,naive,21.8,29.0
2025-09-12,2,naive_carry,21.8,29.0
2025-09-12,2,seasonal_naive_7,24.1,29.0
2025-09-12,2,climatology,44.73544444444444,29.0
2025-09-12,2,arima_fourier,25.528313039538794,29.0
2025-09-12,2,arima_fourier_mean,28.342538306248546,29.0
2025-09-12,2,arima_no_fourier,21.038338525422056,29.0
2025-09-12,3,naive,21.8,26.0
2025-09-12,3,naive_carry,21.8,26.0
2025-09-12,3,seasonal_naive_7,18.6,26.0
2025-09-12,3,climatology,44.75411111111111,26.0
2025-09-12,3,arima_fourier,26.75800765207557,26.0
2025-09-12,3,arima_fourier_mean,30.005147404442283,26.0
2025-09-12,3,arima_no_fourier,20.904422795847825,26.0
2025-09-13,1,naive,21.6,29.0
2025-09-13,1,naive_carry,21.6,29.0
2025-09-13,1,seasonal_naive_7,24.1,29.0
2025-09-13,1,climatology,44.73544444444444,29.0
2025-09-13,1,arima_fourier,24.010202889074204,29.0
2025-09-13,1,arima_fourier_mean,25.93861158784622,29.0
2025-09-13,1,arima_no_fourier,21.228122122928212,29.0
2025-09-13,2,naive,21.6,26.0
2025-09-13,2,naive_carry,21.6,26.0
2025-09-13,2,seasonal_naive_7,18.6,26.0
2025-09-13,2,climatology,44.75411111111111,26.0
2025-09-13,2,arima_fourier,25.785638436090174,26.0
2025-09-13,2,arima_fourier_mean,28.62823096555608,26.0
2025-09-13,2,arima_no_fourier,21.0362141274578,26.0
2025-09-13,3,naive,21.6,31.3
2025-09-13,3,naive_carry,21.6,31.3
2025-09-13,3,seasonal_naive_7,19.6,31.3
2025-09-13,3,climatology,43.81555555555555,31.3
2025-09-13,3,arima_fourier,27.154278565342754,31.3
2025-09-13,3,arima_fourier_mean,30.44950641465977,31.3
2025-09-13,3,arima_no_fourier,20.93655236676975,31.3
2025-09-14,1,naive,29.0,26.0
2025-09-14,1,naive_carry,29.0,26.0
2025-09-14,1,seasonal_naive_7,18.6,26.0
2025-09-14,1,climatology,44.75411111111111,26.0
2025-09-14,1,arima_fourier,28.849896777626334,26.0
2025-09-14,1,arima_fourier_mean,31.167011333407665,26.0
2025-09-14,1,arima_no_fourier,25.647402405776702,26.0
2025-09-14,2,naive,29.0,31.3
2025-09-14,2,naive_carry,29.0,31.3
2025-09-14,2,seasonal_naive_7,19.6,31.3
2025-09-14,2,climatology,43.81555555555555,31.3
2025-09-14,2,arima_fourier,29.05905251782377,31.3
2025-09-14,2,arima_fourier_mean,32.26250401205057,31.3
2025-09-14,2,arima_no_fourier,24.051540693301092,31.3
2025-09-14,3,naive,29.0,42.0
2025-09-14,3,naive_carry,29.0,42.0
2025-09-14,3,seasonal_naive_7,19.4,42.0
2025-09-14,3,climatology,42.88166666666667,42.0
2025-09-14,3,arima_fourier,29.493395190720683,42.0
2025-09-14,3,arima_fourier_mean,33.07247946681377,42.0
2025-09-14,3,arima_no_fourier,23.25696441950006,42.0
2025-09-15,1,naive,26.0,31.3
2025-09-15,1,naive_carry,26.0,31.3
2025-09-15,1,seasonal_naive_7,19.6,31.3
2025-09-15,1,climatology,43.81555555555555,31.3
2025-09-15,1,arima_fourier,27.316086575510678,31.3
2025-09-15,1,arima_fourier_mean,29.510011248988917,31.3
2025-09-15,1,arima_no_fourier,24.261087410819666,31.3
2025-09-15,2,naive,26.0,42.0
2025-09-15,2,naive_carry,26.0,42.0
2025-09-15,2,seasonal_naive_7,19.4,42.0
2025-09-15,2,climatology,42.88166666666667,42.0
2025-09-15,2,arima_fourier,28.412273579167074,42.0
2025-09-15,2,arima_fourier_mean,31.544424440222564,42.0
2025-09-15,2,arima_no_fourier,23.398580443516735,42.0
2025-09-15,3,naive,26.0,43.6
2025-09-15,3,naive_carry,26.0,43.6
2025-09-15,3,seasonal_naive_7,21.6,43.6
2025-09-15,3,climatology,41.751666666666665,43.6
2025-09-15,3,arima_fourier,29.391867837810207,43.6
2025-09-15,3,arima_fourier_mean,32.95863135457581,43.6
2025-09-15,3,arima_no_fourier,22.959833207565648,43.6
2025-09-16,1,naive,31.3,42.0
2025-09-16,1,naive_carry,31.3,42.0
2025-09-16,1,seasonal_naive_7,19.4,42.0
2025-09-16,1,climatology,42.88166666666667,42.0
2025-09-16,1,arima_fourier,30.808312134739257,42.0
2025-09-16,1,arima_fourier_mean,33.282719090990476,42.0
2025-09-16,1,arima_no_fourier,27.509100083309978,42.0
2025-09-16,2,naive,31.3,43.6
2025-09-16,2,naive_carry,31.3,43.6
2025-09-16,2,seasonal_naive_7,21.6,43.6
2025-09-16,2,climatology,41.751666666666665,43.6
2025-09-16,2,arima_fourier,30.864307636431295,43.6
2025-09-16,2,arima_fourier_mean,34.26676902169095,43.6
2025-09-16,2,arima_no_fourier,25.713253025695927,43.6
2025-09-16,3,naive,31.3,42.8
2025-09-16,3,naive_carry,31.3,42.8
2025-09-16,3,seasonal_naive_7,21.8,42.8
2025-09-16,3,climatology,39.64522222222222,42.8
2025-09-16,3,arima_fourier,31.25098155494504,42.8
2025-09-16,3,arima_fourier_mean,35.043352125778995,42.8
2025-09-16,3,arima_no_fourier,24.82133774361572,42.8
2025-09-17,1,naive,42.0,43.6
2025-09-17,1,naive_carry,42.0,43.6
2025-09-17,1,seasonal_naive_7,21.6,43.6
2025-09-17,1,climatology,41.751666666666665,43.6
2025-09-17,1,arima_fourier,37.1100520801943,43.6
2025-09-17,1,arima_fourier_mean,40.090590859069664,43.6
2025-09-17,1,arima_no_fourier,33.64415984094371,43.6
2025-09-17,2,naive,42.0,42.8
2025-09-17,2,naive_carry,42.0,42.8
2025-09-17,2,seasonal_naive_7,21.8,42.8
2025-09-17,2,climatology,39.64522222222222,42.8
2025-09-17,2,arima_fourier,34.92895489241656,42.8
2025-09-17,2,arima_fourier_mean,38.77950021612386,42.8
2025-09-17,2,arima_no_fourier,29.95927213204692,42.8
2025-09-17,3,naive,42.0,34.7
2025-09-17,3,naive_carry,42.0,34.7
2025-09-17,3,seasonal_naive_7,21.6,34.7
2025-09-17,3,climatology,39.65022222222222,34.7
2025-09-17,3,arima_fourier,34.11900786640208,34.7
2025-09-17,3,arima_fourier_mean,38.259419073407436,34.7
2025-09-17,3,arima_no_fourier,28.195973584405326,34.7
2025-09-18,1,naive,43.6,42.8
2025-09-18,1,naive_carry,43.6,42.8
2025-09-18,1,seasonal_naive_7,21.8,42.8
2025-09-18,1,climatology,39.64522222222222,42.8
2025-09-18,1,arima_fourier,38.442471328531674,42.8
2025-09-18,1,arima_fourier_mean,41.53002490813082,42.8
2025-09-18,1,arima_no_fourier,35.32257562516637,42.8
2025-09-18,2,naive,43.6,34.7
2025-09-18,2,naive_carry,43.6,34.7
2025-09-18,2,seasonal_naive_7,21.6,34.7
2025-09-18,2,climatology,39.65022222222222,34.7
2025-09-18,2,arima_fourier,36.15166639450016,34.7
2025-09-18,2,arima_fourier_mean,40.13700248380433,34.7
2025-09-18,2,arima_no_fourier,31.640193636458857,34.7
2025-09-18,3,naive,43.6,32.7
2025-09-18,3,naive_carry,43.6,32.7
2025-09-18,3,seasonal_naive_7,29.0,32.7
2025-09-18,3,climatology,40.61466666666667,32.7
2025-09-18,3,arima_fourier,35.307765467910805,32.7
2025-09-18,3,arima_fourier_mean,39.592434606705915,32.7
2025-09-18,3,arima_no_fourier,29.87007943819086,32.7
2025-09-19,1,naive,42.8,34.7
2025-09-19,1,naive_carry,42.8,34.7
2025-09-19,1,seasonal_naive_7,21.6,34.7
2025-09-19,1,climatology,39.65022222222222,34.7
2025-09-19,1,arima_fourier,38.5354528370201,34.7
2025-09-19,1,arima_fourier_mean,41.63047427552138,34.7
2025-09-19,1,arima_no_fourier,35.74526165544115,34.7
2025-09-19,2,naive,42.8,32.7
2025-09-19,2,naive_carry,42.8,32.7
2025-09-19,2,seasonal_naive_7,29.0,32.7
2025-09-19,2,climatology,40.61466666666667,32.7
2025-09-19,2,arima_fourier,36.69558247068264,32.7
2025-09-19,2,arima_fourier_mean,40.740879357754515,32.7
2025-09-19,2,arima_no_fourier,32.532129060248444,32.7
2025-09-19,3,naive,42.8,32.0
2025-09-19,3,naive_carry,42.8,32.0
2025-09-19,3,seasonal_naive_7,26.0,32.0
2025-09-19,3,climatology,42.01133333333334,32.0
2025-09-19,3,arima_fourier,36.11271080428168,32.0
2025-09-19,3,arima_fourier_mean,40.49506146928073,32.0
2025-09-19,3,arima_no_fourier,30.96860918672186,32.0
2025-09-20,1,naive,34.7,32.7
2025-09-20,1,naive_carry,34.7,32.7
2025-09-20,1,seasonal_naive_7,29.0,32.7
2025-09-20,1,climatology,40.61466666666667,32.7
2025-09-20,1,arima_fourier,34.477572863593764,32.7
2025-09-20,1,arima_fourier_mean,37.246680715606274,32.7
2025-09-20,1,arima_no_fourier,31.924490839598583,32.7
2025-09-20,2,naive,34.7,32.0
2025-09-20,2,naive_carry,34.7,32.0
2025-09-20,2,seasonal_naive_7,26.0,32.0
2025-09-20,2,climatology,42.01133333333334,32.0
2025-09-20,2,arima_fourier,34.778594611797416,32.0
2025-09-20,2,arima_fourier_mean,38.612563874381266,32.0
2025-09-20,2,arima_no_fourier,30.56266384383032,32.0
2025-09-20,3,naive,34.7,28.0
2025-09-20,3,naive_carry,34.7,28.0
2025-09-20,3,seasonal_naive_7,31.3,28.0
2025-09-20,3,climatology,43.37688888888889,28.0
2025-09-20,3,arima_fourier,35.40322467828554,28.0
2025-09-20,3,arima_fourier_mean,39.69947754670933,28.0
2025-09-20,3,arima_no_fourier,29.873821038669114,28.0
2025-09-21,1,naive,32.7,32.0
2025-09-21,1,naive_carry,32.7,32.0
2025-09-21,1,seasonal_naive_7,26.0,32.0
2025-09-21,1,climatology,42.01133333333334,32.0
2025-09-21,1,arima_fourier,33.700830369498696,32.0
2025-09-21,1,arima_fourier_mean,36.40755315861404,32.0
2025-09-21,1,arima_no_fourier,31.032268645433753,32.0
2025-09-21,2,naive,32.7,28.0
2025-09-21,2,naive_carry,32.7,28.0
2025-09-21,2,seasonal_naive_7,31.3,28.0
2025-09-21,2,climatology,43.37688888888889,28.0
2025-09-21,2,arima_fourier,34.73670060805751,28.0
2025-09-21,2,arima_fourier_mean,38.56605136413971,28.0
2025-09-21,2,arima_no_fourier,30.194317734752993,28.0
2025-09-21,3,naive,32.7,27.4
2025-09-21,3,naive_carry,32.7,27.4
2025-09-21,3,seasonal_naive_7,42.0,27.4
2025-09-21,3,climatology,44.78322222222222,27.4
2025-09-21,3,arima_fourier,35.81771910794551,27.4
2025-09-21,3,arima_fourier_mean,40.164271499512935,27.4
2025-09-21,3,arima_no_fourier,29.765180696371566,27.4
2025-09-22,1,naive,32.0,28.0
2025-09-22,1,naive_carry,32.0,28.0
2025-09-22,1,seasonal_naive_7,31.3,28.0
2025-09-22,1,climatology,43.37688888888889,28.0
2025-09-22,1,arima_fourier,33.68321067522255,28.0
2025-09-22,1,arima_fourier_mean,36.388518266218846,28.0
2025-09-22,1,arima_no_fourier,30.78917093930868,28.0
2025-09-22,2,naive,32.0,27.4
2025-09-22,2,naive_carry,32.0,27.4
2025-09-22,2,seasonal_naive_7,42.0,27.4
2025-09-22,2,climatology,44.78322222222222,27.4
2025-09-22,2,arima_fourier,35.157872816115194,27.4
2025-09-22,2,arima_fourier_mean,39.033653178894625,27.4
2025-09-22,2,arima_no_fourier,30.174352280773785,27.4
2025-09-22,3,naive,32.0,28.1
2025-09-22,3,naive_carry,32.0,28.1
2025-09-22,3,seasonal_naive_7,43.6,28.1
2025-09-22,3,climatology,46.12877777777778,28.1
2025-09-22,3,arima_fourier,36.52822794611936,28.1
2025-09-22,3,arima_fourier_mean,40.96100180486122,28.1
2025-09-22,3,arima_no_fourier,29.857752199072205,28.1
2025-09-23,1,naive,28.0,27.4
2025-09-23,1,naive_carry,28.0,27.4
2025-09-23,1,seasonal_naive_7,42.0,27.4
2025-09-23,1,climatology,44.78322222222222,27.4
2025-09-23,1,arima_fourier,31.498871636903274,27.4
2025-09-23,1,arima_fourier_mean,34.02874136340453,27.4
2025-09-23,1,arima_no_fourier,28.407814140973375,27.4
2025-09-23,2,naive,28.0,28.1
2025-09-23,2,naive_carry,28.0,28.1
2025-09-23,2,seasonal_naive_7,43.6,28.1
2025-09-23,2,climatology,46.12877777777778,28.1
2025-09-23,2,arima_fourier,34.18319178918778,28.1
2025-09-23,2,arima_fourier_mean,37.95152383817968,28.1
2025-09-23,2,arima_no_fourier,28.623430213367055,28.1
2025-09-23,3,naive,28.0,30.1
2025-09-23,3,naive_carry,28.0,30.1
2025-09-23,3,seasonal_naive_7,42.8,30.1
2025-09-23,3,climatology,47.26233333333333,30.1
2025-09-23,3,arima_fourier,36.338130124715946,30.1
2025-09-23,3,arima_fourier_mean,40.74783502542437,30.1
2025-09-23,3,arima_no_fourier,28.73683220752324,30.1
2025-09-24,1,naive,27.4,28.1
2025-09-24,1,naive_carry,27.4,28.1
2025-09-24,1,seasonal_naive_7,43.6,28.1
2025-09-24,1,climatology,46.12877777777778,28.1
2025-09-24,1,arima_fourier,31.463503557825863,28.1
2025-09-24,1,arima_fourier_mean,33.99053260926988,28.1
2025-09-24,1,arima_no_fourier,27.974054505035053,28.1
2025-09-24,2,naive,27.4,30.1
2025-09-24,2,naive_carry,27.4,30.1
2025-09-24,2,seasonal_naive_7,42.8,30.1
2025-09-24,2,climatology,47.26233333333333,30.1
2025-09-24,2,arima_fourier,34.56399171902887,30.1
2025-09-24,2,arima_fourier_mean,38.37430276805552,30.1
2025-09-24,2,arima_no_fourier,28.27901537176625,30.1
2025-09-24,3,naive,27.4,58.3
2025-09-24,3,naive_carry,27.4,58.3
2025-09-24,3,seasonal_naive_7,34.7,58.3
2025-09-24,3,climatology,48.44322222222222,58.3
2025-09-24,3,arima_fourier,37.01345944598607,58.3
2025-09-24,3,arima_fourier_mean,41.50511670925111,58.3
2025-09-24,3,arima_no_fourier,28.439808679728305,58.3
2025-09-25,1,naive,28.1,30.1
2025-09-25,1,naive_carry,28.1,30.1
2025-09-25,1,seasonal_naive_7,42.8,30.1
2025-09-25,1,climatology,47.26233333333333,30.1
2025-09-25,1,arima_fourier,32.316466491560575,30.1
2025-09-25,1,arima_fourier_mean,34.91200223948816,30.1
2025-09-25,1,arima_no_fourier,28.359835747144945,30.1
2025-09-25,2,naive,28.1,58.3
2025-09-25,2,naive_carry,28.1,58.3
2025-09-25,2,seasonal_naive_7,34.7,58.3
2025-09-25,2,climatology,48.44322222222222,58.3
2025-09-25,2,arima_fourier,35.54101982368139,58.3
2025-09-25,2,arima_fourier_mean,39.45903766156841,58.3
2025-09-25,2,arima_no_fourier,28.496665778140976,58.3
2025-09-25,3,naive,28.1,29.1
2025-09-25,3,naive_carry,28.1,29.1
2025-09-25,3,seasonal_naive_7,32.7,29.1
2025-09-25,3,climatology,48.54688888888889,29.1
2025-09-25,3,arima_fourier,38.093085247455846,29.1
2025-09-25,3,arima_fourier_mean,42.715757054886396,29.1
2025-09-25,3,arima_no_fourier,28.568480355735502,29.1
2025-09-26,1,naive,30.1,58.3
2025-09-26,1,naive_carry,30.1,58.3
2025-09-26,1,seasonal_naive_7,34.7,58.3
2025-09-26,1,climatology,48.44322222222222,58.3
2025-09-26,1,arima_fourier,34.070548957486416,58.3
2025-09-26,1,arima_fourier_mean,36.806965895014706,58.3
2025-09-26,1,arima_no_fourier,29.5954481113344,58.3
2025-09-26,2,naive,30.1,29.1
2025-09-26,2,naive_carry,30.1,29.1
2025-09-26,2,seasonal_naive_7,32.7,29.1
2025-09-26,2,climatology,48.54688888888889,29.1
2025-09-26,2,arima_fourier,37.13357019159539,29.1
2025-09-26,2,arima_fourier_mean,41.22714956802967,29.1
2025-09-26,2,arima_no_fourier,29.334981824715975,29.1
2025-09-26,3,naive,30.1,34.6
2025-09-26,3,naive_carry,30.1,34.6
2025-09-26,3,seasonal_naive_7,32.0,34.6
2025-09-26,3,climatology,48.67222222222222,34.6
2025-09-26,3,arima_fourier,39.59968508361142,34.6
2025-09-26,3,arima_fourier_mean,44.405185576946714,34.6
2025-09-26,3,arima_no_fourier,29.19969143819583,34.6
2025-09-27,1,naive,58.3,29.1
2025-09-27,1,naive_carry,58.3,29.1
2025-09-27,1,seasonal_naive_7,32.7,29.1
2025-09-27,1,climatology,48.54688888888889,29.1
2025-09-27,1,arima_fourier,51.109657934696,29.1
2025-09-27,1,arima_fourier_mean,55.214591245439934,29.1
2025-09-27,1,arima_no_fourier,45.128265997715815,29.1
2025-09-27,2,naive,58.3,34.6
2025-09-27,2,naive_carry,58.3,34.6
2025-09-27,2,seasonal_naive_7,32.0,34.6
2025-09-27,2,climatology,48.67222222222222,34.6
2025-09-27,2,arima_fourier,48.02363936384998,34.6
2025-09-27,2,arima_fourier_mean,53.31773235246856,34.6
2025-09-27,2,arima_no_fourier,39.47198130804907,34.6
2025-09-27,3,naive,58.3,33.7
2025-09-27,3,naive_carry,58.3,33.7
2025-09-27,3,seasonal_naive_7,28.0,33.7
2025-09-27,3,climatology,50.20577777777778,33.7
2025-09-27,3,arima_fourier,46.988874331488006,33.7
2025-09-27,3,arima_fourier_mean,52.6910673881576,33.7
2025-09-27,3,arima_no_fourier,36.80236505500161,33.7
2025-09-28,1,naive,29.1,34.6
2025-09-28,1,naive_carry,29.1,34.6
2025-09-28,1,seasonal_naive_7,32.0,34.6
2025-09-28,1,climatology,48.67222222222222,34.6
2025-09-28,1,arima_fourier,34.35472788494721,34.6
2025-09-28,1,arima_fourier_mean,37.1139689032713,34.6
2025-09-28,1,arima_no_fourier,29.869442501708733,34.6
2025-09-28,2,naive,29.1,33.7
2025-09-28,2,naive_carry,29.1,33.7
2025-09-28,2,seasonal_naive_7,28.0,33.7
2025-09-28,2,climatology,50.20577777777778,33.7
2025-09-28,2,arima_fourier,38.385484394534004,33.7
2025-09-28,2,arima_fourier_mean,42.617073677714345,33.7
2025-09-28,2,arima_no_fourier,30.279870999888246,33.7
2025-09-28,3,naive,29.1,40.6
2025-09-28,3,naive_carry,29.1,40.6
2025-09-28,3,seasonal_naive_7,27.4,40.6
2025-09-28,3,climatology,53.208222222222226,40.6
2025-09-28,3,arima_fourier,41.54440194225495,40.6
2025-09-28,3,arima_fourier_mean,46.585897275258375,40.6
2025-09-28,3,arima_no_fourier,30.49673524337706,40.6
2025-09-29,1,naive,34.6,33.7
2025-09-29,1,naive_carry,34.6,33.7
2025-09-29,1,seasonal_naive_7,28.0,33.7
2025-09-29,1,climatology,50.20577777777778,33.7
2025-09-29,1,arima_fourier,38.548225372298965,33.7
2025-09-29,1,arima_fourier_mean,41.64427210332842,33.7
2025-09-29,1,arima_no_fourier,33.24435277087821,33.7
2025-09-29,2,naive,34.6,40.6
2025-09-29,2,naive_carry,34.6,40.6
2025-09-29,2,seasonal_naive_7,27.4,40.6
2025-09-29,2,climatology,53.208222222222226,40.6
2025-09-29,2,arima_fourier,41.65065516391412,40.6
2025-09-29,2,arima_fourier_mean,46.24219448238385,40.6
2025-09-29,2,arima_no_fourier,32.55673383381736,40.6
2025-09-29,3,naive,34.6,37.2
2025-09-29,3,naive_carry,34.6,37.2
2025-09-29,3,seasonal_naive_7,28.1,37.2
2025-09-29,3,climatology,57.230222222222224,37.2
2025-09-29,3,arima_fourier,44.213867612265844,37.2
2025-09-29,3,arima_fourier_mean,49.57930767053991,37.2
2025-09-29,3,arima_no_fourier,32.20284242213215,37.2
2025-09-30,1,naive,33.7,40.6
2025-09-30,1,naive_carry,33.7,40.6
2025-09-30,1,seasonal_naive_7,27.4,40.6
2025-09-30,1,climatology,53.208222222222226,40.6
2025-09-30,1,arima_fourier,38.450923044015994,40.6
2025-09-30,1,arima_fourier_mean,41.53915477528262,40.6
2025-09-30,1,arima_no_fourier,32.83951922254619,40.6
2025-09-30,2,naive,33.7,37.2
2025-09-30,2,naive_carry,33.7,37.2
2025-09-30,2,seasonal_naive_7,28.1,37.2
2025-09-30,2,climatology,57.230222222222224,37.2
2025-09-30,2,arima_fourier,42.13072747157985,37.2
2025-09-30,2,arima_fourier_mean,46.77518949534465,37.2
2025-09-30,2,arima_no_fourier,32.398336437644865,37.2
2025-09-30,3,naive,33.7,26.6
2025-09-30,3,naive_carry,33.7,26.6
2025-09-30,3,seasonal_naive_7,30.1,26.6
2025-09-30,3,climatology,59.41555555555556,26.6
2025-09-30,3,arima_fourier,45.09366946485501,26.6
2025-09-30,3,arima_fourier_mean,50.56587500221961,26.6
2025-09-30,3,arima_no_fourier,32.169995891449965,26.6
2025-10-01,1,naive,40.6,37.2
2025-10-01,1,naive_carry,40.6,37.2
2025-10-01,1,seasonal_naive_7,28.1,37.2
2025-10-01,1,climatology,57.230222222222224,37.2
2025-10-01,1,arima_fourier,43.515626097050045,37.2
2025-10-01,1,arima_fourier_mean,47.010635440995955,37.2
2025-10-01,1,arima_no_fourier,37.072620860222635,37.2
2025-10-01,2,naive,40.6,26.6
2025-10-01,2,naive_carry,40.6,26.6
2025-10-01,2,seasonal_naive_7,30.1,26.6
2025-10-01,2,climatology,59.41555555555556,26.6
2025-10-01,2,arima_fourier,45.98287797749541,26.6
2025-10-01,2,arima_fourier_mean,51.05199824636474,26.6
2025-10-01,2,arima_no_fourier,35.35183711259248,26.6
2025-10-01,3,naive,40.6,57.9
2025-10-01,3,naive_carry,40.6,57.9
2025-10-01,3,seasonal_naive_7,58.3,57.9
2025-10-01,3,climatology,61.333333333333336,57.9
2025-10-01,3,arima_fourier,48.1946484286575,57.9
2025-10-01,3,arima_fourier_mean,54.043163646315165,57.9
2025-10-01,3,arima_no_fourier,34.4840388217752,57.9
2025-10-02,1,naive,37.2,26.6
2025-10-02,1,naive_carry,37.2,26.6
2025-10-02,1,seasonal_naive_7,30.1,26.6
2025-10-02,1,climatology,59.41555555555556,26.6
2025-10-02,1,arima_fourier,41.88861456901443,26.6
2025-10-02,1,arima_fourier_mean,45.252948495393895,26.6
2025-10-02,1,arima_no_fourier,35.42895774212607,26.6
2025-10-02,2,naive,37.2,57.9
2025-10-02,2,naive_carry,37.2,57.9
2025-10-02,2,seasonal_naive_7,58.3,57.9
2025-10-02,2,climatology,61.333333333333336,57.9
2025-10-02,2,arima_fourier,45.55609295006391,57.9
2025-10-02,2,arima_fourier_mean,50.57816460033922,57.9
2025-10-02,2,arima_no_fourier,34.53666746329759,57.9
2025-10-02,3,naive,37.2,57.0
2025-10-02,3,naive_carry,37.2,57.0
2025-10-02,3,seasonal_naive_7,29.1,57.0
2025-10-02,3,climatology,63.592666666666666,57.0
2025-10-02,3,arima_fourier,48.556132388971506,57.0
2025-10-02,3,arima_fourier_mean,54.44851417926748,57.0
2025-10-02,3,arima_no_fourier,34.079050685617155,57.0
2025-10-03,1,naive,26.6,57.9
2025-10-03,1,naive_carry,26.6,57.9
2025-10-03,1,seasonal_naive_7,58.3,57.9
2025-10-03,1,climatology,61.333333333333336,57.9
2025-10-03,1,arima_fourier,34.774741699668276,57.9
2025-10-03,1,arima_fourier_mean,37.56771642173521,57.9
2025-10-03,1,arima_no_fourier,28.787183765716826,57.9
2025-10-03,2,naive,26.6,57.0
2025-10-03,2,naive_carry,26.6,57.0
2025-10-03,2,seasonal_naive_7,29.1,57.0
2025-10-03,2,climatology,63.592666666666666,57.0
2025-10-03,2,arima_fourier,41.25092087873136,57.0
2025-10-03,2,arima_fourier_mean,45.79839326748532,57.0
2025-10-03,2,arima_no_fourier,30.00161937373246,57.0
2025-10-03,3,naive,26.6,23.9
2025-10-03,3,naive_carry,26.6,23.9
2025-10-03,3,seasonal_naive_7,34.6,23.9
2025-10-03,3,climatology,66.37088888888889,23.9
2025-10-03,3,arima_fourier,46.246467296340846,23.9
2025-10-03,3,arima_fourier_mean,51.858566502814355,23.9
2025-10-03,3,arima_no_fourier,30.656944262113832,23.9
2025-10-04,1,naive,57.9,57.0
2025-10-04,1,naive_carry,57.9,57.0
2025-10-04,1,seasonal_naive_7,29.1,57.0
2025-10-04,1,climatology,63.592666666666666,57.0
2025-10-04,1,arima_fourier,55.86091109513872,57.0
2025-10-04,1,arima_fourier_mean,60.347446519288276,57.0
2025-10-04,1,arima_no_fourier,46.76791585971237,57.0
2025-10-04,2,naive,57.9,23.9
2025-10-04,2,naive_carry,57.9,23.9
2025-10-04,2,seasonal_naive_7,34.6,23.9
2025-10-04,2,climatology,66.37088888888889,23.9
2025-10-04,2,arima_fourier,55.536459306132684,23.9
2025-10-04,2,arima_fourier_mean,61.65875920635763,23.9
2025-10-04,2,arima_no_fourier,41.82701325699511,23.9
2025-10-04,3,naive,57.9,19.5
2025-10-04,3,naive_carry,57.9,19.5
2025-10-04,3,seasonal_naive_7,33.7,19.5
2025-10-04,3,climatology,67.24755555555555,19.5
2025-10-04,3,arima_fourier,56.187185470130686,19.5
2025-10-04,3,arima_fourier_mean,63.0056100219541,19.5
2025-10-04,3,arima_no_fourier,39.45477682477627,19.5
2025-10-05,1,naive,57.0,23.9
2025-10-05,1,naive_carry,57.0,23.9
2025-10-05,1,seasonal_naive_7,34.6,23.9
2025-10-05,1,climatology,66.37088888888889,23.9
2025-10-05,1,arima_fourier,56.20717934917732,23.9
2025-10-05,1,arima_fourier_mean,60.721525659174596,23.9
2025-10-05,1,arima_no_fourier,47.429329667813256,23.9
2025-10-05,2,naive,57.0,19.5
2025-10-05,2,naive_carry,57.0,19.5
2025-10-05,2,seasonal_naive_7,33.7,19.5
2025-10-05,2,climatology,67.24755555555555,19.5
2025-10-05,2,arima_fourier,56.595908982911006,19.5
2025-10-05,2,arima_fourier_mean,62.835001708441126,19.5
2025-10-05,2,arima_no_fourier,43.08270495185205,19.5
2025-10-05,3,naive,57.0,36.9
2025-10-05,3,naive_carry,57.0,36.9
2025-10-05,3,seasonal_naive_7,40.6,36.9
2025-10-05,3,climatology,70.202,36.9
2025-10-05,3,arima_fourier,57.68354623556098,36.9
2025-10-05,3,arima_fourier_mean,64.68355684847748,36.9
2025-10-05,3,arima_no_fourier,40.97075341871478,36.9
2025-10-06,1,naive,23.9,19.5
2025-10-06,1,naive_carry,23.9,19.5
2025-10-06,1,seasonal_naive_7,33.7,19.5
2025-10-06,1,climatology,67.24755555555555,19.5
2025-10-06,1,arima_fourier,34.03444366066427,19.5
2025-10-06,1,arima_fourier_mean,36.76796035612257,19.5
2025-10-06,1,arima_no_fourier,27.87428179613714,19.5
2025-10-06,2,naive,23.9,36.9
2025-10-06,2,naive_carry,23.9,36.9
2025-10-06,2,seasonal_naive_7,40.6,36.9
2025-10-06,2,climatology,70.202,36.9
2025-10-06,2,arima_fourier,42.43281320653264,36.9
2025-10-06,2,arima_fourier_mean,47.11057622007916,36.9
2025-10-06,2,arima_no_fourier,30.209123962828443,36.9
2025-10-06,3,naive,23.9,43.2
2025-10-06,3,naive_carry,23.9,43.2
2025-10-06,3,seasonal_naive_7,37.2,43.2
2025-10-06,3,climatology,80.80866666666665,43.2
2025-10-06,3,arima_fourier,48.9669356876215,43.2
2025-10-06,3,arima_fourier_mean,54.90916844878242,43.2
2025-10-06,3,arima_no_fourier,31.506941136474452,43.2
2025-10-07,1,naive,19.5,36.9
2025-10-07,1,naive_carry,19.5,36.9
2025-10-07,1,seasonal_naive_7,40.6,36.9
2025-10-07,1,climatology,70.202,36.9
2025-10-07,1,arima_fourier,30.468733718840316,36.9
2025-10-07,1,arima_fourier_mean,32.91586616168357,36.9
2025-10-07,1,arima_no_fourier,24.074526378670917,36.9
2025-10-07,2,naive,19.5,43.2
2025-10-07,2,naive_carry,19.5,43.2
2025-10-07,2,seasonal_naive_7,37.2,43.2
2025-10-07,2,climatology,80.80866666666665,43.2
2025-10-07,2,arima_fourier,40.091630281469634,43.2
2025-10-07,2,arima_fourier_mean,44.511302857208385,43.2
2025-10-07,2,arima_no_fourier,26.87927379295298,43.2
2025-10-07,3,naive,19.5,65.2
2025-10-07,3,naive_carry,19.5,65.2
2025-10-07,3,seasonal_naive_7,26.6,65.2
2025-10-07,3,climatology,83.93977777777779,65.2
2025-10-07,3,arima_fourier,47.73589063279244,65.2
2025-10-07,3,arima_fourier_mean,53.52873349980965,65.2
2025-10-07,3,arima_no_fourier,28.47374736247855,65.2
2025-10-08,1,naive,36.9,43.2
2025-10-08,1,naive_carry,36.9,43.2
2025-10-08,1,seasonal_naive_7,37.2,43.2
2025-10-08,1,climatology,80.80866666666665,43.2
2025-10-08,1,arima_fourier,44.927859682880474,43.2
2025-10-08,1,arima_fourier_mean,48.53629391180864,43.2
2025-10-08,1,arima_no_fourier,35.257173599397376,43.2
2025-10-08,2,naive,36.9,65.2
2025-10-08,2,naive_carry,36.9,65.2
2025-10-08,2,seasonal_naive_7,26.6,65.2
2025-10-08,2,climatology,83.93977777777779,65.2
2025-10-08,2,arima_fourier,51.133812742587786,65.2
2025-10-08,2,arima_fourier_mean,56.77076746535788,65.2
2025-10-08,2,arima_no_fourier,34.427431155003084,65.2
2025-10-08,3,naive,36.9,68.8
2025-10-08,3,naive_carry,36.9,68.8
2025-10-08,3,seasonal_naive_7,57.9,68.8
2025-10-08,3,climatology,86.32199999999999,68.8
2025-10-08,3,arima_fourier,55.954297856405304,68.8
2025-10-08,3,arima_fourier_mean,62.74446016015769,68.8
2025-10-08,3,arima_no_fourier,34.00134255881122,68.8
2025-10-09,1,naive,43.2,65.2
2025-10-09,1,naive_carry,43.2,65.2
2025-10-09,1,seasonal_naive_7,26.6,65.2
2025-10-09,1,climatology,83.93977777777779,65.2
2025-10-09,1,arima_fourier,49.95504203276939,65.2
2025-10-09,1,arima_fourier_mean,53.96724031439506,65.2
2025-10-09,1,arima_no_fourier,39.17075509975026,65.2
2025-10-09,2,naive,43.2,68.8
2025-10-09,2,naive_carry,43.2,68.8
2025-10-09,2,seasonal_naive_7,57.9,68.8
2025-10-09,2,climatology,86.32199999999999,68.8
2025-10-09,2,arima_fourier,55.17191584864137,68.8
2025-10-09,2,arima_fourier_mean,61.25402801557452,68.8
2025-10-09,2,arima_no_fourier,37.21570158508064,68.8
2025-10-09,3,naive,43.2,63.9
2025-10-09,3,naive_carry,43.2,63.9
2025-10-09,3,seasonal_naive_7,57.0,63.9
2025-10-09,3,climatology,88.69977777777778,63.9
2025-10-09,3,arima_fourier,59.321194068671105,63.9
2025-10-09,3,arima_fourier_mean,66.5199355234558,63.9
2025-10-09,3,arima_no_fourier,36.232523296007535,63.9
2025-10-10,1,naive,65.2,68.8
2025-10-10,1,naive_carry,65.2,68.8
2025-10-10,1,seasonal_naive_7,57.9,68.8
2025-10-10,1,climatology,86.32199999999999,68.8
2025-10-10,1,arima_fourier,64.64061670699294,68.8
2025-10-10,1,arima_fourier_mean,69.83230422627722,68.8
2025-10-10,1,arima_no_fourier,51.44119824355122,68.8
2025-10-10,2,naive,65.2,63.9
2025-10-10,2,naive_carry,65.2,63.9
2025-10-10,2,seasonal_naive_7,57.0,63.9
2025-10-10,2,climatology,88.69977777777778,63.9
2025-10-10,2,arima_fourier,65.27410488941665,63.9
2025-10-10,2,arima_fourier_mean,72.46987492472019,63.9
2025-10-10,2,arima_no_fourier,45.44466966526537,63.9
2025-10-10,3,naive,65.2,72.3
2025-10-10,3,naive_carry,65.2,72.3
2025-10-10,3,seasonal_naive_7,23.9,72.3
2025-10-10,3,climatology,91.33977777777775,72.3
2025-10-10,3,arima_fourier,66.61323743054884,72.3
2025-10-10,3,arima_fourier_mean,74.69688219000376,72.3
2025-10-10,3,arima_no_fourier,42.59266891944539,72.3
2025-10-11,1,naive,68.8,63.9
2025-10-11,1,naive_carry,68.8,63.9
2025-10-11,1,seasonal_naive_7,57.0,63.9
2025-10-11,1,climatology,88.69977777777778,63.9
2025-10-11,1,arima_fourier,67.74028789285803,63.9
2025-10-11,1,arima_fourier_mean,73.18092910459697,63.9
2025-10-11,1,arima_no_fourier,54.66484891046654,63.9
2025-10-11,2,naive,68.8,72.3
2025-10-11,2,naive_carry,68.8,72.3
2025-10-11,2,seasonal_naive_7,23.9,72.3
2025-10-11,2,climatology,91.33977777777775,72.3
2025-10-11,2,arima_fourier,68.12158661632817,72.3
2025-10-11,2,arima_fourier_mean,75.63126081450842,72.3
2025-10-11,2,arima_no_fourier,48.470579149751835,72.3
2025-10-11,3,naive,68.8,74.6
2025-10-11,3,naive_carry,68.8,74.6
2025-10-11,3,seasonal_naive_7,19.5,74.6
2025-10-11,3,climatology,95.41133333333332,74.6
2025-10-11,3,arima_fourier,69.34187375168507,74.6
2025-10-11,3,arima_fourier_mean,77.75664354606704,74.6
2025-10-11,3,arima_no_fourier,45.51618381055656,74.6
2025-10-12,1,naive,63.9,72.3
2025-10-12,1,naive_carry,63.9,72.3
2025-10-12,1,seasonal_naive_7,23.9,72.3
2025-10-12,1,climatology,91.33977777777775,72.3
2025-10-12,1,arima_fourier,65.79781771245274,72.3
2025-10-12,1,arima_fourier_mean,71.08244707944365,72.3
2025-10-12,1,arima_no_fourier,53.52387596547272,72.3
2025-10-12,2,naive,63.9,74.6
2025-10-12,2,naive_carry,63.9,74.6
2025-10-12,2,seasonal_naive_7,19.5,74.6
2025-10-12,2,climatology,95.41133333333332,74.6
2025-10-12,2,arima_fourier,67.90393644007656,74.6
2025-10-12,2,arima_fourier_mean,75.38961688588903,74.6
2025-10-12,2,arima_no_fourier,48.787292319040404,74.6
2025-10-12,3,naive,63.9,76.2
2025-10-12,3,naive_carry,63.9,76.2
2025-10-12,3,seasonal_naive_7,36.9,76.2
2025-10-12,3,climatology,98.20355555555555,76.2
2025-10-12,3,arima_fourier,70.15699140743874,76.2
2025-10-12,3,arima_fourier_mean,78.67067705916907,76.2
2025-10-12,3,arima_no_fourier,46.47974709738187,76.2
2025-10-13,1,naive,72.3,74.6
2025-10-13,1,naive_carry,72.3,74.6
2025-10-13,1,seasonal_naive_7,19.5,74.6
2025-10-13,1,climatology,95.41133333333332,74.6
2025-10-13,1,arima_fourier,71.8181061027773,74.6
2025-10-13,1,arima_fourier_mean,77.58626197326018,74.6
2025-10-13,1,arima_no_fourier,59.05711774640089,74.6
2025-10-13,2,naive,72.3,76.2
2025-10-13,2,naive_carry,72.3,76.2
2025-10-13,2,seasonal_naive_7,36.9,76.2
2025-10-13,2,climatology,98.20355555555555,76.2
2025-10-13,2,arima_fourier,72.57145799875086,76.2
2025-10-13,2,arima_fourier_mean,80.57168245679173,76.2
2025-10-13,2,arima_no_fourier,53.12816969635325,76.2
2025-10-13,3,naive,72.3,88.6
2025-10-13,3,naive_carry,72.3,88.6
2025-10-13,3,seasonal_naive_7,43.2,88.6
2025-10-13,3,climatology,100.56744444444443,88.6
2025-10-13,3,arima_fourier,74.05236219665989,88.6
2025-10-13,3,arima_fourier_mean,83.0387583300982,88.6
2025-10-13,3,arima_no_fourier,50.26871611852903,88.6
2025-10-14,1,naive,74.6,76.2
2025-10-14,1,naive_carry,74.6,76.2
2025-10-14,1,seasonal_naive_7,36.9,76.2
2025-10-14,1,climatology,98.20355555555555,76.2
2025-10-14,1,arima_fourier,74.23030227923807,76.2
2025-10-14,1,arima_fourier_mean,80.19219646724967,76.2
2025-10-14,1,arima_no_fourier,61.62934205293637,76.2
2025-10-14,2,naive,74.6,88.6
2025-10-14,2,naive_carry,74.6,88.6
2025-10-14,2,seasonal_naive_7,43.2,88.6
2025-10-14,2,climatology,100.56744444444443,88.6
2025-10-14,2,arima_fourier,75.06976256682192,88.6
2025-10-14,2,arima_fourier_mean,83.34539813087606,88.6
2025-10-14,2,arima_no_fourier,55.771225510535366,88.6
2025-10-14,3,naive,74.6,101.0
2025-10-14,3,naive_carry,74.6,101.0
2025-10-14,3,seasonal_naive_7,65.2,101.0
2025-10-14,3,climatology,104.06377777777776,101.0
2025-10-14,3,arima_fourier,76.62166150348595,101.0
2025-10-14,3,arima_fourier_mean,85.91984678706736,101.0
2025-10-14,3,arima_no_fourier,52.93306855974223,101.0
2025-10-15,1,naive,76.2,88.6
2025-10-15,1,naive_carry,76.2,88.6
2025-10-15,1,seasonal_naive_7,43.2,88.6
2025-10-15,1,climatology,100.56744444444443,88.6
2025-10-15,1,arima_fourier,76.24808800168384,88.6
2025-10-15,1,arima_fourier_mean,82.37204296486823,88.6
2025-10-15,1,arima_no_fourier,63.82120991376041,88.6
2025-10-15,2,naive,76.2,101.0
2025-10-15,2,naive_carry,76.2,101.0
2025-10-15,2,seasonal_naive_7,65.2,101.0
2025-10-15,2,climatology,104.06377777777776,101.0
2025-10-15,2,arima_fourier,77.34555155607785,101.0
2025-10-15,2,arima_fourier_mean,85.87206826603217,101.0
2025-10-15,2,arima_no_fourier,58.170799865450235,101.0
2025-10-15,3,naive,76.2,111.0
2025-10-15,3,naive_carry,76.2,111.0
2025-10-15,3,seasonal_naive_7,68.8,111.0
2025-10-15,3,climatology,111.00344444444444,111.0
2025-10-15,3,arima_fourier,79.06623711058818,111.0
2025-10-15,3,arima_fourier_mean,88.661076075196,111.0
2025-10-15,3,arima_no_fourier,55.41815439383085,111.0
2025-10-16,1,naive,88.6,101.0
2025-10-16,1,naive_carry,88.6,101.0
2025-10-16,1,seasonal_naive_7,65.2,101.0
2025-10-16,1,climatology,104.06377777777776,101.0
2025-10-16,1,arima_fourier,84.56922143909485,101.0
2025-10-16,1,arima_fourier_mean,91.36149796416176,101.0
2025-10-16,1,arima_no_fourier,71.65008987746965,101.0
2025-10-16,2,naive,88.6,111.0
2025-10-16,2,naive_carry,88.6,111.0
2025-10-16,2,seasonal_naive_7,68.8,111.0
2025-10-16,2,climatology,111.00344444444444,111.0
2025-10-16,2,arima_fourier,83.4455212057778,111.0
2025-10-16,2,arima_fourier_mean,92.64449391165175,111.0
2025-10-16,2,arima_no_fourier,64.12009141964819,111.0
2025-10-16,3,naive,88.6,129.0
2025-10-16,3,naive_carry,88.6,129.0
2025-10-16,3,seasonal_naive_7,63.9,129.0
2025-10-16,3,climatology,113.98811111111112,129.0
2025-10-16,3,arima_fourier,83.91988968187817,129.0
2025-10-16,3,arima_fourier_mean,94.10372840479222,129.0
2025-10-16,3,arima_no_fourier,60.503055087883745,129.0
2025-10-17,1,naive,101.0,111.0
2025-10-17,1,naive_carry,101.0,111.0
2025-10-17,1,seasonal_naive_7,68.8,111.0
2025-10-17,1,climatology,111.00344444444444,111.0
2025-10-17,1,arima_fourier,92.73836711409068,111.0
2025-10-17,1,arima_fourier_mean,100.18675811385883,111.0
2025-10-17,1,arima_no_fourier,79.7483517612378,111.0
2025-10-17,2,naive,101.0,129.0
2025-10-17,2,naive_carry,101.0,129.0
2025-10-17,2,seasonal_naive_7,63.9,129.0
2025-10-17,2,climatology,113.98811111111112,129.0
2025-10-17,2,arima_fourier,89.44398287506873,129.0
2025-10-17,2,arima_fourier_mean,99.30422139199615,129.0
2025-10-17,2,arima_no_fourier,70.48062456656501,129.0
2025-10-17,3,naive,101.0,182.0
2025-10-17,3,naive_carry,101.0,182.0
2025-10-17,3,seasonal_naive_7,72.3,182.0
2025-10-17,3,climatology,119.42544444444444,182.0
2025-10-17,3,arima_fourier,88.74459215568643,182.0
2025-10-17,3,arima_fourier_mean,99.51391746494734,182.0
2025-10-17,3,arima_no_fourier,66.07143854438375,182.0
2025-10-18,1,naive,111.0,129.0
2025-10-18,1,naive_carry,111.0,129.0
2025-10-18,1,seasonal_naive_7,63.9,129.0
2025-10-18,1,climatology,113.98811111111112,129.0
2025-10-18,1,arima_fourier,99.534851962986,129.0
2025-10-18,1,arima_fourier_mean,107.52911055959366,129.0
2025-10-18,1,arima_no_fourier,86.95628616363297,129.0
2025-10-18,2,naive,111.0,182.0
2025-10-18,2,naive_carry,111.0,182.0
2025-10-18,2,seasonal_naive_7,72.3,182.0
2025-10-18,2,climatology,119.42544444444444,182.0
2025-10-18,2,arima_fourier,94.66094497004102,182.0
2025-10-18,2,arima_fourier_mean,105.09629734555409,182.0
2025-10-18,2,arima_no_fourier,76.53487614299563,182.0
2025-10-18,3,naive,111.0,129.0
2025-10-18,3,naive_carry,111.0,129.0
2025-10-18,3,seasonal_naive_7,74.6,129.0
2025-10-18,3,climatology,125.94944444444444,129.0
2025-10-18,3,arima_fourier,93.13095711971461,129.0
2025-10-18,3,arima_fourier_mean,104.4325759034428,129.0
2025-10-18,3,arima_no_fourier,71.59250534999937,129.0
2025-10-19,1,naive,129.0,182.0
2025-10-19,1,naive_carry,129.0,182.0
2025-10-19,1,seasonal_naive_7,72.3,182.0
2025-10-19,1,climatology,119.42544444444444,182.0
2025-10-19,1,arima_fourier,110.44402112464287,182.0
2025-10-19,1,arima_fourier_mean,119.31446238020024,182.0
2025-10-19,1,arima_no_fourier,98.32879805700871,182.0
2025-10-19,2,naive,129.0,129.0
2025-10-19,2,naive_carry,129.0,129.0
2025-10-19,2,seasonal_naive_7,74.6,129.0
2025-10-19,2,climatology,125.94944444444444,129.0
2025-10-19,2,arima_fourier,102.21829659785526,129.0
2025-10-19,2,arima_fourier_mean,113.48676561888753,129.0
2025-10-19,2,arima_no_fourier,85.31455398348687,129.0
2025-10-19,3,naive,129.0,202.0
2025-10-19,3,naive_carry,129.0,202.0
2025-10-19,3,seasonal_naive_7,76.2,202.0
2025-10-19,3,climatology,134.3661111111111,202.0
2025-10-19,3,arima_fourier,98.95907467348385,202.0
2025-10-19,3,arima_fourier_mean,110.96794632869198,202.0
2025-10-19,3,arima_no_fourier,79.21014232688094,202.0
2025-10-20,1,naive,182.0,129.0
2025-10-20,1,naive_carry,182.0,129.0
2025-10-20,1,seasonal_naive_7,74.6,129.0
2025-10-20,1,climatology,125.94944444444444,129.0
2025-10-20,1,arima_fourier,137.57371869971013,129.0
2025-10-20,1,arima_fourier_mean,148.62311337681595,129.0
2025-10-20,1,arima_no_fourier,126.15339301207563,129.0
2025-10-20,2,naive,182.0,202.0
2025-10-20,2,naive_carry,182.0,202.0
2025-10-20,2,seasonal_naive_7,76.2,202.0
2025-10-20,2,climatology,134.3661111111111,202.0
2025-10-20,2,arima_fourier,118.39808239284896,202.0
2025-10-20,2,arima_fourier_mean,131.45019875246223,202.0
2025-10-20,2,arima_no_fourier,104.1510398214271,202.0
2025-10-20,3,naive,182.0,123.0
2025-10-20,3,naive_carry,182.0,123.0
2025-10-20,3,seasonal_naive_7,88.6,123.0
2025-10-20,3,climatology,140.9961111111111,123.0
2025-10-20,3,arima_fourier,109.84384340374044,123.0
2025-10-20,3,arima_fourier_mean,123.1736021153917,123.0
2025-10-20,3,arima_no_fourier,94.21883728213227,123.0
2025-10-21,1,naive,129.0,202.0
2025-10-21,1,naive_carry,129.0,202.0
2025-10-21,1,seasonal_naive_7,76.2,202.0
2025-10-21,1,climatology,134.3661111111111,202.0
2025-10-21,1,arima_fourier,113.95291603202719,202.0
2025-10-21,1,arima_fourier_mean,123.10517814135183,202.0
2025-10-21,1,arima_no_fourier,105.6380195894686,202.0
2025-10-21,2,naive,129.0,123.0
2025-10-21,2,naive_carry,129.0,123.0
2025-10-21,2,seasonal_naive_7,88.6,123.0
2025-10-21,2,climatology,140.9961111111111,123.0
2025-10-21,2,arima_fourier,107.33508714223204,123.0
2025-10-21,2,arima_fourier_mean,119.16762695809219,123.0
2025-10-21,2,arima_no_fourier,95.15821625015933,123.0
2025-10-21,3,naive,129.0,103.0
2025-10-21,3,naive_carry,129.0,103.0
2025-10-21,3,seasonal_naive_7,101.0,103.0
2025-10-21,3,climatology,140.78944444444446,103.0
2025-10-21,3,arima_fourier,104.91182775632033,103.0
2025-10-21,3,arima_fourier_mean,117.64307673553517,103.0
2025-10-21,3,arima_no_fourier,90.09881834120407,103.0
2025-10-22,1,naive,202.0,123.0
2025-10-22,1,naive_carry,202.0,123.0
2025-10-22,1,seasonal_naive_7,88.6,123.0
2025-10-22,1,climatology,140.9961111111111,123.0
2025-10-22,1,arima_fourier,150.86846257314352,123.0
2025-10-22,1,arima_fourier_mean,162.98563999948038,123.0
2025-10-22,1,arima_no_fourier,143.65001385177678,123.0
2025-10-22,2,naive,202.0,103.0
2025-10-22,2,naive_carry,202.0,103.0
2025-10-22,2,seasonal_naive_7,101.0,103.0
2025-10-22,2,climatology,140.78944444444446,103.0
2025-10-22,2,arima_fourier,128.85292983383667,103.0
2025-10-22,2,arima_fourier_mean,143.05758032669343,103.0
2025-10-22,2,arima_no_fourier,120.19566648370484,103.0
2025-10-22,3,naive,202.0,118.0
2025-10-22,3,naive_carry,202.0,118.0
2025-10-22,3,seasonal_naive_7,111.0,118.0
2025-10-22,3,climatology,149.08166666666665,118.0
2025-10-22,3,arima_fourier,118.93423507432693,118.0
2025-10-22,3,arima_fourier_mean,133.3671294277703,118.0
2025-10-22,3,arima_no_fourier,109.49784266381728,118.0
2025-10-23,1,naive,123.0,103.0
2025-10-23,1,naive_carry,123.0,103.0
2025-10-23,1,seasonal_naive_7,101.0,103.0
2025-10-23,1,climatology,140.78944444444446,103.0
2025-10-23,1,arima_fourier,114.11658040054884,103.0
2025-10-23,1,arima_fourier_mean,123.2819872524332,103.0
2025-10-23,1,arima_no_fourier,108.91021036022264,103.0
2025-10-23,2,naive,123.0,118.0
2025-10-23,2,naive_carry,123.0,118.0
2025-10-23,2,seasonal_naive_7,111.0,118.0
2025-10-23,2,climatology,149.08166666666665,118.0
2025-10-23,2,arima_fourier,110.52519368108804,118.0
2025-10-23,2,arima_fourier_mean,122.70940807718698,118.0
2025-10-23,2,arima_no_fourier,102.19720983461552,118.0
2025-10-23,3,naive,123.0,120.0
2025-10-23,3,naive_carry,123.0,120.0
2025-10-23,3,seasonal_naive_7,129.0,120.0
2025-10-23,3,climatology,157.12944444444443,120.0
2025-10-23,3,arima_fourier,109.71695692553536,120.0
2025-10-23,3,arima_fourier_mean,123.03131686620493,120.0
2025-10-23,3,arima_no_fourier,98.85322447383315,120.0
2025-10-24,1,naive,103.0,118.0
2025-10-24,1,naive_carry,103.0,118.0
2025-10-24,1,seasonal_naive_7,111.0,118.0
2025-10-24,1,climatology,149.08166666666665,118.0
2025-10-24,1,arima_fourier,103.98973615631385,118.0
2025-10-24,1,arima_fourier_mean,112.34179358125388,118.0
2025-10-24,1,arima_no_fourier,98.63808208354335,118.0
2025-10-24,2,naive,103.0,120.0
2025-10-24,2,naive_carry,103.0,120.0
2025-10-24,2,seasonal_naive_7,129.0,120.0
2025-10-24,2,climatology,157.12944444444443,120.0
2025-10-24,2,arima_fourier,105.75277336081024,120.0
2025-10-24,2,arima_fourier_mean,117.41087954756776,120.0
2025-10-24,2,arima_no_fourier,96.43118145385688,120.0
2025-10-25,1,naive,118.0,120.0
2025-10-25,1,naive_carry,118.0,120.0
2025-10-25,1,seasonal_naive_7,129.0,120.0
2025-10-25,1,climatology,157.12944444444443,120.0
2025-10-25,1,arima_fourier,114.0080500616165,120.0
2025-10-25,1,arima_fourier_mean,123.16474002713743,120.0
2025-10-25,1,arima_no_fourier,108.06083417151534,120.0
2025-10-26,3,naive,120.0,151.0
2025-10-26,3,naive_carry,120.0,151.0
2025-10-26,3,seasonal_naive_7,202.0,151.0
2025-10-26,3,climatology,185.96277777777777,151.0
2025-10-26,3,arima_fourier,116.38233088277043,151.0
2025-10-26,3,arima_fourier_mean,130.50554570362902,151.0
2025-10-26,3,arima_no_fourier,103.1496867409749,151.0
2025-10-29,1,naive,151.0,187.0
2025-10-29,1,naive_carry,151.0,187.0
2025-10-29,1,seasonal_naive_7,123.0,187.0
2025-10-29,1,climatology,192.7505555555555,187.0
2025-10-29,1,arima_fourier,137.84679057178354,187.0
2025-10-29,1,arima_fourier_mean,148.91898195631813,187.0
2025-10-29,1,arima_no_fourier,131.50617655515887,187.0
2025-10-29,2,naive,151.0,93.2
2025-10-29,2,naive_carry,151.0,93.2
2025-10-29,2,seasonal_naive_7,103.0,93.2
2025-10-29,2,climatology,202.96055555555552,93.2
2025-10-29,2,arima_fourier,131.95944546460956,93.2
2025-10-29,2,arima_fourier_mean,146.50868363089134,93.2
2025-10-29,2,arima_no_fourier,122.33606872753744,93.2
2025-10-29,3,naive,151.0,213.0
2025-10-29,3,naive_carry,151.0,213.0
2025-10-29,3,seasonal_naive_7,118.0,213.0
2025-10-29,3,climatology,219.2761111111111,213.0
2025-10-29,3,arima_fourier,129.80772051005036,213.0
2025-10-29,3,arima_fourier_mean,145.56324717227338,213.0
2025-10-29,3,arima_no_fourier,117.7983040066205,213.0
2025-10-30,1,naive,187.0,93.2
2025-10-30,1,naive_carry,187.0,93.2
2025-10-30,1,seasonal_naive_7,103.0,93.2
2025-10-30,1,climatology,202.96055555555552,93.2
2025-10-30,1,arima_fourier,158.20300735705266,93.2
2025-10-30,1,arima_fourier_mean,170.91023346402557,93.2
2025-10-30,1,arima_no_fourier,153.1792765763884,93.2
2025-10-30,2,naive,187.0,213.0
2025-10-30,2,naive_carry,187.0,213.0
2025-10-30,2,seasonal_naive_7,118.0,213.0
2025-10-30,2,climatology,219.2761111111111,213.0
2025-10-30,2,arima_fourier,144.83408839340584,213.0
2025-10-30,2,arima_fourier_mean,160.80276302889064,213.0
2025-10-30,2,arima_no_fourier,138.004396043829,213.0
2025-10-30,3,naive,187.0,177.0
2025-10-30,3,naive_carry,187.0,177.0
2025-10-30,3,seasonal_naive_7,120.0,177.0
2025-10-30,3,climatology,227.6737777777778,177.0
2025-10-30,3,arima_fourier,138.7658830860677,177.0
2025-10-30,3,arima_fourier_mean,155.60862608445956,177.0
2025-10-30,3,arima_no_fourier,130.67746131931506,177.0
2025-10-31,1,naive,93.2,213.0
2025-10-31,1,naive_carry,93.2,213.0
2025-10-31,1,seasonal_naive_7,118.0,213.0
2025-10-31,1,climatology,219.2761111111111,213.0
2025-10-31,1,arima_fourier,105.72893237567799,213.0
2025-10-31,1,arima_fourier_mean,114.22130401323541,213.0
2025-10-31,1,arima_no_fourier,100.5167213874166,213.0
2025-10-31,2,naive,93.2,177.0
2025-10-31,2,naive_carry,93.2,177.0
2025-10-31,2,seasonal_naive_7,120.0,177.0
2025-10-31,2,climatology,227.6737777777778,177.0
2025-10-31,2,arima_fourier,114.74837705549591,177.0
2025-10-31,2,arima_fourier_mean,127.39990529720497,177.0
2025-10-31,2,arima_no_fourier,104.56876619121824,177.0
2025-11-01,1,naive,213.0,177.0
2025-11-01,1,naive_carry,213.0,177.0
2025-11-01,1,seasonal_naive_7,120.0,177.0
2025-11-01,1,climatology,227.6737777777778,177.0
2025-11-01,1,arima_fourier,174.04672880356992,177.0
2025-11-01,1,arima_fourier_mean,188.0265029323999,177.0
2025-11-01,1,arima_no_fourier,168.76165602331477,177.0
2025-11-02,3,naive,177.0,107.0
2025-11-02,3,naive_carry,177.0,107.0
2025-11-02,3,seasonal_naive_7,151.0,107.0
2025-11-02,3,climatology,255.74387301587305,107.0
2025-11-02,3,arima_fourier,144.42671091991787,107.0
2025-11-02,3,arima_fourier_mean,161.9562762119773,107.0
2025-11-02,3,arima_no_fourier,137.87860685080267,107.0
2025-11-03,2,naive,124.0,107.0
2025-11-03,2,naive_carry,124.0,107.0
2025-11-03,2,seasonal_naive_7,151.0,107.0
2025-11-03,2,climatology,255.74387301587305,107.0
2025-11-03,2,arima_fourier,132.5108324059011,107.0
2025-11-03,2,arima_fourier_mean,147.1205944869075,107.0
2025-11-03,2,arima_no_fourier,125.15495594315453,107.0
2025-11-03,3,naive,124.0,186.0
2025-11-03,3,naive_carry,124.0,186.0
2025-11-03,3,seasonal_naive_7,187.0,186.0
2025-11-03,3,climatology,260.2486349206349,186.0
2025-11-03,3,arima_fourier,135.69864351937932,186.0
2025-11-03,3,arima_fourier_mean,152.1687755765283,186.0
2025-11-03,3,arima_no_fourier,125.36347199041563,186.0
2025-11-04,1,naive,99.2,107.0
2025-11-04,1,naive_carry,99.2,107.0
2025-11-04,1,seasonal_naive_7,151.0,107.0
2025-11-04,1,climatology,255.74387301587305,107.0
2025-11-04,1,arima_fourier,113.49154959356603,107.0
2025-11-04,1,arima_fourier_mean,122.60736210164053,107.0
2025-11-04,1,arima_no_fourier,108.1684980601959,107.0
2025-11-04,2,naive,99.2,186.0
2025-11-04,2,naive_carry,99.2,186.0
2025-11-04,2,seasonal_naive_7,187.0,186.0
2025-11-04,2,climatology,260.2486349206349,186.0
2025-11-04,2,arima_fourier,123.57843462606589,186.0
2025-11-04,2,arima_fourier_mean,137.20332367566536,186.0
2025-11-04,2,arima_no_fourier,113.17672189376495,186.0
2025-11-04,3,naive,99.2,215.0
2025-11-04,3,naive_carry,99.2,215.0
2025-11-04,3,seasonal_naive_7,93.2,215.0
2025-11-04,3,climatology,260.50863492063496,215.0
2025-11-04,3,arima_fourier,130.6958018815507,215.0
2025-11-04,3,arima_fourier_mean,146.5586518539794,215.0
2025-11-04,3,arima_no_fourier,115.8873137087082,215.0
2025-11-05,1,naive,107.0,186.0
2025-11-05,1,naive_carry,107.0,186.0
2025-11-05,1,seasonal_naive_7,187.0,186.0
2025-11-05,1,climatology,260.2486349206349,186.0
2025-11-05,1,arima_fourier,119.32430449911048,186.0
2025-11-05,1,arima_fourier_mean,128.90859573932016,186.0
2025-11-05,1,arima_no_fourier,112.39749228641716,186.0
2025-11-05,2,naive,107.0,215.0
2025-11-05,2,naive_carry,107.0,215.0
2025-11-05,2,seasonal_naive_7,93.2,215.0
2025-11-05,2,climatology,260.50863492063496,215.0
2025-11-05,2,arima_fourier,127.96011000949235,215.0
2025-11-05,2,arima_fourier_mean,142.06804507348724,215.0
2025-11-05,2,arima_no_fourier,115.3275393018338,215.0
2025-11-05,3,naive,107.0,251.0
2025-11-05,3,naive_carry,107.0,251.0
2025-11-05,3,seasonal_naive_7,213.0,251.0
2025-11-05,3,climatology,261.3130793650794,251.0
2025-11-05,3,arima_fourier,134.0794888010274,251.0
2025-11-05,3,arima_fourier_mean,150.35295183077235,251.0
2025-11-05,3,arima_no_fourier,116.89002507791221,251.0
2025-11-06,1,naive,186.0,215.0
2025-11-06,1,naive_carry,186.0,215.0
2025-11-06,1,seasonal_naive_7,93.2,215.0
2025-11-06,1,climatology,260.50863492063496,215.0
2025-11-06,1,arima_fourier,166.6227368132376,215.0
2025-11-06,1,arima_fourier_mean,180.00607975784607,215.0
2025-11-06,1,arima_no_fourier,158.87180295235166,215.0
2025-11-06,2,naive,186.0,251.0
2025-11-06,2,naive_carry,186.0,251.0
2025-11-06,2,seasonal_naive_7,213.0,251.0
2025-11-06,2,climatology,261.3130793650794,251.0
2025-11-06,2,arima_fourier,157.25364444865468,251.0
2025-11-06,2,arima_fourier_mean,174.59121203954385,251.0
2025-11-06,2,arima_no_fourier,146.2999399224165,251.0
2025-11-06,3,naive,186.0,213.0
2025-11-06,3,naive_carry,186.0,213.0
2025-11-06,3,seasonal_naive_7,177.0,213.0
2025-11-06,3,climatology,259.1305396825397,213.0
2025-11-06,3,arima_fourier,152.91865511153276,213.0
2025-11-06,3,arima_fourier_mean,171.47858001279766,213.0
2025-11-06,3,arima_no_fourier,140.127062288204,213.0
2025-11-07,1,naive,215.0,251.0
2025-11-07,1,naive_carry,215.0,251.0
2025-11-07,1,seasonal_naive_7,213.0,251.0
2025-11-07,1,climatology,261.3130793650794,251.0
2025-11-07,1,arima_fourier,182.9964384983662,251.0
2025-11-07,1,arima_fourier_mean,197.69491265757193,251.0
2025-11-07,1,arima_no_fourier,177.33021519306268,251.0
2025-11-07,2,naive,215.0,213.0
2025-11-07,2,naive_carry,215.0,213.0
2025-11-07,2,seasonal_naive_7,177.0,213.0
2025-11-07,2,climatology,259.1305396825397,213.0
2025-11-07,2,arima_fourier,167.5789979920504,213.0
2025-11-07,2,arima_fourier_mean,186.05490105732676,213.0
2025-11-07,2,arima_no_fourier,160.33821227287274,213.0
2025-11-07,3,naive,215.0,279.0
2025-11-07,3,naive_carry,215.0,279.0
2025-11-07,3,seasonal_naive_7,124.0,279.0
2025-11-07,3,climatology,255.0645079365079,279.0
2025-11-07,3,arima_fourier,160.06599612923438,279.0
2025-11-07,3,arima_fourier_mean,179.49332022237923,279.0
2025-11-07,3,arima_no_fourier,152.11123598286346,279.0
2025-11-08,1,naive,251.0,213.0
2025-11-08,1,naive_carry,251.0,213.0
2025-11-08,1,seasonal_naive_7,177.0,213.0
2025-11-08,1,climatology,259.1305396825397,213.0
2025-11-08,1,arima_fourier,202.22660868346642,213.0
2025-11-08,1,arima_fourier_mean,218.46964466397557,213.0
2025-11-08,1,arima_no_fourier,199.96666595343615,213.0
2025-11-08,2,naive,251.0,279.0
2025-11-08,2,naive_carry,251.0,279.0
2025-11-08,2,seasonal_naive_7,124.0,279.0
2025-11-08,2,climatology,255.0645079365079,279.0
2025-11-08,2,arima_fourier,179.30191069162422,279.0
2025-11-08,2,arima_fourier_mean,199.07022680559692,279.0
2025-11-08,2,arima_no_fourier,177.55644324500153,279.0
2025-11-08,3,naive,251.0,297.0
2025-11-08,3,naive_carry,251.0,297.0
2025-11-08,3,seasonal_naive_7,99.2,297.0
2025-11-08,3,climatology,248.0346666666667,297.0
2025-11-08,3,arima_fourier,168.0119066839148,297.0
2025-11-08,3,arima_fourier_mean,188.40354745101394,297.0
2025-11-08,3,arima_no_fourier,166.8562251041844,297.0
2025-11-09,1,naive,213.0,279.0
2025-11-09,1,naive_carry,213.0,279.0
2025-11-09,1,seasonal_naive_7,124.0,279.0
2025-11-09,1,climatology,255.0645079365079,279.0
2025-11-09,1,arima_fourier,184.9232039519367,279.0
2025-11-09,1,arima_fourier_mean,199.77639022007932,279.0
2025-11-09,1,arima_no_fourier,184.82733752531593,279.0
2025-11-09,2,naive,213.0,297.0
2025-11-09,2,naive_carry,213.0,297.0
2025-11-09,2,seasonal_naive_7,99.2,297.0
2025-11-09,2,climatology,248.0346666666667,297.0
2025-11-09,2,arima_fourier,171.17313253649598,297.0
2025-11-09,2,arima_fourier_mean,190.04518204988366,297.0
2025-11-09,2,arima_no_fourier,171.6117400692748,297.0
2025-11-09,3,naive,213.0,326.0
2025-11-09,3,naive_carry,213.0,326.0
2025-11-09,3,seasonal_naive_7,107.0,326.0
2025-11-09,3,climatology,244.6871111111111,326.0
2025-11-09,3,arima_fourier,164.3984146087145,326.0
2025-11-09,3,arima_fourier_mean,184.35140491450528,326.0
2025-11-09,3,arima_no_fourier,165.08163014716342,326.0
2025-11-10,1,naive,279.0,297.0
2025-11-10,1,naive_carry,279.0,297.0
2025-11-10,1,seasonal_naive_7,99.2,297.0
2025-11-10,1,climatology,248.0346666666667,297.0
2025-11-10,1,arima_fourier,218.60781918525754,297.0
2025-11-10,1,arima_fourier_mean,236.16655476235258,297.0
2025-11-10,1,arima_no_fourier,222.94984917213813,297.0
2025-11-10,2,naive,279.0,326.0
2025-11-10,2,naive_carry,279.0,326.0
2025-11-10,2,seasonal_naive_7,107.0,326.0
2025-11-10,2,climatology,244.6871111111111,326.0
2025-11-10,2,arima_fourier,190.56565216962807,326.0
2025-11-10,2,arima_fourier_mean,211.57569015862182,326.0
2025-11-10,2,arima_no_fourier,198.27858117758615,326.0
2025-11-10,3,naive,279.0,287.0
2025-11-10,3,naive_carry,279.0,287.0
2025-11-10,3,seasonal_naive_7,186.0,287.0
2025-11-10,3,climatology,238.28711111111113,287.0
2025-11-10,3,arima_fourier,176.68198990646619,287.0
2025-11-10,3,arima_fourier_mean,198.1257504980457,287.0
2025-11-10,3,arima_no_fourier,186.48439150589775,287.0
2025-11-11,1,naive,297.0,326.0
2025-11-11,1,naive_carry,297.0,326.0
2025-11-11,1,seasonal_naive_7,107.0,326.0
2025-11-11,1,climatology,244.6871111111111,326.0
2025-11-11,1,arima_fourier,228.66529622142357,326.0
2025-11-11,1,arima_fourier_mean,247.03182788020328,326.0
2025-11-11,1,arima_no_fourier,237.91759613168975,326.0
2025-11-11,2,naive,297.0,287.0
2025-11-11,2,naive_carry,297.0,287.0
2025-11-11,2,seasonal_naive_7,186.0,287.0
2025-11-11,2,climatology,238.28711111111113,287.0
2025-11-11,2,arima_fourier,197.23781781041765,287.0
2025-11-11,2,arima_fourier_mean,218.9834069311441,287.0
2025-11-11,2,arima_no_fourier,211.86207159783507,287.0
2025-11-11,3,naive,297.0,228.0
2025-11-11,3,naive_carry,297.0,228.0
2025-11-11,3,seasonal_naive_7,215.0,228.0
2025-11-11,3,climatology,237.28647619047615,228.0
2025-11-11,3,arima_fourier,181.6827965184171,228.0
2025-11-11,3,arima_fourier_mean,203.73341730636045,228.0
2025-11-11,3,arima_no_fourier,199.39382689721276,228.0
2025-11-12,1,naive,326.0,287.0
2025-11-12,1,naive_carry,326.0,287.0
2025-11-12,1,seasonal_naive_7,186.0,287.0
2025-11-12,1,climatology,238.28711111111113,287.0
2025-11-12,1,arima_fourier,243.55198454291363,287.0
2025-11-12,1,arima_fourier_mean,263.1141951528617,287.0
2025-11-12,1,arima_no_fourier,258.808256634776,287.0
2025-11-12,2,naive,326.0,228.0
2025-11-12,2,naive_carry,326.0,228.0
2025-11-12,2,seasonal_naive_7,215.0,228.0
2025-11-12,2,climatology,237.28647619047615,228.0
2025-11-12,2,arima_fourier,206.36065151391335,228.0
2025-11-12,2,arima_fourier_mean,229.11197620238994,228.0
2025-11-12,2,arima_no_fourier,229.38253939329894,228.0
2025-11-13,1,naive,287.0,228.0
2025-11-13,1,naive_carry,287.0,228.0
2025-11-13,1,seasonal_naive_7,215.0,228.0
2025-11-13,1,climatology,237.28647619047615,228.0
2025-11-13,1,arima_fourier,227.52362530416102,228.0
2025-11-13,1,arima_fourier_mean,245.79840446506532,228.0
2025-11-13,1,arima_no_fourier,244.9589930555915,228.0
2025-11-13,3,naive,287.0,170.0
2025-11-13,3,naive_carry,287.0,170.0
2025-11-13,3,seasonal_naive_7,213.0,170.0
2025-11-13,3,climatology,214.5912380952381,170.0
2025-11-13,3,arima_fourier,185.36711732553567,170.0
2025-11-13,3,arima_fourier_mean,207.86473511207583,170.0
2025-11-13,3,arima_no_fourier,215.92943013246332,170.0
2025-11-14,2,naive,228.0,170.0
2025-11-14,2,naive_carry,228.0,170.0
2025-11-14,2,seasonal_naive_7,213.0,170.0
2025-11-14,2,climatology,214.5912380952381,170.0
2025-11-14,2,arima_fourier,185.50640630315576,170.0
2025-11-14,2,arima_fourier_mean,205.9584363664531,170.0
2025-11-14,2,arima_no_fourier,209.14827081652737,170.0
2025-11-16,2,naive,170.0,208.0
2025-11-16,2,naive_carry,170.0,208.0
2025-11-16,2,seasonal_naive_7,297.0,208.0
2025-11-16,2,climatology,196.2774603174603,208.0
2025-11-16,2,arima_fourier,169.08787677526888,208.0
2025-11-16,2,arima_fourier_mean,187.7304595009649,208.0
2025-11-16,2,arima_no_fourier,185.19785987484286,208.0
2025-11-18,3,naive,208.0,163.0
2025-11-18,3,naive_carry,208.0,163.0
2025-11-18,3,seasonal_naive_7,228.0,163.0
2025-11-18,3,climatology,172.25650793650794,163.0
2025-11-18,3,arima_fourier,178.70478387853012,163.0
2025-11-18,3,arima_fourier_mean,200.39585198851998,163.0
2025-11-18,3,arima_no_fourier,198.9759289621984,163.0
2025-11-21,2,naive,163.0,223.0
2025-11-21,2,naive_carry,163.0,223.0
2025-11-21,2,seasonal_naive_7,170.0,223.0
2025-11-21,2,climatology,163.7926984126984,223.0
2025-11-21,2,arima_fourier,169.44395723716391,223.0
2025-11-21,2,arima_fourier_mean,188.12898347163198,223.0
2025-11-21,2,arima_no_fourier,179.18806393090594,223.0
2025-11-22,1,naive,180.0,223.0
2025-11-22,1,naive_carry,180.0,223.0
2025-11-22,1,seasonal_naive_7,170.0,223.0
2025-11-22,1,climatology,163.7926984126984,223.0
2025-11-22,1,arima_fourier,177.21623613161933,223.0
2025-11-22,1,arima_fourier_mean,191.4518043601666,223.0
2025-11-22,1,arima_no_fourier,183.48300521076905,223.0
2025-11-22,3,naive,180.0,192.0
2025-11-22,3,naive_carry,180.0,192.0
2025-11-22,3,seasonal_naive_7,208.0,192.0
2025-11-22,3,climatology,166.11587301587304,192.0
2025-11-22,3,arima_fourier,175.05645932324563,192.0
2025-11-22,3,arima_fourier_mean,196.30834775001006,192.0
2025-11-22,3,arima_no_fourier,186.30493391562706,192.0
2025-11-23,2,naive,223.0,192.0
2025-11-23,2,naive_carry,223.0,192.0
2025-11-23,2,seasonal_naive_7,208.0,192.0
2025-11-23,2,climatology,166.11587301587304,192.0
2025-11-23,2,arima_fourier,190.12344018775826,192.0
2025-11-23,2,arima_fourier_mean,211.088513716522,192.0
2025-11-23,2,arima_no_fourier,203.3855719801644,192.0
2025-11-24,1,naive,221.0,192.0
2025-11-24,1,naive_carry,221.0,192.0
2025-11-24,1,seasonal_naive_7,208.0,192.0
2025-11-24,1,climatology,166.11587301587304,192.0
2025-11-24,1,arima_fourier,200.85057682843996,192.0
2025-11-24,1,arima_fourier_mean,216.9845301020777,192.0
2025-11-24,1,arima_no_fourier,210.17141163004314,192.0
2025-11-25,3,naive,192.0,221.0
2025-11-25,3,naive_carry,192.0,221.0
2025-11-25,3,seasonal_naive_7,163.0,221.0
2025-11-25,3,climatology,171.3190476190476,221.0
2025-11-25,3,arima_fourier,178.98572772500196,221.0
2025-11-25,3,arima_fourier_mean,200.71395791474578,221.0
2025-11-25,3,arima_no_fourier,194.26168403896125,221.0
2025-11-26,2,naive,164.0,221.0
2025-11-26,2,naive_carry,164.0,221.0
2025-11-26,2,seasonal_naive_7,163.0,221.0
2025-11-26,2,climatology,171.3190476190476,221.0
2025-11-26,2,arima_fourier,171.3855864393285,221.0
2025-11-26,2,arima_fourier_mean,190.28399986988669,221.0
2025-11-26,2,arima_no_fourier,180.5155860722402,221.0
2025-11-26,3,naive,164.0,146.0
2025-11-26,3,naive_carry,164.0,146.0
2025-11-26,3,seasonal_naive_7,180.0,146.0
2025-11-26,3,climatology,171.91523809523812,146.0
2025-11-26,3,arima_fourier,173.00542066352932,146.0
2025-11-26,3,arima_fourier_mean,194.00745774953484,146.0
2025-11-26,3,arima_no_fourier,183.65255521727323,146.0
2025-11-27,1,naive,221.0,221.0
2025-11-27,1,naive_carry,221.0,221.0
2025-11-27,1,seasonal_naive_7,163.0,221.0
2025-11-27,1,climatology,171.3190476190476,221.0
2025-11-27,1,arima_fourier,201.30546294152924,221.0
2025-11-27,1,arima_fourier_mean,217.47576909602654,221.0
2025-11-27,1,arima_no_fourier,209.6842193590441,221.0
2025-11-27,2,naive,221.0,146.0
2025-11-27,2,naive_carry,221.0,146.0
2025-11-27,2,seasonal_naive_7,180.0,146.0
2025-11-27,2,climatology,171.91523809523812,146.0
2025-11-27,2,arima_fourier,190.66305542203224,146.0
2025-11-27,2,arima_fourier_mean,211.6870165385882,146.0
2025-11-27,2,arima_no_fourier,203.99953406410555,146.0
2025-11-27,3,naive,221.0,155.0
2025-11-27,3,naive_carry,221.0,155.0
2025-11-27,3,seasonal_naive_7,223.0,155.0
2025-11-27,3,climatology,174.6660317460317,155.0
2025-11-27,3,arima_fourier,184.70078096599278,155.0
2025-11-27,3,arima_fourier_mean,207.12236615655172,155.0
2025-11-27,3,arima_no_fourier,201.08850181661717,155.0
2025-11-28,1,naive,221.0,146.0
2025-11-28,1,naive_carry,221.0,146.0
2025-11-28,1,seasonal_naive_7,180.0,146.0
2025-11-28,1,climatology,171.91523809523812,146.0
2025-11-28,1,arima_fourier,201.5481625136843,146.0
2025-11-28,1,arima_fourier_mean,217.73790485323377,146.0
2025-11-28,1,arima_no_fourier,210.93767817931345,146.0
2025-11-28,2,naive,221.0,155.0
2025-11-28,2,naive_carry,221.0,155.0
2025-11-28,2,seasonal_naive_7,223.0,155.0
2025-11-28,2,climatology,174.6660317460317,155.0
2025-11-28,2,arima_fourier,190.99936226652648,155.0
2025-11-28,2,arima_fourier_mean,212.0602629637224,155.0
2025-11-28,2,arima_no_fourier,205.85960610210915,155.0
2025-11-28,3,naive,221.0,152.0
2025-11-28,3,naive_carry,221.0,152.0
2025-11-28,3,seasonal_naive_7,221.0,152.0
2025-11-28,3,climatology,179.11269841269842,152.0
2025-11-28,3,arima_fourier,185.06265291810115,152.0
2025-11-28,3,arima_fourier_mean,207.52795937250778,152.0
2025-11-28,3,arima_no_fourier,203.25301894546263,152.0
2025-11-29,1,naive,146.0,155.0
2025-11-29,1,naive_carry,146.0,155.0
2025-11-29,1,seasonal_naive_7,223.0,155.0
2025-11-29,1,climatology,174.6660317460317,155.0
2025-11-29,1,arima_fourier,157.6671770683423,155.0
2025-11-29,1,arima_fourier_mean,170.33205010039984,155.0
2025-11-29,1,arima_no_fourier,162.89985020111527,155.0
2025-11-29,2,naive,146.0,152.0
2025-11-29,2,naive_carry,146.0,152.0
2025-11-29,2,seasonal_naive_7,221.0,152.0
2025-11-29,2,climatology,179.11269841269842,152.0
2025-11-29,2,arima_fourier,164.8215271612537,152.0
2025-11-29,2,arima_fourier_mean,182.995758980457,152.0
2025-11-29,2,arima_no_fourier,172.5023886754703,152.0
2025-11-29,3,naive,146.0,236.0
2025-11-29,3,naive_carry,146.0,236.0
2025-11-29,3,seasonal_naive_7,192.0,236.0
2025-11-29,3,climatology,182.80380952380952,236.0
2025-11-29,3,arima_fourier,169.0555982197113,236.0
2025-11-29,3,arima_fourier_mean,189.5775758312133,236.0
2025-11-29,3,arima_no_fourier,177.74712492605457,236.0
2025-11-30,1,naive,155.0,152.0
2025-11-30,1,naive_carry,155.0,152.0
2025-11-30,1,seasonal_naive_7,221.0,152.0
2025-11-30,1,climatology,179.11269841269842,152.0
2025-11-30,1,arima_fourier,163.15732067288283,152.0
2025-11-30,1,arima_fourier_mean,176.26315304313815,152.0
2025-11-30,1,arima_no_fourier,167.1344202713577,152.0
2025-11-30,2,naive,155.0,236.0
2025-11-30,2,naive_carry,155.0,236.0
2025-11-30,2,seasonal_naive_7,192.0,236.0
2025-11-30,2,climatology,182.80380952380952,236.0
2025-11-30,2,arima_fourier,168.02258915039448,236.0
2025-11-30,2,arima_fourier_mean,186.54966952949357,236.0
2025-11-30,2,arima_no_fourier,173.8535030956113,236.0
2025-11-30,3,naive,155.0,174.0
2025-11-30,3,naive_carry,155.0,174.0
2025-11-30,3,seasonal_naive_7,164.0,174.0
2025-11-30,3,climatology,185.04825396825396,174.0
2025-11-30,3,arima_fourier,170.82566435353257,174.0
2025-11-30,3,arima_fourier_mean,191.56233186078705,174.0
2025-11-30,3,arima_no_fourier,177.47396281103465,174.0
2025-12-01,1,naive,152.0,236.0
2025-12-01,1,naive_carry,152.0,236.0
2025-12-01,1,seasonal_naive_7,192.0,236.0
2025-12-01,1,climatology,182.80380952380952,236.0
2025-12-01,1,arima_fourier,161.09028993455146,236.0
2025-12-01,1,arima_fourier_mean,174.0300416392351,236.0
2025-12-01,1,arima_no_fourier,163.6719228504918,236.0
2025-12-01,2,naive,152.0,174.0
2025-12-01,2,naive_carry,152.0,174.0
2025-12-01,2,seasonal_naive_7,164.0,174.0
2025-12-01,2,climatology,185.04825396825396,174.0
2025-12-01,2,arima_fourier,166.53354632276267,174.0
2025-12-01,2,arima_fourier_mean,184.89632086257154,174.0
2025-12-01,2,arima_no_fourier,170.12811543838606,174.0
2025-12-01,3,naive,152.0,173.0
2025-12-01,3,naive_carry,152.0,173.0
2025-12-01,3,seasonal_naive_7,221.0,173.0
2025-12-01,3,climatology,180.6752380952381,173.0
2025-12-01,3,arima_fourier,169.6758329809367,173.0
2025-12-01,3,arima_fourier_mean,190.27274578440043,173.0
2025-12-01,3,arima_no_fourier,173.60500262820472,173.0
2025-12-02,1,naive,236.0,174.0
2025-12-02,1,naive_carry,236.0,174.0
2025-12-02,1,seasonal_naive_7,164.0,174.0
2025-12-02,1,climatology,185.04825396825396,174.0
2025-12-02,1,arima_fourier,209.000366666787,174.0
2025-12-02,1,arima_fourier_mean,225.78849199050265,174.0
2025-12-02,1,arima_no_fourier,214.69035835683584,174.0
2025-12-02,2,naive,236.0,173.0
2025-12-02,2,naive_carry,236.0,173.0
2025-12-02,2,seasonal_naive_7,221.0,173.0
2025-12-02,2,climatology,180.6752380952381,173.0
2025-12-02,2,arima_fourier,194.6242619753411,173.0
2025-12-02,2,arima_fourier_mean,216.08431950108624,173.0
2025-12-02,2,arima_no_fourier,204.32456659797893,173.0
2025-12-02,3,naive,236.0,178.0
2025-12-02,3,naive_carry,236.0,178.0
2025-12-02,3,seasonal_naive_7,221.0,178.0
2025-12-02,3,climatology,181.90412698412695,178.0
2025-12-02,3,arima_fourier,186.59348477187555,178.0
2025-12-02,3,arima_fourier_mean,209.24383958028204,178.0
2025-12-02,3,arima_no_fourier,199.1048762886591,178.0
2025-12-03,1,naive,174.0,173.0
2025-12-03,1,naive_carry,174.0,173.0
2025-12-03,1,seasonal_naive_7,221.0,173.0
2025-12-03,1,climatology,180.6752380952381,173.0
2025-12-03,1,arima_fourier,174.52250584994786,173.0
2025-12-03,1,arima_fourier_mean,188.54112403681518,173.0
2025-12-03,1,arima_no_fourier,178.777239759288,173.0
2025-12-03,2,naive,174.0,178.0
2025-12-03,2,naive_carry,174.0,178.0
2025-12-03,2,seasonal_naive_7,221.0,178.0
2025-12-03,2,climatology,181.90412698412695,178.0
2025-12-03,2,arima_fourier,174.70378263216014,178.0
2025-12-03,2,arima_fourier_mean,193.96721240808134,178.0
2025-12-03,2,arima_no_fourier,181.32738102464995,178.0
2025-12-03,3,naive,174.0,169.0
2025-12-03,3,naive_carry,174.0,169.0
2025-12-03,3,seasonal_naive_7,146.0,169.0
2025-12-03,3,climatology,182.07257142857145,169.0
2025-12-03,3,arima_fourier,174.67458685693862,169.0
2025-12-03,3,arima_fourier_mean,195.8779498380886,169.0
2025-12-03,3,arima_no_fourier,182.6753666371397,169.0
2025-12-04,1,naive,173.0,178.0
2025-12-04,1,naive_carry,173.0,178.0
2025-12-04,1,seasonal_naive_7,221.0,178.0
2025-12-04,1,climatology,181.90412698412695,178.0
2025-12-04,1,arima_fourier,173.79563663448246,178.0
2025-12-04,1,arima_fourier_mean,187.75582523952963,178.0
2025-12-04,1,arima_no_fourier,177.58102025048368,178.0
2025-12-04,2,naive,173.0,169.0
2025-12-04,2,naive_carry,173.0,169.0
2025-12-04,2,seasonal_naive_7,146.0,169.0
2025-12-04,2,climatology,182.07257142857145,169.0
2025-12-04,2,arima_fourier,174.12564567559602,169.0
2025-12-04,2,arima_fourier_mean,193.32521634981984,169.0
2025-12-04,2,arima_no_fourier,180.02465305351313,169.0
2025-12-04,3,naive,173.0,161.0
2025-12-04,3,naive_carry,173.0,161.0
2025-12-04,3,seasonal_naive_7,155.0,161.0
2025-12-04,3,climatology,181.5330476190476,161.0
2025-12-04,3,arima_fourier,174.17398868255162,161.0
2025-12-04,3,arima_fourier_mean,195.3164188067134,161.0
2025-12-04,3,arima_no_fourier,181.31585115629824,161.0
2025-12-05,1,naive,178.0,169.0
2025-12-05,1,naive_carry,178.0,169.0
2025-12-05,1,seasonal_naive_7,146.0,169.0
2025-12-05,1,climatology,182.07257142857145,169.0
2025-12-05,1,arima_fourier,176.6190221822702,169.0
2025-12-05,1,arima_fourier_mean,190.80595717567115,169.0
2025-12-05,1,arima_no_fourier,180.29446237978544,169.0
2025-12-05,2,naive,178.0,161.0
2025-12-05,2,naive_carry,178.0,161.0
2025-12-05,2,seasonal_naive_7,155.0,161.0
2025-12-05,2,climatology,181.5330476190476,161.0
2025-12-05,2,arima_fourier,175.67600490337415,161.0
2025-12-05,2,arima_fourier_mean,195.04641267533174,161.0
2025-12-05,2,arima_no_fourier,181.50604799742578,161.0
2025-12-05,3,naive,178.0,152.0
2025-12-05,3,naive_carry,178.0,152.0
2025-12-05,3,seasonal_naive_7,152.0,152.0
2025-12-05,3,climatology,179.23215873015872,152.0
2025-12-05,3,arima_fourier,174.9778179094244,152.0
2025-12-05,3,arima_fourier_mean,196.21765965893172,152.0
2025-12-05,3,arima_no_fourier,182.1428555000494,152.0
2025-12-06,1,naive,169.0,161.0
2025-12-06,1,naive_carry,169.0,161.0
2025-12-06,1,seasonal_naive_7,155.0,161.0
2025-12-06,1,climatology,181.5330476190476,161.0
2025-12-06,1,arima_fourier,171.1281883242704,161.0
2025-12-06,1,arima_fourier_mean,184.87403122190543,161.0
2025-12-06,1,arima_no_fourier,174.19570636215315,161.0
2025-12-06,2,naive,169.0,152.0
2025-12-06,2,naive_carry,169.0,152.0
2025-12-06,2,seasonal_naive_7,152.0,152.0
2025-12-06,2,climatology,179.23215873015872,152.0
2025-12-06,2,arima_fourier,172.2279660926996,152.0
2025-12-06,2,arima_fourier_mean,191.21808107664458,152.0
2025-12-06,2,arima_no_fourier,176.97597088925326,152.0
2025-12-06,3,naive,169.0,130.0
2025-12-06,3,naive_carry,169.0,130.0
2025-12-06,3,seasonal_naive_7,236.0,130.0
2025-12-06,3,climatology,175.8531111111111,130.0
2025-12-06,3,arima_fourier,172.71434817139706,130.0
2025-12-06,3,arima_fourier_mean,193.6792803013862,130.0
2025-12-06,3,arima_no_fourier,178.44746682914368,130.0
2025-12-07,1,naive,161.0,152.0
2025-12-07,1,naive_carry,161.0,152.0
2025-12-07,1,seasonal_naive_7,152.0,152.0
2025-12-07,1,climatology,179.23215873015872,152.0
2025-12-07,1,arima_fourier,166.0902343194628,152.0
2025-12-07,1,arima_fourier_mean,179.43136615690335,152.0
2025-12-07,1,arima_no_fourier,168.3353551117471,152.0
2025-12-07,2,naive,161.0,130.0
2025-12-07,2,naive_carry,161.0,130.0
2025-12-07,2,seasonal_naive_7,236.0,130.0
2025-12-07,2,climatology,175.8531111111111,130.0
2025-12-07,2,arima_fourier,168.9704579923467,130.0
2025-12-07,2,arima_fourier_mean,187.60129520523398,130.0
2025-12-07,2,arima_no_fourier,172.303328185371,130.0
2025-12-07,3,naive,161.0,129.0
2025-12-07,3,naive_carry,161.0,129.0
2025-12-07,3,seasonal_naive_7,174.0,129.0
2025-12-07,3,climatology,172.1042222222222,129.0
2025-12-07,3,arima_fourier,170.50921583208432,129.0
2025-12-07,3,arima_fourier_mean,191.20632777959662,129.0
2025-12-07,3,arima_no_fourier,174.41538737034386,129.0
2025-12-08,1,naive,152.0,130.0
2025-12-08,1,naive_carry,152.0,130.0
2025-12-08,1,seasonal_naive_7,236.0,130.0
2025-12-08,1,climatology,175.8531111111111,130.0
2025-12-08,1,arima_fourier,160.29163557350384,130.0
2025-12-08,1,arima_fourier_mean,173.16696134384335,130.0
2025-12-08,1,arima_no_fourier,161.48239112977757,130.0
2025-12-08,2,naive,152.0,129.0
2025-12-08,2,naive_carry,152.0,129.0
2025-12-08,2,seasonal_naive_7,174.0,129.0
2025-12-08,2,climatology,172.1042222222222,129.0
2025-12-08,2,arima_fourier,165.16501971741044,129.0
2025-12-08,2,arima_fourier_mean,183.37617066058655,129.0
2025-12-08,2,arima_no_fourier,166.6742387949362,129.0
2025-12-08,3,naive,152.0,143.0
2025-12-08,3,naive_carry,152.0,143.0
2025-12-08,3,seasonal_naive_7,173.0,143.0
2025-12-08,3,climatology,170.27184126984127,143.0
2025-12-08,3,arima_fourier,167.90692765260948,143.0
2025-12-08,3,arima_fourier_mean,188.28801917466222,143.0
2025-12-08,3,arima_no_fourier,169.45531934798768,143.0
2025-12-09,1,naive,130.0,129.0
2025-12-09,1,naive_carry,130.0,129.0
2025-12-09,1,seasonal_naive_7,174.0,129.0
2025-12-09,1,climatology,172.1042222222222,129.0
2025-12-09,1,arima_fourier,145.81804514968857,129.0
2025-12-09,1,arima_fourier_mean,157.5307569654625,129.0
2025-12-09,1,arima_no_fourier,145.2201881946232,129.0
2025-12-09,2,naive,130.0,143.0
2025-12-09,2,naive_carry,130.0,143.0
2025-12-09,2,seasonal_naive_7,173.0,143.0
2025-12-09,2,climatology,170.27184126984127,143.0
2025-12-09,2,arima_fourier,155.73725701770596,143.0
2025-12-09,2,arima_fourier_mean,172.90881231127784,143.0
2025-12-09,2,arima_no_fourier,153.87609472158178,143.0
2025-12-09,3,naive,130.0,191.0
2025-12-09,3,naive_carry,130.0,191.0
2025-12-09,3,seasonal_naive_7,178.0,191.0
2025-12-09,3,climatology,172.4985079365079,191.0
2025-12-09,3,arima_fourier,161.65647230871303,191.0
2025-12-09,3,arima_fourier_mean,181.2787282327343,191.0
2025-12-09,3,arima_no_fourier,158.60602354777686,191.0
2025-12-10,1,naive,129.0,143.0
2025-12-10,1,naive_carry,129.0,143.0
2025-12-10,1,seasonal_naive_7,173.0,143.0
2025-12-10,1,climatology,170.27184126984127,143.0
2025-12-10,1,arima_fourier,144.78943284414697,143.0
2025-12-10,1,arima_fourier_mean,156.4194914865397,143.0
2025-12-10,1,arima_no_fourier,142.72156525199043,143.0
2025-12-10,2,naive,129.0,191.0
2025-12-10,2,naive_carry,129.0,191.0
2025-12-10,2,seasonal_naive_7,178.0,191.0
2025-12-10,2,climatology,172.4985079365079,191.0
2025-12-10,2,arima_fourier,154.69482982981427,191.0
2025-12-10,2,arima_fourier_mean,171.75136288170808,191.0
2025-12-10,2,arima_no_fourier,150.4686309255733,191.0
2025-12-10,3,naive,129.0,357.0
2025-12-10,3,naive_carry,129.0,357.0
2025-12-10,3,seasonal_naive_7,169.0,357.0
2025-12-10,3,climatology,175.83755555555555,357.0
2025-12-10,3,arima_fourier,160.60761445869448,357.0
2025-12-10,3,arima_fourier_mean,180.10242700201317,357.0
2025-12-10,3,arima_no_fourier,154.68579695047126,357.0
2025-12-11,1,naive,143.0,191.0
2025-12-11,1,naive_carry,143.0,191.0
2025-12-11,1,seasonal_naive_7,178.0,191.0
2025-12-11,1,climatology,172.4985079365079,191.0
2025-12-11,1,arima_fourier,153.55481993955163,191.0
2025-12-11,1,arima_fourier_mean,165.88891731579878,191.0
2025-12-11,1,arima_no_fourier,150.65507207281,191.0
2025-12-11,2,naive,143.0,357.0
2025-12-11,2,naive_carry,143.0,357.0
2025-12-11,2,seasonal_naive_7,169.0,357.0
2025-12-11,2,climatology,175.83755555555555,357.0
2025-12-11,2,arima_fourier,159.8917896176963,357.0
2025-12-11,2,arima_fourier_mean,177.52125049501737,357.0
2025-12-11,2,arima_no_fourier,154.81991571391444,357.0
2025-12-11,3,naive,143.0,384.0
2025-12-11,3,naive_carry,143.0,384.0
2025-12-11,3,seasonal_naive_7,161.0,384.0
2025-12-11,3,climatology,177.72866666666667,384.0
2025-12-11,3,arima_fourier,163.53816368777598,384.0
2025-12-11,3,arima_fourier_mean,183.38856173691275,384.0
2025-12-11,3,arima_no_fourier,157.0434649774708,384.0
2025-12-12,1,naive,191.0,357.0
2025-12-12,1,naive_carry,191.0,357.0
2025-12-12,1,seasonal_naive_7,169.0,357.0
2025-12-12,1,climatology,175.83755555555555,357.0
2025-12-12,1,arima_fourier,182.05134602635286,357.0
2025-12-12,1,arima_fourier_mean,196.67435430434375,357.0
2025-12-12,1,arima_no_fourier,180.01094044067847,357.0
2025-12-12,2,naive,191.0,384.0
2025-12-12,2,naive_carry,191.0,384.0
2025-12-12,2,seasonal_naive_7,161.0,384.0
2025-12-12,2,climatology,177.72866666666667,384.0
2025-12-12,2,arima_fourier,176.87234321357008,384.0
2025-12-12,2,arima_fourier_mean,196.37396636682726,384.0
2025-12-12,2,arima_no_fourier,174.51858918873563,384.0
2025-12-12,3,naive,191.0,270.0
2025-12-12,3,naive_carry,191.0,270.0
2025-12-12,3,seasonal_naive_7,152.0,270.0
2025-12-12,3,climatology,179.0397777777778,270.0
2025-12-12,3,arima_fourier,173.7629505800605,270.0
2025-12-12,3,arima_fourier_mean,194.85430800973108,270.0
2025-12-12,3,arima_no_fourier,171.71355412668944,270.0
2025-12-13,1,naive,357.0,384.0
2025-12-13,1,naive_carry,357.0,384.0
2025-12-13,1,seasonal_naive_7,161.0,384.0
2025-12-13,1,climatology,177.72866666666667,384.0
2025-12-13,1,arima_fourier,264.00891731535194,384.0
2025-12-13,1,arima_fourier_mean,285.2149959935636,384.0
2025-12-13,1,arima_no_fourier,269.63210538143727,384.0
2025-12-13,2,naive,357.0,270.0
2025-12-13,2,naive_carry,357.0,270.0
2025-12-13,2,seasonal_naive_7,152.0,270.0
2025-12-13,2,climatology,179.0397777777778,270.0
2025-12-13,2,arima_fourier,221.31517327718117,270.0
2025-12-13,2,arima_fourier_mean,245.71687067796756,270.0
2025-12-13,2,arima_no_fourier,232.82454451717726,270.0
2025-12-13,3,naive,357.0,184.0
2025-12-13,3,naive_carry,357.0,184.0
2025-12-13,3,seasonal_naive_7,130.0,184.0
2025-12-13,3,climatology,182.8931111111111,184.0
2025-12-13,3,arima_fourier,199.55395127785727,184.0
2025-12-13,3,arima_fourier_mean,223.7756724239713,184.0
2025-12-13,3,arima_no_fourier,215.62345894112158,184.0
2025-12-14,1,naive,384.0,270.0
2025-12-14,1,naive_carry,384.0,270.0
2025-12-14,1,seasonal_naive_7,152.0,270.0
2025-12-14,1,climatology,179.0397777777778,270.0
2025-12-14,1,arima_fourier,276.56006556698964,270.0
2025-12-14,1,arima_fourier_mean,298.7742416842786,270.0
2025-12-14,1,arima_no_fourier,291.46744028905397,270.0
2025-12-14,2,naive,384.0,184.0
2025-12-14,2,naive_carry,384.0,184.0
2025-12-14,2,seasonal_naive_7,130.0,184.0
2025-12-14,2,climatology,182.8931111111111,184.0
2025-12-14,2,arima_fourier,228.29929546343465,184.0
2025-12-14,2,arima_fourier_mean,253.470934073942,184.0
2025-12-14,2,arima_no_fourier,252.33316690818518,184.0
2025-12-14,3,naive,384.0,184.0
2025-12-14,3,naive_carry,384.0,184.0
2025-12-14,3,seasonal_naive_7,129.0,184.0
2025-12-14,3,climatology,189.6042222222222,184.0
2025-12-14,3,arima_fourier,204.02182390680952,184.0
2025-12-14,3,arima_fourier_mean,228.7857035670903,184.0
2025-12-14,3,arima_no_fourier,234.0081541968185,184.0
2025-12-15,1,naive,270.0,184.0
2025-12-15,1,naive_carry,270.0,184.0
2025-12-15,1,seasonal_naive_7,130.0,184.0
2025-12-15,1,climatology,182.8931111111111,184.0
2025-12-15,1,arima_fourier,225.06273372690453,184.0
2025-12-15,1,arima_fourier_mean,243.14044006496889,184.0
2025-12-15,1,arima_no_fourier,240.3614339704078,184.0
2025-12-15,2,naive,270.0,184.0
2025-12-15,2,naive_carry,270.0,184.0
2025-12-15,2,seasonal_naive_7,129.0,184.0
2025-12-15,2,climatology,189.6042222222222,184.0
2025-12-15,2,arima_fourier,202.27019186935755,184.0
2025-12-15,2,arima_fourier_mean,224.57183817913548,184.0
2025-12-15,2,arima_no_fourier,226.181763460712,184.0
2025-12-15,3,naive,270.0,301.0
2025-12-15,3,naive_carry,270.0,301.0
2025-12-15,3,seasonal_naive_7,143.0,301.0
2025-12-15,3,climatology,194.41977777777777,301.0
2025-12-15,3,arima_fourier,189.9201925388521,301.0
2025-12-15,3,arima_fourier_mean,212.97230135966456,301.0
2025-12-15,3,arima_no_fourier,219.10313351293863,301.0
2025-12-16,1,naive,184.0,184.0
2025-12-16,1,naive_carry,184.0,184.0
2025-12-16,1,seasonal_naive_7,129.0,184.0
2025-12-16,1,climatology,189.6042222222222,184.0
2025-12-16,1,arima_fourier,179.43099180223328,184.0
2025-12-16,1,arima_fourier_mean,193.84338885669172,184.0
2025-12-16,1,arima_no_fourier,190.86674005947683,184.0
2025-12-16,2,naive,184.0,301.0
2025-12-16,2,naive_carry,184.0,301.0
2025-12-16,2,seasonal_naive_7,143.0,301.0
2025-12-16,2,climatology,194.41977777777777,301.0
2025-12-16,2,arima_fourier,176.6639833683698,301.0
2025-12-16,2,arima_fourier_mean,196.14229127512831,301.0
2025-12-16,2,arima_no_fourier,194.55897610470362,301.0
2025-12-16,3,naive,184.0,232.0
2025-12-16,3,naive_carry,184.0,232.0
2025-12-16,3,seasonal_naive_7,191.0,232.0
2025-12-16,3,climatology,199.04199999999997,232.0
2025-12-16,3,arima_fourier,174.91615110044987,232.0
2025-12-16,3,arima_fourier_mean,196.1469804301119,232.0
2025-12-16,3,arima_no_fourier,196.51809390403503,232.0
2025-12-17,1,naive,184.0,301.0
2025-12-17,1,naive_carry,184.0,301.0
2025-12-17,1,seasonal_naive_7,143.0,301.0
2025-12-17,1,climatology,194.41977777777777,301.0
2025-12-17,1,arima_fourier,179.3259605242118,301.0
2025-12-17,1,arima_fourier_mean,193.72988963144243,301.0
2025-12-17,1,arima_no_fourier,190.08234472538774,301.0
2025-12-17,2,naive,184.0,232.0
2025-12-17,2,naive_carry,184.0,232.0
2025-12-17,2,seasonal_naive_7,191.0,232.0
2025-12-17,2,climatology,199.04199999999997,232.0
2025-12-17,2,arima_fourier,176.50306468052023,232.0
2025-12-17,2,arima_fourier_mean,195.96355050526265,232.0
2025-12-17,2,arima_no_fourier,193.342601215197,232.0
2025-12-17,3,naive,184.0,275.0
2025-12-17,3,naive_carry,184.0,275.0
2025-12-17,3,seasonal_naive_7,357.0,275.0
2025-12-17,3,climatology,200.87977777777775,275.0
2025-12-17,3,arima_fourier,174.72629135868814,275.0
2025-12-17,3,arima_fourier_mean,195.93395851828996,275.0
2025-12-17,3,arima_no_fourier,195.06967835107952,275.0
2025-12-18,1,naive,301.0,232.0
2025-12-18,1,naive_carry,301.0,232.0
2025-12-18,1,seasonal_naive_7,191.0,232.0
2025-12-18,1,climatology,199.04199999999997,232.0
2025-12-18,1,arima_fourier,240.17637539043727,232.0
2025-12-18,1,arima_fourier_mean,259.4679274881115,232.0
2025-12-18,1,arima_no_fourier,258.9123283093006,232.0
2025-12-18,2,naive,301.0,275.0
2025-12-18,2,naive_carry,301.0,275.0
2025-12-18,2,seasonal_naive_7,357.0,275.0
2025-12-18,2,climatology,200.87977777777775,275.0
2025-12-18,2,arima_fourier,210.44794260836457,275.0
2025-12-18,2,arima_fourier_mean,233.65095534743355,275.0
2025-12-18,2,arima_no_fourier,239.3019335731124,275.0
2025-12-18,3,naive,301.0,239.0
2025-12-18,3,naive_carry,301.0,239.0
2025-12-18,3,seasonal_naive_7,384.0,239.0
2025-12-18,3,climatology,209.2068888888889,239.0
2025-12-18,3,arima_fourier,194.71490982576512,239.0
2025-12-18,3,arima_fourier_mean,218.34859820657218,239.0
2025-12-18,3,arima_no_fourier,229.6459267755825,239.0
2025-12-19,1,naive,232.0,275.0
2025-12-19,1,naive_carry,232.0,275.0
2025-12-19,1,seasonal_naive_7,357.0,275.0
2025-12-19,1,climatology,200.87977777777775,275.0
2025-12-19,1,arima_fourier,206.15694944634404,275.0
2025-12-19,1,arima_fourier_mean,222.71594394157265,275.0
2025-12-19,1,arima_no_fourier,223.1844969687732,275.0
2025-12-19,2,naive,232.0,239.0
2025-12-19,2,naive_carry,232.0,239.0
2025-12-19,2,seasonal_naive_7,384.0,239.0
2025-12-19,2,climatology,209.2068888888889,239.0
2025-12-19,2,arima_fourier,192.3076075144682,239.0
2025-12-19,2,arima_fourier_mean,213.51046878029132,239.0
2025-12-19,2,arima_no_fourier,218.70884481651748,239.0
2025-12-19,3,naive,232.0,290.0
2025-12-19,3,naive_carry,232.0,290.0
2025-12-19,3,seasonal_naive_7,270.0,290.0
2025-12-19,3,climatology,213.9616507936508,290.0
2025-12-19,3,arima_fourier,184.52743724015752,290.0
2025-12-19,3,arima_fourier_mean,206.92449482617639,290.0
2025-12-19,3,arima_no_fourier,216.4042658026071,290.0
2025-12-20,1,naive,275.0,239.0
2025-12-20,1,naive_carry,275.0,239.0
2025-12-20,1,seasonal_naive_7,384.0,239.0
2025-12-20,1,climatology,209.2068888888889,239.0
2025-12-20,1,arima_fourier,228.25618510093008,239.0
2025-12-20,1,arima_fourier_mean,246.59020337244493,239.0
2025-12-20,1,arima_no_fourier,249.72929427749295,239.0
2025-12-20,2,naive,275.0,290.0
2025-12-20,2,naive_carry,275.0,290.0
2025-12-20,2,seasonal_naive_7,270.0,290.0
2025-12-20,2,climatology,213.9616507936508,290.0
2025-12-20,2,arima_fourier,204.64691018685025,290.0
2025-12-20,2,arima_fourier_mean,227.2101550360234,290.0
2025-12-20,2,arima_no_fourier,237.4532703256217,290.0
2025-12-20,3,naive,275.0,283.0
2025-12-20,3,naive_carry,275.0,283.0
2025-12-20,3,seasonal_naive_7,184.0,283.0
2025-12-20,3,climatology,222.4784126984127,283.0
2025-12-20,3,arima_fourier,191.8953739784413,283.0
2025-12-20,3,arima_fourier_mean,215.18659741775616,283.0
2025-12-20,3,arima_no_fourier,231.27602765175072,283.0
2025-12-21,1,naive,239.0,290.0
2025-12-21,1,naive_carry,239.0,290.0
2025-12-21,1,seasonal_naive_7,270.0,290.0
2025-12-21,1,climatology,213.9616507936508,290.0
2025-12-21,1,arima_fourier,210.32255308885235,290.0
2025-12-21,1,arima_fourier_mean,227.2160709907309,290.0
2025-12-21,1,arima_no_fourier,230.92008837484155,290.0
2025-12-21,2,naive,239.0,283.0
2025-12-21,2,naive_carry,239.0,283.0
2025-12-21,2,seasonal_naive_7,184.0,283.0
2025-12-21,2,climatology,222.4784126984127,283.0
2025-12-21,2,arima_fourier,195.0917601711013,283.0
2025-12-21,2,arima_fourier_mean,216.6014274459096,283.0
2025-12-21,2,arima_no_fourier,226.8042578211741,283.0
2025-12-21,3,naive,239.0,108.0
2025-12-21,3,naive_carry,239.0,108.0
2025-12-21,3,seasonal_naive_7,184.0,108.0
2025-12-21,3,climatology,228.01619047619047,108.0
2025-12-21,3,arima_fourier,186.58997540157435,108.0
2025-12-21,3,arima_fourier_mean,209.23714553900766,108.0
2025-12-21,3,arima_no_fourier,224.6812793190699,108.0
2025-12-22,1,naive,290.0,283.0
2025-12-22,1,naive_carry,290.0,283.0
2025-12-22,1,seasonal_naive_7,184.0,283.0
2025-12-22,1,climatology,222.4784126984127,283.0
2025-12-22,1,arima_fourier,236.1651033278775,283.0
2025-12-22,1,arima_fourier_mean,255.13430898780473,283.0
2025-12-22,1,arima_no_fourier,262.123937957308,283.0
2025-12-22,2,naive,290.0,108.0
2025-12-22,2,naive_carry,290.0,108.0
2025-12-22,2,seasonal_naive_7,184.0,108.0
2025-12-22,2,climatology,228.01619047619047,108.0
2025-12-22,2,arima_fourier,209.4091304537137,108.0
2025-12-22,2,arima_fourier_mean,232.49726382149854,108.0
2025-12-22,2,arima_no_fourier,248.6307264443333,108.0
2025-12-22,3,naive,290.0,104.0
2025-12-22,3,naive_carry,290.0,104.0
2025-12-22,3,seasonal_naive_7,301.0,104.0
2025-12-22,3,climatology,233.8761904761905,104.0
2025-12-22,3,arima_fourier,195.1038874063766,104.0
2025-12-22,3,arima_fourier_mean,218.78431032222386,104.0
2025-12-22,3,arima_no_fourier,241.85366568052083,104.0
2025-12-23,1,naive,283.0,108.0
2025-12-23,1,naive_carry,283.0,108.0
2025-12-23,1,seasonal_naive_7,184.0,108.0
2025-12-23,1,climatology,228.01619047619047,108.0
2025-12-23,1,arima_fourier,233.19889924677113,108.0
2025-12-23,1,arima_fourier_mean,251.92981916242616,108.0
2025-12-23,1,arima_no_fourier,261.0344491573098,108.0
2025-12-23,2,naive,283.0,104.0
2025-12-23,2,naive_carry,283.0,104.0
2025-12-23,2,seasonal_naive_7,301.0,104.0
2025-12-23,2,climatology,233.8761904761905,104.0
2025-12-23,2,arima_fourier,208.20215555937364,104.0
2025-12-23,2,arima_fourier_mean,231.15713538603043,104.0
2025-12-23,2,arima_no_fourier,250.23560212990134,104.0
2025-12-23,3,naive,283.0,173.0
2025-12-23,3,naive_carry,283.0,173.0
2025-12-23,3,seasonal_naive_7,232.0,173.0
2025-12-23,3,climatology,239.69904761904763,173.0
2025-12-23,3,arima_fourier,194.75381193603596,173.0
2025-12-23,3,arima_fourier_mean,218.39163353957505,173.0
2025-12-23,3,arima_no_fourier,244.76768624339311,173.0
2025-12-24,1,naive,108.0,104.0
2025-12-24,1,naive_carry,108.0,104.0
2025-12-24,1,seasonal_naive_7,301.0,104.0
2025-12-24,1,climatology,233.8761904761905,104.0
2025-12-24,1,arima_fourier,131.7210563483643,104.0
2025-12-24,1,arima_fourier_mean,142.30108949009787,104.0
2025-12-24,1,arima_no_fourier,142.8402756621184,104.0
2025-12-24,2,naive,108.0,173.0
2025-12-24,2,naive_carry,108.0,173.0
2025-12-24,2,seasonal_naive_7,232.0,173.0
2025-12-24,2,climatology,239.69904761904763,173.0
2025-12-24,2,arima_fourier,147.713231862835,173.0
2025-12-24,2,arima_fourier_mean,163.99905144671166,173.0
2025-12-24,2,arima_no_fourier,165.32856952688692,173.0
2025-12-24,3,naive,108.0,264.0
2025-12-24,3,naive_carry,108.0,264.0
2025-12-24,3,seasonal_naive_7,275.0,264.0
2025-12-24,3,climatology,244.1879365079365,264.0
2025-12-24,3,arima_fourier,157.75302467310763,264.0
2025-12-24,3,arima_fourier_mean,176.89986807053148,264.0
2025-12-24,3,arima_no_fourier,178.46465823053302,264.0
2025-12-25,1,naive,104.0,173.0
2025-12-25,1,naive_carry,104.0,173.0
2025-12-25,1,seasonal_naive_7,232.0,173.0
2025-12-25,1,climatology,239.69904761904763,173.0
2025-12-25,1,arima_fourier,128.3465383728997,173.0
2025-12-25,1,arima_fourier_mean,138.65550695928383,173.0
2025-12-25,1,arima_no_fourier,135.1422136923044,173.0
2025-12-25,2,naive,104.0,264.0
2025-12-25,2,naive_carry,104.0,264.0
2025-12-25,2,seasonal_naive_7,275.0,264.0
2025-12-25,2,climatology,244.1879365079365,264.0
2025-12-25,2,arima_fourier,144.9174882330249,264.0
2025-12-25,2,arima_fourier_mean,160.8950160137408,264.0
2025-12-25,2,arima_no_fourier,154.98077167691426,264.0
2025-12-25,3,naive,104.0,247.0
2025-12-25,3,naive_carry,104.0,247.0
2025-12-25,3,seasonal_naive_7,239.0,247.0
2025-12-25,3,climatology,243.73460317460317,247.0
2025-12-25,3,arima_fourier,155.38193542333167,247.0
2025-12-25,3,arima_fourier_mean,174.2409100571277,247.0
2025-12-25,3,arima_no_fourier,166.4887817256192,247.0
2025-12-26,1,naive,173.0,264.0
2025-12-26,1,naive_carry,173.0,264.0
2025-12-26,1,seasonal_naive_7,275.0,264.0
2025-12-26,1,climatology,244.1879365079365,264.0
2025-12-26,1,arima_fourier,173.07651458520687,264.0
2025-12-26,1,arima_fourier_mean,186.97823182546128,264.0
2025-12-26,1,arima_no_fourier,181.30847983093307,264.0
2025-12-26,2,naive,173.0,247.0
2025-12-26,2,naive_carry,173.0,247.0
2025-12-26,2,seasonal_naive_7,239.0,247.0
2025-12-26,2,climatology,243.73460317460317,247.0
2025-12-26,2,arima_fourier,172.9691258444887,247.0
2025-12-26,2,arima_fourier_mean,192.03935783182962,247.0
2025-12-26,2,arima_no_fourier,185.81088884898622,247.0
2025-12-26,3,naive,173.0,285.0
2025-12-26,3,naive_carry,173.0,285.0
2025-12-26,3,seasonal_naive_7,290.0,285.0
2025-12-26,3,climatology,241.96920634920633,285.0
2025-12-26,3,arima_fourier,172.75111940381277,285.0
2025-12-26,3,arima_fourier_mean,193.71813078021268,285.0
2025-12-26,3,arima_no_fourier,188.2096593884887,285.0
2025-12-27,1,naive,264.0,247.0
2025-12-27,1,naive_carry,264.0,247.0
2025-12-27,1,seasonal_naive_7,239.0,247.0
2025-12-27,1,climatology,243.73460317460317,247.0
2025-12-27,1,arima_fourier,222.34448826954298,247.0
2025-12-27,1,arima_fourier_mean,240.20343950635507,247.0
2025-12-27,1,arima_no_fourier,235.90916312117017,247.0
2025-12-27,2,naive,264.0,285.0
2025-12-27,2,naive_carry,264.0,285.0
2025-12-27,2,seasonal_naive_7,290.0,285.0
2025-12-27,2,climatology,241.96920634920633,285.0
2025-12-27,2,arima_fourier,201.03708872626558,285.0
2025-12-27,2,arima_fourier_mean,223.20180679899104,285.0
2025-12-27,2,arima_no_fourier,222.43090787505025,285.0
2025-12-27,3,naive,264.0,247.0
2025-12-27,3,naive_carry,264.0,247.0
2025-12-27,3,seasonal_naive_7,283.0,247.0
2025-12-27,3,climatology,241.29968253968255,247.0
2025-12-27,3,arima_fourier,189.42435774430083,247.0
2025-12-27,3,arima_fourier_mean,212.41492278484202,247.0
2025-12-27,3,arima_no_fourier,215.69225903629675,247.0
2025-12-28,1,naive,247.0,285.0
2025-12-28,1,naive_carry,247.0,285.0
2025-12-28,1,seasonal_naive_7,290.0,285.0
2025-12-28,1,climatology,241.96920634920633,285.0
2025-12-28,1,arima_fourier,214.0124001274813,285.0
2025-12-28,1,arima_fourier_mean,231.20208098066647,285.0
2025-12-28,1,arima_no_fourier,229.01869477151016,285.0
2025-12-28,2,naive,247.0,247.0
2025-12-28,2,naive_carry,247.0,247.0
2025-12-28,2,seasonal_naive_7,283.0,247.0
2025-12-28,2,climatology,241.29968253968255,247.0
2025-12-28,2,arima_fourier,196.7153153258481,247.0
2025-12-28,2,arima_fourier_mean,218.40348359161533,247.0
2025-12-28,2,arima_no_fourier,220.14325067982224,247.0
2025-12-28,3,naive,247.0,275.0
2025-12-28,3,naive_carry,247.0,275.0
2025-12-28,3,seasonal_naive_7,108.0,275.0
2025-12-28,3,climatology,235.85206349206348,275.0
2025-12-28,3,arima_fourier,187.12756762236694,275.0
2025-12-28,3,arima_fourier_mean,209.83927604302914,275.0
2025-12-28,3,arima_no_fourier,215.63987275171135,275.0
2025-12-29,1,naive,285.0,247.0
2025-12-29,1,naive_carry,285.0,247.0
2025-12-29,1,seasonal_naive_7,283.0,247.0
2025-12-29,1,climatology,241.29968253968255,247.0
2025-12-29,1,arima_fourier,233.25387538494027,247.0
2025-12-29,1,arima_fourier_mean,251.98902024550253,247.0
2025-12-29,1,arima_no_fourier,252.95499818097016,247.0
2025-12-29,2,naive,285.0,275.0
2025-12-29,2,naive_carry,285.0,275.0
2025-12-29,2,seasonal_naive_7,108.0,275.0
2025-12-29,2,climatology,235.85206349206348,275.0
2025-12-29,2,arima_fourier,207.40403418228627,275.0
2025-12-29,2,arima_fourier_mean,230.2705823762254,275.0
2025-12-29,2,arima_no_fourier,237.6593434527156,275.0
2025-12-29,3,naive,285.0,234.0
2025-12-29,3,naive_carry,285.0,234.0
2025-12-29,3,seasonal_naive_7,104.0,234.0
2025-12-29,3,climatology,220.09587301587305,234.0
2025-12-29,3,arima_fourier,193.40178755727126,234.0
2025-12-29,3,arima_fourier_mean,216.87490505387115,234.0
2025-12-29,3,arima_no_fourier,230.03276196717988,234.0
2025-12-30,1,naive,247.0,275.0
2025-12-30,1,naive_carry,247.0,275.0
2025-12-30,1,seasonal_naive_7,108.0,275.0
2025-12-30,1,climatology,235.85206349206348,275.0
2025-12-30,1,arima_fourier,214.58902682295556,275.0
2025-12-30,1,arima_fourier_mean,231.824968952864,275.0
2025-12-30,1,arima_no_fourier,234.08941609912674,275.0
2025-12-30,2,naive,247.0,234.0
2025-12-30,2,naive_carry,247.0,234.0
2025-12-30,2,seasonal_naive_7,104.0,234.0
2025-12-30,2,climatology,220.09587301587305,234.0
2025-12-30,2,arima_fourier,197.42020817997553,234.0
2025-12-30,2,arima_fourier_mean,219.1859644554009,234.0
2025-12-30,2,arima_no_fourier,227.6091307104984,234.0
2025-12-30,3,naive,247.0,96.1
2025-12-30,3,naive_carry,247.0,96.1
2025-12-30,3,seasonal_naive_7,173.0,96.1
2025-12-30,3,climatology,216.3,96.1
2025-12-30,3,arima_fourier,187.93461233315676,96.1
2025-12-30,3,arima_fourier_mean,210.7440912988112,96.1
2025-12-30,3,arima_no_fourier,224.2921746537339,96.1
2025-12-31,1,naive,275.0,234.0
2025-12-31,1,naive_carry,275.0,234.0
2025-12-31,1,seasonal_naive_7,104.0,234.0
2025-12-31,1,climatology,220.09587301587305,234.0
2025-12-31,1,arima_fourier,228.80266269934503,234.0
2025-12-31,1,arima_fourier_mean,247.18022648452168,234.0
2025-12-31,1,arima_no_fourier,252.13328610422747,234.0
2025-12-31,2,naive,275.0,96.1
2025-12-31,2,naive_carry,275.0,96.1
2025-12-31,2,seasonal_naive_7,173.0,96.1
2025-12-31,2,climatology,216.3,96.1
2025-12-31,2,arima_fourier,205.44469660692448,96.1
2025-12-31,2,arima_fourier_mean,228.09509625679104,96.1
2025-12-31,2,arima_no_fourier,240.94314919301925,96.1
2025-12-31,3,naive,275.0,146.0
2025-12-31,3,naive_carry,275.0,146.0
2025-12-31,3,seasonal_naive_7,264.0,146.0
2025-12-31,3,climatology,214.6126984126984,146.0
2025-12-31,3,arima_fourier,192.75392275502517,146.0
2025-12-31,3,arima_fourier_mean,216.1482287510949,146.0
2025-12-31,3,arima_no_fourier,235.290716685712,146.0
2026-01-01,1,naive,234.0,96.1
2026-01-01,1,naive_carry,234.0,96.1
2026-01-01,1,seasonal_naive_7,173.0,96.1
2026-01-01,1,climatology,216.3,96.1
2026-01-01,1,arima_fourier,208.20759636060083,96.1
2026-01-01,1,arima_fourier_mean,224.93092790238182,96.1
2026-01-01,1,arima_no_fourier,229.78487806736447,96.1
2026-01-01,2,naive,234.0,146.0
2026-01-01,2,naive_carry,234.0,146.0
2026-01-01,2,seasonal_naive_7,264.0,146.0
2026-01-01,2,climatology,214.6126984126984,146.0
2026-01-01,2,arima_fourier,194.31508300286524,146.0
2026-01-01,2,arima_fourier_mean,215.73837747977427,146.0
2026-01-01,2,arima_no_fourier,227.61100454724166,146.0
2026-01-01,3,naive,234.0,139.0
2026-01-01,3,naive_carry,234.0,139.0
2026-01-01,3,seasonal_naive_7,247.0,139.0
2026-01-01,3,climatology,209.7253968253968,139.0
2026-01-01,3,arima_fourier,186.43803346549262,139.0
2026-01-01,3,arima_fourier_mean,209.0657040024257,139.0
2026-01-01,3,arima_no_fourier,226.48243221842313,139.0
2026-01-02,1,naive,96.1,146.0
2026-01-02,1,naive_carry,96.1,146.0
2026-01-02,1,seasonal_naive_7,264.0,146.0
2026-01-02,1,climatology,214.6126984126984,146.0
2026-01-02,1,arima_fourier,122.68928056917005,146.0
2026-01-02,1,arima_fourier_mean,132.543726948424,146.0
2026-01-02,1,arima_no_fourier,130.81762036243265,146.0
2026-01-02,2,naive,96.1,139.0
2026-01-02,2,naive_carry,96.1,139.0
2026-01-02,2,seasonal_naive_7,247.0,139.0
2026-01-02,2,climatology,209.7253968253968,139.0
2026-01-02,2,arima_fourier,141.23659480676537,139.0
2026-01-02,2,arima_fourier_mean,156.80792899156677,139.0
2026-01-02,2,arima_no_fourier,153.7122122858657,139.0
2026-01-02,3,naive,96.1,132.0
2026-01-02,3,naive_carry,96.1,132.0
2026-01-02,3,seasonal_naive_7,285.0,132.0
2026-01-02,3,climatology,208.85396825396825,132.0
2026-01-02,3,arima_fourier,153.0805876128269,132.0
2026-01-02,3,arima_fourier_mean,171.6596541021196,132.0
2026-01-02,3,arima_no_fourier,167.23808438784022,132.0
2026-01-03,1,naive,146.0,139.0
2026-01-03,1,naive_carry,146.0,139.0
2026-01-03,1,seasonal_naive_7,247.0,139.0
2026-01-03,1,climatology,209.7253968253968,139.0
2026-01-03,1,arima_fourier,156.63109647911253,139.0
2026-01-03,1,arima_fourier_mean,169.2117440704145,139.0
2026-01-03,1,arima_no_fourier,164.81780889643665,139.0
2026-01-03,2,naive,146.0,132.0
2026-01-03,2,naive_carry,146.0,132.0
2026-01-03,2,seasonal_naive_7,285.0,132.0
2026-01-03,2,climatology,208.85396825396825,132.0
2026-01-03,2,arima_fourier,162.94878085311717,132.0
2026-01-03,2,arima_fourier_mean,180.9138368629596,132.0
2026-01-03,2,arima_no_fourier,175.60498108341014,132.0
2026-01-03,3,naive,146.0,186.0
2026-01-03,3,naive_carry,146.0,186.0
2026-01-03,3,seasonal_naive_7,247.0,186.0
2026-01-03,3,climatology,207.5892063492063,186.0
2026-01-03,3,arima_fourier,166.5017295018231,186.0
2026-01-03,3,arima_fourier_mean,186.7096206485808,186.0
2026-01-03,3,arima_no_fourier,181.52413548413182,186.0
2026-01-04,1,naive,139.0,132.0
2026-01-04,1,naive_carry,139.0,132.0
2026-01-04,1,seasonal_naive_7,285.0,132.0
2026-01-04,1,climatology,208.85396825396825,132.0
2026-01-04,1,arima_fourier,151.7769458547235,132.0
2026-01-04,1,arima_fourier_mean,163.9676904427297,132.0
2026-01-04,1,arima_no_fourier,157.59074038280693,132.0
2026-01-04,2,naive,139.0,186.0
2026-01-04,2,naive_carry,139.0,186.0
2026-01-04,2,seasonal_naive_7,247.0,186.0
2026-01-04,2,climatology,207.5892063492063,186.0
2026-01-04,2,arima_fourier,159.5119332687961,186.0
2026-01-04,2,arima_fourier_mean,177.09803339294893,186.0
2026-01-04,2,arima_no_fourier,168.2823022603722,186.0
2026-01-04,3,naive,139.0,155.0
2026-01-04,3,naive_carry,139.0,155.0
2026-01-04,3,seasonal_naive_7,275.0,155.0
2026-01-04,3,climatology,209.6380952380952,155.0
2026-01-04,3,arima_fourier,163.9381667343618,155.0
2026-01-04,3,arima_fourier_mean,183.83485684514494,155.0
2026-01-04,3,arima_no_fourier,174.15897992852567,155.0
2026-01-05,1,naive,132.0,186.0
2026-01-05,1,naive_carry,132.0,186.0
2026-01-05,1,seasonal_naive_7,247.0,186.0
2026-01-05,1,climatology,207.5892063492063,186.0
2026-01-05,1,arima_fourier,146.80228877342935,186.0
2026-01-05,1,arima_fourier_mean,158.5934527505294,186.0
2026-01-05,1,arima_no_fourier,150.365110146842,186.0
2026-01-05,2,naive,132.0,155.0
2026-01-05,2,naive_carry,132.0,155.0
2026-01-05,2,seasonal_naive_7,275.0,155.0
2026-01-05,2,climatology,209.6380952380952,155.0
2026-01-05,2,arima_fourier,155.9213321028497,155.0
2026-01-05,2,arima_fourier_mean,173.11152820527406,155.0
2026-01-05,2,arima_no_fourier,160.96468873945489,155.0
2026-01-05,3,naive,132.0,168.0
2026-01-05,3,naive_carry,132.0,168.0
2026-01-05,3,seasonal_naive_7,234.0,168.0
2026-01-05,3,climatology,207.67142857142855,168.0
2026-01-05,3,arima_fourier,161.21545307759456,168.0
2026-01-05,3,arima_fourier_mean,180.78163044263786,168.0
2026-01-05,3,arima_no_fourier,166.8017484115478,168.0
2026-01-06,1,naive,186.0,155.0
2026-01-06,1,naive_carry,186.0,155.0
2026-01-06,1,seasonal_naive_7,275.0,155.0
2026-01-06,1,climatology,209.6380952380952,155.0
2026-01-06,1,arima_fourier,179.4870449959985,155.0
2026-01-06,1,arima_fourier_mean,193.90343107993036,155.0
2026-01-06,1,arima_no_fourier,184.25171133356474,155.0
2026-01-06,2,naive,186.0,168.0
2026-01-06,2,naive_carry,186.0,168.0
2026-01-06,2,seasonal_naive_7,234.0,168.0
2026-01-06,2,climatology,207.67142857142855,168.0
2026-01-06,2,arima_fourier,175.51634608239064,168.0
2026-01-06,2,arima_fourier_mean,194.86682971041313,168.0
2026-01-06,2,arima_no_fourier,183.3440398921244,168.0
2026-01-06,3,naive,186.0,215.0
2026-01-06,3,naive_carry,186.0,215.0
2026-01-06,3,seasonal_naive_7,96.1,215.0
2026-01-06,3,climatology,202.08095238095237,215.0
2026-01-06,3,arima_fourier,172.94070396581913,215.0
2026-01-06,3,arima_fourier_mean,193.9298676703704,215.0
2026-01-06,3,arima_no_fourier,182.87117726448733,215.0
2026-01-07,1,naive,155.0,168.0
2026-01-07,1,naive_carry,155.0,168.0
2026-01-07,1,seasonal_naive_7,234.0,168.0
2026-01-07,1,climatology,207.67142857142855,168.0
2026-01-07,1,arima_fourier,160.8539734586678,168.0
2026-01-07,1,arima_fourier_mean,173.77373654116914,168.0
2026-01-07,1,arima_no_fourier,164.27363414464347,168.0
2026-01-07,2,naive,155.0,215.0
2026-01-07,2,naive_carry,155.0,215.0
2026-01-07,2,seasonal_naive_7,96.1,215.0
2026-01-07,2,climatology,202.08095238095237,215.0
2026-01-07,2,arima_fourier,164.0667523816463,215.0
2026-01-07,2,arima_fourier_mean,182.15488876677256,215.0
2026-01-07,2,arima_no_fourier,169.34192748199902,215.0
2026-01-07,3,naive,155.0,171.0
2026-01-07,3,naive_carry,155.0,171.0
2026-01-07,3,seasonal_naive_7,146.0,171.0
2026-01-07,3,climatology,197.0015873015873,171.0
2026-01-07,3,arima_fourier,165.64629257461362,171.0
2026-01-07,3,arima_fourier_mean,185.75009762684076,171.0
2026-01-07,3,arima_no_fourier,172.05422997673665,171.0
2026-01-08,1,naive,168.0,215.0
2026-01-08,1,naive_carry,168.0,215.0
2026-01-08,1,seasonal_naive_7,96.1,215.0
2026-01-08,1,climatology,202.08095238095237,215.0
2026-01-08,1,arima_fourier,168.3634267393458,215.0
2026-01-08,1,arima_fourier_mean,181.88633141092566,215.0
2026-01-08,1,arima_no_fourier,171.77237217822253,215.0
2026-01-08,2,naive,168.0,171.0
2026-01-08,2,naive_carry,168.0,171.0
2026-01-08,2,seasonal_naive_7,146.0,171.0
2026-01-08,2,climatology,197.0015873015873,171.0
2026-01-08,2,arima_fourier,168.25230591158336,171.0
2026-01-08,2,arima_fourier_mean,186.80185179127267,171.0
2026-01-08,2,arima_no_fourier,173.77865149551764,171.0
2026-01-08,3,naive,168.0,158.0
2026-01-08,3,naive_carry,168.0,158.0
2026-01-08,3,seasonal_naive_7,139.0,158.0
2026-01-08,3,climatology,193.64603174603175,158.0
2026-01-08,3,arima_fourier,167.840589073759,158.0
2026-01-08,3,arima_fourier_mean,188.2106443354179,158.0
2026-01-08,3,arima_no_fourier,174.83709952451582,158.0
2026-01-09,1,naive,215.0,171.0
2026-01-09,1,naive_carry,215.0,171.0
2026-01-09,1,seasonal_naive_7,146.0,171.0
2026-01-09,1,climatology,197.0015873015873,171.0
2026-01-09,1,arima_fourier,194.58826032739745,171.0
2026-01-09,1,arima_fourier_mean,210.21751806555892,171.0
2026-01-09,1,arima_no_fourier,200.41474074086773,171.0
2026-01-09,2,naive,215.0,158.0
2026-01-09,2,naive_carry,215.0,158.0
2026-01-09,2,seasonal_naive_7,139.0,158.0
2026-01-09,2,climatology,193.64603174603175,158.0
2026-01-09,2,arima_fourier,183.2449972423829,158.0
2026-01-09,2,arima_fourier_mean,203.44741857943114,158.0
2026-01-09,2,arima_no_fourier,193.18608174459752,158.0
2026-01-09,3,naive,215.0,167.0
2026-01-09,3,naive_carry,215.0,167.0
2026-01-09,3,seasonal_naive_7,132.0,167.0
2026-01-09,3,climatology,195.27650793650795,167.0
2026-01-09,3,arima_fourier,176.56316634109038,167.0
2026-01-09,3,arima_fourier_mean,197.99177748193844,167.0
2026-01-09,3,arima_no_fourier,189.510453949316,167.0
2026-01-10,1,naive,171.0,158.0
2026-01-10,1,naive_carry,171.0,158.0
2026-01-10,1,seasonal_naive_7,139.0,158.0
2026-01-10,1,climatology,193.64603174603175,158.0
2026-01-10,1,arima_fourier,169.6895898857214,158.0
2026-01-10,1,arima_fourier_mean,183.3189798879086,158.0
2026-01-10,1,arima_no_fourier,174.65527060822134,158.0
2026-01-10,2,naive,171.0,167.0
2026-01-10,2,naive_carry,171.0,167.0
2026-01-10,2,seasonal_naive_7,132.0,167.0
2026-01-10,2,climatology,195.27650793650795,167.0
2026-01-10,2,arima_fourier,168.55678688668027,167.0
2026-01-10,2,arima_fourier_mean,187.1398202916867,167.0
2026-01-10,2,arima_no_fourier,176.5977119346295,167.0
2026-01-10,3,naive,171.0,260.0
2026-01-10,3,naive_carry,171.0,260.0
2026-01-10,3,seasonal_naive_7,186.0,260.0
2026-01-10,3,climatology,192.67936507936508,260.0
2026-01-10,3,arima_fourier,167.500092125308,260.0
2026-01-10,3,arima_fourier_mean,187.82870302285667,260.0
2026-01-10,3,arima_no_fourier,177.62205084141118,260.0
2026-01-11,1,naive,158.0,167.0
2026-01-11,1,naive_carry,158.0,167.0
2026-01-11,1,seasonal_naive_7,132.0,167.0
2026-01-11,1,climatology,195.27650793650795,167.0
2026-01-11,1,arima_fourier,161.5513409653796,167.0
2026-01-11,1,arima_fourier_mean,174.52705604059776,167.0
2026-01-11,1,arima_no_fourier,165.70418466110522,167.0
2026-01-11,2,naive,158.0,260.0
2026-01-11,2,naive_carry,158.0,260.0
2026-01-11,2,seasonal_naive_7,186.0,260.0
2026-01-11,2,climatology,192.67936507936508,260.0
2026-01-11,2,arima_fourier,163.26125767595514,260.0
2026-01-11,2,arima_fourier_mean,181.26043237434106,260.0
2026-01-11,2,arima_no_fourier,169.88134320670562,260.0
2026-01-11,3,naive,158.0,237.0
2026-01-11,3,naive_carry,158.0,237.0
2026-01-11,3,seasonal_naive_7,155.0,237.0
2026-01-11,3,climatology,192.35555555555553,237.0
2026-01-11,3,arima_fourier,163.84165457811304,237.0
2026-01-11,3,arima_fourier_mean,183.72620376187896,237.0
2026-01-11,3,arima_no_fourier,172.1074483899609,237.0
2026-01-12,1,naive,167.0,260.0
2026-01-12,1,naive_carry,167.0,260.0
2026-01-12,1,seasonal_naive_7,186.0,260.0
2026-01-12,1,climatology,192.67936507936508,260.0
2026-01-12,1,arima_fourier,166.51402707021055,260.0
2026-01-12,1,arima_fourier_mean,179.88832781358414,260.0
2026-01-12,1,arima_no_fourier,170.72414048230726,260.0
2026-01-12,2,naive,167.0,237.0
2026-01-12,2,naive_carry,167.0,237.0
2026-01-12,2,seasonal_naive_7,155.0,237.0
2026-01-12,2,climatology,192.35555555555553,237.0
2026-01-12,2,arima_fourier,165.80502512406622,237.0
2026-01-12,2,arima_fourier_mean,184.08460702510246,237.0
2026-01-12,2,arima_no_fourier,172.7045412150761,237.0
2026-01-12,3,naive,167.0,217.0
2026-01-12,3,naive_carry,167.0,217.0
2026-01-12,3,seasonal_naive_7,168.0,217.0
2026-01-12,3,climatology,193.55507936507937,217.0
2026-01-12,3,arima_fourier,164.93842137404218,217.0
2026-01-12,3,arima_fourier_mean,184.95602389411272,217.0
2026-01-12,3,arima_no_fourier,173.74927379059824,217.0
2026-01-13,1,naive,260.0,237.0
2026-01-13,1,naive_carry,260.0,237.0
2026-01-13,1,seasonal_naive_7,155.0,237.0
2026-01-13,1,climatology,192.35555555555553,237.0
2026-01-13,1,arima_fourier,216.11852174315956,237.0
2026-01-13,1,arima_fourier_mean,233.47700555473293,237.0
2026-01-13,1,arima_no_fourier,225.61142108115737,237.0
2026-01-13,2,naive,260.0,217.0
2026-01-13,2,naive_carry,260.0,217.0
2026-01-13,2,seasonal_naive_7,168.0,217.0
2026-01-13,2,climatology,193.55507936507937,217.0
2026-01-13,2,arima_fourier,193.56114849374663,217.0
2026-01-13,2,arima_fourier_mean,214.9007299946519,217.0
2026-01-13,2,arima_no_fourier,209.47994872519178,217.0
2026-01-13,3,naive,260.0,220.0
2026-01-13,3,naive_carry,260.0,220.0
2026-01-13,3,seasonal_naive_7,215.0,220.0
2026-01-13,3,climatology,193.0984126984127,220.0
2026-01-13,3,arima_fourier,181.00947549072058,220.0
2026-01-13,3,arima_fourier_mean,202.97746806529017,220.0
2026-01-13,3,arima_no_fourier,201.50903422565656,220.0
2026-01-14,1,naive,237.0,217.0
2026-01-14,1,naive_carry,237.0,217.0
2026-01-14,1,seasonal_naive_7,168.0,217.0
2026-01-14,1,climatology,193.55507936507937,217.0
2026-01-14,1,arima_fourier,204.4753696477106,217.0
2026-01-14,1,arima_fourier_mean,220.8986669383511,217.0
2026-01-14,1,arima_no_fourier,216.13743368865752,217.0
2026-01-14,2,naive,237.0,220.0
2026-01-14,2,naive_carry,237.0,220.0
2026-01-14,2,seasonal_naive_7,215.0,220.0
2026-01-14,2,climatology,193.0984126984127,220.0
2026-01-14,2,arima_fourier,187.10525485025838,220.0
2026-01-14,2,arima_fourier_mean,207.7330520833592,220.0
2026-01-14,2,arima_no_fourier,205.96971790708,220.0
2026-01-14,3,naive,237.0,368.0
2026-01-14,3,naive_carry,237.0,368.0
2026-01-14,3,seasonal_naive_7,171.0,368.0
2026-01-14,3,climatology,189.59079365079367,368.0
2026-01-14,3,arima_fourier,177.1327709189067,368.0
2026-01-14,3,arima_fourier_mean,198.63021588447663,368.0
2026-01-14,3,arima_no_fourier,200.8446714095846,368.0
2026-01-15,1,naive,217.0,220.0
2026-01-15,1,naive_carry,217.0,220.0
2026-01-15,1,seasonal_naive_7,215.0,220.0
2026-01-15,1,climatology,193.0984126984127,220.0
2026-01-15,1,arima_fourier,193.8390151335071,220.0
2026-01-15,1,arima_fourier_mean,209.4079933468192,220.0
2026-01-15,1,arima_no_fourier,206.49155579878783,220.0
2026-01-15,2,naive,217.0,368.0
2026-01-15,2,naive_carry,217.0,368.0
2026-01-15,2,seasonal_naive_7,171.0,368.0
2026-01-15,2,climatology,189.59079365079367,368.0
2026-01-15,2,arima_fourier,180.9550320611761,368.0
2026-01-15,2,arima_fourier_mean,200.90474803311503,368.0
2026-01-15,2,arima_no_fourier,201.2006428049068,368.0
2026-01-15,3,naive,217.0,291.0
2026-01-15,3,naive_carry,217.0,291.0
2026-01-15,3,seasonal_naive_7,158.0,291.0
2026-01-15,3,climatology,187.15650793650792,291.0
2026-01-15,3,arima_fourier,173.27724519033464,291.0
2026-01-15,3,arima_fourier_mean,194.30671678876206,291.0
2026-01-15,3,arima_no_fourier,198.48809363535048,291.0
2026-01-16,1,naive,220.0,368.0
2026-01-16,1,naive_carry,220.0,368.0
2026-01-16,1,seasonal_naive_7,171.0,368.0
2026-01-16,1,climatology,189.59079365079367,368.0
2026-01-16,1,arima_fourier,195.10564126912942,368.0
2026-01-16,1,arima_fourier_mean,210.77633845337328,368.0
2026-01-16,1,arima_no_fourier,209.4658961671635,368.0
2026-01-16,2,naive,220.0,291.0
2026-01-16,2,naive_carry,220.0,291.0
2026-01-16,2,seasonal_naive_7,158.0,291.0
2026-01-16,2,climatology,187.15650793650792,291.0
2026-01-16,2,arima_fourier,181.33674592099763,291.0
2026-01-16,2,arima_fourier_mean,201.32850803569846,291.0
2026-01-16,2,arima_no_fourier,204.1597472094874,291.0
2026-01-16,3,naive,220.0,274.0
2026-01-16,3,naive_carry,220.0,274.0
2026-01-16,3,seasonal_naive_7,167.0,274.0
2026-01-16,3,climatology,185.86603174603175,274.0
2026-01-16,3,arima_fourier,173.16103936145532,274.0
2026-01-16,3,arima_fourier_mean,194.1763558593896,274.0
2026-01-16,3,arima_no_fourier,201.4387667525488,274.0
2026-01-17,1,naive,368.0,291.0
2026-01-17,1,naive_carry,368.0,291.0
2026-01-17,1,seasonal_naive_7,158.0,291.0
2026-01-17,1,climatology,187.15650793650792,291.0
2026-01-17,1,arima_fourier,264.4722899292926,291.0
2026-01-17,1,arima_fourier_mean,285.7144293047542,291.0
2026-01-17,1,arima_no_fourier,292.046668166396,291.0
2026-01-17,2,naive,368.0,274.0
2026-01-17,2,naive_carry,368.0,274.0
2026-01-17,2,seasonal_naive_7,167.0,274.0
2026-01-17,2,climatology,185.86603174603175,274.0
2026-01-17,2,arima_fourier,217.47633189806072,274.0
2026-01-17,2,arima_fourier_mean,241.45231824958586,274.0
2026-01-17,2,arima_no_fourier,258.7932004777264,274.0
2026-01-17,3,naive,368.0,213.0
2026-01-17,3,naive_carry,368.0,213.0
2026-01-17,3,seasonal_naive_7,260.0,213.0
2026-01-17,3,climatology,182.6915873015873,213.0
2026-01-17,3,arima_fourier,193.35647342413327,213.0
2026-01-17,3,arima_fourier_mean,216.8227087479071,213.0
2026-01-17,3,arima_no_fourier,242.9403161247292,213.0
2026-01-18,1,naive,291.0,274.0
2026-01-18,1,naive_carry,291.0,274.0
2026-01-18,1,seasonal_naive_7,167.0,274.0
2026-01-18,1,climatology,185.86603174603175,274.0
2026-01-18,1,arima_fourier,230.1976341989522,274.0
2026-01-18,1,arima_fourier_mean,248.6868517285573,274.0
2026-01-18,1,arima_no_fourier,258.2035710922643,274.0
2026-01-18,2,naive,291.0,213.0
2026-01-18,2,naive_carry,291.0,213.0
2026-01-18,2,seasonal_naive_7,260.0,213.0
2026-01-18,2,climatology,182.6915873015873,213.0
2026-01-18,2,arima_fourier,200.10879342832794,213.0
2026-01-18,2,arima_fourier_mean,222.17003262131,213.0
2026-01-18,2,arima_no_fourier,242.55282476420652,213.0
2026-01-18,3,naive,291.0,175.0
2026-01-18,3,naive_carry,291.0,175.0
2026-01-18,3,seasonal_naive_7,237.0,175.0
2026-01-18,3,climatology,176.8515873015873,175.0
2026-01-18,3,arima_fourier,183.71529507260982,175.0
2026-01-18,3,arima_fourier_mean,206.01140009317157,175.0
2026-01-18,3,arima_no_fourier,234.75011928593892,175.0
2026-01-19,1,naive,274.0,213.0
2026-01-19,1,naive_carry,274.0,213.0
2026-01-19,1,seasonal_naive_7,260.0,213.0
2026-01-19,1,climatology,182.6915873015873,213.0
2026-01-19,1,arima_fourier,221.9510223061526,213.0
2026-01-19,1,arima_fourier_mean,239.777865076352,213.0
2026-01-19,1,arima_no_fourier,251.8778044700351,213.0
2026-01-19,2,naive,274.0,175.0
2026-01-19,2,naive_carry,274.0,175.0
2026-01-19,2,seasonal_naive_7,237.0,175.0
2026-01-19,2,climatology,176.8515873015873,175.0
2026-01-19,2,arima_fourier,195.5741240441101,175.0
2026-01-19,2,arima_fourier_mean,217.13539663893468,175.0
2026-01-19,2,arima_no_fourier,241.03016477076255,175.0
2026-01-19,3,naive,274.0,178.0
2026-01-19,3,naive_carry,274.0,178.0
2026-01-19,3,seasonal_naive_7,217.0,178.0
2026-01-19,3,climatology,169.80396825396826,178.0
2026-01-19,3,arima_fourier,180.93132725918838,178.0
2026-01-19,3,arima_fourier_mean,202.88951350454465,178.0
2026-01-19,3,arima_no_fourier,235.54497669881576,178.0
2026-01-20,1,naive,213.0,175.0
2026-01-20,1,naive_carry,213.0,175.0
2026-01-20,1,seasonal_naive_7,237.0,175.0
2026-01-20,1,climatology,176.8515873015873,175.0
2026-01-20,1,arima_fourier,190.8442752854066,175.0
2026-01-20,1,arima_fourier_mean,206.17264758301127,175.0
2026-01-20,1,arima_no_fourier,216.67775586102192,175.0
2026-01-20,2,naive,213.0,178.0
2026-01-20,2,naive_carry,213.0,178.0
2026-01-20,2,seasonal_naive_7,217.0,178.0
2026-01-20,2,climatology,169.80396825396826,178.0
2026-01-20,2,arima_fourier,178.2764193366566,178.0
2026-01-20,2,arima_fourier_mean,197.93065618160313,178.0
2026-01-20,2,arima_no_fourier,218.6261646727071,178.0
2026-01-20,3,naive,213.0,137.0
2026-01-20,3,naive_carry,213.0,137.0
2026-01-20,3,seasonal_naive_7,220.0,137.0
2026-01-20,3,climatology,165.29507936507937,137.0
2026-01-20,3,arima_fourier,170.58417786281214,137.0
2026-01-20,3,arima_fourier_mean,191.2865674415043,137.0
2026-01-20,3,arima_no_fourier,219.65200372257996,137.0
2026-01-21,1,naive,175.0,178.0
2026-01-21,1,naive_carry,175.0,178.0
2026-01-21,1,seasonal_naive_7,217.0,178.0
2026-01-21,1,climatology,169.80396825396826,178.0
2026-01-21,1,arima_fourier,169.31980840021632,178.0
2026-01-21,1,arima_fourier_mean,182.91935094879784,178.0
2026-01-21,1,arima_no_fourier,190.88002740907132,178.0
2026-01-21,2,naive,175.0,137.0
2026-01-21,2,naive_carry,175.0,137.0
2026-01-21,2,seasonal_naive_7,220.0,137.0
2026-01-21,2,climatology,165.29507936507937,137.0
2026-01-21,2,arima_fourier,165.35670073284436,137.0
2026-01-21,2,arima_fourier_mean,183.5865629339574,137.0
2026-01-21,2,arima_no_fourier,199.74987326802938,137.0
2026-01-21,3,naive,175.0,72.4
2026-01-21,3,naive_carry,175.0,72.4
2026-01-21,3,seasonal_naive_7,368.0,72.4
2026-01-21,3,climatology,163.0704761904762,72.4
2026-01-21,3,arima_fourier,162.32446929404347,72.4
2026-01-21,3,arima_fourier_mean,182.02440379722435,72.4
2026-01-21,3,arima_no_fourier,204.55106839661727,72.4
2026-01-22,1,naive,178.0,137.0
2026-01-22,1,naive_carry,178.0,137.0
2026-01-22,1,seasonal_naive_7,220.0,137.0
2026-01-22,1,climatology,165.29507936507937,137.0
2026-01-22,1,arima_fourier,170.34704769935547,137.0
2026-01-22,1,arima_fourier_mean,184.02908536054093,137.0
2026-01-22,1,arima_no_fourier,191.07810026446788,137.0
2026-01-22,2,naive,178.0,72.4
2026-01-22,2,naive_carry,178.0,72.4
2026-01-22,2,seasonal_naive_7,368.0,72.4
2026-01-22,2,climatology,163.0704761904762,72.4
2026-01-22,2,arima_fourier,165.2649841403479,72.4
2026-01-22,2,arima_fourier_mean,183.48470659281688,72.4
2026-01-22,2,arima_no_fourier,198.29522957727218,72.4
2026-01-22,3,naive,178.0,89.3
2026-01-22,3,naive_carry,178.0,89.3
2026-01-22,3,seasonal_naive_7,291.0,89.3
2026-01-22,3,climatology,159.13206349206348,89.3
2026-01-22,3,arima_fourier,161.5741157961793,89.3
2026-01-22,3,arima_fourier_mean,181.182945004055,89.3
2026-01-22,3,arima_no_fourier,202.17715126687136,89.3
2026-01-23,1,naive,137.0,72.4
2026-01-23,1,naive_carry,137.0,72.4
2026-01-23,1,seasonal_naive_7,368.0,72.4
2026-01-23,1,climatology,163.0704761904762,72.4
2026-01-23,1,arima_fourier,145.18159545619093,72.4
2026-01-23,1,arima_fourier_mean,156.8423695892545,72.4
2026-01-23,1,arima_no_fourier,160.51520709431514,72.4
2026-01-23,2,naive,137.0,89.3
2026-01-23,2,naive_carry,137.0,89.3
2026-01-23,2,seasonal_naive_7,291.0,89.3
2026-01-23,2,climatology,159.13206349206348,89.3
2026-01-23,2,arima_fourier,149.41563346920253,89.3
2026-01-23,2,arima_fourier_mean,165.88801118660794,89.3
2026-01-23,2,arima_no_fourier,174.37778698015634,89.3
2026-01-23,3,naive,137.0,112.0
2026-01-23,3,naive_carry,137.0,112.0
2026-01-23,3,seasonal_naive_7,274.0,112.0
2026-01-23,3,climatology,158.3942857142857,112.0
2026-01-23,3,arima_fourier,151.14323655513772,112.0
2026-01-23,3,arima_fourier_mean,169.48612409033618,112.0
2026-01-23,3,arima_no_fourier,182.09725256788317,112.0
2026-01-24,1,naive,72.4,89.3
2026-01-24,1,naive_carry,72.4,89.3
2026-01-24,1,seasonal_naive_7,291.0,89.3
2026-01-24,1,climatology,159.13206349206348,89.3
2026-01-24,1,arima_fourier,98.78400150789336,89.3
2026-01-24,1,arima_fourier_mean,106.71818226551521,89.3
2026-01-24,1,arima_no_fourier,105.15147633967813,89.3
2026-01-24,2,naive,72.4,112.0
2026-01-24,2,naive_carry,72.4,112.0
2026-01-24,2,seasonal_naive_7,274.0,112.0
2026-01-24,2,climatology,158.3942857142857,112.0
2026-01-24,2,arima_fourier,117.72786248701792,112.0
2026-01-24,2,arima_fourier_mean,130.70679186556973,112.0
2026-01-24,2,arima_no_fourier,127.81136172586234,112.0
2026-01-24,3,naive,72.4,154.0
2026-01-24,3,naive_carry,72.4,154.0
2026-01-24,3,seasonal_naive_7,213.0,154.0
2026-01-24,3,climatology,154.57142857142856,154.0
2026-01-24,3,arima_fourier,129.66043838084806,154.0
2026-01-24,3,arima_fourier_mean,145.39612160233955,154.0
2026-01-24,3,arima_no_fourier,141.54336978294612,154.0
2026-01-25,1,naive,89.3,112.0
2026-01-25,1,naive_carry,89.3,112.0
2026-01-25,1,seasonal_naive_7,274.0,112.0
2026-01-25,1,climatology,158.3942857142857,112.0
2026-01-25,1,arima_fourier,110.86883611132424,112.0
2026-01-25,1,arima_fourier_mean,119.77364556672363,112.0
2026-01-25,1,arima_no_fourier,115.20873705077366,112.0
2026-01-25,2,naive,89.3,154.0
2026-01-25,2,naive_carry,89.3,154.0
2026-01-25,2,seasonal_naive_7,213.0,154.0
2026-01-25,2,climatology,154.57142857142856,154.0
2026-01-25,2,arima_fourier,125.0450367782566,154.0
2026-01-25,2,arima_fourier_mean,138.83062953320737,154.0
2026-01-25,2,arima_no_fourier,131.625103911239,154.0
2026-01-25,3,naive,89.3,130.0
2026-01-25,3,naive_carry,89.3,130.0
2026-01-25,3,seasonal_naive_7,175.0,130.0
2026-01-25,3,climatology,152.19809523809525,130.0
2026-01-25,3,arima_fourier,133.34441776087024,130.0
2026-01-25,3,arima_fourier_mean,149.5271598980802,130.0
2026-01-25,3,arima_no_fourier,141.1210163668695,130.0
2026-01-26,1,naive,112.0,154.0
2026-01-26,1,naive_carry,112.0,154.0
2026-01-26,1,seasonal_naive_7,213.0,154.0
2026-01-26,1,climatology,154.57142857142856,154.0
2026-01-26,1,arima_fourier,125.80222191484326,154.0
2026-01-26,1,arima_fourier_mean,135.9064497314423,154.0
2026-01-26,1,arima_no_fourier,129.28410589893275,154.0
2026-01-26,2,naive,112.0,130.0
2026-01-26,2,naive_carry,112.0,130.0
2026-01-26,2,seasonal_naive_7,175.0,130.0
2026-01-26,2,climatology,152.19809523809525,130.0
2026-01-26,2,arima_fourier,133.83136919607048,130.0
2026-01-26,2,arima_fourier_mean,148.5855907056701,130.0
2026-01-26,2,arima_no_fourier,139.35981783466676,130.0
2026-01-26,3,naive,112.0,117.0
2026-01-26,3,naive_carry,112.0,117.0
2026-01-26,3,seasonal_naive_7,178.0,117.0
2026-01-26,3,climatology,148.94396825396828,117.0
2026-01-26,3,arima_fourier,137.91241107632172,117.0
2026-01-26,3,arima_fourier_mean,154.64949539699828,117.0
2026-01-26,3,arima_no_fourier,144.9375723884398,117.0
2026-01-27,1,naive,154.0,130.0
2026-01-27,1,naive_carry,154.0,130.0
2026-01-27,1,seasonal_naive_7,175.0,130.0
2026-01-27,1,climatology,152.19809523809525,130.0
2026-01-27,1,arima_fourier,150.93631374495953,130.0
2026-01-27,1,arima_fourier_mean,163.0592617090422,130.0
2026-01-27,1,arima_no_fourier,155.74193873327553,130.0
2026-01-27,2,naive,154.0,117.0
2026-01-27,2,naive_carry,154.0,117.0
2026-01-27,2,seasonal_naive_7,178.0,117.0
2026-01-27,2,climatology,148.94396825396828,117.0
2026-01-27,2,arima_fourier,148.30077276743125,117.0
2026-01-27,2,arima_fourier_mean,164.6501494729829,117.0
2026-01-27,2,arima_no_fourier,156.66067449974983,117.0
2026-01-27,3,naive,154.0,125.0
2026-01-27,3,naive_carry,154.0,125.0
2026-01-27,3,seasonal_naive_7,137.0,125.0
2026-01-27,3,climatology,150.03396825396828,125.0
2026-01-27,3,arima_fourier,145.8873267972285,125.0
2026-01-27,3,arima_fourier_mean,163.59221625408927,125.0
2026-01-27,3,arima_no_fourier,157.14326085289332,125.0
2026-01-28,1,naive,130.0,117.0
2026-01-28,1,naive_carry,130.0,117.0
2026-01-28,1,seasonal_naive_7,178.0,117.0
2026-01-28,1,climatology,148.94396825396828,117.0
2026-01-28,1,arima_fourier,135.6986548198038,117.0
2026-01-28,1,arima_fourier_mean,146.59773221810983,117.0
2026-01-28,1,arima_no_fourier,139.6729158269201,117.0
2026-01-28,2,naive,130.0,125.0
2026-01-28,2,naive_carry,130.0,125.0
2026-01-28,2,seasonal_naive_7,137.0,125.0
2026-01-28,2,climatology,150.03396825396828,125.0
2026-01-28,2,arima_fourier,138.27073561443353,125.0
2026-01-28,2,arima_fourier_mean,153.51433349271386,125.0
2026-01-28,2,arima_no_fourier,145.01441768738937,125.0
2026-01-28,3,naive,130.0,189.0
2026-01-28,3,naive_carry,130.0,189.0
2026-01-28,3,seasonal_naive_7,72.4,189.0
2026-01-28,3,climatology,147.10619047619048,189.0
2026-01-28,3,arima_fourier,138.89726763149346,189.0
2026-01-28,3,arima_fourier_mean,155.75381311732727,189.0
2026-01-28,3,arima_no_fourier,147.8884768913348,189.0
2026-01-29,1,naive,117.0,125.0
2026-01-29,1,naive_carry,117.0,125.0
2026-01-29,1,seasonal_naive_7,137.0,125.0
2026-01-29,1,climatology,150.03396825396828,125.0
2026-01-29,1,arima_fourier,126.60079608651388,125.0
2026-01-29,1,arima_fourier_mean,136.769142452164,125.0
2026-01-29,1,arima_no_fourier,129.58035152038937,125.0
2026-01-29,2,naive,117.0,189.0
2026-01-29,2,naive_carry,117.0,189.0
2026-01-29,2,seasonal_naive_7,72.4,189.0
2026-01-29,2,climatology,147.10619047619048,189.0
2026-01-29,2,arima_fourier,131.69579671430284,189.0
2026-01-29,2,arima_fourier_mean,146.21452452682664,189.0
2026-01-29,2,arima_no_fourier,136.68870177626692,189.0
2026-01-29,3,naive,117.0,96.0
2026-01-29,3,naive_carry,117.0,96.0
2026-01-29,3,seasonal_naive_7,89.3,96.0
2026-01-29,3,climatology,146.8852380952381,96.0
2026-01-29,3,arima_fourier,133.8625707298687,96.0
2026-01-29,3,arima_fourier_mean,150.10807801776335,96.0
2026-01-29,3,arima_no_fourier,140.55978097990626,96.0
2026-01-30,1,naive,125.0,189.0
2026-01-30,1,naive_carry,125.0,189.0
2026-01-30,1,seasonal_naive_7,72.4,189.0
2026-01-30,1,climatology,147.10619047619048,189.0
2026-01-30,1,arima_fourier,130.70290564440813,189.0
2026-01-30,1,arima_fourier_mean,141.2007189623025,189.0
2026-01-30,1,arima_no_fourier,133.5990217023855,189.0
2026-01-30,2,naive,125.0,96.0
2026-01-30,2,naive_carry,125.0,96.0
2026-01-30,2,seasonal_naive_7,89.3,96.0
2026-01-30,2,climatology,146.8852380952381,96.0
2026-01-30,2,arima_fourier,133.25228803691556,96.0
2026-01-30,2,arima_fourier_mean,147.9425918761157,96.0
2026-01-30,2,arima_no_fourier,138.32870188946583,96.0
2026-01-30,3,naive,125.0,137.0
2026-01-30,3,naive_carry,125.0,137.0
2026-01-30,3,seasonal_naive_7,112.0,137.0
2026-01-30,3,climatology,146.23971428571429,137.0
2026-01-30,3,arima_fourier,133.83879932560737,137.0
2026-01-30,3,arima_fourier_mean,150.08139412346796,137.0
2026-01-30,3,arima_no_fourier,140.86827427819094,137.0
2026-01-31,1,naive,189.0,96.0
2026-01-31,1,naive_carry,189.0,96.0
2026-01-31,1,seasonal_naive_7,89.3,96.0
2026-01-31,1,climatology,146.8852380952381,96.0
2026-01-31,1,arima_fourier,165.93373432882083,96.0
2026-01-31,1,arima_fourier_mean,179.2612133077217,96.0
2026-01-31,1,arima_no_fourier,172.43566115433867,96.0
2026-01-31,2,naive,189.0,137.0
2026-01-31,2,naive_carry,189.0,137.0
2026-01-31,2,seasonal_naive_7,112.0,137.0
2026-01-31,2,climatology,146.23971428571429,137.0
2026-01-31,2,arima_fourier,152.79169537593728,137.0
2026-01-31,2,arima_fourier_mean,169.63608668045003,137.0
2026-01-31,2,arima_no_fourier,164.36013869851783,137.0
2026-01-31,3,naive,189.0,134.0
2026-01-31,3,naive_carry,189.0,134.0
2026-01-31,3,seasonal_naive_7,154.0,134.0
2026-01-31,3,climatology,145.15038095238094,134.0
2026-01-31,3,arima_fourier,144.61163493026658,134.0
2026-01-31,3,arima_fourier_mean,162.16158543138968,134.0
2026-01-31,3,arima_no_fourier,160.28897614637964,134.0
2026-02-01,1,naive,96.0,137.0
2026-02-01,1,naive_carry,96.0,137.0
2026-02-01,1,seasonal_naive_7,112.0,137.0
2026-02-01,1,climatology,146.23971428571429,137.0
2026-02-01,1,arima_fourier,110.34609630246221,137.0
2026-02-01,1,arima_fourier_mean,119.2088772730901,137.0
2026-02-01,1,arima_no_fourier,113.29267264239198,137.0
2026-02-01,2,naive,96.0,134.0
2026-02-01,2,naive_carry,96.0,134.0
2026-02-01,2,seasonal_naive_7,154.0,134.0
2026-02-01,2,climatology,145.15038095238094,134.0
2026-02-01,2,arima_fourier,118.8121962006506,134.0
2026-02-01,2,arima_fourier_mean,131.91053073319492,134.0
2026-02-01,2,arima_no_fourier,123.54243518039587,134.0
2026-02-01,3,naive,96.0,189.0
2026-02-01,3,naive_carry,96.0,189.0
2026-02-01,3,seasonal_naive_7,130.0,189.0
2026-02-01,3,climatology,147.46215873015873,189.0
2026-02-01,3,arima_fourier,123.13329933057686,189.0
2026-02-01,3,arima_fourier_mean,138.07663240916622,189.0
2026-02-01,3,arima_no_fourier,129.26639898645027,189.0
2026-02-02,1,naive,137.0,134.0
2026-02-02,1,naive_carry,137.0,134.0
2026-02-02,1,seasonal_naive_7,154.0,134.0
2026-02-02,1,climatology,145.15038095238094,134.0
2026-02-02,1,arima_fourier,135.1272143518061,134.0
2026-02-02,1,arima_fourier_mean,145.98035915838585,134.0
2026-02-02,1,arima_no_fourier,139.39304200780478,134.0
2026-02-02,2,naive,137.0,189.0
2026-02-02,2,naive_carry,137.0,189.0
2026-02-02,2,seasonal_naive_7,130.0,189.0
2026-02-02,2,climatology,147.46215873015873,189.0
2026-02-02,2,arima_fourier,133.08118892820585,189.0
2026-02-02,2,arima_fourier_mean,147.75257760876363,189.0
2026-02-02,2,arima_no_fourier,140.66102304193268,189.0
2026-02-02,3,naive,137.0,123.0
2026-02-02,3,naive_carry,137.0,123.0
2026-02-02,3,seasonal_naive_7,117.0,123.0
2026-02-02,3,climatology,148.28715873015875,123.0
2026-02-02,3,arima_fourier,130.92688688894668,123.0
2026-02-02,3,arima_fourier_mean,146.81601698313028,123.0
2026-02-02,3,arima_no_fourier,141.3286687185131,123.0
2026-02-03,1,naive,134.0,189.0
2026-02-03,1,naive_carry,134.0,189.0
2026-02-03,1,seasonal_naive_7,130.0,189.0
2026-02-03,1,climatology,147.46215873015873,189.0
2026-02-03,1,arima_fourier,132.41984542185332,189.0
2026-02-03,1,arima_fourier_mean,143.05553341188772,189.0
2026-02-03,1,arima_no_fourier,137.17877490970758,189.0
2026-02-03,2,naive,134.0,123.0
2026-02-03,2,naive_carry,134.0,123.0
2026-02-03,2,seasonal_naive_7,117.0,123.0
2026-02-03,2,climatology,148.28715873015875,123.0
2026-02-03,2,arima_fourier,130.53364799786655,123.0
2026-02-03,2,arima_fourier_mean,144.92416959050732,123.0
2026-02-03,2,arima_no_fourier,138.8709512992834,123.0
2026-02-03,3,naive,134.0,112.0
2026-02-03,3,naive_carry,134.0,112.0
2026-02-03,3,seasonal_naive_7,125.0,112.0
2026-02-03,3,climatology,146.6031111111111,112.0
2026-02-03,3,arima_fourier,128.46479868115279,112.0
2026-02-03,3,arima_fourier_mean,144.05510890240407,112.0
2026-02-03,3,arima_no_fourier,139.7641289169467,112.0
2026-02-04,1,naive,189.0,123.0
2026-02-04,1,naive_carry,189.0,123.0
2026-02-04,1,seasonal_naive_7,117.0,123.0
2026-02-04,1,climatology,148.28715873015875,123.0
2026-02-04,1,arima_fourier,161.29145190615003,123.0
2026-02-04,1,arima_fourier_mean,174.2460399830959,123.0
2026-02-04,1,arima_no_fourier,170.22781682943184,123.0
2026-02-04,2,naive,189.0,112.0
2026-02-04,2,naive_carry,189.0,112.0
2026-02-04,2,seasonal_naive_7,125.0,112.0
2026-02-04,2,climatology,146.6031111111111,112.0
2026-02-04,2,arima_fourier,145.97080935172409,112.0
2026-02-04,2,arima_fourier_mean,162.06316413198846,112.0
2026-02-04,2,arima_no_fourier,161.16597494475462,112.0
2026-02-04,3,naive,189.0,107.0
2026-02-04,3,naive_carry,189.0,107.0
2026-02-04,3,seasonal_naive_7,189.0,107.0
2026-02-04,3,climatology,144.1231111111111,107.0
2026-02-04,3,arima_fourier,136.67006644218898,107.0
2026-02-04,3,arima_fourier_mean,153.25613195733445,107.0
2026-02-04,3,arima_no_fourier,156.6210500015526,107.0
2026-02-05,1,naive,123.0,112.0
2026-02-05,1,naive_carry,123.0,112.0
2026-02-05,1,seasonal_naive_7,125.0,112.0
2026-02-05,1,climatology,146.6031111111111,112.0
2026-02-05,1,arima_fourier,124.24080281715699,112.0
2026-02-05,1,arima_fourier_mean,134.2195554650286,112.0
2026-02-05,1,arima_no_fourier,131.10373014757178,112.0
2026-02-05,2,naive,123.0,107.0
2026-02-05,2,naive_carry,123.0,107.0
2026-02-05,2,seasonal_naive_7,189.0,107.0
2026-02-05,2,climatology,144.1231111111111,107.0
2026-02-05,2,arima_fourier,123.99577323388472,107.0
2026-02-05,2,arima_fourier_mean,137.6655051973687,107.0
2026-02-05,2,arima_no_fourier,135.55179703639635,107.0
2026-02-05,3,naive,123.0,88.7
2026-02-05,3,naive_carry,123.0,88.7
2026-02-05,3,seasonal_naive_7,96.0,88.7
2026-02-05,3,climatology,140.11666666666667,88.7
2026-02-05,3,arima_fourier,122.86996642941871,88.7
2026-02-05,3,arima_fourier_mean,137.78125181662645,88.7
2026-02-05,3,arima_no_fourier,137.93757608252093,88.7
2026-02-06,1,naive,112.0,107.0
2026-02-06,1,naive_carry,112.0,107.0
2026-02-06,1,seasonal_naive_7,189.0,107.0
2026-02-06,1,climatology,144.1231111111111,107.0
2026-02-06,1,arima_fourier,116.57816114413103,107.0
2026-02-06,1,arima_fourier_mean,125.9414617701718,107.0
2026-02-06,1,arima_no_fourier,122.64560865629916,107.0
2026-02-06,2,naive,112.0,88.7
2026-02-06,2,naive_carry,112.0,88.7
2026-02-06,2,seasonal_naive_7,96.0,88.7
2026-02-06,2,climatology,140.11666666666667,88.7
2026-02-06,2,arima_fourier,118.37782657756463,88.7
2026-02-06,2,arima_fourier_mean,131.42820266129786,88.7
2026-02-06,2,arima_no_fourier,128.6094954691579,88.7
2026-02-06,3,naive,112.0,116.0
2026-02-06,3,naive_carry,112.0,116.0
2026-02-06,3,seasonal_naive_7,137.0,116.0
2026-02-06,3,climatology,139.51222222222222,116.0
2026-02-06,3,arima_fourier,118.47049985086053,116.0
2026-02-06,3,arima_fourier_mean,132.84785337666395,116.0
2026-02-06,3,arima_no_fourier,131.8427632509713,116.0
2026-02-07,1,naive,107.0,88.7
2026-02-07,1,naive_carry,107.0,88.7
2026-02-07,1,seasonal_naive_7,96.0,88.7
2026-02-07,1,climatology,140.11666666666667,88.7
2026-02-07,1,arima_fourier,112.49341344353724,88.7
2026-02-07,1,arima_fourier_mean,121.52863125366937,88.7
2026-02-07,1,arima_no_fourier,117.92866199172795,88.7
2026-02-07,2,naive,107.0,116.0
2026-02-07,2,naive_carry,107.0,116.0
2026-02-07,2,seasonal_naive_7,137.0,116.0
2026-02-07,2,climatology,139.51222222222222,116.0
2026-02-07,2,arima_fourier,114.8789154434837,116.0
2026-02-07,2,arima_fourier_mean,127.54354676042892,116.0
2026-02-07,2,arima_no_fourier,124.0810436309581,116.0
2026-02-07,3,naive,107.0,121.0
2026-02-07,3,naive_carry,107.0,121.0
2026-02-07,3,seasonal_naive_7,134.0,121.0
2026-02-07,3,climatology,136.12722222222223,121.0
2026-02-07,3,arima_fourier,115.332181697642,121.0
2026-02-07,3,arima_fourier_mean,129.32865573560042,121.0
2026-02-07,3,arima_no_fourier,127.42504739777327,121.0
2026-02-08,1,naive,88.7,116.0
2026-02-08,1,naive_carry,88.7,116.0
2026-02-08,1,seasonal_naive_7,137.0,116.0
2026-02-08,1,climatology,139.51222222222222,116.0
2026-02-08,1,arima_fourier,99.73871017165234,116.0
2026-02-08,1,arima_fourier_mean,107.74949469306385,116.0
2026-02-08,1,arima_no_fourier,103.54290804631619,116.0
2026-02-08,2,naive,88.7,121.0
2026-02-08,2,naive_carry,88.7,121.0
2026-02-08,2,seasonal_naive_7,134.0,121.0
2026-02-08,2,climatology,136.12722222222223,121.0
2026-02-08,2,arima_fourier,105.89902573625602,121.0
2026-02-08,2,arima_fourier_mean,117.57367280268471,121.0
2026-02-08,2,arima_no_fourier,112.2688418419693,121.0
2026-02-08,3,naive,88.7,140.0
2026-02-08,3,naive_carry,88.7,140.0
2026-02-08,3,seasonal_naive_7,189.0,140.0
2026-02-08,3,climatology,133.1238888888889,140.0
2026-02-08,3,arima_fourier,108.7382821694345,140.0
2026-02-08,3,arima_fourier_mean,121.93451663905834,140.0
2026-02-08,3,arima_no_fourier,117.12086178073763,140.0
2026-02-09,1,naive,116.0,121.0
2026-02-09,1,naive_carry,116.0,121.0
2026-02-09,1,seasonal_naive_7,134.0,121.0
2026-02-09,1,climatology,136.12722222222223,121.0
2026-02-09,1,arima_fourier,115.85152720213468,121.0
2026-02-09,1,arima_fourier_mean,125.15645146603218,121.0
2026-02-09,1,arima_no_fourier,120.67127616886818,121.0
2026-02-09,2,naive,116.0,140.0
2026-02-09,2,naive_carry,116.0,140.0
2026-02-09,2,seasonal_naive_7,189.0,140.0
2026-02-09,2,climatology,133.1238888888889,140.0
2026-02-09,2,arima_fourier,114.79848271018624,140.0
2026-02-09,2,arima_fourier_mean,127.45422218876648,140.0
2026-02-09,2,arima_no_fourier,123.18843606278396,140.0
2026-02-09,3,naive,116.0,75.0
2026-02-09,3,naive_carry,116.0,75.0
2026-02-09,3,seasonal_naive_7,123.0,75.0
2026-02-09,3,climatology,131.14833333333334,75.0
2026-02-09,3,arima_fourier,113.22454072126091,75.0
2026-02-09,3,arima_fourier_mean,126.96519962649869,75.0
2026-02-09,3,arima_no_fourier,124.52556188992983,75.0
2026-02-10,1,naive,121.0,140.0
2026-02-10,1,naive_carry,121.0,140.0
2026-02-10,1,seasonal_naive_7,189.0,140.0
2026-02-10,1,climatology,133.1238888888889,140.0
2026-02-10,1,arima_fourier,117.80574767654443,140.0
2026-02-10,1,arima_fourier_mean,127.26762563752646,140.0
2026-02-10,1,arima_no_fourier,123.4015280038534,140.0
2026-02-10,2,naive,121.0,75.0
2026-02-10,2,naive_carry,121.0,75.0
2026-02-10,2,seasonal_naive_7,123.0,75.0
2026-02-10,2,climatology,131.14833333333334,75.0
2026-02-10,2,arima_fourier,115.00621422007262,75.0
2026-02-10,2,arima_fourier_mean,127.68484279405487,75.0
2026-02-10,2,arima_no_fourier,124.67626785842035,75.0
2026-02-10,3,naive,121.0,84.6
2026-02-10,3,naive_carry,121.0,84.6
2026-02-10,3,seasonal_naive_7,112.0,84.6
2026-02-10,3,climatology,128.48944444444444,84.6
2026-02-10,3,arima_fourier,112.43908104957205,84.6
2026-02-10,3,arima_fourier_mean,126.08440118661674,84.6
2026-02-10,3,arima_no_fourier,125.34809656067033,84.6
2026-02-11,1,naive,140.0,75.0
2026-02-11,1,naive_carry,140.0,75.0
2026-02-11,1,seasonal_naive_7,123.0,75.0
2026-02-11,1,climatology,131.14833333333334,75.0
2026-02-11,1,arima_fourier,127.43886786326479,75.0
2026-02-11,1,arima_fourier_mean,137.67445018521738,75.0
2026-02-11,1,arima_no_fourier,135.08387643206507,75.0
2026-02-11,2,naive,140.0,84.6
2026-02-11,2,naive_carry,140.0,84.6
2026-02-11,2,seasonal_naive_7,112.0,84.6
2026-02-11,2,climatology,128.48944444444444,84.6
2026-02-11,2,arima_fourier,119.62845203301552,84.6
2026-02-11,2,arima_fourier_mean,132.8166378913333,84.6
2026-02-11,2,arima_no_fourier,132.5822386792424,84.6
2026-02-11,3,naive,140.0,118.0
2026-02-11,3,naive_carry,140.0,118.0
2026-02-11,3,seasonal_naive_7,107.0,118.0
2026-02-11,3,climatology,119.65166666666669,118.0
2026-02-11,3,arima_fourier,114.31396494043561,118.0
2026-02-11,3,arima_fourier_mean,128.18679911677503,118.0
2026-02-11,3,arima_no_fourier,131.29257068433125,118.0
2026-02-12,1,naive,75.0,84.6
2026-02-12,1,naive_carry,75.0,84.6
2026-02-12,1,seasonal_naive_7,112.0,84.6
2026-02-12,1,climatology,128.48944444444444,84.6
2026-02-12,1,arima_fourier,87.27855188567271,84.6
2026-02-12,1,arima_fourier_mean,94.28855122462512,84.6
2026-02-12,1,arima_no_fourier,91.22984587720754,84.6
2026-02-12,2,naive,75.0,118.0
2026-02-12,2,naive_carry,75.0,118.0
2026-02-12,2,seasonal_naive_7,107.0,118.0
2026-02-12,2,climatology,119.65166666666669,118.0
2026-02-12,2,arima_fourier,94.49844164873227,118.0
2026-02-12,2,arima_fourier_mean,104.91621338206913,118.0
2026-02-12,2,arima_no_fourier,101.07067773833163,118.0
2026-02-12,3,naive,75.0,90.3
2026-02-12,3,naive_carry,75.0,90.3
2026-02-12,3,seasonal_naive_7,88.7,90.3
2026-02-12,3,climatology,117.7338888888889,90.3
2026-02-12,3,arima_fourier,98.10690331398912,90.3
2026-02-12,3,arima_fourier_mean,110.01287796717938,90.3
2026-02-12,3,arima_no_fourier,106.63240610423468,90.3
2026-02-13,1,naive,84.6,118.0
2026-02-13,1,naive_carry,84.6,118.0
2026-02-13,1,seasonal_naive_7,107.0,118.0
2026-02-13,1,climatology,119.65166666666669,118.0
2026-02-13,1,arima_fourier,92.76281757454531,118.0
2026-02-13,1,arima_fourier_mean,100.21329625305694,118.0
2026-02-13,1,arima_no_fourier,96.34035920404686,118.0
2026-02-13,2,naive,84.6,90.3
2026-02-13,2,naive_carry,84.6,90.3
2026-02-13,2,seasonal_naive_7,88.7,90.3
2026-02-13,2,climatology,117.7338888888889,90.3
2026-02-13,2,arima_fourier,97.01494919727148,90.3
2026-02-13,2,arima_fourier_mean,107.7101385026456,90.3
2026-02-13,2,arima_no_fourier,103.11481675493016,90.3
2026-02-13,3,naive,84.6,109.0
2026-02-13,3,naive_carry,84.6,109.0
2026-02-13,3,seasonal_naive_7,116.0,109.0
2026-02-13,3,climatology,113.85222222222224,109.0
2026-02-13,3,arima_fourier,98.70560592628777,109.0
2026-02-13,3,arima_fourier_mean,110.68422344022457,109.0
2026-02-13,3,arima_no_fourier,106.84496847770556,109.0
2026-02-14,1,naive,118.0,90.3
2026-02-14,1,naive_carry,118.0,90.3
2026-02-14,1,seasonal_naive_7,88.7,90.3
2026-02-14,1,climatology,117.7338888888889,90.3
2026-02-14,1,arima_fourier,111.94141967876259,90.3
2026-02-14,1,arima_fourier_mean,120.93227191696681,90.3
2026-02-14,1,arima_no_fourier,117.29382723773777,90.3
2026-02-14,2,naive,118.0,109.0
2026-02-14,2,naive_carry,118.0,109.0
2026-02-14,2,seasonal_naive_7,116.0,109.0
2026-02-14,2,climatology,113.85222222222224,109.0
2026-02-14,2,arima_fourier,107.61389629226778,109.0
2026-02-14,2,arima_fourier_mean,119.47753209719676,109.0
2026-02-14,2,arima_no_fourier,116.92623592004753,109.0
2026-02-14,3,naive,118.0,78.4
2026-02-14,3,naive_carry,118.0,78.4
2026-02-14,3,seasonal_naive_7,121.0,78.4
2026-02-14,3,climatology,111.02155555555557,78.4
2026-02-14,3,arima_fourier,104.25258000869258,78.4
2026-02-14,3,arima_fourier_mean,116.90434734910231,78.4
2026-02-14,3,arima_no_fourier,116.73447201106983,78.4
2026-02-15,1,naive,90.3,109.0
2026-02-15,1,naive_carry,90.3,109.0
2026-02-15,1,seasonal_naive_7,116.0,109.0
2026-02-15,1,climatology,113.85222222222224,109.0
2026-02-15,1,arima_fourier,94.70654578539717,109.0
2026-02-15,1,arima_fourier_mean,102.31313313537554,109.0
2026-02-15,1,arima_no_fourier,99.025904125385,109.0
2026-02-15,2,naive,90.3,78.4
2026-02-15,2,naive_carry,90.3,78.4
2026-02-15,2,seasonal_naive_7,121.0,78.4
2026-02-15,2,climatology,111.02155555555557,78.4
2026-02-15,2,arima_fourier,96.51255448761758,78.4
2026-02-15,2,arima_fourier_mean,107.15234078983974,78.4
2026-02-15,2,arima_no_fourier,103.9196719431697,78.4
2026-02-15,3,naive,90.3,84.3
2026-02-15,3,naive_carry,90.3,84.3
2026-02-15,3,seasonal_naive_7,140.0,84.3
2026-02-15,3,climatology,110.41755555555557,84.3
2026-02-15,3,arima_fourier,96.72112317482245,84.3
2026-02-15,3,arima_fourier_mean,108.45888345992896,84.3
2026-02-15,3,arima_no_fourier,106.57430434439522,84.3
2026-02-16,1,naive,109.0,78.4
2026-02-16,1,naive_carry,109.0,78.4
2026-02-16,1,seasonal_naive_7,121.0,78.4
2026-02-16,1,climatology,111.02155555555557,78.4
2026-02-16,1,arima_fourier,104.92737610666366,78.4
2026-02-16,1,arima_fourier_mean,113.35487080005142,78.4
2026-02-16,1,arima_no_fourier,110.45261235833291,78.4
2026-02-16,2,naive,109.0,84.3
2026-02-16,2,naive_carry,109.0,84.3
2026-02-16,2,seasonal_naive_7,140.0,84.3
2026-02-16,2,climatology,110.41755555555557,84.3
2026-02-16,2,arima_fourier,101.728278979627,84.3
2026-02-16,2,arima_fourier_mean,112.94305090582236,84.3
2026-02-16,2,arima_no_fourier,111.219912416704,84.3
2026-02-16,3,naive,109.0,90.3
2026-02-16,3,naive_carry,109.0,90.3
2026-02-16,3,seasonal_naive_7,75.0,90.3
2026-02-16,3,climatology,106.06355555555557,90.3
2026-02-16,3,arima_fourier,99.03608128331857,90.3
2026-02-16,3,arima_fourier_mean,111.05476439239048,90.3
2026-02-16,3,arima_no_fourier,111.62327327962672,90.3
2026-02-17,1,naive,78.4,84.3
2026-02-17,1,naive_carry,78.4,84.3
2026-02-17,1,seasonal_naive_7,140.0,84.3
2026-02-17,1,climatology,110.41755555555557,84.3
2026-02-17,1,arima_fourier,85.5396739607819,84.3
2026-02-17,1,arima_fourier_mean,92.40999585771362,84.3
2026-02-17,1,arima_no_fourier,89.45619656816594,84.3
2026-02-17,2,naive,78.4,90.3
2026-02-17,2,naive_carry,78.4,90.3
2026-02-17,2,seasonal_naive_7,75.0,90.3
2026-02-17,2,climatology,106.06355555555557,90.3
2026-02-17,2,arima_fourier,89.19576278615143,90.3
2026-02-17,2,arima_fourier_mean,99.0289121356288,90.3
2026-02-17,2,arima_no_fourier,95.84536406810676,90.3
2026-02-17,3,naive,78.4,93.8
2026-02-17,3,naive_carry,78.4,93.8
2026-02-17,3,seasonal_naive_7,84.6,93.8
2026-02-17,3,climatology,101.38522222222224,93.8
2026-02-17,3,arima_fourier,90.59236478216563,93.8
2026-02-17,3,arima_fourier_mean,101.586335549147,93.8
2026-02-17,3,arima_no_fourier,99.3661159824218,93.8
2026-02-18,1,naive,84.3,90.3
2026-02-18,1,naive_carry,84.3,90.3
2026-02-18,1,seasonal_naive_7,75.0,90.3
2026-02-18,1,climatology,106.06355555555557,90.3
2026-02-18,1,arima_fourier,88.42473238975751,90.3
2026-02-18,1,arima_fourier_mean,95.52677173540228,90.3
2026-02-18,1,arima_no_fourier,92.29773006131902,90.3
2026-02-18,2,naive,84.3,93.8
2026-02-18,2,naive_carry,84.3,93.8
2026-02-18,2,seasonal_naive_7,84.6,93.8
2026-02-18,2,climatology,101.38522222222224,93.8
2026-02-18,2,arima_fourier,90.11872806362084,93.8
2026-02-18,2,arima_fourier_mean,100.05361975757351,93.8
2026-02-18,2,arima_no_fourier,96.77767127521754,93.8
2026-02-18,3,naive,84.3,107.0
2026-02-18,3,naive_carry,84.3,107.0
2026-02-18,3,seasonal_naive_7,118.0,107.0
2026-02-18,3,climatology,97.47244444444443,107.0
2026-02-18,3,arima_fourier,90.32405216335077,107.0
2026-02-18,3,arima_fourier_mean,101.28545026253049,107.0
2026-02-18,3,arima_no_fourier,99.20627477949773,107.0
2026-02-19,1,naive,90.3,93.8
2026-02-19,1,naive_carry,90.3,93.8
2026-02-19,1,seasonal_naive_7,84.6,93.8
2026-02-19,1,climatology,101.38522222222224,93.8
2026-02-19,1,arima_fourier,91.25049582746928,93.8
2026-02-19,1,arima_fourier_mean,98.57949009897561,93.8
2026-02-19,1,arima_no_fourier,95.44158662323935,93.8
2026-02-19,2,naive,90.3,107.0
2026-02-19,2,naive_carry,90.3,107.0
2026-02-19,2,seasonal_naive_7,118.0,107.0
2026-02-19,2,climatology,97.47244444444443,107.0
2026-02-19,2,arima_fourier,91.00725560072257,107.0
2026-02-19,2,arima_fourier_mean,101.04009319462322,107.0
2026-02-19,2,arima_no_fourier,98.24579135927178,107.0
2026-02-19,3,naive,90.3,101.0
2026-02-19,3,naive_carry,90.3,101.0
2026-02-19,3,seasonal_naive_7,90.3,101.0
2026-02-19,3,climatology,95.99466666666667,101.0
2026-02-19,3,arima_fourier,90.07909573974148,101.0
2026-02-19,3,arima_fourier_mean,101.0107559527327,101.0
2026-02-19,3,arima_no_fourier,99.74483700169769,101.0
2026-02-20,1,naive,93.8,107.0
2026-02-20,1,naive_carry,93.8,107.0
2026-02-20,1,seasonal_naive_7,118.0,107.0
2026-02-20,1,climatology,97.47244444444443,107.0
2026-02-20,1,arima_fourier,92.51097570011358,107.0
2026-02-20,1,arima_fourier_mean,99.94120548196209,107.0
2026-02-20,1,arima_no_fourier,97.16883994175541,107.0
2026-02-20,2,naive,93.8,101.0
2026-02-20,2,naive_carry,93.8,101.0
2026-02-20,2,seasonal_naive_7,90.3,101.0
2026-02-20,2,climatology,95.99466666666667,101.0
2026-02-20,2,arima_fourier,90.97483461665296,101.0
2026-02-20,2,arima_fourier_mean,101.0040908701901,101.0
2026-02-20,2,arima_no_fourier,98.97839822458987,101.0
2026-02-20,3,naive,93.8,89.2
2026-02-20,3,naive_carry,93.8,89.2
2026-02-20,3,seasonal_naive_7,109.0,89.2
2026-02-20,3,climatology,95.10166666666667,89.2
2026-02-20,3,arima_fourier,89.31987252252665,89.2
2026-02-20,3,arima_fourier_mean,100.15938577185217,89.2
2026-02-20,3,arima_no_fourier,99.93804140819006,89.2
2026-02-21,1,naive,107.0,101.0
2026-02-21,1,naive_carry,107.0,101.0
2026-02-21,1,seasonal_naive_7,90.3,101.0
2026-02-21,1,climatology,95.99466666666667,101.0
2026-02-21,1,arima_fourier,99.19761357374949,101.0
2026-02-21,1,arima_fourier_mean,107.16489294475296,101.0
2026-02-21,1,arima_no_fourier,105.22826656007555,101.0
2026-02-21,2,naive,107.0,89.2
2026-02-21,2,naive_carry,107.0,89.2
2026-02-21,2,seasonal_naive_7,109.0,89.2
2026-02-21,2,climatology,95.10166666666667,89.2
2026-02-21,2,arima_fourier,94.11051168956445,89.2
2026-02-21,2,arima_fourier_mean,104.4854443174909,89.2
2026-02-21,2,arima_no_fourier,104.31349458544975,89.2
2026-02-21,3,naive,107.0,108.0
2026-02-21,3,naive_carry,107.0,108.0
2026-02-21,3,seasonal_naive_7,78.4,108.0
2026-02-21,3,climatology,90.67055555555557,108.0
2026-02-21,3,arima_fourier,90.49836846705848,108.0
2026-02-21,3,arima_fourier_mean,101.48088906543876,108.0
2026-02-21,3,arima_no_fourier,103.83830795049748,108.0
2026-02-22,1,naive,101.0,89.2
2026-02-22,1,naive_carry,101.0,89.2
2026-02-22,1,seasonal_naive_7,109.0,89.2
2026-02-22,1,climatology,95.10166666666667,89.2
2026-02-22,1,arima_fourier,95.12372371830328,89.2
2026-02-22,1,arima_fourier_mean,102.76379669692655,89.2
2026-02-22,1,arima_no_fourier,101.63071273509341,89.2
2026-02-22,2,naive,101.0,108.0
2026-02-22,2,naive_carry,101.0,108.0
2026-02-22,2,seasonal_naive_7,78.4,108.0
2026-02-22,2,climatology,90.67055555555557,108.0
2026-02-22,2,arima_fourier,91.08539662685553,108.0
2026-02-22,2,arima_fourier_mean,101.12682765453332,108.0
2026-02-22,2,arima_no_fourier,101.96209522348944,108.0
2026-02-22,3,naive,101.0,90.0
2026-02-22,3,naive_carry,101.0,90.0
2026-02-22,3,seasonal_naive_7,84.3,90.0
2026-02-22,3,climatology,86.78444444444445,90.0
2026-02-22,3,arima_fourier,88.07209336050754,90.0
2026-02-22,3,arima_fourier_mean,98.7601610975511,90.0
2026-02-22,3,arima_no_fourier,102.13581358783783,90.0
2026-02-23,1,naive,89.2,108.0
2026-02-23,1,naive_carry,89.2,108.0
2026-02-23,1,seasonal_naive_7,78.4,108.0
2026-02-23,1,climatology,90.67055555555557,108.0
2026-02-23,1,arima_fourier,87.66820903004351,108.0
2026-02-23,1,arima_fourier_mean,94.70947331607773,108.0
2026-02-23,1,arima_no_fourier,93.85167837295498,108.0
2026-02-23,2,naive,89.2,90.0
2026-02-23,2,naive_carry,89.2,90.0
2026-02-23,2,seasonal_naive_7,84.3,90.0
2026-02-23,2,climatology,86.78444444444445,90.0
2026-02-23,2,arima_fourier,86.06202992596022,90.0
2026-02-23,2,arima_fourier_mean,95.54966898421817,90.0
2026-02-23,2,arima_no_fourier,96.37996575493129,90.0
2026-02-23,3,naive,89.2,76.0
2026-02-23,3,naive_carry,89.2,76.0
2026-02-23,3,seasonal_naive_7,90.3,76.0
2026-02-23,3,climatology,83.73777777777778,76.0
2026-02-23,3,arima_fourier,84.43864194267583,76.0
2026-02-23,3,arima_fourier_mean,94.68575977947826,76.0
2026-02-23,3,arima_no_fourier,97.72907711502465,76.0
2026-02-24,1,naive,108.0,90.0
2026-02-24,1,naive_carry,108.0,90.0
2026-02-24,1,seasonal_naive_7,84.3,90.0
2026-02-24,1,climatology,86.78444444444445,90.0
2026-02-24,1,arima_fourier,97.42741275143646,90.0
2026-02-24,1,arima_fourier_mean,105.25250617848894,90.0
2026-02-24,1,arima_no_fourier,105.372922513566,90.0
2026-02-24,2,naive,108.0,76.0
2026-02-24,2,naive_carry,108.0,76.0
2026-02-24,2,seasonal_naive_7,90.3,76.0
2026-02-24,2,climatology,83.73777777777778,76.0
2026-02-24,2,arima_fourier,91.00527199395974,76.0
2026-02-24,2,arima_fourier_mean,101.03785684557539,76.0
2026-02-24,2,arima_no_fourier,104.02470163921559,76.0
2026-02-24,3,naive,108.0,69.8
2026-02-24,3,naive_carry,108.0,69.8
2026-02-24,3,seasonal_naive_7,93.8,69.8
2026-02-24,3,climatology,81.99333333333334,69.8
2026-02-24,3,arima_fourier,86.75810759350486,69.8
2026-02-24,3,arima_fourier_mean,97.28669685624241,69.8
2026-02-24,3,arima_no_fourier,103.32656548944139,69.8
2026-02-25,1,naive,90.0,76.0
2026-02-25,1,naive_carry,90.0,76.0
2026-02-25,1,seasonal_naive_7,90.3,76.0
2026-02-25,1,climatology,83.73777777777778,76.0
2026-02-25,1,arima_fourier,86.81317263153201,76.0
2026-02-25,1,arima_fourier_mean,93.78575806903686,76.0
2026-02-25,1,arima_no_fourier,94.10795761511267,76.0
2026-02-25,2,naive,90.0,69.8
2026-02-25,2,naive_carry,90.0,69.8
2026-02-25,2,seasonal_naive_7,93.8,69.8
2026-02-25,2,climatology,81.99333333333334,69.8
2026-02-25,2,arima_fourier,84.32262812765033,69.8
2026-02-25,2,arima_fourier_mean,93.61850048027394,69.8
2026-02-25,2,arima_no_fourier,96.33024187283628,69.8
2026-02-25,3,naive,90.0,83.1
2026-02-25,3,naive_carry,90.0,83.1
2026-02-25,3,seasonal_naive_7,107.0,83.1
2026-02-25,3,climatology,80.55444444444444,83.1
2026-02-25,3,arima_fourier,82.24806961116876,83.1
2026-02-25,3,arima_fourier_mean,92.2293316934903,83.1
2026-02-25,3,arima_no_fourier,97.51314897658281,83.1
2026-02-26,1,naive,76.0,69.8
2026-02-26,1,naive_carry,76.0,69.8
2026-02-26,1,seasonal_naive_7,93.8,69.8
2026-02-26,1,climatology,81.99333333333334,69.8
2026-02-26,1,arima_fourier,77.90883293567249,69.8
2026-02-26,1,arima_fourier_mean,84.16624526900492,69.8
2026-02-26,1,arima_no_fourier,84.10035519053359,69.8
2026-02-26,2,naive,76.0,83.1
2026-02-26,2,naive_carry,76.0,83.1
2026-02-26,2,seasonal_naive_7,107.0,83.1
2026-02-26,2,climatology,80.55444444444444,83.1
2026-02-26,2,arima_fourier,78.41180649564602,83.1
2026-02-26,2,arima_fourier_mean,87.05605437965062,83.1
2026-02-26,2,arima_no_fourier,88.67440991439261,83.1
2026-02-26,3,naive,76.0,78.8
2026-02-26,3,naive_carry,76.0,78.8
2026-02-26,3,seasonal_naive_7,101.0,78.8
2026-02-26,3,climatology,80.95055555555555,78.8
2026-02-26,3,arima_fourier,78.09343545461279,78.8
2026-02-26,3,arima_fourier_mean,87.5705016955444,78.8
2026-02-26,3,arima_no_fourier,91.16451836817676,78.8
2026-02-27,1,naive,69.8,83.1
2026-02-27,1,naive_carry,69.8,83.1
2026-02-27,1,seasonal_naive_7,107.0,83.1
2026-02-27,1,climatology,80.55444444444444,83.1
2026-02-27,1,arima_fourier,73.45060024909831,83.1
2026-02-27,1,arima_fourier_mean,79.34993834582619,83.1
2026-02-27,1,arima_no_fourier,78.77253665714953,83.1
2026-02-27,2,naive,69.8,78.8
2026-02-27,2,naive_carry,69.8,78.8
2026-02-27,2,seasonal_naive_7,101.0,78.8
2026-02-27,2,climatology,80.95055555555555,78.8
2026-02-27,2,arima_fourier,75.0715947689429,78.8
2026-02-27,2,arima_fourier_mean,83.34760724828026,78.8
2026-02-27,2,arima_no_fourier,83.91480042188664,78.8
2026-02-27,3,naive,69.8,91.2
2026-02-27,3,naive_carry,69.8,91.2
2026-02-27,3,seasonal_naive_7,89.2,91.2
2026-02-27,3,climatology,80.87944444444445,91.2
2026-02-27,3,arima_fourier,75.45348222289292,91.2
2026-02-27,3,arima_fourier_mean,84.61016833006167,91.2
2026-02-27,3,arima_no_fourier,86.73613220499445,91.2
2026-02-28,1,naive,83.1,78.8
2026-02-28,1,naive_carry,83.1,78.8
2026-02-28,1,seasonal_naive_7,101.0,78.8
2026-02-28,1,climatology,80.95055555555555,78.8
2026-02-28,1,arima_fourier,80.78956692446963,78.8
2026-02-28,1,arima_fourier_mean,87.27834742846566,78.8
2026-02-28,1,arima_no_fourier,86.81492327059131,78.8
2026-02-28,2,naive,83.1,91.2
2026-02-28,2,naive_carry,83.1,91.2
2026-02-28,2,seasonal_naive_7,89.2,91.2
2026-02-28,2,climatology,80.87944444444445,91.2
2026-02-28,2,arima_fourier,78.87283859168627,91.2
2026-02-28,2,arima_fourier_mean,87.56790123567264,91.2
2026-02-28,2,arima_no_fourier,88.82321691980398,91.2
2026-02-28,3,naive,83.1,83.3
2026-02-28,3,naive_carry,83.1,83.3
2026-02-28,3,seasonal_naive_7,108.0,83.3
2026-02-28,3,climatology,78.92444444444443,83.3
2026-02-28,3,arima_fourier,77.20522800930743,83.3
2026-02-28,3,arima_fourier_mean,86.5744905769187,83.3
2026-02-28,3,arima_no_fourier,89.89183630287637,83.3
2026-03-01,1,naive,78.8,91.2
2026-03-01,1,naive_carry,78.8,91.2
2026-03-01,1,seasonal_naive_7,89.2,91.2
2026-03-01,1,climatology,80.87944444444445,91.2
2026-03-01,1,arima_fourier,77.7118703119604,91.2
2026-03-01,1,arima_fourier_mean,83.95345739696282,91.2
2026-03-01,1,arima_no_fourier,83.52186690849103,91.2
2026-03-01,2,naive,78.8,83.3
2026-03-01,2,naive_carry,78.8,83.3
2026-03-01,2,seasonal_naive_7,108.0,83.3
2026-03-01,2,climatology,78.92444444444443,83.3
2026-03-01,2,arima_fourier,76.51706876558967,83.3
2026-03-01,2,arima_fourier_mean,84.95242298724037,83.3
2026-03-01,2,arima_no_fourier,86.10266591543083,83.3
2026-03-01,3,naive,78.8,67.1
2026-03-01,3,naive_carry,78.8,67.1
2026-03-01,3,seasonal_naive_7,90.0,67.1
2026-03-01,3,climatology,78.64577777777778,67.1
2026-03-01,3,arima_fourier,75.28775049504839,67.1
2026-03-01,3,arima_fourier_mean,84.42431008244733,67.1
2026-03-01,3,arima_no_fourier,87.48383097294982,67.1
2026-03-02,1,naive,91.2,83.3
2026-03-02,1,naive_carry,91.2,83.3
2026-03-02,1,seasonal_naive_7,108.0,83.3
2026-03-02,1,climatology,78.92444444444443,83.3
2026-03-02,1,arima_fourier,84.15788771101444,83.3
2026-03-02,1,arima_fourier_mean,90.91719783050316,83.3
2026-03-02,1,arima_no_fourier,91.05043335983594,83.3
2026-03-02,2,naive,91.2,67.1
2026-03-02,2,naive_carry,91.2,67.1
2026-03-02,2,seasonal_naive_7,90.0,67.1
2026-03-02,2,climatology,78.64577777777778,67.1
2026-03-02,2,arima_fourier,79.74111419998934,67.1
2026-03-02,2,arima_fourier_mean,88.53188711875077,67.1
2026-03-02,2,arima_no_fourier,90.97231885374438,67.1
2026-03-02,3,naive,91.2,63.1
2026-03-02,3,naive_carry,91.2,63.1
2026-03-02,3,seasonal_naive_7,76.0,63.1
2026-03-02,3,climatology,75.04711111111111,63.1
2026-03-02,3,arima_fourier,76.74511745732877,63.1
2026-03-02,3,arima_fourier_mean,86.05852920128899,63.1
2026-03-02,3,arima_no_fourier,90.93149747961516,63.1
2026-03-03,1,naive,83.3,67.1
2026-03-03,1,naive_carry,83.3,67.1
2026-03-03,1,seasonal_naive_7,90.0,67.1
2026-03-03,1,climatology,78.64577777777778,67.1
2026-03-03,1,arima_fourier,79.25669602253933,67.1
2026-03-03,1,arima_fourier_mean,85.62235525529738,67.1
2026-03-03,1,arima_no_fourier,85.97314295441127,67.1
2026-03-03,2,naive,83.3,63.1
2026-03-03,2,naive_carry,83.3,63.1
2026-03-03,2,seasonal_naive_7,76.0,63.1
2026-03-03,2,climatology,75.04711111111111,63.1
2026-03-03,2,arima_fourier,76.46328689483329,63.1
2026-03-03,2,arima_fourier_mean,84.89270301312794,63.1
2026-03-03,2,arima_no_fourier,87.4049827808955,63.1
2026-03-03,3,naive,83.3,76.6
2026-03-03,3,naive_carry,83.3,76.6
2026-03-03,3,seasonal_naive_7,69.8,76.6
2026-03-03,3,climatology,71.90544444444444,76.6
2026-03-03,3,arima_fourier,74.38429170720327,76.6
2026-03-03,3,arima_fourier_mean,83.41119869019393,76.6
2026-03-03,3,arima_no_fourier,88.16319869249456,76.6
2026-03-04,1,naive,67.1,63.1
2026-03-04,1,naive_carry,67.1,63.1
2026-03-04,1,seasonal_naive_7,76.0,63.1
2026-03-04,1,climatology,75.04711111111111,63.1
2026-03-04,1,arima_fourier,69.2544645502458,63.1
2026-03-04,1,arima_fourier_mean,74.81677311956003,63.1
2026-03-04,1,arima_no_fourier,74.6708856621455,63.1
2026-03-04,2,naive,67.1,76.6
2026-03-04,2,naive_carry,67.1,76.6
2026-03-04,2,seasonal_naive_7,69.8,76.6
2026-03-04,2,climatology,71.90544444444444,76.6
2026-03-04,2,arima_fourier,70.06736421252762,76.6
2026-03-04,2,arima_fourier_mean,77.79168115810882,76.6
2026-03-04,2,arima_no_fourier,78.96417351640339,76.6
2026-03-04,3,naive,67.1,97.4
2026-03-04,3,naive_carry,67.1,97.4
2026-03-04,3,seasonal_naive_7,83.1,97.4
2026-03-04,3,climatology,71.45544444444445,97.4
2026-03-04,3,arima_fourier,70.09119071541711,97.4
2026-03-04,3,arima_fourier_mean,78.59710238669669,97.4
2026-03-04,3,arima_no_fourier,81.30665458991687,97.4
2026-03-05,1,naive,63.1,76.6
2026-03-05,1,naive_carry,63.1,76.6
2026-03-05,1,seasonal_naive_7,69.8,76.6
2026-03-05,1,climatology,71.90544444444444,76.6
2026-03-05,1,arima_fourier,66.29469017350715,76.6
2026-03-05,1,arima_fourier_mean,71.61927720373674,76.6
2026-03-05,1,arima_no_fourier,70.95369761002348,76.6
2026-03-05,2,naive,63.1,97.4
2026-03-05,2,naive_carry,63.1,97.4
2026-03-05,2,seasonal_naive_7,83.1,97.4
2026-03-05,2,climatology,71.45544444444445,97.4
2026-03-05,2,arima_fourier,67.78763624728539,97.4
2026-03-05,2,arima_fourier_mean,75.2606292539317,97.4
2026-03-05,2,arima_no_fourier,75.44245662002326,97.4
2026-03-05,3,naive,63.1,96.8
2026-03-05,3,naive_carry,63.1,96.8
2026-03-05,3,seasonal_naive_7,78.8,96.8
2026-03-05,3,climatology,72.98655555555555,96.8
2026-03-05,3,arima_fourier,68.24840862110861,96.8
2026-03-05,3,arima_fourier_mean,76.53068393953001,96.8
2026-03-05,3,arima_no_fourier,77.90170595464214,96.8
2026-03-06,1,naive,76.6,97.4
2026-03-06,1,naive_carry,76.6,97.4
2026-03-06,1,seasonal_naive_7,83.1,97.4
2026-03-06,1,climatology,71.45544444444445,97.4
2026-03-06,1,arima_fourier,73.87002207196771,97.4
2026-03-06,1,arima_fourier_mean,79.80303506394543,97.4
2026-03-06,1,arima_no_fourier,79.20311000675744,97.4
2026-03-06,2,naive,76.6,96.8
2026-03-06,2,naive_carry,76.6,96.8
2026-03-06,2,seasonal_naive_7,78.8,96.8
2026-03-06,2,climatology,72.98655555555555,96.8
2026-03-06,2,arima_fourier,71.88263855947521,96.8
2026-03-06,2,arima_fourier_mean,79.80706579580709,96.8
2026-03-06,2,arima_no_fourier,80.59937894672704,96.8
2026-03-06,3,naive,76.6,101.0
2026-03-06,3,naive_carry,76.6,101.0
2026-03-06,3,seasonal_naive_7,91.2,101.0
2026-03-06,3,climatology,73.89155555555557,101.0
2026-03-06,3,arima_fourier,70.3362063621998,101.0
2026-03-06,3,arima_fourier_mean,78.87184038376292,101.0
2026-03-06,3,arima_no_fourier,81.33929751955228,101.0
2026-03-07,1,naive,97.4,96.8
2026-03-07,1,naive_carry,97.4,96.8
2026-03-07,1,seasonal_naive_7,78.8,96.8
2026-03-07,1,climatology,72.98655555555555,96.8
2026-03-07,1,arima_fourier,84.73103440623132,96.8
2026-03-07,1,arima_fourier_mean,91.53636876593627,96.8
2026-03-07,1,arima_no_fourier,91.91642136483543,96.8
2026-03-07,2,naive,97.4,101.0
2026-03-07,2,naive_carry,97.4,101.0
2026-03-07,2,seasonal_naive_7,91.2,101.0
2026-03-07,2,climatology,73.89155555555557,101.0
2026-03-07,2,arima_fourier,77.67827007164281,101.0
2026-03-07,2,arima_fourier_mean,86.24161049038875,101.0
2026-03-07,2,arima_no_fourier,89.17297262340625,101.0
2026-03-07,3,naive,97.4,100.0
2026-03-07,3,naive_carry,97.4,100.0
2026-03-07,3,seasonal_naive_7,83.3,100.0
2026-03-07,3,climatology,74.99322222222222,100.0
2026-03-07,3,arima_fourier,73.43840676453439,100.0
2026-03-07,3,arima_fourier_mean,82.35050182693271,100.0
2026-03-07,3,arima_no_fourier,87.77111531923333,100.0
2026-03-08,1,naive,96.8,101.0
2026-03-08,1,naive_carry,96.8,101.0
2026-03-08,1,seasonal_naive_7,91.2,101.0
2026-03-08,1,climatology,73.89155555555557,101.0
2026-03-08,1,arima_fourier,84.08005506017928,101.0
2026-03-08,1,arima_fourier_mean,90.83310309240004,101.0
2026-03-08,1,arima_no_fourier,92.15447516694114,101.0
2026-03-08,2,naive,96.8,100.0
2026-03-08,2,naive_carry,96.8,100.0
2026-03-08,2,seasonal_naive_7,83.3,100.0
2026-03-08,2,climatology,74.99322222222222,100.0
2026-03-08,2,arima_fourier,77.03517712154198,100.0
2026-03-08,2,arima_fourier_mean,85.52761828528855,100.0
2026-03-08,2,arima_no_fourier,89.81467517444591,100.0
2026-03-08,3,naive,96.8,86.5
2026-03-08,3,naive_carry,96.8,86.5
2026-03-08,3,seasonal_naive_7,67.1,86.5
2026-03-08,3,climatology,76.263,86.5
2026-03-08,3,arima_fourier,72.82674294553046,86.5
2026-03-08,3,arima_fourier_mean,81.66460416432017,86.5
2026-03-08,3,arima_no_fourier,88.61488599334419,86.5
2026-03-09,1,naive,101.0,100.0
2026-03-09,1,naive_carry,101.0,100.0
2026-03-09,1,seasonal_naive_7,83.3,100.0
2026-03-09,1,climatology,74.99322222222222,100.0
2026-03-09,1,arima_fourier,85.91013631992942,100.0
2026-03-09,1,arima_fourier_mean,92.81016910347964,100.0
2026-03-09,1,arima_no_fourier,95.19973957784748,100.0
2026-03-09,2,naive,101.0,86.5
2026-03-09,2,naive_carry,101.0,86.5
2026-03-09,2,seasonal_naive_7,67.1,86.5
2026-03-09,2,climatology,76.263,86.5
2026-03-09,2,arima_fourier,77.78265160377819,86.5
2026-03-09,2,arima_fourier_mean,86.35749126914585,86.5
2026-03-09,2,arima_no_fourier,92.30050974693663,86.5
2026-03-09,3,naive,101.0,77.5
2026-03-09,3,naive_carry,101.0,77.5
2026-03-09,3,seasonal_naive_7,63.1,77.5
2026-03-09,3,climatology,77.07744444444445,77.5
2026-03-09,3,arima_fourier,73.04975846221224,77.5
2026-03-09,3,arima_fourier_mean,81.9146782027507,77.5
2026-03-09,3,arima_no_fourier,90.81975840303178,77.5
2026-03-10,1,naive,100.0,86.5
2026-03-10,1,naive_carry,100.0,86.5
2026-03-10,1,seasonal_naive_7,67.1,86.5
2026-03-10,1,climatology,76.263,86.5
2026-03-10,1,arima_fourier,85.13473441970513,86.5
2026-03-10,1,arima_fourier_mean,91.97248773978967,86.5
2026-03-10,1,arima_no_fourier,95.23070573298587,86.5
2026-03-10,2,naive,100.0,77.5
2026-03-10,2,naive_carry,100.0,77.5
2026-03-10,2,seasonal_naive_7,63.1,77.5
2026-03-10,2,climatology,77.07744444444445,77.5
2026-03-10,2,arima_fourier,77.14382696696882,77.5
2026-03-10,2,arima_fourier_mean,85.64823818717004,77.5
2026-03-10,2,arima_no_fourier,92.82799229280158,77.5
2026-03-10,3,naive,100.0,69.2
2026-03-10,3,naive_carry,100.0,69.2
2026-03-10,3,seasonal_naive_7,76.6,69.2
2026-03-10,3,climatology,78.70839682539683,69.2
2026-03-10,3,arima_fourier,72.50698621685568,69.2
2026-03-10,3,arima_fourier_mean,81.30603282509553,69.2
2026-03-10,3,arima_no_fourier,91.5957888440554,69.2
2026-03-11,1,naive,86.5,77.5
2026-03-11,1,naive_carry,86.5,77.5
2026-03-11,1,seasonal_naive_7,63.1,77.5
2026-03-11,1,climatology,77.07744444444445,77.5
2026-03-11,1,arima_fourier,77.87717303407987,77.5
2026-03-11,1,arima_fourier_mean,84.13202047944547,77.5
2026-03-11,1,arima_no_fourier,87.32686434119027,77.5
2026-03-11,2,naive,86.5,69.2
2026-03-11,2,naive_carry,86.5,69.2
2026-03-11,2,seasonal_naive_7,76.6,69.2
2026-03-11,2,climatology,78.70839682539683,69.2
2026-03-11,2,arima_fourier,72.92236621955915,69.2
2026-03-11,2,arima_fourier_mean,80.9613960032918,69.2
2026-03-11,2,arima_no_fourier,87.76239529752583,69.2
2026-03-11,3,naive,86.5,66.7
2026-03-11,3,naive_carry,86.5,66.7
2026-03-11,3,seasonal_naive_7,97.4,66.7
2026-03-11,3,climatology,81.74706349206349,66.7
2026-03-11,3,arima_fourier,69.88206936762987,66.7
2026-03-11,3,arima_fourier_mean,78.36256566021484,66.7
2026-03-11,3,arima_no_fourier,87.99100975767553,66.7
2026-03-12,1,naive,77.5,69.2
2026-03-12,1,naive_carry,77.5,69.2
2026-03-12,1,seasonal_naive_7,76.6,69.2
2026-03-12,1,climatology,78.70839682539683,69.2
2026-03-12,1,arima_fourier,72.71212464162392,69.2
2026-03-12,1,arima_fourier_mean,78.55213048142052,69.2
2026-03-12,1,arima_no_fourier,81.35235140934675,69.2
2026-03-12,2,naive,77.5,66.7
2026-03-12,2,naive_carry,77.5,66.7
2026-03-12,2,seasonal_naive_7,97.4,66.7
2026-03-12,2,climatology,81.74706349206349,66.7
2026-03-12,2,arima_fourier,69.76035420055908,66.7
2026-03-12,2,arima_fourier_mean,77.45079760323087,66.7
2026-03-12,2,arima_no_fourier,83.44250181540178,66.7
2026-03-12,3,naive,77.5,44.5
2026-03-12,3,naive_carry,77.5,44.5
2026-03-12,3,seasonal_naive_7,96.8,44.5
2026-03-12,3,climatology,81.42595238095238,44.5
2026-03-12,3,arima_fourier,67.82467344480536,44.5
2026-03-12,3,arima_fourier_mean,76.05549103781544,44.5
2026-03-12,3,arima_no_fourier,84.55679133439783,44.5
2026-03-13,1,naive,69.2,66.7
2026-03-13,1,naive_carry,69.2,66.7
2026-03-13,1,seasonal_naive_7,97.4,66.7
2026-03-13,1,climatology,81.74706349206349,66.7
2026-03-13,1,arima_fourier,67.73640117934073,66.7
2026-03-13,1,arima_fourier_mean,73.17677160226226,66.7
2026-03-13,1,arima_no_fourier,75.29184226478783,66.7
2026-03-13,2,naive,69.2,44.5
2026-03-13,2,naive_carry,69.2,44.5
2026-03-13,2,seasonal_naive_7,96.8,44.5
2026-03-13,2,climatology,81.42595238095238,44.5
2026-03-13,2,arima_fourier,66.62965335039625,44.5
2026-03-13,2,arima_fourier_mean,73.97496251503695,44.5
2026-03-13,2,arima_no_fourier,78.68806551273525,44.5
2026-03-13,3,naive,69.2,39.7
2026-03-13,3,naive_carry,69.2,39.7
2026-03-13,3,seasonal_naive_7,101.0,39.7
2026-03-13,3,climatology,81.40761904761904,39.7
2026-03-13,3,arima_fourier,65.74940274488058,39.7
2026-03-13,3,arima_fourier_mean,73.72837286020349,39.7
2026-03-13,3,arima_no_fourier,80.5246070690482,39.7
2026-03-14,1,naive,66.7,44.5
2026-03-14,1,naive_carry,66.7,44.5
2026-03-14,1,seasonal_naive_7,96.8,44.5
2026-03-14,1,climatology,81.42595238095238,44.5
2026-03-14,1,arima_fourier,66.02147965337141,44.5
2026-03-14,1,arima_fourier_mean,71.32411195684253,44.5
2026-03-14,1,arima_no_fourier,72.85805240972692,44.5
2026-03-14,2,naive,66.7,39.7
2026-03-14,2,naive_carry,66.7,39.7
2026-03-14,2,seasonal_naive_7,101.0,39.7
2026-03-14,2,climatology,81.40761904761904,39.7
2026-03-14,2,arima_fourier,65.38639813096138,39.7
2026-03-14,2,arima_fourier_mean,72.59464692970022,39.7
2026-03-14,2,arima_no_fourier,76.30142521762646,39.7
2026-03-14,3,naive,66.7,71.2
2026-03-14,3,naive_carry,66.7,71.2
2026-03-14,3,seasonal_naive_7,100.0,71.2
2026-03-14,3,climatology,79.82095238095239,71.2
2026-03-14,3,arima_fourier,64.79958726109692,71.2
2026-03-14,3,arima_fourier_mean,72.66328900063206,71.2
2026-03-14,3,arima_no_fourier,78.16637434984875,71.2
2026-03-15,1,naive,44.5,39.7
2026-03-15,1,naive_carry,44.5,39.7
2026-03-15,1,seasonal_naive_7,101.0,39.7
2026-03-15,1,climatology,81.40761904761904,39.7
2026-03-15,1,arima_fourier,51.71301071918471,39.7
2026-03-15,1,arima_fourier_mean,55.866432090155854,39.7
2026-03-15,1,arima_no_fourier,55.782984946358994,39.7
2026-03-15,2,naive,44.5,71.2
2026-03-15,2,naive_carry,44.5,71.2
2026-03-15,2,seasonal_naive_7,100.0,71.2
2026-03-15,2,climatology,79.82095238095239,71.2
2026-03-15,2,arima_fourier,56.241319025506215,71.2
2026-03-15,2,arima_fourier_mean,62.44140459638702,71.2
2026-03-15,2,arima_no_fourier,62.78018080070877,71.2
2026-03-15,3,naive,44.5,80.0
2026-03-15,3,naive_carry,44.5,80.0
2026-03-15,3,seasonal_naive_7,86.5,80.0
2026-03-15,3,climatology,80.5220634920635,80.0
2026-03-15,3,arima_fourier,58.873240484817195,80.0
2026-03-15,3,arima_fourier_mean,66.01775144958664,80.0
2026-03-15,3,arima_no_fourier,66.78201531242775,80.0
2026-03-16,1,naive,39.7,71.2
2026-03-16,1,naive_carry,39.7,71.2
2026-03-16,1,seasonal_naive_7,100.0,71.2
2026-03-16,1,climatology,79.82095238095239,71.2
2026-03-16,1,arima_fourier,48.05937348235132,71.2
2026-03-16,1,arima_fourier_mean,51.919345779442565,71.2
2026-03-16,1,arima_no_fourier,50.58016175884864,71.2
2026-03-16,2,naive,39.7,80.0
2026-03-16,2,naive_carry,39.7,80.0
2026-03-16,2,seasonal_naive_7,86.5,80.0
2026-03-16,2,climatology,80.5220634920635,80.0
2026-03-16,2,arima_fourier,53.54193640183245,80.0
2026-03-16,2,arima_fourier_mean,59.444437767985704,80.0
2026-03-16,2,arima_no_fourier,57.40987330306132,80.0
2026-03-16,3,naive,39.7,50.3
2026-03-16,3,naive_carry,39.7,50.3
2026-03-16,3,seasonal_naive_7,77.5,50.3
2026-03-16,3,climatology,80.2240634920635,50.3
2026-03-16,3,arima_fourier,56.85643639290716,50.3
2026-03-16,3,arima_fourier_mean,63.756196338737965,50.3
2026-03-16,3,arima_no_fourier,61.34099571263239,50.3
2026-03-17,1,naive,71.2,80.0
2026-03-17,1,naive_carry,71.2,80.0
2026-03-17,1,seasonal_naive_7,86.5,80.0
2026-03-17,1,climatology,80.5220634920635,80.0
2026-03-17,1,arima_fourier,67.64113544259146,80.0
2026-03-17,1,arima_fourier_mean,73.07384999838023,80.0
2026-03-17,1,arima_no_fourier,71.33947377663027,80.0
2026-03-17,2,naive,71.2,50.3
2026-03-17,2,naive_carry,71.2,50.3
2026-03-17,2,seasonal_naive_7,77.5,50.3
2026-03-17,2,climatology,80.2240634920635,50.3
2026-03-17,2,arima_fourier,65.47453903023997,50.3
2026-03-17,2,arima_fourier_mean,72.69249640046674,50.3
2026-03-17,2,arima_no_fourier,71.41251692074711,50.3
2026-03-17,3,naive,71.2,42.8
2026-03-17,3,naive_carry,71.2,42.8
2026-03-17,3,seasonal_naive_7,69.2,42.8
2026-03-17,3,climatology,80.30673015873016,42.8
2026-03-17,3,arima_fourier,64.09172248978591,42.8
2026-03-17,3,arima_fourier_mean,71.86950999689329,42.8
2026-03-17,3,arima_no_fourier,71.45074281411041,42.8
2026-03-18,1,naive,80.0,50.3
2026-03-18,1,naive_carry,80.0,50.3
2026-03-18,1,seasonal_naive_7,77.5,50.3
2026-03-18,1,climatology,80.2240634920635,50.3
2026-03-18,1,arima_fourier,72.34588056638673,50.3
2026-03-18,1,arima_fourier_mean,78.15646374116396,50.3
2026-03-18,1,arima_no_fourier,76.80462842430455,50.3
2026-03-18,2,naive,80.0,42.8
2026-03-18,2,naive_carry,80.0,42.8
2026-03-18,2,seasonal_naive_7,69.2,42.8
2026-03-18,2,climatology,80.30673015873016,42.8
2026-03-18,2,arima_fourier,68.07225607880964,42.8
2026-03-18,2,arima_fourier_mean,75.57658485259684,42.8
2026-03-18,2,arima_no_fourier,75.18483574067933,42.8
2026-03-18,3,naive,80.0,52.9
2026-03-18,3,naive_carry,80.0,52.9
2026-03-18,3,seasonal_naive_7,66.7,52.9
2026-03-18,3,climatology,80.7730634920635,52.9
2026-03-18,3,arima_fourier,65.56694791938135,52.9
2026-03-18,3,arima_fourier_mean,73.52375611081521,52.9
2026-03-18,3,arima_no_fourier,74.35145344492432,52.9
2026-03-19,1,naive,50.3,42.8
2026-03-19,1,naive_carry,50.3,42.8
2026-03-19,1,seasonal_naive_7,69.2,42.8
2026-03-19,1,climatology,80.30673015873016,42.8
2026-03-19,1,arima_fourier,54.84018613103229,42.8
2026-03-19,1,arima_fourier_mean,59.244768689658756,42.8
2026-03-19,1,arima_no_fourier,57.457675072992544,42.8
2026-03-19,2,naive,50.3,52.9
2026-03-19,2,naive_carry,50.3,52.9
2026-03-19,2,seasonal_naive_7,66.7,52.9
2026-03-19,2,climatology,80.7730634920635,52.9
2026-03-19,2,arima_fourier,57.54510542024346,52.9
2026-03-19,2,arima_fourier_mean,63.88891221163506,52.9
2026-03-19,2,arima_no_fourier,61.597447311835055,52.9
2026-03-19,3,naive,50.3,58.3
2026-03-19,3,naive_carry,50.3,58.3
2026-03-19,3,seasonal_naive_7,44.5,58.3
2026-03-19,3,climatology,80.23084126984126,58.3
2026-03-19,3,arima_fourier,59.07340614382905,58.3
2026-03-19,3,arima_fourier_mean,66.24219401888283,58.3
2026-03-19,3,arima_no_fourier,63.87968005478208,58.3
2026-03-20,1,naive,42.8,52.9
2026-03-20,1,naive_carry,42.8,52.9
2026-03-20,1,seasonal_naive_7,66.7,52.9
2026-03-20,1,climatology,80.7730634920635,52.9
2026-03-20,1,arima_fourier,49.657594356664816,52.9
2026-03-20,1,arima_fourier_mean,53.64592754700682,52.9
2026-03-20,1,arima_no_fourier,51.086237397064,52.9
2026-03-20,2,naive,42.8,58.3
2026-03-20,2,naive_carry,42.8,58.3
2026-03-20,2,seasonal_naive_7,44.5,58.3
2026-03-20,2,climatology,80.23084126984126,58.3
2026-03-20,2,arima_fourier,54.04270421587748,58.3
2026-03-20,2,arima_fourier_mean,60.000402192201705,58.3
2026-03-20,2,arima_no_fourier,56.03973132804884,58.3
2026-03-20,3,naive,42.8,49.6
2026-03-20,3,naive_carry,42.8,49.6
2026-03-20,3,seasonal_naive_7,39.7,49.6
2026-03-20,3,climatology,78.94950793650793,49.6
2026-03-20,3,arima_fourier,56.68481886232419,49.6
2026-03-20,3,arima_fourier_mean,63.56373922543015,49.6
2026-03-20,3,arima_no_fourier,58.818443888473155,49.6
2026-03-21,1,naive,52.9,58.3
2026-03-21,1,naive_carry,52.9,58.3
2026-03-21,1,seasonal_naive_7,44.5,58.3
2026-03-21,1,climatology,80.23084126984126,58.3
2026-03-21,1,arima_fourier,56.114296653879904,58.3
2026-03-21,1,arima_fourier_mean,60.62120995388249,58.3
2026-03-21,1,arima_no_fourier,57.29570893957696,58.3
2026-03-21,2,naive,52.9,49.6
2026-03-21,2,naive_carry,52.9,49.6
2026-03-21,2,seasonal_naive_7,39.7,49.6
2026-03-21,2,climatology,78.94950793650793,49.6
2026-03-21,2,arima_fourier,57.98694171429233,49.6
2026-03-21,2,arima_fourier_mean,64.379452536876,49.6
2026-03-21,2,arima_no_fourier,59.737914018111596,49.6
2026-03-21,3,naive,52.9,64.7
2026-03-21,3,naive_carry,52.9,64.7
2026-03-21,3,seasonal_naive_7,71.2,64.7
2026-03-21,3,climatology,77.5591746031746,64.7
2026-03-21,3,arima_fourier,59.035666765480165,64.7
2026-03-21,3,arima_fourier_mean,66.199868358051,64.7
2026-03-21,3,arima_no_fourier,61.05617913934686,64.7
2026-03-22,1,naive,58.3,49.6
2026-03-22,1,naive_carry,58.3,49.6
2026-03-22,1,seasonal_naive_7,39.7,49.6
2026-03-22,1,climatology,78.94950793650793,49.6
2026-03-22,1,arima_fourier,59.31974748682288,49.6
2026-03-22,1,arima_fourier_mean,64.08411109974901,49.6
2026-03-22,1,arima_no_fourier,60.40103618771676,49.6
2026-03-22,2,naive,58.3,64.7
2026-03-22,2,naive_carry,58.3,64.7
2026-03-22,2,seasonal_naive_7,71.2,64.7
2026-03-22,2,climatology,77.5591746031746,64.7
2026-03-22,2,arima_fourier,59.85123538112602,64.7
2026-03-22,2,arima_fourier_mean,66.44926479932141,64.7
2026-03-22,2,arima_no_fourier,61.52970091636217,64.7
2026-03-22,3,naive,58.3,79.3
2026-03-22,3,naive_carry,58.3,79.3
2026-03-22,3,seasonal_naive_7,80.0,79.3
2026-03-22,3,climatology,75.26117460317461,79.3
2026-03-22,3,arima_fourier,60.11053967921349,79.3
2026-03-22,3,arima_fourier_mean,67.40517800795229,79.3
2026-03-22,3,arima_no_fourier,62.128281601058504,79.3
2026-03-23,1,naive,49.6,64.7
2026-03-23,1,naive_carry,49.6,64.7
2026-03-23,1,seasonal_naive_7,71.2,64.7
2026-03-23,1,climatology,77.5591746031746,64.7
2026-03-23,1,arima_fourier,53.808929265476614,64.7
2026-03-23,1,arima_fourier_mean,58.13068167990027,64.7
2026-03-23,1,arima_no_fourier,54.29077039113977,64.7
2026-03-23,2,naive,49.6,79.3
2026-03-23,2,naive_carry,49.6,79.3
2026-03-23,2,seasonal_naive_7,80.0,79.3
2026-03-23,2,climatology,75.26117460317461,79.3
2026-03-23,2,arima_fourier,56.36963173693717,79.3
2026-03-23,2,arima_fourier_mean,62.58384553016043,79.3
2026-03-23,2,arima_no_fourier,56.91776812062933,79.3
2026-03-23,3,naive,49.6,58.7
2026-03-23,3,naive_carry,49.6,58.7
2026-03-23,3,seasonal_naive_7,50.3,58.7
2026-03-23,3,climatology,74.11584126984125,58.7
2026-03-23,3,arima_fourier,57.880942063073576,58.7
2026-03-23,3,arima_fourier_mean,64.90500743768658,58.7
2026-03-23,3,arima_no_fourier,58.34172470054177,58.7
2026-03-24,1,naive,64.7,79.3
2026-03-24,1,naive_carry,64.7,79.3
2026-03-24,1,seasonal_naive_7,80.0,79.3
2026-03-24,1,climatology,75.26117460317461,79.3
2026-03-24,1,arima_fourier,62.90004897244177,79.3
2026-03-24,1,arima_fourier_mean,67.95196875833832,79.3
2026-03-24,1,arima_no_fourier,63.6274679255621,79.3
2026-03-24,2,naive,64.7,58.7
2026-03-24,2,naive_carry,64.7,58.7
2026-03-24,2,seasonal_naive_7,50.3,58.7
2026-03-24,2,climatology,74.11584126984125,58.7
2026-03-24,2,arima_fourier,61.841276459403886,58.7
2026-03-24,2,arima_fourier_mean,68.65868477994042,58.7
2026-03-24,2,arima_no_fourier,63.07371192501323,58.7
2026-03-24,3,naive,64.7,46.7
2026-03-24,3,naive_carry,64.7,46.7
2026-03-24,3,seasonal_naive_7,42.8,46.7
2026-03-24,3,climatology,72.50361904761904,46.7
2026-03-24,3,arima_fourier,61.21611494843531,46.7
2026-03-24,3,arima_fourier_mean,68.64491277899509,46.7
2026-03-24,3,arima_no_fourier,62.78606051120147,46.7
2026-03-25,1,naive,79.3,58.7
2026-03-25,1,naive_carry,79.3,58.7
2026-03-25,1,seasonal_naive_7,50.3,58.7
2026-03-25,1,climatology,74.11584126984125,58.7
2026-03-25,1,arima_fourier,70.97715221562947,58.7
2026-03-25,1,arima_fourier_mean,76.67779679142342,58.7
2026-03-25,1,arima_no_fourier,72.54410205242591,58.7
2026-03-25,2,naive,79.3,46.7
2026-03-25,2,naive_carry,79.3,46.7
2026-03-25,2,seasonal_naive_7,42.8,46.7
2026-03-25,2,climatology,72.50361904761904,46.7
2026-03-25,2,arima_fourier,66.52659663456703,46.7
2026-03-25,2,arima_fourier_mean,73.86051445243407,46.7
2026-03-25,2,arima_no_fourier,69.2436605570562,46.7
2026-03-25,3,naive,79.3,66.9
2026-03-25,3,naive_carry,79.3,66.9
2026-03-25,3,seasonal_naive_7,52.9,66.9
2026-03-25,3,climatology,70.59266666666667,66.9
2026-03-25,3,arima_fourier,64.06723443441344,66.9
2026-03-25,3,arima_fourier_mean,71.84202285939212,66.9
2026-03-25,3,arima_no_fourier,67.57800598389511,66.9
2026-03-26,1,naive,58.7,46.7
2026-03-26,1,naive_carry,58.7,46.7
2026-03-26,1,seasonal_naive_7,42.8,46.7
2026-03-26,1,climatology,72.50361904761904,46.7
2026-03-26,1,arima_fourier,59.42156713611322,46.7
2026-03-26,1,arima_fourier_mean,64.19410550541423,46.7
2026-03-26,1,arima_no_fourier,60.52773401531792,46.7
2026-03-26,2,naive,58.7,66.9
2026-03-26,2,naive_carry,58.7,66.9
2026-03-26,2,seasonal_naive_7,52.9,66.9
2026-03-26,2,climatology,70.59266666666667,66.9
2026-03-26,2,arima_fourier,59.84397733678252,66.9
2026-03-26,2,arima_fourier_mean,66.44119871167807,66.9
2026-03-26,2,arima_no_fourier,61.50605256079624,66.9
2026-03-26,3,naive,58.7,73.3
2026-03-26,3,naive_carry,58.7,73.3
2026-03-26,3,seasonal_naive_7,58.3,73.3
2026-03-26,3,climatology,68.01133333333333,73.3
2026-03-26,3,arima_fourier,60.10538986232083,73.3
2026-03-26,3,arima_fourier_mean,67.39939141618858,73.3
2026-03-26,3,arima_no_fourier,62.02392056717995,73.3
2026-03-27,1,naive,46.7,66.9
2026-03-27,1,naive_carry,46.7,66.9
2026-03-27,1,seasonal_naive_7,52.9,66.9
2026-03-27,1,climatology,70.59266666666667,66.9
2026-03-27,1,arima_fourier,51.85594678340712,66.9
2026-03-27,1,arima_fourier_mean,56.02083960901141,66.9
2026-03-27,1,arima_no_fourier,52.16247203693663,66.9
2026-03-27,2,naive,46.7,73.3
2026-03-27,2,naive_carry,46.7,73.3
2026-03-27,2,seasonal_naive_7,58.3,73.3
2026-03-27,2,climatology,68.01133333333333,73.3
2026-03-27,2,arima_fourier,55.12465420058343,73.3
2026-03-27,2,arima_fourier_mean,61.2016140087315,73.3
2026-03-27,2,arima_no_fourier,55.26881777675256,73.3
2026-03-27,3,naive,46.7,54.8
2026-03-27,3,naive_carry,46.7,54.8
2026-03-27,3,seasonal_naive_7,49.6,54.8
2026-03-27,3,climatology,67.99244444444444,54.8
2026-03-27,3,arima_fourier,57.14687953033767,54.8
2026-03-27,3,arima_fourier_mean,64.08185276844341,54.8
2026-03-27,3,arima_no_fourier,56.966182024584,54.8
2026-03-28,1,naive,66.9,73.3
2026-03-28,1,naive_carry,66.9,73.3
2026-03-28,1,seasonal_naive_7,58.3,73.3
2026-03-28,1,climatology,68.01133333333333,73.3
2026-03-28,1,arima_fourier,64.14106166042819,73.3
2026-03-28,1,arima_fourier_mean,69.29265227196372,73.3
2026-03-28,1,arima_no_fourier,64.73464436123281,73.3
2026-03-28,2,naive,66.9,54.8
2026-03-28,2,naive_carry,66.9,54.8
2026-03-28,2,seasonal_naive_7,49.6,54.8
2026-03-28,2,climatology,67.99244444444444,54.8
2026-03-28,2,arima_fourier,62.620210009208016,54.8
2026-03-28,2,arima_fourier_mean,69.523480443681,54.8
2026-03-28,2,arima_no_fourier,63.630377677524244,54.8
2026-03-28,3,naive,66.9,49.0
2026-03-28,3,naive_carry,66.9,49.0
2026-03-28,3,seasonal_naive_7,64.7,49.0
2026-03-28,3,climatology,69.18355555555556,49.0
2026-03-28,3,arima_fourier,61.797327211425895,49.0
2026-03-28,3,arima_fourier_mean,69.29664573649552,49.0
2026-03-28,3,arima_no_fourier,63.0604496678763,49.0
2026-03-29,1,naive,73.3,54.8
2026-03-29,1,naive_carry,73.3,54.8
2026-03-29,1,seasonal_naive_7,49.6,54.8
2026-03-29,1,climatology,67.99244444444444,54.8
2026-03-29,1,arima_fourier,67.79349331211593,54.8
2026-03-29,1,arima_fourier_mean,73.23843396438386,54.8
2026-03-29,1,arima_no_fourier,68.8573616613402,54.8
2026-03-29,2,naive,73.3,49.0
2026-03-29,2,naive_carry,73.3,49.0
2026-03-29,2,seasonal_naive_7,64.7,49.0
2026-03-29,2,climatology,69.18355555555556,49.0
2026-03-29,2,arima_fourier,64.83113808068133,49.0
2026-03-29,2,arima_fourier_mean,71.97813997945026,49.0
2026-03-29,2,arima_no_fourier,66.64246794605221,49.0
2026-03-29,3,naive,73.3,42.0
2026-03-29,3,naive_carry,73.3,42.0
2026-03-29,3,seasonal_naive_7,79.3,42.0
2026-03-29,3,climatology,69.94044444444445,42.0
2026-03-29,3,arima_fourier,63.22845071884809,42.0
2026-03-29,3,arima_fourier_mean,70.90143825564634,42.0
2026-03-29,3,arima_no_fourier,65.51275951557065,42.0
2026-03-30,1,naive,54.8,49.0
2026-03-30,1,naive_carry,54.8,49.0
2026-03-30,1,seasonal_naive_7,64.7,49.0
2026-03-30,1,climatology,69.18355555555556,49.0
2026-03-30,1,arima_fourier,57.1253541631138,49.0
2026-03-30,1,arima_fourier_mean,61.71346586813131,49.0
2026-03-30,1,arima_no_fourier,57.64312913686405,49.0
2026-03-30,2,naive,54.8,42.0
2026-03-30,2,naive_carry,54.8,42.0
2026-03-30,2,seasonal_naive_7,79.3,42.0
2026-03-30,2,climatology,69.94044444444445,42.0
2026-03-30,2,arima_fourier,58.577751943413084,42.0
2026-03-30,2,arima_fourier_mean,65.0353772214341,42.0
2026-03-30,2,arima_no_fourier,59.18813371202209,42.0
2026-03-30,3,naive,54.8,71.5
2026-03-30,3,naive_carry,54.8,71.5
2026-03-30,3,seasonal_naive_7,58.7,71.5
2026-03-30,3,climatology,69.08933333333334,71.5
2026-03-30,3,arima_fourier,59.50764067158285,71.5
2026-03-30,3,arima_fourier_mean,66.72909272968054,71.5
2026-03-30,3,arima_no_fourier,60.01247555382736,71.5
2026-03-31,1,naive,49.0,42.0
2026-03-31,1,naive_carry,49.0,42.0
2026-03-31,1,seasonal_naive_7,79.3,42.0
2026-03-31,1,climatology,69.94044444444445,42.0
2026-03-31,1,arima_fourier,53.46950317680228,42.0
2026-03-31,1,arima_fourier_mean,57.76398894388088,42.0
2026-03-31,1,arima_no_fourier,53.384186845710445,42.0
2026-03-31,2,naive,49.0,71.5
2026-03-31,2,naive_carry,49.0,71.5
2026-03-31,2,seasonal_naive_7,58.7,71.5
2026-03-31,2,climatology,69.08933333333334,71.5
2026-03-31,2,arima_fourier,56.31804228558816,71.5
2026-03-31,2,arima_fourier_mean,62.526555071077745,71.5
2026-03-31,2,arima_no_fourier,55.83083380421166,71.5
2026-03-31,3,naive,49.0,81.3
2026-03-31,3,naive_carry,49.0,81.3
2026-03-31,3,seasonal_naive_7,46.7,81.3
2026-03-31,3,climatology,68.33266666666667,81.3
2026-03-31,3,arima_fourier,58.121554422260076,81.3
2026-03-31,3,arima_fourier_mean,65.17479785780827,81.3
2026-03-31,3,arima_no_fourier,57.154577408682094,81.3
2026-04-01,1,naive,42.0,71.5
2026-04-01,1,naive_carry,42.0,71.5
2026-04-01,1,seasonal_naive_7,58.7,71.5
2026-04-01,1,climatology,69.08933333333334,71.5
2026-04-01,1,arima_fourier,48.785321660199614,71.5
2026-04-01,1,arima_fourier_mean,52.70358963787021,71.5
2026-04-01,1,arima_no_fourier,47.940014259557344,71.5
2026-04-01,2,naive,42.0,81.3
2026-04-01,2,naive_carry,42.0,81.3
2026-04-01,2,seasonal_naive_7,46.7,81.3
2026-04-01,2,climatology,68.33266666666667,81.3
2026-04-01,2,arima_fourier,53.295106976182176,81.3
2026-04-01,2,arima_fourier_mean,59.17036929910254,81.3
2026-04-01,2,arima_no_fourier,51.37355671797779,81.3
2026-04-01,3,naive,42.0,48.7
2026-04-01,3,naive_carry,42.0,48.7
2026-04-01,3,seasonal_naive_7,66.9,48.7
2026-04-01,3,climatology,68.24466666666666,48.7
2026-04-01,3,arima_fourier,56.19179567394308,48.7
2026-04-01,3,arima_fourier_mean,63.0108542239829,48.7
2026-04-01,3,arima_no_fourier,53.26587748442446,48.7
2026-04-02,1,naive,71.5,81.3
2026-04-02,1,naive_carry,71.5,81.3
2026-04-02,1,seasonal_naive_7,46.7,81.3
2026-04-02,1,climatology,68.33266666666667,81.3
2026-04-02,1,arima_fourier,66.89868090095534,81.3
2026-04-02,1,arima_fourier_mean,72.2717504388218,81.3
2026-04-02,1,arima_no_fourier,66.22689017678003,81.3
2026-04-02,2,naive,71.5,48.7
2026-04-02,2,naive_carry,71.5,48.7
2026-04-02,2,seasonal_naive_7,66.9,48.7
2026-04-02,2,climatology,68.24466666666666,48.7
2026-04-02,2,arima_fourier,64.4588957855854,48.7
2026-04-02,2,arima_fourier_mean,71.56485452881712,48.7
2026-04-02,2,arima_no_fourier,63.626166039791954,48.7
2026-04-02,3,naive,71.5,44.3
2026-04-02,3,naive_carry,71.5,44.3
2026-04-02,3,seasonal_naive_7,73.3,44.3
2026-04-02,3,climatology,67.58,44.3
2026-04-02,3,arima_fourier,63.18777127875982,44.3
2026-04-02,3,arima_fourier_mean,70.85581192080527,44.3
2026-04-02,3,arima_no_fourier,62.30710597510337,44.3
2026-04-03,1,naive,81.3,48.7
2026-04-03,1,naive_carry,81.3,48.7
2026-04-03,1,seasonal_naive_7,66.9,48.7
2026-04-03,1,climatology,68.24466666666666,48.7
2026-04-03,1,arima_fourier,72.38321534553921,48.7
2026-04-03,1,arima_fourier_mean,78.19678290651433,48.7
2026-04-03,1,arima_no_fourier,72.47929980290247,48.7
2026-04-03,2,naive,81.3,44.3
2026-04-03,2,naive_carry,81.3,44.3
2026-04-03,2,seasonal_naive_7,73.3,44.3
2026-04-03,2,climatology,67.58,44.3
2026-04-03,2,arima_fourier,67.7697169431633,44.3
2026-04-03,2,arima_fourier_mean,75.24065939197395,44.3
2026-04-03,2,arima_no_fourier,68.25465386460047,44.3
2026-04-03,3,naive,81.3,37.0
2026-04-03,3,naive_carry,81.3,37.0
2026-04-03,3,seasonal_naive_7,54.8,37.0
2026-04-03,3,climatology,67.80555555555556,37.0
2026-04-03,3,arima_fourier,65.34313243741084,37.0
2026-04-03,3,arima_fourier_mean,73.27273064417498,37.0
2026-04-03,3,arima_no_fourier,66.14445969561311,37.0
2026-04-04,1,naive,48.7,44.3
2026-04-04,1,naive_carry,48.7,44.3
2026-04-04,1,seasonal_naive_7,73.3,44.3
2026-04-04,1,climatology,67.58,44.3
2026-04-04,1,arima_fourier,53.54051699665961,44.3
2026-04-04,1,arima_fourier_mean,57.84070418390462,44.3
2026-04-04,1,arima_no_fourier,53.01806079891391,44.3
2026-04-04,2,naive,48.7,37.0
2026-04-04,2,naive_carry,48.7,37.0
2026-04-04,2,seasonal_naive_7,54.8,37.0
2026-04-04,2,climatology,67.80555555555556,37.0
2026-04-04,2,arima_fourier,56.67645241783629,37.0
2026-04-04,2,arima_fourier_mean,62.92447052263308,37.0
2026-04-04,2,arima_no_fourier,55.42645583688354,37.0
2026-04-04,3,naive,48.7,39.8
2026-04-04,3,naive_carry,48.7,39.8
2026-04-04,3,seasonal_naive_7,49.0,39.8
2026-04-04,3,climatology,68.52155555555555,39.8
2026-04-04,3,arima_fourier,58.698052697924275,39.8
2026-04-04,3,arima_fourier_mean,65.8212470369705,39.8
2026-04-04,3,arima_no_fourier,56.729120580583604,39.8
2026-04-05,1,naive,44.3,37.0
2026-04-05,1,naive_carry,44.3,37.0
2026-04-05,1,seasonal_naive_7,54.8,37.0
2026-04-05,1,climatology,67.80555555555556,37.0
2026-04-05,1,arima_fourier,50.637408630104375,37.0
2026-04-05,1,arima_fourier_mean,54.704427822037324,37.0
2026-04-05,1,arima_no_fourier,49.44816667750753,37.0
2026-04-05,2,naive,44.3,39.8
2026-04-05,2,naive_carry,44.3,39.8
2026-04-05,2,seasonal_naive_7,49.0,39.8
2026-04-05,2,climatology,68.52155555555555,39.8
2026-04-05,2,arima_fourier,54.83788978454913,39.8
2026-04-05,2,arima_fourier_mean,60.88322321874397,39.8
2026-04-05,2,arima_no_fourier,52.374276624732566,39.8
2026-04-05,3,naive,44.3,29.9
2026-04-05,3,naive_carry,44.3,29.9
2026-04-05,3,seasonal_naive_7,42.0,29.9
2026-04-05,3,climatology,68.748,29.9
2026-04-05,3,arima_fourier,57.557131290759564,29.9
2026-04-05,3,arima_fourier_mean,64.54186912909792,29.9
2026-04-05,3,arima_no_fourier,53.97272658495859,29.9
2026-04-06,1,naive,37.0,39.8
2026-04-06,1,naive_carry,37.0,39.8
2026-04-06,1,seasonal_naive_7,49.0,39.8
2026-04-06,1,climatology,68.52155555555555,39.8
2026-04-06,1,arima_fourier,45.50312162102968,39.8
2026-04-06,1,arima_fourier_mean,49.15777245600809,39.8
2026-04-06,1,arima_no_fourier,43.56139554374738,39.8
2026-04-06,2,naive,37.0,29.9
2026-04-06,2,naive_carry,37.0,29.9
2026-04-06,2,seasonal_naive_7,42.0,29.9
2026-04-06,2,climatology,68.748,29.9
2026-04-06,2,arima_fourier,51.424523802862566,29.9
2026-04-06,2,arima_fourier_mean,57.093566277652485,29.9
2026-04-06,2,arima_no_fourier,47.44355570095574,29.9
2026-04-06,3,naive,37.0,39.2
2026-04-06,3,naive_carry,37.0,39.2
2026-04-06,3,seasonal_naive_7,71.5,39.2
2026-04-06,3,climatology,76.02266666666667,39.2
2026-04-06,3,arima_fourier,55.33453898391178,39.2
2026-04-06,3,arima_fourier_mean,62.04955635031062,39.2
2026-04-06,3,arima_no_fourier,49.60950847859644,39.2
2026-04-07,1,naive,39.8,29.9
2026-04-07,1,naive_carry,39.8,29.9
2026-04-07,1,seasonal_naive_7,42.0,29.9
2026-04-07,1,climatology,68.748,29.9
2026-04-07,1,arima_fourier,47.487978668390106,29.9
2026-04-07,1,arima_fourier_mean,51.302045821548056,29.9
2026-04-07,1,arima_no_fourier,44.79826677363217,29.9
2026-04-07,2,naive,39.8,39.2
2026-04-07,2,naive_carry,39.8,39.2
2026-04-07,2,seasonal_naive_7,71.5,39.2
2026-04-07,2,climatology,76.02266666666667,39.2
2026-04-07,2,arima_fourier,52.73684175294341,39.2
2026-04-07,2,arima_fourier_mean,58.55055302058401,39.2
2026-04-07,2,arima_no_fourier,47.657158905384726,39.2
2026-04-07,3,naive,39.8,46.0
2026-04-07,3,naive_carry,39.8,46.0
2026-04-07,3,seasonal_naive_7,81.3,46.0
2026-04-07,3,climatology,82.366,46.0
2026-04-07,3,arima_fourier,56.176523066151404,46.0
2026-04-07,3,arima_fourier_mean,62.993715880016275,46.0
2026-04-07,3,arima_no_fourier,49.22407377370836,46.0
2026-04-08,1,naive,29.9,39.2
2026-04-08,1,naive_carry,29.9,39.2
2026-04-08,1,seasonal_naive_7,71.5,39.2
2026-04-08,1,climatology,76.02266666666667,39.2
2026-04-08,1,arima_fourier,40.05268288177112,39.2
2026-04-08,1,arima_fourier_mean,43.26957292164938,39.2
2026-04-08,1,arima_no_fourier,36.86159705450839,39.2
2026-04-08,2,naive,29.9,46.0
2026-04-08,2,naive_carry,29.9,46.0
2026-04-08,2,seasonal_naive_7,81.3,46.0
2026-04-08,2,climatology,82.366,46.0
2026-04-08,2,arima_fourier,47.57902205073838,46.0
2026-04-08,2,arima_fourier_mean,52.8241340290279,46.0
2026-04-08,2,arima_no_fourier,41.12535101779218,46.0
2026-04-08,3,naive,29.9,40.5
2026-04-08,3,naive_carry,29.9,40.5
2026-04-08,3,seasonal_naive_7,48.7,40.5
2026-04-08,3,climatology,83.44422222222221,40.5
2026-04-08,3,arima_fourier,52.70950690872666,40.5
2026-04-08,3,arima_fourier_mean,59.10596495533522,40.5
2026-04-08,3,arima_no_fourier,43.54789076538831,40.5
2026-04-09,1,naive,39.2,46.0
2026-04-09,1,naive_carry,39.2,46.0
2026-04-09,1,seasonal_naive_7,81.3,46.0
2026-04-09,1,climatology,82.366,46.0
2026-04-09,1,arima_fourier,46.97401950285967,46.0
2026-04-09,1,arima_fourier_mean,50.74680645817803,46.0
2026-04-09,1,arima_no_fourier,42.764160684546276,46.0
2026-04-09,2,naive,39.2,40.5
2026-04-09,2,naive_carry,39.2,40.5
2026-04-09,2,seasonal_naive_7,48.7,40.5
2026-04-09,2,climatology,83.44422222222221,40.5
2026-04-09,2,arima_fourier,52.30381382111592,40.5
2026-04-09,2,arima_fourier_mean,58.069785761479395,40.5
2026-04-09,2,arima_no_fourier,44.75518299931813,40.5
2026-04-09,3,naive,39.2,49.8
2026-04-09,3,naive_carry,39.2,49.8
2026-04-09,3,seasonal_naive_7,44.3,49.8
2026-04-09,3,climatology,83.69955555555556,49.8
2026-04-09,3,arima_fourier,55.80611711043725,49.8
2026-04-09,3,arima_fourier_mean,62.57835635711312,49.8
2026-04-09,3,arima_no_fourier,45.83298195285015,49.8
2026-04-10,1,naive,46.0,40.5
2026-04-10,1,naive_carry,46.0,40.5
2026-04-10,1,seasonal_naive_7,48.7,40.5
2026-04-10,1,climatology,83.44422222222221,40.5
2026-04-10,1,arima_fourier,51.6561055049952,40.5
2026-04-10,1,arima_fourier_mean,55.804940606230865,40.5
2026-04-10,1,arima_no_fourier,46.87794801115448,40.5
2026-04-10,2,naive,46.0,49.8
2026-04-10,2,naive_carry,46.0,49.8
2026-04-10,2,seasonal_naive_7,44.3,49.8
2026-04-10,2,climatology,83.69955555555556,49.8
2026-04-10,2,arima_fourier,55.387838245831894,49.8
2026-04-10,2,arima_fourier_mean,61.49379183320034,49.8
2026-04-10,2,arima_no_fourier,47.34370144356351,49.8
2026-04-10,3,naive,46.0,50.0
2026-04-10,3,naive_carry,46.0,50.0
2026-04-10,3,seasonal_naive_7,37.0,50.0
2026-04-10,3,climatology,83.11955555555555,50.0
2026-04-10,3,arima_fourier,57.8158924935114,50.0
2026-04-10,3,arima_fourier_mean,64.83202216775886,50.0
2026-04-10,3,arima_no_fourier,47.589095468015586,50.0
2026-04-11,1,naive,40.5,49.8
2026-04-11,1,naive_carry,40.5,49.8
2026-04-11,1,seasonal_naive_7,44.3,49.8
2026-04-11,1,climatology,83.69955555555556,49.8
2026-04-11,1,arima_fourier,47.926374803368425,49.8
2026-04-11,1,arima_fourier_mean,51.7756507833759,49.8
2026-04-11,1,arima_no_fourier,43.143108987014216,49.8
2026-04-11,2,naive,40.5,50.0
2026-04-11,2,naive_carry,40.5,50.0
2026-04-11,2,seasonal_naive_7,37.0,50.0
2026-04-11,2,climatology,83.11955555555555,50.0
2026-04-11,2,arima_fourier,52.97936851383754,50.0
2026-04-11,2,arima_fourier_mean,58.81981137642692,50.0
2026-04-11,2,arima_no_fourier,44.59324700115481,50.0
2026-04-11,3,naive,40.5,50.8
2026-04-11,3,naive_carry,40.5,50.8
2026-04-11,3,seasonal_naive_7,39.8,50.8
2026-04-11,3,climatology,84.46955555555556,50.8
2026-04-11,3,arima_fourier,56.29095245566133,50.8
2026-04-11,3,arima_fourier_mean,63.12202441099245,50.8
2026-04-11,3,arima_no_fourier,45.37086725730135,50.8
2026-04-12,1,naive,49.8,50.0
2026-04-12,1,naive_carry,49.8,50.0
2026-04-12,1,seasonal_naive_7,37.0,50.0
2026-04-12,1,climatology,83.11955555555555,50.0
2026-04-12,1,arima_fourier,54.20150497621407,50.0
2026-04-12,1,arima_fourier_mean,58.55477667043106,50.0
2026-04-12,1,arima_no_fourier,48.84951426979789,50.0
2026-04-12,2,naive,49.8,50.8
2026-04-12,2,naive_carry,49.8,50.8
2026-04-12,2,seasonal_naive_7,39.8,50.8
2026-04-12,2,climatology,84.46955555555556,50.8
2026-04-12,2,arima_fourier,57.071412494776624,50.8
2026-04-12,2,arima_fourier_mean,63.36296092664172,50.8
2026-04-12,2,arima_no_fourier,48.35972671943019,50.8
2026-04-12,3,naive,49.8,70.9
2026-04-12,3,naive_carry,49.8,70.9
2026-04-12,3,seasonal_naive_7,29.9,70.9
2026-04-12,3,climatology,82.73444444444445,70.9
2026-04-12,3,arima_fourier,58.947103333476,70.9
2026-04-12,3,arima_fourier_mean,66.10050521194472,70.9
2026-04-12,3,arima_no_fourier,48.105562911940666,70.9
2026-04-13,1,naive,50.0,50.8
2026-04-13,1,naive_carry,50.0,50.8
2026-04-13,1,seasonal_naive_7,39.8,50.8
2026-04-13,1,climatology,84.46955555555556,50.8
2026-04-13,1,arima_fourier,54.3975800582226,50.8
2026-04-13,1,arima_fourier_mean,58.766599389345735,50.8
2026-04-13,1,arima_no_fourier,49.08023806632839,50.8
2026-04-13,2,naive,50.0,70.9
2026-04-13,2,naive_carry,50.0,70.9
2026-04-13,2,seasonal_naive_7,29.9,70.9
2026-04-13,2,climatology,82.73444444444445,70.9
2026-04-13,2,arima_fourier,57.26385791515972,70.9
2026-04-13,2,arima_fourier_mean,63.57662039408376,70.9
2026-04-13,2,arima_no_fourier,48.60602803242316,70.9
2026-04-13,3,naive,50.0,87.9
2026-04-13,3,naive_carry,50.0,87.9
2026-04-13,3,seasonal_naive_7,39.2,87.9
2026-04-13,3,climatology,83.51755555555556,87.9
2026-04-13,3,arima_fourier,59.13561826734106,87.9
2026-04-13,3,arima_fourier_mean,66.3118952550197,87.9
2026-04-13,3,arima_no_fourier,48.35987876557391,87.9
2026-04-14,1,naive,50.8,70.9
2026-04-14,1,naive_carry,50.8,70.9
2026-04-14,1,seasonal_naive_7,29.9,70.9
2026-04-14,1,climatology,82.73444444444445,70.9
2026-04-14,1,arima_fourier,54.98049140410491,70.9
2026-04-14,1,arima_fourier_mean,59.39632768427282,70.9
2026-04-14,1,arima_no_fourier,49.6812471319019,70.9
2026-04-14,2,naive,50.8,87.9
2026-04-14,2,naive_carry,50.8,87.9
2026-04-14,2,seasonal_naive_7,39.2,87.9
2026-04-14,2,climatology,83.51755555555556,87.9
2026-04-14,2,arima_fourier,57.70048096911125,87.9
2026-04-14,2,arima_fourier_mean,64.06137563272611,87.9
2026-04-14,2,arima_no_fourier,49.10606797277706,87.9
2026-04-14,3,naive,50.8,82.7
2026-04-14,3,naive_carry,50.8,82.7
2026-04-14,3,seasonal_naive_7,46.0,82.7
2026-04-14,3,climatology,89.71255555555555,82.7
2026-04-14,3,arima_fourier,59.477630332818315,82.7
2026-04-14,3,arima_fourier_mean,66.69540977750827,82.7
2026-04-14,3,arima_no_fourier,48.80794862191065,82.7
2026-04-15,1,naive,70.9,87.9
2026-04-15,1,naive_carry,70.9,87.9
2026-04-15,1,seasonal_naive_7,39.2,87.9
2026-04-15,1,climatology,83.51755555555556,87.9
2026-04-15,1,arima_fourier,67.12070748130868,87.9
2026-04-15,1,arima_fourier_mean,72.51160197866405,87.9
2026-04-15,1,arima_no_fourier,61.554680962840926,87.9
2026-04-15,2,naive,70.9,82.7
2026-04-15,2,naive_carry,70.9,82.7
2026-04-15,2,seasonal_naive_7,46.0,82.7
2026-04-15,2,climatology,89.71255555555555,82.7
2026-04-15,2,arima_fourier,65.16390611016587,82.7
2026-04-15,2,arima_fourier_mean,72.34756672833726,82.7
2026-04-15,2,arima_no_fourier,57.169083184126535,82.7
2026-04-15,3,naive,70.9,63.0
2026-04-15,3,naive_carry,70.9,63.0
2026-04-15,3,seasonal_naive_7,40.5,63.0
2026-04-15,3,climatology,90.2992222222222,63.0
2026-04-15,3,arima_fourier,64.19336892631583,63.0
2026-04-15,3,arima_fourier_mean,71.9834148745632,63.0
2026-04-15,3,arima_no_fourier,55.0016091263905,63.0
2026-04-16,1,naive,87.9,82.7
2026-04-16,1,naive_carry,87.9,82.7
2026-04-16,1,seasonal_naive_7,46.0,82.7
2026-04-16,1,climatology,89.71255555555555,82.7
2026-04-16,1,arima_fourier,76.50072282872239,82.7
2026-04-16,1,arima_fourier_mean,82.64498597913357,82.7
2026-04-16,1,arima_no_fourier,71.69044144223862,82.7
2026-04-16,2,naive,87.9,63.0
2026-04-16,2,naive_carry,87.9,63.0
2026-04-16,2,seasonal_naive_7,40.5,63.0
2026-04-16,2,climatology,90.2992222222222,63.0
2026-04-16,2,arima_fourier,70.72083796352834,63.0
2026-04-16,2,arima_fourier_mean,78.51709275456697,63.0
2026-04-16,2,arima_no_fourier,64.44183657638264,63.0
2026-04-16,3,naive,87.9,108.0
2026-04-16,3,naive_carry,87.9,108.0
2026-04-16,3,seasonal_naive_7,49.8,108.0
2026-04-16,3,climatology,91.03488888888889,108.0
2026-04-16,3,arima_fourier,67.70638760802059,108.0
2026-04-16,3,arima_fourier_mean,75.92274643628622,108.0
2026-04-16,3,arima_no_fourier,60.94806764917356,108.0
2026-04-17,1,naive,82.7,63.0
2026-04-17,1,naive_carry,82.7,63.0
2026-04-17,1,seasonal_naive_7,40.5,63.0
2026-04-17,1,climatology,90.2992222222222,63.0
2026-04-17,1,arima_fourier,74.07505355340307,63.0
2026-04-17,1,arima_fourier_mean,80.02449515682092,63.0
2026-04-17,1,arima_no_fourier,70.56432809124921,63.0
2026-04-17,2,naive,82.7,108.0
2026-04-17,2,naive_carry,82.7,108.0
2026-04-17,2,seasonal_naive_7,49.8,108.0
2026-04-17,2,climatology,91.03488888888889,108.0
2026-04-17,2,arima_fourier,69.62739203408123,108.0
2026-04-17,2,arima_fourier_mean,77.30310428043535,108.0
2026-04-17,2,arima_no_fourier,64.9448970184453,108.0
2026-04-17,3,naive,82.7,58.8
2026-04-17,3,naive_carry,82.7,58.8
2026-04-17,3,seasonal_naive_7,50.0,58.8
2026-04-17,3,climatology,90.9932222222222,58.8
2026-04-17,3,arima_fourier,67.30101794563592,58.8
2026-04-17,3,arima_fourier_mean,75.46818227237524,58.8
2026-04-17,3,arima_no_fourier,62.18687113313648,58.8
2026-04-18,1,naive,63.0,108.0
2026-04-18,1,naive_carry,63.0,108.0
2026-04-18,1,seasonal_naive_7,49.8,108.0
2026-04-18,1,climatology,91.03488888888889,108.0
2026-04-18,1,arima_fourier,63.23450878399065,108.0
2026-04-18,1,arima_fourier_mean,68.31327643977674,108.0
2026-04-18,1,arima_no_fourier,60.43095172873592,108.0
2026-04-18,2,naive,63.0,58.8
2026-04-18,2,naive_carry,63.0,58.8
2026-04-18,2,seasonal_naive_7,50.0,58.8
2026-04-18,2,climatology,90.9932222222222,58.8
2026-04-18,2,arima_fourier,63.49925607033428,58.8
2026-04-18,2,arima_fourier_mean,70.49940252737314,58.8
2026-04-18,2,arima_no_fourier,59.12952070214008,58.8
2026-04-18,3,naive,63.0,62.6
2026-04-18,3,naive_carry,63.0,62.6
2026-04-18,3,seasonal_naive_7,50.8,62.6
2026-04-18,3,climatology,92.74766666666667,62.6
2026-04-18,3,arima_fourier,63.775110645804176,62.6
2026-04-18,3,arima_fourier_mean,71.51439476094536,62.6
2026-04-18,3,arima_no_fourier,58.460168012746315,62.6
2026-04-19,1,naive,108.0,58.8
2026-04-19,1,naive_carry,108.0,58.8
2026-04-19,1,seasonal_naive_7,50.0,58.8
2026-04-19,1,climatology,90.9932222222222,58.8
2026-04-19,1,arima_fourier,87.30073509940937,58.8
2026-04-19,1,arima_fourier_mean,94.31241467796002,58.8
2026-04-19,1,arima_no_fourier,85.50799723910832,58.8
2026-04-19,2,naive,108.0,62.6
2026-04-19,2,naive_carry,108.0,62.6
2026-04-19,2,seasonal_naive_7,50.8,62.6
2026-04-19,2,climatology,92.74766666666667,62.6
2026-04-19,2,arima_fourier,77.28959811858924,62.6
2026-04-19,2,arima_fourier_mean,85.80998808860491,62.6
2026-04-19,2,arima_no_fourier,75.67861817789277,62.6
2026-04-19,3,naive,108.0,78.2
2026-04-19,3,naive_carry,108.0,78.2
2026-04-19,3,seasonal_naive_7,70.9,78.2
2026-04-19,3,climatology,93.38188888888888,78.2
2026-04-19,3,arima_fourier,72.13392509335844,78.2
2026-04-19,3,arima_fourier_mean,80.88757241349438,78.2
2026-04-19,3,arima_no_fourier,70.99709935545764,78.2
2026-04-20,1,naive,58.8,62.6
2026-04-20,1,naive_carry,58.8,62.6
2026-04-20,1,seasonal_naive_7,50.8,62.6
2026-04-20,1,climatology,92.74766666666667,62.6
2026-04-20,1,arima_fourier,61.10077466359393,62.6
2026-04-20,1,arima_fourier_mean,66.00816770823063,62.6
2026-04-20,1,arima_no_fourier,59.65587140646979,62.6
2026-04-20,2,naive,58.8,78.2
2026-04-20,2,naive_carry,58.8,78.2
2026-04-20,2,seasonal_naive_7,70.9,78.2
2026-04-20,2,climatology,93.38188888888888,78.2
2026-04-20,2,arima_fourier,62.590849182250096,78.2
2026-04-20,2,arima_fourier_mean,69.49085096727192,78.2
2026-04-20,2,arima_no_fourier,60.10837745301621,78.2
2026-04-20,3,naive,58.8,59.7
2026-04-20,3,naive_carry,58.8,59.7
2026-04-20,3,seasonal_naive_7,87.9,59.7
2026-04-20,3,climatology,94.31144444444443,59.7
2026-04-20,3,arima_fourier,63.577892144939355,59.7
2026-04-20,3,arima_fourier_mean,71.2932401395919,59.7
2026-04-20,3,arima_no_fourier,60.34636946917636,59.7
2026-04-21,1,naive,62.6,78.2
2026-04-21,1,naive_carry,62.6,78.2
2026-04-21,1,seasonal_naive_7,70.9,78.2
2026-04-21,1,climatology,93.38188888888888,78.2
2026-04-21,1,arima_fourier,63.49968884353333,78.2
2026-04-21,1,arima_fourier_mean,68.59975360051273,78.2
2026-04-21,1,arima_no_fourier,61.976408053369624,78.2
2026-04-21,2,naive,62.6,59.7
2026-04-21,2,naive_carry,62.6,59.7
2026-04-21,2,seasonal_naive_7,87.9,59.7
2026-04-21,2,climatology,94.31144444444443,59.7
2026-04-21,2,arima_fourier,64.1336764871262,59.7
2026-04-21,2,arima_fourier_mean,71.20375820866995,59.7
2026-04-21,2,arima_no_fourier,61.652793407536095,59.7
2026-04-21,3,naive,62.6,91.9
2026-04-21,3,naive_carry,62.6,91.9
2026-04-21,3,seasonal_naive_7,82.7,91.9
2026-04-21,3,climatology,87.35811111111111,91.9
2026-04-21,3,arima_fourier,64.60099026568523,91.9
2026-04-21,3,arima_fourier_mean,72.44049244494563,91.9
2026-04-21,3,arima_no_fourier,61.48424048450579,91.9
2026-04-22,1,naive,78.2,59.7
2026-04-22,1,naive_carry,78.2,59.7
2026-04-22,1,seasonal_naive_7,87.9,59.7
2026-04-22,1,climatology,94.31144444444443,59.7
2026-04-22,1,arima_fourier,72.5884868773697,59.7
2026-04-22,1,arima_fourier_mean,78.41853050130361,59.7
2026-04-22,1,arima_no_fourier,71.46716087738278,59.7
2026-04-22,2,naive,78.2,91.9
2026-04-22,2,naive_carry,78.2,91.9
2026-04-22,2,seasonal_naive_7,82.7,91.9
2026-04-22,2,climatology,87.35811111111111,91.9
2026-04-22,2,arima_fourier,69.61623223156056,91.9
2026-04-22,2,arima_fourier_mean,77.29070856317692,91.9
2026-04-22,2,arima_no_fourier,68.1804758146843,91.9
2026-04-22,3,naive,78.2,79.6
2026-04-22,3,naive_carry,78.2,79.6
2026-04-22,3,seasonal_naive_7,63.0,79.6
2026-04-22,3,climatology,81.19744444444444,79.6
2026-04-22,3,arima_fourier,68.03403023555946,79.6
2026-04-22,3,arima_fourier_mean,76.29013939710441,79.6
2026-04-22,3,arima_no_fourier,66.52241873635182,79.6
2026-04-23,1,naive,59.7,91.9
2026-04-23,1,naive_carry,59.7,91.9
2026-04-23,1,seasonal_naive_7,82.7,91.9
2026-04-23,1,climatology,87.35811111111111,91.9
2026-04-23,1,arima_fourier,61.97614766139996,91.9
2026-04-23,1,arima_fourier_mean,66.95384638204082,91.9
2026-04-23,1,arima_no_fourier,60.81656736833821,91.9
2026-04-23,2,naive,59.7,79.6
2026-04-23,2,naive_carry,59.7,79.6
2026-04-23,2,seasonal_naive_7,63.0,79.6
2026-04-23,2,climatology,81.19744444444444,79.6
2026-04-23,2,arima_fourier,63.422691487980345,79.6
2026-04-23,2,arima_fourier_mean,70.4143924592282,79.6
2026-04-23,2,arima_no_fourier,61.40873971003643,79.6
2026-04-23,3,naive,59.7,84.7
2026-04-23,3,naive_carry,59.7,84.7
2026-04-23,3,seasonal_naive_7,108.0,84.7
2026-04-23,3,climatology,81.26144444444444,84.7
2026-04-23,3,arima_fourier,64.35245647123033,84.7
2026-04-23,3,arima_fourier_mean,72.16179550231594,84.7
2026-04-23,3,arima_no_fourier,61.72069410522737,84.7
2026-04-24,1,naive,91.9,79.6
2026-04-24,1,naive_carry,91.9,79.6
2026-04-24,1,seasonal_naive_7,63.0,79.6
2026-04-24,1,climatology,81.19744444444444,79.6
2026-04-24,1,arima_fourier,80.16634464386885,79.6
2026-04-24,1,arima_fourier_mean,86.60501335770587,79.6
2026-04-24,1,arima_no_fourier,79.82466548856304,79.6
2026-04-24,2,naive,91.9,84.7
2026-04-24,2,naive_carry,91.9,84.7
2026-04-24,2,seasonal_naive_7,108.0,84.7
2026-04-24,2,climatology,81.26144444444444,84.7
2026-04-24,2,arima_fourier,74.13041309189154,84.7
2026-04-24,2,arima_fourier_mean,82.30252941839366,84.7
2026-04-24,2,arima_no_fourier,74.15584073152475,84.7
2026-04-24,3,naive,91.9,75.4
2026-04-24,3,naive_carry,91.9,75.4
2026-04-24,3,seasonal_naive_7,58.8,75.4
2026-04-24,3,climatology,80.52833333333334,75.4
2026-04-24,3,arima_fourier,70.89964690443097,75.4
2026-04-24,3,arima_fourier_mean,79.50350309140707,75.4
2026-04-24,3,arima_no_fourier,71.3536289898533,75.4
2026-04-25,1,naive,79.6,84.7
2026-04-25,1,naive_carry,79.6,84.7
2026-04-25,1,seasonal_naive_7,108.0,84.7
2026-04-25,1,climatology,81.26144444444444,84.7
2026-04-25,1,arima_fourier,73.81852065419405,84.7
2026-04-25,1,arima_fourier_mean,79.74735486541466,84.7
2026-04-25,1,arima_no_fourier,74.02317674417864,84.7
2026-04-25,2,naive,79.6,75.4
2026-04-25,2,naive_carry,79.6,75.4
2026-04-25,2,seasonal_naive_7,58.8,75.4
2026-04-25,2,climatology,80.52833333333334,75.4
2026-04-25,2,arima_fourier,70.71939442433175,75.4
2026-04-25,2,arima_fourier_mean,78.51547998709675,75.4
2026-04-25,2,arima_no_fourier,71.26427211373465,75.4
2026-04-25,3,naive,79.6,59.6
2026-04-25,3,naive_carry,79.6,59.6
2026-04-25,3,seasonal_naive_7,62.6,59.6
2026-04-25,3,climatology,80.38166666666666,59.6
2026-04-25,3,arima_fourier,69.0295505417927,59.6
2026-04-25,3,arima_fourier_mean,77.40646422115422,59.6
2026-04-25,3,arima_no_fourier,69.86276111864129,59.6
2026-04-26,1,naive,84.7,75.4
2026-04-26,1,naive_carry,84.7,75.4
2026-04-26,1,seasonal_naive_7,58.8,75.4
2026-04-26,1,climatology,80.52833333333334,75.4
2026-04-26,1,arima_fourier,76.74546743986849,75.4
2026-04-26,1,arima_fourier_mean,82.90938292314654,75.4
2026-04-26,1,arima_no_fourier,77.63318877457925,75.4
2026-04-26,2,naive,84.7,59.6
2026-04-26,2,naive_carry,84.7,59.6
2026-04-26,2,seasonal_naive_7,62.6,59.6
2026-04-26,2,climatology,80.38166666666666,59.6
2026-04-26,2,arima_fourier,72.52323830844166,59.6
2026-04-26,2,arima_fourier_mean,80.51817809514965,59.6
2026-04-26,2,arima_no_fourier,74.17576357455962,59.6
2026-04-27,1,naive,75.4,59.6
2026-04-27,1,naive_carry,75.4,59.6
2026-04-27,1,seasonal_naive_7,62.6,59.6
2026-04-27,1,climatology,80.38166666666666,59.6
2026-04-27,1,arima_fourier,71.76440416246496,59.6
2026-04-27,1,arima_fourier_mean,77.52825847012868,59.6
2026-04-27,1,arima_no_fourier,72.81297783592197,59.6
2026-05-09,3,naive,48.0,62.0
2026-05-09,3,naive_carry,48.0,62.0
2026-05-09,3,seasonal_naive_7,33.8,62.0
2026-05-09,3,climatology,81.50422222222223,62.0
2026-05-09,3,arima_fourier,58.612580926777255,62.0
2026-05-09,3,arima_fourier_mean,65.73443950707885,62.0
2026-05-09,3,arima_no_fourier,48.94584852416361,62.0
2026-05-10,2,naive,51.3,62.0
2026-05-10,2,naive_carry,51.3,62.0
2026-05-10,2,seasonal_naive_7,33.8,62.0
2026-05-10,2,climatology,81.50422222222223,62.0
2026-05-10,2,arima_fourier,57.757688776992985,62.0
2026-05-10,2,arima_fourier_mean,64.13072459489513,62.0
2026-05-10,2,arima_no_fourier,50.19913497102606,62.0
2026-05-10,3,naive,51.3,57.3
2026-05-10,3,naive_carry,51.3,57.3
2026-05-10,3,seasonal_naive_7,52.5,57.3
2026-05-10,3,climatology,81.40422222222223,57.3
2026-05-10,3,arima_fourier,59.018342870929025,57.3
2026-05-10,3,arima_fourier_mean,66.18925760872645,57.3
2026-05-10,3,arima_no_fourier,50.003984158258035,57.3
2026-05-11,1,naive,59.8,62.0
2026-05-11,1,naive_carry,59.8,62.0
2026-05-11,1,seasonal_naive_7,33.8,62.0
2026-05-11,1,climatology,81.50422222222223,62.0
2026-05-11,1,arima_fourier,60.45589951012056,62.0
2026-05-11,1,arima_fourier_mean,65.31381282593782,62.0
2026-05-11,1,arima_no_fourier,55.885438093513635,62.0
2026-05-11,2,naive,59.8,57.3
2026-05-11,2,naive_carry,59.8,57.3
2026-05-11,2,seasonal_naive_7,52.5,57.3
2026-05-11,2,climatology,81.40422222222223,57.3
2026-05-11,2,arima_fourier,60.670014669188305,57.3
2026-05-11,2,arima_fourier_mean,67.36423326834584,57.3
2026-05-11,2,arima_no_fourier,53.941538824541496,57.3
2026-05-11,3,naive,59.8,46.1
2026-05-11,3,naive_carry,59.8,46.1
2026-05-11,3,seasonal_naive_7,34.0,46.1
2026-05-11,3,climatology,81.28922222222222,46.1
2026-05-11,3,arima_fourier,60.610381781532396,46.1
2026-05-11,3,arima_fourier_mean,67.97448764785636,46.1
2026-05-11,3,arima_no_fourier,52.952099164470724,46.1
2026-05-12,1,naive,62.0,57.3
2026-05-12,1,naive_carry,62.0,57.3
2026-05-12,1,seasonal_naive_7,52.5,57.3
2026-05-12,1,climatology,81.40422222222223,57.3
2026-05-12,1,arima_fourier,61.58752960496327,57.3
2026-05-12,1,arima_fourier_mean,66.53631094061245,57.3
2026-05-12,1,arima_no_fourier,57.643672394465405,57.3
2026-05-12,2,naive,62.0,46.1
2026-05-12,2,naive_carry,62.0,46.1
2026-05-12,2,seasonal_naive_7,34.0,46.1
2026-05-12,2,climatology,81.28922222222222,46.1
2026-05-12,2,arima_fourier,61.16283451003985,46.1
2026-05-12,2,arima_fourier_mean,67.91126727215646,46.1
2026-05-12,2,arima_no_fourier,55.4889178155788,46.1
2026-05-12,3,naive,62.0,46.5
2026-05-12,3,naive_carry,62.0,46.5
2026-05-12,3,seasonal_naive_7,36.5,46.5
2026-05-12,3,climatology,92.75033333333334,46.5
2026-05-12,3,arima_fourier,60.718673628429485,46.5
2026-05-12,3,arima_fourier_mean,68.0956965486388,46.5
2026-05-12,3,arima_no_fourier,54.39440762095472,46.5
2026-05-13,1,naive,57.3,46.1
2026-05-13,1,naive_carry,57.3,46.1
2026-05-13,1,seasonal_naive_7,34.0,46.1
2026-05-13,1,climatology,81.28922222222222,46.1
2026-05-13,1,arima_fourier,58.59183046583236,46.1
2026-05-13,1,arima_fourier_mean,63.29983753529583,46.1
2026-05-13,1,arima_no_fourier,55.27747447579993,46.1
2026-05-13,2,naive,57.3,46.5
2026-05-13,2,naive_carry,57.3,46.5
2026-05-13,2,seasonal_naive_7,36.5,46.5
2026-05-13,2,climatology,92.75033333333334,46.5
2026-05-13,2,arima_fourier,59.16274091714723,46.5
2026-05-13,2,arima_fourier_mean,65.69033926410037,46.5
2026-05-13,2,arima_no_fourier,54.248432489267195,46.5
2026-05-13,3,naive,57.3,64.2
2026-05-13,3,naive_carry,57.3,64.2
2026-05-13,3,seasonal_naive_7,48.0,64.2
2026-05-13,3,climatology,98.92011111111113,64.2
2026-05-13,3,arima_fourier,59.29020672914193,64.2
2026-05-13,3,arima_fourier_mean,66.4934496382591,64.2
2026-05-13,3,arima_no_fourier,53.71797091307251,64.2
2026-05-14,1,naive,46.1,46.5
2026-05-14,1,naive_carry,46.1,46.5
2026-05-14,1,seasonal_naive_7,36.5,46.5
2026-05-14,1,climatology,92.75033333333334,46.5
2026-05-14,1,arima_fourier,51.294892822311404,46.5
2026-05-14,1,arima_fourier_mean,55.41652161290991,46.5
2026-05-14,1,arima_no_fourier,48.31704229510171,46.5
2026-05-14,2,naive,46.1,64.2
2026-05-14,2,naive_carry,46.1,64.2
2026-05-14,2,seasonal_naive_7,48.0,64.2
2026-05-14,2,climatology,98.92011111111113,64.2
2026-05-14,2,arima_fourier,54.39032569309968,64.2
2026-05-14,2,arima_fourier_mean,60.39123262658807,64.2
2026-05-14,2,arima_no_fourier,49.518526711024926,64.2
2026-05-14,3,naive,46.1,62.4
2026-05-14,3,naive_carry,46.1,62.4
2026-05-14,3,seasonal_naive_7,51.3,62.4
2026-05-14,3,climatology,99.72122222222222,62.4
2026-05-14,3,arima_fourier,56.06741870742593,62.4
2026-05-14,3,arima_fourier_mean,62.878911036249875,62.4
2026-05-14,3,arima_no_fourier,50.158663508651884,62.4
2026-05-15,1,naive,46.5,64.2
2026-05-15,1,naive_carry,46.5,64.2
2026-05-15,1,seasonal_naive_7,48.0,64.2
2026-05-15,1,climatology,98.92011111111113,64.2
2026-05-15,1,arima_fourier,51.304702019657455,64.2
2026-05-15,1,arima_fourier_mean,55.42707013147347,64.2
2026-05-15,1,arima_no_fourier,48.323590855489215,64.2
2026-05-15,2,naive,46.5,62.4
2026-05-15,2,naive_carry,46.5,62.4
2026-05-15,2,seasonal_naive_7,51.3,62.4
2026-05-15,2,climatology,99.72122222222222,62.4
2026-05-15,2,arima_fourier,54.122650696791055,62.4
2026-05-15,2,arima_fourier_mean,60.093892449580714,62.4
2026-05-15,2,arima_no_fourier,49.30549458590266,62.4
2026-05-15,3,naive,46.5,57.2
2026-05-15,3,naive_carry,46.5,57.2
2026-05-15,3,seasonal_naive_7,59.8,57.2
2026-05-15,3,climatology,103.52055555555556,57.2
2026-05-15,3,arima_fourier,55.61409063935407,57.2
2026-05-15,3,arima_fourier_mean,62.37030668567164,57.2
2026-05-15,3,arima_no_fourier,49.82687606041438,57.2
2026-05-16,1,naive,64.2,62.4
2026-05-16,1,naive_carry,64.2,62.4
2026-05-16,1,seasonal_naive_7,51.3,62.4
2026-05-16,1,climatology,99.72122222222222,62.4
2026-05-16,1,arima_fourier,61.848470518914496,62.4
2026-05-16,1,arima_fourier_mean,66.81798038356331,62.4
2026-05-16,1,arima_no_fourier,59.08337117271922,62.4
2026-05-16,2,naive,64.2,57.2
2026-05-16,2,naive_carry,64.2,57.2
2026-05-16,2,seasonal_naive_7,59.8,57.2
2026-05-16,2,climatology,103.52055555555556,57.2
2026-05-16,2,arima_fourier,60.28530307107704,57.2
2026-05-16,2,arima_fourier_mean,66.93631414650521,57.2
2026-05-16,2,arima_no_fourier,56.572252555692394,57.2
2026-05-16,3,naive,64.2,55.5
2026-05-16,3,naive_carry,64.2,55.5
2026-05-16,3,seasonal_naive_7,62.0,55.5
2026-05-16,3,climatology,101.2338888888889,55.5
2026-05-16,3,arima_fourier,59.151654899059906,55.5
2026-05-16,3,arima_fourier_mean,66.33741842036137,55.5
2026-05-16,3,arima_no_fourier,55.30191350013379,55.5
2026-05-17,1,naive,62.4,57.2
2026-05-17,1,naive_carry,62.4,57.2
2026-05-17,1,seasonal_naive_7,59.8,57.2
2026-05-17,1,climatology,103.52055555555556,57.2
2026-05-17,1,arima_fourier,60.60464374523768,57.2
2026-05-17,1,arima_fourier_mean,65.4741578039587,57.2
2026-05-17,1,arima_no_fourier,58.57348123596768,57.2
2026-05-17,2,naive,62.4,55.5
2026-05-17,2,naive_carry,62.4,55.5
2026-05-17,2,seasonal_naive_7,62.0,55.5
2026-05-17,2,climatology,101.2338888888889,55.5
2026-05-17,2,arima_fourier,59.340840455929715,55.5
2026-05-17,2,arima_fourier_mean,65.8875156848892,55.5
2026-05-17,2,arima_no_fourier,56.66686506711716,55.5
2026-05-17,3,naive,62.4,41.6
2026-05-17,3,naive_carry,62.4,41.6
2026-05-17,3,seasonal_naive_7,57.3,41.6
2026-05-17,3,climatology,95.61388888888888,41.6
2026-05-17,3,arima_fourier,58.367373391488485,41.6
2026-05-17,3,arima_fourier_mean,65.45766094050008,41.6
2026-05-17,3,arima_no_fourier,55.69468878390558,41.6
2026-05-18,1,naive,57.2,55.5
2026-05-18,1,naive_carry,57.2,55.5
2026-05-18,1,seasonal_naive_7,62.0,55.5
2026-05-18,1,climatology,101.2338888888889,55.5
2026-05-18,1,arima_fourier,57.33387047686784,55.5
2026-05-18,1,arima_fourier_mean,61.94053136281704,55.5
2026-05-18,1,arima_no_fourier,55.81778374927572,55.5
2026-05-18,2,naive,57.2,41.6
2026-05-18,2,naive_carry,57.2,41.6
2026-05-18,2,seasonal_naive_7,57.3,41.6
2026-05-18,2,climatology,95.61388888888888,41.6
2026-05-18,2,arima_fourier,57.166162454872975,41.6
2026-05-18,2,arima_fourier_mean,63.472791286655855,41.6
2026-05-18,2,arima_no_fourier,55.10833904741361,41.6
2026-05-18,3,naive,57.2,51.8
2026-05-18,3,naive_carry,57.2,51.8
2026-05-18,3,seasonal_naive_7,46.1,51.8
2026-05-18,3,climatology,94.10444444444444,51.8
2026-05-18,3,arima_fourier,56.81452607441659,51.8
2026-05-18,3,arima_fourier_mean,63.71598804106234,51.8
2026-05-18,3,arima_no_fourier,54.74095013522303,51.8
2026-05-19,1,naive,55.5,41.6
2026-05-19,1,naive_carry,55.5,41.6
2026-05-19,1,seasonal_naive_7,57.3,41.6
2026-05-19,1,climatology,95.61388888888888,41.6
2026-05-19,1,arima_fourier,56.070916314922485,41.6
2026-05-19,1,arima_fourier_mean,60.576053555611814,41.6
2026-05-19,1,arima_no_fourier,54.90857359279268,41.6
2026-05-19,2,naive,55.5,51.8
2026-05-19,2,naive_carry,55.5,51.8
2026-05-19,2,seasonal_naive_7,46.1,51.8
2026-05-19,2,climatology,94.10444444444444,51.8
2026-05-19,2,arima_fourier,56.15414086907593,51.8
2026-05-19,2,arima_fourier_mean,62.34899935445179,51.8
2026-05-19,2,arima_no_fourier,54.60181550049439,51.8
2026-05-19,3,naive,55.5,74.1
2026-05-19,3,naive_carry,55.5,74.1
2026-05-19,3,seasonal_naive_7,46.5,74.1
2026-05-19,3,climatology,92.32844444444444,74.1
2026-05-19,3,arima_fourier,55.94265813920026,74.1
2026-05-19,3,arima_fourier_mean,62.7380287318368,74.1
2026-05-19,3,arima_no_fourier,54.44208689785335,74.1
2026-05-20,1,naive,41.6,51.8
2026-05-20,1,naive_carry,41.6,51.8
2026-05-20,1,seasonal_naive_7,46.1,51.8
2026-05-20,1,climatology,94.10444444444444,51.8
2026-05-20,1,arima_fourier,47.014892038696566,51.8
2026-05-20,1,arima_fourier_mean,50.79236470150989,51.8
2026-05-20,1,arima_no_fourier,45.76695298740631,51.8
2026-05-20,2,naive,41.6,74.1
2026-05-20,2,naive_carry,41.6,74.1
2026-05-20,2,seasonal_naive_7,46.5,74.1
2026-05-20,2,climatology,92.32844444444444,74.1
2026-05-20,2,arima_fourier,50.24801700016955,74.1
2026-05-20,2,arima_fourier_mean,55.79121171389571,74.1
2026-05-20,2,arima_no_fourier,48.10960513575061,74.1
2026-05-20,3,naive,41.6,59.2
2026-05-20,3,naive_carry,41.6,59.2
2026-05-20,3,seasonal_naive_7,64.2,59.2
2026-05-20,3,climatology,94.49233333333332,59.2
2026-05-20,3,arima_fourier,51.9792248531072,59.2
2026-05-20,3,arima_fourier_mean,58.292991126316736,59.2
2026-05-20,3,arima_no_fourier,49.382003711583394,59.2
2026-05-21,1,naive,51.8,74.1
2026-05-21,1,naive_carry,51.8,74.1
2026-05-21,1,seasonal_naive_7,46.5,74.1
2026-05-21,1,climatology,92.32844444444444,74.1
2026-05-21,1,arima_fourier,53.2313182552281,74.1
2026-05-21,1,arima_fourier_mean,57.50821479773837,74.1
2026-05-21,1,arima_no_fourier,52.050162875789866,74.1
2026-05-21,2,naive,51.8,59.2
2026-05-21,2,naive_carry,51.8,59.2
2026-05-21,2,seasonal_naive_7,64.2,59.2
2026-05-21,2,climatology,94.49233333333332,59.2
2026-05-21,2,arima_fourier,53.8229608115734,59.2
2026-05-21,2,arima_fourier_mean,59.76041980627483,59.2
2026-05-21,2,arima_no_fourier,52.18146010605385,59.2
2026-05-21,3,naive,51.8,58.6
2026-05-21,3,naive_carry,51.8,58.6
2026-05-21,3,seasonal_naive_7,62.4,58.6
2026-05-21,3,climatology,93.5012222222222,58.6
2026-05-21,3,arima_fourier,53.90294839948092,58.6
2026-05-21,3,arima_fourier_mean,60.4502173999521,58.6
2026-05-21,3,arima_no_fourier,52.25025059543344,58.6
2026-05-22,1,naive,74.1,59.2
2026-05-22,1,naive_carry,74.1,59.2
2026-05-22,1,seasonal_naive_7,64.2,59.2
2026-05-22,1,climatology,94.49233333333332,59.2
2026-05-22,1,arima_fourier,65.53087647963225,59.2
2026-05-22,1,arima_fourier_mean,70.79593563299586,59.2
2026-05-22,1,arima_no_fourier,65.3169499045,59.2
2026-05-22,2,naive,74.1,58.6
2026-05-22,2,naive_carry,74.1,58.6
2026-05-22,2,seasonal_naive_7,62.4,58.6
2026-05-22,2,climatology,93.5012222222222,58.6
2026-05-22,2,arima_fourier,60.71130032491905,58.6
2026-05-22,2,arima_fourier_mean,67.40852126527967,58.6
2026-05-22,2,arima_no_fourier,61.14678146653593,58.6
2026-05-22,3,naive,74.1,79.9
2026-05-22,3,naive_carry,74.1,79.9
2026-05-22,3,seasonal_naive_7,57.2,79.9
2026-05-22,3,climatology,92.73566666666667,79.9
2026-05-22,3,arima_fourier,57.779736155251136,79.9
2026-05-22,3,arima_fourier_mean,64.79772184949387,79.9
2026-05-22,3,arima_no_fourier,59.07321244540954,79.9
2026-05-23,1,naive,59.2,58.6
2026-05-23,1,naive_carry,59.2,58.6
2026-05-23,1,seasonal_naive_7,62.4,58.6
2026-05-23,1,climatology,93.5012222222222,58.6
2026-05-23,1,arima_fourier,57.14972482981543,58.6
2026-05-23,1,arima_fourier_mean,61.74135913112705,58.6
2026-05-23,1,arima_no_fourier,57.44219425312993,58.6
2026-05-23,2,naive,59.2,79.9
2026-05-23,2,naive_carry,59.2,79.9
2026-05-23,2,seasonal_naive_7,57.2,79.9
2026-05-23,2,climatology,92.73566666666667,79.9
2026-05-23,2,arima_fourier,55.70691108414286,79.9
2026-05-23,2,arima_fourier_mean,61.85197547200455,79.9
2026-05-23,2,arima_no_fourier,56.54387513737117,79.9
2026-05-23,3,naive,59.2,65.4
2026-05-23,3,naive_carry,59.2,65.4
2026-05-23,3,seasonal_naive_7,55.5,65.4
2026-05-23,3,climatology,92.949,65.4
2026-05-23,3,arima_fourier,54.6000309819131,65.4
2026-05-23,3,arima_fourier_mean,61.23164689055907,65.4
2026-05-23,3,arima_no_fourier,56.07972915730396,65.4
2026-05-24,1,naive,58.6,79.9
2026-05-24,1,naive_carry,58.6,79.9
2026-05-24,1,seasonal_naive_7,57.2,79.9
2026-05-24,1,climatology,92.73566666666667,79.9
2026-05-24,1,arima_fourier,56.543801514302594,79.9
2026-05-24,1,arima_fourier_mean,61.08671151164402,79.9
2026-05-24,1,arima_no_fourier,57.2655570183092,79.9
2026-05-24,2,naive,58.6,65.4
2026-05-24,2,naive_carry,58.6,65.4
2026-05-24,2,seasonal_naive_7,55.5,65.4
2026-05-24,2,climatology,92.949,65.4
2026-05-24,2,arima_fourier,55.094250555529314,65.4
2026-05-24,2,arima_fourier_mean,61.17162670741157,65.4
2026-05-24,2,arima_no_fourier,56.579887171023906,65.4
2026-05-24,3,naive,58.6,68.5
2026-05-24,3,naive_carry,58.6,68.5
2026-05-24,3,seasonal_naive_7,41.6,68.5
2026-05-24,3,climatology,91.62733333333334,68.5
2026-05-24,3,arima_fourier,53.980839272174705,68.5
2026-05-24,3,arima_fourier_mean,60.53709586280346,68.5
2026-05-24,3,arima_no_fourier,56.22460828882192,68.5
2026-05-25,1,naive,79.9,65.4
2026-05-25,1,naive_carry,79.9,65.4
2026-05-25,1,seasonal_naive_7,55.5,65.4
2026-05-25,1,climatology,92.949,65.4
2026-05-25,1,arima_fourier,67.67913481578996,65.4
2026-05-25,1,arima_fourier_mean,73.1166441806731,65.4
2026-05-25,1,arima_no_fourier,69.91773182616816,65.4
2026-05-25,2,naive,79.9,68.5
2026-05-25,2,naive_carry,79.9,68.5
2026-05-25,2,seasonal_naive_7,41.6,68.5
2026-05-25,2,climatology,91.62733333333334,68.5
2026-05-25,2,arima_fourier,61.126777184486116,68.5
2026-05-25,2,arima_fourier_mean,67.86947998195787,68.5
2026-05-25,2,arima_no_fourier,65.20469394275648,68.5
2026-05-25,3,naive,79.9,68.3
2026-05-25,3,naive_carry,79.9,68.3
2026-05-25,3,seasonal_naive_7,51.8,68.3
2026-05-25,3,climatology,90.81,68.3
2026-05-25,3,arima_fourier,57.30156416618452,68.3
2026-05-25,3,arima_fourier_mean,64.26098174200457,68.3
2026-05-25,3,arima_no_fourier,62.868021122422114,68.3
2026-05-26,1,naive,65.4,68.5
2026-05-26,1,naive_carry,65.4,68.5
2026-05-26,1,seasonal_naive_7,41.6,68.5
2026-05-26,1,climatology,91.62733333333334,68.5
2026-05-26,1,arima_fourier,59.89348131811323,68.5
2026-05-26,1,arima_fourier_mean,64.7054298434156,68.5
2026-05-26,1,arima_no_fourier,62.494924297927085,68.5
2026-05-26,2,naive,65.4,68.3
2026-05-26,2,naive_carry,65.4,68.3
2026-05-26,2,seasonal_naive_7,51.8,68.3
2026-05-26,2,climatology,90.81,68.3
2026-05-26,2,arima_fourier,56.600141379126555,68.3
2026-05-26,2,arima_fourier_mean,62.84342282551551,68.3
2026-05-26,2,arima_no_fourier,61.0275390736662,68.3
2026-05-26,3,naive,65.4,29.5
2026-05-26,3,naive_carry,65.4,29.5
2026-05-26,3,seasonal_naive_7,74.1,29.5
2026-05-26,3,climatology,88.23055555555555,29.5
2026-05-26,3,arima_fourier,54.468326097277156,29.5
2026-05-26,3,arima_fourier_mean,61.083493267144036,29.5
2026-05-26,3,arima_no_fourier,60.27397697726886,29.5
2026-05-27,1,naive,68.5,68.3
2026-05-27,1,naive_carry,68.5,68.3
2026-05-27,1,seasonal_naive_7,51.8,68.3
2026-05-27,1,climatology,90.81,68.3
2026-05-27,1,arima_fourier,61.3073387626044,68.3
2026-05-27,1,arima_fourier_mean,66.23283712509422,68.3
2026-05-27,1,arima_no_fourier,64.69112018866673,68.3
2026-05-27,2,naive,68.5,29.5
2026-05-27,2,naive_carry,68.5,29.5
2026-05-27,2,seasonal_naive_7,74.1,29.5
2026-05-27,2,climatology,88.23055555555555,29.5
2026-05-27,2,arima_fourier,57.16216447939975,29.5
2026-05-27,2,arima_fourier_mean,63.46733931680046,29.5
2026-05-27,2,arima_no_fourier,62.784453459883736,29.5
2026-05-27,3,naive,68.5,27.5
2026-05-27,3,naive_carry,68.5,27.5
2026-05-27,3,seasonal_naive_7,59.2,27.5
2026-05-27,3,climatology,77.35322222222223,27.5
2026-05-27,3,arima_fourier,54.5763347969223,27.5
2026-05-27,3,arima_fourier_mean,61.20447668934414,27.5
2026-05-27,3,arima_no_fourier,61.809891508230116,27.5
2026-05-28,1,naive,68.3,29.5
2026-05-28,1,naive_carry,68.3,29.5
2026-05-28,1,seasonal_naive_7,74.1,29.5
2026-05-28,1,climatology,88.23055555555555,29.5
2026-05-28,1,arima_fourier,60.95630082312672,29.5
2026-05-28,1,arima_fourier_mean,65.85355580520613,29.5
2026-05-28,1,arima_no_fourier,64.98786024980537,29.5
2026-05-28,2,naive,68.3,27.5
2026-05-28,2,naive_carry,68.3,27.5
2026-05-28,2,seasonal_naive_7,59.2,27.5
2026-05-28,2,climatology,77.35322222222223,27.5
2026-05-28,2,arima_fourier,56.737310807642,27.5
2026-05-28,2,arima_fourier_mean,62.99552573629205,27.5
2026-05-28,2,arima_no_fourier,63.320316910944975,27.5
2026-05-28,3,naive,68.3,25.1
2026-05-28,3,naive_carry,68.3,25.1
2026-05-28,3,seasonal_naive_7,58.6,25.1
2026-05-28,3,climatology,67.28044444444444,25.1
2026-05-28,3,arima_fourier,54.11295812191925,25.1
2026-05-28,3,arima_fourier_mean,60.6846863531626,25.1
2026-05-28,3,arima_no_fourier,62.46542393534525,25.1
2026-05-29,1,naive,29.5,27.5
2026-05-29,1,naive_carry,29.5,27.5
2026-05-29,1,seasonal_naive_7,59.2,27.5
2026-05-29,1,climatology,77.35322222222223,27.5
2026-05-29,1,arima_fourier,36.8410819178434,27.5
2026-05-29,1,arima_fourier_mean,39.8008861349452,27.5
2026-05-29,1,arima_no_fourier,38.33557837971313,27.5
2026-05-29,2,naive,29.5,25.1
2026-05-29,2,naive_carry,29.5,25.1
2026-05-29,2,seasonal_naive_7,58.6,25.1
2026-05-29,2,climatology,67.28044444444444,25.1
2026-05-29,2,arima_fourier,41.685612205171466,25.1
2026-05-29,2,arima_fourier_mean,46.283531571355326,25.1
2026-05-29,2,arima_no_fourier,43.96433204760838,25.1
2026-05-29,3,naive,29.5,33.9
2026-05-29,3,naive_carry,29.5,33.9
2026-05-29,3,seasonal_naive_7,79.9,33.9
2026-05-29,3,climatology,64.44877777777778,33.9
2026-05-29,3,arima_fourier,44.53473456364397,33.9
2026-05-29,3,arima_fourier_mean,49.94312856491825,33.9
2026-05-29,3,arima_no_fourier,47.229542386258814,33.9
2026-05-30,1,naive,27.5,25.1
2026-05-30,1,naive_carry,27.5,25.1
2026-05-30,1,seasonal_naive_7,58.6,25.1
2026-05-30,1,climatology,67.28044444444444,25.1
2026-05-30,1,arima_fourier,35.028746911717036,25.1
2026-05-30,1,arima_fourier_mean,37.84292644878016,25.1
2026-05-30,1,arima_no_fourier,35.598938772828575,25.1
2026-05-30,2,naive,27.5,33.9
2026-05-30,2,naive_carry,27.5,33.9
2026-05-30,2,seasonal_naive_7,79.9,33.9
2026-05-30,2,climatology,64.44877777777778,33.9
2026-05-30,2,arima_fourier,40.09066386985875,33.9
2026-05-30,2,arima_fourier_mean,44.51259558302502,33.9
2026-05-30,2,arima_no_fourier,40.74358811558697,33.9
2026-05-30,3,naive,27.5,39.0
2026-05-30,3,naive_carry,27.5,39.0
2026-05-30,3,seasonal_naive_7,65.4,39.0
2026-05-30,3,climatology,60.02744444444444,39.0
2026-05-30,3,arima_fourier,43.11445758488081,39.0
2026-05-30,3,arima_fourier_mean,48.35026609387374,39.0
2026-05-30,3,arima_no_fourier,43.723440070410746,39.0
2026-05-31,1,naive,25.1,33.9
2026-05-31,1,naive_carry,25.1,33.9
2026-05-31,1,seasonal_naive_7,79.9,33.9
2026-05-31,1,climatology,64.44877777777778,33.9
2026-05-31,1,arima_fourier,32.87919928129591,33.9
2026-05-31,1,arima_fourier_mean,35.520665822905364,33.9
2026-05-31,1,arima_no_fourier,32.63143427040493,33.9
2026-05-31,2,naive,25.1,39.0
2026-05-31,2,naive_carry,25.1,39.0
2026-05-31,2,seasonal_naive_7,65.4,39.0
2026-05-31,2,climatology,60.02744444444444,39.0
2026-05-31,2,arima_fourier,38.24613587871343,39.0
2026-05-31,2,arima_fourier_mean,42.46455897697772,39.0
2026-05-31,2,arima_no_fourier,37.43087880186514,39.0
2026-05-31,3,naive,25.1,59.7
2026-05-31,3,naive_carry,25.1,59.7
2026-05-31,3,seasonal_naive_7,68.5,59.7
2026-05-31,3,climatology,59.17277777777778,59.7
2026-05-31,3,arima_fourier,41.519298751781086,59.7
2026-05-31,3,arima_fourier_mean,46.56129413599888,59.7
2026-05-31,3,arima_no_fourier,40.215471946259896,59.7
2026-06-01,1,naive,33.9,39.0
2026-06-01,1,naive_carry,33.9,39.0
2026-06-01,1,seasonal_naive_7,65.4,39.0
2026-06-01,1,climatology,60.02744444444444,39.0
2026-06-01,1,arima_fourier,38.94822928244544,39.0
2026-06-01,1,arima_fourier_mean,42.07724951382118,39.0
2026-06-01,1,arima_no_fourier,38.348956149360745,39.0
2026-06-01,2,naive,33.9,59.7
2026-06-01,2,naive_carry,33.9,59.7
2026-06-01,2,seasonal_naive_7,68.5,59.7
2026-06-01,2,climatology,59.17277777777778,59.7
2026-06-01,2,arima_fourier,41.97814365560181,59.7
2026-06-01,2,arima_fourier_mean,46.60813051510308,59.7
2026-06-01,2,arima_no_fourier,40.903287742445166,59.7
2026-06-01,3,naive,33.9,50.3
2026-06-01,3,naive_carry,33.9,50.3
2026-06-01,3,seasonal_naive_7,68.3,50.3
2026-06-01,3,climatology,59.47611111111111,50.3
2026-06-01,3,arima_fourier,43.59267071174988,50.3
2026-06-01,3,arima_fourier_mean,48.88635142059318,50.3
2026-06-01,3,arima_no_fourier,42.30605912570813,50.3
2026-06-02,1,naive,39.0,59.7
2026-06-02,1,naive_carry,39.0,59.7
2026-06-02,1,seasonal_naive_7,68.5,59.7
2026-06-02,1,climatology,59.17277777777778,59.7
2026-06-02,1,arima_fourier,42.01133198324311,59.7
2026-06-02,1,arima_fourier_mean,45.38641114067102,59.7
2026-06-02,1,arima_no_fourier,41.34311496651689,59.7
2026-06-02,2,naive,39.0,50.3
2026-06-02,2,naive_carry,39.0,50.3
2026-06-02,2,seasonal_naive_7,68.3,50.3
2026-06-02,2,climatology,59.47611111111111,50.3
2026-06-02,2,arima_fourier,43.61349044659762,50.3
2026-06-02,2,arima_fourier_mean,48.42378303387967,50.3
2026-06-02,2,arima_no_fourier,42.62391995717579,50.3
2026-06-02,3,naive,39.0,47.7
2026-06-02,3,naive_carry,39.0,47.7
2026-06-02,3,seasonal_naive_7,29.5,47.7
2026-06-02,3,climatology,61.20611111111111,47.7
2026-06-02,3,arima_fourier,44.31388545115634,47.7
2026-06-02,3,arima_fourier_mean,49.69504846918749,47.7
2026-06-02,3,arima_no_fourier,43.30940830393931,47.7
2026-06-03,1,naive,59.7,50.3
2026-06-03,1,naive_carry,59.7,50.3
2026-06-03,1,seasonal_naive_7,68.3,50.3
2026-06-03,1,climatology,59.47611111111111,50.3
2026-06-03,1,arima_fourier,53.75443306561247,50.3
2026-06-03,1,arima_fourier_mean,58.0728914696634,50.3
2026-06-03,1,arima_no_fourier,53.83116076525613,50.3
2026-06-03,2,naive,59.7,47.7
2026-06-03,2,naive_carry,59.7,47.7
2026-06-03,2,seasonal_naive_7,29.5,47.7
2026-06-03,2,climatology,61.20611111111111,47.7
2026-06-03,2,arima_fourier,50.279915024437265,47.7
2026-06-03,2,arima_fourier_mean,55.82539907194075,47.7
2026-06-03,2,arima_no_fourier,50.99565430443015,47.7
2026-06-03,3,naive,59.7,57.7
2026-06-03,3,naive_carry,59.7,57.7
2026-06-03,3,seasonal_naive_7,27.5,57.7
2026-06-03,3,climatology,63.544777777777774,57.7
2026-06-03,3,arima_fourier,48.082851293190274,57.7
2026-06-03,3,arima_fourier_mean,53.92158673195914,57.7
2026-06-03,3,arima_no_fourier,49.57287641297282,57.7
2026-06-04,1,naive,50.3,47.7
2026-06-04,1,naive_carry,50.3,47.7
2026-06-04,1,seasonal_naive_7,29.5,47.7
2026-06-04,1,climatology,61.20611111111111,47.7
2026-06-04,1,arima_fourier,48.33177420288981,47.7
2026-06-04,1,arima_fourier_mean,52.21456702587859,47.7
2026-06-04,1,arima_no_fourier,48.84417875211264,47.7
2026-06-04,2,naive,50.3,57.7
2026-06-04,2,naive_carry,50.3,57.7
2026-06-04,2,seasonal_naive_7,27.5,57.7
2026-06-04,2,climatology,63.544777777777774,57.7
2026-06-04,2,arima_fourier,46.94850340889959,57.7
2026-06-04,2,arima_fourier_mean,52.12649223787919,57.7
2026-06-04,2,arima_no_fourier,48.099748695552286,57.7
2026-06-04,3,naive,50.3,36.0
2026-06-04,3,naive_carry,50.3,36.0
2026-06-04,3,seasonal_naive_7,25.1,36.0
2026-06-04,3,climatology,63.02977777777778,36.0
2026-06-04,3,arima_fourier,45.894499339306414,36.0
2026-06-04,3,arima_fourier_mean,51.46740503905485,36.0
2026-06-04,3,arima_no_fourier,47.714996050649845,36.0
2026-06-05,1,naive,47.7,57.7
2026-06-05,1,naive_carry,47.7,57.7
2026-06-05,1,seasonal_naive_7,27.5,57.7
2026-06-05,1,climatology,63.544777777777774,57.7
2026-06-05,1,arima_fourier,46.58242499610465,57.7
2026-06-05,1,arima_fourier_mean,50.32465674555928,57.7
2026-06-05,1,arima_no_fourier,47.380814749266136,57.7
2026-06-05,2,naive,47.7,36.0
2026-06-05,2,naive_carry,47.7,36.0
2026-06-05,2,seasonal_naive_7,25.1,36.0
2026-06-05,2,climatology,63.02977777777778,36.0
2026-06-05,2,arima_fourier,45.67796388439736,36.0
2026-06-05,2,arima_fourier_mean,50.715761008543005,36.0
2026-06-05,2,arima_no_fourier,47.21475603042439,36.0
2026-06-05,3,naive,47.7,39.1
2026-06-05,3,naive_carry,47.7,39.1
2026-06-05,3,seasonal_naive_7,33.9,39.1
2026-06-05,3,climatology,63.94000000000001,39.1
2026-06-05,3,arima_fourier,44.89873075887922,39.1
2026-06-05,3,arima_fourier_mean,50.35062971399568,39.1
2026-06-05,3,arima_no_fourier,47.12815157456513,39.1
2026-06-06,1,naive,57.7,36.0
2026-06-06,1,naive_carry,57.7,36.0
2026-06-06,1,seasonal_naive_7,25.1,36.0
2026-06-06,1,climatology,63.02977777777778,36.0
2026-06-06,1,arima_fourier,51.88088341936784,36.0
2026-06-06,1,arima_fourier_mean,56.04874350561269,36.0
2026-06-06,1,arima_no_fourier,53.51113166360833,36.0
2026-06-06,2,naive,57.7,39.1
2026-06-06,2,naive_carry,57.7,39.1
2026-06-06,2,seasonal_naive_7,33.9,39.1
2026-06-06,2,climatology,63.94000000000001,39.1
2026-06-06,2,arima_fourier,48.489006950668994,39.1
2026-06-06,2,arima_fourier_mean,53.836767508099065,39.1
2026-06-06,2,arima_no_fourier,51.44319202816775,39.1
2026-06-06,3,naive,57.7,42.0
2026-06-06,3,naive_carry,57.7,42.0
2026-06-06,3,seasonal_naive_7,39.0,42.0
2026-06-06,3,climatology,64.23555555555556,42.0
2026-06-06,3,arima_fourier,46.35113231165308,42.0
2026-06-06,3,arima_fourier_mean,51.9792990452318,42.0
2026-06-06,3,arima_no_fourier,50.39383362966446,42.0
2026-06-07,1,naive,36.0,39.1
2026-06-07,1,naive_carry,36.0,39.1
2026-06-07,1,seasonal_naive_7,33.9,39.1
2026-06-07,1,climatology,63.94000000000001,39.1
2026-06-07,1,arima_fourier,39.01454517638092,39.1
2026-06-07,1,arima_fourier_mean,42.14876588674446,39.1
2026-06-07,1,arima_no_fourier,39.991097956371284,39.1
2026-06-07,2,naive,36.0,42.0
2026-06-07,2,naive_carry,36.0,42.0
2026-06-07,2,seasonal_naive_7,39.0,42.0
2026-06-07,2,climatology,64.23555555555556,42.0
2026-06-07,2,arima_fourier,40.646254647680124,42.0
2026-06-07,2,arima_fourier_mean,45.12899996629657,42.0
2026-06-07,2,arima_no_fourier,42.25134477564542,42.0
2026-06-07,3,naive,36.0,47.3
2026-06-07,3,naive_carry,36.0,47.3
2026-06-07,3,seasonal_naive_7,59.7,47.3
2026-06-07,3,climatology,66.39111111111112,47.3
2026-06-07,3,arima_fourier,41.38756769075951,47.3
2026-06-07,3,arima_fourier_mean,46.412955423147764,47.3
2026-06-07,3,arima_no_fourier,43.48370452942789,47.3
2026-06-08,1,naive,39.1,42.0
2026-06-08,1,naive_carry,39.1,42.0
2026-06-08,1,seasonal_naive_7,39.0,42.0
2026-06-08,1,climatology,64.23555555555556,42.0
2026-06-08,1,arima_fourier,40.699195686175486,42.0
2026-06-08,1,arima_fourier_mean,43.96873216100975,42.0
2026-06-08,1,arima_no_fourier,41.65076418748818,42.0
2026-06-08,2,naive,39.1,47.3
2026-06-08,2,naive_carry,39.1,47.3
2026-06-08,2,seasonal_naive_7,59.7,47.3
2026-06-08,2,climatology,66.39111111111112,47.3
2026-06-08,2,arima_fourier,41.420125256892874,47.3
2026-06-08,2,arima_fourier_mean,45.98816575841307,47.3
2026-06-08,2,arima_no_fourier,43.050212459838434,47.3
2026-06-08,3,naive,39.1,38.9
2026-06-08,3,naive_carry,39.1,38.9
2026-06-08,3,seasonal_naive_7,50.3,38.9
2026-06-08,3,climatology,70.79011111111112,38.9
2026-06-08,3,arima_fourier,41.60706301310469,38.9
2026-06-08,3,arima_fourier_mean,46.65902393235063,38.9
2026-06-08,3,arima_no_fourier,43.80064391168704,38.9
2026-06-09,1,naive,42.0,47.3
2026-06-09,1,naive_carry,42.0,47.3
2026-06-09,1,seasonal_naive_7,59.7,47.3
2026-06-09,1,climatology,66.39111111111112,47.3
2026-06-09,1,arima_fourier,42.202669042489475,47.3
2026-06-09,1,arima_fourier_mean,45.59296554981731,47.3
2026-06-09,1,arima_no_fourier,43.27919259661265,47.3
2026-06-09,2,naive,42.0,38.9
2026-06-09,2,naive_carry,42.0,38.9
2026-06-09,2,seasonal_naive_7,50.3,38.9
2026-06-09,2,climatology,70.79011111111112,38.9
2026-06-09,2,arima_fourier,42.08017767114005,38.9
2026-06-09,2,arima_fourier_mean,46.72096046972716,38.9
2026-06-09,2,arima_no_fourier,43.96355419308283,38.9
2026-06-09,3,naive,42.0,25.7
2026-06-09,3,naive_carry,42.0,25.7
2026-06-09,3,seasonal_naive_7,47.7,25.7
2026-06-09,3,climatology,69.8051111111111,25.7
2026-06-09,3,arima_fourier,41.77217881031228,25.7
2026-06-09,3,arima_fourier_mean,46.84411150403627,25.7
2026-06-09,3,arima_no_fourier,44.325722553367335,25.7
2026-06-10,1,naive,47.3,38.9
2026-06-10,1,naive_carry,47.3,38.9
2026-06-10,1,seasonal_naive_7,50.3,38.9
2026-06-10,1,climatology,70.79011111111112,38.9
2026-06-10,1,arima_fourier,45.03372569660369,38.9
2026-06-10,1,arima_fourier_mean,48.651430412222616,38.9
2026-06-10,1,arima_no_fourier,46.51622353975789,38.9
2026-06-10,2,naive,47.3,25.7
2026-06-10,2,naive_carry,47.3,25.7
2026-06-10,2,seasonal_naive_7,47.7,25.7
2026-06-10,2,climatology,69.8051111111111,25.7
2026-06-10,2,arima_fourier,43.51951904090145,25.7
2026-06-10,2,arima_fourier_mean,48.318986321275304,25.7
2026-06-10,2,arima_no_fourier,46.11155203876889,25.7
2026-06-10,3,naive,47.3,38.3
2026-06-10,3,naive_carry,47.3,38.3
2026-06-10,3,seasonal_naive_7,57.7,38.3
2026-06-10,3,climatology,68.79066666666668,38.3
2026-06-10,3,arima_fourier,42.42441608669422,38.3
2026-06-10,3,arima_fourier_mean,47.57546690689644,38.3
2026-06-10,3,arima_no_fourier,45.9013427694551,38.3
2026-06-11,1,naive,38.9,25.7
2026-06-11,1,naive_carry,38.9,25.7
2026-06-11,1,seasonal_naive_7,47.7,25.7
2026-06-11,1,climatology,69.8051111111111,25.7
2026-06-11,1,arima_fourier,39.88922468447166,25.7
2026-06-11,1,arima_fourier_mean,43.09363686843761,25.7
2026-06-11,1,arima_no_fourier,41.1599314989273,25.7
2026-06-11,2,naive,38.9,38.3
2026-06-11,2,naive_carry,38.9,38.3
2026-06-11,2,seasonal_naive_7,57.7,38.3
2026-06-11,2,climatology,68.79066666666668,38.3
2026-06-11,2,arima_fourier,40.249829598373054,38.3
2026-06-11,2,arima_fourier_mean,44.68865836018992,38.3
2026-06-11,2,arima_no_fourier,42.39351351955772,38.3
2026-06-11,3,naive,38.9,54.2
2026-06-11,3,naive_carry,38.9,54.2
2026-06-11,3,seasonal_naive_7,36.0,54.2
2026-06-11,3,climatology,66.39466666666667,54.2
2026-06-11,3,arima_fourier,40.23750525278907,54.2
2026-06-11,3,arima_fourier_mean,45.12295765739034,54.2
2026-06-11,3,arima_no_fourier,43.05323697460282,54.2
2026-06-12,1,naive,25.7,38.3
2026-06-12,1,naive_carry,25.7,38.3
2026-06-12,1,seasonal_naive_7,57.7,38.3
2026-06-12,1,climatology,68.79066666666668,38.3
2026-06-12,1,arima_fourier,30.987448355872502,38.3
2026-06-12,1,arima_fourier_mean,33.47674241443831,38.3
2026-06-12,1,arima_no_fourier,31.430533817477652,38.3
2026-06-12,2,naive,25.7,54.2
2026-06-12,2,naive_carry,25.7,54.2
2026-06-12,2,seasonal_naive_7,36.0,54.2
2026-06-12,2,climatology,66.39466666666667,54.2
2026-06-12,2,arima_fourier,34.35741927454311,54.2
2026-06-12,2,arima_fourier_mean,38.14638259122173,54.2
2026-06-12,2,arima_no_fourier,34.91927234650533,54.2
2026-06-12,3,naive,25.7,34.4
2026-06-12,3,naive_carry,25.7,34.4
2026-06-12,3,seasonal_naive_7,39.1,34.4
2026-06-12,3,climatology,66.599,34.4
2026-06-12,3,arima_fourier,36.28367241808008,34.4
2026-06-12,3,arima_fourier_mean,40.68900725459142,34.4
2026-06-12,3,arima_no_fourier,36.89520264159406,34.4
2026-06-13,1,naive,38.3,54.2
2026-06-13,1,naive_carry,38.3,54.2
2026-06-13,1,seasonal_naive_7,36.0,54.2
2026-06-13,1,climatology,66.39466666666667,54.2
2026-06-13,1,arima_fourier,38.97245964276053,54.2
2026-06-13,1,arima_fourier_mean,42.10319151093158,54.2
2026-06-13,1,arima_no_fourier,39.59175647353705,54.2
2026-06-13,2,naive,38.3,34.4
2026-06-13,2,naive_carry,38.3,34.4
2026-06-13,2,seasonal_naive_7,39.1,34.4
2026-06-13,2,climatology,66.599,34.4
2026-06-13,2,arima_fourier,39.15403708892005,34.4
2026-06-13,2,arima_fourier_mean,43.47193186082224,34.4
2026-06-13,2,arima_no_fourier,40.28450495835194,34.4
2026-06-13,3,naive,38.3,37.8
2026-06-13,3,naive_carry,38.3,37.8
2026-06-13,3,seasonal_naive_7,42.0,37.8
2026-06-13,3,climatology,66.51266666666666,37.8
2026-06-13,3,arima_fourier,39.04860862625036,37.8
2026-06-13,3,arima_fourier_mean,43.78958027228321,37.8
2026-06-13,3,arima_no_fourier,40.651573952785974,37.8
2026-06-14,1,naive,54.2,34.4
2026-06-14,1,naive_carry,54.2,34.4
2026-06-14,1,seasonal_naive_7,39.1,34.4
2026-06-14,1,climatology,66.599,34.4
2026-06-14,1,arima_fourier,47.64181065076247,34.4
2026-06-14,1,arima_fourier_mean,51.46894801750149,34.4
2026-06-14,1,arima_no_fourier,49.18027590169856,34.4
2026-06-14,2,naive,54.2,37.8
2026-06-14,2,naive_carry,54.2,37.8
2026-06-14,2,seasonal_naive_7,42.0,37.8
2026-06-14,2,climatology,66.51266666666666,37.8
2026-06-14,2,arima_fourier,43.96215165532086,37.8
2026-06-14,2,arima_fourier_mean,48.810236412103606,37.8
2026-06-14,2,arima_no_fourier,46.74327671262354,37.8
2026-06-14,3,naive,54.2,44.7
2026-06-14,3,naive_carry,54.2,44.7
2026-06-14,3,seasonal_naive_7,47.3,44.7
2026-06-14,3,climatology,65.83355555555555,44.7
2026-06-14,3,arima_fourier,41.73220565963122,44.7
2026-06-14,3,arima_fourier_mean,46.798931426321616,44.7
2026-06-14,3,arima_no_fourier,45.51737869123489,44.7
2026-06-15,1,naive,34.4,37.8
2026-06-15,1,naive_carry,34.4,37.8
2026-06-15,1,seasonal_naive_7,42.0,37.8
2026-06-15,1,climatology,66.51266666666666,37.8
2026-06-15,1,arima_fourier,36.219766793686226,37.8
2026-06-15,1,arima_fourier_mean,39.1293396472847,37.8
2026-06-15,1,arima_no_fourier,37.247599140210376,37.8
2026-06-15,2,naive,34.4,44.7
2026-06-15,2,naive_carry,34.4,44.7
2026-06-15,2,seasonal_naive_7,47.3,44.7
2026-06-15,2,climatology,65.83355555555555,44.7
2026-06-15,2,arima_fourier,37.12359986145894,44.7
2026-06-15,2,arima_fourier_mean,41.21749974281043,44.7
2026-06-15,2,arima_no_fourier,38.82934343715486,44.7
2026-06-15,3,naive,34.4,54.0
2026-06-15,3,naive_carry,34.4,54.0
2026-06-15,3,seasonal_naive_7,38.9,54.0
2026-06-15,3,climatology,65.58822222222223,54.0
2026-06-15,3,arima_fourier,37.46252047092233,54.0
2026-06-15,3,arima_fourier_mean,42.010803402698684,54.0
2026-06-15,3,arima_no_fourier,39.683046170444,54.0
2026-06-16,1,naive,37.8,44.7
2026-06-16,1,naive_carry,37.8,44.7
2026-06-16,1,seasonal_naive_7,47.3,44.7
2026-06-16,1,climatology,65.83355555555555,44.7
2026-06-16,1,arima_fourier,38.07874834067862,44.7
2026-06-16,1,arima_fourier_mean,41.13764006470609,44.7
2026-06-16,1,arima_no_fourier,39.194209855109904,44.7
2026-06-16,2,naive,37.8,54.0
2026-06-16,2,naive_carry,37.8,54.0
2026-06-16,2,seasonal_naive_7,38.9,54.0
2026-06-16,2,climatology,65.58822222222223,54.0
2026-06-16,2,arima_fourier,38.0418131278493,54.0
2026-06-16,2,arima_fourier_mean,42.23693250625687,54.0
2026-06-16,2,arima_no_fourier,39.94363553640556,54.0
2026-06-16,3,naive,37.8,40.9
2026-06-16,3,naive_carry,37.8,40.9
2026-06-16,3,seasonal_naive_7,25.7,40.9
2026-06-16,3,climatology,64.62488888888889,40.9
2026-06-16,3,arima_fourier,37.824713938764916,40.9
2026-06-16,3,arima_fourier_mean,42.41691294617059,40.9
2026-06-16,3,arima_no_fourier,40.34121795987041,40.9
2026-06-17,1,naive,44.7,54.0
2026-06-17,1,naive_carry,44.7,54.0
2026-06-17,1,seasonal_naive_7,38.9,54.0
2026-06-17,1,climatology,65.58822222222223,54.0
2026-06-17,1,arima_fourier,41.8483891660925,54.0
2026-06-17,1,arima_fourier_mean,45.21008252840606,54.0
2026-06-17,1,arima_no_fourier,43.422483526089486,54.0
2026-06-17,2,naive,44.7,40.9
2026-06-17,2,naive_carry,44.7,40.9
2026-06-17,2,seasonal_naive_7,25.7,40.9
2026-06-17,2,climatology,64.62488888888889,40.9
2026-06-17,2,arima_fourier,40.067618995047816,40.9
2026-06-17,2,arima_fourier_mean,44.486097436079476,40.9
2026-06-17,2,arima_no_fourier,42.76904274656928,40.9
2026-06-17,3,naive,44.7,47.9
2026-06-17,3,naive_carry,44.7,47.9
2026-06-17,3,seasonal_naive_7,38.3,47.9
2026-06-17,3,climatology,62.68655555555555,47.9
2026-06-17,3,arima_fourier,38.86962153473344,47.9
2026-06-17,3,arima_fourier_mean,43.58862258704567,47.9
2026-06-17,3,arima_no_fourier,42.4312668491145,47.9
2026-06-18,1,naive,54.0,40.9
2026-06-18,1,naive_carry,54.0,40.9
2026-06-18,1,seasonal_naive_7,25.7,40.9
2026-06-18,1,climatology,64.62488888888889,40.9
2026-06-18,1,arima_fourier,46.628747439564485,40.9
2026-06-18,1,arima_fourier_mean,50.37443084720516,40.9
2026-06-18,1,arima_no_fourier,49.12246043438597,40.9
2026-06-18,2,naive,54.0,47.9
2026-06-18,2,naive_carry,54.0,47.9
2026-06-18,2,seasonal_naive_7,38.3,47.9
2026-06-18,2,climatology,62.68655555555555,47.9
2026-06-18,2,arima_fourier,42.598281091210225,47.9
2026-06-18,2,arima_fourier_mean,47.29578849646318,47.9
2026-06-18,2,arima_no_fourier,46.74990564186656,47.9
2026-06-18,3,naive,54.0,39.2
2026-06-18,3,naive_carry,54.0,39.2
2026-06-18,3,seasonal_naive_7,54.2,39.2
2026-06-18,3,climatology,60.037222222222226,39.2
2026-06-18,3,arima_fourier,40.21609318951088,39.2
2026-06-18,3,arima_fourier_mean,45.09850599638172,39.2
2026-06-18,3,arima_no_fourier,45.55522222187855,39.2
2026-06-19,1,naive,40.9,47.9
2026-06-19,1,naive_carry,40.9,47.9
2026-06-19,1,seasonal_naive_7,38.3,47.9
2026-06-19,1,climatology,62.68655555555555,47.9
2026-06-19,1,arima_fourier,39.40275073257027,47.9
2026-06-19,1,arima_fourier_mean,42.56795600353707,47.9
2026-06-19,1,arima_no_fourier,41.61381325498076,47.9
2026-06-19,2,naive,40.9,39.2
2026-06-19,2,naive_carry,40.9,39.2
2026-06-19,2,seasonal_naive_7,54.2,39.2
2026-06-19,2,climatology,60.037222222222226,39.2
2026-06-19,2,arima_fourier,38.36579620296124,39.2
2026-06-19,2,arima_fourier_mean,42.596532039845535,39.2
2026-06-19,2,arima_no_fourier,41.992031291326654,39.2
2026-06-19,3,naive,40.9,35.0
2026-06-19,3,naive_carry,40.9,35.0
2026-06-19,3,seasonal_naive_7,34.4,35.0
2026-06-19,3,climatology,57.40255555555556,35.0
2026-06-19,3,arima_fourier,37.59092641488079,35.0
2026-06-19,3,arima_fourier_mean,42.154579669062436,35.0
2026-06-19,3,arima_no_fourier,42.19117794033326,35.0
2026-06-20,1,naive,47.9,39.2
2026-06-20,1,naive_carry,47.9,39.2
2026-06-20,1,seasonal_naive_7,54.2,39.2
2026-06-20,1,climatology,60.037222222222226,39.2
2026-06-20,1,arima_fourier,43.09165279693823,39.2
2026-06-20,1,arima_fourier_mean,46.553170564040975,39.2
2026-06-20,1,arima_no_fourier,45.91800820374205,39.2
2026-06-20,2,naive,47.9,35.0
2026-06-20,2,naive_carry,47.9,35.0
2026-06-20,2,seasonal_naive_7,34.4,35.0
2026-06-20,2,climatology,57.40255555555556,35.0
2026-06-20,2,arima_fourier,40.32321392753252,35.0
2026-06-20,2,arima_fourier_mean,44.76976441657648,35.0
2026-06-20,2,arima_no_fourier,44.914448008892826,35.0
2026-06-20,3,naive,47.9,47.8
2026-06-20,3,naive_carry,47.9,47.8
2026-06-20,3,seasonal_naive_7,37.8,47.8
2026-06-20,3,climatology,55.43855555555556,47.8
2026-06-20,3,arima_fourier,38.610024360835574,47.8
2026-06-20,3,arima_fourier_mean,43.29734662046918,47.8
2026-06-20,3,arima_no_fourier,44.398425026942995,47.8
2026-06-21,1,naive,39.2,35.0
2026-06-21,1,naive_carry,39.2,35.0
2026-06-21,1,seasonal_naive_7,34.4,35.0
2026-06-21,1,climatology,57.40255555555556,35.0
2026-06-21,1,arima_fourier,38.11558666488904,35.0
2026-06-21,1,arima_fourier_mean,41.177367832298245,35.0
2026-06-21,1,arima_no_fourier,40.620214349473756,35.0
2026-06-21,2,naive,39.2,47.8
2026-06-21,2,naive_carry,39.2,47.8
2026-06-21,2,seasonal_naive_7,37.8,47.8
2026-06-21,2,climatology,55.43855555555556,47.8
2026-06-21,2,arima_fourier,37.31903918064191,47.8
2026-06-21,2,arima_fourier_mean,41.434277894814095,47.8
2026-06-21,2,arima_no_fourier,41.38325257847187,47.8
2026-06-21,3,naive,39.2,32.3
2026-06-21,3,naive_carry,39.2,32.3
2026-06-21,3,seasonal_naive_7,44.7,32.3
2026-06-21,3,climatology,56.58522222222222,32.3
2026-06-21,3,arima_fourier,36.68998639262487,32.3
2026-06-21,3,arima_fourier_mean,41.14416414997396,32.3
2026-06-21,3,arima_no_fourier,41.7879551589474,32.3
2026-06-22,1,naive,35.0,47.8
2026-06-22,1,naive_carry,35.0,47.8
2026-06-22,1,seasonal_naive_7,37.8,47.8
2026-06-22,1,climatology,55.43855555555556,47.8
2026-06-22,1,arima_fourier,35.47321992663471,47.8
2026-06-22,1,arima_fourier_mean,38.32273084812676,47.8
2026-06-22,1,arima_no_fourier,37.647530922804926,47.8
2026-06-22,2,naive,35.0,32.3
2026-06-22,2,naive_carry,35.0,32.3
2026-06-22,2,seasonal_naive_7,44.7,32.3
2026-06-22,2,climatology,56.58522222222222,32.3
2026-06-22,2,arima_fourier,35.582905747556175,32.3
2026-06-22,2,arima_fourier_mean,39.50666699312746,32.3
2026-06-22,2,arima_no_fourier,39.11080359119583,32.3
2026-06-22,3,naive,35.0,40.2
2026-06-22,3,naive_carry,35.0,40.2
2026-06-22,3,seasonal_naive_7,54.0,40.2
2026-06-22,3,climatology,53.02033333333333,40.2
2026-06-22,3,arima_fourier,35.48206723793195,40.2
2026-06-22,3,arima_fourier_mean,39.78955738149458,40.2
2026-06-22,3,arima_no_fourier,39.89849466875754,40.2
2026-06-23,1,naive,47.8,32.3
2026-06-23,1,naive_carry,47.8,32.3
2026-06-23,1,seasonal_naive_7,44.7,32.3
2026-06-23,1,climatology,56.58522222222222,32.3
2026-06-23,1,arima_fourier,42.49028175619752,32.3
2026-06-23,1,arima_fourier_mean,45.903448848312046,32.3
2026-06-23,1,arima_no_fourier,45.5169215418851,32.3
2026-06-23,2,naive,47.8,40.2
2026-06-23,2,naive_carry,47.8,40.2
2026-06-23,2,seasonal_naive_7,54.0,40.2
2026-06-23,2,climatology,53.02033333333333,40.2
2026-06-23,2,arima_fourier,39.49534640120372,40.2
2026-06-23,2,arima_fourier_mean,43.850502903904705,40.2
2026-06-23,2,arima_no_fourier,44.36679872459491,40.2
2026-06-23,3,naive,47.8,30.1
2026-06-23,3,naive_carry,47.8,30.1
2026-06-23,3,seasonal_naive_7,40.9,30.1
2026-06-23,3,climatology,47.455000000000005,30.1
2026-06-23,3,arima_fourier,37.680434546673666,30.1
2026-06-23,3,arima_fourier_mean,42.254757123256034,30.1
2026-06-23,3,arima_no_fourier,43.77698905711068,30.1
2026-06-24,1,naive,32.3,40.2
2026-06-24,1,naive_carry,32.3,40.2
2026-06-24,1,seasonal_naive_7,54.0,40.2
2026-06-24,1,climatology,53.02033333333333,40.2
2026-06-24,1,arima_fourier,33.5512303470858,40.2
2026-06-24,1,arima_fourier_mean,36.24632896480463,40.2
2026-06-24,1,arima_no_fourier,35.67925660368772,40.2
2026-06-24,2,naive,32.3,30.1
2026-06-24,2,naive_carry,32.3,30.1
2026-06-24,2,seasonal_naive_7,40.9,30.1
2026-06-24,2,climatology,47.455000000000005,30.1
2026-06-24,2,arima_fourier,34.14527470011756,30.1
2026-06-24,2,arima_fourier_mean,37.910450114034155,30.1
2026-06-24,2,arima_no_fourier,37.58487567357502,30.1
2026-06-24,3,naive,32.3,49.3
2026-06-24,3,naive_carry,32.3,49.3
2026-06-24,3,seasonal_naive_7,47.9,49.3
2026-06-24,3,climatology,47.876,49.3
2026-06-24,3,arima_fourier,34.34193299643126,49.3
2026-06-24,3,arima_fourier_mean,38.510926785730305,49.3
2026-06-24,3,arima_no_fourier,38.621561807375976,49.3
2026-06-25,1,naive,40.2,30.1
2026-06-25,1,naive_carry,40.2,30.1
2026-06-25,1,seasonal_naive_7,40.9,30.1
2026-06-25,1,climatology,47.455000000000005,30.1
2026-06-25,1,arima_fourier,38.02205060974515,30.1
2026-06-25,1,arima_fourier_mean,41.07626883347352,30.1
2026-06-25,1,arima_no_fourier,40.54419373909704,30.1
2026-06-25,2,naive,40.2,49.3
2026-06-25,2,naive_carry,40.2,49.3
2026-06-25,2,seasonal_naive_7,47.9,49.3
2026-06-25,2,climatology,47.876,49.3
2026-06-25,2,arima_fourier,36.64661471645827,49.3
2026-06-25,2,arima_fourier_mean,40.687581830924294,49.3
2026-06-25,2,arima_no_fourier,40.72535327089986,49.3
2026-06-25,3,naive,40.2,53.9
2026-06-25,3,naive_carry,40.2,53.9
2026-06-25,3,seasonal_naive_7,39.2,53.9
2026-06-25,3,climatology,48.25266666666666,53.9
2026-06-25,3,arima_fourier,35.71323454257129,53.9
2026-06-25,3,arima_fourier_mean,40.04865718178915,53.9
2026-06-25,3,arima_no_fourier,40.820408287401236,53.9
2026-06-26,1,naive,30.1,49.3
2026-06-26,1,naive_carry,30.1,49.3
2026-06-26,1,seasonal_naive_7,47.9,49.3
2026-06-26,1,climatology,47.876,49.3
2026-06-26,1,arima_fourier,31.89165223954301,49.3
2026-06-26,1,arima_fourier_mean,34.45342091604939,49.3
2026-06-26,1,arima_no_fourier,33.70387530550044,49.3
2026-06-26,2,naive,30.1,53.9
2026-06-26,2,naive_carry,30.1,53.9
2026-06-26,2,seasonal_naive_7,39.2,53.9
2026-06-26,2,climatology,48.25266666666666,53.9
2026-06-26,2,arima_fourier,32.83786069285201,53.9
2026-06-26,2,arima_fourier_mean,36.45881667018068,53.9
2026-06-26,2,arima_no_fourier,35.757113789454706,53.9
2026-06-26,3,naive,30.1,42.6
2026-06-26,3,naive_carry,30.1,42.6
2026-06-26,3,seasonal_naive_7,35.0,42.6
2026-06-26,3,climatology,47.14377777777778,42.6
2026-06-26,3,arima_fourier,33.25759909719511,42.6
2026-06-26,3,arima_fourier_mean,37.29488035927052,42.6
2026-06-26,3,arima_no_fourier,36.88013911604573,42.6
2026-06-27,1,naive,49.3,53.9
2026-06-27,1,naive_carry,49.3,53.9
2026-06-27,1,seasonal_naive_7,39.2,53.9
2026-06-27,1,climatology,48.25266666666666,53.9
2026-06-27,1,arima_fourier,42.549860010527304,53.9
2026-06-27,1,arima_fourier_mean,45.96776065104309,53.9
2026-06-27,1,arima_no_fourier,45.52968787150473,53.9
2026-06-27,2,naive,49.3,42.6
2026-06-27,2,naive_carry,49.3,42.6
2026-06-27,2,seasonal_naive_7,35.0,42.6
2026-06-27,2,climatology,47.14377777777778,42.6
2026-06-27,2,arima_fourier,38.89126325166484,42.6
2026-06-27,2,arima_fourier_mean,43.1796846578735,42.6
2026-06-27,2,arima_no_fourier,43.6743473933989,42.6
2026-06-27,3,naive,49.3,53.4
2026-06-27,3,naive_carry,49.3,53.4
2026-06-27,3,seasonal_naive_7,47.8,53.4
2026-06-27,3,climatology,46.577777777777776,53.4
2026-06-27,3,arima_fourier,36.755126813936776,53.4
2026-06-27,3,arima_fourier_mean,41.21694639860008,53.4
2026-06-27,3,arima_no_fourier,42.73444589635287,53.4
2026-06-28,1,naive,53.9,42.6
2026-06-28,1,naive_carry,53.9,42.6
2026-06-28,1,seasonal_naive_7,35.0,42.6
2026-06-28,1,climatology,47.14377777777778,42.6
2026-06-28,1,arima_fourier,44.764610040093224,42.6
2026-06-28,1,arima_fourier_mean,48.3604019623239,42.6
2026-06-28,1,arima_no_fourier,48.61730230671989,42.6
2026-06-28,2,naive,53.9,53.4
2026-06-28,2,naive_carry,53.9,53.4
2026-06-28,2,seasonal_naive_7,47.8,53.4
2026-06-28,2,climatology,46.577777777777776,53.4
2026-06-28,2,arima_fourier,40.01381717159749,53.4
2026-06-28,2,arima_fourier_mean,44.42598968514778,53.4
2026-06-28,2,arima_no_fourier,46.06434399491931,53.4
2026-06-28,3,naive,53.9,39.1
2026-06-28,3,naive_carry,53.9,39.1
2026-06-28,3,seasonal_naive_7,32.3,39.1
2026-06-28,3,climatology,46.00177777777778,39.1
2026-06-28,3,arima_fourier,37.331962533020395,39.1
2026-06-28,3,arima_fourier_mean,41.86376505113402,39.1
2026-06-28,3,arima_no_fourier,44.783172560688016,39.1
2026-06-29,1,naive,42.6,53.4
2026-06-29,1,naive_carry,42.6,53.4
2026-06-29,1,seasonal_naive_7,47.8,53.4
2026-06-29,1,climatology,46.577777777777776,53.4
2026-06-29,1,arima_fourier,38.85137262072912,53.4
2026-06-29,1,arima_fourier_mean,41.972163042036634,53.4
2026-06-29,1,arima_no_fourier,42.355521514184915,53.4
2026-06-29,2,naive,42.6,39.1
2026-06-29,2,naive_carry,42.6,39.1
2026-06-29,2,seasonal_naive_7,32.3,39.1
2026-06-29,2,climatology,46.00177777777778,39.1
2026-06-29,2,arima_fourier,36.6731244397769,39.1
2026-06-29,2,arima_fourier_mean,40.716905063653435,39.1
2026-06-29,2,arima_no_fourier,42.2282366800579,39.1
2026-06-29,3,naive,42.6,33.1
2026-06-29,3,naive_carry,42.6,33.1
2026-06-29,3,seasonal_naive_7,40.2,33.1
2026-06-29,3,climatology,46.10844444444445,33.1
2026-06-29,3,arima_fourier,35.31903827205645,33.1
2026-06-29,3,arima_fourier_mean,39.60645012496223,33.1
2026-06-29,3,arima_no_fourier,42.16182858543944,33.1
2026-06-30,1,naive,53.4,39.1
2026-06-30,1,naive_carry,53.4,39.1
2026-06-30,1,seasonal_naive_7,32.3,39.1
2026-06-30,1,climatology,46.00177777777778,39.1
2026-06-30,1,arima_fourier,44.3111281537376,39.1
2026-06-30,1,arima_fourier_mean,47.870468972260255,39.1
2026-06-30,1,arima_no_fourier,48.92545990448971,39.1
2026-06-30,2,naive,53.4,33.1
2026-06-30,2,naive_carry,53.4,33.1
2026-06-30,2,seasonal_naive_7,40.2,33.1
2026-06-30,2,climatology,46.10844444444445,33.1
2026-06-30,2,arima_fourier,39.5943275284918,33.1
2026-06-30,2,arima_fourier_mean,43.960188432647435,33.1
2026-06-30,2,arima_no_fourier,46.736957200990226,33.1
2026-06-30,3,naive,53.4,47.6
2026-06-30,3,naive_carry,53.4,47.6
2026-06-30,3,seasonal_naive_7,30.1,47.6
2026-06-30,3,climatology,45.199111111111115,47.6
2026-06-30,3,arima_fourier,36.93797653097151,47.6
2026-06-30,3,arima_fourier_mean,41.42187445764766,47.6
2026-06-30,3,arima_no_fourier,45.63179594201016,47.6
2026-07-01,1,naive,39.1,33.1
2026-07-01,1,naive_carry,39.1,33.1
2026-07-01,1,seasonal_naive_7,40.2,33.1
2026-07-01,1,climatology,46.10844444444445,33.1
2026-07-01,1,arima_fourier,36.754724636829096,33.1
2026-07-01,1,arima_fourier_mean,39.7070791874133,33.1
2026-07-01,1,arima_no_fourier,40.53291835923947,33.1
2026-07-01,2,naive,39.1,47.6
2026-07-01,2,naive_carry,39.1,47.6
2026-07-01,2,seasonal_naive_7,30.1,47.6
2026-07-01,2,climatology,45.199111111111115,47.6
2026-07-01,2,arima_fourier,35.31453469551757,47.6
2026-07-01,2,arima_fourier_mean,39.20846105712608,47.6
2026-07-01,2,arima_no_fourier,41.30301761549478,47.6
2026-07-01,3,naive,39.1,58.8
2026-07-01,3,naive_carry,39.1,58.8
2026-07-01,3,seasonal_naive_7,49.3,58.8
2026-07-01,3,climatology,44.864444444444445,58.8
2026-07-01,3,arima_fourier,34.367377409508535,58.8
2026-07-01,3,arima_fourier_mean,38.53919575387006,58.8
2026-07-01,3,arima_no_fourier,41.71153067881073,58.8
2026-07-02,1,naive,33.1,47.6
2026-07-02,1,naive_carry,33.1,47.6
2026-07-02,1,seasonal_naive_7,30.1,47.6
2026-07-02,1,climatology,45.199111111111115,47.6
2026-07-02,1,arima_fourier,33.18168581471762,47.6
2026-07-02,1,arima_fourier_mean,35.8470244360382,47.6
2026-07-02,1,arima_no_fourier,36.315107342575125,47.6
2026-07-02,2,naive,33.1,58.8
2026-07-02,2,naive_carry,33.1,58.8
2026-07-02,2,seasonal_naive_7,49.3,58.8
2026-07-02,2,climatology,44.864444444444445,58.8
2026-07-02,2,arima_fourier,33.098367951182354,58.8
2026-07-02,2,arima_fourier_mean,36.74790871685455,58.8
2026-07-02,2,arima_no_fourier,38.1188653338177,58.8
2026-07-02,3,naive,33.1,54.4
2026-07-02,3,naive_carry,33.1,54.4
2026-07-02,3,seasonal_naive_7,53.9,54.4
2026-07-02,3,climatology,43.45444444444445,54.4
2026-07-02,3,arima_fourier,32.92173488366736,54.4
2026-07-02,3,arima_fourier_mean,36.91803584658727,54.4
2026-07-02,3,arima_no_fourier,39.09749402614832,54.4
2026-07-03,1,naive,47.6,58.8
2026-07-03,1,naive_carry,47.6,58.8
2026-07-03,1,seasonal_naive_7,49.3,58.8
2026-07-03,1,climatology,44.864444444444445,58.8
2026-07-03,1,arima_fourier,41.022100611298065,58.8
2026-07-03,1,arima_fourier_mean,44.317214926939705,58.8
2026-07-03,1,arima_no_fourier,45.26904066365947,58.8
2026-07-03,2,naive,47.6,54.4
2026-07-03,2,naive_carry,47.6,54.4
2026-07-03,2,seasonal_naive_7,53.9,54.4
2026-07-03,2,climatology,43.45444444444445,54.4
2026-07-03,2,arima_fourier,37.47804655238347,54.4
2026-07-03,2,arima_fourier_mean,41.61048171948128,54.4
2026-07-03,2,arima_no_fourier,44.095935001766094,54.4
2026-07-03,3,naive,47.6,36.0
2026-07-03,3,naive_carry,47.6,36.0
2026-07-03,3,seasonal_naive_7,42.6,36.0
2026-07-03,3,climatology,42.57111111111111,36.0
2026-07-03,3,arima_fourier,35.423913905499006,36.0
2026-07-03,3,arima_fourier_mean,39.72391522730858,36.0
2026-07-03,3,arima_no_fourier,43.4946434733404,36.0
2026-07-04,1,naive,58.8,54.4
2026-07-04,1,naive_carry,58.8,54.4
2026-07-04,1,seasonal_naive_7,53.9,54.4
2026-07-04,1,climatology,43.45444444444445,54.4
2026-07-04,1,arima_fourier,46.42802039035412,54.4
2026-07-04,1,arima_fourier_mean,50.157355742332996,54.4
2026-07-04,1,arima_no_fourier,52.066032428343824,54.4
2026-07-04,2,naive,58.8,36.0
2026-07-04,2,naive_carry,58.8,36.0
2026-07-04,2,seasonal_naive_7,42.6,36.0
2026-07-04,2,climatology,42.57111111111111,36.0
2026-07-04,2,arima_fourier,40.31481268969852,36.0
2026-07-04,2,arima_fourier_mean,44.76001241962956,36.0
2026-07-04,2,arima_no_fourier,48.8575940333579,36.0
2026-07-04,3,naive,58.8,32.5
2026-07-04,3,naive_carry,58.8,32.5
2026-07-04,3,seasonal_naive_7,53.4,32.5
2026-07-04,3,climatology,41.880222222222216,32.5
2026-07-04,3,arima_fourier,36.99741743986942,32.5
2026-07-04,3,arima_fourier_mean,41.488387061970215,32.5
2026-07-04,3,arima_no_fourier,47.25933612093856,32.5
2026-07-05,1,naive,54.4,36.0
2026-07-05,1,naive_carry,54.4,36.0
2026-07-05,1,seasonal_naive_7,42.6,36.0
2026-07-05,1,climatology,42.57111111111111,36.0
2026-07-05,1,arima_fourier,44.29942692477594,36.0
2026-07-05,1,arima_fourier_mean,47.85777227622688,36.0
2026-07-05,1,arima_no_fourier,50.23786487992616,36.0
2026-07-05,2,naive,54.4,32.5
2026-07-05,2,naive_carry,54.4,32.5
2026-07-05,2,seasonal_naive_7,53.4,32.5
2026-07-05,2,climatology,41.880222222222216,32.5
2026-07-05,2,arima_fourier,39.164488170813634,32.5
2026-07-05,2,arima_fourier_mean,43.482826693572086,32.5
2026-07-05,2,arima_no_fourier,48.18976737866155,32.5
2026-07-05,3,naive,54.4,30.0
2026-07-05,3,naive_carry,54.4,30.0
2026-07-05,3,seasonal_naive_7,39.1,30.0
2026-07-05,3,climatology,41.37888888888889,30.0
2026-07-05,3,arima_fourier,36.32111118675292,30.0
2026-07-05,3,arima_fourier_mean,40.72995369626267,30.0
2026-07-05,3,arima_no_fourier,47.152231401592424,30.0
2026-07-06,1,naive,36.0,32.5
2026-07-06,1,naive_carry,36.0,32.5
2026-07-06,1,seasonal_naive_7,53.4,32.5
2026-07-06,1,climatology,41.880222222222216,32.5
2026-07-06,1,arima_fourier,34.61814057841166,32.5
2026-07-06,1,arima_fourier_mean,37.39882993957356,32.5
2026-07-06,1,arima_no_fourier,38.99485739988159,32.5
2026-07-06,2,naive,36.0,30.0
2026-07-06,2,naive_carry,36.0,30.0
2026-07-06,2,seasonal_naive_7,39.1,30.0
2026-07-06,2,climatology,41.37888888888889,30.0
2026-07-06,2,arima_fourier,33.71284535282639,30.0
2026-07-06,2,arima_fourier_mean,37.43005707401755,30.0
2026-07-06,2,arima_no_fourier,40.658876904713445,30.0
2026-07-06,3,naive,36.0,6.42
2026-07-06,3,naive_carry,36.0,6.42
2026-07-06,3,seasonal_naive_7,33.1,6.42
2026-07-06,3,climatology,40.31055555555555,6.42
2026-07-06,3,arima_fourier,33.0747447910961,6.42
2026-07-06,3,arima_fourier_mean,37.08949748596358,6.42
2026-07-06,3,arima_no_fourier,41.557120828195586,6.42
2026-07-07,1,naive,32.5,30.0
2026-07-07,1,naive_carry,32.5,30.0
2026-07-07,1,seasonal_naive_7,39.1,30.0
2026-07-07,1,climatology,41.37888888888889,30.0
2026-07-07,1,arima_fourier,32.470269176250945,30.0
2026-07-07,1,arima_fourier_mean,35.0784242550431,30.0
2026-07-07,1,arima_no_fourier,36.21488989375976,30.0
2026-07-07,2,naive,32.5,6.42
2026-07-07,2,naive_carry,32.5,6.42
2026-07-07,2,seasonal_naive_7,33.1,6.42
2026-07-07,2,climatology,40.31055555555555,6.42
2026-07-07,2,arima_fourier,32.33305956413395,6.42
2026-07-07,2,arima_fourier_mean,35.89811604230132,6.42
2026-07-07,2,arima_no_fourier,38.323631572340744,6.42
2026-07-07,3,naive,32.5,22.0
2026-07-07,3,naive_carry,32.5,22.0
2026-07-07,3,seasonal_naive_7,47.6,22.0
2026-07-07,3,climatology,39.65322222222222,22.0
2026-07-07,3,arima_fourier,32.13548969214314,22.0
2026-07-07,3,arima_fourier_mean,36.036203974892835,22.0
2026-07-07,3,arima_no_fourier,39.47479612758814,22.0
2026-07-08,1,naive,30.0,6.42
2026-07-08,1,naive_carry,30.0,6.42
2026-07-08,1,seasonal_naive_7,33.1,6.42
2026-07-08,1,climatology,40.31055555555555,6.42
2026-07-08,1,arima_fourier,30.8465757249152,6.42
2026-07-08,1,arima_fourier_mean,33.324301836992724,6.42
2026-07-08,1,arima_no_fourier,34.003216319986535,6.42
2026-07-08,2,naive,30.0,22.0
2026-07-08,2,naive_carry,30.0,22.0
2026-07-08,2,seasonal_naive_7,47.6,22.0
2026-07-08,2,climatology,39.65322222222222,22.0
2026-07-08,2,arima_fourier,31.23495709571979,22.0
2026-07-08,2,arima_fourier_mean,34.67891876331423,22.0
2026-07-08,2,arima_no_fourier,36.30500372030672,22.0
2026-07-08,3,naive,30.0,43.5
2026-07-08,3,naive_carry,30.0,43.5
2026-07-08,3,seasonal_naive_7,58.8,43.5
2026-07-08,3,climatology,39.27988888888888,43.5
2026-07-08,3,arima_fourier,31.348807638126523,43.5
2026-07-08,3,arima_fourier_mean,35.15400554304318,43.5
2026-07-08,3,arima_no_fourier,37.57005904784494,43.5
2026-07-09,1,naive,6.42,22.0
2026-07-09,1,naive_carry,6.42,22.0
2026-07-09,1,seasonal_naive_7,47.6,22.0
2026-07-09,1,climatology,39.65322222222222,22.0
2026-07-09,1,arima_fourier,12.279735619286765,22.0
2026-07-09,1,arima_fourier_mean,13.26609278004655,22.0
2026-07-09,1,arima_no_fourier,12.589601770105565,22.0
2026-07-09,2,naive,6.42,43.5
2026-07-09,2,naive_carry,6.42,43.5
2026-07-09,2,seasonal_naive_7,58.8,43.5
2026-07-09,2,climatology,39.27988888888888,43.5
2026-07-09,2,arima_fourier,17.83867771777802,43.5
2026-07-09,2,arima_fourier_mean,19.805557864890012,43.5
2026-07-09,2,arima_no_fourier,17.904229665623053,43.5
2026-07-09,3,naive,6.42,64.2
2026-07-09,3,naive_carry,6.42,64.2
2026-07-09,3,seasonal_naive_7,54.4,64.2
2026-07-09,3,climatology,38.979888888888894,64.2
2026-07-09,3,arima_fourier,22.084238615167067,64.2
2026-07-09,3,arima_fourier_mean,24.76486159553587,64.2
2026-07-09,3,arima_no_fourier,21.52453435510994,64.2
2026-07-10,1,naive,22.0,43.5
2026-07-10,1,naive_carry,22.0,43.5
2026-07-10,1,seasonal_naive_7,58.8,43.5
2026-07-10,1,climatology,39.27988888888888,43.5
2026-07-10,1,arima_fourier,25.233817912445126,43.5
2026-07-10,1,arima_fourier_mean,27.260693202733,43.5
2026-07-10,1,arima_no_fourier,25.524746687807674,43.5
2026-07-10,2,naive,22.0,64.2
2026-07-10,2,naive_carry,22.0,64.2
2026-07-10,2,seasonal_naive_7,54.4,64.2
2026-07-10,2,climatology,38.979888888888894,64.2
2026-07-10,2,arima_fourier,27.229748264307293,64.2
2026-07-10,2,arima_fourier_mean,30.232066770653443,64.2
2026-07-10,2,arima_no_fourier,27.587376411681678,64.2
2026-07-10,3,naive,22.0,39.0
2026-07-10,3,naive_carry,22.0,39.0
2026-07-10,3,seasonal_naive_7,36.0,39.0
2026-07-10,3,climatology,37.776555555555554,39.0
2026-07-10,3,arima_fourier,28.36007828136987,39.0
2026-07-10,3,arima_fourier_mean,31.802451003818053,39.0
2026-07-10,3,arima_no_fourier,28.731519213956588,39.0
2026-07-11,1,naive,43.5,64.2
2026-07-11,1,naive_carry,43.5,64.2
2026-07-11,1,seasonal_naive_7,54.4,64.2
2026-07-11,1,climatology,38.979888888888894,64.2
2026-07-11,1,arima_fourier,37.64559053348848,64.2
2026-07-11,1,arima_fourier_mean,40.66941854265149,64.2
2026-07-11,1,arima_no_fourier,38.708131696076514,64.2
2026-07-11,2,naive,43.5,39.0
2026-07-11,2,naive_carry,43.5,39.0
2026-07-11,2,seasonal_naive_7,36.0,39.0
2026-07-11,2,climatology,37.776555555555554,39.0
2026-07-11,2,arima_fourier,34.487304658445225,39.0
2026-07-11,2,arima_fourier_mean,38.28981449232852,39.0
2026-07-11,2,arima_no_fourier,36.41637087047794,39.0
2026-07-11,3,naive,43.5,40.8
2026-07-11,3,naive_carry,43.5,40.8
2026-07-11,3,seasonal_naive_7,32.5,40.8
2026-07-11,3,climatology,37.52144444444445,40.8
2026-07-11,3,arima_fourier,32.65765813585452,40.8
2026-07-11,3,arima_fourier_mean,36.621649881025,40.8
2026-07-11,3,arima_no_fourier,35.272499707155184,40.8
2026-07-12,1,naive,64.2,39.0
2026-07-12,1,naive_carry,64.2,39.0
2026-07-12,1,seasonal_naive_7,36.0,39.0
2026-07-12,1,climatology,37.776555555555554,39.0
2026-07-12,1,arima_fourier,47.37425500576804,39.0
2026-07-12,1,arima_fourier_mean,51.17951470686849,39.0
2026-07-12,1,arima_no_fourier,50.222115092960756,39.0
2026-07-12,2,naive,64.2,40.8
2026-07-12,2,naive_carry,64.2,40.8
2026-07-12,2,seasonal_naive_7,32.5,40.8
2026-07-12,2,climatology,37.52144444444445,40.8
2026-07-12,2,arima_fourier,39.55970352083095,40.8
2026-07-12,2,arima_fourier_mean,43.92146718426821,40.8
2026-07-12,2,arima_no_fourier,44.1702862961364,40.8
2026-07-12,3,naive,64.2,38.5
2026-07-12,3,naive_carry,64.2,38.5
2026-07-12,3,seasonal_naive_7,30.0,38.5
2026-07-12,3,climatology,37.04744444444445,38.5
2026-07-12,3,arima_fourier,35.497149183177875,38.5
2026-07-12,3,arima_fourier_mean,39.80577211618968,38.5
2026-07-12,3,arima_no_fourier,41.30183898554617,38.5
2026-07-13,1,naive,39.0,40.8
2026-07-13,1,naive_carry,39.0,40.8
2026-07-13,1,seasonal_naive_7,32.5,40.8
2026-07-13,1,climatology,37.52144444444445,40.8
2026-07-13,1,arima_fourier,35.23767719528912,40.8
2026-07-13,1,arima_fourier_mean,38.068079351694976,40.8
2026-07-13,1,arima_no_fourier,37.614381790883414,40.8
2026-07-13,2,naive,39.0,38.5
2026-07-13,2,naive_carry,39.0,38.5
2026-07-13,2,seasonal_naive_7,30.0,38.5
2026-07-13,2,climatology,37.04744444444445,38.5
2026-07-13,2,arima_fourier,33.101686731338454,38.5
2026-07-13,2,arima_fourier_mean,36.751387752061156,38.5
2026-07-13,2,arima_no_fourier,36.90952148125249,38.5
2026-07-13,3,naive,39.0,45.9
2026-07-13,3,naive_carry,39.0,45.9
2026-07-13,3,seasonal_naive_7,6.42,45.9
2026-07-13,3,climatology,36.62877777777778,45.9
2026-07-13,3,arima_fourier,31.807115346668713,45.9
2026-07-13,3,arima_fourier_mean,35.66782088171756,45.9
2026-07-13,3,arima_no_fourier,36.54620732545107,45.9
2026-07-14,1,naive,40.8,38.5
2026-07-14,1,naive_carry,40.8,38.5
2026-07-14,1,seasonal_naive_7,30.0,38.5
2026-07-14,1,climatology,37.04744444444445,38.5
2026-07-14,1,arima_fourier,36.11681875509151,38.5
2026-07-14,1,arima_fourier_mean,39.01782962604225,38.5
2026-07-14,1,arima_no_fourier,38.86590629694712,38.5
2026-07-14,2,naive,40.8,45.9
2026-07-14,2,naive_carry,40.8,45.9
2026-07-14,2,seasonal_naive_7,6.42,45.9
2026-07-14,2,climatology,36.62877777777778,45.9
2026-07-14,2,arima_fourier,33.52643445528457,45.9
2026-07-14,2,arima_fourier_mean,37.22295094159556,45.9
2026-07-14,2,arima_no_fourier,37.89130722949494,45.9
2026-07-14,3,naive,40.8,50.3
2026-07-14,3,naive_carry,40.8,50.3
2026-07-14,3,seasonal_naive_7,22.0,50.3
2026-07-14,3,climatology,36.02522222222222,50.3
2026-07-14,3,arima_fourier,31.99359893132995,50.3
2026-07-14,3,arima_fourier_mean,35.87691680540158,50.3
2026-07-14,3,arima_no_fourier,37.391435063673335,50.3
2026-07-15,1,naive,38.5,45.9
2026-07-15,1,naive_carry,38.5,45.9
2026-07-15,1,seasonal_naive_7,6.42,45.9
2026-07-15,1,climatology,36.62877777777778,45.9
2026-07-15,1,arima_fourier,34.82516204847347,45.9
2026-07-15,1,arima_fourier_mean,37.62241687585527,45.9
2026-07-15,1,arima_no_fourier,37.66428200755203,45.9
2026-07-15,2,naive,38.5,50.3
2026-07-15,2,naive_carry,38.5,50.3
2026-07-15,2,seasonal_naive_7,22.0,50.3
2026-07-15,2,climatology,36.02522222222222,50.3
2026-07-15,2,arima_fourier,32.7363906315029,50.3
2026-07-15,2,arima_fourier_mean,36.345784178517995,50.3
2026-07-15,2,arima_no_fourier,37.23451243288727,50.3
2026-07-15,3,naive,38.5,46.0
2026-07-15,3,naive_carry,38.5,46.0
2026-07-15,3,seasonal_naive_7,43.5,46.0
2026-07-15,3,climatology,34.977888888888884,46.0
2026-07-15,3,arima_fourier,31.4691027234699,46.0
2026-07-15,3,arima_fourier_mean,35.288736494167985,46.0
2026-07-15,3,arima_no_fourier,37.011731220113994,46.0
2026-07-16,1,naive,45.9,50.3
2026-07-16,1,naive_carry,45.9,50.3
2026-07-16,1,seasonal_naive_7,22.0,50.3
2026-07-16,1,climatology,36.02522222222222,50.3
2026-07-16,1,arima_fourier,38.579431834366765,50.3
2026-07-16,1,arima_fourier_mean,41.67823334567102,50.3
2026-07-16,1,arima_no_fourier,42.21900055488462,50.3
2026-07-16,2,naive,45.9,46.0
2026-07-16,2,naive_carry,45.9,46.0
2026-07-16,2,seasonal_naive_7,43.5,46.0
2026-07-16,2,climatology,34.977888888888884,46.0
2026-07-16,2,arima_fourier,34.750150322689144,46.0
2026-07-16,2,arima_fourier_mean,38.58155781262651,46.0
2026-07-16,2,arima_no_fourier,40.41320343812598,46.0
2026-07-16,3,naive,45.9,48.8
2026-07-16,3,naive_carry,45.9,48.8
2026-07-16,3,seasonal_naive_7,64.2,48.8
2026-07-16,3,climatology,34.239222222222224,48.8
2026-07-16,3,arima_fourier,32.58635997980665,48.8
2026-07-16,3,arima_fourier_mean,36.54158138977523,48.8
2026-07-16,3,arima_no_fourier,39.49987393110439,48.8
2026-07-17,1,naive,50.3,46.0
2026-07-17,1,naive_carry,50.3,46.0
2026-07-17,1,seasonal_naive_7,43.5,46.0
2026-07-17,1,climatology,34.977888888888884,46.0
2026-07-17,1,arima_fourier,40.68943426352757,46.0
2026-07-17,1,arima_fourier_mean,43.95770973246526,46.0
2026-07-17,1,arima_no_fourier,45.169464020883446,46.0
2026-07-17,2,naive,50.3,48.8
2026-07-17,2,naive_carry,50.3,48.8
2026-07-17,2,seasonal_naive_7,64.2,48.8
2026-07-17,2,climatology,34.239222222222224,48.8
2026-07-17,2,arima_fourier,35.84404512443152,48.8
2026-07-17,2,arima_fourier_mean,39.79604509092434,48.8
2026-07-17,2,arima_no_fourier,42.698465408429705,48.8
2026-07-17,3,naive,50.3,43.3
2026-07-17,3,naive_carry,50.3,43.3
2026-07-17,3,seasonal_naive_7,39.0,43.3
2026-07-17,3,climatology,34.21588888888889,43.3
2026-07-17,3,arima_fourier,33.180202905942075,43.3
2026-07-17,3,arima_fourier_mean,37.20748114628865,43.3
2026-07-17,3,arima_no_fourier,41.46062088615604,43.3
2026-07-18,1,naive,46.0,48.8
2026-07-18,1,naive_carry,46.0,48.8
2026-07-18,1,seasonal_naive_7,64.2,48.8
2026-07-18,1,climatology,34.239222222222224,48.8
2026-07-18,1,arima_fourier,38.55707557589181,48.8
2026-07-18,1,arima_fourier_mean,41.65406829986891,48.8
2026-07-18,1,arima_no_fourier,43.19558929779225,48.8
2026-07-18,2,naive,46.0,43.3
2026-07-18,2,naive_carry,46.0,43.3
2026-07-18,2,seasonal_naive_7,39.0,43.3
2026-07-18,2,climatology,34.21588888888889,43.3
2026-07-18,2,arima_fourier,34.67482384237366,43.3
2026-07-18,2,arima_fourier_mean,38.49789592907584,43.3
2026-07-18,2,arima_no_fourier,41.79784603614824,43.3
2026-07-18,3,naive,46.0,26.5
2026-07-18,3,naive_carry,46.0,26.5
2026-07-18,3,seasonal_naive_7,40.8,26.5
2026-07-18,3,climatology,34.794222222222224,26.5
2026-07-18,3,arima_fourier,32.48600661723007,26.5
2026-07-18,3,arima_fourier_mean,36.42900535355723,26.5
2026-07-18,3,arima_no_fourier,41.08503390735159,26.5
2026-07-19,1,naive,48.8,43.3
2026-07-19,1,naive_carry,48.8,43.3
2026-07-19,1,seasonal_naive_7,39.0,43.3
2026-07-19,1,climatology,34.21588888888889,43.3
2026-07-19,1,arima_fourier,39.89039957071163,43.3
2026-07-19,1,arima_fourier_mean,43.09448144068686,43.3
2026-07-19,1,arima_no_fourier,45.16612816371829,43.3
2026-07-19,2,naive,48.8,26.5
2026-07-19,2,naive_carry,48.8,26.5
2026-07-19,2,seasonal_naive_7,40.8,26.5
2026-07-19,2,climatology,34.794222222222224,26.5
2026-07-19,2,arima_fourier,35.3545073674126,26.5
2026-07-19,2,arima_fourier_mean,39.25250315514847,26.5
2026-07-19,2,arima_no_fourier,43.374944119795074,26.5
2026-07-19,3,naive,48.8,21.9
2026-07-19,3,naive_carry,48.8,21.9
2026-07-19,3,seasonal_naive_7,38.5,21.9
2026-07-19,3,climatology,34.01811111111111,21.9
2026-07-19,3,arima_fourier,32.843282062317996,21.9
2026-07-19,3,arima_fourier_mean,36.82962476329151,21.9
2026-07-19,3,arima_no_fourier,42.46675443766122,21.9
2026-07-20,1,naive,43.3,26.5
2026-07-20,1,naive_carry,43.3,26.5
2026-07-20,1,seasonal_naive_7,40.8,26.5
2026-07-20,1,climatology,34.794222222222224,26.5
2026-07-20,1,arima_fourier,37.12188879899885,26.5
2026-07-20,1,arima_fourier_mean,40.103592102797826,26.5
2026-07-20,1,arima_no_fourier,42.22764910783094,26.5
2026-07-20,2,naive,43.3,21.9
2026-07-20,2,naive_carry,43.3,21.9
2026-07-20,2,seasonal_naive_7,38.5,21.9
2026-07-20,2,climatology,34.01811111111111,21.9
2026-07-20,2,arima_fourier,33.8251556109272,21.9
2026-07-20,2,arima_fourier_mean,37.554519609830166,21.9
2026-07-20,2,arima_no_fourier,41.6775064259833,21.9
2026-07-20,3,naive,43.3,22.7
2026-07-20,3,naive_carry,43.3,22.7
2026-07-20,3,seasonal_naive_7,45.9,22.7
2026-07-20,3,climatology,39.56377777777778,22.7
2026-07-20,3,arima_fourier,31.933030124715373,22.7
2026-07-20,3,arima_fourier_mean,35.80887193803964,22.7
2026-07-20,3,arima_no_fourier,41.3926826827503,22.7
2026-07-21,1,naive,26.5,21.9
2026-07-21,1,naive_carry,26.5,21.9
2026-07-21,1,seasonal_naive_7,38.5,21.9
2026-07-21,1,climatology,34.01811111111111,21.9
2026-07-21,1,arima_fourier,27.680614650000322,21.9
2026-07-21,1,arima_fourier_mean,29.903971927684307,21.9
2026-07-21,1,arima_no_fourier,30.998894467607617,21.9
2026-07-21,2,naive,26.5,22.7
2026-07-21,2,naive_carry,26.5,22.7
2026-07-21,2,seasonal_naive_7,45.9,22.7
2026-07-21,2,climatology,39.56377777777778,22.7
2026-07-21,2,arima_fourier,28.292062043955,22.7
2026-07-21,2,arima_fourier_mean,31.41136826085069,22.7
2026-07-21,2,arima_no_fourier,33.64787189628344,22.7
2026-07-21,3,naive,26.5,28.6
2026-07-21,3,naive_carry,26.5,28.6
2026-07-21,3,seasonal_naive_7,50.3,28.6
2026-07-21,3,climatology,36.91544444444444,28.6
2026-07-21,3,arima_fourier,28.55403619055642,28.6
2026-07-21,3,arima_fourier_mean,32.01973891316691,28.6
2026-07-21,3,arima_no_fourier,35.122037899140274,28.6
2026-07-22,1,naive,21.9,22.7
2026-07-22,1,naive_carry,21.9,22.7
2026-07-22,1,seasonal_naive_7,45.9,22.7
2026-07-22,1,climatology,39.56377777777778,22.7
2026-07-22,1,arima_fourier,24.612655155275178,22.7
2026-07-22,1,arima_fourier_mean,26.58958465399794,22.7
2026-07-22,1,arima_no_fourier,26.982866069512774,22.7
2026-07-22,2,naive,21.9,28.6
2026-07-22,2,naive_carry,21.9,28.6
2026-07-22,2,seasonal_naive_7,50.3,28.6
2026-07-22,2,climatology,36.91544444444444,28.6
2026-07-22,2,arima_fourier,26.250026452537636,28.6
2026-07-22,2,arima_fourier_mean,29.144180435439075,28.6
2026-07-22,2,arima_no_fourier,30.094567925861952,28.6
2026-07-22,3,naive,21.9,30.2
2026-07-22,3,naive_carry,21.9,30.2
2026-07-22,3,seasonal_naive_7,46.0,30.2
2026-07-22,3,climatology,36.85544444444445,30.2
2026-07-22,3,arima_fourier,27.15702036345329,30.2
2026-07-22,3,arima_fourier_mean,30.453146817500155,30.2
2026-07-22,3,arima_no_fourier,31.862129375496785,30.2
2026-07-23,1,naive,22.7,28.6
2026-07-23,1,naive_carry,22.7,28.6
2026-07-23,1,seasonal_naive_7,50.3,28.6
2026-07-23,1,climatology,36.91544444444444,28.6
2026-07-23,1,arima_fourier,25.01694386138732,28.6
2026-07-23,1,arima_fourier_mean,27.02634284570381,28.6
2026-07-23,1,arima_no_fourier,26.964996885137715,28.6
2026-07-23,2,naive,22.7,30.2
2026-07-23,2,naive_carry,22.7,30.2
2026-07-23,2,seasonal_naive_7,46.0,30.2
2026-07-23,2,climatology,36.85544444444445,30.2
2026-07-23,2,arima_fourier,26.379347317846943,30.2
2026-07-23,2,arima_fourier_mean,29.287749450790947,30.2
2026-07-23,2,arima_no_fourier,29.50542483589211,30.2
2026-07-24,1,naive,28.6,30.2
2026-07-24,1,naive_carry,28.6,30.2
2026-07-24,1,seasonal_naive_7,46.0,30.2
2026-07-24,1,climatology,36.85544444444445,30.2
2026-07-24,1,arima_fourier,28.56527676877015,30.2
2026-07-24,1,arima_fourier_mean,30.85967918435286,30.2
2026-07-24,1,arima_no_fourier,30.62978700304406,30.2
2026-07-24,3,naive,28.6,29.6
2026-07-24,3,naive_carry,28.6,29.6
2026-07-24,3,seasonal_naive_7,43.3,29.6
2026-07-24,3,climatology,37.358555555555554,29.6
2026-07-24,3,arima_fourier,28.27969464217999,29.6
2026-07-24,3,arima_fourier_mean,31.71205213370611,29.6
2026-07-24,3,arima_no_fourier,32.348819029883224,29.6
2026-07-25,2,naive,30.2,29.6
2026-07-25,2,naive_carry,30.2,29.6
2026-07-25,2,seasonal_naive_7,43.3,29.6
2026-07-25,2,climatology,37.358555555555554,29.6
2026-07-25,2,arima_fourier,28.850599290725064,29.6
2026-07-25,2,arima_fourier_mean,32.03144353825158,29.6
2026-07-25,2,arima_no_fourier,32.1462178668177,29.6
2026-07-25,3,naive,30.2,20.6
2026-07-25,3,naive_carry,30.2,20.6
2026-07-25,3,seasonal_naive_7,26.5,20.6
2026-07-25,3,climatology,38.23077777777778,20.6
2026-07-25,3,arima_fourier,28.436109714743992,20.6
2026-07-25,3,arima_fourier_mean,31.887436520391226,20.6
2026-07-25,3,arima_no_fourier,32.508728358668215,20.6
2026-07-27,1,naive,29.6,20.6
2026-07-27,1,naive_carry,29.6,20.6
2026-07-27,1,seasonal_naive_7,26.5,20.6
2026-07-27,1,climatology,38.23077777777778,20.6
2026-07-27,1,arima_fourier,28.87489222955941,20.6
2026-07-27,1,arima_fourier_mean,31.19420389029708,20.6
2026-07-27,1,arima_no_fourier,30.80114213974275,20.6
2026-07-27,2,naive,29.6,36.8
2026-07-27,2,naive_carry,29.6,36.8
2026-07-27,2,seasonal_naive_7,21.9,36.8
2026-07-27,2,climatology,38.338111111111104,36.8
2026-07-27,2,arima_fourier,28.36468220923042,36.8
2026-07-27,2,arima_fourier_mean,31.49206535303845,36.8
2026-07-27,2,arima_no_fourier,31.44853473731479,36.8
2026-07-27,3,naive,29.6,40.4
2026-07-27,3,naive_carry,29.6,40.4
2026-07-27,3,seasonal_naive_7,22.7,40.4
2026-07-27,3,climatology,38.83877777777778,40.4
2026-07-27,3,arima_fourier,27.9775164744909,40.4
2026-07-27,3,arima_fourier_mean,31.373348139436583,40.4
2026-07-27,3,arima_no_fourier,31.79247305431208,40.4
2026-07-28,1,naive,20.6,36.8
2026-07-28,1,naive_carry,20.6,36.8
2026-07-28,1,seasonal_naive_7,21.9,36.8
2026-07-28,1,climatology,38.338111111111104,36.8
2026-07-28,1,arima_fourier,23.203445409928502,36.8
2026-07-28,1,arima_fourier_mean,25.067206607761168,36.8
2026-07-28,1,arima_no_fourier,24.345951523780382,36.8
2026-07-28,2,naive,20.6,40.4
2026-07-28,2,naive_carry,20.6,40.4
2026-07-28,2,seasonal_naive_7,22.7,40.4
2026-07-28,2,climatology,38.83877777777778,40.4
2026-07-28,2,arima_fourier,24.781912043167875,40.4
2026-07-28,2,arima_fourier_mean,27.51426123141774,40.4
2026-07-28,2,arima_no_fourier,26.568680047690833,40.4
2026-07-28,3,naive,20.6,21.9
2026-07-28,3,naive_carry,20.6,21.9
2026-07-28,3,seasonal_naive_7,28.6,21.9
2026-07-28,3,climatology,38.80291111111111,21.9
2026-07-28,3,arima_fourier,25.66259507963268,21.9
2026-07-28,3,arima_fourier_mean,28.777430894026534,21.9
2026-07-28,3,arima_no_fourier,27.810670346856384,21.9
2026-07-29,1,naive,36.8,40.4
2026-07-29,1,naive_carry,36.8,40.4
2026-07-29,1,seasonal_naive_7,22.7,40.4
2026-07-29,1,climatology,38.83877777777778,40.4
2026-07-29,1,arima_fourier,32.603543771631244,40.4
2026-07-29,1,arima_fourier_mean,35.22233978512057,40.4
2026-07-29,1,arima_no_fourier,34.55474697624867,40.4
2026-07-29,2,naive,36.8,21.9
2026-07-29,2,naive_carry,36.8,21.9
2026-07-29,2,seasonal_naive_7,28.6,21.9
2026-07-29,2,climatology,38.80291111111111,21.9
2026-07-29,2,arima_fourier,30.28595482280165,21.9
2026-07-29,2,arima_fourier_mean,33.62514325364946,21.9
2026-07-29,2,arima_no_fourier,33.435735615732376,21.9
2026-07-29,3,naive,36.8,38.6
2026-07-29,3,naive_carry,36.8,38.6
2026-07-29,3,seasonal_naive_7,30.2,38.6
2026-07-29,3,climatology,38.13091111111111,38.6
2026-07-29,3,arima_fourier,28.919405041271858,38.6
2026-07-29,3,arima_fourier_mean,32.429522105375554,38.6
2026-07-29,3,arima_no_fourier,32.86508076052824,38.6
2026-07-30,1,naive,40.4,21.9
2026-07-30,1,naive_carry,40.4,21.9
2026-07-30,1,seasonal_naive_7,28.6,21.9
2026-07-30,1,climatology,38.80291111111111,21.9
2026-07-30,1,arima_fourier,34.40520682387462,21.9
2026-07-30,1,arima_fourier_mean,37.16871106911823,21.9
2026-07-30,1,arima_no_fourier,36.929742359279764,21.9
2026-07-30,2,naive,40.4,38.6
2026-07-30,2,naive_carry,40.4,38.6
2026-07-30,2,seasonal_naive_7,30.2,38.6
2026-07-30,2,climatology,38.13091111111111,38.6
2026-07-30,2,arima_fourier,31.23446120612163,38.6
2026-07-30,2,arima_fourier_mean,34.67821416469643,38.6
2026-07-30,2,arima_no_fourier,35.23542588618777,38.6
2026-07-31,1,naive,21.9,38.6
2026-07-31,1,naive_carry,21.9,38.6
2026-07-31,1,seasonal_naive_7,30.2,38.6
2026-07-31,1,climatology,38.13091111111111,38.6
2026-07-31,1,arima_fourier,23.875499159880132,38.6
2026-07-31,1,arima_fourier_mean,25.793229532142032,38.6
2026-07-31,1,arima_no_fourier,25.27492614510719,38.6
2026-07-31,3,naive,21.9,26.9
2026-07-31,3,naive_carry,21.9,26.9
2026-07-31,3,seasonal_naive_7,29.6,26.9
2026-07-31,3,climatology,38.09557777777778,26.9
2026-07-31,3,arima_fourier,25.634168004464065,26.9
2026-07-31,3,arima_fourier_mean,28.745504440886272,26.9
2026-07-31,3,arima_no_fourier,28.330939062057716,26.9
2026-08-01,2,naive,38.6,26.9
2026-08-01,2,naive_carry,38.6,26.9
2026-08-01,2,seasonal_naive_7,29.6,26.9
2026-08-01,2,climatology,38.09557777777778,26.9
2026-08-01,2,arima_fourier,30.46164136088407,26.9
2026-08-01,2,arima_fourier_mean,33.820162078868464,26.9
2026-08-01,2,arima_no_fourier,34.20870040765565,26.9
2026-08-01,3,naive,38.6,17.7
2026-08-01,3,naive_carry,38.6,17.7
2026-08-01,3,seasonal_naive_7,20.6,17.7
2026-08-01,3,climatology,37.79224444444445,17.7
2026-08-01,3,arima_fourier,28.834043637746227,17.7
2026-08-01,3,arima_fourier_mean,32.3337462382245,17.7
2026-08-01,3,arima_no_fourier,33.47485551069129,17.7
2026-08-02,1,naive,26.7,26.9
2026-08-02,1,naive_carry,26.7,26.9
2026-08-02,1,seasonal_naive_7,29.6,26.9
2026-08-02,1,climatology,38.09557777777778,26.9
2026-08-02,1,arima_fourier,26.711623337240358,26.9
2026-08-02,1,arima_fourier_mean,28.857148855609744,26.9
2026-08-02,1,arima_no_fourier,28.462887858777787,26.9
2026-08-02,2,naive,26.7,17.7
2026-08-02,2,naive_carry,26.7,17.7
2026-08-02,2,seasonal_naive_7,20.6,17.7
2026-08-02,2,climatology,37.79224444444445,17.7
2026-08-02,2,arima_fourier,26.635010676769816,17.7
2026-08-02,2,arima_fourier_mean,29.571619171497296,17.7
2026-08-02,2,arima_no_fourier,29.430619156241278,17.7
2026-08-02,3,naive,26.7,35.7
2026-08-02,3,naive_carry,26.7,35.7
2026-08-02,3,seasonal_naive_7,36.8,35.7
2026-08-02,3,climatology,36.36924444444445,35.7
2026-08-02,3,arima_fourier,26.509632242573698,35.7
2026-08-02,3,arima_fourier_mean,29.7271962070867,35.7
2026-08-02,3,arima_no_fourier,29.949701954280744,35.7
2026-08-03,1,naive,26.9,17.7
2026-08-03,1,naive_carry,26.9,17.7
2026-08-03,1,seasonal_naive_7,20.6,17.7
2026-08-03,1,climatology,37.79224444444445,17.7
2026-08-03,1,arima_fourier,26.7465695185819,17.7
2026-08-03,1,arima_fourier_mean,28.894897976458225,17.7
2026-08-03,1,arima_no_fourier,28.3929922228073,17.7
2026-08-03,2,naive,26.9,35.7
2026-08-03,2,naive_carry,26.9,35.7
2026-08-03,2,seasonal_naive_7,36.8,35.7
2026-08-03,2,climatology,36.36924444444445,35.7
2026-08-03,2,arima_fourier,26.57662645408534,35.7
2026-08-03,2,arima_fourier_mean,29.5067876558565,35.7
2026-08-03,2,arima_no_fourier,29.206425671592992,35.7
2026-08-03,3,naive,26.9,26.1
2026-08-03,3,naive_carry,26.9,26.1
2026-08-03,3,seasonal_naive_7,40.4,26.1
2026-08-03,3,climatology,36.37491111111111,26.1
2026-08-03,3,arima_fourier,26.400021362199624,26.1
2026-08-03,3,arima_fourier_mean,29.604266382137556,26.1
2026-08-03,3,arima_no_fourier,29.64102831548031,26.1
2026-08-04,1,naive,17.7,35.7
2026-08-04,1,naive_carry,17.7,35.7
2026-08-04,1,seasonal_naive_7,36.8,35.7
2026-08-04,1,climatology,36.36924444444445,35.7
2026-08-04,1,arima_fourier,20.790379048568795,35.7
2026-08-04,1,arima_fourier_mean,22.460293463783657,35.7
2026-08-04,1,arima_no_fourier,21.62957329419806,35.7
2026-08-04,2,naive,17.7,26.1
2026-08-04,2,naive_carry,17.7,26.1
2026-08-04,2,seasonal_naive_7,40.4,26.1
2026-08-04,2,climatology,36.37491111111111,26.1
2026-08-04,2,arima_fourier,22.761958236712413,26.1
2026-08-04,2,arima_fourier_mean,25.271531099423278,26.1
2026-08-04,2,arima_no_fourier,24.020471089052904,26.1
2026-08-04,3,naive,17.7,25.0
2026-08-04,3,naive_carry,17.7,25.0
2026-08-04,3,seasonal_naive_7,21.9,25.0
2026-08-04,3,climatology,30.364355555555555,25.0
2026-08-04,3,arima_fourier,23.924470800211605,25.0
2026-08-04,3,arima_fourier_mean,26.828237948319664,25.0
2026-08-04,3,arima_no_fourier,25.37418969288783,25.0
2026-08-05,1,naive,35.7,26.1
2026-08-05,1,naive_carry,35.7,26.1
2026-08-05,1,seasonal_naive_7,40.4,26.1
2026-08-05,1,climatology,36.37491111111111,26.1
2026-08-05,1,arima_fourier,31.395137913538406,26.1
2026-08-05,1,arima_fourier_mean,33.916838010245776,26.1
2026-08-05,1,arima_no_fourier,33.02720926265104,26.1
2026-08-05,2,naive,35.7,25.0
2026-08-05,2,naive_carry,35.7,25.0
2026-08-05,2,seasonal_naive_7,21.9,25.0
2026-08-05,2,climatology,30.364355555555555,25.0
2026-08-05,2,arima_fourier,29.051824593061838,25.0
2026-08-05,2,arima_fourier_mean,32.254863144006244,25.0
2026-08-05,2,arima_no_fourier,31.710195027697257,25.0
2026-08-05,3,naive,35.7,30.6
2026-08-05,3,naive_carry,35.7,30.6
2026-08-05,3,seasonal_naive_7,38.6,30.6
2026-08-05,3,climatology,30.433244444444444,30.6
2026-08-05,3,arima_fourier,27.694307744111256,30.6
2026-08-05,3,arima_fourier_mean,31.05561352033676,30.6
2026-08-05,3,arima_no_fourier,31.042541467402852,30.6
2026-08-06,1,naive,26.1,25.0
2026-08-06,1,naive_carry,26.1,25.0
2026-08-06,1,seasonal_naive_7,21.9,25.0
2026-08-06,1,climatology,30.364355555555555,25.0
2026-08-06,1,arima_fourier,26.029204195859887,25.0
2026-08-06,1,arima_fourier_mean,28.119901620708436,25.0
2026-08-06,1,arima_no_fourier,27.304719581282214,25.0
2026-08-06,2,naive,26.1,30.6
2026-08-06,2,naive_carry,26.1,30.6
2026-08-06,2,seasonal_naive_7,38.6,30.6
2026-08-06,2,climatology,30.433244444444444,30.6
2026-08-06,2,arima_fourier,25.916648685463656,30.6
2026-08-06,2,arima_fourier_mean,28.774016820666255,30.6
2026-08-06,2,arima_no_fourier,27.95668043861504,30.6
2026-08-06,3,naive,26.1,32.7
2026-08-06,3,naive_carry,26.1,32.7
2026-08-06,3,seasonal_naive_7,26.7,32.7
2026-08-06,3,climatology,30.21591111111111,32.7
2026-08-06,3,arima_fourier,25.78344616482603,32.7
2026-08-06,3,arima_fourier_mean,28.912813779680125,32.7
2026-08-06,3,arima_no_fourier,28.303782631137487,32.7
2026-08-07,1,naive,25.0,30.6
2026-08-07,1,naive_carry,25.0,30.6
2026-08-07,1,seasonal_naive_7,38.6,30.6
2026-08-07,1,climatology,30.433244444444444,30.6
2026-08-07,1,arima_fourier,25.30219535715662,30.6
2026-08-07,1,arima_fourier_mean,27.334495147116968,30.6
2026-08-07,1,arima_no_fourier,26.433275034055107,30.6
2026-08-07,2,naive,25.0,32.7
2026-08-07,2,naive_carry,25.0,32.7
2026-08-07,2,seasonal_naive_7,26.7,32.7
2026-08-07,2,climatology,30.21591111111111,32.7
2026-08-07,2,arima_fourier,25.41255832886061,32.7
2026-08-07,2,arima_fourier_mean,28.214340609372403,32.7
2026-08-07,2,arima_no_fourier,27.215198418380144,32.7
2026-08-07,3,naive,25.0,35.9
2026-08-07,3,naive_carry,25.0,35.9
2026-08-07,3,seasonal_naive_7,26.9,35.9
2026-08-07,3,climatology,29.119111111111113,35.9
2026-08-07,3,arima_fourier,25.41333075352453,35.9
2026-08-07,3,arima_fourier_mean,28.49776396655122,35.9
2026-08-07,3,arima_no_fourier,27.633253325608063,35.9
2026-08-08,1,naive,30.6,32.7
2026-08-08,1,naive_carry,30.6,32.7
2026-08-08,1,seasonal_naive_7,26.7,32.7
2026-08-08,1,climatology,30.21591111111111,32.7
2026-08-08,1,arima_fourier,28.454644906951472,32.7
2026-08-08,1,arima_fourier_mean,30.74014914557316,32.7
2026-08-08,1,arima_no_fourier,29.86780381447127,32.7
2026-08-08,2,naive,30.6,35.9
2026-08-08,2,naive_carry,30.6,35.9
2026-08-08,2,seasonal_naive_7,26.9,35.9
2026-08-08,2,climatology,29.119111111111113,35.9
2026-08-08,2,arima_fourier,27.209072029805856,35.9
2026-08-08,2,arima_fourier_mean,30.20891417661129,35.9
2026-08-08,2,arima_no_fourier,29.491922828813568,35.9
2026-08-08,3,naive,30.6,46.2
2026-08-08,3,naive_carry,30.6,46.2
2026-08-08,3,seasonal_naive_7,17.7,46.2
2026-08-08,3,climatology,28.145777777777777,46.2
2026-08-08,3,arima_fourier,26.447790526534483,46.2
2026-08-08,3,arima_fourier_mean,29.657763601029746,46.2
2026-08-08,3,arima_no_fourier,29.29725247173709,46.2
2026-08-09,1,naive,32.7,35.9
2026-08-09,1,naive_carry,32.7,35.9
2026-08-09,1,seasonal_naive_7,26.9,35.9
2026-08-09,1,climatology,29.119111111111113,35.9
2026-08-09,1,arima_fourier,29.555175217522766,35.9
2026-08-09,1,arima_fourier_mean,31.92907133944398,35.9
2026-08-09,1,arima_no_fourier,31.239305861680926,35.9
2026-08-09,2,naive,32.7,46.2
2026-08-09,2,naive_carry,32.7,46.2
2026-08-09,2,seasonal_naive_7,17.7,46.2
2026-08-09,2,climatology,28.145777777777777,46.2
2026-08-09,2,arima_fourier,27.80223062456575,46.2
2026-08-09,2,arima_fourier_mean,30.867460326556497,46.2
2026-08-09,2,arima_no_fourier,30.50164060300462,46.2
2026-08-09,3,naive,32.7,47.9
2026-08-09,3,naive_carry,32.7,47.9
2026-08-09,3,seasonal_naive_7,35.7,47.9
2026-08-09,3,climatology,27.35177777777778,47.9
2026-08-09,3,arima_fourier,26.77245075463638,47.9
2026-08-09,3,arima_fourier_mean,30.021814868299526,47.9
2026-08-09,3,arima_no_fourier,30.122858889818318,47.9
2026-08-10,1,naive,35.9,46.2
2026-08-10,1,naive_carry,35.9,46.2
2026-08-10,1,seasonal_naive_7,17.7,46.2
2026-08-10,1,climatology,28.145777777777777,46.2
2026-08-10,1,arima_fourier,31.211369337755194,46.2
2026-08-10,1,arima_fourier_mean,33.71828847434485,46.2
2026-08-10,1,arima_no_fourier,33.31918460714851,46.2
2026-08-10,2,naive,35.9,47.9
2026-08-10,2,naive_carry,35.9,47.9
2026-08-10,2,seasonal_naive_7,35.7,47.9
2026-08-10,2,climatology,27.35177777777778,47.9
2026-08-10,2,arima_fourier,28.709220914540918,47.9
2026-08-10,2,arima_fourier_mean,31.87443825580698,47.9
2026-08-10,2,arima_no_fourier,32.04435515253858,47.9
2026-08-10,3,naive,35.9,32.7
2026-08-10,3,naive_carry,35.9,32.7
2026-08-10,3,seasonal_naive_7,26.1,32.7
2026-08-10,3,climatology,27.96977777777778,32.7
2026-08-10,3,arima_fourier,27.292512208435248,32.7
2026-08-10,3,arima_fourier_mean,30.60498308921399,32.7
2026-08-10,3,arima_no_fourier,31.3972564589764,32.7
2026-08-11,1,naive,46.2,47.9
2026-08-11,1,naive_carry,46.2,47.9
2026-08-11,1,seasonal_naive_7,35.7,47.9
2026-08-11,1,climatology,27.35177777777778,47.9
2026-08-11,1,arima_fourier,36.25137903350609,47.9
2026-08-11,1,arima_fourier_mean,39.163110921161724,47.9
2026-08-11,1,arima_no_fourier,39.44005559384665,47.9
2026-08-11,2,naive,46.2,32.7
2026-08-11,2,naive_carry,46.2,32.7
2026-08-11,2,seasonal_naive_7,26.1,32.7
2026-08-11,2,climatology,27.96977777777778,32.7
2026-08-11,2,arima_fourier,31.420645680813664,32.7
2026-08-11,2,arima_fourier_mean,34.88479029307968,32.7
2026-08-11,2,arima_no_fourier,36.30865902554173,32.7
2026-08-11,3,naive,46.2,31.2
2026-08-11,3,naive_carry,46.2,31.2
2026-08-11,3,seasonal_naive_7,25.0,31.2
2026-08-11,3,climatology,27.223111111111113,31.2
2026-08-11,3,arima_fourier,28.860751581747273,31.2
2026-08-11,3,arima_fourier_mean,32.36354513799301,31.2
2026-08-11,3,arima_no_fourier,34.77145832948477,31.2
2026-08-12,1,naive,47.9,32.7
2026-08-12,1,naive_carry,47.9,32.7
2026-08-12,1,seasonal_naive_7,26.1,32.7
2026-08-12,1,climatology,27.96977777777778,32.7
2026-08-12,1,arima_fourier,37.08396098529235,32.7
2026-08-12,1,arima_fourier_mean,40.06256198627611,32.7
2026-08-12,1,arima_no_fourier,41.0801051736645,32.7
2026-08-12,2,naive,47.9,31.2
2026-08-12,2,naive_carry,47.9,31.2
2026-08-12,2,seasonal_naive_7,25.0,31.2
2026-08-12,2,climatology,27.223111111111113,31.2
2026-08-12,2,arima_fourier,31.89825675076149,31.2
2026-08-12,2,arima_fourier_mean,35.41504863774993,31.2
2026-08-12,2,arima_no_fourier,37.90969979917366,31.2
2026-08-12,3,naive,47.9,40.4
2026-08-12,3,naive_carry,47.9,40.4
2026-08-12,3,seasonal_naive_7,30.6,40.4
2026-08-12,3,climatology,27.22664444444445,40.4
2026-08-12,3,arima_fourier,29.17576159894386,40.4
2026-08-12,3,arima_fourier_mean,32.71677442931561,40.4
2026-08-12,3,arima_no_fourier,36.35047393169465,40.4
2026-08-13,1,naive,32.7,31.2
2026-08-13,1,naive_carry,32.7,31.2
2026-08-13,1,seasonal_naive_7,25.0,31.2
2026-08-13,1,climatology,27.223111111111113,31.2
2026-08-13,1,arima_fourier,29.59858716333816,31.2
2026-08-13,1,arima_fourier_mean,31.975956072979045,31.2
2026-08-13,1,arima_no_fourier,32.79436065177531,31.2
2026-08-13,2,naive,32.7,40.4
2026-08-13,2,naive_carry,32.7,40.4
2026-08-13,2,seasonal_naive_7,30.6,40.4
2026-08-13,2,climatology,27.22664444444445,40.4
2026-08-13,2,arima_fourier,27.886869077100187,40.4
2026-08-13,2,arima_fourier_mean,30.96139613904747,40.4
2026-08-13,2,arima_no_fourier,32.843812611257725,40.4
2026-08-13,3,naive,32.7,27.0
2026-08-13,3,naive_carry,32.7,27.0
2026-08-13,3,seasonal_naive_7,32.7,27.0
2026-08-13,3,climatology,27.79108888888889,27.0
2026-08-13,3,arima_fourier,26.899312717315375,27.0
2026-08-13,3,arima_fourier_mean,30.164025040120876,27.0
2026-08-13,3,arima_no_fourier,32.86970198525395,27.0
2026-08-14,1,naive,31.2,40.4
2026-08-14,1,naive_carry,31.2,40.4
2026-08-14,1,seasonal_naive_7,30.6,40.4
2026-08-14,1,climatology,27.22664444444445,40.4
2026-08-14,1,arima_fourier,28.774625003134197,40.4
2026-08-14,1,arima_fourier_mean,31.08580978114299,40.4
2026-08-14,1,arima_no_fourier,31.82014586126734,40.4
2026-08-14,2,naive,31.2,27.0
2026-08-14,2,naive_carry,31.2,27.0
2026-08-14,2,seasonal_naive_7,32.7,27.0
2026-08-14,2,climatology,27.79108888888889,27.0
2026-08-14,2,arima_fourier,27.413178715561216,27.0
2026-08-14,2,arima_fourier_mean,30.43547358004065,27.0
2026-08-14,2,arima_no_fourier,32.149328702816824,27.0
2026-08-14,3,naive,31.2,26.7
2026-08-14,3,naive_carry,31.2,26.7
2026-08-14,3,seasonal_naive_7,35.9,26.7
2026-08-14,3,climatology,28.588866666666668,26.7
2026-08-14,3,arima_fourier,26.619689581758887,26.7
2026-08-14,3,arima_fourier_mean,29.850453312902033,26.7
2026-08-14,3,arima_no_fourier,32.322820567653494,26.7
2026-08-15,1,naive,40.4,27.0
2026-08-15,1,naive_carry,40.4,27.0
2026-08-15,1,seasonal_naive_7,32.7,27.0
2026-08-15,1,climatology,27.79108888888889,27.0
2026-08-15,1,arima_fourier,33.54345429166603,27.0
2026-08-15,1,arima_fourier_mean,36.237668947917506,27.0
2026-08-15,1,arima_no_fourier,37.41465813895518,27.0
2026-08-15,2,naive,40.4,26.7
2026-08-15,2,naive_carry,40.4,26.7
2026-08-15,2,seasonal_naive_7,35.9,26.7
2026-08-15,2,climatology,28.588866666666668,26.7
2026-08-15,2,arima_fourier,30.069652972639673,26.7
2026-08-15,2,arima_fourier_mean,33.38481496902667,26.7
2026-08-15,2,arima_no_fourier,35.942448961190784,26.7
2026-08-15,3,naive,40.4,29.8
2026-08-15,3,naive_carry,40.4,29.8
2026-08-15,3,seasonal_naive_7,46.2,29.8
2026-08-15,3,climatology,28.7892,29.8
2026-08-15,3,arima_fourier,28.19107680132751,29.8
2026-08-15,3,arima_fourier_mean,31.612544108088056,29.8
2026-08-15,3,arima_no_fourier,35.19580650823353,29.8
2026-08-16,1,naive,27.0,26.7
2026-08-16,1,naive_carry,27.0,26.7
2026-08-16,1,seasonal_naive_7,35.9,26.7
2026-08-16,1,climatology,28.588866666666668,26.7
2026-08-16,1,arima_fourier,26.428803322342233,26.7
2026-08-16,1,arima_fourier_mean,28.55156549105744,26.7
2026-08-16,1,arima_no_fourier,29.21437970639105,26.7
2026-08-16,2,naive,27.0,29.8
2026-08-16,2,naive_carry,27.0,29.8
2026-08-16,2,seasonal_naive_7,46.2,29.8
2026-08-16,2,climatology,28.7892,29.8
2026-08-16,2,arima_fourier,26.077509200893946,29.8
2026-08-16,2,arima_fourier_mean,28.952532568570703,29.8
2026-08-16,2,arima_no_fourier,30.44373457970546,29.8
2026-08-16,3,naive,27.0,33.2
2026-08-16,3,naive_carry,27.0,33.2
2026-08-16,3,seasonal_naive_7,47.9,33.2
2026-08-16,3,climatology,31.350311111111115,33.2
2026-08-16,3,arima_fourier,25.857505339801595,33.2
2026-08-16,3,arima_fourier_mean,28.99574357854955,33.2
2026-08-16,3,arima_no_fourier,31.107058785235214,33.2
2026-08-17,1,naive,26.7,29.8
2026-08-17,1,naive_carry,26.7,29.8
2026-08-17,1,seasonal_naive_7,46.2,29.8
2026-08-17,1,climatology,28.7892,29.8
2026-08-17,1,arima_fourier,26.23632779716809,29.8
2026-08-17,1,arima_fourier_mean,28.343627633518025,29.8
2026-08-17,1,arima_no_fourier,28.751880018313237,29.8
2026-08-17,2,naive,26.7,33.2
2026-08-17,2,naive_carry,26.7,33.2
2026-08-17,2,seasonal_naive_7,47.9,33.2
2026-08-17,2,climatology,31.350311111111115,33.2
2026-08-17,2,arima_fourier,25.95248193292676,33.2
2026-08-17,2,arima_fourier_mean,28.813714303016518,33.2
2026-08-17,2,arima_no_fourier,29.88690257683069,33.2
2026-08-17,3,naive,26.7,37.1
2026-08-17,3,naive_carry,26.7,37.1
2026-08-17,3,seasonal_naive_7,32.7,37.1
2026-08-17,3,climatology,32.138311111111115,37.1
2026-08-17,3,arima_fourier,25.778004047072187,37.1
2026-08-17,3,arima_fourier_mean,28.90658336273553,37.1
2026-08-17,3,arima_no_fourier,30.49816584332807,37.1
2026-08-18,1,naive,29.8,33.2
2026-08-18,1,naive_carry,29.8,33.2
2026-08-18,1,seasonal_naive_7,47.9,33.2
2026-08-18,1,climatology,31.350311111111115,33.2
2026-08-18,1,arima_fourier,27.9947038408168,33.2
2026-08-18,1,arima_fourier_mean,30.243233508616637,33.2
2026-08-18,1,arima_no_fourier,30.574551155325373,33.2
2026-08-18,2,naive,29.8,37.1
2026-08-18,2,naive_carry,29.8,37.1
2026-08-18,2,seasonal_naive_7,32.7,37.1
2026-08-18,2,climatology,32.138311111111115,37.1
2026-08-18,2,arima_fourier,26.984447657041063,37.1
2026-08-18,2,arima_fourier_mean,29.959446174080984,37.1
2026-08-18,2,arima_no_fourier,30.9875671144213,37.1
2026-08-18,3,naive,29.8,28.1
2026-08-18,3,naive_carry,29.8,28.1
2026-08-18,3,seasonal_naive_7,31.2,28.1
2026-08-18,3,climatology,32.644977777777775,28.1
2026-08-18,3,arima_fourier,26.410333684291338,28.1
2026-08-18,3,arima_fourier_mean,29.61564637512838,28.1
2026-08-18,3,arima_no_fourier,31.20576050049606,28.1
2026-08-19,1,naive,33.2,37.1
2026-08-19,1,naive_carry,33.2,37.1
2026-08-19,1,seasonal_naive_7,32.7,37.1
2026-08-19,1,climatology,32.138311111111115,37.1
2026-08-19,1,arima_fourier,29.86490925617304,37.1
2026-08-19,1,arima_fourier_mean,32.263650587308305,37.1
2026-08-19,1,arima_no_fourier,32.652600640659415,37.1
2026-08-19,2,naive,33.2,28.1
2026-08-19,2,naive_carry,33.2,28.1
2026-08-19,2,seasonal_naive_7,31.2,28.1
2026-08-19,2,climatology,32.644977777777775,28.1
2026-08-19,2,arima_fourier,28.078324464638147,28.1
2026-08-19,2,arima_fourier_mean,31.173914386235474,28.1
2026-08-19,2,arima_no_fourier,32.369954908864834,28.1
2026-08-19,3,naive,33.2,29.0
2026-08-19,3,naive_carry,33.2,29.0
2026-08-19,3,seasonal_naive_7,40.4,29.0
2026-08-19,3,climatology,33.0792,29.0
2026-08-19,3,arima_fourier,27.09356510570633,29.0
2026-08-19,3,arima_fourier_mean,30.38178868191138,29.0
2026-08-19,3,arima_no_fourier,32.223127825452714,29.0
2026-08-20,1,naive,37.1,28.1
2026-08-20,1,naive_carry,37.1,28.1
2026-08-20,1,seasonal_naive_7,31.2,28.1
2026-08-20,1,climatology,32.644977777777775,28.1
2026-08-20,1,arima_fourier,31.94501031154051,28.1
2026-08-20,1,arima_fourier_mean,34.51082176439994,28.1
2026-08-20,1,arima_no_fourier,35.1054175144263,28.1
2026-08-20,2,naive,37.1,29.0
2026-08-20,2,naive_carry,37.1,29.0
2026-08-20,2,seasonal_naive_7,40.4,29.0
2026-08-20,2,climatology,33.0792,29.0
2026-08-20,2,arima_fourier,29.288677014491014,29.0
2026-08-20,2,arima_fourier_mean,32.517699221082836,29.0
2026-08-20,2,arima_no_fourier,34.10547116299289,29.0
2026-08-20,3,naive,37.1,33.5
2026-08-20,3,naive_carry,37.1,33.5
2026-08-20,3,seasonal_naive_7,27.0,33.5
2026-08-20,3,climatology,34.56197777777778,33.5
2026-08-20,3,arima_fourier,27.86027568564363,33.5
2026-08-20,3,arima_fourier_mean,31.241541370793563,33.5
2026-08-20,3,arima_no_fourier,33.593967118881096,33.5
2026-08-21,1,naive,28.1,29.0
2026-08-21,1,naive_carry,28.1,29.0
2026-08-21,1,seasonal_naive_7,40.4,29.0
2026-08-21,1,climatology,33.0792,29.0
2026-08-21,1,arima_fourier,27.137815527832426,29.0
2026-08-21,1,arima_fourier_mean,29.317512365746328,29.0
2026-08-21,1,arima_no_fourier,29.608045476164737,29.0
2026-08-21,2,naive,28.1,33.5
2026-08-21,2,naive_carry,28.1,33.5
2026-08-21,2,seasonal_naive_7,27.0,33.5
2026-08-21,2,climatology,34.56197777777778,33.5
2026-08-21,2,arima_fourier,26.60625477959842,33.5
2026-08-21,2,arima_fourier_mean,29.53953861597347,33.5
2026-08-21,2,arima_no_fourier,30.428597446207156,33.5
2026-08-21,3,naive,28.1,42.0
2026-08-21,3,naive_carry,28.1,42.0
2026-08-21,3,seasonal_naive_7,26.7,42.0
2026-08-21,3,climatology,35.202644444444445,42.0
2026-08-21,3,arima_fourier,26.32306362934513,42.0
2026-08-21,3,arima_fourier_mean,29.51775610929271,42.0
2026-08-21,3,arima_no_fourier,30.86670049696268,42.0
2026-08-22,1,naive,29.0,33.5
2026-08-22,1,naive_carry,29.0,33.5
2026-08-22,1,seasonal_naive_7,27.0,33.5
2026-08-22,1,climatology,34.56197777777778,33.5
2026-08-22,1,arima_fourier,27.67743702339439,33.5
2026-08-22,1,arima_fourier_mean,29.90047352712504,33.5
2026-08-22,1,arima_no_fourier,30.030092223312984,33.5
2026-08-22,2,naive,29.0,42.0
2026-08-22,2,naive_carry,29.0,42.0
2026-08-22,2,seasonal_naive_7,26.7,42.0
2026-08-22,2,climatology,35.202644444444445,42.0
2026-08-22,2,arima_fourier,26.957975090641433,42.0
2026-08-22,2,arima_fourier_mean,29.930029135999305,42.0
2026-08-22,2,arima_no_fourier,30.583241854737718,42.0
2026-08-22,3,naive,29.0,37.0
2026-08-22,3,naive_carry,29.0,37.0
2026-08-22,3,seasonal_naive_7,29.8,37.0
2026-08-22,3,climatology,37.30531111111111,37.0
2026-08-22,3,arima_fourier,26.578549786046253,37.0
2026-08-22,3,arima_fourier_mean,29.8042401616348,37.0
2026-08-22,3,arima_no_fourier,30.876543180499546,37.0
2026-08-23,1,naive,33.5,42.0
2026-08-23,1,naive_carry,33.5,42.0
2026-08-23,1,seasonal_naive_7,26.7,42.0
2026-08-23,1,climatology,35.202644444444445,42.0
2026-08-23,1,arima_fourier,30.199656849786304,42.0
2026-08-23,1,arima_fourier_mean,32.625274022754,42.0
2026-08-23,1,arima_no_fourier,32.7833466122655,42.0
2026-08-23,2,naive,33.5,37.0
2026-08-23,2,naive_carry,33.5,37.0
2026-08-23,2,seasonal_naive_7,29.8,37.0
2026-08-23,2,climatology,37.30531111111111,37.0
2026-08-23,2,arima_fourier,28.46483294051057,37.0
2026-08-23,2,arima_fourier_mean,31.60300816675068,37.0
2026-08-23,2,arima_no_fourier,32.41471591992642,37.0
2026-08-23,3,naive,33.5,50.3
2026-08-23,3,naive_carry,33.5,50.3
2026-08-23,3,seasonal_naive_7,33.2,50.3
2026-08-23,3,climatology,37.47253333333333,50.3
2026-08-23,3,arima_fourier,27.54337199551789,50.3
2026-08-23,3,arima_fourier_mean,30.886148259613098,50.3
2026-08-23,3,arima_no_fourier,32.223603024291215,50.3
2026-08-24,1,naive,42.0,37.0
2026-08-24,1,naive_carry,42.0,37.0
2026-08-24,1,seasonal_naive_7,29.8,37.0
2026-08-24,1,climatology,37.30531111111111,37.0
2026-08-24,1,arima_fourier,34.6339936185204,37.0
2026-08-24,1,arima_fourier_mean,37.41577094611183,37.0
2026-08-24,1,arima_no_fourier,37.94016012590143,37.0
2026-08-24,2,naive,42.0,50.3
2026-08-24,2,naive_carry,42.0,50.3
2026-08-24,2,seasonal_naive_7,33.2,50.3
2026-08-24,2,climatology,37.47253333333333,50.3
2026-08-24,2,arima_fourier,31.006945918794536,50.3
2026-08-24,2,arima_fourier_mean,34.425375838463665,50.3
2026-08-24,2,arima_no_fourier,35.97592197006697,50.3
2026-08-24,3,naive,42.0,50.7
2026-08-24,3,naive_carry,42.0,50.7
2026-08-24,3,seasonal_naive_7,37.1,50.7
2026-08-24,3,climatology,46.15253333333333,50.7
2026-08-24,3,arima_fourier,29.129317791064825,50.7
2026-08-24,3,arima_fourier_mean,32.664561447770005,50.7
2026-08-24,3,arima_no_fourier,34.98960455288057,50.7
