origin,horizon,model,y_pred,y_true
2019-11-09,1,logistic,,162.0
2019-11-09,2,logistic,,246.0
2019-11-09,3,logistic,,380.0
2019-11-09,1,forest_clf,,162.0
2019-11-09,2,forest_clf,,246.0
2019-11-09,3,forest_clf,,380.0
2019-11-09,1,hgb_clf,0.9458069477056539,162.0
2019-11-09,2,hgb_clf,0.9401460373274702,246.0
2019-11-09,3,hgb_clf,0.9357261767947056,380.0
2019-11-10,1,logistic,,246.0
2019-11-10,2,logistic,,380.0
2019-11-10,3,logistic,,408.0
2019-11-10,1,forest_clf,,246.0
2019-11-10,2,forest_clf,,380.0
2019-11-10,3,forest_clf,,408.0
2019-11-10,1,hgb_clf,0.9615232984549985,246.0
2019-11-10,2,hgb_clf,0.9127684121391311,380.0
2019-11-10,3,hgb_clf,0.8973704510660891,408.0
2019-11-11,1,logistic,,380.0
2019-11-11,2,logistic,,408.0
2019-11-11,3,logistic,,401.0
2019-11-11,1,forest_clf,,380.0
2019-11-11,2,forest_clf,,408.0
2019-11-11,3,forest_clf,,401.0
2019-11-11,1,hgb_clf,0.9714442157118499,380.0
2019-11-11,2,hgb_clf,0.9015307101577738,408.0
2019-11-11,3,hgb_clf,0.8686406860187863,401.0
2019-11-12,1,logistic,,408.0
2019-11-12,2,logistic,,401.0
2019-11-12,3,logistic,,460.0
2019-11-12,1,forest_clf,,408.0
2019-11-12,2,forest_clf,,401.0
2019-11-12,3,forest_clf,,460.0
2019-11-12,1,hgb_clf,0.9748222895991543,408.0
2019-11-12,2,hgb_clf,0.9393112279723775,401.0
2019-11-12,3,hgb_clf,0.8913345328902124,460.0
2019-11-13,1,logistic,0.9965767116668929,401.0
2019-11-13,2,logistic,0.9772001376538152,460.0
2019-11-13,3,logistic,0.9683698935105097,189.0
2019-11-13,1,forest_clf,0.9639255728561658,401.0
2019-11-13,2,forest_clf,0.7987827352960707,460.0
2019-11-13,3,forest_clf,0.9121318966951574,189.0
2019-11-13,1,hgb_clf,0.966152658100068,401.0
2019-11-13,2,hgb_clf,0.9555921186661861,460.0
2019-11-13,3,hgb_clf,0.9614053819245315,189.0
2019-11-14,1,logistic,0.9977886895135629,460.0
2019-11-14,2,logistic,0.9921223460737498,189.0
2019-11-14,3,logistic,0.9844971590608109,101.0
2019-11-14,1,forest_clf,0.9613309183833555,460.0
2019-11-14,2,forest_clf,0.783088213866533,189.0
2019-11-14,3,forest_clf,0.9199493251834571,101.0
2019-11-14,1,hgb_clf,0.9660062942195923,460.0
2019-11-14,2,hgb_clf,0.9517788143005627,189.0
2019-11-14,3,hgb_clf,0.9733150325944667,101.0
2019-11-15,1,logistic,0.9988005844936857,189.0
2019-11-15,2,logistic,0.9931611933862959,101.0
2019-11-15,3,logistic,0.9890192209972535,100.0
2019-11-15,1,forest_clf,0.9639255728561658,189.0
2019-11-15,2,forest_clf,0.7727845135541478,101.0
2019-11-15,3,forest_clf,0.9194130180698746,100.0
2019-11-15,1,hgb_clf,0.966152658100068,189.0
2019-11-15,2,hgb_clf,0.9435221900836792,101.0
2019-11-15,3,hgb_clf,0.9627215241173943,100.0
2019-11-16,1,logistic,,101.0
2019-11-16,2,logistic,,100.0
2019-11-16,3,logistic,,119.0
2019-11-16,1,forest_clf,,101.0
2019-11-16,2,forest_clf,,100.0
2019-11-16,3,forest_clf,,119.0
2019-11-16,1,hgb_clf,0.9481701446258204,101.0
2019-11-16,2,hgb_clf,0.9406325399029306,100.0
2019-11-16,3,hgb_clf,0.9459227624476988,119.0
2019-11-17,1,logistic,0.8843447370302547,100.0
2019-11-17,2,logistic,0.9298999579552547,119.0
2019-11-17,3,logistic,0.9362019908015434,139.0
2019-11-17,1,forest_clf,0.8810373638437238,100.0
2019-11-17,2,forest_clf,0.7200610167433894,119.0
2019-11-17,3,forest_clf,0.8204070758514094,139.0
2019-11-17,1,hgb_clf,0.897213383509381,100.0
2019-11-17,2,hgb_clf,0.9225024901531621,119.0
2019-11-17,3,hgb_clf,0.8625043874083534,139.0
2019-11-18,1,logistic,0.9033243015654205,119.0
2019-11-18,2,logistic,0.917862974307475,139.0
2019-11-18,3,logistic,0.9607145010378633,199.0
2019-11-18,1,forest_clf,0.6835720351728338,119.0
2019-11-18,2,forest_clf,0.6964036373801522,139.0
2019-11-18,3,forest_clf,0.8066991197361649,199.0
2019-11-18,1,hgb_clf,0.9100946875826295,119.0
2019-11-18,2,hgb_clf,0.8838188054719175,139.0
2019-11-18,3,hgb_clf,0.8455901401388023,199.0
2019-11-19,1,logistic,0.9130959392232681,139.0
2019-11-19,2,logistic,0.9560056140550921,199.0
2019-11-19,3,logistic,0.9574655484487339,176.0
2019-11-19,1,forest_clf,0.6956052251626516,139.0
2019-11-19,2,forest_clf,0.6959222874822494,199.0
2019-11-19,3,forest_clf,0.878511554992259,176.0
2019-11-19,1,hgb_clf,0.8887723546903245,139.0
2019-11-19,2,hgb_clf,0.8350833778787264,199.0
2019-11-19,3,hgb_clf,0.940542961876185,176.0
2019-11-20,1,logistic,0.9280258268834173,199.0
2019-11-20,2,logistic,0.9661288513765995,176.0
2019-11-20,3,logistic,0.9569978452661304,130.0
2019-11-20,1,forest_clf,0.7448966764436129,199.0
2019-11-20,2,forest_clf,0.7859377695124062,176.0
2019-11-20,3,forest_clf,0.8753724783701168,130.0
2019-11-20,1,hgb_clf,0.9070433827598607,199.0
2019-11-20,2,hgb_clf,0.8910193886894439,176.0
2019-11-20,3,hgb_clf,0.9547081867691102,130.0
2019-11-21,1,logistic,0.9583876636786991,176.0
2019-11-21,2,logistic,0.9753891942369862,130.0
2019-11-21,3,logistic,0.9597105389983436,108.0
2019-11-21,1,forest_clf,0.8975644168909828,176.0
2019-11-21,2,forest_clf,0.8171463168041888,130.0
2019-11-21,3,forest_clf,0.8919079989016532,108.0
2019-11-21,1,hgb_clf,0.9768483244677271,176.0
2019-11-21,2,hgb_clf,0.9274824036121837,130.0
2019-11-21,3,hgb_clf,0.8765848604497519,108.0
2019-11-22,1,logistic,0.9629875507557721,130.0
2019-11-22,2,logistic,0.9820652660145951,108.0
2019-11-22,3,logistic,0.9661186076708372,114.0
2019-11-22,1,forest_clf,0.9380007930298438,130.0
2019-11-22,2,forest_clf,0.8361314012502592,108.0
2019-11-22,3,forest_clf,0.8993151971184242,114.0
2019-11-22,1,hgb_clf,0.9716776581882607,130.0
2019-11-22,2,hgb_clf,0.9057187668884685,108.0
2019-11-22,3,hgb_clf,0.900081982021608,114.0
2019-11-23,1,logistic,0.9289603175645716,108.0
2019-11-23,2,logistic,0.9786594423317847,114.0
2019-11-23,3,logistic,0.9468655728464226,100.0
2019-11-23,1,forest_clf,0.8793044406359246,108.0
2019-11-23,2,forest_clf,0.8441080871823692,114.0
2019-11-23,3,forest_clf,0.8881593919504768,100.0
2019-11-23,1,hgb_clf,0.9074379922034772,108.0
2019-11-23,2,hgb_clf,0.8489747244634976,114.0
2019-11-23,3,hgb_clf,0.7900368432476569,100.0
2019-11-24,1,logistic,0.8965348242500828,114.0
2019-11-24,2,logistic,0.9648739987499699,100.0
2019-11-24,3,logistic,0.9399171402196873,60.9
2019-11-24,1,forest_clf,0.8141989573045935,114.0
2019-11-24,2,forest_clf,0.8450620941650953,100.0
2019-11-24,3,forest_clf,0.8524611962218082,60.9
2019-11-24,1,hgb_clf,0.8840190231504919,114.0
2019-11-24,2,hgb_clf,0.8005295453911517,100.0
2019-11-24,3,hgb_clf,0.7725892532813677,60.9
2019-11-25,1,logistic,0.9223363106061467,100.0
2019-11-25,2,logistic,0.9462392927472595,60.9
2019-11-25,3,logistic,0.9363738072363121,31.5
2019-11-25,1,forest_clf,0.7003274104355434,100.0
2019-11-25,2,forest_clf,0.7979647493262518,60.9
2019-11-25,3,forest_clf,0.8764244341950352,31.5
2019-11-25,1,hgb_clf,0.8464082927837611,100.0
2019-11-25,2,hgb_clf,0.7888386085817418,60.9
2019-11-25,3,hgb_clf,0.9024143785418678,31.5
2019-11-26,1,logistic,0.9020736441591773,60.9
2019-11-26,2,logistic,0.9450611408689821,31.5
2019-11-26,3,logistic,0.9302737529650288,54.8
2019-11-26,1,forest_clf,0.6041796780831957,60.9
2019-11-26,2,forest_clf,0.8217232053283482,31.5
2019-11-26,3,forest_clf,0.804810622924821,54.8
2019-11-26,1,hgb_clf,0.8800660633945948,60.9
2019-11-26,2,hgb_clf,0.760129822612683,31.5
2019-11-26,3,hgb_clf,0.8799198601686589,54.8
2019-11-27,1,logistic,0.817885730449532,31.5
2019-11-27,2,logistic,0.9297710917320078,54.8
2019-11-27,3,logistic,0.8995148648792554,106.0
2019-11-27,1,forest_clf,0.4565795314955868,31.5
2019-11-27,2,forest_clf,0.6948646871267989,54.8
2019-11-27,3,forest_clf,0.7805408698541928,106.0
2019-11-27,1,hgb_clf,0.7110674204480906,31.5
2019-11-27,2,hgb_clf,0.7653114548574963,54.8
2019-11-27,3,hgb_clf,0.8592205526457111,106.0
2019-11-28,1,logistic,0.7098511528674346,54.8
2019-11-28,2,logistic,0.9248478985298016,106.0
2019-11-28,3,logistic,0.8706104590523325,129.0
2019-11-28,1,forest_clf,0.2912608044787365,54.8
2019-11-28,2,forest_clf,0.4782842257198105,106.0
2019-11-28,3,forest_clf,0.5678149420488303,129.0
2019-11-28,1,hgb_clf,0.4771788258624559,54.8
2019-11-28,2,hgb_clf,0.6516974862596101,106.0
2019-11-28,3,hgb_clf,0.795388397853732,129.0
2019-11-29,1,logistic,0.7195693725078071,106.0
2019-11-29,2,logistic,0.9389720787544112,129.0
2019-11-29,3,logistic,0.8832893694238446,132.0
2019-11-29,1,forest_clf,0.20566298617018444,106.0
2019-11-29,2,forest_clf,0.4171365816315324,129.0
2019-11-29,3,forest_clf,0.4561413283027707,132.0
2019-11-29,1,hgb_clf,0.4474352249529834,106.0
2019-11-29,2,hgb_clf,0.612361912578798,129.0
2019-11-29,3,hgb_clf,0.9299089185524194,132.0
2019-11-30,1,logistic,0.761434270707871,129.0
2019-11-30,2,logistic,0.967360294425058,132.0
2019-11-30,3,logistic,0.8589935684414306,129.0
2019-11-30,1,forest_clf,0.5072294570264393,129.0
2019-11-30,2,forest_clf,0.43603839495095814,132.0
2019-11-30,3,forest_clf,0.4835823449629862,129.0
2019-11-30,1,hgb_clf,0.81614235618768,129.0
2019-11-30,2,hgb_clf,0.908375624584922,132.0
2019-11-30,3,hgb_clf,0.8119435462653478,129.0
2019-12-01,1,logistic,0.8138726287357053,132.0
2019-12-01,2,logistic,0.9706915012407684,129.0
2019-12-01,3,logistic,0.8832133254153945,128.0
2019-12-01,1,forest_clf,0.5398373619314636,132.0
2019-12-01,2,forest_clf,0.5298454269640964,129.0
2019-12-01,3,forest_clf,0.570238582007537,128.0
2019-12-01,1,hgb_clf,0.7869736450996425,132.0
2019-12-01,2,hgb_clf,0.7751816368909258,129.0
2019-12-01,3,hgb_clf,0.905904571963779,128.0
2019-12-02,1,logistic,0.8810301138198949,129.0
2019-12-02,2,logistic,0.9620051715915574,128.0
2019-12-02,3,logistic,0.8961828323603533,243.0
2019-12-02,1,forest_clf,0.5988553218576517,129.0
2019-12-02,2,forest_clf,0.5728309584701453,128.0
2019-12-02,3,forest_clf,0.6189886708064659,243.0
2019-12-02,1,hgb_clf,0.8044804808785936,129.0
2019-12-02,2,hgb_clf,0.7234986781394683,128.0
2019-12-02,3,hgb_clf,0.9534265390092846,243.0
2019-12-03,1,logistic,0.8706943209391333,128.0
2019-12-03,2,logistic,0.9511563358781436,243.0
2019-12-03,3,logistic,0.9025750576935442,254.0
2019-12-03,1,forest_clf,0.6015973802889918,128.0
2019-12-03,2,forest_clf,0.6808057003960704,243.0
2019-12-03,3,forest_clf,0.731800739527941,254.0
2019-12-03,1,hgb_clf,0.8257296488609683,128.0
2019-12-03,2,hgb_clf,0.8811664543272179,243.0
2019-12-03,3,hgb_clf,0.9606246467694384,254.0
2019-12-04,1,logistic,0.8687892282622148,243.0
2019-12-04,2,logistic,0.9406540355055629,254.0
2019-12-04,3,logistic,0.9083001716127654,227.0
2019-12-04,1,forest_clf,0.6162556063749719,243.0
2019-12-04,2,forest_clf,0.6862797720233157,254.0
2019-12-04,3,forest_clf,0.7419618249219365,227.0
2019-12-04,1,hgb_clf,0.8146445584325356,243.0
2019-12-04,2,hgb_clf,0.845308948607386,254.0
2019-12-04,3,hgb_clf,0.9550015547671499,227.0
2019-12-05,1,logistic,0.945313729001617,254.0
2019-12-05,2,logistic,0.9491794433923391,227.0
2019-12-05,3,logistic,0.9156133468564371,230.0
2019-12-05,1,forest_clf,0.8504799658914284,254.0
2019-12-05,2,forest_clf,0.8911719506649314,227.0
2019-12-05,3,forest_clf,0.8386143290826091,230.0
2019-12-05,1,hgb_clf,0.9650742831594086,254.0
2019-12-05,2,hgb_clf,0.9456286028558094,227.0
2019-12-05,3,hgb_clf,0.9331125693348882,230.0
2019-12-06,1,logistic,0.9624569497365504,227.0
2019-12-06,2,logistic,0.9563882902444546,230.0
2019-12-06,3,logistic,0.9409025417702589,
2019-12-06,1,forest_clf,0.8820035838418063,227.0
2019-12-06,2,forest_clf,0.9142422337444138,230.0
2019-12-06,3,forest_clf,0.8714205105227264,
2019-12-06,1,hgb_clf,0.9717630516161271,227.0
2019-12-06,2,hgb_clf,0.9485752221272923,230.0
2019-12-06,3,hgb_clf,0.9511402210762654,
2019-12-07,1,logistic,0.9645881047709907,230.0
2019-12-07,2,logistic,0.9856855078769943,
2019-12-07,3,logistic,0.9564416201720701,203.0
2019-12-07,1,forest_clf,0.9055017694023084,230.0
2019-12-07,2,forest_clf,0.8869754193168723,
2019-12-07,3,forest_clf,0.8884048738419814,203.0
2019-12-07,1,hgb_clf,0.9614891715262072,230.0
2019-12-07,2,hgb_clf,0.953679365364289,
2019-12-07,3,hgb_clf,0.9676195913740607,203.0
2019-12-08,1,logistic,0.9640852807768792,
2019-12-08,2,logistic,0.9849099195654624,203.0
2019-12-08,3,logistic,0.9634173890630789,255.0
2019-12-08,1,forest_clf,0.916673439530234,
2019-12-08,2,forest_clf,0.9328438673199507,203.0
2019-12-08,3,forest_clf,0.9218682413710718,255.0
2019-12-08,1,hgb_clf,0.9588130943700468,
2019-12-08,2,hgb_clf,0.9514506714345832,203.0
2019-12-08,3,hgb_clf,0.9629191042724926,255.0
2019-12-09,1,logistic,,203.0
2019-12-09,2,logistic,,255.0
2019-12-09,3,logistic,,263.0
2019-12-09,1,forest_clf,,203.0
2019-12-09,2,forest_clf,,255.0
2019-12-09,3,forest_clf,,263.0
2019-12-09,1,hgb_clf,0.8956067514049719,203.0
2019-12-09,2,hgb_clf,0.9313028513909128,255.0
2019-12-09,3,hgb_clf,0.9691926484719432,263.0
2019-12-10,1,logistic,,255.0
2019-12-10,2,logistic,,263.0
2019-12-10,3,logistic,,105.0
2019-12-10,1,forest_clf,,255.0
2019-12-10,2,forest_clf,,263.0
2019-12-10,3,forest_clf,,105.0
2019-12-10,1,hgb_clf,0.9524697569359388,255.0
2019-12-10,2,hgb_clf,0.9563963933725966,263.0
2019-12-10,3,hgb_clf,0.9767798634400994,105.0
2019-12-11,1,logistic,,263.0
2019-12-11,2,logistic,,105.0
2019-12-11,3,logistic,,85.1
2019-12-11,1,forest_clf,,263.0
2019-12-11,2,forest_clf,,105.0
2019-12-11,3,forest_clf,,85.1
2019-12-11,1,hgb_clf,0.9748918431557877,263.0
2019-12-11,2,hgb_clf,0.9609296819726705,105.0
2019-12-11,3,hgb_clf,0.969657747432767,85.1
2019-12-12,1,logistic,,105.0
2019-12-12,2,logistic,,85.1
2019-12-12,3,logistic,,99.6
2019-12-12,1,forest_clf,,105.0
2019-12-12,2,forest_clf,,85.1
2019-12-12,3,forest_clf,,99.6
2019-12-12,1,hgb_clf,0.978160027258475,105.0
2019-12-12,2,hgb_clf,0.9621150802084404,85.1
2019-12-12,3,hgb_clf,0.9741758096149499,99.6
2019-12-13,1,logistic,0.8713108814946653,85.1
2019-12-13,2,logistic,0.8835334231845997,99.6
2019-12-13,3,logistic,0.9092538027081086,101.0
2019-12-13,1,forest_clf,0.858838244478134,85.1
2019-12-13,2,forest_clf,0.9140179178415201,99.6
2019-12-13,3,forest_clf,0.8408358049925606,101.0
2019-12-13,1,hgb_clf,0.9075857027545317,85.1
2019-12-13,2,hgb_clf,0.9315015577821162,99.6
2019-12-13,3,hgb_clf,0.8908085793338233,101.0
2019-12-14,1,logistic,0.735295640328079,99.6
2019-12-14,2,logistic,0.8820715446224903,101.0
2019-12-14,3,logistic,0.8417678863216476,102.0
2019-12-14,1,forest_clf,0.5365360705366282,99.6
2019-12-14,2,forest_clf,0.817174545992934,101.0
2019-12-14,3,forest_clf,0.7914046785400126,102.0
2019-12-14,1,hgb_clf,0.7217875688890998,99.6
2019-12-14,2,hgb_clf,0.8995912603489148,101.0
2019-12-14,3,hgb_clf,0.8385318062704886,102.0
2019-12-15,1,logistic,0.7030866028310201,101.0
2019-12-15,2,logistic,0.8674762795539738,102.0
2019-12-15,3,logistic,0.8636512068377661,149.0
2019-12-15,1,forest_clf,0.43870250785553666,101.0
2019-12-15,2,forest_clf,0.6343434530280503,102.0
2019-12-15,3,forest_clf,0.7743982279444261,149.0
2019-12-15,1,hgb_clf,0.7092623018222061,101.0
2019-12-15,2,hgb_clf,0.790477020896278,102.0
2019-12-15,3,hgb_clf,0.9376680791681474,149.0
2019-12-16,1,logistic,,102.0
2019-12-16,2,logistic,,149.0
2019-12-16,3,logistic,,280.0
2019-12-16,1,forest_clf,,102.0
2019-12-16,2,forest_clf,,149.0
2019-12-16,3,forest_clf,,280.0
2019-12-16,1,hgb_clf,0.8317921932391763,102.0
2019-12-16,2,hgb_clf,0.8279663807642923,149.0
2019-12-16,3,hgb_clf,0.9352086808596889,280.0
2019-12-17,1,logistic,0.7407470297110753,149.0
2019-12-17,2,logistic,0.871040462721971,280.0
2019-12-17,3,logistic,0.8409180650012102,335.0
2019-12-17,1,forest_clf,0.6232677929758506,149.0
2019-12-17,2,forest_clf,0.6435614754520859,280.0
2019-12-17,3,forest_clf,0.6813384784953395,335.0
2019-12-17,1,hgb_clf,0.884166100919842,149.0
2019-12-17,2,hgb_clf,0.876382901075032,280.0
2019-12-17,3,hgb_clf,0.9265800292777833,335.0
2019-12-18,1,logistic,0.8199688062270364,280.0
2019-12-18,2,logistic,0.91490470605028,335.0
2019-12-18,3,logistic,0.8661250617921427,282.0
2019-12-18,1,forest_clf,0.6622073408675301,280.0
2019-12-18,2,forest_clf,0.7905750965492713,335.0
2019-12-18,3,forest_clf,0.7639698431472748,282.0
2019-12-18,1,hgb_clf,0.9033639826963504,280.0
2019-12-18,2,hgb_clf,0.901463985807717,335.0
2019-12-18,3,hgb_clf,0.95264762477353,282.0
2019-12-19,1,logistic,0.9437915967202597,335.0
2019-12-19,2,logistic,0.9646280351309209,282.0
2019-12-19,3,logistic,0.8990599437942349,157.0
2019-12-19,1,forest_clf,0.8693475291439963,335.0
2019-12-19,2,forest_clf,0.8716636395476338,282.0
2019-12-19,3,forest_clf,0.7757617960641716,157.0
2019-12-19,1,hgb_clf,0.971034575432835,335.0
2019-12-19,2,hgb_clf,0.952311844640856,282.0
2019-12-19,3,hgb_clf,0.95264762477353,157.0
2019-12-20,1,logistic,0.9737118255443303,282.0
2019-12-20,2,logistic,0.9738243719412564,157.0
2019-12-20,3,logistic,0.9246303327878691,192.0
2019-12-20,1,forest_clf,0.9254413322108133,282.0
2019-12-20,2,forest_clf,0.9718096633203599,157.0
2019-12-20,3,forest_clf,0.894532789053384,192.0
2019-12-20,1,hgb_clf,0.9713387327605587,282.0
2019-12-20,2,hgb_clf,0.959852015737241,157.0
2019-12-20,3,hgb_clf,0.9107935789664399,192.0
2019-12-21,1,logistic,0.9698747617957403,157.0
2019-12-21,2,logistic,0.9883704089419523,192.0
2019-12-21,3,logistic,0.9432049274090751,293.0
2019-12-21,1,forest_clf,0.9257899827878809,157.0
2019-12-21,2,forest_clf,0.9474609574501857,192.0
2019-12-21,3,forest_clf,0.9056120280482819,293.0
2019-12-21,1,hgb_clf,0.956389905530959,157.0
2019-12-21,2,hgb_clf,0.9539724108184865,192.0
2019-12-21,3,hgb_clf,0.9099062002754906,293.0
2019-12-22,1,logistic,0.8709811339084366,192.0
2019-12-22,2,logistic,0.9457050366219278,293.0
2019-12-22,3,logistic,0.9027528153494144,181.0
2019-12-22,1,forest_clf,0.8707238089939285,192.0
2019-12-22,2,forest_clf,0.9292600441048733,293.0
2019-12-22,3,forest_clf,0.9024333828462275,181.0
2019-12-22,1,hgb_clf,0.9459401911872812,192.0
2019-12-22,2,hgb_clf,0.9484014959235361,293.0
2019-12-22,3,hgb_clf,0.8553225553168232,181.0
2019-12-23,1,logistic,0.9271806603957917,293.0
2019-12-23,2,logistic,0.9262097150574016,181.0
2019-12-23,3,logistic,0.9181182500603451,219.0
2019-12-23,1,forest_clf,0.9300045074258853,293.0
2019-12-23,2,forest_clf,0.9407829011403952,181.0
2019-12-23,3,forest_clf,0.9166779474260521,219.0
2019-12-23,1,hgb_clf,0.9699995040286589,293.0
2019-12-23,2,hgb_clf,0.9588589676502323,181.0
2019-12-23,3,hgb_clf,0.9211138416231577,219.0
2019-12-24,1,logistic,0.9763749196064451,181.0
2019-12-24,2,logistic,0.9553240266349197,219.0
2019-12-24,3,logistic,0.9507459868294962,242.0
2019-12-24,1,forest_clf,0.9402570703261621,181.0
2019-12-24,2,forest_clf,0.9737474366453219,219.0
2019-12-24,3,forest_clf,0.9283194515814627,242.0
2019-12-24,1,hgb_clf,0.9775178020146913,181.0
2019-12-24,2,hgb_clf,0.9782842117886725,219.0
2019-12-24,3,hgb_clf,0.9777451811149127,242.0
2019-12-25,1,logistic,0.9428527384103158,219.0
2019-12-25,2,logistic,0.9310659106971255,242.0
2019-12-25,3,logistic,0.937004725298657,297.0
2019-12-25,1,forest_clf,0.9361540198574183,219.0
2019-12-25,2,forest_clf,0.9537012413743895,242.0
2019-12-25,3,forest_clf,0.9340986840659081,297.0
2019-12-25,1,hgb_clf,0.9726862612074624,219.0
2019-12-25,2,hgb_clf,0.9647342949914263,242.0
2019-12-25,3,hgb_clf,0.977499476687252,297.0
2019-12-26,1,logistic,0.9571365219740783,242.0
2019-12-26,2,logistic,0.9664268445078472,297.0
2019-12-26,3,logistic,0.945838956549231,368.0
2019-12-26,1,forest_clf,0.9420357416383456,242.0
2019-12-26,2,forest_clf,0.9846901673945978,297.0
2019-12-26,3,forest_clf,0.9385119567239499,368.0
2019-12-26,1,hgb_clf,0.9716369022327899,242.0
2019-12-26,2,hgb_clf,0.9640424606723557,297.0
2019-12-26,3,hgb_clf,0.9631814616489957,368.0
2019-12-27,1,logistic,0.969962515694168,297.0
2019-12-27,2,logistic,0.9735609847781105,368.0
2019-12-27,3,logistic,0.9673012497989536,354.0
2019-12-27,1,forest_clf,0.9569113458928602,297.0
2019-12-27,2,forest_clf,0.9760333625435846,368.0
2019-12-27,3,forest_clf,0.9386643579000861,354.0
2019-12-27,1,hgb_clf,0.9815889197253888,297.0
2019-12-27,2,hgb_clf,0.9680108410991237,368.0
2019-12-27,3,hgb_clf,0.9796175391891088,354.0
2019-12-28,1,logistic,0.9836221440297913,368.0
2019-12-28,2,logistic,0.9916131854981464,354.0
2019-12-28,3,logistic,0.9692982815810255,228.0
2019-12-28,1,forest_clf,0.9682395288565195,368.0
2019-12-28,2,forest_clf,0.9913642430441072,354.0
2019-12-28,3,forest_clf,0.9467815451678088,228.0
2019-12-28,1,hgb_clf,0.9797490458857555,368.0
2019-12-28,2,hgb_clf,0.9828914474877434,354.0
2019-12-28,3,hgb_clf,0.9817263955799855,228.0
2019-12-29,1,logistic,0.992728511055032,354.0
2019-12-29,2,logistic,0.9939110666209837,228.0
2019-12-29,3,logistic,0.9769423878211765,311.0
2019-12-29,1,forest_clf,0.9688354662934148,354.0
2019-12-29,2,forest_clf,0.9818727538689754,228.0
2019-12-29,3,forest_clf,0.9478757669245522,311.0
2019-12-29,1,hgb_clf,0.9771834821544944,354.0
2019-12-29,2,hgb_clf,0.9808779656287755,228.0
2019-12-29,3,hgb_clf,0.9815550273718593,311.0
2019-12-30,1,logistic,0.9957910407882133,228.0
2019-12-30,2,logistic,0.9931213212646666,311.0
2019-12-30,3,logistic,0.9825028725422901,287.0
2019-12-30,1,forest_clf,0.9662408118206045,228.0
2019-12-30,2,forest_clf,0.9845165382439035,311.0
2019-12-30,3,forest_clf,0.952226128589926,287.0
2019-12-30,1,hgb_clf,0.9771834821544944,228.0
2019-12-30,2,hgb_clf,0.9759044644027963,311.0
2019-12-30,3,hgb_clf,0.98482308956662,287.0
2019-12-31,1,logistic,0.9828471970996323,311.0
2019-12-31,2,logistic,0.9817635885779339,287.0
2019-12-31,3,logistic,0.9724724697538675,228.0
2019-12-31,1,forest_clf,0.965644874383709,311.0
2019-12-31,2,forest_clf,0.9488912397530983,287.0
2019-12-31,3,forest_clf,0.9516217047032383,228.0
2019-12-31,1,hgb_clf,0.9772462938667176,311.0
2019-12-31,2,hgb_clf,0.9694793793224968,287.0
2019-12-31,3,hgb_clf,0.970916057201739,228.0
2020-01-01,1,logistic,0.9905141781357439,287.0
2020-01-01,2,logistic,0.9899681645991141,228.0
2020-01-01,3,logistic,0.9701307949679244,206.0
2020-01-01,1,forest_clf,0.968185873413063,287.0
2020-01-01,2,forest_clf,0.9819111716508011,228.0
2020-01-01,3,forest_clf,0.9198772818132036,206.0
2020-01-01,1,hgb_clf,0.9791442558896218,287.0
2020-01-01,2,hgb_clf,0.9678291587012194,228.0
2020-01-01,3,hgb_clf,0.9676342879838858,206.0
2020-01-02,1,logistic,0.9894048343816167,228.0
2020-01-02,2,logistic,0.988032449737799,206.0
2020-01-02,3,logistic,0.9763560772514643,160.0
2020-01-02,1,forest_clf,0.9655912189402527,228.0
2020-01-02,2,forest_clf,0.9864073720097979,206.0
2020-01-02,3,forest_clf,0.9198772818132036,160.0
2020-01-02,1,hgb_clf,0.9806583235344648,228.0
2020-01-02,2,hgb_clf,0.9746086095732506,206.0
2020-01-02,3,hgb_clf,0.9844093308017642,160.0
2020-01-03,1,logistic,0.9796740214771701,206.0
2020-01-03,2,logistic,0.9854348256824303,160.0
2020-01-03,3,logistic,0.9652736130862739,150.0
2020-01-03,1,forest_clf,0.9649952815033572,206.0
2020-01-03,2,forest_clf,0.9964782261091379,160.0
2020-01-03,3,forest_clf,0.9147394025318735,150.0
2020-01-03,1,hgb_clf,0.9775203959426247,206.0
2020-01-03,2,hgb_clf,0.9737508149669545,160.0
2020-01-03,3,hgb_clf,0.9704191127519074,150.0
2020-01-04,1,logistic,0.966680040260376,160.0
2020-01-04,2,logistic,0.9890618021807221,150.0
2020-01-04,3,logistic,0.961040181381007,123.0
2020-01-04,1,forest_clf,0.962406709126787,160.0
2020-01-04,2,forest_clf,0.9930035368112984,150.0
2020-01-04,3,forest_clf,0.9092841342783997,123.0
2020-01-04,1,hgb_clf,0.9795758262170318,160.0
2020-01-04,2,hgb_clf,0.9742641476332843,150.0
2020-01-04,3,hgb_clf,0.9704191127519074,123.0
2020-01-05,1,logistic,0.9389008566834696,150.0
2020-01-05,2,logistic,0.9833259034883386,123.0
2020-01-05,3,logistic,0.9535090404417601,
2020-01-05,1,forest_clf,0.9058340681633716,150.0
2020-01-05,2,forest_clf,0.9828839595589323,123.0
2020-01-05,3,forest_clf,0.8968930604439932,
2020-01-05,1,hgb_clf,0.9679058590912627,150.0
2020-01-05,2,hgb_clf,0.9722557206766049,123.0
2020-01-05,3,hgb_clf,0.9746678351417578,
2020-01-06,1,logistic,0.9426238259447156,123.0
2020-01-06,2,logistic,0.9673798660583955,
2020-01-06,3,logistic,0.9351368168334918,106.0
2020-01-06,1,forest_clf,0.8959844931069331,123.0
2020-01-06,2,forest_clf,0.9872271245017658,
2020-01-06,3,forest_clf,0.8814048117774499,106.0
2020-01-06,1,hgb_clf,0.9792369914845803,123.0
2020-01-06,2,hgb_clf,0.97375425148966,
2020-01-06,3,hgb_clf,0.9758643248390799,106.0
2020-01-07,1,logistic,0.9075086419476708,
2020-01-07,2,logistic,0.9405659449689712,106.0
2020-01-07,3,logistic,0.9152712520788319,142.0
2020-01-07,1,forest_clf,0.8503917893021276,
2020-01-07,2,forest_clf,0.9530947112522672,106.0
2020-01-07,3,forest_clf,0.8482593577772822,142.0
2020-01-07,1,hgb_clf,0.9639979932242091,
2020-01-07,2,hgb_clf,0.9660847012228292,106.0
2020-01-07,3,hgb_clf,0.9705667347220222,142.0
2020-01-08,1,logistic,,106.0
2020-01-08,2,logistic,,142.0
2020-01-08,3,logistic,,157.0
2020-01-08,1,forest_clf,,106.0
2020-01-08,2,forest_clf,,142.0
2020-01-08,3,forest_clf,,157.0
2020-01-08,1,hgb_clf,0.9554279942089868,106.0
2020-01-08,2,hgb_clf,0.920870009190337,142.0
2020-01-08,3,hgb_clf,0.9589569274872598,157.0
2020-01-09,1,logistic,,142.0
2020-01-09,2,logistic,,157.0
2020-01-09,3,logistic,,193.0
2020-01-09,1,forest_clf,,142.0
2020-01-09,2,forest_clf,,157.0
2020-01-09,3,forest_clf,,193.0
2020-01-09,1,hgb_clf,0.9253799965037846,142.0
2020-01-09,2,hgb_clf,0.8731292261422323,157.0
2020-01-09,3,hgb_clf,0.9032421870371365,193.0
2020-01-10,1,logistic,,157.0
2020-01-10,2,logistic,,193.0
2020-01-10,3,logistic,,221.0
2020-01-10,1,forest_clf,,157.0
2020-01-10,2,forest_clf,,193.0
2020-01-10,3,forest_clf,,221.0
2020-01-10,1,hgb_clf,0.9224382598012194,157.0
2020-01-10,2,hgb_clf,0.9419723632054466,193.0
2020-01-10,3,hgb_clf,0.9390007930412998,221.0
2020-01-11,1,logistic,,193.0
2020-01-11,2,logistic,,221.0
2020-01-11,3,logistic,,116.0
2020-01-11,1,forest_clf,,193.0
2020-01-11,2,forest_clf,,221.0
2020-01-11,3,forest_clf,,116.0
2020-01-11,1,hgb_clf,0.9475696266255532,193.0
2020-01-11,2,hgb_clf,0.950029212988785,221.0
2020-01-11,3,hgb_clf,0.9407979967950336,116.0
2020-01-12,1,logistic,0.9146520121721536,221.0
2020-01-12,2,logistic,0.9622056351474402,116.0
2020-01-12,3,logistic,0.8448217488112973,112.0
2020-01-12,1,forest_clf,0.9449787693394043,221.0
2020-01-12,2,forest_clf,0.9433746046494143,116.0
2020-01-12,3,forest_clf,0.8147551484097305,112.0
2020-01-12,1,hgb_clf,0.9802953101170909,221.0
2020-01-12,2,hgb_clf,0.9468644577613194,116.0
2020-01-12,3,hgb_clf,0.9320481532613363,112.0
2020-01-13,1,logistic,0.9532944464544919,116.0
2020-01-13,2,logistic,0.9533885734040727,112.0
2020-01-13,3,logistic,0.8601708270129454,152.0
2020-01-13,1,forest_clf,0.9583778765460125,116.0
2020-01-13,2,forest_clf,0.967937077508032,112.0
2020-01-13,3,forest_clf,0.8183864975729043,152.0
2020-01-13,1,hgb_clf,0.9797897460442736,116.0
2020-01-13,2,hgb_clf,0.9531185033782041,112.0
2020-01-13,3,hgb_clf,0.9201596619317239,152.0
2020-01-14,1,logistic,0.846350443568302,112.0
2020-01-14,2,logistic,0.877974270699286,152.0
2020-01-14,3,logistic,0.77140049149853,111.0
2020-01-14,1,forest_clf,0.877047343926608,112.0
2020-01-14,2,forest_clf,0.8883360557966193,152.0
2020-01-14,3,forest_clf,0.7969596823046614,111.0
2020-01-14,1,hgb_clf,0.9335187735160798,112.0
2020-01-14,2,hgb_clf,0.9105272274467793,152.0
2020-01-14,3,hgb_clf,0.8079278865347547,111.0
2020-01-15,1,logistic,,152.0
2020-01-15,2,logistic,,111.0
2020-01-15,3,logistic,,135.0
2020-01-15,1,forest_clf,,152.0
2020-01-15,2,forest_clf,,111.0
2020-01-15,3,forest_clf,,135.0
2020-01-15,1,hgb_clf,0.8760179458654193,152.0
2020-01-15,2,hgb_clf,0.8995542767539131,111.0
2020-01-15,3,hgb_clf,0.8856092197900702,135.0
2020-01-16,1,logistic,0.8686399090418054,111.0
2020-01-16,2,logistic,0.9213222705249482,135.0
2020-01-16,3,logistic,0.8596919451938788,136.0
2020-01-16,1,forest_clf,0.7435139500912853,111.0
2020-01-16,2,forest_clf,0.8591573009081988,135.0
2020-01-16,3,forest_clf,0.7924967123400473,136.0
2020-01-16,1,hgb_clf,0.9470366534688249,111.0
2020-01-16,2,hgb_clf,0.9336904617004713,135.0
2020-01-16,3,hgb_clf,0.9613194031743987,136.0
2020-01-17,1,logistic,0.7931366074194092,135.0
2020-01-17,2,logistic,0.905252648107858,136.0
2020-01-17,3,logistic,0.8155079611454003,158.0
2020-01-17,1,forest_clf,0.7163128592616378,135.0
2020-01-17,2,forest_clf,0.8090132650701876,136.0
2020-01-17,3,forest_clf,0.7668569660218659,158.0
2020-01-17,1,hgb_clf,0.8750263067150187,135.0
2020-01-17,2,hgb_clf,0.9227558968756723,136.0
2020-01-17,3,hgb_clf,0.9188090850684433,158.0
2020-01-18,1,logistic,0.8063836446342479,136.0
2020-01-18,2,logistic,0.9576664327421153,158.0
2020-01-18,3,logistic,0.8109996378458217,206.0
2020-01-18,1,forest_clf,0.7351756768215645,136.0
2020-01-18,2,forest_clf,0.805128379686307,158.0
2020-01-18,3,forest_clf,0.7760035245345991,206.0
2020-01-18,1,hgb_clf,0.8436371285176849,136.0
2020-01-18,2,hgb_clf,0.9010607919106871,158.0
2020-01-18,3,hgb_clf,0.9499921099043246,206.0
2020-01-19,1,logistic,0.7972480689981774,158.0
2020-01-19,2,logistic,0.9530071446837609,206.0
2020-01-19,3,logistic,0.8244207894315329,220.0
2020-01-19,1,forest_clf,0.7084779896310271,158.0
2020-01-19,2,forest_clf,0.8468039368832602,206.0
2020-01-19,3,forest_clf,0.7813173370737293,220.0
2020-01-19,1,hgb_clf,0.810146511860809,158.0
2020-01-19,2,hgb_clf,0.9263679289791058,206.0
2020-01-19,3,hgb_clf,0.9601590010224867,220.0
2020-01-20,1,logistic,0.8760167943663976,206.0
2020-01-20,2,logistic,0.9434202672037337,220.0
2020-01-20,3,logistic,0.8116324300036212,68.3
2020-01-20,1,forest_clf,0.7722162691797096,206.0
2020-01-20,2,forest_clf,0.866771953603588,220.0
2020-01-20,3,forest_clf,0.7867048984175752,68.3
2020-01-20,1,hgb_clf,0.9447033612954526,206.0
2020-01-20,2,hgb_clf,0.9453670108388758,220.0
2020-01-20,3,hgb_clf,0.961915642867832,68.3
2020-01-21,1,logistic,0.9164582160885573,220.0
2020-01-21,2,logistic,0.9374653359075933,68.3
2020-01-21,3,logistic,0.8290867651967826,77.2
2020-01-21,1,forest_clf,0.9061267407456687,220.0
2020-01-21,2,forest_clf,0.8667290611935418,68.3
2020-01-21,3,forest_clf,0.7922888727846032,77.2
2020-01-21,1,hgb_clf,0.9657603551020101,220.0
2020-01-21,2,hgb_clf,0.9655588232034965,68.3
2020-01-21,3,hgb_clf,0.9549129540441047,77.2
2020-01-22,1,logistic,0.9352927385298517,68.3
2020-01-22,2,logistic,0.9426331910725698,77.2
2020-01-22,3,logistic,0.8593089150977682,123.0
2020-01-22,1,forest_clf,0.9326660075808263,68.3
2020-01-22,2,forest_clf,0.869314578468712,77.2
2020-01-22,3,forest_clf,0.8085113693065253,123.0
2020-01-22,1,hgb_clf,0.9800320422917655,68.3
2020-01-22,2,hgb_clf,0.9574128900055452,77.2
2020-01-22,3,hgb_clf,0.9441797346065336,123.0
2020-01-23,1,logistic,0.6648739565164355,77.2
2020-01-23,2,logistic,0.7534123936661771,123.0
2020-01-23,3,logistic,0.7021797366387497,193.0
2020-01-23,1,forest_clf,0.5526491074012118,77.2
2020-01-23,2,forest_clf,0.7133016917609569,123.0
2020-01-23,3,forest_clf,0.7012802632536104,193.0
2020-01-23,1,hgb_clf,0.7894928981986273,77.2
2020-01-23,2,hgb_clf,0.8689318017738604,123.0
2020-01-23,3,hgb_clf,0.7088008188330562,193.0
2020-01-24,1,logistic,0.593448067908172,123.0
2020-01-24,2,logistic,0.6923887893236764,193.0
2020-01-24,3,logistic,0.6433612332954567,199.0
2020-01-24,1,forest_clf,0.4911560732415808,123.0
2020-01-24,2,forest_clf,0.5130458114458183,193.0
2020-01-24,3,forest_clf,0.6770804384217085,199.0
2020-01-24,1,hgb_clf,0.4500751554429723,123.0
2020-01-24,2,hgb_clf,0.7653245854441886,193.0
2020-01-24,3,hgb_clf,0.7157978611317586,199.0
2020-01-25,1,logistic,0.6950162648011621,193.0
2020-01-25,2,logistic,0.8589706199880744,199.0
2020-01-25,3,logistic,0.7450416277239096,113.0
2020-01-25,1,forest_clf,0.647157953982054,193.0
2020-01-25,2,forest_clf,0.5969986506978304,199.0
2020-01-25,3,forest_clf,0.7558637986725789,113.0
2020-01-25,1,hgb_clf,0.6284501986995973,193.0
2020-01-25,2,hgb_clf,0.7606201202611567,199.0
2020-01-25,3,hgb_clf,0.9092925728697168,113.0
2020-01-26,1,logistic,0.818082744906513,199.0
2020-01-26,2,logistic,0.9085393743629151,113.0
2020-01-26,3,logistic,0.742912625526398,75.8
2020-01-26,1,forest_clf,0.7671061493902387,199.0
2020-01-26,2,forest_clf,0.7992454706461578,113.0
2020-01-26,3,forest_clf,0.766887059441562,75.8
2020-01-26,1,hgb_clf,0.866198529393209,199.0
2020-01-26,2,hgb_clf,0.8863242398803696,113.0
2020-01-26,3,hgb_clf,0.9071538235372555,75.8
2020-01-27,1,logistic,0.8849456581850077,113.0
2020-01-27,2,logistic,0.8933913364101451,75.8
2020-01-27,3,logistic,0.762429422633434,96.0
2020-01-27,1,forest_clf,0.8772495035115077,113.0
2020-01-27,2,forest_clf,0.8571568300358631,75.8
2020-01-27,3,forest_clf,0.7719473089664849,96.0
2020-01-27,1,hgb_clf,0.9523141124052547,113.0
2020-01-27,2,hgb_clf,0.9300817693148579,75.8
2020-01-27,3,hgb_clf,0.9079516133766328,96.0
2020-01-28,1,logistic,0.7140685011178919,75.8
2020-01-28,2,logistic,0.7943067443448313,96.0
2020-01-28,3,logistic,0.6641428364104224,95.3
2020-01-28,1,forest_clf,0.8100391590273298,75.8
2020-01-28,2,forest_clf,0.8579254038765104,96.0
2020-01-28,3,forest_clf,0.7616932330255488,95.3
2020-01-28,1,hgb_clf,0.8061254749988539,75.8
2020-01-28,2,hgb_clf,0.8839921529773854,96.0
2020-01-28,3,hgb_clf,0.7610787202731665,95.3
2020-01-29,1,logistic,0.5071711374369797,96.0
2020-01-29,2,logistic,0.6233654115236258,95.3
2020-01-29,3,logistic,0.5369387800954203,101.0
2020-01-29,1,forest_clf,0.47657184767260236,96.0
2020-01-29,2,forest_clf,0.697842331584274,95.3
2020-01-29,3,forest_clf,0.660475765282883,101.0
2020-01-29,1,hgb_clf,0.4594788851533916,96.0
2020-01-29,2,hgb_clf,0.7782606294039977,95.3
2020-01-29,3,hgb_clf,0.5589851037055023,101.0
2020-01-30,1,logistic,0.5239576716209216,95.3
2020-01-30,2,logistic,0.5768852124045138,101.0
2020-01-30,3,logistic,0.5598083711240968,134.0
2020-01-30,1,forest_clf,0.4242581989648819,95.3
2020-01-30,2,forest_clf,0.5203114844585942,101.0
2020-01-30,3,forest_clf,0.6376911374048009,134.0
2020-01-30,1,hgb_clf,0.4529107492625723,95.3
2020-01-30,2,hgb_clf,0.5283403763196531,101.0
2020-01-30,3,hgb_clf,0.765781257427721,134.0
2020-01-31,1,logistic,0.49215882793453564,101.0
2020-01-31,2,logistic,0.525359338363539,134.0
2020-01-31,3,logistic,0.5281836396784428,126.0
2020-01-31,1,forest_clf,0.40558652045956495,101.0
2020-01-31,2,forest_clf,0.5441723439884801,134.0
2020-01-31,3,forest_clf,0.6327005002252318,126.0
2020-01-31,1,hgb_clf,0.3890342975550879,101.0
2020-01-31,2,hgb_clf,0.5562947040346308,134.0
2020-01-31,3,hgb_clf,0.761377229340512,126.0
2020-02-01,1,logistic,0.4499133915741737,134.0
2020-02-01,2,logistic,0.6818240228247607,126.0
2020-02-01,3,logistic,0.4909139799325061,167.0
2020-02-01,1,forest_clf,0.5672668055655464,134.0
2020-02-01,2,forest_clf,0.43406606561810535,126.0
2020-02-01,3,forest_clf,0.5125191831074968,167.0
2020-02-01,1,hgb_clf,0.6633285620263317,134.0
2020-02-01,2,hgb_clf,0.6593804111899726,126.0
2020-02-01,3,hgb_clf,0.4528016736225597,167.0
2020-02-02,1,logistic,0.5237129879293209,126.0
2020-02-02,2,logistic,0.7579049523798054,167.0
2020-02-02,3,logistic,0.540752635467389,137.0
2020-02-02,1,forest_clf,0.5896516510825995,126.0
2020-02-02,2,forest_clf,0.5179138671600877,167.0
2020-02-02,3,forest_clf,0.5934930883884116,137.0
2020-02-02,1,hgb_clf,0.42303537921906853,126.0
2020-02-02,2,hgb_clf,0.41703369119685446,167.0
2020-02-02,3,hgb_clf,0.7717786465794604,137.0
2020-02-03,1,logistic,0.593542451279016,167.0
2020-02-03,2,logistic,0.6404413981907282,137.0
2020-02-03,3,logistic,0.5114583152333636,110.0
2020-02-03,1,forest_clf,0.576141363635478,167.0
2020-02-03,2,forest_clf,0.6248598124701321,137.0
2020-02-03,3,forest_clf,0.5466660088349043,110.0
2020-02-03,1,hgb_clf,0.40546183422763904,167.0
2020-02-03,2,hgb_clf,0.5880419982236904,137.0
2020-02-03,3,hgb_clf,0.7926263810050445,110.0
2020-02-04,1,logistic,0.6956071731857117,137.0
2020-02-04,2,logistic,0.7076440688058805,110.0
2020-02-04,3,logistic,0.5635752660751313,
2020-02-04,1,forest_clf,0.7074444425105573,137.0
2020-02-04,2,forest_clf,0.604832240212313,110.0
2020-02-04,3,forest_clf,0.6894951249396875,
2020-02-04,1,hgb_clf,0.7887843733306734,137.0
2020-02-04,2,hgb_clf,0.7125692716249392,110.0
2020-02-04,3,hgb_clf,0.6705838098278556,
2020-02-05,1,logistic,0.6302408364049991,110.0
2020-02-05,2,logistic,0.5692742565968407,
2020-02-05,3,logistic,0.5608006520454337,142.0
2020-02-05,1,forest_clf,0.721156617090215,110.0
2020-02-05,2,forest_clf,0.39733737781229755,
2020-02-05,3,forest_clf,0.6702210430831276,142.0
2020-02-05,1,hgb_clf,0.8297784303918414,110.0
2020-02-05,2,hgb_clf,0.662162052646726,
2020-02-05,3,hgb_clf,0.5634921267702073,142.0
2020-02-06,1,logistic,0.5215728970596855,
2020-02-06,2,logistic,0.46160103327808477,142.0
2020-02-06,3,logistic,0.49570194216082414,162.0
2020-02-06,1,forest_clf,0.711371913646181,
2020-02-06,2,forest_clf,0.3888011621786256,142.0
2020-02-06,3,forest_clf,0.6527722397477902,162.0
2020-02-06,1,hgb_clf,0.664366262798553,
2020-02-06,2,hgb_clf,0.47027423216404585,142.0
2020-02-06,3,hgb_clf,0.1932250152892532,162.0
2020-02-07,1,logistic,,142.0
2020-02-07,2,logistic,,162.0
2020-02-07,3,logistic,,180.0
2020-02-07,1,forest_clf,,142.0
2020-02-07,2,forest_clf,,162.0
2020-02-07,3,forest_clf,,180.0
2020-02-07,1,hgb_clf,0.6057834824074164,142.0
2020-02-07,2,hgb_clf,0.43699598287545405,162.0
2020-02-07,3,hgb_clf,0.36178899975172263,180.0
2020-02-08,1,logistic,,162.0
2020-02-08,2,logistic,,180.0
2020-02-08,3,logistic,,162.0
2020-02-08,1,forest_clf,,162.0
2020-02-08,2,forest_clf,,180.0
2020-02-08,3,forest_clf,,162.0
2020-02-08,1,hgb_clf,0.6731745523835695,162.0
2020-02-08,2,hgb_clf,0.4223913293053301,180.0
2020-02-08,3,hgb_clf,0.3519162583494282,162.0
2020-02-09,1,logistic,,180.0
2020-02-09,2,logistic,,162.0
2020-02-09,3,logistic,,194.0
2020-02-09,1,forest_clf,,180.0
2020-02-09,2,forest_clf,,162.0
2020-02-09,3,forest_clf,,194.0
2020-02-09,1,hgb_clf,0.7585183941778559,180.0
2020-02-09,2,hgb_clf,0.4146906931886906,162.0
2020-02-09,3,hgb_clf,0.3581282231004072,194.0
2020-02-10,1,logistic,,162.0
2020-02-10,2,logistic,,194.0
2020-02-10,3,logistic,,99.7
2020-02-10,1,forest_clf,,162.0
2020-02-10,2,forest_clf,,194.0
2020-02-10,3,forest_clf,,99.7
2020-02-10,1,hgb_clf,0.729700513716377,162.0
2020-02-10,2,hgb_clf,0.33548269394414726,194.0
2020-02-10,3,hgb_clf,0.3596677980917832,99.7
2020-02-11,1,logistic,0.6819802534935113,194.0
2020-02-11,2,logistic,0.5470690204813989,99.7
2020-02-11,3,logistic,0.4836072564332388,70.3
2020-02-11,1,forest_clf,0.7717261495480472,194.0
2020-02-11,2,forest_clf,0.5181874794842888,99.7
2020-02-11,3,forest_clf,0.231447805744682,70.3
2020-02-11,1,hgb_clf,0.6455324703367512,194.0
2020-02-11,2,hgb_clf,0.42517897496061774,99.7
2020-02-11,3,hgb_clf,0.28044628661392923,70.3
2020-02-12,1,logistic,0.748057529970927,99.7
2020-02-12,2,logistic,0.5996309974996576,70.3
2020-02-12,3,logistic,0.538352683786063,82.2
2020-02-12,1,forest_clf,0.7967235355279398,99.7
2020-02-12,2,forest_clf,0.5242868615254521,70.3
2020-02-12,3,forest_clf,0.311090017683396,82.2
2020-02-12,1,hgb_clf,0.7121741375660349,99.7
2020-02-12,2,hgb_clf,0.3967444343128894,70.3
2020-02-12,3,hgb_clf,0.3297441828590718,82.2
2020-02-13,1,logistic,0.3946947566208069,70.3
2020-02-13,2,logistic,0.3316950612771231,82.2
2020-02-13,3,logistic,0.387564284540989,118.0
2020-02-13,1,forest_clf,0.36134667633053913,70.3
2020-02-13,2,forest_clf,0.46183271862154535,82.2
2020-02-13,3,forest_clf,0.22480203093219933,118.0
2020-02-13,1,hgb_clf,0.25615042984659825,70.3
2020-02-13,2,hgb_clf,0.29505783567851546,82.2
2020-02-13,3,hgb_clf,0.21752781274616265,118.0
2020-02-14,1,logistic,,82.2
2020-02-14,2,logistic,,118.0
2020-02-14,3,logistic,,157.0
2020-02-14,1,forest_clf,,82.2
2020-02-14,2,forest_clf,,118.0
2020-02-14,3,forest_clf,,157.0
2020-02-14,1,hgb_clf,0.22252805728806543,82.2
2020-02-14,2,hgb_clf,0.2418050182379297,118.0
2020-02-14,3,hgb_clf,0.1824424060698848,157.0
2020-02-15,1,logistic,0.30204127109867773,118.0
2020-02-15,2,logistic,0.38887471097591225,157.0
2020-02-15,3,logistic,0.40743148390476913,133.0
2020-02-15,1,forest_clf,0.2877856309147974,118.0
2020-02-15,2,forest_clf,0.37919843917958845,157.0
2020-02-15,3,forest_clf,0.31810080691830556,133.0
2020-02-15,1,hgb_clf,0.12630715591016511,118.0
2020-02-15,2,hgb_clf,0.2570319292869,157.0
2020-02-15,3,hgb_clf,0.2303854998681182,133.0
2020-02-16,1,logistic,0.39759236524689967,157.0
2020-02-16,2,logistic,0.44852042501258804,133.0
2020-02-16,3,logistic,0.4052648709292308,120.0
2020-02-16,1,forest_clf,0.5714937660344289,157.0
2020-02-16,2,forest_clf,0.43503992852793866,133.0
2020-02-16,3,forest_clf,0.35015929916888777,120.0
2020-02-16,1,hgb_clf,0.3284258497625558,157.0
2020-02-16,2,hgb_clf,0.25482715634497194,133.0
2020-02-16,3,hgb_clf,0.29120407145217575,120.0
2020-02-17,1,logistic,0.5608174773987578,133.0
2020-02-17,2,logistic,0.4566871977901966,120.0
2020-02-17,3,logistic,0.398218937432697,101.0
2020-02-17,1,forest_clf,0.6816428866363878,133.0
2020-02-17,2,forest_clf,0.5235056890467225,120.0
2020-02-17,3,forest_clf,0.3226777968529443,101.0
2020-02-17,1,hgb_clf,0.5773836138095839,133.0
2020-02-17,2,hgb_clf,0.3700579948488493,120.0
2020-02-17,3,hgb_clf,0.25748929280616234,101.0
2020-02-18,1,logistic,0.4943438191743161,120.0
2020-02-18,2,logistic,0.41636916627727344,101.0
2020-02-18,3,logistic,0.39066644600462946,54.2
2020-02-18,1,forest_clf,0.6588908060052134,120.0
2020-02-18,2,forest_clf,0.519335566213121,101.0
2020-02-18,3,forest_clf,0.29444614524705814,54.2
2020-02-18,1,hgb_clf,0.4790678301034491,120.0
2020-02-18,2,hgb_clf,0.33258880923427836,101.0
2020-02-18,3,hgb_clf,0.2766007049836349,54.2
2020-02-19,1,logistic,0.40392883041757605,101.0
2020-02-19,2,logistic,0.3708279902997855,54.2
2020-02-19,3,logistic,0.3381495090237077,64.5
2020-02-19,1,forest_clf,0.6073080210189875,101.0
2020-02-19,2,forest_clf,0.4528500393272904,54.2
2020-02-19,3,forest_clf,0.20588206293309724,64.5
2020-02-19,1,hgb_clf,0.3718637609517026,101.0
2020-02-19,2,hgb_clf,0.26579578496554257,54.2
2020-02-19,3,hgb_clf,0.23162770529087442,64.5
2020-02-20,1,logistic,0.28902205618487514,54.2
2020-02-20,2,logistic,0.2699449465578335,64.5
2020-02-20,3,logistic,0.31985128774179195,98.4
2020-02-20,1,forest_clf,0.5581638874458387,54.2
2020-02-20,2,forest_clf,0.40474642403166927,64.5
2020-02-20,3,forest_clf,0.19321076204457063,98.4
2020-02-20,1,hgb_clf,0.2626209223684245,54.2
2020-02-20,2,hgb_clf,0.22284072179531142,64.5
2020-02-20,3,hgb_clf,0.2190021798345957,98.4
2020-02-21,1,logistic,0.1393988535734639,64.5
2020-02-21,2,logistic,0.15481910422800454,98.4
2020-02-21,3,logistic,0.23258157865909043,63.9
2020-02-21,1,forest_clf,0.29269335430196547,64.5
2020-02-21,2,forest_clf,0.3570925768912902,98.4
2020-02-21,3,forest_clf,0.21162473710462343,63.9
2020-02-21,1,hgb_clf,0.16799916310856822,64.5
2020-02-21,2,hgb_clf,0.19591992897517024,98.4
2020-02-21,3,hgb_clf,0.18259429260360663,63.9
2020-02-22,1,logistic,0.15342259571053732,98.4
2020-02-22,2,logistic,0.20117996650441977,63.9
2020-02-22,3,logistic,0.22254745195246464,152.0
2020-02-22,1,forest_clf,0.2760900652857906,98.4
2020-02-22,2,forest_clf,0.3076372509775344,63.9
2020-02-22,3,forest_clf,0.22674565463156898,152.0
2020-02-22,1,hgb_clf,0.1321540563425708,98.4
2020-02-22,2,hgb_clf,0.18621866155801792,63.9
2020-02-22,3,hgb_clf,0.18556221159360614,152.0
2020-02-23,1,logistic,0.22647554944782183,63.9
2020-02-23,2,logistic,0.26297301716876953,152.0
2020-02-23,3,logistic,0.2668658838888841,133.0
2020-02-23,1,forest_clf,0.27431409578698407,63.9
2020-02-23,2,forest_clf,0.323405316096066,152.0
2020-02-23,3,forest_clf,0.25879980097884625,133.0
2020-02-23,1,hgb_clf,0.12762074258594547,63.9
2020-02-23,2,hgb_clf,0.21622778183410843,152.0
2020-02-23,3,hgb_clf,0.2898515995197425,133.0
2020-02-24,1,logistic,0.1646748749175069,152.0
2020-02-24,2,logistic,0.15242060711520244,133.0
2020-02-24,3,logistic,0.16754350866003156,102.0
2020-02-24,1,forest_clf,0.24482479260245196,152.0
2020-02-24,2,forest_clf,0.2987801090103832,133.0
2020-02-24,3,forest_clf,0.2249657721861536,102.0
2020-02-24,1,hgb_clf,0.17703826033963282,152.0
2020-02-24,2,hgb_clf,0.2048819597880656,133.0
2020-02-24,3,hgb_clf,0.22414409298435517,102.0
2020-02-25,1,logistic,0.35590901923353785,133.0
2020-02-25,2,logistic,0.279610893486704,102.0
2020-02-25,3,logistic,0.2526975631655845,85.2
2020-02-25,1,forest_clf,0.6069180254145019,133.0
2020-02-25,2,forest_clf,0.4461705923466522,102.0
2020-02-25,3,forest_clf,0.2896590281785809,85.2
2020-02-25,1,hgb_clf,0.49605617081568887,133.0
2020-02-25,2,hgb_clf,0.2575093048232547,102.0
2020-02-25,3,hgb_clf,0.28948612076322633,85.2
2020-02-26,1,logistic,0.3252699917985125,102.0
2020-02-26,2,logistic,0.25885218302048235,85.2
2020-02-26,3,logistic,0.2915533296876618,58.0
2020-02-26,1,forest_clf,0.5956905112378714,102.0
2020-02-26,2,forest_clf,0.43725826348054775,85.2
2020-02-26,3,forest_clf,0.30846797135411647,58.0
2020-02-26,1,hgb_clf,0.3857402564902209,102.0
2020-02-26,2,hgb_clf,0.2882292647659585,85.2
2020-02-26,3,hgb_clf,0.3051552707828541,58.0
2020-02-27,1,logistic,0.24272401120945367,85.2
2020-02-27,2,logistic,0.21688095811171887,58.0
2020-02-27,3,logistic,0.24859970439780982,36.6
2020-02-27,1,forest_clf,0.5608388613147034,85.2
2020-02-27,2,forest_clf,0.4189736203958511,58.0
2020-02-27,3,forest_clf,0.26258707879233545,36.6
2020-02-27,1,hgb_clf,0.291449584137555,85.2
2020-02-27,2,hgb_clf,0.22701342913790462,58.0
2020-02-27,3,hgb_clf,0.17982335166508218,36.6
2020-02-28,1,logistic,0.170798080754618,58.0
2020-02-28,2,logistic,0.16699401310464174,36.6
2020-02-28,3,logistic,0.25230486167371413,82.5
2020-02-28,1,forest_clf,0.2874097933702042,58.0
2020-02-28,2,forest_clf,0.3493095976876542,36.6
2020-02-28,3,forest_clf,0.24143905593150256,82.5
2020-02-28,1,hgb_clf,0.18162879577933996,58.0
2020-02-28,2,hgb_clf,0.1903353707363625,36.6
2020-02-28,3,hgb_clf,0.17813348019047648,82.5
2020-02-29,1,logistic,0.12418827331735627,36.6
2020-02-29,2,logistic,0.16277372635067494,82.5
2020-02-29,3,logistic,0.20783861260567985,67.7
2020-02-29,1,forest_clf,0.23592373492916083,36.6
2020-02-29,2,forest_clf,0.26491308374323586,82.5
2020-02-29,3,forest_clf,0.22557984195820094,67.7
2020-02-29,1,hgb_clf,0.0991729138310676,36.6
2020-02-29,2,hgb_clf,0.1550862226593949,82.5
2020-02-29,3,hgb_clf,0.16732156164577702,67.7
2020-03-01,1,logistic,0.09026939012447852,82.5
2020-03-01,2,logistic,0.141432361063864,67.7
2020-03-01,3,logistic,0.18831042330074266,70.6
2020-03-01,1,forest_clf,0.18566879436375727,82.5
2020-03-01,2,forest_clf,0.279490137354287,67.7
2020-03-01,3,forest_clf,0.2537551149113271,70.6
2020-03-01,1,hgb_clf,0.10544012624946363,82.5
2020-03-01,2,hgb_clf,0.14762357652427385,67.7
2020-03-01,3,hgb_clf,0.16559361875757,70.6
2020-03-02,1,logistic,0.16031369702699028,67.7
2020-03-02,2,logistic,0.1391827812561079,70.6
2020-03-02,3,logistic,0.19844308984504147,27.6
2020-03-02,1,forest_clf,0.2197483287232951,67.7
2020-03-02,2,forest_clf,0.2440685595006985,70.6
2020-03-02,3,forest_clf,0.24507501316757513,27.6
2020-03-02,1,hgb_clf,0.12583848369355696,67.7
2020-03-02,2,hgb_clf,0.1805658708112814,70.6
2020-03-02,3,hgb_clf,0.20913898124497599,27.6
2020-03-03,1,logistic,0.13961849741808727,70.6
2020-03-03,2,logistic,0.13512486981340394,27.6
2020-03-03,3,logistic,0.17406034325093164,19.7
2020-03-03,1,forest_clf,0.19912234970297152,70.6
2020-03-03,2,forest_clf,0.24024638782426536,27.6
2020-03-03,3,forest_clf,0.22871434208090627,19.7
2020-03-03,1,hgb_clf,0.11265615254184368,70.6
2020-03-03,2,hgb_clf,0.19461650075239928,27.6
2020-03-03,3,hgb_clf,0.24305317022771616,19.7
2020-03-04,1,logistic,0.13281122654208952,27.6
2020-03-04,2,logistic,0.13222541413065345,19.7
2020-03-04,3,logistic,0.1585961533938006,42.0
2020-03-04,1,forest_clf,0.18009989020939554,27.6
2020-03-04,2,forest_clf,0.2541064528081716,19.7
2020-03-04,3,forest_clf,0.17102570999169786,42.0
2020-03-04,1,hgb_clf,0.10931391305812539,27.6
2020-03-04,2,hgb_clf,0.18689588224621462,19.7
2020-03-04,3,hgb_clf,0.22236425200967147,42.0
2020-03-05,1,logistic,0.06206768367563415,19.7
2020-03-05,2,logistic,0.07638311352143046,42.0
2020-03-05,3,logistic,0.12464078478541098,
2020-03-05,1,forest_clf,0.15077134817609597,19.7
2020-03-05,2,forest_clf,0.2512114292307068,42.0
2020-03-05,3,forest_clf,0.16544378411656446,
2020-03-05,1,hgb_clf,0.08426683937791679,19.7
2020-03-05,2,hgb_clf,0.1671555342840992,42.0
2020-03-05,3,hgb_clf,0.18478718085411183,
2020-03-06,1,logistic,0.047769828657199885,42.0
2020-03-06,2,logistic,0.06435275217650196,
2020-03-06,3,logistic,0.11118018422462421,45.2
2020-03-06,1,forest_clf,0.13646206958854823,42.0
2020-03-06,2,forest_clf,0.19396973915692214,
2020-03-06,3,forest_clf,0.10014977788042906,45.2
2020-03-06,1,hgb_clf,0.07496594752506408,42.0
2020-03-06,2,hgb_clf,0.1533755351437608,
2020-03-06,3,hgb_clf,0.16517140358524446,45.2
2020-03-07,1,logistic,0.06626535592899073,
2020-03-07,2,logistic,0.09504333134518932,45.2
2020-03-07,3,logistic,0.12540351239999675,85.2
2020-03-07,1,forest_clf,0.14533587677216364,
2020-03-07,2,forest_clf,0.17302212995976218,45.2
2020-03-07,3,forest_clf,0.0938139783831581,85.2
2020-03-07,1,hgb_clf,0.09159896811927555,
2020-03-07,2,hgb_clf,0.15905164396418908,45.2
2020-03-07,3,hgb_clf,0.1623407389069719,85.2
2020-03-08,1,logistic,,45.2
2020-03-08,2,logistic,,85.2
2020-03-08,3,logistic,,54.7
2020-03-08,1,forest_clf,,45.2
2020-03-08,2,forest_clf,,85.2
2020-03-08,3,forest_clf,,54.7
2020-03-08,1,hgb_clf,0.2694188085597563,45.2
2020-03-08,2,hgb_clf,0.15079192250289541,85.2
2020-03-08,3,hgb_clf,0.1951334153843744,54.7
2020-03-09,1,logistic,,85.2
2020-03-09,2,logistic,,54.7
2020-03-09,3,logistic,,52.1
2020-03-09,1,forest_clf,,85.2
2020-03-09,2,forest_clf,,54.7
2020-03-09,3,forest_clf,,52.1
2020-03-09,1,hgb_clf,0.11081248219386781,85.2
2020-03-09,2,hgb_clf,0.10474195928316155,54.7
2020-03-09,3,hgb_clf,0.1927690473131757,52.1
2020-03-10,1,logistic,,54.7
2020-03-10,2,logistic,,52.1
2020-03-10,3,logistic,,59.3
2020-03-10,1,forest_clf,,54.7
2020-03-10,2,forest_clf,,52.1
2020-03-10,3,forest_clf,,59.3
2020-03-10,1,hgb_clf,0.0660928819211931,54.7
2020-03-10,2,hgb_clf,0.14677777386549534,52.1
2020-03-10,3,hgb_clf,0.21859911581124583,59.3
2020-03-11,1,logistic,,52.1
2020-03-11,2,logistic,,59.3
2020-03-11,3,logistic,,38.1
2020-03-11,1,forest_clf,,52.1
2020-03-11,2,forest_clf,,59.3
2020-03-11,3,forest_clf,,38.1
2020-03-11,1,hgb_clf,0.07635748611895354,52.1
2020-03-11,2,hgb_clf,0.20707514575223168,59.3
2020-03-11,3,hgb_clf,0.1552550870110598,38.1
2020-03-12,1,logistic,0.058267511861214955,59.3
2020-03-12,2,logistic,0.05081447868631444,38.1
2020-03-12,3,logistic,0.08124425907601622,58.9
2020-03-12,1,forest_clf,0.07348056400276086,59.3
2020-03-12,2,forest_clf,0.07919909684053293,38.1
2020-03-12,3,forest_clf,0.06983645881845574,58.9
2020-03-12,1,hgb_clf,0.050222471813352626,59.3
2020-03-12,2,hgb_clf,0.08845256516276011,38.1
2020-03-12,3,hgb_clf,0.13383058901293327,58.9
2020-03-13,1,logistic,0.060568142418437776,38.1
2020-03-13,2,logistic,0.05254118087617761,58.9
2020-03-13,3,logistic,0.09589720345352627,68.6
2020-03-13,1,forest_clf,0.0611606357691525,38.1
2020-03-13,2,forest_clf,0.13365956186720523,58.9
2020-03-13,3,forest_clf,0.06729758584535665,68.6
2020-03-13,1,hgb_clf,0.0765179653128606,38.1
2020-03-13,2,hgb_clf,0.1305389068605465,58.9
2020-03-13,3,hgb_clf,0.11915537274750565,68.6
2020-03-14,1,logistic,0.048693845373519055,58.9
2020-03-14,2,logistic,0.057343878228053195,68.6
2020-03-14,3,logistic,0.07693227196640073,70.0
2020-03-14,1,forest_clf,0.03843064857531774,58.9
2020-03-14,2,forest_clf,0.04261593616945822,68.6
2020-03-14,3,forest_clf,0.03206906439226426,70.0
2020-03-14,1,hgb_clf,0.06092232437729279,58.9
2020-03-14,2,hgb_clf,0.07818165826645883,68.6
2020-03-14,3,hgb_clf,0.06435012714855223,70.0
2020-03-15,1,logistic,,68.6
2020-03-15,2,logistic,,70.0
2020-03-15,3,logistic,,65.3
2020-03-15,1,forest_clf,,68.6
2020-03-15,2,forest_clf,,70.0
2020-03-15,3,forest_clf,,65.3
2020-03-15,1,hgb_clf,0.06278107614604546,68.6
2020-03-15,2,hgb_clf,0.09169440278984686,70.0
2020-03-15,3,hgb_clf,0.0863295759672777,65.3
2020-03-16,1,logistic,0.09030841859443854,70.0
2020-03-16,2,logistic,0.07788247800427185,65.3
2020-03-16,3,logistic,0.11905762210833964,81.2
2020-03-16,1,forest_clf,0.10391122642211392,70.0
2020-03-16,2,forest_clf,0.09635485659679974,65.3
2020-03-16,3,forest_clf,0.09400329005222705,81.2
2020-03-16,1,hgb_clf,0.08395413770099995,70.0
2020-03-16,2,hgb_clf,0.10695967256043533,65.3
2020-03-16,3,hgb_clf,0.08586218721083558,81.2
2020-03-17,1,logistic,0.10034686981897577,65.3
2020-03-17,2,logistic,0.09109778886066675,81.2
2020-03-17,3,logistic,0.12480324546991482,91.9
2020-03-17,1,forest_clf,0.08081340120015795,65.3
2020-03-17,2,forest_clf,0.09572399855063711,81.2
2020-03-17,3,forest_clf,0.18157047269022153,91.9
2020-03-17,1,hgb_clf,0.0946501895114933,65.3
2020-03-17,2,hgb_clf,0.11971396192570291,81.2
2020-03-17,3,hgb_clf,0.11111932833443534,91.9
2020-03-18,1,logistic,0.08751182455555664,81.2
2020-03-18,2,logistic,0.08290188643208232,91.9
2020-03-18,3,logistic,0.1273382766897031,66.7
2020-03-18,1,forest_clf,0.08418290255597856,81.2
2020-03-18,2,forest_clf,0.12387399820360384,91.9
2020-03-18,3,forest_clf,0.20883114344957046,66.7
2020-03-18,1,hgb_clf,0.09498078415031169,81.2
2020-03-18,2,hgb_clf,0.14058638755212707,91.9
2020-03-18,3,hgb_clf,0.1398793966682434,66.7
2020-03-19,1,logistic,0.10199955675748028,91.9
2020-03-19,2,logistic,0.09577719195377098,66.7
2020-03-19,3,logistic,0.14605669444201,69.4
2020-03-19,1,forest_clf,0.10511544832228482,91.9
2020-03-19,2,forest_clf,0.1505061005011788,66.7
2020-03-19,3,forest_clf,0.2105385677438466,69.4
2020-03-19,1,hgb_clf,0.10894820021113696,91.9
2020-03-19,2,hgb_clf,0.10491644356352511,66.7
2020-03-19,3,hgb_clf,0.14252263259703712,69.4
2020-03-20,1,logistic,0.12013661030129623,66.7
2020-03-20,2,logistic,0.11264440286507858,69.4
2020-03-20,3,logistic,0.17009213202059514,60.0
2020-03-20,1,forest_clf,0.14760073032979537,66.7
2020-03-20,2,forest_clf,0.14623308937717375,69.4
2020-03-20,3,forest_clf,0.3460982294070453,60.0
2020-03-20,1,hgb_clf,0.10783522747489124,66.7
2020-03-20,2,hgb_clf,0.08979766482326745,69.4
2020-03-20,3,hgb_clf,0.175249711012453,60.0
2020-03-21,1,logistic,0.0917413729501594,69.4
2020-03-21,2,logistic,0.11238185066900643,60.0
2020-03-21,3,logistic,0.13899914125985394,45.9
2020-03-21,1,forest_clf,0.12258196394699322,69.4
2020-03-21,2,forest_clf,0.16554129759929176,60.0
2020-03-21,3,forest_clf,0.20784515962527603,45.9
2020-03-21,1,hgb_clf,0.13918793417709038,69.4
2020-03-21,2,hgb_clf,0.09913430247300073,60.0
2020-03-21,3,hgb_clf,0.10312470412371932,45.9
2020-03-22,1,logistic,0.09162016155813373,60.0
2020-03-22,2,logistic,0.121627026125629,45.9
2020-03-22,3,logistic,0.1479160664079897,29.6
2020-03-22,1,forest_clf,0.10161840796922457,60.0
2020-03-22,2,forest_clf,0.14751069747637569,45.9
2020-03-22,3,forest_clf,0.2139697161428771,29.6
2020-03-22,1,hgb_clf,0.08832207923947796,60.0
2020-03-22,2,hgb_clf,0.09607985579397413,45.9
2020-03-22,3,hgb_clf,0.1392854831354258,29.6
2020-03-23,1,logistic,0.09011182365050802,45.9
2020-03-23,2,logistic,0.08354685996456818,29.6
2020-03-23,3,logistic,0.12527953047712923,42.2
2020-03-23,1,forest_clf,0.04124134352011186,45.9
2020-03-23,2,forest_clf,0.11784181314192108,29.6
2020-03-23,3,forest_clf,0.20910955234678116,42.2
2020-03-23,1,hgb_clf,0.07423884283149836,45.9
2020-03-23,2,hgb_clf,0.08710057300105016,29.6
2020-03-23,3,hgb_clf,0.16177356408067503,42.2
2020-03-24,1,logistic,0.07026589469543218,29.6
2020-03-24,2,logistic,0.07203114707164394,42.2
2020-03-24,3,logistic,0.11176276773158572,25.2
2020-03-24,1,forest_clf,0.03457598192837906,29.6
2020-03-24,2,forest_clf,0.07808368322789525,42.2
2020-03-24,3,forest_clf,0.14391690265605434,25.2
2020-03-24,1,hgb_clf,0.06673199433102767,29.6
2020-03-24,2,hgb_clf,0.0723869866021584,42.2
2020-03-24,3,hgb_clf,0.08723630471413395,25.2
2020-03-25,1,logistic,0.05125385260373601,42.2
2020-03-25,2,logistic,0.05885257992843473,25.2
2020-03-25,3,logistic,0.1015895137925251,18.1
2020-03-25,1,forest_clf,0.026867672468182873,42.2
2020-03-25,2,forest_clf,0.06685914897448335,25.2
2020-03-25,3,forest_clf,0.10218697220760481,18.1
2020-03-25,1,hgb_clf,0.05067641419429004,42.2
2020-03-25,2,hgb_clf,0.05920409771803178,25.2
2020-03-25,3,hgb_clf,0.06962259616071113,18.1
2020-03-26,1,logistic,0.05787202237309335,25.2
2020-03-26,2,logistic,0.06689928976961393,18.1
2020-03-26,3,logistic,0.11065182981450168,24.5
2020-03-26,1,forest_clf,0.03201746106526238,25.2
2020-03-26,2,forest_clf,0.04605435268798298,18.1
2020-03-26,3,forest_clf,0.09525168271331746,24.5
2020-03-26,1,hgb_clf,0.05209364028119208,25.2
2020-03-26,2,hgb_clf,0.05755779943378777,18.1
2020-03-26,3,hgb_clf,0.03900804822121681,24.5
2020-03-27,1,logistic,0.041563690838537545,18.1
2020-03-27,2,logistic,0.050983966763141535,24.5
2020-03-27,3,logistic,0.09004384834796993,36.6
2020-03-27,1,forest_clf,0.017006460088912136,18.1
2020-03-27,2,forest_clf,0.038829208843860735,24.5
2020-03-27,3,forest_clf,0.10456268282852088,36.6
2020-03-27,1,hgb_clf,0.06770467990410237,18.1
2020-03-27,2,hgb_clf,0.06442990035973001,24.5
2020-03-27,3,hgb_clf,0.048640288411959595,36.6
2020-03-28,1,logistic,0.03623110957428721,24.5
2020-03-28,2,logistic,0.05624474768783744,36.6
2020-03-28,3,logistic,0.07424860355110473,31.5
2020-03-28,1,forest_clf,0.017416817014762463,24.5
2020-03-28,2,forest_clf,0.025089191763920188,36.6
2020-03-28,3,forest_clf,0.10209934654144238,31.5
2020-03-28,1,hgb_clf,0.06505682016174259,24.5
2020-03-28,2,hgb_clf,0.04967287466879653,36.6
2020-03-28,3,hgb_clf,0.04214819471145835,31.5
2020-03-29,1,logistic,0.03970679851531504,36.6
2020-03-29,2,logistic,0.06361945410258557,31.5
2020-03-29,3,logistic,0.08575885359338782,30.4
2020-03-29,1,forest_clf,0.01995156872775961,36.6
2020-03-29,2,forest_clf,0.024148104151391188,31.5
2020-03-29,3,forest_clf,0.1252888175922994,30.4
2020-03-29,1,hgb_clf,0.05928123035557251,36.6
2020-03-29,2,hgb_clf,0.04009662739989044,31.5
2020-03-29,3,hgb_clf,0.03900804822121681,30.4
2020-03-30,1,logistic,0.052047792948222774,31.5
2020-03-30,2,logistic,0.05243999643244179,30.4
2020-03-30,3,logistic,0.0776652487822028,23.9
2020-03-30,1,forest_clf,0.040796222767184795,31.5
2020-03-30,2,forest_clf,0.023797771790643348,30.4
2020-03-30,3,forest_clf,0.12119896521225255,23.9
2020-03-30,1,hgb_clf,0.05904701041958637,31.5
2020-03-30,2,hgb_clf,0.04009662739989044,30.4
2020-03-30,3,hgb_clf,0.043259476546473545,23.9
2020-03-31,1,logistic,0.04830546113691972,30.4
2020-03-31,2,logistic,0.050329244512980036,23.9
2020-03-31,3,logistic,0.07760602922376503,36.6
2020-03-31,1,forest_clf,0.025574047492090055,30.4
2020-03-31,2,forest_clf,0.023016671004137342,23.9
2020-03-31,3,forest_clf,0.12306394786423457,36.6
2020-03-31,1,hgb_clf,0.060047170487560864,30.4
2020-03-31,2,hgb_clf,0.043391862095681084,23.9
2020-03-31,3,hgb_clf,0.04081951857278052,36.6
2020-04-01,1,logistic,0.046895089617712875,23.9
2020-04-01,2,logistic,0.05212145256180012,36.6
2020-04-01,3,logistic,0.08475789166754912,37.4
2020-04-01,1,forest_clf,0.029683993128789606,23.9
2020-04-01,2,forest_clf,0.02332279345311693,36.6
2020-04-01,3,forest_clf,0.11669790772165178,37.4
2020-04-01,1,hgb_clf,0.05435254830908506,23.9
2020-04-01,2,hgb_clf,0.04009662739989044,36.6
2020-04-01,3,hgb_clf,0.04081951857278052,37.4
2020-04-02,1,logistic,0.041773702903631485,36.6
2020-04-02,2,logistic,0.050586205557344194,37.4
2020-04-02,3,logistic,0.08529240824245417,44.0
2020-04-02,1,forest_clf,0.01569892860351736,36.6
2020-04-02,2,forest_clf,0.022725404339918348,37.4
2020-04-02,3,forest_clf,0.12820108191869914,44.0
2020-04-02,1,hgb_clf,0.05401977620252118,36.6
2020-04-02,2,hgb_clf,0.04009662739989044,37.4
2020-04-02,3,hgb_clf,0.04081951857278052,44.0
2020-04-03,1,logistic,0.05003105899268754,37.4
2020-04-03,2,logistic,0.06148953664711118,44.0
2020-04-03,3,logistic,0.10426535972305537,51.0
2020-04-03,1,forest_clf,0.04889389701555276,37.4
2020-04-03,2,forest_clf,0.021844666329285688,44.0
2020-04-03,3,forest_clf,0.11680883445320553,51.0
2020-04-03,1,hgb_clf,0.061420298598335185,37.4
2020-04-03,2,hgb_clf,0.04009662739989044,44.0
2020-04-03,3,hgb_clf,0.0474938904330021,51.0
2020-04-04,1,logistic,0.05449215971582609,44.0
2020-04-04,2,logistic,0.08147183483203795,51.0
2020-04-04,3,logistic,0.10283883707468826,
2020-04-04,1,forest_clf,0.04173509744081105,44.0
2020-04-04,2,forest_clf,0.022701435075178376,51.0
2020-04-04,3,forest_clf,0.08213818783919838,
2020-04-04,1,hgb_clf,0.061216951258114605,44.0
2020-04-04,2,hgb_clf,0.03977679210314157,51.0
2020-04-04,3,hgb_clf,0.04795780042387347,
2020-04-05,1,logistic,0.0625431853306358,51.0
2020-04-05,2,logistic,0.09654522467437289,
2020-04-05,3,logistic,0.11792908892449126,33.2
2020-04-05,1,forest_clf,0.039157471602165324,51.0
2020-04-05,2,forest_clf,0.021519582169087254,
2020-04-05,3,forest_clf,0.07324840473787277,33.2
2020-04-05,1,hgb_clf,0.061420298598335185,51.0
2020-04-05,2,hgb_clf,0.03977679210314157,
2020-04-05,3,hgb_clf,0.0474938904330021,33.2
2020-04-06,1,logistic,0.07715176302153139,
2020-04-06,2,logistic,0.0798195105564853,33.2
2020-04-06,3,logistic,0.11012278797087109,35.8
2020-04-06,1,forest_clf,0.04080026499916583,
2020-04-06,2,forest_clf,0.02684390412347343,33.2
2020-04-06,3,forest_clf,0.0655967311107619,35.8
2020-04-06,1,hgb_clf,0.047765372344328774,
2020-04-06,2,hgb_clf,0.05013792216561745,33.2
2020-04-06,3,hgb_clf,0.04795780042387347,35.8
2020-04-07,1,logistic,,33.2
2020-04-07,2,logistic,,35.8
2020-04-07,3,logistic,,59.9
2020-04-07,1,forest_clf,,33.2
2020-04-07,2,forest_clf,,35.8
2020-04-07,3,forest_clf,,59.9
2020-04-07,1,hgb_clf,0.08115260074212664,33.2
2020-04-07,2,hgb_clf,0.06920660244613068,35.8
2020-04-07,3,hgb_clf,0.04596287851488275,59.9
2020-04-08,1,logistic,,35.8
2020-04-08,2,logistic,,59.9
2020-04-08,3,logistic,,44.8
2020-04-08,1,forest_clf,,35.8
2020-04-08,2,forest_clf,,59.9
2020-04-08,3,forest_clf,,44.8
2020-04-08,1,hgb_clf,0.05040764007842166,35.8
2020-04-08,2,hgb_clf,0.039163728928541634,59.9
2020-04-08,3,hgb_clf,0.037937950193579574,44.8
2020-04-09,1,logistic,,59.9
2020-04-09,2,logistic,,44.8
2020-04-09,3,logistic,,41.8
2020-04-09,1,forest_clf,,59.9
2020-04-09,2,forest_clf,,44.8
2020-04-09,3,forest_clf,,41.8
2020-04-09,1,hgb_clf,0.048111997144366286,59.9
2020-04-09,2,hgb_clf,0.039163728928541634,44.8
2020-04-09,3,hgb_clf,0.12192026267804747,41.8
2020-04-10,1,logistic,,44.8
2020-04-10,2,logistic,,41.8
2020-04-10,3,logistic,,60.6
2020-04-10,1,forest_clf,,44.8
2020-04-10,2,forest_clf,,41.8
2020-04-10,3,forest_clf,,60.6
2020-04-10,1,hgb_clf,0.04997615693706537,44.8
2020-04-10,2,hgb_clf,0.10915309706158234,41.8
2020-04-10,3,hgb_clf,0.09058653016942629,60.6
2020-04-11,1,logistic,0.06252408565055985,41.8
2020-04-11,2,logistic,0.07849526930059067,60.6
2020-04-11,3,logistic,0.08408702833189678,45.0
2020-04-11,1,forest_clf,0.043009184355333255,41.8
2020-04-11,2,forest_clf,0.02424434741046268,60.6
2020-04-11,3,forest_clf,0.08574366741359057,45.0
2020-04-11,1,hgb_clf,0.04996054493703295,41.8
2020-04-11,2,hgb_clf,0.039163728928541634,60.6
2020-04-11,3,hgb_clf,0.04778281583189633,45.0
2020-04-12,1,logistic,0.05892072844719198,60.6
2020-04-12,2,logistic,0.07976987581684016,45.0
2020-04-12,3,logistic,0.08440537236127532,49.6
2020-04-12,1,forest_clf,0.012947747731268418,60.6
2020-04-12,2,forest_clf,0.02683373227097019,45.0
2020-04-12,3,forest_clf,0.1157736967526996,49.6
2020-04-12,1,hgb_clf,0.0482740515853471,60.6
2020-04-12,2,hgb_clf,0.039163728928541634,45.0
2020-04-12,3,hgb_clf,0.18546083945938696,49.6
2020-04-13,1,logistic,0.08520392526816221,45.0
2020-04-13,2,logistic,0.07439192939147438,49.6
2020-04-13,3,logistic,0.08897757525576083,65.1
2020-04-13,1,forest_clf,0.0576462324461775,45.0
2020-04-13,2,forest_clf,0.07970456196130243,49.6
2020-04-13,3,forest_clf,0.09825213672809273,65.1
2020-04-13,1,hgb_clf,0.05956346398749274,45.0
2020-04-13,2,hgb_clf,0.10571256007505073,49.6
2020-04-13,3,hgb_clf,0.11004891235185593,65.1
2020-04-14,1,logistic,,49.6
2020-04-14,2,logistic,,65.1
2020-04-14,3,logistic,,23.7
2020-04-14,1,forest_clf,,49.6
2020-04-14,2,forest_clf,,65.1
2020-04-14,3,forest_clf,,23.7
2020-04-14,1,hgb_clf,0.07243325336472344,49.6
2020-04-14,2,hgb_clf,0.05405214247385792,65.1
2020-04-14,3,hgb_clf,0.08706503860469898,23.7
2020-04-15,1,logistic,0.08331285673742754,65.1
2020-04-15,2,logistic,0.09322102289440837,23.7
2020-04-15,3,logistic,0.12279035037283968,27.8
2020-04-15,1,forest_clf,0.03148295824643062,65.1
2020-04-15,2,forest_clf,0.05087510006235897,23.7
2020-04-15,3,forest_clf,0.10867089220151818,27.8
2020-04-15,1,hgb_clf,0.09714685966204036,65.1
2020-04-15,2,hgb_clf,0.07175378316355428,23.7
2020-04-15,3,hgb_clf,0.18239987327419255,27.8
2020-04-16,1,logistic,0.10588823952583779,23.7
2020-04-16,2,logistic,0.11840769411337043,27.8
2020-04-16,3,logistic,0.15720340575651479,32.6
2020-04-16,1,forest_clf,0.09028294568255714,23.7
2020-04-16,2,forest_clf,0.09980551790198793,27.8
2020-04-16,3,forest_clf,0.03800209569140365,32.6
2020-04-16,1,hgb_clf,0.12871633239316319,23.7
2020-04-16,2,hgb_clf,0.1219660081867375,27.8
2020-04-16,3,hgb_clf,0.0908688836974741,32.6
2020-04-17,1,logistic,0.05266067976487632,27.8
2020-04-17,2,logistic,0.06721835959148635,32.6
2020-04-17,3,logistic,0.0983658682523092,38.1
2020-04-17,1,forest_clf,0.026196309041615455,27.8
2020-04-17,2,forest_clf,0.030887946752390764,32.6
2020-04-17,3,forest_clf,0.03231899403493094,38.1
2020-04-17,1,hgb_clf,0.07903473135370923,27.8
2020-04-17,2,hgb_clf,0.04985904765731165,32.6
2020-04-17,3,hgb_clf,0.07944790615743857,38.1
2020-04-18,1,logistic,0.0537470399679133,32.6
2020-04-18,2,logistic,0.0866914553938034,38.1
2020-04-18,3,logistic,0.09205091385027381,33.7
2020-04-18,1,forest_clf,0.019578661033600613,32.6
2020-04-18,2,forest_clf,0.03197062014716769,38.1
2020-04-18,3,forest_clf,0.041604150728817346,33.7
2020-04-18,1,hgb_clf,0.0741115019230778,32.6
2020-04-18,2,hgb_clf,0.0482594726298703,38.1
2020-04-18,3,hgb_clf,0.09365419206522772,33.7
2020-04-19,1,logistic,0.059060209257762834,38.1
2020-04-19,2,logistic,0.09483002876633725,33.7
2020-04-19,3,logistic,0.11103111732208026,49.7
2020-04-19,1,forest_clf,0.024927735592069063,38.1
2020-04-19,2,forest_clf,0.06326073763950006,33.7
2020-04-19,3,forest_clf,0.025525652009672255,49.7
2020-04-19,1,hgb_clf,0.07421055367220122,38.1
2020-04-19,2,hgb_clf,0.09617346651769276,33.7
2020-04-19,3,hgb_clf,0.07672671652579774,49.7
2020-04-20,1,logistic,0.07458078695205576,33.7
2020-04-20,2,logistic,0.07902018771649075,49.7
2020-04-20,3,logistic,0.09497547718668886,47.7
2020-04-20,1,forest_clf,0.025089323170298775,33.7
2020-04-20,2,forest_clf,0.02637253179427461,49.7
2020-04-20,3,forest_clf,0.03218246574379742,47.7
2020-04-20,1,hgb_clf,0.07359204424810428,33.7
2020-04-20,2,hgb_clf,0.04985904765731165,49.7
2020-04-20,3,hgb_clf,0.0852722885773973,47.7
2020-04-21,1,logistic,0.06706998870509956,49.7
2020-04-21,2,logistic,0.07259547478989287,47.7
2020-04-21,3,logistic,0.09283966505619216,52.5
2020-04-21,1,forest_clf,0.016105541971271942,49.7
2020-04-21,2,forest_clf,0.03584315085021893,47.7
2020-04-21,3,forest_clf,0.05140370057714641,52.5
2020-04-21,1,hgb_clf,0.07372391882002463,49.7
2020-04-21,2,hgb_clf,0.05141716197106568,47.7
2020-04-21,3,hgb_clf,0.07444107165351331,52.5
2020-04-22,1,logistic,0.08896387782243065,47.7
2020-04-22,2,logistic,0.10078314787517062,52.5
2020-04-22,3,logistic,0.12392143356262986,
2020-04-22,1,forest_clf,0.04074948641458336,47.7
2020-04-22,2,forest_clf,0.03226497884081198,52.5
2020-04-22,3,forest_clf,0.048888184053673275,
2020-04-22,1,hgb_clf,0.07811914154525977,47.7
2020-04-22,2,hgb_clf,0.056855836755207494,52.5
2020-04-22,3,hgb_clf,0.07674459225252793,
2020-04-23,1,logistic,0.08643131307573267,52.5
2020-04-23,2,logistic,0.10010894925664014,
2020-04-23,3,logistic,0.12391362319028196,41.3
2020-04-23,1,forest_clf,0.025226803862065092,52.5
2020-04-23,2,forest_clf,0.030984356986226452,
2020-04-23,3,forest_clf,0.04485313704505122,41.3
2020-04-23,1,hgb_clf,0.0741600829447194,52.5
2020-04-23,2,hgb_clf,0.06302409515760904,
2020-04-23,3,hgb_clf,0.07782654187900943,41.3
2020-04-24,1,logistic,0.0919241829449157,
2020-04-24,2,logistic,0.1058726495567545,41.3
2020-04-24,3,logistic,0.13822739789375607,27.3
2020-04-24,1,forest_clf,0.03896265772439746,
2020-04-24,2,forest_clf,0.05076959691697349,41.3
2020-04-24,3,forest_clf,0.09345406926773743,27.3
2020-04-24,1,hgb_clf,0.10884809848975174,
2020-04-24,2,hgb_clf,0.07327813833729245,41.3
2020-04-24,3,hgb_clf,0.10436401943345881,27.3
2020-04-25,1,logistic,,41.3
2020-04-25,2,logistic,,27.3
2020-04-25,3,logistic,,36.9
2020-04-25,1,forest_clf,,41.3
2020-04-25,2,forest_clf,,27.3
2020-04-25,3,forest_clf,,36.9
2020-04-25,1,hgb_clf,0.18699567650359067,41.3
2020-04-25,2,hgb_clf,0.08967014724812779,27.3
2020-04-25,3,hgb_clf,0.08802520327377396,36.9
2020-04-26,1,logistic,,27.3
2020-04-26,2,logistic,,36.9
2020-04-26,3,logistic,,53.2
2020-04-26,1,forest_clf,,27.3
2020-04-26,2,forest_clf,,36.9
2020-04-26,3,forest_clf,,53.2
2020-04-26,1,hgb_clf,0.08202897529145693,27.3
2020-04-26,2,hgb_clf,0.045989565912487436,36.9
2020-04-26,3,hgb_clf,0.09459102112549703,53.2
2020-04-27,1,logistic,,36.9
2020-04-27,2,logistic,,53.2
2020-04-27,3,logistic,,52.0
2020-04-27,1,forest_clf,,36.9
2020-04-27,2,forest_clf,,53.2
2020-04-27,3,forest_clf,,52.0
2020-04-27,1,hgb_clf,0.07801531247656619,36.9
2020-04-27,2,hgb_clf,0.045989565912487436,53.2
2020-04-27,3,hgb_clf,0.16516791929752395,52.0
2020-04-28,1,logistic,,53.2
2020-04-28,2,logistic,,52.0
2020-04-28,3,logistic,,56.6
2020-04-28,1,forest_clf,,53.2
2020-04-28,2,forest_clf,,52.0
2020-04-28,3,forest_clf,,56.6
2020-04-28,1,hgb_clf,0.08327267620983156,53.2
2020-04-28,2,hgb_clf,0.10612696598932622,52.0
2020-04-28,3,hgb_clf,0.1266787465666806,56.6
2020-04-29,1,logistic,0.07907193094783571,52.0
2020-04-29,2,logistic,0.06887063759856381,56.6
2020-04-29,3,logistic,0.07894461550009782,35.8
2020-04-29,1,forest_clf,0.048712650181156975,52.0
2020-04-29,2,forest_clf,0.047184132755019884,56.6
2020-04-29,3,forest_clf,0.05426646541663935,35.8
2020-04-29,1,hgb_clf,0.07709356783125862,52.0
2020-04-29,2,hgb_clf,0.05669053626235952,56.6
2020-04-29,3,hgb_clf,0.10838039034190969,35.8
2020-04-30,1,logistic,0.07882432012696296,56.6
2020-04-30,2,logistic,0.0689943040228594,35.8
2020-04-30,3,logistic,0.08002923243264969,33.7
2020-04-30,1,forest_clf,0.037131013273172676,56.6
2020-04-30,2,forest_clf,0.03866152164145354,35.8
2020-04-30,3,forest_clf,0.055955550167641886,33.7
2020-04-30,1,hgb_clf,0.07709356783125862,56.6
2020-04-30,2,hgb_clf,0.06429694393812121,35.8
2020-04-30,3,hgb_clf,0.0869194750609564,33.7
2020-05-01,1,logistic,0.08797240253536374,35.8
2020-05-01,2,logistic,0.08070337131062322,33.7
2020-05-01,3,logistic,0.09425567032899262,26.5
2020-05-01,1,forest_clf,0.032855324637423106,35.8
2020-05-01,2,forest_clf,0.08459357477631578,33.7
2020-05-01,3,forest_clf,0.08243239644697668,26.5
2020-05-01,1,hgb_clf,0.10884809848975174,35.8
2020-05-01,2,hgb_clf,0.07555567856958363,33.7
2020-05-01,3,hgb_clf,0.10383612236297877,26.5
2020-05-02,1,logistic,,33.7
2020-05-02,2,logistic,,26.5
2020-05-02,3,logistic,,44.1
2020-05-02,1,forest_clf,,33.7
2020-05-02,2,forest_clf,,26.5
2020-05-02,3,forest_clf,,44.1
2020-05-02,1,hgb_clf,0.07583098477591405,33.7
2020-05-02,2,hgb_clf,0.07758698814715817,26.5
2020-05-02,3,hgb_clf,0.09676389102579079,44.1
2020-05-03,1,logistic,0.05885917634525975,26.5
2020-05-03,2,logistic,0.08020842738413345,44.1
2020-05-03,3,logistic,0.08146282489456333,53.6
2020-05-03,1,forest_clf,0.012937098531312379,26.5
2020-05-03,2,forest_clf,0.043632970480114566,44.1
2020-05-03,3,forest_clf,0.03729897237756197,53.6
2020-05-03,1,hgb_clf,0.09877841875812797,26.5
2020-05-03,2,hgb_clf,0.07420587568090066,44.1
2020-05-03,3,hgb_clf,0.09816514292096391,53.6
2020-05-04,1,logistic,0.05419119217952812,44.1
2020-05-04,2,logistic,0.04731258853424287,53.6
2020-05-04,3,logistic,0.06066841268777173,
2020-05-04,1,forest_clf,0.015954172011212655,44.1
2020-05-04,2,forest_clf,0.04007969512009467,53.6
2020-05-04,3,forest_clf,0.03835096855754455,
2020-05-04,1,hgb_clf,0.09877841875812797,44.1
2020-05-04,2,hgb_clf,0.07509538390102469,53.6
2020-05-04,3,hgb_clf,0.09816514292096391,
2020-05-05,1,logistic,0.07621394877706274,53.6
2020-05-05,2,logistic,0.06932690687376293,
2020-05-05,3,logistic,0.08305061742278726,44.3
2020-05-05,1,forest_clf,0.04794628996749739,53.6
2020-05-05,2,forest_clf,0.04036388990680925,
2020-05-05,3,forest_clf,0.029038513434001465,44.3
2020-05-05,1,hgb_clf,0.09810438659414408,53.6
2020-05-05,2,hgb_clf,0.07509538390102469,
2020-05-05,3,hgb_clf,0.12195860927713721,44.3
2020-05-06,1,logistic,0.09205110285632954,
2020-05-06,2,logistic,0.08555509486170478,44.3
2020-05-06,3,logistic,0.10054651650766479,54.7
2020-05-06,1,forest_clf,0.0354278780982355,
2020-05-06,2,forest_clf,0.049132698828014146,44.3
2020-05-06,3,forest_clf,0.06834227888927838,54.7
2020-05-06,1,hgb_clf,0.09684400241496838,
2020-05-06,2,hgb_clf,0.09191626715490905,44.3
2020-05-06,3,hgb_clf,0.12818355581294644,54.7
2020-05-07,1,logistic,,44.3
2020-05-07,2,logistic,,54.7
2020-05-07,3,logistic,,43.9
2020-05-07,1,forest_clf,,44.3
2020-05-07,2,forest_clf,,54.7
2020-05-07,3,forest_clf,,43.9
2020-05-07,1,hgb_clf,0.09847014628865408,44.3
2020-05-07,2,hgb_clf,0.11705737165412514,54.7
2020-05-07,3,hgb_clf,0.07864091513694131,43.9
2020-05-08,1,logistic,,54.7
2020-05-08,2,logistic,,43.9
2020-05-08,3,logistic,,44.4
2020-05-08,1,forest_clf,,54.7
2020-05-08,2,forest_clf,,43.9
2020-05-08,3,forest_clf,,44.4
2020-05-08,1,hgb_clf,0.06459756085315758,54.7
2020-05-08,2,hgb_clf,0.06680400323478027,43.9
2020-05-08,3,hgb_clf,0.07318757670045774,44.4
2020-05-09,1,logistic,,43.9
2020-05-09,2,logistic,,44.4
2020-05-09,3,logistic,,
2020-05-09,1,forest_clf,,43.9
2020-05-09,2,forest_clf,,44.4
2020-05-09,3,forest_clf,,
2020-05-09,1,hgb_clf,0.053031978950690103,43.9
2020-05-09,2,hgb_clf,0.07512630374301488,44.4
2020-05-09,3,hgb_clf,0.23690668167000972,
2020-05-10,1,logistic,,44.4
2020-05-10,2,logistic,,
2020-05-10,3,logistic,,64.4
2020-05-10,1,forest_clf,,44.4
2020-05-10,2,forest_clf,,
2020-05-10,3,forest_clf,,64.4
2020-05-10,1,hgb_clf,0.057185627796754464,44.4
2020-05-10,2,hgb_clf,0.16741468932105846,
2020-05-10,3,hgb_clf,0.10789268550303391,64.4
2020-05-11,1,logistic,0.06067438997750739,
2020-05-11,2,logistic,0.03400883107606747,64.4
2020-05-11,3,logistic,0.03870823368932293,44.6
2020-05-11,1,forest_clf,0.010621780988408712,
2020-05-11,2,forest_clf,0.028179656976869073,64.4
2020-05-11,3,forest_clf,0.08059418544448475,44.6
2020-05-11,1,hgb_clf,0.053031978950690103,
2020-05-11,2,hgb_clf,0.06680400323478027,64.4
2020-05-11,3,hgb_clf,0.07950956574802406,44.6
2020-05-12,1,logistic,,64.4
2020-05-12,2,logistic,,44.6
2020-05-12,3,logistic,,
2020-05-12,1,forest_clf,,64.4
2020-05-12,2,forest_clf,,44.6
2020-05-12,3,forest_clf,,
2020-05-12,1,hgb_clf,0.09847014628865408,64.4
2020-05-12,2,hgb_clf,0.1185084346140591,44.6
2020-05-12,3,hgb_clf,0.0693444717445981,
2020-05-13,1,logistic,,44.6
2020-05-13,2,logistic,,
2020-05-13,3,logistic,,74.8
2020-05-13,1,forest_clf,,44.6
2020-05-13,2,forest_clf,,
2020-05-13,3,forest_clf,,74.8
2020-05-13,1,hgb_clf,0.11446193792397616,44.6
2020-05-13,2,hgb_clf,0.100953299892916,
2020-05-13,3,hgb_clf,0.08931255450200722,74.8
2020-05-14,1,logistic,,
2020-05-14,2,logistic,,74.8
2020-05-14,3,logistic,,89.9
2020-05-14,1,forest_clf,,
2020-05-14,2,forest_clf,,74.8
2020-05-14,3,forest_clf,,89.9
2020-05-14,1,hgb_clf,0.0730946497909535,
2020-05-14,2,hgb_clf,0.08513125507570948,74.8
2020-05-14,3,hgb_clf,0.1856964836727593,89.9
2020-05-15,1,logistic,,74.8
2020-05-15,2,logistic,,89.9
2020-05-15,3,logistic,,88.8
2020-05-15,1,forest_clf,,74.8
2020-05-15,2,forest_clf,,89.9
2020-05-15,3,forest_clf,,88.8
2020-05-15,1,hgb_clf,0.1389328915298157,74.8
2020-05-15,2,hgb_clf,0.29865260044213826,89.9
2020-05-15,3,hgb_clf,0.30734263014803315,88.8
2020-05-16,1,logistic,,89.9
2020-05-16,2,logistic,,88.8
2020-05-16,3,logistic,,92.6
2020-05-16,1,forest_clf,,89.9
2020-05-16,2,forest_clf,,88.8
2020-05-16,3,forest_clf,,92.6
2020-05-16,1,hgb_clf,0.1660517400231843,89.9
2020-05-16,2,hgb_clf,0.3208391762411527,88.8
2020-05-16,3,hgb_clf,0.09967328627781377,92.6
2020-05-17,1,logistic,,88.8
2020-05-17,2,logistic,,92.6
2020-05-17,3,logistic,,58.0
2020-05-17,1,forest_clf,,88.8
2020-05-17,2,forest_clf,,92.6
2020-05-17,3,forest_clf,,58.0
2020-05-17,1,hgb_clf,0.13819234403225478,88.8
2020-05-17,2,hgb_clf,0.17629470662931673,92.6
2020-05-17,3,hgb_clf,0.2749646620288993,58.0
2020-05-18,1,logistic,,92.6
2020-05-18,2,logistic,,58.0
2020-05-18,3,logistic,,42.8
2020-05-18,1,forest_clf,,92.6
2020-05-18,2,forest_clf,,58.0
2020-05-18,3,forest_clf,,42.8
2020-05-18,1,hgb_clf,0.21212998107823408,92.6
2020-05-18,2,hgb_clf,0.37872039766411475,58.0
2020-05-18,3,hgb_clf,0.3044575150846829,42.8
2020-05-19,1,logistic,,58.0
2020-05-19,2,logistic,,42.8
2020-05-19,3,logistic,,68.6
2020-05-19,1,forest_clf,,58.0
2020-05-19,2,forest_clf,,42.8
2020-05-19,3,forest_clf,,68.6
2020-05-19,1,hgb_clf,0.22018249366177647,58.0
2020-05-19,2,hgb_clf,0.3087086833600072,42.8
2020-05-19,3,hgb_clf,0.19202452746138102,68.6
2020-05-20,1,logistic,0.06726212575173597,42.8
2020-05-20,2,logistic,0.03322290731978667,68.6
2020-05-20,3,logistic,0.03905863631310732,60.1
2020-05-20,1,forest_clf,0.07501745709634475,42.8
2020-05-20,2,forest_clf,0.12675011828161792,68.6
2020-05-20,3,forest_clf,0.16719416163530051,60.1
2020-05-20,1,hgb_clf,0.1463948801113939,42.8
2020-05-20,2,hgb_clf,0.19008333642821873,68.6
2020-05-20,3,hgb_clf,0.23827647539401484,60.1
2020-05-21,1,logistic,0.043089033738547326,68.6
2020-05-21,2,logistic,0.023975516418103967,60.1
2020-05-21,3,logistic,0.03170707211069975,46.5
2020-05-21,1,forest_clf,0.031701664528725436,68.6
2020-05-21,2,forest_clf,0.08332831702786413,60.1
2020-05-21,3,forest_clf,0.10707315952272721,46.5
2020-05-21,1,hgb_clf,0.10860736836953148,68.6
2020-05-21,2,hgb_clf,0.16060073908975595,60.1
2020-05-21,3,hgb_clf,0.20510422949717372,46.5
2020-05-22,1,logistic,,60.1
2020-05-22,2,logistic,,46.5
2020-05-22,3,logistic,,61.0
2020-05-22,1,forest_clf,,60.1
2020-05-22,2,forest_clf,,46.5
2020-05-22,3,forest_clf,,61.0
2020-05-22,1,hgb_clf,0.1697122744712456,60.1
2020-05-22,2,hgb_clf,0.23892819944611676,46.5
2020-05-22,3,hgb_clf,0.1626776095785826,61.0
2020-05-23,1,logistic,0.08182868950173869,46.5
2020-05-23,2,logistic,0.07054925237962396,61.0
2020-05-23,3,logistic,0.06587551631688365,57.5
2020-05-23,1,forest_clf,0.021404755296698177,46.5
2020-05-23,2,forest_clf,0.0670370252099311,61.0
2020-05-23,3,forest_clf,0.10366551214762881,57.5
2020-05-23,1,hgb_clf,0.15101796341273033,46.5
2020-05-23,2,hgb_clf,0.11499864748962921,61.0
2020-05-23,3,hgb_clf,0.07906672338691799,57.5
2020-05-24,1,logistic,0.06142114821715875,61.0
2020-05-24,2,logistic,0.05944049336731975,57.5
2020-05-24,3,logistic,0.05461586781849985,
2020-05-24,1,forest_clf,0.009956143640831555,61.0
2020-05-24,2,forest_clf,0.0519896621217609,57.5
2020-05-24,3,forest_clf,0.09481254573504455,
2020-05-24,1,hgb_clf,0.11500422888414603,61.0
2020-05-24,2,hgb_clf,0.19401599987830898,57.5
2020-05-24,3,hgb_clf,0.19642124397025446,
2020-05-25,1,logistic,0.0870409849519269,57.5
2020-05-25,2,logistic,0.04407314149778009,
2020-05-25,3,logistic,0.046931840221886345,37.1
2020-05-25,1,forest_clf,0.04164390492122506,57.5
2020-05-25,2,forest_clf,0.09472834161020695,
2020-05-25,3,forest_clf,0.08327721483779653,37.1
2020-05-25,1,hgb_clf,0.1633353187083634,57.5
2020-05-25,2,hgb_clf,0.32607413098755506,
2020-05-25,3,hgb_clf,0.17115685440735862,37.1
2020-05-26,1,logistic,0.07905306560784181,
2020-05-26,2,logistic,0.04115850592020624,37.1
2020-05-26,3,logistic,0.044982918399739356,23.5
2020-05-26,1,forest_clf,0.02433135323970708,
2020-05-26,2,forest_clf,0.07724644083629421,37.1
2020-05-26,3,forest_clf,0.0786955680768861,23.5
2020-05-26,1,hgb_clf,0.15016322878190247,
2020-05-26,2,hgb_clf,0.291747391502548,37.1
2020-05-26,3,hgb_clf,0.1008903472068952,23.5
2020-05-27,1,logistic,,37.1
2020-05-27,2,logistic,,23.5
2020-05-27,3,logistic,,
2020-05-27,1,forest_clf,,37.1
2020-05-27,2,forest_clf,,23.5
2020-05-27,3,forest_clf,,
2020-05-27,1,hgb_clf,0.20118562936941797,37.1
2020-05-27,2,hgb_clf,0.13739331138789967,23.5
2020-05-27,3,hgb_clf,0.16590260162352857,
2020-05-28,1,logistic,,23.5
2020-05-28,2,logistic,,
2020-05-28,3,logistic,,20.9
2020-05-28,1,forest_clf,,23.5
2020-05-28,2,forest_clf,,
2020-05-28,3,forest_clf,,20.9
2020-05-28,1,hgb_clf,0.07538141148154369,23.5
2020-05-28,2,hgb_clf,0.10924730234654273,
2020-05-28,3,hgb_clf,0.07077061482752468,20.9
2020-05-29,1,logistic,,
2020-05-29,2,logistic,,20.9
2020-05-29,3,logistic,,37.2
2020-05-29,1,forest_clf,,
2020-05-29,2,forest_clf,,20.9
2020-05-29,3,forest_clf,,37.2
2020-05-29,1,hgb_clf,0.05584983175368379,
2020-05-29,2,hgb_clf,0.07504422227789305,20.9
2020-05-29,3,hgb_clf,0.18321437001178498,37.2
2020-05-30,1,logistic,,20.9
2020-05-30,2,logistic,,37.2
2020-05-30,3,logistic,,42.1
2020-05-30,1,forest_clf,,20.9
2020-05-30,2,forest_clf,,37.2
2020-05-30,3,forest_clf,,42.1
2020-05-30,1,hgb_clf,0.11423240801450558,20.9
2020-05-30,2,hgb_clf,0.16823113721146973,37.2
2020-05-30,3,hgb_clf,0.11752660516500575,42.1
2020-05-31,1,logistic,,37.2
2020-05-31,2,logistic,,42.1
2020-05-31,3,logistic,,47.3
2020-05-31,1,forest_clf,,37.2
2020-05-31,2,forest_clf,,42.1
2020-05-31,3,forest_clf,,47.3
2020-05-31,1,hgb_clf,0.05306774971156338,37.2
2020-05-31,2,hgb_clf,0.05253006661915177,42.1
2020-05-31,3,hgb_clf,0.06337559454900689,47.3
2020-06-01,1,logistic,,42.1
2020-06-01,2,logistic,,47.3
2020-06-01,3,logistic,,65.8
2020-06-01,1,forest_clf,,42.1
2020-06-01,2,forest_clf,,47.3
2020-06-01,3,forest_clf,,65.8
2020-06-01,1,hgb_clf,0.05084065424494822,42.1
2020-06-01,2,hgb_clf,0.054987483432713674,47.3
2020-06-01,3,hgb_clf,0.15823097259163904,65.8
2020-06-02,1,logistic,,47.3
2020-06-02,2,logistic,,65.8
2020-06-02,3,logistic,,34.4
2020-06-02,1,forest_clf,,47.3
2020-06-02,2,forest_clf,,65.8
2020-06-02,3,forest_clf,,34.4
2020-06-02,1,hgb_clf,0.057475220446133256,47.3
2020-06-02,2,hgb_clf,0.1473731433381019,65.8
2020-06-02,3,hgb_clf,0.09612011401197619,34.4
2020-06-03,1,logistic,,65.8
2020-06-03,2,logistic,,34.4
2020-06-03,3,logistic,,
2020-06-03,1,forest_clf,,65.8
2020-06-03,2,forest_clf,,34.4
2020-06-03,3,forest_clf,,
2020-06-03,1,hgb_clf,0.053362461650012585,65.8
2020-06-03,2,hgb_clf,0.06646909928260089,34.4
2020-06-03,3,hgb_clf,0.05729693256805585,
2020-06-04,1,logistic,0.05542755518081295,34.4
2020-06-04,2,logistic,0.023201975100611772,
2020-06-04,3,logistic,0.029338674104367708,
2020-06-04,1,forest_clf,0.059344922101677404,34.4
2020-06-04,2,forest_clf,0.057976726104416676,
2020-06-04,3,forest_clf,0.015141586932889993,
2020-06-04,1,hgb_clf,0.09592056229402755,34.4
2020-06-04,2,hgb_clf,0.07483403805437981,
2020-06-04,3,hgb_clf,0.08123799420686788,
2020-06-05,1,logistic,0.029608099224688295,
2020-06-05,2,logistic,0.014553395021209108,
2020-06-05,3,logistic,0.02188503359826845,39.0
2020-06-05,1,forest_clf,0.030554386834697654,
2020-06-05,2,forest_clf,0.017721007056435166,
2020-06-05,3,forest_clf,0.028613399085363464,39.0
2020-06-05,1,hgb_clf,0.054663954681779085,
2020-06-05,2,hgb_clf,0.049601250624357836,
2020-06-05,3,hgb_clf,0.07896186482390821,39.0
2020-06-06,1,logistic,,
2020-06-06,2,logistic,,39.0
2020-06-06,3,logistic,,57.2
2020-06-06,1,forest_clf,,
2020-06-06,2,forest_clf,,39.0
2020-06-06,3,forest_clf,,57.2
2020-06-06,1,hgb_clf,0.1409115155402525,
2020-06-06,2,hgb_clf,0.08610910703370216,39.0
2020-06-06,3,hgb_clf,0.16091327061565178,57.2
2020-06-07,1,logistic,,39.0
2020-06-07,2,logistic,,57.2
2020-06-07,3,logistic,,48.3
2020-06-07,1,forest_clf,,39.0
2020-06-07,2,forest_clf,,57.2
2020-06-07,3,forest_clf,,48.3
2020-06-07,1,hgb_clf,0.13900065969419975,39.0
2020-06-07,2,hgb_clf,0.19559966093126238,57.2
2020-06-07,3,hgb_clf,0.07109337306836717,48.3
2020-06-08,1,logistic,,57.2
2020-06-08,2,logistic,,48.3
2020-06-08,3,logistic,,45.0
2020-06-08,1,forest_clf,,57.2
2020-06-08,2,forest_clf,,48.3
2020-06-08,3,forest_clf,,45.0
2020-06-08,1,hgb_clf,0.06423143743763224,57.2
2020-06-08,2,hgb_clf,0.07563966773568692,48.3
2020-06-08,3,hgb_clf,0.1638984658983513,45.0
2020-06-09,1,logistic,,48.3
2020-06-09,2,logistic,,45.0
2020-06-09,3,logistic,,61.1
2020-06-09,1,forest_clf,,48.3
2020-06-09,2,forest_clf,,45.0
2020-06-09,3,forest_clf,,61.1
2020-06-09,1,hgb_clf,0.05716395165176988,48.3
2020-06-09,2,hgb_clf,0.17356130820370075,45.0
2020-06-09,3,hgb_clf,0.2528234646880414,61.1
2020-06-10,1,logistic,,45.0
2020-06-10,2,logistic,,61.1
2020-06-10,3,logistic,,46.2
2020-06-10,1,forest_clf,,45.0
2020-06-10,2,forest_clf,,61.1
2020-06-10,3,forest_clf,,46.2
2020-06-10,1,hgb_clf,0.06047524390891768,45.0
2020-06-10,2,hgb_clf,0.1740974492118739,61.1
2020-06-10,3,hgb_clf,0.10503476120894716,46.2
2020-06-11,1,logistic,0.031920707261115185,61.1
2020-06-11,2,logistic,0.011550600113979006,46.2
2020-06-11,3,logistic,0.013922049522778564,61.8
2020-06-11,1,forest_clf,0.002526837479331916,61.1
2020-06-11,2,forest_clf,0.009571014923698244,46.2
2020-06-11,3,forest_clf,0.0033999371826562296,61.8
2020-06-11,1,hgb_clf,0.07719947346877237,61.1
2020-06-11,2,hgb_clf,0.08273706857823679,46.2
2020-06-11,3,hgb_clf,0.07296715489541578,61.8
2020-06-12,1,logistic,0.038684334367565805,46.2
2020-06-12,2,logistic,0.013829381931357031,61.8
2020-06-12,3,logistic,0.018543389174671198,47.0
2020-06-12,1,forest_clf,0.05303677026141504,46.2
2020-06-12,2,forest_clf,0.04425628157031295,61.8
2020-06-12,3,forest_clf,0.012176595852773411,47.0
2020-06-12,1,hgb_clf,0.10378437696562884,46.2
2020-06-12,2,hgb_clf,0.08222387537231872,61.8
2020-06-12,3,hgb_clf,0.08264067798112902,47.0
2020-06-13,1,logistic,,61.8
2020-06-13,2,logistic,,47.0
2020-06-13,3,logistic,,
2020-06-13,1,forest_clf,,61.8
2020-06-13,2,forest_clf,,47.0
2020-06-13,3,forest_clf,,
2020-06-13,1,hgb_clf,0.08903532002989288,61.8
2020-06-13,2,hgb_clf,0.08199561833562784,47.0
2020-06-13,3,hgb_clf,0.06530271420304931,
2020-06-14,1,logistic,,47.0
2020-06-14,2,logistic,,
2020-06-14,3,logistic,,27.2
2020-06-14,1,forest_clf,,47.0
2020-06-14,2,forest_clf,,
2020-06-14,3,forest_clf,,27.2
2020-06-14,1,hgb_clf,0.09565156222101301,47.0
2020-06-14,2,hgb_clf,0.08191954829528857,
2020-06-14,3,hgb_clf,0.12938391331819715,27.2
2020-06-15,1,logistic,0.054612612451693535,
2020-06-15,2,logistic,0.024914873062311146,27.2
2020-06-15,3,logistic,0.03256955123045741,35.8
2020-06-15,1,forest_clf,0.012931878547643409,
2020-06-15,2,forest_clf,0.02689660340454085,27.2
2020-06-15,3,forest_clf,0.019215715891763244,35.8
2020-06-15,1,hgb_clf,0.09036457768411754,
2020-06-15,2,hgb_clf,0.13374629398757257,27.2
2020-06-15,3,hgb_clf,0.07254541776068871,35.8
2020-06-16,1,logistic,,27.2
2020-06-16,2,logistic,,35.8
2020-06-16,3,logistic,,61.2
2020-06-16,1,forest_clf,,27.2
2020-06-16,2,forest_clf,,35.8
2020-06-16,3,forest_clf,,61.2
2020-06-16,1,hgb_clf,0.13327764079786958,27.2
2020-06-16,2,hgb_clf,0.07035567876981089,35.8
2020-06-16,3,hgb_clf,0.12420057624095956,61.2
2020-06-17,1,logistic,,35.8
2020-06-17,2,logistic,,61.2
2020-06-17,3,logistic,,36.0
2020-06-17,1,forest_clf,,35.8
2020-06-17,2,forest_clf,,61.2
2020-06-17,3,forest_clf,,36.0
2020-06-17,1,hgb_clf,0.04018830090742129,35.8
2020-06-17,2,hgb_clf,0.06033930923373242,61.2
2020-06-17,3,hgb_clf,0.05231756897646092,36.0
2020-06-18,1,logistic,,61.2
2020-06-18,2,logistic,,36.0
2020-06-18,3,logistic,,39.5
2020-06-18,1,forest_clf,,61.2
2020-06-18,2,forest_clf,,36.0
2020-06-18,3,forest_clf,,39.5
2020-06-18,1,hgb_clf,0.03792916170976063,61.2
2020-06-18,2,hgb_clf,0.03672482973793442,36.0
2020-06-18,3,hgb_clf,0.13627872412960773,39.5
2020-06-19,1,logistic,,36.0
2020-06-19,2,logistic,,39.5
2020-06-19,3,logistic,,40.4
2020-06-19,1,forest_clf,,36.0
2020-06-19,2,forest_clf,,39.5
2020-06-19,3,forest_clf,,40.4
2020-06-19,1,hgb_clf,0.05294506016156022,36.0
2020-06-19,2,hgb_clf,0.11934646656490448,39.5
2020-06-19,3,hgb_clf,0.07600281860777934,40.4
2020-06-20,1,logistic,0.03182066996034611,39.5
2020-06-20,2,logistic,0.020713354700733745,40.4
2020-06-20,3,logistic,0.02122486908028584,26.4
2020-06-20,1,forest_clf,0.006295846979955447,39.5
2020-06-20,2,forest_clf,0.004377948526048845,40.4
2020-06-20,3,forest_clf,0.015210397354966121,26.4
2020-06-20,1,hgb_clf,0.04548853238090312,39.5
2020-06-20,2,hgb_clf,0.03555544858731039,40.4
2020-06-20,3,hgb_clf,0.037226197029162564,26.4
2020-06-21,1,logistic,0.03177722808914655,40.4
2020-06-21,2,logistic,0.023230270639075422,26.4
2020-06-21,3,logistic,0.022960691122205272,28.4
2020-06-21,1,forest_clf,0.002244713093288575,40.4
2020-06-21,2,forest_clf,0.007206811642151392,26.4
2020-06-21,3,forest_clf,0.009005093456122614,28.4
2020-06-21,1,hgb_clf,0.03789290929301575,40.4
2020-06-21,2,hgb_clf,0.03555544858731039,26.4
2020-06-21,3,hgb_clf,0.07758943718861201,28.4
2020-06-22,1,logistic,0.03755820473655862,26.4
2020-06-22,2,logistic,0.01461389925180376,28.4
2020-06-22,3,logistic,0.018581750212218404,32.2
2020-06-22,1,forest_clf,0.002787553439907943,26.4
2020-06-22,2,forest_clf,0.01615761836819096,28.4
2020-06-22,3,forest_clf,0.037580626507001266,32.2
2020-06-22,1,hgb_clf,0.044052983007167375,26.4
2020-06-22,2,hgb_clf,0.0630261143484899,28.4
2020-06-22,3,hgb_clf,0.03665616388790169,32.2
2020-06-23,1,logistic,,28.4
2020-06-23,2,logistic,,32.2
2020-06-23,3,logistic,,40.5
2020-06-23,1,forest_clf,,28.4
2020-06-23,2,forest_clf,,32.2
2020-06-23,3,forest_clf,,40.5
2020-06-23,1,hgb_clf,0.03792916170976063,28.4
2020-06-23,2,hgb_clf,0.0410921563745405,32.2
2020-06-23,3,hgb_clf,0.03762115052500652,40.5
2020-06-24,1,logistic,0.030486985437105752,32.2
2020-06-24,2,logistic,0.01770816199546552,40.5
2020-06-24,3,logistic,0.025975059006262215,37.0
2020-06-24,1,forest_clf,0.007505373099038177,32.2
2020-06-24,2,forest_clf,0.002068110641588813,40.5
2020-06-24,3,forest_clf,0.0033090265087710835,37.0
2020-06-24,1,hgb_clf,0.03792916170976063,32.2
2020-06-24,2,hgb_clf,0.0373368358716885,40.5
2020-06-24,3,hgb_clf,0.03762115052500652,37.0
2020-06-25,1,logistic,0.032647986000738656,40.5
2020-06-25,2,logistic,0.020202092773624527,37.0
2020-06-25,3,logistic,0.030337146931263687,56.1
2020-06-25,1,forest_clf,0.0037605199687093444,40.5
2020-06-25,2,forest_clf,0.0015394244307709922,37.0
2020-06-25,3,forest_clf,0.007201623194997569,56.1
2020-06-25,1,hgb_clf,0.04058456316717277,40.5
2020-06-25,2,hgb_clf,0.0373368358716885,37.0
2020-06-25,3,hgb_clf,0.03762115052500652,56.1
2020-06-26,1,logistic,0.03877040334150782,37.0
2020-06-26,2,logistic,0.02540792552178864,56.1
2020-06-26,3,logistic,0.03494308329918038,37.2
2020-06-26,1,forest_clf,0.0038457629018845084,37.0
2020-06-26,2,forest_clf,0.0030842732647833283,56.1
2020-06-26,3,forest_clf,0.0066934408203266705,37.2
2020-06-26,1,hgb_clf,0.03983741090372799,37.0
2020-06-26,2,hgb_clf,0.0373368358716885,56.1
2020-06-26,3,hgb_clf,0.03889240959223098,37.2
2020-06-27,1,logistic,0.03862096817322428,56.1
2020-06-27,2,logistic,0.033222450545935346,37.2
2020-06-27,3,logistic,0.03504252310340547,36.7
2020-06-27,1,forest_clf,0.0023714780549177602,56.1
2020-06-27,2,forest_clf,0.005793471993518488,37.2
2020-06-27,3,forest_clf,0.016108419391218636,36.7
2020-06-27,1,hgb_clf,0.04054587970004131,56.1
2020-06-27,2,hgb_clf,0.0373368358716885,37.2
2020-06-27,3,hgb_clf,0.03820559485155534,36.7
2020-06-28,1,logistic,0.05488600888905287,37.2
2020-06-28,2,logistic,0.04892085003229405,36.7
2020-06-28,3,logistic,0.050504135563708086,49.0
2020-06-28,1,forest_clf,0.01922547495921388,37.2
2020-06-28,2,forest_clf,0.0323571305328549,36.7
2020-06-28,3,forest_clf,0.019724457709512762,49.0
2020-06-28,1,hgb_clf,0.0418820360880881,37.2
2020-06-28,2,hgb_clf,0.039767963047448666,36.7
2020-06-28,3,hgb_clf,0.05067485761900124,49.0
2020-06-29,1,logistic,0.04224247246679675,36.7
2020-06-29,2,logistic,0.021165716183713663,49.0
2020-06-29,3,logistic,0.026927290592686382,57.4
2020-06-29,1,forest_clf,0.0033330797198052936,36.7
2020-06-29,2,forest_clf,0.002555694169543323,49.0
2020-06-29,3,forest_clf,0.019786586918334632,57.4
2020-06-29,1,hgb_clf,0.04483292100044826,36.7
2020-06-29,2,hgb_clf,0.035921688006062845,49.0
2020-06-29,3,hgb_clf,0.03762115052500652,57.4
2020-06-30,1,logistic,0.03784645427737293,49.0
2020-06-30,2,logistic,0.020644607647341585,57.4
2020-06-30,3,logistic,0.02724008092525178,60.3
2020-06-30,1,forest_clf,0.004605190921045914,49.0
2020-06-30,2,forest_clf,0.006664002832055269,57.4
2020-06-30,3,forest_clf,0.008668786981165532,60.3
2020-06-30,1,hgb_clf,0.03789290929301575,49.0
2020-06-30,2,hgb_clf,0.035921688006062845,57.4
2020-06-30,3,hgb_clf,0.04640839987501864,60.3
2020-07-01,1,logistic,0.049450508673254824,57.4
2020-07-01,2,logistic,0.02887139138830145,60.3
2020-07-01,3,logistic,0.04075378118447115,42.4
2020-07-01,1,forest_clf,0.01939471572208348,57.4
2020-07-01,2,forest_clf,0.004693474158780196,60.3
2020-07-01,3,forest_clf,0.006248332435710987,42.4
2020-07-01,1,hgb_clf,0.04072583032460303,57.4
2020-07-01,2,hgb_clf,0.03949390475133977,60.3
2020-07-01,3,hgb_clf,0.04672997672002681,42.4
2020-07-02,1,logistic,0.05888573122551821,60.3
2020-07-02,2,logistic,0.035326259409589174,42.4
2020-07-02,3,logistic,0.04881191460237538,27.5
2020-07-02,1,forest_clf,0.007668466064662071,60.3
2020-07-02,2,forest_clf,0.03633936603978718,42.4
2020-07-02,3,forest_clf,0.018159257877895026,27.5
2020-07-02,1,hgb_clf,0.0418820360880881,60.3
2020-07-02,2,hgb_clf,0.03892519776995698,42.4
2020-07-02,3,hgb_clf,0.04863795694030278,27.5
2020-07-03,1,logistic,0.06227445842625475,42.4
2020-07-03,2,logistic,0.03978706647260347,27.5
2020-07-03,3,logistic,0.054818523968219436,
2020-07-03,1,forest_clf,0.014258731972332152,42.4
2020-07-03,2,forest_clf,0.05264661164738103,27.5
2020-07-03,3,forest_clf,0.03510492264588073,
2020-07-03,1,hgb_clf,0.06743828584067746,42.4
2020-07-03,2,hgb_clf,0.04733666705093239,27.5
2020-07-03,3,hgb_clf,0.050016079937345095,
2020-07-04,1,logistic,0.044583502135199585,27.5
2020-07-04,2,logistic,0.03987003505829675,
2020-07-04,3,logistic,0.04229935988026748,11.1
2020-07-04,1,forest_clf,0.003933042681270331,27.5
2020-07-04,2,forest_clf,0.017293802263592072,
2020-07-04,3,forest_clf,0.018069272451494922,11.1
2020-07-04,1,hgb_clf,0.0545821927206911,27.5
2020-07-04,2,hgb_clf,0.04340557563900699,
2020-07-04,3,hgb_clf,0.038432275152140066,11.1
2020-07-05,1,logistic,0.02870446431882375,
2020-07-05,2,logistic,0.02991314931228409,11.1
2020-07-05,3,logistic,0.03276117626189685,21.1
2020-07-05,1,forest_clf,0.0030672633715725615,
2020-07-05,2,forest_clf,0.010326878407747781,11.1
2020-07-05,3,forest_clf,0.009625744196413336,21.1
2020-07-05,1,hgb_clf,0.03792916170976063,
2020-07-05,2,hgb_clf,0.035921688006062845,11.1
2020-07-05,3,hgb_clf,0.05422617083739165,21.1
2020-07-06,1,logistic,,11.1
2020-07-06,2,logistic,,21.1
2020-07-06,3,logistic,,27.5
2020-07-06,1,forest_clf,,11.1
2020-07-06,2,forest_clf,,21.1
2020-07-06,3,forest_clf,,27.5
2020-07-06,1,hgb_clf,0.07940402153592757,11.1
2020-07-06,2,hgb_clf,0.10352375648979455,21.1
2020-07-06,3,hgb_clf,0.039948627391452274,27.5
2020-07-07,1,logistic,,21.1
2020-07-07,2,logistic,,27.5
2020-07-07,3,logistic,,21.8
2020-07-07,1,forest_clf,,21.1
2020-07-07,2,forest_clf,,27.5
2020-07-07,3,forest_clf,,21.8
2020-07-07,1,hgb_clf,0.04257247523511841,21.1
2020-07-07,2,hgb_clf,0.035332026883331855,27.5
2020-07-07,3,hgb_clf,0.03738419895079776,21.8
2020-07-08,1,logistic,,27.5
2020-07-08,2,logistic,,21.8
2020-07-08,3,logistic,,17.2
2020-07-08,1,forest_clf,,27.5
2020-07-08,2,forest_clf,,21.8
2020-07-08,3,forest_clf,,17.2
2020-07-08,1,hgb_clf,0.03792916170976063,27.5
2020-07-08,2,hgb_clf,0.03649433798048094,21.8
2020-07-08,3,hgb_clf,0.09465044433376137,17.2
2020-07-09,1,logistic,,21.8
2020-07-09,2,logistic,,17.2
2020-07-09,3,logistic,,18.5
2020-07-09,1,forest_clf,,21.8
2020-07-09,2,forest_clf,,17.2
2020-07-09,3,forest_clf,,18.5
2020-07-09,1,hgb_clf,0.04299594479660603,21.8
2020-07-09,2,hgb_clf,0.09329563199775387,17.2
2020-07-09,3,hgb_clf,0.06637469861852588,18.5
2020-07-10,1,logistic,0.02183845413885845,17.2
2020-07-10,2,logistic,0.01286611128480483,18.5
2020-07-10,3,logistic,0.017383157111163616,27.7
2020-07-10,1,forest_clf,0.005333818462992302,17.2
2020-07-10,2,forest_clf,0.0030698437071211477,18.5
2020-07-10,3,forest_clf,0.024431537873527052,27.7
2020-07-10,1,hgb_clf,0.04058456316717277,17.2
2020-07-10,2,hgb_clf,0.04058522611571935,18.5
2020-07-10,3,hgb_clf,0.03727066339211108,27.7
2020-07-11,1,logistic,0.020678286175572012,18.5
2020-07-11,2,logistic,0.016538128700886313,27.7
2020-07-11,3,logistic,0.016800746112530424,36.4
2020-07-11,1,forest_clf,0.0030420744642077353,18.5
2020-07-11,2,forest_clf,0.005943004134104816,27.7
2020-07-11,3,forest_clf,0.02264583709485021,36.4
2020-07-11,1,hgb_clf,0.03792916170976063,18.5
2020-07-11,2,hgb_clf,0.03649433798048094,27.7
2020-07-11,3,hgb_clf,0.03727066339211108,36.4
2020-07-12,1,logistic,0.019883204427790003,27.7
2020-07-12,2,logistic,0.01696116205208449,36.4
2020-07-12,3,logistic,0.018702195806238893,38.4
2020-07-12,1,forest_clf,0.008599057236140935,27.7
2020-07-12,2,forest_clf,0.006225633758640643,36.4
2020-07-12,3,forest_clf,0.0633594686194453,38.4
2020-07-12,1,hgb_clf,0.03792916170976063,27.7
2020-07-12,2,hgb_clf,0.03649433798048094,36.4
2020-07-12,3,hgb_clf,0.03727066339211108,38.4
2020-07-13,1,logistic,,36.4
2020-07-13,2,logistic,,38.4
2020-07-13,3,logistic,,27.7
2020-07-13,1,forest_clf,,36.4
2020-07-13,2,forest_clf,,38.4
2020-07-13,3,forest_clf,,27.7
2020-07-13,1,hgb_clf,0.04483292100044826,36.4
2020-07-13,2,hgb_clf,0.04083541645325673,38.4
2020-07-13,3,hgb_clf,0.0366999753065172,27.7
2020-07-14,1,logistic,0.038800424977267794,38.4
2020-07-14,2,logistic,0.02200458767750841,27.7
2020-07-14,3,logistic,0.02983316176600713,42.2
2020-07-14,1,forest_clf,0.010133422742252693,38.4
2020-07-14,2,forest_clf,0.0054964040098982635,27.7
2020-07-14,3,forest_clf,0.027477778814345002,42.2
2020-07-14,1,hgb_clf,0.04072583032460303,38.4
2020-07-14,2,hgb_clf,0.035921688006062845,27.7
2020-07-14,3,hgb_clf,0.04609012075481418,42.2
2020-07-15,1,logistic,0.040346779032398715,27.7
2020-07-15,2,logistic,0.024485043381010957,42.2
2020-07-15,3,logistic,0.03340734223722905,38.6
2020-07-15,1,forest_clf,0.010462024168372054,27.7
2020-07-15,2,forest_clf,0.0025771619915205836,42.2
2020-07-15,3,forest_clf,0.0049904445866680615,38.6
2020-07-15,1,hgb_clf,0.04072583032460303,27.7
2020-07-15,2,hgb_clf,0.03710265099858316,42.2
2020-07-15,3,hgb_clf,0.04528218769083825,38.6
2020-07-16,1,logistic,0.030655201695845485,42.2
2020-07-16,2,logistic,0.020882224702813246,38.6
2020-07-16,3,logistic,0.030154745887171076,21.2
2020-07-16,1,forest_clf,0.0031855921851910224,42.2
2020-07-16,2,forest_clf,0.00224673126535047,38.6
2020-07-16,3,forest_clf,0.005691090347717805,21.2
2020-07-16,1,hgb_clf,0.03789290929301575,42.2
2020-07-16,2,hgb_clf,0.03710265099858316,38.6
2020-07-16,3,hgb_clf,0.0366999753065172,21.2
2020-07-17,1,logistic,0.038982112556766146,38.6
2020-07-17,2,logistic,0.02778918785450061,21.2
2020-07-17,3,logistic,0.04140039628288722,16.8
2020-07-17,1,forest_clf,0.014317710756121404,38.6
2020-07-17,2,forest_clf,0.002748257640225304,21.2
2020-07-17,3,forest_clf,0.0030686676673054346,16.8
2020-07-17,1,hgb_clf,0.04072583032460303,38.6
2020-07-17,2,hgb_clf,0.03710265099858316,21.2
2020-07-17,3,hgb_clf,0.047692562067089106,16.8
2020-07-18,1,logistic,0.04019964450913283,21.2
2020-07-18,2,logistic,0.037495099432140105,16.8
2020-07-18,3,logistic,0.04189227819402745,20.1
2020-07-18,1,forest_clf,0.00958867072917047,21.2
2020-07-18,2,forest_clf,0.003333150015472679,16.8
2020-07-18,3,forest_clf,0.011797166326160185,20.1
2020-07-18,1,hgb_clf,0.04072583032460303,21.2
2020-07-18,2,hgb_clf,0.03710265099858316,16.8
2020-07-18,3,hgb_clf,0.04597995999216808,20.1
2020-07-19,1,logistic,0.02587604486546597,16.8
2020-07-19,2,logistic,0.027284296368749943,20.1
2020-07-19,3,logistic,0.03199043582151781,15.4
2020-07-19,1,forest_clf,0.007363315379706901,16.8
2020-07-19,2,forest_clf,0.006220055690563795,20.1
2020-07-19,3,forest_clf,0.012501152670703106,15.4
2020-07-19,1,hgb_clf,0.03792916170976063,16.8
2020-07-19,2,hgb_clf,0.035921688006062845,20.1
2020-07-19,3,hgb_clf,0.03727066339211108,15.4
2020-07-20,1,logistic,0.026382582028124824,20.1
2020-07-20,2,logistic,0.015629866123743834,15.4
2020-07-20,3,logistic,0.02166602646583111,30.3
2020-07-20,1,forest_clf,0.00921878720938473,20.1
2020-07-20,2,forest_clf,0.0042706563426466925,15.4
2020-07-20,3,forest_clf,0.006094797388418951,30.3
2020-07-20,1,hgb_clf,0.04195162673302974,20.1
2020-07-20,2,hgb_clf,0.035921688006062845,15.4
2020-07-20,3,hgb_clf,0.0366999753065172,30.3
2020-07-21,1,logistic,0.028411222669640596,15.4
2020-07-21,2,logistic,0.017847222830847182,30.3
2020-07-21,3,logistic,0.025462083049878577,35.7
2020-07-21,1,forest_clf,0.009282720378679823,15.4
2020-07-21,2,forest_clf,0.002617663423155209,30.3
2020-07-21,3,forest_clf,0.08933928414301157,35.7
2020-07-21,1,hgb_clf,0.039337943788965574,15.4
2020-07-21,2,hgb_clf,0.03710265099858316,30.3
2020-07-21,3,hgb_clf,0.0366999753065172,35.7
2020-07-22,1,logistic,0.025076082032158883,30.3
2020-07-22,2,logistic,0.0167827428307046,35.7
2020-07-22,3,logistic,0.024537087917303278,27.7
2020-07-22,1,forest_clf,0.009613602731621,30.3
2020-07-22,2,forest_clf,0.0037131775279808195,35.7
2020-07-22,3,forest_clf,0.09478552150172853,27.7
2020-07-22,1,hgb_clf,0.039337943788965574,30.3
2020-07-22,2,hgb_clf,0.03710265099858316,35.7
2020-07-22,3,hgb_clf,0.038162699783692335,27.7
2020-07-23,1,logistic,0.03188455795793798,35.7
2020-07-23,2,logistic,0.02162626298848554,27.7
2020-07-23,3,logistic,0.03194477557305002,34.0
2020-07-23,1,forest_clf,0.02683294068510671,35.7
2020-07-23,2,forest_clf,0.0028328469766818226,27.7
2020-07-23,3,forest_clf,0.037501119535393306,34.0
2020-07-23,1,hgb_clf,0.03983741090372799,35.7
2020-07-23,2,hgb_clf,0.03955374297068553,27.7
2020-07-23,3,hgb_clf,0.0366999753065172,34.0
2020-07-24,1,logistic,0.03495811174316351,27.7
2020-07-24,2,logistic,0.024689962881668758,34.0
2020-07-24,3,logistic,0.03651404784708267,28.7
2020-07-24,1,forest_clf,0.009509580676026372,27.7
2020-07-24,2,forest_clf,0.0017098336491893035,34.0
2020-07-24,3,forest_clf,0.04759058505162286,28.7
2020-07-24,1,hgb_clf,0.04154177116318236,27.7
2020-07-24,2,hgb_clf,0.035921688006062845,34.0
2020-07-24,3,hgb_clf,0.03945150821557987,28.7
2020-07-25,1,logistic,0.03316898835354099,34.0
2020-07-25,2,logistic,0.031324766241608605,28.7
2020-07-25,3,logistic,0.03352280115017822,21.6
2020-07-25,1,forest_clf,0.004886104081064365,34.0
2020-07-25,2,forest_clf,0.004010670507153736,28.7
2020-07-25,3,forest_clf,0.05070315808783557,21.6
2020-07-25,1,hgb_clf,0.04008897573846579,34.0
2020-07-25,2,hgb_clf,0.03955374297068553,28.7
2020-07-25,3,hgb_clf,0.03727066339211108,21.6
2020-07-26,1,logistic,0.034632256691810775,28.7
2020-07-26,2,logistic,0.03432249303048303,21.6
2020-07-26,3,logistic,0.039961857491682726,21.4
2020-07-26,1,forest_clf,0.010681183654522895,28.7
2020-07-26,2,forest_clf,0.005514964910650812,21.6
2020-07-26,3,forest_clf,0.06581426643998725,21.4
2020-07-26,1,hgb_clf,0.04154177116318236,28.7
2020-07-26,2,hgb_clf,0.03710265099858316,21.6
2020-07-26,3,hgb_clf,0.04650813512346653,21.4
2020-07-27,1,logistic,0.03574764278334824,21.6
2020-07-27,2,logistic,0.01901285969780978,21.4
2020-07-27,3,logistic,0.02698012416506076,14.4
2020-07-27,1,forest_clf,0.015524397218226207,21.6
2020-07-27,2,forest_clf,0.007699839414286277,21.4
2020-07-27,3,forest_clf,0.0350287953990393,14.4
2020-07-27,1,hgb_clf,0.0449324609232264,21.6
2020-07-27,2,hgb_clf,0.03710265099858316,21.4
2020-07-27,3,hgb_clf,0.045802732280577525,14.4
2020-07-28,1,logistic,0.028816256263244078,21.4
2020-07-28,2,logistic,0.016737935304130452,14.4
2020-07-28,3,logistic,0.02458035507449305,
2020-07-28,1,forest_clf,0.015528984978086637,21.4
2020-07-28,2,forest_clf,0.00661953761176902,14.4
2020-07-28,3,forest_clf,0.026761387577945942,
2020-07-28,1,hgb_clf,0.03869133133261393,21.4
2020-07-28,2,hgb_clf,0.03710265099858316,14.4
2020-07-28,3,hgb_clf,0.03712569891589511,
2020-07-29,1,logistic,0.02700766468079458,14.4
2020-07-29,2,logistic,0.016777693632451872,
2020-07-29,3,logistic,0.026426941550528122,
2020-07-29,1,forest_clf,0.01793523864305349,14.4
2020-07-29,2,forest_clf,0.00661953761176902,
2020-07-29,3,forest_clf,0.0507744706948078,
2020-07-29,1,hgb_clf,0.03869133133261393,14.4
2020-07-29,2,hgb_clf,0.03710265099858316,
2020-07-29,3,hgb_clf,0.03712569891589511,
2020-07-30,1,logistic,,
2020-07-30,2,logistic,,
2020-07-30,3,logistic,,
2020-07-30,1,forest_clf,,
2020-07-30,2,forest_clf,,
2020-07-30,3,forest_clf,,
2020-07-30,1,hgb_clf,,
2020-07-30,2,hgb_clf,,
2020-07-30,3,hgb_clf,,
2020-07-31,1,logistic,,
2020-07-31,2,logistic,,
2020-07-31,3,logistic,,19.8
2020-07-31,1,forest_clf,,
2020-07-31,2,forest_clf,,
2020-07-31,3,forest_clf,,19.8
2020-07-31,1,hgb_clf,0.07345625774675178,
2020-07-31,2,hgb_clf,0.0631668494937304,
2020-07-31,3,hgb_clf,0.040377117320830845,19.8
2020-08-01,1,logistic,,
2020-08-01,2,logistic,,19.8
2020-08-01,3,logistic,,21.4
2020-08-01,1,forest_clf,,
2020-08-01,2,forest_clf,,19.8
2020-08-01,3,forest_clf,,21.4
2020-08-01,1,hgb_clf,0.11828409399082794,
2020-08-01,2,hgb_clf,0.08452855645884012,19.8
2020-08-01,3,hgb_clf,0.04315156181727436,21.4
2020-08-02,1,logistic,,19.8
2020-08-02,2,logistic,,21.4
2020-08-02,3,logistic,,
2020-08-02,1,forest_clf,,19.8
2020-08-02,2,forest_clf,,21.4
2020-08-02,3,forest_clf,,
2020-08-02,1,hgb_clf,0.11971086391607436,19.8
2020-08-02,2,hgb_clf,0.09348149980386912,21.4
2020-08-02,3,hgb_clf,0.0902350811081418,
2020-08-03,1,logistic,,21.4
2020-08-03,2,logistic,,
2020-08-03,3,logistic,,9.11
2020-08-03,1,forest_clf,,21.4
2020-08-03,2,forest_clf,,
2020-08-03,3,forest_clf,,9.11
2020-08-03,1,hgb_clf,0.0702344013546354,21.4
2020-08-03,2,hgb_clf,0.14525743660771243,
2020-08-03,3,hgb_clf,0.15002397278136262,9.11
2020-08-04,1,logistic,,
2020-08-04,2,logistic,,9.11
2020-08-04,3,logistic,,22.2
2020-08-04,1,forest_clf,,
2020-08-04,2,forest_clf,,9.11
2020-08-04,3,forest_clf,,22.2
2020-08-04,1,hgb_clf,0.04095597281232243,
2020-08-04,2,hgb_clf,0.1027690020243056,9.11
2020-08-04,3,hgb_clf,0.15576259479633023,22.2
2020-08-05,1,logistic,,9.11
2020-08-05,2,logistic,,22.2
2020-08-05,3,logistic,,45.8
2020-08-05,1,forest_clf,,9.11
2020-08-05,2,forest_clf,,22.2
2020-08-05,3,forest_clf,,45.8
2020-08-05,1,hgb_clf,0.025023467577854883,9.11
2020-08-05,2,hgb_clf,0.03690621279146085,22.2
2020-08-05,3,hgb_clf,0.03477149138999744,45.8
2020-08-06,1,logistic,,22.2
2020-08-06,2,logistic,,45.8
2020-08-06,3,logistic,,20.6
2020-08-06,1,forest_clf,,22.2
2020-08-06,2,forest_clf,,45.8
2020-08-06,3,forest_clf,,20.6
2020-08-06,1,hgb_clf,0.010655864690872726,22.2
2020-08-06,2,hgb_clf,0.011731654452210733,45.8
2020-08-06,3,hgb_clf,0.0118983718415289,20.6
2020-08-07,1,logistic,,45.8
2020-08-07,2,logistic,,20.6
2020-08-07,3,logistic,,25.0
2020-08-07,1,forest_clf,,45.8
2020-08-07,2,forest_clf,,20.6
2020-08-07,3,forest_clf,,25.0
2020-08-07,1,hgb_clf,0.007972248668064575,45.8
2020-08-07,2,hgb_clf,0.016022344246796934,20.6
2020-08-07,3,hgb_clf,0.03723279351635461,25.0
2020-08-08,1,logistic,,20.6
2020-08-08,2,logistic,,25.0
2020-08-08,3,logistic,,
2020-08-08,1,forest_clf,,20.6
2020-08-08,2,forest_clf,,25.0
2020-08-08,3,forest_clf,,
2020-08-08,1,hgb_clf,0.015363255697824398,20.6
2020-08-08,2,hgb_clf,0.058591888051784696,25.0
2020-08-08,3,hgb_clf,0.042710724539384196,
2020-08-09,1,logistic,,25.0
2020-08-09,2,logistic,,
2020-08-09,3,logistic,,
2020-08-09,1,forest_clf,,25.0
2020-08-09,2,forest_clf,,
2020-08-09,3,forest_clf,,
2020-08-09,1,hgb_clf,0.008405042416024841,25.0
2020-08-09,2,hgb_clf,0.013642298298902941,
2020-08-09,3,hgb_clf,0.015697998537080662,
2020-08-10,1,logistic,0.021611230533688314,
2020-08-10,2,logistic,0.00968590593527971,
2020-08-10,3,logistic,0.014471349808657098,12.1
2020-08-10,1,forest_clf,0.0030076239918208083,
2020-08-10,2,forest_clf,0.0009677767006409923,
2020-08-10,3,forest_clf,0.009472143483369654,12.1
2020-08-10,1,hgb_clf,0.00908546533524149,
2020-08-10,2,hgb_clf,0.00862339938107765,
2020-08-10,3,hgb_clf,0.012645230388913402,12.1
2020-08-11,1,logistic,,
2020-08-11,2,logistic,,12.1
2020-08-11,3,logistic,,16.9
2020-08-11,1,forest_clf,,
2020-08-11,2,forest_clf,,12.1
2020-08-11,3,forest_clf,,16.9
2020-08-11,1,hgb_clf,0.014113866919120642,
2020-08-11,2,hgb_clf,0.017369112522356834,12.1
2020-08-11,3,hgb_clf,0.014191551519711148,16.9
2020-08-12,1,logistic,,12.1
2020-08-12,2,logistic,,16.9
2020-08-12,3,logistic,,27.0
2020-08-12,1,forest_clf,,12.1
2020-08-12,2,forest_clf,,16.9
2020-08-12,3,forest_clf,,27.0
2020-08-12,1,hgb_clf,0.023371617459472683,12.1
2020-08-12,2,hgb_clf,0.062279174073154114,16.9
2020-08-12,3,hgb_clf,0.029951822833251367,27.0
2020-08-13,1,logistic,,16.9
2020-08-13,2,logistic,,27.0
2020-08-13,3,logistic,,18.1
2020-08-13,1,forest_clf,,16.9
2020-08-13,2,forest_clf,,27.0
2020-08-13,3,forest_clf,,18.1
2020-08-13,1,hgb_clf,0.014197462526658497,16.9
2020-08-13,2,hgb_clf,0.022662580545176943,27.0
2020-08-13,3,hgb_clf,0.049794617787482016,18.1
2020-08-14,1,logistic,,27.0
2020-08-14,2,logistic,,18.1
2020-08-14,3,logistic,,25.3
2020-08-14,1,forest_clf,,27.0
2020-08-14,2,forest_clf,,18.1
2020-08-14,3,forest_clf,,25.3
2020-08-14,1,hgb_clf,0.011206774281448189,27.0
2020-08-14,2,hgb_clf,0.023905565878181264,18.1
2020-08-14,3,hgb_clf,0.07393678920028243,25.3
2020-08-15,1,logistic,,18.1
2020-08-15,2,logistic,,25.3
2020-08-15,3,logistic,,23.0
2020-08-15,1,forest_clf,,18.1
2020-08-15,2,forest_clf,,25.3
2020-08-15,3,forest_clf,,23.0
2020-08-15,1,hgb_clf,0.013612265094802086,18.1
2020-08-15,2,hgb_clf,0.02527222111204412,25.3
2020-08-15,3,hgb_clf,0.03595413011495544,23.0
2020-08-16,1,logistic,0.013055450194445638,25.3
2020-08-16,2,logistic,0.00812377741609175,23.0
2020-08-16,3,logistic,0.011035587407010416,
2020-08-16,1,forest_clf,0.007195593848708417,25.3
2020-08-16,2,forest_clf,0.0018770300368280103,23.0
2020-08-16,3,forest_clf,0.017052372468460614,
2020-08-16,1,hgb_clf,0.01199726086016868,25.3
2020-08-16,2,hgb_clf,0.012427149454633553,23.0
2020-08-16,3,hgb_clf,0.014820654321107603,
2020-08-17,1,logistic,0.01867151689395825,23.0
2020-08-17,2,logistic,0.006101781646000809,
2020-08-17,3,logistic,0.009403889845146292,18.4
2020-08-17,1,forest_clf,0.0,23.0
2020-08-17,2,forest_clf,0.0019171396217261233,
2020-08-17,3,forest_clf,0.015033312885266626,18.4
2020-08-17,1,hgb_clf,0.011719451245596828,23.0
2020-08-17,2,hgb_clf,0.011028401611530694,
2020-08-17,3,hgb_clf,0.013836100085362889,18.4
2020-08-18,1,logistic,,
2020-08-18,2,logistic,,18.4
2020-08-18,3,logistic,,16.1
2020-08-18,1,forest_clf,,
2020-08-18,2,forest_clf,,18.4
2020-08-18,3,forest_clf,,16.1
2020-08-18,1,hgb_clf,0.010955110632261116,
2020-08-18,2,hgb_clf,0.01664210825780421,18.4
2020-08-18,3,hgb_clf,0.021172714748324082,16.1
2020-08-19,1,logistic,,18.4
2020-08-19,2,logistic,,16.1
2020-08-19,3,logistic,,
2020-08-19,1,forest_clf,,18.4
2020-08-19,2,forest_clf,,16.1
2020-08-19,3,forest_clf,,
2020-08-19,1,hgb_clf,0.015084645597141722,18.4
2020-08-19,2,hgb_clf,0.03227288215427893,16.1
2020-08-19,3,hgb_clf,0.025680782981115792,
2020-08-20,1,logistic,,16.1
2020-08-20,2,logistic,,
2020-08-20,3,logistic,,16.5
2020-08-20,1,forest_clf,,16.1
2020-08-20,2,forest_clf,,
2020-08-20,3,forest_clf,,16.5
2020-08-20,1,hgb_clf,0.011950797425763956,16.1
2020-08-20,2,hgb_clf,0.01019015480770745,
2020-08-20,3,hgb_clf,0.018595459797693434,16.5
2020-08-21,1,logistic,,
2020-08-21,2,logistic,,16.5
2020-08-21,3,logistic,,11.4
2020-08-21,1,forest_clf,,
2020-08-21,2,forest_clf,,16.5
2020-08-21,3,forest_clf,,11.4
2020-08-21,1,hgb_clf,0.010810719994943414,
2020-08-21,2,hgb_clf,0.010538602563645161,16.5
2020-08-21,3,hgb_clf,0.03867699749566403,11.4
2020-08-22,1,logistic,,16.5
2020-08-22,2,logistic,,11.4
2020-08-22,3,logistic,,
2020-08-22,1,forest_clf,,16.5
2020-08-22,2,forest_clf,,11.4
2020-08-22,3,forest_clf,,
2020-08-22,1,hgb_clf,0.0297763609590989,16.5
2020-08-22,2,hgb_clf,0.041423755956251106,11.4
2020-08-22,3,hgb_clf,0.047366775695591536,
2020-08-23,1,logistic,,11.4
2020-08-23,2,logistic,,
2020-08-23,3,logistic,,
2020-08-23,1,forest_clf,,11.4
2020-08-23,2,forest_clf,,
2020-08-23,3,forest_clf,,
2020-08-23,1,hgb_clf,0.017632035799801913,11.4
2020-08-23,2,hgb_clf,0.014138566389078991,
2020-08-23,3,hgb_clf,0.01657337258984766,
2020-08-24,1,logistic,,
2020-08-24,2,logistic,,
2020-08-24,3,logistic,,14.3
2020-08-24,1,forest_clf,,
2020-08-24,2,forest_clf,,
2020-08-24,3,forest_clf,,14.3
2020-08-24,1,hgb_clf,0.011382155629006602,
2020-08-24,2,hgb_clf,0.013439540938732692,
2020-08-24,3,hgb_clf,0.03555145552814464,14.3
2020-08-25,1,logistic,,
2020-08-25,2,logistic,,14.3
2020-08-25,3,logistic,,22.1
2020-08-25,1,forest_clf,,
2020-08-25,2,forest_clf,,14.3
2020-08-25,3,forest_clf,,22.1
2020-08-25,1,hgb_clf,0.0297763609590989,
2020-08-25,2,hgb_clf,0.049652144435495184,14.3
2020-08-25,3,hgb_clf,0.04357082854760374,22.1
2020-08-26,1,logistic,,14.3
2020-08-26,2,logistic,,22.1
2020-08-26,3,logistic,,26.8
2020-08-26,1,forest_clf,,14.3
2020-08-26,2,forest_clf,,22.1
2020-08-26,3,forest_clf,,26.8
2020-08-26,1,hgb_clf,0.03912261946194115,14.3
2020-08-26,2,hgb_clf,0.10682788868076264,22.1
2020-08-26,3,hgb_clf,0.03479353529580306,26.8
2020-08-27,1,logistic,,22.1
2020-08-27,2,logistic,,26.8
2020-08-27,3,logistic,,12.7
2020-08-27,1,forest_clf,,22.1
2020-08-27,2,forest_clf,,26.8
2020-08-27,3,forest_clf,,12.7
2020-08-27,1,hgb_clf,0.023416839461854477,22.1
2020-08-27,2,hgb_clf,0.029747052978499628,26.8
2020-08-27,3,hgb_clf,0.0514485303599255,12.7
2020-08-28,1,logistic,,26.8
2020-08-28,2,logistic,,12.7
2020-08-28,3,logistic,,7.44
2020-08-28,1,forest_clf,,26.8
2020-08-28,2,forest_clf,,12.7
2020-08-28,3,forest_clf,,7.44
2020-08-28,1,hgb_clf,0.016763904010945272,26.8
2020-08-28,2,hgb_clf,0.02354532351017178,12.7
2020-08-28,3,hgb_clf,0.11151292021281158,7.44
2020-08-29,1,logistic,,12.7
2020-08-29,2,logistic,,7.44
2020-08-29,3,logistic,,14.8
2020-08-29,1,forest_clf,,12.7
2020-08-29,2,forest_clf,,7.44
2020-08-29,3,forest_clf,,14.8
2020-08-29,1,hgb_clf,0.015672807592414024,12.7
2020-08-29,2,hgb_clf,0.05079598530985389,7.44
2020-08-29,3,hgb_clf,0.07368777330609662,14.8
2020-08-30,1,logistic,0.011331204448260739,7.44
2020-08-30,2,logistic,0.006627722119695449,14.8
2020-08-30,3,logistic,0.01039044863649482,16.7
2020-08-30,1,forest_clf,0.015543655049056635,7.44
2020-08-30,2,forest_clf,0.002236931477688073,14.8
2020-08-30,3,forest_clf,0.017839103934729234,16.7
2020-08-30,1,hgb_clf,0.011348171343188936,7.44
2020-08-30,2,hgb_clf,0.014058557756524202,14.8
2020-08-30,3,hgb_clf,0.024052392820911754,16.7
2020-08-31,1,logistic,0.010995587909206015,14.8
2020-08-31,2,logistic,0.003426601323385743,16.7
2020-08-31,3,logistic,0.006419454356790353,30.3
2020-08-31,1,forest_clf,0.051771552901210945,14.8
2020-08-31,2,forest_clf,0.003050100017303518,16.7
2020-08-31,3,forest_clf,0.017383751087025695,30.3
2020-08-31,1,hgb_clf,0.011085223463609765,14.8
2020-08-31,2,hgb_clf,0.013112090520786998,16.7
2020-08-31,3,hgb_clf,0.02260476826412404,30.3
2020-09-01,1,logistic,,16.7
2020-09-01,2,logistic,,30.3
2020-09-01,3,logistic,,
2020-09-01,1,forest_clf,,16.7
2020-09-01,2,forest_clf,,30.3
2020-09-01,3,forest_clf,,
2020-09-01,1,hgb_clf,0.011548315710916373,16.7
2020-09-01,2,hgb_clf,0.02038051399920378,30.3
2020-09-01,3,hgb_clf,0.029840243864371067,
2020-09-02,1,logistic,,30.3
2020-09-02,2,logistic,,
2020-09-02,3,logistic,,17.0
2020-09-02,1,forest_clf,,30.3
2020-09-02,2,forest_clf,,
2020-09-02,3,forest_clf,,17.0
2020-09-02,1,hgb_clf,0.011548315710916373,30.3
2020-09-02,2,hgb_clf,0.022999087690471813,
2020-09-02,3,hgb_clf,0.028933964638122794,17.0
2020-09-03,1,logistic,0.029507321288341316,
2020-09-03,2,logistic,0.01826676831881217,17.0
2020-09-03,3,logistic,0.0398331743585779,23.8
2020-09-03,1,forest_clf,0.050686488204445566,
2020-09-03,2,forest_clf,0.014767115273092511,17.0
2020-09-03,3,forest_clf,0.019153239671974374,23.8
2020-09-03,1,hgb_clf,0.011731798434980432,
2020-09-03,2,hgb_clf,0.015019451833057314,17.0
2020-09-03,3,hgb_clf,0.0162305213169774,23.8
2020-09-04,1,logistic,,17.0
2020-09-04,2,logistic,,23.8
2020-09-04,3,logistic,,45.0
2020-09-04,1,forest_clf,,17.0
2020-09-04,2,forest_clf,,23.8
2020-09-04,3,forest_clf,,45.0
2020-09-04,1,hgb_clf,0.016046992967410943,17.0
2020-09-04,2,hgb_clf,0.018862702057508538,23.8
2020-09-04,3,hgb_clf,0.01566373183127384,45.0
2020-09-05,1,logistic,,23.8
2020-09-05,2,logistic,,45.0
2020-09-05,3,logistic,,28.2
2020-09-05,1,forest_clf,,23.8
2020-09-05,2,forest_clf,,45.0
2020-09-05,3,forest_clf,,28.2
2020-09-05,1,hgb_clf,0.014972697449880034,23.8
2020-09-05,2,hgb_clf,0.009559960601845805,45.0
2020-09-05,3,hgb_clf,0.013130278978181982,28.2
2020-09-06,1,logistic,,45.0
2020-09-06,2,logistic,,28.2
2020-09-06,3,logistic,,
2020-09-06,1,forest_clf,,45.0
2020-09-06,2,forest_clf,,28.2
2020-09-06,3,forest_clf,,
2020-09-06,1,hgb_clf,0.011912261800973076,45.0
2020-09-06,2,hgb_clf,0.0086705676490647,28.2
2020-09-06,3,hgb_clf,0.03623862694319753,
2020-09-07,1,logistic,,28.2
2020-09-07,2,logistic,,
2020-09-07,3,logistic,,
2020-09-07,1,forest_clf,,28.2
2020-09-07,2,forest_clf,,
2020-09-07,3,forest_clf,,
2020-09-07,1,hgb_clf,0.016757074800371478,28.2
2020-09-07,2,hgb_clf,0.03416786260864384,
2020-09-07,3,hgb_clf,0.02995727220525676,
2020-09-08,1,logistic,,
2020-09-08,2,logistic,,
2020-09-08,3,logistic,,
2020-09-08,1,forest_clf,,
2020-09-08,2,forest_clf,,
2020-09-08,3,forest_clf,,
2020-09-08,1,hgb_clf,,
2020-09-08,2,hgb_clf,,
2020-09-08,3,hgb_clf,,
2020-09-09,1,logistic,,
2020-09-09,2,logistic,,
2020-09-09,3,logistic,,
2020-09-09,1,forest_clf,,
2020-09-09,2,forest_clf,,
2020-09-09,3,forest_clf,,
2020-09-09,1,hgb_clf,,
2020-09-09,2,hgb_clf,,
2020-09-09,3,hgb_clf,,
2020-09-10,1,logistic,,
2020-09-10,2,logistic,,
2020-09-10,3,logistic,,59.9
2020-09-10,1,forest_clf,,
2020-09-10,2,forest_clf,,
2020-09-10,3,forest_clf,,59.9
2020-09-10,1,hgb_clf,0.030722155814091934,
2020-09-10,2,hgb_clf,0.03813021149762182,
2020-09-10,3,hgb_clf,0.019809731108974864,59.9
2020-09-11,1,logistic,,
2020-09-11,2,logistic,,59.9
2020-09-11,3,logistic,,67.9
2020-09-11,1,forest_clf,,
2020-09-11,2,forest_clf,,59.9
2020-09-11,3,forest_clf,,67.9
2020-09-11,1,hgb_clf,0.030722155814091934,
2020-09-11,2,hgb_clf,0.06990910371637174,59.9
2020-09-11,3,hgb_clf,0.05588023233869115,67.9
2020-09-12,1,logistic,,59.9
2020-09-12,2,logistic,,67.9
2020-09-12,3,logistic,,57.2
2020-09-12,1,forest_clf,,59.9
2020-09-12,2,forest_clf,,67.9
2020-09-12,3,forest_clf,,57.2
2020-09-12,1,hgb_clf,0.047399836089468884,59.9
2020-09-12,2,hgb_clf,0.08348575898732835,67.9
2020-09-12,3,hgb_clf,0.08995060424257673,57.2
2020-09-13,1,logistic,,67.9
2020-09-13,2,logistic,,57.2
2020-09-13,3,logistic,,60.3
2020-09-13,1,forest_clf,,67.9
2020-09-13,2,forest_clf,,57.2
2020-09-13,3,forest_clf,,60.3
2020-09-13,1,hgb_clf,0.027718391117985006,67.9
2020-09-13,2,hgb_clf,0.12598433803963419,57.2
2020-09-13,3,hgb_clf,0.07952301890160772,60.3
2020-09-14,1,logistic,,57.2
2020-09-14,2,logistic,,60.3
2020-09-14,3,logistic,,
2020-09-14,1,forest_clf,,57.2
2020-09-14,2,forest_clf,,60.3
2020-09-14,3,forest_clf,,
2020-09-14,1,hgb_clf,0.028639664881647736,57.2
2020-09-14,2,hgb_clf,0.10752974537768273,60.3
2020-09-14,3,hgb_clf,0.11332860411894735,
2020-09-15,1,logistic,,60.3
2020-09-15,2,logistic,,
2020-09-15,3,logistic,,
2020-09-15,1,forest_clf,,60.3
2020-09-15,2,forest_clf,,
2020-09-15,3,forest_clf,,
2020-09-15,1,hgb_clf,0.030360065586377407,60.3
2020-09-15,2,hgb_clf,0.09706288771877622,
2020-09-15,3,hgb_clf,0.049872056381247996,
2020-09-16,1,logistic,,
2020-09-16,2,logistic,,
2020-09-16,3,logistic,,
2020-09-16,1,forest_clf,,
2020-09-16,2,forest_clf,,
2020-09-16,3,forest_clf,,
2020-09-16,1,hgb_clf,,
2020-09-16,2,hgb_clf,,
2020-09-16,3,hgb_clf,,
2020-09-17,1,logistic,,
2020-09-17,2,logistic,,
2020-09-17,3,logistic,,59.5
2020-09-17,1,forest_clf,,
2020-09-17,2,forest_clf,,
2020-09-17,3,forest_clf,,59.5
2020-09-17,1,hgb_clf,0.037648486185625774,
2020-09-17,2,hgb_clf,0.11191912012618438,
2020-09-17,3,hgb_clf,0.034344683442501245,59.5
2020-09-18,1,logistic,,
2020-09-18,2,logistic,,59.5
2020-09-18,3,logistic,,58.8
2020-09-18,1,forest_clf,,
2020-09-18,2,forest_clf,,59.5
2020-09-18,3,forest_clf,,58.8
2020-09-18,1,hgb_clf,0.04354865440667578,
2020-09-18,2,hgb_clf,0.06990910371637174,59.5
2020-09-18,3,hgb_clf,0.061345866784629624,58.8
2020-09-19,1,logistic,,59.5
2020-09-19,2,logistic,,58.8
2020-09-19,3,logistic,,29.3
2020-09-19,1,forest_clf,,59.5
2020-09-19,2,forest_clf,,58.8
2020-09-19,3,forest_clf,,29.3
2020-09-19,1,hgb_clf,0.046864637648204414,59.5
2020-09-19,2,hgb_clf,0.14014735518595037,58.8
2020-09-19,3,hgb_clf,0.06338066571662768,29.3
2020-09-20,1,logistic,,58.8
2020-09-20,2,logistic,,29.3
2020-09-20,3,logistic,,22.9
2020-09-20,1,forest_clf,,58.8
2020-09-20,2,forest_clf,,29.3
2020-09-20,3,forest_clf,,22.9
2020-09-20,1,hgb_clf,0.05493020156124888,58.8
2020-09-20,2,hgb_clf,0.16967622802113314,29.3
2020-09-20,3,hgb_clf,0.13257567288783342,22.9
2020-09-21,1,logistic,,29.3
2020-09-21,2,logistic,,22.9
2020-09-21,3,logistic,,32.4
2020-09-21,1,forest_clf,,29.3
2020-09-21,2,forest_clf,,22.9
2020-09-21,3,forest_clf,,32.4
2020-09-21,1,hgb_clf,0.04251004310993393,29.3
2020-09-21,2,hgb_clf,0.1292633477482431,22.9
2020-09-21,3,hgb_clf,0.12628368588349248,32.4
2020-09-22,1,logistic,,22.9
2020-09-22,2,logistic,,32.4
2020-09-22,3,logistic,,50.7
2020-09-22,1,forest_clf,,22.9
2020-09-22,2,forest_clf,,32.4
2020-09-22,3,forest_clf,,50.7
2020-09-22,1,hgb_clf,0.02500405423030452,22.9
2020-09-22,2,hgb_clf,0.030300219876429873,32.4
2020-09-22,3,hgb_clf,0.058201174199276964,50.7
2020-09-23,1,logistic,0.019533239217274054,32.4
2020-09-23,2,logistic,0.006971215896579957,50.7
2020-09-23,3,logistic,0.011722681708363533,53.3
2020-09-23,1,forest_clf,0.0023547717842323647,32.4
2020-09-23,2,forest_clf,0.012698451696882383,50.7
2020-09-23,3,forest_clf,0.015787294139654802,53.3
2020-09-23,1,hgb_clf,0.017031849722996196,32.4
2020-09-23,2,hgb_clf,0.024070446193247885,50.7
2020-09-23,3,hgb_clf,0.025330211316025097,53.3
2020-09-24,1,logistic,,50.7
2020-09-24,2,logistic,,53.3
2020-09-24,3,logistic,,32.1
2020-09-24,1,forest_clf,,50.7
2020-09-24,2,forest_clf,,53.3
2020-09-24,3,forest_clf,,32.1
2020-09-24,1,hgb_clf,0.014323961967237968,50.7
2020-09-24,2,hgb_clf,0.040537294817167585,53.3
2020-09-24,3,hgb_clf,0.017993428956812847,32.1
2020-09-25,1,logistic,,53.3
2020-09-25,2,logistic,,32.1
2020-09-25,3,logistic,,66.3
2020-09-25,1,forest_clf,,53.3
2020-09-25,2,forest_clf,,32.1
2020-09-25,3,forest_clf,,66.3
2020-09-25,1,hgb_clf,0.009274617219686965,53.3
2020-09-25,2,hgb_clf,0.020275786904347216,32.1
2020-09-25,3,hgb_clf,0.022338301577434383,66.3
2020-09-26,1,logistic,,32.1
2020-09-26,2,logistic,,66.3
2020-09-26,3,logistic,,64.9
2020-09-26,1,forest_clf,,32.1
2020-09-26,2,forest_clf,,66.3
2020-09-26,3,forest_clf,,64.9
2020-09-26,1,hgb_clf,0.012290754310274163,32.1
2020-09-26,2,hgb_clf,0.02742755688441206,66.3
2020-09-26,3,hgb_clf,0.027537178201938083,64.9
2020-09-27,1,logistic,0.04621800420211649,66.3
2020-09-27,2,logistic,0.05474657604161396,64.9
2020-09-27,3,logistic,0.07383124900396694,54.6
2020-09-27,1,forest_clf,0.013622108167209912,66.3
2020-09-27,2,forest_clf,0.010919428443039914,64.9
2020-09-27,3,forest_clf,0.00980214539304241,54.6
2020-09-27,1,hgb_clf,0.011195020284447743,66.3
2020-09-27,2,hgb_clf,0.013881695524586603,64.9
2020-09-27,3,hgb_clf,0.026059412550303106,54.6
2020-09-28,1,logistic,0.09455136579037687,64.9
2020-09-28,2,logistic,0.05568551356126533,54.6
2020-09-28,3,logistic,0.07902163256030025,56.1
2020-09-28,1,forest_clf,0.09298020336818713,64.9
2020-09-28,2,forest_clf,0.074995843782705,54.6
2020-09-28,3,forest_clf,0.04454550604604371,56.1
2020-09-28,1,hgb_clf,0.017605338286474502,64.9
2020-09-28,2,hgb_clf,0.04125944351862096,54.6
2020-09-28,3,hgb_clf,0.03466119262117733,56.1
2020-09-29,1,logistic,0.09018994829041997,54.6
2020-09-29,2,logistic,0.05425516536643155,56.1
2020-09-29,3,logistic,0.08842363335687768,66.3
2020-09-29,1,forest_clf,0.055442799799581416,54.6
2020-09-29,2,forest_clf,0.05227139838612335,56.1
2020-09-29,3,forest_clf,0.046802969135993404,66.3
2020-09-29,1,hgb_clf,0.03105971000004078,54.6
2020-09-29,2,hgb_clf,0.036235503648794666,56.1
2020-09-29,3,hgb_clf,0.03443565190155773,66.3
2020-09-30,1,logistic,0.07836585175435917,56.1
2020-09-30,2,logistic,0.052774222222056175,66.3
2020-09-30,3,logistic,0.08644023055357648,75.8
2020-09-30,1,forest_clf,0.025166513407794553,56.1
2020-09-30,2,forest_clf,0.04181153991934443,66.3
2020-09-30,3,forest_clf,0.06104636118623378,75.8
2020-09-30,1,hgb_clf,0.019092148592643993,56.1
2020-09-30,2,hgb_clf,0.025605486670645744,66.3
2020-09-30,3,hgb_clf,0.0571721682067448,75.8
2020-10-01,1,logistic,0.07805697156663377,66.3
2020-10-01,2,logistic,0.060178486271415976,75.8
2020-10-01,3,logistic,0.10508112125796637,
2020-10-01,1,forest_clf,0.017838819149747682,66.3
2020-10-01,2,forest_clf,0.04933390949852552,75.8
2020-10-01,3,forest_clf,0.06491637774068368,
2020-10-01,1,hgb_clf,0.023667007413277395,66.3
2020-10-01,2,hgb_clf,0.0590694755252635,75.8
2020-10-01,3,hgb_clf,0.06351644201759656,
2020-10-02,1,logistic,0.09394203308912855,75.8
2020-10-02,2,logistic,0.07670287587400983,
2020-10-02,3,logistic,0.1288720565581898,
2020-10-02,1,forest_clf,0.04845193014489975,75.8
2020-10-02,2,forest_clf,0.06518543235001047,
2020-10-02,3,forest_clf,0.03834852543440345,
2020-10-02,1,hgb_clf,0.030599187962843,75.8
2020-10-02,2,hgb_clf,0.10185351795297559,
2020-10-02,3,hgb_clf,0.039084280147901655,
2020-10-03,1,logistic,0.1253669729534743,
2020-10-03,2,logistic,0.1299938694451754,
2020-10-03,3,logistic,0.1497606961942574,67.9
2020-10-03,1,forest_clf,0.06101483071337821,
2020-10-03,2,forest_clf,0.08303155788305812,
2020-10-03,3,forest_clf,0.07620511011827852,67.9
2020-10-03,1,hgb_clf,0.08092245064483439,
2020-10-03,2,hgb_clf,0.07468021867147877,
2020-10-03,3,hgb_clf,0.048906623403190165,67.9
2020-10-04,1,logistic,,
2020-10-04,2,logistic,,67.9
2020-10-04,3,logistic,,82.4
2020-10-04,1,forest_clf,,
2020-10-04,2,forest_clf,,67.9
2020-10-04,3,forest_clf,,82.4
2020-10-04,1,hgb_clf,0.08164750646135113,
2020-10-04,2,hgb_clf,0.04299799985509159,67.9
2020-10-04,3,hgb_clf,0.061766711450760486,82.4
2020-10-05,1,logistic,,67.9
2020-10-05,2,logistic,,82.4
2020-10-05,3,logistic,,74.2
2020-10-05,1,forest_clf,,67.9
2020-10-05,2,forest_clf,,82.4
2020-10-05,3,forest_clf,,74.2
2020-10-05,1,hgb_clf,0.1171021133517868,67.9
2020-10-05,2,hgb_clf,0.1620386726672949,82.4
2020-10-05,3,hgb_clf,0.08266654696737151,74.2
2020-10-06,1,logistic,,82.4
2020-10-06,2,logistic,,74.2
2020-10-06,3,logistic,,82.2
2020-10-06,1,forest_clf,,82.4
2020-10-06,2,forest_clf,,74.2
2020-10-06,3,forest_clf,,82.2
2020-10-06,1,hgb_clf,0.09146842249592778,82.4
2020-10-06,2,hgb_clf,0.16715073287995869,74.2
2020-10-06,3,hgb_clf,0.0807061215575503,82.2
2020-10-07,1,logistic,,74.2
2020-10-07,2,logistic,,82.2
2020-10-07,3,logistic,,92.4
2020-10-07,1,forest_clf,,74.2
2020-10-07,2,forest_clf,,82.2
2020-10-07,3,forest_clf,,92.4
2020-10-07,1,hgb_clf,0.1091565365381711,74.2
2020-10-07,2,hgb_clf,0.21393410133152568,82.2
2020-10-07,3,hgb_clf,0.16476055081883398,92.4
2020-10-08,1,logistic,,82.2
2020-10-08,2,logistic,,92.4
2020-10-08,3,logistic,,90.0
2020-10-08,1,forest_clf,,82.2
2020-10-08,2,forest_clf,,92.4
2020-10-08,3,forest_clf,,90.0
2020-10-08,1,hgb_clf,0.13843349108733166,82.2
2020-10-08,2,hgb_clf,0.13999784826637698,92.4
2020-10-08,3,hgb_clf,0.11731420319372053,90.0
2020-10-09,1,logistic,0.11159897852805929,92.4
2020-10-09,2,logistic,0.06055286382416847,90.0
2020-10-09,3,logistic,0.08228221480836599,110.0
2020-10-09,1,forest_clf,0.02910294251846226,92.4
2020-10-09,2,forest_clf,0.13634587428073502,90.0
2020-10-09,3,forest_clf,0.16935080114174472,110.0
2020-10-09,1,hgb_clf,0.14310981456595473,92.4
2020-10-09,2,hgb_clf,0.16799950723251275,90.0
2020-10-09,3,hgb_clf,0.0695611936963297,110.0
2020-10-10,1,logistic,0.14637954317453347,90.0
2020-10-10,2,logistic,0.10369338697768517,110.0
2020-10-10,3,logistic,0.09932512159372557,116.0
2020-10-10,1,forest_clf,0.05355380601109363,90.0
2020-10-10,2,forest_clf,0.17293756562342238,110.0
2020-10-10,3,forest_clf,0.25269089283578006,116.0
2020-10-10,1,hgb_clf,0.1421484000316836,90.0
2020-10-10,2,hgb_clf,0.2096515723067613,110.0
2020-10-10,3,hgb_clf,0.12169823825341997,116.0
2020-10-11,1,logistic,,110.0
2020-10-11,2,logistic,,116.0
2020-10-11,3,logistic,,112.0
2020-10-11,1,forest_clf,,110.0
2020-10-11,2,forest_clf,,116.0
2020-10-11,3,forest_clf,,112.0
2020-10-11,1,hgb_clf,0.17986859660197682,110.0
2020-10-11,2,hgb_clf,0.22274033182576752,116.0
2020-10-11,3,hgb_clf,0.1691796198631379,112.0
2020-10-12,1,logistic,,116.0
2020-10-12,2,logistic,,112.0
2020-10-12,3,logistic,,132.0
2020-10-12,1,forest_clf,,116.0
2020-10-12,2,forest_clf,,112.0
2020-10-12,3,forest_clf,,132.0
2020-10-12,1,hgb_clf,0.45048176033391535,116.0
2020-10-12,2,hgb_clf,0.318567101986402,112.0
2020-10-12,3,hgb_clf,0.5890372165034944,132.0
2020-10-13,1,logistic,0.30788712895898207,112.0
2020-10-13,2,logistic,0.20181643085872403,132.0
2020-10-13,3,logistic,0.23259310132439015,95.3
2020-10-13,1,forest_clf,0.5059761254123475,112.0
2020-10-13,2,forest_clf,0.44649283559055525,132.0
2020-10-13,3,forest_clf,0.5100314154677896,95.3
2020-10-13,1,hgb_clf,0.5245576778379188,112.0
2020-10-13,2,hgb_clf,0.523767383330565,132.0
2020-10-13,3,hgb_clf,0.6580413169540601,95.3
2020-10-14,1,logistic,0.3011208864408269,132.0
2020-10-14,2,logistic,0.21217466590596312,95.3
2020-10-14,3,logistic,0.2426716124734296,119.0
2020-10-14,1,forest_clf,0.5617865712567577,132.0
2020-10-14,2,forest_clf,0.44417523455727803,95.3
2020-10-14,3,forest_clf,0.4792533928098489,119.0
2020-10-14,1,hgb_clf,0.6785017447532032,132.0
2020-10-14,2,hgb_clf,0.49114639858829384,95.3
2020-10-14,3,hgb_clf,0.5862541205144881,119.0
2020-10-15,1,logistic,0.5282431823027192,95.3
2020-10-15,2,logistic,0.5480933407849359,119.0
2020-10-15,3,logistic,0.6301683626622283,108.0
2020-10-15,1,forest_clf,0.41357170077108735,95.3
2020-10-15,2,forest_clf,0.5033955473085554,119.0
2020-10-15,3,forest_clf,0.5830478153603008,108.0
2020-10-15,1,hgb_clf,0.5080485643191939,95.3
2020-10-15,2,hgb_clf,0.5462522842824493,119.0
2020-10-15,3,hgb_clf,0.6136355105451053,108.0
2020-10-16,1,logistic,0.372232692849318,119.0
2020-10-16,2,logistic,0.45113791745973575,108.0
2020-10-16,3,logistic,0.5747196942516837,106.0
2020-10-16,1,forest_clf,0.2592776319200701,119.0
2020-10-16,2,forest_clf,0.3971623927042272,108.0
2020-10-16,3,forest_clf,0.4445140869812566,106.0
2020-10-16,1,hgb_clf,0.19398794891838705,119.0
2020-10-16,2,hgb_clf,0.3564819621943751,108.0
2020-10-16,3,hgb_clf,0.5791241468881522,106.0
2020-10-17,1,logistic,0.4850177796209066,108.0
2020-10-17,2,logistic,0.6224819323947326,106.0
2020-10-17,3,logistic,0.6244987607040808,97.8
2020-10-17,1,forest_clf,0.42864508532229595,108.0
2020-10-17,2,forest_clf,0.44417424186541227,106.0
2020-10-17,3,forest_clf,0.573752054954667,97.8
2020-10-17,1,hgb_clf,0.5751571152262233,108.0
2020-10-17,2,hgb_clf,0.6352077325178159,106.0
2020-10-17,3,hgb_clf,0.635451763425758,97.8
2020-10-18,1,logistic,0.44339033251931886,106.0
2020-10-18,2,logistic,0.6054616744770764,97.8
2020-10-18,3,logistic,0.6456036383489913,91.7
2020-10-18,1,forest_clf,0.423115895249,106.0
2020-10-18,2,forest_clf,0.4599430854601331,97.8
2020-10-18,3,forest_clf,0.5333337438351782,91.7
2020-10-18,1,hgb_clf,0.5552833826734893,106.0
2020-10-18,2,hgb_clf,0.6228036293413467,97.8
2020-10-18,3,hgb_clf,0.5832524562929218,91.7
2020-10-19,1,logistic,0.4952760097473386,97.8
2020-10-19,2,logistic,0.5003001656238489,91.7
2020-10-19,3,logistic,0.5455454528494272,141.0
2020-10-19,1,forest_clf,0.4420579475557188,97.8
2020-10-19,2,forest_clf,0.4631030796924559,91.7
2020-10-19,3,forest_clf,0.5008306639529633,141.0
2020-10-19,1,hgb_clf,0.5704209531129774,97.8
2020-10-19,2,hgb_clf,0.6017095577518721,91.7
2020-10-19,3,hgb_clf,0.549910135299884,141.0
2020-10-20,1,logistic,0.44904465073407085,91.7
2020-10-20,2,logistic,0.48791222844454624,141.0
2020-10-20,3,logistic,0.5597876125478999,193.0
2020-10-20,1,forest_clf,0.2882319225203145,91.7
2020-10-20,2,forest_clf,0.40153248594713903,141.0
2020-10-20,3,forest_clf,0.4755346694864564,193.0
2020-10-20,1,hgb_clf,0.27056080511905417,91.7
2020-10-20,2,hgb_clf,0.5229357332457837,141.0
2020-10-20,3,hgb_clf,0.7637076861015771,193.0
2020-10-21,1,logistic,0.41012274377044844,141.0
2020-10-21,2,logistic,0.4731249432560008,193.0
2020-10-21,3,logistic,0.5579425353106098,161.0
2020-10-21,1,forest_clf,0.2844014868894468,141.0
2020-10-21,2,forest_clf,0.4015420862208451,193.0
2020-10-21,3,forest_clf,0.425151836845165,161.0
2020-10-21,1,hgb_clf,0.23966657872971772,141.0
2020-10-21,2,hgb_clf,0.7580495095172141,193.0
2020-10-21,3,hgb_clf,0.7637076861015771,161.0
2020-10-22,1,logistic,0.6077771679412836,193.0
2020-10-22,2,logistic,0.6397999926483271,161.0
2020-10-22,3,logistic,0.676677942446103,
2020-10-22,1,forest_clf,0.5027214987924526,193.0
2020-10-22,2,forest_clf,0.5101563020772681,161.0
2020-10-22,3,forest_clf,0.6194243282869761,
2020-10-22,1,hgb_clf,0.7261041166730133,193.0
2020-10-22,2,hgb_clf,0.8160859852179273,161.0
2020-10-22,3,hgb_clf,0.8444358029051364,
2020-10-23,1,logistic,0.778867336450944,161.0
2020-10-23,2,logistic,0.7445824321526433,
2020-10-23,3,logistic,0.7675441612842042,185.0
2020-10-23,1,forest_clf,0.5796387282094009,161.0
2020-10-23,2,forest_clf,0.6978933874163624,
2020-10-23,3,forest_clf,0.777955569536944,185.0
2020-10-23,1,hgb_clf,0.8846666600662255,161.0
2020-10-23,2,hgb_clf,0.8977611074934805,
2020-10-23,3,hgb_clf,0.8735489757888449,185.0
2020-10-24,1,logistic,0.7612102595704883,
2020-10-24,2,logistic,0.8024123974819717,185.0
2020-10-24,3,logistic,0.7714692472610588,166.0
2020-10-24,1,forest_clf,0.60809302942133,
2020-10-24,2,forest_clf,0.7251090582084386,185.0
2020-10-24,3,forest_clf,0.7922652096570094,166.0
2020-10-24,1,hgb_clf,0.8828752984647633,
2020-10-24,2,hgb_clf,0.8932502728974092,185.0
2020-10-24,3,hgb_clf,0.8650812402827146,166.0
2020-10-25,1,logistic,,185.0
2020-10-25,2,logistic,,166.0
2020-10-25,3,logistic,,160.0
2020-10-25,1,forest_clf,,185.0
2020-10-25,2,forest_clf,,166.0
2020-10-25,3,forest_clf,,160.0
2020-10-25,1,hgb_clf,0.7432503880585807,185.0
2020-10-25,2,hgb_clf,0.8594488336198209,166.0
2020-10-25,3,hgb_clf,0.8898924024710821,160.0
2020-10-26,1,logistic,,166.0
2020-10-26,2,logistic,,160.0
2020-10-26,3,logistic,,223.0
2020-10-26,1,forest_clf,,166.0
2020-10-26,2,forest_clf,,160.0
2020-10-26,3,forest_clf,,223.0
2020-10-26,1,hgb_clf,0.9028151675521382,166.0
2020-10-26,2,hgb_clf,0.8438290565540277,160.0
2020-10-26,3,hgb_clf,0.8701304998573213,223.0
2020-10-27,1,logistic,,160.0
2020-10-27,2,logistic,,223.0
2020-10-27,3,logistic,,223.0
2020-10-27,1,forest_clf,,160.0
2020-10-27,2,forest_clf,,223.0
2020-10-27,3,forest_clf,,223.0
2020-10-27,1,hgb_clf,0.8913627245034663,160.0
2020-10-27,2,hgb_clf,0.8820442230954725,223.0
2020-10-27,3,hgb_clf,0.8909100711309603,223.0
2020-10-28,1,logistic,,223.0
2020-10-28,2,logistic,,223.0
2020-10-28,3,logistic,,266.0
2020-10-28,1,forest_clf,,223.0
2020-10-28,2,forest_clf,,223.0
2020-10-28,3,forest_clf,,266.0
2020-10-28,1,hgb_clf,0.9305499230945444,223.0
2020-10-28,2,hgb_clf,0.8998955687633513,223.0
2020-10-28,3,hgb_clf,0.910216650524033,266.0
2020-10-29,1,logistic,0.8999611621574987,223.0
2020-10-29,2,logistic,0.8174100170237942,266.0
2020-10-29,3,logistic,0.827622122542089,242.0
2020-10-29,1,forest_clf,0.9198318754245259,223.0
2020-10-29,2,forest_clf,0.8433567650830934,266.0
2020-10-29,3,forest_clf,0.8837416768209504,242.0
2020-10-29,1,hgb_clf,0.9589321410544779,223.0
2020-10-29,2,hgb_clf,0.9307553832935267,266.0
2020-10-29,3,hgb_clf,0.9307230006833772,242.0
2020-10-30,1,logistic,0.9130619184528326,266.0
2020-10-30,2,logistic,0.8425028782830778,242.0
2020-10-30,3,logistic,0.8417718421326201,135.0
2020-10-30,1,forest_clf,0.9206504846059472,266.0
2020-10-30,2,forest_clf,0.8594009989481151,242.0
2020-10-30,3,forest_clf,0.8817627555524346,135.0
2020-10-30,1,hgb_clf,0.9559443781302376,266.0
2020-10-30,2,hgb_clf,0.9310770211917043,242.0
2020-10-30,3,hgb_clf,0.9301568574786835,135.0
2020-10-31,1,logistic,0.9592674535912047,242.0
2020-10-31,2,logistic,0.9238059237591347,135.0
2020-10-31,3,logistic,0.8775601890948383,
2020-10-31,1,forest_clf,0.9717513657481702,242.0
2020-10-31,2,forest_clf,0.9248007390397095,135.0
2020-10-31,3,forest_clf,0.913323254131824,
2020-10-31,1,hgb_clf,0.9567333886571524,242.0
2020-10-31,2,hgb_clf,0.9414407379247093,135.0
2020-10-31,3,hgb_clf,0.9491247963030738,
2020-11-01,1,logistic,,135.0
2020-11-01,2,logistic,,
2020-11-01,3,logistic,,
2020-11-01,1,forest_clf,,135.0
2020-11-01,2,forest_clf,,
2020-11-01,3,forest_clf,,
2020-11-01,1,hgb_clf,0.9654256679571189,135.0
2020-11-01,2,hgb_clf,0.9495794903197066,
2020-11-01,3,hgb_clf,0.9474344831900992,
2020-11-02,1,logistic,0.8197459559965082,
2020-11-02,2,logistic,0.7981274501390333,
2020-11-02,3,logistic,0.8317940490979454,273.0
2020-11-02,1,forest_clf,0.7491698550754928,
2020-11-02,2,forest_clf,0.9147354233993785,
2020-11-02,3,forest_clf,0.9024781211516868,273.0
2020-11-02,1,hgb_clf,0.8767625540153379,
2020-11-02,2,hgb_clf,0.8859204149925769,
2020-11-02,3,hgb_clf,0.9063900094942974,273.0
2020-11-03,1,logistic,,
2020-11-03,2,logistic,,273.0
2020-11-03,3,logistic,,224.0
2020-11-03,1,forest_clf,,
2020-11-03,2,forest_clf,,273.0
2020-11-03,3,forest_clf,,224.0
2020-11-03,1,hgb_clf,0.9012784911291527,
2020-11-03,2,hgb_clf,0.9560313226422529,273.0
2020-11-03,3,hgb_clf,0.98192222623518,224.0
2020-11-04,1,logistic,,273.0
2020-11-04,2,logistic,,224.0
2020-11-04,3,logistic,,320.0
2020-11-04,1,forest_clf,,273.0
2020-11-04,2,forest_clf,,224.0
2020-11-04,3,forest_clf,,320.0
2020-11-04,1,hgb_clf,0.8984264404084435,273.0
2020-11-04,2,hgb_clf,0.9866360762031569,224.0
2020-11-04,3,hgb_clf,0.9815183012622345,320.0
2020-11-05,1,logistic,,224.0
2020-11-05,2,logistic,,320.0
2020-11-05,3,logistic,,307.0
2020-11-05,1,forest_clf,,224.0
2020-11-05,2,forest_clf,,320.0
2020-11-05,3,forest_clf,,307.0
2020-11-05,1,hgb_clf,0.9605749701073462,224.0
2020-11-05,2,hgb_clf,0.9879908174404145,320.0
2020-11-05,3,hgb_clf,0.9853687070808701,307.0
2020-11-06,1,logistic,,320.0
2020-11-06,2,logistic,,307.0
2020-11-06,3,logistic,,549.0
2020-11-06,1,forest_clf,,320.0
2020-11-06,2,forest_clf,,307.0
2020-11-06,3,forest_clf,,549.0
2020-11-06,1,hgb_clf,0.9677005193235673,320.0
2020-11-06,2,hgb_clf,0.9845082116728469,307.0
2020-11-06,3,hgb_clf,0.9845024185905472,549.0
2020-11-07,1,logistic,,307.0
2020-11-07,2,logistic,,549.0
2020-11-07,3,logistic,,487.0
2020-11-07,1,forest_clf,,307.0
2020-11-07,2,forest_clf,,549.0
2020-11-07,3,forest_clf,,487.0
2020-11-07,1,hgb_clf,0.9626183694727718,307.0
2020-11-07,2,hgb_clf,0.9887372249648668,549.0
2020-11-07,3,hgb_clf,0.9749428465865589,487.0
2020-11-08,1,logistic,0.9834651611520516,549.0
2020-11-08,2,logistic,0.9419438112896761,487.0
2020-11-08,3,logistic,0.9041660662573351,120.0
2020-11-08,1,forest_clf,0.9947232551020971,549.0
2020-11-08,2,forest_clf,0.8830393804619215,487.0
2020-11-08,3,forest_clf,0.9180379477297698,120.0
2020-11-08,1,hgb_clf,0.9643949374889108,549.0
2020-11-08,2,hgb_clf,0.988915403666831,487.0
2020-11-08,3,hgb_clf,0.9604546890519693,120.0
2020-11-09,1,logistic,0.9993730355132752,487.0
2020-11-09,2,logistic,0.9766024619847852,120.0
2020-11-09,3,logistic,0.8911437599106198,159.0
2020-11-09,1,forest_clf,0.9695389730597845,487.0
2020-11-09,2,forest_clf,0.8723936399856091,120.0
2020-11-09,3,forest_clf,0.8782762474101431,159.0
2020-11-09,1,hgb_clf,0.9737382144188159,487.0
2020-11-09,2,hgb_clf,0.9932982837215093,120.0
2020-11-09,3,hgb_clf,0.9209345602909998,159.0
2020-11-10,1,logistic,,120.0
2020-11-10,2,logistic,,159.0
2020-11-10,3,logistic,,161.0
2020-11-10,1,forest_clf,,120.0
2020-11-10,2,forest_clf,,159.0
2020-11-10,3,forest_clf,,161.0
2020-11-10,1,hgb_clf,0.9627196443002679,120.0
2020-11-10,2,hgb_clf,0.9746103007408131,159.0
2020-11-10,3,hgb_clf,0.9402426959133181,161.0
2020-11-11,1,logistic,,159.0
2020-11-11,2,logistic,,161.0
2020-11-11,3,logistic,,360.0
2020-11-11,1,forest_clf,,159.0
2020-11-11,2,forest_clf,,161.0
2020-11-11,3,forest_clf,,360.0
2020-11-11,1,hgb_clf,0.8837674849038158,159.0
2020-11-11,2,hgb_clf,0.7682011868598243,161.0
2020-11-11,3,hgb_clf,0.7524947333713946,360.0
2020-11-12,1,logistic,0.8280373300314919,161.0
2020-11-12,2,logistic,0.7717844199953571,360.0
2020-11-12,3,logistic,0.8749434761019569,306.0
2020-11-12,1,forest_clf,0.8276418830238681,161.0
2020-11-12,2,forest_clf,0.8348442529669484,360.0
2020-11-12,3,forest_clf,0.8302674948999105,306.0
2020-11-12,1,hgb_clf,0.9515153710519857,161.0
2020-11-12,2,hgb_clf,0.9560545304361321,360.0
2020-11-12,3,hgb_clf,0.8293917409775118,306.0
2020-11-13,1,logistic,0.9099857799282753,360.0
2020-11-13,2,logistic,0.8914658124549857,306.0
2020-11-13,3,logistic,0.9769345673874094,93.9
2020-11-13,1,forest_clf,0.8910610373662433,360.0
2020-11-13,2,forest_clf,0.8400659145762723,306.0
2020-11-13,3,forest_clf,0.8294511477570241,93.9
2020-11-13,1,hgb_clf,0.9591151747624668,360.0
2020-11-13,2,hgb_clf,0.9771086608251727,306.0
2020-11-13,3,hgb_clf,0.9170298468947953,93.9
2020-11-14,1,logistic,0.9947311996985305,306.0
2020-11-14,2,logistic,0.9838879356192203,93.9
2020-11-14,3,logistic,0.9528496315747674,80.2
2020-11-14,1,forest_clf,0.9766019583268082,306.0
2020-11-14,2,forest_clf,0.8599081321832831,93.9
2020-11-14,3,forest_clf,0.8286740145817412,80.2
2020-11-14,1,hgb_clf,0.9725973275943479,306.0
2020-11-14,2,hgb_clf,0.9899842002463745,93.9
2020-11-14,3,hgb_clf,0.9220476604900686,80.2
2020-11-15,1,logistic,0.9919736446901749,93.9
2020-11-15,2,logistic,0.9798608626531765,80.2
2020-11-15,3,logistic,0.9638621855513471,112.0
2020-11-15,1,forest_clf,0.9607714090332802,93.9
2020-11-15,2,forest_clf,0.8503251890746426,80.2
2020-11-15,3,forest_clf,0.835249906577017,112.0
2020-11-15,1,hgb_clf,0.966848377760541,93.9
2020-11-15,2,hgb_clf,0.9837911189182855,80.2
2020-11-15,3,hgb_clf,0.9340416773018717,112.0
2020-11-16,1,logistic,0.8851791155638485,80.2
2020-11-16,2,logistic,0.9019854329613308,112.0
2020-11-16,3,logistic,0.746795779231222,127.0
2020-11-16,1,forest_clf,0.41978971286578487,80.2
2020-11-16,2,forest_clf,0.6245568549549149,112.0
2020-11-16,3,forest_clf,0.7235202140691076,127.0
2020-11-16,1,hgb_clf,0.6577979130203278,80.2
2020-11-16,2,hgb_clf,0.8752170523166618,112.0
2020-11-16,3,hgb_clf,0.7259867159465595,127.0
2020-11-17,1,logistic,0.7365347637825777,112.0
2020-11-17,2,logistic,0.7776115907767044,127.0
2020-11-17,3,logistic,0.6764707736039727,135.0
2020-11-17,1,forest_clf,0.3688132471900796,112.0
2020-11-17,2,forest_clf,0.5904443415904178,127.0
2020-11-17,3,forest_clf,0.7012293326416777,135.0
2020-11-17,1,hgb_clf,0.599200674243427,112.0
2020-11-17,2,hgb_clf,0.7281038330970984,127.0
2020-11-17,3,hgb_clf,0.5995742385114561,135.0
2020-11-18,1,logistic,0.793284070161348,127.0
2020-11-18,2,logistic,0.7431695521239209,135.0
2020-11-18,3,logistic,0.9028725826987588,130.0
2020-11-18,1,forest_clf,0.6853720503920222,127.0
2020-11-18,2,forest_clf,0.6392078778788737,135.0
2020-11-18,3,forest_clf,0.7577107001070192,130.0
2020-11-18,1,hgb_clf,0.8798314246192805,127.0
2020-11-18,2,hgb_clf,0.7759993328639911,135.0
2020-11-18,3,hgb_clf,0.6641085891996827,130.0
2020-11-19,1,logistic,0.8584140862096884,135.0
2020-11-19,2,logistic,0.82207126060214,130.0
2020-11-19,3,logistic,0.8969354228198415,138.0
2020-11-19,1,forest_clf,0.8462740177786963,135.0
2020-11-19,2,forest_clf,0.6915366813693962,130.0
2020-11-19,3,forest_clf,0.7794779889940903,138.0
2020-11-19,1,hgb_clf,0.9041541791894486,135.0
2020-11-19,2,hgb_clf,0.8582912134709305,130.0
2020-11-19,3,hgb_clf,0.7269359945612638,138.0
2020-11-20,1,logistic,0.8746334434315012,130.0
2020-11-20,2,logistic,0.8459028501519874,138.0
2020-11-20,3,logistic,0.9034929092106418,
2020-11-20,1,forest_clf,0.8823973060559535,130.0
2020-11-20,2,forest_clf,0.7159142380167762,138.0
2020-11-20,3,forest_clf,0.7788166671003576,
2020-11-20,1,hgb_clf,0.9041541791894486,130.0
2020-11-20,2,hgb_clf,0.9021793002438988,138.0
2020-11-20,3,hgb_clf,0.5937377244879706,
2020-11-21,1,logistic,0.8932245685012393,138.0
2020-11-21,2,logistic,0.9362072255927467,
2020-11-21,3,logistic,0.8414406806708984,235.0
2020-11-21,1,forest_clf,0.8571041519228578,138.0
2020-11-21,2,forest_clf,0.6725869303386254,
2020-11-21,3,forest_clf,0.7615803577497025,235.0
2020-11-21,1,hgb_clf,0.9029222863070501,138.0
2020-11-21,2,hgb_clf,0.7911258091169758,
2020-11-21,3,hgb_clf,0.5418431845296593,235.0
2020-11-22,1,logistic,0.8809667481023472,
2020-11-22,2,logistic,0.9035790965098354,235.0
2020-11-22,3,logistic,0.7870470476645393,272.0
2020-11-22,1,forest_clf,0.8427476712127695,
2020-11-22,2,forest_clf,0.6403957708286088,235.0
2020-11-22,3,forest_clf,0.7786379811115667,272.0
2020-11-22,1,hgb_clf,0.914130764697946,
2020-11-22,2,hgb_clf,0.8075601182896294,235.0
2020-11-22,3,hgb_clf,0.6873238716171669,272.0
2020-11-23,1,logistic,,235.0
2020-11-23,2,logistic,,272.0
2020-11-23,3,logistic,,
2020-11-23,1,forest_clf,,235.0
2020-11-23,2,forest_clf,,272.0
2020-11-23,3,forest_clf,,
2020-11-23,1,hgb_clf,0.8713166035903672,235.0
2020-11-23,2,hgb_clf,0.7427008695509049,272.0
2020-11-23,3,hgb_clf,0.8095306640845648,
2020-11-24,1,logistic,,272.0
2020-11-24,2,logistic,,
2020-11-24,3,logistic,,81.2
2020-11-24,1,forest_clf,,272.0
2020-11-24,2,forest_clf,,
2020-11-24,3,forest_clf,,81.2
2020-11-24,1,hgb_clf,0.9643550149034135,272.0
2020-11-24,2,hgb_clf,0.9472399315566804,
2020-11-24,3,hgb_clf,0.8478807983811006,81.2
2020-11-25,1,logistic,,
2020-11-25,2,logistic,,81.2
2020-11-25,3,logistic,,118.0
2020-11-25,1,forest_clf,,
2020-11-25,2,forest_clf,,81.2
2020-11-25,3,forest_clf,,118.0
2020-11-25,1,hgb_clf,0.9524261453396702,
2020-11-25,2,hgb_clf,0.8615976881096881,81.2
2020-11-25,3,hgb_clf,0.847759409357004,118.0
2020-11-26,1,logistic,,81.2
2020-11-26,2,logistic,,118.0
2020-11-26,3,logistic,,118.0
2020-11-26,1,forest_clf,,81.2
2020-11-26,2,forest_clf,,118.0
2020-11-26,3,forest_clf,,118.0
2020-11-26,1,hgb_clf,0.9227837913542866,81.2
2020-11-26,2,hgb_clf,0.9512906157952992,118.0
2020-11-26,3,hgb_clf,0.9145109129422857,118.0
2020-11-27,1,logistic,,118.0
2020-11-27,2,logistic,,118.0
2020-11-27,3,logistic,,163.0
2020-11-27,1,forest_clf,,118.0
2020-11-27,2,forest_clf,,118.0
2020-11-27,3,forest_clf,,163.0
2020-11-27,1,hgb_clf,0.6842614686583747,118.0
2020-11-27,2,hgb_clf,0.9421917872667595,118.0
2020-11-27,3,hgb_clf,0.8634983334039131,163.0
2020-11-28,1,logistic,,118.0
2020-11-28,2,logistic,,163.0
2020-11-28,3,logistic,,215.0
2020-11-28,1,forest_clf,,118.0
2020-11-28,2,forest_clf,,163.0
2020-11-28,3,forest_clf,,215.0
2020-11-28,1,hgb_clf,0.8929591925493173,118.0
2020-11-28,2,hgb_clf,0.936389893965815,163.0
2020-11-28,3,hgb_clf,0.9106653576648953,215.0
2020-11-29,1,logistic,,163.0
2020-11-29,2,logistic,,215.0
2020-11-29,3,logistic,,216.0
2020-11-29,1,forest_clf,,163.0
2020-11-29,2,forest_clf,,215.0
2020-11-29,3,forest_clf,,216.0
2020-11-29,1,hgb_clf,0.888616437861183,163.0
2020-11-29,2,hgb_clf,0.9779355172407863,215.0
2020-11-29,3,hgb_clf,0.9748733423406699,216.0
2020-11-30,1,logistic,,215.0
2020-11-30,2,logistic,,216.0
2020-11-30,3,logistic,,
2020-11-30,1,forest_clf,,215.0
2020-11-30,2,forest_clf,,216.0
2020-11-30,3,forest_clf,,
2020-11-30,1,hgb_clf,0.9611835165636992,215.0
2020-11-30,2,hgb_clf,0.9428500666720354,216.0
2020-11-30,3,hgb_clf,0.9519678197503905,
2020-12-01,1,logistic,0.9525096129321603,216.0
2020-12-01,2,logistic,0.9412018562391555,
2020-12-01,3,logistic,0.9328566750533673,232.0
2020-12-01,1,forest_clf,0.9575351692972832,216.0
2020-12-01,2,forest_clf,0.8759246898400028,
2020-12-01,3,forest_clf,0.8955518154507911,232.0
2020-12-01,1,hgb_clf,0.9660737025301644,216.0
2020-12-01,2,hgb_clf,0.9701665409385751,
2020-12-01,3,hgb_clf,0.9419976695684098,232.0
2020-12-02,1,logistic,0.9590664154431542,
2020-12-02,2,logistic,0.9475605206299437,232.0
2020-12-02,3,logistic,0.9237276065430421,
2020-12-02,1,forest_clf,0.9124649251939116,
2020-12-02,2,forest_clf,0.8625991725326975,232.0
2020-12-02,3,forest_clf,0.8805989280979871,
2020-12-02,1,hgb_clf,0.9484587846163849,
2020-12-02,2,hgb_clf,0.953135298451552,232.0
2020-12-02,3,hgb_clf,0.9204055297712368,
2020-12-03,1,logistic,,232.0
2020-12-03,2,logistic,,
2020-12-03,3,logistic,,224.0
2020-12-03,1,forest_clf,,232.0
2020-12-03,2,forest_clf,,
2020-12-03,3,forest_clf,,224.0
2020-12-03,1,hgb_clf,0.8542623970962588,232.0
2020-12-03,2,hgb_clf,0.9560526846472978,
2020-12-03,3,hgb_clf,0.9692752434128206,224.0
2020-12-04,1,logistic,,
2020-12-04,2,logistic,,224.0
2020-12-04,3,logistic,,299.0
2020-12-04,1,forest_clf,,
2020-12-04,2,forest_clf,,224.0
2020-12-04,3,forest_clf,,299.0
2020-12-04,1,hgb_clf,0.9724156429084391,
2020-12-04,2,hgb_clf,0.9417038394582986,224.0
2020-12-04,3,hgb_clf,0.9024074683920352,299.0
2020-12-05,1,logistic,,224.0
2020-12-05,2,logistic,,299.0
2020-12-05,3,logistic,,195.0
2020-12-05,1,forest_clf,,224.0
2020-12-05,2,forest_clf,,299.0
2020-12-05,3,forest_clf,,195.0
2020-12-05,1,hgb_clf,0.8896578707768891,224.0
2020-12-05,2,hgb_clf,0.9677361568551311,299.0
2020-12-05,3,hgb_clf,0.9620635733359871,195.0
2020-12-06,1,logistic,,299.0
2020-12-06,2,logistic,,195.0
2020-12-06,3,logistic,,181.0
2020-12-06,1,forest_clf,,299.0
2020-12-06,2,forest_clf,,195.0
2020-12-06,3,forest_clf,,181.0
2020-12-06,1,hgb_clf,0.964857538089994,299.0
2020-12-06,2,hgb_clf,0.9875404745099077,195.0
2020-12-06,3,hgb_clf,0.9641353394530092,181.0
2020-12-07,1,logistic,,195.0
2020-12-07,2,logistic,,181.0
2020-12-07,3,logistic,,128.0
2020-12-07,1,forest_clf,,195.0
2020-12-07,2,forest_clf,,181.0
2020-12-07,3,forest_clf,,128.0
2020-12-07,1,hgb_clf,0.9537378056180391,195.0
2020-12-07,2,hgb_clf,0.9514039078985015,181.0
2020-12-07,3,hgb_clf,0.8107241274728901,128.0
2020-12-08,1,logistic,,181.0
2020-12-08,2,logistic,,128.0
2020-12-08,3,logistic,,
2020-12-08,1,forest_clf,,181.0
2020-12-08,2,forest_clf,,128.0
2020-12-08,3,forest_clf,,
2020-12-08,1,hgb_clf,0.944009281190063,181.0
2020-12-08,2,hgb_clf,0.9536433098060658,128.0
2020-12-08,3,hgb_clf,0.8841083456594993,
2020-12-09,1,logistic,0.9171228747094239,128.0
2020-12-09,2,logistic,0.8509275068796671,
2020-12-09,3,logistic,0.8843405754802279,
2020-12-09,1,forest_clf,0.9702587131048133,128.0
2020-12-09,2,forest_clf,0.9559643103483185,
2020-12-09,3,forest_clf,0.955892096294961,
2020-12-09,1,hgb_clf,0.9227878596018657,128.0
2020-12-09,2,hgb_clf,0.9814904070382025,
2020-12-09,3,hgb_clf,0.7650683219905741,
2020-12-10,1,logistic,,
2020-12-10,2,logistic,,
2020-12-10,3,logistic,,
2020-12-10,1,forest_clf,,
2020-12-10,2,forest_clf,,
2020-12-10,3,forest_clf,,
2020-12-10,1,hgb_clf,,
2020-12-10,2,hgb_clf,,
2020-12-10,3,hgb_clf,,
2020-12-11,1,logistic,,
2020-12-11,2,logistic,,
2020-12-11,3,logistic,,87.0
2020-12-11,1,forest_clf,,
2020-12-11,2,forest_clf,,
2020-12-11,3,forest_clf,,87.0
2020-12-11,1,hgb_clf,0.8914836524927596,
2020-12-11,2,hgb_clf,0.9348714018455426,
2020-12-11,3,hgb_clf,0.882596688093116,87.0
2020-12-12,1,logistic,,
2020-12-12,2,logistic,,87.0
2020-12-12,3,logistic,,128.0
2020-12-12,1,forest_clf,,
2020-12-12,2,forest_clf,,87.0
2020-12-12,3,forest_clf,,128.0
2020-12-12,1,hgb_clf,0.8350808875451803,
2020-12-12,2,hgb_clf,0.971320052758673,87.0
2020-12-12,3,hgb_clf,0.966340168551714,128.0
2020-12-13,1,logistic,,87.0
2020-12-13,2,logistic,,128.0
2020-12-13,3,logistic,,130.0
2020-12-13,1,forest_clf,,87.0
2020-12-13,2,forest_clf,,128.0
2020-12-13,3,forest_clf,,130.0
2020-12-13,1,hgb_clf,0.8970555058230634,87.0
2020-12-13,2,hgb_clf,0.9759500430441687,128.0
2020-12-13,3,hgb_clf,0.9689351140836137,130.0
2020-12-14,1,logistic,,128.0
2020-12-14,2,logistic,,130.0
2020-12-14,3,logistic,,148.0
2020-12-14,1,forest_clf,,128.0
2020-12-14,2,forest_clf,,130.0
2020-12-14,3,forest_clf,,148.0
2020-12-14,1,hgb_clf,0.6790323238829798,128.0
2020-12-14,2,hgb_clf,0.9568149897539623,130.0
2020-12-14,3,hgb_clf,0.9285264717619954,148.0
2020-12-15,1,logistic,,130.0
2020-12-15,2,logistic,,148.0
2020-12-15,3,logistic,,134.0
2020-12-15,1,forest_clf,,130.0
2020-12-15,2,forest_clf,,148.0
2020-12-15,3,forest_clf,,134.0
2020-12-15,1,hgb_clf,0.8854513714661696,130.0
2020-12-15,2,hgb_clf,0.9286956115164072,148.0
2020-12-15,3,hgb_clf,0.9018135352459703,134.0
2020-12-16,1,logistic,,148.0
2020-12-16,2,logistic,,134.0
2020-12-16,3,logistic,,
2020-12-16,1,forest_clf,,148.0
2020-12-16,2,forest_clf,,134.0
2020-12-16,3,forest_clf,,
2020-12-16,1,hgb_clf,0.8952475566077752,148.0
2020-12-16,2,hgb_clf,0.9601849905582347,134.0
2020-12-16,3,hgb_clf,0.9536538761404434,
2020-12-17,1,logistic,0.7855426436333122,134.0
2020-12-17,2,logistic,0.5946408136436336,
2020-12-17,3,logistic,0.7064777974942326,183.0
2020-12-17,1,forest_clf,0.9221010524334133,134.0
2020-12-17,2,forest_clf,0.9116263640118976,
2020-12-17,3,forest_clf,0.8986516892840154,183.0
2020-12-17,1,hgb_clf,0.9267161398202833,134.0
2020-12-17,2,hgb_clf,0.9355062060358496,
2020-12-17,3,hgb_clf,0.9749955565498456,183.0
2020-12-18,1,logistic,,
2020-12-18,2,logistic,,183.0
2020-12-18,3,logistic,,181.0
2020-12-18,1,forest_clf,,
2020-12-18,2,forest_clf,,183.0
2020-12-18,3,forest_clf,,181.0
2020-12-18,1,hgb_clf,0.8893846472066153,
2020-12-18,2,hgb_clf,0.9623499978328784,183.0
2020-12-18,3,hgb_clf,0.9753874986380869,181.0
2020-12-19,1,logistic,,183.0
2020-12-19,2,logistic,,181.0
2020-12-19,3,logistic,,293.0
2020-12-19,1,forest_clf,,183.0
2020-12-19,2,forest_clf,,181.0
2020-12-19,3,forest_clf,,293.0
2020-12-19,1,hgb_clf,0.8326609168831571,183.0
2020-12-19,2,hgb_clf,0.9677022233709874,181.0
2020-12-19,3,hgb_clf,0.9780248372513871,293.0
2020-12-20,1,logistic,,181.0
2020-12-20,2,logistic,,293.0
2020-12-20,3,logistic,,349.0
2020-12-20,1,forest_clf,,181.0
2020-12-20,2,forest_clf,,293.0
2020-12-20,3,forest_clf,,349.0
2020-12-20,1,hgb_clf,0.9562456467654711,181.0
2020-12-20,2,hgb_clf,0.9702091677329282,293.0
2020-12-20,3,hgb_clf,0.9671548005833341,349.0
2020-12-21,1,logistic,,293.0
2020-12-21,2,logistic,,349.0
2020-12-21,3,logistic,,335.0
2020-12-21,1,forest_clf,,293.0
2020-12-21,2,forest_clf,,349.0
2020-12-21,3,forest_clf,,335.0
2020-12-21,1,hgb_clf,0.9515045190188962,293.0
2020-12-21,2,hgb_clf,0.962907500791422,349.0
2020-12-21,3,hgb_clf,0.9829077738920776,335.0
2020-12-22,1,logistic,,349.0
2020-12-22,2,logistic,,335.0
2020-12-22,3,logistic,,212.0
2020-12-22,1,forest_clf,,349.0
2020-12-22,2,forest_clf,,335.0
2020-12-22,3,forest_clf,,212.0
2020-12-22,1,hgb_clf,0.9819830974994695,349.0
2020-12-22,2,hgb_clf,0.9923732279864889,335.0
2020-12-22,3,hgb_clf,0.9874578309760738,212.0
2020-12-23,1,logistic,0.9918091995324202,335.0
2020-12-23,2,logistic,0.9662955850393175,212.0
2020-12-23,3,logistic,0.9621220751208033,205.0
2020-12-23,1,forest_clf,0.9904438559904695,335.0
2020-12-23,2,forest_clf,0.9837705537143264,212.0
2020-12-23,3,forest_clf,0.9799383685779313,205.0
2020-12-23,1,hgb_clf,0.9780333454515123,335.0
2020-12-23,2,hgb_clf,0.9888932228291889,212.0
2020-12-23,3,hgb_clf,0.9891335709830583,205.0
2020-12-24,1,logistic,0.9928781497286183,212.0
2020-12-24,2,logistic,0.9723317967684705,205.0
2020-12-24,3,logistic,0.9636651733764994,270.0
2020-12-24,1,forest_clf,0.9894627188875258,212.0
2020-12-24,2,forest_clf,0.9797252622728133,205.0
2020-12-24,3,forest_clf,0.9752409273936914,270.0
2020-12-24,1,hgb_clf,0.9749824673514192,212.0
2020-12-24,2,hgb_clf,0.9873581733210385,205.0
2020-12-24,3,hgb_clf,0.9863327424676613,270.0
2020-12-25,1,logistic,0.9459447894982849,205.0
2020-12-25,2,logistic,0.8967791012502896,270.0
2020-12-25,3,logistic,0.9439343271334851,96.5
2020-12-25,1,forest_clf,0.9831995213794843,205.0
2020-12-25,2,forest_clf,0.9714501938282083,270.0
2020-12-25,3,forest_clf,0.975866355515113,96.5
2020-12-25,1,hgb_clf,0.9663675087714021,205.0
2020-12-25,2,hgb_clf,0.9851607316961981,270.0
2020-12-25,3,hgb_clf,0.9850879130555371,96.5
2020-12-26,1,logistic,,270.0
2020-12-26,2,logistic,,96.5
2020-12-26,3,logistic,,128.0
2020-12-26,1,forest_clf,,270.0
2020-12-26,2,forest_clf,,96.5
2020-12-26,3,forest_clf,,128.0
2020-12-26,1,hgb_clf,0.9539562165947193,270.0
2020-12-26,2,hgb_clf,0.9954154072205565,96.5
2020-12-26,3,hgb_clf,0.9897215028865491,128.0
2020-12-27,1,logistic,0.9816891538167117,96.5
2020-12-27,2,logistic,0.9833157482576215,128.0
2020-12-27,3,logistic,0.9833754958232691,168.0
2020-12-27,1,forest_clf,1.0,96.5
2020-12-27,2,forest_clf,0.9959716132700962,128.0
2020-12-27,3,forest_clf,0.9814985026680059,168.0
2020-12-27,1,hgb_clf,0.9736609075666492,96.5
2020-12-27,2,hgb_clf,0.9863909448749029,128.0
2020-12-27,3,hgb_clf,0.9928188449907046,168.0
2020-12-28,1,logistic,0.8395903958679435,128.0
2020-12-28,2,logistic,0.8782572069404847,168.0
2020-12-28,3,logistic,0.9403787750709448,253.0
2020-12-28,1,forest_clf,0.5459444181611743,128.0
2020-12-28,2,forest_clf,0.7907246863749416,168.0
2020-12-28,3,forest_clf,0.8577111931097403,253.0
2020-12-28,1,hgb_clf,0.7623298915219847,128.0
2020-12-28,2,hgb_clf,0.9866189561361711,168.0
2020-12-28,3,hgb_clf,0.9853078413012161,253.0
2020-12-29,1,logistic,0.8702271594643493,168.0
2020-12-29,2,logistic,0.9215853006042815,253.0
2020-12-29,3,logistic,0.9223082871635715,392.0
2020-12-29,1,forest_clf,0.9086072639982422,168.0
2020-12-29,2,forest_clf,0.8620531493436726,253.0
2020-12-29,3,forest_clf,0.8992465287340218,392.0
2020-12-29,1,hgb_clf,0.936130318698397,168.0
2020-12-29,2,hgb_clf,0.9876683217449923,253.0
2020-12-29,3,hgb_clf,0.9863417825855944,392.0
2020-12-30,1,logistic,0.9366941671725315,253.0
2020-12-30,2,logistic,0.9565848788180117,392.0
2020-12-30,3,logistic,0.958932049042931,
2020-12-30,1,forest_clf,0.9399074960423025,253.0
2020-12-30,2,forest_clf,0.9433898527203542,392.0
2020-12-30,3,forest_clf,0.9565276370281233,
2020-12-30,1,hgb_clf,0.9793916496219932,253.0
2020-12-30,2,hgb_clf,0.9855387353849092,392.0
2020-12-30,3,hgb_clf,0.9783823440343913,
2020-12-31,1,logistic,0.9815758091782673,392.0
2020-12-31,2,logistic,0.9759529533680149,
2020-12-31,3,logistic,0.949058182236166,125.0
2020-12-31,1,forest_clf,0.9875091084279763,392.0
2020-12-31,2,forest_clf,0.9593363959931868,
2020-12-31,3,forest_clf,0.9549330237881349,125.0
2020-12-31,1,hgb_clf,0.9823756493138475,392.0
2020-12-31,2,hgb_clf,0.991075525543621,
2020-12-31,3,hgb_clf,0.9794111705928149,125.0
2021-01-01,1,logistic,0.9958323120416149,
2021-01-01,2,logistic,0.9770828389907316,125.0
2021-01-01,3,logistic,0.9576410759783066,85.8
2021-01-01,1,forest_clf,0.9876425784630126,
2021-01-01,2,forest_clf,0.9602848358064702,125.0
2021-01-01,3,forest_clf,0.9525287007341423,85.8
2021-01-01,1,hgb_clf,0.9772233386825674,
2021-01-01,2,hgb_clf,0.9870891719774088,125.0
2021-01-01,3,hgb_clf,0.9799750095342705,85.8
2021-01-02,1,logistic,,125.0
2021-01-02,2,logistic,,85.8
2021-01-02,3,logistic,,68.2
2021-01-02,1,forest_clf,,125.0
2021-01-02,2,forest_clf,,85.8
2021-01-02,3,forest_clf,,68.2
2021-01-02,1,hgb_clf,0.9604267316839691,125.0
2021-01-02,2,hgb_clf,0.9762477575417509,85.8
2021-01-02,3,hgb_clf,0.9938077001153577,68.2
2021-01-03,1,logistic,,85.8
2021-01-03,2,logistic,,68.2
2021-01-03,3,logistic,,129.0
2021-01-03,1,forest_clf,,85.8
2021-01-03,2,forest_clf,,68.2
2021-01-03,3,forest_clf,,129.0
2021-01-03,1,hgb_clf,0.9611244314961574,85.8
2021-01-03,2,hgb_clf,0.9677352905861754,68.2
2021-01-03,3,hgb_clf,0.9314894657230899,129.0
2021-01-04,1,logistic,,68.2
2021-01-04,2,logistic,,129.0
2021-01-04,3,logistic,,128.0
2021-01-04,1,forest_clf,,68.2
2021-01-04,2,forest_clf,,129.0
2021-01-04,3,forest_clf,,128.0
2021-01-04,1,hgb_clf,0.7274672932805238,68.2
2021-01-04,2,hgb_clf,0.9555668813603992,129.0
2021-01-04,3,hgb_clf,0.942337883167341,128.0
2021-01-05,1,logistic,,129.0
2021-01-05,2,logistic,,128.0
2021-01-05,3,logistic,,159.0
2021-01-05,1,forest_clf,,129.0
2021-01-05,2,forest_clf,,128.0
2021-01-05,3,forest_clf,,159.0
2021-01-05,1,hgb_clf,0.7804320530769695,129.0
2021-01-05,2,hgb_clf,0.9349026268126616,128.0
2021-01-05,3,hgb_clf,0.8874133164109427,159.0
2021-01-06,1,logistic,0.782958789740845,128.0
2021-01-06,2,logistic,0.8016170398904131,159.0
2021-01-06,3,logistic,0.8656023883309654,163.0
2021-01-06,1,forest_clf,0.8436485949642685,128.0
2021-01-06,2,forest_clf,0.7711558671024018,159.0
2021-01-06,3,forest_clf,0.8476459211677648,163.0
2021-01-06,1,hgb_clf,0.9394461462544946,128.0
2021-01-06,2,hgb_clf,0.952230974694897,159.0
2021-01-06,3,hgb_clf,0.8990819852187721,163.0
2021-01-07,1,logistic,0.8060042483269744,159.0
2021-01-07,2,logistic,0.8581948120559402,163.0
2021-01-07,3,logistic,0.865786868824492,145.0
2021-01-07,1,forest_clf,0.8587407830175144,159.0
2021-01-07,2,forest_clf,0.8588260914550019,163.0
2021-01-07,3,forest_clf,0.8197599281861773,145.0
2021-01-07,1,hgb_clf,0.9185746374794873,159.0
2021-01-07,2,hgb_clf,0.9539182658772934,163.0
2021-01-07,3,hgb_clf,0.9431535408485501,145.0
2021-01-08,1,logistic,0.8812968048910211,163.0
2021-01-08,2,logistic,0.891452578722779,145.0
2021-01-08,3,logistic,0.7186040432937498,135.0
2021-01-08,1,forest_clf,0.9255692334631079,163.0
2021-01-08,2,forest_clf,0.8441522272575674,145.0
2021-01-08,3,forest_clf,0.8147864604012967,135.0
2021-01-08,1,hgb_clf,0.9345587021118414,163.0
2021-01-08,2,hgb_clf,0.9248803662984161,145.0
2021-01-08,3,hgb_clf,0.7965811691790602,135.0
2021-01-09,1,logistic,,145.0
2021-01-09,2,logistic,,135.0
2021-01-09,3,logistic,,197.0
2021-01-09,1,forest_clf,,145.0
2021-01-09,2,forest_clf,,135.0
2021-01-09,3,forest_clf,,197.0
2021-01-09,1,hgb_clf,0.9548162189062136,145.0
2021-01-09,2,hgb_clf,0.9461634776874414,135.0
2021-01-09,3,hgb_clf,0.9590191957188049,197.0
2021-01-10,1,logistic,0.8414888479509172,135.0
2021-01-10,2,logistic,0.9223416389735973,197.0
2021-01-10,3,logistic,0.8763604269234053,250.0
2021-01-10,1,forest_clf,0.9200129707830819,135.0
2021-01-10,2,forest_clf,0.8572013289807364,197.0
2021-01-10,3,forest_clf,0.849004850879911,250.0
2021-01-10,1,hgb_clf,0.9146967317793325,135.0
2021-01-10,2,hgb_clf,0.9561927053263516,197.0
2021-01-10,3,hgb_clf,0.9608757842439473,250.0
2021-01-11,1,logistic,0.8410551973754643,197.0
2021-01-11,2,logistic,0.8478095164536311,250.0
2021-01-11,3,logistic,0.8363870639719418,423.0
2021-01-11,1,forest_clf,0.9133647669213188,197.0
2021-01-11,2,forest_clf,0.8675471587091331,250.0
2021-01-11,3,forest_clf,0.8568462797923335,423.0
2021-01-11,1,hgb_clf,0.8826692386970167,197.0
2021-01-11,2,hgb_clf,0.8996875684062661,250.0
2021-01-11,3,hgb_clf,0.9188994452251479,423.0
2021-01-12,1,logistic,0.9224324870278003,250.0
2021-01-12,2,logistic,0.8830989223559162,423.0
2021-01-12,3,logistic,0.8743768729555451,410.0
2021-01-12,1,forest_clf,0.9613491062157331,250.0
2021-01-12,2,forest_clf,0.7766931168920415,423.0
2021-01-12,3,forest_clf,0.8588420943511029,410.0
2021-01-12,1,hgb_clf,0.9541526002346886,250.0
2021-01-12,2,hgb_clf,0.7716021634961228,423.0
2021-01-12,3,hgb_clf,0.8584146550149004,410.0
2021-01-13,1,logistic,0.9652735124486725,423.0
2021-01-13,2,logistic,0.9291373213911783,410.0
2021-01-13,3,logistic,0.8973292682132236,291.0
2021-01-13,1,forest_clf,0.9471898288413436,423.0
2021-01-13,2,forest_clf,0.898900740479805,410.0
2021-01-13,3,forest_clf,0.9026677048634126,291.0
2021-01-13,1,hgb_clf,0.9543658355472064,423.0
2021-01-13,2,hgb_clf,0.9106939034912027,410.0
2021-01-13,3,hgb_clf,0.9264092047470546,291.0
2021-01-14,1,logistic,0.9961428807782391,410.0
2021-01-14,2,logistic,0.9739340657841387,291.0
2021-01-14,3,logistic,0.9262096890852479,254.0
2021-01-14,1,forest_clf,0.9458462861193356,410.0
2021-01-14,2,forest_clf,0.9301884156582712,291.0
2021-01-14,3,forest_clf,0.8751749253259953,254.0
2021-01-14,1,hgb_clf,0.9488232246993025,410.0
2021-01-14,2,hgb_clf,0.9420813420136569,291.0
2021-01-14,3,hgb_clf,0.929377987078148,254.0
2021-01-15,1,logistic,0.996514232838688,291.0
2021-01-15,2,logistic,0.9775387507123162,254.0
2021-01-15,3,logistic,0.9474608838757738,223.0
2021-01-15,1,forest_clf,0.9514001078014609,291.0
2021-01-15,2,forest_clf,0.9158391434294763,254.0
2021-01-15,3,forest_clf,0.883857360982461,223.0
2021-01-15,1,hgb_clf,0.9547167700748452,291.0
2021-01-15,2,hgb_clf,0.9419004194913827,254.0
2021-01-15,3,hgb_clf,0.9244312447758807,223.0
2021-01-16,1,logistic,0.9844262189117575,254.0
2021-01-16,2,logistic,0.9763350363162205,223.0
2021-01-16,3,logistic,0.9214722469178983,297.0
2021-01-16,1,forest_clf,0.9372108039543664,254.0
2021-01-16,2,forest_clf,0.9113414774692246,223.0
2021-01-16,3,forest_clf,0.8763676133977308,297.0
2021-01-16,1,hgb_clf,0.9461043615147909,254.0
2021-01-16,2,hgb_clf,0.8126883944861645,223.0
2021-01-16,3,hgb_clf,0.7994993106456245,297.0
2021-01-17,1,logistic,0.9622020171406855,223.0
2021-01-17,2,logistic,0.9540579042177555,297.0
2021-01-17,3,logistic,0.9287652192215453,147.0
2021-01-17,1,forest_clf,0.9310684274581592,223.0
2021-01-17,2,forest_clf,0.9078195973157682,297.0
2021-01-17,3,forest_clf,0.8657895701767693,147.0
2021-01-17,1,hgb_clf,0.9470204213590058,223.0
2021-01-17,2,hgb_clf,0.8467653250238808,297.0
2021-01-17,3,hgb_clf,0.671680455764879,147.0
2021-01-18,1,logistic,0.961432394752277,297.0
2021-01-18,2,logistic,0.9292877768275607,147.0
2021-01-18,3,logistic,0.9335762348699967,147.0
2021-01-18,1,forest_clf,0.9462004509804917,297.0
2021-01-18,2,forest_clf,0.8452960646832186,147.0
2021-01-18,3,forest_clf,0.8617569385541464,147.0
2021-01-18,1,hgb_clf,0.9323934113300306,297.0
2021-01-18,2,hgb_clf,0.8632997782950977,147.0
2021-01-18,3,hgb_clf,0.5368022447723712,147.0
2021-01-19,1,logistic,0.9882090973873434,147.0
2021-01-19,2,logistic,0.9673580896907648,147.0
2021-01-19,3,logistic,0.942386430832523,223.0
2021-01-19,1,forest_clf,0.922419220518555,147.0
2021-01-19,2,forest_clf,0.8977876973914928,147.0
2021-01-19,3,forest_clf,0.8365324121904597,223.0
2021-01-19,1,hgb_clf,0.9549387166235663,147.0
2021-01-19,2,hgb_clf,0.7719177144306787,147.0
2021-01-19,3,hgb_clf,0.46459836041595304,223.0
2021-01-20,1,logistic,0.9154868862416569,147.0
2021-01-20,2,logistic,0.9036450306122973,223.0
2021-01-20,3,logistic,0.9140762071886045,185.0
2021-01-20,1,forest_clf,0.8139570032497483,147.0
2021-01-20,2,forest_clf,0.8861730094740576,223.0
2021-01-20,3,forest_clf,0.8166220783919675,185.0
2021-01-20,1,hgb_clf,0.9188006399020978,147.0
2021-01-20,2,hgb_clf,0.792169250089459,223.0
2021-01-20,3,hgb_clf,0.6997511570789333,185.0
2021-01-21,1,logistic,0.9031572871151308,223.0
2021-01-21,2,logistic,0.9223088501377263,185.0
2021-01-21,3,logistic,0.8334919354201077,240.0
2021-01-21,1,forest_clf,0.8597132341821944,223.0
2021-01-21,2,forest_clf,0.8377606336446225,185.0
2021-01-21,3,forest_clf,0.8106673788135862,240.0
2021-01-21,1,hgb_clf,0.9087980157882043,223.0
2021-01-21,2,hgb_clf,0.967027188028142,185.0
2021-01-21,3,hgb_clf,0.6918244830553383,240.0
2021-01-22,1,logistic,0.961449325490834,185.0
2021-01-22,2,logistic,0.939981667649206,240.0
2021-01-22,3,logistic,0.8786330268895034,182.0
2021-01-22,1,forest_clf,0.8860610330703238,185.0
2021-01-22,2,forest_clf,0.7448690010303105,240.0
2021-01-22,3,forest_clf,0.8157103072563088,182.0
2021-01-22,1,hgb_clf,0.9486177359953843,185.0
2021-01-22,2,hgb_clf,0.8728554519396308,240.0
2021-01-22,3,hgb_clf,0.6605619209129273,182.0
2021-01-23,1,logistic,0.9445520665928273,240.0
2021-01-23,2,logistic,0.9473427796135182,182.0
2021-01-23,3,logistic,0.8494195376906014,175.0
2021-01-23,1,forest_clf,0.8589363833449147,240.0
2021-01-23,2,forest_clf,0.8222874359840605,182.0
2021-01-23,3,forest_clf,0.8132108242627275,175.0
2021-01-23,1,hgb_clf,0.9196574748244793,240.0
2021-01-23,2,hgb_clf,0.8905071768289536,182.0
2021-01-23,3,hgb_clf,0.9098602929066507,175.0
2021-01-24,1,logistic,0.969569277329331,182.0
2021-01-24,2,logistic,0.9620552870866157,175.0
2021-01-24,3,logistic,0.8574606709577393,183.0
2021-01-24,1,forest_clf,0.890141324108805,182.0
2021-01-24,2,forest_clf,0.787698621086098,175.0
2021-01-24,3,forest_clf,0.8113141091967977,183.0
2021-01-24,1,hgb_clf,0.9499923178584595,182.0
2021-01-24,2,hgb_clf,0.7994999689322145,175.0
2021-01-24,3,hgb_clf,0.8545452592065036,183.0
2021-01-25,1,logistic,0.9431647772063131,175.0
2021-01-25,2,logistic,0.8916475045565824,183.0
2021-01-25,3,logistic,0.8094290964933636,258.0
2021-01-25,1,forest_clf,0.8441224671634011,175.0
2021-01-25,2,forest_clf,0.8402526907586657,183.0
2021-01-25,3,forest_clf,0.7956049912431539,258.0
2021-01-25,1,hgb_clf,0.9202712898783927,175.0
2021-01-25,2,hgb_clf,0.7991241450024829,183.0
2021-01-25,3,hgb_clf,0.7594730239368412,258.0
2021-01-26,1,logistic,0.9323986067898489,183.0
2021-01-26,2,logistic,0.8866272500405518,258.0
2021-01-26,3,logistic,0.7113584892053713,206.0
2021-01-26,1,forest_clf,0.8651501390607003,183.0
2021-01-26,2,forest_clf,0.8224324534987558,258.0
2021-01-26,3,forest_clf,0.7892728044247488,206.0
2021-01-26,1,hgb_clf,0.9314708693839382,183.0
2021-01-26,2,hgb_clf,0.8177467174601912,258.0
2021-01-26,3,hgb_clf,0.6651319543857367,206.0
2021-01-27,1,logistic,0.9257652614762045,258.0
2021-01-27,2,logistic,0.8493744911959176,206.0
2021-01-27,3,logistic,0.807987825587856,152.0
2021-01-27,1,forest_clf,0.8504577339043125,258.0
2021-01-27,2,forest_clf,0.8179748329642811,206.0
2021-01-27,3,forest_clf,0.7968955643497846,152.0
2021-01-27,1,hgb_clf,0.9593987235497623,258.0
2021-01-27,2,hgb_clf,0.5695256967356015,206.0
2021-01-27,3,hgb_clf,0.519756042540842,152.0
2021-01-28,1,logistic,0.9700342876405347,206.0
2021-01-28,2,logistic,0.9139563260125183,152.0
2021-01-28,3,logistic,0.8537433720947574,114.0
2021-01-28,1,forest_clf,0.8833016638801263,206.0
2021-01-28,2,forest_clf,0.7796712021753229,152.0
2021-01-28,3,forest_clf,0.7982214763009449,114.0
2021-01-28,1,hgb_clf,0.9610460500291604,206.0
2021-01-28,2,hgb_clf,0.7175775368516581,152.0
2021-01-28,3,hgb_clf,0.8923076885889105,114.0
2021-01-29,1,logistic,0.9527106369173238,152.0
2021-01-29,2,logistic,0.9175825818541135,114.0
2021-01-29,3,logistic,0.8730256317719632,
2021-01-29,1,forest_clf,0.8187845906452077,152.0
2021-01-29,2,forest_clf,0.8498153092135275,114.0
2021-01-29,3,forest_clf,0.8007620582051262,
2021-01-29,1,hgb_clf,0.9366229710980585,152.0
2021-01-29,2,hgb_clf,0.8035157336034201,114.0
2021-01-29,3,hgb_clf,0.9058118300485344,
2021-01-30,1,logistic,0.8832846981814737,114.0
2021-01-30,2,logistic,0.9135497931537057,
2021-01-30,3,logistic,0.8217489627471065,213.0
2021-01-30,1,forest_clf,0.708954884837353,114.0
2021-01-30,2,forest_clf,0.8428775162418235,
2021-01-30,3,forest_clf,0.8067085578709022,213.0
2021-01-30,1,hgb_clf,0.9157910586191532,114.0
2021-01-30,2,hgb_clf,0.8821693174192191,
2021-01-30,3,hgb_clf,0.8537485136683822,213.0
2021-01-31,1,logistic,0.7613762158083671,
2021-01-31,2,logistic,0.8731084808100871,213.0
2021-01-31,3,logistic,0.7931974993093123,179.0
2021-01-31,1,forest_clf,0.7266401582403749,
2021-01-31,2,forest_clf,0.7721423433594261,213.0
2021-01-31,3,forest_clf,0.7489580056046183,179.0
2021-01-31,1,hgb_clf,0.8287598658688723,
2021-01-31,2,hgb_clf,0.7484798795415099,213.0
2021-01-31,3,hgb_clf,0.5035032090679973,179.0
2021-02-01,1,logistic,,213.0
2021-02-01,2,logistic,,179.0
2021-02-01,3,logistic,,155.0
2021-02-01,1,forest_clf,,213.0
2021-02-01,2,forest_clf,,179.0
2021-02-01,3,forest_clf,,155.0
2021-02-01,1,hgb_clf,0.7132787551876932,213.0
2021-02-01,2,hgb_clf,0.836523842092286,179.0
2021-02-01,3,hgb_clf,0.7657046930866299,155.0
2021-02-02,1,logistic,,179.0
2021-02-02,2,logistic,,155.0
2021-02-02,3,logistic,,73.7
2021-02-02,1,forest_clf,,179.0
2021-02-02,2,forest_clf,,155.0
2021-02-02,3,forest_clf,,73.7
2021-02-02,1,hgb_clf,0.9336657440125458,179.0
2021-02-02,2,hgb_clf,0.7823184711790825,155.0
2021-02-02,3,hgb_clf,0.7440547122746629,73.7
2021-02-03,1,logistic,,155.0
2021-02-03,2,logistic,,73.7
2021-02-03,3,logistic,,119.0
2021-02-03,1,forest_clf,,155.0
2021-02-03,2,forest_clf,,73.7
2021-02-03,3,forest_clf,,119.0
2021-02-03,1,hgb_clf,0.8806584127804392,155.0
2021-02-03,2,hgb_clf,0.8106807719610302,73.7
2021-02-03,3,hgb_clf,0.7780842730823833,119.0
2021-02-04,1,logistic,,73.7
2021-02-04,2,logistic,,119.0
2021-02-04,3,logistic,,137.0
2021-02-04,1,forest_clf,,73.7
2021-02-04,2,forest_clf,,119.0
2021-02-04,3,forest_clf,,137.0
2021-02-04,1,hgb_clf,0.9537213548618574,73.7
2021-02-04,2,hgb_clf,0.7765113280778667,119.0
2021-02-04,3,hgb_clf,0.554013701099025,137.0
2021-02-05,1,logistic,0.4921869805757639,119.0
2021-02-05,2,logistic,0.4906981685770404,137.0
2021-02-05,3,logistic,0.5810442479198157,183.0
2021-02-05,1,forest_clf,0.408913007354626,119.0
2021-02-05,2,forest_clf,0.5693816635330047,137.0
2021-02-05,3,forest_clf,0.5721403393837605,183.0
2021-02-05,1,hgb_clf,0.3716718001667128,119.0
2021-02-05,2,hgb_clf,0.5359613040897976,137.0
2021-02-05,3,hgb_clf,0.5555638385410554,183.0
2021-02-06,1,logistic,0.5796201194918502,137.0
2021-02-06,2,logistic,0.6173229040966023,183.0
2021-02-06,3,logistic,0.5505025455211828,195.0
2021-02-06,1,forest_clf,0.6601272622077852,137.0
2021-02-06,2,forest_clf,0.6047261998280655,183.0
2021-02-06,3,forest_clf,0.5780414459568657,195.0
2021-02-06,1,hgb_clf,0.5648112580250496,137.0
2021-02-06,2,hgb_clf,0.6185183812971652,183.0
2021-02-06,3,hgb_clf,0.5690209362404284,195.0
2021-02-07,1,logistic,0.6639028835922469,183.0
2021-02-07,2,logistic,0.6304365534268876,195.0
2021-02-07,3,logistic,0.5959606007202829,141.0
2021-02-07,1,forest_clf,0.725109996038022,183.0
2021-02-07,2,forest_clf,0.5719002346088549,195.0
2021-02-07,3,forest_clf,0.5846965670855335,141.0
2021-02-07,1,hgb_clf,0.3982276537510791,183.0
2021-02-07,2,hgb_clf,0.7654450035100535,195.0
2021-02-07,3,hgb_clf,0.7156403963222501,141.0
2021-02-08,1,logistic,,195.0
2021-02-08,2,logistic,,141.0
2021-02-08,3,logistic,,188.0
2021-02-08,1,forest_clf,,195.0
2021-02-08,2,forest_clf,,141.0
2021-02-08,3,forest_clf,,188.0
2021-02-08,1,hgb_clf,0.912878900591813,195.0
2021-02-08,2,hgb_clf,0.8007281319192634,141.0
2021-02-08,3,hgb_clf,0.6005350144067712,188.0
2021-02-09,1,logistic,0.8722950317855699,141.0
2021-02-09,2,logistic,0.7652493643156056,188.0
2021-02-09,3,logistic,0.6954042707161737,229.0
2021-02-09,1,forest_clf,0.7960785265786476,141.0
2021-02-09,2,forest_clf,0.5725172955995158,188.0
2021-02-09,3,forest_clf,0.5820724288605118,229.0
2021-02-09,1,hgb_clf,0.8045810587775899,141.0
2021-02-09,2,hgb_clf,0.7865059100669018,188.0
2021-02-09,3,hgb_clf,0.7161864120373663,229.0
2021-02-10,1,logistic,0.7435978261812038,188.0
2021-02-10,2,logistic,0.6666679470283061,229.0
2021-02-10,3,logistic,0.6560094723893922,169.0
2021-02-10,1,forest_clf,0.7251682427902612,188.0
2021-02-10,2,forest_clf,0.5699200846792081,229.0
2021-02-10,3,forest_clf,0.5838184522547603,169.0
2021-02-10,1,hgb_clf,0.3712546218725184,188.0
2021-02-10,2,hgb_clf,0.7555960588996923,229.0
2021-02-10,3,hgb_clf,0.22679169707394134,169.0
2021-02-11,1,logistic,0.8180828704798673,229.0
2021-02-11,2,logistic,0.7115715725217253,169.0
2021-02-11,3,logistic,0.6886582271661716,191.0
2021-02-11,1,forest_clf,0.7459126412757096,229.0
2021-02-11,2,forest_clf,0.5259987786812277,169.0
2021-02-11,3,forest_clf,0.577886959388998,191.0
2021-02-11,1,hgb_clf,0.8752763068583109,229.0
2021-02-11,2,hgb_clf,0.4679224990875396,169.0
2021-02-11,3,hgb_clf,0.29943821236091095,191.0
2021-02-12,1,logistic,0.8854088183948418,169.0
2021-02-12,2,logistic,0.6994839587233436,191.0
2021-02-12,3,logistic,0.7220774339589788,
2021-02-12,1,forest_clf,0.8062403105890403,169.0
2021-02-12,2,forest_clf,0.574053246460415,191.0
2021-02-12,3,forest_clf,0.5994933071613703,
2021-02-12,1,hgb_clf,0.6984009463550825,169.0
2021-02-12,2,hgb_clf,0.352112812816673,191.0
2021-02-12,3,hgb_clf,0.27511292162637757,
2021-02-13,1,logistic,0.7876368223061371,191.0
2021-02-13,2,logistic,0.7103155883413313,
2021-02-13,3,logistic,0.6908209665539545,175.0
2021-02-13,1,forest_clf,0.7802970654193758,191.0
2021-02-13,2,forest_clf,0.582855860532318,
2021-02-13,3,forest_clf,0.6029172717167259,175.0
2021-02-13,1,hgb_clf,0.5196452236116192,191.0
2021-02-13,2,hgb_clf,0.42859784961545916,
2021-02-13,3,hgb_clf,0.31409760609862025,175.0
2021-02-14,1,logistic,0.797196278645143,
2021-02-14,2,logistic,0.7018463027545379,175.0
2021-02-14,3,logistic,0.6971819151088495,157.0
2021-02-14,1,forest_clf,0.7960849709607616,
2021-02-14,2,forest_clf,0.5831035709485765,175.0
2021-02-14,3,forest_clf,0.6023034745657339,157.0
2021-02-14,1,hgb_clf,0.5737394619453172,
2021-02-14,2,hgb_clf,0.32732861410167563,175.0
2021-02-14,3,hgb_clf,0.2599515068372906,157.0
2021-02-15,1,logistic,,175.0
2021-02-15,2,logistic,,157.0
2021-02-15,3,logistic,,136.0
2021-02-15,1,forest_clf,,175.0
2021-02-15,2,forest_clf,,157.0
2021-02-15,3,forest_clf,,136.0
2021-02-15,1,hgb_clf,0.30911488163269146,175.0
2021-02-15,2,hgb_clf,0.3712186636206454,157.0
2021-02-15,3,hgb_clf,0.37585308566837017,136.0
2021-02-16,1,logistic,,157.0
2021-02-16,2,logistic,,136.0
2021-02-16,3,logistic,,
2021-02-16,1,forest_clf,,157.0
2021-02-16,2,forest_clf,,136.0
2021-02-16,3,forest_clf,,
2021-02-16,1,hgb_clf,0.6967932403577576,157.0
2021-02-16,2,hgb_clf,0.4133627557412059,136.0
2021-02-16,3,hgb_clf,0.3050621314136579,
2021-02-17,1,logistic,,136.0
2021-02-17,2,logistic,,
2021-02-17,3,logistic,,
2021-02-17,1,forest_clf,,136.0
2021-02-17,2,forest_clf,,
2021-02-17,3,forest_clf,,
2021-02-17,1,hgb_clf,0.5102317417744967,136.0
2021-02-17,2,hgb_clf,0.42489546236906,
2021-02-17,3,hgb_clf,0.3150467718241434,
2021-02-18,1,logistic,,
2021-02-18,2,logistic,,
2021-02-18,3,logistic,,
2021-02-18,1,forest_clf,,
2021-02-18,2,forest_clf,,
2021-02-18,3,forest_clf,,
2021-02-18,1,hgb_clf,,
2021-02-18,2,hgb_clf,,
2021-02-18,3,hgb_clf,,
2021-02-19,1,logistic,,
2021-02-19,2,logistic,,
2021-02-19,3,logistic,,100.0
2021-02-19,1,forest_clf,,
2021-02-19,2,forest_clf,,
2021-02-19,3,forest_clf,,100.0
2021-02-19,1,hgb_clf,0.27193931018643236,
2021-02-19,2,hgb_clf,0.3957181892481863,
2021-02-19,3,hgb_clf,0.2533323794841142,100.0
2021-02-20,1,logistic,,
2021-02-20,2,logistic,,100.0
2021-02-20,3,logistic,,81.1
2021-02-20,1,forest_clf,,
2021-02-20,2,forest_clf,,100.0
2021-02-20,3,forest_clf,,81.1
2021-02-20,1,hgb_clf,0.2772166286152045,
2021-02-20,2,hgb_clf,0.3857108495434968,100.0
2021-02-20,3,hgb_clf,0.2948620390225597,81.1
2021-02-21,1,logistic,,100.0
2021-02-21,2,logistic,,81.1
2021-02-21,3,logistic,,92.6
2021-02-21,1,forest_clf,,100.0
2021-02-21,2,forest_clf,,81.1
2021-02-21,3,forest_clf,,92.6
2021-02-21,1,hgb_clf,0.3400061917556595,100.0
2021-02-21,2,hgb_clf,0.379969404662688,81.1
2021-02-21,3,hgb_clf,0.24217272826302513,92.6
2021-02-22,1,logistic,,81.1
2021-02-22,2,logistic,,92.6
2021-02-22,3,logistic,,147.0
2021-02-22,1,forest_clf,,81.1
2021-02-22,2,forest_clf,,92.6
2021-02-22,3,forest_clf,,147.0
2021-02-22,1,hgb_clf,0.22698649229298218,81.1
2021-02-22,2,hgb_clf,0.35148743645215486,92.6
2021-02-22,3,hgb_clf,0.3922678492494481,147.0
2021-02-23,1,logistic,,92.6
2021-02-23,2,logistic,,147.0
2021-02-23,3,logistic,,
2021-02-23,1,forest_clf,,92.6
2021-02-23,2,forest_clf,,147.0
2021-02-23,3,forest_clf,,
2021-02-23,1,hgb_clf,0.4103554076951354,92.6
2021-02-23,2,hgb_clf,0.4902163356926422,147.0
2021-02-23,3,hgb_clf,0.38745988783938756,
2021-02-24,1,logistic,,147.0
2021-02-24,2,logistic,,
2021-02-24,3,logistic,,
2021-02-24,1,forest_clf,,147.0
2021-02-24,2,forest_clf,,
2021-02-24,3,forest_clf,,
2021-02-24,1,hgb_clf,0.3571094877591009,147.0
2021-02-24,2,hgb_clf,0.4914115423133118,
2021-02-24,3,hgb_clf,0.3545095617778884,
2021-02-25,1,logistic,,
2021-02-25,2,logistic,,
2021-02-25,3,logistic,,
2021-02-25,1,forest_clf,,
2021-02-25,2,forest_clf,,
2021-02-25,3,forest_clf,,
2021-02-25,1,hgb_clf,,
2021-02-25,2,hgb_clf,,
2021-02-25,3,hgb_clf,,
2021-02-26,1,logistic,,
2021-02-26,2,logistic,,
2021-02-26,3,logistic,,71.1
2021-02-26,1,forest_clf,,
2021-02-26,2,forest_clf,,
2021-02-26,3,forest_clf,,71.1
2021-02-26,1,hgb_clf,0.26844873404692055,
2021-02-26,2,hgb_clf,0.31401708824399277,
2021-02-26,3,hgb_clf,0.26555355480607756,71.1
2021-02-27,1,logistic,,
2021-02-27,2,logistic,,71.1
2021-02-27,3,logistic,,65.9
2021-02-27,1,forest_clf,,
2021-02-27,2,forest_clf,,71.1
2021-02-27,3,forest_clf,,65.9
2021-02-27,1,hgb_clf,0.28580145711237254,
2021-02-27,2,hgb_clf,0.3124948950352958,71.1
2021-02-27,3,hgb_clf,0.36709296546676656,65.9
2021-02-28,1,logistic,,71.1
2021-02-28,2,logistic,,65.9
2021-02-28,3,logistic,,
2021-02-28,1,forest_clf,,71.1
2021-02-28,2,forest_clf,,65.9
2021-02-28,3,forest_clf,,
2021-02-28,1,hgb_clf,0.1406603487250861,71.1
2021-02-28,2,hgb_clf,0.24604566495613814,65.9
2021-02-28,3,hgb_clf,0.35900494662377375,
2021-03-01,1,logistic,,65.9
2021-03-01,2,logistic,,
2021-03-01,3,logistic,,
2021-03-01,1,forest_clf,,65.9
2021-03-01,2,forest_clf,,
2021-03-01,3,forest_clf,,
2021-03-01,1,hgb_clf,0.2171949135911672,65.9
2021-03-01,2,hgb_clf,0.36263930653200094,
2021-03-01,3,hgb_clf,0.37343018350835555,
2021-03-02,1,logistic,,
2021-03-02,2,logistic,,
2021-03-02,3,logistic,,98.2
2021-03-02,1,forest_clf,,
2021-03-02,2,forest_clf,,
2021-03-02,3,forest_clf,,98.2
2021-03-02,1,hgb_clf,0.03438295359676013,
2021-03-02,2,hgb_clf,0.21711840577445465,
2021-03-02,3,hgb_clf,0.31021672934736927,98.2
2021-03-03,1,logistic,,
2021-03-03,2,logistic,,98.2
2021-03-03,3,logistic,,109.0
2021-03-03,1,forest_clf,,
2021-03-03,2,forest_clf,,98.2
2021-03-03,3,forest_clf,,109.0
2021-03-03,1,hgb_clf,0.059720815389117755,
2021-03-03,2,hgb_clf,0.2280913992247887,98.2
2021-03-03,3,hgb_clf,0.23979861179866496,109.0
2021-03-04,1,logistic,,98.2
2021-03-04,2,logistic,,109.0
2021-03-04,3,logistic,,101.0
2021-03-04,1,forest_clf,,98.2
2021-03-04,2,forest_clf,,109.0
2021-03-04,3,forest_clf,,101.0
2021-03-04,1,hgb_clf,0.3782378907895765,98.2
2021-03-04,2,hgb_clf,0.3002987528107644,109.0
2021-03-04,3,hgb_clf,0.14926204823017178,101.0
2021-03-05,1,logistic,,109.0
2021-03-05,2,logistic,,101.0
2021-03-05,3,logistic,,107.0
2021-03-05,1,forest_clf,,109.0
2021-03-05,2,forest_clf,,101.0
2021-03-05,3,forest_clf,,107.0
2021-03-05,1,hgb_clf,0.04688093804327623,109.0
2021-03-05,2,hgb_clf,0.2590374428527053,101.0
2021-03-05,3,hgb_clf,0.12395213418389896,107.0
2021-03-06,1,logistic,,101.0
2021-03-06,2,logistic,,107.0
2021-03-06,3,logistic,,145.0
2021-03-06,1,forest_clf,,101.0
2021-03-06,2,forest_clf,,107.0
2021-03-06,3,forest_clf,,145.0
2021-03-06,1,hgb_clf,0.07531579625864235,101.0
2021-03-06,2,hgb_clf,0.2844919770040458,107.0
2021-03-06,3,hgb_clf,0.23387985819787324,145.0
2021-03-07,1,logistic,,107.0
2021-03-07,2,logistic,,145.0
2021-03-07,3,logistic,,74.8
2021-03-07,1,forest_clf,,107.0
2021-03-07,2,forest_clf,,145.0
2021-03-07,3,forest_clf,,74.8
2021-03-07,1,hgb_clf,0.1253864457094594,107.0
2021-03-07,2,hgb_clf,0.24864359195423671,145.0
2021-03-07,3,hgb_clf,0.19025853422633382,74.8
2021-03-08,1,logistic,0.1911713708026463,145.0
2021-03-08,2,logistic,0.04166004070514383,74.8
2021-03-08,3,logistic,0.08763872210665635,111.0
2021-03-08,1,forest_clf,0.4677182049807159,145.0
2021-03-08,2,forest_clf,0.32902017265779276,74.8
2021-03-08,3,forest_clf,0.36901642486893604,111.0
2021-03-08,1,hgb_clf,0.20562954508539505,145.0
2021-03-08,2,hgb_clf,0.2080239999542326,74.8
2021-03-08,3,hgb_clf,0.15797106763702093,111.0
2021-03-09,1,logistic,0.30693273568526636,74.8
2021-03-09,2,logistic,0.06197846941123846,111.0
2021-03-09,3,logistic,0.13188872056297735,60.9
2021-03-09,1,forest_clf,0.5494401021337608,74.8
2021-03-09,2,forest_clf,0.39719762116053936,111.0
2021-03-09,3,forest_clf,0.43660222190891823,60.9
2021-03-09,1,hgb_clf,0.28876111812402466,74.8
2021-03-09,2,hgb_clf,0.2430096588166533,111.0
2021-03-09,3,hgb_clf,0.14021987267829564,60.9
2021-03-10,1,logistic,,111.0
2021-03-10,2,logistic,,60.9
2021-03-10,3,logistic,,80.7
2021-03-10,1,forest_clf,,111.0
2021-03-10,2,forest_clf,,60.9
2021-03-10,3,forest_clf,,80.7
2021-03-10,1,hgb_clf,0.04170885913624838,111.0
2021-03-10,2,hgb_clf,0.11959724541143528,60.9
2021-03-10,3,hgb_clf,0.09744116332850324,80.7
2021-03-11,1,logistic,,60.9
2021-03-11,2,logistic,,80.7
2021-03-11,3,logistic,,102.0
2021-03-11,1,forest_clf,,60.9
2021-03-11,2,forest_clf,,80.7
2021-03-11,3,forest_clf,,102.0
2021-03-11,1,hgb_clf,0.06307014701411467,60.9
2021-03-11,2,hgb_clf,0.09689798306325038,80.7
2021-03-11,3,hgb_clf,0.12589659970611158,102.0
2021-03-12,1,logistic,0.10289299718156832,80.7
2021-03-12,2,logistic,0.07221362617441307,102.0
2021-03-12,3,logistic,0.18217414846591498,91.1
2021-03-12,1,forest_clf,0.21811921840108664,80.7
2021-03-12,2,forest_clf,0.2784589760814952,102.0
2021-03-12,3,forest_clf,0.3234323205488194,91.1
2021-03-12,1,hgb_clf,0.023052822884325735,80.7
2021-03-12,2,hgb_clf,0.24297719068358611,102.0
2021-03-12,3,hgb_clf,0.18405455869443527,91.1
2021-03-13,1,logistic,0.11958385462454856,102.0
2021-03-13,2,logistic,0.12647099489697206,91.1
2021-03-13,3,logistic,0.17193432900374517,122.0
2021-03-13,1,forest_clf,0.15291123830692782,102.0
2021-03-13,2,forest_clf,0.23184046357476962,91.1
2021-03-13,3,forest_clf,0.23227769815609,122.0
2021-03-13,1,hgb_clf,0.020390172237887996,102.0
2021-03-13,2,hgb_clf,0.1090484546384851,91.1
2021-03-13,3,hgb_clf,0.07321860468490858,122.0
2021-03-14,1,logistic,0.14308893877186213,91.1
2021-03-14,2,logistic,0.1396752033775587,122.0
2021-03-14,3,logistic,0.18909436015365838,110.0
2021-03-14,1,forest_clf,0.3267595735316946,91.1
2021-03-14,2,forest_clf,0.19547944740970938,122.0
2021-03-14,3,forest_clf,0.2718939169082356,110.0
2021-03-14,1,hgb_clf,0.08182284754621469,91.1
2021-03-14,2,hgb_clf,0.12523229201060487,122.0
2021-03-14,3,hgb_clf,0.24798477989788859,110.0
2021-03-15,1,logistic,0.16661943282563288,122.0
2021-03-15,2,logistic,0.09031931900322973,110.0
2021-03-15,3,logistic,0.15914714893715123,109.0
2021-03-15,1,forest_clf,0.21069740676724738,122.0
2021-03-15,2,forest_clf,0.21921752779052445,110.0
2021-03-15,3,forest_clf,0.2691676140744169,109.0
2021-03-15,1,hgb_clf,0.07506136957012015,122.0
2021-03-15,2,hgb_clf,0.1700940108876032,110.0
2021-03-15,3,hgb_clf,0.15157474019060713,109.0
2021-03-16,1,logistic,0.2381045500559877,110.0
2021-03-16,2,logistic,0.1524085515653727,109.0
2021-03-16,3,logistic,0.2042471199660178,96.6
2021-03-16,1,forest_clf,0.4325440049910258,110.0
2021-03-16,2,forest_clf,0.29840353513172163,109.0
2021-03-16,3,forest_clf,0.31315328512143575,96.6
2021-03-16,1,hgb_clf,0.07914865135498172,110.0
2021-03-16,2,hgb_clf,0.19050546208411126,109.0
2021-03-16,3,hgb_clf,0.2686034625273053,96.6
2021-03-17,1,logistic,0.19324591383252934,109.0
2021-03-17,2,logistic,0.1119591998773799,96.6
2021-03-17,3,logistic,0.19620571527783845,114.0
2021-03-17,1,forest_clf,0.38858224168965644,109.0
2021-03-17,2,forest_clf,0.2816199732946473,96.6
2021-03-17,3,forest_clf,0.32464027515741956,114.0
2021-03-17,1,hgb_clf,0.10044267322857815,109.0
2021-03-17,2,hgb_clf,0.09499930810267652,96.6
2021-03-17,3,hgb_clf,0.25694270107629225,114.0
2021-03-18,1,logistic,0.18580105612099207,96.6
2021-03-18,2,logistic,0.12425357165524796,114.0
2021-03-18,3,logistic,0.19606742971678418,97.5
2021-03-18,1,forest_clf,0.36864389461525593,96.6
2021-03-18,2,forest_clf,0.2959844561140957,114.0
2021-03-18,3,forest_clf,0.307721766063697,97.5
2021-03-18,1,hgb_clf,0.1705311802488037,96.6
2021-03-18,2,hgb_clf,0.14937995321414815,114.0
2021-03-18,3,hgb_clf,0.3039479684693146,97.5
2021-03-19,1,logistic,0.13944751933252278,114.0
2021-03-19,2,logistic,0.08819352983333967,97.5
2021-03-19,3,logistic,0.18229710886884493,73.1
2021-03-19,1,forest_clf,0.2165555543329275,114.0
2021-03-19,2,forest_clf,0.2775087697089545,97.5
2021-03-19,3,forest_clf,0.327602281472723,73.1
2021-03-19,1,hgb_clf,0.049909232604505006,114.0
2021-03-19,2,hgb_clf,0.0812621541596487,97.5
2021-03-19,3,hgb_clf,0.19813398999362664,73.1
2021-03-20,1,logistic,0.16742835576611956,97.5
2021-03-20,2,logistic,0.17424231683542113,73.1
2021-03-20,3,logistic,0.20222356119354742,71.1
2021-03-20,1,forest_clf,0.40363404499412714,97.5
2021-03-20,2,forest_clf,0.30785457376249,73.1
2021-03-20,3,forest_clf,0.34477631558487454,71.1
2021-03-20,1,hgb_clf,0.1535685088570817,97.5
2021-03-20,2,hgb_clf,0.09895629726647603,73.1
2021-03-20,3,hgb_clf,0.2556581291916298,71.1
2021-03-21,1,logistic,0.12836904576084937,73.1
2021-03-21,2,logistic,0.133975160488204,71.1
2021-03-21,3,logistic,0.18235023530522468,58.6
2021-03-21,1,forest_clf,0.2164791930184986,73.1
2021-03-21,2,forest_clf,0.3115531838404333,71.1
2021-03-21,3,forest_clf,0.32690426567088915,58.6
2021-03-21,1,hgb_clf,0.07588743083661503,73.1
2021-03-21,2,hgb_clf,0.11638398074824126,71.1
2021-03-21,3,hgb_clf,0.22382154423368478,58.6
2021-03-22,1,logistic,0.10292296609277059,71.1
2021-03-22,2,logistic,0.05309527558338891,58.6
2021-03-22,3,logistic,0.13047335560616757,48.3
2021-03-22,1,forest_clf,0.19240046146535075,71.1
2021-03-22,2,forest_clf,0.20626648517249702,58.6
2021-03-22,3,forest_clf,0.2577259747717628,48.3
2021-03-22,1,hgb_clf,0.030187128314573708,71.1
2021-03-22,2,hgb_clf,0.07960898541475471,58.6
2021-03-22,3,hgb_clf,0.09924243322091003,48.3
2021-03-23,1,logistic,0.09004354073538148,58.6
2021-03-23,2,logistic,0.0576075907313644,48.3
2021-03-23,3,logistic,0.12685964779858,76.2
2021-03-23,1,forest_clf,0.11131055652076462,58.6
2021-03-23,2,forest_clf,0.18235686710690507,48.3
2021-03-23,3,forest_clf,0.19209131397164708,76.2
2021-03-23,1,hgb_clf,0.023552136503417927,58.6
2021-03-23,2,hgb_clf,0.08903003060385424,48.3
2021-03-23,3,hgb_clf,0.14527301329225023,76.2
2021-03-24,1,logistic,0.07360750055322957,48.3
2021-03-24,2,logistic,0.04723586033730097,76.2
2021-03-24,3,logistic,0.11859822187530929,79.4
2021-03-24,1,forest_clf,0.06094720043044835,48.3
2021-03-24,2,forest_clf,0.15346798565304198,76.2
2021-03-24,3,forest_clf,0.19633646717363615,79.4
2021-03-24,1,hgb_clf,0.016653483172344198,48.3
2021-03-24,2,hgb_clf,0.1728309645123605,76.2
2021-03-24,3,hgb_clf,0.1884131368404846,79.4
2021-03-25,1,logistic,0.05967358628096858,76.2
2021-03-25,2,logistic,0.040855015785256764,79.4
2021-03-25,3,logistic,0.10792924750098692,74.6
2021-03-25,1,forest_clf,0.044034021846851304,76.2
2021-03-25,2,forest_clf,0.1493232875454814,79.4
2021-03-25,3,forest_clf,0.1682586026705813,74.6
2021-03-25,1,hgb_clf,0.018367668721918324,76.2
2021-03-25,2,hgb_clf,0.16331816619877612,79.4
2021-03-25,3,hgb_clf,0.1291940479523871,74.6
2021-03-26,1,logistic,0.08960178643873594,79.4
2021-03-26,2,logistic,0.06670955691332331,74.6
2021-03-26,3,logistic,0.13359911815168077,84.3
2021-03-26,1,forest_clf,0.08595567212976597,79.4
2021-03-26,2,forest_clf,0.113025261376525,74.6
2021-03-26,3,forest_clf,0.16190437373823247,84.3
2021-03-26,1,hgb_clf,0.013774006070287208,79.4
2021-03-26,2,hgb_clf,0.21043643367117185,74.6
2021-03-26,3,hgb_clf,0.13573711523641221,84.3
2021-03-27,1,logistic,0.08740702505690467,74.6
2021-03-27,2,logistic,0.10126863931906249,84.3
2021-03-27,3,logistic,0.13145157709617278,80.0
2021-03-27,1,forest_clf,0.05158991213072694,74.6
2021-03-27,2,forest_clf,0.12751278616437223,84.3
2021-03-27,3,forest_clf,0.13236518130873132,80.0
2021-03-27,1,hgb_clf,0.025706815528080858,74.6
2021-03-27,2,hgb_clf,0.14760174068226978,84.3
2021-03-27,3,hgb_clf,0.06863568093988377,80.0
2021-03-28,1,logistic,0.08269617787880716,84.3
2021-03-28,2,logistic,0.10116109398306201,80.0
2021-03-28,3,logistic,0.1312072086327057,61.2
2021-03-28,1,forest_clf,0.05853885774774716,84.3
2021-03-28,2,forest_clf,0.12506443760346553,80.0
2021-03-28,3,forest_clf,0.1638395037096082,61.2
2021-03-28,1,hgb_clf,0.040700137225108735,84.3
2021-03-28,2,hgb_clf,0.11944687776720428,80.0
2021-03-28,3,hgb_clf,0.1509052542137346,61.2
2021-03-29,1,logistic,0.11905123257831714,80.0
2021-03-29,2,logistic,0.08104411952758887,61.2
2021-03-29,3,logistic,0.1340701774938389,39.2
2021-03-29,1,forest_clf,0.06726892127781911,80.0
2021-03-29,2,forest_clf,0.10468417442292555,61.2
2021-03-29,3,forest_clf,0.19222210975908818,39.2
2021-03-29,1,hgb_clf,0.08718713339549505,80.0
2021-03-29,2,hgb_clf,0.1092171705389157,61.2
2021-03-29,3,hgb_clf,0.1754595222306781,39.2
2021-03-30,1,logistic,0.10901855502744205,61.2
2021-03-30,2,logistic,0.07782274462431052,39.2
2021-03-30,3,logistic,0.13478670999019138,
2021-03-30,1,forest_clf,0.06743145915664052,61.2
2021-03-30,2,forest_clf,0.1175652846241786,39.2
2021-03-30,3,forest_clf,0.18832178406965497,
2021-03-30,1,hgb_clf,0.11513210945568841,61.2
2021-03-30,2,hgb_clf,0.12375073367174579,39.2
2021-03-30,3,hgb_clf,0.24867441295067172,
2021-03-31,1,logistic,0.07489390381778495,39.2
2021-03-31,2,logistic,0.05276739013879796,
2021-03-31,3,logistic,0.11483761374425241,33.9
2021-03-31,1,forest_clf,0.05722503505451489,39.2
2021-03-31,2,forest_clf,0.11029141228247866,
2021-03-31,3,forest_clf,0.151549285734135,33.9
2021-03-31,1,hgb_clf,0.03248464226781378,39.2
2021-03-31,2,hgb_clf,0.11211336316887466,
2021-03-31,3,hgb_clf,0.18402204426868746,33.9
2021-04-01,1,logistic,0.048025678223812325,
2021-04-01,2,logistic,0.036356642321626824,33.9
2021-04-01,3,logistic,0.10212481962326801,59.2
2021-04-01,1,forest_clf,0.033679453941637266,
2021-04-01,2,forest_clf,0.09915633589355971,33.9
2021-04-01,3,forest_clf,0.14482651083496095,59.2
2021-04-01,1,hgb_clf,0.018938785622893528,
2021-04-01,2,hgb_clf,0.07933449656180286,33.9
2021-04-01,3,hgb_clf,0.1706991269493629,59.2
2021-04-02,1,logistic,,33.9
2021-04-02,2,logistic,,59.2
2021-04-02,3,logistic,,76.9
2021-04-02,1,forest_clf,,33.9
2021-04-02,2,forest_clf,,59.2
2021-04-02,3,forest_clf,,76.9
2021-04-02,1,hgb_clf,0.05474396798561557,33.9
2021-04-02,2,hgb_clf,0.07746484356160799,59.2
2021-04-02,3,hgb_clf,0.2938967660117582,76.9
2021-04-03,1,logistic,,59.2
2021-04-03,2,logistic,,76.9
2021-04-03,3,logistic,,
2021-04-03,1,forest_clf,,59.2
2021-04-03,2,forest_clf,,76.9
2021-04-03,3,forest_clf,,
2021-04-03,1,hgb_clf,0.030936572319656394,59.2
2021-04-03,2,hgb_clf,0.05204769558782009,76.9
2021-04-03,3,hgb_clf,0.04703477621053845,
2021-04-04,1,logistic,,76.9
2021-04-04,2,logistic,,
2021-04-04,3,logistic,,65.0
2021-04-04,1,forest_clf,,76.9
2021-04-04,2,forest_clf,,
2021-04-04,3,forest_clf,,65.0
2021-04-04,1,hgb_clf,0.02147472452629546,76.9
2021-04-04,2,hgb_clf,0.045616402546222304,
2021-04-04,3,hgb_clf,0.0854087845712916,65.0
2021-04-05,1,logistic,,
2021-04-05,2,logistic,,65.0
2021-04-05,3,logistic,,47.4
2021-04-05,1,forest_clf,,
2021-04-05,2,forest_clf,,65.0
2021-04-05,3,forest_clf,,47.4
2021-04-05,1,hgb_clf,0.24188424798915414,
2021-04-05,2,hgb_clf,0.19458820339949862,65.0
2021-04-05,3,hgb_clf,0.09298180239507774,47.4
2021-04-06,1,logistic,,65.0
2021-04-06,2,logistic,,47.4
2021-04-06,3,logistic,,
2021-04-06,1,forest_clf,,65.0
2021-04-06,2,forest_clf,,47.4
2021-04-06,3,forest_clf,,
2021-04-06,1,hgb_clf,0.10966418416793748,65.0
2021-04-06,2,hgb_clf,0.0917675505418448,47.4
2021-04-06,3,hgb_clf,0.0804567323329485,
2021-04-07,1,logistic,,47.4
2021-04-07,2,logistic,,
2021-04-07,3,logistic,,72.5
2021-04-07,1,forest_clf,,47.4
2021-04-07,2,forest_clf,,
2021-04-07,3,forest_clf,,72.5
2021-04-07,1,hgb_clf,0.25541307388877493,47.4
2021-04-07,2,hgb_clf,0.1503145371179645,
2021-04-07,3,hgb_clf,0.08495349500094052,72.5
2021-04-08,1,logistic,,
2021-04-08,2,logistic,,72.5
2021-04-08,3,logistic,,69.3
2021-04-08,1,forest_clf,,
2021-04-08,2,forest_clf,,72.5
2021-04-08,3,forest_clf,,69.3
2021-04-08,1,hgb_clf,0.10596071246430104,
2021-04-08,2,hgb_clf,0.14983091078428623,72.5
2021-04-08,3,hgb_clf,0.06173315325134451,69.3
2021-04-09,1,logistic,,72.5
2021-04-09,2,logistic,,69.3
2021-04-09,3,logistic,,112.0
2021-04-09,1,forest_clf,,72.5
2021-04-09,2,forest_clf,,69.3
2021-04-09,3,forest_clf,,112.0
2021-04-09,1,hgb_clf,0.15419680356500534,72.5
2021-04-09,2,hgb_clf,0.18951541709811245,69.3
2021-04-09,3,hgb_clf,0.10963834908942595,112.0
2021-04-10,1,logistic,,69.3
2021-04-10,2,logistic,,112.0
2021-04-10,3,logistic,,96.8
2021-04-10,1,forest_clf,,69.3
2021-04-10,2,forest_clf,,112.0
2021-04-10,3,forest_clf,,96.8
2021-04-10,1,hgb_clf,0.25986315619696154,69.3
2021-04-10,2,hgb_clf,0.1807413287655737,112.0
2021-04-10,3,hgb_clf,0.03213299987996507,96.8
2021-04-11,1,logistic,,112.0
2021-04-11,2,logistic,,96.8
2021-04-11,3,logistic,,64.9
2021-04-11,1,forest_clf,,112.0
2021-04-11,2,forest_clf,,96.8
2021-04-11,3,forest_clf,,64.9
2021-04-11,1,hgb_clf,0.2327105900299116,112.0
2021-04-11,2,hgb_clf,0.08956642749373278,96.8
2021-04-11,3,hgb_clf,0.06624108330202681,64.9
2021-04-12,1,logistic,,96.8
2021-04-12,2,logistic,,64.9
2021-04-12,3,logistic,,79.5
2021-04-12,1,forest_clf,,96.8
2021-04-12,2,forest_clf,,64.9
2021-04-12,3,forest_clf,,79.5
2021-04-12,1,hgb_clf,0.5197707479989598,96.8
2021-04-12,2,hgb_clf,0.2567166191324109,64.9
2021-04-12,3,hgb_clf,0.14659834096850524,79.5
2021-04-13,1,logistic,,64.9
2021-04-13,2,logistic,,79.5
2021-04-13,3,logistic,,
2021-04-13,1,forest_clf,,64.9
2021-04-13,2,forest_clf,,79.5
2021-04-13,3,forest_clf,,
2021-04-13,1,hgb_clf,0.24825141971032041,64.9
2021-04-13,2,hgb_clf,0.10488729583503677,79.5
2021-04-13,3,hgb_clf,0.08552184580144452,
2021-04-14,1,logistic,0.08293304846339762,79.5
2021-04-14,2,logistic,0.056031195477061056,
2021-04-14,3,logistic,0.0932606520764008,36.2
2021-04-14,1,forest_clf,0.17222968483757775,79.5
2021-04-14,2,forest_clf,0.13988562640684402,
2021-04-14,3,forest_clf,0.19327508090727347,36.2
2021-04-14,1,hgb_clf,0.2590608253111276,79.5
2021-04-14,2,hgb_clf,0.058209093679793725,
2021-04-14,3,hgb_clf,0.064696669722479,36.2
2021-04-15,1,logistic,0.09842965868740937,
2021-04-15,2,logistic,0.07402156547147247,36.2
2021-04-15,3,logistic,0.11252440946138044,49.7
2021-04-15,1,forest_clf,0.08605898141854222,
2021-04-15,2,forest_clf,0.1293148492527835,36.2
2021-04-15,3,forest_clf,0.17702334819618787,49.7
2021-04-15,1,hgb_clf,0.13690632355204338,
2021-04-15,2,hgb_clf,0.06976169414669105,36.2
2021-04-15,3,hgb_clf,0.1453155905306856,49.7
2021-04-16,1,logistic,,36.2
2021-04-16,2,logistic,,49.7
2021-04-16,3,logistic,,66.7
2021-04-16,1,forest_clf,,36.2
2021-04-16,2,forest_clf,,49.7
2021-04-16,3,forest_clf,,66.7
2021-04-16,1,hgb_clf,0.10480713822816287,36.2
2021-04-16,2,hgb_clf,0.13046385427628135,49.7
2021-04-16,3,hgb_clf,0.20983523896839215,66.7
2021-04-17,1,logistic,,49.7
2021-04-17,2,logistic,,66.7
2021-04-17,3,logistic,,57.3
2021-04-17,1,forest_clf,,49.7
2021-04-17,2,forest_clf,,66.7
2021-04-17,3,forest_clf,,57.3
2021-04-17,1,hgb_clf,0.06237096214501488,49.7
2021-04-17,2,hgb_clf,0.056169724028453966,66.7
2021-04-17,3,hgb_clf,0.03678455418814101,57.3
2021-04-18,1,logistic,,66.7
2021-04-18,2,logistic,,57.3
2021-04-18,3,logistic,,
2021-04-18,1,forest_clf,,66.7
2021-04-18,2,forest_clf,,57.3
2021-04-18,3,forest_clf,,
2021-04-18,1,hgb_clf,0.023996993905461103,66.7
2021-04-18,2,hgb_clf,0.0776024262072999,57.3
2021-04-18,3,hgb_clf,0.12056168181335038,
2021-04-19,1,logistic,,57.3
2021-04-19,2,logistic,,
2021-04-19,3,logistic,,41.1
2021-04-19,1,forest_clf,,57.3
2021-04-19,2,forest_clf,,
2021-04-19,3,forest_clf,,41.1
2021-04-19,1,hgb_clf,0.028531993394357236,57.3
2021-04-19,2,hgb_clf,0.13763403772108887,
2021-04-19,3,hgb_clf,0.12457128722430866,41.1
2021-04-20,1,logistic,0.08460885455301688,
2021-04-20,2,logistic,0.058714938162689266,41.1
2021-04-20,3,logistic,0.08391233046261763,
2021-04-20,1,forest_clf,0.019880210623793856,
2021-04-20,2,forest_clf,0.06664194270648034,41.1
2021-04-20,3,forest_clf,0.07044503853946851,
2021-04-20,1,hgb_clf,0.025451212712143276,
2021-04-20,2,hgb_clf,0.075822019290988,41.1
2021-04-20,3,hgb_clf,0.05068291952113481,
2021-04-21,1,logistic,,41.1
2021-04-21,2,logistic,,
2021-04-21,3,logistic,,
2021-04-21,1,forest_clf,,41.1
2021-04-21,2,forest_clf,,
2021-04-21,3,forest_clf,,
2021-04-21,1,hgb_clf,0.04251123024539446,41.1
2021-04-21,2,hgb_clf,0.06626266594040897,
2021-04-21,3,hgb_clf,0.1253930104555018,
2021-04-22,1,logistic,,
2021-04-22,2,logistic,,
2021-04-22,3,logistic,,
2021-04-22,1,forest_clf,,
2021-04-22,2,forest_clf,,
2021-04-22,3,forest_clf,,
2021-04-22,1,hgb_clf,,
2021-04-22,2,hgb_clf,,
2021-04-22,3,hgb_clf,,
2021-04-23,1,logistic,,
2021-04-23,2,logistic,,
2021-04-23,3,logistic,,
2021-04-23,1,forest_clf,,
2021-04-23,2,forest_clf,,
2021-04-23,3,forest_clf,,
2021-04-23,1,hgb_clf,,
2021-04-23,2,hgb_clf,,
2021-04-23,3,hgb_clf,,
2021-04-24,1,logistic,,
2021-04-24,2,logistic,,
2021-04-24,3,logistic,,
2021-04-24,1,forest_clf,,
2021-04-24,2,forest_clf,,
2021-04-24,3,forest_clf,,
2021-04-24,1,hgb_clf,,
2021-04-24,2,hgb_clf,,
2021-04-24,3,hgb_clf,,
2021-04-25,1,logistic,,
2021-04-25,2,logistic,,
2021-04-25,3,logistic,,173.0
2021-04-25,1,forest_clf,,
2021-04-25,2,forest_clf,,
2021-04-25,3,forest_clf,,173.0
2021-04-25,1,hgb_clf,0.02623347089823554,
2021-04-25,2,hgb_clf,0.06060708479344513,
2021-04-25,3,hgb_clf,0.1192089738643973,173.0
2021-04-26,1,logistic,,
2021-04-26,2,logistic,,173.0
2021-04-26,3,logistic,,149.0
2021-04-26,1,forest_clf,,
2021-04-26,2,forest_clf,,173.0
2021-04-26,3,forest_clf,,149.0
2021-04-26,1,hgb_clf,0.2671386700947818,
2021-04-26,2,hgb_clf,0.13444427105186652,173.0
2021-04-26,3,hgb_clf,0.14698361044963237,149.0
2021-04-27,1,logistic,,173.0
2021-04-27,2,logistic,,149.0
2021-04-27,3,logistic,,110.0
2021-04-27,1,forest_clf,,173.0
2021-04-27,2,forest_clf,,149.0
2021-04-27,3,forest_clf,,110.0
2021-04-27,1,hgb_clf,0.1374154441613883,173.0
2021-04-27,2,hgb_clf,0.22240747253136917,149.0
2021-04-27,3,hgb_clf,0.12842279137464677,110.0
2021-04-28,1,logistic,,149.0
2021-04-28,2,logistic,,110.0
2021-04-28,3,logistic,,
2021-04-28,1,forest_clf,,149.0
2021-04-28,2,forest_clf,,110.0
2021-04-28,3,forest_clf,,
2021-04-28,1,hgb_clf,0.3950837924762336,149.0
2021-04-28,2,hgb_clf,0.5402908365983397,110.0
2021-04-28,3,hgb_clf,0.4003295696529118,
2021-04-29,1,logistic,,110.0
2021-04-29,2,logistic,,
2021-04-29,3,logistic,,
2021-04-29,1,forest_clf,,110.0
2021-04-29,2,forest_clf,,
2021-04-29,3,forest_clf,,
2021-04-29,1,hgb_clf,0.41823872478102003,110.0
2021-04-29,2,hgb_clf,0.4834335599442344,
2021-04-29,3,hgb_clf,0.3900390829526467,
2021-04-30,1,logistic,,
2021-04-30,2,logistic,,
2021-04-30,3,logistic,,
2021-04-30,1,forest_clf,,
2021-04-30,2,forest_clf,,
2021-04-30,3,forest_clf,,
2021-04-30,1,hgb_clf,,
2021-04-30,2,hgb_clf,,
2021-04-30,3,hgb_clf,,
2021-05-01,1,logistic,,
2021-05-01,2,logistic,,
2021-05-01,3,logistic,,62.8
2021-05-01,1,forest_clf,,
2021-05-01,2,forest_clf,,
2021-05-01,3,forest_clf,,62.8
2021-05-01,1,hgb_clf,0.15449850199321022,
2021-05-01,2,hgb_clf,0.28446859483843306,
2021-05-01,3,hgb_clf,0.36422219481634743,62.8
2021-05-02,1,logistic,,
2021-05-02,2,logistic,,62.8
2021-05-02,3,logistic,,63.5
2021-05-02,1,forest_clf,,
2021-05-02,2,forest_clf,,62.8
2021-05-02,3,forest_clf,,63.5
2021-05-02,1,hgb_clf,0.3246290561885974,
2021-05-02,2,hgb_clf,0.2955494600505677,62.8
2021-05-02,3,hgb_clf,0.3031283658931308,63.5
2021-05-03,1,logistic,,62.8
2021-05-03,2,logistic,,63.5
2021-05-03,3,logistic,,
2021-05-03,1,forest_clf,,62.8
2021-05-03,2,forest_clf,,63.5
2021-05-03,3,forest_clf,,
2021-05-03,1,hgb_clf,0.37638500867054353,62.8
2021-05-03,2,hgb_clf,0.30436769041749223,63.5
2021-05-03,3,hgb_clf,0.3153567883451703,
2021-05-04,1,logistic,,63.5
2021-05-04,2,logistic,,
2021-05-04,3,logistic,,56.2
2021-05-04,1,forest_clf,,63.5
2021-05-04,2,forest_clf,,
2021-05-04,3,forest_clf,,56.2
2021-05-04,1,hgb_clf,0.16384709969801406,63.5
2021-05-04,2,hgb_clf,0.2762991349411409,
2021-05-04,3,hgb_clf,0.2867373668503112,56.2
2021-05-05,1,logistic,,
2021-05-05,2,logistic,,56.2
2021-05-05,3,logistic,,52.0
2021-05-05,1,forest_clf,,
2021-05-05,2,forest_clf,,56.2
2021-05-05,3,forest_clf,,52.0
2021-05-05,1,hgb_clf,0.11087065703798982,
2021-05-05,2,hgb_clf,0.27484315611814497,56.2
2021-05-05,3,hgb_clf,0.23645204978961615,52.0
2021-05-06,1,logistic,,56.2
2021-05-06,2,logistic,,52.0
2021-05-06,3,logistic,,55.5
2021-05-06,1,forest_clf,,56.2
2021-05-06,2,forest_clf,,52.0
2021-05-06,3,forest_clf,,55.5
2021-05-06,1,hgb_clf,0.1711643933785252,56.2
2021-05-06,2,hgb_clf,0.28498233464083156,52.0
2021-05-06,3,hgb_clf,0.27167421338801884,55.5
2021-05-07,1,logistic,,52.0
2021-05-07,2,logistic,,55.5
2021-05-07,3,logistic,,
2021-05-07,1,forest_clf,,52.0
2021-05-07,2,forest_clf,,55.5
2021-05-07,3,forest_clf,,
2021-05-07,1,hgb_clf,0.07038325981465729,52.0
2021-05-07,2,hgb_clf,0.25290511810860017,55.5
2021-05-07,3,hgb_clf,0.21504654515606425,
2021-05-08,1,logistic,,55.5
2021-05-08,2,logistic,,
2021-05-08,3,logistic,,
2021-05-08,1,forest_clf,,55.5
2021-05-08,2,forest_clf,,
2021-05-08,3,forest_clf,,
2021-05-08,1,hgb_clf,0.0592573299034498,55.5
2021-05-08,2,hgb_clf,0.28604246087221913,
2021-05-08,3,hgb_clf,0.4059920486644967,
2021-05-09,1,logistic,,
2021-05-09,2,logistic,,
2021-05-09,3,logistic,,
2021-05-09,1,forest_clf,,
2021-05-09,2,forest_clf,,
2021-05-09,3,forest_clf,,
2021-05-09,1,hgb_clf,,
2021-05-09,2,hgb_clf,,
2021-05-09,3,hgb_clf,,
2021-05-10,1,logistic,,
2021-05-10,2,logistic,,
2021-05-10,3,logistic,,35.2
2021-05-10,1,forest_clf,,
2021-05-10,2,forest_clf,,
2021-05-10,3,forest_clf,,35.2
2021-05-10,1,hgb_clf,0.1339847688539168,
2021-05-10,2,hgb_clf,0.15470790445125443,
2021-05-10,3,hgb_clf,0.21607745107513737,35.2
2021-05-11,1,logistic,,
2021-05-11,2,logistic,,35.2
2021-05-11,3,logistic,,
2021-05-11,1,forest_clf,,
2021-05-11,2,forest_clf,,35.2
2021-05-11,3,forest_clf,,
2021-05-11,1,hgb_clf,0.1715648458034431,
2021-05-11,2,hgb_clf,0.12712317888160912,35.2
2021-05-11,3,hgb_clf,0.21653930474244457,
2021-05-12,1,logistic,,35.2
2021-05-12,2,logistic,,
2021-05-12,3,logistic,,
2021-05-12,1,forest_clf,,35.2
2021-05-12,2,forest_clf,,
2021-05-12,3,forest_clf,,
2021-05-12,1,hgb_clf,0.13455763967816017,35.2
2021-05-12,2,hgb_clf,0.11982641212467714,
2021-05-12,3,hgb_clf,0.33011913457015457,
2021-05-13,1,logistic,,
2021-05-13,2,logistic,,
2021-05-13,3,logistic,,51.9
2021-05-13,1,forest_clf,,
2021-05-13,2,forest_clf,,
2021-05-13,3,forest_clf,,51.9
2021-05-13,1,hgb_clf,0.055106598928001384,
2021-05-13,2,hgb_clf,0.17353488687399027,
2021-05-13,3,hgb_clf,0.3010616133266237,51.9
2021-05-14,1,logistic,,
2021-05-14,2,logistic,,51.9
2021-05-14,3,logistic,,73.4
2021-05-14,1,forest_clf,,
2021-05-14,2,forest_clf,,51.9
2021-05-14,3,forest_clf,,73.4
2021-05-14,1,hgb_clf,0.07780140537444458,
2021-05-14,2,hgb_clf,0.15488851901429193,51.9
2021-05-14,3,hgb_clf,0.2567390953688535,73.4
2021-05-15,1,logistic,,51.9
2021-05-15,2,logistic,,73.4
2021-05-15,3,logistic,,23.0
2021-05-15,1,forest_clf,,51.9
2021-05-15,2,forest_clf,,73.4
2021-05-15,3,forest_clf,,23.0
2021-05-15,1,hgb_clf,0.24021007845310968,51.9
2021-05-15,2,hgb_clf,0.2059516133151997,73.4
2021-05-15,3,hgb_clf,0.14687056847174432,23.0
2021-05-16,1,logistic,,73.4
2021-05-16,2,logistic,,23.0
2021-05-16,3,logistic,,
2021-05-16,1,forest_clf,,73.4
2021-05-16,2,forest_clf,,23.0
2021-05-16,3,forest_clf,,
2021-05-16,1,hgb_clf,0.09400036615915572,73.4
2021-05-16,2,hgb_clf,0.15380362865859426,23.0
2021-05-16,3,hgb_clf,0.18266917142538472,
2021-05-17,1,logistic,,23.0
2021-05-17,2,logistic,,
2021-05-17,3,logistic,,24.5
2021-05-17,1,forest_clf,,23.0
2021-05-17,2,forest_clf,,
2021-05-17,3,forest_clf,,24.5
2021-05-17,1,hgb_clf,0.06719078431948934,23.0
2021-05-17,2,hgb_clf,0.20725103112512394,
2021-05-17,3,hgb_clf,0.30467699751687843,24.5
2021-05-18,1,logistic,,
2021-05-18,2,logistic,,24.5
2021-05-18,3,logistic,,
2021-05-18,1,forest_clf,,
2021-05-18,2,forest_clf,,24.5
2021-05-18,3,forest_clf,,
2021-05-18,1,hgb_clf,0.046555051397534894,
2021-05-18,2,hgb_clf,0.10814011683630904,24.5
2021-05-18,3,hgb_clf,0.10496658406983997,
2021-05-19,1,logistic,,24.5
2021-05-19,2,logistic,,
2021-05-19,3,logistic,,
2021-05-19,1,forest_clf,,24.5
2021-05-19,2,forest_clf,,
2021-05-19,3,forest_clf,,
2021-05-19,1,hgb_clf,0.07116983901368576,24.5
2021-05-19,2,hgb_clf,0.050515567161656394,
2021-05-19,3,hgb_clf,0.08817096556275494,
2021-05-20,1,logistic,,
2021-05-20,2,logistic,,
2021-05-20,3,logistic,,
2021-05-20,1,forest_clf,,
2021-05-20,2,forest_clf,,
2021-05-20,3,forest_clf,,
2021-05-20,1,hgb_clf,,
2021-05-20,2,hgb_clf,,
2021-05-20,3,hgb_clf,,
2021-05-21,1,logistic,,
2021-05-21,2,logistic,,
2021-05-21,3,logistic,,
2021-05-21,1,forest_clf,,
2021-05-21,2,forest_clf,,
2021-05-21,3,forest_clf,,
2021-05-21,1,hgb_clf,,
2021-05-21,2,hgb_clf,,
2021-05-21,3,hgb_clf,,
2021-05-22,1,logistic,,
2021-05-22,2,logistic,,
2021-05-22,3,logistic,,42.6
2021-05-22,1,forest_clf,,
2021-05-22,2,forest_clf,,
2021-05-22,3,forest_clf,,42.6
2021-05-22,1,hgb_clf,0.1712851082723236,
2021-05-22,2,hgb_clf,0.15711311653840998,
2021-05-22,3,hgb_clf,0.13209542440025887,42.6
2021-05-23,1,logistic,,
2021-05-23,2,logistic,,42.6
2021-05-23,3,logistic,,
2021-05-23,1,forest_clf,,
2021-05-23,2,forest_clf,,42.6
2021-05-23,3,forest_clf,,
2021-05-23,1,hgb_clf,0.13379189428808483,
2021-05-23,2,hgb_clf,0.08643025497006518,42.6
2021-05-23,3,hgb_clf,0.16906099566516822,
2021-05-24,1,logistic,,42.6
2021-05-24,2,logistic,,
2021-05-24,3,logistic,,
2021-05-24,1,forest_clf,,42.6
2021-05-24,2,forest_clf,,
2021-05-24,3,forest_clf,,
2021-05-24,1,hgb_clf,0.30173393936403203,42.6
2021-05-24,2,hgb_clf,0.18475902483911605,
2021-05-24,3,hgb_clf,0.20189123941196427,
2021-05-25,1,logistic,,
2021-05-25,2,logistic,,
2021-05-25,3,logistic,,31.0
2021-05-25,1,forest_clf,,
2021-05-25,2,forest_clf,,
2021-05-25,3,forest_clf,,31.0
2021-05-25,1,hgb_clf,0.11122363796257231,
2021-05-25,2,hgb_clf,0.10107032827240006,
2021-05-25,3,hgb_clf,0.14962033824676568,31.0
2021-05-26,1,logistic,,
2021-05-26,2,logistic,,31.0
2021-05-26,3,logistic,,18.1
2021-05-26,1,forest_clf,,
2021-05-26,2,forest_clf,,31.0
2021-05-26,3,forest_clf,,18.1
2021-05-26,1,hgb_clf,0.23625920250875085,
2021-05-26,2,hgb_clf,0.19652626405379092,31.0
2021-05-26,3,hgb_clf,0.17992294633409783,18.1
2021-05-27,1,logistic,,31.0
2021-05-27,2,logistic,,18.1
2021-05-27,3,logistic,,
2021-05-27,1,forest_clf,,31.0
2021-05-27,2,forest_clf,,18.1
2021-05-27,3,forest_clf,,
2021-05-27,1,hgb_clf,0.2566241759023349,31.0
2021-05-27,2,hgb_clf,0.18245826479365188,18.1
2021-05-27,3,hgb_clf,0.12004263681758474,
2021-05-28,1,logistic,,18.1
2021-05-28,2,logistic,,
2021-05-28,3,logistic,,
2021-05-28,1,forest_clf,,18.1
2021-05-28,2,forest_clf,,
2021-05-28,3,forest_clf,,
2021-05-28,1,hgb_clf,0.0732479441144267,18.1
2021-05-28,2,hgb_clf,0.0673307453951941,
2021-05-28,3,hgb_clf,0.11466010951557352,
2021-05-29,1,logistic,,
2021-05-29,2,logistic,,
2021-05-29,3,logistic,,
2021-05-29,1,forest_clf,,
2021-05-29,2,forest_clf,,
2021-05-29,3,forest_clf,,
2021-05-29,1,hgb_clf,,
2021-05-29,2,hgb_clf,,
2021-05-29,3,hgb_clf,,
2021-05-30,1,logistic,,
2021-05-30,2,logistic,,
2021-05-30,3,logistic,,
2021-05-30,1,forest_clf,,
2021-05-30,2,forest_clf,,
2021-05-30,3,forest_clf,,
2021-05-30,1,hgb_clf,,
2021-05-30,2,hgb_clf,,
2021-05-30,3,hgb_clf,,
2021-05-31,1,logistic,,
2021-05-31,2,logistic,,
2021-05-31,3,logistic,,
2021-05-31,1,forest_clf,,
2021-05-31,2,forest_clf,,
2021-05-31,3,forest_clf,,
2021-05-31,1,hgb_clf,,
2021-05-31,2,hgb_clf,,
2021-05-31,3,hgb_clf,,
2021-06-01,1,logistic,,
2021-06-01,2,logistic,,
2021-06-01,3,logistic,,
2021-06-01,1,forest_clf,,
2021-06-01,2,forest_clf,,
2021-06-01,3,forest_clf,,
2021-06-01,1,hgb_clf,,
2021-06-01,2,hgb_clf,,
2021-06-01,3,hgb_clf,,
2021-06-02,1,logistic,,
2021-06-02,2,logistic,,
2021-06-02,3,logistic,,42.5
2021-06-02,1,forest_clf,,
2021-06-02,2,forest_clf,,
2021-06-02,3,forest_clf,,42.5
2021-06-02,1,hgb_clf,0.2643674985645778,
2021-06-02,2,hgb_clf,0.1887695389738098,
2021-06-02,3,hgb_clf,0.19166527053915028,42.5
2021-06-03,1,logistic,,
2021-06-03,2,logistic,,42.5
2021-06-03,3,logistic,,36.0
2021-06-03,1,forest_clf,,
2021-06-03,2,forest_clf,,42.5
2021-06-03,3,forest_clf,,36.0
2021-06-03,1,hgb_clf,0.22690159785455752,
2021-06-03,2,hgb_clf,0.1887695389738098,42.5
2021-06-03,3,hgb_clf,0.18985288551988663,36.0
2021-06-04,1,logistic,,42.5
2021-06-04,2,logistic,,36.0
2021-06-04,3,logistic,,53.6
2021-06-04,1,forest_clf,,42.5
2021-06-04,2,forest_clf,,36.0
2021-06-04,3,forest_clf,,53.6
2021-06-04,1,hgb_clf,0.2332803268734498,42.5
2021-06-04,2,hgb_clf,0.17513576165042866,36.0
2021-06-04,3,hgb_clf,0.16179882367937934,53.6
2021-06-05,1,logistic,,36.0
2021-06-05,2,logistic,,53.6
2021-06-05,3,logistic,,
2021-06-05,1,forest_clf,,36.0
2021-06-05,2,forest_clf,,53.6
2021-06-05,3,forest_clf,,
2021-06-05,1,hgb_clf,0.08592835851723148,36.0
2021-06-05,2,hgb_clf,0.1048178317601512,53.6
2021-06-05,3,hgb_clf,0.1502850386665768,
2021-06-06,1,logistic,,53.6
2021-06-06,2,logistic,,
2021-06-06,3,logistic,,
2021-06-06,1,forest_clf,,53.6
2021-06-06,2,forest_clf,,
2021-06-06,3,forest_clf,,
2021-06-06,1,hgb_clf,0.0397815526398043,53.6
2021-06-06,2,hgb_clf,0.08334015611440566,
2021-06-06,3,hgb_clf,0.12241947333618285,
2021-06-07,1,logistic,,
2021-06-07,2,logistic,,
2021-06-07,3,logistic,,
2021-06-07,1,forest_clf,,
2021-06-07,2,forest_clf,,
2021-06-07,3,forest_clf,,
2021-06-07,1,hgb_clf,,
2021-06-07,2,hgb_clf,,
2021-06-07,3,hgb_clf,,
2021-06-08,1,logistic,,
2021-06-08,2,logistic,,
2021-06-08,3,logistic,,38.6
2021-06-08,1,forest_clf,,
2021-06-08,2,forest_clf,,
2021-06-08,3,forest_clf,,38.6
2021-06-08,1,hgb_clf,0.047776018529095604,
2021-06-08,2,hgb_clf,0.026435889652869637,
2021-06-08,3,hgb_clf,0.04228734763296922,38.6
2021-06-09,1,logistic,,
2021-06-09,2,logistic,,38.6
2021-06-09,3,logistic,,
2021-06-09,1,forest_clf,,
2021-06-09,2,forest_clf,,38.6
2021-06-09,3,forest_clf,,
2021-06-09,1,hgb_clf,0.08190608218518099,
2021-06-09,2,hgb_clf,0.042018462729846454,38.6
2021-06-09,3,hgb_clf,0.09040020839747379,
2021-06-10,1,logistic,,38.6
2021-06-10,2,logistic,,
2021-06-10,3,logistic,,36.7
2021-06-10,1,forest_clf,,38.6
2021-06-10,2,forest_clf,,
2021-06-10,3,forest_clf,,36.7
2021-06-10,1,hgb_clf,0.08877770377427417,38.6
2021-06-10,2,hgb_clf,0.05432405380679158,
2021-06-10,3,hgb_clf,0.16301181340508133,36.7
2021-06-11,1,logistic,,
2021-06-11,2,logistic,,36.7
2021-06-11,3,logistic,,34.0
2021-06-11,1,forest_clf,,
2021-06-11,2,forest_clf,,36.7
2021-06-11,3,forest_clf,,34.0
2021-06-11,1,hgb_clf,0.04354173355772274,
2021-06-11,2,hgb_clf,0.08099777761188755,36.7
2021-06-11,3,hgb_clf,0.18136749082389184,34.0
2021-06-12,1,logistic,,36.7
2021-06-12,2,logistic,,34.0
2021-06-12,3,logistic,,
2021-06-12,1,forest_clf,,36.7
2021-06-12,2,forest_clf,,34.0
2021-06-12,3,forest_clf,,
2021-06-12,1,hgb_clf,0.08734597691835931,36.7
2021-06-12,2,hgb_clf,0.11942072276470689,34.0
2021-06-12,3,hgb_clf,0.19057079726947837,
2021-06-13,1,logistic,,34.0
2021-06-13,2,logistic,,
2021-06-13,3,logistic,,
2021-06-13,1,forest_clf,,34.0
2021-06-13,2,forest_clf,,
2021-06-13,3,forest_clf,,
2021-06-13,1,hgb_clf,0.042736025874293995,34.0
2021-06-13,2,hgb_clf,0.04719468472943811,
2021-06-13,3,hgb_clf,0.03938018328558331,
2021-06-14,1,logistic,,
2021-06-14,2,logistic,,
2021-06-14,3,logistic,,
2021-06-14,1,forest_clf,,
2021-06-14,2,forest_clf,,
2021-06-14,3,forest_clf,,
2021-06-14,1,hgb_clf,,
2021-06-14,2,hgb_clf,,
2021-06-14,3,hgb_clf,,
2021-06-15,1,logistic,,
2021-06-15,2,logistic,,
2021-06-15,3,logistic,,
2021-06-15,1,forest_clf,,
2021-06-15,2,forest_clf,,
2021-06-15,3,forest_clf,,
2021-06-15,1,hgb_clf,,
2021-06-15,2,hgb_clf,,
2021-06-15,3,hgb_clf,,
2021-06-16,1,logistic,,
2021-06-16,2,logistic,,
2021-06-16,3,logistic,,
2021-06-16,1,forest_clf,,
2021-06-16,2,forest_clf,,
2021-06-16,3,forest_clf,,
2021-06-16,1,hgb_clf,,
2021-06-16,2,hgb_clf,,
2021-06-16,3,hgb_clf,,
2021-06-17,1,logistic,,
2021-06-17,2,logistic,,
2021-06-17,3,logistic,,25.2
2021-06-17,1,forest_clf,,
2021-06-17,2,forest_clf,,
2021-06-17,3,forest_clf,,25.2
2021-06-17,1,hgb_clf,0.07009292518287712,
2021-06-17,2,hgb_clf,0.03206939817112669,
2021-06-17,3,hgb_clf,0.07531925970200846,25.2
2021-06-18,1,logistic,,
2021-06-18,2,logistic,,25.2
2021-06-18,3,logistic,,35.5
2021-06-18,1,forest_clf,,
2021-06-18,2,forest_clf,,25.2
2021-06-18,3,forest_clf,,35.5
2021-06-18,1,hgb_clf,0.21607849297000412,
2021-06-18,2,hgb_clf,0.14578801315875717,25.2
2021-06-18,3,hgb_clf,0.09209073495611864,35.5
2021-06-19,1,logistic,,25.2
2021-06-19,2,logistic,,35.5
2021-06-19,3,logistic,,41.8
2021-06-19,1,forest_clf,,25.2
2021-06-19,2,forest_clf,,35.5
2021-06-19,3,forest_clf,,41.8
2021-06-19,1,hgb_clf,0.1975970620818316,25.2
2021-06-19,2,hgb_clf,0.14294070999740935,35.5
2021-06-19,3,hgb_clf,0.10888322266627705,41.8
2021-06-20,1,logistic,,35.5
2021-06-20,2,logistic,,41.8
2021-06-20,3,logistic,,
2021-06-20,1,forest_clf,,35.5
2021-06-20,2,forest_clf,,41.8
2021-06-20,3,forest_clf,,
2021-06-20,1,hgb_clf,0.06980702821081626,35.5
2021-06-20,2,hgb_clf,0.09026653684063515,41.8
2021-06-20,3,hgb_clf,0.05323086035358831,
2021-06-21,1,logistic,,41.8
2021-06-21,2,logistic,,
2021-06-21,3,logistic,,51.2
2021-06-21,1,forest_clf,,41.8
2021-06-21,2,forest_clf,,
2021-06-21,3,forest_clf,,51.2
2021-06-21,1,hgb_clf,0.04086853893699494,41.8
2021-06-21,2,hgb_clf,0.04401132030308781,
2021-06-21,3,hgb_clf,0.039382153881432035,51.2
2021-06-22,1,logistic,,
2021-06-22,2,logistic,,51.2
2021-06-22,3,logistic,,
2021-06-22,1,forest_clf,,
2021-06-22,2,forest_clf,,51.2
2021-06-22,3,forest_clf,,
2021-06-22,1,hgb_clf,0.02042733838614275,
2021-06-22,2,hgb_clf,0.032592269529022874,51.2
2021-06-22,3,hgb_clf,0.02557142098266587,
2021-06-23,1,logistic,,51.2
2021-06-23,2,logistic,,
2021-06-23,3,logistic,,41.3
2021-06-23,1,forest_clf,,51.2
2021-06-23,2,forest_clf,,
2021-06-23,3,forest_clf,,41.3
2021-06-23,1,hgb_clf,0.033743539473095864,51.2
2021-06-23,2,hgb_clf,0.015262299408288582,
2021-06-23,3,hgb_clf,0.016904936915719444,41.3
2021-06-24,1,logistic,,
2021-06-24,2,logistic,,41.3
2021-06-24,3,logistic,,70.0
2021-06-24,1,forest_clf,,
2021-06-24,2,forest_clf,,41.3
2021-06-24,3,forest_clf,,70.0
2021-06-24,1,hgb_clf,0.018949712406924227,
2021-06-24,2,hgb_clf,0.020290993149635964,41.3
2021-06-24,3,hgb_clf,0.014089816732905467,70.0
2021-06-25,1,logistic,,41.3
2021-06-25,2,logistic,,70.0
2021-06-25,3,logistic,,63.4
2021-06-25,1,forest_clf,,41.3
2021-06-25,2,forest_clf,,70.0
2021-06-25,3,forest_clf,,63.4
2021-06-25,1,hgb_clf,0.052600350369773494,41.3
2021-06-25,2,hgb_clf,0.027243484765103628,70.0
2021-06-25,3,hgb_clf,0.05829898598445095,63.4
2021-06-26,1,logistic,,70.0
2021-06-26,2,logistic,,63.4
2021-06-26,3,logistic,,
2021-06-26,1,forest_clf,,70.0
2021-06-26,2,forest_clf,,63.4
2021-06-26,3,forest_clf,,
2021-06-26,1,hgb_clf,0.018169475352211226,70.0
2021-06-26,2,hgb_clf,0.035243167350035416,63.4
2021-06-26,3,hgb_clf,0.021521071495905222,
2021-06-27,1,logistic,,63.4
2021-06-27,2,logistic,,
2021-06-27,3,logistic,,
2021-06-27,1,forest_clf,,63.4
2021-06-27,2,forest_clf,,
2021-06-27,3,forest_clf,,
2021-06-27,1,hgb_clf,0.03959475236783286,63.4
2021-06-27,2,hgb_clf,0.03437162108298324,
2021-06-27,3,hgb_clf,0.044962546147333866,
2021-06-28,1,logistic,,
2021-06-28,2,logistic,,
2021-06-28,3,logistic,,
2021-06-28,1,forest_clf,,
2021-06-28,2,forest_clf,,
2021-06-28,3,forest_clf,,
2021-06-28,1,hgb_clf,,
2021-06-28,2,hgb_clf,,
2021-06-28,3,hgb_clf,,
2021-06-29,1,logistic,,
2021-06-29,2,logistic,,
2021-06-29,3,logistic,,
2021-06-29,1,forest_clf,,
2021-06-29,2,forest_clf,,
2021-06-29,3,forest_clf,,
2021-06-29,1,hgb_clf,,
2021-06-29,2,hgb_clf,,
2021-06-29,3,hgb_clf,,
2021-06-30,1,logistic,,
2021-06-30,2,logistic,,
2021-06-30,3,logistic,,37.1
2021-06-30,1,forest_clf,,
2021-06-30,2,forest_clf,,
2021-06-30,3,forest_clf,,37.1
2021-06-30,1,hgb_clf,0.09070193518588347,
2021-06-30,2,hgb_clf,0.06159316262883536,
2021-06-30,3,hgb_clf,0.04777012568181699,37.1
2021-07-01,1,logistic,,
2021-07-01,2,logistic,,37.1
2021-07-01,3,logistic,,46.9
2021-07-01,1,forest_clf,,
2021-07-01,2,forest_clf,,37.1
2021-07-01,3,forest_clf,,46.9
2021-07-01,1,hgb_clf,0.0790674892117829,
2021-07-01,2,hgb_clf,0.05628985212361752,37.1
2021-07-01,3,hgb_clf,0.047520965917893815,46.9
2021-07-02,1,logistic,,37.1
2021-07-02,2,logistic,,46.9
2021-07-02,3,logistic,,41.4
2021-07-02,1,forest_clf,,37.1
2021-07-02,2,forest_clf,,46.9
2021-07-02,3,forest_clf,,41.4
2021-07-02,1,hgb_clf,0.07648485301895161,37.1
2021-07-02,2,hgb_clf,0.06836043429597759,46.9
2021-07-02,3,hgb_clf,0.07462380678349957,41.4
2021-07-03,1,logistic,,46.9
2021-07-03,2,logistic,,41.4
2021-07-03,3,logistic,,41.5
2021-07-03,1,forest_clf,,46.9
2021-07-03,2,forest_clf,,41.4
2021-07-03,3,forest_clf,,41.5
2021-07-03,1,hgb_clf,0.048461761825104324,46.9
2021-07-03,2,hgb_clf,0.04253952727114239,41.4
2021-07-03,3,hgb_clf,0.048698820565640205,41.5
2021-07-04,1,logistic,,41.4
2021-07-04,2,logistic,,41.5
2021-07-04,3,logistic,,
2021-07-04,1,forest_clf,,41.4
2021-07-04,2,forest_clf,,41.5
2021-07-04,3,forest_clf,,
2021-07-04,1,hgb_clf,0.007023616299260543,41.4
2021-07-04,2,hgb_clf,0.023718247358559857,41.5
2021-07-04,3,hgb_clf,0.02375356567914056,
2021-07-05,1,logistic,,41.5
2021-07-05,2,logistic,,
2021-07-05,3,logistic,,
2021-07-05,1,forest_clf,,41.5
2021-07-05,2,forest_clf,,
2021-07-05,3,forest_clf,,
2021-07-05,1,hgb_clf,0.010315804820280437,41.5
2021-07-05,2,hgb_clf,0.01958791303886183,
2021-07-05,3,hgb_clf,0.011799227749461516,
2021-07-06,1,logistic,,
2021-07-06,2,logistic,,
2021-07-06,3,logistic,,46.1
2021-07-06,1,forest_clf,,
2021-07-06,2,forest_clf,,
2021-07-06,3,forest_clf,,46.1
2021-07-06,1,hgb_clf,0.006167969942649081,
2021-07-06,2,hgb_clf,0.008234109903335732,
2021-07-06,3,hgb_clf,0.007006225632985059,46.1
2021-07-07,1,logistic,,
2021-07-07,2,logistic,,46.1
2021-07-07,3,logistic,,
2021-07-07,1,forest_clf,,
2021-07-07,2,forest_clf,,46.1
2021-07-07,3,forest_clf,,
2021-07-07,1,hgb_clf,0.023712892234457647,
2021-07-07,2,hgb_clf,0.01704419160935459,46.1
2021-07-07,3,hgb_clf,0.012643762722476139,
2021-07-08,1,logistic,,46.1
2021-07-08,2,logistic,,
2021-07-08,3,logistic,,
2021-07-08,1,forest_clf,,46.1
2021-07-08,2,forest_clf,,
2021-07-08,3,forest_clf,,
2021-07-08,1,hgb_clf,0.03645249247014797,46.1
2021-07-08,2,hgb_clf,0.03237172161721811,
2021-07-08,3,hgb_clf,0.017789286721100913,
2021-07-09,1,logistic,,
2021-07-09,2,logistic,,
2021-07-09,3,logistic,,
2021-07-09,1,forest_clf,,
2021-07-09,2,forest_clf,,
2021-07-09,3,forest_clf,,
2021-07-09,1,hgb_clf,,
2021-07-09,2,hgb_clf,,
2021-07-09,3,hgb_clf,,
2021-07-10,1,logistic,,
2021-07-10,2,logistic,,
2021-07-10,3,logistic,,26.4
2021-07-10,1,forest_clf,,
2021-07-10,2,forest_clf,,
2021-07-10,3,forest_clf,,26.4
2021-07-10,1,hgb_clf,0.019374619796623985,
2021-07-10,2,hgb_clf,0.04350027595627554,
2021-07-10,3,hgb_clf,0.03481199981733061,26.4
2021-07-11,1,logistic,,
2021-07-11,2,logistic,,26.4
2021-07-11,3,logistic,,28.6
2021-07-11,1,forest_clf,,
2021-07-11,2,forest_clf,,26.4
2021-07-11,3,forest_clf,,28.6
2021-07-11,1,hgb_clf,0.07565237582389947,
2021-07-11,2,hgb_clf,0.07354685811605485,26.4
2021-07-11,3,hgb_clf,0.0322325357419081,28.6
2021-07-12,1,logistic,,26.4
2021-07-12,2,logistic,,28.6
2021-07-12,3,logistic,,
2021-07-12,1,forest_clf,,26.4
2021-07-12,2,forest_clf,,28.6
2021-07-12,3,forest_clf,,
2021-07-12,1,hgb_clf,0.22422845100325334,26.4
2021-07-12,2,hgb_clf,0.09267506945044526,28.6
2021-07-12,3,hgb_clf,0.048523278841505,
2021-07-13,1,logistic,,28.6
2021-07-13,2,logistic,,
2021-07-13,3,logistic,,
2021-07-13,1,forest_clf,,28.6
2021-07-13,2,forest_clf,,
2021-07-13,3,forest_clf,,
2021-07-13,1,hgb_clf,0.09010370503809616,28.6
2021-07-13,2,hgb_clf,0.08117048944924046,
2021-07-13,3,hgb_clf,0.04809521284636859,
2021-07-14,1,logistic,,
2021-07-14,2,logistic,,
2021-07-14,3,logistic,,
2021-07-14,1,forest_clf,,
2021-07-14,2,forest_clf,,
2021-07-14,3,forest_clf,,
2021-07-14,1,hgb_clf,,
2021-07-14,2,hgb_clf,,
2021-07-14,3,hgb_clf,,
2021-07-15,1,logistic,,
2021-07-15,2,logistic,,
2021-07-15,3,logistic,,28.2
2021-07-15,1,forest_clf,,
2021-07-15,2,forest_clf,,
2021-07-15,3,forest_clf,,28.2
2021-07-15,1,hgb_clf,0.02583972668989146,
2021-07-15,2,hgb_clf,0.03444584849525797,
2021-07-15,3,hgb_clf,0.022393102485003247,28.2
2021-07-16,1,logistic,,
2021-07-16,2,logistic,,28.2
2021-07-16,3,logistic,,
2021-07-16,1,forest_clf,,
2021-07-16,2,forest_clf,,28.2
2021-07-16,3,forest_clf,,
2021-07-16,1,hgb_clf,0.12451235821808335,
2021-07-16,2,hgb_clf,0.09047506975945326,28.2
2021-07-16,3,hgb_clf,0.02818024060106909,
2021-07-17,1,logistic,,28.2
2021-07-17,2,logistic,,
2021-07-17,3,logistic,,27.6
2021-07-17,1,forest_clf,,28.2
2021-07-17,2,forest_clf,,
2021-07-17,3,forest_clf,,27.6
2021-07-17,1,hgb_clf,0.1854724965975353,28.2
2021-07-17,2,hgb_clf,0.10567428486186767,
2021-07-17,3,hgb_clf,0.04396228283147265,27.6
2021-07-18,1,logistic,,
2021-07-18,2,logistic,,27.6
2021-07-18,3,logistic,,34.0
2021-07-18,1,forest_clf,,
2021-07-18,2,forest_clf,,27.6
2021-07-18,3,forest_clf,,34.0
2021-07-18,1,hgb_clf,0.016551391061857445,
2021-07-18,2,hgb_clf,0.03733786115415656,27.6
2021-07-18,3,hgb_clf,0.05195558321836642,34.0
2021-07-19,1,logistic,,27.6
2021-07-19,2,logistic,,34.0
2021-07-19,3,logistic,,26.4
2021-07-19,1,forest_clf,,27.6
2021-07-19,2,forest_clf,,34.0
2021-07-19,3,forest_clf,,26.4
2021-07-19,1,hgb_clf,0.0331467259615341,27.6
2021-07-19,2,hgb_clf,0.04909202673785411,34.0
2021-07-19,3,hgb_clf,0.06941392306993485,26.4
2021-07-20,1,logistic,,34.0
2021-07-20,2,logistic,,26.4
2021-07-20,3,logistic,,26.4
2021-07-20,1,forest_clf,,34.0
2021-07-20,2,forest_clf,,26.4
2021-07-20,3,forest_clf,,26.4
2021-07-20,1,hgb_clf,0.012899394898588294,34.0
2021-07-20,2,hgb_clf,0.016768294284832053,26.4
2021-07-20,3,hgb_clf,0.014544951799073872,26.4
2021-07-21,1,logistic,,26.4
2021-07-21,2,logistic,,26.4
2021-07-21,3,logistic,,33.8
2021-07-21,1,forest_clf,,26.4
2021-07-21,2,forest_clf,,26.4
2021-07-21,3,forest_clf,,33.8
2021-07-21,1,hgb_clf,0.0070447593560046436,26.4
2021-07-21,2,hgb_clf,0.007573842232533764,26.4
2021-07-21,3,hgb_clf,0.017509597096422823,33.8
2021-07-22,1,logistic,,26.4
2021-07-22,2,logistic,,33.8
2021-07-22,3,logistic,,
2021-07-22,1,forest_clf,,26.4
2021-07-22,2,forest_clf,,33.8
2021-07-22,3,forest_clf,,
2021-07-22,1,hgb_clf,0.0078107931847948816,26.4
2021-07-22,2,hgb_clf,0.022188081451304735,33.8
2021-07-22,3,hgb_clf,0.014173133722330658,
2021-07-23,1,logistic,,33.8
2021-07-23,2,logistic,,
2021-07-23,3,logistic,,
2021-07-23,1,forest_clf,,33.8
2021-07-23,2,forest_clf,,
2021-07-23,3,forest_clf,,
2021-07-23,1,hgb_clf,0.005574848548652682,33.8
2021-07-23,2,hgb_clf,0.01159892549239332,
2021-07-23,3,hgb_clf,0.00746467960158934,
2021-07-24,1,logistic,,
2021-07-24,2,logistic,,
2021-07-24,3,logistic,,
2021-07-24,1,forest_clf,,
2021-07-24,2,forest_clf,,
2021-07-24,3,forest_clf,,
2021-07-24,1,hgb_clf,,
2021-07-24,2,hgb_clf,,
2021-07-24,3,hgb_clf,,
2021-07-25,1,logistic,,
2021-07-25,2,logistic,,
2021-07-25,3,logistic,,
2021-07-25,1,forest_clf,,
2021-07-25,2,forest_clf,,
2021-07-25,3,forest_clf,,
2021-07-25,1,hgb_clf,,
2021-07-25,2,hgb_clf,,
2021-07-25,3,hgb_clf,,
2021-07-26,1,logistic,,
2021-07-26,2,logistic,,
2021-07-26,3,logistic,,
2021-07-26,1,forest_clf,,
2021-07-26,2,forest_clf,,
2021-07-26,3,forest_clf,,
2021-07-26,1,hgb_clf,,
2021-07-26,2,hgb_clf,,
2021-07-26,3,hgb_clf,,
2021-07-27,1,logistic,,
2021-07-27,2,logistic,,
2021-07-27,3,logistic,,
2021-07-27,1,forest_clf,,
2021-07-27,2,forest_clf,,
2021-07-27,3,forest_clf,,
2021-07-27,1,hgb_clf,,
2021-07-27,2,hgb_clf,,
2021-07-27,3,hgb_clf,,
2021-07-28,1,logistic,,
2021-07-28,2,logistic,,
2021-07-28,3,logistic,,
2021-07-28,1,forest_clf,,
2021-07-28,2,forest_clf,,
2021-07-28,3,forest_clf,,
2021-07-28,1,hgb_clf,,
2021-07-28,2,hgb_clf,,
2021-07-28,3,hgb_clf,,
2021-07-29,1,logistic,,
2021-07-29,2,logistic,,
2021-07-29,3,logistic,,
2021-07-29,1,forest_clf,,
2021-07-29,2,forest_clf,,
2021-07-29,3,forest_clf,,
2021-07-29,1,hgb_clf,,
2021-07-29,2,hgb_clf,,
2021-07-29,3,hgb_clf,,
2021-07-30,1,logistic,,
2021-07-30,2,logistic,,
2021-07-30,3,logistic,,
2021-07-30,1,forest_clf,,
2021-07-30,2,forest_clf,,
2021-07-30,3,forest_clf,,
2021-07-30,1,hgb_clf,,
2021-07-30,2,hgb_clf,,
2021-07-30,3,hgb_clf,,
2021-07-31,1,logistic,,
2021-07-31,2,logistic,,
2021-07-31,3,logistic,,
2021-07-31,1,forest_clf,,
2021-07-31,2,forest_clf,,
2021-07-31,3,forest_clf,,
2021-07-31,1,hgb_clf,,
2021-07-31,2,hgb_clf,,
2021-07-31,3,hgb_clf,,
2021-08-01,1,logistic,,
2021-08-01,2,logistic,,
2021-08-01,3,logistic,,
2021-08-01,1,forest_clf,,
2021-08-01,2,forest_clf,,
2021-08-01,3,forest_clf,,
2021-08-01,1,hgb_clf,,
2021-08-01,2,hgb_clf,,
2021-08-01,3,hgb_clf,,
2021-08-02,1,logistic,,
2021-08-02,2,logistic,,
2021-08-02,3,logistic,,
2021-08-02,1,forest_clf,,
2021-08-02,2,forest_clf,,
2021-08-02,3,forest_clf,,
2021-08-02,1,hgb_clf,,
2021-08-02,2,hgb_clf,,
2021-08-02,3,hgb_clf,,
2021-08-03,1,logistic,,
2021-08-03,2,logistic,,
2021-08-03,3,logistic,,46.0
2021-08-03,1,forest_clf,,
2021-08-03,2,forest_clf,,
2021-08-03,3,forest_clf,,46.0
2021-08-03,1,hgb_clf,0.08464269558472214,
2021-08-03,2,hgb_clf,0.10325243436947677,
2021-08-03,3,hgb_clf,0.06948023975218068,46.0
2021-08-04,1,logistic,,
2021-08-04,2,logistic,,46.0
2021-08-04,3,logistic,,39.0
2021-08-04,1,forest_clf,,
2021-08-04,2,forest_clf,,46.0
2021-08-04,3,forest_clf,,39.0
2021-08-04,1,hgb_clf,0.08813489022362149,
2021-08-04,2,hgb_clf,0.10325243436947677,46.0
2021-08-04,3,hgb_clf,0.06948023975218068,39.0
2021-08-05,1,logistic,,46.0
2021-08-05,2,logistic,,39.0
2021-08-05,3,logistic,,
2021-08-05,1,forest_clf,,46.0
2021-08-05,2,forest_clf,,39.0
2021-08-05,3,forest_clf,,
2021-08-05,1,hgb_clf,0.0674133576153652,46.0
2021-08-05,2,hgb_clf,0.1073354777926306,39.0
2021-08-05,3,hgb_clf,0.05045379756197222,
2021-08-06,1,logistic,,39.0
2021-08-06,2,logistic,,
2021-08-06,3,logistic,,
2021-08-06,1,forest_clf,,39.0
2021-08-06,2,forest_clf,,
2021-08-06,3,forest_clf,,
2021-08-06,1,hgb_clf,0.03902948424076011,39.0
2021-08-06,2,hgb_clf,0.07777118301841252,
2021-08-06,3,hgb_clf,0.04820580689935032,
2021-08-07,1,logistic,,
2021-08-07,2,logistic,,
2021-08-07,3,logistic,,34.4
2021-08-07,1,forest_clf,,
2021-08-07,2,forest_clf,,
2021-08-07,3,forest_clf,,34.4
2021-08-07,1,hgb_clf,0.010061954726971727,
2021-08-07,2,hgb_clf,0.04162611890874373,
2021-08-07,3,hgb_clf,0.031030096844439022,34.4
2021-08-08,1,logistic,,
2021-08-08,2,logistic,,34.4
2021-08-08,3,logistic,,26.3
2021-08-08,1,forest_clf,,
2021-08-08,2,forest_clf,,34.4
2021-08-08,3,forest_clf,,26.3
2021-08-08,1,hgb_clf,0.03572531112344811,
2021-08-08,2,hgb_clf,0.07492877080677003,34.4
2021-08-08,3,hgb_clf,0.019629677158485306,26.3
2021-08-09,1,logistic,,34.4
2021-08-09,2,logistic,,26.3
2021-08-09,3,logistic,,28.1
2021-08-09,1,forest_clf,,34.4
2021-08-09,2,forest_clf,,26.3
2021-08-09,3,forest_clf,,28.1
2021-08-09,1,hgb_clf,0.06421355231823254,34.4
2021-08-09,2,hgb_clf,0.046908752851916174,26.3
2021-08-09,3,hgb_clf,0.02148488075463326,28.1
2021-08-10,1,logistic,,26.3
2021-08-10,2,logistic,,28.1
2021-08-10,3,logistic,,28.4
2021-08-10,1,forest_clf,,26.3
2021-08-10,2,forest_clf,,28.1
2021-08-10,3,forest_clf,,28.4
2021-08-10,1,hgb_clf,0.003288161491075473,26.3
2021-08-10,2,hgb_clf,0.01502001554365739,28.1
2021-08-10,3,hgb_clf,0.029523319833058632,28.4
2021-08-11,1,logistic,,28.1
2021-08-11,2,logistic,,28.4
2021-08-11,3,logistic,,26.8
2021-08-11,1,forest_clf,,28.1
2021-08-11,2,forest_clf,,28.4
2021-08-11,3,forest_clf,,26.8
2021-08-11,1,hgb_clf,0.0019294086092506403,28.1
2021-08-11,2,hgb_clf,0.02246799903860535,28.4
2021-08-11,3,hgb_clf,0.026316492442177847,26.8
2021-08-12,1,logistic,,28.4
2021-08-12,2,logistic,,26.8
2021-08-12,3,logistic,,28.1
2021-08-12,1,forest_clf,,28.4
2021-08-12,2,forest_clf,,26.8
2021-08-12,3,forest_clf,,28.1
2021-08-12,1,hgb_clf,0.0033657471978637164,28.4
2021-08-12,2,hgb_clf,0.025361442541818133,26.8
2021-08-12,3,hgb_clf,0.015381100752451296,28.1
2021-08-13,1,logistic,,26.8
2021-08-13,2,logistic,,28.1
2021-08-13,3,logistic,,33.7
2021-08-13,1,forest_clf,,26.8
2021-08-13,2,forest_clf,,28.1
2021-08-13,3,forest_clf,,33.7
2021-08-13,1,hgb_clf,0.006848328966081235,26.8
2021-08-13,2,hgb_clf,0.01018869080277314,28.1
2021-08-13,3,hgb_clf,0.014059440437907847,33.7
2021-08-14,1,logistic,,28.1
2021-08-14,2,logistic,,33.7
2021-08-14,3,logistic,,43.1
2021-08-14,1,forest_clf,,28.1
2021-08-14,2,forest_clf,,33.7
2021-08-14,3,forest_clf,,43.1
2021-08-14,1,hgb_clf,0.007600635171147799,28.1
2021-08-14,2,hgb_clf,0.012724362100597223,33.7
2021-08-14,3,hgb_clf,0.01869325939126444,43.1
2021-08-15,1,logistic,,33.7
2021-08-15,2,logistic,,43.1
2021-08-15,3,logistic,,51.2
2021-08-15,1,forest_clf,,33.7
2021-08-15,2,forest_clf,,43.1
2021-08-15,3,forest_clf,,51.2
2021-08-15,1,hgb_clf,0.006828548610138795,33.7
2021-08-15,2,hgb_clf,0.015213335536614738,43.1
2021-08-15,3,hgb_clf,0.01701379171242156,51.2
2021-08-16,1,logistic,,43.1
2021-08-16,2,logistic,,51.2
2021-08-16,3,logistic,,
2021-08-16,1,forest_clf,,43.1
2021-08-16,2,forest_clf,,51.2
2021-08-16,3,forest_clf,,
2021-08-16,1,hgb_clf,0.0016034623098347602,43.1
2021-08-16,2,hgb_clf,0.0064386193909915755,51.2
2021-08-16,3,hgb_clf,0.01036288632879675,
2021-08-17,1,logistic,0.03896924446343574,51.2
2021-08-17,2,logistic,0.00914965163650313,
2021-08-17,3,logistic,0.03391664708863341,37.9
2021-08-17,1,forest_clf,0.014284991324051931,51.2
2021-08-17,2,forest_clf,0.009943428798046864,
2021-08-17,3,forest_clf,0.012812228877473446,37.9
2021-08-17,1,hgb_clf,0.0016220167522678533,51.2
2021-08-17,2,hgb_clf,0.008255513803750085,
2021-08-17,3,hgb_clf,0.010997756670654732,37.9
2021-08-18,1,logistic,0.04407811458263778,
2021-08-18,2,logistic,0.011997110162423308,37.9
2021-08-18,3,logistic,0.03924748655615634,20.1
2021-08-18,1,forest_clf,0.013121368281581867,
2021-08-18,2,forest_clf,0.010796586562216652,37.9
2021-08-18,3,forest_clf,0.030429700208708266,20.1
2021-08-18,1,hgb_clf,0.001852257617150482,
2021-08-18,2,hgb_clf,0.011058189041729088,37.9
2021-08-18,3,hgb_clf,0.010997756670654732,20.1
2021-08-19,1,logistic,,37.9
2021-08-19,2,logistic,,20.1
2021-08-19,3,logistic,,31.6
2021-08-19,1,forest_clf,,37.9
2021-08-19,2,forest_clf,,20.1
2021-08-19,3,forest_clf,,31.6
2021-08-19,1,hgb_clf,0.0012947703029890531,37.9
2021-08-19,2,hgb_clf,0.011837843214418954,20.1
2021-08-19,3,hgb_clf,0.013044369247299011,31.6
2021-08-20,1,logistic,,20.1
2021-08-20,2,logistic,,31.6
2021-08-20,3,logistic,,28.4
2021-08-20,1,forest_clf,,20.1
2021-08-20,2,forest_clf,,31.6
2021-08-20,3,forest_clf,,28.4
2021-08-20,1,hgb_clf,0.0017338202262853425,20.1
2021-08-20,2,hgb_clf,0.006586253139747001,31.6
2021-08-20,3,hgb_clf,0.010659948409456037,28.4
2021-08-21,1,logistic,,31.6
2021-08-21,2,logistic,,28.4
2021-08-21,3,logistic,,40.2
2021-08-21,1,forest_clf,,31.6
2021-08-21,2,forest_clf,,28.4
2021-08-21,3,forest_clf,,40.2
2021-08-21,1,hgb_clf,0.0009120212864265528,31.6
2021-08-21,2,hgb_clf,0.007759678028052032,28.4
2021-08-21,3,hgb_clf,0.02132644064461772,40.2
2021-08-22,1,logistic,,28.4
2021-08-22,2,logistic,,40.2
2021-08-22,3,logistic,,30.5
2021-08-22,1,forest_clf,,28.4
2021-08-22,2,forest_clf,,40.2
2021-08-22,3,forest_clf,,30.5
2021-08-22,1,hgb_clf,0.0020298333749234855,28.4
2021-08-22,2,hgb_clf,0.017866320438381704,40.2
2021-08-22,3,hgb_clf,0.015125116662645103,30.5
2021-08-23,1,logistic,0.023983366744880275,40.2
2021-08-23,2,logistic,0.0014266866502050197,30.5
2021-08-23,3,logistic,0.013494229165037681,27.1
2021-08-23,1,forest_clf,0.002343504399723154,40.2
2021-08-23,2,forest_clf,0.00258095364618045,30.5
2021-08-23,3,forest_clf,0.01320626586874238,27.1
2021-08-23,1,hgb_clf,0.0013932127416427594,40.2
2021-08-23,2,hgb_clf,0.007214401615088942,30.5
2021-08-23,3,hgb_clf,0.016697660714483177,27.1
2021-08-24,1,logistic,0.03175298294550228,30.5
2021-08-24,2,logistic,0.002891663303790607,27.1
2021-08-24,3,logistic,0.018119362371852063,39.4
2021-08-24,1,forest_clf,0.012737676105105573,30.5
2021-08-24,2,forest_clf,0.001814143898563293,27.1
2021-08-24,3,forest_clf,0.013522782033055163,39.4
2021-08-24,1,hgb_clf,0.0022605536767936764,30.5
2021-08-24,2,hgb_clf,0.007579023629712767,27.1
2021-08-24,3,hgb_clf,0.017636317231928243,39.4
2021-08-25,1,logistic,0.022714293083127824,27.1
2021-08-25,2,logistic,0.001639985688990743,39.4
2021-08-25,3,logistic,0.014450337803923194,44.4
2021-08-25,1,forest_clf,0.0015165527938862983,27.1
2021-08-25,2,forest_clf,0.0011726483552017095,39.4
2021-08-25,3,forest_clf,0.013231412099329097,44.4
2021-08-25,1,hgb_clf,0.0019085257536017339,27.1
2021-08-25,2,hgb_clf,0.008310383748210384,39.4
2021-08-25,3,hgb_clf,0.016590557466466233,44.4
2021-08-26,1,logistic,,39.4
2021-08-26,2,logistic,,44.4
2021-08-26,3,logistic,,44.5
2021-08-26,1,forest_clf,,39.4
2021-08-26,2,forest_clf,,44.4
2021-08-26,3,forest_clf,,44.5
2021-08-26,1,hgb_clf,0.001132484824069409,39.4
2021-08-26,2,hgb_clf,0.012791606300114703,44.4
2021-08-26,3,hgb_clf,0.01772697925200089,44.5
2021-08-27,1,logistic,0.026432858302961233,44.4
2021-08-27,2,logistic,0.004814094726123669,44.5
2021-08-27,3,logistic,0.028503984944464433,
2021-08-27,1,forest_clf,0.014593970961488525,44.4
2021-08-27,2,forest_clf,0.0009904588175179735,44.5
2021-08-27,3,forest_clf,0.013759439221213117,
2021-08-27,1,hgb_clf,0.0028498297117565707,44.4
2021-08-27,2,hgb_clf,0.007428013283557921,44.5
2021-08-27,3,hgb_clf,0.015951525442959195,
2021-08-28,1,logistic,0.029390915361978298,44.5
2021-08-28,2,logistic,0.009164820429525423,
2021-08-28,3,logistic,0.03421472593145237,
2021-08-28,1,forest_clf,0.009776804031662013,44.5
2021-08-28,2,forest_clf,0.006031133220535564,
2021-08-28,3,forest_clf,0.012619268165879396,
2021-08-28,1,hgb_clf,0.002269218149565094,44.5
2021-08-28,2,hgb_clf,0.010987030601614522,
2021-08-28,3,hgb_clf,0.017849387141356796,
2021-08-29,1,logistic,0.028874339463861344,
2021-08-29,2,logistic,0.009668680838555368,
2021-08-29,3,logistic,0.03552558309536774,20.0
2021-08-29,1,forest_clf,0.008671908633343823,
2021-08-29,2,forest_clf,0.007475514715251235,
2021-08-29,3,forest_clf,0.013848746618054046,20.0
2021-08-29,1,hgb_clf,0.002724060372324051,
2021-08-29,2,hgb_clf,0.011991505132818717,
2021-08-29,3,hgb_clf,0.018438679455596817,20.0
2021-08-30,1,logistic,,
2021-08-30,2,logistic,,20.0
2021-08-30,3,logistic,,24.5
2021-08-30,1,forest_clf,,
2021-08-30,2,forest_clf,,20.0
2021-08-30,3,forest_clf,,24.5
2021-08-30,1,hgb_clf,0.003057711845090021,
2021-08-30,2,hgb_clf,0.013692527399025574,20.0
2021-08-30,3,hgb_clf,0.02194186705189849,24.5
2021-08-31,1,logistic,,20.0
2021-08-31,2,logistic,,24.5
2021-08-31,3,logistic,,20.4
2021-08-31,1,forest_clf,,20.0
2021-08-31,2,forest_clf,,24.5
2021-08-31,3,forest_clf,,20.4
2021-08-31,1,hgb_clf,0.004087822200801527,20.0
2021-08-31,2,hgb_clf,0.0243432529465701,24.5
2021-08-31,3,hgb_clf,0.030150004247354954,20.4
2021-09-01,1,logistic,,24.5
2021-09-01,2,logistic,,20.4
2021-09-01,3,logistic,,20.2
2021-09-01,1,forest_clf,,24.5
2021-09-01,2,forest_clf,,20.4
2021-09-01,3,forest_clf,,20.2
2021-09-01,1,hgb_clf,0.0008434293189253179,24.5
2021-09-01,2,hgb_clf,0.016401896268316018,20.4
2021-09-01,3,hgb_clf,0.031123405528757652,20.2
2021-09-02,1,logistic,,20.4
2021-09-02,2,logistic,,20.2
2021-09-02,3,logistic,,33.7
2021-09-02,1,forest_clf,,20.4
2021-09-02,2,forest_clf,,20.2
2021-09-02,3,forest_clf,,33.7
2021-09-02,1,hgb_clf,0.0019248430229053693,20.4
2021-09-02,2,hgb_clf,0.01985794726393992,20.2
2021-09-02,3,hgb_clf,0.027069213906476406,33.7
2021-09-03,1,logistic,,20.2
2021-09-03,2,logistic,,33.7
2021-09-03,3,logistic,,40.7
2021-09-03,1,forest_clf,,20.2
2021-09-03,2,forest_clf,,33.7
2021-09-03,3,forest_clf,,40.7
2021-09-03,1,hgb_clf,0.002014322732493613,20.2
2021-09-03,2,hgb_clf,0.02388359758635544,33.7
2021-09-03,3,hgb_clf,0.017764570648932644,40.7
2021-09-04,1,logistic,0.014938983993297501,33.7
2021-09-04,2,logistic,0.0010438479424923503,40.7
2021-09-04,3,logistic,0.009612137531458748,39.8
2021-09-04,1,forest_clf,0.004464451797691524,33.7
2021-09-04,2,forest_clf,0.004521289609146066,40.7
2021-09-04,3,forest_clf,0.015471601882967112,39.8
2021-09-04,1,hgb_clf,0.0011153949012029497,33.7
2021-09-04,2,hgb_clf,0.010409006475150471,40.7
2021-09-04,3,hgb_clf,0.014264500724202813,39.8
2021-09-05,1,logistic,0.01992533310381791,40.7
2021-09-05,2,logistic,0.0022821228416399896,39.8
2021-09-05,3,logistic,0.013596095193366717,21.1
2021-09-05,1,forest_clf,0.01653373549895964,40.7
2021-09-05,2,forest_clf,0.005157200277080394,39.8
2021-09-05,3,forest_clf,0.011466798134772376,21.1
2021-09-05,1,hgb_clf,0.0024326773748574583,40.7
2021-09-05,2,hgb_clf,0.009207500631182438,39.8
2021-09-05,3,hgb_clf,0.014017433362436986,21.1
2021-09-06,1,logistic,,39.8
2021-09-06,2,logistic,,21.1
2021-09-06,3,logistic,,26.1
2021-09-06,1,forest_clf,,39.8
2021-09-06,2,forest_clf,,21.1
2021-09-06,3,forest_clf,,26.1
2021-09-06,1,hgb_clf,0.0013028017230561318,39.8
2021-09-06,2,hgb_clf,0.009542444166099642,21.1
2021-09-06,3,hgb_clf,0.019959055297824112,26.1
2021-09-07,1,logistic,,21.1
2021-09-07,2,logistic,,26.1
2021-09-07,3,logistic,,28.9
2021-09-07,1,forest_clf,,21.1
2021-09-07,2,forest_clf,,26.1
2021-09-07,3,forest_clf,,28.9
2021-09-07,1,hgb_clf,0.001694828012512581,21.1
2021-09-07,2,hgb_clf,0.01027267747810419,26.1
2021-09-07,3,hgb_clf,0.017148691626931147,28.9
2021-09-08,1,logistic,0.019319437067868803,26.1
2021-09-08,2,logistic,0.0020015585944517553,28.9
2021-09-08,3,logistic,0.020026705089090432,17.7
2021-09-08,1,forest_clf,0.005994031990632695,26.1
2021-09-08,2,forest_clf,0.003378127837645477,28.9
2021-09-08,3,forest_clf,0.01298764469834737,17.7
2021-09-08,1,hgb_clf,0.0012175045740381479,26.1
2021-09-08,2,hgb_clf,0.00905219456945991,28.9
2021-09-08,3,hgb_clf,0.014165502052218544,17.7
2021-09-09,1,logistic,0.020973004775210198,28.9
2021-09-09,2,logistic,0.0029403574190746146,17.7
2021-09-09,3,logistic,0.023969675250446215,22.5
2021-09-09,1,forest_clf,0.006456431587003855,28.9
2021-09-09,2,forest_clf,0.0033403117511587393,17.7
2021-09-09,3,forest_clf,0.010686560194568338,22.5
2021-09-09,1,hgb_clf,0.002176967978269444,28.9
2021-09-09,2,hgb_clf,0.008278501578438775,17.7
2021-09-09,3,hgb_clf,0.011535083645676425,22.5
2021-09-10,1,logistic,0.022466702743706917,17.7
2021-09-10,2,logistic,0.003742434389962201,22.5
2021-09-10,3,logistic,0.02741101403884602,33.2
2021-09-10,1,forest_clf,0.009216729833623968,17.7
2021-09-10,2,forest_clf,0.003661337001761455,22.5
2021-09-10,3,forest_clf,0.012073635020225541,33.2
2021-09-10,1,hgb_clf,0.003803758872183406,17.7
2021-09-10,2,hgb_clf,0.007358412700137737,22.5
2021-09-10,3,hgb_clf,0.010836488313912783,33.2
2021-09-11,1,logistic,0.01642615965794728,22.5
2021-09-11,2,logistic,0.003367558380495875,33.2
2021-09-11,3,logistic,0.02285683907033998,26.1
2021-09-11,1,forest_clf,0.005065131903892504,22.5
2021-09-11,2,forest_clf,0.003358784421419181,33.2
2021-09-11,3,forest_clf,0.013843567748013501,26.1
2021-09-11,1,hgb_clf,0.0013713565001463686,22.5
2021-09-11,2,hgb_clf,0.008622211633399686,33.2
2021-09-11,3,hgb_clf,0.010557870575634449,26.1
2021-09-12,1,logistic,0.0177701322532347,33.2
2021-09-12,2,logistic,0.005058624496009455,26.1
2021-09-12,3,logistic,0.027259416576008316,16.0
2021-09-12,1,forest_clf,0.004828996649184628,33.2
2021-09-12,2,forest_clf,0.005157200277080394,26.1
2021-09-12,3,forest_clf,0.011921597367305107,16.0
2021-09-12,1,hgb_clf,0.0008593128433110126,33.2
2021-09-12,2,hgb_clf,0.01104756115064201,26.1
2021-09-12,3,hgb_clf,0.009939898995012963,16.0
2021-09-13,1,logistic,0.033337510599991786,26.1
2021-09-13,2,logistic,0.005471797236042921,16.0
2021-09-13,3,logistic,0.029609900841594098,18.7
2021-09-13,1,forest_clf,0.013020014091753825,26.1
2021-09-13,2,forest_clf,0.0030596740892523968,16.0
2021-09-13,3,forest_clf,0.007527695063065301,18.7
2021-09-13,1,hgb_clf,0.0016384683650205569,26.1
2021-09-13,2,hgb_clf,0.007152616922268045,16.0
2021-09-13,3,hgb_clf,0.011306119826371554,18.7
2021-09-14,1,logistic,0.027427454364952083,16.0
2021-09-14,2,logistic,0.00408514786662624,18.7
2021-09-14,3,logistic,0.026189162438928385,19.6
2021-09-14,1,forest_clf,0.003529058958460006,16.0
2021-09-14,2,forest_clf,0.00028689941237469756,18.7
2021-09-14,3,forest_clf,0.010484196716299757,19.6
2021-09-14,1,hgb_clf,0.002130553849140131,16.0
2021-09-14,2,hgb_clf,0.007721197617538758,18.7
2021-09-14,3,hgb_clf,0.010427479939195699,19.6
2021-09-15,1,logistic,0.019714969380963305,18.7
2021-09-15,2,logistic,0.0025791872387473784,19.6
2021-09-15,3,logistic,0.02194202566904025,30.3
2021-09-15,1,forest_clf,0.004934711473240157,18.7
2021-09-15,2,forest_clf,0.0011438198239685923,19.6
2021-09-15,3,forest_clf,0.010701017304340208,30.3
2021-09-15,1,hgb_clf,0.0015594365658699791,18.7
2021-09-15,2,hgb_clf,0.008340094997465073,19.6
2021-09-15,3,hgb_clf,0.009678982078829126,30.3
2021-09-16,1,logistic,0.02042486584027189,19.6
2021-09-16,2,logistic,0.0034443786855617967,30.3
2021-09-16,3,logistic,0.02533917658820066,24.9
2021-09-16,1,forest_clf,0.004806369556421313,19.6
2021-09-16,2,forest_clf,0.0008583517021994942,30.3
2021-09-16,3,forest_clf,0.011162337176182672,24.9
2021-09-16,1,hgb_clf,0.0016285559880864979,19.6
2021-09-16,2,hgb_clf,0.008829981554016602,30.3
2021-09-16,3,hgb_clf,0.010343825732224754,24.9
2021-09-17,1,logistic,0.02062074994469706,30.3
2021-09-17,2,logistic,0.004008085008849898,24.9
2021-09-17,3,logistic,0.02730732557273156,25.5
2021-09-17,1,forest_clf,0.004424609217078789,30.3
2021-09-17,2,forest_clf,0.0011625051877268847,24.9
2021-09-17,3,forest_clf,0.009607023938514057,25.5
2021-09-17,1,hgb_clf,0.0017751700389303131,30.3
2021-09-17,2,hgb_clf,0.010192654110312898,24.9
2021-09-17,3,hgb_clf,0.011802450546494272,25.5
2021-09-18,1,logistic,0.026742876623321244,24.9
2021-09-18,2,logistic,0.01155027873996279,25.5
2021-09-18,3,logistic,0.03824898354402652,27.9
2021-09-18,1,forest_clf,0.017652117270182007,24.9
2021-09-18,2,forest_clf,0.0005626735768540758,25.5
2021-09-18,3,forest_clf,0.007886719733812069,27.9
2021-09-18,1,hgb_clf,0.0031327997157382355,24.9
2021-09-18,2,hgb_clf,0.007138505695135095,25.5
2021-09-18,3,hgb_clf,0.01190953848809689,27.9
2021-09-19,1,logistic,0.022690942320475693,25.5
2021-09-19,2,logistic,0.00973297705542972,27.9
2021-09-19,3,logistic,0.03603373819052689,24.4
2021-09-19,1,forest_clf,0.005816695584591015,25.5
2021-09-19,2,forest_clf,0.0018168885259216543,27.9
2021-09-19,3,forest_clf,0.00954835721098278,24.4
2021-09-19,1,hgb_clf,0.002708781470129839,25.5
2021-09-19,2,hgb_clf,0.008251403493705747,27.9
2021-09-19,3,hgb_clf,0.011990384564088857,24.4
2021-09-20,1,logistic,0.03305745335184,27.9
2021-09-20,2,logistic,0.006615358881375924,24.4
2021-09-20,3,logistic,0.031690759932442775,21.6
2021-09-20,1,forest_clf,0.0033865642260419043,27.9
2021-09-20,2,forest_clf,0.0011625051877268847,24.4
2021-09-20,3,forest_clf,0.010031965114450259,21.6
2021-09-20,1,hgb_clf,0.0013126705317357975,27.9
2021-09-20,2,hgb_clf,0.0075080642991765785,24.4
2021-09-20,3,hgb_clf,0.012658798307333395,21.6
2021-09-21,1,logistic,0.03409960925358123,24.4
2021-09-21,2,logistic,0.008489688475515797,21.6
2021-09-21,3,logistic,0.0364998015059206,20.8
2021-09-21,1,forest_clf,0.00538594225982734,24.4
2021-09-21,2,forest_clf,0.0011625051877268847,21.6
2021-09-21,3,forest_clf,0.009151218689668474,20.8
2021-09-21,1,hgb_clf,0.004992685264877021,24.4
2021-09-21,2,hgb_clf,0.00718296167210294,21.6
2021-09-21,3,hgb_clf,0.011676278297433985,20.8
2021-09-22,1,logistic,0.03023265285638071,21.6
2021-09-22,2,logistic,0.00747377716632329,20.8
2021-09-22,3,logistic,0.035187103794871805,39.0
2021-09-22,1,forest_clf,0.00816133599454329,21.6
2021-09-22,2,forest_clf,0.0005998316108728089,20.8
2021-09-22,3,forest_clf,0.010379581094983381,39.0
2021-09-22,1,hgb_clf,0.004358883107625774,21.6
2021-09-22,2,hgb_clf,0.00718296167210294,20.8
2021-09-22,3,hgb_clf,0.011676278297433985,39.0
2021-09-23,1,logistic,0.026944992551027325,20.8
2021-09-23,2,logistic,0.007156118731280747,39.0
2021-09-23,3,logistic,0.034820326391403256,31.3
2021-09-23,1,forest_clf,0.0053833038812124544,20.8
2021-09-23,2,forest_clf,0.0014719474577855932,39.0
2021-09-23,3,forest_clf,0.010675373051730606,31.3
2021-09-23,1,hgb_clf,0.0014890489846373647,20.8
2021-09-23,2,hgb_clf,0.0069694409548610725,39.0
2021-09-23,3,hgb_clf,0.01142278109221049,31.3
2021-09-24,1,logistic,0.025715196788144812,39.0
2021-09-24,2,logistic,0.007807819352828061,31.3
2021-09-24,3,logistic,0.03672160183051321,49.1
2021-09-24,1,forest_clf,0.0053833038812124544,39.0
2021-09-24,2,forest_clf,0.0014719474577855932,31.3
2021-09-24,3,forest_clf,0.010272338974174344,49.1
2021-09-24,1,hgb_clf,0.0019797934655033135,39.0
2021-09-24,2,hgb_clf,0.007997437868431006,31.3
2021-09-24,3,hgb_clf,0.01042203848879646,49.1
2021-09-25,1,logistic,0.04062616563984373,31.3
2021-09-25,2,logistic,0.036444160918973525,49.1
2021-09-25,3,logistic,0.06240579430106233,45.0
2021-09-25,1,forest_clf,0.023176226252484357,31.3
2021-09-25,2,forest_clf,0.008399465267052986,49.1
2021-09-25,3,forest_clf,0.008861019825941303,45.0
2021-09-25,1,hgb_clf,0.0015320619076179866,31.3
2021-09-25,2,hgb_clf,0.008271059895832811,49.1
2021-09-25,3,hgb_clf,0.010144867313389884,45.0
2021-09-26,1,logistic,0.03293450207693521,49.1
2021-09-26,2,logistic,0.026356957298074832,45.0
2021-09-26,3,logistic,0.05553503946677896,
2021-09-26,1,forest_clf,0.007612151069381251,49.1
2021-09-26,2,forest_clf,0.0035960462250724645,45.0
2021-09-26,3,forest_clf,0.007656282701726028,
2021-09-26,1,hgb_clf,0.002465567372394478,49.1
2021-09-26,2,hgb_clf,0.007371714024322249,45.0
2021-09-26,3,hgb_clf,0.010704596920916845,
2021-09-27,1,logistic,0.07496064991378433,45.0
2021-09-27,2,logistic,0.04621887339725305,
2021-09-27,3,logistic,0.0731813836953968,29.1
2021-09-27,1,forest_clf,0.028343661089330174,45.0
2021-09-27,2,forest_clf,0.012595924288925909,
2021-09-27,3,forest_clf,0.02846997375678246,29.1
2021-09-27,1,hgb_clf,0.0018374316739162037,45.0
2021-09-27,2,hgb_clf,0.011162548564347912,
2021-09-27,3,hgb_clf,0.012614287042543854,29.1
2021-09-28,1,logistic,0.06530235293474584,
2021-09-28,2,logistic,0.04003126198439541,29.1
2021-09-28,3,logistic,0.07177759845532192,42.1
2021-09-28,1,forest_clf,0.011461862812917688,
2021-09-28,2,forest_clf,0.011628599905480697,29.1
2021-09-28,3,forest_clf,0.026169010640481653,42.1
2021-09-28,1,hgb_clf,0.0012661301826624315,
2021-09-28,2,hgb_clf,0.009585037014826808,29.1
2021-09-28,3,hgb_clf,0.012805760923324847,42.1
2021-09-29,1,logistic,,29.1
2021-09-29,2,logistic,,42.1
2021-09-29,3,logistic,,49.7
2021-09-29,1,forest_clf,,29.1
2021-09-29,2,forest_clf,,42.1
2021-09-29,3,forest_clf,,49.7
2021-09-29,1,hgb_clf,0.0019772731252289187,29.1
2021-09-29,2,hgb_clf,0.011495606713067836,42.1
2021-09-29,3,hgb_clf,0.014358190834407253,49.7
2021-09-30,1,logistic,,42.1
2021-09-30,2,logistic,,49.7
2021-09-30,3,logistic,,30.0
2021-09-30,1,forest_clf,,42.1
2021-09-30,2,forest_clf,,49.7
2021-09-30,3,forest_clf,,30.0
2021-09-30,1,hgb_clf,0.0026930278032208724,42.1
2021-09-30,2,hgb_clf,0.006394859549906387,49.7
2021-09-30,3,hgb_clf,0.01160505946734247,30.0
2021-10-01,1,logistic,,49.7
2021-10-01,2,logistic,,30.0
2021-10-01,3,logistic,,28.5
2021-10-01,1,forest_clf,,49.7
2021-10-01,2,forest_clf,,30.0
2021-10-01,3,forest_clf,,28.5
2021-10-01,1,hgb_clf,0.0012769051472424375,49.7
2021-10-01,2,hgb_clf,0.007876427912075684,30.0
2021-10-01,3,hgb_clf,0.02324031304458946,28.5
2021-10-02,1,logistic,,30.0
2021-10-02,2,logistic,,28.5
2021-10-02,3,logistic,,36.9
2021-10-02,1,forest_clf,,30.0
2021-10-02,2,forest_clf,,28.5
2021-10-02,3,forest_clf,,36.9
2021-10-02,1,hgb_clf,0.0017334526679059806,30.0
2021-10-02,2,hgb_clf,0.029586761562335046,28.5
2021-10-02,3,hgb_clf,0.01780783960863414,36.9
2021-10-03,1,logistic,0.038019772205150675,28.5
2021-10-03,2,logistic,0.02473523186450076,36.9
2021-10-03,3,logistic,0.049233429504414596,46.2
2021-10-03,1,forest_clf,0.004317412292016992,28.5
2021-10-03,2,forest_clf,0.005178200603427338,36.9
2021-10-03,3,forest_clf,0.012312013814404436,46.2
2021-10-03,1,hgb_clf,0.001564350335563837,28.5
2021-10-03,2,hgb_clf,0.007752109171762913,36.9
2021-10-03,3,hgb_clf,0.01316956338370679,46.2
2021-10-04,1,logistic,0.04993435957343431,36.9
2021-10-04,2,logistic,0.014864689432725836,46.2
2021-10-04,3,logistic,0.04110321381997685,64.0
2021-10-04,1,forest_clf,0.0034215236545636564,36.9
2021-10-04,2,forest_clf,0.003910605314299625,46.2
2021-10-04,3,forest_clf,0.009732197492915023,64.0
2021-10-04,1,hgb_clf,0.0007970752433485407,36.9
2021-10-04,2,hgb_clf,0.00808030565155753,46.2
2021-10-04,3,hgb_clf,0.0143056931257274,64.0
2021-10-05,1,logistic,0.06178404978282428,46.2
2021-10-05,2,logistic,0.026218769560995534,64.0
2021-10-05,3,logistic,0.05438633875756206,70.9
2021-10-05,1,forest_clf,0.004818401709563197,46.2
2021-10-05,2,forest_clf,0.003160038760499116,64.0
2021-10-05,3,forest_clf,0.01469634422030178,70.9
2021-10-05,1,hgb_clf,0.0012642230775904643,46.2
2021-10-05,2,hgb_clf,0.007460771708727381,64.0
2021-10-05,3,hgb_clf,0.012281383849825777,70.9
2021-10-06,1,logistic,,64.0
2021-10-06,2,logistic,,70.9
2021-10-06,3,logistic,,66.8
2021-10-06,1,forest_clf,,64.0
2021-10-06,2,forest_clf,,70.9
2021-10-06,3,forest_clf,,66.8
2021-10-06,1,hgb_clf,0.0010229307487119139,64.0
2021-10-06,2,hgb_clf,0.014835672777455853,70.9
2021-10-06,3,hgb_clf,0.015367931865115052,66.8
2021-10-07,1,logistic,0.11121339938325434,70.9
2021-10-07,2,logistic,0.13875226743831773,66.8
2021-10-07,3,logistic,0.13157784861512434,51.3
2021-10-07,1,forest_clf,0.04649917780701373,70.9
2021-10-07,2,forest_clf,0.032775363054435645,66.8
2021-10-07,3,forest_clf,0.05244642857666562,51.3
2021-10-07,1,hgb_clf,0.0018014924192214614,70.9
2021-10-07,2,hgb_clf,0.014370272188297811,66.8
2021-10-07,3,hgb_clf,0.016797067285412276,51.3
2021-10-08,1,logistic,0.12025531620610053,66.8
2021-10-08,2,logistic,0.15681564382044896,51.3
2021-10-08,3,logistic,0.14213302038146458,50.4
2021-10-08,1,forest_clf,0.0351842028808892,66.8
2021-10-08,2,forest_clf,0.05056899523974621,51.3
2021-10-08,3,forest_clf,0.05693678027854785,50.4
2021-10-08,1,hgb_clf,0.00646489637549963,66.8
2021-10-08,2,hgb_clf,0.03256928689365324,51.3
2021-10-08,3,hgb_clf,0.02448336898153071,50.4
2021-10-09,1,logistic,0.11014262385704077,51.3
2021-10-09,2,logistic,0.19695373128870375,50.4
2021-10-09,3,logistic,0.14596243744890264,73.6
2021-10-09,1,forest_clf,0.03491450886992164,51.3
2021-10-09,2,forest_clf,0.058885101221547886,50.4
2021-10-09,3,forest_clf,0.10293947342736055,73.6
2021-10-09,1,hgb_clf,0.011724482750340772,51.3
2021-10-09,2,hgb_clf,0.03436651119684237,50.4
2021-10-09,3,hgb_clf,0.052333074866156376,73.6
2021-10-10,1,logistic,0.07462911240365969,50.4
2021-10-10,2,logistic,0.12384347882978665,73.6
2021-10-10,3,logistic,0.12405262644861677,
2021-10-10,1,forest_clf,0.016746244770710576,50.4
2021-10-10,2,forest_clf,0.030455058324568057,73.6
2021-10-10,3,forest_clf,0.08135760417431884,
2021-10-10,1,hgb_clf,0.016194152961300015,50.4
2021-10-10,2,hgb_clf,0.06561551916842867,73.6
2021-10-10,3,hgb_clf,0.051406862450685535,
2021-10-11,1,logistic,0.10167964736727722,73.6
2021-10-11,2,logistic,0.0767966705236734,
2021-10-11,3,logistic,0.10748622436434299,61.9
2021-10-11,1,forest_clf,0.017193524524952056,73.6
2021-10-11,2,forest_clf,0.027681258745655433,
2021-10-11,3,forest_clf,0.056008149240384046,61.9
2021-10-11,1,hgb_clf,0.020279636495505182,73.6
2021-10-11,2,hgb_clf,0.05905818707075469,
2021-10-11,3,hgb_clf,0.05186600906284951,61.9
2021-10-12,1,logistic,0.14893954885709926,
2021-10-12,2,logistic,0.14494330510639045,61.9
2021-10-12,3,logistic,0.14353648442632638,91.8
2021-10-12,1,forest_clf,0.05260807862937085,
2021-10-12,2,forest_clf,0.07439597347901084,61.9
2021-10-12,3,forest_clf,0.0769924431072308,91.8
2021-10-12,1,hgb_clf,0.00603406836008577,
2021-10-12,2,hgb_clf,0.09844630058246913,61.9
2021-10-12,3,hgb_clf,0.0650066298641711,91.8
2021-10-13,1,logistic,,61.9
2021-10-13,2,logistic,,91.8
2021-10-13,3,logistic,,158.0
2021-10-13,1,forest_clf,,61.9
2021-10-13,2,forest_clf,,91.8
2021-10-13,3,forest_clf,,158.0
2021-10-13,1,hgb_clf,0.008201145140160588,61.9
2021-10-13,2,hgb_clf,0.03928224479474844,91.8
2021-10-13,3,hgb_clf,0.08115129454413356,158.0
2021-10-14,1,logistic,,91.8
2021-10-14,2,logistic,,158.0
2021-10-14,3,logistic,,125.0
2021-10-14,1,forest_clf,,91.8
2021-10-14,2,forest_clf,,158.0
2021-10-14,3,forest_clf,,125.0
2021-10-14,1,hgb_clf,0.022861714746263702,91.8
2021-10-14,2,hgb_clf,0.1209752739887255,158.0
2021-10-14,3,hgb_clf,0.15804000932560425,125.0
2021-10-15,1,logistic,,158.0
2021-10-15,2,logistic,,125.0
2021-10-15,3,logistic,,12.3
2021-10-15,1,forest_clf,,158.0
2021-10-15,2,forest_clf,,125.0
2021-10-15,3,forest_clf,,12.3
2021-10-15,1,hgb_clf,0.021258555056396896,158.0
2021-10-15,2,hgb_clf,0.2555095158597154,125.0
2021-10-15,3,hgb_clf,0.19915222618718217,12.3
2021-10-16,1,logistic,,125.0
2021-10-16,2,logistic,,12.3
2021-10-16,3,logistic,,52.3
2021-10-16,1,forest_clf,,125.0
2021-10-16,2,forest_clf,,12.3
2021-10-16,3,forest_clf,,52.3
2021-10-16,1,hgb_clf,0.3239390991622766,125.0
2021-10-16,2,hgb_clf,0.576385528617495,12.3
2021-10-16,3,hgb_clf,0.4393332562440214,52.3
2021-10-17,1,logistic,0.4177593643089989,12.3
2021-10-17,2,logistic,0.587033986538814,52.3
2021-10-17,3,logistic,0.49444347652561005,99.0
2021-10-17,1,forest_clf,0.5361623502077565,12.3
2021-10-17,2,forest_clf,0.41179252515714543,52.3
2021-10-17,3,forest_clf,0.3333414439070664,99.0
2021-10-17,1,hgb_clf,0.17696385839636602,12.3
2021-10-17,2,hgb_clf,0.4579006271338667,52.3
2021-10-17,3,hgb_clf,0.36447277760962954,99.0
2021-10-18,1,logistic,0.10231777106920717,52.3
2021-10-18,2,logistic,0.0940030781514393,99.0
2021-10-18,3,logistic,0.24652445248975416,66.0
2021-10-18,1,forest_clf,0.20813965167342333,52.3
2021-10-18,2,forest_clf,0.232164155804086,99.0
2021-10-18,3,forest_clf,0.23635950131655842,66.0
2021-10-18,1,hgb_clf,0.05263098289776201,52.3
2021-10-18,2,hgb_clf,0.1563487950095933,99.0
2021-10-18,3,hgb_clf,0.2423911202409142,66.0
2021-10-19,1,logistic,0.16393706507021755,99.0
2021-10-19,2,logistic,0.19682587899640247,66.0
2021-10-19,3,logistic,0.3317874885946581,45.3
2021-10-19,1,forest_clf,0.13021570150080705,99.0
2021-10-19,2,forest_clf,0.16978528389072675,66.0
2021-10-19,3,forest_clf,0.1947344688820014,45.3
2021-10-19,1,hgb_clf,0.08412870986388539,99.0
2021-10-19,2,hgb_clf,0.20914888870650483,66.0
2021-10-19,3,hgb_clf,0.34954136673384345,45.3
2021-10-20,1,logistic,,66.0
2021-10-20,2,logistic,,45.3
2021-10-20,3,logistic,,53.4
2021-10-20,1,forest_clf,,66.0
2021-10-20,2,forest_clf,,45.3
2021-10-20,3,forest_clf,,53.4
2021-10-20,1,hgb_clf,0.06714831283340221,66.0
2021-10-20,2,hgb_clf,0.5427368898830727,45.3
2021-10-20,3,hgb_clf,0.6007223413748697,53.4
2021-10-21,1,logistic,0.2649798830556923,45.3
2021-10-21,2,logistic,0.3833285469474878,53.4
2021-10-21,3,logistic,0.4582713697334319,60.0
2021-10-21,1,forest_clf,0.18076695352697578,45.3
2021-10-21,2,forest_clf,0.13484930091012381,53.4
2021-10-21,3,forest_clf,0.325816756987882,60.0
2021-10-21,1,hgb_clf,0.06324213880076095,45.3
2021-10-21,2,hgb_clf,0.21171352733907586,53.4
2021-10-21,3,hgb_clf,0.6822684835399594,60.0
2021-10-22,1,logistic,0.17858565115511288,53.4
2021-10-22,2,logistic,0.3340502397949027,60.0
2021-10-22,3,logistic,0.43347719165595583,39.5
2021-10-22,1,forest_clf,0.12547028077939235,53.4
2021-10-22,2,forest_clf,0.19616396179943404,60.0
2021-10-22,3,forest_clf,0.3246928128421882,39.5
2021-10-22,1,hgb_clf,0.24949749907628735,53.4
2021-10-22,2,hgb_clf,0.422773821849254,60.0
2021-10-22,3,hgb_clf,0.5986009837458969,39.5
2021-10-23,1,logistic,0.18509555830321392,60.0
2021-10-23,2,logistic,0.5230828144017622,39.5
2021-10-23,3,logistic,0.4651187915702793,67.6
2021-10-23,1,forest_clf,0.12516534989475367,60.0
2021-10-23,2,forest_clf,0.24290191923336837,39.5
2021-10-23,3,forest_clf,0.2956586688983871,67.6
2021-10-23,1,hgb_clf,0.24674337983778113,60.0
2021-10-23,2,hgb_clf,0.7561342828515913,39.5
2021-10-23,3,hgb_clf,0.8009376554866727,67.6
2021-10-24,1,logistic,0.19047618716614678,39.5
2021-10-24,2,logistic,0.5315443830216815,67.6
2021-10-24,3,logistic,0.4444548839830118,108.0
2021-10-24,1,forest_clf,0.12055302538405784,39.5
2021-10-24,2,forest_clf,0.2349596322266123,67.6
2021-10-24,3,forest_clf,0.28869477445840347,108.0
2021-10-24,1,hgb_clf,0.2455572245576097,39.5
2021-10-24,2,hgb_clf,0.7974099407493723,67.6
2021-10-24,3,hgb_clf,0.6436583952693975,108.0
2021-10-25,1,logistic,0.18912463479595604,67.6
2021-10-25,2,logistic,0.26238219172348914,108.0
2021-10-25,3,logistic,0.34982649974874147,131.0
2021-10-25,1,forest_clf,0.11453314024361809,67.6
2021-10-25,2,forest_clf,0.18033682606274312,108.0
2021-10-25,3,forest_clf,0.286944175332775,131.0
2021-10-25,1,hgb_clf,0.4846252186043177,67.6
2021-10-25,2,hgb_clf,0.4388770068999672,108.0
2021-10-25,3,hgb_clf,0.5843216225044999,131.0
2021-10-26,1,logistic,0.25485955126331067,108.0
2021-10-26,2,logistic,0.39002879180043776,131.0
2021-10-26,3,logistic,0.40282098939205585,
2021-10-26,1,forest_clf,0.14396445222788545,108.0
2021-10-26,2,forest_clf,0.20011120588915482,131.0
2021-10-26,3,forest_clf,0.3044997251394912,
2021-10-26,1,hgb_clf,0.44327890375931456,108.0
2021-10-26,2,hgb_clf,0.5686184284310191,131.0
2021-10-26,3,hgb_clf,0.7400321580520055,
2021-10-27,1,logistic,0.3798735084899059,131.0
2021-10-27,2,logistic,0.5614506117232817,
2021-10-27,3,logistic,0.4689007141602876,102.0
2021-10-27,1,forest_clf,0.45730256625553656,131.0
2021-10-27,2,forest_clf,0.3796315153838296,
2021-10-27,3,forest_clf,0.39036874574471847,102.0
2021-10-27,1,hgb_clf,0.5308641469166434,131.0
2021-10-27,2,hgb_clf,0.8510333539682088,
2021-10-27,3,hgb_clf,0.7115220605188728,102.0
2021-10-28,1,logistic,0.5137890381213879,
2021-10-28,2,logistic,0.6750985852433894,102.0
2021-10-28,3,logistic,0.5812217866662266,130.0
2021-10-28,1,forest_clf,0.5814550594774605,
2021-10-28,2,forest_clf,0.5014541339126982,102.0
2021-10-28,3,forest_clf,0.4704616222836924,130.0
2021-10-28,1,hgb_clf,0.5246209992996996,
2021-10-28,2,hgb_clf,0.8115777820754672,102.0
2021-10-28,3,hgb_clf,0.8231724658071597,130.0
2021-10-29,1,logistic,,102.0
2021-10-29,2,logistic,,130.0
2021-10-29,3,logistic,,112.0
2021-10-29,1,forest_clf,,102.0
2021-10-29,2,forest_clf,,130.0
2021-10-29,3,forest_clf,,112.0
2021-10-29,1,hgb_clf,0.7957846839588112,102.0
2021-10-29,2,hgb_clf,0.7529991887724072,130.0
2021-10-29,3,hgb_clf,0.8246525851118351,112.0
2021-10-30,1,logistic,,130.0
2021-10-30,2,logistic,,112.0
2021-10-30,3,logistic,,127.0
2021-10-30,1,forest_clf,,130.0
2021-10-30,2,forest_clf,,112.0
2021-10-30,3,forest_clf,,127.0
2021-10-30,1,hgb_clf,0.6828025747465963,130.0
2021-10-30,2,hgb_clf,0.6146203714685118,112.0
2021-10-30,3,hgb_clf,0.8277378940473704,127.0
2021-10-31,1,logistic,,112.0
2021-10-31,2,logistic,,127.0
2021-10-31,3,logistic,,147.0
2021-10-31,1,forest_clf,,112.0
2021-10-31,2,forest_clf,,127.0
2021-10-31,3,forest_clf,,147.0
2021-10-31,1,hgb_clf,0.7738494574335788,112.0
2021-10-31,2,hgb_clf,0.8143066003573585,127.0
2021-10-31,3,hgb_clf,0.8537584661625902,147.0
2021-11-01,1,logistic,,127.0
2021-11-01,2,logistic,,147.0
2021-11-01,3,logistic,,303.0
2021-11-01,1,forest_clf,,127.0
2021-11-01,2,forest_clf,,147.0
2021-11-01,3,forest_clf,,303.0
2021-11-01,1,hgb_clf,0.7154082997795813,127.0
2021-11-01,2,hgb_clf,0.7011658000014936,147.0
2021-11-01,3,hgb_clf,0.8693738961934182,303.0
2021-11-02,1,logistic,0.6692386494621664,147.0
2021-11-02,2,logistic,0.5915563721461731,303.0
2021-11-02,3,logistic,0.6225442567204528,383.0
2021-11-02,1,forest_clf,0.6245535711998159,147.0
2021-11-02,2,forest_clf,0.6233832931754656,303.0
2021-11-02,3,forest_clf,0.5735159297179504,383.0
2021-11-02,1,hgb_clf,0.8248371224103245,147.0
2021-11-02,2,hgb_clf,0.8026463897672865,303.0
2021-11-02,3,hgb_clf,0.8691877724381272,383.0
2021-11-03,1,logistic,0.7129016399679027,303.0
2021-11-03,2,logistic,0.6673632619505039,383.0
2021-11-03,3,logistic,0.6858351921138232,335.0
2021-11-03,1,forest_clf,0.665374079109656,303.0
2021-11-03,2,forest_clf,0.6584569789718298,383.0
2021-11-03,3,forest_clf,0.5805649187944901,335.0
2021-11-03,1,hgb_clf,0.8392086268679568,303.0
2021-11-03,2,hgb_clf,0.9016556593901895,383.0
2021-11-03,3,hgb_clf,0.886494987994858,335.0
2021-11-04,1,logistic,0.9687879754738128,383.0
2021-11-04,2,logistic,0.874775127943161,335.0
2021-11-04,3,logistic,0.7432446365687068,252.0
2021-11-04,1,forest_clf,0.8763038146027731,383.0
2021-11-04,2,forest_clf,0.8644917524465722,335.0
2021-11-04,3,forest_clf,0.7883146656167029,252.0
2021-11-04,1,hgb_clf,0.9868075063016116,383.0
2021-11-04,2,hgb_clf,0.9386166814555789,335.0
2021-11-04,3,hgb_clf,0.921943938433776,252.0
2021-11-05,1,logistic,,335.0
2021-11-05,2,logistic,,252.0
2021-11-05,3,logistic,,241.0
2021-11-05,1,forest_clf,,335.0
2021-11-05,2,forest_clf,,252.0
2021-11-05,3,forest_clf,,241.0
2021-11-05,1,hgb_clf,0.9547498628707922,335.0
2021-11-05,2,hgb_clf,0.9280294127786691,252.0
2021-11-05,3,hgb_clf,0.9218355165312244,241.0
2021-11-06,1,logistic,0.9961401310050243,252.0
2021-11-06,2,logistic,0.9408403039187067,241.0
2021-11-06,3,logistic,0.883518184755717,263.0
2021-11-06,1,forest_clf,0.9268479825723905,252.0
2021-11-06,2,forest_clf,0.8972956545854945,241.0
2021-11-06,3,forest_clf,0.8387610876414225,263.0
2021-11-06,1,hgb_clf,0.9948941058746937,252.0
2021-11-06,2,hgb_clf,0.9452409986588186,241.0
2021-11-06,3,hgb_clf,0.9160948186085718,263.0
2021-11-07,1,logistic,0.9615982357747834,241.0
2021-11-07,2,logistic,0.8988727516569122,263.0
2021-11-07,3,logistic,0.8822810546071773,217.0
2021-11-07,1,forest_clf,0.9266874047833624,241.0
2021-11-07,2,forest_clf,0.8994118093853796,263.0
2021-11-07,3,forest_clf,0.8388333458512175,217.0
2021-11-07,1,hgb_clf,0.9938939797999964,241.0
2021-11-07,2,hgb_clf,0.9312467311810099,263.0
2021-11-07,3,hgb_clf,0.8987468488494014,217.0
2021-11-08,1,logistic,0.9742737157925813,263.0
2021-11-08,2,logistic,0.8489808948230345,217.0
2021-11-08,3,logistic,0.9014859262769953,280.0
2021-11-08,1,forest_clf,0.9430056662524745,263.0
2021-11-08,2,forest_clf,0.899456805112055,217.0
2021-11-08,3,forest_clf,0.8399103064656854,280.0
2021-11-08,1,hgb_clf,0.9811190777859514,263.0
2021-11-08,2,hgb_clf,0.930429699770677,217.0
2021-11-08,3,hgb_clf,0.9234455636841141,280.0
2021-11-09,1,logistic,0.9897056739933685,217.0
2021-11-09,2,logistic,0.8952530153573751,280.0
2021-11-09,3,logistic,0.927042095849989,409.0
2021-11-09,1,forest_clf,0.9557698132849524,217.0
2021-11-09,2,forest_clf,0.8762249065142447,280.0
2021-11-09,3,forest_clf,0.8392372547227472,409.0
2021-11-09,1,hgb_clf,0.95622221121174,217.0
2021-11-09,2,hgb_clf,0.9433019219369883,280.0
2021-11-09,3,hgb_clf,0.9434803863159195,409.0
2021-11-10,1,logistic,0.9798593260835079,280.0
2021-11-10,2,logistic,0.8678715042130014,409.0
2021-11-10,3,logistic,0.9193718605447835,290.0
2021-11-10,1,forest_clf,0.9538541311513176,280.0
2021-11-10,2,forest_clf,0.8588350232489761,409.0
2021-11-10,3,forest_clf,0.842102830302857,290.0
2021-11-10,1,hgb_clf,0.9203902101738087,280.0
2021-11-10,2,hgb_clf,0.9262671446559587,409.0
2021-11-10,3,hgb_clf,0.932246456242474,290.0
2021-11-11,1,logistic,0.9917546168151663,409.0
2021-11-11,2,logistic,0.9295308503556791,290.0
2021-11-11,3,logistic,0.9310893475508426,158.0
2021-11-11,1,forest_clf,0.9650681520061797,409.0
2021-11-11,2,forest_clf,0.8836860996267124,290.0
2021-11-11,3,forest_clf,0.8527602243037691,158.0
2021-11-11,1,hgb_clf,0.9883376724390884,409.0
2021-11-11,2,hgb_clf,0.9469822844093888,290.0
2021-11-11,3,hgb_clf,0.9278084390655769,158.0
2021-11-12,1,logistic,0.9983752721853948,290.0
2021-11-12,2,logistic,0.9560231354761601,158.0
2021-11-12,3,logistic,0.9374273435674224,187.0
2021-11-12,1,forest_clf,0.9634914269183804,290.0
2021-11-12,2,forest_clf,0.8740302948160997,158.0
2021-11-12,3,forest_clf,0.8413131622255334,187.0
2021-11-12,1,hgb_clf,0.9724641821076702,290.0
2021-11-12,2,hgb_clf,0.9272089589673337,158.0
2021-11-12,3,hgb_clf,0.9253858890903206,187.0
2021-11-13,1,logistic,0.9965324321349044,158.0
2021-11-13,2,logistic,0.9536161051716847,187.0
2021-11-13,3,logistic,0.9384674828271632,253.0
2021-11-13,1,forest_clf,0.959582903326322,158.0
2021-11-13,2,forest_clf,0.8760750841475449,187.0
2021-11-13,3,forest_clf,0.8463369249485185,253.0
2021-11-13,1,hgb_clf,0.9806817741917163,158.0
2021-11-13,2,hgb_clf,0.9453846100607641,187.0
2021-11-13,3,hgb_clf,0.913452463502698,253.0
2021-11-14,1,logistic,0.8734534335202166,187.0
2021-11-14,2,logistic,0.8657592667143418,253.0
2021-11-14,3,logistic,0.9092573367905814,190.0
2021-11-14,1,forest_clf,0.9244510256992844,187.0
2021-11-14,2,forest_clf,0.867921567664215,253.0
2021-11-14,3,forest_clf,0.8530090726619954,190.0
2021-11-14,1,hgb_clf,0.8220772892668585,187.0
2021-11-14,2,hgb_clf,0.9063688906126222,253.0
2021-11-14,3,hgb_clf,0.8646329303492215,190.0
2021-11-15,1,logistic,0.9642989609896445,253.0
2021-11-15,2,logistic,0.8682244766900118,190.0
2021-11-15,3,logistic,0.9314364929158497,175.0
2021-11-15,1,forest_clf,0.9572253211795649,253.0
2021-11-15,2,forest_clf,0.8685993492769072,190.0
2021-11-15,3,forest_clf,0.8609101548568918,175.0
2021-11-15,1,hgb_clf,0.9656602058037473,253.0
2021-11-15,2,hgb_clf,0.903417490827861,190.0
2021-11-15,3,hgb_clf,0.8600914269265271,175.0
2021-11-16,1,logistic,0.9937927076264808,190.0
2021-11-16,2,logistic,0.9180683438406607,175.0
2021-11-16,3,logistic,0.9424217792661703,225.0
2021-11-16,1,forest_clf,0.9652434271145554,190.0
2021-11-16,2,forest_clf,0.8700643311580276,175.0
2021-11-16,3,forest_clf,0.864202229979842,225.0
2021-11-16,1,hgb_clf,0.9696565418139235,190.0
2021-11-16,2,hgb_clf,0.9194223953910433,175.0
2021-11-16,3,hgb_clf,0.8887868483033111,225.0
2021-11-17,1,logistic,0.9910323972376304,175.0
2021-11-17,2,logistic,0.8925060417867449,225.0
2021-11-17,3,logistic,0.9342280043350185,204.0
2021-11-17,1,forest_clf,0.9555084210614371,175.0
2021-11-17,2,forest_clf,0.8690083284418371,225.0
2021-11-17,3,forest_clf,0.869872185820992,204.0
2021-11-17,1,hgb_clf,0.9556938416087186,175.0
2021-11-17,2,hgb_clf,0.914343609969615,225.0
2021-11-17,3,hgb_clf,0.8533101576735223,204.0
2021-11-18,1,logistic,0.9823931577076793,225.0
2021-11-18,2,logistic,0.9017314135857425,204.0
2021-11-18,3,logistic,0.9320426599722809,197.0
2021-11-18,1,forest_clf,0.95344292562424,225.0
2021-11-18,2,forest_clf,0.8734507136806009,204.0
2021-11-18,3,forest_clf,0.8721595870039502,197.0
2021-11-18,1,hgb_clf,0.9348767701331185,225.0
2021-11-18,2,hgb_clf,0.9043407673467552,204.0
2021-11-18,3,hgb_clf,0.8692128522035676,197.0
2021-11-19,1,logistic,0.991068259244392,204.0
2021-11-19,2,logistic,0.9501583267346457,197.0
2021-11-19,3,logistic,0.9459034614219939,153.0
2021-11-19,1,forest_clf,0.9690432356876556,204.0
2021-11-19,2,forest_clf,0.8622804109917951,197.0
2021-11-19,3,forest_clf,0.8711101292526563,153.0
2021-11-19,1,hgb_clf,0.9949290961484453,204.0
2021-11-19,2,hgb_clf,0.9228638116884113,197.0
2021-11-19,3,hgb_clf,0.8887868483033111,153.0
2021-11-20,1,logistic,0.9885934239993537,197.0
2021-11-20,2,logistic,0.9558732216027817,153.0
2021-11-20,3,logistic,0.9447335887054721,138.0
2021-11-20,1,forest_clf,0.9588147499012379,197.0
2021-11-20,2,forest_clf,0.8583273396138296,153.0
2021-11-20,3,forest_clf,0.8716265790432428,138.0
2021-11-20,1,hgb_clf,0.9823355918287365,197.0
2021-11-20,2,hgb_clf,0.8838020295641442,153.0
2021-11-20,3,hgb_clf,0.841426748767283,138.0
2021-11-21,1,logistic,0.9863665932652224,153.0
2021-11-21,2,logistic,0.9482696475085148,138.0
2021-11-21,3,logistic,0.9468433372332598,194.0
2021-11-21,1,forest_clf,0.9566493353860029,153.0
2021-11-21,2,forest_clf,0.8471433563784535,138.0
2021-11-21,3,forest_clf,0.8720451471333013,194.0
2021-11-21,1,hgb_clf,0.8437105823187881,153.0
2021-11-21,2,hgb_clf,0.8661197074127361,138.0
2021-11-21,3,hgb_clf,0.83503869095892,194.0
2021-11-22,1,logistic,0.9670909622695968,138.0
2021-11-22,2,logistic,0.8942656689333106,194.0
2021-11-22,3,logistic,0.9344535892410126,249.0
2021-11-22,1,forest_clf,0.9033418108782552,138.0
2021-11-22,2,forest_clf,0.8622191361796768,194.0
2021-11-22,3,forest_clf,0.8680859820230209,249.0
2021-11-22,1,hgb_clf,0.697791088253017,138.0
2021-11-22,2,hgb_clf,0.8454836883227939,194.0
2021-11-22,3,hgb_clf,0.7858342477305571,249.0
2021-11-23,1,logistic,0.9479902376153142,194.0
2021-11-23,2,logistic,0.8942902369127932,249.0
2021-11-23,3,logistic,0.9276466313571483,258.0
2021-11-23,1,forest_clf,0.8922525898807876,194.0
2021-11-23,2,forest_clf,0.8623373353313656,249.0
2021-11-23,3,forest_clf,0.8699277466671174,258.0
2021-11-23,1,hgb_clf,0.878292948606851,194.0
2021-11-23,2,hgb_clf,0.8272609896627292,249.0
2021-11-23,3,hgb_clf,0.8103274698303472,258.0
2021-11-24,1,logistic,0.9706905567234074,249.0
2021-11-24,2,logistic,0.9178579584068413,258.0
2021-11-24,3,logistic,0.938385044419265,215.0
2021-11-24,1,forest_clf,0.9552710989898798,249.0
2021-11-24,2,forest_clf,0.8753162760188673,258.0
2021-11-24,3,forest_clf,0.8707692003614472,215.0
2021-11-24,1,hgb_clf,0.9791025334232676,249.0
2021-11-24,2,hgb_clf,0.8665888467282834,258.0
2021-11-24,3,hgb_clf,0.8122375855301323,215.0
2021-11-25,1,logistic,0.985394527472244,258.0
2021-11-25,2,logistic,0.9387946586320218,215.0
2021-11-25,3,logistic,0.9437222559583516,
2021-11-25,1,forest_clf,0.9612467035451298,258.0
2021-11-25,2,forest_clf,0.9014761644509112,215.0
2021-11-25,3,forest_clf,0.8789891930233766,
2021-11-25,1,hgb_clf,0.9793044684679395,258.0
2021-11-25,2,hgb_clf,0.8721546434913274,215.0
2021-11-25,3,hgb_clf,0.8527537165603843,
2021-11-26,1,logistic,0.9910343072910563,215.0
2021-11-26,2,logistic,0.9634200264945081,
2021-11-26,3,logistic,0.9578227976965019,204.0
2021-11-26,1,forest_clf,0.9557389208415179,215.0
2021-11-26,2,forest_clf,0.902242967447489,
2021-11-26,3,forest_clf,0.8851121200469072,204.0
2021-11-26,1,hgb_clf,0.967216249805755,215.0
2021-11-26,2,hgb_clf,0.8543638693443948,
2021-11-26,3,hgb_clf,0.8434298671274725,204.0
2021-11-27,1,logistic,0.9844358975438761,
2021-11-27,2,logistic,0.9712579277107697,204.0
2021-11-27,3,logistic,0.961911753514281,182.0
2021-11-27,1,forest_clf,0.9299945159493725,
2021-11-27,2,forest_clf,0.9141292358000697,204.0
2021-11-27,3,forest_clf,0.8903776971338823,182.0
2021-11-27,1,hgb_clf,0.6917425070047208,
2021-11-27,2,hgb_clf,0.8240329808133511,204.0
2021-11-27,3,hgb_clf,0.8496261967465394,182.0
2021-11-28,1,logistic,,204.0
2021-11-28,2,logistic,,182.0
2021-11-28,3,logistic,,220.0
2021-11-28,1,forest_clf,,204.0
2021-11-28,2,forest_clf,,182.0
2021-11-28,3,forest_clf,,220.0
2021-11-28,1,hgb_clf,0.6511198066051993,204.0
2021-11-28,2,hgb_clf,0.8124361028010954,182.0
2021-11-28,3,hgb_clf,0.9141481936818951,220.0
2021-11-29,1,logistic,,182.0
2021-11-29,2,logistic,,220.0
2021-11-29,3,logistic,,301.0
2021-11-29,1,forest_clf,,182.0
2021-11-29,2,forest_clf,,220.0
2021-11-29,3,forest_clf,,301.0
2021-11-29,1,hgb_clf,0.9098343762696517,182.0
2021-11-29,2,hgb_clf,0.9026045254965093,220.0
2021-11-29,3,hgb_clf,0.9469758197890951,301.0
2021-11-30,1,logistic,,220.0
2021-11-30,2,logistic,,301.0
2021-11-30,3,logistic,,215.0
2021-11-30,1,forest_clf,,220.0
2021-11-30,2,forest_clf,,301.0
2021-11-30,3,forest_clf,,215.0
2021-11-30,1,hgb_clf,0.9598668340906648,220.0
2021-11-30,2,hgb_clf,0.9152467729669874,301.0
2021-11-30,3,hgb_clf,0.9350261347454714,215.0
2021-12-01,1,logistic,,301.0
2021-12-01,2,logistic,,215.0
2021-12-01,3,logistic,,166.0
2021-12-01,1,forest_clf,,301.0
2021-12-01,2,forest_clf,,215.0
2021-12-01,3,forest_clf,,166.0
2021-12-01,1,hgb_clf,0.9414732457316127,301.0
2021-12-01,2,hgb_clf,0.949057126794259,215.0
2021-12-01,3,hgb_clf,0.9407420154280818,166.0
2021-12-02,1,logistic,0.9943045578737658,215.0
2021-12-02,2,logistic,0.9649676654256317,166.0
2021-12-02,3,logistic,0.9551346087549947,148.0
2021-12-02,1,forest_clf,0.9662020038524092,215.0
2021-12-02,2,forest_clf,0.9622828867442957,166.0
2021-12-02,3,forest_clf,0.9447277094136183,148.0
2021-12-02,1,hgb_clf,0.9875853878808073,215.0
2021-12-02,2,hgb_clf,0.9418257992247175,166.0
2021-12-02,3,hgb_clf,0.943976119046081,148.0
2021-12-03,1,logistic,0.9842067992338646,166.0
2021-12-03,2,logistic,0.9385065126091651,148.0
2021-12-03,3,logistic,0.9446353247911207,154.0
2021-12-03,1,forest_clf,0.9591773662506458,166.0
2021-12-03,2,forest_clf,0.9666469712759519,148.0
2021-12-03,3,forest_clf,0.946212973149174,154.0
2021-12-03,1,hgb_clf,0.96613564271149,166.0
2021-12-03,2,hgb_clf,0.9555785018308388,148.0
2021-12-03,3,hgb_clf,0.9360177817228323,154.0
2021-12-04,1,logistic,0.9308488750449305,148.0
2021-12-04,2,logistic,0.926806701638697,154.0
2021-12-04,3,logistic,0.9330204790605688,116.0
2021-12-04,1,forest_clf,0.9228045815858705,148.0
2021-12-04,2,forest_clf,0.9660403095462461,154.0
2021-12-04,3,forest_clf,0.9439002716136987,116.0
2021-12-04,1,hgb_clf,0.8911042373746586,148.0
2021-12-04,2,hgb_clf,0.9389722998422155,154.0
2021-12-04,3,hgb_clf,0.9404660151481722,116.0
2021-12-05,1,logistic,,154.0
2021-12-05,2,logistic,,116.0
2021-12-05,3,logistic,,119.0
2021-12-05,1,forest_clf,,154.0
2021-12-05,2,forest_clf,,116.0
2021-12-05,3,forest_clf,,119.0
2021-12-05,1,hgb_clf,0.5503990150817631,154.0
2021-12-05,2,hgb_clf,0.9311464187837795,116.0
2021-12-05,3,hgb_clf,0.9197763479455375,119.0
2021-12-06,1,logistic,0.949941541966878,116.0
2021-12-06,2,logistic,0.9367045989603033,119.0
2021-12-06,3,logistic,0.953143367118164,149.0
2021-12-06,1,forest_clf,0.9125593834501398,116.0
2021-12-06,2,forest_clf,0.9418289994080546,119.0
2021-12-06,3,forest_clf,0.9422970005930104,149.0
2021-12-06,1,hgb_clf,0.945972655379114,116.0
2021-12-06,2,hgb_clf,0.9543280564175072,119.0
2021-12-06,3,hgb_clf,0.9480496260044929,149.0
2021-12-07,1,logistic,0.8845816909393468,119.0
2021-12-07,2,logistic,0.8977232743861526,149.0
2021-12-07,3,logistic,0.9335566419590989,155.0
2021-12-07,1,forest_clf,0.7852229276853937,119.0
2021-12-07,2,forest_clf,0.8539604035094124,149.0
2021-12-07,3,forest_clf,0.9118975598797199,155.0
2021-12-07,1,hgb_clf,0.7891718789097651,119.0
2021-12-07,2,hgb_clf,0.8969417176834626,149.0
2021-12-07,3,hgb_clf,0.9013349352458463,155.0
2021-12-08,1,logistic,0.8843198315889526,149.0
2021-12-08,2,logistic,0.9053047464692284,155.0
2021-12-08,3,logistic,0.9213012399472741,115.0
2021-12-08,1,forest_clf,0.78590586069062,149.0
2021-12-08,2,forest_clf,0.8310145393735389,155.0
2021-12-08,3,forest_clf,0.8997558829095011,115.0
2021-12-08,1,hgb_clf,0.8934893319556693,149.0
2021-12-08,2,hgb_clf,0.8929435007418058,155.0
2021-12-08,3,hgb_clf,0.90753428798608,115.0
2021-12-09,1,logistic,0.9058412639054431,155.0
2021-12-09,2,logistic,0.9383652348845121,115.0
2021-12-09,3,logistic,0.9277432526367142,117.0
2021-12-09,1,forest_clf,0.8695648592512271,155.0
2021-12-09,2,forest_clf,0.9185962250348281,115.0
2021-12-09,3,forest_clf,0.9182189102061399,117.0
2021-12-09,1,hgb_clf,0.9143746130825737,155.0
2021-12-09,2,hgb_clf,0.9481430171724485,115.0
2021-12-09,3,hgb_clf,0.9246919433375014,117.0
2021-12-10,1,logistic,0.9043479405130173,115.0
2021-12-10,2,logistic,0.9336156322058625,117.0
2021-12-10,3,logistic,0.9249613230365064,154.0
2021-12-10,1,forest_clf,0.8803567526151965,115.0
2021-12-10,2,forest_clf,0.925644951202533,117.0
2021-12-10,3,forest_clf,0.9151603225887528,154.0
2021-12-10,1,hgb_clf,0.9589292627264802,115.0
2021-12-10,2,hgb_clf,0.9509687110582299,117.0
2021-12-10,3,hgb_clf,0.9247828587384672,154.0
2021-12-11,1,logistic,0.8189774162324646,117.0
2021-12-11,2,logistic,0.9308937923904606,154.0
2021-12-11,3,logistic,0.9061270445876062,203.0
2021-12-11,1,forest_clf,0.7664873739857679,117.0
2021-12-11,2,forest_clf,0.8507049260203757,154.0
2021-12-11,3,forest_clf,0.8938204946799783,203.0
2021-12-11,1,hgb_clf,0.856658970299433,117.0
2021-12-11,2,hgb_clf,0.8951615740164681,154.0
2021-12-11,3,hgb_clf,0.9198466016371682,203.0
2021-12-12,1,logistic,0.8080369376260854,154.0
2021-12-12,2,logistic,0.90595959550724,203.0
2021-12-12,3,logistic,0.8826712571915162,196.0
2021-12-12,1,forest_clf,0.7548504678564456,154.0
2021-12-12,2,forest_clf,0.8383336388315008,203.0
2021-12-12,3,forest_clf,0.8966697183589838,196.0
2021-12-12,1,hgb_clf,0.8601622833631082,154.0
2021-12-12,2,hgb_clf,0.8750747452512504,203.0
2021-12-12,3,hgb_clf,0.9137666759905495,196.0
2021-12-13,1,logistic,0.925114206947037,203.0
2021-12-13,2,logistic,0.9066276551165171,196.0
2021-12-13,3,logistic,0.8876002432135042,211.0
2021-12-13,1,forest_clf,0.869207780024058,203.0
2021-12-13,2,forest_clf,0.9194631652842095,196.0
2021-12-13,3,forest_clf,0.9169169624990618,211.0
2021-12-13,1,hgb_clf,0.9481455861608773,203.0
2021-12-13,2,hgb_clf,0.9423410892179854,196.0
2021-12-13,3,hgb_clf,0.946505582987648,211.0
2021-12-14,1,logistic,0.9581250641924555,196.0
2021-12-14,2,logistic,0.937231231576415,211.0
2021-12-14,3,logistic,0.910183526559822,163.0
2021-12-14,1,forest_clf,0.9174829069979302,196.0
2021-12-14,2,forest_clf,0.9101540000995818,211.0
2021-12-14,3,forest_clf,0.915832235199706,163.0
2021-12-14,1,hgb_clf,0.9812681586693129,196.0
2021-12-14,2,hgb_clf,0.9326642973808571,211.0
2021-12-14,3,hgb_clf,0.9349233663770595,163.0
2021-12-15,1,logistic,0.9619363506713982,211.0
2021-12-15,2,logistic,0.9433476632425974,163.0
2021-12-15,3,logistic,0.9239248752671265,158.0
2021-12-15,1,forest_clf,0.9219666331302906,211.0
2021-12-15,2,forest_clf,0.9116187190530005,163.0
2021-12-15,3,forest_clf,0.9259833547569357,158.0
2021-12-15,1,hgb_clf,0.9288037939559304,211.0
2021-12-15,2,hgb_clf,0.941001080510848,163.0
2021-12-15,3,hgb_clf,0.9398394882904544,158.0
2021-12-16,1,logistic,0.9746702694140877,163.0
2021-12-16,2,logistic,0.9655121657890957,158.0
2021-12-16,3,logistic,0.942446481747218,146.0
2021-12-16,1,forest_clf,0.8586172670379578,163.0
2021-12-16,2,forest_clf,0.8548943028403145,158.0
2021-12-16,3,forest_clf,0.9046691109782309,146.0
2021-12-16,1,hgb_clf,0.9287609887320462,163.0
2021-12-16,2,hgb_clf,0.8837626944823103,158.0
2021-12-16,3,hgb_clf,0.9481425284204567,146.0
2021-12-17,1,logistic,0.9193335721563922,158.0
2021-12-17,2,logistic,0.9408906581370149,146.0
2021-12-17,3,logistic,0.931657592028666,181.0
2021-12-17,1,forest_clf,0.8416480974891537,158.0
2021-12-17,2,forest_clf,0.8749132260930286,146.0
2021-12-17,3,forest_clf,0.9003485074478386,181.0
2021-12-17,1,hgb_clf,0.8867890963471937,158.0
2021-12-17,2,hgb_clf,0.8769286779372344,146.0
2021-12-17,3,hgb_clf,0.9062252868928192,181.0
2021-12-18,1,logistic,0.896586284568357,146.0
2021-12-18,2,logistic,0.9546092620101151,181.0
2021-12-18,3,logistic,0.9381277670042021,227.0
2021-12-18,1,forest_clf,0.8387748892285429,146.0
2021-12-18,2,forest_clf,0.8788567856755657,181.0
2021-12-18,3,forest_clf,0.9089930670530572,227.0
2021-12-18,1,hgb_clf,0.8803947634195541,146.0
2021-12-18,2,hgb_clf,0.8927223038297143,181.0
2021-12-18,3,hgb_clf,0.8943273941309452,227.0
2021-12-19,1,logistic,0.8625674638281886,181.0
2021-12-19,2,logistic,0.9542213428150452,227.0
2021-12-19,3,logistic,0.9470872090996221,268.0
2021-12-19,1,forest_clf,0.8287206731715142,181.0
2021-12-19,2,forest_clf,0.8741523911818434,227.0
2021-12-19,3,forest_clf,0.9078896495589379,268.0
2021-12-19,1,hgb_clf,0.8899532761214228,181.0
2021-12-19,2,hgb_clf,0.9422624442221517,227.0
2021-12-19,3,hgb_clf,0.9551465110339787,268.0
2021-12-20,1,logistic,0.9502421009456722,227.0
2021-12-20,2,logistic,0.9531470747757252,268.0
2021-12-20,3,logistic,0.9441713276335052,332.0
2021-12-20,1,forest_clf,0.8732508767051957,227.0
2021-12-20,2,forest_clf,0.8702096361431938,268.0
2021-12-20,3,forest_clf,0.9098233419461095,332.0
2021-12-20,1,hgb_clf,0.9716276819927809,227.0
2021-12-20,2,hgb_clf,0.9176056080676045,268.0
2021-12-20,3,hgb_clf,0.9435177920923048,332.0
2021-12-21,1,logistic,0.9716015634268552,268.0
2021-12-21,2,logistic,0.9723562147812631,332.0
2021-12-21,3,logistic,0.952127345992724,280.0
2021-12-21,1,forest_clf,0.9261283179262587,268.0
2021-12-21,2,forest_clf,0.936433275386055,332.0
2021-12-21,3,forest_clf,0.935914140928032,280.0
2021-12-21,1,hgb_clf,0.9780860639825618,268.0
2021-12-21,2,hgb_clf,0.9450139283438656,332.0
2021-12-21,3,hgb_clf,0.9456902258167598,280.0
2021-12-22,1,logistic,0.9895672755992339,332.0
2021-12-22,2,logistic,0.9827516538712232,280.0
2021-12-22,3,logistic,0.960196789766734,351.0
2021-12-22,1,forest_clf,0.9587118836580821,332.0
2021-12-22,2,forest_clf,0.9635408727842519,280.0
2021-12-22,3,forest_clf,0.9554077962083884,351.0
2021-12-22,1,hgb_clf,0.9674194861134812,332.0
2021-12-22,2,hgb_clf,0.9581152490734902,280.0
2021-12-22,3,hgb_clf,0.9578475727353213,351.0
2021-12-23,1,logistic,0.9971075985303574,280.0
2021-12-23,2,logistic,0.9907856579311596,351.0
2021-12-23,3,logistic,0.9690578571328943,369.0
2021-12-23,1,forest_clf,0.9754341535952108,280.0
2021-12-23,2,forest_clf,0.9923394483610976,351.0
2021-12-23,3,forest_clf,0.9580995060132507,369.0
2021-12-23,1,hgb_clf,0.9840822697972776,280.0
2021-12-23,2,hgb_clf,0.96806715850747,351.0
2021-12-23,3,hgb_clf,0.9551301432838395,369.0
2021-12-24,1,logistic,0.994532860954128,351.0
2021-12-24,2,logistic,0.9843577810904776,369.0
2021-12-24,3,logistic,0.9684294278872283,123.0
2021-12-24,1,forest_clf,0.9738152874039421,351.0
2021-12-24,2,forest_clf,0.9941803729221845,369.0
2021-12-24,3,forest_clf,0.9578984512657462,123.0
2021-12-24,1,hgb_clf,0.9888755348682361,351.0
2021-12-24,2,hgb_clf,0.9682113295680663,369.0
2021-12-24,3,hgb_clf,0.9572223243397961,123.0
2021-12-25,1,logistic,0.9976411222454784,369.0
2021-12-25,2,logistic,0.9940819107864836,123.0
2021-12-25,3,logistic,0.9777717342744664,
2021-12-25,1,forest_clf,0.9810996580061996,369.0
2021-12-25,2,forest_clf,0.9926172294857483,123.0
2021-12-25,3,forest_clf,0.9523532450381995,
2021-12-25,1,hgb_clf,0.9924415241605197,369.0
2021-12-25,2,hgb_clf,0.9678656963652593,123.0
2021-12-25,3,hgb_clf,0.9609831246541901,
2021-12-26,1,logistic,0.9977385998425871,123.0
2021-12-26,2,logistic,0.9938834968246425,
2021-12-26,3,logistic,0.981490717587282,127.0
2021-12-26,1,forest_clf,0.9786097693010205,123.0
2021-12-26,2,forest_clf,0.9881040374278619,
2021-12-26,3,forest_clf,0.9478012528179579,127.0
2021-12-26,1,hgb_clf,0.9803044217905663,123.0
2021-12-26,2,hgb_clf,0.9639362708195007,
2021-12-26,3,hgb_clf,0.9574815180382029,127.0
2021-12-27,1,logistic,0.661550532012455,
2021-12-27,2,logistic,0.8878346215867412,127.0
2021-12-27,3,logistic,0.9338623807867239,154.0
2021-12-27,1,forest_clf,0.873166071306047,
2021-12-27,2,forest_clf,0.9194263789790953,127.0
2021-12-27,3,forest_clf,0.9265645173159186,154.0
2021-12-27,1,hgb_clf,0.9230219918643656,
2021-12-27,2,hgb_clf,0.927806822727445,127.0
2021-12-27,3,hgb_clf,0.9618549606563918,154.0
2021-12-28,1,logistic,,127.0
2021-12-28,2,logistic,,154.0
2021-12-28,3,logistic,,204.0
2021-12-28,1,forest_clf,,127.0
2021-12-28,2,forest_clf,,154.0
2021-12-28,3,forest_clf,,204.0
2021-12-28,1,hgb_clf,0.8315683409573356,127.0
2021-12-28,2,hgb_clf,0.9456757501083034,154.0
2021-12-28,3,hgb_clf,0.9562772119867797,204.0
2021-12-29,1,logistic,,154.0
2021-12-29,2,logistic,,204.0
2021-12-29,3,logistic,,227.0
2021-12-29,1,forest_clf,,154.0
2021-12-29,2,forest_clf,,204.0
2021-12-29,3,forest_clf,,227.0
2021-12-29,1,hgb_clf,0.9689718827338304,154.0
2021-12-29,2,hgb_clf,0.9678861411164695,204.0
2021-12-29,3,hgb_clf,0.9755305322655512,227.0
2021-12-30,1,logistic,,204.0
2021-12-30,2,logistic,,227.0
2021-12-30,3,logistic,,270.0
2021-12-30,1,forest_clf,,204.0
2021-12-30,2,forest_clf,,227.0
2021-12-30,3,forest_clf,,270.0
2021-12-30,1,hgb_clf,0.9854553265095832,204.0
2021-12-30,2,hgb_clf,0.9744634578251942,227.0
2021-12-30,3,hgb_clf,0.9687228717861756,270.0
2021-12-31,1,logistic,,227.0
2021-12-31,2,logistic,,270.0
2021-12-31,3,logistic,,248.0
2021-12-31,1,forest_clf,,227.0
2021-12-31,2,forest_clf,,270.0
2021-12-31,3,forest_clf,,248.0
2021-12-31,1,hgb_clf,0.9925124686955856,227.0
2021-12-31,2,hgb_clf,0.967359043269227,270.0
2021-12-31,3,hgb_clf,0.9590578047766263,248.0
2022-01-01,1,logistic,0.9797570367359237,270.0
2022-01-01,2,logistic,0.9491467899780235,248.0
2022-01-01,3,logistic,0.8913703661669565,205.0
2022-01-01,1,forest_clf,0.9761117816964848,270.0
2022-01-01,2,forest_clf,0.9689873883922373,248.0
2022-01-01,3,forest_clf,0.9362559826839763,205.0
2022-01-01,1,hgb_clf,0.9856952811466451,270.0
2022-01-01,2,hgb_clf,0.9463180937996709,248.0
2022-01-01,3,hgb_clf,0.9559091487422929,205.0
2022-01-02,1,logistic,0.990096251230283,248.0
2022-01-02,2,logistic,0.964975563633684,205.0
2022-01-02,3,logistic,0.9033780423512824,278.0
2022-01-02,1,forest_clf,0.9781702331616073,248.0
2022-01-02,2,forest_clf,0.9740500428581984,205.0
2022-01-02,3,forest_clf,0.9406578455662175,278.0
2022-01-02,1,hgb_clf,0.9772553993559316,248.0
2022-01-02,2,hgb_clf,0.9460443686663014,205.0
2022-01-02,3,hgb_clf,0.9533044739921313,278.0
2022-01-03,1,logistic,0.9918665104317153,205.0
2022-01-03,2,logistic,0.9078051342392837,278.0
2022-01-03,3,logistic,0.8990477824694662,123.0
2022-01-03,1,forest_clf,0.9775503520785708,205.0
2022-01-03,2,forest_clf,0.9714152101924171,278.0
2022-01-03,3,forest_clf,0.949325871896538,123.0
2022-01-03,1,hgb_clf,0.9680980250080463,205.0
2022-01-03,2,hgb_clf,0.9365915799205807,278.0
2022-01-03,3,hgb_clf,0.951784886074308,123.0
2022-01-04,1,logistic,,278.0
2022-01-04,2,logistic,,123.0
2022-01-04,3,logistic,,78.6
2022-01-04,1,forest_clf,,278.0
2022-01-04,2,forest_clf,,123.0
2022-01-04,3,forest_clf,,78.6
2022-01-04,1,hgb_clf,0.8867531650226501,278.0
2022-01-04,2,hgb_clf,0.9287640138495372,123.0
2022-01-04,3,hgb_clf,0.9484308268734483,78.6
2022-01-05,1,logistic,0.9885391635831241,123.0
2022-01-05,2,logistic,0.956435073413955,78.6
2022-01-05,3,logistic,0.941657709820696,47.4
2022-01-05,1,forest_clf,0.9807173051578155,123.0
2022-01-05,2,forest_clf,0.9850383547148447,78.6
2022-01-05,3,forest_clf,0.94516976376185,47.4
2022-01-05,1,hgb_clf,0.987489941960722,123.0
2022-01-05,2,hgb_clf,0.9477066268845222,78.6
2022-01-05,3,hgb_clf,0.9502445897841563,47.4
2022-01-06,1,logistic,0.7944926848268582,78.6
2022-01-06,2,logistic,0.8467172395867221,47.4
2022-01-06,3,logistic,0.8991408145086858,46.1
2022-01-06,1,forest_clf,0.8752194809600744,78.6
2022-01-06,2,forest_clf,0.9226296119316002,47.4
2022-01-06,3,forest_clf,0.9169913788907503,46.1
2022-01-06,1,hgb_clf,0.9792712916533522,78.6
2022-01-06,2,hgb_clf,0.9452733472667899,47.4
2022-01-06,3,hgb_clf,0.9523247121499615,46.1
2022-01-07,1,logistic,0.5006518579509389,47.4
2022-01-07,2,logistic,0.7801678527806959,46.1
2022-01-07,3,logistic,0.8413654749923423,107.0
2022-01-07,1,forest_clf,0.40031732867125336,47.4
2022-01-07,2,forest_clf,0.8074036748632671,46.1
2022-01-07,3,forest_clf,0.873569154781328,107.0
2022-01-07,1,hgb_clf,0.5611491204216432,47.4
2022-01-07,2,hgb_clf,0.9099994956180819,46.1
2022-01-07,3,hgb_clf,0.931252623203697,107.0
2022-01-08,1,logistic,0.5001967363631324,46.1
2022-01-08,2,logistic,0.8728168843206869,107.0
2022-01-08,3,logistic,0.8633667984871283,115.0
2022-01-08,1,forest_clf,0.3348619760804184,46.1
2022-01-08,2,forest_clf,0.7384989558136417,107.0
2022-01-08,3,forest_clf,0.8584349152984568,115.0
2022-01-08,1,hgb_clf,0.7329259422844453,46.1
2022-01-08,2,hgb_clf,0.8307042727558848,107.0
2022-01-08,3,hgb_clf,0.8631741821503541,115.0
2022-01-09,1,logistic,0.5514816498480268,107.0
2022-01-09,2,logistic,0.8909479093739173,115.0
2022-01-09,3,logistic,0.8335141338194065,125.0
2022-01-09,1,forest_clf,0.3008178338008494,107.0
2022-01-09,2,forest_clf,0.7215627304420158,115.0
2022-01-09,3,forest_clf,0.8516649645398534,125.0
2022-01-09,1,hgb_clf,0.5792414689208909,107.0
2022-01-09,2,hgb_clf,0.8251606938883567,115.0
2022-01-09,3,hgb_clf,0.9274767420356741,125.0
2022-01-10,1,logistic,0.8295953334286196,115.0
2022-01-10,2,logistic,0.8686171175007165,125.0
2022-01-10,3,logistic,0.7952129461515303,249.0
2022-01-10,1,forest_clf,0.7270029923222066,115.0
2022-01-10,2,forest_clf,0.7823651792423127,125.0
2022-01-10,3,forest_clf,0.8676727494722661,249.0
2022-01-10,1,hgb_clf,0.9167833096647452,115.0
2022-01-10,2,hgb_clf,0.9497044446187873,125.0
2022-01-10,3,hgb_clf,0.9083451805870786,249.0
2022-01-11,1,logistic,0.8354361874922115,125.0
2022-01-11,2,logistic,0.8685587278877721,249.0
2022-01-11,3,logistic,0.774158392320269,226.0
2022-01-11,1,forest_clf,0.6930252653904282,125.0
2022-01-11,2,forest_clf,0.7394031755801307,249.0
2022-01-11,3,forest_clf,0.8390482038894518,226.0
2022-01-11,1,hgb_clf,0.8056414092709872,125.0
2022-01-11,2,hgb_clf,0.8941855324690102,249.0
2022-01-11,3,hgb_clf,0.8730980382441349,226.0
2022-01-12,1,logistic,0.8887766670472471,249.0
2022-01-12,2,logistic,0.9050689259691688,226.0
2022-01-12,3,logistic,0.7893047110325699,162.0
2022-01-12,1,forest_clf,0.7691874846787374,249.0
2022-01-12,2,forest_clf,0.7287116120044623,226.0
2022-01-12,3,forest_clf,0.7585542283253329,162.0
2022-01-12,1,hgb_clf,0.9596325707294249,249.0
2022-01-12,2,hgb_clf,0.8924262901918633,226.0
2022-01-12,3,hgb_clf,0.9353723253476288,162.0
2022-01-13,1,logistic,0.9630840390537846,226.0
2022-01-13,2,logistic,0.9264087822478975,162.0
2022-01-13,3,logistic,0.8195322207185234,163.0
2022-01-13,1,forest_clf,0.8354561566165384,226.0
2022-01-13,2,forest_clf,0.8313122737038361,162.0
2022-01-13,3,forest_clf,0.8579730214589572,163.0
2022-01-13,1,hgb_clf,0.9451188311667048,226.0
2022-01-13,2,hgb_clf,0.8838777129235657,162.0
2022-01-13,3,hgb_clf,0.9204809861219577,163.0
2022-01-14,1,logistic,0.9387855737017399,162.0
2022-01-14,2,logistic,0.91025979467775,163.0
2022-01-14,3,logistic,0.8395149529110447,201.0
2022-01-14,1,forest_clf,0.9213438439665924,162.0
2022-01-14,2,forest_clf,0.9261375121270374,163.0
2022-01-14,3,forest_clf,0.8923847077416691,201.0
2022-01-14,1,hgb_clf,0.956593380776974,162.0
2022-01-14,2,hgb_clf,0.9058275845838916,163.0
2022-01-14,3,hgb_clf,0.9131689706579561,201.0
2022-01-15,1,logistic,0.8940525799846867,163.0
2022-01-15,2,logistic,0.9205585438390133,201.0
2022-01-15,3,logistic,0.8494970608155089,219.0
2022-01-15,1,forest_clf,0.9013081218327358,163.0
2022-01-15,2,forest_clf,0.93658358671169,201.0
2022-01-15,3,forest_clf,0.8925269730632128,219.0
2022-01-15,1,hgb_clf,0.8787612714791929,163.0
2022-01-15,2,hgb_clf,0.8968486099811785,201.0
2022-01-15,3,hgb_clf,0.8887157226782767,219.0
2022-01-16,1,logistic,0.8764839957640026,201.0
2022-01-16,2,logistic,0.9321388172516825,219.0
2022-01-16,3,logistic,0.8843960333603489,204.0
2022-01-16,1,forest_clf,0.9066872278345736,201.0
2022-01-16,2,forest_clf,0.9324831067450868,219.0
2022-01-16,3,forest_clf,0.9018338287896772,204.0
2022-01-16,1,hgb_clf,0.934950699091556,201.0
2022-01-16,2,hgb_clf,0.9078302840776163,219.0
2022-01-16,3,hgb_clf,0.9143754283666169,204.0
2022-01-17,1,logistic,0.9665753028168265,219.0
2022-01-17,2,logistic,0.9313297872675169,204.0
2022-01-17,3,logistic,0.895211629449829,274.0
2022-01-17,1,forest_clf,0.948504930711808,219.0
2022-01-17,2,forest_clf,0.9177453658630079,204.0
2022-01-17,3,forest_clf,0.91245396847718,274.0
2022-01-17,1,hgb_clf,0.9823958551244684,219.0
2022-01-17,2,hgb_clf,0.9325770117881043,204.0
2022-01-17,3,hgb_clf,0.9306662932046643,274.0
2022-01-18,1,logistic,0.9703359157637202,204.0
2022-01-18,2,logistic,0.9344827092848585,274.0
2022-01-18,3,logistic,0.901020849415395,204.0
2022-01-18,1,forest_clf,0.9499291494020297,204.0
2022-01-18,2,forest_clf,0.9116962923763786,274.0
2022-01-18,3,forest_clf,0.9179060248511763,204.0
2022-01-18,1,hgb_clf,0.9722840680656,204.0
2022-01-18,2,hgb_clf,0.9205554570365765,274.0
2022-01-18,3,hgb_clf,0.9312121487727626,204.0
2022-01-19,1,logistic,0.9739521794691067,274.0
2022-01-19,2,logistic,0.9411595919107298,204.0
2022-01-19,3,logistic,0.908837164186731,151.0
2022-01-19,1,forest_clf,0.9397729506951146,274.0
2022-01-19,2,forest_clf,0.8957563831673069,204.0
2022-01-19,3,forest_clf,0.9065307288488148,151.0
2022-01-19,1,hgb_clf,0.9552779269554421,274.0
2022-01-19,2,hgb_clf,0.9321034392329517,204.0
2022-01-19,3,hgb_clf,0.9319922118272512,151.0
2022-01-20,1,logistic,0.98711381686475,204.0
2022-01-20,2,logistic,0.9647486651779967,151.0
2022-01-20,3,logistic,0.9162333938876278,120.0
2022-01-20,1,forest_clf,0.9634874766378415,204.0
2022-01-20,2,forest_clf,0.942631294558903,151.0
2022-01-20,3,forest_clf,0.9005423067480838,120.0
2022-01-20,1,hgb_clf,0.9711729213334935,204.0
2022-01-20,2,hgb_clf,0.9147096208315918,151.0
2022-01-20,3,hgb_clf,0.9133637145579959,120.0
2022-01-21,1,logistic,0.9591882690220217,151.0
2022-01-21,2,logistic,0.9386254610555207,120.0
2022-01-21,3,logistic,0.9039624037627864,99.5
2022-01-21,1,forest_clf,0.9564725233557567,151.0
2022-01-21,2,forest_clf,0.9209232810889572,120.0
2022-01-21,3,forest_clf,0.8978178199715245,99.5
2022-01-21,1,hgb_clf,0.9613665567082803,151.0
2022-01-21,2,hgb_clf,0.9188500541830363,120.0
2022-01-21,3,hgb_clf,0.898847654760722,99.5
2022-01-22,1,logistic,0.8645103200689238,120.0
2022-01-22,2,logistic,0.9263203550273138,99.5
2022-01-22,3,logistic,0.8826804924111904,123.0
2022-01-22,1,forest_clf,0.9013145715610306,120.0
2022-01-22,2,forest_clf,0.9197901115894044,99.5
2022-01-22,3,forest_clf,0.8954385268879562,123.0
2022-01-22,1,hgb_clf,0.8784683454102897,120.0
2022-01-22,2,hgb_clf,0.8890973057967527,99.5
2022-01-22,3,hgb_clf,0.9070250827950532,123.0
2022-01-23,1,logistic,0.8012004754033663,99.5
2022-01-23,2,logistic,0.9161941344692444,123.0
2022-01-23,3,logistic,0.876757526950634,122.0
2022-01-23,1,forest_clf,0.7936524511563045,99.5
2022-01-23,2,forest_clf,0.8610874681540145,123.0
2022-01-23,3,forest_clf,0.8414425876780791,122.0
2022-01-23,1,hgb_clf,0.8807679032512056,99.5
2022-01-23,2,hgb_clf,0.820031408283439,123.0
2022-01-23,3,hgb_clf,0.8393719705838363,122.0
2022-01-24,1,logistic,0.84535134973462,123.0
2022-01-24,2,logistic,0.848701855097249,122.0
2022-01-24,3,logistic,0.818117446565625,
2022-01-24,1,forest_clf,0.40606168771780615,123.0
2022-01-24,2,forest_clf,0.7759482651222328,122.0
2022-01-24,3,forest_clf,0.8182861062590214,
2022-01-24,1,hgb_clf,0.6290419188115922,123.0
2022-01-24,2,hgb_clf,0.7627296592541132,122.0
2022-01-24,3,hgb_clf,0.8300434421903728,
2022-01-25,1,logistic,0.8959141747997289,122.0
2022-01-25,2,logistic,0.8533639080107016,
2022-01-25,3,logistic,0.8103926927656365,
2022-01-25,1,forest_clf,0.8375083049422785,122.0
2022-01-25,2,forest_clf,0.8264464487373712,
2022-01-25,3,forest_clf,0.7764513280631867,
2022-01-25,1,hgb_clf,0.6758051298742561,122.0
2022-01-25,2,hgb_clf,0.8920098670040748,
2022-01-25,3,hgb_clf,0.8745623288216252,
2022-01-26,1,logistic,0.8850308060429555,
2022-01-26,2,logistic,0.8389624978427306,
2022-01-26,3,logistic,0.7977437305187411,127.0
2022-01-26,1,forest_clf,0.8264841396720964,
2022-01-26,2,forest_clf,0.8311973528366902,
2022-01-26,3,forest_clf,0.7686606262719704,127.0
2022-01-26,1,hgb_clf,0.6883325389595367,
2022-01-26,2,hgb_clf,0.8596868336747129,
2022-01-26,3,hgb_clf,0.8518735463501267,127.0
2022-01-27,1,logistic,,
2022-01-27,2,logistic,,127.0
2022-01-27,3,logistic,,154.0
2022-01-27,1,forest_clf,,
2022-01-27,2,forest_clf,,127.0
2022-01-27,3,forest_clf,,154.0
2022-01-27,1,hgb_clf,0.8487685396371534,
2022-01-27,2,hgb_clf,0.8383687905428184,127.0
2022-01-27,3,hgb_clf,0.8679884946506838,154.0
2022-01-28,1,logistic,,127.0
2022-01-28,2,logistic,,154.0
2022-01-28,3,logistic,,225.0
2022-01-28,1,forest_clf,,127.0
2022-01-28,2,forest_clf,,154.0
2022-01-28,3,forest_clf,,225.0
2022-01-28,1,hgb_clf,0.7962828977714355,127.0
2022-01-28,2,hgb_clf,0.8462008869960846,154.0
2022-01-28,3,hgb_clf,0.8473101024746807,225.0
2022-01-29,1,logistic,,154.0
2022-01-29,2,logistic,,225.0
2022-01-29,3,logistic,,226.0
2022-01-29,1,forest_clf,,154.0
2022-01-29,2,forest_clf,,225.0
2022-01-29,3,forest_clf,,226.0
2022-01-29,1,hgb_clf,0.8150786655705837,154.0
2022-01-29,2,hgb_clf,0.8588091664796801,225.0
2022-01-29,3,hgb_clf,0.8542619253182991,226.0
2022-01-30,1,logistic,,225.0
2022-01-30,2,logistic,,226.0
2022-01-30,3,logistic,,175.0
2022-01-30,1,forest_clf,,225.0
2022-01-30,2,forest_clf,,226.0
2022-01-30,3,forest_clf,,175.0
2022-01-30,1,hgb_clf,0.8391590752537049,225.0
2022-01-30,2,hgb_clf,0.8528494484494012,226.0
2022-01-30,3,hgb_clf,0.7991645215447031,175.0
2022-01-31,1,logistic,,226.0
2022-01-31,2,logistic,,175.0
2022-01-31,3,logistic,,174.0
2022-01-31,1,forest_clf,,226.0
2022-01-31,2,forest_clf,,175.0
2022-01-31,3,forest_clf,,174.0
2022-01-31,1,hgb_clf,0.9476928564741968,226.0
2022-01-31,2,hgb_clf,0.8311624092939688,175.0
2022-01-31,3,hgb_clf,0.8130066746290855,174.0
2022-02-01,1,logistic,0.9634720632090218,175.0
2022-02-01,2,logistic,0.7257663650226643,174.0
2022-02-01,3,logistic,0.6628176678215645,55.5
2022-02-01,1,forest_clf,0.9248062417253281,175.0
2022-02-01,2,forest_clf,0.8292796014086182,174.0
2022-02-01,3,forest_clf,0.7057060078060258,55.5
2022-02-01,1,hgb_clf,0.9481170080856017,175.0
2022-02-01,2,hgb_clf,0.8278209578916131,174.0
2022-02-01,3,hgb_clf,0.8106517001267777,55.5
2022-02-02,1,logistic,0.928548484757542,174.0
2022-02-02,2,logistic,0.6456055107871755,55.5
2022-02-02,3,logistic,0.6257390944521534,118.0
2022-02-02,1,forest_clf,0.915530389333492,174.0
2022-02-02,2,forest_clf,0.8145655912922375,55.5
2022-02-02,3,forest_clf,0.7016381013728024,118.0
2022-02-02,1,hgb_clf,0.925394090695924,174.0
2022-02-02,2,hgb_clf,0.8394780119441374,55.5
2022-02-02,3,hgb_clf,0.7557034427251292,118.0
2022-02-03,1,logistic,,55.5
2022-02-03,2,logistic,,118.0
2022-02-03,3,logistic,,106.0
2022-02-03,1,forest_clf,,55.5
2022-02-03,2,forest_clf,,118.0
2022-02-03,3,forest_clf,,106.0
2022-02-03,1,hgb_clf,0.9384439035668533,55.5
2022-02-03,2,hgb_clf,0.8347217633832156,118.0
2022-02-03,3,hgb_clf,0.7285173676972523,106.0
2022-02-04,1,logistic,,118.0
2022-02-04,2,logistic,,106.0
2022-02-04,3,logistic,,116.0
2022-02-04,1,forest_clf,,118.0
2022-02-04,2,forest_clf,,106.0
2022-02-04,3,forest_clf,,116.0
2022-02-04,1,hgb_clf,0.2673711252480186,118.0
2022-02-04,2,hgb_clf,0.6244639667118178,106.0
2022-02-04,3,hgb_clf,0.6510617166775529,116.0
2022-02-05,1,logistic,0.40738978870620113,106.0
2022-02-05,2,logistic,0.6737099581122787,116.0
2022-02-05,3,logistic,0.6299164052416498,115.0
2022-02-05,1,forest_clf,0.6837058131637518,106.0
2022-02-05,2,forest_clf,0.6710212257124047,116.0
2022-02-05,3,forest_clf,0.6113427992765004,115.0
2022-02-05,1,hgb_clf,0.705783667942627,106.0
2022-02-05,2,hgb_clf,0.7577541487619217,116.0
2022-02-05,3,hgb_clf,0.6789563497477958,115.0
2022-02-06,1,logistic,0.3992695930581813,116.0
2022-02-06,2,logistic,0.647207962163411,115.0
2022-02-06,3,logistic,0.6188467611194302,95.7
2022-02-06,1,forest_clf,0.6287189591955141,116.0
2022-02-06,2,forest_clf,0.6713636891288566,115.0
2022-02-06,3,forest_clf,0.6067593656065159,95.7
2022-02-06,1,hgb_clf,0.6757128864240746,116.0
2022-02-06,2,hgb_clf,0.7976239243165776,115.0
2022-02-06,3,hgb_clf,0.7491562045081187,95.7
2022-02-07,1,logistic,0.7874050552660284,115.0
2022-02-07,2,logistic,0.6731357362969529,95.7
2022-02-07,3,logistic,0.5658774552827084,77.8
2022-02-07,1,forest_clf,0.6616852905929576,115.0
2022-02-07,2,forest_clf,0.6719066785516269,95.7
2022-02-07,3,forest_clf,0.6073214861002639,77.8
2022-02-07,1,hgb_clf,0.8030997335198206,115.0
2022-02-07,2,hgb_clf,0.8203553494262407,95.7
2022-02-07,3,hgb_clf,0.8227777954336949,77.8
2022-02-08,1,logistic,0.695102724773942,95.7
2022-02-08,2,logistic,0.61501729162009,77.8
2022-02-08,3,logistic,0.5195528075276882,78.3
2022-02-08,1,forest_clf,0.6511693730713861,95.7
2022-02-08,2,forest_clf,0.6214660354279559,77.8
2022-02-08,3,forest_clf,0.5854539237912291,78.3
2022-02-08,1,hgb_clf,0.8419512259910877,95.7
2022-02-08,2,hgb_clf,0.8412090501392497,77.8
2022-02-08,3,hgb_clf,0.854756791003717,78.3
2022-02-09,1,logistic,0.5483389423116849,77.8
2022-02-09,2,logistic,0.5038382926402732,78.3
2022-02-09,3,logistic,0.4434129367369574,79.5
2022-02-09,1,forest_clf,0.3339208317935777,77.8
2022-02-09,2,forest_clf,0.5220405208314028,78.3
2022-02-09,3,forest_clf,0.5633751434472287,79.5
2022-02-09,1,hgb_clf,0.6005658743422395,77.8
2022-02-09,2,hgb_clf,0.7513131551768267,78.3
2022-02-09,3,hgb_clf,0.8359907419632064,79.5
2022-02-10,1,logistic,0.38082487191627556,78.3
2022-02-10,2,logistic,0.39598323606089253,79.5
2022-02-10,3,logistic,0.36329235679135113,109.0
2022-02-10,1,forest_clf,0.3082440367885991,78.3
2022-02-10,2,forest_clf,0.4827562042125511,79.5
2022-02-10,3,forest_clf,0.5063787793234361,109.0
2022-02-10,1,hgb_clf,0.3754761927379186,78.3
2022-02-10,2,hgb_clf,0.6798822399694995,79.5
2022-02-10,3,hgb_clf,0.5921477400414182,109.0
2022-02-11,1,logistic,0.3292054758411939,79.5
2022-02-11,2,logistic,0.325095080398684,109.0
2022-02-11,3,logistic,0.3517491355082715,76.5
2022-02-11,1,forest_clf,0.21847216039340903,79.5
2022-02-11,2,forest_clf,0.4400323187255909,109.0
2022-02-11,3,forest_clf,0.5043820246615691,76.5
2022-02-11,1,hgb_clf,0.42038642788627245,79.5
2022-02-11,2,hgb_clf,0.5717231551801328,109.0
2022-02-11,3,hgb_clf,0.5900024330616832,76.5
2022-02-12,1,logistic,0.32025593709707534,109.0
2022-02-12,2,logistic,0.4416324650587074,76.5
2022-02-12,3,logistic,0.3551857621505354,77.9
2022-02-12,1,forest_clf,0.22205840362849633,109.0
2022-02-12,2,forest_clf,0.4615115182276837,76.5
2022-02-12,3,forest_clf,0.5016339458340217,77.9
2022-02-12,1,hgb_clf,0.29282056921644023,109.0
2022-02-12,2,hgb_clf,0.6418096849033664,76.5
2022-02-12,3,hgb_clf,0.6349729697393391,77.9
2022-02-13,1,logistic,0.3445536894828347,76.5
2022-02-13,2,logistic,0.4422118122027511,77.9
2022-02-13,3,logistic,0.336294801467384,110.0
2022-02-13,1,forest_clf,0.575493728522759,76.5
2022-02-13,2,forest_clf,0.5385481451183639,77.9
2022-02-13,3,forest_clf,0.5186735438840298,110.0
2022-02-13,1,hgb_clf,0.5614311645426067,76.5
2022-02-13,2,hgb_clf,0.6326557166354595,77.9
2022-02-13,3,hgb_clf,0.5669743920212476,110.0
2022-02-14,1,logistic,0.42163464430581826,77.9
2022-02-14,2,logistic,0.3072983044421915,110.0
2022-02-14,3,logistic,0.2739255715302139,102.0
2022-02-14,1,forest_clf,0.28866529400893876,77.9
2022-02-14,2,forest_clf,0.4532394907519353,110.0
2022-02-14,3,forest_clf,0.5052873109711394,102.0
2022-02-14,1,hgb_clf,0.33740400896208705,77.9
2022-02-14,2,hgb_clf,0.6280316924925538,110.0
2022-02-14,3,hgb_clf,0.6111384875920798,102.0
2022-02-15,1,logistic,0.37883643629296176,110.0
2022-02-15,2,logistic,0.3012861763624052,102.0
2022-02-15,3,logistic,0.2600165357845968,105.0
2022-02-15,1,forest_clf,0.2244080473853891,110.0
2022-02-15,2,forest_clf,0.30327145867034877,102.0
2022-02-15,3,forest_clf,0.29638521475240753,105.0
2022-02-15,1,hgb_clf,0.1693123859339872,110.0
2022-02-15,2,hgb_clf,0.2870353869675013,102.0
2022-02-15,3,hgb_clf,0.39229835793602524,105.0
2022-02-16,1,logistic,0.4881184674271671,102.0
2022-02-16,2,logistic,0.3429303707465523,105.0
2022-02-16,3,logistic,0.2764598838896694,74.8
2022-02-16,1,forest_clf,0.4755585634158316,102.0
2022-02-16,2,forest_clf,0.31143147878114613,105.0
2022-02-16,3,forest_clf,0.33450757739626336,74.8
2022-02-16,1,hgb_clf,0.4764153446101534,102.0
2022-02-16,2,hgb_clf,0.3332561706772389,105.0
2022-02-16,3,hgb_clf,0.2308415955769317,74.8
2022-02-17,1,logistic,0.37985403943364104,105.0
2022-02-17,2,logistic,0.29031336101072164,74.8
2022-02-17,3,logistic,0.25833165913516887,81.5
2022-02-17,1,forest_clf,0.45342189104262526,105.0
2022-02-17,2,forest_clf,0.2665143285845032,74.8
2022-02-17,3,forest_clf,0.3291121372222308,81.5
2022-02-17,1,hgb_clf,0.34883489391391315,105.0
2022-02-17,2,hgb_clf,0.19883007159419785,74.8
2022-02-17,3,hgb_clf,0.1550030160392573,81.5
2022-02-18,1,logistic,0.4406890367382566,74.8
2022-02-18,2,logistic,0.2952790090604089,81.5
2022-02-18,3,logistic,0.25405646505487006,64.9
2022-02-18,1,forest_clf,0.4484503598096932,74.8
2022-02-18,2,forest_clf,0.2798773008155968,81.5
2022-02-18,3,forest_clf,0.3329355994211091,64.9
2022-02-18,1,hgb_clf,0.3843345645443842,74.8
2022-02-18,2,hgb_clf,0.19597275313394522,81.5
2022-02-18,3,hgb_clf,0.1916543227662244,64.9
2022-02-19,1,logistic,0.19989665851686247,81.5
2022-02-19,2,logistic,0.25011125885614977,64.9
2022-02-19,3,logistic,0.21366869254081355,86.1
2022-02-19,1,forest_clf,0.24436216693514617,81.5
2022-02-19,2,forest_clf,0.1769324005372782,64.9
2022-02-19,3,forest_clf,0.286228824300764,86.1
2022-02-19,1,hgb_clf,0.09885615187276227,81.5
2022-02-19,2,hgb_clf,0.18292775358375635,64.9
2022-02-19,3,hgb_clf,0.13887118560041462,86.1
2022-02-20,1,logistic,0.19133937016125846,64.9
2022-02-20,2,logistic,0.24309092906151591,86.1
2022-02-20,3,logistic,0.19502211195958308,110.0
2022-02-20,1,forest_clf,0.1880116077616314,64.9
2022-02-20,2,forest_clf,0.16953021962513773,86.1
2022-02-20,3,forest_clf,0.27354668306099844,110.0
2022-02-20,1,hgb_clf,0.12131478635295737,64.9
2022-02-20,2,hgb_clf,0.1750502452233624,86.1
2022-02-20,3,hgb_clf,0.12059260006677845,110.0
2022-02-21,1,logistic,0.2199463179774229,86.1
2022-02-21,2,logistic,0.14300899736450032,110.0
2022-02-21,3,logistic,0.16158748393514347,136.0
2022-02-21,1,forest_clf,0.13080427150667803,86.1
2022-02-21,2,forest_clf,0.1402562320540902,110.0
2022-02-21,3,forest_clf,0.24561391544953054,136.0
2022-02-21,1,hgb_clf,0.11941232907687213,86.1
2022-02-21,2,hgb_clf,0.17558198905379674,110.0
2022-02-21,3,hgb_clf,0.12939450195688187,136.0
2022-02-22,1,logistic,0.2534139670658708,110.0
2022-02-22,2,logistic,0.16345065516556406,136.0
2022-02-22,3,logistic,0.1637417899773122,136.0
2022-02-22,1,forest_clf,0.14174582538927433,110.0
2022-02-22,2,forest_clf,0.14546910540657088,136.0
2022-02-22,3,forest_clf,0.2548935327957588,136.0
2022-02-22,1,hgb_clf,0.1791154261517959,110.0
2022-02-22,2,hgb_clf,0.1644598455990691,136.0
2022-02-22,3,hgb_clf,0.12234592596968179,136.0
2022-02-23,1,logistic,0.28074620662068306,136.0
2022-02-23,2,logistic,0.1812822539472553,136.0
2022-02-23,3,logistic,0.1668948092566,
2022-02-23,1,forest_clf,0.46269093128011124,136.0
2022-02-23,2,forest_clf,0.2537016843490832,136.0
2022-02-23,3,forest_clf,0.3158893881497253,
2022-02-23,1,hgb_clf,0.4163359137636854,136.0
2022-02-23,2,hgb_clf,0.15759358360432174,136.0
2022-02-23,3,hgb_clf,0.13605815476926758,
2022-02-24,1,logistic,0.4101900788680687,136.0
2022-02-24,2,logistic,0.28302153159320825,
2022-02-24,3,logistic,0.24975007313653433,
2022-02-24,1,forest_clf,0.5705168710806141,136.0
2022-02-24,2,forest_clf,0.30280099794389204,
2022-02-24,3,forest_clf,0.3573309101391481,
2022-02-24,1,hgb_clf,0.3494656076700754,136.0
2022-02-24,2,hgb_clf,0.1854381085332937,
2022-02-24,3,hgb_clf,0.12618116717044597,
2022-02-25,1,logistic,0.3761760285873901,
2022-02-25,2,logistic,0.26899433265541933,
2022-02-25,3,logistic,0.2711939941444037,39.4
2022-02-25,1,forest_clf,0.5842727937136093,
2022-02-25,2,forest_clf,0.3107940707225993,
2022-02-25,3,forest_clf,0.36770289812204504,39.4
2022-02-25,1,hgb_clf,0.3494656076700754,
2022-02-25,2,hgb_clf,0.19997640451347012,
2022-02-25,3,hgb_clf,0.16526640067565385,39.4
2022-02-26,1,logistic,,
2022-02-26,2,logistic,,39.4
2022-02-26,3,logistic,,81.8
2022-02-26,1,forest_clf,,
2022-02-26,2,forest_clf,,39.4
2022-02-26,3,forest_clf,,81.8
2022-02-26,1,hgb_clf,0.24909915161351412,
2022-02-26,2,hgb_clf,0.19607597277268113,39.4
2022-02-26,3,hgb_clf,0.17523069263349453,81.8
2022-02-27,1,logistic,,39.4
2022-02-27,2,logistic,,81.8
2022-02-27,3,logistic,,104.0
2022-02-27,1,forest_clf,,39.4
2022-02-27,2,forest_clf,,81.8
2022-02-27,3,forest_clf,,104.0
2022-02-27,1,hgb_clf,0.220688654139145,39.4
2022-02-27,2,hgb_clf,0.17036222108855387,81.8
2022-02-27,3,hgb_clf,0.17523069263349453,104.0
2022-02-28,1,logistic,,81.8
2022-02-28,2,logistic,,104.0
2022-02-28,3,logistic,,67.3
2022-02-28,1,forest_clf,,81.8
2022-02-28,2,forest_clf,,104.0
2022-02-28,3,forest_clf,,67.3
2022-02-28,1,hgb_clf,0.0793303052510553,81.8
2022-02-28,2,hgb_clf,0.13896245457728787,104.0
2022-02-28,3,hgb_clf,0.2712715691119453,67.3
2022-03-01,1,logistic,,104.0
2022-03-01,2,logistic,,67.3
2022-03-01,3,logistic,,78.3
2022-03-01,1,forest_clf,,104.0
2022-03-01,2,forest_clf,,67.3
2022-03-01,3,forest_clf,,78.3
2022-03-01,1,hgb_clf,0.05609127282212614,104.0
2022-03-01,2,hgb_clf,0.20103313821708452,67.3
2022-03-01,3,hgb_clf,0.16362307089038708,78.3
2022-03-02,1,logistic,,67.3
2022-03-02,2,logistic,,78.3
2022-03-02,3,logistic,,50.9
2022-03-02,1,forest_clf,,67.3
2022-03-02,2,forest_clf,,78.3
2022-03-02,3,forest_clf,,50.9
2022-03-02,1,hgb_clf,0.3346240218681915,67.3
2022-03-02,2,hgb_clf,0.16529197288152597,78.3
2022-03-02,3,hgb_clf,0.1422004668953685,50.9
2022-03-03,1,logistic,0.09974538009241528,78.3
2022-03-03,2,logistic,0.028656413241529573,50.9
2022-03-03,3,logistic,0.05589915286824486,69.1
2022-03-03,1,forest_clf,0.22615151487877277,78.3
2022-03-03,2,forest_clf,0.15267338076795645,50.9
2022-03-03,3,forest_clf,0.271679570701675,69.1
2022-03-03,1,hgb_clf,0.11674739425509141,78.3
2022-03-03,2,hgb_clf,0.14895805053918876,50.9
2022-03-03,3,hgb_clf,0.1560881439385582,69.1
2022-03-04,1,logistic,0.08062867923876507,50.9
2022-03-04,2,logistic,0.02947239129913929,69.1
2022-03-04,3,logistic,0.04763942737839915,88.0
2022-03-04,1,forest_clf,0.16760266669142923,50.9
2022-03-04,2,forest_clf,0.15320801148966504,69.1
2022-03-04,3,forest_clf,0.2551314323206316,88.0
2022-03-04,1,hgb_clf,0.1181831737407467,50.9
2022-03-04,2,hgb_clf,0.1629430107825066,69.1
2022-03-04,3,hgb_clf,0.20250441538116876,88.0
2022-03-05,1,logistic,,69.1
2022-03-05,2,logistic,,88.0
2022-03-05,3,logistic,,108.0
2022-03-05,1,forest_clf,,69.1
2022-03-05,2,forest_clf,,88.0
2022-03-05,3,forest_clf,,108.0
2022-03-05,1,hgb_clf,0.061109420073540456,69.1
2022-03-05,2,hgb_clf,0.13309793504571754,88.0
2022-03-05,3,hgb_clf,0.20237828587838386,108.0
2022-03-06,1,logistic,,88.0
2022-03-06,2,logistic,,108.0
2022-03-06,3,logistic,,55.2
2022-03-06,1,forest_clf,,88.0
2022-03-06,2,forest_clf,,108.0
2022-03-06,3,forest_clf,,55.2
2022-03-06,1,hgb_clf,0.06134141719206783,88.0
2022-03-06,2,hgb_clf,0.16227729344574693,108.0
2022-03-06,3,hgb_clf,0.17705286288128447,55.2
2022-03-07,1,logistic,0.07009030868115443,108.0
2022-03-07,2,logistic,0.058710223108061226,55.2
2022-03-07,3,logistic,0.09586869677785098,59.5
2022-03-07,1,forest_clf,0.1305731645457975,108.0
2022-03-07,2,forest_clf,0.15014420461011116,55.2
2022-03-07,3,forest_clf,0.23924902368562628,59.5
2022-03-07,1,hgb_clf,0.13138605366093647,108.0
2022-03-07,2,hgb_clf,0.12809945745441192,55.2
2022-03-07,3,hgb_clf,0.10700672746467069,59.5
2022-03-08,1,logistic,0.10167105620747145,55.2
2022-03-08,2,logistic,0.08900432587491687,59.5
2022-03-08,3,logistic,0.10977340452088408,77.8
2022-03-08,1,forest_clf,0.43794881587710277,55.2
2022-03-08,2,forest_clf,0.198807088168108,59.5
2022-03-08,3,forest_clf,0.3172286787911932,77.8
2022-03-08,1,hgb_clf,0.29707612006984013,55.2
2022-03-08,2,hgb_clf,0.13321931688116825,59.5
2022-03-08,3,hgb_clf,0.145565176637634,77.8
2022-03-09,1,logistic,0.03745366120138346,59.5
2022-03-09,2,logistic,0.028459789388343357,77.8
2022-03-09,3,logistic,0.06379860454462792,74.7
2022-03-09,1,forest_clf,0.1907317552184086,59.5
2022-03-09,2,forest_clf,0.10592128924435804,77.8
2022-03-09,3,forest_clf,0.2341232907414012,74.7
2022-03-09,1,hgb_clf,0.07872476264102905,59.5
2022-03-09,2,hgb_clf,0.09181972009275123,77.8
2022-03-09,3,hgb_clf,0.09261346133108299,74.7
2022-03-10,1,logistic,0.03548631322885243,77.8
2022-03-10,2,logistic,0.029510163348848276,74.7
2022-03-10,3,logistic,0.06376784650439514,81.2
2022-03-10,1,forest_clf,0.1105544553447208,77.8
2022-03-10,2,forest_clf,0.06428765941111149,74.7
2022-03-10,3,forest_clf,0.18586371124017972,81.2
2022-03-10,1,hgb_clf,0.04959781252024414,77.8
2022-03-10,2,hgb_clf,0.06509386367726858,74.7
2022-03-10,3,hgb_clf,0.10212505215215438,81.2
2022-03-11,1,logistic,0.047805767523388006,74.7
2022-03-11,2,logistic,0.04701968205446849,81.2
2022-03-11,3,logistic,0.08393008340630972,104.0
2022-03-11,1,forest_clf,0.054485791104049885,74.7
2022-03-11,2,forest_clf,0.05067148265194445,81.2
2022-03-11,3,forest_clf,0.14354151675573834,104.0
2022-03-11,1,hgb_clf,0.044912921689989706,74.7
2022-03-11,2,hgb_clf,0.0967939810933104,81.2
2022-03-11,3,hgb_clf,0.06646543711521423,104.0
2022-03-12,1,logistic,0.04588175387469406,81.2
2022-03-12,2,logistic,0.06582065382674213,104.0
2022-03-12,3,logistic,0.0880221088196372,108.0
2022-03-12,1,forest_clf,0.038407713594096025,81.2
2022-03-12,2,forest_clf,0.04932917193143802,104.0
2022-03-12,3,forest_clf,0.15690792680774096,108.0
2022-03-12,1,hgb_clf,0.05491409130108531,81.2
2022-03-12,2,hgb_clf,0.09933510742296255,104.0
2022-03-12,3,hgb_clf,0.0856804274230325,108.0
2022-03-13,1,logistic,0.05668076788578463,104.0
2022-03-13,2,logistic,0.07821605712134518,108.0
2022-03-13,3,logistic,0.09395846948629515,86.4
2022-03-13,1,forest_clf,0.03895561623508881,104.0
2022-03-13,2,forest_clf,0.06612249068032935,108.0
2022-03-13,3,forest_clf,0.1541680441336585,86.4
2022-03-13,1,hgb_clf,0.07635853043888573,104.0
2022-03-13,2,hgb_clf,0.09467814693213387,108.0
2022-03-13,3,hgb_clf,0.0906060204496484,86.4
2022-03-14,1,logistic,0.11542996470898666,108.0
2022-03-14,2,logistic,0.08644533825116911,86.4
2022-03-14,3,logistic,0.10153144890165393,106.0
2022-03-14,1,forest_clf,0.3792810579955523,108.0
2022-03-14,2,forest_clf,0.1667232052797567,86.4
2022-03-14,3,forest_clf,0.20173174533700108,106.0
2022-03-14,1,hgb_clf,0.27459145839065113,108.0
2022-03-14,2,hgb_clf,0.16199350112736172,86.4
2022-03-14,3,hgb_clf,0.12491214447550401,106.0
2022-03-15,1,logistic,0.1087152625485427,86.4
2022-03-15,2,logistic,0.09087311827333903,106.0
2022-03-15,3,logistic,0.10367930916617754,119.0
2022-03-15,1,forest_clf,0.42787592217924875,86.4
2022-03-15,2,forest_clf,0.22001378870362553,106.0
2022-03-15,3,forest_clf,0.2415587402673842,119.0
2022-03-15,1,hgb_clf,0.2826686178865697,86.4
2022-03-15,2,hgb_clf,0.20058559511351304,106.0
2022-03-15,3,hgb_clf,0.0871296749731384,119.0
2022-03-16,1,logistic,0.07699053477119641,106.0
2022-03-16,2,logistic,0.053686831823822896,119.0
2022-03-16,3,logistic,0.08588387318789095,92.7
2022-03-16,1,forest_clf,0.1753606797166965,106.0
2022-03-16,2,forest_clf,0.12575456246028419,119.0
2022-03-16,3,forest_clf,0.16994221333208043,92.7
2022-03-16,1,hgb_clf,0.10653820269436645,106.0
2022-03-16,2,hgb_clf,0.10692187691106214,119.0
2022-03-16,3,hgb_clf,0.08600697978467081,92.7
2022-03-17,1,logistic,0.07867834668019616,119.0
2022-03-17,2,logistic,0.07365068849985593,92.7
2022-03-17,3,logistic,0.1013132097812746,83.2
2022-03-17,1,forest_clf,0.4073089222856018,119.0
2022-03-17,2,forest_clf,0.2105473159776564,92.7
2022-03-17,3,forest_clf,0.22191065523591744,83.2
2022-03-17,1,hgb_clf,0.23511068952107717,119.0
2022-03-17,2,hgb_clf,0.14323300131914707,92.7
2022-03-17,3,hgb_clf,0.1267766957061166,83.2
2022-03-18,1,logistic,0.0910124562687797,92.7
2022-03-18,2,logistic,0.08887765012943645,83.2
2022-03-18,3,logistic,0.1114736396716989,117.0
2022-03-18,1,forest_clf,0.4638322641438811,92.7
2022-03-18,2,forest_clf,0.2533758556946266,83.2
2022-03-18,3,forest_clf,0.26064425608994524,117.0
2022-03-18,1,hgb_clf,0.24421885405260849,92.7
2022-03-18,2,hgb_clf,0.17647292307184478,83.2
2022-03-18,3,hgb_clf,0.1321972232348865,117.0
2022-03-19,1,logistic,0.0702039173344889,83.2
2022-03-19,2,logistic,0.0863491147042961,117.0
2022-03-19,3,logistic,0.09938372695819717,71.9
2022-03-19,1,forest_clf,0.22242747907469293,83.2
2022-03-19,2,forest_clf,0.1710953851329128,117.0
2022-03-19,3,forest_clf,0.19299447430237626,71.9
2022-03-19,1,hgb_clf,0.1290075861181886,83.2
2022-03-19,2,hgb_clf,0.1765954370115041,117.0
2022-03-19,3,hgb_clf,0.10369990123192471,71.9
2022-03-20,1,logistic,0.047560133088146786,117.0
2022-03-20,2,logistic,0.06785545768330933,71.9
2022-03-20,3,logistic,0.08845305705872082,
2022-03-20,1,forest_clf,0.17619499794851073,117.0
2022-03-20,2,forest_clf,0.13445108189053448,71.9
2022-03-20,3,forest_clf,0.15396730462143982,
2022-03-20,1,hgb_clf,0.0643152658941336,117.0
2022-03-20,2,hgb_clf,0.11099009972376998,71.9
2022-03-20,3,hgb_clf,0.09421800166148918,
2022-03-21,1,logistic,0.11947393457143744,71.9
2022-03-21,2,logistic,0.09760236701377166,
2022-03-21,3,logistic,0.10980294213392873,
2022-03-21,1,forest_clf,0.4553154543007668,71.9
2022-03-21,2,forest_clf,0.2531931352279984,
2022-03-21,3,forest_clf,0.2553161534400725,
2022-03-21,1,hgb_clf,0.28885204809830045,71.9
2022-03-21,2,hgb_clf,0.21125162750524004,
2022-03-21,3,hgb_clf,0.09282934410544957,
2022-03-22,1,logistic,0.05960643919786161,
2022-03-22,2,logistic,0.03708231949501152,
2022-03-22,3,logistic,0.07045232501228695,76.9
2022-03-22,1,forest_clf,0.1962687579053074,
2022-03-22,2,forest_clf,0.11506097892783602,
2022-03-22,3,forest_clf,0.1391002482200329,76.9
2022-03-22,1,hgb_clf,0.11526158047623716,
2022-03-22,2,hgb_clf,0.19244934508445197,
2022-03-22,3,hgb_clf,0.05845320192265781,76.9
2022-03-23,1,logistic,,
2022-03-23,2,logistic,,76.9
2022-03-23,3,logistic,,85.0
2022-03-23,1,forest_clf,,
2022-03-23,2,forest_clf,,76.9
2022-03-23,3,forest_clf,,85.0
2022-03-23,1,hgb_clf,0.09466784346231748,
2022-03-23,2,hgb_clf,0.14067489230342997,76.9
2022-03-23,3,hgb_clf,0.05635912803316482,85.0
2022-03-24,1,logistic,,76.9
2022-03-24,2,logistic,,85.0
2022-03-24,3,logistic,,71.4
2022-03-24,1,forest_clf,,76.9
2022-03-24,2,forest_clf,,85.0
2022-03-24,3,forest_clf,,71.4
2022-03-24,1,hgb_clf,0.07093129315124702,76.9
2022-03-24,2,hgb_clf,0.2026346400636671,85.0
2022-03-24,3,hgb_clf,0.0913875999034059,71.4
2022-03-25,1,logistic,,85.0
2022-03-25,2,logistic,,71.4
2022-03-25,3,logistic,,
2022-03-25,1,forest_clf,,85.0
2022-03-25,2,forest_clf,,71.4
2022-03-25,3,forest_clf,,
2022-03-25,1,hgb_clf,0.06266445851941062,85.0
2022-03-25,2,hgb_clf,0.21354910122339402,71.4
2022-03-25,3,hgb_clf,0.05691012267126007,
2022-03-26,1,logistic,,71.4
2022-03-26,2,logistic,,
2022-03-26,3,logistic,,72.9
2022-03-26,1,forest_clf,,71.4
2022-03-26,2,forest_clf,,
2022-03-26,3,forest_clf,,72.9
2022-03-26,1,hgb_clf,0.04428067367020948,71.4
2022-03-26,2,hgb_clf,0.20039348508470772,
2022-03-26,3,hgb_clf,0.07716868925883855,72.9
2022-03-27,1,logistic,,
2022-03-27,2,logistic,,72.9
2022-03-27,3,logistic,,91.7
2022-03-27,1,forest_clf,,
2022-03-27,2,forest_clf,,72.9
2022-03-27,3,forest_clf,,91.7
2022-03-27,1,hgb_clf,0.06018071710684678,
2022-03-27,2,hgb_clf,0.18893673859435275,72.9
2022-03-27,3,hgb_clf,0.058561490078504225,91.7
2022-03-28,1,logistic,,72.9
2022-03-28,2,logistic,,91.7
2022-03-28,3,logistic,,121.0
2022-03-28,1,forest_clf,,72.9
2022-03-28,2,forest_clf,,91.7
2022-03-28,3,forest_clf,,121.0
2022-03-28,1,hgb_clf,0.06917691147059714,72.9
2022-03-28,2,hgb_clf,0.22049785354491894,91.7
2022-03-28,3,hgb_clf,0.0605642913974109,121.0
2022-03-29,1,logistic,,91.7
2022-03-29,2,logistic,,121.0
2022-03-29,3,logistic,,72.7
2022-03-29,1,forest_clf,,91.7
2022-03-29,2,forest_clf,,121.0
2022-03-29,3,forest_clf,,72.7
2022-03-29,1,hgb_clf,0.11706497281539237,91.7
2022-03-29,2,hgb_clf,0.13678485381449326,121.0
2022-03-29,3,hgb_clf,0.06562873688020725,72.7
2022-03-30,1,logistic,,121.0
2022-03-30,2,logistic,,72.7
2022-03-30,3,logistic,,95.6
2022-03-30,1,forest_clf,,121.0
2022-03-30,2,forest_clf,,72.7
2022-03-30,3,forest_clf,,95.6
2022-03-30,1,hgb_clf,0.08262619459874734,121.0
2022-03-30,2,hgb_clf,0.15026065094213115,72.7
2022-03-30,3,hgb_clf,0.10189319085511776,95.6
2022-03-31,1,logistic,,72.7
2022-03-31,2,logistic,,95.6
2022-03-31,3,logistic,,86.9
2022-03-31,1,forest_clf,,72.7
2022-03-31,2,forest_clf,,95.6
2022-03-31,3,forest_clf,,86.9
2022-03-31,1,hgb_clf,0.22403382752591502,72.7
2022-03-31,2,hgb_clf,0.1958162063758658,95.6
2022-03-31,3,hgb_clf,0.12700588451996953,86.9
2022-04-01,1,logistic,0.05781501369761587,95.6
2022-04-01,2,logistic,0.023961744483942327,86.9
2022-04-01,3,logistic,0.047183951459486236,96.7
2022-04-01,1,forest_clf,0.16355107303852595,95.6
2022-04-01,2,forest_clf,0.10785015845425536,86.9
2022-04-01,3,forest_clf,0.13577553453176028,96.7
2022-04-01,1,hgb_clf,0.0960277984338557,95.6
2022-04-01,2,hgb_clf,0.14088003366610033,86.9
2022-04-01,3,hgb_clf,0.06430611892550506,96.7
2022-04-02,1,logistic,0.06583336296295508,86.9
2022-04-02,2,logistic,0.07000339386528869,96.7
2022-04-02,3,logistic,0.06824793520056564,101.0
2022-04-02,1,forest_clf,0.1513290524265223,86.9
2022-04-02,2,forest_clf,0.1323910453709289,96.7
2022-04-02,3,forest_clf,0.17385540176594017,101.0
2022-04-02,1,hgb_clf,0.13859682435536178,86.9
2022-04-02,2,hgb_clf,0.16876298868847533,96.7
2022-04-02,3,hgb_clf,0.12013634767193362,101.0
2022-04-03,1,logistic,0.05815265090991259,96.7
2022-04-03,2,logistic,0.056460087156700124,101.0
2022-04-03,3,logistic,0.06849873790074805,101.0
2022-04-03,1,forest_clf,0.14474554807276077,96.7
2022-04-03,2,forest_clf,0.08211554723216043,101.0
2022-04-03,3,forest_clf,0.15458910571442805,101.0
2022-04-03,1,hgb_clf,0.10010526652459303,96.7
2022-04-03,2,hgb_clf,0.09738316200214148,101.0
2022-04-03,3,hgb_clf,0.13700999818999357,101.0
2022-04-04,1,logistic,,101.0
2022-04-04,2,logistic,,101.0
2022-04-04,3,logistic,,118.0
2022-04-04,1,forest_clf,,101.0
2022-04-04,2,forest_clf,,101.0
2022-04-04,3,forest_clf,,118.0
2022-04-04,1,hgb_clf,0.14219808123755592,101.0
2022-04-04,2,hgb_clf,0.12286002511498437,101.0
2022-04-04,3,hgb_clf,0.14383465282806568,118.0
2022-04-05,1,logistic,0.12460227662179592,101.0
2022-04-05,2,logistic,0.09759837373258806,118.0
2022-04-05,3,logistic,0.10914946096224779,83.0
2022-04-05,1,forest_clf,0.40196232661065145,101.0
2022-04-05,2,forest_clf,0.16025306464241545,118.0
2022-04-05,3,forest_clf,0.21767741104353097,83.0
2022-04-05,1,hgb_clf,0.19190394562690063,101.0
2022-04-05,2,hgb_clf,0.1413888410994248,118.0
2022-04-05,3,hgb_clf,0.11302607257456565,83.0
2022-04-06,1,logistic,0.13771976396958932,118.0
2022-04-06,2,logistic,0.10309703929683298,83.0
2022-04-06,3,logistic,0.11132763525799003,82.8
2022-04-06,1,forest_clf,0.4041028569460716,118.0
2022-04-06,2,forest_clf,0.19368021943367142,83.0
2022-04-06,3,forest_clf,0.21974606702310506,82.8
2022-04-06,1,hgb_clf,0.2641611335508661,118.0
2022-04-06,2,hgb_clf,0.1849692344945493,83.0
2022-04-06,3,hgb_clf,0.11779628960462239,82.8
2022-04-07,1,logistic,0.1508516434568896,83.0
2022-04-07,2,logistic,0.14994435546670437,82.8
2022-04-07,3,logistic,0.13085565128033502,94.7
2022-04-07,1,forest_clf,0.4655515020996943,83.0
2022-04-07,2,forest_clf,0.26111354432813305,82.8
2022-04-07,3,forest_clf,0.2579213956500903,94.7
2022-04-07,1,hgb_clf,0.19682567625214517,83.0
2022-04-07,2,hgb_clf,0.235826833334963,82.8
2022-04-07,3,hgb_clf,0.11086835832882386,94.7
2022-04-08,1,logistic,0.07114538166482783,82.8
2022-04-08,2,logistic,0.05145507027049983,94.7
2022-04-08,3,logistic,0.08468055559362765,94.4
2022-04-08,1,forest_clf,0.1953937460885076,82.8
2022-04-08,2,forest_clf,0.16228034767447153,94.7
2022-04-08,3,forest_clf,0.16766249281991763,94.4
2022-04-08,1,hgb_clf,0.06262833502183218,82.8
2022-04-08,2,hgb_clf,0.1411160426256549,94.7
2022-04-08,3,hgb_clf,0.07134505169357226,94.4
2022-04-09,1,logistic,0.06157695985105718,94.7
2022-04-09,2,logistic,0.08054613414018699,94.4
2022-04-09,3,logistic,0.0900386718236704,75.2
2022-04-09,1,forest_clf,0.1305129714128766,94.7
2022-04-09,2,forest_clf,0.13521512834459018,94.4
2022-04-09,3,forest_clf,0.1618130847914434,75.2
2022-04-09,1,hgb_clf,0.057521407726571966,94.7
2022-04-09,2,hgb_clf,0.14907848989714909,94.4
2022-04-09,3,hgb_clf,0.07194606007594453,75.2
2022-04-10,1,logistic,0.07534198935270438,94.4
2022-04-10,2,logistic,0.11686338677476753,75.2
2022-04-10,3,logistic,0.11484474775810745,92.8
2022-04-10,1,forest_clf,0.1441100469120695,94.4
2022-04-10,2,forest_clf,0.12181443433526642,75.2
2022-04-10,3,forest_clf,0.1970006173812152,92.8
2022-04-10,1,hgb_clf,0.10103058773482022,94.4
2022-04-10,2,hgb_clf,0.1588365467155525,75.2
2022-04-10,3,hgb_clf,0.09131416146251244,92.8
2022-04-11,1,logistic,0.13509676080844774,75.2
2022-04-11,2,logistic,0.0915268204563908,92.8
2022-04-11,3,logistic,0.10415227450909192,71.3
2022-04-11,1,forest_clf,0.19171706713863643,75.2
2022-04-11,2,forest_clf,0.1401258363650475,92.8
2022-04-11,3,forest_clf,0.19916716929168451,71.3
2022-04-11,1,hgb_clf,0.12667985430473,75.2
2022-04-11,2,hgb_clf,0.20166829512977566,92.8
2022-04-11,3,hgb_clf,0.0934606430147227,71.3
2022-04-12,1,logistic,0.09440193818877922,92.8
2022-04-12,2,logistic,0.04990169151676273,71.3
2022-04-12,3,logistic,0.07819272727255713,62.1
2022-04-12,1,forest_clf,0.148577504314064,92.8
2022-04-12,2,forest_clf,0.12314557128564452,71.3
2022-04-12,3,forest_clf,0.16187286369766749,62.1
2022-04-12,1,hgb_clf,0.06842016263345427,92.8
2022-04-12,2,hgb_clf,0.19817921798215868,71.3
2022-04-12,3,hgb_clf,0.07549660613620543,62.1
2022-04-13,1,logistic,0.1065028834491291,71.3
2022-04-13,2,logistic,0.08547309060342385,62.1
2022-04-13,3,logistic,0.10078828481847725,84.8
2022-04-13,1,forest_clf,0.1401233605406012,71.3
2022-04-13,2,forest_clf,0.144055130976606,62.1
2022-04-13,3,forest_clf,0.1879007590064481,84.8
2022-04-13,1,hgb_clf,0.14292987661392512,71.3
2022-04-13,2,hgb_clf,0.22078038315784468,62.1
2022-04-13,3,hgb_clf,0.17565980513896257,84.8
2022-04-14,1,logistic,0.08048346831447828,62.1
2022-04-14,2,logistic,0.044557966691870086,84.8
2022-04-14,3,logistic,0.07446073908940921,95.3
2022-04-14,1,forest_clf,0.12444855305346719,62.1
2022-04-14,2,forest_clf,0.12341259800950413,84.8
2022-04-14,3,forest_clf,0.11935989134006383,95.3
2022-04-14,1,hgb_clf,0.06548400320441962,62.1
2022-04-14,2,hgb_clf,0.26453615704341904,84.8
2022-04-14,3,hgb_clf,0.14857758149738365,95.3
2022-04-15,1,logistic,0.05941329976263498,84.8
2022-04-15,2,logistic,0.03187231564672964,95.3
2022-04-15,3,logistic,0.06411617595165232,91.5
2022-04-15,1,forest_clf,0.05533030069855219,84.8
2022-04-15,2,forest_clf,0.06700244440477068,95.3
2022-04-15,3,forest_clf,0.1033922900602732,91.5
2022-04-15,1,hgb_clf,0.04994029926559918,84.8
2022-04-15,2,hgb_clf,0.15371052188286524,95.3
2022-04-15,3,hgb_clf,0.15477753103442513,91.5
2022-04-16,1,logistic,0.07344317552120003,95.3
2022-04-16,2,logistic,0.10086964068119642,91.5
2022-04-16,3,logistic,0.10084086795993803,111.0
2022-04-16,1,forest_clf,0.06056898797984317,95.3
2022-04-16,2,forest_clf,0.09685258071501797,91.5
2022-04-16,3,forest_clf,0.1223244570011297,111.0
2022-04-16,1,hgb_clf,0.05524645103268493,95.3
2022-04-16,2,hgb_clf,0.16804015019527166,91.5
2022-04-16,3,hgb_clf,0.16306757563783078,111.0
2022-04-17,1,logistic,0.07527910006397416,91.5
2022-04-17,2,logistic,0.13348434325665662,111.0
2022-04-17,3,logistic,0.11395117206437476,95.5
2022-04-17,1,forest_clf,0.11336837518775361,91.5
2022-04-17,2,forest_clf,0.13659488151010588,111.0
2022-04-17,3,forest_clf,0.1529419597887039,95.5
2022-04-17,1,hgb_clf,0.1217219394173654,91.5
2022-04-17,2,hgb_clf,0.2765319512953818,111.0
2022-04-17,3,hgb_clf,0.1464048048732829,95.5
2022-04-18,1,logistic,0.1671882806701611,111.0
2022-04-18,2,logistic,0.10430420517826232,95.5
2022-04-18,3,logistic,0.10502606381022819,86.3
2022-04-18,1,forest_clf,0.17564202612897126,111.0
2022-04-18,2,forest_clf,0.1408081832890277,95.5
2022-04-18,3,forest_clf,0.1644260385275314,86.3
2022-04-18,1,hgb_clf,0.17959713630500265,111.0
2022-04-18,2,hgb_clf,0.2692858856345921,95.5
2022-04-18,3,hgb_clf,0.16187769058940396,86.3
2022-04-19,1,logistic,0.19205201948424688,95.5
2022-04-19,2,logistic,0.16669042905013368,86.3
2022-04-19,3,logistic,0.1358415801054021,60.1
2022-04-19,1,forest_clf,0.45103061741948436,95.5
2022-04-19,2,forest_clf,0.29305893346254613,86.3
2022-04-19,3,forest_clf,0.2576065575618209,60.1
2022-04-19,1,hgb_clf,0.21525548223806357,95.5
2022-04-19,2,hgb_clf,0.28594751360558784,86.3
2022-04-19,3,hgb_clf,0.23227700383037114,60.1
2022-04-20,1,logistic,0.15437745519447613,86.3
2022-04-20,2,logistic,0.11219597174145363,60.1
2022-04-20,3,logistic,0.11333098527292651,102.0
2022-04-20,1,forest_clf,0.21526582996710897,86.3
2022-04-20,2,forest_clf,0.2241955430045917,60.1
2022-04-20,3,forest_clf,0.21096256412686132,102.0
2022-04-20,1,hgb_clf,0.17942730714690083,86.3
2022-04-20,2,hgb_clf,0.3026764156294666,60.1
2022-04-20,3,hgb_clf,0.18924205342384642,102.0
2022-04-21,1,logistic,0.12261937450196361,60.1
2022-04-21,2,logistic,0.07984932569154779,102.0
2022-04-21,3,logistic,0.09730372162636712,128.0
2022-04-21,1,forest_clf,0.17823183312114982,60.1
2022-04-21,2,forest_clf,0.1892263445175365,102.0
2022-04-21,3,forest_clf,0.1926994787761752,128.0
2022-04-21,1,hgb_clf,0.06683272296941048,60.1
2022-04-21,2,hgb_clf,0.1573627452791679,102.0
2022-04-21,3,hgb_clf,0.1297493909871802,128.0
2022-04-22,1,logistic,0.05782758194192684,102.0
2022-04-22,2,logistic,0.031296372919804145,128.0
2022-04-22,3,logistic,0.06563335453047561,93.6
2022-04-22,1,forest_clf,0.06557304397711801,102.0
2022-04-22,2,forest_clf,0.09499752959308604,128.0
2022-04-22,3,forest_clf,0.1400718673573281,93.6
2022-04-22,1,hgb_clf,0.044960701428012284,102.0
2022-04-22,2,hgb_clf,0.13713368241932608,128.0
2022-04-22,3,hgb_clf,0.16745908528066714,93.6
2022-04-23,1,logistic,0.08786670389912632,128.0
2022-04-23,2,logistic,0.1723907797830863,93.6
2022-04-23,3,logistic,0.1273612992164331,94.8
2022-04-23,1,forest_clf,0.3829335920339625,128.0
2022-04-23,2,forest_clf,0.23095579330210841,93.6
2022-04-23,3,forest_clf,0.2135539675871447,94.8
2022-04-23,1,hgb_clf,0.1894940525166876,128.0
2022-04-23,2,hgb_clf,0.3352920890758787,93.6
2022-04-23,3,hgb_clf,0.23800301389048883,94.8
2022-04-24,1,logistic,0.1274147494143001,93.6
2022-04-24,2,logistic,0.5132664614257363,94.8
2022-04-24,3,logistic,0.36683382144452525,
2022-04-24,1,forest_clf,0.5246117895365414,93.6
2022-04-24,2,forest_clf,0.3558385592241724,94.8
2022-04-24,3,forest_clf,0.27560654096559434,
2022-04-24,1,hgb_clf,0.25885873400804155,93.6
2022-04-24,2,hgb_clf,0.40990736052756294,94.8
2022-04-24,3,hgb_clf,0.1844527010524487,
2022-04-25,1,logistic,0.22459437199630933,94.8
2022-04-25,2,logistic,0.24383835930166997,
2022-04-25,3,logistic,0.2554852112405133,161.0
2022-04-25,1,forest_clf,0.23211428242597495,94.8
2022-04-25,2,forest_clf,0.24299863175444575,
2022-04-25,3,forest_clf,0.22253140142952205,161.0
2022-04-25,1,hgb_clf,0.13284407146417965,94.8
2022-04-25,2,hgb_clf,0.2927295175587003,
2022-04-25,3,hgb_clf,0.17112465657889345,161.0
2022-04-26,1,logistic,0.19217208647614753,
2022-04-26,2,logistic,0.24853504165944915,161.0
2022-04-26,3,logistic,0.2550613448137022,121.0
2022-04-26,1,forest_clf,0.23692031122622115,
2022-04-26,2,forest_clf,0.25181887436011585,161.0
2022-04-26,3,forest_clf,0.22682296265069635,121.0
2022-04-26,1,hgb_clf,0.12665442107895378,
2022-04-26,2,hgb_clf,0.29104428968083235,161.0
2022-04-26,3,hgb_clf,0.19391475240978642,121.0
2022-04-27,1,logistic,,161.0
2022-04-27,2,logistic,,121.0
2022-04-27,3,logistic,,105.0
2022-04-27,1,forest_clf,,161.0
2022-04-27,2,forest_clf,,121.0
2022-04-27,3,forest_clf,,105.0
2022-04-27,1,hgb_clf,0.055974319922769494,161.0
2022-04-27,2,hgb_clf,0.17641022565782533,121.0
2022-04-27,3,hgb_clf,0.21240997607828743,105.0
2022-04-28,1,logistic,,121.0
2022-04-28,2,logistic,,105.0
2022-04-28,3,logistic,,73.0
2022-04-28,1,forest_clf,,121.0
2022-04-28,2,forest_clf,,105.0
2022-04-28,3,forest_clf,,73.0
2022-04-28,1,hgb_clf,0.36462159005336675,121.0
2022-04-28,2,hgb_clf,0.3958951883068372,105.0
2022-04-28,3,hgb_clf,0.29544892652157445,73.0
2022-04-29,1,logistic,,105.0
2022-04-29,2,logistic,,73.0
2022-04-29,3,logistic,,66.1
2022-04-29,1,forest_clf,,105.0
2022-04-29,2,forest_clf,,73.0
2022-04-29,3,forest_clf,,66.1
2022-04-29,1,hgb_clf,0.3535463298277244,105.0
2022-04-29,2,hgb_clf,0.33375654166900887,73.0
2022-04-29,3,hgb_clf,0.3159862084577701,66.1
2022-04-30,1,logistic,,73.0
2022-04-30,2,logistic,,66.1
2022-04-30,3,logistic,,88.3
2022-04-30,1,forest_clf,,73.0
2022-04-30,2,forest_clf,,66.1
2022-04-30,3,forest_clf,,88.3
2022-04-30,1,hgb_clf,0.23660449716851484,73.0
2022-04-30,2,hgb_clf,0.24376337900006786,66.1
2022-04-30,3,hgb_clf,0.200086066725934,88.3
2022-05-01,1,logistic,0.08636680267771397,66.1
2022-05-01,2,logistic,0.19555100457123903,88.3
2022-05-01,3,logistic,0.13299429239273863,71.7
2022-05-01,1,forest_clf,0.19919641182125328,66.1
2022-05-01,2,forest_clf,0.299021303151642,88.3
2022-05-01,3,forest_clf,0.2572464447002309,71.7
2022-05-01,1,hgb_clf,0.07546621115894271,66.1
2022-05-01,2,hgb_clf,0.14638506378545313,88.3
2022-05-01,3,hgb_clf,0.20392853234604022,71.7
2022-05-02,1,logistic,0.1269354895784549,88.3
2022-05-02,2,logistic,0.14112993718013248,71.7
2022-05-02,3,logistic,0.11392698085571333,63.6
2022-05-02,1,forest_clf,0.12284631570067323,88.3
2022-05-02,2,forest_clf,0.19199499106192863,71.7
2022-05-02,3,forest_clf,0.14966644885990898,63.6
2022-05-02,1,hgb_clf,0.029024847803037906,88.3
2022-05-02,2,hgb_clf,0.1669611555018091,71.7
2022-05-02,3,hgb_clf,0.31676388041660514,63.6
2022-05-03,1,logistic,0.1872658780121503,71.7
2022-05-03,2,logistic,0.1867422420032195,63.6
2022-05-03,3,logistic,0.16568881521193116,109.0
2022-05-03,1,forest_clf,0.10073554691495085,71.7
2022-05-03,2,forest_clf,0.186260928601247,63.6
2022-05-03,3,forest_clf,0.16153703769162764,109.0
2022-05-03,1,hgb_clf,0.03760994035373688,71.7
2022-05-03,2,hgb_clf,0.22613938082906476,63.6
2022-05-03,3,hgb_clf,0.34018259730483913,109.0
2022-05-04,1,logistic,,63.6
2022-05-04,2,logistic,,109.0
2022-05-04,3,logistic,,67.8
2022-05-04,1,forest_clf,,63.6
2022-05-04,2,forest_clf,,109.0
2022-05-04,3,forest_clf,,67.8
2022-05-04,1,hgb_clf,0.10323709237816964,63.6
2022-05-04,2,hgb_clf,0.2236342930620916,109.0
2022-05-04,3,hgb_clf,0.26824295454587826,67.8
2022-05-05,1,logistic,0.09698959752810567,109.0
2022-05-05,2,logistic,0.17989440682727376,67.8
2022-05-05,3,logistic,0.12840475980675112,76.8
2022-05-05,1,forest_clf,0.0573865999535727,109.0
2022-05-05,2,forest_clf,0.19375430849251113,67.8
2022-05-05,3,forest_clf,0.14363286687257829,76.8
2022-05-05,1,hgb_clf,0.029812770135872867,109.0
2022-05-05,2,hgb_clf,0.261904903452136,67.8
2022-05-05,3,hgb_clf,0.26357662590121894,76.8
2022-05-06,1,logistic,0.16110544744018632,67.8
2022-05-06,2,logistic,0.2709865158582748,76.8
2022-05-06,3,logistic,0.22672981625991498,61.9
2022-05-06,1,forest_clf,0.4287537878033217,67.8
2022-05-06,2,forest_clf,0.26114714653977267,76.8
2022-05-06,3,forest_clf,0.18646830164872225,61.9
2022-05-06,1,hgb_clf,0.6430398220864022,67.8
2022-05-06,2,hgb_clf,0.30602059050428326,76.8
2022-05-06,3,hgb_clf,0.3487274178376636,61.9
2022-05-07,1,logistic,0.08063846058753855,76.8
2022-05-07,2,logistic,0.19941257151515768,61.9
2022-05-07,3,logistic,0.14423681433597407,63.9
2022-05-07,1,forest_clf,0.15684078907966126,76.8
2022-05-07,2,forest_clf,0.22700242918008873,61.9
2022-05-07,3,forest_clf,0.12035666757357374,63.9
2022-05-07,1,hgb_clf,0.09017536091329645,76.8
2022-05-07,2,hgb_clf,0.2816009005982813,61.9
2022-05-07,3,hgb_clf,0.20193116028710426,63.9
2022-05-08,1,logistic,0.09136316525290064,61.9
2022-05-08,2,logistic,0.21662948973375978,63.9
2022-05-08,3,logistic,0.16098783528139815,
2022-05-08,1,forest_clf,0.10096193968171878,61.9
2022-05-08,2,forest_clf,0.17510105080335114,63.9
2022-05-08,3,forest_clf,0.1312877351729173,
2022-05-08,1,hgb_clf,0.13231466221374044,61.9
2022-05-08,2,hgb_clf,0.15935792963445577,63.9
2022-05-08,3,hgb_clf,0.21315868282653405,
2022-05-09,1,logistic,0.11303555608316898,63.9
2022-05-09,2,logistic,0.1547902456715788,
2022-05-09,3,logistic,0.14281312988487585,
2022-05-09,1,forest_clf,0.04545798805780404,63.9
2022-05-09,2,forest_clf,0.16054590817861938,
2022-05-09,3,forest_clf,0.15028447668975203,
2022-05-09,1,hgb_clf,0.05127152242980903,63.9
2022-05-09,2,hgb_clf,0.21311131559086005,
2022-05-09,3,hgb_clf,0.3453521159886992,
2022-05-10,1,logistic,,
2022-05-10,2,logistic,,
2022-05-10,3,logistic,,
2022-05-10,1,forest_clf,,
2022-05-10,2,forest_clf,,
2022-05-10,3,forest_clf,,
2022-05-10,1,hgb_clf,,
2022-05-10,2,hgb_clf,,
2022-05-10,3,hgb_clf,,
2022-05-11,1,logistic,,
2022-05-11,2,logistic,,
2022-05-11,3,logistic,,
2022-05-11,1,forest_clf,,
2022-05-11,2,forest_clf,,
2022-05-11,3,forest_clf,,
2022-05-11,1,hgb_clf,,
2022-05-11,2,hgb_clf,,
2022-05-11,3,hgb_clf,,
2022-05-12,1,logistic,,
2022-05-12,2,logistic,,
2022-05-12,3,logistic,,
2022-05-12,1,forest_clf,,
2022-05-12,2,forest_clf,,
2022-05-12,3,forest_clf,,
2022-05-12,1,hgb_clf,,
2022-05-12,2,hgb_clf,,
2022-05-12,3,hgb_clf,,
2022-05-13,1,logistic,,
2022-05-13,2,logistic,,
2022-05-13,3,logistic,,
2022-05-13,1,forest_clf,,
2022-05-13,2,forest_clf,,
2022-05-13,3,forest_clf,,
2022-05-13,1,hgb_clf,,
2022-05-13,2,hgb_clf,,
2022-05-13,3,hgb_clf,,
2022-05-14,1,logistic,,
2022-05-14,2,logistic,,
2022-05-14,3,logistic,,
2022-05-14,1,forest_clf,,
2022-05-14,2,forest_clf,,
2022-05-14,3,forest_clf,,
2022-05-14,1,hgb_clf,,
2022-05-14,2,hgb_clf,,
2022-05-14,3,hgb_clf,,
2022-05-15,1,logistic,,
2022-05-15,2,logistic,,
2022-05-15,3,logistic,,
2022-05-15,1,forest_clf,,
2022-05-15,2,forest_clf,,
2022-05-15,3,forest_clf,,
2022-05-15,1,hgb_clf,,
2022-05-15,2,hgb_clf,,
2022-05-15,3,hgb_clf,,
2022-05-16,1,logistic,,
2022-05-16,2,logistic,,
2022-05-16,3,logistic,,
2022-05-16,1,forest_clf,,
2022-05-16,2,forest_clf,,
2022-05-16,3,forest_clf,,
2022-05-16,1,hgb_clf,,
2022-05-16,2,hgb_clf,,
2022-05-16,3,hgb_clf,,
2022-05-17,1,logistic,,
2022-05-17,2,logistic,,
2022-05-17,3,logistic,,
2022-05-17,1,forest_clf,,
2022-05-17,2,forest_clf,,
2022-05-17,3,forest_clf,,
2022-05-17,1,hgb_clf,,
2022-05-17,2,hgb_clf,,
2022-05-17,3,hgb_clf,,
2022-05-18,1,logistic,,
2022-05-18,2,logistic,,
2022-05-18,3,logistic,,
2022-05-18,1,forest_clf,,
2022-05-18,2,forest_clf,,
2022-05-18,3,forest_clf,,
2022-05-18,1,hgb_clf,,
2022-05-18,2,hgb_clf,,
2022-05-18,3,hgb_clf,,
2022-05-19,1,logistic,,
2022-05-19,2,logistic,,
2022-05-19,3,logistic,,
2022-05-19,1,forest_clf,,
2022-05-19,2,forest_clf,,
2022-05-19,3,forest_clf,,
2022-05-19,1,hgb_clf,,
2022-05-19,2,hgb_clf,,
2022-05-19,3,hgb_clf,,
2022-05-20,1,logistic,,
2022-05-20,2,logistic,,
2022-05-20,3,logistic,,
2022-05-20,1,forest_clf,,
2022-05-20,2,forest_clf,,
2022-05-20,3,forest_clf,,
2022-05-20,1,hgb_clf,,
2022-05-20,2,hgb_clf,,
2022-05-20,3,hgb_clf,,
2022-05-21,1,logistic,,
2022-05-21,2,logistic,,
2022-05-21,3,logistic,,
2022-05-21,1,forest_clf,,
2022-05-21,2,forest_clf,,
2022-05-21,3,forest_clf,,
2022-05-21,1,hgb_clf,,
2022-05-21,2,hgb_clf,,
2022-05-21,3,hgb_clf,,
2022-05-22,1,logistic,,
2022-05-22,2,logistic,,
2022-05-22,3,logistic,,
2022-05-22,1,forest_clf,,
2022-05-22,2,forest_clf,,
2022-05-22,3,forest_clf,,
2022-05-22,1,hgb_clf,,
2022-05-22,2,hgb_clf,,
2022-05-22,3,hgb_clf,,
2022-05-23,1,logistic,,
2022-05-23,2,logistic,,
2022-05-23,3,logistic,,
2022-05-23,1,forest_clf,,
2022-05-23,2,forest_clf,,
2022-05-23,3,forest_clf,,
2022-05-23,1,hgb_clf,,
2022-05-23,2,hgb_clf,,
2022-05-23,3,hgb_clf,,
2022-05-24,1,logistic,,
2022-05-24,2,logistic,,
2022-05-24,3,logistic,,
2022-05-24,1,forest_clf,,
2022-05-24,2,forest_clf,,
2022-05-24,3,forest_clf,,
2022-05-24,1,hgb_clf,,
2022-05-24,2,hgb_clf,,
2022-05-24,3,hgb_clf,,
2022-05-25,1,logistic,,
2022-05-25,2,logistic,,
2022-05-25,3,logistic,,
2022-05-25,1,forest_clf,,
2022-05-25,2,forest_clf,,
2022-05-25,3,forest_clf,,
2022-05-25,1,hgb_clf,,
2022-05-25,2,hgb_clf,,
2022-05-25,3,hgb_clf,,
2022-05-26,1,logistic,,
2022-05-26,2,logistic,,
2022-05-26,3,logistic,,
2022-05-26,1,forest_clf,,
2022-05-26,2,forest_clf,,
2022-05-26,3,forest_clf,,
2022-05-26,1,hgb_clf,,
2022-05-26,2,hgb_clf,,
2022-05-26,3,hgb_clf,,
2022-05-27,1,logistic,,
2022-05-27,2,logistic,,
2022-05-27,3,logistic,,
2022-05-27,1,forest_clf,,
2022-05-27,2,forest_clf,,
2022-05-27,3,forest_clf,,
2022-05-27,1,hgb_clf,,
2022-05-27,2,hgb_clf,,
2022-05-27,3,hgb_clf,,
2022-05-28,1,logistic,,
2022-05-28,2,logistic,,
2022-05-28,3,logistic,,
2022-05-28,1,forest_clf,,
2022-05-28,2,forest_clf,,
2022-05-28,3,forest_clf,,
2022-05-28,1,hgb_clf,,
2022-05-28,2,hgb_clf,,
2022-05-28,3,hgb_clf,,
2022-05-29,1,logistic,,
2022-05-29,2,logistic,,
2022-05-29,3,logistic,,
2022-05-29,1,forest_clf,,
2022-05-29,2,forest_clf,,
2022-05-29,3,forest_clf,,
2022-05-29,1,hgb_clf,,
2022-05-29,2,hgb_clf,,
2022-05-29,3,hgb_clf,,
2022-05-30,1,logistic,,
2022-05-30,2,logistic,,
2022-05-30,3,logistic,,
2022-05-30,1,forest_clf,,
2022-05-30,2,forest_clf,,
2022-05-30,3,forest_clf,,
2022-05-30,1,hgb_clf,,
2022-05-30,2,hgb_clf,,
2022-05-30,3,hgb_clf,,
2022-05-31,1,logistic,,
2022-05-31,2,logistic,,
2022-05-31,3,logistic,,
2022-05-31,1,forest_clf,,
2022-05-31,2,forest_clf,,
2022-05-31,3,forest_clf,,
2022-05-31,1,hgb_clf,,
2022-05-31,2,hgb_clf,,
2022-05-31,3,hgb_clf,,
2022-06-01,1,logistic,,
2022-06-01,2,logistic,,
2022-06-01,3,logistic,,42.2
2022-06-01,1,forest_clf,,
2022-06-01,2,forest_clf,,
2022-06-01,3,forest_clf,,42.2
2022-06-01,1,hgb_clf,0.08480230994874752,
2022-06-01,2,hgb_clf,0.12760253439178634,
2022-06-01,3,hgb_clf,0.11199350495050692,42.2
2022-06-02,1,logistic,,
2022-06-02,2,logistic,,42.2
2022-06-02,3,logistic,,86.0
2022-06-02,1,forest_clf,,
2022-06-02,2,forest_clf,,42.2
2022-06-02,3,forest_clf,,86.0
2022-06-02,1,hgb_clf,0.0554212528274651,
2022-06-02,2,hgb_clf,0.12760253439178634,42.2
2022-06-02,3,hgb_clf,0.11199350495050692,86.0
2022-06-03,1,logistic,,42.2
2022-06-03,2,logistic,,86.0
2022-06-03,3,logistic,,
2022-06-03,1,forest_clf,,42.2
2022-06-03,2,forest_clf,,86.0
2022-06-03,3,forest_clf,,
2022-06-03,1,hgb_clf,0.049177967641837725,42.2
2022-06-03,2,hgb_clf,0.12760253439178634,86.0
2022-06-03,3,hgb_clf,0.11199350495050692,
2022-06-04,1,logistic,,86.0
2022-06-04,2,logistic,,
2022-06-04,3,logistic,,
2022-06-04,1,forest_clf,,86.0
2022-06-04,2,forest_clf,,
2022-06-04,3,forest_clf,,
2022-06-04,1,hgb_clf,0.022919541789904192,86.0
2022-06-04,2,hgb_clf,0.07125833643262597,
2022-06-04,3,hgb_clf,0.10739510268064349,
2022-06-05,1,logistic,,
2022-06-05,2,logistic,,
2022-06-05,3,logistic,,52.0
2022-06-05,1,forest_clf,,
2022-06-05,2,forest_clf,,
2022-06-05,3,forest_clf,,52.0
2022-06-05,1,hgb_clf,0.013301107723406806,
2022-06-05,2,hgb_clf,0.1274312796566441,
2022-06-05,3,hgb_clf,0.07456822407101878,52.0
2022-06-06,1,logistic,,
2022-06-06,2,logistic,,52.0
2022-06-06,3,logistic,,65.3
2022-06-06,1,forest_clf,,
2022-06-06,2,forest_clf,,52.0
2022-06-06,3,forest_clf,,65.3
2022-06-06,1,hgb_clf,0.05726932690072829,
2022-06-06,2,hgb_clf,0.1318900322579594,52.0
2022-06-06,3,hgb_clf,0.06406418676337063,65.3
2022-06-07,1,logistic,,52.0
2022-06-07,2,logistic,,65.3
2022-06-07,3,logistic,,78.8
2022-06-07,1,forest_clf,,52.0
2022-06-07,2,forest_clf,,65.3
2022-06-07,3,forest_clf,,78.8
2022-06-07,1,hgb_clf,0.05384393328246921,52.0
2022-06-07,2,hgb_clf,0.092135241442587,65.3
2022-06-07,3,hgb_clf,0.08946651145004418,78.8
2022-06-08,1,logistic,,65.3
2022-06-08,2,logistic,,78.8
2022-06-08,3,logistic,,64.1
2022-06-08,1,forest_clf,,65.3
2022-06-08,2,forest_clf,,78.8
2022-06-08,3,forest_clf,,64.1
2022-06-08,1,hgb_clf,0.02604404321950185,65.3
2022-06-08,2,hgb_clf,0.05725214331534421,78.8
2022-06-08,3,hgb_clf,0.10642304703197146,64.1
2022-06-09,1,logistic,,78.8
2022-06-09,2,logistic,,64.1
2022-06-09,3,logistic,,70.0
2022-06-09,1,forest_clf,,78.8
2022-06-09,2,forest_clf,,64.1
2022-06-09,3,forest_clf,,70.0
2022-06-09,1,hgb_clf,0.017121869389739405,78.8
2022-06-09,2,hgb_clf,0.09268877361368617,64.1
2022-06-09,3,hgb_clf,0.09992693274999606,70.0
2022-06-10,1,logistic,,64.1
2022-06-10,2,logistic,,70.0
2022-06-10,3,logistic,,46.0
2022-06-10,1,forest_clf,,64.1
2022-06-10,2,forest_clf,,70.0
2022-06-10,3,forest_clf,,46.0
2022-06-10,1,hgb_clf,0.025221545500553836,64.1
2022-06-10,2,hgb_clf,0.09247748692107254,70.0
2022-06-10,3,hgb_clf,0.05057798017330089,46.0
2022-06-11,1,logistic,,70.0
2022-06-11,2,logistic,,46.0
2022-06-11,3,logistic,,53.4
2022-06-11,1,forest_clf,,70.0
2022-06-11,2,forest_clf,,46.0
2022-06-11,3,forest_clf,,53.4
2022-06-11,1,hgb_clf,0.042616482696931295,70.0
2022-06-11,2,hgb_clf,0.06153835969655173,46.0
2022-06-11,3,hgb_clf,0.0890515543731046,53.4
2022-06-12,1,logistic,,46.0
2022-06-12,2,logistic,,53.4
2022-06-12,3,logistic,,27.8
2022-06-12,1,forest_clf,,46.0
2022-06-12,2,forest_clf,,53.4
2022-06-12,3,forest_clf,,27.8
2022-06-12,1,hgb_clf,0.25505566496760157,46.0
2022-06-12,2,hgb_clf,0.21767594403295018,53.4
2022-06-12,3,hgb_clf,0.1368620172521151,27.8
2022-06-13,1,logistic,,53.4
2022-06-13,2,logistic,,27.8
2022-06-13,3,logistic,,27.3
2022-06-13,1,forest_clf,,53.4
2022-06-13,2,forest_clf,,27.8
2022-06-13,3,forest_clf,,27.3
2022-06-13,1,hgb_clf,0.10557342335003503,53.4
2022-06-13,2,hgb_clf,0.12836344577802478,27.8
2022-06-13,3,hgb_clf,0.13612407006018973,27.3
2022-06-14,1,logistic,,27.8
2022-06-14,2,logistic,,27.3
2022-06-14,3,logistic,,23.5
2022-06-14,1,forest_clf,,27.8
2022-06-14,2,forest_clf,,27.3
2022-06-14,3,forest_clf,,23.5
2022-06-14,1,hgb_clf,0.04878064268683457,27.8
2022-06-14,2,hgb_clf,0.16166833672998834,27.3
2022-06-14,3,hgb_clf,0.08637733634979641,23.5
2022-06-15,1,logistic,,27.3
2022-06-15,2,logistic,,23.5
2022-06-15,3,logistic,,27.9
2022-06-15,1,forest_clf,,27.3
2022-06-15,2,forest_clf,,23.5
2022-06-15,3,forest_clf,,27.9
2022-06-15,1,hgb_clf,0.02764828556450425,27.3
2022-06-15,2,hgb_clf,0.06650185302669537,23.5
2022-06-15,3,hgb_clf,0.036259592569631335,27.9
2022-06-16,1,logistic,,23.5
2022-06-16,2,logistic,,27.9
2022-06-16,3,logistic,,31.5
2022-06-16,1,forest_clf,,23.5
2022-06-16,2,forest_clf,,27.9
2022-06-16,3,forest_clf,,31.5
2022-06-16,1,hgb_clf,0.010248442750658572,23.5
2022-06-16,2,hgb_clf,0.0401519332514673,27.9
2022-06-16,3,hgb_clf,0.019033509248929766,31.5
2022-06-17,1,logistic,,27.9
2022-06-17,2,logistic,,31.5
2022-06-17,3,logistic,,35.2
2022-06-17,1,forest_clf,,27.9
2022-06-17,2,forest_clf,,31.5
2022-06-17,3,forest_clf,,35.2
2022-06-17,1,hgb_clf,0.04501785537617355,27.9
2022-06-17,2,hgb_clf,0.013626271508956735,31.5
2022-06-17,3,hgb_clf,0.019537898181519242,35.2
2022-06-18,1,logistic,,31.5
2022-06-18,2,logistic,,35.2
2022-06-18,3,logistic,,35.2
2022-06-18,1,forest_clf,,31.5
2022-06-18,2,forest_clf,,35.2
2022-06-18,3,forest_clf,,35.2
2022-06-18,1,hgb_clf,0.0241665449379457,31.5
2022-06-18,2,hgb_clf,0.014687462217131107,35.2
2022-06-18,3,hgb_clf,0.01896978064493215,35.2
2022-06-19,1,logistic,,35.2
2022-06-19,2,logistic,,35.2
2022-06-19,3,logistic,,45.5
2022-06-19,1,forest_clf,,35.2
2022-06-19,2,forest_clf,,35.2
2022-06-19,3,forest_clf,,45.5
2022-06-19,1,hgb_clf,0.0028705415087911437,35.2
2022-06-19,2,hgb_clf,0.012595667788143009,35.2
2022-06-19,3,hgb_clf,0.013591184828159464,45.5
2022-06-20,1,logistic,0.0300512922873802,35.2
2022-06-20,2,logistic,0.032569552159428014,45.5
2022-06-20,3,logistic,0.018886381916684097,51.3
2022-06-20,1,forest_clf,0.0,35.2
2022-06-20,2,forest_clf,0.0009530905145804782,45.5
2022-06-20,3,forest_clf,0.0,51.3
2022-06-20,1,hgb_clf,0.003795558442226199,35.2
2022-06-20,2,hgb_clf,0.013692215770115337,45.5
2022-06-20,3,hgb_clf,0.009513856335684063,51.3
2022-06-21,1,logistic,0.02654551221868666,45.5
2022-06-21,2,logistic,0.03255122390000482,51.3
2022-06-21,3,logistic,0.017125761900896902,61.6
2022-06-21,1,forest_clf,0.00025387227698169483,45.5
2022-06-21,2,forest_clf,0.0017110585813544146,51.3
2022-06-21,3,forest_clf,0.0048560533027964,61.6
2022-06-21,1,hgb_clf,0.007191024781609759,45.5
2022-06-21,2,hgb_clf,0.011126094446647335,51.3
2022-06-21,3,hgb_clf,0.008725244483941904,61.6
2022-06-22,1,logistic,0.028347391217712573,51.3
2022-06-22,2,logistic,0.03585613182116672,61.6
2022-06-22,3,logistic,0.02025719291417006,66.7
2022-06-22,1,forest_clf,0.0017219757762423418,51.3
2022-06-22,2,forest_clf,0.0006526571024449386,61.6
2022-06-22,3,forest_clf,0.0,66.7
2022-06-22,1,hgb_clf,0.006873111707919665,51.3
2022-06-22,2,hgb_clf,0.009441128914243698,61.6
2022-06-22,3,hgb_clf,0.010511371736524427,66.7
2022-06-23,1,logistic,0.028607650675329176,61.6
2022-06-23,2,logistic,0.03852659997659599,66.7
2022-06-23,3,logistic,0.02218452682913597,
2022-06-23,1,forest_clf,0.0019610227861559973,61.6
2022-06-23,2,forest_clf,0.000803596023177027,66.7
2022-06-23,3,forest_clf,0.0,
2022-06-23,1,hgb_clf,0.0017356221044488283,61.6
2022-06-23,2,hgb_clf,0.01055401560633626,66.7
2022-06-23,3,hgb_clf,0.010630003355612429,
2022-06-24,1,logistic,0.03455484818327626,66.7
2022-06-24,2,logistic,0.045346408633509486,
2022-06-24,3,logistic,0.027282673895831555,
2022-06-24,1,forest_clf,0.027582631548295624,66.7
2022-06-24,2,forest_clf,0.03141297834856981,
2022-06-24,3,forest_clf,0.007809540432643341,
2022-06-24,1,hgb_clf,0.001239094651412746,66.7
2022-06-24,2,hgb_clf,0.012566722397980295,
2022-06-24,3,hgb_clf,0.017785951177314817,
2022-06-25,1,logistic,0.03662272891868878,
2022-06-25,2,logistic,0.061590036105186215,
2022-06-25,3,logistic,0.035142441770480974,62.8
2022-06-25,1,forest_clf,0.029190062794903705,
2022-06-25,2,forest_clf,0.050431722791305554,
2022-06-25,3,forest_clf,0.012024475693885992,62.8
2022-06-25,1,hgb_clf,0.001399313973409435,
2022-06-25,2,hgb_clf,0.01260635303102534,
2022-06-25,3,hgb_clf,0.02147978734084014,62.8
2022-06-26,1,logistic,,
2022-06-26,2,logistic,,62.8
2022-06-26,3,logistic,,55.3
2022-06-26,1,forest_clf,,
2022-06-26,2,forest_clf,,62.8
2022-06-26,3,forest_clf,,55.3
2022-06-26,1,hgb_clf,0.0010682995535130115,
2022-06-26,2,hgb_clf,0.01493433605279842,62.8
2022-06-26,3,hgb_clf,0.03331505240263512,55.3
2022-06-27,1,logistic,,62.8
2022-06-27,2,logistic,,55.3
2022-06-27,3,logistic,,32.1
2022-06-27,1,forest_clf,,62.8
2022-06-27,2,forest_clf,,55.3
2022-06-27,3,forest_clf,,32.1
2022-06-27,1,hgb_clf,0.0017835029724886005,62.8
2022-06-27,2,hgb_clf,0.026262447680884232,55.3
2022-06-27,3,hgb_clf,0.04595860811077447,32.1
2022-06-28,1,logistic,,55.3
2022-06-28,2,logistic,,32.1
2022-06-28,3,logistic,,22.9
2022-06-28,1,forest_clf,,55.3
2022-06-28,2,forest_clf,,32.1
2022-06-28,3,forest_clf,,22.9
2022-06-28,1,hgb_clf,0.0023277984512242024,55.3
2022-06-28,2,hgb_clf,0.025752981610145897,32.1
2022-06-28,3,hgb_clf,0.03445566884180026,22.9
2022-06-29,1,logistic,,32.1
2022-06-29,2,logistic,,22.9
2022-06-29,3,logistic,,31.6
2022-06-29,1,forest_clf,,32.1
2022-06-29,2,forest_clf,,22.9
2022-06-29,3,forest_clf,,31.6
2022-06-29,1,hgb_clf,0.0018071334708993118,32.1
2022-06-29,2,hgb_clf,0.02978741170485534,22.9
2022-06-29,3,hgb_clf,0.042244931550091694,31.6
2022-06-30,1,logistic,,22.9
2022-06-30,2,logistic,,31.6
2022-06-30,3,logistic,,20.4
2022-06-30,1,forest_clf,,22.9
2022-06-30,2,forest_clf,,31.6
2022-06-30,3,forest_clf,,20.4
2022-06-30,1,hgb_clf,0.0021782385665277534,22.9
2022-06-30,2,hgb_clf,0.018766269371382874,31.6
2022-06-30,3,hgb_clf,0.027223220362691546,20.4
2022-07-01,1,logistic,0.014276000601447647,31.6
2022-07-01,2,logistic,0.012328972193947836,20.4
2022-07-01,3,logistic,0.003209481325449842,51.6
2022-07-01,1,forest_clf,0.00501274117510734,31.6
2022-07-01,2,forest_clf,0.01496804131535308,20.4
2022-07-01,3,forest_clf,0.005332905341235015,51.6
2022-07-01,1,hgb_clf,0.0008991955572094247,31.6
2022-07-01,2,hgb_clf,0.01288782178689837,20.4
2022-07-01,3,hgb_clf,0.011470645109049837,51.6
2022-07-02,1,logistic,0.017733315786166017,20.4
2022-07-02,2,logistic,0.018544309880724363,51.6
2022-07-02,3,logistic,0.004842067416338242,54.1
2022-07-02,1,forest_clf,0.0055277055833787584,20.4
2022-07-02,2,forest_clf,0.004420004700145434,51.6
2022-07-02,3,forest_clf,0.002181206599687521,54.1
2022-07-02,1,hgb_clf,0.0009559440270929686,20.4
2022-07-02,2,hgb_clf,0.00684863828075715,51.6
2022-07-02,3,hgb_clf,0.011218195391018879,54.1
2022-07-03,1,logistic,,51.6
2022-07-03,2,logistic,,54.1
2022-07-03,3,logistic,,44.0
2022-07-03,1,forest_clf,,51.6
2022-07-03,2,forest_clf,,54.1
2022-07-03,3,forest_clf,,44.0
2022-07-03,1,hgb_clf,0.0008690937932293936,51.6
2022-07-03,2,hgb_clf,0.006806035112518867,54.1
2022-07-03,3,hgb_clf,0.011766888496000492,44.0
2022-07-04,1,logistic,,54.1
2022-07-04,2,logistic,,44.0
2022-07-04,3,logistic,,33.6
2022-07-04,1,forest_clf,,54.1
2022-07-04,2,forest_clf,,44.0
2022-07-04,3,forest_clf,,33.6
2022-07-04,1,hgb_clf,0.000537466011840819,54.1
2022-07-04,2,hgb_clf,0.0071385964333137856,44.0
2022-07-04,3,hgb_clf,0.01018282419316382,33.6
2022-07-05,1,logistic,0.02488545015116369,44.0
2022-07-05,2,logistic,0.03913628777981319,33.6
2022-07-05,3,logistic,0.01838022222815494,28.5
2022-07-05,1,forest_clf,0.004526801606871089,44.0
2022-07-05,2,forest_clf,0.008521779084975666,33.6
2022-07-05,3,forest_clf,0.007599580223234926,28.5
2022-07-05,1,hgb_clf,0.0007276641136651835,44.0
2022-07-05,2,hgb_clf,0.009940364616722987,33.6
2022-07-05,3,hgb_clf,0.011592623462988309,28.5
2022-07-06,1,logistic,0.026836632814822393,33.6
2022-07-06,2,logistic,0.03514753588549304,28.5
2022-07-06,3,logistic,0.01473800900154577,36.7
2022-07-06,1,forest_clf,0.0029826086345968008,33.6
2022-07-06,2,forest_clf,0.0028065920221028435,28.5
2022-07-06,3,forest_clf,0.0015558760981917686,36.7
2022-07-06,1,hgb_clf,0.0009246430656810928,33.6
2022-07-06,2,hgb_clf,0.008022854489807435,28.5
2022-07-06,3,hgb_clf,0.01568707671176563,36.7
2022-07-07,1,logistic,0.016077354863440425,28.5
2022-07-07,2,logistic,0.027964631190724572,36.7
2022-07-07,3,logistic,0.011018030453257163,27.0
2022-07-07,1,forest_clf,0.00023904700991365536,28.5
2022-07-07,2,forest_clf,0.0017020000829582598,36.7
2022-07-07,3,forest_clf,0.0002829338619571094,27.0
2022-07-07,1,hgb_clf,0.0004910519803252236,28.5
2022-07-07,2,hgb_clf,0.007574980798622335,36.7
2022-07-07,3,hgb_clf,0.00933980747633698,27.0
2022-07-08,1,logistic,0.013067883307314038,36.7
2022-07-08,2,logistic,0.025532579414457746,27.0
2022-07-08,3,logistic,0.010015973806434113,34.1
2022-07-08,1,forest_clf,0.0017102968974327768,36.7
2022-07-08,2,forest_clf,0.000300923675255226,27.0
2022-07-08,3,forest_clf,0.0005271980167439089,34.1
2022-07-08,1,hgb_clf,0.000733908958092061,36.7
2022-07-08,2,hgb_clf,0.00578110860760732,27.0
2022-07-08,3,hgb_clf,0.012557705816906102,34.1
2022-07-09,1,logistic,0.015961794678167003,27.0
2022-07-09,2,logistic,0.037865914012344896,34.1
2022-07-09,3,logistic,0.015262675032909484,20.3
2022-07-09,1,forest_clf,0.00023904700991365536,27.0
2022-07-09,2,forest_clf,0.0006526571024449386,34.1
2022-07-09,3,forest_clf,0.00030169389596070955,20.3
2022-07-09,1,hgb_clf,0.0005413272789818258,27.0
2022-07-09,2,hgb_clf,0.005762809289023321,34.1
2022-07-09,3,hgb_clf,0.010203377456703808,20.3
2022-07-10,1,logistic,0.012056628353255777,34.1
2022-07-10,2,logistic,0.03087507405925836,20.3
2022-07-10,3,logistic,0.011563928429241246,30.0
2022-07-10,1,forest_clf,0.0017102968974327768,34.1
2022-07-10,2,forest_clf,0.0006526571024449386,20.3
2022-07-10,3,forest_clf,0.0007945926012879388,30.0
2022-07-10,1,hgb_clf,0.0006345617152990762,34.1
2022-07-10,2,hgb_clf,0.005762809289023321,20.3
2022-07-10,3,hgb_clf,0.011793187182012443,30.0
2022-07-11,1,logistic,0.023636264574149468,20.3
2022-07-11,2,logistic,0.029422252425841403,30.0
2022-07-11,3,logistic,0.01302712192904964,25.3
2022-07-11,1,forest_clf,0.0005149644082714178,20.3
2022-07-11,2,forest_clf,0.0006526571024449386,30.0
2022-07-11,3,forest_clf,0.0,25.3
2022-07-11,1,hgb_clf,0.0006644247781599868,20.3
2022-07-11,2,hgb_clf,0.007523527219141682,30.0
2022-07-11,3,hgb_clf,0.011998532255534905,25.3
2022-07-12,1,logistic,0.01500400448311102,30.0
2022-07-12,2,logistic,0.022175351650544396,25.3
2022-07-12,3,logistic,0.008381949807673664,21.7
2022-07-12,1,forest_clf,0.0,30.0
2022-07-12,2,forest_clf,0.0016948229089853767,25.3
2022-07-12,3,forest_clf,0.0005271980167439089,21.7
2022-07-12,1,hgb_clf,0.00047393805060912375,30.0
2022-07-12,2,hgb_clf,0.007523527219141682,25.3
2022-07-12,3,hgb_clf,0.00958484605401429,21.7
2022-07-13,1,logistic,0.016688370168801283,25.3
2022-07-13,2,logistic,0.026383172066798615,21.7
2022-07-13,3,logistic,0.01083085405340795,20.5
2022-07-13,1,forest_clf,0.0005149644082714178,25.3
2022-07-13,2,forest_clf,0.0006526571024449386,21.7
2022-07-13,3,forest_clf,0.0,20.5
2022-07-13,1,hgb_clf,0.0006801620572976629,25.3
2022-07-13,2,hgb_clf,0.007116280919620861,21.7
2022-07-13,3,hgb_clf,0.00778716814658851,20.5
2022-07-14,1,logistic,0.014061855883240538,21.7
2022-07-14,2,logistic,0.023773946518351335,20.5
2022-07-14,3,logistic,0.009585191861446414,23.0
2022-07-14,1,forest_clf,0.0,21.7
2022-07-14,2,forest_clf,0.0006526571024449386,20.5
2022-07-14,3,forest_clf,0.0036009596687749707,23.0
2022-07-14,1,hgb_clf,0.0005573275423709763,21.7
2022-07-14,2,hgb_clf,0.005762809289023321,20.5
2022-07-14,3,hgb_clf,0.008341932297285106,23.0
2022-07-15,1,logistic,0.012355768712137014,20.5
2022-07-15,2,logistic,0.021919172531679413,23.0
2022-07-15,3,logistic,0.008173264249289573,33.0
2022-07-15,1,forest_clf,0.0005149644082714178,20.5
2022-07-15,2,forest_clf,0.0006526571024449386,23.0
2022-07-15,3,forest_clf,0.0038128188320019924,33.0
2022-07-15,1,hgb_clf,0.0007242173146072612,20.5
2022-07-15,2,hgb_clf,0.005932756459529702,23.0
2022-07-15,3,hgb_clf,0.009791567525339122,33.0
2022-07-16,1,logistic,0.011378130182751859,23.0
2022-07-16,2,logistic,0.027172724072965945,33.0
2022-07-16,3,logistic,0.009327865977272087,33.5
2022-07-16,1,forest_clf,0.0007688366852531127,23.0
2022-07-16,2,forest_clf,0.0014400197472657272,33.0
2022-07-16,3,forest_clf,0.00836717823883768,33.5
2022-07-16,1,hgb_clf,0.0013146430630098498,23.0
2022-07-16,2,hgb_clf,0.005932756459529702,33.0
2022-07-16,3,hgb_clf,0.00958484605401429,33.5
2022-07-17,1,logistic,0.01099274198759709,33.0
2022-07-17,2,logistic,0.027863545298322044,33.5
2022-07-17,3,logistic,0.009678556319319586,11.1
2022-07-17,1,forest_clf,0.0007688366852531127,33.0
2022-07-17,2,forest_clf,0.0014400197472657272,33.5
2022-07-17,3,forest_clf,0.008457012971571368,11.1
2022-07-17,1,hgb_clf,0.002136107188564929,33.0
2022-07-17,2,hgb_clf,0.006775710841478704,33.5
2022-07-17,3,hgb_clf,0.007951660746678954,11.1
2022-07-18,1,logistic,0.022768700683851697,33.5
2022-07-18,2,logistic,0.02650770382994675,11.1
2022-07-18,3,logistic,0.012068239697752002,32.4
2022-07-18,1,forest_clf,0.0005149644082714178,33.5
2022-07-18,2,forest_clf,0.0006526571024449386,11.1
2022-07-18,3,forest_clf,0.0021585761667245627,32.4
2022-07-18,1,hgb_clf,0.0012403409165028282,33.5
2022-07-18,2,hgb_clf,0.006914928246087206,11.1
2022-07-18,3,hgb_clf,0.013777235955613887,32.4
2022-07-19,1,logistic,0.020815936430763692,11.1
2022-07-19,2,logistic,0.026379440048021677,32.4
2022-07-19,3,logistic,0.012165802632582271,46.5
2022-07-19,1,forest_clf,0.0,11.1
2022-07-19,2,forest_clf,0.0,32.4
2022-07-19,3,forest_clf,0.003735831686775104,46.5
2022-07-19,1,hgb_clf,0.0012931320896966967,11.1
2022-07-19,2,hgb_clf,0.006914928246087206,32.4
2022-07-19,3,hgb_clf,0.013736351395379837,46.5
2022-07-20,1,logistic,0.009901998686706477,32.4
2022-07-20,2,logistic,0.01693992681922655,46.5
2022-07-20,3,logistic,0.005963639600544514,22.3
2022-07-20,1,forest_clf,0.0049287451538902955,32.4
2022-07-20,2,forest_clf,0.002520114363774965,46.5
2022-07-20,3,forest_clf,0.005310723846558918,22.3
2022-07-20,1,hgb_clf,0.0005221507883528469,32.4
2022-07-20,2,hgb_clf,0.0057594275730203535,46.5
2022-07-20,3,hgb_clf,0.014438565985539189,22.3
2022-07-21,1,logistic,0.013142284202595524,46.5
2022-07-21,2,logistic,0.02456616248859394,22.3
2022-07-21,3,logistic,0.010261313100681737,19.4
2022-07-21,1,forest_clf,0.010886105345659963,46.5
2022-07-21,2,forest_clf,0.009632347509376445,22.3
2022-07-21,3,forest_clf,0.02302811230844113,19.4
2022-07-21,1,hgb_clf,0.0008683240382311212,46.5
2022-07-21,2,hgb_clf,0.00613401936762806,22.3
2022-07-21,3,hgb_clf,0.010099156674422002,19.4
2022-07-22,1,logistic,0.016963497625569934,22.3
2022-07-22,2,logistic,0.03015592920315031,19.4
2022-07-22,3,logistic,0.014900615453970345,19.5
2022-07-22,1,forest_clf,0.0119982984027865,22.3
2022-07-22,2,forest_clf,0.019306999786431203,19.4
2022-07-22,3,forest_clf,0.0378214157010434,19.5
2022-07-22,1,hgb_clf,0.0006451287923446301,22.3
2022-07-22,2,hgb_clf,0.00613401936762806,19.4
2022-07-22,3,hgb_clf,0.011113019172129856,19.5
2022-07-23,1,logistic,0.012415998669008551,19.4
2022-07-23,2,logistic,0.024965465440750127,19.5
2022-07-23,3,logistic,0.00927323031403136,
2022-07-23,1,forest_clf,0.016702745435780115,19.4
2022-07-23,2,forest_clf,0.014154445542490261,19.5
2022-07-23,3,forest_clf,0.030088518992142498,
2022-07-23,1,hgb_clf,0.0010739156529523857,19.4
2022-07-23,2,hgb_clf,0.0064673919178196565,19.5
2022-07-23,3,hgb_clf,0.01016093379136039,
2022-07-24,1,logistic,0.009157638628692495,19.5
2022-07-24,2,logistic,0.0231218010012695,
2022-07-24,3,logistic,0.007930914520409617,21.8
2022-07-24,1,forest_clf,0.016508317578858164,19.5
2022-07-24,2,forest_clf,0.01563024653213322,
2022-07-24,3,forest_clf,0.030208146013851876,21.8
2022-07-24,1,hgb_clf,0.001541803628883977,19.5
2022-07-24,2,hgb_clf,0.0057594275730203535,
2022-07-24,3,hgb_clf,0.009403709626637476,21.8
2022-07-25,1,logistic,0.016671332859248874,
2022-07-25,2,logistic,0.019188382350748642,21.8
2022-07-25,3,logistic,0.008242691628302917,15.9
2022-07-25,1,forest_clf,0.017079924096018523,
2022-07-25,2,forest_clf,0.01494180818731105,21.8
2022-07-25,3,forest_clf,0.03838157289624683,15.9
2022-07-25,1,hgb_clf,0.001262540657289806,
2022-07-25,2,hgb_clf,0.00683775971764603,21.8
2022-07-25,3,hgb_clf,0.009501680342393919,15.9
2022-07-26,1,logistic,,21.8
2022-07-26,2,logistic,,15.9
2022-07-26,3,logistic,,15.0
2022-07-26,1,forest_clf,,21.8
2022-07-26,2,forest_clf,,15.9
2022-07-26,3,forest_clf,,15.0
2022-07-26,1,hgb_clf,0.008703476528345331,21.8
2022-07-26,2,hgb_clf,0.012380166778282669,15.9
2022-07-26,3,hgb_clf,0.002679792113853332,15.0
2022-07-27,1,logistic,,15.9
2022-07-27,2,logistic,,15.0
2022-07-27,3,logistic,,15.5
2022-07-27,1,forest_clf,,15.9
2022-07-27,2,forest_clf,,15.0
2022-07-27,3,forest_clf,,15.5
2022-07-27,1,hgb_clf,0.009791577243694775,15.9
2022-07-27,2,hgb_clf,0.006239223363019894,15.0
2022-07-27,3,hgb_clf,0.0044850331610125915,15.5
2022-07-28,1,logistic,,15.0
2022-07-28,2,logistic,,15.5
2022-07-28,3,logistic,,18.4
2022-07-28,1,forest_clf,,15.0
2022-07-28,2,forest_clf,,15.5
2022-07-28,3,forest_clf,,18.4
2022-07-28,1,hgb_clf,0.004164989133640806,15.0
2022-07-28,2,hgb_clf,0.0061825034506094246,15.5
2022-07-28,3,hgb_clf,0.00500996850206219,18.4
2022-07-29,1,logistic,,15.5
2022-07-29,2,logistic,,18.4
2022-07-29,3,logistic,,17.3
2022-07-29,1,forest_clf,,15.5
2022-07-29,2,forest_clf,,18.4
2022-07-29,3,forest_clf,,17.3
2022-07-29,1,hgb_clf,0.004534411182246693,15.5
2022-07-29,2,hgb_clf,0.015233838922002462,18.4
2022-07-29,3,hgb_clf,0.003132855636565981,17.3
2022-07-30,1,logistic,0.00828774067435325,18.4
2022-07-30,2,logistic,0.012447906020965073,17.3
2022-07-30,3,logistic,0.004486859852243351,21.9
2022-07-30,1,forest_clf,0.007598413209092425,18.4
2022-07-30,2,forest_clf,0.03496214110693862,17.3
2022-07-30,3,forest_clf,0.0336950454397356,21.9
2022-07-30,1,hgb_clf,0.0049452197272579265,18.4
2022-07-30,2,hgb_clf,0.006473461049753361,17.3
2022-07-30,3,hgb_clf,0.003099495269764712,21.9
2022-07-31,1,logistic,0.007998889090138234,17.3
2022-07-31,2,logistic,0.012971788319123568,21.9
2022-07-31,3,logistic,0.00473542648064691,37.6
2022-07-31,1,forest_clf,0.006521102284722678,17.3
2022-07-31,2,forest_clf,0.014268927455099466,21.9
2022-07-31,3,forest_clf,0.02986986453500625,37.6
2022-07-31,1,hgb_clf,0.0051746954666570324,17.3
2022-07-31,2,hgb_clf,0.006473461049753361,21.9
2022-07-31,3,hgb_clf,0.004022076123516706,37.6
2022-08-01,1,logistic,0.01311118739006948,21.9
2022-08-01,2,logistic,0.010939137418358983,37.6
2022-08-01,3,logistic,0.0049622266021696945,41.1
2022-08-01,1,forest_clf,0.006521102284722678,21.9
2022-08-01,2,forest_clf,0.03496214110693862,37.6
2022-08-01,3,forest_clf,0.02986986453500625,41.1
2022-08-01,1,hgb_clf,0.005624548575923925,21.9
2022-08-01,2,hgb_clf,0.006545206697937419,37.6
2022-08-01,3,hgb_clf,0.005146793340879628,41.1
2022-08-02,1,logistic,,37.6
2022-08-02,2,logistic,,41.1
2022-08-02,3,logistic,,28.3
2022-08-02,1,forest_clf,,37.6
2022-08-02,2,forest_clf,,41.1
2022-08-02,3,forest_clf,,28.3
2022-08-02,1,hgb_clf,0.00609224840649471,37.6
2022-08-02,2,hgb_clf,0.007534588817697538,41.1
2022-08-02,3,hgb_clf,0.004804160033352017,28.3
2022-08-03,1,logistic,0.015524592086744268,41.1
2022-08-03,2,logistic,0.024648275829525397,28.3
2022-08-03,3,logistic,0.01655265276972052,45.3
2022-08-03,1,forest_clf,0.018357863587515715,41.1
2022-08-03,2,forest_clf,0.0,28.3
2022-08-03,3,forest_clf,0.009781474315942394,45.3
2022-08-03,1,hgb_clf,0.005794038402886883,41.1
2022-08-03,2,hgb_clf,0.005951367958760837,28.3
2022-08-03,3,hgb_clf,0.004258629392816827,45.3
2022-08-04,1,logistic,0.015452645716494304,28.3
2022-08-04,2,logistic,0.02707651976908834,45.3
2022-08-04,3,logistic,0.019584468038741323,35.6
2022-08-04,1,forest_clf,0.00960326114396468,28.3
2022-08-04,2,forest_clf,0.0020853510895883776,45.3
2022-08-04,3,forest_clf,0.010144017423519216,35.6
2022-08-04,1,hgb_clf,0.005330702116533824,28.3
2022-08-04,2,hgb_clf,0.007516053370117018,45.3
2022-08-04,3,hgb_clf,0.003094769559128525,35.6
2022-08-05,1,logistic,0.010810469620981263,45.3
2022-08-05,2,logistic,0.019337945888940805,35.6
2022-08-05,3,logistic,0.011655726925874956,34.2
2022-08-05,1,forest_clf,0.030540432962264403,45.3
2022-08-05,2,forest_clf,0.0,35.6
2022-08-05,3,forest_clf,0.011289923357284097,34.2
2022-08-05,1,hgb_clf,0.005370760441576583,45.3
2022-08-05,2,hgb_clf,0.005216255556439145,35.6
2022-08-05,3,hgb_clf,0.004374746979953762,34.2
2022-08-06,1,logistic,0.014781622152490884,35.6
2022-08-06,2,logistic,0.0377835625218394,34.2
2022-08-06,3,logistic,0.026468418294735584,37.2
2022-08-06,1,forest_clf,0.006356742714739842,35.6
2022-08-06,2,forest_clf,0.0010577218299048204,34.2
2022-08-06,3,forest_clf,0.009943690339581339,37.2
2022-08-06,1,hgb_clf,0.005940847892930283,35.6
2022-08-06,2,hgb_clf,0.00652744147528802,34.2
2022-08-06,3,hgb_clf,0.0031565647735351124,37.2
2022-08-07,1,logistic,0.010200425936935016,34.2
2022-08-07,2,logistic,0.027851447429576175,37.2
2022-08-07,3,logistic,0.016617823995829083,18.8
2022-08-07,1,forest_clf,0.0,34.2
2022-08-07,2,forest_clf,0.0,37.2
2022-08-07,3,forest_clf,0.001439232409381663,18.8
2022-08-07,1,hgb_clf,0.006409088727060952,34.2
2022-08-07,2,hgb_clf,0.005075021653057373,37.2
2022-08-07,3,hgb_clf,0.00415333876876355,18.8
2022-08-08,1,logistic,0.0168299792557478,37.2
2022-08-08,2,logistic,0.02232351583584671,18.8
2022-08-08,3,logistic,0.015368642688945297,13.4
2022-08-08,1,forest_clf,0.0,37.2
2022-08-08,2,forest_clf,0.0,18.8
2022-08-08,3,forest_clf,0.0009928637914986037,13.4
2022-08-08,1,hgb_clf,0.00565544194693131,37.2
2022-08-08,2,hgb_clf,0.005131348385834088,18.8
2022-08-08,3,hgb_clf,0.004231020050422266,13.4
2022-08-09,1,logistic,0.0161152853738018,18.8
2022-08-09,2,logistic,0.024021589748688957,13.4
2022-08-09,3,logistic,0.016745957500487022,16.6
2022-08-09,1,forest_clf,0.0,18.8
2022-08-09,2,forest_clf,0.03496214110693862,13.4
2022-08-09,3,forest_clf,0.014791214404813164,16.6
2022-08-09,1,hgb_clf,0.006127275752196756,18.8
2022-08-09,2,hgb_clf,0.005131348385834088,13.4
2022-08-09,3,hgb_clf,0.0026948088421021995,16.6
2022-08-10,1,logistic,0.007330631914265496,13.4
2022-08-10,2,logistic,0.013667748251998872,16.6
2022-08-10,3,logistic,0.007052369392343287,23.6
2022-08-10,1,forest_clf,0.0,13.4
2022-08-10,2,forest_clf,0.0008568075117370892,16.6
2022-08-10,3,forest_clf,0.0,23.6
2022-08-10,1,hgb_clf,0.005032831888544775,13.4
2022-08-10,2,hgb_clf,0.005842785672157813,16.6
2022-08-10,3,hgb_clf,0.0025864488221874994,23.6
2022-08-11,1,logistic,0.005533742466500859,16.6
2022-08-11,2,logistic,0.011332824921636763,23.6
2022-08-11,3,logistic,0.005251052795650949,19.4
2022-08-11,1,forest_clf,0.0,16.6
2022-08-11,2,forest_clf,0.0008568075117370892,23.6
2022-08-11,3,forest_clf,0.0,19.4
2022-08-11,1,hgb_clf,0.004451611442856844,16.6
2022-08-11,2,hgb_clf,0.005554763684961585,23.6
2022-08-11,3,hgb_clf,0.001046532949105198,19.4
2022-08-12,1,logistic,0.0058198782039906565,23.6
2022-08-12,2,logistic,0.012313532017705265,19.4
2022-08-12,3,logistic,0.006254466566146733,15.1
2022-08-12,1,forest_clf,0.001077310924369748,23.6
2022-08-12,2,forest_clf,0.0008568075117370892,19.4
2022-08-12,3,forest_clf,0.0,15.1
2022-08-12,1,hgb_clf,0.004491420847209768,23.6
2022-08-12,2,hgb_clf,0.005842785672157813,19.4
2022-08-12,3,hgb_clf,0.0025215014536472836,15.1
2022-08-13,1,logistic,0.006861539372914219,19.4
2022-08-13,2,logistic,0.01843301515575077,15.1
2022-08-13,3,logistic,0.009016825595534763,13.4
2022-08-13,1,forest_clf,0.002515128593040848,19.4
2022-08-13,2,forest_clf,0.0008568075117370892,15.1
2022-08-13,3,forest_clf,0.0006361474435196195,13.4
2022-08-13,1,hgb_clf,0.005740346233898494,19.4
2022-08-13,2,hgb_clf,0.0065491813906168456,15.1
2022-08-13,3,hgb_clf,0.0023254967489864764,13.4
2022-08-14,1,logistic,0.005728018732615181,15.1
2022-08-14,2,logistic,0.01595182854000652,13.4
2022-08-14,3,logistic,0.007315887695155913,9.23
2022-08-14,1,forest_clf,0.002515128593040848,15.1
2022-08-14,2,forest_clf,0.003983881132615896,13.4
2022-08-14,3,forest_clf,0.002766805554284224,9.23
2022-08-14,1,hgb_clf,0.005087868352255764,15.1
2022-08-14,2,hgb_clf,0.006104174476132669,13.4
2022-08-14,3,hgb_clf,0.0025246063341773984,9.23
2022-08-15,1,logistic,0.008142313440343567,13.4
2022-08-15,2,logistic,0.01155215949052681,9.23
2022-08-15,3,logistic,0.006090691461071688,17.2
2022-08-15,1,forest_clf,0.0,13.4
2022-08-15,2,forest_clf,0.003983881132615896,9.23
2022-08-15,3,forest_clf,0.0021306581107646046,17.2
2022-08-15,1,hgb_clf,0.004682119079953874,13.4
2022-08-15,2,hgb_clf,0.006472317238934122,9.23
2022-08-15,3,hgb_clf,0.0037550885998837128,17.2
2022-08-16,1,logistic,0.006490698287187836,9.23
2022-08-16,2,logistic,0.010804603982916989,17.2
2022-08-16,3,logistic,0.00530662457985991,12.8
2022-08-16,1,forest_clf,0.001077310924369748,9.23
2022-08-16,2,forest_clf,0.003983881132615896,17.2
2022-08-16,3,forest_clf,0.0021306581107646046,12.8
2022-08-16,1,hgb_clf,0.004682119079953874,9.23
2022-08-16,2,hgb_clf,0.006472317238934122,17.2
2022-08-16,3,hgb_clf,0.0017592936418665158,12.8
2022-08-17,1,logistic,0.005015110258592327,17.2
2022-08-17,2,logistic,0.009290992952587881,12.8
2022-08-17,3,logistic,0.004522630751048238,26.3
2022-08-17,1,forest_clf,0.003592439517410596,17.2
2022-08-17,2,forest_clf,0.003983881132615896,12.8
2022-08-17,3,forest_clf,0.002766805554284224,26.3
2022-08-17,1,hgb_clf,0.005247622725120851,17.2
2022-08-17,2,hgb_clf,0.0064013654243478746,12.8
2022-08-17,3,hgb_clf,0.0021779336761559042,26.3
2022-08-18,1,logistic,0.005671674308418064,12.8
2022-08-18,2,logistic,0.011058482579982253,26.3
2022-08-18,3,logistic,0.0058801167651087475,39.8
2022-08-18,1,forest_clf,0.0340514459803124,12.8
2022-08-18,2,forest_clf,0.003983881132615896,26.3
2022-08-18,3,forest_clf,0.0197464307964113,39.8
2022-08-18,1,hgb_clf,0.005687048965399226,12.8
2022-08-18,2,hgb_clf,0.006390375072039992,26.3
2022-08-18,3,hgb_clf,0.0020052883688380747,39.8
2022-08-19,1,logistic,0.004537630956616273,26.3
2022-08-19,2,logistic,0.009565818678571158,39.8
2022-08-19,3,logistic,0.004696754696665871,29.5
2022-08-19,1,forest_clf,0.0036684386975704645,26.3
2022-08-19,2,forest_clf,0.003983881132615896,39.8
2022-08-19,3,forest_clf,0.0047272607859697125,29.5
2022-08-19,1,hgb_clf,0.005018467392558202,26.3
2022-08-19,2,hgb_clf,0.006390375072039992,39.8
2022-08-19,3,hgb_clf,0.002168341320230367,29.5
2022-08-20,1,logistic,0.006318844684144402,39.8
2022-08-20,2,logistic,0.01709009981206726,29.5
2022-08-20,3,logistic,0.009072889330879724,21.1
2022-08-20,1,forest_clf,0.003592439517410596,39.8
2022-08-20,2,forest_clf,0.0008568075117370892,29.5
2022-08-20,3,forest_clf,0.0006361474435196195,21.1
2022-08-20,1,hgb_clf,0.0066894965083718,39.8
2022-08-20,2,hgb_clf,0.005942830056404929,29.5
2022-08-20,3,hgb_clf,0.0019228803973221642,21.1
2022-08-21,1,logistic,0.007913918514085197,29.5
2022-08-21,2,logistic,0.02334789515602444,21.1
2022-08-21,3,logistic,0.015036689139147595,15.8
2022-08-21,1,forest_clf,0.002515128593040848,29.5
2022-08-21,2,forest_clf,0.002942158601325467,21.1
2022-08-21,3,forest_clf,0.008394061449139251,15.8
2022-08-21,1,hgb_clf,0.005230454321093201,29.5
2022-08-21,2,hgb_clf,0.008278824300867136,21.1
2022-08-21,3,hgb_clf,0.0021869099622043365,15.8
2022-08-22,1,logistic,0.011951873543133415,21.1
2022-08-22,2,logistic,0.01491475622613743,15.8
2022-08-22,3,logistic,0.010326167895809547,
2022-08-22,1,forest_clf,0.027442246686365492,21.1
2022-08-22,2,forest_clf,0.0008568075117370892,15.8
2022-08-22,3,forest_clf,0.004091113342450093,
2022-08-22,1,hgb_clf,0.009894033857307555,21.1
2022-08-22,2,hgb_clf,0.006632371513318107,15.8
2022-08-22,3,hgb_clf,0.003305627293587144,
2022-08-23,1,logistic,0.007987877627284678,15.8
2022-08-23,2,logistic,0.011629187933521901,
2022-08-23,3,logistic,0.0070178864049768065,
2022-08-23,1,forest_clf,0.030459006462901804,15.8
2022-08-23,2,forest_clf,0.0008568075117370892,
2022-08-23,3,forest_clf,0.016979625242127074,
2022-08-23,1,hgb_clf,0.009225361211830693,15.8
2022-08-23,2,hgb_clf,0.006305673517178452,
2022-08-23,3,hgb_clf,0.0026012640629150072,
2022-08-24,1,logistic,0.005796972643591648,
2022-08-24,2,logistic,0.009894205967719406,
2022-08-24,3,logistic,0.0055792521257078285,28.4
2022-08-24,1,forest_clf,0.03306760441471791,
2022-08-24,2,forest_clf,0.0,
2022-08-24,3,forest_clf,0.041217047990487546,28.4
2022-08-24,1,hgb_clf,0.008469280623353288,
2022-08-24,2,hgb_clf,0.00692677962904431,
2022-08-24,3,hgb_clf,0.0030354935898083595,28.4
2022-08-25,1,logistic,,
2022-08-25,2,logistic,,28.4
2022-08-25,3,logistic,,32.1
2022-08-25,1,forest_clf,,
2022-08-25,2,forest_clf,,28.4
2022-08-25,3,forest_clf,,32.1
2022-08-25,1,hgb_clf,0.015028129135697203,
2022-08-25,2,hgb_clf,0.012009323309106302,28.4
2022-08-25,3,hgb_clf,0.003182810215246389,32.1
2022-08-26,1,logistic,,28.4
2022-08-26,2,logistic,,32.1
2022-08-26,3,logistic,,39.7
2022-08-26,1,forest_clf,,28.4
2022-08-26,2,forest_clf,,32.1
2022-08-26,3,forest_clf,,39.7
2022-08-26,1,hgb_clf,0.03740713631594171,28.4
2022-08-26,2,hgb_clf,0.01831041703929429,32.1
2022-08-26,3,hgb_clf,0.006391268710890895,39.7
2022-08-27,1,logistic,,32.1
2022-08-27,2,logistic,,39.7
2022-08-27,3,logistic,,40.5
2022-08-27,1,forest_clf,,32.1
2022-08-27,2,forest_clf,,39.7
2022-08-27,3,forest_clf,,40.5
2022-08-27,1,hgb_clf,0.022024554959869453,32.1
2022-08-27,2,hgb_clf,0.01065098963998059,39.7
2022-08-27,3,hgb_clf,0.009321127966271643,40.5
2022-08-28,1,logistic,,39.7
2022-08-28,2,logistic,,40.5
2022-08-28,3,logistic,,37.8
2022-08-28,1,forest_clf,,39.7
2022-08-28,2,forest_clf,,40.5
2022-08-28,3,forest_clf,,37.8
2022-08-28,1,hgb_clf,0.008125968323121697,39.7
2022-08-28,2,hgb_clf,0.014079884663294686,40.5
2022-08-28,3,hgb_clf,0.004133713482549428,37.8
2022-08-29,1,logistic,,40.5
2022-08-29,2,logistic,,37.8
2022-08-29,3,logistic,,37.3
2022-08-29,1,forest_clf,,40.5
2022-08-29,2,forest_clf,,37.8
2022-08-29,3,forest_clf,,37.3
2022-08-29,1,hgb_clf,0.008735400461731055,40.5
2022-08-29,2,hgb_clf,0.016583755107174993,37.8
2022-08-29,3,hgb_clf,0.0037903329141675676,37.3
2022-08-30,1,logistic,0.014016956725951362,37.8
2022-08-30,2,logistic,0.008401191680158402,37.3
2022-08-30,3,logistic,0.0038304374781262646,35.5
2022-08-30,1,forest_clf,0.005559866592753774,37.8
2022-08-30,2,forest_clf,0.0020853510895883776,37.3
2022-08-30,3,forest_clf,0.002342571472410895,35.5
2022-08-30,1,hgb_clf,0.010582574709781242,37.8
2022-08-30,2,hgb_clf,0.007766997446120979,37.3
2022-08-30,3,hgb_clf,0.0029793744630207866,35.5
2022-08-31,1,logistic,0.012456235091274236,37.3
2022-08-31,2,logistic,0.007885842984835892,35.5
2022-08-31,3,logistic,0.00330896431867375,26.5
2022-08-31,1,forest_clf,0.0102409654103767,37.3
2022-08-31,2,forest_clf,0.03496214110693862,35.5
2022-08-31,3,forest_clf,0.027704871570072395,26.5
2022-08-31,1,hgb_clf,0.009673170136329083,37.3
2022-08-31,2,hgb_clf,0.006347633918604221,35.5
2022-08-31,3,hgb_clf,0.0025415330404406997,26.5
2022-09-01,1,logistic,,35.5
2022-09-01,2,logistic,,26.5
2022-09-01,3,logistic,,18.0
2022-09-01,1,forest_clf,,35.5
2022-09-01,2,forest_clf,,26.5
2022-09-01,3,forest_clf,,18.0
2022-09-01,1,hgb_clf,0.008188396262863192,35.5
2022-09-01,2,hgb_clf,0.00816418428874671,26.5
2022-09-01,3,hgb_clf,0.0021274980811813843,18.0
2022-09-02,1,logistic,,26.5
2022-09-02,2,logistic,,18.0
2022-09-02,3,logistic,,14.4
2022-09-02,1,forest_clf,,26.5
2022-09-02,2,forest_clf,,18.0
2022-09-02,3,forest_clf,,14.4
2022-09-02,1,hgb_clf,0.008188396262863192,26.5
2022-09-02,2,hgb_clf,0.008295046485404921,18.0
2022-09-02,3,hgb_clf,0.0025466376898831597,14.4
2022-09-03,1,logistic,0.005287806394462989,18.0
2022-09-03,2,logistic,0.016375784239881203,14.4
2022-09-03,3,logistic,0.007672036272834493,28.9
2022-09-03,1,forest_clf,0.002268808114961961,18.0
2022-09-03,2,forest_clf,0.0,14.4
2022-09-03,3,forest_clf,0.0,28.9
2022-09-03,1,hgb_clf,0.008178868125265906,18.0
2022-09-03,2,hgb_clf,0.006812366987266595,14.4
2022-09-03,3,hgb_clf,0.003403648521929225,28.9
2022-09-04,1,logistic,0.0036235343153328946,14.4
2022-09-04,2,logistic,0.012890550419307775,28.9
2022-09-04,3,logistic,0.0053408503695198005,37.1
2022-09-04,1,forest_clf,0.0,14.4
2022-09-04,2,forest_clf,0.0,28.9
2022-09-04,3,forest_clf,0.0,37.1
2022-09-04,1,hgb_clf,0.00730170453367151,14.4
2022-09-04,2,hgb_clf,0.006839360703064396,28.9
2022-09-04,3,hgb_clf,0.002511142681191761,37.1
2022-09-05,1,logistic,0.0055819238717446885,28.9
2022-09-05,2,logistic,0.009828400578611084,37.1
2022-09-05,3,logistic,0.004805391920766518,52.1
2022-09-05,1,forest_clf,0.0,28.9
2022-09-05,2,forest_clf,0.0,37.1
2022-09-05,3,forest_clf,0.004255891620199141,52.1
2022-09-05,1,hgb_clf,0.007934990586100798,28.9
2022-09-05,2,hgb_clf,0.00727317650526196,37.1
2022-09-05,3,hgb_clf,0.002751623188421041,52.1
2022-09-06,1,logistic,0.007551382672265212,37.1
2022-09-06,2,logistic,0.014390463004276741,52.1
2022-09-06,3,logistic,0.008129916126403142,52.1
2022-09-06,1,forest_clf,0.006386447417330707,37.1
2022-09-06,2,forest_clf,0.0,52.1
2022-09-06,3,forest_clf,0.0,52.1
2022-09-06,1,hgb_clf,0.008561277445410508,37.1
2022-09-06,2,hgb_clf,0.006887842704523808,52.1
2022-09-06,3,hgb_clf,0.0016878399514008988,52.1
2022-09-07,1,logistic,0.008657457571009304,52.1
2022-09-07,2,logistic,0.017625979255394154,52.1
2022-09-07,3,logistic,0.01071891939113458,46.7
2022-09-07,1,forest_clf,0.008892303060685352,52.1
2022-09-07,2,forest_clf,0.0020853510895883776,52.1
2022-09-07,3,forest_clf,0.00810997042249969,46.7
2022-09-07,1,hgb_clf,0.008561277445410508,52.1
2022-09-07,2,hgb_clf,0.008021036327507912,52.1
2022-09-07,3,hgb_clf,0.0017180898819358615,46.7
2022-09-08,1,logistic,0.01408874881761561,52.1
2022-09-08,2,logistic,0.02542607962264823,46.7
2022-09-08,3,logistic,0.017196439247075996,28.1
2022-09-08,1,forest_clf,0.006224444991214744,52.1
2022-09-08,2,forest_clf,0.01644526782162923,46.7
2022-09-08,3,forest_clf,0.0126457453630378,28.1
2022-09-08,1,hgb_clf,0.008360071089547245,52.1
2022-09-08,2,hgb_clf,0.012179126639633126,46.7
2022-09-08,3,hgb_clf,0.0022530479322880425,28.1
2022-09-09,1,logistic,0.012784545669429057,46.7
2022-09-09,2,logistic,0.024667006091096694,28.1
2022-09-09,3,logistic,0.015553657637528244,17.4
2022-09-09,1,forest_clf,0.001524163568773234,46.7
2022-09-09,2,forest_clf,0.0020853510895883776,28.1
2022-09-09,3,forest_clf,0.009289166256625691,17.4
2022-09-09,1,hgb_clf,0.01227720910600969,46.7
2022-09-09,2,hgb_clf,0.012179126639633126,28.1
2022-09-09,3,hgb_clf,0.0024862013673128958,17.4
2022-09-10,1,logistic,0.012072162317937648,28.1
2022-09-10,2,logistic,0.028096524839795155,17.4
2022-09-10,3,logistic,0.015543286541960357,12.9
2022-09-10,1,forest_clf,0.001524163568773234,28.1
2022-09-10,2,forest_clf,0.0010577218299048204,17.4
2022-09-10,3,forest_clf,0.0011982570806100216,12.9
2022-09-10,1,hgb_clf,0.013381339144197748,28.1
2022-09-10,2,hgb_clf,0.011704709347653245,17.4
2022-09-10,3,hgb_clf,0.004007307161762983,12.9
2022-09-11,1,logistic,0.00513601459786012,17.4
2022-09-11,2,logistic,0.017579052397215963,12.9
2022-09-11,3,logistic,0.007979712642005053,12.6
2022-09-11,1,forest_clf,0.0,17.4
2022-09-11,2,forest_clf,0.0,12.9
2022-09-11,3,forest_clf,0.0,12.6
2022-09-11,1,hgb_clf,0.007689100900136609,17.4
2022-09-11,2,hgb_clf,0.006760584914919635,12.9
2022-09-11,3,hgb_clf,0.002068896791027851,12.6
2022-09-12,1,logistic,0.006069650964523182,12.9
2022-09-12,2,logistic,0.011378955791084396,12.6
2022-09-12,3,logistic,0.0057410668947857025,13.3
2022-09-12,1,forest_clf,0.030459006462901804,12.9
2022-09-12,2,forest_clf,0.0,12.6
2022-09-12,3,forest_clf,0.006543107434030595,13.3
2022-09-12,1,hgb_clf,0.0051752665525768285,12.9
2022-09-12,2,hgb_clf,0.005818226082155191,12.6
2022-09-12,3,hgb_clf,0.001951784899751435,13.3
2022-09-13,1,logistic,0.005285492371229798,12.6
2022-09-13,2,logistic,0.01076764619041506,13.3
2022-09-13,3,logistic,0.0051520577460449106,9.63
2022-09-13,1,forest_clf,0.0,12.6
2022-09-13,2,forest_clf,0.0,13.3
2022-09-13,3,forest_clf,0.001951602765556254,9.63
2022-09-13,1,hgb_clf,0.005144958893191083,12.6
2022-09-13,2,hgb_clf,0.0064147091929736095,13.3
2022-09-13,3,hgb_clf,0.0036110125043064215,9.63
2022-09-14,1,logistic,0.005321370623463836,13.3
2022-09-14,2,logistic,0.01105394388671106,9.63
2022-09-14,3,logistic,0.005146233699346467,27.9
2022-09-14,1,forest_clf,0.00466047749209414,13.3
2022-09-14,2,forest_clf,0.0,9.63
2022-09-14,3,forest_clf,0.0025877502090758736,27.9
2022-09-14,1,hgb_clf,0.005343667860056209,13.3
2022-09-14,2,hgb_clf,0.007276599635756963,9.63
2022-09-14,3,hgb_clf,0.00290267738846534,27.9
2022-09-15,1,logistic,0.00537128216784936,9.63
2022-09-15,2,logistic,0.011663779921024742,27.9
2022-09-15,3,logistic,0.0051678968364966575,36.5
2022-09-15,1,forest_clf,0.00466047749209414,9.63
2022-09-15,2,forest_clf,0.03496214110693862,27.9
2022-09-15,3,forest_clf,0.005629655288968052,36.5
2022-09-15,1,hgb_clf,0.005110339935851336,9.63
2022-09-15,2,hgb_clf,0.00846985796141628,27.9
2022-09-15,3,hgb_clf,0.0014178287244265627,36.5
2022-09-16,1,logistic,0.0043302135244521495,27.9
2022-09-16,2,logistic,0.010769900530152128,36.5
2022-09-16,3,logistic,0.004405648586647158,65.2
2022-09-16,1,forest_clf,0.00466047749209414,27.9
2022-09-16,2,forest_clf,0.011087294682165724,36.5
2022-09-16,3,forest_clf,0.009487067899241074,65.2
2022-09-16,1,hgb_clf,0.004685307693309195,27.9
2022-09-16,2,hgb_clf,0.007563773959029531,36.5
2022-09-16,3,hgb_clf,0.004313228946641701,65.2
2022-09-17,1,logistic,0.0059063271712378315,36.5
2022-09-17,2,logistic,0.02002827598229307,65.2
2022-09-17,3,logistic,0.008485498498178616,42.2
2022-09-17,1,forest_clf,0.00466047749209414,36.5
2022-09-17,2,forest_clf,0.0,65.2
2022-09-17,3,forest_clf,0.0006361474435196195,42.2
2022-09-17,1,hgb_clf,0.0050172846409862045,36.5
2022-09-17,2,hgb_clf,0.007163155359985793,65.2
2022-09-17,3,hgb_clf,0.0022436464225463163,42.2
2022-09-18,1,logistic,0.006513873240615392,65.2
2022-09-18,2,logistic,0.02383546075908203,42.2
2022-09-18,3,logistic,0.011137821454162634,34.9
2022-09-18,1,forest_clf,0.0035831665677243923,65.2
2022-09-18,2,forest_clf,0.0,42.2
2022-09-18,3,forest_clf,0.010404339585772351,34.9
2022-09-18,1,hgb_clf,0.0050172846409862045,65.2
2022-09-18,2,hgb_clf,0.00615284674698998,42.2
2022-09-18,3,hgb_clf,0.0030818940295119284,34.9
2022-09-19,1,logistic,0.0272531170484736,42.2
2022-09-19,2,logistic,0.035518938231321864,34.9
2022-09-19,3,logistic,0.025071301382833294,21.6
2022-09-19,1,forest_clf,0.05166842081291416,42.2
2022-09-19,2,forest_clf,0.08767652958840476,34.9
2022-09-19,3,forest_clf,0.0459264582643612,21.6
2022-09-19,1,hgb_clf,0.007147996451894619,42.2
2022-09-19,2,hgb_clf,0.021749545344014794,34.9
2022-09-19,3,hgb_clf,0.013957058996206254,21.6
2022-09-20,1,logistic,0.016262633386532933,34.9
2022-09-20,2,logistic,0.02354386749651795,21.6
2022-09-20,3,logistic,0.014209714499176953,25.0
2022-09-20,1,forest_clf,0.03842316308474734,34.9
2022-09-20,2,forest_clf,0.0,21.6
2022-09-20,3,forest_clf,0.03737412815859024,25.0
2022-09-20,1,hgb_clf,0.011942220076838943,34.9
2022-09-20,2,hgb_clf,0.009580010242972255,21.6
2022-09-20,3,hgb_clf,0.013028668495082961,25.0
2022-09-21,1,logistic,0.012030432407870209,21.6
2022-09-21,2,logistic,0.02119480589807803,25.0
2022-09-21,3,logistic,0.01139091545390002,
2022-09-21,1,forest_clf,0.03544054643332922,21.6
2022-09-21,2,forest_clf,0.006350608336259231,25.0
2022-09-21,3,forest_clf,0.04523508259064738,
2022-09-21,1,hgb_clf,0.005798470413023906,21.6
2022-09-21,2,hgb_clf,0.010068689816446074,25.0
2022-09-21,3,hgb_clf,0.01777447023775639,
2022-09-22,1,logistic,0.007547734983484521,25.0
2022-09-22,2,logistic,0.016971651374251828,
2022-09-22,3,logistic,0.008650856032086558,20.9
2022-09-22,1,forest_clf,0.03306760441471791,25.0
2022-09-22,2,forest_clf,0.01191569810495173,
2022-09-22,3,forest_clf,0.01852856780155958,20.9
2022-09-22,1,hgb_clf,0.005053086978895939,25.0
2022-09-22,2,hgb_clf,0.012172410532543124,
2022-09-22,3,hgb_clf,0.008155181306705719,20.9
2022-09-23,1,logistic,0.008562034879710351,
2022-09-23,2,logistic,0.018918318341604706,20.9
2022-09-23,3,logistic,0.009702323231431718,42.4
2022-09-23,1,forest_clf,0.03306760441471791,
2022-09-23,2,forest_clf,0.0,20.9
2022-09-23,3,forest_clf,0.035672193792982115,42.4
2022-09-23,1,hgb_clf,0.00554846471980426,
2022-09-23,2,hgb_clf,0.006399001077145509,20.9
2022-09-23,3,hgb_clf,0.006383141163188744,42.4
2022-09-24,1,logistic,,20.9
2022-09-24,2,logistic,,42.4
2022-09-24,3,logistic,,35.2
2022-09-24,1,forest_clf,,20.9
2022-09-24,2,forest_clf,,42.4
2022-09-24,3,forest_clf,,35.2
2022-09-24,1,hgb_clf,0.00904368430400775,20.9
2022-09-24,2,hgb_clf,0.011185923353100239,42.4
2022-09-24,3,hgb_clf,0.009165571979028325,35.2
2022-09-25,1,logistic,,42.4
2022-09-25,2,logistic,,35.2
2022-09-25,3,logistic,,46.4
2022-09-25,1,forest_clf,,42.4
2022-09-25,2,forest_clf,,35.2
2022-09-25,3,forest_clf,,46.4
2022-09-25,1,hgb_clf,0.009084383756323963,42.4
2022-09-25,2,hgb_clf,0.007537811094759171,35.2
2022-09-25,3,hgb_clf,0.008945053259858917,46.4
2022-09-26,1,logistic,,35.2
2022-09-26,2,logistic,,46.4
2022-09-26,3,logistic,,57.8
2022-09-26,1,forest_clf,,35.2
2022-09-26,2,forest_clf,,46.4
2022-09-26,3,forest_clf,,57.8
2022-09-26,1,hgb_clf,0.005880995775307754,35.2
2022-09-26,2,hgb_clf,0.007532629803102156,46.4
2022-09-26,3,hgb_clf,0.01642870615374944,57.8
2022-09-27,1,logistic,,46.4
2022-09-27,2,logistic,,57.8
2022-09-27,3,logistic,,70.0
2022-09-27,1,forest_clf,,46.4
2022-09-27,2,forest_clf,,57.8
2022-09-27,3,forest_clf,,70.0
2022-09-27,1,hgb_clf,0.005620422801787256,46.4
2022-09-27,2,hgb_clf,0.012956503382862897,57.8
2022-09-27,3,hgb_clf,0.002119770936067441,70.0
2022-09-28,1,logistic,0.02953084946329928,57.8
2022-09-28,2,logistic,0.026961400933016622,70.0
2022-09-28,3,logistic,0.01309205480780878,74.4
2022-09-28,1,forest_clf,0.008649382179109256,57.8
2022-09-28,2,forest_clf,0.0,70.0
2022-09-28,3,forest_clf,0.0,74.4
2022-09-28,1,hgb_clf,0.006915505890871526,57.8
2022-09-28,2,hgb_clf,0.006069417673911163,70.0
2022-09-28,3,hgb_clf,0.004087879929741759,74.4
2022-09-29,1,logistic,0.034440816863436446,70.0
2022-09-29,2,logistic,0.03349061727501349,74.4
2022-09-29,3,logistic,0.017939600178168837,61.9
2022-09-29,1,forest_clf,0.0053573444768587886,70.0
2022-09-29,2,forest_clf,0.0013606286186931347,74.4
2022-09-29,3,forest_clf,0.00738542762014944,61.9
2022-09-29,1,hgb_clf,0.005487949562721117,70.0
2022-09-29,2,hgb_clf,0.015568772690963474,74.4
2022-09-29,3,hgb_clf,0.006152499743172156,61.9
2022-09-30,1,logistic,0.04972796645767606,74.4
2022-09-30,2,logistic,0.042701504977840046,61.9
2022-09-30,3,logistic,0.022876742572577553,36.2
2022-09-30,1,forest_clf,0.04375056715857808,74.4
2022-09-30,2,forest_clf,0.08807347447950574,61.9
2022-09-30,3,forest_clf,0.025266080599884624,36.2
2022-09-30,1,hgb_clf,0.027463536526479527,74.4
2022-09-30,2,hgb_clf,0.024711002194474828,61.9
2022-09-30,3,hgb_clf,0.012751116603661312,36.2
2022-10-01,1,logistic,,61.9
2022-10-01,2,logistic,,36.2
2022-10-01,3,logistic,,54.4
2022-10-01,1,forest_clf,,61.9
2022-10-01,2,forest_clf,,36.2
2022-10-01,3,forest_clf,,54.4
2022-10-01,1,hgb_clf,0.03396835665966476,61.9
2022-10-01,2,hgb_clf,0.09019587647281634,36.2
2022-10-01,3,hgb_clf,0.03516997757042778,54.4
2022-10-02,1,logistic,0.038850853341753186,36.2
2022-10-02,2,logistic,0.07499957396941036,54.4
2022-10-02,3,logistic,0.041397435211694936,83.7
2022-10-02,1,forest_clf,0.016910918314591964,36.2
2022-10-02,2,forest_clf,0.1293071096786954,54.4
2022-10-02,3,forest_clf,0.04649608639985115,83.7
2022-10-02,1,hgb_clf,0.042595983004480385,36.2
2022-10-02,2,hgb_clf,0.06730190968220981,54.4
2022-10-02,3,hgb_clf,0.05319288938157369,83.7
2022-10-03,1,logistic,0.029649109051983917,54.4
2022-10-03,2,logistic,0.04215788744948104,83.7
2022-10-03,3,logistic,0.024801157559217645,12.1
2022-10-03,1,forest_clf,0.00719670984547544,54.4
2022-10-03,2,forest_clf,0.021095432904694966,83.7
2022-10-03,3,forest_clf,0.015531655740951127,12.1
2022-10-03,1,hgb_clf,0.024728514735677637,54.4
2022-10-03,2,hgb_clf,0.05766721707938149,83.7
2022-10-03,3,hgb_clf,0.01922907051036174,12.1
2022-10-04,1,logistic,0.04116913279290104,83.7
2022-10-04,2,logistic,0.05910639955037265,12.1
2022-10-04,3,logistic,0.0368808543258691,14.5
2022-10-04,1,forest_clf,0.005510775042755809,83.7
2022-10-04,2,forest_clf,0.02006998408596835,12.1
2022-10-04,3,forest_clf,0.007091465634137889,14.5
2022-10-04,1,hgb_clf,0.02081976711775921,83.7
2022-10-04,2,hgb_clf,0.10590022608417346,12.1
2022-10-04,3,hgb_clf,0.02682465339048261,14.5
2022-10-05,1,logistic,0.06981794587892266,12.1
2022-10-05,2,logistic,0.08907171581634067,14.5
2022-10-05,3,logistic,0.0569420932563153,9.65
2022-10-05,1,forest_clf,0.08197563692485418,12.1
2022-10-05,2,forest_clf,0.06748643049660212,14.5
2022-10-05,3,forest_clf,0.09820132219346664,9.65
2022-10-05,1,hgb_clf,0.12450832320145258,12.1
2022-10-05,2,hgb_clf,0.15766147981633413,14.5
2022-10-05,3,hgb_clf,0.05389949658790756,9.65
2022-10-06,1,logistic,0.013107052662095556,14.5
2022-10-06,2,logistic,0.029730746667791418,9.65
2022-10-06,3,logistic,0.015010666163348868,6.23
2022-10-06,1,forest_clf,0.0930962638134332,14.5
2022-10-06,2,forest_clf,0.025337440910237725,9.65
2022-10-06,3,forest_clf,0.027203651136233176,6.23
2022-10-06,1,hgb_clf,0.045325428809561384,14.5
2022-10-06,2,hgb_clf,0.024052968662538914,9.65
2022-10-06,3,hgb_clf,0.016207798909667608,6.23
2022-10-07,1,logistic,0.011960086202696148,9.65
2022-10-07,2,logistic,0.032026081673200195,6.23
2022-10-07,3,logistic,0.015090941714268044,10.9
2022-10-07,1,forest_clf,0.030218532046088074,9.65
2022-10-07,2,forest_clf,0.023820292924910058,6.23
2022-10-07,3,forest_clf,0.015854460891659067,10.9
2022-10-07,1,hgb_clf,0.031215971834549633,9.65
2022-10-07,2,hgb_clf,0.025166296427055576,6.23
2022-10-07,3,hgb_clf,0.010602720145084829,10.9
2022-10-08,1,logistic,0.01574847563461041,6.23
2022-10-08,2,logistic,0.04519505581189059,10.9
2022-10-08,3,logistic,0.024292335338720744,28.6
2022-10-08,1,forest_clf,0.012126684322049724,6.23
2022-10-08,2,forest_clf,0.027374341307949957,10.9
2022-10-08,3,forest_clf,0.018825368809028367,28.6
2022-10-08,1,hgb_clf,0.04849060583796919,6.23
2022-10-08,2,hgb_clf,0.046604728734120277,10.9
2022-10-08,3,hgb_clf,0.06889930956903001,28.6
2022-10-09,1,logistic,0.0157499247905798,10.9
2022-10-09,2,logistic,0.04305723085849406,28.6
2022-10-09,3,logistic,0.022678168429277962,58.6
2022-10-09,1,forest_clf,0.014168848734693618,10.9
2022-10-09,2,forest_clf,0.02205643263526581,28.6
2022-10-09,3,forest_clf,0.02454600581091088,58.6
2022-10-09,1,hgb_clf,0.04849060583796919,10.9
2022-10-09,2,hgb_clf,0.023896395680179306,28.6
2022-10-09,3,hgb_clf,0.06763079702131157,58.6
2022-10-10,1,logistic,0.030316824758212846,28.6
2022-10-10,2,logistic,0.039046684765314296,58.6
2022-10-10,3,logistic,0.027782817797757584,43.7
2022-10-10,1,forest_clf,0.018609114447519372,28.6
2022-10-10,2,forest_clf,0.018889694016170137,58.6
2022-10-10,3,forest_clf,0.023623785497607158,43.7
2022-10-10,1,hgb_clf,0.06580812532245092,28.6
2022-10-10,2,hgb_clf,0.02079966041514394,58.6
2022-10-10,3,hgb_clf,0.06246065111326466,43.7
2022-10-11,1,logistic,0.040571248650003985,58.6
2022-10-11,2,logistic,0.0510226348430466,43.7
2022-10-11,3,logistic,0.03527695578963749,66.6
2022-10-11,1,forest_clf,0.014168848734693616,58.6
2022-10-11,2,forest_clf,0.018289259312312144,43.7
2022-10-11,3,forest_clf,0.017336257279473587,66.6
2022-10-11,1,hgb_clf,0.05831205523135234,58.6
2022-10-11,2,hgb_clf,0.022548132924724133,43.7
2022-10-11,3,hgb_clf,0.023992572046731313,66.6
2022-10-12,1,logistic,0.06387400854076061,43.7
2022-10-12,2,logistic,0.0780928347087421,66.6
2022-10-12,3,logistic,0.048457008336139175,87.4
2022-10-12,1,forest_clf,0.071069463659879,43.7
2022-10-12,2,forest_clf,0.03735301645225913,66.6
2022-10-12,3,forest_clf,0.04726004031869685,87.4
2022-10-12,1,hgb_clf,0.022683150573384537,43.7
2022-10-12,2,hgb_clf,0.028535945571876845,66.6
2022-10-12,3,hgb_clf,0.021650066306530668,87.4
2022-10-13,1,logistic,0.054156028574868245,66.6
2022-10-13,2,logistic,0.06397649980258421,87.4
2022-10-13,3,logistic,0.04496948922871085,92.2
2022-10-13,1,forest_clf,0.05080894447672019,66.6
2022-10-13,2,forest_clf,0.021928688421471488,87.4
2022-10-13,3,forest_clf,0.08138867351813256,92.2
2022-10-13,1,hgb_clf,0.037591800848323205,66.6
2022-10-13,2,hgb_clf,0.01938559608625268,87.4
2022-10-13,3,hgb_clf,0.24070854019904703,92.2
2022-10-14,1,logistic,0.09063460032189578,87.4
2022-10-14,2,logistic,0.09406817898070542,92.2
2022-10-14,3,logistic,0.06779227877917345,97.4
2022-10-14,1,forest_clf,0.09514922096807807,87.4
2022-10-14,2,forest_clf,0.11814882359472226,92.2
2022-10-14,3,forest_clf,0.11256328008571989,97.4
2022-10-14,1,hgb_clf,0.03715249660725665,87.4
2022-10-14,2,hgb_clf,0.13915488793225828,92.2
2022-10-14,3,hgb_clf,0.5319139308198281,97.4
2022-10-15,1,logistic,0.12585973092829428,92.2
2022-10-15,2,logistic,0.1484999458539496,97.4
2022-10-15,3,logistic,0.11130705521783398,90.3
2022-10-15,1,forest_clf,0.12304643385133429,92.2
2022-10-15,2,forest_clf,0.14082382070726096,97.4
2022-10-15,3,forest_clf,0.18677096969964135,90.3
2022-10-15,1,hgb_clf,0.2664343118836463,92.2
2022-10-15,2,hgb_clf,0.3418399985521762,97.4
2022-10-15,3,hgb_clf,0.3782133631131989,90.3
2022-10-16,1,logistic,0.15266874803513145,97.4
2022-10-16,2,logistic,0.16559144454583605,90.3
2022-10-16,3,logistic,0.11872784520664978,73.0
2022-10-16,1,forest_clf,0.13797013938589364,97.4
2022-10-16,2,forest_clf,0.18476352988087869,90.3
2022-10-16,3,forest_clf,0.24833851563277423,73.0
2022-10-16,1,hgb_clf,0.3505366492102447,97.4
2022-10-16,2,hgb_clf,0.2830306055816394,90.3
2022-10-16,3,hgb_clf,0.31343919827008737,73.0
2022-10-17,1,logistic,0.2908940353717142,90.3
2022-10-17,2,logistic,0.16086726711523658,73.0
2022-10-17,3,logistic,0.13144912538127845,79.8
2022-10-17,1,forest_clf,0.24856566545980013,90.3
2022-10-17,2,forest_clf,0.26114421761707396,73.0
2022-10-17,3,forest_clf,0.25125879973148163,79.8
2022-10-17,1,hgb_clf,0.4614456618136058,90.3
2022-10-17,2,hgb_clf,0.43315310274556856,73.0
2022-10-17,3,hgb_clf,0.3782356002389464,79.8
2022-10-18,1,logistic,0.24121192746092063,73.0
2022-10-18,2,logistic,0.15571195554206838,79.8
2022-10-18,3,logistic,0.11811191240480988,105.0
2022-10-18,1,forest_clf,0.2456689013515315,73.0
2022-10-18,2,forest_clf,0.29104802614383674,79.8
2022-10-18,3,forest_clf,0.24363490591849946,105.0
2022-10-18,1,hgb_clf,0.44660014002997306,73.0
2022-10-18,2,hgb_clf,0.42760653800618753,79.8
2022-10-18,3,hgb_clf,0.36417008479770396,105.0
2022-10-19,1,logistic,0.15212193947700284,79.8
2022-10-19,2,logistic,0.13198593143768825,105.0
2022-10-19,3,logistic,0.09318803085393057,110.0
2022-10-19,1,forest_clf,0.09948626711169876,79.8
2022-10-19,2,forest_clf,0.09713186284195194,105.0
2022-10-19,3,forest_clf,0.09270033533453376,110.0
2022-10-19,1,hgb_clf,0.2198010600183063,79.8
2022-10-19,2,hgb_clf,0.2764324704668181,105.0
2022-10-19,3,hgb_clf,0.33059315541961537,110.0
2022-10-20,1,logistic,0.16404003503405884,105.0
2022-10-20,2,logistic,0.1467030517048822,110.0
2022-10-20,3,logistic,0.10367790239868725,114.0
2022-10-20,1,forest_clf,0.0404405497783584,105.0
2022-10-20,2,forest_clf,0.12675044932333157,110.0
2022-10-20,3,forest_clf,0.15174212980027574,114.0
2022-10-20,1,hgb_clf,0.19983208751311288,105.0
2022-10-20,2,hgb_clf,0.3514697680866039,110.0
2022-10-20,3,hgb_clf,0.3538393310085862,114.0
2022-10-21,1,logistic,0.23580651750197676,110.0
2022-10-21,2,logistic,0.19167317595287722,114.0
2022-10-21,3,logistic,0.1268391475840493,
2022-10-21,1,forest_clf,0.4087579947586047,110.0
2022-10-21,2,forest_clf,0.2516033926110489,114.0
2022-10-21,3,forest_clf,0.35396474274706763,
2022-10-21,1,hgb_clf,0.4870636877968353,110.0
2022-10-21,2,hgb_clf,0.5583454396184568,114.0
2022-10-21,3,hgb_clf,0.6461626917026673,
2022-10-22,1,logistic,0.28617303547309286,114.0
2022-10-22,2,logistic,0.25447967010060585,
2022-10-22,3,logistic,0.15647003942160911,
2022-10-22,1,forest_clf,0.4720105094972768,114.0
2022-10-22,2,forest_clf,0.40734293821899614,
2022-10-22,3,forest_clf,0.4475739109493732,
2022-10-22,1,hgb_clf,0.5192749837135137,114.0
2022-10-22,2,hgb_clf,0.714640077028335,
2022-10-22,3,hgb_clf,0.57654493155922,
2022-10-23,1,logistic,0.4005668606117701,
2022-10-23,2,logistic,0.2867210462590269,
2022-10-23,3,logistic,0.17439800336561634,126.0
2022-10-23,1,forest_clf,0.5892635249527773,
2022-10-23,2,forest_clf,0.5399728074279434,
2022-10-23,3,forest_clf,0.5518293252162271,126.0
2022-10-23,1,hgb_clf,0.7785627647139767,
2022-10-23,2,hgb_clf,0.7491168608796882,
2022-10-23,3,hgb_clf,0.6054342714894937,126.0
2022-10-24,1,logistic,,
2022-10-24,2,logistic,,126.0
2022-10-24,3,logistic,,162.0
2022-10-24,1,forest_clf,,
2022-10-24,2,forest_clf,,126.0
2022-10-24,3,forest_clf,,162.0
2022-10-24,1,hgb_clf,0.6324578963908505,
2022-10-24,2,hgb_clf,0.7379243791722703,126.0
2022-10-24,3,hgb_clf,0.9374059755143159,162.0
2022-10-25,1,logistic,,126.0
2022-10-25,2,logistic,,162.0
2022-10-25,3,logistic,,185.0
2022-10-25,1,forest_clf,,126.0
2022-10-25,2,forest_clf,,162.0
2022-10-25,3,forest_clf,,185.0
2022-10-25,1,hgb_clf,0.6086654754909896,126.0
2022-10-25,2,hgb_clf,0.7031110944394735,162.0
2022-10-25,3,hgb_clf,0.8433006761591229,185.0
2022-10-26,1,logistic,,162.0
2022-10-26,2,logistic,,185.0
2022-10-26,3,logistic,,218.0
2022-10-26,1,forest_clf,,162.0
2022-10-26,2,forest_clf,,185.0
2022-10-26,3,forest_clf,,218.0
2022-10-26,1,hgb_clf,0.8396337258466154,162.0
2022-10-26,2,hgb_clf,0.8167272873966379,185.0
2022-10-26,3,hgb_clf,0.9498024118133074,218.0
2022-10-27,1,logistic,,185.0
2022-10-27,2,logistic,,218.0
2022-10-27,3,logistic,,169.0
2022-10-27,1,forest_clf,,185.0
2022-10-27,2,forest_clf,,218.0
2022-10-27,3,forest_clf,,169.0
2022-10-27,1,hgb_clf,0.9511600162276455,185.0
2022-10-27,2,hgb_clf,0.9212300859471492,218.0
2022-10-27,3,hgb_clf,0.9452551394087272,169.0
2022-10-28,1,logistic,,218.0
2022-10-28,2,logistic,,169.0
2022-10-28,3,logistic,,218.0
2022-10-28,1,forest_clf,,218.0
2022-10-28,2,forest_clf,,169.0
2022-10-28,3,forest_clf,,218.0
2022-10-28,1,hgb_clf,0.9669628068488303,218.0
2022-10-28,2,hgb_clf,0.939005685337803,169.0
2022-10-28,3,hgb_clf,0.9279413544428873,218.0
2022-10-29,1,logistic,0.9667333751954897,169.0
2022-10-29,2,logistic,0.8028325432058603,218.0
2022-10-29,3,logistic,0.7812032326318177,230.0
2022-10-29,1,forest_clf,0.9168272726170871,169.0
2022-10-29,2,forest_clf,0.9277048614676496,218.0
2022-10-29,3,forest_clf,0.9354764143644835,230.0
2022-10-29,1,hgb_clf,0.9724398721899278,169.0
2022-10-29,2,hgb_clf,0.939163920539027,218.0
2022-10-29,3,hgb_clf,0.9394865124936792,230.0
2022-10-30,1,logistic,0.9216849174061578,218.0
2022-10-30,2,logistic,0.7172622967277461,230.0
2022-10-30,3,logistic,0.7543800479892873,212.0
2022-10-30,1,forest_clf,0.9095819483125345,218.0
2022-10-30,2,forest_clf,0.9361261702818149,230.0
2022-10-30,3,forest_clf,0.910660029518885,212.0
2022-10-30,1,hgb_clf,0.9683648718300654,218.0
2022-10-30,2,hgb_clf,0.9459103057945965,230.0
2022-10-30,3,hgb_clf,0.950107644396886,212.0
2022-10-31,1,logistic,,230.0
2022-10-31,2,logistic,,212.0
2022-10-31,3,logistic,,379.0
2022-10-31,1,forest_clf,,230.0
2022-10-31,2,forest_clf,,212.0
2022-10-31,3,forest_clf,,379.0
2022-10-31,1,hgb_clf,0.9757207892269699,230.0
2022-10-31,2,hgb_clf,0.9552518427489749,212.0
2022-10-31,3,hgb_clf,0.9497192548774852,379.0
2022-11-01,1,logistic,,212.0
2022-11-01,2,logistic,,379.0
2022-11-01,3,logistic,,313.0
2022-11-01,1,forest_clf,,212.0
2022-11-01,2,forest_clf,,379.0
2022-11-01,3,forest_clf,,313.0
2022-11-01,1,hgb_clf,0.9679789671079244,212.0
2022-11-01,2,hgb_clf,0.9472236713505915,379.0
2022-11-01,3,hgb_clf,0.9484697868037535,313.0
2022-11-02,1,logistic,0.9807623711346247,379.0
2022-11-02,2,logistic,0.8944033907487847,313.0
2022-11-02,3,logistic,0.9216979193501835,189.0
2022-11-02,1,forest_clf,0.9662876502176381,379.0
2022-11-02,2,forest_clf,0.9119655617111468,313.0
2022-11-02,3,forest_clf,0.9810341651687357,189.0
2022-11-02,1,hgb_clf,0.972374455210974,379.0
2022-11-02,2,hgb_clf,0.9516362387918521,313.0
2022-11-02,3,hgb_clf,0.9793933704564953,189.0
2022-11-03,1,logistic,0.9984182910465493,313.0
2022-11-03,2,logistic,0.960378894071156,189.0
2022-11-03,3,logistic,0.9288523852715304,165.0
2022-11-03,1,forest_clf,0.9752489394782826,313.0
2022-11-03,2,forest_clf,0.9710748004611912,189.0
2022-11-03,3,forest_clf,0.9074208706283183,165.0
2022-11-03,1,hgb_clf,0.9798997069970186,313.0
2022-11-03,2,hgb_clf,0.9635360323803517,189.0
2022-11-03,3,hgb_clf,0.9549158841059763,165.0
2022-11-04,1,logistic,0.9959685090723058,189.0
2022-11-04,2,logistic,0.9339792533726952,165.0
2022-11-04,3,logistic,0.925704805916729,161.0
2022-11-04,1,forest_clf,0.9612603485425945,189.0
2022-11-04,2,forest_clf,0.9943029243082026,165.0
2022-11-04,3,forest_clf,0.9867007838056584,161.0
2022-11-04,1,hgb_clf,0.9732032857241975,189.0
2022-11-04,2,hgb_clf,0.9648216942510716,165.0
2022-11-04,3,hgb_clf,0.9550532579311191,161.0
2022-11-05,1,logistic,0.9635877213352788,165.0
2022-11-05,2,logistic,0.9151221500505096,161.0
2022-11-05,3,logistic,0.9134060292813523,243.0
2022-11-05,1,forest_clf,0.9512510397906788,165.0
2022-11-05,2,forest_clf,0.9852934382494233,161.0
2022-11-05,3,forest_clf,0.9526551605414704,243.0
2022-11-05,1,hgb_clf,0.9681063326460929,165.0
2022-11-05,2,hgb_clf,0.9403236324253,161.0
2022-11-05,3,hgb_clf,0.9652706070958466,243.0
2022-11-06,1,logistic,0.9232719238290804,161.0
2022-11-06,2,logistic,0.8998090680391877,243.0
2022-11-06,3,logistic,0.9360655702313702,83.7
2022-11-06,1,forest_clf,0.9550400603432644,161.0
2022-11-06,2,forest_clf,0.9778295448994144,243.0
2022-11-06,3,forest_clf,0.9567939507705602,83.7
2022-11-06,1,hgb_clf,0.9599774876057131,161.0
2022-11-06,2,hgb_clf,0.9451496072619495,243.0
2022-11-06,3,hgb_clf,0.9710844301037865,83.7
2022-11-07,1,logistic,0.9768474155877463,243.0
2022-11-07,2,logistic,0.9207114465892069,83.7
2022-11-07,3,logistic,0.9595408987043035,122.0
2022-11-07,1,forest_clf,0.9573696735770791,243.0
2022-11-07,2,forest_clf,0.9635781152340058,83.7
2022-11-07,3,forest_clf,0.9702526625784438,122.0
2022-11-07,1,hgb_clf,0.9513978492039535,243.0
2022-11-07,2,hgb_clf,0.9646069013101919,83.7
2022-11-07,3,hgb_clf,0.9843293653257891,122.0
2022-11-08,1,logistic,0.9933982586322988,83.7
2022-11-08,2,logistic,0.9465990599854696,122.0
2022-11-08,3,logistic,0.9538094393501606,229.0
2022-11-08,1,forest_clf,0.9884680059300802,83.7
2022-11-08,2,forest_clf,0.9876936310562461,122.0
2022-11-08,3,forest_clf,0.9770107580751493,229.0
2022-11-08,1,hgb_clf,0.9786310425155962,83.7
2022-11-08,2,hgb_clf,0.96099679007946,122.0
2022-11-08,3,hgb_clf,0.9462518466636679,229.0
2022-11-09,1,logistic,0.8026201111471029,122.0
2022-11-09,2,logistic,0.7714007009969417,229.0
2022-11-09,3,logistic,0.9074525151084042,202.0
2022-11-09,1,forest_clf,0.4628283598770077,122.0
2022-11-09,2,forest_clf,0.7420288696371297,229.0
2022-11-09,3,forest_clf,0.8075709177352934,202.0
2022-11-09,1,hgb_clf,0.626742214539121,122.0
2022-11-09,2,hgb_clf,0.8551521933024615,229.0
2022-11-09,3,hgb_clf,0.9305675401370551,202.0
2022-11-10,1,logistic,0.828015109955384,229.0
2022-11-10,2,logistic,0.847071454043375,202.0
2022-11-10,3,logistic,0.8452648713737569,160.0
2022-11-10,1,forest_clf,0.8573111369229494,229.0
2022-11-10,2,forest_clf,0.8685228901945494,202.0
2022-11-10,3,forest_clf,0.8089736800788516,160.0
2022-11-10,1,hgb_clf,0.9027232824927128,229.0
2022-11-10,2,hgb_clf,0.8393386579905107,202.0
2022-11-10,3,hgb_clf,0.8899762082824795,160.0
2022-11-11,1,logistic,0.9499976916525754,202.0
2022-11-11,2,logistic,0.9018597293711872,160.0
2022-11-11,3,logistic,0.8835149445614014,112.0
2022-11-11,1,forest_clf,0.961353315535991,202.0
2022-11-11,2,forest_clf,0.9105457774437801,160.0
2022-11-11,3,forest_clf,0.9257960073892484,112.0
2022-11-11,1,hgb_clf,0.9750780614183964,202.0
2022-11-11,2,hgb_clf,0.9282102677702226,160.0
2022-11-11,3,hgb_clf,0.8882331233044087,112.0
2022-11-12,1,logistic,0.9551094165392365,160.0
2022-11-12,2,logistic,0.9195218082148795,112.0
2022-11-12,3,logistic,0.9096077097482836,89.6
2022-11-12,1,forest_clf,0.9737672685020106,160.0
2022-11-12,2,forest_clf,0.940148589617519,112.0
2022-11-12,3,forest_clf,0.9088923502258701,89.6
2022-11-12,1,hgb_clf,0.9721881856407643,160.0
2022-11-12,2,hgb_clf,0.9245680678090412,112.0
2022-11-12,3,hgb_clf,0.8524853889404223,89.6
2022-11-13,1,logistic,0.931612049794974,112.0
2022-11-13,2,logistic,0.9102499407723967,89.6
2022-11-13,3,logistic,0.9077922061797213,114.0
2022-11-13,1,forest_clf,0.934555067516421,112.0
2022-11-13,2,forest_clf,0.9091536434130779,89.6
2022-11-13,3,forest_clf,0.9308259377250989,114.0
2022-11-13,1,hgb_clf,0.905316869554814,112.0
2022-11-13,2,hgb_clf,0.8987245781362356,89.6
2022-11-13,3,hgb_clf,0.7992985286732995,114.0
2022-11-14,1,logistic,0.8217702361112368,89.6
2022-11-14,2,logistic,0.8176604988892892,114.0
2022-11-14,3,logistic,0.8836394057365325,132.0
2022-11-14,1,forest_clf,0.6595841215982401,89.6
2022-11-14,2,forest_clf,0.7705751499729255,114.0
2022-11-14,3,forest_clf,0.7872984373700325,132.0
2022-11-14,1,hgb_clf,0.7659409002440702,89.6
2022-11-14,2,hgb_clf,0.872766626254941,114.0
2022-11-14,3,hgb_clf,0.8628921121662666,132.0
2022-11-15,1,logistic,0.7176577310127878,114.0
2022-11-15,2,logistic,0.7930341045541441,132.0
2022-11-15,3,logistic,0.8464862303900758,157.0
2022-11-15,1,forest_clf,0.46949561129144507,114.0
2022-11-15,2,forest_clf,0.652188483191455,132.0
2022-11-15,3,forest_clf,0.650069679719776,157.0
2022-11-15,1,hgb_clf,0.6068253244260722,114.0
2022-11-15,2,hgb_clf,0.7655005712099842,132.0
2022-11-15,3,hgb_clf,0.6594080814293997,157.0
2022-11-16,1,logistic,0.7640630246895564,132.0
2022-11-16,2,logistic,0.7865175550193092,157.0
2022-11-16,3,logistic,0.8764137489523948,136.0
2022-11-16,1,forest_clf,0.6546241292650166,132.0
2022-11-16,2,forest_clf,0.6866762111019231,157.0
2022-11-16,3,forest_clf,0.7799453532236079,136.0
2022-11-16,1,hgb_clf,0.7827701212203567,132.0
2022-11-16,2,hgb_clf,0.8634705869063894,157.0
2022-11-16,3,hgb_clf,0.9616094551507748,136.0
2022-11-17,1,logistic,0.8564616428194319,157.0
2022-11-17,2,logistic,0.8519218886264363,136.0
2022-11-17,3,logistic,0.9129784008667612,170.0
2022-11-17,1,forest_clf,0.8695312760589878,157.0
2022-11-17,2,forest_clf,0.8292167231105142,136.0
2022-11-17,3,forest_clf,0.8403797486678775,170.0
2022-11-17,1,hgb_clf,0.8905954512182727,157.0
2022-11-17,2,hgb_clf,0.9186089286013301,136.0
2022-11-17,3,hgb_clf,0.9659135678985334,170.0
2022-11-18,1,logistic,0.9101123032495962,136.0
2022-11-18,2,logistic,0.9067421360238285,170.0
2022-11-18,3,logistic,0.9128848570555035,150.0
2022-11-18,1,forest_clf,0.9276640396643815,136.0
2022-11-18,2,forest_clf,0.9348550057856171,170.0
2022-11-18,3,forest_clf,0.9244169803782752,150.0
2022-11-18,1,hgb_clf,0.9150890747604576,136.0
2022-11-18,2,hgb_clf,0.9352363438141791,170.0
2022-11-18,3,hgb_clf,0.9365322712476416,150.0
2022-11-19,1,logistic,0.8781788449413883,170.0
2022-11-19,2,logistic,0.9243366976050134,150.0
2022-11-19,3,logistic,0.9235905041183309,120.0
2022-11-19,1,forest_clf,0.8883684709999247,170.0
2022-11-19,2,forest_clf,0.9287492808102197,150.0
2022-11-19,3,forest_clf,0.9217408924302952,120.0
2022-11-19,1,hgb_clf,0.9076306878849779,170.0
2022-11-19,2,hgb_clf,0.9179120142422309,150.0
2022-11-19,3,hgb_clf,0.9486587919400459,120.0
2022-11-20,1,logistic,0.9110618870846681,150.0
2022-11-20,2,logistic,0.9388622401543953,120.0
2022-11-20,3,logistic,0.931354246688915,
2022-11-20,1,forest_clf,0.9472041487792072,150.0
2022-11-20,2,forest_clf,0.888403673143778,120.0
2022-11-20,3,forest_clf,0.9533512373440817,
2022-11-20,1,hgb_clf,0.9713625821352343,150.0
2022-11-20,2,hgb_clf,0.9260592778137942,120.0
2022-11-20,3,hgb_clf,0.9336752638504282,
2022-11-21,1,logistic,0.9237243322594122,120.0
2022-11-21,2,logistic,0.9077337537914693,
2022-11-21,3,logistic,0.9391893386028415,101.0
2022-11-21,1,forest_clf,0.8973602325287839,120.0
2022-11-21,2,forest_clf,0.8849866071072241,
2022-11-21,3,forest_clf,0.9480290522424863,101.0
2022-11-21,1,hgb_clf,0.9419437940371351,120.0
2022-11-21,2,hgb_clf,0.9401058766424067,
2022-11-21,3,hgb_clf,0.9527804345186385,101.0
2022-11-22,1,logistic,0.8566624097628197,
2022-11-22,2,logistic,0.8814995504766033,101.0
2022-11-22,3,logistic,0.9330287278707852,128.0
2022-11-22,1,forest_clf,0.7076139361972525,
2022-11-22,2,forest_clf,0.7968509786957917,101.0
2022-11-22,3,forest_clf,0.8477372623163787,128.0
2022-11-22,1,hgb_clf,0.8381586393404679,
2022-11-22,2,hgb_clf,0.8631924772383235,101.0
2022-11-22,3,hgb_clf,0.7915796091498388,128.0
2022-11-23,1,logistic,,101.0
2022-11-23,2,logistic,,128.0
2022-11-23,3,logistic,,191.0
2022-11-23,1,forest_clf,,101.0
2022-11-23,2,forest_clf,,128.0
2022-11-23,3,forest_clf,,191.0
2022-11-23,1,hgb_clf,0.8916888819510443,101.0
2022-11-23,2,hgb_clf,0.878757135810506,128.0
2022-11-23,3,hgb_clf,0.8496684094192545,191.0
2022-11-24,1,logistic,,128.0
2022-11-24,2,logistic,,191.0
2022-11-24,3,logistic,,179.0
2022-11-24,1,forest_clf,,128.0
2022-11-24,2,forest_clf,,191.0
2022-11-24,3,forest_clf,,179.0
2022-11-24,1,hgb_clf,0.6646160669704174,128.0
2022-11-24,2,hgb_clf,0.8116619423111842,191.0
2022-11-24,3,hgb_clf,0.8881827902903815,179.0
2022-11-25,1,logistic,,191.0
2022-11-25,2,logistic,,179.0
2022-11-25,3,logistic,,178.0
2022-11-25,1,forest_clf,,191.0
2022-11-25,2,forest_clf,,179.0
2022-11-25,3,forest_clf,,178.0
2022-11-25,1,hgb_clf,0.8664625464552435,191.0
2022-11-25,2,hgb_clf,0.8838292694009828,179.0
2022-11-25,3,hgb_clf,0.9238762245732656,178.0
2022-11-26,1,logistic,,179.0
2022-11-26,2,logistic,,178.0
2022-11-26,3,logistic,,217.0
2022-11-26,1,forest_clf,,179.0
2022-11-26,2,forest_clf,,178.0
2022-11-26,3,forest_clf,,217.0
2022-11-26,1,hgb_clf,0.9676330667458165,179.0
2022-11-26,2,hgb_clf,0.9232647279999932,178.0
2022-11-26,3,hgb_clf,0.8153500135640187,217.0
2022-11-27,1,logistic,0.939753101214777,178.0
2022-11-27,2,logistic,0.9248084509775504,217.0
2022-11-27,3,logistic,0.9290382911604627,182.0
2022-11-27,1,forest_clf,0.8725168608309967,178.0
2022-11-27,2,forest_clf,0.8289434727245019,217.0
2022-11-27,3,forest_clf,0.8939864537786322,182.0
2022-11-27,1,hgb_clf,0.9641855396129188,178.0
2022-11-27,2,hgb_clf,0.9138709295021349,217.0
2022-11-27,3,hgb_clf,0.7973155423628417,182.0
2022-11-28,1,logistic,0.9785592197871431,217.0
2022-11-28,2,logistic,0.9243012799198334,182.0
2022-11-28,3,logistic,0.9386058752680148,209.0
2022-11-28,1,forest_clf,0.8883454906956181,217.0
2022-11-28,2,forest_clf,0.8065168166814404,182.0
2022-11-28,3,forest_clf,0.931035494289691,209.0
2022-11-28,1,hgb_clf,0.9558573130583464,217.0
2022-11-28,2,hgb_clf,0.9340489997888284,182.0
2022-11-28,3,hgb_clf,0.9866612689091152,209.0
2022-11-29,1,logistic,0.9860965516401186,182.0
2022-11-29,2,logistic,0.9368075672261179,209.0
2022-11-29,3,logistic,0.9532933544008967,168.0
2022-11-29,1,forest_clf,0.9619709373505656,182.0
2022-11-29,2,forest_clf,0.9247970650802873,209.0
2022-11-29,3,forest_clf,0.9613261503854951,168.0
2022-11-29,1,hgb_clf,0.9698155868151269,182.0
2022-11-29,2,hgb_clf,0.9288754633284566,209.0
2022-11-29,3,hgb_clf,0.9729507046150236,168.0
2022-11-30,1,logistic,,209.0
2022-11-30,2,logistic,,168.0
2022-11-30,3,logistic,,196.0
2022-11-30,1,forest_clf,,209.0
2022-11-30,2,forest_clf,,168.0
2022-11-30,3,forest_clf,,196.0
2022-11-30,1,hgb_clf,0.9628232071032767,209.0
2022-11-30,2,hgb_clf,0.9246588454676756,168.0
2022-11-30,3,hgb_clf,0.9321043355414436,196.0
2022-12-01,1,logistic,0.9731894971182395,168.0
2022-12-01,2,logistic,0.9561628128737844,196.0
2022-12-01,3,logistic,0.9714925112275437,223.0
2022-12-01,1,forest_clf,0.9658330380597421,168.0
2022-12-01,2,forest_clf,0.9303898973882463,196.0
2022-12-01,3,forest_clf,0.9818298167874828,223.0
2022-12-01,1,hgb_clf,0.9715009358824337,168.0
2022-12-01,2,hgb_clf,0.9373033075832448,196.0
2022-12-01,3,hgb_clf,0.9811621310028843,223.0
2022-12-02,1,logistic,0.9316683999270716,196.0
2022-12-02,2,logistic,0.9351856916583007,223.0
2022-12-02,3,logistic,0.9669187914226955,178.0
2022-12-02,1,forest_clf,0.9536546745903282,196.0
2022-12-02,2,forest_clf,0.940219420776761,223.0
2022-12-02,3,forest_clf,0.9707825927461426,178.0
2022-12-02,1,hgb_clf,0.9667710861775081,196.0
2022-12-02,2,hgb_clf,0.9303199381840077,223.0
2022-12-02,3,hgb_clf,0.9824458477582952,178.0
2022-12-03,1,logistic,0.9517992335776235,223.0
2022-12-03,2,logistic,0.9661315570347004,178.0
2022-12-03,3,logistic,0.9704999987255012,215.0
2022-12-03,1,forest_clf,0.960986390006164,223.0
2022-12-03,2,forest_clf,0.9314762428601813,178.0
2022-12-03,3,forest_clf,0.9818855712812369,215.0
2022-12-03,1,hgb_clf,0.969657723723309,223.0
2022-12-03,2,hgb_clf,0.9355504295014772,178.0
2022-12-03,3,hgb_clf,0.984271400680988,215.0
2022-12-04,1,logistic,0.9666823175787579,178.0
2022-12-04,2,logistic,0.9687534040627036,215.0
2022-12-04,3,logistic,0.9766602092588884,138.0
2022-12-04,1,forest_clf,0.9636288596768555,178.0
2022-12-04,2,forest_clf,0.9515114801451342,215.0
2022-12-04,3,forest_clf,0.9415994964472779,138.0
2022-12-04,1,hgb_clf,0.9703698629524766,178.0
2022-12-04,2,hgb_clf,0.9411434896732137,215.0
2022-12-04,3,hgb_clf,0.9344002526604406,138.0
2022-12-05,1,logistic,0.9658798888751899,215.0
2022-12-05,2,logistic,0.9405878437254297,138.0
2022-12-05,3,logistic,0.9676875098082832,137.0
2022-12-05,1,forest_clf,0.9391723360813247,215.0
2022-12-05,2,forest_clf,0.9478088487724571,138.0
2022-12-05,3,forest_clf,0.9756912443226553,137.0
2022-12-05,1,hgb_clf,0.9583145703835331,215.0
2022-12-05,2,hgb_clf,0.9251528921699981,138.0
2022-12-05,3,hgb_clf,0.9730862399563233,137.0
2022-12-06,1,logistic,0.9784450971072781,138.0
2022-12-06,2,logistic,0.9630886994858673,137.0
2022-12-06,3,logistic,0.9728806582603476,169.0
2022-12-06,1,forest_clf,0.9619407364217801,138.0
2022-12-06,2,forest_clf,0.9326965868633458,137.0
2022-12-06,3,forest_clf,0.975207476135244,169.0
2022-12-06,1,hgb_clf,0.9669127794844912,138.0
2022-12-06,2,hgb_clf,0.9340524666656536,137.0
2022-12-06,3,hgb_clf,0.8690754778317534,169.0
2022-12-07,1,logistic,0.8786607125058682,137.0
2022-12-07,2,logistic,0.8898724438224328,169.0
2022-12-07,3,logistic,0.9539350306616183,206.0
2022-12-07,1,forest_clf,0.8484817909929648,137.0
2022-12-07,2,forest_clf,0.9348520343554887,169.0
2022-12-07,3,forest_clf,0.9656547185014484,206.0
2022-12-07,1,hgb_clf,0.8891105147226185,137.0
2022-12-07,2,hgb_clf,0.8952442691340858,169.0
2022-12-07,3,hgb_clf,0.9135116535161265,206.0
2022-12-08,1,logistic,0.8824937066117594,169.0
2022-12-08,2,logistic,0.892469110472397,206.0
2022-12-08,3,logistic,0.9476907607565271,142.0
2022-12-08,1,forest_clf,0.8935085030177045,169.0
2022-12-08,2,forest_clf,0.9229842611352896,206.0
2022-12-08,3,forest_clf,0.9587877589923657,142.0
2022-12-08,1,hgb_clf,0.8712958125589167,169.0
2022-12-08,2,hgb_clf,0.8727953579991711,206.0
2022-12-08,3,hgb_clf,0.808484597096203,142.0
2022-12-09,1,logistic,0.9371485993702666,206.0
2022-12-09,2,logistic,0.9303807464963302,142.0
2022-12-09,3,logistic,0.9696779977067602,93.0
2022-12-09,1,forest_clf,0.9436729939516002,206.0
2022-12-09,2,forest_clf,0.8969438176178711,142.0
2022-12-09,3,forest_clf,0.972176176962705,93.0
2022-12-09,1,hgb_clf,0.9654507213571966,206.0
2022-12-09,2,hgb_clf,0.8971912008090749,142.0
2022-12-09,3,hgb_clf,0.9051694404712473,93.0
2022-12-10,1,logistic,0.9683134174784944,142.0
2022-12-10,2,logistic,0.9677124559969054,93.0
2022-12-10,3,logistic,0.9775776017156579,69.3
2022-12-10,1,forest_clf,0.9563155710584941,142.0
2022-12-10,2,forest_clf,0.9051087317674202,93.0
2022-12-10,3,forest_clf,0.9534705997032834,69.3
2022-12-10,1,hgb_clf,0.9638322540453131,142.0
2022-12-10,2,hgb_clf,0.905023896335992,93.0
2022-12-10,3,hgb_clf,0.8026689764069281,69.3
2022-12-11,1,logistic,0.8956362402909284,93.0
2022-12-11,2,logistic,0.9311071797508458,69.3
2022-12-11,3,logistic,0.9571071414865161,81.9
2022-12-11,1,forest_clf,0.867346022713396,93.0
2022-12-11,2,forest_clf,0.9165505686818618,69.3
2022-12-11,3,forest_clf,0.9399271538653877,81.9
2022-12-11,1,hgb_clf,0.8616537746937976,93.0
2022-12-11,2,hgb_clf,0.8774174749184618,69.3
2022-12-11,3,hgb_clf,0.8243906572914691,81.9
2022-12-12,1,logistic,0.692484657206211,69.3
2022-12-12,2,logistic,0.7963687299417739,81.9
2022-12-12,3,logistic,0.9055574636787482,89.5
2022-12-12,1,forest_clf,0.4766154228628349,69.3
2022-12-12,2,forest_clf,0.7640032336708025,81.9
2022-12-12,3,forest_clf,0.7605007557040965,89.5
2022-12-12,1,hgb_clf,0.5701568906371595,69.3
2022-12-12,2,hgb_clf,0.8076265809313355,81.9
2022-12-12,3,hgb_clf,0.8317572588327232,89.5
2022-12-13,1,logistic,0.5201198975830522,81.9
2022-12-13,2,logistic,0.7498519722298918,89.5
2022-12-13,3,logistic,0.8872310623882723,102.0
2022-12-13,1,forest_clf,0.41429467681797155,81.9
2022-12-13,2,forest_clf,0.6222663192437391,89.5
2022-12-13,3,forest_clf,0.6498677003347616,102.0
2022-12-13,1,hgb_clf,0.4508693248161231,81.9
2022-12-13,2,hgb_clf,0.7994358251479727,89.5
2022-12-13,3,hgb_clf,0.7880350369633105,102.0
2022-12-14,1,logistic,0.5927200654989535,89.5
2022-12-14,2,logistic,0.7637008438236204,102.0
2022-12-14,3,logistic,0.9008376320129079,
2022-12-14,1,forest_clf,0.3512468447600394,89.5
2022-12-14,2,forest_clf,0.6517744918371007,102.0
2022-12-14,3,forest_clf,0.80070013461362,
2022-12-14,1,hgb_clf,0.5320197304224714,89.5
2022-12-14,2,hgb_clf,0.8530934458687428,102.0
2022-12-14,3,hgb_clf,0.9839554177162059,
2022-12-15,1,logistic,0.6311606719123921,102.0
2022-12-15,2,logistic,0.7728588596006275,
2022-12-15,3,logistic,0.8961105403445072,
2022-12-15,1,forest_clf,0.34088536473369535,102.0
2022-12-15,2,forest_clf,0.6814580343574523,
2022-12-15,3,forest_clf,0.809736847836929,
2022-12-15,1,hgb_clf,0.5031385756288405,102.0
2022-12-15,2,hgb_clf,0.866091683256354,
2022-12-15,3,hgb_clf,0.9798786282516082,
2022-12-16,1,logistic,0.6957701202308139,
2022-12-16,2,logistic,0.8061108280336328,
2022-12-16,3,logistic,0.8882499957152599,233.0
2022-12-16,1,forest_clf,0.5932117322390956,
2022-12-16,2,forest_clf,0.789265850816526,
2022-12-16,3,forest_clf,0.8382230086140268,233.0
2022-12-16,1,hgb_clf,0.7270060425189354,
2022-12-16,2,hgb_clf,0.8127208174119583,
2022-12-16,3,hgb_clf,0.972629824765129,233.0
2022-12-17,1,logistic,,
2022-12-17,2,logistic,,233.0
2022-12-17,3,logistic,,247.0
2022-12-17,1,forest_clf,,
2022-12-17,2,forest_clf,,233.0
2022-12-17,3,forest_clf,,247.0
2022-12-17,1,hgb_clf,0.7127501653925444,
2022-12-17,2,hgb_clf,0.8429523527434956,233.0
2022-12-17,3,hgb_clf,0.9798886753627751,247.0
2022-12-18,1,logistic,,233.0
2022-12-18,2,logistic,,247.0
2022-12-18,3,logistic,,223.0
2022-12-18,1,forest_clf,,233.0
2022-12-18,2,forest_clf,,247.0
2022-12-18,3,forest_clf,,223.0
2022-12-18,1,hgb_clf,0.6978247392326256,233.0
2022-12-18,2,hgb_clf,0.8648844670361278,247.0
2022-12-18,3,hgb_clf,0.9776566931443869,223.0
2022-12-19,1,logistic,,247.0
2022-12-19,2,logistic,,223.0
2022-12-19,3,logistic,,236.0
2022-12-19,1,forest_clf,,247.0
2022-12-19,2,forest_clf,,223.0
2022-12-19,3,forest_clf,,236.0
2022-12-19,1,hgb_clf,0.9402117606071073,247.0
2022-12-19,2,hgb_clf,0.9247099617736598,223.0
2022-12-19,3,hgb_clf,0.9903632579931285,236.0
2022-12-20,1,logistic,,223.0
2022-12-20,2,logistic,,236.0
2022-12-20,3,logistic,,
2022-12-20,1,forest_clf,,223.0
2022-12-20,2,forest_clf,,236.0
2022-12-20,3,forest_clf,,
2022-12-20,1,hgb_clf,0.9620322134486344,223.0
2022-12-20,2,hgb_clf,0.9453127886378558,236.0
2022-12-20,3,hgb_clf,0.9822409808820673,
2022-12-21,1,logistic,,236.0
2022-12-21,2,logistic,,
2022-12-21,3,logistic,,169.0
2022-12-21,1,forest_clf,,236.0
2022-12-21,2,forest_clf,,
2022-12-21,3,forest_clf,,169.0
2022-12-21,1,hgb_clf,0.9672101047047617,236.0
2022-12-21,2,hgb_clf,0.9563436222673364,
2022-12-21,3,hgb_clf,0.9781054632234645,169.0
2022-12-22,1,logistic,0.9810554890028137,
2022-12-22,2,logistic,0.9086109780728759,169.0
2022-12-22,3,logistic,0.9161611621912606,202.0
2022-12-22,1,forest_clf,0.9784708875309271,
2022-12-22,2,forest_clf,0.960460810236642,169.0
2022-12-22,3,forest_clf,0.9298890752700245,202.0
2022-12-22,1,hgb_clf,0.9764416040929236,
2022-12-22,2,hgb_clf,0.9547461834811855,169.0
2022-12-22,3,hgb_clf,0.9785587328456214,202.0
2022-12-23,1,logistic,,169.0
2022-12-23,2,logistic,,202.0
2022-12-23,3,logistic,,223.0
2022-12-23,1,forest_clf,,169.0
2022-12-23,2,forest_clf,,202.0
2022-12-23,3,forest_clf,,223.0
2022-12-23,1,hgb_clf,0.9232702988718928,169.0
2022-12-23,2,hgb_clf,0.9525244724523323,202.0
2022-12-23,3,hgb_clf,0.9901035609185684,223.0
2022-12-24,1,logistic,,202.0
2022-12-24,2,logistic,,223.0
2022-12-24,3,logistic,,192.0
2022-12-24,1,forest_clf,,202.0
2022-12-24,2,forest_clf,,223.0
2022-12-24,3,forest_clf,,192.0
2022-12-24,1,hgb_clf,0.9699724176225241,202.0
2022-12-24,2,hgb_clf,0.9589884024513425,223.0
2022-12-24,3,hgb_clf,0.9380407427034081,192.0
2022-12-25,1,logistic,,223.0
2022-12-25,2,logistic,,192.0
2022-12-25,3,logistic,,165.0
2022-12-25,1,forest_clf,,223.0
2022-12-25,2,forest_clf,,192.0
2022-12-25,3,forest_clf,,165.0
2022-12-25,1,hgb_clf,0.9755814991833377,223.0
2022-12-25,2,hgb_clf,0.9633039543378513,192.0
2022-12-25,3,hgb_clf,0.9651998593834435,165.0
2022-12-26,1,logistic,,192.0
2022-12-26,2,logistic,,165.0
2022-12-26,3,logistic,,190.0
2022-12-26,1,forest_clf,,192.0
2022-12-26,2,forest_clf,,165.0
2022-12-26,3,forest_clf,,190.0
2022-12-26,1,hgb_clf,0.9787698769592681,192.0
2022-12-26,2,hgb_clf,0.9639608966179806,165.0
2022-12-26,3,hgb_clf,0.9552644789447307,190.0
2022-12-27,1,logistic,0.9612533520528205,165.0
2022-12-27,2,logistic,0.9383437175721199,190.0
2022-12-27,3,logistic,0.929516437807722,299.0
2022-12-27,1,forest_clf,0.9720466088786572,165.0
2022-12-27,2,forest_clf,0.9556536810631832,190.0
2022-12-27,3,forest_clf,0.9781840073115375,299.0
2022-12-27,1,hgb_clf,0.9757957221951538,165.0
2022-12-27,2,hgb_clf,0.9564354662165462,190.0
2022-12-27,3,hgb_clf,0.9717577096031202,299.0
2022-12-28,1,logistic,0.9263619851591952,190.0
2022-12-28,2,logistic,0.9170427399018398,299.0
2022-12-28,3,logistic,0.9214365636134038,193.0
2022-12-28,1,forest_clf,0.9571392767635225,190.0
2022-12-28,2,forest_clf,0.9793611865179013,299.0
2022-12-28,3,forest_clf,0.9638338839805813,193.0
2022-12-28,1,hgb_clf,0.9651211897199898,190.0
2022-12-28,2,hgb_clf,0.9450535071261311,299.0
2022-12-28,3,hgb_clf,0.9238240471527672,193.0
2022-12-29,1,logistic,0.9609398508533376,299.0
2022-12-29,2,logistic,0.9462873620425755,193.0
2022-12-29,3,logistic,0.9437310630017751,128.0
2022-12-29,1,forest_clf,0.9652338711532793,299.0
2022-12-29,2,forest_clf,0.9443888413823202,193.0
2022-12-29,3,forest_clf,0.9586520383784933,128.0
2022-12-29,1,hgb_clf,0.980283739731489,299.0
2022-12-29,2,hgb_clf,0.9540134361267953,193.0
2022-12-29,3,hgb_clf,0.966711257010103,128.0
2022-12-30,1,logistic,,193.0
2022-12-30,2,logistic,,128.0
2022-12-30,3,logistic,,269.0
2022-12-30,1,forest_clf,,193.0
2022-12-30,2,forest_clf,,128.0
2022-12-30,3,forest_clf,,269.0
2022-12-30,1,hgb_clf,0.9776548031528456,193.0
2022-12-30,2,hgb_clf,0.9654955999067846,128.0
2022-12-30,3,hgb_clf,0.9712881261011079,269.0
2022-12-31,1,logistic,0.9773098331051574,128.0
2022-12-31,2,logistic,0.9752379743200982,269.0
2022-12-31,3,logistic,0.9788112616608348,281.0
2022-12-31,1,forest_clf,0.9588248186334062,128.0
2022-12-31,2,forest_clf,0.951635236717574,269.0
2022-12-31,3,forest_clf,0.95709755395257,281.0
2022-12-31,1,hgb_clf,0.9762795592875366,128.0
2022-12-31,2,hgb_clf,0.9284906502848246,269.0
2022-12-31,3,hgb_clf,0.9608462328924828,281.0
2023-01-01,1,logistic,0.865998459621135,269.0
2023-01-01,2,logistic,0.8886929478718211,281.0
2023-01-01,3,logistic,0.9210200485294857,214.0
2023-01-01,1,forest_clf,0.874545968511507,269.0
2023-01-01,2,forest_clf,0.9330065258239003,281.0
2023-01-01,3,forest_clf,0.8853783118985895,214.0
2023-01-01,1,hgb_clf,0.8942998114429463,269.0
2023-01-01,2,hgb_clf,0.9181052485233844,281.0
2023-01-01,3,hgb_clf,0.7520197954933018,214.0
2023-01-02,1,logistic,0.9907734734371708,281.0
2023-01-02,2,logistic,0.96218960598109,214.0
2023-01-02,3,logistic,0.9635922755752084,245.0
2023-01-02,1,forest_clf,0.9871190394691154,281.0
2023-01-02,2,forest_clf,0.9561343372322209,214.0
2023-01-02,3,forest_clf,0.8797854952088595,245.0
2023-01-02,1,hgb_clf,0.9783357382283949,281.0
2023-01-02,2,hgb_clf,0.9574149086310497,214.0
2023-01-02,3,hgb_clf,0.93269537916073,245.0
2023-01-03,1,logistic,0.9895360923026598,214.0
2023-01-03,2,logistic,0.9538549005960681,245.0
2023-01-03,3,logistic,0.9591575886521386,311.0
2023-01-03,1,forest_clf,0.9858652994080083,214.0
2023-01-03,2,forest_clf,0.9662410450047834,245.0
2023-01-03,3,forest_clf,0.9601923608906255,311.0
2023-01-03,1,hgb_clf,0.978638476835624,214.0
2023-01-03,2,hgb_clf,0.9628544901930148,245.0
2023-01-03,3,hgb_clf,0.9253942127863319,311.0
2023-01-04,1,logistic,0.9911164787203492,245.0
2023-01-04,2,logistic,0.9473332326435809,311.0
2023-01-04,3,logistic,0.9563413603370774,295.0
2023-01-04,1,forest_clf,0.9686372619342368,245.0
2023-01-04,2,forest_clf,0.9561910919481618,311.0
2023-01-04,3,forest_clf,0.953567085745063,295.0
2023-01-04,1,hgb_clf,0.9717045776309878,245.0
2023-01-04,2,hgb_clf,0.9541233793671825,311.0
2023-01-04,3,hgb_clf,0.7456888504026158,295.0
2023-01-05,1,logistic,0.9925763942664569,311.0
2023-01-05,2,logistic,0.9609876179566659,295.0
2023-01-05,3,logistic,0.962182310705414,299.0
2023-01-05,1,forest_clf,0.9920420500190592,311.0
2023-01-05,2,forest_clf,0.9458331192032362,295.0
2023-01-05,3,forest_clf,0.9194378560676654,299.0
2023-01-05,1,hgb_clf,0.9797631741507873,311.0
2023-01-05,2,hgb_clf,0.9530386746094157,295.0
2023-01-05,3,hgb_clf,0.8969198176512256,299.0
2023-01-06,1,logistic,0.9972272066103315,295.0
2023-01-06,2,logistic,0.9766603674354551,299.0
2023-01-06,3,logistic,0.9623110646796691,449.0
2023-01-06,1,forest_clf,0.9933496874771046,295.0
2023-01-06,2,forest_clf,0.9703915994726401,299.0
2023-01-06,3,forest_clf,0.8890912003954626,449.0
2023-01-06,1,hgb_clf,0.9842485832693292,295.0
2023-01-06,2,hgb_clf,0.9650602250068301,299.0
2023-01-06,3,hgb_clf,0.9684955027673476,449.0
2023-01-07,1,logistic,0.9972098983086367,299.0
2023-01-07,2,logistic,0.9800426646717564,449.0
2023-01-07,3,logistic,0.968661732456812,300.0
2023-01-07,1,forest_clf,0.9924673999057693,299.0
2023-01-07,2,forest_clf,0.9746020882136829,449.0
2023-01-07,3,forest_clf,0.9259563427358257,300.0
2023-01-07,1,hgb_clf,0.9781395696451427,299.0
2023-01-07,2,hgb_clf,0.9643543734231407,449.0
2023-01-07,3,hgb_clf,0.9307352586304863,300.0
2023-01-08,1,logistic,0.9977687393003004,449.0
2023-01-08,2,logistic,0.9818731578288845,300.0
2023-01-08,3,logistic,0.9697360528198139,197.0
2023-01-08,1,forest_clf,0.9901938214331394,449.0
2023-01-08,2,forest_clf,0.895779495645862,300.0
2023-01-08,3,forest_clf,0.9006934567155563,197.0
2023-01-08,1,hgb_clf,0.9768231523777353,449.0
2023-01-08,2,hgb_clf,0.9611108345681258,300.0
2023-01-08,3,hgb_clf,0.9609363604113087,197.0
2023-01-09,1,logistic,0.9998643729897068,300.0
2023-01-09,2,logistic,0.9925155214964698,197.0
2023-01-09,3,logistic,0.9698060262783043,
2023-01-09,1,forest_clf,0.9832262881394559,300.0
2023-01-09,2,forest_clf,0.8933699904180026,197.0
2023-01-09,3,forest_clf,0.8018716238513742,
2023-01-09,1,hgb_clf,0.9774794485971191,300.0
2023-01-09,2,hgb_clf,0.9582516655191023,197.0
2023-01-09,3,hgb_clf,0.9675547757156464,
2023-01-10,1,logistic,0.9986121264033133,197.0
2023-01-10,2,logistic,0.977653413397883,
2023-01-10,3,logistic,0.960853030005994,
2023-01-10,1,forest_clf,0.9653427710071893,197.0
2023-01-10,2,forest_clf,0.88576330923302,
2023-01-10,3,forest_clf,0.8709074565006897,
2023-01-10,1,hgb_clf,0.9708871222933441,197.0
2023-01-10,2,hgb_clf,0.9595150369405969,
2023-01-10,3,hgb_clf,0.9134055451402328,
2023-01-11,1,logistic,,
2023-01-11,2,logistic,,
2023-01-11,3,logistic,,
2023-01-11,1,forest_clf,,
2023-01-11,2,forest_clf,,
2023-01-11,3,forest_clf,,
2023-01-11,1,hgb_clf,,
2023-01-11,2,hgb_clf,,
2023-01-11,3,hgb_clf,,
2023-01-12,1,logistic,,
2023-01-12,2,logistic,,
2023-01-12,3,logistic,,
2023-01-12,1,forest_clf,,
2023-01-12,2,forest_clf,,
2023-01-12,3,forest_clf,,
2023-01-12,1,hgb_clf,,
2023-01-12,2,hgb_clf,,
2023-01-12,3,hgb_clf,,
2023-01-13,1,logistic,,
2023-01-13,2,logistic,,
2023-01-13,3,logistic,,126.0
2023-01-13,1,forest_clf,,
2023-01-13,2,forest_clf,,
2023-01-13,3,forest_clf,,126.0
2023-01-13,1,hgb_clf,0.9033059925704928,
2023-01-13,2,hgb_clf,0.9522259171650734,
2023-01-13,3,hgb_clf,0.9633163536266207,126.0
2023-01-14,1,logistic,,
2023-01-14,2,logistic,,126.0
2023-01-14,3,logistic,,153.0
2023-01-14,1,forest_clf,,
2023-01-14,2,forest_clf,,126.0
2023-01-14,3,forest_clf,,153.0
2023-01-14,1,hgb_clf,0.9033059925704928,
2023-01-14,2,hgb_clf,0.9522259171650734,126.0
2023-01-14,3,hgb_clf,0.9808985410941269,153.0
2023-01-15,1,logistic,,126.0
2023-01-15,2,logistic,,153.0
2023-01-15,3,logistic,,175.0
2023-01-15,1,forest_clf,,126.0
2023-01-15,2,forest_clf,,153.0
2023-01-15,3,forest_clf,,175.0
2023-01-15,1,hgb_clf,0.9055378602440615,126.0
2023-01-15,2,hgb_clf,0.9547616830416968,153.0
2023-01-15,3,hgb_clf,0.984976429651775,175.0
2023-01-16,1,logistic,,153.0
2023-01-16,2,logistic,,175.0
2023-01-16,3,logistic,,223.0
2023-01-16,1,forest_clf,,153.0
2023-01-16,2,forest_clf,,175.0
2023-01-16,3,forest_clf,,223.0
2023-01-16,1,hgb_clf,0.9274829160958022,153.0
2023-01-16,2,hgb_clf,0.9477857457641583,175.0
2023-01-16,3,hgb_clf,0.9843054654938597,223.0
2023-01-17,1,logistic,,175.0
2023-01-17,2,logistic,,223.0
2023-01-17,3,logistic,,96.5
2023-01-17,1,forest_clf,,175.0
2023-01-17,2,forest_clf,,223.0
2023-01-17,3,forest_clf,,96.5
2023-01-17,1,hgb_clf,0.9357245415178588,175.0
2023-01-17,2,hgb_clf,0.9508060425855186,223.0
2023-01-17,3,hgb_clf,0.9697813112287592,96.5
2023-01-18,1,logistic,,223.0
2023-01-18,2,logistic,,96.5
2023-01-18,3,logistic,,198.0
2023-01-18,1,forest_clf,,223.0
2023-01-18,2,forest_clf,,96.5
2023-01-18,3,forest_clf,,198.0
2023-01-18,1,hgb_clf,0.9662851546939129,223.0
2023-01-18,2,hgb_clf,0.9436940785897966,96.5
2023-01-18,3,hgb_clf,0.947723404328731,198.0
2023-01-19,1,logistic,,96.5
2023-01-19,2,logistic,,198.0
2023-01-19,3,logistic,,
2023-01-19,1,forest_clf,,96.5
2023-01-19,2,forest_clf,,198.0
2023-01-19,3,forest_clf,,
2023-01-19,1,hgb_clf,0.9700774782064823,96.5
2023-01-19,2,hgb_clf,0.9507194221195991,198.0
2023-01-19,3,hgb_clf,0.8194012824580834,
2023-01-20,1,logistic,,198.0
2023-01-20,2,logistic,,
2023-01-20,3,logistic,,136.0
2023-01-20,1,forest_clf,,198.0
2023-01-20,2,forest_clf,,
2023-01-20,3,forest_clf,,136.0
2023-01-20,1,hgb_clf,0.5045374880977224,198.0
2023-01-20,2,hgb_clf,0.6848903600990117,
2023-01-20,3,hgb_clf,0.6136276596428224,136.0
2023-01-21,1,logistic,,
2023-01-21,2,logistic,,136.0
2023-01-21,3,logistic,,89.1
2023-01-21,1,forest_clf,,
2023-01-21,2,forest_clf,,136.0
2023-01-21,3,forest_clf,,89.1
2023-01-21,1,hgb_clf,0.9635946455748399,
2023-01-21,2,hgb_clf,0.8520787800707769,136.0
2023-01-21,3,hgb_clf,0.8498843796155652,89.1
2023-01-22,1,logistic,,136.0
2023-01-22,2,logistic,,89.1
2023-01-22,3,logistic,,95.1
2023-01-22,1,forest_clf,,136.0
2023-01-22,2,forest_clf,,89.1
2023-01-22,3,forest_clf,,95.1
2023-01-22,1,hgb_clf,0.8482478810580808,136.0
2023-01-22,2,hgb_clf,0.7462680300125736,89.1
2023-01-22,3,hgb_clf,0.5483515123017766,95.1
2023-01-23,1,logistic,,89.1
2023-01-23,2,logistic,,95.1
2023-01-23,3,logistic,,157.0
2023-01-23,1,forest_clf,,89.1
2023-01-23,2,forest_clf,,95.1
2023-01-23,3,forest_clf,,157.0
2023-01-23,1,hgb_clf,0.8340173098527647,89.1
2023-01-23,2,hgb_clf,0.8085779334004081,95.1
2023-01-23,3,hgb_clf,0.7977487159186932,157.0
2023-01-24,1,logistic,,95.1
2023-01-24,2,logistic,,157.0
2023-01-24,3,logistic,,101.0
2023-01-24,1,forest_clf,,95.1
2023-01-24,2,forest_clf,,157.0
2023-01-24,3,forest_clf,,101.0
2023-01-24,1,hgb_clf,0.555548478226483,95.1
2023-01-24,2,hgb_clf,0.8106103421609022,157.0
2023-01-24,3,hgb_clf,0.9017212474179891,101.0
2023-01-25,1,logistic,,157.0
2023-01-25,2,logistic,,101.0
2023-01-25,3,logistic,,121.0
2023-01-25,1,forest_clf,,157.0
2023-01-25,2,forest_clf,,101.0
2023-01-25,3,forest_clf,,121.0
2023-01-25,1,hgb_clf,0.5440746644913209,157.0
2023-01-25,2,hgb_clf,0.7777040800882792,101.0
2023-01-25,3,hgb_clf,0.8246229558227183,121.0
2023-01-26,1,logistic,0.8491142245540276,101.0
2023-01-26,2,logistic,0.8191999762105325,121.0
2023-01-26,3,logistic,0.765813760771054,176.0
2023-01-26,1,forest_clf,0.8218889797516359,101.0
2023-01-26,2,forest_clf,0.736254308452089,121.0
2023-01-26,3,forest_clf,0.6812487801165298,176.0
2023-01-26,1,hgb_clf,0.8724714685661284,101.0
2023-01-26,2,hgb_clf,0.8844282532783547,121.0
2023-01-26,3,hgb_clf,0.7204885695211118,176.0
2023-01-27,1,logistic,0.6876155390757939,121.0
2023-01-27,2,logistic,0.7007635282607805,176.0
2023-01-27,3,logistic,0.7455785786985045,68.2
2023-01-27,1,forest_clf,0.532192531295629,121.0
2023-01-27,2,forest_clf,0.640309125478141,176.0
2023-01-27,3,forest_clf,0.6848960184404816,68.2
2023-01-27,1,hgb_clf,0.6681170462713815,121.0
2023-01-27,2,hgb_clf,0.7885780428052533,176.0
2023-01-27,3,hgb_clf,0.7352409197417418,68.2
2023-01-28,1,logistic,0.7085247975907145,176.0
2023-01-28,2,logistic,0.773928641068067,68.2
2023-01-28,3,logistic,0.7209272633777645,90.2
2023-01-28,1,forest_clf,0.6853802749760373,176.0
2023-01-28,2,forest_clf,0.7543329582657495,68.2
2023-01-28,3,forest_clf,0.7102644772498747,90.2
2023-01-28,1,hgb_clf,0.6967045073491147,176.0
2023-01-28,2,hgb_clf,0.7455176125335189,68.2
2023-01-28,3,hgb_clf,0.8226364864611775,90.2
2023-01-29,1,logistic,,68.2
2023-01-29,2,logistic,,90.2
2023-01-29,3,logistic,,87.4
2023-01-29,1,forest_clf,,68.2
2023-01-29,2,forest_clf,,90.2
2023-01-29,3,forest_clf,,87.4
2023-01-29,1,hgb_clf,0.9553114428337122,68.2
2023-01-29,2,hgb_clf,0.9028181306902728,90.2
2023-01-29,3,hgb_clf,0.7374095571602686,87.4
2023-01-30,1,logistic,0.4987274289587274,90.2
2023-01-30,2,logistic,0.6303509862134349,87.4
2023-01-30,3,logistic,0.7451925388135371,
2023-01-30,1,forest_clf,0.3898472400706508,90.2
2023-01-30,2,forest_clf,0.6084006677473314,87.4
2023-01-30,3,forest_clf,0.5953473795677943,
2023-01-30,1,hgb_clf,0.3954599540615849,90.2
2023-01-30,2,hgb_clf,0.656914414794037,87.4
2023-01-30,3,hgb_clf,0.5745710241658282,
2023-01-31,1,logistic,0.5115032768230295,87.4
2023-01-31,2,logistic,0.6332557235952816,
2023-01-31,3,logistic,0.719614861848584,
2023-01-31,1,forest_clf,0.34965816136821515,87.4
2023-01-31,2,forest_clf,0.5826544927400181,
2023-01-31,3,forest_clf,0.655379269900501,
2023-01-31,1,hgb_clf,0.44035305949847686,87.4
2023-01-31,2,hgb_clf,0.6656901812008111,
2023-01-31,3,hgb_clf,0.7512277818651083,
2023-02-01,1,logistic,,
2023-02-01,2,logistic,,
2023-02-01,3,logistic,,
2023-02-01,1,forest_clf,,
2023-02-01,2,forest_clf,,
2023-02-01,3,forest_clf,,
2023-02-01,1,hgb_clf,,
2023-02-01,2,hgb_clf,,
2023-02-01,3,hgb_clf,,
2023-02-02,1,logistic,,
2023-02-02,2,logistic,,
2023-02-02,3,logistic,,
2023-02-02,1,forest_clf,,
2023-02-02,2,forest_clf,,
2023-02-02,3,forest_clf,,
2023-02-02,1,hgb_clf,,
2023-02-02,2,hgb_clf,,
2023-02-02,3,hgb_clf,,
2023-02-03,1,logistic,,
2023-02-03,2,logistic,,
2023-02-03,3,logistic,,
2023-02-03,1,forest_clf,,
2023-02-03,2,forest_clf,,
2023-02-03,3,forest_clf,,
2023-02-03,1,hgb_clf,,
2023-02-03,2,hgb_clf,,
2023-02-03,3,hgb_clf,,
2023-02-04,1,logistic,,
2023-02-04,2,logistic,,
2023-02-04,3,logistic,,
2023-02-04,1,forest_clf,,
2023-02-04,2,forest_clf,,
2023-02-04,3,forest_clf,,
2023-02-04,1,hgb_clf,,
2023-02-04,2,hgb_clf,,
2023-02-04,3,hgb_clf,,
2023-02-05,1,logistic,,
2023-02-05,2,logistic,,
2023-02-05,3,logistic,,
2023-02-05,1,forest_clf,,
2023-02-05,2,forest_clf,,
2023-02-05,3,forest_clf,,
2023-02-05,1,hgb_clf,,
2023-02-05,2,hgb_clf,,
2023-02-05,3,hgb_clf,,
2023-02-06,1,logistic,,
2023-02-06,2,logistic,,
2023-02-06,3,logistic,,
2023-02-06,1,forest_clf,,
2023-02-06,2,forest_clf,,
2023-02-06,3,forest_clf,,
2023-02-06,1,hgb_clf,,
2023-02-06,2,hgb_clf,,
2023-02-06,3,hgb_clf,,
2023-02-07,1,logistic,,
2023-02-07,2,logistic,,
2023-02-07,3,logistic,,
2023-02-07,1,forest_clf,,
2023-02-07,2,forest_clf,,
2023-02-07,3,forest_clf,,
2023-02-07,1,hgb_clf,,
2023-02-07,2,hgb_clf,,
2023-02-07,3,hgb_clf,,
2023-02-08,1,logistic,,
2023-02-08,2,logistic,,
2023-02-08,3,logistic,,
2023-02-08,1,forest_clf,,
2023-02-08,2,forest_clf,,
2023-02-08,3,forest_clf,,
2023-02-08,1,hgb_clf,,
2023-02-08,2,hgb_clf,,
2023-02-08,3,hgb_clf,,
2023-02-09,1,logistic,,
2023-02-09,2,logistic,,
2023-02-09,3,logistic,,
2023-02-09,1,forest_clf,,
2023-02-09,2,forest_clf,,
2023-02-09,3,forest_clf,,
2023-02-09,1,hgb_clf,,
2023-02-09,2,hgb_clf,,
2023-02-09,3,hgb_clf,,
2023-02-10,1,logistic,,
2023-02-10,2,logistic,,
2023-02-10,3,logistic,,
2023-02-10,1,forest_clf,,
2023-02-10,2,forest_clf,,
2023-02-10,3,forest_clf,,
2023-02-10,1,hgb_clf,,
2023-02-10,2,hgb_clf,,
2023-02-10,3,hgb_clf,,
2023-02-11,1,logistic,,
2023-02-11,2,logistic,,
2023-02-11,3,logistic,,58.4
2023-02-11,1,forest_clf,,
2023-02-11,2,forest_clf,,
2023-02-11,3,forest_clf,,58.4
2023-02-11,1,hgb_clf,0.44267193246905356,
2023-02-11,2,hgb_clf,0.376648705064094,
2023-02-11,3,hgb_clf,0.3069260529711766,58.4
2023-02-12,1,logistic,,
2023-02-12,2,logistic,,58.4
2023-02-12,3,logistic,,91.0
2023-02-12,1,forest_clf,,
2023-02-12,2,forest_clf,,58.4
2023-02-12,3,forest_clf,,91.0
2023-02-12,1,hgb_clf,0.3510947329213699,
2023-02-12,2,hgb_clf,0.376648705064094,58.4
2023-02-12,3,hgb_clf,0.33426843476586066,91.0
2023-02-13,1,logistic,,58.4
2023-02-13,2,logistic,,91.0
2023-02-13,3,logistic,,
2023-02-13,1,forest_clf,,58.4
2023-02-13,2,forest_clf,,91.0
2023-02-13,3,forest_clf,,
2023-02-13,1,hgb_clf,0.3996495843547546,58.4
2023-02-13,2,hgb_clf,0.39774669680642855,91.0
2023-02-13,3,hgb_clf,0.4302822749445352,
2023-02-14,1,logistic,,91.0
2023-02-14,2,logistic,,
2023-02-14,3,logistic,,
2023-02-14,1,forest_clf,,91.0
2023-02-14,2,forest_clf,,
2023-02-14,3,forest_clf,,
2023-02-14,1,hgb_clf,0.162210928486916,91.0
2023-02-14,2,hgb_clf,0.2997285683618371,
2023-02-14,3,hgb_clf,0.3582269234844307,
2023-02-15,1,logistic,,
2023-02-15,2,logistic,,
2023-02-15,3,logistic,,
2023-02-15,1,forest_clf,,
2023-02-15,2,forest_clf,,
2023-02-15,3,forest_clf,,
2023-02-15,1,hgb_clf,,
2023-02-15,2,hgb_clf,,
2023-02-15,3,hgb_clf,,
2023-02-16,1,logistic,,
2023-02-16,2,logistic,,
2023-02-16,3,logistic,,
2023-02-16,1,forest_clf,,
2023-02-16,2,forest_clf,,
2023-02-16,3,forest_clf,,
2023-02-16,1,hgb_clf,,
2023-02-16,2,hgb_clf,,
2023-02-16,3,hgb_clf,,
2023-02-17,1,logistic,,
2023-02-17,2,logistic,,
2023-02-17,3,logistic,,
2023-02-17,1,forest_clf,,
2023-02-17,2,forest_clf,,
2023-02-17,3,forest_clf,,
2023-02-17,1,hgb_clf,,
2023-02-17,2,hgb_clf,,
2023-02-17,3,hgb_clf,,
2023-02-18,1,logistic,,
2023-02-18,2,logistic,,
2023-02-18,3,logistic,,
2023-02-18,1,forest_clf,,
2023-02-18,2,forest_clf,,
2023-02-18,3,forest_clf,,
2023-02-18,1,hgb_clf,,
2023-02-18,2,hgb_clf,,
2023-02-18,3,hgb_clf,,
2023-02-19,1,logistic,,
2023-02-19,2,logistic,,
2023-02-19,3,logistic,,
2023-02-19,1,forest_clf,,
2023-02-19,2,forest_clf,,
2023-02-19,3,forest_clf,,
2023-02-19,1,hgb_clf,,
2023-02-19,2,hgb_clf,,
2023-02-19,3,hgb_clf,,
2023-02-20,1,logistic,,
2023-02-20,2,logistic,,
2023-02-20,3,logistic,,
2023-02-20,1,forest_clf,,
2023-02-20,2,forest_clf,,
2023-02-20,3,forest_clf,,
2023-02-20,1,hgb_clf,,
2023-02-20,2,hgb_clf,,
2023-02-20,3,hgb_clf,,
2023-02-21,1,logistic,,
2023-02-21,2,logistic,,
2023-02-21,3,logistic,,
2023-02-21,1,forest_clf,,
2023-02-21,2,forest_clf,,
2023-02-21,3,forest_clf,,
2023-02-21,1,hgb_clf,,
2023-02-21,2,hgb_clf,,
2023-02-21,3,hgb_clf,,
2023-02-22,1,logistic,,
2023-02-22,2,logistic,,
2023-02-22,3,logistic,,
2023-02-22,1,forest_clf,,
2023-02-22,2,forest_clf,,
2023-02-22,3,forest_clf,,
2023-02-22,1,hgb_clf,,
2023-02-22,2,hgb_clf,,
2023-02-22,3,hgb_clf,,
2023-02-23,1,logistic,,
2023-02-23,2,logistic,,
2023-02-23,3,logistic,,
2023-02-23,1,forest_clf,,
2023-02-23,2,forest_clf,,
2023-02-23,3,forest_clf,,
2023-02-23,1,hgb_clf,,
2023-02-23,2,hgb_clf,,
2023-02-23,3,hgb_clf,,
2023-02-24,1,logistic,,
2023-02-24,2,logistic,,
2023-02-24,3,logistic,,
2023-02-24,1,forest_clf,,
2023-02-24,2,forest_clf,,
2023-02-24,3,forest_clf,,
2023-02-24,1,hgb_clf,,
2023-02-24,2,hgb_clf,,
2023-02-24,3,hgb_clf,,
2023-02-25,1,logistic,,
2023-02-25,2,logistic,,
2023-02-25,3,logistic,,
2023-02-25,1,forest_clf,,
2023-02-25,2,forest_clf,,
2023-02-25,3,forest_clf,,
2023-02-25,1,hgb_clf,,
2023-02-25,2,hgb_clf,,
2023-02-25,3,hgb_clf,,
2023-02-26,1,logistic,,
2023-02-26,2,logistic,,
2023-02-26,3,logistic,,
2023-02-26,1,forest_clf,,
2023-02-26,2,forest_clf,,
2023-02-26,3,forest_clf,,
2023-02-26,1,hgb_clf,,
2023-02-26,2,hgb_clf,,
2023-02-26,3,hgb_clf,,
2023-02-27,1,logistic,,
2023-02-27,2,logistic,,
2023-02-27,3,logistic,,
2023-02-27,1,forest_clf,,
2023-02-27,2,forest_clf,,
2023-02-27,3,forest_clf,,
2023-02-27,1,hgb_clf,,
2023-02-27,2,hgb_clf,,
2023-02-27,3,hgb_clf,,
2023-02-28,1,logistic,,
2023-02-28,2,logistic,,
2023-02-28,3,logistic,,
2023-02-28,1,forest_clf,,
2023-02-28,2,forest_clf,,
2023-02-28,3,forest_clf,,
2023-02-28,1,hgb_clf,,
2023-02-28,2,hgb_clf,,
2023-02-28,3,hgb_clf,,
2023-03-01,1,logistic,,
2023-03-01,2,logistic,,
2023-03-01,3,logistic,,
2023-03-01,1,forest_clf,,
2023-03-01,2,forest_clf,,
2023-03-01,3,forest_clf,,
2023-03-01,1,hgb_clf,,
2023-03-01,2,hgb_clf,,
2023-03-01,3,hgb_clf,,
2023-03-02,1,logistic,,
2023-03-02,2,logistic,,
2023-03-02,3,logistic,,
2023-03-02,1,forest_clf,,
2023-03-02,2,forest_clf,,
2023-03-02,3,forest_clf,,
2023-03-02,1,hgb_clf,,
2023-03-02,2,hgb_clf,,
2023-03-02,3,hgb_clf,,
2023-03-03,1,logistic,,
2023-03-03,2,logistic,,
2023-03-03,3,logistic,,
2023-03-03,1,forest_clf,,
2023-03-03,2,forest_clf,,
2023-03-03,3,forest_clf,,
2023-03-03,1,hgb_clf,,
2023-03-03,2,hgb_clf,,
2023-03-03,3,hgb_clf,,
2023-03-04,1,logistic,,
2023-03-04,2,logistic,,
2023-03-04,3,logistic,,
2023-03-04,1,forest_clf,,
2023-03-04,2,forest_clf,,
2023-03-04,3,forest_clf,,
2023-03-04,1,hgb_clf,,
2023-03-04,2,hgb_clf,,
2023-03-04,3,hgb_clf,,
2023-03-05,1,logistic,,
2023-03-05,2,logistic,,
2023-03-05,3,logistic,,
2023-03-05,1,forest_clf,,
2023-03-05,2,forest_clf,,
2023-03-05,3,forest_clf,,
2023-03-05,1,hgb_clf,,
2023-03-05,2,hgb_clf,,
2023-03-05,3,hgb_clf,,
2023-03-06,1,logistic,,
2023-03-06,2,logistic,,
2023-03-06,3,logistic,,
2023-03-06,1,forest_clf,,
2023-03-06,2,forest_clf,,
2023-03-06,3,forest_clf,,
2023-03-06,1,hgb_clf,,
2023-03-06,2,hgb_clf,,
2023-03-06,3,hgb_clf,,
2023-03-07,1,logistic,,
2023-03-07,2,logistic,,
2023-03-07,3,logistic,,
2023-03-07,1,forest_clf,,
2023-03-07,2,forest_clf,,
2023-03-07,3,forest_clf,,
2023-03-07,1,hgb_clf,,
2023-03-07,2,hgb_clf,,
2023-03-07,3,hgb_clf,,
2023-03-08,1,logistic,,
2023-03-08,2,logistic,,
2023-03-08,3,logistic,,
2023-03-08,1,forest_clf,,
2023-03-08,2,forest_clf,,
2023-03-08,3,forest_clf,,
2023-03-08,1,hgb_clf,,
2023-03-08,2,hgb_clf,,
2023-03-08,3,hgb_clf,,
2023-03-09,1,logistic,,
2023-03-09,2,logistic,,
2023-03-09,3,logistic,,
2023-03-09,1,forest_clf,,
2023-03-09,2,forest_clf,,
2023-03-09,3,forest_clf,,
2023-03-09,1,hgb_clf,,
2023-03-09,2,hgb_clf,,
2023-03-09,3,hgb_clf,,
2023-03-10,1,logistic,,
2023-03-10,2,logistic,,
2023-03-10,3,logistic,,
2023-03-10,1,forest_clf,,
2023-03-10,2,forest_clf,,
2023-03-10,3,forest_clf,,
2023-03-10,1,hgb_clf,,
2023-03-10,2,hgb_clf,,
2023-03-10,3,hgb_clf,,
2023-03-11,1,logistic,,
2023-03-11,2,logistic,,
2023-03-11,3,logistic,,
2023-03-11,1,forest_clf,,
2023-03-11,2,forest_clf,,
2023-03-11,3,forest_clf,,
2023-03-11,1,hgb_clf,,
2023-03-11,2,hgb_clf,,
2023-03-11,3,hgb_clf,,
2023-03-12,1,logistic,,
2023-03-12,2,logistic,,
2023-03-12,3,logistic,,
2023-03-12,1,forest_clf,,
2023-03-12,2,forest_clf,,
2023-03-12,3,forest_clf,,
2023-03-12,1,hgb_clf,,
2023-03-12,2,hgb_clf,,
2023-03-12,3,hgb_clf,,
2023-03-13,1,logistic,,
2023-03-13,2,logistic,,
2023-03-13,3,logistic,,
2023-03-13,1,forest_clf,,
2023-03-13,2,forest_clf,,
2023-03-13,3,forest_clf,,
2023-03-13,1,hgb_clf,,
2023-03-13,2,hgb_clf,,
2023-03-13,3,hgb_clf,,
2023-03-14,1,logistic,,
2023-03-14,2,logistic,,
2023-03-14,3,logistic,,
2023-03-14,1,forest_clf,,
2023-03-14,2,forest_clf,,
2023-03-14,3,forest_clf,,
2023-03-14,1,hgb_clf,,
2023-03-14,2,hgb_clf,,
2023-03-14,3,hgb_clf,,
2023-03-15,1,logistic,,
2023-03-15,2,logistic,,
2023-03-15,3,logistic,,
2023-03-15,1,forest_clf,,
2023-03-15,2,forest_clf,,
2023-03-15,3,forest_clf,,
2023-03-15,1,hgb_clf,,
2023-03-15,2,hgb_clf,,
2023-03-15,3,hgb_clf,,
2023-03-16,1,logistic,,
2023-03-16,2,logistic,,
2023-03-16,3,logistic,,80.9
2023-03-16,1,forest_clf,,
2023-03-16,2,forest_clf,,
2023-03-16,3,forest_clf,,80.9
2023-03-16,1,hgb_clf,0.15686725905407806,
2023-03-16,2,hgb_clf,0.12841358214313575,
2023-03-16,3,hgb_clf,0.08701421862353685,80.9
2023-03-17,1,logistic,,
2023-03-17,2,logistic,,80.9
2023-03-17,3,logistic,,41.1
2023-03-17,1,forest_clf,,
2023-03-17,2,forest_clf,,80.9
2023-03-17,3,forest_clf,,41.1
2023-03-17,1,hgb_clf,0.15686725905407806,
2023-03-17,2,hgb_clf,0.12841358214313575,80.9
2023-03-17,3,hgb_clf,0.11581040971542955,41.1
2023-03-18,1,logistic,,80.9
2023-03-18,2,logistic,,41.1
2023-03-18,3,logistic,,49.3
2023-03-18,1,forest_clf,,80.9
2023-03-18,2,forest_clf,,41.1
2023-03-18,3,forest_clf,,49.3
2023-03-18,1,hgb_clf,0.16343978533299172,80.9
2023-03-18,2,hgb_clf,0.14459170210968617,41.1
2023-03-18,3,hgb_clf,0.11119715139361924,49.3
2023-03-19,1,logistic,,41.1
2023-03-19,2,logistic,,49.3
2023-03-19,3,logistic,,94.6
2023-03-19,1,forest_clf,,41.1
2023-03-19,2,forest_clf,,49.3
2023-03-19,3,forest_clf,,94.6
2023-03-19,1,hgb_clf,0.07826372009395066,41.1
2023-03-19,2,hgb_clf,0.11118164230864211,49.3
2023-03-19,3,hgb_clf,0.11496588942714768,94.6
2023-03-20,1,logistic,,49.3
2023-03-20,2,logistic,,94.6
2023-03-20,3,logistic,,
2023-03-20,1,forest_clf,,49.3
2023-03-20,2,forest_clf,,94.6
2023-03-20,3,forest_clf,,
2023-03-20,1,hgb_clf,0.039711685697004,49.3
2023-03-20,2,hgb_clf,0.05418713387464492,94.6
2023-03-20,3,hgb_clf,0.10999216675814684,
2023-03-21,1,logistic,,94.6
2023-03-21,2,logistic,,
2023-03-21,3,logistic,,68.8
2023-03-21,1,forest_clf,,94.6
2023-03-21,2,forest_clf,,
2023-03-21,3,forest_clf,,68.8
2023-03-21,1,hgb_clf,0.019604985509976188,94.6
2023-03-21,2,hgb_clf,0.028220212469515275,
2023-03-21,3,hgb_clf,0.08830694890802468,68.8
2023-03-22,1,logistic,,
2023-03-22,2,logistic,,68.8
2023-03-22,3,logistic,,31.4
2023-03-22,1,forest_clf,,
2023-03-22,2,forest_clf,,68.8
2023-03-22,3,forest_clf,,31.4
2023-03-22,1,hgb_clf,0.08067455186635925,
2023-03-22,2,hgb_clf,0.04820993761762587,68.8
2023-03-22,3,hgb_clf,0.004376424682508981,31.4
2023-03-23,1,logistic,,68.8
2023-03-23,2,logistic,,31.4
2023-03-23,3,logistic,,56.5
2023-03-23,1,forest_clf,,68.8
2023-03-23,2,forest_clf,,31.4
2023-03-23,3,forest_clf,,56.5
2023-03-23,1,hgb_clf,0.08446677735008327,68.8
2023-03-23,2,hgb_clf,0.025488534214334994,31.4
2023-03-23,3,hgb_clf,0.0043655755567538505,56.5
2023-03-24,1,logistic,,31.4
2023-03-24,2,logistic,,56.5
2023-03-24,3,logistic,,51.2
2023-03-24,1,forest_clf,,31.4
2023-03-24,2,forest_clf,,56.5
2023-03-24,3,forest_clf,,51.2
2023-03-24,1,hgb_clf,0.05880241635994118,31.4
2023-03-24,2,hgb_clf,0.021385704941642412,56.5
2023-03-24,3,hgb_clf,0.010117210343500209,51.2
2023-03-25,1,logistic,,56.5
2023-03-25,2,logistic,,51.2
2023-03-25,3,logistic,,60.6
2023-03-25,1,forest_clf,,56.5
2023-03-25,2,forest_clf,,51.2
2023-03-25,3,forest_clf,,60.6
2023-03-25,1,hgb_clf,0.024328251021384223,56.5
2023-03-25,2,hgb_clf,0.01705069008544064,51.2
2023-03-25,3,hgb_clf,0.0048359571210767295,60.6
2023-03-26,1,logistic,,51.2
2023-03-26,2,logistic,,60.6
2023-03-26,3,logistic,,69.8
2023-03-26,1,forest_clf,,51.2
2023-03-26,2,forest_clf,,60.6
2023-03-26,3,forest_clf,,69.8
2023-03-26,1,hgb_clf,0.03051581989936751,51.2
2023-03-26,2,hgb_clf,0.07039363025145876,60.6
2023-03-26,3,hgb_clf,0.024052893489932326,69.8
2023-03-27,1,logistic,,60.6
2023-03-27,2,logistic,,69.8
2023-03-27,3,logistic,,61.1
2023-03-27,1,forest_clf,,60.6
2023-03-27,2,forest_clf,,69.8
2023-03-27,3,forest_clf,,61.1
2023-03-27,1,hgb_clf,0.04331237816054802,60.6
2023-03-27,2,hgb_clf,0.04132491323802839,69.8
2023-03-27,3,hgb_clf,0.006448869036186753,61.1
2023-03-28,1,logistic,,69.8
2023-03-28,2,logistic,,61.1
2023-03-28,3,logistic,,26.9
2023-03-28,1,forest_clf,,69.8
2023-03-28,2,forest_clf,,61.1
2023-03-28,3,forest_clf,,26.9
2023-03-28,1,hgb_clf,0.07228582033563845,69.8
2023-03-28,2,hgb_clf,0.053488219105469116,61.1
2023-03-28,3,hgb_clf,0.013291749210363857,26.9
2023-03-29,1,logistic,,61.1
2023-03-29,2,logistic,,26.9
2023-03-29,3,logistic,,40.0
2023-03-29,1,forest_clf,,61.1
2023-03-29,2,forest_clf,,26.9
2023-03-29,3,forest_clf,,40.0
2023-03-29,1,hgb_clf,0.07845850482416654,61.1
2023-03-29,2,hgb_clf,0.05971470082526413,26.9
2023-03-29,3,hgb_clf,0.014144712908704542,40.0
2023-03-30,1,logistic,,26.9
2023-03-30,2,logistic,,40.0
2023-03-30,3,logistic,,46.0
2023-03-30,1,forest_clf,,26.9
2023-03-30,2,forest_clf,,40.0
2023-03-30,3,forest_clf,,46.0
2023-03-30,1,hgb_clf,0.0732468514595252,26.9
2023-03-30,2,hgb_clf,0.048993071242465346,40.0
2023-03-30,3,hgb_clf,0.04186384548289926,46.0
2023-03-31,1,logistic,,40.0
2023-03-31,2,logistic,,46.0
2023-03-31,3,logistic,,58.1
2023-03-31,1,forest_clf,,40.0
2023-03-31,2,forest_clf,,46.0
2023-03-31,3,forest_clf,,58.1
2023-03-31,1,hgb_clf,0.0426393303529165,40.0
2023-03-31,2,hgb_clf,0.029700505583719394,46.0
2023-03-31,3,hgb_clf,0.019314864383664906,58.1
2023-04-01,1,logistic,,46.0
2023-04-01,2,logistic,,58.1
2023-04-01,3,logistic,,36.0
2023-04-01,1,forest_clf,,46.0
2023-04-01,2,forest_clf,,58.1
2023-04-01,3,forest_clf,,36.0
2023-04-01,1,hgb_clf,0.024253727648722457,46.0
2023-04-01,2,hgb_clf,0.028294325007066558,58.1
2023-04-01,3,hgb_clf,0.01164648618843958,36.0
2023-04-02,1,logistic,,58.1
2023-04-02,2,logistic,,36.0
2023-04-02,3,logistic,,43.8
2023-04-02,1,forest_clf,,58.1
2023-04-02,2,forest_clf,,36.0
2023-04-02,3,forest_clf,,43.8
2023-04-02,1,hgb_clf,0.031059179191820812,58.1
2023-04-02,2,hgb_clf,0.029158405505480857,36.0
2023-04-02,3,hgb_clf,0.011111122276276664,43.8
2023-04-03,1,logistic,0.03656692278157214,36.0
2023-04-03,2,logistic,0.035791452519353964,43.8
2023-04-03,3,logistic,0.03254509607627655,33.6
2023-04-03,1,forest_clf,0.023156583064608948,36.0
2023-04-03,2,forest_clf,0.005680525416731711,43.8
2023-04-03,3,forest_clf,0.040644955748098704,33.6
2023-04-03,1,hgb_clf,0.030480774846899126,36.0
2023-04-03,2,hgb_clf,0.03051845379855293,43.8
2023-04-03,3,hgb_clf,0.014054949160586147,33.6
2023-04-04,1,logistic,0.02014871342955745,43.8
2023-04-04,2,logistic,0.025164689105805247,33.6
2023-04-04,3,logistic,0.019675240589236403,38.5
2023-04-04,1,forest_clf,0.019346756357146177,43.8
2023-04-04,2,forest_clf,0.004176439201474098,33.6
2023-04-04,3,forest_clf,0.05150181790845276,38.5
2023-04-04,1,hgb_clf,0.04441555796322835,43.8
2023-04-04,2,hgb_clf,0.026793545270556024,33.6
2023-04-04,3,hgb_clf,0.012883708828882267,38.5
2023-04-05,1,logistic,0.023111327544142954,33.6
2023-04-05,2,logistic,0.03087946145333517,38.5
2023-04-05,3,logistic,0.02304851017162524,65.7
2023-04-05,1,forest_clf,0.018817267662250958,33.6
2023-04-05,2,forest_clf,0.008853488974521165,38.5
2023-04-05,3,forest_clf,0.011549393541218778,65.7
2023-04-05,1,hgb_clf,0.005859521075090936,33.6
2023-04-05,2,hgb_clf,0.015451797435194106,38.5
2023-04-05,3,hgb_clf,0.011054324936403686,65.7
2023-04-06,1,logistic,0.01771755409307611,38.5
2023-04-06,2,logistic,0.026598178323532784,65.7
2023-04-06,3,logistic,0.019184041936470927,91.6
2023-04-06,1,forest_clf,0.017809937681905204,38.5
2023-04-06,2,forest_clf,0.0,65.7
2023-04-06,3,forest_clf,0.011856821291334276,91.6
2023-04-06,1,hgb_clf,0.004844839758339553,38.5
2023-04-06,2,hgb_clf,0.011656920374349731,65.7
2023-04-06,3,hgb_clf,0.004225996267706305,91.6
2023-04-07,1,logistic,0.019624296233075142,65.7
2023-04-07,2,logistic,0.028822269487194206,91.6
2023-04-07,3,logistic,0.021848680391011337,70.2
2023-04-07,1,forest_clf,0.006547697916699811,65.7
2023-04-07,2,forest_clf,0.0012181580666231224,91.6
2023-04-07,3,forest_clf,0.0011100746268656717,70.2
2023-04-07,1,hgb_clf,0.004677973405668177,65.7
2023-04-07,2,hgb_clf,0.007917320801356173,91.6
2023-04-07,3,hgb_clf,0.0031110163016992744,70.2
2023-04-08,1,logistic,0.0344247854761811,91.6
2023-04-08,2,logistic,0.05369753954875188,70.2
2023-04-08,3,logistic,0.0416339812049507,117.0
2023-04-08,1,forest_clf,0.020434304197256777,91.6
2023-04-08,2,forest_clf,0.005457642620630707,70.2
2023-04-08,3,forest_clf,0.010396730027556856,117.0
2023-04-08,1,hgb_clf,0.006085008798714092,91.6
2023-04-08,2,hgb_clf,0.015548731846642358,70.2
2023-04-08,3,hgb_clf,0.005655168405748486,117.0
2023-04-09,1,logistic,0.06205849208717237,70.2
2023-04-09,2,logistic,0.08079122798778532,117.0
2023-04-09,3,logistic,0.06686116306672452,88.9
2023-04-09,1,forest_clf,0.08056980440681574,70.2
2023-04-09,2,forest_clf,0.0682890618587191,117.0
2023-04-09,3,forest_clf,0.07063342357760752,88.9
2023-04-09,1,hgb_clf,0.13385881208207434,70.2
2023-04-09,2,hgb_clf,0.10206737294355639,117.0
2023-04-09,3,hgb_clf,0.014333992196641358,88.9
2023-04-10,1,logistic,0.05533507656566059,117.0
2023-04-10,2,logistic,0.05363123130242297,88.9
2023-04-10,3,logistic,0.05042789390022345,91.9
2023-04-10,1,forest_clf,0.030196296460307148,117.0
2023-04-10,2,forest_clf,0.019398265326991924,88.9
2023-04-10,3,forest_clf,0.04382449095326289,91.9
2023-04-10,1,hgb_clf,0.11462724283812381,117.0
2023-04-10,2,hgb_clf,0.058238000351087144,88.9
2023-04-10,3,hgb_clf,0.07458968617779058,91.9
2023-04-11,1,logistic,0.1325599448646156,88.9
2023-04-11,2,logistic,0.10131678411799461,91.9
2023-04-11,3,logistic,0.09913112244424666,96.9
2023-04-11,1,forest_clf,0.3598300009296741,88.9
2023-04-11,2,forest_clf,0.19019737723921393,91.9
2023-04-11,3,forest_clf,0.2458953665199666,96.9
2023-04-11,1,hgb_clf,0.34718955802435736,88.9
2023-04-11,2,hgb_clf,0.17078735862539743,91.9
2023-04-11,3,hgb_clf,0.053850744852059075,96.9
2023-04-12,1,logistic,0.07292375367927996,91.9
2023-04-12,2,logistic,0.06936293449597555,96.9
2023-04-12,3,logistic,0.06199124033648837,79.1
2023-04-12,1,forest_clf,0.17003708085397723,91.9
2023-04-12,2,forest_clf,0.15553215605455736,96.9
2023-04-12,3,forest_clf,0.22067661028512284,79.1
2023-04-12,1,hgb_clf,0.1401573035036091,91.9
2023-04-12,2,hgb_clf,0.11768341877811998,96.9
2023-04-12,3,hgb_clf,0.03549632369372891,79.1
2023-04-13,1,logistic,0.07880608184836069,96.9
2023-04-13,2,logistic,0.07790177740353138,79.1
2023-04-13,3,logistic,0.06446679079051039,75.6
2023-04-13,1,forest_clf,0.10724103530782277,96.9
2023-04-13,2,forest_clf,0.16776163753868256,79.1
2023-04-13,3,forest_clf,0.22621204475098228,75.6
2023-04-13,1,hgb_clf,0.1237171181372006,96.9
2023-04-13,2,hgb_clf,0.10305329965773939,79.1
2023-04-13,3,hgb_clf,0.08760455417070694,75.6
2023-04-14,1,logistic,0.08872468265210447,79.1
2023-04-14,2,logistic,0.09120360936281886,75.6
2023-04-14,3,logistic,0.07415725192059115,65.2
2023-04-14,1,forest_clf,0.10692547030518763,79.1
2023-04-14,2,forest_clf,0.19040409356258395,75.6
2023-04-14,3,forest_clf,0.22584575458155612,65.2
2023-04-14,1,hgb_clf,0.19282386270921778,79.1
2023-04-14,2,hgb_clf,0.18981374957430325,75.6
2023-04-14,3,hgb_clf,0.09844233065310463,65.2
2023-04-15,1,logistic,0.05778297164899286,75.6
2023-04-15,2,logistic,0.08476149104001969,65.2
2023-04-15,3,logistic,0.05763762176875668,68.0
2023-04-15,1,forest_clf,0.06727758988793141,75.6
2023-04-15,2,forest_clf,0.08199165631558991,65.2
2023-04-15,3,forest_clf,0.1019972179677992,68.0
2023-04-15,1,hgb_clf,0.11091769984647816,75.6
2023-04-15,2,hgb_clf,0.1138708583037837,65.2
2023-04-15,3,hgb_clf,0.22928391340330007,68.0
2023-04-16,1,logistic,0.05076476892369725,65.2
2023-04-16,2,logistic,0.08442244812595866,68.0
2023-04-16,3,logistic,0.05063055968919018,68.4
2023-04-16,1,forest_clf,0.016196029274975876,65.2
2023-04-16,2,forest_clf,0.07786853005728517,68.0
2023-04-16,3,forest_clf,0.08513166348425542,68.4
2023-04-16,1,hgb_clf,0.11135418025920045,65.2
2023-04-16,2,hgb_clf,0.1274399700152668,68.0
2023-04-16,3,hgb_clf,0.15437581974308132,68.4
2023-04-17,1,logistic,0.05382383253353281,68.0
2023-04-17,2,logistic,0.060047933091320074,68.4
2023-04-17,3,logistic,0.04671536064723705,40.9
2023-04-17,1,forest_clf,0.007968852721890856,68.0
2023-04-17,2,forest_clf,0.03491892199905436,68.4
2023-04-17,3,forest_clf,0.1236825422292113,40.9
2023-04-17,1,hgb_clf,0.10166058256014127,68.0
2023-04-17,2,hgb_clf,0.1198998601445989,68.4
2023-04-17,3,hgb_clf,0.22521633037749156,40.9
2023-04-18,1,logistic,0.05773085345725208,68.4
2023-04-18,2,logistic,0.06786993220368835,40.9
2023-04-18,3,logistic,0.044093349304988684,54.5
2023-04-18,1,forest_clf,0.010347144623569806,68.4
2023-04-18,2,forest_clf,0.04257807203568767,40.9
2023-04-18,3,forest_clf,0.09783414598032543,54.5
2023-04-18,1,hgb_clf,0.1165680893144541,68.4
2023-04-18,2,hgb_clf,0.14617734376968647,40.9
2023-04-18,3,hgb_clf,0.13168329427657827,54.5
2023-04-19,1,logistic,0.0569867302983042,40.9
2023-04-19,2,logistic,0.06725864907864473,54.5
2023-04-19,3,logistic,0.04419223642599425,
2023-04-19,1,forest_clf,0.006218004666628429,40.9
2023-04-19,2,forest_clf,0.030133617296006387,54.5
2023-04-19,3,forest_clf,0.07701217969216902,
2023-04-19,1,hgb_clf,0.11997142874120544,40.9
2023-04-19,2,hgb_clf,0.12030360671039429,54.5
2023-04-19,3,hgb_clf,0.09585866915988828,
2023-04-20,1,logistic,0.027116637083440424,54.5
2023-04-20,2,logistic,0.04185748782284739,
2023-04-20,3,logistic,0.023663913688695557,25.0
2023-04-20,1,forest_clf,0.010641203862884944,54.5
2023-04-20,2,forest_clf,0.029094314636210497,
2023-04-20,3,forest_clf,0.05623192784269234,25.0
2023-04-20,1,hgb_clf,0.05770711917149155,54.5
2023-04-20,2,hgb_clf,0.08213890389242555,
2023-04-20,3,hgb_clf,0.15098666483545223,25.0
2023-04-21,1,logistic,0.03512887095294547,
2023-04-21,2,logistic,0.05270108202875272,25.0
2023-04-21,3,logistic,0.027700580038957694,52.6
2023-04-21,1,forest_clf,0.005923607122927322,
2023-04-21,2,forest_clf,0.056671536100300596,25.0
2023-04-21,3,forest_clf,0.08218639172188384,52.6
2023-04-21,1,hgb_clf,0.04254089163854221,
2023-04-21,2,hgb_clf,0.13747451386027554,25.0
2023-04-21,3,hgb_clf,0.06372273733393463,52.6
2023-04-22,1,logistic,,25.0
2023-04-22,2,logistic,,52.6
2023-04-22,3,logistic,,
2023-04-22,1,forest_clf,,25.0
2023-04-22,2,forest_clf,,52.6
2023-04-22,3,forest_clf,,
2023-04-22,1,hgb_clf,0.08789386042546031,25.0
2023-04-22,2,hgb_clf,0.15002749798552328,52.6
2023-04-22,3,hgb_clf,0.06914582879665329,
2023-04-23,1,logistic,,52.6
2023-04-23,2,logistic,,
2023-04-23,3,logistic,,73.2
2023-04-23,1,forest_clf,,52.6
2023-04-23,2,forest_clf,,
2023-04-23,3,forest_clf,,73.2
2023-04-23,1,hgb_clf,0.01076557024911267,52.6
2023-04-23,2,hgb_clf,0.013737485175404846,
2023-04-23,3,hgb_clf,0.02534006715820846,73.2
2023-04-24,1,logistic,,
2023-04-24,2,logistic,,73.2
2023-04-24,3,logistic,,79.5
2023-04-24,1,forest_clf,,
2023-04-24,2,forest_clf,,73.2
2023-04-24,3,forest_clf,,79.5
2023-04-24,1,hgb_clf,0.031108400255511513,
2023-04-24,2,hgb_clf,0.02465016478787882,73.2
2023-04-24,3,hgb_clf,0.06861485061246335,79.5
2023-04-25,1,logistic,,73.2
2023-04-25,2,logistic,,79.5
2023-04-25,3,logistic,,61.9
2023-04-25,1,forest_clf,,73.2
2023-04-25,2,forest_clf,,79.5
2023-04-25,3,forest_clf,,61.9
2023-04-25,1,hgb_clf,0.12399229493281878,73.2
2023-04-25,2,hgb_clf,0.11057366450632754,79.5
2023-04-25,3,hgb_clf,0.06822510604986068,61.9
2023-04-26,1,logistic,,79.5
2023-04-26,2,logistic,,61.9
2023-04-26,3,logistic,,67.9
2023-04-26,1,forest_clf,,79.5
2023-04-26,2,forest_clf,,61.9
2023-04-26,3,forest_clf,,67.9
2023-04-26,1,hgb_clf,0.10710710144793321,79.5
2023-04-26,2,hgb_clf,0.26335326208203713,61.9
2023-04-26,3,hgb_clf,0.07053529584445256,67.9
2023-04-27,1,logistic,,61.9
2023-04-27,2,logistic,,67.9
2023-04-27,3,logistic,,50.2
2023-04-27,1,forest_clf,,61.9
2023-04-27,2,forest_clf,,67.9
2023-04-27,3,forest_clf,,50.2
2023-04-27,1,hgb_clf,0.08389654607797113,61.9
2023-04-27,2,hgb_clf,0.08184981132527402,67.9
2023-04-27,3,hgb_clf,0.19852316539172965,50.2
2023-04-28,1,logistic,,67.9
2023-04-28,2,logistic,,50.2
2023-04-28,3,logistic,,44.2
2023-04-28,1,forest_clf,,67.9
2023-04-28,2,forest_clf,,50.2
2023-04-28,3,forest_clf,,44.2
2023-04-28,1,hgb_clf,0.11952991703347743,67.9
2023-04-28,2,hgb_clf,0.28698779062028024,50.2
2023-04-28,3,hgb_clf,0.06875380761931157,44.2
2023-04-29,1,logistic,,50.2
2023-04-29,2,logistic,,44.2
2023-04-29,3,logistic,,37.8
2023-04-29,1,forest_clf,,50.2
2023-04-29,2,forest_clf,,44.2
2023-04-29,3,forest_clf,,37.8
2023-04-29,1,hgb_clf,0.08122667094324088,50.2
2023-04-29,2,hgb_clf,0.3495840061519995,44.2
2023-04-29,3,hgb_clf,0.075751115557472,37.8
2023-04-30,1,logistic,0.022919427101309797,44.2
2023-04-30,2,logistic,0.038383538778683064,37.8
2023-04-30,3,logistic,0.017350502454339115,37.7
2023-04-30,1,forest_clf,0.00371858407127971,44.2
2023-04-30,2,forest_clf,0.04380966059710969,37.8
2023-04-30,3,forest_clf,0.044624874233259434,37.7
2023-04-30,1,hgb_clf,0.08863999442439698,44.2
2023-04-30,2,hgb_clf,0.17789515566261385,37.8
2023-04-30,3,hgb_clf,0.05889259635107899,37.7
2023-05-01,1,logistic,0.0266838555129901,37.8
2023-05-01,2,logistic,0.030185132655144564,37.7
2023-05-01,3,logistic,0.016273239165392726,50.5
2023-05-01,1,forest_clf,0.003639133715267792,37.8
2023-05-01,2,forest_clf,0.02557762389134103,37.7
2023-05-01,3,forest_clf,0.03765453288767094,50.5
2023-05-01,1,hgb_clf,0.03328438147004404,37.8
2023-05-01,2,hgb_clf,0.12538041832678612,37.7
2023-05-01,3,hgb_clf,0.05703584566977691,50.5
2023-05-02,1,logistic,,37.7
2023-05-02,2,logistic,,50.5
2023-05-02,3,logistic,,66.8
2023-05-02,1,forest_clf,,37.7
2023-05-02,2,forest_clf,,50.5
2023-05-02,3,forest_clf,,66.8
2023-05-02,1,hgb_clf,0.03949323770329591,37.7
2023-05-02,2,hgb_clf,0.05041802962823631,50.5
2023-05-02,3,hgb_clf,0.0056726853846348416,66.8
2023-05-03,1,logistic,0.020254573776086925,50.5
2023-05-03,2,logistic,0.03867287783932326,66.8
2023-05-03,3,logistic,0.022619256906174348,103.0
2023-05-03,1,forest_clf,0.005466200156555829,50.5
2023-05-03,2,forest_clf,0.018193821901370394,66.8
2023-05-03,3,forest_clf,0.021694962693140852,103.0
2023-05-03,1,hgb_clf,0.024569413289282152,50.5
2023-05-03,2,hgb_clf,0.014820051622406467,66.8
2023-05-03,3,hgb_clf,0.0049305475085905,103.0
2023-05-04,1,logistic,0.025110225830139648,66.8
2023-05-04,2,logistic,0.04597043907940339,103.0
2023-05-04,3,logistic,0.0248707918681616,56.9
2023-05-04,1,forest_clf,0.006543925760276204,66.8
2023-05-04,2,forest_clf,0.011597155973892284,103.0
2023-05-04,3,forest_clf,0.016760142728964738,56.9
2023-05-04,1,hgb_clf,0.01081578136056808,66.8
2023-05-04,2,hgb_clf,0.00821964806350876,103.0
2023-05-04,3,hgb_clf,0.009326168457360933,56.9
2023-05-05,1,logistic,0.033736799284763766,103.0
2023-05-05,2,logistic,0.055623446067165794,56.9
2023-05-05,3,logistic,0.030009809405641606,51.9
2023-05-05,1,forest_clf,0.007516640753944146,103.0
2023-05-05,2,forest_clf,0.053748698399722274,56.9
2023-05-05,3,forest_clf,0.01847089711605432,51.9
2023-05-05,1,hgb_clf,0.022037133464852407,103.0
2023-05-05,2,hgb_clf,0.03874868970785673,56.9
2023-05-05,3,hgb_clf,0.027402923306154642,51.9
2023-05-06,1,logistic,0.07889227412487901,56.9
2023-05-06,2,logistic,0.10160318742067058,51.9
2023-05-06,3,logistic,0.05769267154364777,90.2
2023-05-06,1,forest_clf,0.3965792865892039,56.9
2023-05-06,2,forest_clf,0.10058932528207944,51.9
2023-05-06,3,forest_clf,0.10467746809534699,90.2
2023-05-06,1,hgb_clf,0.6614643323065801,56.9
2023-05-06,2,hgb_clf,0.18776015378530914,51.9
2023-05-06,3,hgb_clf,0.05256927420709179,90.2
2023-05-07,1,logistic,0.026236414631617095,51.9
2023-05-07,2,logistic,0.05330414116621146,90.2
2023-05-07,3,logistic,0.026198320267137313,80.8
2023-05-07,1,forest_clf,0.11253306661565726,51.9
2023-05-07,2,forest_clf,0.08359294039072566,90.2
2023-05-07,3,forest_clf,0.08470653824983515,80.8
2023-05-07,1,hgb_clf,0.14634517473275296,51.9
2023-05-07,2,hgb_clf,0.09525762134289754,90.2
2023-05-07,3,hgb_clf,0.10524530147283459,80.8
2023-05-08,1,logistic,0.02869913029377489,90.2
2023-05-08,2,logistic,0.040434707467550055,80.8
2023-05-08,3,logistic,0.024601978201222795,125.0
2023-05-08,1,forest_clf,0.07163963858314892,90.2
2023-05-08,2,forest_clf,0.06672563542611767,80.8
2023-05-08,3,forest_clf,0.06674261932961369,125.0
2023-05-08,1,hgb_clf,0.07981330562856054,90.2
2023-05-08,2,hgb_clf,0.15415147359061132,80.8
2023-05-08,3,hgb_clf,0.18756439699402935,125.0
2023-05-09,1,logistic,0.06604170921848192,80.8
2023-05-09,2,logistic,0.07265110710575891,125.0
2023-05-09,3,logistic,0.05025433701465565,74.3
2023-05-09,1,forest_clf,0.09335127478873347,80.8
2023-05-09,2,forest_clf,0.1663456147414124,125.0
2023-05-09,3,forest_clf,0.11501451952952343,74.3
2023-05-09,1,hgb_clf,0.20866291378700766,80.8
2023-05-09,2,hgb_clf,0.1880651939232082,125.0
2023-05-09,3,hgb_clf,0.05504087536814978,74.3
2023-05-10,1,logistic,0.058582439448582165,125.0
2023-05-10,2,logistic,0.06361640538514972,74.3
2023-05-10,3,logistic,0.04092058979303955,84.6
2023-05-10,1,forest_clf,0.046336927906354325,125.0
2023-05-10,2,forest_clf,0.20895736315996843,74.3
2023-05-10,3,forest_clf,0.07785815016875203,84.6
2023-05-10,1,hgb_clf,0.2026464177489243,125.0
2023-05-10,2,hgb_clf,0.06923902004870133,74.3
2023-05-10,3,hgb_clf,0.08359327933436032,84.6
2023-05-11,1,logistic,0.3802495979869014,74.3
2023-05-11,2,logistic,0.3642111144374738,84.6
2023-05-11,3,logistic,0.4891500893201784,87.8
2023-05-11,1,forest_clf,0.49250980649800835,74.3
2023-05-11,2,forest_clf,0.24014624228380588,84.6
2023-05-11,3,forest_clf,0.26814636861806085,87.8
2023-05-11,1,hgb_clf,0.5503409838299113,74.3
2023-05-11,2,hgb_clf,0.13717813147393218,84.6
2023-05-11,3,hgb_clf,0.28798763045112374,87.8
2023-05-12,1,logistic,0.1292626931676153,84.6
2023-05-12,2,logistic,0.2064981791507986,87.8
2023-05-12,3,logistic,0.26821340940257976,30.9
2023-05-12,1,forest_clf,0.1521210016383912,84.6
2023-05-12,2,forest_clf,0.17108597760652855,87.8
2023-05-12,3,forest_clf,0.14691130784157524,30.9
2023-05-12,1,hgb_clf,0.19176552725553853,84.6
2023-05-12,2,hgb_clf,0.07722841829079176,87.8
2023-05-12,3,hgb_clf,0.08328444701362328,30.9
2023-05-13,1,logistic,0.1577047919389834,87.8
2023-05-13,2,logistic,0.2668896900324214,30.9
2023-05-13,3,logistic,0.3010984926676291,129.0
2023-05-13,1,forest_clf,0.09879119286526816,87.8
2023-05-13,2,forest_clf,0.18711535119599584,30.9
2023-05-13,3,forest_clf,0.15043411321912437,129.0
2023-05-13,1,hgb_clf,0.1486365291676954,87.8
2023-05-13,2,hgb_clf,0.07124421921766833,30.9
2023-05-13,3,hgb_clf,0.07253814597598907,129.0
2023-05-14,1,logistic,0.1635440860077739,30.9
2023-05-14,2,logistic,0.27851062814100835,129.0
2023-05-14,3,logistic,0.341316948976089,87.2
2023-05-14,1,forest_clf,0.06528936169602192,30.9
2023-05-14,2,forest_clf,0.175244619222239,129.0
2023-05-14,3,forest_clf,0.17450582753931898,87.2
2023-05-14,1,hgb_clf,0.033647680894579965,30.9
2023-05-14,2,hgb_clf,0.039458725772376704,129.0
2023-05-14,3,hgb_clf,0.08016113205312587,87.2
2023-05-15,1,logistic,0.04785843986851742,129.0
2023-05-15,2,logistic,0.09575621320011288,87.2
2023-05-15,3,logistic,0.13203639531355418,34.5
2023-05-15,1,forest_clf,0.0547183257934559,129.0
2023-05-15,2,forest_clf,0.12191560769093483,87.2
2023-05-15,3,forest_clf,0.117892846816551,34.5
2023-05-15,1,hgb_clf,0.009518615831298463,129.0
2023-05-15,2,hgb_clf,0.04552937034535565,87.2
2023-05-15,3,hgb_clf,0.06405072140761049,34.5
2023-05-16,1,logistic,0.3187160247580078,87.2
2023-05-16,2,logistic,0.33129278748653196,34.5
2023-05-16,3,logistic,0.40557108165816164,57.4
2023-05-16,1,forest_clf,0.5289455586566821,87.2
2023-05-16,2,forest_clf,0.2836802351462238,34.5
2023-05-16,3,forest_clf,0.2796772081329296,57.4
2023-05-16,1,hgb_clf,0.23343382059484385,87.2
2023-05-16,2,hgb_clf,0.13514803310438034,34.5
2023-05-16,3,hgb_clf,0.09048113626917649,57.4
2023-05-17,1,logistic,0.14953718849036243,34.5
2023-05-17,2,logistic,0.20696452420686542,57.4
2023-05-17,3,logistic,0.26025722177622207,56.8
2023-05-17,1,forest_clf,0.2035913682998439,34.5
2023-05-17,2,forest_clf,0.1904458991837329,57.4
2023-05-17,3,forest_clf,0.19124313187176234,56.8
2023-05-17,1,hgb_clf,0.150031362223315,34.5
2023-05-17,2,hgb_clf,0.05768723662408333,57.4
2023-05-17,3,hgb_clf,0.0874838177728693,56.8
2023-05-18,1,logistic,0.05132420984097166,57.4
2023-05-18,2,logistic,0.11167506645040373,56.8
2023-05-18,3,logistic,0.11439160152528631,68.0
2023-05-18,1,forest_clf,0.11972965511971813,57.4
2023-05-18,2,forest_clf,0.1400391500756916,56.8
2023-05-18,3,forest_clf,0.13036081307453423,68.0
2023-05-18,1,hgb_clf,0.011862856554046786,57.4
2023-05-18,2,hgb_clf,0.03305649773486365,56.8
2023-05-18,3,hgb_clf,0.09079940434186001,68.0
2023-05-19,1,logistic,0.06689252921651358,56.8
2023-05-19,2,logistic,0.14545972739978225,68.0
2023-05-19,3,logistic,0.16785991657297036,68.3
2023-05-19,1,forest_clf,0.05204278068255939,56.8
2023-05-19,2,forest_clf,0.1185012007872157,68.0
2023-05-19,3,forest_clf,0.10821966577129553,68.3
2023-05-19,1,hgb_clf,0.01964759064732384,56.8
2023-05-19,2,hgb_clf,0.09154922386983656,68.0
2023-05-19,3,hgb_clf,0.14465198110416047,68.3
2023-05-20,1,logistic,0.07534091294733855,68.0
2023-05-20,2,logistic,0.1598945393095195,68.3
2023-05-20,3,logistic,0.181290541877639,52.9
2023-05-20,1,forest_clf,0.030388422172513807,68.0
2023-05-20,2,forest_clf,0.10595170347152581,68.3
2023-05-20,3,forest_clf,0.1063031733649671,52.9
2023-05-20,1,hgb_clf,0.010689290943305712,68.0
2023-05-20,2,hgb_clf,0.11216556919696034,68.3
2023-05-20,3,hgb_clf,0.26025086395353436,52.9
2023-05-21,1,logistic,0.1116551131633906,68.3
2023-05-21,2,logistic,0.18535875415088618,52.9
2023-05-21,3,logistic,0.19428274954141253,29.3
2023-05-21,1,forest_clf,0.050001311933766175,68.3
2023-05-21,2,forest_clf,0.14463805115249828,52.9
2023-05-21,3,forest_clf,0.11055761691880014,29.3
2023-05-21,1,hgb_clf,0.06922185156326546,68.3
2023-05-21,2,hgb_clf,0.08351426523140518,52.9
2023-05-21,3,hgb_clf,0.22607310737088432,29.3
2023-05-22,1,logistic,0.13904838247813547,52.9
2023-05-22,2,logistic,0.14610078608135005,29.3
2023-05-22,3,logistic,0.20635228775665815,21.6
2023-05-22,1,forest_clf,0.06863031185761986,52.9
2023-05-22,2,forest_clf,0.14526019107656074,29.3
2023-05-22,3,forest_clf,0.13136371368521535,21.6
2023-05-22,1,hgb_clf,0.08469781994997866,52.9
2023-05-22,2,hgb_clf,0.15416077829141758,29.3
2023-05-22,3,hgb_clf,0.1888381884736725,21.6
2023-05-23,1,logistic,0.08718460603672776,29.3
2023-05-23,2,logistic,0.12042305410423342,21.6
2023-05-23,3,logistic,0.12616724999402754,20.3
2023-05-23,1,forest_clf,0.020242187783272515,29.3
2023-05-23,2,forest_clf,0.1375316052596781,21.6
2023-05-23,3,forest_clf,0.10775082043537589,20.3
2023-05-23,1,hgb_clf,0.06533463108447957,29.3
2023-05-23,2,hgb_clf,0.1943099895252207,21.6
2023-05-23,3,hgb_clf,0.16904206143687026,20.3
2023-05-24,1,logistic,0.03551200730254649,21.6
2023-05-24,2,logistic,0.07545502012547542,20.3
2023-05-24,3,logistic,0.07405555805625261,30.2
2023-05-24,1,forest_clf,0.016850954224498917,21.6
2023-05-24,2,forest_clf,0.09474969536528821,20.3
2023-05-24,3,forest_clf,0.0968685914116944,30.2
2023-05-24,1,hgb_clf,0.021575453214507285,21.6
2023-05-24,2,hgb_clf,0.020612216346447117,20.3
2023-05-24,3,hgb_clf,0.06770612076738415,30.2
2023-05-25,1,logistic,0.02643162995294932,20.3
2023-05-25,2,logistic,0.06301808951136853,30.2
2023-05-25,3,logistic,0.06865472748891714,39.7
2023-05-25,1,forest_clf,0.014306805161697989,20.3
2023-05-25,2,forest_clf,0.06535273492278676,30.2
2023-05-25,3,forest_clf,0.06808035650178555,39.7
2023-05-25,1,hgb_clf,0.004469302993237474,20.3
2023-05-25,2,hgb_clf,0.016691076164650445,30.2
2023-05-25,3,hgb_clf,0.023571479201407453,39.7
2023-05-26,1,logistic,0.02702441256505661,30.2
2023-05-26,2,logistic,0.0642016663866053,39.7
2023-05-26,3,logistic,0.06852615126554441,29.0
2023-05-26,1,forest_clf,0.017365379777278696,30.2
2023-05-26,2,forest_clf,0.0679022175591733,39.7
2023-05-26,3,forest_clf,0.07146069924020744,29.0
2023-05-26,1,hgb_clf,0.015046323173843466,30.2
2023-05-26,2,hgb_clf,0.010735613464682032,39.7
2023-05-26,3,hgb_clf,0.02150540079292703,29.0
2023-05-27,1,logistic,0.03377150597879586,39.7
2023-05-27,2,logistic,0.07887822804251049,29.0
2023-05-27,3,logistic,0.08126600437387628,32.0
2023-05-27,1,forest_clf,0.03337961808560057,39.7
2023-05-27,2,forest_clf,0.05999190557764935,29.0
2023-05-27,3,forest_clf,0.05959876741572126,32.0
2023-05-27,1,hgb_clf,0.04095921980888673,39.7
2023-05-27,2,hgb_clf,0.008034050025381264,29.0
2023-05-27,3,hgb_clf,0.015583160530060248,32.0
2023-05-28,1,logistic,0.03980706000611965,29.0
2023-05-28,2,logistic,0.08705389461160624,32.0
2023-05-28,3,logistic,0.08466750426402546,29.6
2023-05-28,1,forest_clf,0.02908189234991131,29.0
2023-05-28,2,forest_clf,0.04923592817699195,32.0
2023-05-28,3,forest_clf,0.04793202514100996,29.6
2023-05-28,1,hgb_clf,0.016870618793827872,29.0
2023-05-28,2,hgb_clf,0.004966894854235873,32.0
2023-05-28,3,hgb_clf,0.026606004853200596,29.6
2023-05-29,1,logistic,0.04493385172750386,32.0
2023-05-29,2,logistic,0.06319175671859223,29.6
2023-05-29,3,logistic,0.0756115479570237,37.4
2023-05-29,1,forest_clf,0.03404467926367779,32.0
2023-05-29,2,forest_clf,0.04931347280921643,29.6
2023-05-29,3,forest_clf,0.06073233401947783,37.4
2023-05-29,1,hgb_clf,0.0051509202916558035,32.0
2023-05-29,2,hgb_clf,0.007463234926557025,29.6
2023-05-29,3,hgb_clf,0.011620298761530815,37.4
2023-05-30,1,logistic,0.043788965387458696,29.6
2023-05-30,2,logistic,0.06609144437464433,37.4
2023-05-30,3,logistic,0.07822289867091752,34.0
2023-05-30,1,forest_clf,0.019837169350182655,29.6
2023-05-30,2,forest_clf,0.038031967324220255,37.4
2023-05-30,3,forest_clf,0.03284786041125014,34.0
2023-05-30,1,hgb_clf,0.004204302854792471,29.6
2023-05-30,2,hgb_clf,0.006410152968411002,37.4
2023-05-30,3,hgb_clf,0.012267936494520902,34.0
2023-05-31,1,logistic,0.03874621126964017,37.4
2023-05-31,2,logistic,0.06299057062493225,34.0
2023-05-31,3,logistic,0.07721864746675805,41.3
2023-05-31,1,forest_clf,0.027067093306601744,37.4
2023-05-31,2,forest_clf,0.060445506360563395,34.0
2023-05-31,3,forest_clf,0.04571966968754174,41.3
2023-05-31,1,hgb_clf,0.00470040076368764,37.4
2023-05-31,2,hgb_clf,0.0020644940333953725,34.0
2023-05-31,3,hgb_clf,0.007548092900151228,41.3
2023-06-01,1,logistic,0.041171341068898304,34.0
2023-06-01,2,logistic,0.06884217532047723,41.3
2023-06-01,3,logistic,0.07947361580602975,58.0
2023-06-01,1,forest_clf,0.026552390158547757,34.0
2023-06-01,2,forest_clf,0.056979766654337724,41.3
2023-06-01,3,forest_clf,0.044216272004372295,58.0
2023-06-01,1,hgb_clf,0.00516055363653564,34.0
2023-06-01,2,hgb_clf,0.0014422089317265286,41.3
2023-06-01,3,hgb_clf,0.006252516060634874,58.0
2023-06-02,1,logistic,0.035865460249672444,41.3
2023-06-02,2,logistic,0.0652079799676483,58.0
2023-06-02,3,logistic,0.07262039446384543,
2023-06-02,1,forest_clf,0.0236885847914488,41.3
2023-06-02,2,forest_clf,0.05891612667156523,58.0
2023-06-02,3,forest_clf,0.056098081358450264,
2023-06-02,1,hgb_clf,0.003253211346650505,41.3
2023-06-02,2,hgb_clf,0.0016705170615240095,58.0
2023-06-02,3,hgb_clf,0.006242441662475126,
2023-06-03,1,logistic,0.041526590585163815,58.0
2023-06-03,2,logistic,0.08028654178231022,
2023-06-03,3,logistic,0.0830933594225856,60.9
2023-06-03,1,forest_clf,0.021544511066330804,58.0
2023-06-03,2,forest_clf,0.05815823961648845,
2023-06-03,3,forest_clf,0.05461521993351855,60.9
2023-06-03,1,hgb_clf,0.0036197213163807972,58.0
2023-06-03,2,hgb_clf,0.0015234373004921272,
2023-06-03,3,hgb_clf,0.008236198311004713,60.9
2023-06-04,1,logistic,0.05381715054814418,
2023-06-04,2,logistic,0.09494642285028329,60.9
2023-06-04,3,logistic,0.09512269157206896,90.6
2023-06-04,1,forest_clf,0.02422843146501197,
2023-06-04,2,forest_clf,0.0712987659763675,60.9
2023-06-04,3,forest_clf,0.04553115228896556,90.6
2023-06-04,1,hgb_clf,0.0022340809118048754,
2023-06-04,2,hgb_clf,0.0024909327802296417,60.9
2023-06-04,3,hgb_clf,0.012470170437273349,90.6
2023-06-05,1,logistic,,60.9
2023-06-05,2,logistic,,90.6
2023-06-05,3,logistic,,42.0
2023-06-05,1,forest_clf,,60.9
2023-06-05,2,forest_clf,,90.6
2023-06-05,3,forest_clf,,42.0
2023-06-05,1,hgb_clf,0.0034372509119019582,60.9
2023-06-05,2,hgb_clf,0.005075314187670156,90.6
2023-06-05,3,hgb_clf,0.017715122114744596,42.0
2023-06-06,1,logistic,,90.6
2023-06-06,2,logistic,,42.0
2023-06-06,3,logistic,,24.8
2023-06-06,1,forest_clf,,90.6
2023-06-06,2,forest_clf,,42.0
2023-06-06,3,forest_clf,,24.8
2023-06-06,1,hgb_clf,0.013025415289106201,90.6
2023-06-06,2,hgb_clf,0.011514739448620585,42.0
2023-06-06,3,hgb_clf,0.00890298691863282,24.8
2023-06-07,1,logistic,,42.0
2023-06-07,2,logistic,,24.8
2023-06-07,3,logistic,,28.4
2023-06-07,1,forest_clf,,42.0
2023-06-07,2,forest_clf,,24.8
2023-06-07,3,forest_clf,,28.4
2023-06-07,1,hgb_clf,0.0880902161532623,42.0
2023-06-07,2,hgb_clf,0.039064565453855685,24.8
2023-06-07,3,hgb_clf,0.07812255047657135,28.4
2023-06-08,1,logistic,,24.8
2023-06-08,2,logistic,,28.4
2023-06-08,3,logistic,,37.0
2023-06-08,1,forest_clf,,24.8
2023-06-08,2,forest_clf,,28.4
2023-06-08,3,forest_clf,,37.0
2023-06-08,1,hgb_clf,0.030753661920563932,24.8
2023-06-08,2,hgb_clf,0.06940526042666237,28.4
2023-06-08,3,hgb_clf,0.05941488924981968,37.0
2023-06-09,1,logistic,0.0239232974441742,28.4
2023-06-09,2,logistic,0.03421694679770359,37.0
2023-06-09,3,logistic,0.030341007892538078,40.4
2023-06-09,1,forest_clf,0.02691685360847456,28.4
2023-06-09,2,forest_clf,0.04655231754088373,37.0
2023-06-09,3,forest_clf,0.0611160604761577,40.4
2023-06-09,1,hgb_clf,0.009549861309542834,28.4
2023-06-09,2,hgb_clf,0.02600082691772789,37.0
2023-06-09,3,hgb_clf,0.01818398750384599,40.4
2023-06-10,1,logistic,0.025674971652085026,37.0
2023-06-10,2,logistic,0.0414652931039524,40.4
2023-06-10,3,logistic,0.037223353592910846,57.7
2023-06-10,1,forest_clf,0.003175314593367104,37.0
2023-06-10,2,forest_clf,0.05815841954591321,40.4
2023-06-10,3,forest_clf,0.05461915159778214,57.7
2023-06-10,1,hgb_clf,0.01006035465220273,37.0
2023-06-10,2,hgb_clf,0.017178259547810413,40.4
2023-06-10,3,hgb_clf,0.03118527907159122,57.7
2023-06-11,1,logistic,0.03300148055624484,40.4
2023-06-11,2,logistic,0.04624209463756264,57.7
2023-06-11,3,logistic,0.038590598396867536,36.7
2023-06-11,1,forest_clf,0.005729478352620229,40.4
2023-06-11,2,forest_clf,0.03627387636727907,57.7
2023-06-11,3,forest_clf,0.04405648843055458,36.7
2023-06-11,1,hgb_clf,0.03179784381357823,40.4
2023-06-11,2,hgb_clf,0.011021146542206215,57.7
2023-06-11,3,hgb_clf,0.01567093874695994,36.7
2023-06-12,1,logistic,,57.7
2023-06-12,2,logistic,,36.7
2023-06-12,3,logistic,,33.8
2023-06-12,1,forest_clf,,57.7
2023-06-12,2,forest_clf,,36.7
2023-06-12,3,forest_clf,,33.8
2023-06-12,1,hgb_clf,0.021102644960699694,57.7
2023-06-12,2,hgb_clf,0.009174080067356368,36.7
2023-06-12,3,hgb_clf,0.016837470485135477,33.8
2023-06-13,1,logistic,0.06265567533864816,36.7
2023-06-13,2,logistic,0.06510977152917548,33.8
2023-06-13,3,logistic,0.07436347878612061,29.2
2023-06-13,1,forest_clf,0.002067036358646707,36.7
2023-06-13,2,forest_clf,0.001753080678911881,33.8
2023-06-13,3,forest_clf,0.02492078619738398,29.2
2023-06-13,1,hgb_clf,0.02291435681892601,36.7
2023-06-13,2,hgb_clf,0.022524970866274568,33.8
2023-06-13,3,hgb_clf,0.018364128437710875,29.2
2023-06-14,1,logistic,0.034146078694617096,33.8
2023-06-14,2,logistic,0.0493834578888395,29.2
2023-06-14,3,logistic,0.04528537279547197,35.0
2023-06-14,1,forest_clf,0.000635208711433757,33.8
2023-06-14,2,forest_clf,0.001187164084729687,29.2
2023-06-14,3,forest_clf,0.005770498129848915,35.0
2023-06-14,1,hgb_clf,0.005097834279179828,33.8
2023-06-14,2,hgb_clf,0.003633712221311398,29.2
2023-06-14,3,hgb_clf,0.019327284833646173,35.0
2023-06-15,1,logistic,0.024726196169562425,29.2
2023-06-15,2,logistic,0.04022797415119054,35.0
2023-06-15,3,logistic,0.03712442136285654,20.9
2023-06-15,1,forest_clf,0.0006542919536368217,29.2
2023-06-15,2,forest_clf,0.0,35.0
2023-06-15,3,forest_clf,0.0013040331429502916,20.9
2023-06-15,1,hgb_clf,0.0019916805145792403,29.2
2023-06-15,2,hgb_clf,0.0033563464357673507,35.0
2023-06-15,3,hgb_clf,0.030170915301981016,20.9
2023-06-16,1,logistic,0.01985685360555583,35.0
2023-06-16,2,logistic,0.036845897206227954,20.9
2023-06-16,3,logistic,0.03356532020065649,14.0
2023-06-16,1,forest_clf,0.0021328263981689544,35.0
2023-06-16,2,forest_clf,0.0,20.9
2023-06-16,3,forest_clf,0.0032193365146678575,14.0
2023-06-16,1,hgb_clf,0.0030384113062604306,35.0
2023-06-16,2,hgb_clf,0.002677293369461403,20.9
2023-06-16,3,hgb_clf,0.01659761023287409,14.0
2023-06-17,1,logistic,0.023084121761495106,20.9
2023-06-17,2,logistic,0.04584206217940266,14.0
2023-06-17,3,logistic,0.03994823607707869,36.9
2023-06-17,1,forest_clf,0.0016753758123008045,20.9
2023-06-17,2,forest_clf,0.0,14.0
2023-06-17,3,forest_clf,0.00291825306749619,36.9
2023-06-17,1,hgb_clf,0.002881390377018225,20.9
2023-06-17,2,hgb_clf,0.0017326953580590696,14.0
2023-06-17,3,hgb_clf,0.006020410293044162,36.9
2023-06-18,1,logistic,0.013877663088015286,14.0
2023-06-18,2,logistic,0.03467139227202463,36.9
2023-06-18,3,logistic,0.026667950645361507,29.6
2023-06-18,1,forest_clf,0.0016753758123008045,14.0
2023-06-18,2,forest_clf,0.0,36.9
2023-06-18,3,forest_clf,0.002615700151031494,29.6
2023-06-18,1,hgb_clf,0.0015848632889237295,14.0
2023-06-18,2,hgb_clf,0.0021602070085724274,36.9
2023-06-18,3,hgb_clf,0.01669467848353802,29.6
2023-06-19,1,logistic,0.015021421697104161,36.9
2023-06-19,2,logistic,0.024576219082926194,29.6
2023-06-19,3,logistic,0.02353960515552737,31.8
2023-06-19,1,forest_clf,0.0006542919536368217,36.9
2023-06-19,2,forest_clf,0.00135623869801085,29.6
2023-06-19,3,forest_clf,0.0016359833504191713,31.8
2023-06-19,1,hgb_clf,0.0009243802247523717,36.9
2023-06-19,2,hgb_clf,0.001461792562009656,29.6
2023-06-19,3,hgb_clf,0.01529015280824375,31.8
2023-06-20,1,logistic,0.02488942430609437,29.6
2023-06-20,2,logistic,0.03742048266868075,31.8
2023-06-20,3,logistic,0.03613504318458571,46.5
2023-06-20,1,forest_clf,0.016320755447305303,29.6
2023-06-20,2,forest_clf,0.0,31.8
2023-06-20,3,forest_clf,0.003092627197262651,46.5
2023-06-20,1,hgb_clf,0.0014268994396263819,29.6
2023-06-20,2,hgb_clf,0.0015163087711763475,31.8
2023-06-20,3,hgb_clf,0.0074954532745525534,46.5
2023-06-21,1,logistic,0.020186308503468663,31.8
2023-06-21,2,logistic,0.032835952587264045,46.5
2023-06-21,3,logistic,0.031362661997086934,58.4
2023-06-21,1,forest_clf,0.0006542919536368217,31.8
2023-06-21,2,forest_clf,0.0,46.5
2023-06-21,3,forest_clf,0.0,58.4
2023-06-21,1,hgb_clf,0.0007232612896111124,31.8
2023-06-21,2,hgb_clf,0.0003620429416795002,46.5
2023-06-21,3,hgb_clf,0.0028468942461655562,58.4
2023-06-22,1,logistic,0.022772689746661485,46.5
2023-06-22,2,logistic,0.03631298692806,58.4
2023-06-22,3,logistic,0.03368122874744702,18.8
2023-06-22,1,forest_clf,0.0006542919536368217,46.5
2023-06-22,2,forest_clf,0.0,58.4
2023-06-22,3,forest_clf,0.0006015037593984961,18.8
2023-06-22,1,hgb_clf,0.0004176453341315344,46.5
2023-06-22,2,hgb_clf,0.0006436598155615557,58.4
2023-06-22,3,hgb_clf,0.0016132723742127146,18.8
2023-06-23,1,logistic,0.029599356146740047,58.4
2023-06-23,2,logistic,0.047167527370280335,18.8
2023-06-23,3,logistic,0.04659938408676211,37.3
2023-06-23,1,forest_clf,0.002067036358646707,58.4
2023-06-23,2,forest_clf,0.0,18.8
2023-06-23,3,forest_clf,0.0,37.3
2023-06-23,1,hgb_clf,0.0007004173788871216,58.4
2023-06-23,2,hgb_clf,0.0003702225440277735,18.8
2023-06-23,3,hgb_clf,0.002835025287985695,37.3
2023-06-24,1,logistic,0.039843182852406345,18.8
2023-06-24,2,logistic,0.06529098927602962,37.3
2023-06-24,3,logistic,0.06404704850795881,30.5
2023-06-24,1,forest_clf,0.0009043973420582172,18.8
2023-06-24,2,forest_clf,0.0006431359239776007,37.3
2023-06-24,3,forest_clf,0.001197344907740711,30.5
2023-06-24,1,hgb_clf,0.0008780122633503852,18.8
2023-06-24,2,hgb_clf,0.0013310352078826104,37.3
2023-06-24,3,hgb_clf,0.007218451786659647,30.5
2023-06-25,1,logistic,0.01044186203104845,37.3
2023-06-25,2,logistic,0.02848751117508216,30.5
2023-06-25,3,logistic,0.02041409566461468,24.9
2023-06-25,1,forest_clf,0.015365609917691883,37.3
2023-06-25,2,forest_clf,0.0014419125887187151,30.5
2023-06-25,3,forest_clf,0.0,24.9
2023-06-25,1,hgb_clf,0.0008120296590584044,37.3
2023-06-25,2,hgb_clf,0.001372116493212747,30.5
2023-06-25,3,hgb_clf,0.010465974286608042,24.9
2023-06-26,1,logistic,0.023008290019488703,30.5
2023-06-26,2,logistic,0.03375100370750315,24.9
2023-06-26,3,logistic,0.03492547187981863,42.8
2023-06-26,1,forest_clf,0.010631899505989759,30.5
2023-06-26,2,forest_clf,0.0,24.9
2023-06-26,3,forest_clf,0.005249972578365864,42.8
2023-06-26,1,hgb_clf,0.0007628029176634411,30.5
2023-06-26,2,hgb_clf,0.000570222191873481,24.9
2023-06-26,3,hgb_clf,0.006575223428434576,42.8
2023-06-27,1,logistic,0.01955243082982088,24.9
2023-06-27,2,logistic,0.03163815074919968,42.8
2023-06-27,3,logistic,0.031214042908291363,26.9
2023-06-27,1,forest_clf,0.0009519244886343928,24.9
2023-06-27,2,forest_clf,0.004700219865949616,42.8
2023-06-27,3,forest_clf,0.0,26.9
2023-06-27,1,hgb_clf,0.0008829560390966891,24.9
2023-06-27,2,hgb_clf,0.0012996073276807917,42.8
2023-06-27,3,hgb_clf,0.005786202969682026,26.9
2023-06-28,1,logistic,0.017376074265701206,42.8
2023-06-28,2,logistic,0.02858848880578844,26.9
2023-06-28,3,logistic,0.025630616571561692,22.3
2023-06-28,1,forest_clf,0.0004944739027662429,42.8
2023-06-28,2,forest_clf,0.0,26.9
2023-06-28,3,forest_clf,0.0012051401230348596,22.3
2023-06-28,1,hgb_clf,0.0004230322501431951,42.8
2023-06-28,2,hgb_clf,0.001073292125852037,26.9
2023-06-28,3,hgb_clf,0.007185789493525236,22.3
2023-06-29,1,logistic,0.025077581468249992,26.9
2023-06-29,2,logistic,0.040173673151877295,22.3
2023-06-29,3,logistic,0.03805687839133171,35.7
2023-06-29,1,forest_clf,0.0019072183077761282,26.9
2023-06-29,2,forest_clf,0.0,22.3
2023-06-29,3,forest_clf,0.0011114588847746137,35.7
2023-06-29,1,hgb_clf,0.0007299767045542127,26.9
2023-06-29,2,hgb_clf,0.0006934882131756555,22.3
2023-06-29,3,hgb_clf,0.007605840282814998,35.7
2023-06-30,1,logistic,0.015153936985477508,22.3
2023-06-30,2,logistic,0.0297496222025354,35.7
2023-06-30,3,logistic,0.02360923131839844,48.6
2023-06-30,1,forest_clf,0.0016787156790707503,22.3
2023-06-30,2,forest_clf,0.0012687871373645578,35.7
2023-06-30,3,forest_clf,0.0008124776935520433,48.6
2023-06-30,1,hgb_clf,0.0008156989723681065,22.3
2023-06-30,2,hgb_clf,0.001446144568457666,35.7
2023-06-30,3,hgb_clf,0.005147929390987151,48.6
2023-07-01,1,logistic,0.011922265098617213,35.7
2023-07-01,2,logistic,0.03227923687203294,48.6
2023-07-01,3,logistic,0.021660457328416118,40.1
2023-07-01,1,forest_clf,0.0016787156790707503,35.7
2023-07-01,2,forest_clf,0.0012687871373645578,48.6
2023-07-01,3,forest_clf,0.0008124776935520433,40.1
2023-07-01,1,hgb_clf,0.0005419234806881082,35.7
2023-07-01,2,hgb_clf,0.001602014826317046,48.6
2023-07-01,3,hgb_clf,0.0020751550594005773,40.1
2023-07-02,1,logistic,0.015623652285186345,48.6
2023-07-02,2,logistic,0.04062593927306922,40.1
2023-07-02,3,logistic,0.03080847596375751,33.1
2023-07-02,1,forest_clf,0.0016787156790707503,48.6
2023-07-02,2,forest_clf,0.0,40.1
2023-07-02,3,forest_clf,0.0008124776935520433,33.1
2023-07-02,1,hgb_clf,0.0016809143162710549,48.6
2023-07-02,2,hgb_clf,0.000604338230447642,40.1
2023-07-02,3,hgb_clf,0.0018421138743946886,33.1
2023-07-03,1,logistic,0.0320781810519483,40.1
2023-07-03,2,logistic,0.0426261772003097,33.1
2023-07-03,3,logistic,0.04333251835742009,24.7
2023-07-03,1,forest_clf,0.0025831130211289672,40.1
2023-07-03,2,forest_clf,0.0,33.1
2023-07-03,3,forest_clf,0.0020098226012927544,24.7
2023-07-03,1,hgb_clf,0.0007918077565970562,40.1
2023-07-03,2,hgb_clf,0.0006281089694334534,33.1
2023-07-03,3,hgb_clf,0.005129416188097367,24.7
2023-07-04,1,logistic,0.026442931187713965,33.1
2023-07-04,2,logistic,0.03801105080719862,24.7
2023-07-04,3,logistic,0.03573229303630614,29.0
2023-07-04,1,forest_clf,0.0008705822067037011,33.1
2023-07-04,2,forest_clf,0.0012687871373645578,24.7
2023-07-04,3,forest_clf,0.0008124776935520433,29.0
2023-07-04,1,hgb_clf,0.000815855266168175,33.1
2023-07-04,2,hgb_clf,0.0006809963605827537,24.7
2023-07-04,3,hgb_clf,0.005511083754548699,29.0
2023-07-05,1,logistic,0.01903402501810927,24.7
2023-07-05,2,logistic,0.03318877358824084,29.0
2023-07-05,3,logistic,0.028228498520757695,12.2
2023-07-05,1,forest_clf,0.0004944739027662429,24.7
2023-07-05,2,forest_clf,0.0,29.0
2023-07-05,3,forest_clf,0.0,12.2
2023-07-05,1,hgb_clf,0.0005213851359135976,24.7
2023-07-05,2,hgb_clf,0.0007494357664744426,29.0
2023-07-05,3,hgb_clf,0.002803679921411468,12.2
2023-07-06,1,logistic,0.013113945149714187,29.0
2023-07-06,2,logistic,0.028507603197970906,12.2
2023-07-06,3,logistic,0.02137527239532027,22.0
2023-07-06,1,forest_clf,0.0004944739027662429,29.0
2023-07-06,2,forest_clf,0.0,12.2
2023-07-06,3,forest_clf,0.0,22.0
2023-07-06,1,hgb_clf,0.0005146301845255312,29.0
2023-07-06,2,hgb_clf,0.0008525764991841043,12.2
2023-07-06,3,hgb_clf,0.0018876318668299258,22.0
2023-07-07,1,logistic,0.01367300972674935,12.2
2023-07-07,2,logistic,0.029503057674018,22.0
2023-07-07,3,logistic,0.02276787536662214,16.7
2023-07-07,1,forest_clf,0.0004944739027662429,12.2
2023-07-07,2,forest_clf,0.0,22.0
2023-07-07,3,forest_clf,0.0006015037593984961,16.7
2023-07-07,1,hgb_clf,0.0005653939666710169,12.2
2023-07-07,2,hgb_clf,0.0004962392794969005,22.0
2023-07-07,3,hgb_clf,0.0014497982444456978,16.7
2023-07-08,1,logistic,0.006890825715580914,22.0
2023-07-08,2,logistic,0.021136517253647732,16.7
2023-07-08,3,logistic,0.013074090893522412,38.4
2023-07-08,1,forest_clf,0.0,22.0
2023-07-08,2,forest_clf,0.014529517237017883,16.7
2023-07-08,3,forest_clf,0.0004970225942042564,38.4
2023-07-08,1,hgb_clf,0.0003765882256818591,22.0
2023-07-08,2,hgb_clf,0.0005463777975964296,16.7
2023-07-08,3,hgb_clf,0.0019541709571178493,38.4
2023-07-09,1,logistic,0.009245399086044022,16.7
2023-07-09,2,logistic,0.027833492854477677,38.4
2023-07-09,3,logistic,0.017882736080753747,24.9
2023-07-09,1,forest_clf,0.0002804224933055639,16.7
2023-07-09,2,forest_clf,0.0,38.4
2023-07-09,3,forest_clf,0.0001381440895313593,24.9
2023-07-09,1,hgb_clf,0.0004393400284630524,16.7
2023-07-09,2,hgb_clf,0.0005094357022556617,38.4
2023-07-09,3,hgb_clf,0.0012365434853713,24.9
2023-07-10,1,logistic,0.010903758881396957,38.4
2023-07-10,2,logistic,0.020432949117413116,24.9
2023-07-10,3,logistic,0.01593393642371544,27.9
2023-07-10,1,forest_clf,0.0,38.4
2023-07-10,2,forest_clf,0.0,24.9
2023-07-10,3,forest_clf,0.0004970225942042564,27.9
2023-07-10,1,hgb_clf,0.000694769777321063,38.4
2023-07-10,2,hgb_clf,0.0005943684711595144,24.9
2023-07-10,3,hgb_clf,0.0025933302496036164,27.9
2023-07-11,1,logistic,0.02087725217709344,24.9
2023-07-11,2,logistic,0.033905058724170906,27.9
2023-07-11,3,logistic,0.0313703516621282,25.0
2023-07-11,1,forest_clf,0.014573896873752632,24.9
2023-07-11,2,forest_clf,0.002438709677419355,27.9
2023-07-11,3,forest_clf,0.0020759693980756454,25.0
2023-07-11,1,hgb_clf,0.0005713181292283173,24.9
2023-07-11,2,hgb_clf,0.00030798435906553395,27.9
2023-07-11,3,hgb_clf,0.0011445005138327443,25.0
2023-07-12,1,logistic,0.012350760300586652,27.9
2023-07-12,2,logistic,0.02427520146655009,25.0
2023-07-12,3,logistic,0.018928587870373187,26.3
2023-07-12,1,forest_clf,0.0,27.9
2023-07-12,2,forest_clf,0.0,25.0
2023-07-12,3,forest_clf,0.0,26.3
2023-07-12,1,hgb_clf,0.0008789917298181758,27.9
2023-07-12,2,hgb_clf,0.0005346984678463316,25.0
2023-07-12,3,hgb_clf,0.0012677769959073362,26.3
2023-07-13,1,logistic,0.013555436067913514,25.0
2023-07-13,2,logistic,0.02700096678889327,26.3
2023-07-13,3,logistic,0.0210129187230339,20.4
2023-07-13,1,forest_clf,0.0,25.0
2023-07-13,2,forest_clf,0.0,26.3
2023-07-13,3,forest_clf,0.0,20.4
2023-07-13,1,hgb_clf,0.000618067704426654,25.0
2023-07-13,2,hgb_clf,0.0003956688057997877,26.3
2023-07-13,3,hgb_clf,0.0008964585434259162,20.4
2023-07-14,1,logistic,0.011424227591269164,26.3
2023-07-14,2,logistic,0.02578369710326847,20.4
2023-07-14,3,logistic,0.018926768297144007,31.0
2023-07-14,1,forest_clf,0.0,26.3
2023-07-14,2,forest_clf,0.0,20.4
2023-07-14,3,forest_clf,0.005735294507296627,31.0
2023-07-14,1,hgb_clf,0.0015638269350451057,26.3
2023-07-14,2,hgb_clf,0.0005581685948042214,20.4
2023-07-14,3,hgb_clf,0.0009110187010105675,31.0
2023-07-15,1,logistic,0.011710032588271748,20.4
2023-07-15,2,logistic,0.029719794301667136,31.0
2023-07-15,3,logistic,0.021413107778416745,36.4
2023-07-15,1,forest_clf,0.002418337488837828,20.4
2023-07-15,2,forest_clf,0.005654978894290012,31.0
2023-07-15,3,forest_clf,0.006559560346994018,36.4
2023-07-15,1,hgb_clf,0.0022195876993958614,20.4
2023-07-15,2,hgb_clf,0.0003922557263461965,31.0
2023-07-15,3,hgb_clf,0.0009354244975095695,36.4
2023-07-16,1,logistic,0.008644469303425967,31.0
2023-07-16,2,logistic,0.025481536642243872,36.4
2023-07-16,3,logistic,0.016084303120339764,27.7
2023-07-16,1,forest_clf,0.0,31.0
2023-07-16,2,forest_clf,0.0,36.4
2023-07-16,3,forest_clf,0.001401079270067448,27.7
2023-07-16,1,hgb_clf,0.0008055130861023056,31.0
2023-07-16,2,hgb_clf,0.0006335164178932523,36.4
2023-07-16,3,hgb_clf,0.0017845912579310937,27.7
2023-07-17,1,logistic,0.017371127903961694,36.4
2023-07-17,2,logistic,0.027519039704483925,27.7
2023-07-17,3,logistic,0.02615831059278183,30.1
2023-07-17,1,forest_clf,0.0011153559448378678,36.4
2023-07-17,2,forest_clf,0.0,27.7
2023-07-17,3,forest_clf,0.0007923971838691265,30.1
2023-07-17,1,hgb_clf,0.0011424989544489576,36.4
2023-07-17,2,hgb_clf,0.00030014685695019304,27.7
2023-07-17,3,hgb_clf,0.0017313501775929718,30.1
2023-07-18,1,logistic,0.019463412837913262,27.7
2023-07-18,2,logistic,0.03189809493309202,30.1
2023-07-18,3,logistic,0.029524339428179905,38.9
2023-07-18,1,forest_clf,0.0,27.7
2023-07-18,2,forest_clf,0.0,30.1
2023-07-18,3,forest_clf,0.0,38.9
2023-07-18,1,hgb_clf,0.0009535043660348555,27.7
2023-07-18,2,hgb_clf,0.0005001147572785432,30.1
2023-07-18,3,hgb_clf,0.001201230296217116,38.9
2023-07-19,1,logistic,0.013846398470910485,30.1
2023-07-19,2,logistic,0.025028469601496763,38.9
2023-07-19,3,logistic,0.019819442653896444,30.6
2023-07-19,1,forest_clf,0.0,30.1
2023-07-19,2,forest_clf,0.0,38.9
2023-07-19,3,forest_clf,0.00143742987482778,30.6
2023-07-19,1,hgb_clf,0.0007958740791633677,30.1
2023-07-19,2,hgb_clf,0.0006081753517662516,38.9
2023-07-19,3,hgb_clf,0.0038668148902009703,30.6
2023-07-20,1,logistic,0.01369708859774074,38.9
2023-07-20,2,logistic,0.026918111582485915,30.6
2023-07-20,3,logistic,0.02082069816423875,18.9
2023-07-20,1,forest_clf,0.001329002666813856,38.9
2023-07-20,2,forest_clf,0.0,30.6
2023-07-20,3,forest_clf,0.003873959616077281,18.9
2023-07-20,1,hgb_clf,0.000542753861166316,38.9
2023-07-20,2,hgb_clf,0.0005458884963211274,30.6
2023-07-20,3,hgb_clf,0.002242676510100861,18.9
2023-07-21,1,logistic,0.016253621911222843,30.6
2023-07-21,2,logistic,0.021944040967282006,18.9
2023-07-21,3,logistic,0.028254752979784713,23.2
2023-07-21,1,forest_clf,0.0005665745792619685,30.6
2023-07-21,2,forest_clf,0.0,18.9
2023-07-21,3,forest_clf,0.0,23.2
2023-07-21,1,hgb_clf,0.0004600637531353772,30.6
2023-07-21,2,hgb_clf,0.00036065597671886354,18.9
2023-07-21,3,hgb_clf,0.0009405836584474258,23.2
2023-07-22,1,logistic,0.013286212075951789,18.9
2023-07-22,2,logistic,0.018638941653217538,23.2
2023-07-22,3,logistic,0.023539235792937634,30.4
2023-07-22,1,forest_clf,0.0,18.9
2023-07-22,2,forest_clf,0.0,23.2
2023-07-22,3,forest_clf,0.011697879969328709,30.4
2023-07-22,1,hgb_clf,0.0006598505707353754,18.9
2023-07-22,2,hgb_clf,0.0009570818436997255,23.2
2023-07-22,3,hgb_clf,0.0021246810658022202,30.4
2023-07-23,1,logistic,0.007911272901648054,23.2
2023-07-23,2,logistic,0.009973093714101057,30.4
2023-07-23,3,logistic,0.01339784594618234,24.6
2023-07-23,1,forest_clf,0.0008132912404653601,23.2
2023-07-23,2,forest_clf,0.0025264873804796907,30.4
2023-07-23,3,forest_clf,0.01767594513132294,24.6
2023-07-23,1,hgb_clf,0.0005605398511190852,23.2
2023-07-23,2,hgb_clf,0.0007642212754165729,30.4
2023-07-23,3,hgb_clf,0.0015662484118915358,24.6
2023-07-24,1,logistic,0.013731875959794887,30.4
2023-07-24,2,logistic,0.009681758474758733,24.6
2023-07-24,3,logistic,0.017490615993448557,32.4
2023-07-24,1,forest_clf,0.0012894519101136082,30.4
2023-07-24,2,forest_clf,0.0038231450367763953,24.6
2023-07-24,3,forest_clf,0.021707411819572073,32.4
2023-07-24,1,hgb_clf,0.0006542386561513188,30.4
2023-07-24,2,hgb_clf,0.0007847965011657424,24.6
2023-07-24,3,hgb_clf,0.0022567935866328955,32.4
2023-07-25,1,logistic,0.01613790362135301,24.6
2023-07-25,2,logistic,0.013864264149002431,32.4
2023-07-25,3,logistic,0.022622513379063264,23.3
2023-07-25,1,forest_clf,0.0013319128518884682,24.6
2023-07-25,2,forest_clf,0.005329233546623767,32.4
2023-07-25,3,forest_clf,0.019607157126134124,23.3
2023-07-25,1,hgb_clf,0.0007950754538616591,24.6
2023-07-25,2,hgb_clf,0.0005664286811938623,32.4
2023-07-25,3,hgb_clf,0.004455809534131066,23.3
2023-07-26,1,logistic,0.013021117409617812,32.4
2023-07-26,2,logistic,0.009631743573943832,23.3
2023-07-26,3,logistic,0.016156919420039495,9.13
2023-07-26,1,forest_clf,0.0010464349867664157,32.4
2023-07-26,2,forest_clf,0.0035645772919919694,23.3
2023-07-26,3,forest_clf,0.021844105802210273,9.13
2023-07-26,1,hgb_clf,0.0007957870055172617,32.4
2023-07-26,2,hgb_clf,0.0013121059784763503,23.3
2023-07-26,3,hgb_clf,0.007641104314117562,9.13
2023-07-27,1,logistic,0.0150448230635416,23.3
2023-07-27,2,logistic,0.014609305801066348,9.13
2023-07-27,3,logistic,0.022035937745625338,11.1
2023-07-27,1,forest_clf,0.0010464349867664157,23.3
2023-07-27,2,forest_clf,0.0,9.13
2023-07-27,3,forest_clf,0.03229177053064257,11.1
2023-07-27,1,hgb_clf,0.0005585558507300716,23.3
2023-07-27,2,hgb_clf,0.0008911408317151666,9.13
2023-07-27,3,hgb_clf,0.003535586466016545,11.1
2023-07-28,1,logistic,0.009902058821754442,9.13
2023-07-28,2,logistic,0.008079042181407198,11.1
2023-07-28,3,logistic,0.012513074605857152,33.5
2023-07-28,1,forest_clf,0.0011881521028918973,9.13
2023-07-28,2,forest_clf,0.0,11.1
2023-07-28,3,forest_clf,0.013124495617601926,33.5
2023-07-28,1,hgb_clf,0.0009287365627291775,9.13
2023-07-28,2,hgb_clf,0.0014777526142458416,11.1
2023-07-28,3,hgb_clf,0.00596776546265355,33.5
2023-07-29,1,logistic,0.005497455388273605,11.1
2023-07-29,2,logistic,0.004198658984019516,33.5
2023-07-29,3,logistic,0.006895908303687224,
2023-07-29,1,forest_clf,0.0019727254323538886,11.1
2023-07-29,2,forest_clf,0.011427097443789898,33.5
2023-07-29,3,forest_clf,0.009516077778643571,
2023-07-29,1,hgb_clf,0.0007433291088359991,11.1
2023-07-29,2,hgb_clf,0.0010209771681463878,33.5
2023-07-29,3,hgb_clf,0.0031505839161641972,
2023-07-30,1,logistic,0.005264315589433007,33.5
2023-07-30,2,logistic,0.004738327722002058,
2023-07-30,3,logistic,0.00766564768884553,18.2
2023-07-30,1,forest_clf,0.0015571644220893058,33.5
2023-07-30,2,forest_clf,0.011427097443789898,
2023-07-30,3,forest_clf,0.00640282815826158,18.2
2023-07-30,1,hgb_clf,0.0007516159128248348,33.5
2023-07-30,2,hgb_clf,0.0008246757074111111,
2023-07-30,3,hgb_clf,0.0012570969440122307,18.2
2023-07-31,1,logistic,0.015564558723103089,
2023-07-31,2,logistic,0.011155697646604236,18.2
2023-07-31,3,logistic,0.021283996258735817,23.9
2023-07-31,1,forest_clf,0.008392905571997423,
2023-07-31,2,forest_clf,0.002350492051476154,18.2
2023-07-31,3,forest_clf,0.006451748740527883,23.9
2023-07-31,1,hgb_clf,0.0013015902669486713,
2023-07-31,2,hgb_clf,0.0006736064261029458,18.2
2023-07-31,3,hgb_clf,0.00161856931779303,23.9
2023-08-01,1,logistic,,18.2
2023-08-01,2,logistic,,23.9
2023-08-01,3,logistic,,29.2
2023-08-01,1,forest_clf,,18.2
2023-08-01,2,forest_clf,,23.9
2023-08-01,3,forest_clf,,29.2
2023-08-01,1,hgb_clf,0.0012544179068950494,18.2
2023-08-01,2,hgb_clf,0.004296182682489401,23.9
2023-08-01,3,hgb_clf,0.0012978962998466165,29.2
2023-08-02,1,logistic,,23.9
2023-08-02,2,logistic,,29.2
2023-08-02,3,logistic,,28.0
2023-08-02,1,forest_clf,,23.9
2023-08-02,2,forest_clf,,29.2
2023-08-02,3,forest_clf,,28.0
2023-08-02,1,hgb_clf,0.0013617721061386227,23.9
2023-08-02,2,hgb_clf,0.0018531518070759655,29.2
2023-08-02,3,hgb_clf,0.001244032645227808,28.0
2023-08-03,1,logistic,,29.2
2023-08-03,2,logistic,,28.0
2023-08-03,3,logistic,,25.9
2023-08-03,1,forest_clf,,29.2
2023-08-03,2,forest_clf,,28.0
2023-08-03,3,forest_clf,,25.9
2023-08-03,1,hgb_clf,0.0012975869891965486,29.2
2023-08-03,2,hgb_clf,0.0015049252623124843,28.0
2023-08-03,3,hgb_clf,0.0019160226103207597,25.9
2023-08-04,1,logistic,,28.0
2023-08-04,2,logistic,,25.9
2023-08-04,3,logistic,,22.8
2023-08-04,1,forest_clf,,28.0
2023-08-04,2,forest_clf,,25.9
2023-08-04,3,forest_clf,,22.8
2023-08-04,1,hgb_clf,0.0017187652594063572,28.0
2023-08-04,2,hgb_clf,0.0017677727479094546,25.9
2023-08-04,3,hgb_clf,0.001675633514174779,22.8
2023-08-05,1,logistic,0.011373889168549327,25.9
2023-08-05,2,logistic,0.007131662619313681,22.8
2023-08-05,3,logistic,0.010875492594001586,23.5
2023-08-05,1,forest_clf,0.001284994731314964,25.9
2023-08-05,2,forest_clf,0.0,22.8
2023-08-05,3,forest_clf,0.02381048060128272,23.5
2023-08-05,1,hgb_clf,0.0014078503602171094,25.9
2023-08-05,2,hgb_clf,0.001215524711570276,22.8
2023-08-05,3,hgb_clf,0.00191255510678547,23.5
2023-08-06,1,logistic,0.009770580262038376,22.8
2023-08-06,2,logistic,0.006090187645974176,23.5
2023-08-06,3,logistic,0.009053587746355446,27.8
2023-08-06,1,forest_clf,0.001284994731314964,22.8
2023-08-06,2,forest_clf,0.0,23.5
2023-08-06,3,forest_clf,0.02935112521235986,27.8
2023-08-06,1,hgb_clf,0.0011850010178273023,22.8
2023-08-06,2,hgb_clf,0.0006463888242482569,23.5
2023-08-06,3,hgb_clf,0.0023846653516743452,27.8
2023-08-07,1,logistic,0.01292334187895607,23.5
2023-08-07,2,logistic,0.0037203162970174835,27.8
2023-08-07,3,logistic,0.007604144518101768,32.0
2023-08-07,1,forest_clf,0.0015280116546621564,23.5
2023-08-07,2,forest_clf,0.0,27.8
2023-08-07,3,forest_clf,0.0017568455640744796,32.0
2023-08-07,1,hgb_clf,0.0005943472219579036,23.5
2023-08-07,2,hgb_clf,0.000715821811835259,27.8
2023-08-07,3,hgb_clf,0.0027080295451845362,32.0
2023-08-08,1,logistic,,27.8
2023-08-08,2,logistic,,32.0
2023-08-08,3,logistic,,33.6
2023-08-08,1,forest_clf,,27.8
2023-08-08,2,forest_clf,,32.0
2023-08-08,3,forest_clf,,33.6
2023-08-08,1,hgb_clf,0.0010762347326280296,27.8
2023-08-08,2,hgb_clf,0.00073367665358862,32.0
2023-08-08,3,hgb_clf,0.002378328786629075,33.6
2023-08-09,1,logistic,0.011167383042767808,32.0
2023-08-09,2,logistic,0.006238346510713698,33.6
2023-08-09,3,logistic,0.012672129318193523,28.7
2023-08-09,1,forest_clf,0.001284994731314964,32.0
2023-08-09,2,forest_clf,0.0,33.6
2023-08-09,3,forest_clf,0.0017568455640744796,28.7
2023-08-09,1,hgb_clf,0.00039772676646196637,32.0
2023-08-09,2,hgb_clf,0.0005260492847399701,33.6
2023-08-09,3,hgb_clf,0.002023780708671187,28.7
2023-08-10,1,logistic,0.011945800262779515,33.6
2023-08-10,2,logistic,0.00810877249427118,28.7
2023-08-10,3,logistic,0.015152560384187386,22.7
2023-08-10,1,forest_clf,0.0010564404486213717,33.6
2023-08-10,2,forest_clf,0.0,28.7
2023-08-10,3,forest_clf,0.0,22.7
2023-08-10,1,hgb_clf,0.0005941583593288306,33.6
2023-08-10,2,hgb_clf,0.00045940215629517415,28.7
2023-08-10,3,hgb_clf,0.0014475036647348383,22.7
2023-08-11,1,logistic,0.011669644618984754,28.7
2023-08-11,2,logistic,0.008441978799881733,22.7
2023-08-11,3,logistic,0.014936324482029953,28.7
2023-08-11,1,forest_clf,0.0010698369659784485,28.7
2023-08-11,2,forest_clf,0.0,22.7
2023-08-11,3,forest_clf,0.0,28.7
2023-08-11,1,hgb_clf,0.0004197773258654729,28.7
2023-08-11,2,hgb_clf,0.0009454545806906279,22.7
2023-08-11,3,hgb_clf,0.0013243540619768993,28.7
2023-08-12,1,logistic,0.009603233077577482,22.7
2023-08-12,2,logistic,0.007307264565073376,28.7
2023-08-12,3,logistic,0.012482760285753474,39.3
2023-08-12,1,forest_clf,0.0005107294353228901,22.7
2023-08-12,2,forest_clf,0.0,28.7
2023-08-12,3,forest_clf,0.010013404318216164,39.3
2023-08-12,1,hgb_clf,0.0005314637134406302,22.7
2023-08-12,2,hgb_clf,0.0006281420413319881,28.7
2023-08-12,3,hgb_clf,0.002803228647228222,39.3
2023-08-13,1,logistic,0.0067463261837602114,28.7
2023-08-13,2,logistic,0.004488792650574025,39.3
2023-08-13,3,logistic,0.007799322798362712,40.4
2023-08-13,1,forest_clf,0.0005107294353228901,28.7
2023-08-13,2,forest_clf,0.0,39.3
2023-08-13,3,forest_clf,0.0,40.4
2023-08-13,1,hgb_clf,0.0006463951407499362,28.7
2023-08-13,2,hgb_clf,0.0006720514325671762,39.3
2023-08-13,3,hgb_clf,0.0022535855763282544,40.4
2023-08-14,1,logistic,0.01279369352685093,39.3
2023-08-14,2,logistic,0.005183992003962135,40.4
2023-08-14,3,logistic,0.012075165681427783,35.4
2023-08-14,1,forest_clf,0.0007537463586700824,39.3
2023-08-14,2,forest_clf,0.0,40.4
2023-08-14,3,forest_clf,0.0,35.4
2023-08-14,1,hgb_clf,0.0005465011408895123,39.3
2023-08-14,2,hgb_clf,0.00038421667753941487,40.4
2023-08-14,3,hgb_clf,0.001362301378249315,35.4
2023-08-15,1,logistic,0.016457908342633772,40.4
2023-08-15,2,logistic,0.009375284701536124,35.4
2023-08-15,3,logistic,0.01935756017465377,41.2
2023-08-15,1,forest_clf,0.0010773040145848586,40.4
2023-08-15,2,forest_clf,0.0,35.4
2023-08-15,3,forest_clf,0.0,41.2
2023-08-15,1,hgb_clf,0.0005792023817777027,40.4
2023-08-15,2,hgb_clf,0.0006071693444617297,35.4
2023-08-15,3,hgb_clf,0.0014404305182212406,41.2
2023-08-16,1,logistic,0.016416873434457406,35.4
2023-08-16,2,logistic,0.00931871000296726,41.2
2023-08-16,3,logistic,0.01838085569502445,35.8
2023-08-16,1,forest_clf,0.0010773040145848586,35.4
2023-08-16,2,forest_clf,0.0,41.2
2023-08-16,3,forest_clf,0.0,35.8
2023-08-16,1,hgb_clf,0.0005775484548853631,35.4
2023-08-16,2,hgb_clf,0.0006499884891565391,41.2
2023-08-16,3,hgb_clf,0.0013025927252434241,35.8
2023-08-17,1,logistic,0.01324580577337791,41.2
2023-08-17,2,logistic,0.006852274096585068,35.8
2023-08-17,3,logistic,0.013458603712608376,30.6
2023-08-17,1,forest_clf,0.0007918261494628061,41.2
2023-08-17,2,forest_clf,0.0,35.8
2023-08-17,3,forest_clf,0.0017568455640744796,30.6
2023-08-17,1,hgb_clf,0.0006763988836934208,41.2
2023-08-17,2,hgb_clf,0.0007372360176564908,35.8
2023-08-17,3,hgb_clf,0.0011694288480386915,30.6
2023-08-18,1,logistic,0.013818609576447944,35.8
2023-08-18,2,logistic,0.00880419941241585,30.6
2023-08-18,3,logistic,0.016011700154631096,31.5
2023-08-18,1,forest_clf,0.0020932547654515434,35.8
2023-08-18,2,forest_clf,0.0,30.6
2023-08-18,3,forest_clf,0.0,31.5
2023-08-18,1,hgb_clf,0.0005553100555006507,35.8
2023-08-18,2,hgb_clf,0.0006294978329355269,30.6
2023-08-18,3,hgb_clf,0.0014422577542297305,31.5
2023-08-19,1,logistic,0.01118843636769543,30.6
2023-08-19,2,logistic,0.007534273032115798,31.5
2023-08-19,3,logistic,0.013524191563508673,29.0
2023-08-19,1,forest_clf,0.0007918261494628061,30.6
2023-08-19,2,forest_clf,0.0014949928469241772,31.5
2023-08-19,3,forest_clf,0.0,29.0
2023-08-19,1,hgb_clf,0.0005952964411497519,30.6
2023-08-19,2,hgb_clf,0.0005347125348854977,31.5
2023-08-19,3,hgb_clf,0.0013070101876269257,29.0
2023-08-20,1,logistic,0.008470955801521476,31.5
2023-08-20,2,logistic,0.00531891025604553,29.0
2023-08-20,3,logistic,0.009609038920143705,18.8
2023-08-20,1,forest_clf,0.0005107294353228901,31.5
2023-08-20,2,forest_clf,0.0,29.0
2023-08-20,3,forest_clf,0.0,18.8
2023-08-20,1,hgb_clf,0.0005748163210223386,31.5
2023-08-20,2,hgb_clf,0.0005358840009677634,29.0
2023-08-20,3,hgb_clf,0.0015005907910929132,18.8
2023-08-21,1,logistic,0.013551190805896082,29.0
2023-08-21,2,logistic,0.004472261784408465,18.8
2023-08-21,3,logistic,0.011122875130737396,20.1
2023-08-21,1,forest_clf,0.0007537463586700824,29.0
2023-08-21,2,forest_clf,0.0,18.8
2023-08-21,3,forest_clf,0.0017568455640744796,20.1
2023-08-21,1,hgb_clf,0.000553917925325172,29.0
2023-08-21,2,hgb_clf,0.0006876431397975891,18.8
2023-08-21,3,hgb_clf,0.0011781508809679399,20.1
2023-08-22,1,logistic,0.011620106481019675,18.8
2023-08-22,2,logistic,0.0037209382882642857,20.1
2023-08-22,3,logistic,0.008909121909474293,27.8
2023-08-22,1,forest_clf,0.0007761547154238843,18.8
2023-08-22,2,forest_clf,0.01681506090383386,20.1
2023-08-22,3,forest_clf,0.0070161031443026186,27.8
2023-08-22,1,hgb_clf,0.0019904688577465778,18.8
2023-08-22,2,hgb_clf,0.0007080913500305665,20.1
2023-08-22,3,hgb_clf,0.0015733522279084038,27.8
2023-08-23,1,logistic,0.006930421314329764,20.1
2023-08-23,2,logistic,0.001794118612899447,27.8
2023-08-23,3,logistic,0.004509267520979853,37.7
2023-08-23,1,forest_clf,0.000908174635867396,20.1
2023-08-23,2,forest_clf,0.0,27.8
2023-08-23,3,forest_clf,0.0011846935893815305,37.7
2023-08-23,1,hgb_clf,0.0006558924218299595,20.1
2023-08-23,2,hgb_clf,0.0009295197273552247,27.8
2023-08-23,3,hgb_clf,0.0029669709103076636,37.7
2023-08-24,1,logistic,0.006445648010046368,27.8
2023-08-24,2,logistic,0.0019016387538266714,37.7
2023-08-24,3,logistic,0.004583443754643716,47.2
2023-08-24,1,forest_clf,0.0007761547154238843,27.8
2023-08-24,2,forest_clf,0.0,37.7
2023-08-24,3,forest_clf,0.0011846935893815305,47.2
2023-08-24,1,hgb_clf,0.0007300344782628267,27.8
2023-08-24,2,hgb_clf,0.0009999016994979959,37.7
2023-08-24,3,hgb_clf,0.0015803116582377354,47.2
2023-08-25,1,logistic,0.007544083009352757,37.7
2023-08-25,2,logistic,0.002927703873997247,47.2
2023-08-25,3,logistic,0.006252215326843335,42.2
2023-08-25,1,forest_clf,0.0010616325805459367,37.7
2023-08-25,2,forest_clf,0.0,47.2
2023-08-25,3,forest_clf,0.0011846935893815305,42.2
2023-08-25,1,hgb_clf,0.0011435660406941457,37.7
2023-08-25,2,hgb_clf,0.0007743380860786927,47.2
2023-08-25,3,hgb_clf,0.001952623272786251,42.2
2023-08-26,1,logistic,0.010158763240151834,47.2
2023-08-26,2,logistic,0.0062848304588916494,42.2
2023-08-26,3,logistic,0.01147795644405755,37.8
2023-08-26,1,forest_clf,0.0014655715633861907,47.2
2023-08-26,2,forest_clf,0.0,42.2
2023-08-26,3,forest_clf,0.0,37.8
2023-08-26,1,hgb_clf,0.0008544640521911778,47.2
2023-08-26,2,hgb_clf,0.0009484552776601104,42.2
2023-08-26,3,hgb_clf,0.0015845691238868416,37.8
2023-08-27,1,logistic,0.012844968413823647,42.2
2023-08-27,2,logistic,0.009784525001316716,37.8
2023-08-27,3,logistic,0.01606706430924507,38.7
2023-08-27,1,forest_clf,0.0024815223142528754,42.2
2023-08-27,2,forest_clf,0.0,37.8
2023-08-27,3,forest_clf,0.0,38.7
2023-08-27,1,hgb_clf,0.0009108323255235244,42.2
2023-08-27,2,hgb_clf,0.0010245321388707822,37.8
2023-08-27,3,hgb_clf,0.0023817878755529862,38.7
2023-08-28,1,logistic,0.01790631428072404,37.8
2023-08-28,2,logistic,0.006045119666299316,38.7
2023-08-28,3,logistic,0.014365217880590964,40.7
2023-08-28,1,forest_clf,0.0013002683529109926,37.8
2023-08-28,2,forest_clf,0.0,38.7
2023-08-28,3,forest_clf,0.0,40.7
2023-08-28,1,hgb_clf,0.0008824287570149194,37.8
2023-08-28,2,hgb_clf,0.0017109549180230905,38.7
2023-08-28,3,hgb_clf,0.004026599356255786,40.7
2023-08-29,1,logistic,0.013704556963771564,38.7
2023-08-29,2,logistic,0.004578513403625175,40.7
2023-08-29,3,logistic,0.010792828259798638,36.2
2023-08-29,1,forest_clf,0.0010572514295638003,38.7
2023-08-29,2,forest_clf,0.0,40.7
2023-08-29,3,forest_clf,0.0,36.2
2023-08-29,1,hgb_clf,0.0007418387029621141,38.7
2023-08-29,2,hgb_clf,0.0013742300182631138,40.7
2023-08-29,3,hgb_clf,0.0018320277377346457,36.2
2023-08-30,1,logistic,0.012769293150228471,40.7
2023-08-30,2,logistic,0.004726795550435928,36.2
2023-08-30,3,logistic,0.010859585040855135,34.6
2023-08-30,1,forest_clf,0.0010572514295638003,40.7
2023-08-30,2,forest_clf,0.0,36.2
2023-08-30,3,forest_clf,0.0058314095549210875,34.6
2023-08-30,1,hgb_clf,0.0008646612626791819,40.7
2023-08-30,2,hgb_clf,0.001088402336693006,36.2
2023-08-30,3,hgb_clf,0.001645588701082189,34.6
2023-08-31,1,logistic,0.012794408679787263,36.2
2023-08-31,2,logistic,0.005231058172171328,34.6
2023-08-31,3,logistic,0.01124527536026963,34.7
2023-08-31,1,forest_clf,0.0010572514295638003,36.2
2023-08-31,2,forest_clf,0.0024377411551757266,34.6
2023-08-31,3,forest_clf,0.0187323217335537,34.7
2023-08-31,1,hgb_clf,0.0020633379381118956,36.2
2023-08-31,2,hgb_clf,0.0013164236129003862,34.6
2023-08-31,3,hgb_clf,0.00247551602510057,34.7
2023-09-01,1,logistic,0.009924157426159014,34.6
2023-09-01,2,logistic,0.004150617186008227,34.7
2023-09-01,3,logistic,0.00848921304180965,31.7
2023-09-01,1,forest_clf,0.0007761547154238843,34.6
2023-09-01,2,forest_clf,0.0,34.7
2023-09-01,3,forest_clf,0.02119232479560396,31.7
2023-09-01,1,hgb_clf,0.0009402017728487909,34.6
2023-09-01,2,hgb_clf,0.0008737928999352717,34.7
2023-09-01,3,hgb_clf,0.0022844812777057947,31.7
2023-09-02,1,logistic,0.008982241282916944,34.7
2023-09-02,2,logistic,0.004699320704775165,31.7
2023-09-02,3,logistic,0.008713235479958554,35.2
2023-09-02,1,forest_clf,0.0009161821521020387,34.7
2023-09-02,2,forest_clf,0.0,31.7
2023-09-02,3,forest_clf,0.0,35.2
2023-09-02,1,hgb_clf,0.0007602729329708442,34.7
2023-09-02,2,hgb_clf,0.0010065063566372665,31.7
2023-09-02,3,hgb_clf,0.001787475879843516,35.2
2023-09-03,1,logistic,0.008278651674022959,31.7
2023-09-03,2,logistic,0.0047500117863293655,35.2
2023-09-03,3,logistic,0.00818002136364125,21.5
2023-09-03,1,forest_clf,0.0009161821521020387,31.7
2023-09-03,2,forest_clf,0.01681506090383386,35.2
2023-09-03,3,forest_clf,0.0058314095549210875,21.5
2023-09-03,1,hgb_clf,0.002136146292047823,31.7
2023-09-03,2,hgb_clf,0.0016857192292622455,35.2
2023-09-03,3,hgb_clf,0.0020604737793836914,21.5
2023-09-04,1,logistic,0.011420836265816317,35.2
2023-09-04,2,logistic,0.0030225352150074465,21.5
2023-09-04,3,logistic,0.007449029464506488,27.2
2023-09-04,1,forest_clf,0.0007901867562518224,35.2
2023-09-04,2,forest_clf,0.0,21.5
2023-09-04,3,forest_clf,0.007092948016459551,27.2
2023-09-04,1,hgb_clf,0.002324844771399058,35.2
2023-09-04,2,hgb_clf,0.0010739074554943207,21.5
2023-09-04,3,hgb_clf,0.001728948813593838,27.2
2023-09-05,1,logistic,0.011737817421207103,21.5
2023-09-05,2,logistic,0.0037443050199217538,27.2
2023-09-05,3,logistic,0.008545039777465999,18.5
2023-09-05,1,forest_clf,0.00040545271677914856,21.5
2023-09-05,2,forest_clf,0.0,27.2
2023-09-05,3,forest_clf,0.0058314095549210875,18.5
2023-09-05,1,hgb_clf,0.0010673652396094887,21.5
2023-09-05,2,hgb_clf,0.0010336446806300484,27.2
2023-09-05,3,hgb_clf,0.0011864905249182464,18.5
2023-09-06,1,logistic,0.006272285906583326,27.2
2023-09-06,2,logistic,0.0014240094287295507,18.5
2023-09-06,3,logistic,0.003497771721398414,9.58
2023-09-06,1,forest_clf,0.0006712057421151028,27.2
2023-09-06,2,forest_clf,0.0023092105263157895,18.5
2023-09-06,3,forest_clf,0.0,9.58
2023-09-06,1,hgb_clf,0.0005523214095643642,27.2
2023-09-06,2,hgb_clf,0.0008749802739238635,18.5
2023-09-06,3,hgb_clf,0.001564458194965434,9.58
2023-09-07,1,logistic,0.006929471047170651,18.5
2023-09-07,2,logistic,0.002094748330565986,9.58
2023-09-07,3,logistic,0.004540116297232611,6.98
2023-09-07,1,forest_clf,0.00040545271677914856,18.5
2023-09-07,2,forest_clf,0.0,9.58
2023-09-07,3,forest_clf,0.0050404787069716905,6.98
2023-09-07,1,hgb_clf,0.0007264924087275446,18.5
2023-09-07,2,hgb_clf,0.0010104695176012775,9.58
2023-09-07,3,hgb_clf,0.0018545449196574635,6.98
2023-09-08,1,logistic,0.004745752535357068,9.58
2023-09-08,2,logistic,0.0012278879098847242,6.98
2023-09-08,3,logistic,0.002787973924376584,23.4
2023-09-08,1,forest_clf,0.00040545271677914856,9.58
2023-09-08,2,forest_clf,0.011427097443789898,6.98
2023-09-08,3,forest_clf,0.007041948574683598,23.4
2023-09-08,1,hgb_clf,0.0004734547691662112,9.58
2023-09-08,2,hgb_clf,0.0008527272239983389,6.98
2023-09-08,3,hgb_clf,0.0021574472096614677,23.4
2023-09-09,1,logistic,0.003444490891647276,6.98
2023-09-09,2,logistic,0.0010425466568556787,23.4
2023-09-09,3,logistic,0.002307365566413005,31.8
2023-09-09,1,forest_clf,0.00040545271677914856,6.98
2023-09-09,2,forest_clf,0.011427097443789898,23.4
2023-09-09,3,forest_clf,0.007944270841803153,31.8
2023-09-09,1,hgb_clf,0.000536893822023288,6.98
2023-09-09,2,hgb_clf,0.0009380206271761071,23.4
2023-09-09,3,hgb_clf,0.0032619539619035136,31.8
2023-09-10,1,logistic,0.0030000875369062077,23.4
2023-09-10,2,logistic,0.0011109997278761258,31.8
2023-09-10,3,logistic,0.002395059751565999,45.4
2023-09-10,1,forest_clf,0.0005416439403747275,23.4
2023-09-10,2,forest_clf,0.011427097443789898,31.8
2023-09-10,3,forest_clf,0.0,45.4
2023-09-10,1,hgb_clf,0.0005212183474897525,23.4
2023-09-10,2,hgb_clf,0.0012971496795582062,31.8
2023-09-10,3,hgb_clf,0.0018118159062290172,45.4
2023-09-11,1,logistic,0.007676872769876663,31.8
2023-09-11,2,logistic,0.0020610108132328043,45.4
2023-09-11,3,logistic,0.005403717319801361,52.1
2023-09-11,1,forest_clf,0.0054781386687370705,31.8
2023-09-11,2,forest_clf,0.0,45.4
2023-09-11,3,forest_clf,0.0,52.1
2023-09-11,1,hgb_clf,0.0009399162139585177,31.8
2023-09-11,2,hgb_clf,0.0014352990264769375,45.4
2023-09-11,3,hgb_clf,0.0016577487742111244,52.1
2023-09-12,1,logistic,0.009264485386152608,45.4
2023-09-12,2,logistic,0.0031197420443024723,52.1
2023-09-12,3,logistic,0.0071642083611629685,30.0
2023-09-12,1,forest_clf,0.0005483475705005448,45.4
2023-09-12,2,forest_clf,0.0,52.1
2023-09-12,3,forest_clf,0.0,30.0
2023-09-12,1,hgb_clf,0.0007070002912503381,45.4
2023-09-12,2,hgb_clf,0.0009615955007453701,52.1
2023-09-12,3,hgb_clf,0.0009635337530825854,30.0
2023-09-13,1,logistic,0.014247817186836357,52.1
2023-09-13,2,logistic,0.006417991938362024,30.0
2023-09-13,3,logistic,0.012915191408863757,23.3
2023-09-13,1,forest_clf,0.0062583217237457515,52.1
2023-09-13,2,forest_clf,0.0,30.0
2023-09-13,3,forest_clf,0.0,23.3
2023-09-13,1,hgb_clf,0.0007573538632002722,52.1
2023-09-13,2,hgb_clf,0.0007180899124756271,30.0
2023-09-13,3,hgb_clf,0.0013327684341749768,23.3
2023-09-14,1,logistic,0.016480134960393415,30.0
2023-09-14,2,logistic,0.009049272625440476,23.3
2023-09-14,3,logistic,0.01636026583251186,18.9
2023-09-14,1,forest_clf,0.002971085286430265,30.0
2023-09-14,2,forest_clf,0.0011542730299667037,23.3
2023-09-14,3,forest_clf,0.0,18.9
2023-09-14,1,hgb_clf,0.0007444403717930384,30.0
2023-09-14,2,hgb_clf,0.0016279124655698065,23.3
2023-09-14,3,hgb_clf,0.001585023452770653,18.9
2023-09-15,1,logistic,0.008112881824513278,23.3
2023-09-15,2,logistic,0.0034606885140756323,18.9
2023-09-15,3,logistic,0.007071401772247292,11.2
2023-09-15,1,forest_clf,0.0004053349538592179,23.3
2023-09-15,2,forest_clf,0.0,18.9
2023-09-15,3,forest_clf,0.0,11.2
2023-09-15,1,hgb_clf,0.0007713773905232746,23.3
2023-09-15,2,hgb_clf,0.0007670804893748419,18.9
2023-09-15,3,hgb_clf,0.0020153526586277407,11.2
2023-09-16,1,logistic,0.006016200575899804,18.9
2023-09-16,2,logistic,0.0033403010486266625,11.2
2023-09-16,3,logistic,0.006557498898923457,19.7
2023-09-16,1,forest_clf,0.0005209994804488662,18.9
2023-09-16,2,forest_clf,0.0010712468193384223,11.2
2023-09-16,3,forest_clf,0.01679546822198026,19.7
2023-09-16,1,hgb_clf,0.0007326614237310388,18.9
2023-09-16,2,hgb_clf,0.0010887021994540592,11.2
2023-09-16,3,hgb_clf,0.002472351885637384,19.7
2023-09-17,1,logistic,0.0052671090250930586,11.2
2023-09-17,2,logistic,0.003112822996378952,19.7
2023-09-17,3,logistic,0.006074604847690802,34.2
2023-09-17,1,forest_clf,0.0,11.2
2023-09-17,2,forest_clf,0.0,19.7
2023-09-17,3,forest_clf,0.01679546822198026,34.2
2023-09-17,1,hgb_clf,0.0006166451326988778,11.2
2023-09-17,2,hgb_clf,0.0012004490159950333,19.7
2023-09-17,3,hgb_clf,0.0026636661196202073,34.2
2023-09-18,1,logistic,0.007042354962096238,19.7
2023-09-18,2,logistic,0.0019689126630625204,34.2
2023-09-18,3,logistic,0.0054062478628721915,32.3
2023-09-18,1,forest_clf,0.0002430169233471923,19.7
2023-09-18,2,forest_clf,0.0023092105263157895,34.2
2023-09-18,3,forest_clf,0.0,32.3
2023-09-18,1,hgb_clf,0.0004934265048503637,19.7
2023-09-18,2,hgb_clf,0.0009866001820983397,34.2
2023-09-18,3,hgb_clf,0.0037828256503936258,32.3
2023-09-19,1,logistic,0.008646017431359308,34.2
2023-09-19,2,logistic,0.0031451003202217767,32.3
2023-09-19,3,logistic,0.007476425015300181,46.3
2023-09-19,1,forest_clf,0.0,34.2
2023-09-19,2,forest_clf,0.0,32.3
2023-09-19,3,forest_clf,0.0,46.3
2023-09-19,1,hgb_clf,0.0007614344636578016,34.2
2023-09-19,2,hgb_clf,0.0013877813647304627,32.3
2023-09-19,3,hgb_clf,0.002110779786844075,46.3
2023-09-20,1,logistic,0.01183447049905246,32.3
2023-09-20,2,logistic,0.00599849660622764,46.3
2023-09-20,3,logistic,0.011683187928629706,41.2
2023-09-20,1,forest_clf,0.004681859474198084,32.3
2023-09-20,2,forest_clf,0.0,46.3
2023-09-20,3,forest_clf,0.0,41.2
2023-09-20,1,hgb_clf,0.0009068274218349357,32.3
2023-09-20,2,hgb_clf,0.0013196819056757855,46.3
2023-09-20,3,hgb_clf,0.002428515334349485,41.2
2023-09-21,1,logistic,0.011263697579615074,46.3
2023-09-21,2,logistic,0.005929629812441506,41.2
2023-09-21,3,logistic,0.010575379611065524,48.6
2023-09-21,1,forest_clf,0.0005466354317529423,46.3
2023-09-21,2,forest_clf,0.0,41.2
2023-09-21,3,forest_clf,0.0,48.6
2023-09-21,1,hgb_clf,0.0008621918715228053,46.3
2023-09-21,2,hgb_clf,0.0011526207375251972,41.2
2023-09-21,3,hgb_clf,0.0022067528488418763,48.6
2023-09-22,1,logistic,0.01581439536773476,41.2
2023-09-22,2,logistic,0.010977418052148998,48.6
2023-09-22,3,logistic,0.017536882153358486,57.0
2023-09-22,1,forest_clf,0.0059661404571840935,41.2
2023-09-22,2,forest_clf,0.0,48.6
2023-09-22,3,forest_clf,0.0,57.0
2023-09-22,1,hgb_clf,0.0008070456715255842,41.2
2023-09-22,2,hgb_clf,0.0008776728585621044,48.6
2023-09-22,3,hgb_clf,0.0024561894812018016,57.0
2023-09-23,1,logistic,0.01381274731508822,48.6
2023-09-23,2,logistic,0.011729764885648022,57.0
2023-09-23,3,logistic,0.01809969952670988,72.2
2023-09-23,1,forest_clf,0.000951571155180784,48.6
2023-09-23,2,forest_clf,0.0,57.0
2023-09-23,3,forest_clf,0.0,72.2
2023-09-23,1,hgb_clf,0.0011635199500798458,48.6
2023-09-23,2,hgb_clf,0.0006230515139000317,57.0
2023-09-23,3,hgb_clf,0.00264634730907642,72.2
2023-09-24,1,logistic,0.017161532758052954,57.0
2023-09-24,2,logistic,0.017096472197014958,72.2
2023-09-24,3,logistic,0.023668349918145374,42.9
2023-09-24,1,forest_clf,0.006155873622934211,57.0
2023-09-24,2,forest_clf,0.0,72.2
2023-09-24,3,forest_clf,0.0,42.9
2023-09-24,1,hgb_clf,0.0007319895547197347,57.0
2023-09-24,2,hgb_clf,0.0011629685972976383,72.2
2023-09-24,3,hgb_clf,0.001305133073673231,42.9
2023-09-25,1,logistic,0.03288809167589459,72.2
2023-09-25,2,logistic,0.018852628010113583,42.9
2023-09-25,3,logistic,0.034501175085791466,51.0
2023-09-25,1,forest_clf,0.010209116500042694,72.2
2023-09-25,2,forest_clf,0.018868559481204125,42.9
2023-09-25,3,forest_clf,0.019486760800369617,51.0
2023-09-25,1,hgb_clf,0.0010876027850006905,72.2
2023-09-25,2,hgb_clf,0.0018574982792109505,42.9
2023-09-25,3,hgb_clf,0.004631993552902369,51.0
2023-09-26,1,logistic,0.04737173191660366,42.9
2023-09-26,2,logistic,0.031229283947875053,51.0
2023-09-26,3,logistic,0.04740091909113499,61.6
2023-09-26,1,forest_clf,0.02386847780511068,42.9
2023-09-26,2,forest_clf,0.024744436800754444,51.0
2023-09-26,3,forest_clf,0.021128469327370426,61.6
2023-09-26,1,hgb_clf,0.005794017696644188,42.9
2023-09-26,2,hgb_clf,0.009776225974358715,51.0
2023-09-26,3,hgb_clf,0.00654743810539248,61.6
2023-09-27,1,logistic,0.021810594264480294,51.0
2023-09-27,2,logistic,0.012767084153473874,61.6
2023-09-27,3,logistic,0.02177391658796551,55.6
2023-09-27,1,forest_clf,0.00683804864302074,51.0
2023-09-27,2,forest_clf,0.00296627686098915,61.6
2023-09-27,3,forest_clf,0.006591996241564876,55.6
2023-09-27,1,hgb_clf,0.006702073492107423,51.0
2023-09-27,2,hgb_clf,0.006975624719111569,61.6
2023-09-27,3,hgb_clf,0.008708793055370735,55.6
2023-09-28,1,logistic,0.024157737906419594,61.6
2023-09-28,2,logistic,0.017970589279721103,55.6
2023-09-28,3,logistic,0.026999255534406835,56.8
2023-09-28,1,forest_clf,0.006563148225552813,61.6
2023-09-28,2,forest_clf,0.002418575380349961,55.6
2023-09-28,3,forest_clf,0.022011584764905726,56.8
2023-09-28,1,hgb_clf,0.004149339243414796,61.6
2023-09-28,2,hgb_clf,0.006919477024629008,55.6
2023-09-28,3,hgb_clf,0.011937749479923335,56.8
2023-09-29,1,logistic,0.03031749266560339,55.6
2023-09-29,2,logistic,0.026458601202997787,56.8
2023-09-29,3,logistic,0.035432172782146755,48.7
2023-09-29,1,forest_clf,0.00871070121662916,55.6
2023-09-29,2,forest_clf,0.015875708784987962,56.8
2023-09-29,3,forest_clf,0.0020370370370370373,48.7
2023-09-29,1,hgb_clf,0.007403579051111457,55.6
2023-09-29,2,hgb_clf,0.017304196030494382,56.8
2023-09-29,3,hgb_clf,0.008974795838675427,48.7
2023-09-30,1,logistic,0.030991615669840177,56.8
2023-09-30,2,logistic,0.03012602694956489,48.7
2023-09-30,3,logistic,0.03793537001215581,51.2
2023-09-30,1,forest_clf,0.006424532617125599,56.8
2023-09-30,2,forest_clf,0.0076745133551052195,48.7
2023-09-30,3,forest_clf,0.0009435465513316639,51.2
2023-09-30,1,hgb_clf,0.006880825923028606,56.8
2023-09-30,2,hgb_clf,0.009563610562989443,48.7
2023-09-30,3,hgb_clf,0.010956510496984038,51.2
2023-10-01,1,logistic,0.030574473649503022,48.7
2023-10-01,2,logistic,0.03642907859517503,51.2
2023-10-01,3,logistic,0.04132552313036596,58.9
2023-10-01,1,forest_clf,0.007074691984733367,48.7
2023-10-01,2,forest_clf,0.007497677714707647,51.2
2023-10-01,3,forest_clf,0.007914647580470417,58.9
2023-10-01,1,hgb_clf,0.005525854766746954,48.7
2023-10-01,2,hgb_clf,0.013294953757242121,51.2
2023-10-01,3,hgb_clf,0.035672998501260864,58.9
2023-10-02,1,logistic,0.04021540284245478,51.2
2023-10-02,2,logistic,0.025564575151687006,58.9
2023-10-02,3,logistic,0.04086622764292038,74.5
2023-10-02,1,forest_clf,0.0034747451143845465,51.2
2023-10-02,2,forest_clf,0.005664518998682287,58.9
2023-10-02,3,forest_clf,0.0055892792405426136,74.5
2023-10-02,1,hgb_clf,0.006684466468343858,51.2
2023-10-02,2,hgb_clf,0.032318519181011904,58.9
2023-10-02,3,hgb_clf,0.020058408474663274,74.5
2023-10-03,1,logistic,0.0419984991060295,58.9
2023-10-03,2,logistic,0.030415991351177778,74.5
2023-10-03,3,logistic,0.04253334388242972,77.7
2023-10-03,1,forest_clf,0.003769520319400389,58.9
2023-10-03,2,forest_clf,0.004701539252750104,74.5
2023-10-03,3,forest_clf,0.010600523414773974,77.7
2023-10-03,1,hgb_clf,0.0028636732123288647,58.9
2023-10-03,2,hgb_clf,0.006236315306851071,74.5
2023-10-03,3,hgb_clf,0.01126581568627114,77.7
2023-10-04,1,logistic,0.047497446261602634,74.5
2023-10-04,2,logistic,0.037860330481956875,77.7
2023-10-04,3,logistic,0.050772215015355594,60.0
2023-10-04,1,forest_clf,0.005767768825013087,74.5
2023-10-04,2,forest_clf,0.005855812282716808,77.7
2023-10-04,3,forest_clf,0.0,60.0
2023-10-04,1,hgb_clf,0.0047391919636876985,74.5
2023-10-04,2,hgb_clf,0.005210508197821966,77.7
2023-10-04,3,hgb_clf,0.010523451811114021,60.0
2023-10-05,1,logistic,0.06617392884463161,77.7
2023-10-05,2,logistic,0.05801124947850048,60.0
2023-10-05,3,logistic,0.0667399015882107,51.4
2023-10-05,1,forest_clf,0.01587163022551065,77.7
2023-10-05,2,forest_clf,0.004233467744823487,60.0
2023-10-05,3,forest_clf,0.004123867069486405,51.4
2023-10-05,1,hgb_clf,0.010648132138325663,77.7
2023-10-05,2,hgb_clf,0.0503820134033595,60.0
2023-10-05,3,hgb_clf,0.03434023243015378,51.4
2023-10-06,1,logistic,0.0716839189731083,60.0
2023-10-06,2,logistic,0.06533348488565392,51.4
2023-10-06,3,logistic,0.06949709697396779,54.3
2023-10-06,1,forest_clf,0.015554241432177455,60.0
2023-10-06,2,forest_clf,0.004233467744823487,51.4
2023-10-06,3,forest_clf,0.00952793428815709,54.3
2023-10-06,1,hgb_clf,0.0221018203719004,60.0
2023-10-06,2,hgb_clf,0.04801887208278194,51.4
2023-10-06,3,hgb_clf,0.04520234146315063,54.3
2023-10-07,1,logistic,0.05048859486499259,51.4
2023-10-07,2,logistic,0.05774421195337407,54.3
2023-10-07,3,logistic,0.06249249040820124,51.3
2023-10-07,1,forest_clf,0.009911817162930225,51.4
2023-10-07,2,forest_clf,0.011431422600832672,54.3
2023-10-07,3,forest_clf,0.0267066524815176,51.3
2023-10-07,1,hgb_clf,0.022697254437864963,51.4
2023-10-07,2,hgb_clf,0.10459652576110405,54.3
2023-10-07,3,hgb_clf,0.050347252790982414,51.3
2023-10-08,1,logistic,0.035717104604291436,54.3
2023-10-08,2,logistic,0.04837139270731605,51.3
2023-10-08,3,logistic,0.05201732210180805,83.8
2023-10-08,1,forest_clf,0.005207768887924604,54.3
2023-10-08,2,forest_clf,0.022038353314271855,51.3
2023-10-08,3,forest_clf,0.027012798695907635,83.8
2023-10-08,1,hgb_clf,0.015924239068700496,54.3
2023-10-08,2,hgb_clf,0.09115779050687424,51.3
2023-10-08,3,hgb_clf,0.03540227281049149,83.8
2023-10-09,1,logistic,0.06295953412604446,51.3
2023-10-09,2,logistic,0.04622314532119062,83.8
2023-10-09,3,logistic,0.06790636202122387,105.0
2023-10-09,1,forest_clf,0.004083003977043717,51.3
2023-10-09,2,forest_clf,0.01720696501780772,83.8
2023-10-09,3,forest_clf,0.010910433242093771,105.0
2023-10-09,1,hgb_clf,0.00531985261710231,51.3
2023-10-09,2,hgb_clf,0.10545624171245226,83.8
2023-10-09,3,hgb_clf,0.029988632702106412,105.0
2023-10-10,1,logistic,0.06004304071910636,83.8
2023-10-10,2,logistic,0.046208045863189655,105.0
2023-10-10,3,logistic,0.06505508260201634,110.0
2023-10-10,1,forest_clf,0.0034541672966871217,83.8
2023-10-10,2,forest_clf,0.0065132485001407935,105.0
2023-10-10,3,forest_clf,0.012329933287907952,110.0
2023-10-10,1,hgb_clf,0.012432221414455977,83.8
2023-10-10,2,hgb_clf,0.0852102809390899,105.0
2023-10-10,3,hgb_clf,0.01997209690292436,110.0
2023-10-11,1,logistic,0.1061798195390986,105.0
2023-10-11,2,logistic,0.10287665159226345,110.0
2023-10-11,3,logistic,0.11061491883330854,93.7
2023-10-11,1,forest_clf,0.030282324811028005,105.0
2023-10-11,2,forest_clf,0.04055184855532292,110.0
2023-10-11,3,forest_clf,0.057400885244444755,93.7
2023-10-11,1,hgb_clf,0.025998424922603316,105.0
2023-10-11,2,hgb_clf,0.12753575444343837,110.0
2023-10-11,3,hgb_clf,0.018681045619805405,93.7
2023-10-12,1,logistic,0.15632735631697386,110.0
2023-10-12,2,logistic,0.15469280231030777,93.7
2023-10-12,3,logistic,0.13994106184430352,72.3
2023-10-12,1,forest_clf,0.34863109349570776,110.0
2023-10-12,2,forest_clf,0.13106838723573713,93.7
2023-10-12,3,forest_clf,0.10942334969770923,72.3
2023-10-12,1,hgb_clf,0.17213854151017066,110.0
2023-10-12,2,hgb_clf,0.025979756801073138,93.7
2023-10-12,3,hgb_clf,0.0275220318351944,72.3
2023-10-13,1,logistic,0.19599055529471357,93.7
2023-10-13,2,logistic,0.17242290101362087,72.3
2023-10-13,3,logistic,0.14779428142448933,62.7
2023-10-13,1,forest_clf,0.4082447227246756,93.7
2023-10-13,2,forest_clf,0.17107116253703164,72.3
2023-10-13,3,forest_clf,0.20215468337465256,62.7
2023-10-13,1,hgb_clf,0.1047961174841844,93.7
2023-10-13,2,hgb_clf,0.056355508721385304,72.3
2023-10-13,3,hgb_clf,0.42575142445889774,62.7
2023-10-14,1,logistic,0.14883411584299705,72.3
2023-10-14,2,logistic,0.1623222547812462,62.7
2023-10-14,3,logistic,0.1462545520384644,39.2
2023-10-14,1,forest_clf,0.177654447289257,72.3
2023-10-14,2,forest_clf,0.21249896131063686,62.7
2023-10-14,3,forest_clf,0.2083209182001683,39.2
2023-10-14,1,hgb_clf,0.11132240671326608,72.3
2023-10-14,2,hgb_clf,0.3359248118135732,62.7
2023-10-14,3,hgb_clf,0.347892580625932,39.2
2023-10-15,1,logistic,0.07863674646861991,62.7
2023-10-15,2,logistic,0.10565937510802743,39.2
2023-10-15,3,logistic,0.10307087250414336,51.5
2023-10-15,1,forest_clf,0.14517077871679154,62.7
2023-10-15,2,forest_clf,0.13562244902372766,39.2
2023-10-15,3,forest_clf,0.11991693070702833,51.5
2023-10-15,1,hgb_clf,0.06054355464422196,62.7
2023-10-15,2,hgb_clf,0.3141061964612398,39.2
2023-10-15,3,hgb_clf,0.18626061133896613,51.5
2023-10-16,1,logistic,0.09777021534644348,39.2
2023-10-16,2,logistic,0.07584425240283184,51.5
2023-10-16,3,logistic,0.10490453853635173,43.9
2023-10-16,1,forest_clf,0.038966586423591985,39.2
2023-10-16,2,forest_clf,0.0716381716855772,51.5
2023-10-16,3,forest_clf,0.08798327804176719,43.9
2023-10-16,1,hgb_clf,0.05470386931898313,39.2
2023-10-16,2,hgb_clf,0.16445049918836693,51.5
2023-10-16,3,hgb_clf,0.35538785568068276,43.9
2023-10-17,1,logistic,0.05336471047196304,51.5
2023-10-17,2,logistic,0.04411341682767382,43.9
2023-10-17,3,logistic,0.06933147814773317,94.0
2023-10-17,1,forest_clf,0.021937937718671665,51.5
2023-10-17,2,forest_clf,0.04033874779263184,43.9
2023-10-17,3,forest_clf,0.054597395986647056,94.0
2023-10-17,1,hgb_clf,0.03400601170171522,51.5
2023-10-17,2,hgb_clf,0.06426925984959292,43.9
2023-10-17,3,hgb_clf,0.1222978810203592,94.0
2023-10-18,1,logistic,0.06872571592508593,43.9
2023-10-18,2,logistic,0.0625414139300499,94.0
2023-10-18,3,logistic,0.08088292737231355,133.0
2023-10-18,1,forest_clf,0.014179043118274982,43.9
2023-10-18,2,forest_clf,0.04305279350803956,94.0
2023-10-18,3,forest_clf,0.060764333946075715,133.0
2023-10-18,1,hgb_clf,0.01599873944128563,43.9
2023-10-18,2,hgb_clf,0.025446956557522705,94.0
2023-10-18,3,hgb_clf,0.05920548218163795,133.0
2023-10-19,1,logistic,0.05195250223101318,94.0
2023-10-19,2,logistic,0.04933449756580314,133.0
2023-10-19,3,logistic,0.062438579082844656,137.0
2023-10-19,1,forest_clf,0.018939080352079665,94.0
2023-10-19,2,forest_clf,0.02482372268558908,133.0
2023-10-19,3,forest_clf,0.06974305888197127,137.0
2023-10-19,1,hgb_clf,0.018581873071839054,94.0
2023-10-19,2,hgb_clf,0.02226505672874232,133.0
2023-10-19,3,hgb_clf,0.022552197292497994,137.0
2023-10-20,1,logistic,0.12161652706017541,133.0
2023-10-20,2,logistic,0.13892284209852504,137.0
2023-10-20,3,logistic,0.11935611107279984,127.0
2023-10-20,1,forest_clf,0.1095784811051327,133.0
2023-10-20,2,forest_clf,0.11013016466441623,137.0
2023-10-20,3,forest_clf,0.12610787632231774,127.0
2023-10-20,1,hgb_clf,0.09112083280242575,133.0
2023-10-20,2,hgb_clf,0.2198906309554242,137.0
2023-10-20,3,hgb_clf,0.015130408584857397,127.0
2023-10-21,1,logistic,0.4867794827070263,137.0
2023-10-21,2,logistic,0.7436758066942892,127.0
2023-10-21,3,logistic,0.7402330156025688,97.1
2023-10-21,1,forest_clf,0.5302018106463857,137.0
2023-10-21,2,forest_clf,0.2564728885074778,127.0
2023-10-21,3,forest_clf,0.3891160835915493,97.1
2023-10-21,1,hgb_clf,0.21169240109997126,137.0
2023-10-21,2,hgb_clf,0.3265594656953843,127.0
2023-10-21,3,hgb_clf,0.47445279179855737,97.1
2023-10-22,1,logistic,0.5861602572497763,127.0
2023-10-22,2,logistic,0.7612873946917899,97.1
2023-10-22,3,logistic,0.7665774686969619,126.0
2023-10-22,1,forest_clf,0.5740380108068901,127.0
2023-10-22,2,forest_clf,0.44597963387672346,97.1
2023-10-22,3,forest_clf,0.522007427030721,126.0
2023-10-22,1,hgb_clf,0.2916907160988277,127.0
2023-10-22,2,hgb_clf,0.5910520917437192,97.1
2023-10-22,3,hgb_clf,0.7141337648165721,126.0
2023-10-23,1,logistic,0.6928588195225275,97.1
2023-10-23,2,logistic,0.7073201707794611,126.0
2023-10-23,3,logistic,0.7995891695427776,119.0
2023-10-23,1,forest_clf,0.5987212296533445,97.1
2023-10-23,2,forest_clf,0.5943315639162191,126.0
2023-10-23,3,forest_clf,0.6882007638194798,119.0
2023-10-23,1,hgb_clf,0.7440273081149195,97.1
2023-10-23,2,hgb_clf,0.8061896841140984,126.0
2023-10-23,3,hgb_clf,0.9627304037993255,119.0
2023-10-24,1,logistic,0.4590288565526708,126.0
2023-10-24,2,logistic,0.5489485955420539,119.0
2023-10-24,3,logistic,0.7094246176804817,129.0
2023-10-24,1,forest_clf,0.29840195781651074,126.0
2023-10-24,2,forest_clf,0.5959657744924354,119.0
2023-10-24,3,forest_clf,0.6009737499250043,129.0
2023-10-24,1,hgb_clf,0.5401608516858682,126.0
2023-10-24,2,hgb_clf,0.6122878071434242,119.0
2023-10-24,3,hgb_clf,0.8537849211009502,129.0
2023-10-25,1,logistic,0.6047702350433412,119.0
2023-10-25,2,logistic,0.687139496290067,129.0
2023-10-25,3,logistic,0.7861309996037408,136.0
2023-10-25,1,forest_clf,0.6351058458254214,119.0
2023-10-25,2,forest_clf,0.6815405341368168,129.0
2023-10-25,3,forest_clf,0.8112670374770227,136.0
2023-10-25,1,hgb_clf,0.8420389645273214,119.0
2023-10-25,2,hgb_clf,0.8214027414902444,129.0
2023-10-25,3,hgb_clf,0.9104374168772293,136.0
2023-10-26,1,logistic,0.5882937303408008,129.0
2023-10-26,2,logistic,0.6650146359292577,136.0
2023-10-26,3,logistic,0.7723042929312656,146.0
2023-10-26,1,forest_clf,0.6052314086821796,129.0
2023-10-26,2,forest_clf,0.7543715328094193,136.0
2023-10-26,3,forest_clf,0.8484204487082748,146.0
2023-10-26,1,hgb_clf,0.8262320107786607,129.0
2023-10-26,2,hgb_clf,0.8618023538593226,136.0
2023-10-26,3,hgb_clf,0.9066029884879849,146.0
2023-10-27,1,logistic,0.6909384459471384,136.0
2023-10-27,2,logistic,0.747448260121971,146.0
2023-10-27,3,logistic,0.805830538533974,151.0
2023-10-27,1,forest_clf,0.6935569975969581,136.0
2023-10-27,2,forest_clf,0.7880675178272131,146.0
2023-10-27,3,forest_clf,0.8970764870592828,151.0
2023-10-27,1,hgb_clf,0.9138510675488656,136.0
2023-10-27,2,hgb_clf,0.8571319543171074,146.0
2023-10-27,3,hgb_clf,0.9654351060448809,151.0
2023-10-28,1,logistic,0.7137962128557049,146.0
2023-10-28,2,logistic,0.8171978725038519,151.0
2023-10-28,3,logistic,0.8392148086007892,189.0
2023-10-28,1,forest_clf,0.7005921998514931,146.0
2023-10-28,2,forest_clf,0.7847460669967551,151.0
2023-10-28,3,forest_clf,0.846001632990922,189.0
2023-10-28,1,hgb_clf,0.8531409188719248,146.0
2023-10-28,2,hgb_clf,0.8653262094550286,151.0
2023-10-28,3,hgb_clf,0.9598961569232665,189.0
2023-10-29,1,logistic,0.7616107294049193,151.0
2023-10-29,2,logistic,0.844683277332907,189.0
2023-10-29,3,logistic,0.8495839155627714,187.0
2023-10-29,1,forest_clf,0.7130976761693049,151.0
2023-10-29,2,forest_clf,0.7772907168826967,189.0
2023-10-29,3,forest_clf,0.8322689645838982,187.0
2023-10-29,1,hgb_clf,0.8806017086617927,151.0
2023-10-29,2,hgb_clf,0.928653401431763,189.0
2023-10-29,3,hgb_clf,0.9684635856895705,187.0
2023-10-30,1,logistic,0.8605562482022587,189.0
2023-10-30,2,logistic,0.825408243233618,187.0
2023-10-30,3,logistic,0.8728192338152461,294.0
2023-10-30,1,forest_clf,0.7738144565057371,189.0
2023-10-30,2,forest_clf,0.8363910349742667,187.0
2023-10-30,3,forest_clf,0.8700597749883758,294.0
2023-10-30,1,hgb_clf,0.9149395275265705,189.0
2023-10-30,2,hgb_clf,0.9469769051240456,187.0
2023-10-30,3,hgb_clf,0.961427591074019,294.0
2023-10-31,1,logistic,0.9302501224204374,187.0
2023-10-31,2,logistic,0.8905376246178162,294.0
2023-10-31,3,logistic,0.9054157979594654,319.0
2023-10-31,1,forest_clf,0.8362086647908904,187.0
2023-10-31,2,forest_clf,0.8542016002595395,294.0
2023-10-31,3,forest_clf,0.8885451712236404,319.0
2023-10-31,1,hgb_clf,0.9831950942121164,187.0
2023-10-31,2,hgb_clf,0.9580398747892875,294.0
2023-10-31,3,hgb_clf,0.9596454717955358,319.0
2023-11-01,1,logistic,0.9310018214742278,294.0
2023-11-01,2,logistic,0.8963464643559622,319.0
2023-11-01,3,logistic,0.9060346328382455,358.0
2023-11-01,1,forest_clf,0.8447272881717066,294.0
2023-11-01,2,forest_clf,0.895801156474267,319.0
2023-11-01,3,forest_clf,0.9217412285172447,358.0
2023-11-01,1,hgb_clf,0.9759898354738819,294.0
2023-11-01,2,hgb_clf,0.9755187111395617,319.0
2023-11-01,3,hgb_clf,0.9522036669415256,358.0
2023-11-02,1,logistic,0.9905964807179084,319.0
2023-11-02,2,logistic,0.9636499398866586,358.0
2023-11-02,3,logistic,0.9385893038431481,314.0
2023-11-02,1,forest_clf,0.9641444120926442,319.0
2023-11-02,2,forest_clf,0.9733329123103733,358.0
2023-11-02,3,forest_clf,0.9680673204944463,314.0
2023-11-02,1,hgb_clf,0.9962054516935038,319.0
2023-11-02,2,hgb_clf,0.9881292800675858,358.0
2023-11-02,3,hgb_clf,0.9611032599279105,314.0
2023-11-03,1,logistic,0.9939229263855804,358.0
2023-11-03,2,logistic,0.9592135737475406,314.0
2023-11-03,3,logistic,0.9317306121061316,260.0
2023-11-03,1,forest_clf,0.9769975482206587,358.0
2023-11-03,2,forest_clf,0.9926300347253735,314.0
2023-11-03,3,forest_clf,0.9806684163623853,260.0
2023-11-03,1,hgb_clf,0.9969624334310858,358.0
2023-11-03,2,hgb_clf,0.9909049476151313,314.0
2023-11-03,3,hgb_clf,0.9777075864367083,260.0
2023-11-04,1,logistic,0.9986668487079243,314.0
2023-11-04,2,logistic,0.9826477195212818,260.0
2023-11-04,3,logistic,0.9612668684807522,249.0
2023-11-04,1,forest_clf,0.9740946630601228,314.0
2023-11-04,2,forest_clf,0.9925815839704184,260.0
2023-11-04,3,forest_clf,0.9691877621890057,249.0
2023-11-04,1,hgb_clf,0.9891312830447138,314.0
2023-11-04,2,hgb_clf,0.9751115525635929,260.0
2023-11-04,3,hgb_clf,0.9804728579466343,249.0
2023-11-05,1,logistic,0.9967420745332362,260.0
2023-11-05,2,logistic,0.9759846269365454,249.0
2023-11-05,3,logistic,0.9599896755255867,300.0
2023-11-05,1,forest_clf,0.9674515333295334,260.0
2023-11-05,2,forest_clf,0.9930338196839575,249.0
2023-11-05,3,forest_clf,0.9461539471404586,300.0
2023-11-05,1,hgb_clf,0.9901216921427213,260.0
2023-11-05,2,hgb_clf,0.9825315757240896,249.0
2023-11-05,3,hgb_clf,0.9554400997642464,300.0
2023-11-06,1,logistic,0.9925189409801776,249.0
2023-11-06,2,logistic,0.9495041471461253,300.0
2023-11-06,3,logistic,0.9517184831042439,297.0
2023-11-06,1,forest_clf,0.9646005694624429,249.0
2023-11-06,2,forest_clf,0.9786239422883709,300.0
2023-11-06,3,forest_clf,0.9480463530271845,297.0
2023-11-06,1,hgb_clf,0.9833253725789782,249.0
2023-11-06,2,hgb_clf,0.9817814466270547,300.0
2023-11-06,3,hgb_clf,0.9861091811827419,297.0
2023-11-07,1,logistic,0.9904526709886429,300.0
2023-11-07,2,logistic,0.9551259403768778,297.0
2023-11-07,3,logistic,0.9554567419081762,122.0
2023-11-07,1,forest_clf,0.9744794081059998,300.0
2023-11-07,2,forest_clf,0.9727817348491773,297.0
2023-11-07,3,forest_clf,0.9543144062799233,122.0
2023-11-07,1,hgb_clf,0.9877169327009732,300.0
2023-11-07,2,hgb_clf,0.9717973400324893,297.0
2023-11-07,3,hgb_clf,0.9670492829700332,122.0
2023-11-08,1,logistic,0.9968682466482036,297.0
2023-11-08,2,logistic,0.9710637797113292,122.0
2023-11-08,3,logistic,0.9615687199692402,94.4
2023-11-08,1,forest_clf,0.9780255008865345,297.0
2023-11-08,2,forest_clf,0.9653182420303063,122.0
2023-11-08,3,forest_clf,0.9529049504753978,94.4
2023-11-08,1,hgb_clf,0.9893608553584374,297.0
2023-11-08,2,hgb_clf,0.9671828726338405,122.0
2023-11-08,3,hgb_clf,0.967049924777506,94.4
2023-11-09,1,logistic,0.9974535865306938,122.0
2023-11-09,2,logistic,0.9754980420294007,94.4
2023-11-09,3,logistic,0.958510352230293,132.0
2023-11-09,1,forest_clf,0.9790773059601604,122.0
2023-11-09,2,forest_clf,0.9723288789403877,94.4
2023-11-09,3,forest_clf,0.9301094491090468,132.0
2023-11-09,1,hgb_clf,0.990040537599181,122.0
2023-11-09,2,hgb_clf,0.9772063733302777,94.4
2023-11-09,3,hgb_clf,0.9190858746905414,132.0
2023-11-10,1,logistic,0.8359830741522983,94.4
2023-11-10,2,logistic,0.8376281091749485,132.0
2023-11-10,3,logistic,0.8773050396559172,286.0
2023-11-10,1,forest_clf,0.8692442884236766,94.4
2023-11-10,2,forest_clf,0.8844323079745935,132.0
2023-11-10,3,forest_clf,0.8530260972229309,286.0
2023-11-10,1,hgb_clf,0.8869456863973433,94.4
2023-11-10,2,hgb_clf,0.8858840263647032,132.0
2023-11-10,3,hgb_clf,0.9308798416970124,286.0
2023-11-11,1,logistic,0.5776405953432995,132.0
2023-11-11,2,logistic,0.8018440101983572,286.0
2023-11-11,3,logistic,0.8352907836906,257.0
2023-11-11,1,forest_clf,0.4114292643509284,132.0
2023-11-11,2,forest_clf,0.7421721901616689,286.0
2023-11-11,3,forest_clf,0.7862642333045617,257.0
2023-11-11,1,hgb_clf,0.5614043295190612,132.0
2023-11-11,2,hgb_clf,0.8448230819752666,286.0
2023-11-11,3,hgb_clf,0.8880085834469154,257.0
2023-11-12,1,logistic,0.8191302608867186,286.0
2023-11-12,2,logistic,0.8865491282733884,257.0
2023-11-12,3,logistic,0.9051901987579893,269.0
2023-11-12,1,forest_clf,0.8761568641356395,286.0
2023-11-12,2,forest_clf,0.8859796354757676,257.0
2023-11-12,3,forest_clf,0.7647270161148079,269.0
2023-11-12,1,hgb_clf,0.9771804394170125,286.0
2023-11-12,2,hgb_clf,0.9604279224051977,257.0
2023-11-12,3,hgb_clf,0.8981029488719676,269.0
2023-11-13,1,logistic,0.9895538262000436,257.0
2023-11-13,2,logistic,0.9063232134046865,269.0
2023-11-13,3,logistic,0.8842111203918626,345.0
2023-11-13,1,forest_clf,0.9619647901591455,257.0
2023-11-13,2,forest_clf,0.82359765603602,269.0
2023-11-13,3,forest_clf,0.7510244712631701,345.0
2023-11-13,1,hgb_clf,0.8871484931694192,257.0
2023-11-13,2,hgb_clf,0.9117593124017407,269.0
2023-11-13,3,hgb_clf,0.8615248191405829,345.0
2023-11-14,1,logistic,0.989676288196855,269.0
2023-11-14,2,logistic,0.9084146228520799,345.0
2023-11-14,3,logistic,0.8999691007997623,236.0
2023-11-14,1,forest_clf,0.9674904822561814,269.0
2023-11-14,2,forest_clf,0.7944151914207781,345.0
2023-11-14,3,forest_clf,0.74827891730793,236.0
2023-11-14,1,hgb_clf,0.9909700540104187,269.0
2023-11-14,2,hgb_clf,0.9288192174038115,345.0
2023-11-14,3,hgb_clf,0.8301282171358642,236.0
2023-11-15,1,logistic,0.996230317358767,345.0
2023-11-15,2,logistic,0.9625729416383974,236.0
2023-11-15,3,logistic,0.9427254238789038,153.0
2023-11-15,1,forest_clf,0.9741192188693095,345.0
2023-11-15,2,forest_clf,0.8139439378107544,236.0
2023-11-15,3,forest_clf,0.8097099637492381,153.0
2023-11-15,1,hgb_clf,0.9864955707481561,345.0
2023-11-15,2,hgb_clf,0.9469895550409443,236.0
2023-11-15,3,hgb_clf,0.9319400194311759,153.0
2023-11-16,1,logistic,0.9981471294166397,236.0
2023-11-16,2,logistic,0.9752452791618559,153.0
2023-11-16,3,logistic,0.9499185166610458,136.0
2023-11-16,1,forest_clf,0.9810955311638552,236.0
2023-11-16,2,forest_clf,0.8354128290359875,153.0
2023-11-16,3,forest_clf,0.8021491067059755,136.0
2023-11-16,1,hgb_clf,0.9884748538001549,236.0
2023-11-16,2,hgb_clf,0.9732926455483778,153.0
2023-11-16,3,hgb_clf,0.8583584822500212,136.0
2023-11-17,1,logistic,0.985751574370931,153.0
2023-11-17,2,logistic,0.9308639710274131,136.0
2023-11-17,3,logistic,0.9399200552913887,187.0
2023-11-17,1,forest_clf,0.9728814130179481,153.0
2023-11-17,2,forest_clf,0.8107354115102413,136.0
2023-11-17,3,forest_clf,0.8389234180619378,187.0
2023-11-17,1,hgb_clf,0.9780957403848073,153.0
2023-11-17,2,hgb_clf,0.911870001014868,136.0
2023-11-17,3,hgb_clf,0.7820886779183986,187.0
2023-11-18,1,logistic,0.8818854494097014,136.0
2023-11-18,2,logistic,0.8767398536026227,187.0
2023-11-18,3,logistic,0.9204013291954753,259.0
2023-11-18,1,forest_clf,0.8955430221646071,136.0
2023-11-18,2,forest_clf,0.8271095484257835,187.0
2023-11-18,3,forest_clf,0.8259395978850691,259.0
2023-11-18,1,hgb_clf,0.9239399951124331,136.0
2023-11-18,2,hgb_clf,0.9030590637242227,187.0
2023-11-18,3,hgb_clf,0.9014929244524903,259.0
2023-11-19,1,logistic,0.8292036852683162,187.0
2023-11-19,2,logistic,0.8926261291125609,259.0
2023-11-19,3,logistic,0.936746029933327,257.0
2023-11-19,1,forest_clf,0.8892418818699226,187.0
2023-11-19,2,forest_clf,0.8507643938462202,259.0
2023-11-19,3,forest_clf,0.8136213339467686,257.0
2023-11-19,1,hgb_clf,0.7618027808808967,187.0
2023-11-19,2,hgb_clf,0.9346409051723916,259.0
2023-11-19,3,hgb_clf,0.8834461899263878,257.0
2023-11-20,1,logistic,0.9713147027560308,259.0
2023-11-20,2,logistic,0.9354498020385951,257.0
2023-11-20,3,logistic,0.951782858795551,242.0
2023-11-20,1,forest_clf,0.9728755003666126,259.0
2023-11-20,2,forest_clf,0.8715318386831786,257.0
2023-11-20,3,forest_clf,0.8965165833768337,242.0
2023-11-20,1,hgb_clf,0.9905602905387944,259.0
2023-11-20,2,hgb_clf,0.9771181486095967,257.0
2023-11-20,3,hgb_clf,0.9413723169649716,242.0
2023-11-21,1,logistic,0.9908828306123476,257.0
2023-11-21,2,logistic,0.9489156520435945,242.0
2023-11-21,3,logistic,0.9451719179606387,269.0
2023-11-21,1,forest_clf,0.9755679373922793,257.0
2023-11-21,2,forest_clf,0.9192505230709105,242.0
2023-11-21,3,forest_clf,0.8175553314252818,269.0
2023-11-21,1,hgb_clf,0.9922122520252309,257.0
2023-11-21,2,hgb_clf,0.9770532623093275,242.0
2023-11-21,3,hgb_clf,0.9215295747558607,269.0
2023-11-22,1,logistic,0.9936685967022973,242.0
2023-11-22,2,logistic,0.9617706476851865,269.0
2023-11-22,3,logistic,0.9551643632670469,243.0
2023-11-22,1,forest_clf,0.9773630716076335,242.0
2023-11-22,2,forest_clf,0.9108232544996764,269.0
2023-11-22,3,forest_clf,0.921679454424214,243.0
2023-11-22,1,hgb_clf,0.9831461858717545,242.0
2023-11-22,2,hgb_clf,0.9409240098341776,269.0
2023-11-22,3,hgb_clf,0.9282012248509566,243.0
2023-11-23,1,logistic,0.9924361862459686,269.0
2023-11-23,2,logistic,0.9700754657974128,243.0
2023-11-23,3,logistic,0.9538762140036033,216.0
2023-11-23,1,forest_clf,0.9836725723179818,269.0
2023-11-23,2,forest_clf,0.9070996234055886,243.0
2023-11-23,3,forest_clf,0.9442897996679303,216.0
2023-11-23,1,hgb_clf,0.9841442689692373,269.0
2023-11-23,2,hgb_clf,0.8769734905226959,243.0
2023-11-23,3,hgb_clf,0.966941638664351,216.0
2023-11-24,1,logistic,0.9933748299732897,243.0
2023-11-24,2,logistic,0.9713645400984648,216.0
2023-11-24,3,logistic,0.9589725049766007,211.0
2023-11-24,1,forest_clf,0.9871086771357244,243.0
2023-11-24,2,forest_clf,0.9282244907542629,216.0
2023-11-24,3,forest_clf,0.9535032122196394,211.0
2023-11-24,1,hgb_clf,0.9613176129358031,243.0
2023-11-24,2,hgb_clf,0.8458253344506249,216.0
2023-11-24,3,hgb_clf,0.7427768357581083,211.0
2023-11-25,1,logistic,0.9903181226882424,216.0
2023-11-25,2,logistic,0.9721275340825517,211.0
2023-11-25,3,logistic,0.9665332397784829,132.0
2023-11-25,1,forest_clf,0.9851291830884423,216.0
2023-11-25,2,forest_clf,0.9356165458977093,211.0
2023-11-25,3,forest_clf,0.9316326971799229,132.0
2023-11-25,1,hgb_clf,0.9657341317514526,216.0
2023-11-25,2,hgb_clf,0.8766978425123755,211.0
2023-11-25,3,hgb_clf,0.7430170905099812,132.0
2023-11-26,1,logistic,0.9821560820047182,211.0
2023-11-26,2,logistic,0.9657112028144931,132.0
2023-11-26,3,logistic,0.9603048146863264,183.0
2023-11-26,1,forest_clf,0.9810332694677172,211.0
2023-11-26,2,forest_clf,0.9503854059433928,132.0
2023-11-26,3,forest_clf,0.9184790714205243,183.0
2023-11-26,1,hgb_clf,0.9642781878777316,211.0
2023-11-26,2,hgb_clf,0.9249211299282278,132.0
2023-11-26,3,hgb_clf,0.6667826572844522,183.0
2023-11-27,1,logistic,0.987606225736459,132.0
2023-11-27,2,logistic,0.9625476839795399,183.0
2023-11-27,3,logistic,0.9660918524034179,231.0
2023-11-27,1,forest_clf,0.9821385232751189,132.0
2023-11-27,2,forest_clf,0.9420683085830011,183.0
2023-11-27,3,forest_clf,0.9567850835041584,231.0
2023-11-27,1,hgb_clf,0.9525033037408446,132.0
2023-11-27,2,hgb_clf,0.9489998196006341,183.0
2023-11-27,3,hgb_clf,0.8552034129141652,231.0
2023-11-28,1,logistic,0.9073215191881556,183.0
2023-11-28,2,logistic,0.8979607476945043,231.0
2023-11-28,3,logistic,0.9308632487063071,233.0
2023-11-28,1,forest_clf,0.8745139593962237,183.0
2023-11-28,2,forest_clf,0.8214842562050638,231.0
2023-11-28,3,forest_clf,0.8106057291623283,233.0
2023-11-28,1,hgb_clf,0.8611184494706827,183.0
2023-11-28,2,hgb_clf,0.872109213941578,231.0
2023-11-28,3,hgb_clf,0.9340117669213942,233.0
2023-11-29,1,logistic,0.957690570265253,231.0
2023-11-29,2,logistic,0.9356304554463503,233.0
2023-11-29,3,logistic,0.9393792525015275,174.0
2023-11-29,1,forest_clf,0.9586507429440158,231.0
2023-11-29,2,forest_clf,0.9598526978098729,233.0
2023-11-29,3,forest_clf,0.9685952621194854,174.0
2023-11-29,1,hgb_clf,0.9650573318926161,231.0
2023-11-29,2,hgb_clf,0.9740270255396534,233.0
2023-11-29,3,hgb_clf,0.9706984482637993,174.0
2023-11-30,1,logistic,0.9798002866065818,233.0
2023-11-30,2,logistic,0.95281326163112,174.0
2023-11-30,3,logistic,0.9491181211758287,129.0
2023-11-30,1,forest_clf,0.9813650458652269,233.0
2023-11-30,2,forest_clf,0.9563569695885602,174.0
2023-11-30,3,forest_clf,0.9313367634446509,129.0
2023-11-30,1,hgb_clf,0.9773526874930571,233.0
2023-11-30,2,hgb_clf,0.9744051274321459,174.0
2023-11-30,3,hgb_clf,0.9278416957728772,129.0
2023-12-01,1,logistic,0.9869341028531088,174.0
2023-12-01,2,logistic,0.9642261009638086,129.0
2023-12-01,3,logistic,0.9521421340749031,151.0
2023-12-01,1,forest_clf,0.9783174333828362,174.0
2023-12-01,2,forest_clf,0.9367664692806595,129.0
2023-12-01,3,forest_clf,0.9259604927504215,151.0
2023-12-01,1,hgb_clf,0.9897129967693727,174.0
2023-12-01,2,hgb_clf,0.9136415188955518,129.0
2023-12-01,3,hgb_clf,0.9656924720210222,151.0
2023-12-02,1,logistic,0.9528481407891312,129.0
2023-12-02,2,logistic,0.951501371133401,151.0
2023-12-02,3,logistic,0.9480817482882382,134.0
2023-12-02,1,forest_clf,0.9478481078773993,129.0
2023-12-02,2,forest_clf,0.9447602782177614,151.0
2023-12-02,3,forest_clf,0.8744977319435097,134.0
2023-12-02,1,hgb_clf,0.9415830305754668,129.0
2023-12-02,2,hgb_clf,0.8999782982734039,151.0
2023-12-02,3,hgb_clf,0.9462979685308323,134.0
2023-12-03,1,logistic,0.8237439868483707,151.0
2023-12-03,2,logistic,0.9093585833565282,134.0
2023-12-03,3,logistic,0.9240079823344902,140.0
2023-12-03,1,forest_clf,0.8734801513238036,151.0
2023-12-03,2,forest_clf,0.8501392542902075,134.0
2023-12-03,3,forest_clf,0.7407716691057279,140.0
2023-12-03,1,hgb_clf,0.7759342247457668,151.0
2023-12-03,2,hgb_clf,0.8996610895318202,134.0
2023-12-03,3,hgb_clf,0.8788506088360692,140.0
2023-12-04,1,logistic,0.9230716522057621,134.0
2023-12-04,2,logistic,0.9115047085807131,140.0
2023-12-04,3,logistic,0.9417458146299282,164.0
2023-12-04,1,forest_clf,0.8900702521718692,134.0
2023-12-04,2,forest_clf,0.8590285714964451,140.0
2023-12-04,3,forest_clf,0.8508763880363017,164.0
2023-12-04,1,hgb_clf,0.8979967280929263,134.0
2023-12-04,2,hgb_clf,0.8955686557336113,140.0
2023-12-04,3,hgb_clf,0.7477948675055047,164.0
2023-12-05,1,logistic,0.9044613555334854,140.0
2023-12-05,2,logistic,0.8874558170139668,164.0
2023-12-05,3,logistic,0.9397294079483773,150.0
2023-12-05,1,forest_clf,0.8801834964304185,140.0
2023-12-05,2,forest_clf,0.8129677514033403,164.0
2023-12-05,3,forest_clf,0.7963148121895949,150.0
2023-12-05,1,hgb_clf,0.9372680134245838,140.0
2023-12-05,2,hgb_clf,0.9003880986924322,164.0
2023-12-05,3,hgb_clf,0.9092723032638802,150.0
2023-12-06,1,logistic,0.9199100086491475,164.0
2023-12-06,2,logistic,0.9079562092172354,150.0
2023-12-06,3,logistic,0.9395789619677831,167.0
2023-12-06,1,forest_clf,0.8772982693176311,164.0
2023-12-06,2,forest_clf,0.7937146564044886,150.0
2023-12-06,3,forest_clf,0.8596354904966391,167.0
2023-12-06,1,hgb_clf,0.8193356475939368,164.0
2023-12-06,2,hgb_clf,0.8084249754011441,150.0
2023-12-06,3,hgb_clf,0.9495557991517147,167.0
2023-12-07,1,logistic,0.9394119852247143,150.0
2023-12-07,2,logistic,0.9323876253020752,167.0
2023-12-07,3,logistic,0.941352655418304,168.0
2023-12-07,1,forest_clf,0.9267647930663868,150.0
2023-12-07,2,forest_clf,0.8069009043371222,167.0
2023-12-07,3,forest_clf,0.9092509627315134,168.0
2023-12-07,1,hgb_clf,0.9437996241120431,150.0
2023-12-07,2,hgb_clf,0.8448637957485875,167.0
2023-12-07,3,hgb_clf,0.9339002526263812,168.0
2023-12-08,1,logistic,0.9159406808727542,167.0
2023-12-08,2,logistic,0.9222700761341911,168.0
2023-12-08,3,logistic,0.9284072978267297,164.0
2023-12-08,1,forest_clf,0.8712113269577175,167.0
2023-12-08,2,forest_clf,0.8318630822410731,168.0
2023-12-08,3,forest_clf,0.8710782814909394,164.0
2023-12-08,1,hgb_clf,0.8510763090956223,167.0
2023-12-08,2,hgb_clf,0.8374072763463273,168.0
2023-12-08,3,hgb_clf,0.9215672246294205,164.0
2023-12-09,1,logistic,0.9352466116191352,168.0
2023-12-09,2,logistic,0.9480556868130329,164.0
2023-12-09,3,logistic,0.9468847024379083,206.0
2023-12-09,1,forest_clf,0.927338861156485,168.0
2023-12-09,2,forest_clf,0.8429722693338154,164.0
2023-12-09,3,forest_clf,0.9144479691713439,206.0
2023-12-09,1,hgb_clf,0.9714770831045031,168.0
2023-12-09,2,hgb_clf,0.8840593243861906,164.0
2023-12-09,3,hgb_clf,0.9284754433597167,206.0
2023-12-10,1,logistic,0.9266321075845448,164.0
2023-12-10,2,logistic,0.9469246395118746,206.0
2023-12-10,3,logistic,0.9486136584518842,223.0
2023-12-10,1,forest_clf,0.9356220576943839,164.0
2023-12-10,2,forest_clf,0.8523446654766432,206.0
2023-12-10,3,forest_clf,0.9215041695752789,223.0
2023-12-10,1,hgb_clf,0.9250399385034995,164.0
2023-12-10,2,hgb_clf,0.8960141849695826,206.0
2023-12-10,3,hgb_clf,0.8935905470988222,223.0
2023-12-11,1,logistic,0.9566076610436263,206.0
2023-12-11,2,logistic,0.9414731942951358,223.0
2023-12-11,3,logistic,0.9555048245269623,172.0
2023-12-11,1,forest_clf,0.9231471217755468,206.0
2023-12-11,2,forest_clf,0.8396563588929183,223.0
2023-12-11,3,forest_clf,0.9266346838024121,172.0
2023-12-11,1,hgb_clf,0.9527554737486555,206.0
2023-12-11,2,hgb_clf,0.9352002132354605,223.0
2023-12-11,3,hgb_clf,0.9395145941643964,172.0
2023-12-12,1,logistic,0.973793049908418,223.0
2023-12-12,2,logistic,0.9573485327909422,172.0
2023-12-12,3,logistic,0.9603736542928336,184.0
2023-12-12,1,forest_clf,0.9670875979205417,223.0
2023-12-12,2,forest_clf,0.9214176943945435,172.0
2023-12-12,3,forest_clf,0.9556383668125986,184.0
2023-12-12,1,hgb_clf,0.9567370571138688,223.0
2023-12-12,2,hgb_clf,0.843018710051789,172.0
2023-12-12,3,hgb_clf,0.8509236252371177,184.0
2023-12-13,1,logistic,0.9791813099034351,172.0
2023-12-13,2,logistic,0.9627600551301859,184.0
2023-12-13,3,logistic,0.9615436840895601,195.0
2023-12-13,1,forest_clf,0.978417383014897,172.0
2023-12-13,2,forest_clf,0.9751433462262317,184.0
2023-12-13,3,forest_clf,0.9793186955668118,195.0
2023-12-13,1,hgb_clf,0.961542837004905,172.0
2023-12-13,2,hgb_clf,0.8403436733130759,184.0
2023-12-13,3,hgb_clf,0.9320757863383856,195.0
2023-12-14,1,logistic,0.950910322805219,184.0
2023-12-14,2,logistic,0.9479757405608598,195.0
2023-12-14,3,logistic,0.9526153500032347,203.0
2023-12-14,1,forest_clf,0.9488185306251578,184.0
2023-12-14,2,forest_clf,0.9600984331856637,195.0
2023-12-14,3,forest_clf,0.957354270664692,203.0
2023-12-14,1,hgb_clf,0.9021270176018186,184.0
2023-12-14,2,hgb_clf,0.9215530747751853,195.0
2023-12-14,3,hgb_clf,0.9589763435129635,203.0
2023-12-15,1,logistic,0.9502465952076553,195.0
2023-12-15,2,logistic,0.957668552053815,203.0
2023-12-15,3,logistic,0.9571116956027398,178.0
2023-12-15,1,forest_clf,0.9756372544929738,195.0
2023-12-15,2,forest_clf,0.9696302893056032,203.0
2023-12-15,3,forest_clf,0.948643361148366,178.0
2023-12-15,1,hgb_clf,0.9502903338395602,195.0
2023-12-15,2,hgb_clf,0.9754954142767939,203.0
2023-12-15,3,hgb_clf,0.9894747838407679,178.0
2023-12-16,1,logistic,0.9602057599912612,203.0
2023-12-16,2,logistic,0.9707059431234925,178.0
2023-12-16,3,logistic,0.9678405422649905,137.0
2023-12-16,1,forest_clf,0.9754011682114339,203.0
2023-12-16,2,forest_clf,0.9528489570905948,178.0
2023-12-16,3,forest_clf,0.8946746159141228,137.0
2023-12-16,1,hgb_clf,0.9791178856287843,203.0
2023-12-16,2,hgb_clf,0.9599498880691892,178.0
2023-12-16,3,hgb_clf,0.9807671291461958,137.0
2023-12-17,1,logistic,0.9692033264111668,178.0
2023-12-17,2,logistic,0.974598100875338,137.0
2023-12-17,3,logistic,0.9680134241335293,146.0
2023-12-17,1,forest_clf,0.9769123321900959,178.0
2023-12-17,2,forest_clf,0.9344260181381177,137.0
2023-12-17,3,forest_clf,0.8660441309197988,146.0
2023-12-17,1,hgb_clf,0.9884100734389922,178.0
2023-12-17,2,hgb_clf,0.9636308294625943,137.0
2023-12-17,3,hgb_clf,0.983509578969831,146.0
2023-12-18,1,logistic,0.9668336987966202,137.0
2023-12-18,2,logistic,0.9564579320568339,146.0
2023-12-18,3,logistic,0.9645296706716882,255.0
2023-12-18,1,forest_clf,0.9715396791741172,137.0
2023-12-18,2,forest_clf,0.9356445440010183,146.0
2023-12-18,3,forest_clf,0.8696792991048157,255.0
2023-12-18,1,hgb_clf,0.9884137284343844,137.0
2023-12-18,2,hgb_clf,0.9718549660809118,146.0
2023-12-18,3,hgb_clf,0.985240757863237,255.0
2023-12-19,1,logistic,0.8917650138291763,146.0
2023-12-19,2,logistic,0.9171096644074093,255.0
2023-12-19,3,logistic,0.9375249693324911,343.0
2023-12-19,1,forest_clf,0.8800499735092074,146.0
2023-12-19,2,forest_clf,0.8306902704263516,255.0
2023-12-19,3,forest_clf,0.7885182258076222,343.0
2023-12-19,1,hgb_clf,0.8976093724089076,146.0
2023-12-19,2,hgb_clf,0.972731874410201,255.0
2023-12-19,3,hgb_clf,0.9393613799997138,343.0
2023-12-20,1,logistic,0.8956058550137979,255.0
2023-12-20,2,logistic,0.9305326679106614,343.0
2023-12-20,3,logistic,0.9392474984264841,307.0
2023-12-20,1,forest_clf,0.886018132444579,255.0
2023-12-20,2,forest_clf,0.8741294085278076,343.0
2023-12-20,3,forest_clf,0.8505840044373927,307.0
2023-12-20,1,hgb_clf,0.9466162238090382,255.0
2023-12-20,2,hgb_clf,0.9108384861040506,343.0
2023-12-20,3,hgb_clf,0.9470578463105586,307.0
2023-12-21,1,logistic,0.9801296416953533,343.0
2023-12-21,2,logistic,0.9750241802107044,307.0
2023-12-21,3,logistic,0.9640808809204126,278.0
2023-12-21,1,forest_clf,0.9792936252613781,343.0
2023-12-21,2,forest_clf,0.9445520119648119,307.0
2023-12-21,3,forest_clf,0.8937746109526656,278.0
2023-12-21,1,hgb_clf,0.9806942805357556,343.0
2023-12-21,2,hgb_clf,0.9793371832358209,307.0
2023-12-21,3,hgb_clf,0.9781046855810366,278.0
2023-12-22,1,logistic,0.996674963604862,307.0
2023-12-22,2,logistic,0.9897492977303002,278.0
2023-12-22,3,logistic,0.9741805693680314,230.0
2023-12-22,1,forest_clf,0.9834567222668699,307.0
2023-12-22,2,forest_clf,0.978448959008438,278.0
2023-12-22,3,forest_clf,0.9478412046188989,230.0
2023-12-22,1,hgb_clf,0.9860935676698,307.0
2023-12-22,2,hgb_clf,0.9720833827428891,278.0
2023-12-22,3,hgb_clf,0.9809227262189608,230.0
2023-12-23,1,logistic,0.9970989327288012,278.0
2023-12-23,2,logistic,0.9921386900472696,230.0
2023-12-23,3,logistic,0.9819208647989616,247.0
2023-12-23,1,forest_clf,0.9838920133081922,278.0
2023-12-23,2,forest_clf,0.9945142336820464,230.0
2023-12-23,3,forest_clf,0.9586617820633155,247.0
2023-12-23,1,hgb_clf,0.993406048782697,278.0
2023-12-23,2,hgb_clf,0.9924401255388638,230.0
2023-12-23,3,hgb_clf,0.9634492852052308,247.0
2023-12-24,1,logistic,0.9936582257999041,230.0
2023-12-24,2,logistic,0.9908437684426312,247.0
2023-12-24,3,logistic,0.9806808755868155,273.0
2023-12-24,1,forest_clf,0.987799007388178,230.0
2023-12-24,2,forest_clf,0.9995011141371627,247.0
2023-12-24,3,forest_clf,0.9599418680390608,273.0
2023-12-24,1,hgb_clf,0.9901629306430162,230.0
2023-12-24,2,hgb_clf,0.9835103319602836,247.0
2023-12-24,3,hgb_clf,0.9556934204035874,273.0
2023-12-25,1,logistic,0.9848272450911377,247.0
2023-12-25,2,logistic,0.9784884020013653,273.0
2023-12-25,3,logistic,0.9769186427753727,230.0
2023-12-25,1,forest_clf,0.9813613451771583,247.0
2023-12-25,2,forest_clf,0.9903315772335106,273.0
2023-12-25,3,forest_clf,0.9743399057126958,230.0
2023-12-25,1,hgb_clf,0.9792048296416497,247.0
2023-12-25,2,hgb_clf,0.9834425780759899,273.0
2023-12-25,3,hgb_clf,0.9807206549377774,230.0
2023-12-26,1,logistic,0.989669465132401,273.0
2023-12-26,2,logistic,0.9829204408748625,230.0
2023-12-26,3,logistic,0.9800255881982506,279.0
2023-12-26,1,forest_clf,0.9893916806661356,273.0
2023-12-26,2,forest_clf,0.9856938931298816,230.0
2023-12-26,3,forest_clf,0.9840505055043203,279.0
2023-12-26,1,hgb_clf,0.9827759059281994,273.0
2023-12-26,2,hgb_clf,0.9536347405325153,230.0
2023-12-26,3,hgb_clf,0.9791975717210583,279.0
2023-12-27,1,logistic,0.9942778008492279,230.0
2023-12-27,2,logistic,0.9877465824909515,279.0
2023-12-27,3,logistic,0.9821000213741823,303.0
2023-12-27,1,forest_clf,0.9901118275392834,230.0
2023-12-27,2,forest_clf,0.9740727785519021,279.0
2023-12-27,3,forest_clf,0.9791298447272486,303.0
2023-12-27,1,hgb_clf,0.9836527359069694,230.0
2023-12-27,2,hgb_clf,0.972583885044714,279.0
2023-12-27,3,hgb_clf,0.9880810584943454,303.0
2023-12-28,1,logistic,0.9886728115619847,279.0
2023-12-28,2,logistic,0.9840951179013362,303.0
2023-12-28,3,logistic,0.9746204811660893,262.0
2023-12-28,1,forest_clf,0.9842676138590214,279.0
2023-12-28,2,forest_clf,0.9954577477961096,303.0
2023-12-28,3,forest_clf,0.9925522121372319,262.0
2023-12-28,1,hgb_clf,0.9830719324430468,279.0
2023-12-28,2,hgb_clf,0.9917622306395344,303.0
2023-12-28,3,hgb_clf,0.9868464028741016,262.0
2023-12-29,1,logistic,0.99416142343658,303.0
2023-12-29,2,logistic,0.9910172520463832,262.0
2023-12-29,3,logistic,0.9742551288314246,211.0
2023-12-29,1,forest_clf,0.9916801544888776,303.0
2023-12-29,2,forest_clf,0.9811991899839431,262.0
2023-12-29,3,forest_clf,0.9696958442356275,211.0
2023-12-29,1,hgb_clf,0.9969068940500221,303.0
2023-12-29,2,hgb_clf,0.9923789838408854,262.0
2023-12-29,3,hgb_clf,0.9862473721860493,211.0
2023-12-30,1,logistic,0.9957233030351219,262.0
2023-12-30,2,logistic,0.9933900536913757,211.0
2023-12-30,3,logistic,0.9786787854910503,207.0
2023-12-30,1,forest_clf,0.9911569926916031,262.0
2023-12-30,2,forest_clf,0.98483086160435,211.0
2023-12-30,3,forest_clf,0.9486257007111424,207.0
2023-12-30,1,hgb_clf,0.9879160977880478,262.0
2023-12-30,2,hgb_clf,0.9890965274157252,211.0
2023-12-30,3,hgb_clf,0.9726761780969955,207.0
2023-12-31,1,logistic,0.9929780088207328,211.0
2023-12-31,2,logistic,0.9912743771377929,207.0
2023-12-31,3,logistic,0.9760504517691697,222.0
2023-12-31,1,forest_clf,0.9858804149354087,211.0
2023-12-31,2,forest_clf,0.9828651449976364,207.0
2023-12-31,3,forest_clf,0.9600123778560251,222.0
2023-12-31,1,hgb_clf,0.9934572247106749,211.0
2023-12-31,2,hgb_clf,0.9889336513158136,207.0
2023-12-31,3,hgb_clf,0.9727564471898004,222.0
2024-01-01,1,logistic,0.9854067318365007,207.0
2024-01-01,2,logistic,0.9566869908254994,222.0
2024-01-01,3,logistic,0.9502540621934568,257.0
2024-01-01,1,forest_clf,0.9787770318624321,207.0
2024-01-01,2,forest_clf,0.9865637929066784,222.0
2024-01-01,3,forest_clf,0.9619572527065491,257.0
2024-01-01,1,hgb_clf,0.9896461862946587,207.0
2024-01-01,2,hgb_clf,0.9867901437345894,222.0
2024-01-01,3,hgb_clf,0.977709065543559,257.0
2024-01-02,1,logistic,0.9827403219566723,222.0
2024-01-02,2,logistic,0.961495152223046,257.0
2024-01-02,3,logistic,0.9525202222191236,204.0
2024-01-02,1,forest_clf,0.9857214411230997,222.0
2024-01-02,2,forest_clf,0.9930170325830673,257.0
2024-01-02,3,forest_clf,0.9799966197731343,204.0
2024-01-02,1,hgb_clf,0.983727726305852,222.0
2024-01-02,2,hgb_clf,0.9858099785924055,257.0
2024-01-02,3,hgb_clf,0.9663975779468829,204.0
2024-01-03,1,logistic,0.9901958829587557,257.0
2024-01-03,2,logistic,0.9747213488347618,204.0
2024-01-03,3,logistic,0.961099600724763,196.0
2024-01-03,1,forest_clf,0.9868282661813329,257.0
2024-01-03,2,forest_clf,0.9664198803678713,204.0
2024-01-03,3,forest_clf,0.9839370250464994,196.0
2024-01-03,1,hgb_clf,0.9875821201591362,257.0
2024-01-03,2,hgb_clf,0.9896167998383463,204.0
2024-01-03,3,hgb_clf,0.9874768935943539,196.0
2024-01-04,1,logistic,0.9940673475189655,204.0
2024-01-04,2,logistic,0.9785234161473564,196.0
2024-01-04,3,logistic,0.9600817436368718,193.0
2024-01-04,1,forest_clf,0.9902117138303079,204.0
2024-01-04,2,forest_clf,0.985951124673684,196.0
2024-01-04,3,forest_clf,0.9747825074667424,193.0
2024-01-04,1,hgb_clf,0.9898066554015923,204.0
2024-01-04,2,hgb_clf,0.9891789562821596,196.0
2024-01-04,3,hgb_clf,0.9720335206800049,193.0
2024-01-05,1,logistic,0.9827320394042709,196.0
2024-01-05,2,logistic,0.9660189803933602,193.0
2024-01-05,3,logistic,0.9448758938724641,277.0
2024-01-05,1,forest_clf,0.9792808765529757,196.0
2024-01-05,2,forest_clf,0.9806123145368301,193.0
2024-01-05,3,forest_clf,0.9515808863191398,277.0
2024-01-05,1,hgb_clf,0.9845811185509394,196.0
2024-01-05,2,hgb_clf,0.9804693945507347,193.0
2024-01-05,3,hgb_clf,0.959976231661748,277.0
2024-01-06,1,logistic,0.9727779544908243,193.0
2024-01-06,2,logistic,0.9704283726679445,277.0
2024-01-06,3,logistic,0.9404779372767285,165.0
2024-01-06,1,forest_clf,0.9679645336024403,193.0
2024-01-06,2,forest_clf,0.9658245206854472,277.0
2024-01-06,3,forest_clf,0.9224111158038478,165.0
2024-01-06,1,hgb_clf,0.9863609459572794,193.0
2024-01-06,2,hgb_clf,0.9690788040028239,277.0
2024-01-06,3,hgb_clf,0.874277490605155,165.0
2024-01-07,1,logistic,0.9693021096987079,277.0
2024-01-07,2,logistic,0.9716713291761103,165.0
2024-01-07,3,logistic,0.9465011263484484,189.0
2024-01-07,1,forest_clf,0.9665847910870905,277.0
2024-01-07,2,forest_clf,0.9405142148190719,165.0
2024-01-07,3,forest_clf,0.9311208808057586,189.0
2024-01-07,1,hgb_clf,0.9824580907646708,277.0
2024-01-07,2,hgb_clf,0.9779808329376501,165.0
2024-01-07,3,hgb_clf,0.9603753381066508,189.0
2024-01-08,1,logistic,0.9947138845929446,165.0
2024-01-08,2,logistic,0.9792393319710065,189.0
2024-01-08,3,logistic,0.959192097626766,221.0
2024-01-08,1,forest_clf,0.9878865707780055,165.0
2024-01-08,2,forest_clf,0.9417800368669327,189.0
2024-01-08,3,forest_clf,0.8927970003614151,221.0
2024-01-08,1,hgb_clf,0.9687485551671478,165.0
2024-01-08,2,hgb_clf,0.9731951678771223,189.0
2024-01-08,3,hgb_clf,0.9539320107754581,221.0
2024-01-09,1,logistic,0.9474714515833316,189.0
2024-01-09,2,logistic,0.9154197082363178,221.0
2024-01-09,3,logistic,0.9088612842099368,203.0
2024-01-09,1,forest_clf,0.9428801449202144,189.0
2024-01-09,2,forest_clf,0.8732473839364511,221.0
2024-01-09,3,forest_clf,0.8501223272494365,203.0
2024-01-09,1,hgb_clf,0.9678491902827572,189.0
2024-01-09,2,hgb_clf,0.9733512594374524,221.0
2024-01-09,3,hgb_clf,0.9279460795096978,203.0
2024-01-10,1,logistic,0.9564729718938214,221.0
2024-01-10,2,logistic,0.9389386796672777,203.0
2024-01-10,3,logistic,0.9111769077042485,460.0
2024-01-10,1,forest_clf,0.9623851678772476,221.0
2024-01-10,2,forest_clf,0.9588023675993963,203.0
2024-01-10,3,forest_clf,0.9354293975974315,460.0
2024-01-10,1,hgb_clf,0.9594334982436741,221.0
2024-01-10,2,hgb_clf,0.9775014043367274,203.0
2024-01-10,3,hgb_clf,0.9323292389648319,460.0
2024-01-11,1,logistic,0.9756294498382038,203.0
2024-01-11,2,logistic,0.9653790260089291,460.0
2024-01-11,3,logistic,0.9383887064608493,396.0
2024-01-11,1,forest_clf,0.9837827748743644,203.0
2024-01-11,2,forest_clf,0.950425337121548,460.0
2024-01-11,3,forest_clf,0.9415758478873012,396.0
2024-01-11,1,hgb_clf,0.9894126233241846,203.0
2024-01-11,2,hgb_clf,0.9776154269785957,460.0
2024-01-11,3,hgb_clf,0.9590757074036125,396.0
2024-01-12,1,logistic,0.976666579101887,460.0
2024-01-12,2,logistic,0.9602991062618274,396.0
2024-01-12,3,logistic,0.9347482652052362,208.0
2024-01-12,1,forest_clf,0.9652789367404805,460.0
2024-01-12,2,forest_clf,0.9549041146844428,396.0
2024-01-12,3,forest_clf,0.9349233584184427,208.0
2024-01-12,1,hgb_clf,0.9786379885754777,460.0
2024-01-12,2,hgb_clf,0.9518309209566514,396.0
2024-01-12,3,hgb_clf,0.9295623968694747,208.0
2024-01-13,1,logistic,0.999563539378704,396.0
2024-01-13,2,logistic,0.9956987730292153,208.0
2024-01-13,3,logistic,0.969078730993572,261.0
2024-01-13,1,forest_clf,0.9827651310463044,396.0
2024-01-13,2,forest_clf,0.9316035052712753,208.0
2024-01-13,3,forest_clf,0.8134408030441388,261.0
2024-01-13,1,hgb_clf,0.9035022901044091,396.0
2024-01-13,2,hgb_clf,0.9320573955553886,208.0
2024-01-13,3,hgb_clf,0.873589645836399,261.0
2024-01-14,1,logistic,0.9988953886531594,208.0
2024-01-14,2,logistic,0.9904835164136556,261.0
2024-01-14,3,logistic,0.9603901128817339,240.0
2024-01-14,1,forest_clf,0.9768591848437498,208.0
2024-01-14,2,forest_clf,0.9551392529314896,261.0
2024-01-14,3,forest_clf,0.8785971568628435,240.0
2024-01-14,1,hgb_clf,0.8989661119049033,208.0
2024-01-14,2,hgb_clf,0.9566972231753271,261.0
2024-01-14,3,hgb_clf,0.9365842401940743,240.0
2024-01-15,1,logistic,0.979788856309847,261.0
2024-01-15,2,logistic,0.954783976001262,240.0
2024-01-15,3,logistic,0.9253092576329017,185.0
2024-01-15,1,forest_clf,0.9533155395279006,261.0
2024-01-15,2,forest_clf,0.9085770390019396,240.0
2024-01-15,3,forest_clf,0.8979882426698428,185.0
2024-01-15,1,hgb_clf,0.9007457631782152,261.0
2024-01-15,2,hgb_clf,0.9369076098885143,240.0
2024-01-15,3,hgb_clf,0.9717026655061329,185.0
2024-01-16,1,logistic,0.9830283699867057,240.0
2024-01-16,2,logistic,0.9725078649664414,185.0
2024-01-16,3,logistic,0.9543207320450542,202.0
2024-01-16,1,forest_clf,0.9770011279534387,240.0
2024-01-16,2,forest_clf,0.949200226625438,185.0
2024-01-16,3,forest_clf,0.8890026789543819,202.0
2024-01-16,1,hgb_clf,0.994384573815286,240.0
2024-01-16,2,hgb_clf,0.9031056667258409,185.0
2024-01-16,3,hgb_clf,0.9600492114918606,202.0
2024-01-17,1,logistic,0.984068915823286,185.0
2024-01-17,2,logistic,0.9737922400305442,202.0
2024-01-17,3,logistic,0.9647902359440428,212.0
2024-01-17,1,forest_clf,0.9808615839265018,185.0
2024-01-17,2,forest_clf,0.9392978478413719,202.0
2024-01-17,3,forest_clf,0.9266871889248808,212.0
2024-01-17,1,hgb_clf,0.9764244187942498,185.0
2024-01-17,2,hgb_clf,0.9754862003616434,202.0
2024-01-17,3,hgb_clf,0.9611642040637985,212.0
2024-01-18,1,logistic,0.9618779019138622,202.0
2024-01-18,2,logistic,0.9527521797031411,212.0
2024-01-18,3,logistic,0.9437336278829953,205.0
2024-01-18,1,forest_clf,0.9505634102647442,202.0
2024-01-18,2,forest_clf,0.9173904194942114,212.0
2024-01-18,3,forest_clf,0.9007273954991862,205.0
2024-01-18,1,hgb_clf,0.9598063298189753,202.0
2024-01-18,2,hgb_clf,0.9263751386029053,212.0
2024-01-18,3,hgb_clf,0.9673308756498878,205.0
2024-01-19,1,logistic,0.9643914267168552,212.0
2024-01-19,2,logistic,0.960065596690128,205.0
2024-01-19,3,logistic,0.9485000111916683,225.0
2024-01-19,1,forest_clf,0.9645063256272484,212.0
2024-01-19,2,forest_clf,0.9280689714504099,205.0
2024-01-19,3,forest_clf,0.9022884193468442,225.0
2024-01-19,1,hgb_clf,0.9768825207643018,212.0
2024-01-19,2,hgb_clf,0.9312782348845631,205.0
2024-01-19,3,hgb_clf,0.9741173811194338,225.0
2024-01-20,1,logistic,0.9782989117347686,205.0
2024-01-20,2,logistic,0.9788960741074791,225.0
2024-01-20,3,logistic,0.9453121153765045,253.0
2024-01-20,1,forest_clf,0.9654971481351317,205.0
2024-01-20,2,forest_clf,0.9400719820742246,225.0
2024-01-20,3,forest_clf,0.8841994879978405,253.0
2024-01-20,1,hgb_clf,0.9912351034029409,205.0
2024-01-20,2,hgb_clf,0.9649419062829023,225.0
2024-01-20,3,hgb_clf,0.9588591137508172,253.0
2024-01-21,1,logistic,0.9700465592265028,225.0
2024-01-21,2,logistic,0.9680132763005558,253.0
2024-01-21,3,logistic,0.9271106073735264,316.0
2024-01-21,1,forest_clf,0.9656330004353062,225.0
2024-01-21,2,forest_clf,0.8693851548359542,253.0
2024-01-21,3,forest_clf,0.8776682634616293,316.0
2024-01-21,1,hgb_clf,0.9882222367916772,225.0
2024-01-21,2,hgb_clf,0.9731735622760842,253.0
2024-01-21,3,hgb_clf,0.9311300393960722,316.0
2024-01-22,1,logistic,0.98020766816547,253.0
2024-01-22,2,logistic,0.9529132746691444,316.0
2024-01-22,3,logistic,0.9317358193003712,232.0
2024-01-22,1,forest_clf,0.9439884769113308,253.0
2024-01-22,2,forest_clf,0.8559210539617159,316.0
2024-01-22,3,forest_clf,0.8737599236777932,232.0
2024-01-22,1,hgb_clf,0.9687411214067636,253.0
2024-01-22,2,hgb_clf,0.9277925369240462,316.0
2024-01-22,3,hgb_clf,0.9455502201937475,232.0
2024-01-23,1,logistic,0.9863392227833887,316.0
2024-01-23,2,logistic,0.9627990451973446,232.0
2024-01-23,3,logistic,0.9318761998499182,375.0
2024-01-23,1,forest_clf,0.9450964811966968,316.0
2024-01-23,2,forest_clf,0.851969232229542,232.0
2024-01-23,3,forest_clf,0.8647105414509265,375.0
2024-01-23,1,hgb_clf,0.9872611850754603,316.0
2024-01-23,2,hgb_clf,0.9000800574113668,232.0
2024-01-23,3,hgb_clf,0.9088395798791341,375.0
2024-01-24,1,logistic,0.9954969370540784,232.0
2024-01-24,2,logistic,0.9773278567062074,375.0
2024-01-24,3,logistic,0.9440326200158304,194.0
2024-01-24,1,forest_clf,0.9381833128837297,232.0
2024-01-24,2,forest_clf,0.8542750700514167,375.0
2024-01-24,3,forest_clf,0.8573170825431593,194.0
2024-01-24,1,hgb_clf,0.984249060794858,232.0
2024-01-24,2,hgb_clf,0.9386858038976873,375.0
2024-01-24,3,hgb_clf,0.9335033536233303,194.0
2024-01-25,1,logistic,0.9765353932722536,375.0
2024-01-25,2,logistic,0.9452106937235368,194.0
2024-01-25,3,logistic,0.924345540709356,272.0
2024-01-25,1,forest_clf,0.922588445548144,375.0
2024-01-25,2,forest_clf,0.8456509146329795,194.0
2024-01-25,3,forest_clf,0.8522514976262946,272.0
2024-01-25,1,hgb_clf,0.9863184718010548,375.0
2024-01-25,2,hgb_clf,0.952952389308045,194.0
2024-01-25,3,hgb_clf,0.9227986596579636,272.0
2024-01-26,1,logistic,0.9977163818206749,194.0
2024-01-26,2,logistic,0.9834326740562617,272.0
2024-01-26,3,logistic,0.9523773985422817,233.0
2024-01-26,1,forest_clf,0.9260108416417024,194.0
2024-01-26,2,forest_clf,0.8396777875066666,272.0
2024-01-26,3,forest_clf,0.8392553684711137,233.0
2024-01-26,1,hgb_clf,0.9882201200033471,194.0
2024-01-26,2,hgb_clf,0.958147583639284,272.0
2024-01-26,3,hgb_clf,0.8798564370224625,233.0
2024-01-27,1,logistic,0.9229117222354897,272.0
2024-01-27,2,logistic,0.923786640971952,233.0
2024-01-27,3,logistic,0.9065032854069287,279.0
2024-01-27,1,forest_clf,0.8912213723655927,272.0
2024-01-27,2,forest_clf,0.839355610110495,233.0
2024-01-27,3,forest_clf,0.8521032823561896,279.0
2024-01-27,1,hgb_clf,0.9899799411711686,272.0
2024-01-27,2,hgb_clf,0.8217579692507581,233.0
2024-01-27,3,hgb_clf,0.853300798581952,279.0
2024-01-28,1,logistic,0.9837264618092567,233.0
2024-01-28,2,logistic,0.9722551327711572,279.0
2024-01-28,3,logistic,0.9297981172873596,253.0
2024-01-28,1,forest_clf,0.9146144055512265,233.0
2024-01-28,2,forest_clf,0.8383712583090631,279.0
2024-01-28,3,forest_clf,0.8237902280249174,253.0
2024-01-28,1,hgb_clf,0.995626113911063,233.0
2024-01-28,2,hgb_clf,0.9149860725087618,279.0
2024-01-28,3,hgb_clf,0.7819232256342017,253.0
2024-01-29,1,logistic,0.9790116941446243,279.0
2024-01-29,2,logistic,0.9609316193124081,253.0
2024-01-29,3,logistic,0.9443429053215688,
2024-01-29,1,forest_clf,0.9119897890825066,279.0
2024-01-29,2,forest_clf,0.8336366820155269,253.0
2024-01-29,3,forest_clf,0.8385069154479119,
2024-01-29,1,hgb_clf,0.9701236708518997,279.0
2024-01-29,2,hgb_clf,0.9469563812114185,253.0
2024-01-29,3,hgb_clf,0.9246018032254921,
2024-01-30,1,logistic,0.9947888927981453,253.0
2024-01-30,2,logistic,0.9774532359300546,
2024-01-30,3,logistic,0.9500320715669235,115.0
2024-01-30,1,forest_clf,0.920068856914538,253.0
2024-01-30,2,forest_clf,0.842238490236009,
2024-01-30,3,forest_clf,0.8401963258581605,115.0
2024-01-30,1,hgb_clf,0.9847972561244995,253.0
2024-01-30,2,hgb_clf,0.9139909800335899,
2024-01-30,3,hgb_clf,0.9262487208811487,115.0
2024-01-31,1,logistic,0.9898333033192769,
2024-01-31,2,logistic,0.973015034271394,115.0
2024-01-31,3,logistic,0.94456231624981,91.1
2024-01-31,1,forest_clf,0.9153850096050791,
2024-01-31,2,forest_clf,0.8425792052431111,115.0
2024-01-31,3,forest_clf,0.8425984585835603,91.1
2024-01-31,1,hgb_clf,0.9839897227265554,
2024-01-31,2,hgb_clf,0.9454387066395358,115.0
2024-01-31,3,hgb_clf,0.922098539937779,91.1
2024-02-01,1,logistic,,115.0
2024-02-01,2,logistic,,91.1
2024-02-01,3,logistic,,142.0
2024-02-01,1,forest_clf,,115.0
2024-02-01,2,forest_clf,,91.1
2024-02-01,3,forest_clf,,142.0
2024-02-01,1,hgb_clf,0.90989957255602,115.0
2024-02-01,2,hgb_clf,0.9146624632792046,91.1
2024-02-01,3,hgb_clf,0.9481304634169719,142.0
2024-02-02,1,logistic,,91.1
2024-02-02,2,logistic,,142.0
2024-02-02,3,logistic,,80.6
2024-02-02,1,forest_clf,,91.1
2024-02-02,2,forest_clf,,142.0
2024-02-02,3,forest_clf,,80.6
2024-02-02,1,hgb_clf,0.7702588988314444,91.1
2024-02-02,2,hgb_clf,0.6417861755014589,142.0
2024-02-02,3,hgb_clf,0.8817028378468869,80.6
2024-02-03,1,logistic,,142.0
2024-02-03,2,logistic,,80.6
2024-02-03,3,logistic,,74.9
2024-02-03,1,forest_clf,,142.0
2024-02-03,2,forest_clf,,80.6
2024-02-03,3,forest_clf,,74.9
2024-02-03,1,hgb_clf,0.4191550667361345,142.0
2024-02-03,2,hgb_clf,0.7548689145611236,80.6
2024-02-03,3,hgb_clf,0.5003860072307555,74.9
2024-02-04,1,logistic,,80.6
2024-02-04,2,logistic,,74.9
2024-02-04,3,logistic,,82.4
2024-02-04,1,forest_clf,,80.6
2024-02-04,2,forest_clf,,74.9
2024-02-04,3,forest_clf,,82.4
2024-02-04,1,hgb_clf,0.9010088038088665,80.6
2024-02-04,2,hgb_clf,0.7766606187054114,74.9
2024-02-04,3,hgb_clf,0.6762012581636441,82.4
2024-02-05,1,logistic,0.5103391608040535,74.9
2024-02-05,2,logistic,0.4949288988011316,82.4
2024-02-05,3,logistic,0.5949506847045227,71.5
2024-02-05,1,forest_clf,0.403718747544971,74.9
2024-02-05,2,forest_clf,0.6527936899976347,82.4
2024-02-05,3,forest_clf,0.6441540542686365,71.5
2024-02-05,1,hgb_clf,0.07545742683484145,74.9
2024-02-05,2,hgb_clf,0.46395397048711084,82.4
2024-02-05,3,hgb_clf,0.37062994905811675,71.5
2024-02-06,1,logistic,0.40397210696545444,82.4
2024-02-06,2,logistic,0.4537846927813828,71.5
2024-02-06,3,logistic,0.4919841614792717,66.6
2024-02-06,1,forest_clf,0.33203295725581683,82.4
2024-02-06,2,forest_clf,0.5326146157340667,71.5
2024-02-06,3,forest_clf,0.5619046968942294,66.6
2024-02-06,1,hgb_clf,0.1892336559081661,82.4
2024-02-06,2,hgb_clf,0.27214627714932016,71.5
2024-02-06,3,hgb_clf,0.38680005708780807,66.6
2024-02-07,1,logistic,0.37763492663144144,71.5
2024-02-07,2,logistic,0.4418177929350562,66.6
2024-02-07,3,logistic,0.44893245701985673,179.0
2024-02-07,1,forest_clf,0.2244821862784461,71.5
2024-02-07,2,forest_clf,0.4430512811595397,66.6
2024-02-07,3,forest_clf,0.4191235008233852,179.0
2024-02-07,1,hgb_clf,0.2520941368565418,71.5
2024-02-07,2,hgb_clf,0.3693728895527597,66.6
2024-02-07,3,hgb_clf,0.4763718439798014,179.0
2024-02-08,1,logistic,,66.6
2024-02-08,2,logistic,,179.0
2024-02-08,3,logistic,,169.0
2024-02-08,1,forest_clf,,66.6
2024-02-08,2,forest_clf,,179.0
2024-02-08,3,forest_clf,,169.0
2024-02-08,1,hgb_clf,0.08332209176021958,66.6
2024-02-08,2,hgb_clf,0.41240927540431505,179.0
2024-02-08,3,hgb_clf,0.7843787728079732,169.0
2024-02-09,1,logistic,0.2598813183415679,179.0
2024-02-09,2,logistic,0.4481754590873245,169.0
2024-02-09,3,logistic,0.48882381094598076,179.0
2024-02-09,1,forest_clf,0.18555378894939648,179.0
2024-02-09,2,forest_clf,0.3838972759325603,169.0
2024-02-09,3,forest_clf,0.3810834225515402,179.0
2024-02-09,1,hgb_clf,0.20159871201193846,179.0
2024-02-09,2,hgb_clf,0.37959210515167463,169.0
2024-02-09,3,hgb_clf,0.7214023185555701,179.0
2024-02-10,1,logistic,0.6452148866910942,169.0
2024-02-10,2,logistic,0.6146794545581603,179.0
2024-02-10,3,logistic,0.528107041958688,227.0
2024-02-10,1,forest_clf,0.7266226050422959,169.0
2024-02-10,2,forest_clf,0.5294663233669301,179.0
2024-02-10,3,forest_clf,0.4370267639094925,227.0
2024-02-10,1,hgb_clf,0.9190133772520805,169.0
2024-02-10,2,hgb_clf,0.4565442237066209,179.0
2024-02-10,3,hgb_clf,0.23142683676542536,227.0
2024-02-11,1,logistic,0.6545031718164326,179.0
2024-02-11,2,logistic,0.6367820015149668,227.0
2024-02-11,3,logistic,0.5312403936091493,196.0
2024-02-11,1,forest_clf,0.7288846831610977,179.0
2024-02-11,2,forest_clf,0.5333415361571751,227.0
2024-02-11,3,forest_clf,0.42358139520870486,196.0
2024-02-11,1,hgb_clf,0.8831016792739712,179.0
2024-02-11,2,hgb_clf,0.22754270870644114,227.0
2024-02-11,3,hgb_clf,0.14276821026650102,196.0
2024-02-12,1,logistic,0.867292626296254,227.0
2024-02-12,2,logistic,0.6826865367212355,196.0
2024-02-12,3,logistic,0.6441443572472737,137.0
2024-02-12,1,forest_clf,0.832607250028031,227.0
2024-02-12,2,forest_clf,0.6147180041809165,196.0
2024-02-12,3,forest_clf,0.5338004654146566,137.0
2024-02-12,1,hgb_clf,0.927040029847071,227.0
2024-02-12,2,hgb_clf,0.28777201228891697,196.0
2024-02-12,3,hgb_clf,0.24155176507195136,137.0
2024-02-13,1,logistic,0.9102417751538442,196.0
2024-02-13,2,logistic,0.7486579492960196,137.0
2024-02-13,3,logistic,0.6873368124423103,127.0
2024-02-13,1,forest_clf,0.8656278874480156,196.0
2024-02-13,2,forest_clf,0.6431364981093313,137.0
2024-02-13,3,forest_clf,0.56575309380137,127.0
2024-02-13,1,hgb_clf,0.9310272235279927,196.0
2024-02-13,2,hgb_clf,0.4340335380425639,137.0
2024-02-13,3,hgb_clf,0.4878982496566126,127.0
2024-02-14,1,logistic,0.8759372411869087,137.0
2024-02-14,2,logistic,0.724655427472663,127.0
2024-02-14,3,logistic,0.6988439012148047,123.0
2024-02-14,1,forest_clf,0.8536908797519231,137.0
2024-02-14,2,forest_clf,0.6320828181246848,127.0
2024-02-14,3,forest_clf,0.5444486832524428,123.0
2024-02-14,1,hgb_clf,0.8577494534195682,137.0
2024-02-14,2,hgb_clf,0.32088667180394553,127.0
2024-02-14,3,hgb_clf,0.46601071328013993,123.0
2024-02-15,1,logistic,0.624706787879543,127.0
2024-02-15,2,logistic,0.5790120902451428,123.0
2024-02-15,3,logistic,0.6296915751070767,109.0
2024-02-15,1,forest_clf,0.7537971390549904,127.0
2024-02-15,2,forest_clf,0.6334442642878377,123.0
2024-02-15,3,forest_clf,0.5539994816907247,109.0
2024-02-15,1,hgb_clf,0.42706081140013463,127.0
2024-02-15,2,hgb_clf,0.33842581242428815,123.0
2024-02-15,3,hgb_clf,0.5661598620831061,109.0
2024-02-16,1,logistic,0.5376728147139043,123.0
2024-02-16,2,logistic,0.5656392984244859,109.0
2024-02-16,3,logistic,0.6353281763892473,99.4
2024-02-16,1,forest_clf,0.7893168376206577,123.0
2024-02-16,2,forest_clf,0.6235353865300027,109.0
2024-02-16,3,forest_clf,0.5536179567902973,99.4
2024-02-16,1,hgb_clf,0.6483241526223944,123.0
2024-02-16,2,hgb_clf,0.2879535890845023,109.0
2024-02-16,3,hgb_clf,0.4558778655948969,99.4
2024-02-17,1,logistic,0.6206141952406892,109.0
2024-02-17,2,logistic,0.6661237792360213,99.4
2024-02-17,3,logistic,0.6548047435147143,136.0
2024-02-17,1,forest_clf,0.740612780507123,109.0
2024-02-17,2,forest_clf,0.5982991166981262,99.4
2024-02-17,3,forest_clf,0.563742412103619,136.0
2024-02-17,1,hgb_clf,0.44019426071385026,109.0
2024-02-17,2,hgb_clf,0.4392255666667011,99.4
2024-02-17,3,hgb_clf,0.4874018435177933,136.0
2024-02-18,1,logistic,0.5200135111918416,99.4
2024-02-18,2,logistic,0.5861536698386967,136.0
2024-02-18,3,logistic,0.5769309262640869,94.1
2024-02-18,1,forest_clf,0.47547721486590333,99.4
2024-02-18,2,forest_clf,0.5624025920356551,136.0
2024-02-18,3,forest_clf,0.5284491541358067,94.1
2024-02-18,1,hgb_clf,0.3528001484276229,99.4
2024-02-18,2,hgb_clf,0.5135309112556857,136.0
2024-02-18,3,hgb_clf,0.4352345963424656,94.1
2024-02-19,1,logistic,0.5212009986389814,136.0
2024-02-19,2,logistic,0.47274552098463063,94.1
2024-02-19,3,logistic,0.5246760525084365,58.4
2024-02-19,1,forest_clf,0.3327582025406726,136.0
2024-02-19,2,forest_clf,0.5171105060304836,94.1
2024-02-19,3,forest_clf,0.5031715749403741,58.4
2024-02-19,1,hgb_clf,0.3116586817274673,136.0
2024-02-19,2,hgb_clf,0.46766253384790696,94.1
2024-02-19,3,hgb_clf,0.3239314514665354,58.4
2024-02-20,1,logistic,0.6463868530745972,94.1
2024-02-20,2,logistic,0.5372140377382164,58.4
2024-02-20,3,logistic,0.5174379809661525,62.3
2024-02-20,1,forest_clf,0.7589265121783149,94.1
2024-02-20,2,forest_clf,0.5935483502316543,58.4
2024-02-20,3,forest_clf,0.5391214971952478,62.3
2024-02-20,1,hgb_clf,0.5768320507926171,94.1
2024-02-20,2,hgb_clf,0.5398587029134077,58.4
2024-02-20,3,hgb_clf,0.22803904843719586,62.3
2024-02-21,1,logistic,0.3761456370532502,58.4
2024-02-21,2,logistic,0.35979960671118966,62.3
2024-02-21,3,logistic,0.4012467115855877,81.2
2024-02-21,1,forest_clf,0.3279963949753066,58.4
2024-02-21,2,forest_clf,0.5226942271821985,62.3
2024-02-21,3,forest_clf,0.4788120428702275,81.2
2024-02-21,1,hgb_clf,0.35523346685072466,58.4
2024-02-21,2,hgb_clf,0.49933704082853525,62.3
2024-02-21,3,hgb_clf,0.32297673693957557,81.2
2024-02-22,1,logistic,0.15388976932450685,62.3
2024-02-22,2,logistic,0.21828955930367663,81.2
2024-02-22,3,logistic,0.2942588074292077,76.5
2024-02-22,1,forest_clf,0.265947443814588,62.3
2024-02-22,2,forest_clf,0.4173107828022534,81.2
2024-02-22,3,forest_clf,0.4037133037265918,76.5
2024-02-22,1,hgb_clf,0.0988012135882176,62.3
2024-02-22,2,hgb_clf,0.28494512649229986,81.2
2024-02-22,3,hgb_clf,0.2073641666775416,76.5
2024-02-23,1,logistic,0.12942803909944353,81.2
2024-02-23,2,logistic,0.20350277182035198,76.5
2024-02-23,3,logistic,0.267719542318817,72.0
2024-02-23,1,forest_clf,0.18278670746569214,81.2
2024-02-23,2,forest_clf,0.3227518568680718,76.5
2024-02-23,3,forest_clf,0.3637035081405921,72.0
2024-02-23,1,hgb_clf,0.12729538333556964,81.2
2024-02-23,2,hgb_clf,0.4105412530268351,76.5
2024-02-23,3,hgb_clf,0.461028058667372,72.0
2024-02-24,1,logistic,0.18126787172592543,76.5
2024-02-24,2,logistic,0.23693012400935337,72.0
2024-02-24,3,logistic,0.24336953095791822,65.0
2024-02-24,1,forest_clf,0.18235353614507852,76.5
2024-02-24,2,forest_clf,0.32584427495670193,72.0
2024-02-24,3,forest_clf,0.30947213573302856,65.0
2024-02-24,1,hgb_clf,0.2772427285790706,76.5
2024-02-24,2,hgb_clf,0.5965508224499106,72.0
2024-02-24,3,hgb_clf,0.33051449167616415,65.0
2024-02-25,1,logistic,0.15024637152854217,72.0
2024-02-25,2,logistic,0.17625745184467823,65.0
2024-02-25,3,logistic,0.195948697873098,63.7
2024-02-25,1,forest_clf,0.16661240270251187,72.0
2024-02-25,2,forest_clf,0.2945113756700646,65.0
2024-02-25,3,forest_clf,0.28600803088266086,63.7
2024-02-25,1,hgb_clf,0.2261601643868269,72.0
2024-02-25,2,hgb_clf,0.3343228262589763,65.0
2024-02-25,3,hgb_clf,0.19342273521453193,63.7
2024-02-26,1,logistic,0.18716015983618228,65.0
2024-02-26,2,logistic,0.1419039282817842,63.7
2024-02-26,3,logistic,0.19342826113955205,70.5
2024-02-26,1,forest_clf,0.1431391375061906,65.0
2024-02-26,2,forest_clf,0.27546835348650506,63.7
2024-02-26,3,forest_clf,0.3014190530861536,70.5
2024-02-26,1,hgb_clf,0.4540749023198852,65.0
2024-02-26,2,hgb_clf,0.21774371925981387,63.7
2024-02-26,3,hgb_clf,0.21081212248414335,70.5
2024-02-27,1,logistic,0.12986195467737613,63.7
2024-02-27,2,logistic,0.127113248948282,70.5
2024-02-27,3,logistic,0.15588461082503638,90.7
2024-02-27,1,forest_clf,0.12244648483846143,63.7
2024-02-27,2,forest_clf,0.220193177371087,70.5
2024-02-27,3,forest_clf,0.22887057597654542,90.7
2024-02-27,1,hgb_clf,0.16346061959363312,63.7
2024-02-27,2,hgb_clf,0.29432730906631743,70.5
2024-02-27,3,hgb_clf,0.34729372088640276,90.7
2024-02-28,1,logistic,0.10677033464567538,70.5
2024-02-28,2,logistic,0.11123087097386454,90.7
2024-02-28,3,logistic,0.14532088870364088,32.3
2024-02-28,1,forest_clf,0.09478132872502934,70.5
2024-02-28,2,forest_clf,0.14044337944200846,90.7
2024-02-28,3,forest_clf,0.18639971913095338,32.3
2024-02-28,1,hgb_clf,0.18235317364669257,70.5
2024-02-28,2,hgb_clf,0.19773236694328858,90.7
2024-02-28,3,hgb_clf,0.2760714382091743,32.3
2024-02-29,1,logistic,0.09953867141468024,90.7
2024-02-29,2,logistic,0.09878812096278447,32.3
2024-02-29,3,logistic,0.1304205568225819,51.2
2024-02-29,1,forest_clf,0.10611454123788429,90.7
2024-02-29,2,forest_clf,0.1558803679184627,32.3
2024-02-29,3,forest_clf,0.1611246360735122,51.2
2024-02-29,1,hgb_clf,0.14142217482469122,90.7
2024-02-29,2,hgb_clf,0.09603502771301965,32.3
2024-02-29,3,hgb_clf,0.25753552645539507,51.2
2024-03-01,1,logistic,0.1147694889717214,32.3
2024-03-01,2,logistic,0.11081093845271736,51.2
2024-03-01,3,logistic,0.12675734192821303,42.9
2024-03-01,1,forest_clf,0.1042539365714369,32.3
2024-03-01,2,forest_clf,0.18634015089089145,51.2
2024-03-01,3,forest_clf,0.12948229274359524,42.9
2024-03-01,1,hgb_clf,0.11057543121242411,32.3
2024-03-01,2,hgb_clf,0.0952011021290248,51.2
2024-03-01,3,hgb_clf,0.1632938379950036,42.9
2024-03-02,1,logistic,0.031827978906199976,51.2
2024-03-02,2,logistic,0.05823761782112558,42.9
2024-03-02,3,logistic,0.08379769547999441,54.3
2024-03-02,1,forest_clf,0.13510962655529477,51.2
2024-03-02,2,forest_clf,0.09304636861176142,42.9
2024-03-02,3,forest_clf,0.12016442938344948,54.3
2024-03-02,1,hgb_clf,0.037288054230021364,51.2
2024-03-02,2,hgb_clf,0.030986386917121737,42.9
2024-03-02,3,hgb_clf,0.03238044931170951,54.3
2024-03-03,1,logistic,0.038634498024572764,42.9
2024-03-03,2,logistic,0.07288846754902555,54.3
2024-03-03,3,logistic,0.0864094204349106,65.8
2024-03-03,1,forest_clf,0.07407072122318695,42.9
2024-03-03,2,forest_clf,0.09129592667125937,54.3
2024-03-03,3,forest_clf,0.1453350645082728,65.8
2024-03-03,1,hgb_clf,0.018000241543779667,42.9
2024-03-03,2,hgb_clf,0.027531845124599417,54.3
2024-03-03,3,hgb_clf,0.10046030733470677,65.8
2024-03-04,1,logistic,0.05040564342435243,54.3
2024-03-04,2,logistic,0.057821203146425505,65.8
2024-03-04,3,logistic,0.09453137082295551,79.3
2024-03-04,1,forest_clf,0.06651538012603483,54.3
2024-03-04,2,forest_clf,0.10298315070859103,65.8
2024-03-04,3,forest_clf,0.13028956960619237,79.3
2024-03-04,1,hgb_clf,0.016575137152111112,54.3
2024-03-04,2,hgb_clf,0.0706009296872855,65.8
2024-03-04,3,hgb_clf,0.03048092541551258,79.3
2024-03-05,1,logistic,0.06846038751111405,65.8
2024-03-05,2,logistic,0.06748067791311665,79.3
2024-03-05,3,logistic,0.09661793982414522,60.5
2024-03-05,1,forest_clf,0.061604339328327914,65.8
2024-03-05,2,forest_clf,0.09465575017734244,79.3
2024-03-05,3,forest_clf,0.11803350967739408,60.5
2024-03-05,1,hgb_clf,0.0208053875487002,65.8
2024-03-05,2,hgb_clf,0.023121275514995137,79.3
2024-03-05,3,hgb_clf,0.039721569639489106,60.5
2024-03-06,1,logistic,0.07243764296574912,79.3
2024-03-06,2,logistic,0.07327240836179198,60.5
2024-03-06,3,logistic,0.09726204516096128,57.5
2024-03-06,1,forest_clf,0.08072417659146786,79.3
2024-03-06,2,forest_clf,0.09281830027973982,60.5
2024-03-06,3,forest_clf,0.1093910743478861,57.5
2024-03-06,1,hgb_clf,0.04896727812497308,79.3
2024-03-06,2,hgb_clf,0.10690836940969876,60.5
2024-03-06,3,hgb_clf,0.048428308811914414,57.5
2024-03-07,1,logistic,0.08804821050407148,60.5
2024-03-07,2,logistic,0.08203534311810126,57.5
2024-03-07,3,logistic,0.09960971580968606,96.7
2024-03-07,1,forest_clf,0.08012187409427211,60.5
2024-03-07,2,forest_clf,0.10499587532119298,57.5
2024-03-07,3,forest_clf,0.1063368599357867,96.7
2024-03-07,1,hgb_clf,0.0308143331765625,60.5
2024-03-07,2,hgb_clf,0.04175824081007561,57.5
2024-03-07,3,hgb_clf,0.050314726473478684,96.7
2024-03-08,1,logistic,0.058002369184149076,57.5
2024-03-08,2,logistic,0.06832844286831954,96.7
2024-03-08,3,logistic,0.08933857489657802,77.5
2024-03-08,1,forest_clf,0.04849594281090366,57.5
2024-03-08,2,forest_clf,0.09309934909679665,96.7
2024-03-08,3,forest_clf,0.12697437061978062,77.5
2024-03-08,1,hgb_clf,0.08169733270940782,57.5
2024-03-08,2,hgb_clf,0.06367164845455388,96.7
2024-03-08,3,hgb_clf,0.07435965564920095,77.5
2024-03-09,1,logistic,0.04938416520415472,96.7
2024-03-09,2,logistic,0.0692451244760564,77.5
2024-03-09,3,logistic,0.08705096135047072,79.4
2024-03-09,1,forest_clf,0.05118991991314777,96.7
2024-03-09,2,forest_clf,0.09036761271902885,77.5
2024-03-09,3,forest_clf,0.14111067786835996,79.4
2024-03-09,1,hgb_clf,0.025418298994710667,96.7
2024-03-09,2,hgb_clf,0.11955468608543299,77.5
2024-03-09,3,hgb_clf,0.1319848057381438,79.4
2024-03-10,1,logistic,0.08427456218375143,77.5
2024-03-10,2,logistic,0.0982083266956574,79.4
2024-03-10,3,logistic,0.0973023289356865,71.3
2024-03-10,1,forest_clf,0.17529085790034216,77.5
2024-03-10,2,forest_clf,0.2091709426567032,79.4
2024-03-10,3,forest_clf,0.13683140152417744,71.3
2024-03-10,1,hgb_clf,0.10177074533020368,77.5
2024-03-10,2,hgb_clf,0.2102116774179289,79.4
2024-03-10,3,hgb_clf,0.19792352524715937,71.3
2024-03-11,1,logistic,0.08517129319259761,79.4
2024-03-11,2,logistic,0.061200684267110325,71.3
2024-03-11,3,logistic,0.09037068879722185,80.0
2024-03-11,1,forest_clf,0.12979405807780098,79.4
2024-03-11,2,forest_clf,0.11864046384694184,71.3
2024-03-11,3,forest_clf,0.10774564655523769,80.0
2024-03-11,1,hgb_clf,0.1431394281629274,79.4
2024-03-11,2,hgb_clf,0.13679981334571675,71.3
2024-03-11,3,hgb_clf,0.07760617908529262,80.0
2024-03-12,1,logistic,0.08793958460803787,71.3
2024-03-12,2,logistic,0.06714299322806458,80.0
2024-03-12,3,logistic,0.09154637152944137,39.4
2024-03-12,1,forest_clf,0.06738104917000863,71.3
2024-03-12,2,forest_clf,0.10258211710313567,80.0
2024-03-12,3,forest_clf,0.12520193231638005,39.4
2024-03-12,1,hgb_clf,0.06418287282853971,71.3
2024-03-12,2,hgb_clf,0.04376285092772425,80.0
2024-03-12,3,hgb_clf,0.09911652316411408,39.4
2024-03-13,1,logistic,0.06358018822830812,80.0
2024-03-13,2,logistic,0.061203370817841767,39.4
2024-03-13,3,logistic,0.08725512624534316,72.7
2024-03-13,1,forest_clf,0.047773933958776056,80.0
2024-03-13,2,forest_clf,0.10154214928600837,39.4
2024-03-13,3,forest_clf,0.11262130845932265,72.7
2024-03-13,1,hgb_clf,0.047529578052041915,80.0
2024-03-13,2,hgb_clf,0.09144600664481242,39.4
2024-03-13,3,hgb_clf,0.12595994538523822,72.7
2024-03-14,1,logistic,0.06499552125645713,39.4
2024-03-14,2,logistic,0.06218411505639488,72.7
2024-03-14,3,logistic,0.08135569966707673,96.3
2024-03-14,1,forest_clf,0.037160923497277135,39.4
2024-03-14,2,forest_clf,0.07560822230163772,72.7
2024-03-14,3,forest_clf,0.09983570628281502,96.3
2024-03-14,1,hgb_clf,0.02051070875165988,39.4
2024-03-14,2,hgb_clf,0.04326244650723097,72.7
2024-03-14,3,hgb_clf,0.08332151774064936,96.3
2024-03-15,1,logistic,0.01808014231905661,72.7
2024-03-15,2,logistic,0.023006014710673463,96.3
2024-03-15,3,logistic,0.04823843832276725,103.0
2024-03-15,1,forest_clf,0.0335299706527913,72.7
2024-03-15,2,forest_clf,0.04084592000875403,96.3
2024-03-15,3,forest_clf,0.06779257735931025,103.0
2024-03-15,1,hgb_clf,0.02581291947545656,72.7
2024-03-15,2,hgb_clf,0.024756845020175087,96.3
2024-03-15,3,hgb_clf,0.027663711551723986,103.0
2024-03-16,1,logistic,0.03736286527692529,96.3
2024-03-16,2,logistic,0.04955897309762613,103.0
2024-03-16,3,logistic,0.061727183115295285,96.5
2024-03-16,1,forest_clf,0.062170645629430366,96.3
2024-03-16,2,forest_clf,0.06723968974303968,103.0
2024-03-16,3,forest_clf,0.07092710655104843,96.5
2024-03-16,1,hgb_clf,0.025097286900494006,96.3
2024-03-16,2,hgb_clf,0.03293259833855809,103.0
2024-03-16,3,hgb_clf,0.10224127991617686,96.5
2024-03-17,1,logistic,0.056114722428508707,103.0
2024-03-17,2,logistic,0.07524367959807896,96.5
2024-03-17,3,logistic,0.07063035368059911,117.0
2024-03-17,1,forest_clf,0.12061525616810251,103.0
2024-03-17,2,forest_clf,0.12363520631972373,96.5
2024-03-17,3,forest_clf,0.09619922841912691,117.0
2024-03-17,1,hgb_clf,0.10473284555761914,103.0
2024-03-17,2,hgb_clf,0.18187295291062214,96.5
2024-03-17,3,hgb_clf,0.02403167814286867,117.0
2024-03-18,1,logistic,0.11693626067744688,96.5
2024-03-18,2,logistic,0.07722099892614583,117.0
2024-03-18,3,logistic,0.08521161121707789,73.7
2024-03-18,1,forest_clf,0.1999370520918748,96.5
2024-03-18,2,forest_clf,0.09796319942316632,117.0
2024-03-18,3,forest_clf,0.12699011282282935,73.7
2024-03-18,1,hgb_clf,0.18683742795192057,96.5
2024-03-18,2,hgb_clf,0.06397019902397745,117.0
2024-03-18,3,hgb_clf,0.18283150380206575,73.7
2024-03-19,1,logistic,0.10307221740774912,117.0
2024-03-19,2,logistic,0.0769177498626128,73.7
2024-03-19,3,logistic,0.08943400454509293,69.5
2024-03-19,1,forest_clf,0.11809320215978834,117.0
2024-03-19,2,forest_clf,0.10312295490315185,73.7
2024-03-19,3,forest_clf,0.13453866254559493,69.5
2024-03-19,1,hgb_clf,0.2996828480788329,117.0
2024-03-19,2,hgb_clf,0.07317237822591048,73.7
2024-03-19,3,hgb_clf,0.12220364019787276,69.5
2024-03-20,1,logistic,0.13594717742093823,73.7
2024-03-20,2,logistic,0.11012696316583291,69.5
2024-03-20,3,logistic,0.10548233683444537,89.6
2024-03-20,1,forest_clf,0.2409561851589032,73.7
2024-03-20,2,forest_clf,0.2017868147912478,69.5
2024-03-20,3,forest_clf,0.17158376129719122,89.6
2024-03-20,1,hgb_clf,0.04795053007305029,73.7
2024-03-20,2,hgb_clf,0.050711506229676,69.5
2024-03-20,3,hgb_clf,0.039509931091574864,89.6
2024-03-21,1,logistic,0.040453610651163284,69.5
2024-03-21,2,logistic,0.040957000670790195,89.6
2024-03-21,3,logistic,0.06332060532760841,80.1
2024-03-21,1,forest_clf,0.0692829727823883,69.5
2024-03-21,2,forest_clf,0.07072367769746882,89.6
2024-03-21,3,forest_clf,0.07568680432268886,80.1
2024-03-21,1,hgb_clf,0.03669216058562051,69.5
2024-03-21,2,hgb_clf,0.016752566945216846,89.6
2024-03-21,3,hgb_clf,0.03303618648129365,80.1
2024-03-22,1,logistic,0.030295324566389475,89.6
2024-03-22,2,logistic,0.035125799868215166,80.1
2024-03-22,3,logistic,0.05794211551146161,217.0
2024-03-22,1,forest_clf,0.04389745856852003,89.6
2024-03-22,2,forest_clf,0.07826061746498737,80.1
2024-03-22,3,forest_clf,0.08257908954721647,217.0
2024-03-22,1,hgb_clf,0.01826535360423267,89.6
2024-03-22,2,hgb_clf,0.014041960957317782,80.1
2024-03-22,3,hgb_clf,0.017723274273364144,217.0
2024-03-23,1,logistic,0.057903094931036,80.1
2024-03-23,2,logistic,0.07762676067642167,217.0
2024-03-23,3,logistic,0.08190447955224121,61.9
2024-03-23,1,forest_clf,0.039038930952277166,80.1
2024-03-23,2,forest_clf,0.07006238236411656,217.0
2024-03-23,3,forest_clf,0.10217666075007516,61.9
2024-03-23,1,hgb_clf,0.011550705530159487,80.1
2024-03-23,2,hgb_clf,0.021753575705292582,217.0
2024-03-23,3,hgb_clf,0.04712237383019834,61.9
2024-03-24,1,logistic,0.049318957290757776,217.0
2024-03-24,2,logistic,0.06503663215775711,61.9
2024-03-24,3,logistic,0.07190213288117818,53.7
2024-03-24,1,forest_clf,0.04804198055395968,217.0
2024-03-24,2,forest_clf,0.07549861501627937,61.9
2024-03-24,3,forest_clf,0.08415767082186969,53.7
2024-03-24,1,hgb_clf,0.0327513626906591,217.0
2024-03-24,2,hgb_clf,0.03514091218772695,61.9
2024-03-24,3,hgb_clf,0.04215898239132173,53.7
2024-03-25,1,logistic,0.5990086212582755,61.9
2024-03-25,2,logistic,0.4147463082968539,53.7
2024-03-25,3,logistic,0.22691490059301977,59.8
2024-03-25,1,forest_clf,0.4615324788097231,61.9
2024-03-25,2,forest_clf,0.376783705563226,53.7
2024-03-25,3,forest_clf,0.20968455505277042,59.8
2024-03-25,1,hgb_clf,0.43761627847365153,61.9
2024-03-25,2,hgb_clf,0.3266195037554676,53.7
2024-03-25,3,hgb_clf,0.07145190434273478,59.8
2024-03-26,1,logistic,0.04298107285000652,53.7
2024-03-26,2,logistic,0.049000922612801964,59.8
2024-03-26,3,logistic,0.08503771659664093,61.1
2024-03-26,1,forest_clf,0.22165960796295583,53.7
2024-03-26,2,forest_clf,0.1502741245503593,59.8
2024-03-26,3,forest_clf,0.1028727155638227,61.1
2024-03-26,1,hgb_clf,0.0947694557715251,53.7
2024-03-26,2,hgb_clf,0.028050902654477943,59.8
2024-03-26,3,hgb_clf,0.03846355757622328,61.1
2024-03-27,1,logistic,0.027314066173464994,59.8
2024-03-27,2,logistic,0.04874718143483665,61.1
2024-03-27,3,logistic,0.07475860734256835,78.1
2024-03-27,1,forest_clf,0.14393858733198436,59.8
2024-03-27,2,forest_clf,0.14720402768716995,61.1
2024-03-27,3,forest_clf,0.1288767948648544,78.1
2024-03-27,1,hgb_clf,0.05355674504580408,59.8
2024-03-27,2,hgb_clf,0.01994134231726288,61.1
2024-03-27,3,hgb_clf,0.06666331339374867,78.1
2024-03-28,1,logistic,0.04180876808713229,61.1
2024-03-28,2,logistic,0.08455794888534608,78.1
2024-03-28,3,logistic,0.13344440763270562,75.7
2024-03-28,1,forest_clf,0.0664156664461619,61.1
2024-03-28,2,forest_clf,0.09014394071267574,78.1
2024-03-28,3,forest_clf,0.11053136559467606,75.7
2024-03-28,1,hgb_clf,0.03200626252251369,61.1
2024-03-28,2,hgb_clf,0.026631609131953008,78.1
2024-03-28,3,hgb_clf,0.0807397988909787,75.7
2024-03-29,1,logistic,0.05838586635865759,78.1
2024-03-29,2,logistic,0.08572133980303286,75.7
2024-03-29,3,logistic,0.1233040236470323,64.3
2024-03-29,1,forest_clf,0.07645023026017679,78.1
2024-03-29,2,forest_clf,0.09231325767763898,75.7
2024-03-29,3,forest_clf,0.10322725589523696,64.3
2024-03-29,1,hgb_clf,0.052959078426142975,78.1
2024-03-29,2,hgb_clf,0.02373436096125247,75.7
2024-03-29,3,hgb_clf,0.06180028324409363,64.3
2024-03-30,1,logistic,0.08559635492769117,75.7
2024-03-30,2,logistic,0.1303354138562405,64.3
2024-03-30,3,logistic,0.13600729666690795,59.0
2024-03-30,1,forest_clf,0.07726308728305244,75.7
2024-03-30,2,forest_clf,0.08133312918216853,64.3
2024-03-30,3,forest_clf,0.10160457565669075,59.0
2024-03-30,1,hgb_clf,0.03973198239176388,75.7
2024-03-30,2,hgb_clf,0.018918414083726468,64.3
2024-03-30,3,hgb_clf,0.2691450150069983,59.0
2024-03-31,1,logistic,0.07766885954814612,64.3
2024-03-31,2,logistic,0.1296872533040985,59.0
2024-03-31,3,logistic,0.13686914238329037,54.7
2024-03-31,1,forest_clf,0.07787223180402526,64.3
2024-03-31,2,forest_clf,0.09113302442171684,59.0
2024-03-31,3,forest_clf,0.10797794939531516,54.7
2024-03-31,1,hgb_clf,0.0232881345683621,64.3
2024-03-31,2,hgb_clf,0.03425258375031354,59.0
2024-03-31,3,hgb_clf,0.11975602198605437,54.7
2024-04-01,1,logistic,0.06944418008939487,59.0
2024-04-01,2,logistic,0.09435098217057145,54.7
2024-04-01,3,logistic,0.10885826943358824,42.5
2024-04-01,1,forest_clf,0.06872701561658777,59.0
2024-04-01,2,forest_clf,0.12771317829074788,54.7
2024-04-01,3,forest_clf,0.1327752517011881,42.5
2024-04-01,1,hgb_clf,0.06841397025850238,59.0
2024-04-01,2,hgb_clf,0.1322745069707259,54.7
2024-04-01,3,hgb_clf,0.2129947429034648,42.5
2024-04-02,1,logistic,0.046628258659764575,54.7
2024-04-02,2,logistic,0.06867222164977932,42.5
2024-04-02,3,logistic,0.10421792035476936,
2024-04-02,1,forest_clf,0.05135107257093107,54.7
2024-04-02,2,forest_clf,0.07978518193432063,42.5
2024-04-02,3,forest_clf,0.11020895592108268,
2024-04-02,1,hgb_clf,0.0752575911077079,54.7
2024-04-02,2,hgb_clf,0.19249856437419777,42.5
2024-04-02,3,hgb_clf,0.2307919976747038,
2024-04-03,1,logistic,0.040735972900157964,42.5
2024-04-03,2,logistic,0.06780297920226,
2024-04-03,3,logistic,0.10311780134580494,
2024-04-03,1,forest_clf,0.054079315173102833,42.5
2024-04-03,2,forest_clf,0.09485380243709572,
2024-04-03,3,forest_clf,0.11863669470474326,
2024-04-03,1,hgb_clf,0.09720129003913697,42.5
2024-04-03,2,hgb_clf,0.15849840565604645,
2024-04-03,3,hgb_clf,0.13968779208600213,
2024-04-04,1,logistic,,
2024-04-04,2,logistic,,
2024-04-04,3,logistic,,
2024-04-04,1,forest_clf,,
2024-04-04,2,forest_clf,,
2024-04-04,3,forest_clf,,
2024-04-04,1,hgb_clf,,
2024-04-04,2,hgb_clf,,
2024-04-04,3,hgb_clf,,
2024-04-05,1,logistic,,
2024-04-05,2,logistic,,
2024-04-05,3,logistic,,
2024-04-05,1,forest_clf,,
2024-04-05,2,forest_clf,,
2024-04-05,3,forest_clf,,
2024-04-05,1,hgb_clf,,
2024-04-05,2,hgb_clf,,
2024-04-05,3,hgb_clf,,
2024-04-06,1,logistic,,
2024-04-06,2,logistic,,
2024-04-06,3,logistic,,58.2
2024-04-06,1,forest_clf,,
2024-04-06,2,forest_clf,,
2024-04-06,3,forest_clf,,58.2
2024-04-06,1,hgb_clf,0.12265911756088782,
2024-04-06,2,hgb_clf,0.033894605228048026,
2024-04-06,3,hgb_clf,0.05665985753637779,58.2
2024-04-07,1,logistic,,
2024-04-07,2,logistic,,58.2
2024-04-07,3,logistic,,82.1
2024-04-07,1,forest_clf,,
2024-04-07,2,forest_clf,,58.2
2024-04-07,3,forest_clf,,82.1
2024-04-07,1,hgb_clf,0.04742520143566089,
2024-04-07,2,hgb_clf,0.018202765165674213,58.2
2024-04-07,3,hgb_clf,0.2067260342131081,82.1
2024-04-08,1,logistic,,58.2
2024-04-08,2,logistic,,82.1
2024-04-08,3,logistic,,71.7
2024-04-08,1,forest_clf,,58.2
2024-04-08,2,forest_clf,,82.1
2024-04-08,3,forest_clf,,71.7
2024-04-08,1,hgb_clf,0.05303089624514339,58.2
2024-04-08,2,hgb_clf,0.06162068563998629,82.1
2024-04-08,3,hgb_clf,0.09040289378962296,71.7
2024-04-09,1,logistic,,82.1
2024-04-09,2,logistic,,71.7
2024-04-09,3,logistic,,86.6
2024-04-09,1,forest_clf,,82.1
2024-04-09,2,forest_clf,,71.7
2024-04-09,3,forest_clf,,86.6
2024-04-09,1,hgb_clf,0.0440556061686441,82.1
2024-04-09,2,hgb_clf,0.04228867093590699,71.7
2024-04-09,3,hgb_clf,0.07961118483821959,86.6
2024-04-10,1,logistic,,71.7
2024-04-10,2,logistic,,86.6
2024-04-10,3,logistic,,57.6
2024-04-10,1,forest_clf,,71.7
2024-04-10,2,forest_clf,,86.6
2024-04-10,3,forest_clf,,57.6
2024-04-10,1,hgb_clf,0.049031954549259314,71.7
2024-04-10,2,hgb_clf,0.11052801591627553,86.6
2024-04-10,3,hgb_clf,0.08727289767224897,57.6
2024-04-11,1,logistic,,86.6
2024-04-11,2,logistic,,57.6
2024-04-11,3,logistic,,44.6
2024-04-11,1,forest_clf,,86.6
2024-04-11,2,forest_clf,,57.6
2024-04-11,3,forest_clf,,44.6
2024-04-11,1,hgb_clf,0.09984908167574856,86.6
2024-04-11,2,hgb_clf,0.12192644016439226,57.6
2024-04-11,3,hgb_clf,0.05108432522145633,44.6
2024-04-12,1,logistic,,57.6
2024-04-12,2,logistic,,44.6
2024-04-12,3,logistic,,85.5
2024-04-12,1,forest_clf,,57.6
2024-04-12,2,forest_clf,,44.6
2024-04-12,3,forest_clf,,85.5
2024-04-12,1,hgb_clf,0.0344344747006011,57.6
2024-04-12,2,hgb_clf,0.1881724306856841,44.6
2024-04-12,3,hgb_clf,0.15223699887037168,85.5
2024-04-13,1,logistic,,44.6
2024-04-13,2,logistic,,85.5
2024-04-13,3,logistic,,40.0
2024-04-13,1,forest_clf,,44.6
2024-04-13,2,forest_clf,,85.5
2024-04-13,3,forest_clf,,40.0
2024-04-13,1,hgb_clf,0.07027928269722883,44.6
2024-04-13,2,hgb_clf,0.41132733509995895,85.5
2024-04-13,3,hgb_clf,0.1807126438531921,40.0
2024-04-14,1,logistic,,85.5
2024-04-14,2,logistic,,40.0
2024-04-14,3,logistic,,36.5
2024-04-14,1,forest_clf,,85.5
2024-04-14,2,forest_clf,,40.0
2024-04-14,3,forest_clf,,36.5
2024-04-14,1,hgb_clf,0.04747292605798874,85.5
2024-04-14,2,hgb_clf,0.19614033810104833,40.0
2024-04-14,3,hgb_clf,0.1690217676710149,36.5
2024-04-15,1,logistic,,40.0
2024-04-15,2,logistic,,36.5
2024-04-15,3,logistic,,60.9
2024-04-15,1,forest_clf,,40.0
2024-04-15,2,forest_clf,,36.5
2024-04-15,3,forest_clf,,60.9
2024-04-15,1,hgb_clf,0.051948046423728064,40.0
2024-04-15,2,hgb_clf,0.13325397228579752,36.5
2024-04-15,3,hgb_clf,0.13755780669055898,60.9
2024-04-16,1,logistic,0.03951380267863698,36.5
2024-04-16,2,logistic,0.07644821694037103,60.9
2024-04-16,3,logistic,0.11809298111402478,46.6
2024-04-16,1,forest_clf,0.04023744343990829,36.5
2024-04-16,2,forest_clf,0.03898722654784266,60.9
2024-04-16,3,forest_clf,0.05494896414165473,46.6
2024-04-16,1,hgb_clf,0.044632179888503,36.5
2024-04-16,2,hgb_clf,0.04323240704551366,60.9
2024-04-16,3,hgb_clf,0.06929891787253191,46.6
2024-04-17,1,logistic,0.03420396427145479,60.9
2024-04-17,2,logistic,0.07840464184237207,46.6
2024-04-17,3,logistic,0.10958279361986563,
2024-04-17,1,forest_clf,0.03362737194806017,60.9
2024-04-17,2,forest_clf,0.02446999347699654,46.6
2024-04-17,3,forest_clf,0.06525329502709659,
2024-04-17,1,hgb_clf,0.030531747548704913,60.9
2024-04-17,2,hgb_clf,0.03179872384440317,46.6
2024-04-17,3,hgb_clf,0.09090506493539219,
2024-04-18,1,logistic,0.055644949641461716,46.6
2024-04-18,2,logistic,0.12276739332576307,
2024-04-18,3,logistic,0.1507288515566214,17.0
2024-04-18,1,forest_clf,0.03823235717494829,46.6
2024-04-18,2,forest_clf,0.043585916936226925,
2024-04-18,3,forest_clf,0.05119353051744536,17.0
2024-04-18,1,hgb_clf,0.032302524766884555,46.6
2024-04-18,2,hgb_clf,0.11925475305732632,
2024-04-18,3,hgb_clf,0.07432511967729193,17.0
2024-04-19,1,logistic,0.04717459751455806,
2024-04-19,2,logistic,0.1052269689759277,17.0
2024-04-19,3,logistic,0.12945008621123325,38.0
2024-04-19,1,forest_clf,0.012511227243270563,
2024-04-19,2,forest_clf,0.02819752189604609,17.0
2024-04-19,3,forest_clf,0.051648270423224396,38.0
2024-04-19,1,hgb_clf,0.05766855367865041,
2024-04-19,2,hgb_clf,0.06717505594125504,17.0
2024-04-19,3,hgb_clf,0.07714274476789741,38.0
2024-04-20,1,logistic,,17.0
2024-04-20,2,logistic,,38.0
2024-04-20,3,logistic,,47.6
2024-04-20,1,forest_clf,,17.0
2024-04-20,2,forest_clf,,38.0
2024-04-20,3,forest_clf,,47.6
2024-04-20,1,hgb_clf,0.08728302100057583,17.0
2024-04-20,2,hgb_clf,0.11972436015146988,38.0
2024-04-20,3,hgb_clf,0.1316046296100317,47.6
2024-04-21,1,logistic,,38.0
2024-04-21,2,logistic,,47.6
2024-04-21,3,logistic,,51.1
2024-04-21,1,forest_clf,,38.0
2024-04-21,2,forest_clf,,47.6
2024-04-21,3,forest_clf,,51.1
2024-04-21,1,hgb_clf,0.02627028677845028,38.0
2024-04-21,2,hgb_clf,0.04800884914323966,47.6
2024-04-21,3,hgb_clf,0.05254429052019288,51.1
2024-04-22,1,logistic,,47.6
2024-04-22,2,logistic,,51.1
2024-04-22,3,logistic,,77.2
2024-04-22,1,forest_clf,,47.6
2024-04-22,2,forest_clf,,51.1
2024-04-22,3,forest_clf,,77.2
2024-04-22,1,hgb_clf,0.016346484560733794,47.6
2024-04-22,2,hgb_clf,0.028457266449184965,51.1
2024-04-22,3,hgb_clf,0.11486780341753824,77.2
2024-04-23,1,logistic,,51.1
2024-04-23,2,logistic,,77.2
2024-04-23,3,logistic,,53.7
2024-04-23,1,forest_clf,,51.1
2024-04-23,2,forest_clf,,77.2
2024-04-23,3,forest_clf,,53.7
2024-04-23,1,hgb_clf,0.012308174350984039,51.1
2024-04-23,2,hgb_clf,0.06608834758532886,77.2
2024-04-23,3,hgb_clf,0.07998775232768972,53.7
2024-04-24,1,logistic,0.05343234546641245,77.2
2024-04-24,2,logistic,0.05335474495951446,53.7
2024-04-24,3,logistic,0.07386908518032047,50.9
2024-04-24,1,forest_clf,0.011548213246801694,77.2
2024-04-24,2,forest_clf,0.028275947109705137,53.7
2024-04-24,3,forest_clf,0.03920952739162007,50.9
2024-04-24,1,hgb_clf,0.006373088986310423,77.2
2024-04-24,2,hgb_clf,0.027654910522452416,53.7
2024-04-24,3,hgb_clf,0.06181504718087489,50.9
2024-04-25,1,logistic,0.09186348390741551,53.7
2024-04-25,2,logistic,0.10836443989881867,50.9
2024-04-25,3,logistic,0.11119776722868678,48.5
2024-04-25,1,forest_clf,0.0480404804319734,53.7
2024-04-25,2,forest_clf,0.0712695458783816,50.9
2024-04-25,3,forest_clf,0.04125415831702876,48.5
2024-04-25,1,hgb_clf,0.03510894891208309,53.7
2024-04-25,2,hgb_clf,0.06164700226216121,50.9
2024-04-25,3,hgb_clf,0.06670492063651863,48.5
2024-04-26,1,logistic,0.0538955387930068,50.9
2024-04-26,2,logistic,0.06273673421402835,48.5
2024-04-26,3,logistic,0.08014240222946695,69.9
2024-04-26,1,forest_clf,0.008418551110689275,50.9
2024-04-26,2,forest_clf,0.020706351160212914,48.5
2024-04-26,3,forest_clf,0.03699290075660156,69.9
2024-04-26,1,hgb_clf,0.030762343919014997,50.9
2024-04-26,2,hgb_clf,0.04459275192678731,48.5
2024-04-26,3,hgb_clf,0.04217761868080687,69.9
2024-04-27,1,logistic,,48.5
2024-04-27,2,logistic,,69.9
2024-04-27,3,logistic,,51.9
2024-04-27,1,forest_clf,,48.5
2024-04-27,2,forest_clf,,69.9
2024-04-27,3,forest_clf,,51.9
2024-04-27,1,hgb_clf,0.012482510683554346,48.5
2024-04-27,2,hgb_clf,0.03442989010177299,69.9
2024-04-27,3,hgb_clf,0.08268459695931304,51.9
2024-04-28,1,logistic,0.04697223578697085,69.9
2024-04-28,2,logistic,0.11524652659926829,51.9
2024-04-28,3,logistic,0.13458427088013739,59.9
2024-04-28,1,forest_clf,0.009005946653607997,69.9
2024-04-28,2,forest_clf,0.05069383503796215,51.9
2024-04-28,3,forest_clf,0.024723016985119108,59.9
2024-04-28,1,hgb_clf,0.012093194502341085,69.9
2024-04-28,2,hgb_clf,0.0765435799092799,51.9
2024-04-28,3,hgb_clf,0.03928343155623521,59.9
2024-04-29,1,logistic,0.09838556966606021,51.9
2024-04-29,2,logistic,0.14225834419742206,59.9
2024-04-29,3,logistic,0.1703669641694127,69.9
2024-04-29,1,forest_clf,0.0321759416871801,51.9
2024-04-29,2,forest_clf,0.056159259921492705,59.9
2024-04-29,3,forest_clf,0.023897242320990983,69.9
2024-04-29,1,hgb_clf,0.006163961254257877,51.9
2024-04-29,2,hgb_clf,0.059478307190947946,59.9
2024-04-29,3,hgb_clf,0.05042942086517505,69.9
2024-04-30,1,logistic,0.06451900045358336,59.9
2024-04-30,2,logistic,0.09192423232266672,69.9
2024-04-30,3,logistic,0.1251016076976113,155.0
2024-04-30,1,forest_clf,0.006464370250338295,59.9
2024-04-30,2,forest_clf,0.01297903451317637,69.9
2024-04-30,3,forest_clf,0.02061930597985249,155.0
2024-04-30,1,hgb_clf,0.005344146260970025,59.9
2024-04-30,2,hgb_clf,0.05026756635499313,69.9
2024-04-30,3,hgb_clf,0.04016278276343037,155.0
2024-05-01,1,logistic,0.07683648257378334,69.9
2024-05-01,2,logistic,0.12625201443811182,155.0
2024-05-01,3,logistic,0.14883076206504586,130.0
2024-05-01,1,forest_clf,0.007739165574271623,69.9
2024-05-01,2,forest_clf,0.024079449871228776,155.0
2024-05-01,3,forest_clf,0.03260453360524133,130.0
2024-05-01,1,hgb_clf,0.00675414196099104,69.9
2024-05-01,2,hgb_clf,0.057310330146297266,155.0
2024-05-01,3,hgb_clf,0.067595602577324,130.0
2024-05-02,1,logistic,0.08909514942110225,155.0
2024-05-02,2,logistic,0.1603237457757265,130.0
2024-05-02,3,logistic,0.1652644824036792,130.0
2024-05-02,1,forest_clf,0.015366051348326049,155.0
2024-05-02,2,forest_clf,0.044600976365076477,130.0
2024-05-02,3,forest_clf,0.021244481526604738,130.0
2024-05-02,1,hgb_clf,0.009687699249788111,155.0
2024-05-02,2,hgb_clf,0.0622434247629202,130.0
2024-05-02,3,hgb_clf,0.044823442990914564,130.0
2024-05-03,1,logistic,0.4448687730682819,130.0
2024-05-03,2,logistic,0.5888744855486315,130.0
2024-05-03,3,logistic,0.46397714414468283,132.0
2024-05-03,1,forest_clf,0.4888166786354164,130.0
2024-05-03,2,forest_clf,0.3458008498209582,130.0
2024-05-03,3,forest_clf,0.24097363182685386,132.0
2024-05-03,1,hgb_clf,0.38364697248202967,130.0
2024-05-03,2,hgb_clf,0.2794865564319686,130.0
2024-05-03,3,hgb_clf,0.20239156205073053,132.0
2024-05-04,1,logistic,0.3669899814826622,130.0
2024-05-04,2,logistic,0.4997267315464039,132.0
2024-05-04,3,logistic,0.40733637735593387,146.0
2024-05-04,1,forest_clf,0.5057097193438441,130.0
2024-05-04,2,forest_clf,0.3480915570856105,132.0
2024-05-04,3,forest_clf,0.2905917732138495,146.0
2024-05-04,1,hgb_clf,0.11829746088840944,130.0
2024-05-04,2,hgb_clf,0.27737658971879786,132.0
2024-05-04,3,hgb_clf,0.19589365881105125,146.0
2024-05-05,1,logistic,0.4709469488145308,132.0
2024-05-05,2,logistic,0.571510597375328,146.0
2024-05-05,3,logistic,0.46581909457324977,84.5
2024-05-05,1,forest_clf,0.566638310610142,132.0
2024-05-05,2,forest_clf,0.43659025044996225,146.0
2024-05-05,3,forest_clf,0.3959984537261484,84.5
2024-05-05,1,hgb_clf,0.12608730478645636,132.0
2024-05-05,2,hgb_clf,0.3090288219555533,146.0
2024-05-05,3,hgb_clf,0.3525544057908371,84.5
2024-05-06,1,logistic,0.5358933082906899,146.0
2024-05-06,2,logistic,0.5106855042986161,84.5
2024-05-06,3,logistic,0.49776319689430415,57.7
2024-05-06,1,forest_clf,0.5646172042846278,146.0
2024-05-06,2,forest_clf,0.45301568202260517,84.5
2024-05-06,3,forest_clf,0.4181139386246561,57.7
2024-05-06,1,hgb_clf,0.38134855759118347,146.0
2024-05-06,2,hgb_clf,0.4439005889276056,84.5
2024-05-06,3,hgb_clf,0.36425600508447475,57.7
2024-05-07,1,logistic,0.6129960286136816,84.5
2024-05-07,2,logistic,0.5290806396012419,57.7
2024-05-07,3,logistic,0.4991823127701594,70.8
2024-05-07,1,forest_clf,0.6452862946139034,84.5
2024-05-07,2,forest_clf,0.5323139148631083,57.7
2024-05-07,3,forest_clf,0.4624913094206592,70.8
2024-05-07,1,hgb_clf,0.4225745306150629,84.5
2024-05-07,2,hgb_clf,0.517479849572256,57.7
2024-05-07,3,hgb_clf,0.4086234660775761,70.8
2024-05-08,1,logistic,0.232774013219907,57.7
2024-05-08,2,logistic,0.2599123161000791,70.8
2024-05-08,3,logistic,0.31437924684617424,65.5
2024-05-08,1,forest_clf,0.2938911310890448,57.7
2024-05-08,2,forest_clf,0.4138230716176162,70.8
2024-05-08,3,forest_clf,0.34428650171783415,65.5
2024-05-08,1,hgb_clf,0.12611992004721184,57.7
2024-05-08,2,hgb_clf,0.20580361592118251,70.8
2024-05-08,3,hgb_clf,0.32522638976623747,65.5
2024-05-09,1,logistic,0.10889946785334598,70.8
2024-05-09,2,logistic,0.170183726697783,65.5
2024-05-09,3,logistic,0.23173144631518153,74.7
2024-05-09,1,forest_clf,0.18828857763127652,70.8
2024-05-09,2,forest_clf,0.3673212435704869,65.5
2024-05-09,3,forest_clf,0.31298482394897076,74.7
2024-05-09,1,hgb_clf,0.17500681463908793,70.8
2024-05-09,2,hgb_clf,0.16569928452191823,65.5
2024-05-09,3,hgb_clf,0.22372462724746903,74.7
2024-05-10,1,logistic,0.14930447492953303,65.5
2024-05-10,2,logistic,0.2339736574714409,74.7
2024-05-10,3,logistic,0.2592041061736805,77.4
2024-05-10,1,forest_clf,0.10052329436474404,65.5
2024-05-10,2,forest_clf,0.3440005777178717,74.7
2024-05-10,3,forest_clf,0.33027228419750343,77.4
2024-05-10,1,hgb_clf,0.03023754206223673,65.5
2024-05-10,2,hgb_clf,0.23451787187770076,74.7
2024-05-10,3,hgb_clf,0.2898489575471792,77.4
2024-05-11,1,logistic,0.14939993890339998,74.7
2024-05-11,2,logistic,0.24109627606388018,77.4
2024-05-11,3,logistic,0.24244382424041463,98.9
2024-05-11,1,forest_clf,0.09149001147191171,74.7
2024-05-11,2,forest_clf,0.29256651451987303,77.4
2024-05-11,3,forest_clf,0.27975992504961694,98.9
2024-05-11,1,hgb_clf,0.03587622417878854,74.7
2024-05-11,2,hgb_clf,0.19598988132970355,77.4
2024-05-11,3,hgb_clf,0.17454558334448694,98.9
2024-05-12,1,logistic,0.17483455511522789,77.4
2024-05-12,2,logistic,0.2642338028088356,98.9
2024-05-12,3,logistic,0.23771454891299268,108.0
2024-05-12,1,forest_clf,0.06347384873485691,77.4
2024-05-12,2,forest_clf,0.19292409673266323,98.9
2024-05-12,3,forest_clf,0.20640969655891056,108.0
2024-05-12,1,hgb_clf,0.08825740282448763,77.4
2024-05-12,2,hgb_clf,0.11754279709042553,98.9
2024-05-12,3,hgb_clf,0.2613889756021117,108.0
2024-05-13,1,logistic,0.2025143648254831,98.9
2024-05-13,2,logistic,0.1959404119390822,108.0
2024-05-13,3,logistic,0.21889835803034888,99.4
2024-05-13,1,forest_clf,0.060748119976222544,98.9
2024-05-13,2,forest_clf,0.19626148298002494,108.0
2024-05-13,3,forest_clf,0.18958378276213572,99.4
2024-05-13,1,hgb_clf,0.06579401548223798,98.9
2024-05-13,2,hgb_clf,0.14242273278442513,108.0
2024-05-13,3,hgb_clf,0.24611350192148151,99.4
2024-05-14,1,logistic,0.2462797633117895,108.0
2024-05-14,2,logistic,0.22571409337124787,99.4
2024-05-14,3,logistic,0.20200174151795428,83.1
2024-05-14,1,forest_clf,0.14784707588474683,108.0
2024-05-14,2,forest_clf,0.30315401125940106,99.4
2024-05-14,3,forest_clf,0.20902838967530132,83.1
2024-05-14,1,hgb_clf,0.2010669219461096,108.0
2024-05-14,2,hgb_clf,0.24391784672825148,99.4
2024-05-14,3,hgb_clf,0.2739123744439796,83.1
2024-05-15,1,logistic,0.27159979294220776,99.4
2024-05-15,2,logistic,0.23568350670568752,83.1
2024-05-15,3,logistic,0.21950613805390587,88.7
2024-05-15,1,forest_clf,0.3290882249342836,99.4
2024-05-15,2,forest_clf,0.22298839525145503,83.1
2024-05-15,3,forest_clf,0.23402434875790454,88.7
2024-05-15,1,hgb_clf,0.36314155601799125,99.4
2024-05-15,2,hgb_clf,0.19923786243523708,83.1
2024-05-15,3,hgb_clf,0.269112147236885,88.7
2024-05-16,1,logistic,0.25709952556179677,83.1
2024-05-16,2,logistic,0.2229377059519435,88.7
2024-05-16,3,logistic,0.2193884664992306,74.7
2024-05-16,1,forest_clf,0.23203411723014322,83.1
2024-05-16,2,forest_clf,0.25738928044276205,88.7
2024-05-16,3,forest_clf,0.2054841924936903,74.7
2024-05-16,1,hgb_clf,0.25558535569465507,83.1
2024-05-16,2,hgb_clf,0.20795399983375984,88.7
2024-05-16,3,hgb_clf,0.2688599702303582,74.7
2024-05-17,1,logistic,0.1669220610246382,88.7
2024-05-17,2,logistic,0.17957843146794758,74.7
2024-05-17,3,logistic,0.18500786650558793,74.3
2024-05-17,1,forest_clf,0.11451963614016859,88.7
2024-05-17,2,forest_clf,0.15602039310819282,74.7
2024-05-17,3,forest_clf,0.16911252516455286,74.3
2024-05-17,1,hgb_clf,0.0619919891226603,88.7
2024-05-17,2,hgb_clf,0.13135424735577336,74.7
2024-05-17,3,hgb_clf,0.2947154845887491,74.3
2024-05-18,1,logistic,0.18231439574103864,74.7
2024-05-18,2,logistic,0.23084639325314768,74.3
2024-05-18,3,logistic,0.19928470202880913,78.9
2024-05-18,1,forest_clf,0.08059158090786102,74.7
2024-05-18,2,forest_clf,0.2262877170249501,74.3
2024-05-18,3,forest_clf,0.16728121388699183,78.9
2024-05-18,1,hgb_clf,0.09847045806476697,74.7
2024-05-18,2,hgb_clf,0.2217788682886723,74.3
2024-05-18,3,hgb_clf,0.2785416518723241,78.9
2024-05-19,1,logistic,0.13718801100103978,74.3
2024-05-19,2,logistic,0.19291288395564826,78.9
2024-05-19,3,logistic,0.17289798670462814,75.9
2024-05-19,1,forest_clf,0.1087728505930137,74.3
2024-05-19,2,forest_clf,0.1620756980416,78.9
2024-05-19,3,forest_clf,0.13309486105146898,75.9
2024-05-19,1,hgb_clf,0.12101579159449698,74.3
2024-05-19,2,hgb_clf,0.13159952780008183,78.9
2024-05-19,3,hgb_clf,0.2599232857995998,75.9
2024-05-20,1,logistic,0.16709685577650443,78.9
2024-05-20,2,logistic,0.14443145373131736,75.9
2024-05-20,3,logistic,0.16217631158310614,53.6
2024-05-20,1,forest_clf,0.05503874609915331,78.9
2024-05-20,2,forest_clf,0.1605068221396425,75.9
2024-05-20,3,forest_clf,0.14974931963956267,53.6
2024-05-20,1,hgb_clf,0.09184505919385542,78.9
2024-05-20,2,hgb_clf,0.14685975074771473,75.9
2024-05-20,3,hgb_clf,0.2975942704268723,53.6
2024-05-21,1,logistic,0.17923682472135366,75.9
2024-05-21,2,logistic,0.1637219083776528,53.6
2024-05-21,3,logistic,0.17034623540018526,50.5
2024-05-21,1,forest_clf,0.048445908531890576,75.9
2024-05-21,2,forest_clf,0.18305398049811555,53.6
2024-05-21,3,forest_clf,0.13368515657016103,50.5
2024-05-21,1,hgb_clf,0.24035298340860822,75.9
2024-05-21,2,hgb_clf,0.1863742450810822,53.6
2024-05-21,3,hgb_clf,0.2482184988033953,50.5
2024-05-22,1,logistic,0.16174495983985307,53.6
2024-05-22,2,logistic,0.1498579863729898,50.5
2024-05-22,3,logistic,0.14956300021923402,55.0
2024-05-22,1,forest_clf,0.04191005456700932,53.6
2024-05-22,2,forest_clf,0.17177224249001835,50.5
2024-05-22,3,forest_clf,0.14666008247002146,55.0
2024-05-22,1,hgb_clf,0.22582036899918673,53.6
2024-05-22,2,hgb_clf,0.17808004399333,50.5
2024-05-22,3,hgb_clf,0.2343363899654454,55.0
2024-05-23,1,logistic,0.08094310885802937,50.5
2024-05-23,2,logistic,0.09023932543162969,55.0
2024-05-23,3,logistic,0.10301847419590039,67.0
2024-05-23,1,forest_clf,0.0180217834647533,50.5
2024-05-23,2,forest_clf,0.12252275240795696,55.0
2024-05-23,3,forest_clf,0.11262558407089739,67.0
2024-05-23,1,hgb_clf,0.05375985489781136,50.5
2024-05-23,2,hgb_clf,0.1317830969894552,55.0
2024-05-23,3,hgb_clf,0.12546117317480524,67.0
2024-05-24,1,logistic,0.06523098277853752,55.0
2024-05-24,2,logistic,0.0798926667919475,67.0
2024-05-24,3,logistic,0.09370622826267119,80.5
2024-05-24,1,forest_clf,0.017622220194889956,55.0
2024-05-24,2,forest_clf,0.08931366668932887,67.0
2024-05-24,3,forest_clf,0.1116831266788329,80.5
2024-05-24,1,hgb_clf,0.025256607915867087,55.0
2024-05-24,2,hgb_clf,0.08888004431669416,67.0
2024-05-24,3,hgb_clf,0.133863412150132,80.5
2024-05-25,1,logistic,0.07413058537468971,67.0
2024-05-25,2,logistic,0.10502750933894617,80.5
2024-05-25,3,logistic,0.09995738470470085,82.0
2024-05-25,1,forest_clf,0.012141282954598893,67.0
2024-05-25,2,forest_clf,0.09393801906714254,80.5
2024-05-25,3,forest_clf,0.07928260867591422,82.0
2024-05-25,1,hgb_clf,0.061360841069244505,67.0
2024-05-25,2,hgb_clf,0.1624799051873152,80.5
2024-05-25,3,hgb_clf,0.10400963198489699,82.0
2024-05-26,1,logistic,0.08747062672322581,80.5
2024-05-26,2,logistic,0.11537262896891333,82.0
2024-05-26,3,logistic,0.0994319541743487,72.2
2024-05-26,1,forest_clf,0.031813393902392566,80.5
2024-05-26,2,forest_clf,0.08996898688792122,82.0
2024-05-26,3,forest_clf,0.06543658010492646,72.2
2024-05-26,1,hgb_clf,0.0674105390099421,80.5
2024-05-26,2,hgb_clf,0.10150007882415994,82.0
2024-05-26,3,hgb_clf,0.09778948618143503,72.2
2024-05-27,1,logistic,0.13640568261895264,82.0
2024-05-27,2,logistic,0.09870240949410002,72.2
2024-05-27,3,logistic,0.10217084779229607,54.2
2024-05-27,1,forest_clf,0.04487963262623177,82.0
2024-05-27,2,forest_clf,0.09106119147807146,72.2
2024-05-27,3,forest_clf,0.06043690177241996,54.2
2024-05-27,1,hgb_clf,0.07696800164410653,82.0
2024-05-27,2,hgb_clf,0.0964086566850844,72.2
2024-05-27,3,hgb_clf,0.10773117237777628,54.2
2024-05-28,1,logistic,0.1421458976624784,72.2
2024-05-28,2,logistic,0.10503596723308622,54.2
2024-05-28,3,logistic,0.10317185404413862,49.6
2024-05-28,1,forest_clf,0.054107452499353795,72.2
2024-05-28,2,forest_clf,0.1232359450671672,54.2
2024-05-28,3,forest_clf,0.08363801223055489,49.6
2024-05-28,1,hgb_clf,0.1414811958560611,72.2
2024-05-28,2,hgb_clf,0.12415585462567257,54.2
2024-05-28,3,hgb_clf,0.14002738866780218,49.6
2024-05-29,1,logistic,0.11387016762644456,54.2
2024-05-29,2,logistic,0.09283801253697345,49.6
2024-05-29,3,logistic,0.09478143880689677,70.9
2024-05-29,1,forest_clf,0.04128000918700854,54.2
2024-05-29,2,forest_clf,0.08870030480040958,49.6
2024-05-29,3,forest_clf,0.07486713612482929,70.9
2024-05-29,1,hgb_clf,0.1301622231391184,54.2
2024-05-29,2,hgb_clf,0.1818230563177999,49.6
2024-05-29,3,hgb_clf,0.12086418021972124,70.9
2024-05-30,1,logistic,0.062339095355706906,49.6
2024-05-30,2,logistic,0.061133523662449334,70.9
2024-05-30,3,logistic,0.07274834481092825,37.7
2024-05-30,1,forest_clf,0.02048798005418555,49.6
2024-05-30,2,forest_clf,0.07922890277084785,70.9
2024-05-30,3,forest_clf,0.074095088233313,37.7
2024-05-30,1,hgb_clf,0.0272202964856134,49.6
2024-05-30,2,hgb_clf,0.13604424868482523,70.9
2024-05-30,3,hgb_clf,0.0924883224770939,37.7
2024-05-31,1,logistic,0.051385781999253685,70.9
2024-05-31,2,logistic,0.05549361967806921,37.7
2024-05-31,3,logistic,0.06697760407926824,48.5
2024-05-31,1,forest_clf,0.021919843345660342,70.9
2024-05-31,2,forest_clf,0.07986699355248801,37.7
2024-05-31,3,forest_clf,0.07611319464233804,48.5
2024-05-31,1,hgb_clf,0.018901333506749135,70.9
2024-05-31,2,hgb_clf,0.13618018137621485,37.7
2024-05-31,3,hgb_clf,0.10884172257550014,48.5
2024-06-01,1,logistic,0.07832894988573182,37.7
2024-06-01,2,logistic,0.10048045305388885,48.5
2024-06-01,3,logistic,0.08630314248950444,71.1
2024-06-01,1,forest_clf,0.05301878661282791,37.7
2024-06-01,2,forest_clf,0.10694949182698948,48.5
2024-06-01,3,forest_clf,0.049599223976176575,71.1
2024-06-01,1,hgb_clf,0.04244126096952296,37.7
2024-06-01,2,hgb_clf,0.17464597711178853,48.5
2024-06-01,3,hgb_clf,0.052843758526104255,71.1
2024-06-02,1,logistic,0.033633304926173765,48.5
2024-06-02,2,logistic,0.04926220876080317,71.1
2024-06-02,3,logistic,0.051955935085140494,66.2
2024-06-02,1,forest_clf,0.01541018177898689,48.5
2024-06-02,2,forest_clf,0.03763795388368363,71.1
2024-06-02,3,forest_clf,0.05823744378406631,66.2
2024-06-02,1,hgb_clf,0.012005545082833996,48.5
2024-06-02,2,hgb_clf,0.05876614875002499,71.1
2024-06-02,3,hgb_clf,0.031765032520636144,66.2
2024-06-03,1,logistic,0.04927236258279578,71.1
2024-06-03,2,logistic,0.04266558610639002,66.2
2024-06-03,3,logistic,0.052256845433758706,57.2
2024-06-03,1,forest_clf,0.017549340751531414,71.1
2024-06-03,2,forest_clf,0.023858704286476247,66.2
2024-06-03,3,forest_clf,0.03980035847263096,57.2
2024-06-03,1,hgb_clf,0.014941445190023233,71.1
2024-06-03,2,hgb_clf,0.07606675922510359,66.2
2024-06-03,3,hgb_clf,0.08468271767223248,57.2
2024-06-04,1,logistic,0.06826029544304302,66.2
2024-06-04,2,logistic,0.061815349718089836,57.2
2024-06-04,3,logistic,0.06290438942054298,109.0
2024-06-04,1,forest_clf,0.053568777423681185,66.2
2024-06-04,2,forest_clf,0.0639878449930437,57.2
2024-06-04,3,forest_clf,0.03610383253023599,109.0
2024-06-04,1,hgb_clf,0.06824742031805112,66.2
2024-06-04,2,hgb_clf,0.1650844492707671,57.2
2024-06-04,3,hgb_clf,0.048222481593874045,109.0
2024-06-05,1,logistic,0.0660063478456488,57.2
2024-06-05,2,logistic,0.056018527468976106,109.0
2024-06-05,3,logistic,0.05669847830019336,59.8
2024-06-05,1,forest_clf,0.03127001228682571,57.2
2024-06-05,2,forest_clf,0.0462705334833732,109.0
2024-06-05,3,forest_clf,0.037159532670634696,59.8
2024-06-05,1,hgb_clf,0.09880602662773373,57.2
2024-06-05,2,hgb_clf,0.1108278339894536,109.0
2024-06-05,3,hgb_clf,0.0501041305899777,59.8
2024-06-06,1,logistic,0.04910800968558496,109.0
2024-06-06,2,logistic,0.04177808573765404,59.8
2024-06-06,3,logistic,0.04716735007216729,46.2
2024-06-06,1,forest_clf,0.010709330793983573,109.0
2024-06-06,2,forest_clf,0.03594062727658254,59.8
2024-06-06,3,forest_clf,0.052176800535174823,46.2
2024-06-06,1,hgb_clf,0.031363737047626246,109.0
2024-06-06,2,hgb_clf,0.08674229111374403,59.8
2024-06-06,3,hgb_clf,0.06419554012860115,46.2
2024-06-07,1,logistic,0.1309874912490735,59.8
2024-06-07,2,logistic,0.14173336535250763,46.2
2024-06-07,3,logistic,0.10218168807111118,40.4
2024-06-07,1,forest_clf,0.4027107501798499,59.8
2024-06-07,2,forest_clf,0.2807668752124421,46.2
2024-06-07,3,forest_clf,0.19085881603614713,40.4
2024-06-07,1,hgb_clf,0.26288691702289674,59.8
2024-06-07,2,hgb_clf,0.22660752050770688,46.2
2024-06-07,3,hgb_clf,0.1583474062247368,40.4
2024-06-08,1,logistic,0.041934891156208104,46.2
2024-06-08,2,logistic,0.047698986895919185,40.4
2024-06-08,3,logistic,0.04339441597291876,83.3
2024-06-08,1,forest_clf,0.16015723657719277,46.2
2024-06-08,2,forest_clf,0.07822703459143027,40.4
2024-06-08,3,forest_clf,0.12295112110191758,83.3
2024-06-08,1,hgb_clf,0.15095224332331397,46.2
2024-06-08,2,hgb_clf,0.12877899874473162,40.4
2024-06-08,3,hgb_clf,0.10816094471212866,83.3
2024-06-09,1,logistic,0.025942474116415707,40.4
2024-06-09,2,logistic,0.0329668237752997,83.3
2024-06-09,3,logistic,0.03306862028297376,87.5
2024-06-09,1,forest_clf,0.06646923391810207,40.4
2024-06-09,2,forest_clf,0.08102101183596973,83.3
2024-06-09,3,forest_clf,0.18828337666697895,87.5
2024-06-09,1,hgb_clf,0.028310029295168047,40.4
2024-06-09,2,hgb_clf,0.04578252314311591,83.3
2024-06-09,3,hgb_clf,0.12992568765066517,87.5
2024-06-10,1,logistic,0.02891790550249406,83.3
2024-06-10,2,logistic,0.02385468996836256,87.5
2024-06-10,3,logistic,0.03581274318267877,79.2
2024-06-10,1,forest_clf,0.017877666471968933,83.3
2024-06-10,2,forest_clf,0.08679724707050085,87.5
2024-06-10,3,forest_clf,0.1417804844411828,79.2
2024-06-10,1,hgb_clf,0.037073402173846706,83.3
2024-06-10,2,hgb_clf,0.09036152605859797,87.5
2024-06-10,3,hgb_clf,0.21277538048726763,79.2
2024-06-11,1,logistic,0.07432572271314243,87.5
2024-06-11,2,logistic,0.06265315074067544,79.2
2024-06-11,3,logistic,0.0578247019085394,67.4
2024-06-11,1,forest_clf,0.1327045853571629,87.5
2024-06-11,2,forest_clf,0.1548940765871916,79.2
2024-06-11,3,forest_clf,0.12164134363141149,67.4
2024-06-11,1,hgb_clf,0.19017138238270806,87.5
2024-06-11,2,hgb_clf,0.15958013440580868,79.2
2024-06-11,3,hgb_clf,0.15439583437638232,67.4
2024-06-12,1,logistic,0.08044821591001937,79.2
2024-06-12,2,logistic,0.0648993002134825,67.4
2024-06-12,3,logistic,0.05797002953649269,42.8
2024-06-12,1,forest_clf,0.08753016107184759,79.2
2024-06-12,2,forest_clf,0.17183892199456433,67.4
2024-06-12,3,forest_clf,0.1496745779470683,42.8
2024-06-12,1,hgb_clf,0.31227199410687906,79.2
2024-06-12,2,hgb_clf,0.14956289218536387,67.4
2024-06-12,3,hgb_clf,0.14576590293385133,42.8
2024-06-13,1,logistic,0.08590809823950905,67.4
2024-06-13,2,logistic,0.06541087730970997,42.8
2024-06-13,3,logistic,0.05970427949210739,75.4
2024-06-13,1,forest_clf,0.03622762908014119,67.4
2024-06-13,2,forest_clf,0.09375480498408258,42.8
2024-06-13,3,forest_clf,0.12448850219069246,75.4
2024-06-13,1,hgb_clf,0.092176962428866,67.4
2024-06-13,2,hgb_clf,0.09106913847563129,42.8
2024-06-13,3,hgb_clf,0.21118783970765287,75.4
2024-06-14,1,logistic,0.049140172628113446,42.8
2024-06-14,2,logistic,0.04806436030864253,75.4
2024-06-14,3,logistic,0.04247736712663473,69.6
2024-06-14,1,forest_clf,0.018231708056354594,42.8
2024-06-14,2,forest_clf,0.11069447782667091,75.4
2024-06-14,3,forest_clf,0.09526694368494165,69.6
2024-06-14,1,hgb_clf,0.07739992755293792,42.8
2024-06-14,2,hgb_clf,0.20636207863028402,75.4
2024-06-14,3,hgb_clf,0.15293286214248988,69.6
2024-06-15,1,logistic,0.020952609635934375,75.4
2024-06-15,2,logistic,0.026017381323359807,69.6
2024-06-15,3,logistic,0.026734681151627828,116.0
2024-06-15,1,forest_clf,0.008405778029107401,75.4
2024-06-15,2,forest_clf,0.03775050319950601,69.6
2024-06-15,3,forest_clf,0.048582026796034725,116.0
2024-06-15,1,hgb_clf,0.04591825702306856,75.4
2024-06-15,2,hgb_clf,0.10967587826059548,69.6
2024-06-15,3,hgb_clf,0.06253041208839111,116.0
2024-06-16,1,logistic,0.04485640705112726,69.6
2024-06-16,2,logistic,0.06398526947056175,116.0
2024-06-16,3,logistic,0.04762614033287106,76.3
2024-06-16,1,forest_clf,0.05763352659435146,69.6
2024-06-16,2,forest_clf,0.06865833542360636,116.0
2024-06-16,3,forest_clf,0.06900628164972795,76.3
2024-06-16,1,hgb_clf,0.04816300075184797,69.6
2024-06-16,2,hgb_clf,0.1127910270438644,116.0
2024-06-16,3,hgb_clf,0.07138416445918712,76.3
2024-06-17,1,logistic,0.050966570659658775,116.0
2024-06-17,2,logistic,0.03807304436079315,76.3
2024-06-17,3,logistic,0.04109244681158696,46.0
2024-06-17,1,forest_clf,0.022229629779938462,116.0
2024-06-17,2,forest_clf,0.03347609735971306,76.3
2024-06-17,3,forest_clf,0.056881803172844254,46.0
2024-06-17,1,hgb_clf,0.030244678525362056,116.0
2024-06-17,2,hgb_clf,0.0810259420549625,76.3
2024-06-17,3,hgb_clf,0.0698930562954826,46.0
2024-06-18,1,logistic,0.15466374145329628,76.3
2024-06-18,2,logistic,0.12262058900512979,46.0
2024-06-18,3,logistic,0.07909695641671124,61.2
2024-06-18,1,forest_clf,0.4071069812730324,76.3
2024-06-18,2,forest_clf,0.25641160332679275,46.0
2024-06-18,3,forest_clf,0.24121782777382503,61.2
2024-06-18,1,hgb_clf,0.32490867395341105,76.3
2024-06-18,2,hgb_clf,0.15072703359648482,46.0
2024-06-18,3,hgb_clf,0.09594829990321156,61.2
2024-06-19,1,logistic,0.058329352768183636,46.0
2024-06-19,2,logistic,0.04651156640051455,61.2
2024-06-19,3,logistic,0.04221571419737193,80.0
2024-06-19,1,forest_clf,0.15261322503962554,46.0
2024-06-19,2,forest_clf,0.10212993952401779,61.2
2024-06-19,3,forest_clf,0.15715470179201455,80.0
2024-06-19,1,hgb_clf,0.14679437867591758,46.0
2024-06-19,2,hgb_clf,0.07719205066311385,61.2
2024-06-19,3,hgb_clf,0.06590438315308844,80.0
2024-06-20,1,logistic,0.022168261055210445,61.2
2024-06-20,2,logistic,0.02047694850701116,80.0
2024-06-20,3,logistic,0.023172499574913477,55.7
2024-06-20,1,forest_clf,0.061306683686015,61.2
2024-06-20,2,forest_clf,0.06750009084672193,80.0
2024-06-20,3,forest_clf,0.15713174832586405,55.7
2024-06-20,1,hgb_clf,0.01811063252459042,61.2
2024-06-20,2,hgb_clf,0.052894207008877994,80.0
2024-06-20,3,hgb_clf,0.04325189887414031,55.7
2024-06-21,1,logistic,0.031050941834893066,80.0
2024-06-21,2,logistic,0.03564497764776091,55.7
2024-06-21,3,logistic,0.036344633258007124,52.0
2024-06-21,1,forest_clf,0.012256961470376502,80.0
2024-06-21,2,forest_clf,0.07203862969072156,55.7
2024-06-21,3,forest_clf,0.1354010838599704,52.0
2024-06-21,1,hgb_clf,0.013949282309604492,80.0
2024-06-21,2,hgb_clf,0.08339449627794367,55.7
2024-06-21,3,hgb_clf,0.07275111556201919,52.0
2024-06-22,1,logistic,0.05156199750505342,55.7
2024-06-22,2,logistic,0.06345287867256054,52.0
2024-06-22,3,logistic,0.04822973596245307,60.7
2024-06-22,1,forest_clf,0.04492882691032338,55.7
2024-06-22,2,forest_clf,0.10035875572570813,52.0
2024-06-22,3,forest_clf,0.15421035505398994,60.7
2024-06-22,1,hgb_clf,0.02053559706293299,55.7
2024-06-22,2,hgb_clf,0.077048214391028,52.0
2024-06-22,3,hgb_clf,0.056110842848985584,60.7
2024-06-23,1,logistic,0.03214745408480755,52.0
2024-06-23,2,logistic,0.03742768376484395,60.7
2024-06-23,3,logistic,0.03160790130984623,47.4
2024-06-23,1,forest_clf,0.009096795147138063,52.0
2024-06-23,2,forest_clf,0.05564047878058325,60.7
2024-06-23,3,forest_clf,0.12258935464351364,47.4
2024-06-23,1,hgb_clf,0.03856002438014653,52.0
2024-06-23,2,hgb_clf,0.05732397129936257,60.7
2024-06-23,3,hgb_clf,0.05972728158939102,47.4
2024-06-24,1,logistic,0.032995353434432766,60.7
2024-06-24,2,logistic,0.024462157712045383,47.4
2024-06-24,3,logistic,0.02888771319939361,27.1
2024-06-24,1,forest_clf,0.011119985933125862,60.7
2024-06-24,2,forest_clf,0.05833514396938309,47.4
2024-06-24,3,forest_clf,0.15166749796312362,27.1
2024-06-24,1,hgb_clf,0.01924810369796148,60.7
2024-06-24,2,hgb_clf,0.04724000528832538,47.4
2024-06-24,3,hgb_clf,0.08959644714115302,27.1
2024-06-25,1,logistic,0.03827815610411009,47.4
2024-06-25,2,logistic,0.032820054108092155,27.1
2024-06-25,3,logistic,0.03163128915694511,29.5
2024-06-25,1,forest_clf,0.012096188950964915,47.4
2024-06-25,2,forest_clf,0.11719352909645503,27.1
2024-06-25,3,forest_clf,0.09712762890951206,29.5
2024-06-25,1,hgb_clf,0.021509199352239577,47.4
2024-06-25,2,hgb_clf,0.12622031338267892,27.1
2024-06-25,3,hgb_clf,0.050308638919686045,29.5
2024-06-26,1,logistic,0.02672990995831368,27.1
2024-06-26,2,logistic,0.022543835375037447,29.5
2024-06-26,3,logistic,0.025319639152973486,39.1
2024-06-26,1,forest_clf,0.0050850641162620705,27.1
2024-06-26,2,forest_clf,0.022797148555861426,29.5
2024-06-26,3,forest_clf,0.06658485827949029,39.1
2024-06-26,1,hgb_clf,0.010342637737866431,27.1
2024-06-26,2,hgb_clf,0.055658635557235055,29.5
2024-06-26,3,hgb_clf,0.05391954082534976,39.1
2024-06-27,1,logistic,0.01306471978403132,29.5
2024-06-27,2,logistic,0.012656783673031502,39.1
2024-06-27,3,logistic,0.01761529935444914,47.8
2024-06-27,1,forest_clf,0.006471729453740187,29.5
2024-06-27,2,forest_clf,0.020700506136008892,39.1
2024-06-27,3,forest_clf,0.07129160604247482,47.8
2024-06-27,1,hgb_clf,0.004881197136166823,29.5
2024-06-27,2,hgb_clf,0.02888102922125843,39.1
2024-06-27,3,hgb_clf,0.03071681947745134,47.8
2024-06-28,1,logistic,0.013078678261532556,39.1
2024-06-28,2,logistic,0.014759483627398425,47.8
2024-06-28,3,logistic,0.019188232967802272,29.9
2024-06-28,1,forest_clf,0.0034319696776309947,39.1
2024-06-28,2,forest_clf,0.022916893065958163,47.8
2024-06-28,3,forest_clf,0.0590026870594055,29.9
2024-06-28,1,hgb_clf,0.003642989066778855,39.1
2024-06-28,2,hgb_clf,0.03352125754985782,47.8
2024-06-28,3,hgb_clf,0.023557931749323472,29.9
2024-06-29,1,logistic,0.01680969611805469,47.8
2024-06-29,2,logistic,0.023078657004201853,29.9
2024-06-29,3,logistic,0.02189379513596515,32.3
2024-06-29,1,forest_clf,0.009763245654779124,47.8
2024-06-29,2,forest_clf,0.01314955307351834,29.9
2024-06-29,3,forest_clf,0.05761145272630392,32.3
2024-06-29,1,hgb_clf,0.0036053932794325983,47.8
2024-06-29,2,hgb_clf,0.01335222317969797,29.9
2024-06-29,3,hgb_clf,0.02557988274745941,32.3
2024-06-30,1,logistic,0.020392161859290676,29.9
2024-06-30,2,logistic,0.027680696985885635,32.3
2024-06-30,3,logistic,0.02449234926006629,30.3
2024-06-30,1,forest_clf,0.005347304022789633,29.9
2024-06-30,2,forest_clf,0.014211426088639612,32.3
2024-06-30,3,forest_clf,0.05618311329652594,30.3
2024-06-30,1,hgb_clf,0.0031567349447851043,29.9
2024-06-30,2,hgb_clf,0.01873888826698767,32.3
2024-06-30,3,hgb_clf,0.03543810635106957,30.3
2024-07-01,1,logistic,0.01666613690900695,32.3
2024-07-01,2,logistic,0.014549339831014406,30.3
2024-07-01,3,logistic,0.020319777773981956,18.5
2024-07-01,1,forest_clf,0.006301770029341898,32.3
2024-07-01,2,forest_clf,0.013050620339665586,30.3
2024-07-01,3,forest_clf,0.06432883197028592,18.5
2024-07-01,1,hgb_clf,0.005202100477767817,32.3
2024-07-01,2,hgb_clf,0.01297704779724079,30.3
2024-07-01,3,hgb_clf,0.02336696320652885,18.5
2024-07-02,1,logistic,0.016056213124879235,30.3
2024-07-02,2,logistic,0.016535984986499736,18.5
2024-07-02,3,logistic,0.021536197553617076,25.0
2024-07-02,1,forest_clf,0.0013884503517238868,30.3
2024-07-02,2,forest_clf,0.0018324785162354925,18.5
2024-07-02,3,forest_clf,0.00442670651099906,25.0
2024-07-02,1,hgb_clf,0.0013187736786373894,30.3
2024-07-02,2,hgb_clf,0.012033375627885938,18.5
2024-07-02,3,hgb_clf,0.009194956075802754,25.0
2024-07-03,1,logistic,0.01564185920229475,18.5
2024-07-03,2,logistic,0.017434023960258855,25.0
2024-07-03,3,logistic,0.023377874822227092,22.9
2024-07-03,1,forest_clf,0.0013884503517238868,18.5
2024-07-03,2,forest_clf,0.002827531930395884,25.0
2024-07-03,3,forest_clf,0.008106119575523091,22.9
2024-07-03,1,hgb_clf,0.004338750474902078,18.5
2024-07-03,2,hgb_clf,0.015049292979441633,25.0
2024-07-03,3,hgb_clf,0.009218171903984452,22.9
2024-07-04,1,logistic,0.01075381395616373,25.0
2024-07-04,2,logistic,0.013025656466408202,22.9
2024-07-04,3,logistic,0.019441319165499012,7.19
2024-07-04,1,forest_clf,0.0016361886453119577,25.0
2024-07-04,2,forest_clf,0.005923233884119854,22.9
2024-07-04,3,forest_clf,0.012850232262365457,7.19
2024-07-04,1,hgb_clf,0.0004571580329870268,25.0
2024-07-04,2,hgb_clf,0.008075086321794224,22.9
2024-07-04,3,hgb_clf,0.007940650392192964,7.19
2024-07-05,1,logistic,0.012020724992212966,22.9
2024-07-05,2,logistic,0.015973657611487214,7.19
2024-07-05,3,logistic,0.021856623465793024,20.8
2024-07-05,1,forest_clf,0.00036634550750616173,22.9
2024-07-05,2,forest_clf,0.004095866757559823,7.19
2024-07-05,3,forest_clf,0.010613929761067693,20.8
2024-07-05,1,hgb_clf,0.001166601339944453,22.9
2024-07-05,2,hgb_clf,0.008075086321794224,7.19
2024-07-05,3,hgb_clf,0.00732123228156705,20.8
2024-07-06,1,logistic,0.012010943625822841,7.19
2024-07-06,2,logistic,0.020349071007338675,20.8
2024-07-06,3,logistic,0.023538465487307262,38.1
2024-07-06,1,forest_clf,0.0006794720948607936,7.19
2024-07-06,2,forest_clf,0.0012188489867962808,20.8
2024-07-06,3,forest_clf,0.010579640188565657,38.1
2024-07-06,1,hgb_clf,0.0005805238385553314,7.19
2024-07-06,2,hgb_clf,0.005532324791681985,20.8
2024-07-06,3,hgb_clf,0.006846204880807325,38.1
2024-07-07,1,logistic,0.007097612581489177,20.8
2024-07-07,2,logistic,0.013895802957728392,38.1
2024-07-07,3,logistic,0.01712476482556185,51.0
2024-07-07,1,forest_clf,0.0010320043689422233,20.8
2024-07-07,2,forest_clf,0.005404295745728374,38.1
2024-07-07,3,forest_clf,0.016526168776189464,51.0
2024-07-07,1,hgb_clf,0.00029378122691748216,20.8
2024-07-07,2,hgb_clf,0.005739895714463706,38.1
2024-07-07,3,hgb_clf,0.006856888199026988,51.0
2024-07-08,1,logistic,0.011963882880223318,38.1
2024-07-08,2,logistic,0.013488864447044497,51.0
2024-07-08,3,logistic,0.020922172992590176,45.4
2024-07-08,1,forest_clf,0.00036634550750616173,38.1
2024-07-08,2,forest_clf,0.003768732238759769,51.0
2024-07-08,3,forest_clf,0.005861102899204175,45.4
2024-07-08,1,hgb_clf,0.0008172133439134661,38.1
2024-07-08,2,hgb_clf,0.00542511503282634,51.0
2024-07-08,3,hgb_clf,0.006801226501914959,45.4
2024-07-09,1,logistic,0.016585223978698237,51.0
2024-07-09,2,logistic,0.01875059237101413,45.4
2024-07-09,3,logistic,0.025204443041551967,24.6
2024-07-09,1,forest_clf,0.0034965575685561145,51.0
2024-07-09,2,forest_clf,0.0009590696202608407,45.4
2024-07-09,3,forest_clf,0.0066246014441600325,24.6
2024-07-09,1,hgb_clf,0.0006426219238713987,51.0
2024-07-09,2,hgb_clf,0.005181884276881985,45.4
2024-07-09,3,hgb_clf,0.0058954518530329,24.6
2024-07-10,1,logistic,0.023928214739895638,45.4
2024-07-10,2,logistic,0.02527281158480328,24.6
2024-07-10,3,logistic,0.030155495619048456,34.9
2024-07-10,1,forest_clf,0.0012290980719241314,45.4
2024-07-10,2,forest_clf,0.0009590696202608407,24.6
2024-07-10,3,forest_clf,0.006287199405183681,34.9
2024-07-10,1,hgb_clf,0.0006913429695241566,45.4
2024-07-10,2,hgb_clf,0.007047696668977426,24.6
2024-07-10,3,hgb_clf,0.00843029957806308,34.9
2024-07-11,1,logistic,0.02207011440276914,24.6
2024-07-11,2,logistic,0.024268064098104003,34.9
2024-07-11,3,logistic,0.030587837405170442,44.1
2024-07-11,1,forest_clf,0.0,24.6
2024-07-11,2,forest_clf,0.0006268221574344021,34.9
2024-07-11,3,forest_clf,0.004047815581535699,44.1
2024-07-11,1,hgb_clf,0.001052413484057271,24.6
2024-07-11,2,hgb_clf,0.009453124356399606,34.9
2024-07-11,3,hgb_clf,0.008683783737252784,44.1
2024-07-12,1,logistic,0.011149383311363349,34.9
2024-07-12,2,logistic,0.01512130101333779,44.1
2024-07-12,3,logistic,0.021937418603034095,40.9
2024-07-12,1,forest_clf,0.0,34.9
2024-07-12,2,forest_clf,0.0,44.1
2024-07-12,3,forest_clf,0.004407779472305276,40.9
2024-07-12,1,hgb_clf,0.0008394584610994521,34.9
2024-07-12,2,hgb_clf,0.005406203198637975,44.1
2024-07-12,3,hgb_clf,0.0054819978291896,40.9
2024-07-13,1,logistic,0.013457171725147625,44.1
2024-07-13,2,logistic,0.023513951673775808,40.9
2024-07-13,3,logistic,0.026480074965934765,39.5
2024-07-13,1,forest_clf,0.00036634550750616173,44.1
2024-07-13,2,forest_clf,0.0,40.9
2024-07-13,3,forest_clf,0.004047815581535699,39.5
2024-07-13,1,hgb_clf,0.0013998264945361966,44.1
2024-07-13,2,hgb_clf,0.005462944059515334,40.9
2024-07-13,3,hgb_clf,0.0058954518530329,39.5
2024-07-14,1,logistic,0.016368137163569406,40.9
2024-07-14,2,logistic,0.027981893654036014,39.5
2024-07-14,3,logistic,0.029887324324350133,32.0
2024-07-14,1,forest_clf,0.0109195005098154,40.9
2024-07-14,2,forest_clf,0.004839353193422766,39.5
2024-07-14,3,forest_clf,0.0053119647262393635,32.0
2024-07-14,1,hgb_clf,0.0009855925944076318,40.9
2024-07-14,2,hgb_clf,0.0071837252187415815,39.5
2024-07-14,3,hgb_clf,0.00843029957806308,32.0
2024-07-15,1,logistic,0.02096715672597057,39.5
2024-07-15,2,logistic,0.015557252426082538,32.0
2024-07-15,3,logistic,0.02856627661725671,39.8
2024-07-15,1,forest_clf,0.0,39.5
2024-07-15,2,forest_clf,0.0,32.0
2024-07-15,3,forest_clf,0.0034505558746162064,39.8
2024-07-15,1,hgb_clf,0.004986126121057956,39.5
2024-07-15,2,hgb_clf,0.003885597000365037,32.0
2024-07-15,3,hgb_clf,0.011068354273279624,39.8
2024-07-16,1,logistic,0.0195610784342863,32.0
2024-07-16,2,logistic,0.015895121078510793,39.8
2024-07-16,3,logistic,0.02792744976016274,58.0
2024-07-16,1,forest_clf,0.0,32.0
2024-07-16,2,forest_clf,0.0,39.8
2024-07-16,3,forest_clf,0.006417778292010148,58.0
2024-07-16,1,hgb_clf,0.007059744874136217,32.0
2024-07-16,2,hgb_clf,0.004081515204338276,39.8
2024-07-16,3,hgb_clf,0.012828170098168213,58.0
2024-07-17,1,logistic,0.014104752188032877,39.8
2024-07-17,2,logistic,0.012761576211809936,58.0
2024-07-17,3,logistic,0.023629743870715005,47.2
2024-07-17,1,forest_clf,0.0,39.8
2024-07-17,2,forest_clf,0.0003243310671739538,58.0
2024-07-17,3,forest_clf,0.0041375583709978795,47.2
2024-07-17,1,hgb_clf,0.005437964779284608,39.8
2024-07-17,2,hgb_clf,0.005953253003587985,58.0
2024-07-17,3,hgb_clf,0.011080705734185608,47.2
2024-07-18,1,logistic,0.01638337393172932,58.0
2024-07-18,2,logistic,0.015029981322573566,47.2
2024-07-18,3,logistic,0.025780784709476826,36.9
2024-07-18,1,forest_clf,0.0,58.0
2024-07-18,2,forest_clf,0.0,47.2
2024-07-18,3,forest_clf,0.0012700452102440923,36.9
2024-07-18,1,hgb_clf,0.004201508087994828,58.0
2024-07-18,2,hgb_clf,0.005490360965741965,47.2
2024-07-18,3,hgb_clf,0.022852692980736056,36.9
2024-07-19,1,logistic,0.027212359243869694,47.2
2024-07-19,2,logistic,0.02713068795538184,36.9
2024-07-19,3,logistic,0.03792729535198316,34.6
2024-07-19,1,forest_clf,0.018000390222339364,47.2
2024-07-19,2,forest_clf,0.006319746791834105,36.9
2024-07-19,3,forest_clf,0.0023563075757061735,34.6
2024-07-19,1,hgb_clf,0.004487148643354735,47.2
2024-07-19,2,hgb_clf,0.008340910027674476,36.9
2024-07-19,3,hgb_clf,0.01584665922926785,34.6
2024-07-20,1,logistic,0.021365482244514882,36.9
2024-07-20,2,logistic,0.02312970572522607,34.6
2024-07-20,3,logistic,0.03035497455925329,44.7
2024-07-20,1,forest_clf,0.0011676062445793577,36.9
2024-07-20,2,forest_clf,0.002412892726461436,34.6
2024-07-20,3,forest_clf,0.006023359174810877,44.7
2024-07-20,1,hgb_clf,0.0062918379830745694,36.9
2024-07-20,2,hgb_clf,0.00836104487040645,34.6
2024-07-20,3,hgb_clf,0.016571077275919124,44.7
2024-07-21,1,logistic,0.014249479321538546,34.6
2024-07-21,2,logistic,0.016938060303637596,44.7
2024-07-21,3,logistic,0.023770077748726092,47.7
2024-07-21,1,forest_clf,0.002261630395678542,34.6
2024-07-21,2,forest_clf,0.004565029561017862,44.7
2024-07-21,3,forest_clf,0.011253527518206042,47.7
2024-07-21,1,hgb_clf,0.005702226231990751,34.6
2024-07-21,2,hgb_clf,0.007344586243321781,44.7
2024-07-21,3,hgb_clf,0.022100738474637546,47.7
2024-07-22,1,logistic,0.015268004339976911,44.7
2024-07-22,2,logistic,0.010016025383422405,47.7
2024-07-22,3,logistic,0.02252866800240903,33.4
2024-07-22,1,forest_clf,0.009279299340859698,44.7
2024-07-22,2,forest_clf,0.015979704584305476,47.7
2024-07-22,3,forest_clf,0.01055899986725622,33.4
2024-07-22,1,hgb_clf,0.00475246233474617,44.7
2024-07-22,2,hgb_clf,0.004210975585950652,47.7
2024-07-22,3,hgb_clf,0.01680343860635348,33.4
2024-07-23,1,logistic,0.022043400513464335,47.7
2024-07-23,2,logistic,0.015789239110087255,33.4
2024-07-23,3,logistic,0.029768268495067158,50.3
2024-07-23,1,forest_clf,0.009333567723810221,47.7
2024-07-23,2,forest_clf,0.015469686369369226,33.4
2024-07-23,3,forest_clf,0.011238655803656588,50.3
2024-07-23,1,hgb_clf,0.00475246233474617,47.7
2024-07-23,2,hgb_clf,0.005424360206392446,33.4
2024-07-23,3,hgb_clf,0.020225232046151207,50.3
2024-07-24,1,logistic,0.02426943372132145,33.4
2024-07-24,2,logistic,0.017653556853462142,50.3
2024-07-24,3,logistic,0.0318563268804326,37.9
2024-07-24,1,forest_clf,0.009928403396737057,33.4
2024-07-24,2,forest_clf,0.015469686369369226,50.3
2024-07-24,3,forest_clf,0.009968610593412494,37.9
2024-07-24,1,hgb_clf,0.004873708979597515,33.4
2024-07-24,2,hgb_clf,0.005697421616967386,50.3
2024-07-24,3,hgb_clf,0.012354237034876502,37.9
2024-07-25,1,logistic,0.013443806660550069,50.3
2024-07-25,2,logistic,0.009001727453420422,37.9
2024-07-25,3,logistic,0.020061793876403236,23.4
2024-07-25,1,forest_clf,0.0088500836861649,50.3
2024-07-25,2,forest_clf,0.015469686369369226,37.9
2024-07-25,3,forest_clf,0.009968610593412494,23.4
2024-07-25,1,hgb_clf,0.005702226231990751,50.3
2024-07-25,2,hgb_clf,0.004423227063328381,37.9
2024-07-25,3,hgb_clf,0.016718838110700084,23.4
2024-07-26,1,logistic,0.023597581546591466,37.9
2024-07-26,2,logistic,0.020864785898221164,23.4
2024-07-26,3,logistic,0.03216031552216999,27.4
2024-07-26,1,forest_clf,0.01340721731691384,37.9
2024-07-26,2,forest_clf,0.007314627460689472,23.4
2024-07-26,3,forest_clf,0.01819289666366611,27.4
2024-07-26,1,hgb_clf,0.0044282031793468225,37.9
2024-07-26,2,hgb_clf,0.006782163429313194,23.4
2024-07-26,3,hgb_clf,0.012813216285952056,27.4
2024-07-27,1,logistic,0.014380852053837835,23.4
2024-07-27,2,logistic,0.012834432986782982,27.4
2024-07-27,3,logistic,0.021661325402218084,31.3
2024-07-27,1,forest_clf,0.0016092086822345217,23.4
2024-07-27,2,forest_clf,0.002185656725780602,27.4
2024-07-27,3,forest_clf,0.009864210657806221,31.3
2024-07-27,1,hgb_clf,0.005702226231990751,23.4
2024-07-27,2,hgb_clf,0.0057250011730965375,27.4
2024-07-27,3,hgb_clf,0.013114610088864461,31.3
2024-07-28,1,logistic,0.007146858666681003,27.4
2024-07-28,2,logistic,0.005603438139343876,31.3
2024-07-28,3,logistic,0.012433204359420769,23.7
2024-07-28,1,forest_clf,0.001758181186468404,27.4
2024-07-28,2,forest_clf,0.002574669453184068,31.3
2024-07-28,3,forest_clf,0.009262136875693418,23.7
2024-07-28,1,hgb_clf,0.005475541043738016,27.4
2024-07-28,2,hgb_clf,0.004720328961376933,31.3
2024-07-28,3,hgb_clf,0.010141471862692738,23.7
2024-07-29,1,logistic,0.009851295824333445,31.3
2024-07-29,2,logistic,0.004432647269694425,23.7
2024-07-29,3,logistic,0.014194573585860392,9.64
2024-07-29,1,forest_clf,0.0020914268812232354,31.3
2024-07-29,2,forest_clf,0.001796636777613218,23.7
2024-07-29,3,forest_clf,0.009140192563458445,9.64
2024-07-29,1,hgb_clf,0.004213838844906342,31.3
2024-07-29,2,hgb_clf,0.004259274597801126,23.7
2024-07-29,3,hgb_clf,0.012029827913932443,9.64
2024-07-30,1,logistic,0.011675068016192156,23.7
2024-07-30,2,logistic,0.00542531718391486,9.64
2024-07-30,3,logistic,0.01567480568797612,21.7
2024-07-30,1,forest_clf,0.0020914268812232354,23.7
2024-07-30,2,forest_clf,0.001796636777613218,9.64
2024-07-30,3,forest_clf,0.009454773022883865,21.7
2024-07-30,1,hgb_clf,0.004213838844906342,23.7
2024-07-30,2,hgb_clf,0.004922621607785212,9.64
2024-07-30,3,hgb_clf,0.017735253210862896,21.7
2024-07-31,1,logistic,0.008478207179841615,9.64
2024-07-31,2,logistic,0.0035849767379480244,21.7
2024-07-31,3,logistic,0.011577928655519718,14.8
2024-07-31,1,forest_clf,0.001758181186468404,9.64
2024-07-31,2,forest_clf,0.001796636777613218,21.7
2024-07-31,3,forest_clf,0.008543835123706555,14.8
2024-07-31,1,hgb_clf,0.004869607090072789,9.64
2024-07-31,2,hgb_clf,0.00517627788054519,21.7
2024-07-31,3,hgb_clf,0.017634514243885572,14.8
2024-08-01,1,logistic,0.004140474919732974,21.7
2024-08-01,2,logistic,0.0018589345043569668,14.8
2024-08-01,3,logistic,0.007686461857979716,11.4
2024-08-01,1,forest_clf,0.0020598658071422525,21.7
2024-08-01,2,forest_clf,0.0035501484527800074,14.8
2024-08-01,3,forest_clf,0.008529820645812265,11.4
2024-08-01,1,hgb_clf,0.0038740867538401384,21.7
2024-08-01,2,hgb_clf,0.004375733206028663,14.8
2024-08-01,3,hgb_clf,0.01143239393876395,11.4
2024-08-02,1,logistic,0.006162702858167157,14.8
2024-08-02,2,logistic,0.0033409961071740575,11.4
2024-08-02,3,logistic,0.010572062014125704,14.8
2024-08-02,1,forest_clf,0.0016369148170161912,14.8
2024-08-02,2,forest_clf,0.0024400839487313726,11.4
2024-08-02,3,forest_clf,0.0062935799029380825,14.8
2024-08-02,1,hgb_clf,0.004699505587230233,14.8
2024-08-02,2,hgb_clf,0.00517627788054519,11.4
2024-08-02,3,hgb_clf,0.017124489416020457,14.8
2024-08-03,1,logistic,0.004864652878560151,11.4
2024-08-03,2,logistic,0.0028602371002932727,14.8
2024-08-03,3,logistic,0.0085940744546788,12.2
2024-08-03,1,forest_clf,0.001808995928401161,11.4
2024-08-03,2,forest_clf,0.0032142673799879016,14.8
2024-08-03,3,forest_clf,0.006963961151112641,12.2
2024-08-03,1,hgb_clf,0.00485536674622517,11.4
2024-08-03,2,hgb_clf,0.005016392363172153,14.8
2024-08-03,3,hgb_clf,0.010926698731485012,12.2
2024-08-04,1,logistic,0.004252892034937833,14.8
2024-08-04,2,logistic,0.0024662826337423314,12.2
2024-08-04,3,logistic,0.007732601823875658,11.3
2024-08-04,1,forest_clf,0.0007432870583290124,14.8
2024-08-04,2,forest_clf,0.003869264556724209,12.2
2024-08-04,3,forest_clf,0.006979430439486245,11.3
2024-08-04,1,hgb_clf,0.0038740867538401384,14.8
2024-08-04,2,hgb_clf,0.005012408939246698,12.2
2024-08-04,3,hgb_clf,0.00600373315668492,11.3
2024-08-05,1,logistic,0.005728985059299277,12.2
2024-08-05,2,logistic,0.001847223692068303,11.3
2024-08-05,3,logistic,0.008270575492733948,12.8
2024-08-05,1,forest_clf,0.0006186488876524176,12.2
2024-08-05,2,forest_clf,0.0007125414963094348,11.3
2024-08-05,3,forest_clf,0.008826539385835847,12.8
2024-08-05,1,hgb_clf,0.00707062615718427,12.2
2024-08-05,2,hgb_clf,0.004475344783041331,11.3
2024-08-05,3,hgb_clf,0.006151109510316757,12.8
2024-08-06,1,logistic,0.004924353347387815,11.3
2024-08-06,2,logistic,0.0015850200967644757,12.8
2024-08-06,3,logistic,0.00718110311441884,18.5
2024-08-06,1,forest_clf,0.0006555651490302919,11.3
2024-08-06,2,forest_clf,0.003057886903070463,12.8
2024-08-06,3,forest_clf,0.004683061945223185,18.5
2024-08-06,1,hgb_clf,0.005644176781116337,11.3
2024-08-06,2,hgb_clf,0.004475344783041331,12.8
2024-08-06,3,hgb_clf,0.005530511266872165,18.5
2024-08-07,1,logistic,0.004674071618139579,12.8
2024-08-07,2,logistic,0.0016055173384937323,18.5
2024-08-07,3,logistic,0.007096559069522213,24.5
2024-08-07,1,forest_clf,0.0006555651490302919,12.8
2024-08-07,2,forest_clf,0.003057886903070463,18.5
2024-08-07,3,forest_clf,0.0043164724552912405,24.5
2024-08-07,1,hgb_clf,0.005644176781116337,12.8
2024-08-07,2,hgb_clf,0.004428124850609837,18.5
2024-08-07,3,hgb_clf,0.0052037332676337505,24.5
2024-08-08,1,logistic,0.004784525351231634,18.5
2024-08-08,2,logistic,0.001750366944328095,24.5
2024-08-08,3,logistic,0.0076348842989614,16.5
2024-08-08,1,forest_clf,0.000703962094424959,18.5
2024-08-08,2,forest_clf,0.001670307540609467,24.5
2024-08-08,3,forest_clf,0.006310032301847386,16.5
2024-08-08,1,hgb_clf,0.007049994904055644,18.5
2024-08-08,2,hgb_clf,0.004639155328744404,24.5
2024-08-08,3,hgb_clf,0.0052037332676337505,16.5
2024-08-09,1,logistic,0.005583955664422978,24.5
2024-08-09,2,logistic,0.002246474694240581,16.5
2024-08-09,3,logistic,0.008555570698031754,23.7
2024-08-09,1,forest_clf,0.0003538805283564435,24.5
2024-08-09,2,forest_clf,0.0,16.5
2024-08-09,3,forest_clf,0.0007188127172049951,23.7
2024-08-09,1,hgb_clf,0.004699505587230233,24.5
2024-08-09,2,hgb_clf,0.004639155328744404,16.5
2024-08-09,3,hgb_clf,0.0053916624476031995,23.7
2024-08-10,1,logistic,0.007040242615409558,16.5
2024-08-10,2,logistic,0.003537514402810384,23.7
2024-08-10,3,logistic,0.010249844925336116,12.8
2024-08-10,1,forest_clf,0.0003538805283564435,16.5
2024-08-10,2,forest_clf,0.0,23.7
2024-08-10,3,forest_clf,0.000707405921928713,12.8
2024-08-10,1,hgb_clf,0.004201508087994828,16.5
2024-08-10,2,hgb_clf,0.004941168030398006,23.7
2024-08-10,3,hgb_clf,0.006294726469467841,12.8
2024-08-11,1,logistic,0.005163163396855546,23.7
2024-08-11,2,logistic,0.002522989631754612,12.8
2024-08-11,3,logistic,0.008233790660328453,24.6
2024-08-11,1,forest_clf,0.0,23.7
2024-08-11,2,forest_clf,0.0,12.8
2024-08-11,3,forest_clf,0.0023425572971177092,24.6
2024-08-11,1,hgb_clf,0.00485536674622517,23.7
2024-08-11,2,hgb_clf,0.005195774986106485,12.8
2024-08-11,3,hgb_clf,0.005796903238634901,24.6
2024-08-12,1,logistic,0.0078078912131496845,12.8
2024-08-12,2,logistic,0.002171897154532891,24.6
2024-08-12,3,logistic,0.009436316790097724,15.4
2024-08-12,1,forest_clf,0.0003544329073482429,12.8
2024-08-12,2,forest_clf,0.0,24.6
2024-08-12,3,forest_clf,0.0003375906552852833,15.4
2024-08-12,1,hgb_clf,0.004213838844906342,12.8
2024-08-12,2,hgb_clf,0.004411703272568837,24.6
2024-08-12,3,hgb_clf,0.007429533861029964,15.4
2024-08-13,1,logistic,0.0049324966314641585,24.6
2024-08-13,2,logistic,0.001341057908906461,15.4
2024-08-13,3,logistic,0.007038091818238644,12.7
2024-08-13,1,forest_clf,0.0007083134357046863,24.6
2024-08-13,2,forest_clf,0.0,15.4
2024-08-13,3,forest_clf,0.003336676486542973,12.7
2024-08-13,1,hgb_clf,0.004869607090072789,24.6
2024-08-13,2,hgb_clf,0.004959898977936642,15.4
2024-08-13,3,hgb_clf,0.007278163869874991,12.7
2024-08-14,1,logistic,0.007083917975109515,15.4
2024-08-14,2,logistic,0.0021520092155988724,12.7
2024-08-14,3,logistic,0.009142325642597121,24.1
2024-08-14,1,forest_clf,0.0003544329073482429,15.4
2024-08-14,2,forest_clf,0.0,12.7
2024-08-14,3,forest_clf,0.001993559846556144,24.1
2024-08-14,1,hgb_clf,0.003973778747869121,15.4
2024-08-14,2,hgb_clf,0.004716795777238095,12.7
2024-08-14,3,hgb_clf,0.007320181974324964,24.1
2024-08-15,1,logistic,0.004838483000738727,12.7
2024-08-15,2,logistic,0.0014319703906969608,24.1
2024-08-15,3,logistic,0.0070654857758368425,21.9
2024-08-15,1,forest_clf,0.0007083134357046863,12.7
2024-08-15,2,forest_clf,0.0,24.1
2024-08-15,3,forest_clf,0.002712372563761139,21.9
2024-08-15,1,hgb_clf,0.004578927211584984,12.7
2024-08-15,2,hgb_clf,0.004959898977936642,24.1
2024-08-15,3,hgb_clf,0.007540441797891957,21.9
2024-08-16,1,logistic,0.00427474397969654,24.1
2024-08-16,2,logistic,0.0013094361858599253,21.9
2024-08-16,3,logistic,0.006326061141136901,18.7
2024-08-16,1,forest_clf,0.0003544329073482429,24.1
2024-08-16,2,forest_clf,0.0,21.9
2024-08-16,3,forest_clf,0.0003489974505615654,18.7
2024-08-16,1,hgb_clf,0.00443190046266458,24.1
2024-08-16,2,hgb_clf,0.004959898977936642,21.9
2024-08-16,3,hgb_clf,0.007065510764983598,18.7
2024-08-17,1,logistic,0.0061757252952372235,21.9
2024-08-17,2,logistic,0.002552135710620787,18.7
2024-08-17,3,logistic,0.008473134546689999,16.9
2024-08-17,1,forest_clf,0.0007083134357046863,21.9
2024-08-17,2,forest_clf,0.0,18.7
2024-08-17,3,forest_clf,0.0003698152666434297,16.9
2024-08-17,1,hgb_clf,0.003962147672349103,21.9
2024-08-17,2,hgb_clf,0.00528268152623278,18.7
2024-08-17,3,hgb_clf,0.007320181974324964,16.9
2024-08-18,1,logistic,0.0055145600141381715,18.7
2024-08-18,2,logistic,0.0022024903634602832,16.9
2024-08-18,3,logistic,0.007686717421403894,22.4
2024-08-18,1,forest_clf,0.0007083134357046863,18.7
2024-08-18,2,forest_clf,0.0,16.9
2024-08-18,3,forest_clf,0.000707405921928713,22.4
2024-08-18,1,hgb_clf,0.003962147672349103,18.7
2024-08-18,2,hgb_clf,0.00528268152623278,16.9
2024-08-18,3,hgb_clf,0.007320181974324964,22.4
2024-08-19,1,logistic,0.006108884405035149,16.9
2024-08-19,2,logistic,0.0012482052457239027,22.4
2024-08-19,3,logistic,0.006646696960427001,20.9
2024-08-19,1,forest_clf,0.0,16.9
2024-08-19,2,forest_clf,0.0,22.4
2024-08-19,3,forest_clf,0.0,20.9
2024-08-19,1,hgb_clf,0.00420903486135025,16.9
2024-08-19,2,hgb_clf,0.004716795777238095,22.4
2024-08-19,3,hgb_clf,0.008139961700867065,20.9
2024-08-20,1,logistic,0.00515953398742641,22.4
2024-08-20,2,logistic,0.0011151247123568778,20.9
2024-08-20,3,logistic,0.006241348154429317,24.9
2024-08-20,1,forest_clf,0.0,22.4
2024-08-20,2,forest_clf,0.0,20.9
2024-08-20,3,forest_clf,0.00566046886975469,24.9
2024-08-20,1,hgb_clf,0.006113315361246236,22.4
2024-08-20,2,hgb_clf,0.00432369310197823,20.9
2024-08-20,3,hgb_clf,0.007119072420307197,24.9
2024-08-21,1,logistic,0.006124649341589803,20.9
2024-08-21,2,logistic,0.001489557086566451,24.9
2024-08-21,3,logistic,0.007155932805260046,49.6
2024-08-21,1,forest_clf,0.0,20.9
2024-08-21,2,forest_clf,0.0,24.9
2024-08-21,3,forest_clf,0.0,49.6
2024-08-21,1,hgb_clf,0.005136091255854233,20.9
2024-08-21,2,hgb_clf,0.004489279671693111,24.9
2024-08-21,3,hgb_clf,0.00656191972066044,49.6
2024-08-22,1,logistic,0.005499350293734725,24.9
2024-08-22,2,logistic,0.0013544475474843553,49.6
2024-08-22,3,logistic,0.006698802227268194,17.1
2024-08-22,1,forest_clf,0.0003538805283564435,24.9
2024-08-22,2,forest_clf,0.0,49.6
2024-08-22,3,forest_clf,0.000707405921928713,17.1
2024-08-22,1,hgb_clf,0.005121075634372903,24.9
2024-08-22,2,hgb_clf,0.006853951652461256,49.6
2024-08-22,3,hgb_clf,0.009268115637323507,17.1
2024-08-23,1,logistic,0.006400805461668909,49.6
2024-08-23,2,logistic,0.0017773076207454497,17.1
2024-08-23,3,logistic,0.007796773761505483,21.2
2024-08-23,1,forest_clf,0.0,49.6
2024-08-23,2,forest_clf,0.001949958800867729,17.1
2024-08-23,3,forest_clf,0.00566046886975469,21.2
2024-08-23,1,hgb_clf,0.008055296426048332,49.6
2024-08-23,2,hgb_clf,0.006853951652461256,17.1
2024-08-23,3,hgb_clf,0.009268115637323507,21.2
2024-08-24,1,logistic,0.01665801939329822,17.1
2024-08-24,2,logistic,0.008346372528822477,21.2
2024-08-24,3,logistic,0.017506844829324655,16.1
2024-08-24,1,forest_clf,0.02511473797013914,17.1
2024-08-24,2,forest_clf,0.00806059370920587,21.2
2024-08-24,3,forest_clf,0.002385992506099464,16.1
2024-08-24,1,hgb_clf,0.0051508502022424895,17.1
2024-08-24,2,hgb_clf,0.00950244801402814,21.2
2024-08-24,3,hgb_clf,0.01392651114143075,16.1
2024-08-25,1,logistic,0.0038669876402230865,21.2
2024-08-25,2,logistic,0.0012633001180982427,16.1
2024-08-25,3,logistic,0.005106448836795253,15.3
2024-08-25,1,forest_clf,0.0018954384503228495,21.2
2024-08-25,2,forest_clf,0.0022472036506839786,16.1
2024-08-25,3,forest_clf,0.0016368114084386364,15.3
2024-08-25,1,hgb_clf,0.006048837708198867,21.2
2024-08-25,2,hgb_clf,0.006654460003246865,16.1
2024-08-25,3,hgb_clf,0.00975550428898703,15.3
2024-08-26,1,logistic,0.005348467799623502,16.1
2024-08-26,2,logistic,0.0011130927610784505,15.3
2024-08-26,3,logistic,0.00584286292040718,17.9
2024-08-26,1,forest_clf,0.0,16.1
2024-08-26,2,forest_clf,0.001164001138910038,15.3
2024-08-26,3,forest_clf,0.001993383653477657,17.9
2024-08-26,1,hgb_clf,0.00503069609199934,16.1
2024-08-26,2,hgb_clf,0.006157239304403125,15.3
2024-08-26,3,hgb_clf,0.009854444828588663,17.9
2024-08-27,1,logistic,0.004184774857948169,15.3
2024-08-27,2,logistic,0.0008443661306080353,17.9
2024-08-27,3,logistic,0.005189460450811892,33.7
2024-08-27,1,forest_clf,0.0011900172155487733,15.3
2024-08-27,2,forest_clf,0.0024605203182212778,17.9
2024-08-27,3,forest_clf,0.004981718138579081,33.7
2024-08-27,1,hgb_clf,0.005769602218489283,15.3
2024-08-27,2,hgb_clf,0.006853951652461256,17.9
2024-08-27,3,hgb_clf,0.014586058007962296,33.7
2024-08-28,1,logistic,0.004105862891666677,17.9
2024-08-28,2,logistic,0.0008217871614486902,33.7
2024-08-28,3,logistic,0.004751539293685178,32.2
2024-08-28,1,forest_clf,0.0063838824914194256,17.9
2024-08-28,2,forest_clf,0.01421915123871049,33.7
2024-08-28,3,forest_clf,0.009838149119162646,32.2
2024-08-28,1,hgb_clf,0.005584558062570706,17.9
2024-08-28,2,hgb_clf,0.008164037108113153,33.7
2024-08-28,3,hgb_clf,0.0141629294052419,32.2
2024-08-29,1,logistic,0.004496644107844091,33.7
2024-08-29,2,logistic,0.0010357483280910012,32.2
2024-08-29,3,logistic,0.005468289491981339,33.7
2024-08-29,1,forest_clf,0.010873716802221583,33.7
2024-08-29,2,forest_clf,0.016716124661066506,32.2
2024-08-29,3,forest_clf,0.020569749377839893,33.7
2024-08-29,1,hgb_clf,0.008756415253050969,33.7
2024-08-29,2,hgb_clf,0.008164037108113153,32.2
2024-08-29,3,hgb_clf,0.0141629294052419,33.7
2024-08-30,1,logistic,0.008929988585614205,32.2
2024-08-30,2,logistic,0.0030342734042156077,33.7
2024-08-30,3,logistic,0.01054983515991535,26.1
2024-08-30,1,forest_clf,0.01578198280161684,32.2
2024-08-30,2,forest_clf,0.017990694215630345,33.7
2024-08-30,3,forest_clf,0.018060327134243537,26.1
2024-08-30,1,hgb_clf,0.0056005984574506625,32.2
2024-08-30,2,hgb_clf,0.008410287616112956,33.7
2024-08-30,3,hgb_clf,0.0141629294052419,26.1
2024-08-31,1,logistic,0.008206118557883463,33.7
2024-08-31,2,logistic,0.0032435657965488706,26.1
2024-08-31,3,logistic,0.009029188850019966,22.0
2024-08-31,1,forest_clf,0.01051983627386514,33.7
2024-08-31,2,forest_clf,0.016117084922249333,26.1
2024-08-31,3,forest_clf,0.01801106049293369,22.0
2024-08-31,1,hgb_clf,0.005243248049054448,33.7
2024-08-31,2,hgb_clf,0.009206525236439037,26.1
2024-08-31,3,hgb_clf,0.023159237514258642,22.0
2024-09-01,1,logistic,0.008903458543014383,26.1
2024-09-01,2,logistic,0.0039674772898101035,22.0
2024-09-01,3,logistic,0.010779437729800154,16.5
2024-09-01,1,forest_clf,0.012744211329515516,26.1
2024-09-01,2,forest_clf,0.01672139980012283,22.0
2024-09-01,3,forest_clf,0.021227888658458757,16.5
2024-09-01,1,hgb_clf,0.008199365891085792,26.1
2024-09-01,2,hgb_clf,0.008661957589554813,22.0
2024-09-01,3,hgb_clf,0.0141629294052419,16.5
2024-09-02,1,logistic,0.006735434906570292,22.0
2024-09-02,2,logistic,0.0014766402100951127,16.5
2024-09-02,3,logistic,0.007268141061308059,25.0
2024-09-02,1,forest_clf,0.0063838824914194256,22.0
2024-09-02,2,forest_clf,0.013519090888680314,16.5
2024-09-02,3,forest_clf,0.01015869774449623,25.0
2024-09-02,1,hgb_clf,0.005290713901587995,22.0
2024-09-02,2,hgb_clf,0.007510484703035711,16.5
2024-09-02,3,hgb_clf,0.01295298784762812,25.0
2024-09-03,1,logistic,0.005028481410533755,16.5
2024-09-03,2,logistic,0.0011101526973771694,25.0
2024-09-03,3,logistic,0.0058957934887022174,16.9
2024-09-03,1,forest_clf,0.0008361366871923299,16.5
2024-09-03,2,forest_clf,0.0017604599681911028,25.0
2024-09-03,3,forest_clf,0.004932451497269234,16.9
2024-09-03,1,hgb_clf,0.005290713901587995,16.5
2024-09-03,2,hgb_clf,0.006304608352610286,25.0
2024-09-03,3,hgb_clf,0.009367904410685749,16.9
2024-09-04,1,logistic,0.003577919402566846,25.0
2024-09-04,2,logistic,0.0007764388504838603,16.9
2024-09-04,3,logistic,0.004616008402612215,23.4
2024-09-04,1,forest_clf,0.0,25.0
2024-09-04,2,forest_clf,0.0007963406021758554,16.9
2024-09-04,3,forest_clf,0.002129731044117758,23.4
2024-09-04,1,hgb_clf,0.004865728728969447,25.0
2024-09-04,2,hgb_clf,0.006304608352610286,16.9
2024-09-04,3,hgb_clf,0.009649180041239684,23.4
2024-09-05,1,logistic,0.005281575641705677,16.9
2024-09-05,2,logistic,0.0014566718403219929,23.4
2024-09-05,3,logistic,0.006738964304114874,43.4
2024-09-05,1,forest_clf,0.0012216681443712205,16.9
2024-09-05,2,forest_clf,0.001129115172238561,23.4
2024-09-05,3,forest_clf,0.0018091824187841765,43.4
2024-09-05,1,hgb_clf,0.004822057164811047,16.9
2024-09-05,2,hgb_clf,0.006304608352610286,23.4
2024-09-05,3,hgb_clf,0.008876022740991484,43.4
2024-09-06,1,logistic,0.003386377446063367,23.4
2024-09-06,2,logistic,0.000853099182491297,43.4
2024-09-06,3,logistic,0.004497823836329117,41.6
2024-09-06,1,forest_clf,0.0015755486727276641,23.4
2024-09-06,2,forest_clf,0.001129115172238561,43.4
2024-09-06,3,forest_clf,0.0003698152666434297,41.6
2024-09-06,1,hgb_clf,0.004981962455816743,23.4
2024-09-06,2,hgb_clf,0.006304608352610286,43.4
2024-09-06,3,hgb_clf,0.009142665703271078,41.6
2024-09-07,1,logistic,0.00488957410663642,43.4
2024-09-07,2,logistic,0.0018264620056654714,41.6
2024-09-07,3,logistic,0.006476265434654656,36.2
2024-09-07,1,forest_clf,0.0012216681443712205,43.4
2024-09-07,2,forest_clf,0.001129115172238561,41.6
2024-09-07,3,forest_clf,0.0,36.2
2024-09-07,1,hgb_clf,0.004822057164811047,43.4
2024-09-07,2,hgb_clf,0.006304608352610286,41.6
2024-09-07,3,hgb_clf,0.008876022740991484,36.2
2024-09-08,1,logistic,0.01121743489923873,41.6
2024-09-08,2,logistic,0.006733934151020033,36.2
2024-09-08,3,logistic,0.014710083311638901,26.9
2024-09-08,1,forest_clf,0.006988010038863337,41.6
2024-09-08,2,forest_clf,0.0034503113706710786,36.2
2024-09-08,3,forest_clf,0.0018771006498669695,26.9
2024-09-08,1,hgb_clf,0.004822057164811047,41.6
2024-09-08,2,hgb_clf,0.008617533700827826,36.2
2024-09-08,3,hgb_clf,0.013163743063813535,26.9
2024-09-09,1,logistic,0.012788056555454126,36.2
2024-09-09,2,logistic,0.003544588662837437,26.9
2024-09-09,3,logistic,0.012802139434541268,9.91
2024-09-09,1,forest_clf,0.005061344506559719,36.2
2024-09-09,2,forest_clf,0.001162265458116227,26.9
2024-09-09,3,forest_clf,0.0,9.91
2024-09-09,1,hgb_clf,0.004829693335525458,36.2
2024-09-09,2,hgb_clf,0.006495140499648433,26.9
2024-09-09,3,hgb_clf,0.015614682196167878,9.91
2024-09-10,1,logistic,0.010356362213232474,26.9
2024-09-10,2,logistic,0.00281065072581881,9.91
2024-09-10,3,logistic,0.01095947035921773,11.4
2024-09-10,1,forest_clf,0.0,26.9
2024-09-10,2,forest_clf,0.00033239981329599244,9.91
2024-09-10,3,forest_clf,0.0,11.4
2024-09-10,1,hgb_clf,0.0046657866698125074,26.9
2024-09-10,2,hgb_clf,0.006443657756022078,9.91
2024-09-10,3,hgb_clf,0.00902136254027608,11.4
2024-09-11,1,logistic,0.005902968285685394,9.91
2024-09-11,2,logistic,0.0016487288281995917,11.4
2024-09-11,3,logistic,0.007781195367125924,21.6
2024-09-11,1,forest_clf,0.0,9.91
2024-09-11,2,forest_clf,0.0,11.4
2024-09-11,3,forest_clf,0.0003375906552852833,21.6
2024-09-11,1,hgb_clf,0.0046657866698125074,9.91
2024-09-11,2,hgb_clf,0.0060724720264496825,11.4
2024-09-11,3,hgb_clf,0.009275708619428535,21.6
2024-09-12,1,logistic,0.0023804953860683455,11.4
2024-09-12,2,logistic,0.0005961341604451671,21.6
2024-09-12,3,logistic,0.0038718327739423026,30.8
2024-09-12,1,forest_clf,0.0003016846206738484,11.4
2024-09-12,2,forest_clf,0.001098514498430483,21.6
2024-09-12,3,forest_clf,0.0,30.8
2024-09-12,1,hgb_clf,0.0047404626828354,11.4
2024-09-12,2,hgb_clf,0.005315575460484822,21.6
2024-09-12,3,hgb_clf,0.008562653589835389,30.8
2024-09-13,1,logistic,0.0025725373202139623,21.6
2024-09-13,2,logistic,0.0007534847085525231,30.8
2024-09-13,3,logistic,0.0045197250971465205,39.0
2024-09-13,1,forest_clf,0.0,21.6
2024-09-13,2,forest_clf,0.0,30.8
2024-09-13,3,forest_clf,0.0003375906552852833,39.0
2024-09-13,1,hgb_clf,0.004588273029774674,21.6
2024-09-13,2,hgb_clf,0.005745221482568261,30.8
2024-09-13,3,hgb_clf,0.009076497416845665,39.0
2024-09-14,1,logistic,0.004393879058581282,30.8
2024-09-14,2,logistic,0.0019019511352606404,39.0
2024-09-14,3,logistic,0.007174311691542694,46.6
2024-09-14,1,forest_clf,0.0003538805283564435,30.8
2024-09-14,2,forest_clf,0.0,39.0
2024-09-14,3,forest_clf,0.0003698152666434297,46.6
2024-09-14,1,hgb_clf,0.004623901315004085,30.8
2024-09-14,2,hgb_clf,0.0060724720264496825,39.0
2024-09-14,3,hgb_clf,0.009402966761272398,46.6
2024-09-15,1,logistic,0.006731454125215083,39.0
2024-09-15,2,logistic,0.0036107714363490676,46.6
2024-09-15,3,logistic,0.009973979832987423,29.6
2024-09-15,1,forest_clf,0.0007058548587866709,39.0
2024-09-15,2,forest_clf,0.0,46.6
2024-09-15,3,forest_clf,0.0003698152666434297,29.6
2024-09-15,1,hgb_clf,0.004623901315004085,39.0
2024-09-15,2,hgb_clf,0.006150947977388105,46.6
2024-09-15,3,hgb_clf,0.014969216043893143,29.6
2024-09-16,1,logistic,0.012238800396696935,46.6
2024-09-16,2,logistic,0.0039902171558047345,29.6
2024-09-16,3,logistic,0.013651470619207037,26.0
2024-09-16,1,forest_clf,0.0032966226249420316,46.6
2024-09-16,2,forest_clf,0.0004970910747575288,29.6
2024-09-16,3,forest_clf,0.0,26.0
2024-09-16,1,hgb_clf,0.004778971520086774,46.6
2024-09-16,2,hgb_clf,0.006443657756022078,29.6
2024-09-16,3,hgb_clf,0.017340679042022883,26.0
2024-09-17,1,logistic,0.016413680266825294,29.6
2024-09-17,2,logistic,0.00628243400808742,26.0
2024-09-17,3,logistic,0.01840978637938166,26.7
2024-09-17,1,forest_clf,0.001852353174148125,29.6
2024-09-17,2,forest_clf,0.0008513605629598141,26.0
2024-09-17,3,forest_clf,0.0,26.7
2024-09-17,1,hgb_clf,0.004778971520086774,29.6
2024-09-17,2,hgb_clf,0.008549372895078063,26.0
2024-09-17,3,hgb_clf,0.014947545029966031,26.7
2024-09-18,1,logistic,0.0077723520676857205,26.0
2024-09-18,2,logistic,0.002726740627785221,26.7
2024-09-18,3,logistic,0.010909180267223437,32.7
2024-09-18,1,forest_clf,0.0,26.0
2024-09-18,2,forest_clf,0.0,26.7
2024-09-18,3,forest_clf,0.0,32.7
2024-09-18,1,hgb_clf,0.005788784447541892,26.0
2024-09-18,2,hgb_clf,0.0060724720264496825,26.7
2024-09-18,3,hgb_clf,0.010027951435015394,32.7
2024-09-19,1,logistic,0.0060764964374584824,26.7
2024-09-19,2,logistic,0.0024053970547642856,32.7
2024-09-19,3,logistic,0.010149581516441094,61.5
2024-09-19,1,forest_clf,0.0,26.7
2024-09-19,2,forest_clf,0.0,32.7
2024-09-19,3,forest_clf,0.001993559846556144,61.5
2024-09-19,1,hgb_clf,0.0046034375734517385,26.7
2024-09-19,2,hgb_clf,0.005895591158500974,32.7
2024-09-19,3,hgb_clf,0.009065761284608127,61.5
2024-09-20,1,logistic,0.006622552250613747,32.7
2024-09-20,2,logistic,0.0029939229168028775,61.5
2024-09-20,3,logistic,0.011941754356116139,70.8
2024-09-20,1,forest_clf,0.0,32.7
2024-09-20,2,forest_clf,0.0003466091836036405,61.5
2024-09-20,3,forest_clf,0.00566046886975469,70.8
2024-09-20,1,hgb_clf,0.006970800179310788,32.7
2024-09-20,2,hgb_clf,0.0060724720264496825,61.5
2024-09-20,3,hgb_clf,0.009065761284608127,70.8
2024-09-21,1,logistic,0.009254846610868896,61.5
2024-09-21,2,logistic,0.005753170098004686,70.8
2024-09-21,3,logistic,0.015472888035392126,81.0
2024-09-21,1,forest_clf,0.0,61.5
2024-09-21,2,forest_clf,0.0,70.8
2024-09-21,3,forest_clf,0.0,81.0
2024-09-21,1,hgb_clf,0.004142116541994277,61.5
2024-09-21,2,hgb_clf,0.0060724720264496825,70.8
2024-09-21,3,hgb_clf,0.009065761284608127,81.0
2024-09-22,1,logistic,0.02505810430623177,70.8
2024-09-22,2,logistic,0.022974820160882686,81.0
2024-09-22,3,logistic,0.03464297285486377,71.0
2024-09-22,1,forest_clf,0.03783163888031469,70.8
2024-09-22,2,forest_clf,0.01233919375400375,81.0
2024-09-22,3,forest_clf,0.003425758648185384,71.0
2024-09-22,1,hgb_clf,0.006798346705749212,70.8
2024-09-22,2,hgb_clf,0.012226306404408005,81.0
2024-09-22,3,hgb_clf,0.018843093408187826,71.0
2024-09-23,1,logistic,0.04161158692580362,81.0
2024-09-23,2,logistic,0.019842721853948073,71.0
2024-09-23,3,logistic,0.04011011561988251,23.2
2024-09-23,1,forest_clf,0.035505974553660155,81.0
2024-09-23,2,forest_clf,0.02881762797106437,71.0
2024-09-23,3,forest_clf,0.036378737474316775,23.2
2024-09-23,1,hgb_clf,0.028843294243408944,81.0
2024-09-23,2,hgb_clf,0.01991698777025141,71.0
2024-09-23,3,hgb_clf,0.037789455712212185,23.2
2024-09-24,1,logistic,0.05913832295367431,71.0
2024-09-24,2,logistic,0.02672030974560944,23.2
2024-09-24,3,logistic,0.04735697771649157,11.3
2024-09-24,1,forest_clf,0.03449731635616365,71.0
2024-09-24,2,forest_clf,0.04153268084804099,23.2
2024-09-24,3,forest_clf,0.05513288813833642,11.3
2024-09-24,1,hgb_clf,0.0688726141197766,71.0
2024-09-24,2,hgb_clf,0.04648993229971876,23.2
2024-09-24,3,hgb_clf,0.06561689461040571,11.3
2024-09-25,1,logistic,0.04049211623780354,23.2
2024-09-25,2,logistic,0.018403469219405992,11.3
2024-09-25,3,logistic,0.0407229259129351,16.1
2024-09-25,1,forest_clf,0.03469783369587918,23.2
2024-09-25,2,forest_clf,0.052594831726456,11.3
2024-09-25,3,forest_clf,0.049608513924013976,16.1
2024-09-25,1,hgb_clf,0.09721787055451611,23.2
2024-09-25,2,hgb_clf,0.08098704130043761,11.3
2024-09-25,3,hgb_clf,0.05297572800889579,16.1
2024-09-26,1,logistic,0.006408763053898453,11.3
2024-09-26,2,logistic,0.003535177289760273,16.1
2024-09-26,3,logistic,0.014444713682162363,23.1
2024-09-26,1,forest_clf,0.04490801530961112,11.3
2024-09-26,2,forest_clf,0.007946419255850339,16.1
2024-09-26,3,forest_clf,0.032769937678038236,23.1
2024-09-26,1,hgb_clf,0.04404390405724333,11.3
2024-09-26,2,hgb_clf,0.03412625231051475,16.1
2024-09-26,3,hgb_clf,0.027052829774881774,23.1
2024-09-27,1,logistic,0.0039020037306261328,16.1
2024-09-27,2,logistic,0.0027448096960825757,23.1
2024-09-27,3,logistic,0.012280131722863283,52.9
2024-09-27,1,forest_clf,0.03478820334798512,16.1
2024-09-27,2,forest_clf,0.010909555169698104,23.1
2024-09-27,3,forest_clf,0.034479509554545804,52.9
2024-09-27,1,hgb_clf,0.019590733868026917,16.1
2024-09-27,2,hgb_clf,0.025641410696905387,23.1
2024-09-27,3,hgb_clf,0.02546734155885089,52.9
2024-09-28,1,logistic,0.006037409910572017,23.1
2024-09-28,2,logistic,0.005331927476890312,52.9
2024-09-28,3,logistic,0.01775560383306474,58.9
2024-09-28,1,forest_clf,0.013232282535511999,23.1
2024-09-28,2,forest_clf,0.011129753737336538,52.9
2024-09-28,3,forest_clf,0.02126395538231082,58.9
2024-09-28,1,hgb_clf,0.019106897880119877,23.1
2024-09-28,2,hgb_clf,0.03138457449580765,52.9
2024-09-28,3,hgb_clf,0.02183522844025497,58.9
2024-09-29,1,logistic,0.00872598246876858,52.9
2024-09-29,2,logistic,0.00804930923308575,58.9
2024-09-29,3,logistic,0.020740725784638342,59.0
2024-09-29,1,forest_clf,0.009887243268807432,52.9
2024-09-29,2,forest_clf,0.005084155840454196,58.9
2024-09-29,3,forest_clf,0.015957361564117967,59.0
2024-09-29,1,hgb_clf,0.024223026133978656,52.9
2024-09-29,2,hgb_clf,0.021348052553574106,58.9
2024-09-29,3,hgb_clf,0.02892359517993111,59.0
2024-09-30,1,logistic,0.0258637464705407,58.9
2024-09-30,2,logistic,0.014107526770308914,59.0
2024-09-30,3,logistic,0.03446424911534337,45.0
2024-09-30,1,forest_clf,0.03983852762014974,58.9
2024-09-30,2,forest_clf,0.016054443395721592,59.0
2024-09-30,3,forest_clf,0.02496280156346421,45.0
2024-09-30,1,hgb_clf,0.02951954719435435,58.9
2024-09-30,2,hgb_clf,0.03741062552366962,59.0
2024-09-30,3,hgb_clf,0.044772549719895735,45.0
2024-10-01,1,logistic,0.032172172924495424,59.0
2024-10-01,2,logistic,0.021085686214999393,45.0
2024-10-01,3,logistic,0.04296388060622766,50.8
2024-10-01,1,forest_clf,0.021714903968915494,59.0
2024-10-01,2,forest_clf,0.01328415469776817,45.0
2024-10-01,3,forest_clf,0.02333046771277311,50.8
2024-10-01,1,hgb_clf,0.0372818312383776,59.0
2024-10-01,2,hgb_clf,0.04815258396371706,45.0
2024-10-01,3,hgb_clf,0.03271273698148026,50.8
2024-10-02,1,logistic,0.03888085710864219,45.0
2024-10-02,2,logistic,0.02689112810014985,50.8
2024-10-02,3,logistic,0.05087083993591322,36.8
2024-10-02,1,forest_clf,0.011985493003963975,45.0
2024-10-02,2,forest_clf,0.012555147834069197,50.8
2024-10-02,3,forest_clf,0.025648614797644274,36.8
2024-10-02,1,hgb_clf,0.02644212788820046,45.0
2024-10-02,2,hgb_clf,0.04165262339087117,50.8
2024-10-02,3,hgb_clf,0.04107585452898864,36.8
2024-10-03,1,logistic,0.022503959425240926,50.8
2024-10-03,2,logistic,0.018402464036618927,36.8
2024-10-03,3,logistic,0.04520696454492649,39.1
2024-10-03,1,forest_clf,0.005161516728004226,50.8
2024-10-03,2,forest_clf,0.013357416115432326,36.8
2024-10-03,3,forest_clf,0.023774449857178595,39.1
2024-10-03,1,hgb_clf,0.02311717230753985,50.8
2024-10-03,2,hgb_clf,0.026559387429313266,36.8
2024-10-03,3,hgb_clf,0.036493176555706275,39.1
2024-10-04,1,logistic,0.026619989797536638,36.8
2024-10-04,2,logistic,0.025040041795769682,39.1
2024-10-04,3,logistic,0.05568489941012895,43.7
2024-10-04,1,forest_clf,0.009481163967639008,36.8
2024-10-04,2,forest_clf,0.02770604041719436,39.1
2024-10-04,3,forest_clf,0.01977451801598251,43.7
2024-10-04,1,hgb_clf,0.01225630422986809,36.8
2024-10-04,2,hgb_clf,0.05566742215811853,39.1
2024-10-04,3,hgb_clf,0.034585973459868094,43.7
2024-10-05,1,logistic,0.018771633065731378,39.1
2024-10-05,2,logistic,0.023135326249215757,43.7
2024-10-05,3,logistic,0.04852413072374395,62.7
2024-10-05,1,forest_clf,0.0,39.1
2024-10-05,2,forest_clf,0.007009018767719085,43.7
2024-10-05,3,forest_clf,0.0010218929823401022,62.7
2024-10-05,1,hgb_clf,0.01276767312615289,39.1
2024-10-05,2,hgb_clf,0.030726079056408763,43.7
2024-10-05,3,hgb_clf,0.01824137713910584,62.7
2024-10-06,1,logistic,0.020981425266704233,43.7
2024-10-06,2,logistic,0.029740765522989956,62.7
2024-10-06,3,logistic,0.054083157323239255,60.0
2024-10-06,1,forest_clf,0.0,43.7
2024-10-06,2,forest_clf,0.0035257669892515392,62.7
2024-10-06,3,forest_clf,0.0032284745575786563,60.0
2024-10-06,1,hgb_clf,0.009798916405244957,43.7
2024-10-06,2,hgb_clf,0.018191131795805657,62.7
2024-10-06,3,hgb_clf,0.018602937254025835,60.0
2024-10-07,1,logistic,0.03238367556307732,62.7
2024-10-07,2,logistic,0.028436066133940646,60.0
2024-10-07,3,logistic,0.06425458562719061,43.3
2024-10-07,1,forest_clf,0.0003379163439194422,62.7
2024-10-07,2,forest_clf,0.0035257669892515392,60.0
2024-10-07,3,forest_clf,0.0,43.3
2024-10-07,1,hgb_clf,0.013664636566670947,62.7
2024-10-07,2,hgb_clf,0.018420468878552122,60.0
2024-10-07,3,hgb_clf,0.053173028018170754,43.3
2024-10-08,1,logistic,0.05704029830437585,60.0
2024-10-08,2,logistic,0.05623457384534389,43.3
2024-10-08,3,logistic,0.09324087266155137,55.9
2024-10-08,1,forest_clf,0.01934907432688123,60.0
2024-10-08,2,forest_clf,0.005964265847413286,43.3
2024-10-08,3,forest_clf,0.0061659504136794855,55.9
2024-10-08,1,hgb_clf,0.008481190902621845,60.0
2024-10-08,2,hgb_clf,0.020259645836977015,43.3
2024-10-08,3,hgb_clf,0.02424088480226362,55.9
2024-10-09,1,logistic,0.05671395970427086,43.3
2024-10-09,2,logistic,0.06019583717939013,55.9
2024-10-09,3,logistic,0.0997913722539382,60.0
2024-10-09,1,forest_clf,0.005147517328951213,43.3
2024-10-09,2,forest_clf,0.010593002472845421,55.9
2024-10-09,3,forest_clf,0.009940197967351625,60.0
2024-10-09,1,hgb_clf,0.011994088545783857,43.3
2024-10-09,2,hgb_clf,0.017795760726493883,55.9
2024-10-09,3,hgb_clf,0.03207056871707177,60.0
2024-10-10,1,logistic,0.03533502480699291,55.9
2024-10-10,2,logistic,0.04280504682516675,60.0
2024-10-10,3,logistic,0.0834229093909017,84.3
2024-10-10,1,forest_clf,0.000896921634215542,55.9
2024-10-10,2,forest_clf,0.011342675496090747,60.0
2024-10-10,3,forest_clf,0.020305312056222668,84.3
2024-10-10,1,hgb_clf,0.012309483287208227,55.9
2024-10-10,2,hgb_clf,0.013577561357751431,60.0
2024-10-10,3,hgb_clf,0.04903696235990897,84.3
2024-10-11,1,logistic,0.05001136084313546,60.0
2024-10-11,2,logistic,0.07361920097127844,84.3
2024-10-11,3,logistic,0.11464336755245752,85.9
2024-10-11,1,forest_clf,0.008179851393349629,60.0
2024-10-11,2,forest_clf,0.01948085244089122,84.3
2024-10-11,3,forest_clf,0.023017648956839915,85.9
2024-10-11,1,hgb_clf,0.006117412201260782,60.0
2024-10-11,2,hgb_clf,0.03188669896862131,84.3
2024-10-11,3,hgb_clf,0.09097427507433321,85.9
2024-10-12,1,logistic,0.06166431880449543,84.3
2024-10-12,2,logistic,0.11181210329781802,85.9
2024-10-12,3,logistic,0.13863785231997275,76.2
2024-10-12,1,forest_clf,0.010982977797996774,84.3
2024-10-12,2,forest_clf,0.01829574281710135,85.9
2024-10-12,3,forest_clf,0.030113867650572987,76.2
2024-10-12,1,hgb_clf,0.006547386284039663,84.3
2024-10-12,2,hgb_clf,0.03216758671870631,85.9
2024-10-12,3,hgb_clf,0.14036170464506317,76.2
2024-10-13,1,logistic,0.12762963826033047,85.9
2024-10-13,2,logistic,0.2605462882363146,76.2
2024-10-13,3,logistic,0.21559872216776998,92.2
2024-10-13,1,forest_clf,0.04367271837071368,85.9
2024-10-13,2,forest_clf,0.09649921451591506,76.2
2024-10-13,3,forest_clf,0.10122019442388516,92.2
2024-10-13,1,hgb_clf,0.07215634328459446,85.9
2024-10-13,2,hgb_clf,0.20330289030814105,76.2
2024-10-13,3,hgb_clf,0.22736496964039968,92.2
2024-10-14,1,logistic,0.1630012286418686,76.2
2024-10-14,2,logistic,0.18505474038099046,92.2
2024-10-14,3,logistic,0.22027203436407586,112.0
2024-10-14,1,forest_clf,0.038911960332639266,76.2
2024-10-14,2,forest_clf,0.11324253857269488,92.2
2024-10-14,3,forest_clf,0.10289988777912644,112.0
2024-10-14,1,hgb_clf,0.1099470820866343,76.2
2024-10-14,2,hgb_clf,0.25670890736683766,92.2
2024-10-14,3,hgb_clf,0.24950801301816997,112.0
2024-10-15,1,logistic,0.1433475270368616,92.2
2024-10-15,2,logistic,0.17689054784465477,112.0
2024-10-15,3,logistic,0.21448744861441654,97.8
2024-10-15,1,forest_clf,0.02515080037148501,92.2
2024-10-15,2,forest_clf,0.05746507849898089,112.0
2024-10-15,3,forest_clf,0.09075705567677367,97.8
2024-10-15,1,hgb_clf,0.10256465018186486,92.2
2024-10-15,2,hgb_clf,0.2749832948249584,112.0
2024-10-15,3,hgb_clf,0.20817192337396156,97.8
2024-10-16,1,logistic,0.1918963425414785,112.0
2024-10-16,2,logistic,0.25989143119995695,97.8
2024-10-16,3,logistic,0.27614637840504314,101.0
2024-10-16,1,forest_clf,0.10287381130618765,112.0
2024-10-16,2,forest_clf,0.14496877721433044,97.8
2024-10-16,3,forest_clf,0.12069415783670927,101.0
2024-10-16,1,hgb_clf,0.2889631765616324,112.0
2024-10-16,2,hgb_clf,0.34063701745810543,97.8
2024-10-16,3,hgb_clf,0.22085486249463956,101.0
2024-10-17,1,logistic,0.27429011397246006,97.8
2024-10-17,2,logistic,0.35012117063778336,101.0
2024-10-17,3,logistic,0.33799136752257575,120.0
2024-10-17,1,forest_clf,0.34409572370757524,97.8
2024-10-17,2,forest_clf,0.24441060753876034,101.0
2024-10-17,3,forest_clf,0.32405264570710474,120.0
2024-10-17,1,hgb_clf,0.37116875727475523,97.8
2024-10-17,2,hgb_clf,0.3800909423084662,101.0
2024-10-17,3,hgb_clf,0.3321516572242431,120.0
2024-10-18,1,logistic,0.23190329396340584,101.0
2024-10-18,2,logistic,0.29860878701809995,120.0
2024-10-18,3,logistic,0.31299502215504443,131.0
2024-10-18,1,forest_clf,0.21907850047058086,101.0
2024-10-18,2,forest_clf,0.2760903616769807,120.0
2024-10-18,3,forest_clf,0.3349990141906317,131.0
2024-10-18,1,hgb_clf,0.38922305221030445,101.0
2024-10-18,2,hgb_clf,0.33201907484879395,120.0
2024-10-18,3,hgb_clf,0.285340168511391,131.0
2024-10-19,1,logistic,0.2572431826531418,120.0
2024-10-19,2,logistic,0.39599463260217593,131.0
2024-10-19,3,logistic,0.3495194968275047,136.0
2024-10-19,1,forest_clf,0.330116212836542,120.0
2024-10-19,2,forest_clf,0.3384871953417472,131.0
2024-10-19,3,forest_clf,0.45706381920085115,136.0
2024-10-19,1,hgb_clf,0.43737793428801475,120.0
2024-10-19,2,hgb_clf,0.39360176089468013,131.0
2024-10-19,3,hgb_clf,0.6485054008672873,136.0
2024-10-20,1,logistic,0.34210851090002947,131.0
2024-10-20,2,logistic,0.514176892799594,136.0
2024-10-20,3,logistic,0.4133249245194479,194.0
2024-10-20,1,forest_clf,0.41514360092628555,131.0
2024-10-20,2,forest_clf,0.41020859506766677,136.0
2024-10-20,3,forest_clf,0.5213937812687255,194.0
2024-10-20,1,hgb_clf,0.4832571908616847,131.0
2024-10-20,2,hgb_clf,0.6258024603790222,136.0
2024-10-20,3,hgb_clf,0.8079103812945703,194.0
2024-10-21,1,logistic,0.7332843350226829,136.0
2024-10-21,2,logistic,0.78339679056382,194.0
2024-10-21,3,logistic,0.8141654845617752,130.0
2024-10-21,1,forest_clf,0.5421651326820819,136.0
2024-10-21,2,forest_clf,0.5835276165888525,194.0
2024-10-21,3,forest_clf,0.6621881886296441,130.0
2024-10-21,1,hgb_clf,0.7356344334119754,136.0
2024-10-21,2,hgb_clf,0.8632424122602338,194.0
2024-10-21,3,hgb_clf,0.8368189896776685,130.0
2024-10-22,1,logistic,0.7883253126932273,194.0
2024-10-22,2,logistic,0.8040462766230588,130.0
2024-10-22,3,logistic,0.832612320484982,111.0
2024-10-22,1,forest_clf,0.6685089100983329,194.0
2024-10-22,2,forest_clf,0.6972349824978125,130.0
2024-10-22,3,forest_clf,0.8086635689808209,111.0
2024-10-22,1,hgb_clf,0.8304545125108097,194.0
2024-10-22,2,hgb_clf,0.8816430493535682,130.0
2024-10-22,3,hgb_clf,0.8675366895578175,111.0
2024-10-23,1,logistic,0.925462325677462,130.0
2024-10-23,2,logistic,0.9115833483912769,111.0
2024-10-23,3,logistic,0.8784334161471553,137.0
2024-10-23,1,forest_clf,0.7820874579337669,130.0
2024-10-23,2,forest_clf,0.8194645765399852,111.0
2024-10-23,3,forest_clf,0.8620661079246317,137.0
2024-10-23,1,hgb_clf,0.9599912004484441,130.0
2024-10-23,2,hgb_clf,0.9076283924869311,111.0
2024-10-23,3,hgb_clf,0.8699145438539846,137.0
2024-10-24,1,logistic,0.7740882933765142,111.0
2024-10-24,2,logistic,0.80940947882726,137.0
2024-10-24,3,logistic,0.8253777294525122,157.0
2024-10-24,1,forest_clf,0.7612040252911331,111.0
2024-10-24,2,forest_clf,0.8487720875180694,137.0
2024-10-24,3,forest_clf,0.848332416353882,157.0
2024-10-24,1,hgb_clf,0.8984598869088707,111.0
2024-10-24,2,hgb_clf,0.9270223643071972,137.0
2024-10-24,3,hgb_clf,0.8906974115732277,157.0
2024-10-25,1,logistic,0.6484844254310993,137.0
2024-10-25,2,logistic,0.7803454012200002,157.0
2024-10-25,3,logistic,0.8027102056801179,115.0
2024-10-25,1,forest_clf,0.6559954984387022,137.0
2024-10-25,2,forest_clf,0.7778216214282696,157.0
2024-10-25,3,forest_clf,0.7981616521208547,115.0
2024-10-25,1,hgb_clf,0.8449691728026072,137.0
2024-10-25,2,hgb_clf,0.8433544928720278,157.0
2024-10-25,3,hgb_clf,0.8822282745817945,115.0
2024-10-26,1,logistic,0.8106349557795709,157.0
2024-10-26,2,logistic,0.9032852923185485,115.0
2024-10-26,3,logistic,0.8846957147535758,97.7
2024-10-26,1,forest_clf,0.8837393400268668,157.0
2024-10-26,2,forest_clf,0.9156494546213289,115.0
2024-10-26,3,forest_clf,0.9315571208117518,97.7
2024-10-26,1,hgb_clf,0.9300946624552155,157.0
2024-10-26,2,hgb_clf,0.9377219372931187,115.0
2024-10-26,3,hgb_clf,0.9345389233251298,97.7
2024-10-27,1,logistic,0.8903725926719225,115.0
2024-10-27,2,logistic,0.9235437267443045,97.7
2024-10-27,3,logistic,0.8885064709420074,131.0
2024-10-27,1,forest_clf,0.8939875305281604,115.0
2024-10-27,2,forest_clf,0.9236261384234333,97.7
2024-10-27,3,forest_clf,0.9232573867394092,131.0
2024-10-27,1,hgb_clf,0.9252120269951478,115.0
2024-10-27,2,hgb_clf,0.9387633050167133,97.7
2024-10-27,3,hgb_clf,0.9325835616078973,131.0
2024-10-28,1,logistic,0.8065632950185893,97.7
2024-10-28,2,logistic,0.8188983037145141,131.0
2024-10-28,3,logistic,0.8517840609076814,176.0
2024-10-28,1,forest_clf,0.6670104943395537,97.7
2024-10-28,2,forest_clf,0.8345964415157694,131.0
2024-10-28,3,forest_clf,0.8376687294561707,176.0
2024-10-28,1,hgb_clf,0.8190982945270024,97.7
2024-10-28,2,hgb_clf,0.8999773111758403,131.0
2024-10-28,3,hgb_clf,0.9178261990139006,176.0
2024-10-29,1,logistic,0.6631463624983258,131.0
2024-10-29,2,logistic,0.7817415885658853,176.0
2024-10-29,3,logistic,0.8284710224563328,117.0
2024-10-29,1,forest_clf,0.4554656873439937,131.0
2024-10-29,2,forest_clf,0.7161809767885934,176.0
2024-10-29,3,forest_clf,0.7646356972559488,117.0
2024-10-29,1,hgb_clf,0.6569735349495821,131.0
2024-10-29,2,hgb_clf,0.7772173096731884,176.0
2024-10-29,3,hgb_clf,0.8880685306437327,117.0
2024-10-30,1,logistic,0.8114660906606999,176.0
2024-10-30,2,logistic,0.8817687274881668,117.0
2024-10-30,3,logistic,0.8677063474557328,184.0
2024-10-30,1,forest_clf,0.8460261467440504,176.0
2024-10-30,2,forest_clf,0.8853830163324611,117.0
2024-10-30,3,forest_clf,0.9155738170601697,184.0
2024-10-30,1,hgb_clf,0.9104791774598974,176.0
2024-10-30,2,hgb_clf,0.9277422913042991,117.0
2024-10-30,3,hgb_clf,0.9325835616078973,184.0
2024-10-31,1,logistic,0.916819978017162,117.0
2024-10-31,2,logistic,0.9115427930374355,184.0
2024-10-31,3,logistic,0.8922730550747277,207.0
2024-10-31,1,forest_clf,0.9390798943402247,117.0
2024-10-31,2,forest_clf,0.9293803272862594,184.0
2024-10-31,3,forest_clf,0.9256628401463997,207.0
2024-10-31,1,hgb_clf,0.9706699526949708,117.0
2024-10-31,2,hgb_clf,0.9401312188379981,184.0
2024-10-31,3,hgb_clf,0.9210234159346143,207.0
2024-11-01,1,logistic,0.7838862643671507,184.0
2024-11-01,2,logistic,0.8492341833414632,207.0
2024-11-01,3,logistic,0.8678334780441185,218.0
2024-11-01,1,forest_clf,0.6745228568513008,184.0
2024-11-01,2,forest_clf,0.8354700776877807,207.0
2024-11-01,3,forest_clf,0.8400279833316646,218.0
2024-11-01,1,hgb_clf,0.8439879177147748,184.0
2024-11-01,2,hgb_clf,0.9068838397323191,207.0
2024-11-01,3,hgb_clf,0.9101614835839626,218.0
2024-11-02,1,logistic,0.933580855571406,207.0
2024-11-02,2,logistic,0.9519467987144246,218.0
2024-11-02,3,logistic,0.9139837714999663,171.0
2024-11-02,1,forest_clf,0.9416591472831292,207.0
2024-11-02,2,forest_clf,0.9192149980311403,218.0
2024-11-02,3,forest_clf,0.9361505552799904,171.0
2024-11-02,1,hgb_clf,0.9739269660939739,207.0
2024-11-02,2,hgb_clf,0.9401312188379981,218.0
2024-11-02,3,hgb_clf,0.9242853532961807,171.0
2024-11-03,1,logistic,0.9539567894374886,218.0
2024-11-03,2,logistic,0.9587210930566372,171.0
2024-11-03,3,logistic,0.9268527887350818,168.0
2024-11-03,1,forest_clf,0.9510495362245217,218.0
2024-11-03,2,forest_clf,0.9359675188673865,171.0
2024-11-03,3,forest_clf,0.9305402571431348,168.0
2024-11-03,1,hgb_clf,0.9686494346713825,218.0
2024-11-03,2,hgb_clf,0.9519183582694909,171.0
2024-11-03,3,hgb_clf,0.9264624194021778,168.0
2024-11-04,1,logistic,0.9850944559582108,171.0
2024-11-04,2,logistic,0.9552116297667137,168.0
2024-11-04,3,logistic,0.9423912562336363,206.0
2024-11-04,1,forest_clf,0.9774486633701442,171.0
2024-11-04,2,forest_clf,0.9468111486676982,168.0
2024-11-04,3,forest_clf,0.9504037508570807,206.0
2024-11-04,1,hgb_clf,0.9688575176231458,171.0
2024-11-04,2,hgb_clf,0.9502303661542262,168.0
2024-11-04,3,hgb_clf,0.9447526090655478,206.0
2024-11-05,1,logistic,0.952353520425953,168.0
2024-11-05,2,logistic,0.9169322841060342,206.0
2024-11-05,3,logistic,0.9297685854425333,180.0
2024-11-05,1,forest_clf,0.9586776539896446,168.0
2024-11-05,2,forest_clf,0.9501254618011159,206.0
2024-11-05,3,forest_clf,0.946048290074316,180.0
2024-11-05,1,hgb_clf,0.964115697894859,168.0
2024-11-05,2,hgb_clf,0.938439516609265,206.0
2024-11-05,3,hgb_clf,0.9427414770637742,180.0
2024-11-06,1,logistic,0.9421979978054923,206.0
2024-11-06,2,logistic,0.9279903913136985,180.0
2024-11-06,3,logistic,0.9315770872184092,164.0
2024-11-06,1,forest_clf,0.9738022916915914,206.0
2024-11-06,2,forest_clf,0.943607618074617,180.0
2024-11-06,3,forest_clf,0.9514977392814129,164.0
2024-11-06,1,hgb_clf,0.9771213379841869,206.0
2024-11-06,2,hgb_clf,0.9335706036144678,180.0
2024-11-06,3,hgb_clf,0.9357709345116192,164.0
2024-11-07,1,logistic,0.9737480205476001,180.0
2024-11-07,2,logistic,0.955318240324997,164.0
2024-11-07,3,logistic,0.9457914610261644,156.0
2024-11-07,1,forest_clf,0.9776869044676603,180.0
2024-11-07,2,forest_clf,0.9498975757266396,164.0
2024-11-07,3,forest_clf,0.9339226866444298,156.0
2024-11-07,1,hgb_clf,0.9780712820536579,180.0
2024-11-07,2,hgb_clf,0.9528724440382904,164.0
2024-11-07,3,hgb_clf,0.9426748337406868,156.0
2024-11-08,1,logistic,0.9647397373119879,164.0
2024-11-08,2,logistic,0.9346122508096805,156.0
2024-11-08,3,logistic,0.940565680538517,167.0
2024-11-08,1,forest_clf,0.9754500382996157,164.0
2024-11-08,2,forest_clf,0.9286399053252122,156.0
2024-11-08,3,forest_clf,0.9362772948136583,167.0
2024-11-08,1,hgb_clf,0.9780712820536579,164.0
2024-11-08,2,hgb_clf,0.9519939475932988,156.0
2024-11-08,3,hgb_clf,0.9485948325579995,167.0
2024-11-09,1,logistic,0.9512189390671532,156.0
2024-11-09,2,logistic,0.945054310777857,167.0
2024-11-09,3,logistic,0.9302887707551115,177.0
2024-11-09,1,forest_clf,0.96524170095651,156.0
2024-11-09,2,forest_clf,0.9279230025985187,167.0
2024-11-09,3,forest_clf,0.9257810531822408,177.0
2024-11-09,1,hgb_clf,0.9733080524058945,156.0
2024-11-09,2,hgb_clf,0.9426685119771698,167.0
2024-11-09,3,hgb_clf,0.9475435331476895,177.0
2024-11-10,1,logistic,0.9357482962343256,167.0
2024-11-10,2,logistic,0.9439737102502677,177.0
2024-11-10,3,logistic,0.9316973592079111,385.0
2024-11-10,1,forest_clf,0.9190450838751416,167.0
2024-11-10,2,forest_clf,0.9107098496199248,177.0
2024-11-10,3,forest_clf,0.8927049261307723,385.0
2024-11-10,1,hgb_clf,0.9383630767509267,167.0
2024-11-10,2,hgb_clf,0.9312340496946933,177.0
2024-11-10,3,hgb_clf,0.9393283942666201,385.0
2024-11-11,1,logistic,0.9620546349441432,177.0
2024-11-11,2,logistic,0.9294782646441614,385.0
2024-11-11,3,logistic,0.9317234249214984,292.0
2024-11-11,1,forest_clf,0.9601292609228791,177.0
2024-11-11,2,forest_clf,0.8957374768386809,385.0
2024-11-11,3,forest_clf,0.885733376471988,292.0
2024-11-11,1,hgb_clf,0.9748027794387955,177.0
2024-11-11,2,hgb_clf,0.9161031735944843,385.0
2024-11-11,3,hgb_clf,0.9485332671916462,292.0
2024-11-12,1,logistic,0.9696643855628229,385.0
2024-11-12,2,logistic,0.9406630100139041,292.0
2024-11-12,3,logistic,0.9395491030253467,251.0
2024-11-12,1,forest_clf,0.9690060280601093,385.0
2024-11-12,2,forest_clf,0.8912160352587564,292.0
2024-11-12,3,forest_clf,0.885206614859618,251.0
2024-11-12,1,hgb_clf,0.967143170607973,385.0
2024-11-12,2,hgb_clf,0.9154630360057635,292.0
2024-11-12,3,hgb_clf,0.9230440902412578,251.0
2024-11-13,1,logistic,0.999127059865331,292.0
2024-11-13,2,logistic,0.9923270634170646,251.0
2024-11-13,3,logistic,0.9642735593103631,321.0
2024-11-13,1,forest_clf,0.9784710977301248,292.0
2024-11-13,2,forest_clf,0.9274289723428109,251.0
2024-11-13,3,forest_clf,0.9036591330116007,321.0
2024-11-13,1,hgb_clf,0.955845238629859,292.0
2024-11-13,2,hgb_clf,0.9407035082104945,251.0
2024-11-13,3,hgb_clf,0.9152916746476937,321.0
2024-11-14,1,logistic,0.9962589953559738,251.0
2024-11-14,2,logistic,0.9757637947479492,321.0
2024-11-14,3,logistic,0.9497021515771473,470.0
2024-11-14,1,forest_clf,0.9690512395076568,251.0
2024-11-14,2,forest_clf,0.9369812751611858,321.0
2024-11-14,3,forest_clf,0.9193471130470167,470.0
2024-11-14,1,hgb_clf,0.9491652477351621,251.0
2024-11-14,2,hgb_clf,0.9454816908268814,321.0
2024-11-14,3,hgb_clf,0.9378887345701314,470.0
2024-11-15,1,logistic,0.9941513266961051,321.0
2024-11-15,2,logistic,0.9790082135417031,470.0
2024-11-15,3,logistic,0.9546415197053673,665.0
2024-11-15,1,forest_clf,0.9871628168631321,321.0
2024-11-15,2,forest_clf,0.9397934597159053,470.0
2024-11-15,3,forest_clf,0.9210338755264316,665.0
2024-11-15,1,hgb_clf,0.9736215704000762,321.0
2024-11-15,2,hgb_clf,0.9460922514159973,470.0
2024-11-15,3,hgb_clf,0.9404707976242358,665.0
2024-11-16,1,logistic,0.9979955594574391,470.0
2024-11-16,2,logistic,0.9908529017805303,665.0
2024-11-16,3,logistic,0.9778889301020571,310.0
2024-11-16,1,forest_clf,0.9896352656540354,470.0
2024-11-16,2,forest_clf,0.9362531654474279,665.0
2024-11-16,3,forest_clf,0.9132724917452723,310.0
2024-11-16,1,hgb_clf,0.976546285985172,470.0
2024-11-16,2,hgb_clf,0.9516174971192382,665.0
2024-11-16,3,hgb_clf,0.9391422166349472,310.0
2024-11-17,1,logistic,0.9998434838342477,665.0
2024-11-17,2,logistic,0.9936391986109379,310.0
2024-11-17,3,logistic,0.9722996360123649,253.0
2024-11-17,1,forest_clf,0.9795061382852692,665.0
2024-11-17,2,forest_clf,0.9011930181257545,310.0
2024-11-17,3,forest_clf,0.8889980979770212,253.0
2024-11-17,1,hgb_clf,0.9522605608263456,665.0
2024-11-17,2,hgb_clf,0.9420552416273107,310.0
2024-11-17,3,hgb_clf,0.9361149312272605,253.0
2024-11-18,1,logistic,0.999997200517102,310.0
2024-11-18,2,logistic,0.9954432667492643,253.0
2024-11-18,3,logistic,0.9701591332435051,190.0
2024-11-18,1,forest_clf,0.9724241141411879,310.0
2024-11-18,2,forest_clf,0.8621626438001926,253.0
2024-11-18,3,forest_clf,0.8223550498904205,190.0
2024-11-18,1,hgb_clf,0.9563657617366198,310.0
2024-11-18,2,hgb_clf,0.9422062881378974,253.0
2024-11-18,3,hgb_clf,0.9199030595960729,190.0
2024-11-19,1,logistic,0.9984037107343428,253.0
2024-11-19,2,logistic,0.9607084508270589,190.0
2024-11-19,3,logistic,0.9595467477638299,264.0
2024-11-19,1,forest_clf,0.9602429747417431,253.0
2024-11-19,2,forest_clf,0.8678214415026965,190.0
2024-11-19,3,forest_clf,0.8424550126368238,264.0
2024-11-19,1,hgb_clf,0.9510506442350212,253.0
2024-11-19,2,hgb_clf,0.9155994410353533,190.0
2024-11-19,3,hgb_clf,0.9047245169069277,264.0
2024-11-20,1,logistic,0.9813654849941048,190.0
2024-11-20,2,logistic,0.9606927428182986,264.0
2024-11-20,3,logistic,0.9291626043878339,208.0
2024-11-20,1,forest_clf,0.9563225562130764,190.0
2024-11-20,2,forest_clf,0.891484077001339,264.0
2024-11-20,3,forest_clf,0.8400325343340885,208.0
2024-11-20,1,hgb_clf,0.9430235300751084,190.0
2024-11-20,2,hgb_clf,0.9134824949697748,264.0
2024-11-20,3,hgb_clf,0.9162584963138667,208.0
2024-11-21,1,logistic,0.9648606631525084,264.0
2024-11-21,2,logistic,0.9709499260646706,208.0
2024-11-21,3,logistic,0.9829306045421624,134.0
2024-11-21,1,forest_clf,0.9607826037396886,264.0
2024-11-21,2,forest_clf,0.8936942707100418,208.0
2024-11-21,3,forest_clf,0.8526416522688666,134.0
2024-11-21,1,hgb_clf,0.9716809038666483,264.0
2024-11-21,2,hgb_clf,0.9317796332324644,208.0
2024-11-21,3,hgb_clf,0.9162584963138667,134.0
2024-11-22,1,logistic,0.9962146028524296,208.0
2024-11-22,2,logistic,0.9821112662929165,134.0
2024-11-22,3,logistic,0.9801343791560492,259.0
2024-11-22,1,forest_clf,0.979400748804962,208.0
2024-11-22,2,forest_clf,0.8981909693809356,134.0
2024-11-22,3,forest_clf,0.848680560896513,259.0
2024-11-22,1,hgb_clf,0.9733804665004699,208.0
2024-11-22,2,hgb_clf,0.9439053452949825,134.0
2024-11-22,3,hgb_clf,0.9136664389438884,259.0
2024-11-23,1,logistic,0.9920784717072543,134.0
2024-11-23,2,logistic,0.9828569076537252,259.0
2024-11-23,3,logistic,0.9785135958594159,154.0
2024-11-23,1,forest_clf,0.9627807625585061,134.0
2024-11-23,2,forest_clf,0.9050575021062925,259.0
2024-11-23,3,forest_clf,0.8607370221332665,154.0
2024-11-23,1,hgb_clf,0.9728551212265544,134.0
2024-11-23,2,hgb_clf,0.9362688203157978,259.0
2024-11-23,3,hgb_clf,0.9126824265160843,154.0
2024-11-24,1,logistic,0.9593051620302542,259.0
2024-11-24,2,logistic,0.9732941774065637,154.0
2024-11-24,3,logistic,0.9586828526559888,149.0
2024-11-24,1,forest_clf,0.887013687327378,259.0
2024-11-24,2,forest_clf,0.9093144566448953,154.0
2024-11-24,3,forest_clf,0.8618818524471726,149.0
2024-11-24,1,hgb_clf,0.9033369420121855,259.0
2024-11-24,2,hgb_clf,0.9370086893482894,154.0
2024-11-24,3,hgb_clf,0.9006905387622237,149.0
2024-11-25,1,logistic,0.9911228112241701,154.0
2024-11-25,2,logistic,0.9717045416155549,149.0
2024-11-25,3,logistic,0.874315084842199,167.0
2024-11-25,1,forest_clf,0.985530127060392,154.0
2024-11-25,2,forest_clf,0.9331851116928006,149.0
2024-11-25,3,forest_clf,0.883480298551806,167.0
2024-11-25,1,hgb_clf,0.9757490695371024,154.0
2024-11-25,2,hgb_clf,0.9494657563733205,149.0
2024-11-25,3,hgb_clf,0.9223780594197636,167.0
2024-11-26,1,logistic,0.933486898137788,149.0
2024-11-26,2,logistic,0.8776266534761057,167.0
2024-11-26,3,logistic,0.8646557032359742,195.0
2024-11-26,1,forest_clf,0.8908466467427482,149.0
2024-11-26,2,forest_clf,0.9192396435637232,167.0
2024-11-26,3,forest_clf,0.8758247304882529,195.0
2024-11-26,1,hgb_clf,0.9307277363639933,149.0
2024-11-26,2,hgb_clf,0.932976903963689,167.0
2024-11-26,3,hgb_clf,0.9138538403807717,195.0
2024-11-27,1,logistic,0.9319886368125679,167.0
2024-11-27,2,logistic,0.9017245436042732,195.0
2024-11-27,3,logistic,0.8650383300497972,186.0
2024-11-27,1,forest_clf,0.931307305829966,167.0
2024-11-27,2,forest_clf,0.9161660435927904,195.0
2024-11-27,3,forest_clf,0.8746921233758382,186.0
2024-11-27,1,hgb_clf,0.9202494729649978,167.0
2024-11-27,2,hgb_clf,0.916228800069158,195.0
2024-11-27,3,hgb_clf,0.9194920347673832,186.0
2024-11-28,1,logistic,0.9513526053506658,195.0
2024-11-28,2,logistic,0.9297448095196621,186.0
2024-11-28,3,logistic,0.9251338632934705,152.0
2024-11-28,1,forest_clf,0.9719534394315988,195.0
2024-11-28,2,forest_clf,0.9168049992283778,186.0
2024-11-28,3,forest_clf,0.8954750997033922,152.0
2024-11-28,1,hgb_clf,0.9806834426339484,195.0
2024-11-28,2,hgb_clf,0.9411511556188111,186.0
2024-11-28,3,hgb_clf,0.9611082086108635,152.0
2024-11-29,1,logistic,0.9740579642592748,186.0
2024-11-29,2,logistic,0.9435976477935789,152.0
2024-11-29,3,logistic,0.9066452713987545,134.0
2024-11-29,1,forest_clf,0.9859049350849102,186.0
2024-11-29,2,forest_clf,0.9079129732723646,152.0
2024-11-29,3,forest_clf,0.8965273678204793,134.0
2024-11-29,1,hgb_clf,0.9823948327223414,186.0
2024-11-29,2,hgb_clf,0.9377504353637564,152.0
2024-11-29,3,hgb_clf,0.941602714051199,134.0
2024-11-30,1,logistic,0.9745001144620375,152.0
2024-11-30,2,logistic,0.9600848640255248,134.0
2024-11-30,3,logistic,0.9247728417572143,120.0
2024-11-30,1,forest_clf,0.9813782213328968,152.0
2024-11-30,2,forest_clf,0.9292034843412255,134.0
2024-11-30,3,forest_clf,0.8982074722470241,120.0
2024-11-30,1,hgb_clf,0.9806834426339484,152.0
2024-11-30,2,hgb_clf,0.9469085150891461,134.0
2024-11-30,3,hgb_clf,0.9534312373967517,120.0
2024-12-01,1,logistic,0.9500048366360306,134.0
2024-12-01,2,logistic,0.9747186193997964,120.0
2024-12-01,3,logistic,0.9491334794907353,82.3
2024-12-01,1,forest_clf,0.9057601862156548,134.0
2024-12-01,2,forest_clf,0.9319013408176624,120.0
2024-12-01,3,forest_clf,0.8857623785500315,82.3
2024-12-01,1,hgb_clf,0.944610396043474,134.0
2024-12-01,2,hgb_clf,0.9340365791995195,120.0
2024-12-01,3,hgb_clf,0.9585668801352387,82.3
2024-12-02,1,logistic,0.9499079417196602,120.0
2024-12-02,2,logistic,0.9649597287466382,82.3
2024-12-02,3,logistic,0.9627881543592769,82.6
2024-12-02,1,forest_clf,0.9163674200248247,120.0
2024-12-02,2,forest_clf,0.8887858832863457,82.3
2024-12-02,3,forest_clf,0.9032438388158154,82.6
2024-12-02,1,hgb_clf,0.9177671463000107,120.0
2024-12-02,2,hgb_clf,0.9030856159313907,82.3
2024-12-02,3,hgb_clf,0.9431575869302197,82.6
2024-12-03,1,logistic,0.9285724250178059,82.3
2024-12-03,2,logistic,0.9587013899835553,82.6
2024-12-03,3,logistic,0.9706464689063831,93.9
2024-12-03,1,forest_clf,0.7662741354410882,82.3
2024-12-03,2,forest_clf,0.8384757612561553,82.6
2024-12-03,3,forest_clf,0.8434430010875468,93.9
2024-12-03,1,hgb_clf,0.8655965224096458,82.3
2024-12-03,2,hgb_clf,0.8780048004519008,82.6
2024-12-03,3,hgb_clf,0.9236918857360987,93.9
2024-12-04,1,logistic,0.8310875923743442,82.6
2024-12-04,2,logistic,0.9465760140153742,93.9
2024-12-04,3,logistic,0.9668178811188773,108.0
2024-12-04,1,forest_clf,0.4239213896488085,82.6
2024-12-04,2,forest_clf,0.6372364143612367,93.9
2024-12-04,3,forest_clf,0.7338389843498999,108.0
2024-12-04,1,hgb_clf,0.5378155955501498,82.6
2024-12-04,2,hgb_clf,0.7135001973850379,93.9
2024-12-04,3,hgb_clf,0.830900845474651,108.0
2024-12-05,1,logistic,0.8110046762030634,93.9
2024-12-05,2,logistic,0.9504341692811143,108.0
2024-12-05,3,logistic,0.9666738393197369,148.0
2024-12-05,1,forest_clf,0.363266719824708,93.9
2024-12-05,2,forest_clf,0.6020325822816937,108.0
2024-12-05,3,forest_clf,0.7393309104825982,148.0
2024-12-05,1,hgb_clf,0.5313922159727059,93.9
2024-12-05,2,hgb_clf,0.7131631533723928,108.0
2024-12-05,3,hgb_clf,0.8641995746776211,148.0
2024-12-06,1,logistic,0.8545394378114797,108.0
2024-12-06,2,logistic,0.9711372928842,148.0
2024-12-06,3,logistic,0.9742881875904614,96.1
2024-12-06,1,forest_clf,0.3760980248597802,108.0
2024-12-06,2,forest_clf,0.6402921149634487,148.0
2024-12-06,3,forest_clf,0.7736489375983376,96.1
2024-12-06,1,hgb_clf,0.6801839675070093,108.0
2024-12-06,2,hgb_clf,0.8614707512643028,148.0
2024-12-06,3,hgb_clf,0.9059982100773755,96.1
2024-12-07,1,logistic,0.8781846583477171,148.0
2024-12-07,2,logistic,0.9800593293875459,96.1
2024-12-07,3,logistic,0.9725912506284196,109.0
2024-12-07,1,forest_clf,0.5958291318541318,148.0
2024-12-07,2,forest_clf,0.6851369125432022,96.1
2024-12-07,3,forest_clf,0.7766557614609042,109.0
2024-12-07,1,hgb_clf,0.8171000603579233,148.0
2024-12-07,2,hgb_clf,0.8431370404406608,96.1
2024-12-07,3,hgb_clf,0.9133199733295794,109.0
2024-12-08,1,logistic,0.9303419338055702,96.1
2024-12-08,2,logistic,0.983798671425491,109.0
2024-12-08,3,logistic,0.9739822922732208,119.0
2024-12-08,1,forest_clf,0.8593769519089561,96.1
2024-12-08,2,forest_clf,0.8136661604044042,109.0
2024-12-08,3,forest_clf,0.8580192978705644,119.0
2024-12-08,1,hgb_clf,0.8761332185847039,96.1
2024-12-08,2,hgb_clf,0.9171898651392588,109.0
2024-12-08,3,hgb_clf,0.9258019511791151,119.0
2024-12-09,1,logistic,0.8646532573325882,109.0
2024-12-09,2,logistic,0.9654439264868371,119.0
2024-12-09,3,logistic,0.9759176954827611,164.0
2024-12-09,1,forest_clf,0.4068743189272538,109.0
2024-12-09,2,forest_clf,0.6254512651245724,119.0
2024-12-09,3,forest_clf,0.6673300793394329,164.0
2024-12-09,1,hgb_clf,0.5999152751953056,109.0
2024-12-09,2,hgb_clf,0.8340077470517423,119.0
2024-12-09,3,hgb_clf,0.8432454062454555,164.0
2024-12-10,1,logistic,0.8728581465345192,119.0
2024-12-10,2,logistic,0.9729683566684721,164.0
2024-12-10,3,logistic,0.9776438482281905,120.0
2024-12-10,1,forest_clf,0.549534074529381,119.0
2024-12-10,2,forest_clf,0.627106936727944,164.0
2024-12-10,3,forest_clf,0.6767158359215389,120.0
2024-12-10,1,hgb_clf,0.7308809483716826,119.0
2024-12-10,2,hgb_clf,0.6845209338941562,164.0
2024-12-10,3,hgb_clf,0.8809608116959149,120.0
2024-12-11,1,logistic,0.888726365932665,164.0
2024-12-11,2,logistic,0.9774836501939654,120.0
2024-12-11,3,logistic,0.9830887118832877,106.0
2024-12-11,1,forest_clf,0.6567951156728129,164.0
2024-12-11,2,forest_clf,0.638556471522351,120.0
2024-12-11,3,forest_clf,0.7219347028055852,106.0
2024-12-11,1,hgb_clf,0.7845208609799286,164.0
2024-12-11,2,hgb_clf,0.8305633499041977,120.0
2024-12-11,3,hgb_clf,0.8951411111066885,106.0
2024-12-12,1,logistic,0.95340729697287,120.0
2024-12-12,2,logistic,0.9842481634150816,106.0
2024-12-12,3,logistic,0.983596356689007,177.0
2024-12-12,1,forest_clf,0.9145382597111823,120.0
2024-12-12,2,forest_clf,0.8159015370706634,106.0
2024-12-12,3,forest_clf,0.8779353911256288,177.0
2024-12-12,1,hgb_clf,0.9609918936002425,120.0
2024-12-12,2,hgb_clf,0.9168286231833517,106.0
2024-12-12,3,hgb_clf,0.9212639769523439,177.0
2024-12-13,1,logistic,0.9038389122192292,106.0
2024-12-13,2,logistic,0.982457953900144,177.0
2024-12-13,3,logistic,0.9836900928287795,267.0
2024-12-13,1,forest_clf,0.6910762904725211,106.0
2024-12-13,2,forest_clf,0.7462508930222431,177.0
2024-12-13,3,forest_clf,0.8075648036618821,267.0
2024-12-13,1,hgb_clf,0.8189630526880028,106.0
2024-12-13,2,hgb_clf,0.8806199310402753,177.0
2024-12-13,3,hgb_clf,0.9383394166672718,267.0
2024-12-14,1,logistic,0.8664077216195473,177.0
2024-12-14,2,logistic,0.9868557684641487,267.0
2024-12-14,3,logistic,0.9836838050905915,298.0
2024-12-14,1,forest_clf,0.5584322213309667,177.0
2024-12-14,2,forest_clf,0.6837549144734761,267.0
2024-12-14,3,forest_clf,0.734189853714425,298.0
2024-12-14,1,hgb_clf,0.7392626200197963,177.0
2024-12-14,2,hgb_clf,0.8518263161537382,267.0
2024-12-14,3,hgb_clf,0.9412418259444192,298.0
2024-12-15,1,logistic,0.9492051206068729,267.0
2024-12-15,2,logistic,0.991917311050338,298.0
2024-12-15,3,logistic,0.9850291783918844,373.0
2024-12-15,1,forest_clf,0.9149417194111134,267.0
2024-12-15,2,forest_clf,0.8423633550880961,298.0
2024-12-15,3,forest_clf,0.8690053934745715,373.0
2024-12-15,1,hgb_clf,0.9706106653180485,267.0
2024-12-15,2,hgb_clf,0.9463008610847994,298.0
2024-12-15,3,hgb_clf,0.9533813680063147,373.0
2024-12-16,1,logistic,0.9912923609627962,298.0
2024-12-16,2,logistic,0.990620563828119,373.0
2024-12-16,3,logistic,0.9834410756789653,299.0
2024-12-16,1,forest_clf,0.9546521185958841,298.0
2024-12-16,2,forest_clf,0.9198938082686374,373.0
2024-12-16,3,forest_clf,0.8924215304676273,299.0
2024-12-16,1,hgb_clf,0.9792674808929399,298.0
2024-12-16,2,hgb_clf,0.9685148618739226,373.0
2024-12-16,3,hgb_clf,0.9634110975365332,299.0
2024-12-17,1,logistic,0.996494578919718,373.0
2024-12-17,2,logistic,0.9900562077241457,299.0
2024-12-17,3,logistic,0.9807180399863186,332.0
2024-12-17,1,forest_clf,0.9795709630488847,373.0
2024-12-17,2,forest_clf,0.9453965103750693,299.0
2024-12-17,3,forest_clf,0.9360759307783115,332.0
2024-12-17,1,hgb_clf,0.9836564938072536,373.0
2024-12-17,2,hgb_clf,0.9695808182329512,299.0
2024-12-17,3,hgb_clf,0.9608375597509348,332.0
2024-12-18,1,logistic,0.9992656699097716,299.0
2024-12-18,2,logistic,0.9955920216631639,332.0
2024-12-18,3,logistic,0.987140221098512,226.0
2024-12-18,1,forest_clf,0.9912888781916255,299.0
2024-12-18,2,forest_clf,0.9767014964242293,332.0
2024-12-18,3,forest_clf,0.9573145250993403,226.0
2024-12-18,1,hgb_clf,0.981871200418471,299.0
2024-12-18,2,hgb_clf,0.9742529559018669,332.0
2024-12-18,3,hgb_clf,0.9588442249108435,226.0
2024-12-19,1,logistic,0.9967298983247609,332.0
2024-12-19,2,logistic,0.9904038302995758,226.0
2024-12-19,3,logistic,0.9839335820898546,286.0
2024-12-19,1,forest_clf,0.9817633459636655,332.0
2024-12-19,2,forest_clf,0.9726163262026648,226.0
2024-12-19,3,forest_clf,0.9648466959673314,286.0
2024-12-19,1,hgb_clf,0.9804588623226312,332.0
2024-12-19,2,hgb_clf,0.9666022514890643,226.0
2024-12-19,3,hgb_clf,0.9626524417550668,286.0
2024-12-20,1,logistic,0.9980855725860737,226.0
2024-12-20,2,logistic,0.9910341213652847,286.0
2024-12-20,3,logistic,0.9847439615900566,275.0
2024-12-20,1,forest_clf,0.9916274845304061,226.0
2024-12-20,2,forest_clf,0.9808456108932917,286.0
2024-12-20,3,forest_clf,0.9587585536832295,275.0
2024-12-20,1,hgb_clf,0.9817351286097129,226.0
2024-12-20,2,hgb_clf,0.9620683962728395,286.0
2024-12-20,3,hgb_clf,0.9443018050467769,275.0
2024-12-21,1,logistic,0.9787210786380309,286.0
2024-12-21,2,logistic,0.9763600365780432,275.0
2024-12-21,3,logistic,0.9795759921666072,191.0
2024-12-21,1,forest_clf,0.9808642631771098,286.0
2024-12-21,2,forest_clf,0.9769430477803691,275.0
2024-12-21,3,forest_clf,0.9578471054457474,191.0
2024-12-21,1,hgb_clf,0.9802557517978384,286.0
2024-12-21,2,hgb_clf,0.9658402843533084,275.0
2024-12-21,3,hgb_clf,0.9577789840608893,191.0
2024-12-22,1,logistic,0.9937237200793979,275.0
2024-12-22,2,logistic,0.9870266110854072,191.0
2024-12-22,3,logistic,0.9784707096580352,212.0
2024-12-22,1,forest_clf,0.9927587369612978,275.0
2024-12-22,2,forest_clf,0.9730045474809392,191.0
2024-12-22,3,forest_clf,0.9469880039933785,212.0
2024-12-22,1,hgb_clf,0.9840543099943388,275.0
2024-12-22,2,hgb_clf,0.9666766576510195,191.0
2024-12-22,3,hgb_clf,0.9587113882637593,212.0
2024-12-23,1,logistic,0.9949236263890167,191.0
2024-12-23,2,logistic,0.9822840273228212,212.0
2024-12-23,3,logistic,0.980639336117029,210.0
2024-12-23,1,forest_clf,0.9912187286281605,191.0
2024-12-23,2,forest_clf,0.9690325434129038,212.0
2024-12-23,3,forest_clf,0.9595482295030386,210.0
2024-12-23,1,hgb_clf,0.9832960272600949,191.0
2024-12-23,2,hgb_clf,0.9693643893249837,212.0
2024-12-23,3,hgb_clf,0.9714595192819895,210.0
2024-12-24,1,logistic,0.9735982302501104,212.0
2024-12-24,2,logistic,0.9667045629993142,210.0
2024-12-24,3,logistic,0.9667287292084756,149.0
2024-12-24,1,forest_clf,0.9770983054008969,212.0
2024-12-24,2,forest_clf,0.9807817788147314,210.0
2024-12-24,3,forest_clf,0.9608182779992076,149.0
2024-12-24,1,hgb_clf,0.9790243840372513,212.0
2024-12-24,2,hgb_clf,0.964935225858355,210.0
2024-12-24,3,hgb_clf,0.964153067390038,149.0
2024-12-25,1,logistic,0.9765795350252805,210.0
2024-12-25,2,logistic,0.9794647358374463,149.0
2024-12-25,3,logistic,0.9662903481473356,91.8
2024-12-25,1,forest_clf,0.9940114220513692,210.0
2024-12-25,2,forest_clf,0.9867076198283788,149.0
2024-12-25,3,forest_clf,0.9497046427963614,91.8
2024-12-25,1,hgb_clf,0.9811481744599795,210.0
2024-12-25,2,hgb_clf,0.964935225858355,149.0
2024-12-25,3,hgb_clf,0.9640397896811124,91.8
2024-12-26,1,logistic,0.9805620468906333,149.0
2024-12-26,2,logistic,0.9817757274807469,91.8
2024-12-26,3,logistic,0.9755654700293829,109.0
2024-12-26,1,forest_clf,0.9946966915437837,149.0
2024-12-26,2,forest_clf,0.9774784815027094,91.8
2024-12-26,3,forest_clf,0.9697366460706762,109.0
2024-12-26,1,hgb_clf,0.9831913046609703,149.0
2024-12-26,2,hgb_clf,0.970936271934388,91.8
2024-12-26,3,hgb_clf,0.9687362755358776,109.0
2024-12-27,1,logistic,0.9221343794269425,91.8
2024-12-27,2,logistic,0.9644077578190087,109.0
2024-12-27,3,logistic,0.9525465968535912,116.0
2024-12-27,1,forest_clf,0.8912748410820156,91.8
2024-12-27,2,forest_clf,0.972459157391869,109.0
2024-12-27,3,forest_clf,0.9601543799505123,116.0
2024-12-27,1,hgb_clf,0.9374112498058522,91.8
2024-12-27,2,hgb_clf,0.9648423040019958,109.0
2024-12-27,3,hgb_clf,0.9618292768674283,116.0
2024-12-28,1,logistic,0.6663834643439184,109.0
2024-12-28,2,logistic,0.9347482025731705,116.0
2024-12-28,3,logistic,0.9376955299445401,183.0
2024-12-28,1,forest_clf,0.513034899898457,109.0
2024-12-28,2,forest_clf,0.73743844361869,116.0
2024-12-28,3,forest_clf,0.8042935147926302,183.0
2024-12-28,1,hgb_clf,0.7747882920851639,109.0
2024-12-28,2,hgb_clf,0.8901842026572002,116.0
2024-12-28,3,hgb_clf,0.8882098175825589,183.0
2024-12-29,1,logistic,0.7272413208662292,116.0
2024-12-29,2,logistic,0.9516667125751064,183.0
2024-12-29,3,logistic,0.9426580486453727,210.0
2024-12-29,1,forest_clf,0.6456823216684501,116.0
2024-12-29,2,forest_clf,0.7899758723691519,183.0
2024-12-29,3,forest_clf,0.8425133021815502,210.0
2024-12-29,1,hgb_clf,0.8640754897200672,116.0
2024-12-29,2,hgb_clf,0.8870236418789235,183.0
2024-12-29,3,hgb_clf,0.9544399283852355,210.0
2024-12-30,1,logistic,0.7944399323475246,183.0
2024-12-30,2,logistic,0.9220737610000983,210.0
2024-12-30,3,logistic,0.9316338426512754,199.0
2024-12-30,1,forest_clf,0.6951578970080251,183.0
2024-12-30,2,forest_clf,0.799987545384308,210.0
2024-12-30,3,forest_clf,0.8398231999392842,199.0
2024-12-30,1,hgb_clf,0.8433897897483642,183.0
2024-12-30,2,hgb_clf,0.9243199110686474,210.0
2024-12-30,3,hgb_clf,0.9545953248157902,199.0
2024-12-31,1,logistic,0.928971373595757,210.0
2024-12-31,2,logistic,0.954628268196014,199.0
2024-12-31,3,logistic,0.9418630726299166,268.0
2024-12-31,1,forest_clf,0.9482073343319911,210.0
2024-12-31,2,forest_clf,0.9075890424595751,199.0
2024-12-31,3,forest_clf,0.9051819071711737,268.0
2024-12-31,1,hgb_clf,0.9756616519442802,210.0
2024-12-31,2,hgb_clf,0.9475773722813935,199.0
2024-12-31,3,hgb_clf,0.9467131629579163,268.0
2025-01-01,1,logistic,0.960962259957358,199.0
2025-01-01,2,logistic,0.9043550905873962,268.0
2025-01-01,3,logistic,0.9083141056959867,275.0
2025-01-01,1,forest_clf,0.9615045063373994,199.0
2025-01-01,2,forest_clf,0.9131390792706716,268.0
2025-01-01,3,forest_clf,0.9112245186256558,275.0
2025-01-01,1,hgb_clf,0.9750019099263287,199.0
2025-01-01,2,hgb_clf,0.9579640413725674,268.0
2025-01-01,3,hgb_clf,0.9343577264519687,275.0
2025-01-02,1,logistic,0.9724918818119654,268.0
2025-01-02,2,logistic,0.9498463114530276,275.0
2025-01-02,3,logistic,0.9397614789523727,237.0
2025-01-02,1,forest_clf,0.9724267861508483,268.0
2025-01-02,2,forest_clf,0.9272372056548083,275.0
2025-01-02,3,forest_clf,0.9296530323430159,237.0
2025-01-02,1,hgb_clf,0.974833815211987,268.0
2025-01-02,2,hgb_clf,0.9582002764558684,275.0
2025-01-02,3,hgb_clf,0.9436400490817549,237.0
2025-01-03,1,logistic,0.9904142626408463,275.0
2025-01-03,2,logistic,0.9702901883552766,237.0
2025-01-03,3,logistic,0.9609602254458033,
2025-01-03,1,forest_clf,0.9772529792467344,275.0
2025-01-03,2,forest_clf,0.948334677502135,237.0
2025-01-03,3,forest_clf,0.9505241953958348,
2025-01-03,1,hgb_clf,0.9754978820489064,275.0
2025-01-03,2,hgb_clf,0.951647341254398,237.0
2025-01-03,3,hgb_clf,0.9287175045537878,
2025-01-04,1,logistic,0.9920222837014595,237.0
2025-01-04,2,logistic,0.9725815491548909,
2025-01-04,3,logistic,0.9651166110271903,
2025-01-04,1,forest_clf,0.9883185617125249,237.0
2025-01-04,2,forest_clf,0.967967584685671,
2025-01-04,3,forest_clf,0.9549405741771211,
2025-01-04,1,hgb_clf,0.9824034107520256,237.0
2025-01-04,2,hgb_clf,0.9566241661148125,
2025-01-04,3,hgb_clf,0.9173486058933374,
2025-01-05,1,logistic,0.9897360441282268,
2025-01-05,2,logistic,0.9773478528123584,
2025-01-05,3,logistic,0.9705440710260231,137.0
2025-01-05,1,forest_clf,0.9892018113462073,
2025-01-05,2,forest_clf,0.9614083699423537,
2025-01-05,3,forest_clf,0.952229203495896,137.0
2025-01-05,1,hgb_clf,0.9769991271545029,
2025-01-05,2,hgb_clf,0.9679349623020576,
2025-01-05,3,hgb_clf,0.9411261158310612,137.0
2025-01-06,1,logistic,,
2025-01-06,2,logistic,,137.0
2025-01-06,3,logistic,,262.0
2025-01-06,1,forest_clf,,
2025-01-06,2,forest_clf,,137.0
2025-01-06,3,forest_clf,,262.0
2025-01-06,1,hgb_clf,0.9436017516382545,
2025-01-06,2,hgb_clf,0.951504245308707,137.0
2025-01-06,3,hgb_clf,0.9571322878413663,262.0
2025-01-07,1,logistic,,137.0
2025-01-07,2,logistic,,262.0
2025-01-07,3,logistic,,255.0
2025-01-07,1,forest_clf,,137.0
2025-01-07,2,forest_clf,,262.0
2025-01-07,3,forest_clf,,255.0
2025-01-07,1,hgb_clf,0.9291542103980402,137.0
2025-01-07,2,hgb_clf,0.9563384321260202,262.0
2025-01-07,3,hgb_clf,0.9673994269222898,255.0
2025-01-08,1,logistic,,262.0
2025-01-08,2,logistic,,255.0
2025-01-08,3,logistic,,164.0
2025-01-08,1,forest_clf,,262.0
2025-01-08,2,forest_clf,,255.0
2025-01-08,3,forest_clf,,164.0
2025-01-08,1,hgb_clf,0.9474054791024031,262.0
2025-01-08,2,hgb_clf,0.9752787268009211,255.0
2025-01-08,3,hgb_clf,0.9733015273706418,164.0
2025-01-09,1,logistic,,255.0
2025-01-09,2,logistic,,164.0
2025-01-09,3,logistic,,155.0
2025-01-09,1,forest_clf,,255.0
2025-01-09,2,forest_clf,,164.0
2025-01-09,3,forest_clf,,155.0
2025-01-09,1,hgb_clf,0.9844232270706402,255.0
2025-01-09,2,hgb_clf,0.9703266357180067,164.0
2025-01-09,3,hgb_clf,0.9439079791131372,155.0
2025-01-10,1,logistic,,164.0
2025-01-10,2,logistic,,155.0
2025-01-10,3,logistic,,125.0
2025-01-10,1,forest_clf,,164.0
2025-01-10,2,forest_clf,,155.0
2025-01-10,3,forest_clf,,125.0
2025-01-10,1,hgb_clf,0.9824712798957607,164.0
2025-01-10,2,hgb_clf,0.9781521001313145,155.0
2025-01-10,3,hgb_clf,0.9514893919764331,125.0
2025-01-11,1,logistic,0.9451434578447208,155.0
2025-01-11,2,logistic,0.8747927210899099,125.0
2025-01-11,3,logistic,0.8186531243820412,159.0
2025-01-11,1,forest_clf,0.9425910676072199,155.0
2025-01-11,2,forest_clf,0.92728180314061,125.0
2025-01-11,3,forest_clf,0.9026181498703444,159.0
2025-01-11,1,hgb_clf,0.9589011924949034,155.0
2025-01-11,2,hgb_clf,0.9582284080488277,125.0
2025-01-11,3,hgb_clf,0.9204645505277632,159.0
2025-01-12,1,logistic,0.9126804180988237,125.0
2025-01-12,2,logistic,0.8642815103604818,159.0
2025-01-12,3,logistic,0.8210731187279464,264.0
2025-01-12,1,forest_clf,0.8819642154236675,125.0
2025-01-12,2,forest_clf,0.9424427804018946,159.0
2025-01-12,3,forest_clf,0.9053846827767319,264.0
2025-01-12,1,hgb_clf,0.9104525410449286,125.0
2025-01-12,2,hgb_clf,0.9340405805549027,159.0
2025-01-12,3,hgb_clf,0.9177141272795537,264.0
2025-01-13,1,logistic,,159.0
2025-01-13,2,logistic,,264.0
2025-01-13,3,logistic,,160.0
2025-01-13,1,forest_clf,,159.0
2025-01-13,2,forest_clf,,264.0
2025-01-13,3,forest_clf,,160.0
2025-01-13,1,hgb_clf,0.8571287692516262,159.0
2025-01-13,2,hgb_clf,0.8600925460547738,264.0
2025-01-13,3,hgb_clf,0.958495499029303,160.0
2025-01-14,1,logistic,,264.0
2025-01-14,2,logistic,,160.0
2025-01-14,3,logistic,,147.0
2025-01-14,1,forest_clf,,264.0
2025-01-14,2,forest_clf,,160.0
2025-01-14,3,forest_clf,,147.0
2025-01-14,1,hgb_clf,0.9346192481334877,264.0
2025-01-14,2,hgb_clf,0.9364130384077134,160.0
2025-01-14,3,hgb_clf,0.9480133590629882,147.0
2025-01-15,1,logistic,0.9831619907122434,160.0
2025-01-15,2,logistic,0.9587049079606802,147.0
2025-01-15,3,logistic,0.9326532373627628,166.0
2025-01-15,1,forest_clf,0.9774104493485386,160.0
2025-01-15,2,forest_clf,0.9584993074788112,147.0
2025-01-15,3,forest_clf,0.9415972651302049,166.0
2025-01-15,1,hgb_clf,0.9792346512908524,160.0
2025-01-15,2,hgb_clf,0.9670111693451191,147.0
2025-01-15,3,hgb_clf,0.9556516946676503,166.0
2025-01-16,1,logistic,0.9198642956114181,147.0
2025-01-16,2,logistic,0.9134543201124921,166.0
2025-01-16,3,logistic,0.8956339504889211,219.0
2025-01-16,1,forest_clf,0.8917760751078113,147.0
2025-01-16,2,forest_clf,0.9220079725742196,166.0
2025-01-16,3,forest_clf,0.9287159685843746,219.0
2025-01-16,1,hgb_clf,0.9394925070244406,147.0
2025-01-16,2,hgb_clf,0.9427948843185641,166.0
2025-01-16,3,hgb_clf,0.9458698589408598,219.0
2025-01-17,1,logistic,0.8805444213329529,166.0
2025-01-17,2,logistic,0.9009771781377565,219.0
2025-01-17,3,logistic,0.8730592297037518,169.0
2025-01-17,1,forest_clf,0.8703841659548229,166.0
2025-01-17,2,forest_clf,0.9294669275735743,219.0
2025-01-17,3,forest_clf,0.9212912483599469,169.0
2025-01-17,1,hgb_clf,0.887322040482748,166.0
2025-01-17,2,hgb_clf,0.9088077692795072,219.0
2025-01-17,3,hgb_clf,0.8743608379151986,169.0
2025-01-18,1,logistic,0.9329214950358193,219.0
2025-01-18,2,logistic,0.9361717797232955,169.0
2025-01-18,3,logistic,0.9193888347880343,136.0
2025-01-18,1,forest_clf,0.9432313647657002,219.0
2025-01-18,2,forest_clf,0.9248065748496181,169.0
2025-01-18,3,forest_clf,0.9320811344403951,136.0
2025-01-18,1,hgb_clf,0.953555552410242,219.0
2025-01-18,2,hgb_clf,0.9052120944302723,169.0
2025-01-18,3,hgb_clf,0.9526888580399046,136.0
2025-01-19,1,logistic,0.9790698612294093,169.0
2025-01-19,2,logistic,0.9554591316682207,136.0
2025-01-19,3,logistic,0.92141046258434,124.0
2025-01-19,1,forest_clf,0.9780712486271678,169.0
2025-01-19,2,forest_clf,0.9572565617933634,136.0
2025-01-19,3,forest_clf,0.9208227068433414,124.0
2025-01-19,1,hgb_clf,0.9740275920002472,169.0
2025-01-19,2,hgb_clf,0.9369672816325743,136.0
2025-01-19,3,hgb_clf,0.9162811479056281,124.0
2025-01-20,1,logistic,0.9646188583153501,136.0
2025-01-20,2,logistic,0.9064275039422777,124.0
2025-01-20,3,logistic,0.9009812228678871,111.0
2025-01-20,1,forest_clf,0.9645099475776449,136.0
2025-01-20,2,forest_clf,0.9432836196744822,124.0
2025-01-20,3,forest_clf,0.91069708960381,111.0
2025-01-20,1,hgb_clf,0.9612266235101944,136.0
2025-01-20,2,hgb_clf,0.9247960500036535,124.0
2025-01-20,3,hgb_clf,0.9028516680658882,111.0
2025-01-21,1,logistic,0.9007678333289807,124.0
2025-01-21,2,logistic,0.8670640423625872,111.0
2025-01-21,3,logistic,0.8660703687358586,90.8
2025-01-21,1,forest_clf,0.865824401091238,124.0
2025-01-21,2,forest_clf,0.9003951912924308,111.0
2025-01-21,3,forest_clf,0.8837045896073079,90.8
2025-01-21,1,hgb_clf,0.8586452883967852,124.0
2025-01-21,2,hgb_clf,0.8615519990845804,111.0
2025-01-21,3,hgb_clf,0.8419441866070293,90.8
2025-01-22,1,logistic,0.8375453844035061,111.0
2025-01-22,2,logistic,0.858533909718106,90.8
2025-01-22,3,logistic,0.8461873861412059,71.7
2025-01-22,1,forest_clf,0.8128494205584035,111.0
2025-01-22,2,forest_clf,0.8221389778107887,90.8
2025-01-22,3,forest_clf,0.8346848369298816,71.7
2025-01-22,1,hgb_clf,0.7462542246566611,111.0
2025-01-22,2,hgb_clf,0.7385017440667005,90.8
2025-01-22,3,hgb_clf,0.8820760058764635,71.7
2025-01-23,1,logistic,0.8125344930668882,90.8
2025-01-23,2,logistic,0.813823420086225,71.7
2025-01-23,3,logistic,0.8266439506065825,86.1
2025-01-23,1,forest_clf,0.6458032540562095,90.8
2025-01-23,2,forest_clf,0.8026170768884374,71.7
2025-01-23,3,forest_clf,0.7813416149998967,86.1
2025-01-23,1,hgb_clf,0.6721353682388814,90.8
2025-01-23,2,hgb_clf,0.7997125201124508,71.7
2025-01-23,3,hgb_clf,0.8481778157414931,86.1
2025-01-24,1,logistic,0.7353567375106305,71.7
2025-01-24,2,logistic,0.7488365473027483,86.1
2025-01-24,3,logistic,0.7803541544173246,113.0
2025-01-24,1,forest_clf,0.37591723889633377,71.7
2025-01-24,2,forest_clf,0.629016627013716,86.1
2025-01-24,3,forest_clf,0.7132209197362781,113.0
2025-01-24,1,hgb_clf,0.5881723534621273,71.7
2025-01-24,2,hgb_clf,0.719114950780452,86.1
2025-01-24,3,hgb_clf,0.7641683037789304,113.0
2025-01-25,1,logistic,0.6218890115317507,86.1
2025-01-25,2,logistic,0.7030927341973291,113.0
2025-01-25,3,logistic,0.7232467004064467,116.0
2025-01-25,1,forest_clf,0.33234558935028347,86.1
2025-01-25,2,forest_clf,0.5317092708734079,113.0
2025-01-25,3,forest_clf,0.6644837545057549,116.0
2025-01-25,1,hgb_clf,0.4098264503945505,86.1
2025-01-25,2,hgb_clf,0.6053401359594988,113.0
2025-01-25,3,hgb_clf,0.659381020166857,116.0
2025-01-26,1,logistic,0.6564754141911897,113.0
2025-01-26,2,logistic,0.7171211102771284,116.0
2025-01-26,3,logistic,0.6923984059521092,231.0
2025-01-26,1,forest_clf,0.24914790169016768,113.0
2025-01-26,2,forest_clf,0.5409271717371544,116.0
2025-01-26,3,forest_clf,0.6388819234976927,231.0
2025-01-26,1,hgb_clf,0.33162879101066445,113.0
2025-01-26,2,hgb_clf,0.6616272829668063,116.0
2025-01-26,3,hgb_clf,0.6858801962351067,231.0
2025-01-27,1,logistic,0.7448756984635904,116.0
2025-01-27,2,logistic,0.6551404823831576,231.0
2025-01-27,3,logistic,0.6612786689337747,180.0
2025-01-27,1,forest_clf,0.5817883762593632,116.0
2025-01-27,2,forest_clf,0.6306897015298255,231.0
2025-01-27,3,forest_clf,0.6401059050911211,180.0
2025-01-27,1,hgb_clf,0.7237178864838574,116.0
2025-01-27,2,hgb_clf,0.706421059647054,231.0
2025-01-27,3,hgb_clf,0.7268682178107512,180.0
2025-01-28,1,logistic,0.7406996278398491,231.0
2025-01-28,2,logistic,0.6450670809416982,180.0
2025-01-28,3,logistic,0.6470951021272646,183.0
2025-01-28,1,forest_clf,0.5793825042685398,231.0
2025-01-28,2,forest_clf,0.6350359020802795,180.0
2025-01-28,3,forest_clf,0.5385068380096368,183.0
2025-01-28,1,hgb_clf,0.7279102530930549,231.0
2025-01-28,2,hgb_clf,0.6967120707407138,180.0
2025-01-28,3,hgb_clf,0.7086646967933233,183.0
2025-01-29,1,logistic,0.9629840305424308,180.0
2025-01-29,2,logistic,0.8572705531210713,183.0
2025-01-29,3,logistic,0.7769434548891714,221.0
2025-01-29,1,forest_clf,0.8461224176448668,180.0
2025-01-29,2,forest_clf,0.7402459985567993,183.0
2025-01-29,3,forest_clf,0.64137380256452,221.0
2025-01-29,1,hgb_clf,0.8980365332712915,180.0
2025-01-29,2,hgb_clf,0.8212456390094928,183.0
2025-01-29,3,hgb_clf,0.790951869458823,221.0
2025-01-30,1,logistic,0.9139262200862204,183.0
2025-01-30,2,logistic,0.8022073358473022,221.0
2025-01-30,3,logistic,0.7661815299023449,183.0
2025-01-30,1,forest_clf,0.9019781540832901,183.0
2025-01-30,2,forest_clf,0.7912264509963856,221.0
2025-01-30,3,forest_clf,0.7237374663459655,183.0
2025-01-30,1,hgb_clf,0.9274253607441105,183.0
2025-01-30,2,hgb_clf,0.8630571206643625,221.0
2025-01-30,3,hgb_clf,0.783938511878274,183.0
2025-01-31,1,logistic,0.9516213600880709,221.0
2025-01-31,2,logistic,0.8522026663291327,183.0
2025-01-31,3,logistic,0.8062530279144436,111.0
2025-01-31,1,forest_clf,0.9306963695167194,221.0
2025-01-31,2,forest_clf,0.8153602915157561,183.0
2025-01-31,3,forest_clf,0.7398362885048411,111.0
2025-01-31,1,hgb_clf,0.947181002605466,221.0
2025-01-31,2,hgb_clf,0.8358524723658008,183.0
2025-01-31,3,hgb_clf,0.8119237526208994,111.0
2025-02-01,1,logistic,0.9708548103397951,183.0
2025-02-01,2,logistic,0.9145978595812733,111.0
2025-02-01,3,logistic,0.8636106863791458,157.0
2025-02-01,1,forest_clf,0.9495914611751245,183.0
2025-02-01,2,forest_clf,0.8347854462933132,111.0
2025-02-01,3,forest_clf,0.7326737654479151,157.0
2025-02-01,1,hgb_clf,0.9382231327068085,183.0
2025-02-01,2,hgb_clf,0.877160934908266,111.0
2025-02-01,3,hgb_clf,0.8110945054991957,157.0
2025-02-02,1,logistic,0.9485756375493405,111.0
2025-02-02,2,logistic,0.8868672896825911,157.0
2025-02-02,3,logistic,0.8368007019924644,109.0
2025-02-02,1,forest_clf,0.9527646088151184,111.0
2025-02-02,2,forest_clf,0.8097208482244629,157.0
2025-02-02,3,forest_clf,0.7065043012731047,109.0
2025-02-02,1,hgb_clf,0.9613149715080438,111.0
2025-02-02,2,hgb_clf,0.8777699628296237,157.0
2025-02-02,3,hgb_clf,0.7755322544481199,109.0
2025-02-03,1,logistic,0.6624019107035821,157.0
2025-02-03,2,logistic,0.6591481620444195,109.0
2025-02-03,3,logistic,0.687732292142194,90.5
2025-02-03,1,forest_clf,0.6403845181964694,157.0
2025-02-03,2,forest_clf,0.7479259112621502,109.0
2025-02-03,3,forest_clf,0.610822449189466,90.5
2025-02-03,1,hgb_clf,0.6262933854460838,157.0
2025-02-03,2,hgb_clf,0.6998697873031587,109.0
2025-02-03,3,hgb_clf,0.6033375931150547,90.5
2025-02-04,1,logistic,0.8207595672259399,109.0
2025-02-04,2,logistic,0.7800261142649874,90.5
2025-02-04,3,logistic,0.7568260402851313,68.4
2025-02-04,1,forest_clf,0.872777292382192,109.0
2025-02-04,2,forest_clf,0.7424363061751283,90.5
2025-02-04,3,forest_clf,0.6153161306879175,68.4
2025-02-04,1,hgb_clf,0.8566679014638038,109.0
2025-02-04,2,hgb_clf,0.7590722903062246,90.5
2025-02-04,3,hgb_clf,0.7063256133422624,68.4
2025-02-05,1,logistic,0.6472227293796512,90.5
2025-02-05,2,logistic,0.6543342177176008,68.4
2025-02-05,3,logistic,0.6529258565182099,75.9
2025-02-05,1,forest_clf,0.5431315624973477,90.5
2025-02-05,2,forest_clf,0.6362976520130995,68.4
2025-02-05,3,forest_clf,0.5437951027994538,75.9
2025-02-05,1,hgb_clf,0.5565968524377519,90.5
2025-02-05,2,hgb_clf,0.6975765388054246,68.4
2025-02-05,3,hgb_clf,0.6455657790280135,75.9
2025-02-06,1,logistic,0.47465499257764315,68.4
2025-02-06,2,logistic,0.5487085482325061,75.9
2025-02-06,3,logistic,0.5610578567727452,108.0
2025-02-06,1,forest_clf,0.36104660312537684,68.4
2025-02-06,2,forest_clf,0.557883622276685,75.9
2025-02-06,3,forest_clf,0.5036638877208812,108.0
2025-02-06,1,hgb_clf,0.24325048851761566,68.4
2025-02-06,2,hgb_clf,0.5549863314119375,75.9
2025-02-06,3,hgb_clf,0.4678042857890761,108.0
2025-02-07,1,logistic,0.2897227984093848,75.9
2025-02-07,2,logistic,0.45329390696363997,108.0
2025-02-07,3,logistic,0.5090467224909606,127.0
2025-02-07,1,forest_clf,0.30550645714121644,75.9
2025-02-07,2,forest_clf,0.43795952850363784,108.0
2025-02-07,3,forest_clf,0.5100522240906625,127.0
2025-02-07,1,hgb_clf,0.2848534812257544,75.9
2025-02-07,2,hgb_clf,0.44984930943487417,108.0
2025-02-07,3,hgb_clf,0.5694119983479755,127.0
2025-02-08,1,logistic,0.305926538669092,108.0
2025-02-08,2,logistic,0.4696034237604415,127.0
2025-02-08,3,logistic,0.44702320637992393,120.0
2025-02-08,1,forest_clf,0.21935705992484553,108.0
2025-02-08,2,forest_clf,0.3981137548864057,127.0
2025-02-08,3,forest_clf,0.4910465130517776,120.0
2025-02-08,1,hgb_clf,0.20403753631545904,108.0
2025-02-08,2,hgb_clf,0.4621605039371625,127.0
2025-02-08,3,hgb_clf,0.5940905186446366,120.0
2025-02-09,1,logistic,0.33753840312827377,127.0
2025-02-09,2,logistic,0.48829457770469503,120.0
2025-02-09,3,logistic,0.4194607925730539,78.3
2025-02-09,1,forest_clf,0.4714764330921617,127.0
2025-02-09,2,forest_clf,0.49152497580338134,120.0
2025-02-09,3,forest_clf,0.4498358145298748,78.3
2025-02-09,1,hgb_clf,0.5646221803826177,127.0
2025-02-09,2,hgb_clf,0.5840008081925723,120.0
2025-02-09,3,hgb_clf,0.5892382248927107,78.3
2025-02-10,1,logistic,0.49459244217159676,120.0
2025-02-10,2,logistic,0.4654804645367851,78.3
2025-02-10,3,logistic,0.4553426267223336,57.5
2025-02-10,1,forest_clf,0.7061904742084845,120.0
2025-02-10,2,forest_clf,0.5723269505975742,78.3
2025-02-10,3,forest_clf,0.5434584208077252,57.5
2025-02-10,1,hgb_clf,0.7610395310382487,120.0
2025-02-10,2,hgb_clf,0.6881969001441256,78.3
2025-02-10,3,hgb_clf,0.5940632628624459,57.5
2025-02-11,1,logistic,0.4963918221901283,78.3
2025-02-11,2,logistic,0.45315645767514634,57.5
2025-02-11,3,logistic,0.4236452390843766,62.4
2025-02-11,1,forest_clf,0.5992603869988484,78.3
2025-02-11,2,forest_clf,0.511974601808008,57.5
2025-02-11,3,forest_clf,0.39528598312978547,62.4
2025-02-11,1,hgb_clf,0.6376798233095303,78.3
2025-02-11,2,hgb_clf,0.5324865376666011,57.5
2025-02-11,3,hgb_clf,0.5425436871595577,62.4
2025-02-12,1,logistic,0.20665476646955744,57.5
2025-02-12,2,logistic,0.2987696487591227,62.4
2025-02-12,3,logistic,0.3310078930075638,87.0
2025-02-12,1,forest_clf,0.2962325853156388,57.5
2025-02-12,2,forest_clf,0.31491764367071284,62.4
2025-02-12,3,forest_clf,0.3125535560481594,87.0
2025-02-12,1,hgb_clf,0.1122714450053882,57.5
2025-02-12,2,hgb_clf,0.23543150477790836,62.4
2025-02-12,3,hgb_clf,0.39926670620962973,87.0
2025-02-13,1,logistic,0.12298076266332655,62.4
2025-02-13,2,logistic,0.2236064128997786,87.0
2025-02-13,3,logistic,0.27322974225263497,146.0
2025-02-13,1,forest_clf,0.16278866358921273,62.4
2025-02-13,2,forest_clf,0.26716809444871165,87.0
2025-02-13,3,forest_clf,0.3315040939639774,146.0
2025-02-13,1,hgb_clf,0.11901817100389567,62.4
2025-02-13,2,hgb_clf,0.19919428093448616,87.0
2025-02-13,3,hgb_clf,0.3231456028041309,146.0
2025-02-14,1,logistic,0.16021609773530954,87.0
2025-02-14,2,logistic,0.21549273840927824,146.0
2025-02-14,3,logistic,0.2671824972584509,92.4
2025-02-14,1,forest_clf,0.12499412745041844,87.0
2025-02-14,2,forest_clf,0.2683986997662211,146.0
2025-02-14,3,forest_clf,0.3484680080213433,92.4
2025-02-14,1,hgb_clf,0.078699345104511,87.0
2025-02-14,2,hgb_clf,0.29335247108595697,146.0
2025-02-14,3,hgb_clf,0.4379425744264882,92.4
2025-02-15,1,logistic,0.27728229932008197,146.0
2025-02-15,2,logistic,0.2848644750940644,92.4
2025-02-15,3,logistic,0.27953519332579474,81.9
2025-02-15,1,forest_clf,0.12671587508905588,146.0
2025-02-15,2,forest_clf,0.2998175926844033,92.4
2025-02-15,3,forest_clf,0.28197572433968,81.9
2025-02-15,1,hgb_clf,0.08888853711359503,146.0
2025-02-15,2,hgb_clf,0.35252573812772864,92.4
2025-02-15,3,hgb_clf,0.2893602448758327,81.9
2025-02-16,1,logistic,0.5480972930102357,92.4
2025-02-16,2,logistic,0.4519619477597337,81.9
2025-02-16,3,logistic,0.35247317648299153,76.6
2025-02-16,1,forest_clf,0.6534913454172393,92.4
2025-02-16,2,forest_clf,0.4109868259449571,81.9
2025-02-16,3,forest_clf,0.3279665030968051,76.6
2025-02-16,1,hgb_clf,0.5909187069253268,92.4
2025-02-16,2,hgb_clf,0.5607192809781504,81.9
2025-02-16,3,hgb_clf,0.25471599597664557,76.6
2025-02-17,1,logistic,0.3630563870258123,81.9
2025-02-17,2,logistic,0.2367877853272906,76.6
2025-02-17,3,logistic,0.25735698646542937,53.5
2025-02-17,1,forest_clf,0.3065514461239964,81.9
2025-02-17,2,forest_clf,0.2962152933317596,76.6
2025-02-17,3,forest_clf,0.2596915450300251,53.5
2025-02-17,1,hgb_clf,0.3227029114183325,81.9
2025-02-17,2,hgb_clf,0.27748344254820334,76.6
2025-02-17,3,hgb_clf,0.19532037184467305,53.5
2025-02-18,1,logistic,0.24674050533455522,76.6
2025-02-18,2,logistic,0.20614792917834113,53.5
2025-02-18,3,logistic,0.22183573021004596,83.9
2025-02-18,1,forest_clf,0.2495678300922301,76.6
2025-02-18,2,forest_clf,0.22251922610788175,53.5
2025-02-18,3,forest_clf,0.22980995416739952,83.9
2025-02-18,1,hgb_clf,0.08099631741056748,76.6
2025-02-18,2,hgb_clf,0.1386328595198282,53.5
2025-02-18,3,hgb_clf,0.12882121327143456,83.9
2025-02-19,1,logistic,0.20708915948424286,53.5
2025-02-19,2,logistic,0.19126762622382157,83.9
2025-02-19,3,logistic,0.23222551858236212,63.2
2025-02-19,1,forest_clf,0.08520139234750562,53.5
2025-02-19,2,forest_clf,0.17993675442928733,83.9
2025-02-19,3,forest_clf,0.23360666499661065,63.2
2025-02-19,1,hgb_clf,0.08138385635452691,53.5
2025-02-19,2,hgb_clf,0.16397917356418054,83.9
2025-02-19,3,hgb_clf,0.19482125044997917,63.2
2025-02-20,1,logistic,0.10834637514227055,83.9
2025-02-20,2,logistic,0.13099144948977026,63.2
2025-02-20,3,logistic,0.17661705146598086,66.6
2025-02-20,1,forest_clf,0.06949112328467137,83.9
2025-02-20,2,forest_clf,0.15513527537081967,63.2
2025-02-20,3,forest_clf,0.24464667224448358,66.6
2025-02-20,1,hgb_clf,0.05334386124538445,83.9
2025-02-20,2,hgb_clf,0.13775805143314918,63.2
2025-02-20,3,hgb_clf,0.17970991131548544,66.6
2025-02-21,1,logistic,0.16990116824009863,63.2
2025-02-21,2,logistic,0.16748608990377087,66.6
2025-02-21,3,logistic,0.18834315066282162,84.0
2025-02-21,1,forest_clf,0.09554944667144243,63.2
2025-02-21,2,forest_clf,0.20152009805755428,66.6
2025-02-21,3,forest_clf,0.24970175824158958,84.0
2025-02-21,1,hgb_clf,0.08270967298527927,63.2
2025-02-21,2,hgb_clf,0.18074095764623835,66.6
2025-02-21,3,hgb_clf,0.21460076708896278,84.0
2025-02-22,1,logistic,0.13471654222690183,66.6
2025-02-22,2,logistic,0.14874901094387663,84.0
2025-02-22,3,logistic,0.16089279307829646,87.7
2025-02-22,1,forest_clf,0.08372946427812983,66.6
2025-02-22,2,forest_clf,0.14999809482975,84.0
2025-02-22,3,forest_clf,0.21358990435775196,87.7
2025-02-22,1,hgb_clf,0.09633709665505905,66.6
2025-02-22,2,hgb_clf,0.17861456481964363,84.0
2025-02-22,3,hgb_clf,0.15593947930898433,87.7
2025-02-23,1,logistic,0.13017605179217198,84.0
2025-02-23,2,logistic,0.14874192099669678,87.7
2025-02-23,3,logistic,0.1344299200688109,108.0
2025-02-23,1,forest_clf,0.08933626661559957,84.0
2025-02-23,2,forest_clf,0.15834260598626312,87.7
2025-02-23,3,forest_clf,0.13738322743656503,108.0
2025-02-23,1,hgb_clf,0.08911244566321558,84.0
2025-02-23,2,hgb_clf,0.18360502922501537,87.7
2025-02-23,3,hgb_clf,0.18202553672576835,108.0
2025-02-24,1,logistic,0.18894319475796537,87.7
2025-02-24,2,logistic,0.1217976291533566,108.0
2025-02-24,3,logistic,0.1382019824431316,63.0
2025-02-24,1,forest_clf,0.08889876529214041,87.7
2025-02-24,2,forest_clf,0.1532995445080842,108.0
2025-02-24,3,forest_clf,0.12412920315862801,63.0
2025-02-24,1,hgb_clf,0.11509275845955902,87.7
2025-02-24,2,hgb_clf,0.21002859457710774,108.0
2025-02-24,3,hgb_clf,0.19309435097544417,63.0
2025-02-25,1,logistic,0.20509250051112293,108.0
2025-02-25,2,logistic,0.12357237845302811,63.0
2025-02-25,3,logistic,0.13581657067705571,52.8
2025-02-25,1,forest_clf,0.1014562903701577,108.0
2025-02-25,2,forest_clf,0.14500500465718644,63.0
2025-02-25,3,forest_clf,0.11356121832159846,52.8
2025-02-25,1,hgb_clf,0.1400712161893999,108.0
2025-02-25,2,hgb_clf,0.255794504812437,63.0
2025-02-25,3,hgb_clf,0.16846567846414273,52.8
2025-02-26,1,logistic,0.28380239142720515,63.0
2025-02-26,2,logistic,0.1509886680369755,52.8
2025-02-26,3,logistic,0.1492324646875168,58.1
2025-02-26,1,forest_clf,0.4150242100787759,63.0
2025-02-26,2,forest_clf,0.16693693464574072,52.8
2025-02-26,3,forest_clf,0.15467271930298832,58.1
2025-02-26,1,hgb_clf,0.43387797109300785,63.0
2025-02-26,2,hgb_clf,0.2748285961246793,52.8
2025-02-26,3,hgb_clf,0.21629339180732135,58.1
2025-02-27,1,logistic,0.09716383287484803,52.8
2025-02-27,2,logistic,0.08692207221757521,58.1
2025-02-27,3,logistic,0.10910569146813913,44.5
2025-02-27,1,forest_clf,0.155418621813956,52.8
2025-02-27,2,forest_clf,0.08906381031786335,58.1
2025-02-27,3,forest_clf,0.10923320662968054,44.5
2025-02-27,1,hgb_clf,0.06066501066148382,52.8
2025-02-27,2,hgb_clf,0.17764241842802084,58.1
2025-02-27,3,hgb_clf,0.17877417964768613,44.5
2025-02-28,1,logistic,0.05236844446509812,58.1
2025-02-28,2,logistic,0.0685060914484121,44.5
2025-02-28,3,logistic,0.08357642144052851,60.0
2025-02-28,1,forest_clf,0.07437283367777654,58.1
2025-02-28,2,forest_clf,0.0539293353644306,44.5
2025-02-28,3,forest_clf,0.11755701805564167,60.0
2025-02-28,1,hgb_clf,0.05734567895815774,58.1
2025-02-28,2,hgb_clf,0.13406051092276985,44.5
2025-02-28,3,hgb_clf,0.1328359506547033,60.0
2025-03-01,1,logistic,0.05995972983968379,44.5
2025-03-01,2,logistic,0.08418696166554401,60.0
2025-03-01,3,logistic,0.09460699771864016,49.3
2025-03-01,1,forest_clf,0.039005307540246066,44.5
2025-03-01,2,forest_clf,0.06642383277765376,60.0
2025-03-01,3,forest_clf,0.09800535363041186,49.3
2025-03-01,1,hgb_clf,0.0344829870053045,44.5
2025-03-01,2,hgb_clf,0.1627102570000392,60.0
2025-03-01,3,hgb_clf,0.18732336908104955,49.3
2025-03-02,1,logistic,0.03549563625219001,60.0
2025-03-02,2,logistic,0.06681125581167636,49.3
2025-03-02,3,logistic,0.07820620203112737,30.5
2025-03-02,1,forest_clf,0.03328847170541794,60.0
2025-03-02,2,forest_clf,0.053170520748447324,49.3
2025-03-02,3,forest_clf,0.07586822170669168,30.5
2025-03-02,1,hgb_clf,0.03243449942385326,60.0
2025-03-02,2,hgb_clf,0.09765246922037214,49.3
2025-03-02,3,hgb_clf,0.12520784201570082,30.5
2025-03-03,1,logistic,0.05445493099649229,49.3
2025-03-03,2,logistic,0.05215959478610765,30.5
2025-03-03,3,logistic,0.06957723661215925,47.1
2025-03-03,1,forest_clf,0.0265052221138716,49.3
2025-03-03,2,forest_clf,0.039333313934935145,30.5
2025-03-03,3,forest_clf,0.056053180811618405,47.1
2025-03-03,1,hgb_clf,0.036349818006783254,49.3
2025-03-03,2,hgb_clf,0.09570357850147626,30.5
2025-03-03,3,hgb_clf,0.10404408746011773,47.1
2025-03-04,1,logistic,0.04099958004437597,30.5
2025-03-04,2,logistic,0.04017351275994161,47.1
2025-03-04,3,logistic,0.056867112701307565,91.4
2025-03-04,1,forest_clf,0.015898443805707766,30.5
2025-03-04,2,forest_clf,0.015446732807094812,47.1
2025-03-04,3,forest_clf,0.05512929164265624,91.4
2025-03-04,1,hgb_clf,0.041836796724783555,30.5
2025-03-04,2,hgb_clf,0.10019354351161547,47.1
2025-03-04,3,hgb_clf,0.061992967016713314,91.4
2025-03-05,1,logistic,0.01915431084597259,47.1
2025-03-05,2,logistic,0.028555115233201905,91.4
2025-03-05,3,logistic,0.04063313900853092,67.6
2025-03-05,1,forest_clf,0.02657073001880875,47.1
2025-03-05,2,forest_clf,0.0570930184403033,91.4
2025-03-05,3,forest_clf,0.052455794454798,67.6
2025-03-05,1,hgb_clf,0.013160988171049081,47.1
2025-03-05,2,hgb_clf,0.03957816707803614,91.4
2025-03-05,3,hgb_clf,0.0379327822879319,67.6
2025-03-06,1,logistic,0.02135573465889556,91.4
2025-03-06,2,logistic,0.03282562336282163,67.6
2025-03-06,3,logistic,0.04462462489070507,81.9
2025-03-06,1,forest_clf,0.017256774965368586,91.4
2025-03-06,2,forest_clf,0.01763816836680826,67.6
2025-03-06,3,forest_clf,0.03237485867507592,81.9
2025-03-06,1,hgb_clf,0.013893562360093033,91.4
2025-03-06,2,hgb_clf,0.04782222523655302,67.6
2025-03-06,3,hgb_clf,0.0425706168558349,81.9
2025-03-07,1,logistic,0.04823216997292103,67.6
2025-03-07,2,logistic,0.05910275602839997,81.9
2025-03-07,3,logistic,0.06280938784159917,88.6
2025-03-07,1,forest_clf,0.11251798923510342,67.6
2025-03-07,2,forest_clf,0.14185038057844562,81.9
2025-03-07,3,forest_clf,0.06556842449689887,88.6
2025-03-07,1,hgb_clf,0.12325732851889531,67.6
2025-03-07,2,hgb_clf,0.11473719518636422,81.9
2025-03-07,3,hgb_clf,0.04640539095600523,88.6
2025-03-08,1,logistic,0.03948083702788757,81.9
2025-03-08,2,logistic,0.050638566350195466,88.6
2025-03-08,3,logistic,0.05296329350058866,100.0
2025-03-08,1,forest_clf,0.1351332352485723,81.9
2025-03-08,2,forest_clf,0.023017011428683815,88.6
2025-03-08,3,forest_clf,0.029751511261855615,100.0
2025-03-08,1,hgb_clf,0.0642203001691975,81.9
2025-03-08,2,hgb_clf,0.07193360939419499,88.6
2025-03-08,3,hgb_clf,0.0450849831287845,100.0
2025-03-09,1,logistic,0.0556008580819939,88.6
2025-03-09,2,logistic,0.06922998264587787,100.0
2025-03-09,3,logistic,0.06526657540775137,96.0
2025-03-09,1,forest_clf,0.041081838050603586,88.6
2025-03-09,2,forest_clf,0.0435349578603042,100.0
2025-03-09,3,forest_clf,0.07040541820132205,96.0
2025-03-09,1,hgb_clf,0.05563938127808889,88.6
2025-03-09,2,hgb_clf,0.06754573993599262,100.0
2025-03-09,3,hgb_clf,0.06387010376993892,96.0
2025-03-10,1,logistic,0.0688794678697036,100.0
2025-03-10,2,logistic,0.056639202955040054,96.0
2025-03-10,3,logistic,0.0680113376018306,78.8
2025-03-10,1,forest_clf,0.05312289874361422,100.0
2025-03-10,2,forest_clf,0.09904502299948635,96.0
2025-03-10,3,forest_clf,0.06361865945190372,78.8
2025-03-10,1,hgb_clf,0.07668100791544544,100.0
2025-03-10,2,hgb_clf,0.1503448095249452,96.0
2025-03-10,3,hgb_clf,0.07403332502576908,78.8
2025-03-11,1,logistic,0.09349407755674204,96.0
2025-03-11,2,logistic,0.07007213842877398,78.8
2025-03-11,3,logistic,0.07702874608845528,71.8
2025-03-11,1,forest_clf,0.2689450380430143,96.0
2025-03-11,2,forest_clf,0.14156339525033285,78.8
2025-03-11,3,forest_clf,0.12549257872807634,71.8
2025-03-11,1,hgb_clf,0.2108181663367798,96.0
2025-03-11,2,hgb_clf,0.15189863885045013,78.8
2025-03-11,3,hgb_clf,0.07565163808714157,71.8
2025-03-12,1,logistic,0.07718962962762707,78.8
2025-03-12,2,logistic,0.0682876445529435,71.8
2025-03-12,3,logistic,0.07720372666033212,26.5
2025-03-12,1,forest_clf,0.16943593327180065,78.8
2025-03-12,2,forest_clf,0.12868766741355508,71.8
2025-03-12,3,forest_clf,0.10456482406296874,26.5
2025-03-12,1,hgb_clf,0.11631561943394578,78.8
2025-03-12,2,hgb_clf,0.14083701103862703,71.8
2025-03-12,3,hgb_clf,0.061385937921621114,26.5
2025-03-13,1,logistic,0.03950606815950383,71.8
2025-03-13,2,logistic,0.05229250267264792,26.5
2025-03-13,3,logistic,0.06165361137088884,45.7
2025-03-13,1,forest_clf,0.10976797556059502,71.8
2025-03-13,2,forest_clf,0.05975724406750988,26.5
2025-03-13,3,forest_clf,0.08849105288497075,45.7
2025-03-13,1,hgb_clf,0.03210540841529487,71.8
2025-03-13,2,hgb_clf,0.06854722569422439,26.5
2025-03-13,3,hgb_clf,0.05816633509399507,45.7
2025-03-14,1,logistic,0.02981800428285403,26.5
2025-03-14,2,logistic,0.04780356618429961,45.7
2025-03-14,3,logistic,0.054797156520921445,53.9
2025-03-14,1,forest_clf,0.02907132930095792,26.5
2025-03-14,2,forest_clf,0.030624556417176204,45.7
2025-03-14,3,forest_clf,0.059607756090625984,53.9
2025-03-14,1,hgb_clf,0.042205667241483634,26.5
2025-03-14,2,hgb_clf,0.07878338085527829,45.7
2025-03-14,3,hgb_clf,0.046178714015805256,53.9
2025-03-15,1,logistic,0.006231474610399508,45.7
2025-03-15,2,logistic,0.021668380740981173,53.9
2025-03-15,3,logistic,0.030349135631934258,59.9
2025-03-15,1,forest_clf,0.025189325640138628,45.7
2025-03-15,2,forest_clf,0.02498719807304322,53.9
2025-03-15,3,forest_clf,0.06816572701969394,59.9
2025-03-15,1,hgb_clf,0.0234963062953192,45.7
2025-03-15,2,hgb_clf,0.029160554925929512,53.9
2025-03-15,3,hgb_clf,0.02220989780976985,59.9
2025-03-16,1,logistic,0.010634347293619173,53.9
2025-03-16,2,logistic,0.031263419167536846,59.9
2025-03-16,3,logistic,0.036684041830578586,73.0
2025-03-16,1,forest_clf,0.023124940727548688,53.9
2025-03-16,2,forest_clf,0.023574364454967602,59.9
2025-03-16,3,forest_clf,0.06085624412385269,73.0
2025-03-16,1,hgb_clf,0.019600069181920345,53.9
2025-03-16,2,hgb_clf,0.05075735846844145,59.9
2025-03-16,3,hgb_clf,0.05088099361908114,73.0
2025-03-17,1,logistic,0.016535407164486468,59.9
2025-03-17,2,logistic,0.026736625409325074,73.0
2025-03-17,3,logistic,0.03941384759023849,51.6
2025-03-17,1,forest_clf,0.02100283642964848,59.9
2025-03-17,2,forest_clf,0.01666019524126365,73.0
2025-03-17,3,forest_clf,0.048852042911983175,51.6
2025-03-17,1,hgb_clf,0.030395313456988475,59.9
2025-03-17,2,hgb_clf,0.09975421884329981,73.0
2025-03-17,3,hgb_clf,0.04574607573162465,51.6
2025-03-18,1,logistic,0.02759675360667048,73.0
2025-03-18,2,logistic,0.03063774237652613,51.6
2025-03-18,3,logistic,0.0403731622071723,69.2
2025-03-18,1,forest_clf,0.019844951424869098,73.0
2025-03-18,2,forest_clf,0.04944515939815694,51.6
2025-03-18,3,forest_clf,0.04946030620582587,69.2
2025-03-18,1,hgb_clf,0.04839945748943955,73.0
2025-03-18,2,hgb_clf,0.08781561466934414,51.6
2025-03-18,3,hgb_clf,0.05514524878937351,69.2
2025-03-19,1,logistic,0.03410489769016828,51.6
2025-03-19,2,logistic,0.04092363977926133,69.2
2025-03-19,3,logistic,0.04821419840562646,61.5
2025-03-19,1,forest_clf,0.031121083737697227,51.6
2025-03-19,2,forest_clf,0.0449425256084841,69.2
2025-03-19,3,forest_clf,0.04055230842826581,61.5
2025-03-19,1,hgb_clf,0.08574145017065297,51.6
2025-03-19,2,hgb_clf,0.08571978539316794,69.2
2025-03-19,3,hgb_clf,0.05052935234815017,61.5
2025-03-20,1,logistic,0.018163606069845736,69.2
2025-03-20,2,logistic,0.027813157867793606,61.5
2025-03-20,3,logistic,0.03758925295932541,63.5
2025-03-20,1,forest_clf,0.006787283515901644,69.2
2025-03-20,2,forest_clf,0.019752995831297727,61.5
2025-03-20,3,forest_clf,0.028600232077435134,63.5
2025-03-20,1,hgb_clf,0.04537316952476343,69.2
2025-03-20,2,hgb_clf,0.04296242395460224,61.5
2025-03-20,3,hgb_clf,0.0694920378415516,63.5
2025-03-21,1,logistic,0.024952493215507854,61.5
2025-03-21,2,logistic,0.04064346445318662,63.5
2025-03-21,3,logistic,0.04776321208650026,71.4
2025-03-21,1,forest_clf,0.025823031713053578,61.5
2025-03-21,2,forest_clf,0.023496212923668894,63.5
2025-03-21,3,forest_clf,0.0425970196476818,71.4
2025-03-21,1,hgb_clf,0.04380498986504749,61.5
2025-03-21,2,hgb_clf,0.0752466286310103,63.5
2025-03-21,3,hgb_clf,0.052988647342169196,71.4
2025-03-22,1,logistic,0.023029180521491378,63.5
2025-03-22,2,logistic,0.04061828400278059,71.4
2025-03-22,3,logistic,0.04701356066935101,89.0
2025-03-22,1,forest_clf,0.022745470595433998,63.5
2025-03-22,2,forest_clf,0.03036359246230873,71.4
2025-03-22,3,forest_clf,0.056305427756876636,89.0
2025-03-22,1,hgb_clf,0.05196670488367322,63.5
2025-03-22,2,hgb_clf,0.07624647359150254,71.4
2025-03-22,3,hgb_clf,0.03967302753119245,89.0
2025-03-23,1,logistic,0.027743434356763692,71.4
2025-03-23,2,logistic,0.047087139926818365,89.0
2025-03-23,3,logistic,0.04978007857204758,81.7
2025-03-23,1,forest_clf,0.01597125047465969,71.4
2025-03-23,2,forest_clf,0.027935929735758726,89.0
2025-03-23,3,forest_clf,0.05317619769617174,81.7
2025-03-23,1,hgb_clf,0.040859007053321704,71.4
2025-03-23,2,hgb_clf,0.05751859270042596,89.0
2025-03-23,3,hgb_clf,0.07453756395389888,81.7
2025-03-24,1,logistic,0.04043153277201932,89.0
2025-03-24,2,logistic,0.0417259716238675,81.7
2025-03-24,3,logistic,0.05401462122055091,73.4
2025-03-24,1,forest_clf,0.022589445325327705,89.0
2025-03-24,2,forest_clf,0.028349945524365528,81.7
2025-03-24,3,forest_clf,0.05654085453669049,73.4
2025-03-24,1,hgb_clf,0.08361416025298095,89.0
2025-03-24,2,hgb_clf,0.08368592634446845,81.7
2025-03-24,3,hgb_clf,0.08425269313087384,73.4
2025-03-25,1,logistic,0.06126294931033502,81.7
2025-03-25,2,logistic,0.06025686860126437,73.4
2025-03-25,3,logistic,0.06826556885916782,54.0
2025-03-25,1,forest_clf,0.054573412187371384,81.7
2025-03-25,2,forest_clf,0.08536720221329443,73.4
2025-03-25,3,forest_clf,0.07429257230410341,54.0
2025-03-25,1,hgb_clf,0.08295769056038355,81.7
2025-03-25,2,hgb_clf,0.09373499640270111,73.4
2025-03-25,3,hgb_clf,0.06010260384814773,54.0
2025-03-26,1,logistic,0.054600506889507974,73.4
2025-03-26,2,logistic,0.058568609772791116,54.0
2025-03-26,3,logistic,0.06740240124070333,37.8
2025-03-26,1,forest_clf,0.08707357399017726,73.4
2025-03-26,2,forest_clf,0.0472744238689307,54.0
2025-03-26,3,forest_clf,0.055881206489189275,37.8
2025-03-26,1,hgb_clf,0.09006262896388283,73.4
2025-03-26,2,hgb_clf,0.06946645931570386,54.0
2025-03-26,3,hgb_clf,0.05900924714345851,37.8
2025-03-27,1,logistic,0.04264151551192771,54.0
2025-03-27,2,logistic,0.05350274296707931,37.8
2025-03-27,3,logistic,0.06434156389563858,41.9
2025-03-27,1,forest_clf,0.0256469781537661,54.0
2025-03-27,2,forest_clf,0.04881972148041303,37.8
2025-03-27,3,forest_clf,0.07467986373388864,41.9
2025-03-27,1,hgb_clf,0.05990900822270668,54.0
2025-03-27,2,hgb_clf,0.06705377573759706,37.8
2025-03-27,3,hgb_clf,0.07543891848021254,41.9
2025-03-28,1,logistic,0.02030722071782266,37.8
2025-03-28,2,logistic,0.03693953071486107,41.9
2025-03-28,3,logistic,0.04911285070533269,76.3
2025-03-28,1,forest_clf,0.01011113955630267,37.8
2025-03-28,2,forest_clf,0.022757092596005345,41.9
2025-03-28,3,forest_clf,0.047672188440218116,76.3
2025-03-28,1,hgb_clf,0.03483160669456902,37.8
2025-03-28,2,hgb_clf,0.043286377615605415,41.9
2025-03-28,3,hgb_clf,0.06066302773901631,76.3
2025-03-29,1,logistic,0.014207904202814009,41.9
2025-03-29,2,logistic,0.031199772675151036,76.3
2025-03-29,3,logistic,0.04028169030690788,73.0
2025-03-29,1,forest_clf,0.008155496413096286,41.9
2025-03-29,2,forest_clf,0.02340488078805959,76.3
2025-03-29,3,forest_clf,0.05718318662200316,73.0
2025-03-29,1,hgb_clf,0.025136851258098045,41.9
2025-03-29,2,hgb_clf,0.052679903534856846,76.3
2025-03-29,3,hgb_clf,0.04351285218112072,73.0
2025-03-30,1,logistic,0.01649151647052484,76.3
2025-03-30,2,logistic,0.036652673214015656,73.0
2025-03-30,3,logistic,0.04547072190352832,95.0
2025-03-30,1,forest_clf,0.009201988664783292,76.3
2025-03-30,2,forest_clf,0.032055825743403224,73.0
2025-03-30,3,forest_clf,0.043905760273130465,95.0
2025-03-30,1,hgb_clf,0.018548975008084296,76.3
2025-03-30,2,hgb_clf,0.06830250593352809,73.0
2025-03-30,3,hgb_clf,0.042982960399633265,95.0
2025-03-31,1,logistic,0.042722785842567064,73.0
2025-03-31,2,logistic,0.05116934614709637,95.0
2025-03-31,3,logistic,0.06396705368925877,60.5
2025-03-31,1,forest_clf,0.04721701446989383,73.0
2025-03-31,2,forest_clf,0.036180273698924736,95.0
2025-03-31,3,forest_clf,0.057321529555056205,60.5
2025-03-31,1,hgb_clf,0.051148350247919534,73.0
2025-03-31,2,hgb_clf,0.06874498375200282,95.0
2025-03-31,3,hgb_clf,0.057633673936430346,60.5
2025-04-01,1,logistic,0.037558686741237586,95.0
2025-04-01,2,logistic,0.053818815016325044,60.5
2025-04-01,3,logistic,0.06616756033433895,65.6
2025-04-01,1,forest_clf,0.026310738761752793,95.0
2025-04-01,2,forest_clf,0.02561780755512309,60.5
2025-04-01,3,forest_clf,0.0539943997997908,65.6
2025-04-01,1,hgb_clf,0.08223487600670323,95.0
2025-04-01,2,hgb_clf,0.0761308284955844,60.5
2025-04-01,3,hgb_clf,0.05463110350873621,65.6
2025-04-02,1,logistic,0.08795146245788493,60.5
2025-04-02,2,logistic,0.09280592515404318,65.6
2025-04-02,3,logistic,0.09664478105647774,63.7
2025-04-02,1,forest_clf,0.0999193303197804,60.5
2025-04-02,2,forest_clf,0.09872682022341653,65.6
2025-04-02,3,forest_clf,0.12144036553046865,63.7
2025-04-02,1,hgb_clf,0.15112246867267434,60.5
2025-04-02,2,hgb_clf,0.10124476152296949,65.6
2025-04-02,3,hgb_clf,0.08272594818627797,63.7
2025-04-03,1,logistic,0.03169187990343719,65.6
2025-04-03,2,logistic,0.0496159950214421,63.7
2025-04-03,3,logistic,0.06548333798993293,75.1
2025-04-03,1,forest_clf,0.10828008682099675,65.6
2025-04-03,2,forest_clf,0.024154342987868324,63.7
2025-04-03,3,forest_clf,0.07311856923401354,75.1
2025-04-03,1,hgb_clf,0.049916356777267516,65.6
2025-04-03,2,hgb_clf,0.08718530338002774,63.7
2025-04-03,3,hgb_clf,0.0754621446594768,75.1
2025-04-04,1,logistic,0.03120190757456825,63.7
2025-04-04,2,logistic,0.05641378515138974,75.1
2025-04-04,3,logistic,0.07033259967727283,87.8
2025-04-04,1,forest_clf,0.037710480422412866,63.7
2025-04-04,2,forest_clf,0.029067271097037693,75.1
2025-04-04,3,forest_clf,0.10863921661694997,87.8
2025-04-04,1,hgb_clf,0.06815341477062892,63.7
2025-04-04,2,hgb_clf,0.0704280726440484,75.1
2025-04-04,3,hgb_clf,0.08139062202884946,87.8
2025-04-05,1,logistic,0.036058591642489604,75.1
2025-04-05,2,logistic,0.06853540675786851,87.8
2025-04-05,3,logistic,0.07981595899586395,92.6
2025-04-05,1,forest_clf,0.014032954416326626,75.1
2025-04-05,2,forest_clf,0.05181942903729943,87.8
2025-04-05,3,forest_clf,0.08999391442916631,92.6
2025-04-05,1,hgb_clf,0.05775460875169026,75.1
2025-04-05,2,hgb_clf,0.08814522019686336,87.8
2025-04-05,3,hgb_clf,0.07076807129435074,92.6
2025-04-06,1,logistic,0.0488672156476594,87.8
2025-04-06,2,logistic,0.09159913101668941,92.6
2025-04-06,3,logistic,0.09305845495930123,96.3
2025-04-06,1,forest_clf,0.03175402657649065,87.8
2025-04-06,2,forest_clf,0.048179889429951786,92.6
2025-04-06,3,forest_clf,0.09299360820225651,96.3
2025-04-06,1,hgb_clf,0.05085637975095761,87.8
2025-04-06,2,hgb_clf,0.0731537247787831,92.6
2025-04-06,3,hgb_clf,0.06619033494267805,96.3
2025-04-07,1,logistic,0.07820880630215082,92.6
2025-04-07,2,logistic,0.09163900944215593,96.3
2025-04-07,3,logistic,0.10499821724826156,67.5
2025-04-07,1,forest_clf,0.05686934471727694,92.6
2025-04-07,2,forest_clf,0.07922271702333358,96.3
2025-04-07,3,forest_clf,0.11267895900912137,67.5
2025-04-07,1,hgb_clf,0.08758248583270357,92.6
2025-04-07,2,hgb_clf,0.10384702318263396,96.3
2025-04-07,3,hgb_clf,0.07526392520987724,67.5
2025-04-08,1,logistic,0.09449904651493832,96.3
2025-04-08,2,logistic,0.10941121776006221,67.5
2025-04-08,3,logistic,0.11962353361492824,46.8
2025-04-08,1,forest_clf,0.12157859478137734,96.3
2025-04-08,2,forest_clf,0.09466758146362021,67.5
2025-04-08,3,forest_clf,0.114812473621169,46.8
2025-04-08,1,hgb_clf,0.1488576852912813,96.3
2025-04-08,2,hgb_clf,0.13489835260239938,67.5
2025-04-08,3,hgb_clf,0.06931756815761188,46.8
2025-04-09,1,logistic,0.11314766218699104,67.5
2025-04-09,2,logistic,0.13065720070769282,46.8
2025-04-09,3,logistic,0.1334757513128797,48.6
2025-04-09,1,forest_clf,0.1460782718644521,67.5
2025-04-09,2,forest_clf,0.10811446130796767,46.8
2025-04-09,3,forest_clf,0.12153951678367694,48.6
2025-04-09,1,hgb_clf,0.1945654958042884,67.5
2025-04-09,2,hgb_clf,0.16237530763370045,46.8
2025-04-09,3,hgb_clf,0.07409702010330786,48.6
2025-04-10,1,logistic,0.04049195977863953,46.8
2025-04-10,2,logistic,0.07343573268566936,48.6
2025-04-10,3,logistic,0.09185542265961313,52.6
2025-04-10,1,forest_clf,0.09584578349566947,46.8
2025-04-10,2,forest_clf,0.0549077635324313,48.6
2025-04-10,3,forest_clf,0.08351532987120766,52.6
2025-04-10,1,hgb_clf,0.05877427416361424,46.8
2025-04-10,2,hgb_clf,0.06931916442661669,48.6
2025-04-10,3,hgb_clf,0.06159308662532181,52.6
2025-04-11,1,logistic,0.016587388462560648,48.6
2025-04-11,2,logistic,0.04480380749540858,52.6
2025-04-11,3,logistic,0.06377390024458958,67.0
2025-04-11,1,forest_clf,0.014001880803773072,48.6
2025-04-11,2,forest_clf,0.017207718661236833,52.6
2025-04-11,3,forest_clf,0.05941278680807021,67.0
2025-04-11,1,hgb_clf,0.03190916809432754,48.6
2025-04-11,2,hgb_clf,0.029118958434498996,52.6
2025-04-11,3,hgb_clf,0.03312529194390337,67.0
2025-04-12,1,logistic,0.023513140930723594,52.6
2025-04-12,2,logistic,0.05893345086465886,67.0
2025-04-12,3,logistic,0.07343197384051828,63.8
2025-04-12,1,forest_clf,0.0016719440363215496,52.6
2025-04-12,2,forest_clf,0.023988137975766356,67.0
2025-04-12,3,forest_clf,0.034945619842179615,63.8
2025-04-12,1,hgb_clf,0.02339521296482602,52.6
2025-04-12,2,hgb_clf,0.04176130137607911,67.0
2025-04-12,3,hgb_clf,0.037675362808044,63.8
2025-04-13,1,logistic,0.030180709646949713,67.0
2025-04-13,2,logistic,0.07131162317441933,63.8
2025-04-13,3,logistic,0.08306198522500233,82.1
2025-04-13,1,forest_clf,0.0047755666024154285,67.0
2025-04-13,2,forest_clf,0.018616429285101533,63.8
2025-04-13,3,forest_clf,0.04123079075394744,82.1
2025-04-13,1,hgb_clf,0.028049980652212772,67.0
2025-04-13,2,hgb_clf,0.04480899769469491,63.8
2025-04-13,3,hgb_clf,0.056876187672443235,82.1
2025-04-14,1,logistic,0.0505732333132213,63.8
2025-04-14,2,logistic,0.07006835074968563,82.1
2025-04-14,3,logistic,0.089085945512512,68.5
2025-04-14,1,forest_clf,0.01441609199958131,63.8
2025-04-14,2,forest_clf,0.017492127658129547,82.1
2025-04-14,3,forest_clf,0.05084414757140822,68.5
2025-04-14,1,hgb_clf,0.0587406943753921,63.8
2025-04-14,2,hgb_clf,0.06636412928525649,82.1
2025-04-14,3,hgb_clf,0.0967641788246769,68.5
2025-04-15,1,logistic,0.046240458532899945,82.1
2025-04-15,2,logistic,0.07024510391888916,68.5
2025-04-15,3,logistic,0.08858358050826685,87.4
2025-04-15,1,forest_clf,0.014776703039485629,82.1
2025-04-15,2,forest_clf,0.01760726656860133,68.5
2025-04-15,3,forest_clf,0.04814000042159871,87.4
2025-04-15,1,hgb_clf,0.07453876924377986,82.1
2025-04-15,2,hgb_clf,0.06644334466454262,68.5
2025-04-15,3,hgb_clf,0.07830108446051538,87.4
2025-04-16,1,logistic,0.07747041586356267,68.5
2025-04-16,2,logistic,0.11308840227838035,87.4
2025-04-16,3,logistic,0.12019190954511139,52.5
2025-04-16,1,forest_clf,0.03105815908869104,68.5
2025-04-16,2,forest_clf,0.04627164534343817,87.4
2025-04-16,3,forest_clf,0.05572698143764775,52.5
2025-04-16,1,hgb_clf,0.07453876924377986,68.5
2025-04-16,2,hgb_clf,0.07871706842776872,87.4
2025-04-16,3,hgb_clf,0.10023054621189241,52.5
2025-04-17,1,logistic,0.05089107379142456,87.4
2025-04-17,2,logistic,0.08652009262491109,52.5
2025-04-17,3,logistic,0.1037345179627612,53.0
2025-04-17,1,forest_clf,0.006628012899433298,87.4
2025-04-17,2,forest_clf,0.016267343794015544,52.5
2025-04-17,3,forest_clf,0.0409433308582989,53.0
2025-04-17,1,hgb_clf,0.060790751444023856,87.4
2025-04-17,2,hgb_clf,0.14695573021096187,52.5
2025-04-17,3,hgb_clf,0.10211068307513013,53.0
2025-04-18,1,logistic,0.08065787254747907,52.5
2025-04-18,2,logistic,0.13833507126011174,53.0
2025-04-18,3,logistic,0.14454289337257295,69.3
2025-04-18,1,forest_clf,0.021773931786744548,52.5
2025-04-18,2,forest_clf,0.0724212187339253,53.0
2025-04-18,3,forest_clf,0.0817634349915532,69.3
2025-04-18,1,hgb_clf,0.08854916357292361,52.5
2025-04-18,2,hgb_clf,0.11030466084153623,53.0
2025-04-18,3,hgb_clf,0.11376405590082014,69.3
2025-04-19,1,logistic,0.03279496466832605,53.0
2025-04-19,2,logistic,0.07175698902912389,69.3
2025-04-19,3,logistic,0.08479064626783017,81.7
2025-04-19,1,forest_clf,0.020346542807674034,53.0
2025-04-19,2,forest_clf,0.03240942008530049,69.3
2025-04-19,3,forest_clf,0.07468493427384203,81.7
2025-04-19,1,hgb_clf,0.04763814249185624,53.0
2025-04-19,2,hgb_clf,0.06610313480629403,69.3
2025-04-19,3,hgb_clf,0.10070287061072387,81.7
2025-04-20,1,logistic,0.03129930116822391,69.3
2025-04-20,2,logistic,0.07590189759983335,81.7
2025-04-20,3,logistic,0.08432086089289337,71.2
2025-04-20,1,forest_clf,0.015885955672994938,69.3
2025-04-20,2,forest_clf,0.05329359724088068,81.7
2025-04-20,3,forest_clf,0.11391624582417911,71.2
2025-04-20,1,hgb_clf,0.04042106707224841,69.3
2025-04-20,2,hgb_clf,0.05256490621729156,81.7
2025-04-20,3,hgb_clf,0.09902349905836538,71.2
2025-04-21,1,logistic,0.061676492604363094,81.7
2025-04-21,2,logistic,0.08446392202824166,71.2
2025-04-21,3,logistic,0.10695876587480457,90.8
2025-04-21,1,forest_clf,0.03376497386055698,81.7
2025-04-21,2,forest_clf,0.13214788365879226,71.2
2025-04-21,3,forest_clf,0.12309172137442631,90.8
2025-04-21,1,hgb_clf,0.05564569177438545,81.7
2025-04-21,2,hgb_clf,0.09483067945123583,71.2
2025-04-21,3,hgb_clf,0.11170607525351732,90.8
2025-04-22,1,logistic,0.09090883036358703,71.2
2025-04-22,2,logistic,0.11408728953928843,90.8
2025-04-22,3,logistic,0.1273070590304523,86.3
2025-04-22,1,forest_clf,0.03555314094745888,71.2
2025-04-22,2,forest_clf,0.18604729469661893,90.8
2025-04-22,3,forest_clf,0.14234971532919136,86.3
2025-04-22,1,hgb_clf,0.07284473422786367,71.2
2025-04-22,2,hgb_clf,0.13604737237928183,90.8
2025-04-22,3,hgb_clf,0.09517814383300462,86.3
2025-04-23,1,logistic,0.08213766585855276,90.8
2025-04-23,2,logistic,0.10342056737341276,86.3
2025-04-23,3,logistic,0.11741666566040108,117.0
2025-04-23,1,forest_clf,0.036993818273669585,90.8
2025-04-23,2,forest_clf,0.15626572541034148,86.3
2025-04-23,3,forest_clf,0.13122129769692908,117.0
2025-04-23,1,hgb_clf,0.14886323733347703,90.8
2025-04-23,2,hgb_clf,0.13716570253563615,86.3
2025-04-23,3,hgb_clf,0.12420887298860898,117.0
2025-04-24,1,logistic,0.1181033001291989,86.3
2025-04-24,2,logistic,0.15985603059096473,117.0
2025-04-24,3,logistic,0.15992833544204452,92.0
2025-04-24,1,forest_clf,0.09387322323882766,86.3
2025-04-24,2,forest_clf,0.2533574734093016,117.0
2025-04-24,3,forest_clf,0.16547092995813478,92.0
2025-04-24,1,hgb_clf,0.22314631067372767,86.3
2025-04-24,2,hgb_clf,0.25216455995724674,117.0
2025-04-24,3,hgb_clf,0.13277928171895392,92.0
2025-04-25,1,logistic,0.0981111518584642,117.0
2025-04-25,2,logistic,0.15263510921413895,92.0
2025-04-25,3,logistic,0.15425330719220312,153.0
2025-04-25,1,forest_clf,0.1574879740161254,117.0
2025-04-25,2,forest_clf,0.2127057850568323,92.0
2025-04-25,3,forest_clf,0.16177935314812447,153.0
2025-04-25,1,hgb_clf,0.16692375557694344,117.0
2025-04-25,2,hgb_clf,0.18611441002887386,92.0
2025-04-25,3,hgb_clf,0.1223014247323789,153.0
2025-04-26,1,logistic,0.2548692496920563,92.0
2025-04-26,2,logistic,0.28456349857134505,153.0
2025-04-26,3,logistic,0.2205566659508032,86.3
2025-04-26,1,forest_clf,0.4219921780134516,92.0
2025-04-26,2,forest_clf,0.37253403746854,153.0
2025-04-26,3,forest_clf,0.34322592036658395,86.3
2025-04-26,1,hgb_clf,0.36506463407614936,92.0
2025-04-26,2,hgb_clf,0.30739284198250805,153.0
2025-04-26,3,hgb_clf,0.2740811615742353,86.3
2025-04-27,1,logistic,0.1424513922913163,153.0
2025-04-27,2,logistic,0.19442590810177257,86.3
2025-04-27,3,logistic,0.16965260481522712,86.2
2025-04-27,1,forest_clf,0.1685826338665923,153.0
2025-04-27,2,forest_clf,0.30003332424960183,86.3
2025-04-27,3,forest_clf,0.30567908200489435,86.2
2025-04-27,1,hgb_clf,0.2119837452237048,153.0
2025-04-27,2,hgb_clf,0.20727385309805174,86.3
2025-04-27,3,hgb_clf,0.2346936849798887,86.2
2025-04-28,1,logistic,0.64519981560901,86.3
2025-04-28,2,logistic,0.5702485275356083,86.2
2025-04-28,3,logistic,0.5006353643756207,78.1
2025-04-28,1,forest_clf,0.619745153386188,86.3
2025-04-28,2,forest_clf,0.44494297155224577,86.2
2025-04-28,3,forest_clf,0.36337295429077854,78.1
2025-04-28,1,hgb_clf,0.5875876127403178,86.3
2025-04-28,2,hgb_clf,0.40467116083278404,86.2
2025-04-28,3,hgb_clf,0.3858554318034567,78.1
2025-04-29,1,logistic,0.21800800330844458,86.2
2025-04-29,2,logistic,0.27101892472512135,78.1
2025-04-29,3,logistic,0.3076298666190483,40.0
2025-04-29,1,forest_clf,0.18550622153881502,86.2
2025-04-29,2,forest_clf,0.25611562594474163,78.1
2025-04-29,3,forest_clf,0.27185223730697705,40.0
2025-04-29,1,hgb_clf,0.1467415054066821,86.2
2025-04-29,2,hgb_clf,0.18411252753833743,78.1
2025-04-29,3,hgb_clf,0.30471142571651744,40.0
2025-04-30,1,logistic,0.20175655100877266,78.1
2025-04-30,2,logistic,0.2765180864561972,40.0
2025-04-30,3,logistic,0.29282172729607087,68.7
2025-04-30,1,forest_clf,0.1513224108880603,78.1
2025-04-30,2,forest_clf,0.23815763726129435,40.0
2025-04-30,3,forest_clf,0.2551645636686352,68.7
2025-04-30,1,hgb_clf,0.12479123408421565,78.1
2025-04-30,2,hgb_clf,0.145934298997837,40.0
2025-04-30,3,hgb_clf,0.2870761618442471,68.7
2025-05-01,1,logistic,0.16686778358309984,40.0
2025-05-01,2,logistic,0.28099367300044,68.7
2025-05-01,3,logistic,0.32768644619846615,81.8
2025-05-01,1,forest_clf,0.0630714450980587,40.0
2025-05-01,2,forest_clf,0.18663611044106015,68.7
2025-05-01,3,forest_clf,0.15655618377521083,81.8
2025-05-01,1,hgb_clf,0.09598979320532466,40.0
2025-05-01,2,hgb_clf,0.18731247740604826,68.7
2025-05-01,3,hgb_clf,0.3570286084345069,81.8
2025-05-02,1,logistic,0.04907271013615967,68.7
2025-05-02,2,logistic,0.13987101649205178,81.8
2025-05-02,3,logistic,0.19644917081588897,37.2
2025-05-02,1,forest_clf,0.0648173553674845,68.7
2025-05-02,2,forest_clf,0.10118080139383454,81.8
2025-05-02,3,forest_clf,0.1706155064111045,37.2
2025-05-02,1,hgb_clf,0.06045693724084828,68.7
2025-05-02,2,hgb_clf,0.07860032496822707,81.8
2025-05-02,3,hgb_clf,0.3587921148928125,37.2
2025-05-03,1,logistic,0.11701351427628773,81.8
2025-05-03,2,logistic,0.24974661259400177,37.2
2025-05-03,3,logistic,0.2541948005100855,50.2
2025-05-03,1,forest_clf,0.06667570204001455,81.8
2025-05-03,2,forest_clf,0.17662777751571251,37.2
2025-05-03,3,forest_clf,0.1677667252779916,50.2
2025-05-03,1,hgb_clf,0.08547831027494969,81.8
2025-05-03,2,hgb_clf,0.25049009934287847,37.2
2025-05-03,3,hgb_clf,0.3853614201410107,50.2
2025-05-04,1,logistic,0.15162146289247994,37.2
2025-05-04,2,logistic,0.29220434214976687,50.2
2025-05-04,3,logistic,0.28621548431634425,52.0
2025-05-04,1,forest_clf,0.08988830513283538,37.2
2025-05-04,2,forest_clf,0.15729432921029496,50.2
2025-05-04,3,forest_clf,0.15954744462121564,52.0
2025-05-04,1,hgb_clf,0.17112756095241244,37.2
2025-05-04,2,hgb_clf,0.25966862868207224,50.2
2025-05-04,3,hgb_clf,0.29022559670031944,52.0
2025-05-05,1,logistic,0.05664744390296801,50.2
2025-05-05,2,logistic,0.10767351527822941,52.0
2025-05-05,3,logistic,0.14375972975417267,70.7
2025-05-05,1,forest_clf,0.04336941132199894,50.2
2025-05-05,2,forest_clf,0.08539755252264745,52.0
2025-05-05,3,forest_clf,0.14870463826186697,70.7
2025-05-05,1,hgb_clf,0.10218716820414511,50.2
2025-05-05,2,hgb_clf,0.09031621050762972,52.0
2025-05-05,3,hgb_clf,0.2060035812869254,70.7
2025-05-06,1,logistic,0.06316156686393765,52.0
2025-05-06,2,logistic,0.12654009737632718,70.7
2025-05-06,3,logistic,0.16355619283546044,72.3
2025-05-06,1,forest_clf,0.034457840088110106,52.0
2025-05-06,2,forest_clf,0.07820862589937926,70.7
2025-05-06,3,forest_clf,0.12169742151292613,72.3
2025-05-06,1,hgb_clf,0.06586597651154023,52.0
2025-05-06,2,hgb_clf,0.13604146443778298,70.7
2025-05-06,3,hgb_clf,0.19303714818736137,72.3
2025-05-07,1,logistic,0.06384853514798941,70.7
2025-05-07,2,logistic,0.1350775979932676,72.3
2025-05-07,3,logistic,0.17560336114277397,
2025-05-07,1,forest_clf,0.03655082562768606,70.7
2025-05-07,2,forest_clf,0.06607898032480862,72.3
2025-05-07,3,forest_clf,0.08988170405315779,
2025-05-07,1,hgb_clf,0.09152349305949407,70.7
2025-05-07,2,hgb_clf,0.15496397830349526,72.3
2025-05-07,3,hgb_clf,0.12807745001801885,
2025-05-08,1,logistic,0.1091357355970866,72.3
2025-05-08,2,logistic,0.17997916866752056,
2025-05-08,3,logistic,0.1974744478234177,40.9
2025-05-08,1,forest_clf,0.05145961229189545,72.3
2025-05-08,2,forest_clf,0.10603656978770185,
2025-05-08,3,forest_clf,0.10135251142696228,40.9
2025-05-08,1,hgb_clf,0.14972096583911443,72.3
2025-05-08,2,hgb_clf,0.18871867111575624,
2025-05-08,3,hgb_clf,0.1578995976051573,40.9
2025-05-09,1,logistic,0.09960411853703512,
2025-05-09,2,logistic,0.18309543234000727,40.9
2025-05-09,3,logistic,0.20406840757880815,43.9
2025-05-09,1,forest_clf,0.07497240270255853,
2025-05-09,2,forest_clf,0.12536194500613254,40.9
2025-05-09,3,forest_clf,0.13650574515817415,43.9
2025-05-09,1,hgb_clf,0.16945122664869475,
2025-05-09,2,hgb_clf,0.17825749605384322,40.9
2025-05-09,3,hgb_clf,0.18902850453016495,43.9
2025-05-10,1,logistic,,40.9
2025-05-10,2,logistic,,43.9
2025-05-10,3,logistic,,27.5
2025-05-10,1,forest_clf,,40.9
2025-05-10,2,forest_clf,,43.9
2025-05-10,3,forest_clf,,27.5
2025-05-10,1,hgb_clf,0.2821251882328579,40.9
2025-05-10,2,hgb_clf,0.2690751206709923,43.9
2025-05-10,3,hgb_clf,0.2371596316008718,27.5
2025-05-11,1,logistic,,43.9
2025-05-11,2,logistic,,27.5
2025-05-11,3,logistic,,66.0
2025-05-11,1,forest_clf,,43.9
2025-05-11,2,forest_clf,,27.5
2025-05-11,3,forest_clf,,66.0
2025-05-11,1,hgb_clf,0.10407086114851134,43.9
2025-05-11,2,hgb_clf,0.08432034299902925,27.5
2025-05-11,3,hgb_clf,0.16459572234374015,66.0
2025-05-12,1,logistic,,27.5
2025-05-12,2,logistic,,66.0
2025-05-12,3,logistic,,211.0
2025-05-12,1,forest_clf,,27.5
2025-05-12,2,forest_clf,,66.0
2025-05-12,3,forest_clf,,211.0
2025-05-12,1,hgb_clf,0.047094627852113546,27.5
2025-05-12,2,hgb_clf,0.07296708835593319,66.0
2025-05-12,3,hgb_clf,0.11027066814306592,211.0
2025-05-13,1,logistic,,66.0
2025-05-13,2,logistic,,211.0
2025-05-13,3,logistic,,80.9
2025-05-13,1,forest_clf,,66.0
2025-05-13,2,forest_clf,,211.0
2025-05-13,3,forest_clf,,80.9
2025-05-13,1,hgb_clf,0.03579617413474003,66.0
2025-05-13,2,hgb_clf,0.058059923290976395,211.0
2025-05-13,3,hgb_clf,0.0497329106184007,80.9
2025-05-14,1,logistic,0.08240981421540859,211.0
2025-05-14,2,logistic,0.09297994839923822,80.9
2025-05-14,3,logistic,0.10800965701142062,36.3
2025-05-14,1,forest_clf,0.08490593882373697,211.0
2025-05-14,2,forest_clf,0.09911750284525932,80.9
2025-05-14,3,forest_clf,0.05720765589457646,36.3
2025-05-14,1,hgb_clf,0.06603995171513609,211.0
2025-05-14,2,hgb_clf,0.10010636950255156,80.9
2025-05-14,3,hgb_clf,0.05917904843609617,36.3
2025-05-15,1,logistic,0.7259832580568881,80.9
2025-05-15,2,logistic,0.4274888609149427,36.3
2025-05-15,3,logistic,0.28526953986960263,57.2
2025-05-15,1,forest_clf,0.5936209247353886,80.9
2025-05-15,2,forest_clf,0.39615816663233394,36.3
2025-05-15,3,forest_clf,0.30924779631164406,57.2
2025-05-15,1,hgb_clf,0.6968323001046707,80.9
2025-05-15,2,hgb_clf,0.36748389421374095,36.3
2025-05-15,3,hgb_clf,0.16946953928922362,57.2
2025-05-16,1,logistic,0.18542129629323606,36.3
2025-05-16,2,logistic,0.12709171795947874,57.2
2025-05-16,3,logistic,0.13622209967175172,74.0
2025-05-16,1,forest_clf,0.1977952674079118,36.3
2025-05-16,2,forest_clf,0.17649616963941905,57.2
2025-05-16,3,forest_clf,0.1982754671818168,74.0
2025-05-16,1,hgb_clf,0.13854891992073703,36.3
2025-05-16,2,hgb_clf,0.08716081287824308,57.2
2025-05-16,3,hgb_clf,0.15456575427456937,74.0
2025-05-17,1,logistic,,57.2
2025-05-17,2,logistic,,74.0
2025-05-17,3,logistic,,70.8
2025-05-17,1,forest_clf,,57.2
2025-05-17,2,forest_clf,,74.0
2025-05-17,3,forest_clf,,70.8
2025-05-17,1,hgb_clf,0.07553687585488887,57.2
2025-05-17,2,hgb_clf,0.04600254196793351,74.0
2025-05-17,3,hgb_clf,0.10202972287950275,70.8
2025-05-18,1,logistic,0.07918730932229998,74.0
2025-05-18,2,logistic,0.16580011813492182,70.8
2025-05-18,3,logistic,0.19809633107262375,59.5
2025-05-18,1,forest_clf,0.0811970825744341,74.0
2025-05-18,2,forest_clf,0.12665271576076045,70.8
2025-05-18,3,forest_clf,0.16851216845583392,59.5
2025-05-18,1,hgb_clf,0.036819810578010974,74.0
2025-05-18,2,hgb_clf,0.10306831618707886,70.8
2025-05-18,3,hgb_clf,0.23764534369211493,59.5
2025-05-19,1,logistic,0.16854720631623832,70.8
2025-05-19,2,logistic,0.14323482962042017,59.5
2025-05-19,3,logistic,0.1801763809243189,25.5
2025-05-19,1,forest_clf,0.11732280075532044,70.8
2025-05-19,2,forest_clf,0.12809868602954513,59.5
2025-05-19,3,forest_clf,0.1785567539123034,25.5
2025-05-19,1,hgb_clf,0.09051475619919941,70.8
2025-05-19,2,hgb_clf,0.16088421632503797,59.5
2025-05-19,3,hgb_clf,0.23683818307511337,25.5
2025-05-20,1,logistic,0.19264577879707412,59.5
2025-05-20,2,logistic,0.14625365824683342,25.5
2025-05-20,3,logistic,0.17677517160020878,41.4
2025-05-20,1,forest_clf,0.12288230429074234,59.5
2025-05-20,2,forest_clf,0.13386484678026733,25.5
2025-05-20,3,forest_clf,0.17586293015270532,41.4
2025-05-20,1,hgb_clf,0.14409304943381912,59.5
2025-05-20,2,hgb_clf,0.14022256826379545,25.5
2025-05-20,3,hgb_clf,0.13437352747275297,41.4
2025-05-21,1,logistic,0.14287551439371943,25.5
2025-05-21,2,logistic,0.13187953728450375,41.4
2025-05-21,3,logistic,0.16027496533001892,53.1
2025-05-21,1,forest_clf,0.06891851436891941,25.5
2025-05-21,2,forest_clf,0.10090319142573147,41.4
2025-05-21,3,forest_clf,0.13927401773434758,53.1
2025-05-21,1,hgb_clf,0.09318240270785667,25.5
2025-05-21,2,hgb_clf,0.12170913132876829,41.4
2025-05-21,3,hgb_clf,0.17979930082788345,53.1
2025-05-22,1,logistic,0.032285561436472855,41.4
2025-05-22,2,logistic,0.07565184459475838,53.1
2025-05-22,3,logistic,0.08750173750046923,24.1
2025-05-22,1,forest_clf,0.048732972949420264,41.4
2025-05-22,2,forest_clf,0.1296465907982969,53.1
2025-05-22,3,forest_clf,0.15427683197515962,24.1
2025-05-22,1,hgb_clf,0.052529057455339485,41.4
2025-05-22,2,hgb_clf,0.0846119336025752,53.1
2025-05-22,3,hgb_clf,0.0924087468120357,24.1
2025-05-23,1,logistic,0.04018394662747285,53.1
2025-05-23,2,logistic,0.08195294115021837,24.1
2025-05-23,3,logistic,0.09705162293248436,46.7
2025-05-23,1,forest_clf,0.04972339826272653,53.1
2025-05-23,2,forest_clf,0.08531690210911895,24.1
2025-05-23,3,forest_clf,0.10431108349912696,46.7
2025-05-23,1,hgb_clf,0.027689633247154254,53.1
2025-05-23,2,hgb_clf,0.084318804666843,24.1
2025-05-23,3,hgb_clf,0.0931887932182287,46.7
2025-05-24,1,logistic,0.06363159069635159,24.1
2025-05-24,2,logistic,0.10208801184837686,46.7
2025-05-24,3,logistic,0.10481743101152934,44.0
2025-05-24,1,forest_clf,0.09075238530277283,24.1
2025-05-24,2,forest_clf,0.10692926136965403,46.7
2025-05-24,3,forest_clf,0.09301488054210434,44.0
2025-05-24,1,hgb_clf,0.05001830509289622,24.1
2025-05-24,2,hgb_clf,0.09358623425734822,46.7
2025-05-24,3,hgb_clf,0.08643401240124263,44.0
2025-05-25,1,logistic,0.034274763663431365,46.7
2025-05-25,2,logistic,0.07143075275961785,44.0
2025-05-25,3,logistic,0.07909007279512525,53.1
2025-05-25,1,forest_clf,0.04484317585658056,46.7
2025-05-25,2,forest_clf,0.06123247775953801,44.0
2025-05-25,3,forest_clf,0.10228946512521343,53.1
2025-05-25,1,hgb_clf,0.040290316297967484,46.7
2025-05-25,2,hgb_clf,0.04791276192789834,44.0
2025-05-25,3,hgb_clf,0.05565910604534172,53.1
2025-05-26,1,logistic,0.05287338188909745,44.0
2025-05-26,2,logistic,0.0660980296891627,53.1
2025-05-26,3,logistic,0.07822668478257189,51.1
2025-05-26,1,forest_clf,0.06395905726113066,44.0
2025-05-26,2,forest_clf,0.08545922864642867,53.1
2025-05-26,3,forest_clf,0.06886643383744132,51.1
2025-05-26,1,hgb_clf,0.030962789220795855,44.0
2025-05-26,2,hgb_clf,0.05111626943622442,53.1
2025-05-26,3,hgb_clf,0.07086525077942203,51.1
2025-05-27,1,logistic,0.04343893333133937,53.1
2025-05-27,2,logistic,0.06227915882017718,51.1
2025-05-27,3,logistic,0.07531475791593938,58.5
2025-05-27,1,forest_clf,0.0522878821832896,53.1
2025-05-27,2,forest_clf,0.06142100476941317,51.1
2025-05-27,3,forest_clf,0.06668749708122097,58.5
2025-05-27,1,hgb_clf,0.028999268286702972,53.1
2025-05-27,2,hgb_clf,0.03379995250751741,51.1
2025-05-27,3,hgb_clf,0.057341532585461014,58.5
2025-05-28,1,logistic,0.05368257016862561,51.1
2025-05-28,2,logistic,0.06971721285802848,58.5
2025-05-28,3,logistic,0.07519662988257231,63.4
2025-05-28,1,forest_clf,0.06235516512907194,51.1
2025-05-28,2,forest_clf,0.07672699822655053,58.5
2025-05-28,3,forest_clf,0.0677229290692728,63.4
2025-05-28,1,hgb_clf,0.027879059062342375,51.1
2025-05-28,2,hgb_clf,0.047362433485704694,58.5
2025-05-28,3,hgb_clf,0.05238563573483457,63.4
2025-05-29,1,logistic,0.0360914429147574,58.5
2025-05-29,2,logistic,0.07465243052758581,63.4
2025-05-29,3,logistic,0.0870153717846905,46.1
2025-05-29,1,forest_clf,0.05413316232015349,58.5
2025-05-29,2,forest_clf,0.06513527470887696,63.4
2025-05-29,3,forest_clf,0.0660516882306733,46.1
2025-05-29,1,hgb_clf,0.027625938730129404,58.5
2025-05-29,2,hgb_clf,0.032051747901548334,63.4
2025-05-29,3,hgb_clf,0.03283317609324405,46.1
2025-05-30,1,logistic,0.04195746974812423,63.4
2025-05-30,2,logistic,0.08499449768040429,46.1
2025-05-30,3,logistic,0.09093124085704574,40.6
2025-05-30,1,forest_clf,0.05033363688866526,63.4
2025-05-30,2,forest_clf,0.08841635072074991,46.1
2025-05-30,3,forest_clf,0.07389247621716534,40.6
2025-05-30,1,hgb_clf,0.014438018554295525,63.4
2025-05-30,2,hgb_clf,0.05179287782147153,46.1
2025-05-30,3,hgb_clf,0.0687369081881214,40.6
2025-05-31,1,logistic,0.051165804000547814,46.1
2025-05-31,2,logistic,0.10179459931879126,40.6
2025-05-31,3,logistic,0.09224051679771629,38.2
2025-05-31,1,forest_clf,0.053732987566987994,46.1
2025-05-31,2,forest_clf,0.11948071085254401,40.6
2025-05-31,3,forest_clf,0.06909607314749604,38.2
2025-05-31,1,hgb_clf,0.027126198414226595,46.1
2025-05-31,2,hgb_clf,0.1078771017277857,40.6
2025-05-31,3,hgb_clf,0.06634007663303489,38.2
2025-06-01,1,logistic,0.0283185043263111,40.6
2025-06-01,2,logistic,0.07964507577845575,38.2
2025-06-01,3,logistic,0.07977440183541407,48.5
2025-06-01,1,forest_clf,0.030425505583071798,40.6
2025-06-01,2,forest_clf,0.06567538997235223,38.2
2025-06-01,3,forest_clf,0.07958735352488845,48.5
2025-06-01,1,hgb_clf,0.015839587767736044,40.6
2025-06-01,2,hgb_clf,0.056120778014046024,38.2
2025-06-01,3,hgb_clf,0.07480768418503114,48.5
2025-06-02,1,logistic,0.026650794605030347,38.2
2025-06-02,2,logistic,0.0515391717451392,48.5
2025-06-02,3,logistic,0.06485723587230034,42.1
2025-06-02,1,forest_clf,0.02357280654462457,38.2
2025-06-02,2,forest_clf,0.05064513962222708,48.5
2025-06-02,3,forest_clf,0.04610507627613602,42.1
2025-06-02,1,hgb_clf,0.009517520987283572,38.2
2025-06-02,2,hgb_clf,0.015833314784244414,48.5
2025-06-02,3,hgb_clf,0.05690550337475325,42.1
2025-06-03,1,logistic,0.022910182320216976,48.5
2025-06-03,2,logistic,0.0503771873852417,42.1
2025-06-03,3,logistic,0.06454198061622368,41.2
2025-06-03,1,forest_clf,0.02654172802902781,48.5
2025-06-03,2,forest_clf,0.05829999678753248,42.1
2025-06-03,3,forest_clf,0.042442619313806995,41.2
2025-06-03,1,hgb_clf,0.007337669213302114,48.5
2025-06-03,2,hgb_clf,0.014181287994721601,42.1
2025-06-03,3,hgb_clf,0.017528626965294416,41.2
2025-06-04,1,logistic,0.027273441632321933,42.1
2025-06-04,2,logistic,0.05730887728871946,41.2
2025-06-04,3,logistic,0.06658540071107437,60.2
2025-06-04,1,forest_clf,0.025334073338277002,42.1
2025-06-04,2,forest_clf,0.04687055892527445,41.2
2025-06-04,3,forest_clf,0.04652321921322651,60.2
2025-06-04,1,hgb_clf,0.011409202764554436,42.1
2025-06-04,2,hgb_clf,0.008776531452614837,41.2
2025-06-04,3,hgb_clf,0.022856020909272263,60.2
2025-06-05,1,logistic,0.022348755901372898,41.2
2025-06-05,2,logistic,0.05242234981654676,60.2
2025-06-05,3,logistic,0.062026909481762156,60.2
2025-06-05,1,forest_clf,0.023110525390137956,41.2
2025-06-05,2,forest_clf,0.039871697189317955,60.2
2025-06-05,3,forest_clf,0.0421696997669245,60.2
2025-06-05,1,hgb_clf,0.013700580447040152,41.2
2025-06-05,2,hgb_clf,0.008273307450568411,60.2
2025-06-05,3,hgb_clf,0.02446542632932836,60.2
2025-06-06,1,logistic,0.02035690578377249,60.2
2025-06-06,2,logistic,0.05244821574787025,60.2
2025-06-06,3,logistic,0.05989068096939173,64.5
2025-06-06,1,forest_clf,0.02221334473080556,60.2
2025-06-06,2,forest_clf,0.035906030142394775,60.2
2025-06-06,3,forest_clf,0.033490716373825564,64.5
2025-06-06,1,hgb_clf,0.007287567689621732,60.2
2025-06-06,2,hgb_clf,0.008273307450568411,60.2
2025-06-06,3,hgb_clf,0.018056576730477995,64.5
2025-06-07,1,logistic,0.03185786016262202,60.2
2025-06-07,2,logistic,0.07443338645084328,64.5
2025-06-07,3,logistic,0.06654362449021904,55.1
2025-06-07,1,forest_clf,0.02879115983124864,60.2
2025-06-07,2,forest_clf,0.07125037688371898,64.5
2025-06-07,3,forest_clf,0.04036732419747113,55.1
2025-06-07,1,hgb_clf,0.008054801723608692,60.2
2025-06-07,2,hgb_clf,0.022452490933066165,64.5
2025-06-07,3,hgb_clf,0.01753042930231323,55.1
2025-06-08,1,logistic,0.028658379579565633,64.5
2025-06-08,2,logistic,0.07468766832577751,55.1
2025-06-08,3,logistic,0.0669646509480225,70.4
2025-06-08,1,forest_clf,0.027468285260942565,64.5
2025-06-08,2,forest_clf,0.08057799344981753,55.1
2025-06-08,3,forest_clf,0.05585836471384804,70.4
2025-06-08,1,hgb_clf,0.015295335765258686,64.5
2025-06-08,2,hgb_clf,0.030190003927194776,55.1
2025-06-08,3,hgb_clf,0.02994180658544211,70.4
2025-06-09,1,logistic,0.04354616199509206,55.1
2025-06-09,2,logistic,0.06003044315809673,70.4
2025-06-09,3,logistic,0.06498152047071915,69.1
2025-06-09,1,forest_clf,0.038244981024973396,55.1
2025-06-09,2,forest_clf,0.0990246492606898,70.4
2025-06-09,3,forest_clf,0.0894678266062577,69.1
2025-06-09,1,hgb_clf,0.032843713874493856,55.1
2025-06-09,2,hgb_clf,0.02442905509935814,70.4
2025-06-09,3,hgb_clf,0.0594101951413966,69.1
2025-06-10,1,logistic,0.02893423153060231,70.4
2025-06-10,2,logistic,0.052103299035553205,69.1
2025-06-10,3,logistic,0.05964382618066487,54.5
2025-06-10,1,forest_clf,0.02290229167753374,70.4
2025-06-10,2,forest_clf,0.0740300484580352,69.1
2025-06-10,3,forest_clf,0.08465117243162922,54.5
2025-06-10,1,hgb_clf,0.013213715055864196,70.4
2025-06-10,2,hgb_clf,0.029368389166363567,69.1
2025-06-10,3,hgb_clf,0.05037012437619999,54.5
2025-06-11,1,logistic,0.0365334353198615,69.1
2025-06-11,2,logistic,0.06458422399737958,54.5
2025-06-11,3,logistic,0.06595517258074593,59.0
2025-06-11,1,forest_clf,0.042822276025179906,69.1
2025-06-11,2,forest_clf,0.1276200052027584,54.5
2025-06-11,3,forest_clf,0.09240065311391962,59.0
2025-06-11,1,hgb_clf,0.04092830496317829,69.1
2025-06-11,2,hgb_clf,0.05164946708986058,54.5
2025-06-11,3,hgb_clf,0.05037012437619999,59.0
2025-06-12,1,logistic,0.030065020583830322,54.5
2025-06-12,2,logistic,0.06294829928369203,59.0
2025-06-12,3,logistic,0.06523118328481176,38.3
2025-06-12,1,forest_clf,0.02726607761867188,54.5
2025-06-12,2,forest_clf,0.09826924024030843,59.0
2025-06-12,3,forest_clf,0.08449345962211872,38.3
2025-06-12,1,hgb_clf,0.04472019508389774,54.5
2025-06-12,2,hgb_clf,0.03651003258627608,59.0
2025-06-12,3,hgb_clf,0.04279475779921915,38.3
2025-06-13,1,logistic,0.02006987045919202,59.0
2025-06-13,2,logistic,0.05218581174110413,38.3
2025-06-13,3,logistic,0.0563117280505272,41.0
2025-06-13,1,forest_clf,0.004747914227074789,59.0
2025-06-13,2,forest_clf,0.032208100422577365,38.3
2025-06-13,3,forest_clf,0.054546337173547704,41.0
2025-06-13,1,hgb_clf,0.02531863020119308,59.0
2025-06-13,2,hgb_clf,0.019052077885959206,38.3
2025-06-13,3,hgb_clf,0.05182606220846129,41.0
2025-06-14,1,logistic,0.03468968306306835,38.3
2025-06-14,2,logistic,0.061160865354305705,41.0
2025-06-14,3,logistic,0.056419451644255776,32.7
2025-06-14,1,forest_clf,0.0013399157764384857,38.3
2025-06-14,2,forest_clf,0.020161083660878067,41.0
2025-06-14,3,forest_clf,0.041488938726470324,32.7
2025-06-14,1,hgb_clf,0.014693895248524526,38.3
2025-06-14,2,hgb_clf,0.0479925429056218,41.0
2025-06-14,3,hgb_clf,0.04349039552407562,32.7
2025-06-15,1,logistic,0.014900057336288623,41.0
2025-06-15,2,logistic,0.033975437971880476,32.7
2025-06-15,3,logistic,0.036747967916972366,39.9
2025-06-15,1,forest_clf,0.0009909336894472773,41.0
2025-06-15,2,forest_clf,0.006259366282350227,32.7
2025-06-15,3,forest_clf,0.023946882951517968,39.9
2025-06-15,1,hgb_clf,0.013071756412117583,41.0
2025-06-15,2,hgb_clf,0.022252809674981968,32.7
2025-06-15,3,hgb_clf,0.021793109589639117,39.9
2025-06-16,1,logistic,0.018530254465586874,32.7
2025-06-16,2,logistic,0.02543115431602206,39.9
2025-06-16,3,logistic,0.03322828912927807,32.2
2025-06-16,1,forest_clf,0.0,32.7
2025-06-16,2,forest_clf,0.0015441919191919193,39.9
2025-06-16,3,forest_clf,0.009914608513290471,32.2
2025-06-16,1,hgb_clf,0.008245513621076783,32.7
2025-06-16,2,hgb_clf,0.011476165102659475,39.9
2025-06-16,3,hgb_clf,0.022388219811004747,32.2
2025-06-17,1,logistic,0.013294848399784816,39.9
2025-06-17,2,logistic,0.020898968228643178,32.2
2025-06-17,3,logistic,0.029710585613759017,26.0
2025-06-17,1,forest_clf,0.0003684242133077109,39.9
2025-06-17,2,forest_clf,0.004740159996697896,32.2
2025-06-17,3,forest_clf,0.0063302754928202835,26.0
2025-06-17,1,hgb_clf,0.008719975253150566,39.9
2025-06-17,2,hgb_clf,0.008386572657964858,32.2
2025-06-17,3,hgb_clf,0.009167971754159338,26.0
2025-06-18,1,logistic,0.01542804548560285,32.2
2025-06-18,2,logistic,0.02612545184434831,26.0
2025-06-18,3,logistic,0.032995605111846356,29.3
2025-06-18,1,forest_clf,0.0,32.2
2025-06-18,2,forest_clf,0.0,26.0
2025-06-18,3,forest_clf,0.005282851438961845,29.3
2025-06-18,1,hgb_clf,0.007149924346086242,32.2
2025-06-18,2,hgb_clf,0.0070804961478183655,26.0
2025-06-18,3,hgb_clf,0.015703425723854643,29.3
2025-06-19,1,logistic,0.010736349319655959,26.0
2025-06-19,2,logistic,0.021175304811668495,29.3
2025-06-19,3,logistic,0.027961027807658526,33.0
2025-06-19,1,forest_clf,0.0,26.0
2025-06-19,2,forest_clf,0.0,29.3
2025-06-19,3,forest_clf,0.004813595504969325,33.0
2025-06-19,1,hgb_clf,0.0028955167059486055,26.0
2025-06-19,2,hgb_clf,0.006211727943526892,29.3
2025-06-19,3,hgb_clf,0.01177352167011962,33.0
2025-06-20,1,logistic,0.00771828140831541,29.3
2025-06-20,2,logistic,0.018025377544238077,33.0
2025-06-20,3,logistic,0.024525355942910474,39.6
2025-06-20,1,forest_clf,0.0,29.3
2025-06-20,2,forest_clf,0.0,33.0
2025-06-20,3,forest_clf,0.0016821668590048197,39.6
2025-06-20,1,hgb_clf,0.0028339106076402335,29.3
2025-06-20,2,hgb_clf,0.005803976851144148,33.0
2025-06-20,3,hgb_clf,0.009562382352033705,39.6
2025-06-21,1,logistic,0.009544443154051958,33.0
2025-06-21,2,logistic,0.022815295832228424,39.6
2025-06-21,3,logistic,0.026014932701410535,42.0
2025-06-21,1,forest_clf,0.0,33.0
2025-06-21,2,forest_clf,0.0,39.6
2025-06-21,3,forest_clf,0.0018114963229776385,42.0
2025-06-21,1,hgb_clf,0.003218329308497479,33.0
2025-06-21,2,hgb_clf,0.007642629420994895,39.6
2025-06-21,3,hgb_clf,0.006777804910636068,42.0
2025-06-22,1,logistic,0.010173353534674768,39.6
2025-06-22,2,logistic,0.025682859156267713,42.0
2025-06-22,3,logistic,0.028554452944861853,54.3
2025-06-22,1,forest_clf,0.0,39.6
2025-06-22,2,forest_clf,0.0,42.0
2025-06-22,3,forest_clf,0.0018114963229776385,54.3
2025-06-22,1,hgb_clf,0.004303123616105694,39.6
2025-06-22,2,hgb_clf,0.0059089665422546326,42.0
2025-06-22,3,hgb_clf,0.0064797155165590824,54.3
2025-06-23,1,logistic,0.015149450760341715,42.0
2025-06-23,2,logistic,0.02241675730736797,54.3
2025-06-23,3,logistic,0.02946823867239313,29.0
2025-06-23,1,forest_clf,0.0,42.0
2025-06-23,2,forest_clf,0.0,54.3
2025-06-23,3,forest_clf,0.0018114963229776385,29.0
2025-06-23,1,hgb_clf,0.004959538815418245,42.0
2025-06-23,2,hgb_clf,0.0037500213829534217,54.3
2025-06-23,3,hgb_clf,0.010397026587199905,29.0
2025-06-24,1,logistic,0.015139116961978958,54.3
2025-06-24,2,logistic,0.02447370099173676,29.0
2025-06-24,3,logistic,0.03155608629026135,21.1
2025-06-24,1,forest_clf,0.0,54.3
2025-06-24,2,forest_clf,0.0,29.0
2025-06-24,3,forest_clf,0.0018114963229776385,21.1
2025-06-24,1,hgb_clf,0.004297109991433519,54.3
2025-06-24,2,hgb_clf,0.0037500213829534217,29.0
2025-06-24,3,hgb_clf,0.0070359244026027045,21.1
2025-06-25,1,logistic,0.022536163627383456,29.0
2025-06-25,2,logistic,0.03681869215100307,21.1
2025-06-25,3,logistic,0.04224358035502276,25.8
2025-06-25,1,forest_clf,0.0008260572987721692,29.0
2025-06-25,2,forest_clf,0.0006247064349459842,21.1
2025-06-25,3,forest_clf,0.0018114963229776385,25.8
2025-06-25,1,hgb_clf,0.004204645439071593,29.0
2025-06-25,2,hgb_clf,0.005187485908829329,21.1
2025-06-25,3,hgb_clf,0.009170112991873633,25.8
2025-06-26,1,logistic,0.008938803425914875,21.1
2025-06-26,2,logistic,0.018108590775676458,25.8
2025-06-26,3,logistic,0.025475527297322026,35.5
2025-06-26,1,forest_clf,0.0,21.1
2025-06-26,2,forest_clf,0.0,25.8
2025-06-26,3,forest_clf,0.003230414737776422,35.5
2025-06-26,1,hgb_clf,0.003967217082353854,21.1
2025-06-26,2,hgb_clf,0.004193881281662673,25.8
2025-06-26,3,hgb_clf,0.004259622733229283,35.5
2025-06-27,1,logistic,0.006189630191729034,25.8
2025-06-27,2,logistic,0.015117169020778925,35.5
2025-06-27,3,logistic,0.02206800046622787,28.1
2025-06-27,1,forest_clf,0.0,25.8
2025-06-27,2,forest_clf,0.000876629819701597,35.5
2025-06-27,3,forest_clf,0.0,28.1
2025-06-27,1,hgb_clf,0.0025166937119666753,25.8
2025-06-27,2,hgb_clf,0.0033274419091834607,35.5
2025-06-27,3,hgb_clf,0.0038859463420625254,28.1
2025-06-28,1,logistic,0.009546716472285804,35.5
2025-06-28,2,logistic,0.02199588338886439,28.1
2025-06-28,3,logistic,0.027443564155665946,26.5
2025-06-28,1,forest_clf,0.0,35.5
2025-06-28,2,forest_clf,0.0006628514635632074,28.1
2025-06-28,3,forest_clf,0.001235143531870729,26.5
2025-06-28,1,hgb_clf,0.0028582054224808562,35.5
2025-06-28,2,hgb_clf,0.004154330968781909,28.1
2025-06-28,3,hgb_clf,0.0038450176662661473,26.5
2025-06-29,1,logistic,0.012318267635078468,28.1
2025-06-29,2,logistic,0.029161798873706835,26.5
2025-06-29,3,logistic,0.032556199923554956,25.0
2025-06-29,1,forest_clf,0.00036674744370234646,28.1
2025-06-29,2,forest_clf,0.000969013805350824,26.5
2025-06-29,3,forest_clf,0.0006789426118391322,25.0
2025-06-29,1,hgb_clf,0.003982006019349,28.1
2025-06-29,2,hgb_clf,0.003952049865803825,26.5
2025-06-29,3,hgb_clf,0.0038450176662661473,25.0
2025-06-30,1,logistic,0.012541588417590099,26.5
2025-06-30,2,logistic,0.017917234880584085,25.0
2025-06-30,3,logistic,0.0262113906327901,27.6
2025-06-30,1,forest_clf,0.0008780155230834427,26.5
2025-06-30,2,forest_clf,0.0016377967602631235,25.0
2025-06-30,3,forest_clf,0.0006789426118391322,27.6
2025-06-30,1,hgb_clf,0.004767555301580544,26.5
2025-06-30,2,hgb_clf,0.003283574657674277,25.0
2025-06-30,3,hgb_clf,0.0057701543088230665,27.6
2025-07-01,1,logistic,0.010743777616858885,25.0
2025-07-01,2,logistic,0.01881647832208612,27.6
2025-07-01,3,logistic,0.027388519665260357,25.9
2025-07-01,1,forest_clf,0.0008780155230834427,25.0
2025-07-01,2,forest_clf,0.0016377967602631235,27.6
2025-07-01,3,forest_clf,0.0006789426118391322,25.9
2025-07-01,1,hgb_clf,0.0027325170932319645,25.0
2025-07-01,2,hgb_clf,0.003410125449700307,27.6
2025-07-01,3,hgb_clf,0.005016206377112223,25.9
2025-07-02,1,logistic,0.009376274114444541,27.6
2025-07-02,2,logistic,0.019226961975489558,25.9
2025-07-02,3,logistic,0.027394231589053027,30.4
2025-07-02,1,forest_clf,0.0008780155230834427,27.6
2025-07-02,2,forest_clf,0.003284591825522412,25.9
2025-07-02,3,forest_clf,0.002663412461562745,30.4
2025-07-02,1,hgb_clf,0.003941677740697715,27.6
2025-07-02,2,hgb_clf,0.003479529396482026,25.9
2025-07-02,3,hgb_clf,0.004829769605182125,30.4
2025-07-03,1,logistic,0.00957507798039971,25.9
2025-07-03,2,logistic,0.021092219153085755,30.4
2025-07-03,3,logistic,0.029657507263200707,30.4
2025-07-03,1,forest_clf,0.0008780155230834427,25.9
2025-07-03,2,forest_clf,0.003284591825522412,30.4
2025-07-03,3,forest_clf,0.002663412461562745,30.4
2025-07-03,1,hgb_clf,0.004365017223028222,25.9
2025-07-03,2,hgb_clf,0.003283574657674277,30.4
2025-07-03,3,hgb_clf,0.0038450176662661473,30.4
2025-07-04,1,logistic,0.00866998755499688,30.4
2025-07-04,2,logistic,0.02118307370968383,30.4
2025-07-04,3,logistic,0.029866079330237147,15.1
2025-07-04,1,forest_clf,0.00036674744370234646,30.4
2025-07-04,2,forest_clf,0.0026158088706101125,30.4
2025-07-04,3,forest_clf,0.002663412461562745,15.1
2025-07-04,1,hgb_clf,0.004156909595596023,30.4
2025-07-04,2,hgb_clf,0.003283574657674277,30.4
2025-07-04,3,hgb_clf,0.0038450176662661473,15.1
2025-07-05,1,logistic,0.011961157050685262,30.4
2025-07-05,2,logistic,0.028396868731634963,15.1
2025-07-05,3,logistic,0.033130925991361755,28.4
2025-07-05,1,forest_clf,0.00036674744370234646,30.4
2025-07-05,2,forest_clf,0.0006628514635632074,15.1
2025-07-05,3,forest_clf,0.002663412461562745,28.4
2025-07-05,1,hgb_clf,0.006152368423458778,30.4
2025-07-05,2,hgb_clf,0.003952049865803825,15.1
2025-07-05,3,hgb_clf,0.0038450176662661473,28.4
2025-07-06,1,logistic,0.011025904717145698,15.1
2025-07-06,2,logistic,0.029795510040012515,28.4
2025-07-06,3,logistic,0.03388487439442006,12.2
2025-07-06,1,forest_clf,0.0,15.1
2025-07-06,2,forest_clf,0.0,28.4
2025-07-06,3,forest_clf,0.000556200920031597,12.2
2025-07-06,1,hgb_clf,0.006152368423458778,15.1
2025-07-06,2,hgb_clf,0.003952049865803825,28.4
2025-07-06,3,hgb_clf,0.0038450176662661473,12.2
2025-07-07,1,logistic,0.007185689398420489,28.4
2025-07-07,2,logistic,0.014218131659204044,12.2
2025-07-07,3,logistic,0.023079023113498586,13.6
2025-07-07,1,forest_clf,0.0,28.4
2025-07-07,2,forest_clf,0.0,12.2
2025-07-07,3,forest_clf,0.000556200920031597,13.6
2025-07-07,1,hgb_clf,0.003742506651887221,28.4
2025-07-07,2,hgb_clf,0.0035159475021023664,12.2
2025-07-07,3,hgb_clf,0.004423715750134788,13.6
2025-07-08,1,logistic,0.009730271759454342,12.2
2025-07-08,2,logistic,0.020707863178806317,13.6
2025-07-08,3,logistic,0.02995742261412613,29.9
2025-07-08,1,forest_clf,0.0006690217391304348,12.2
2025-07-08,2,forest_clf,0.0,13.6
2025-07-08,3,forest_clf,0.000556200920031597,29.9
2025-07-08,1,hgb_clf,0.0034784877637636068,12.2
2025-07-08,2,hgb_clf,0.003344645925576589,13.6
2025-07-08,3,hgb_clf,0.0038450176662661473,29.9
2025-07-09,1,logistic,0.005500043987113809,13.6
2025-07-09,2,logistic,0.014297598671350218,29.9
2025-07-09,3,logistic,0.023510069607830482,30.0
2025-07-09,1,forest_clf,0.0,13.6
2025-07-09,2,forest_clf,0.0,29.9
2025-07-09,3,forest_clf,0.000556200920031597,30.0
2025-07-09,1,hgb_clf,0.0029682909177316534,13.6
2025-07-09,2,hgb_clf,0.0035159475021023664,29.9
2025-07-09,3,hgb_clf,0.0038450176662661473,30.0
2025-07-10,1,logistic,0.009022898768486876,29.9
2025-07-10,2,logistic,0.014661867857745235,30.0
2025-07-10,3,logistic,0.023882712791684718,27.9
2025-07-10,1,forest_clf,0.0,29.9
2025-07-10,2,forest_clf,0.0,30.0
2025-07-10,3,forest_clf,0.0,27.9
2025-07-10,1,hgb_clf,0.003661785408419219,29.9
2025-07-10,2,hgb_clf,0.0003592580089405747,30.0
2025-07-10,3,hgb_clf,0.0011731933518718336,27.9
2025-07-11,1,logistic,0.013906202823358733,30.0
2025-07-11,2,logistic,0.02340610713184174,27.9
2025-07-11,3,logistic,0.03373535713855004,18.1
2025-07-11,1,forest_clf,0.0,30.0
2025-07-11,2,forest_clf,0.0,27.9
2025-07-11,3,forest_clf,0.0,18.1
2025-07-11,1,hgb_clf,0.00355493444504126,30.0
2025-07-11,2,hgb_clf,0.00024407108094055236,27.9
2025-07-11,3,hgb_clf,0.0009997310685870807,18.1
2025-07-12,1,logistic,0.016580005098314258,27.9
2025-07-12,2,logistic,0.02944673512555214,18.1
2025-07-12,3,logistic,0.033837667507140616,15.5
2025-07-12,1,forest_clf,0.0,27.9
2025-07-12,2,forest_clf,0.0,18.1
2025-07-12,3,forest_clf,0.0,15.5
2025-07-12,1,hgb_clf,0.00355493444504126,27.9
2025-07-12,2,hgb_clf,0.00021163737597879165,18.1
2025-07-12,3,hgb_clf,0.0009683846744163627,15.5
2025-07-13,1,logistic,0.016068712119439877,18.1
2025-07-13,2,logistic,0.030814677849526288,15.5
2025-07-13,3,logistic,0.0352096222754604,25.0
2025-07-13,1,forest_clf,0.0,18.1
2025-07-13,2,forest_clf,0.014902779868880452,15.5
2025-07-13,3,forest_clf,0.0012207792207792208,25.0
2025-07-13,1,hgb_clf,0.004472060052313284,18.1
2025-07-13,2,hgb_clf,0.0003202538242656614,15.5
2025-07-13,3,hgb_clf,0.0009081746235211423,25.0
2025-07-14,1,logistic,0.011312439363071915,15.5
2025-07-14,2,logistic,0.0138240787979773,25.0
2025-07-14,3,logistic,0.023396797621360904,18.8
2025-07-14,1,forest_clf,0.0,15.5
2025-07-14,2,forest_clf,0.0,25.0
2025-07-14,3,forest_clf,0.0,18.8
2025-07-14,1,hgb_clf,0.00337755984027559,15.5
2025-07-14,2,hgb_clf,0.00034956031374018526,25.0
2025-07-14,3,hgb_clf,0.0014653274241402964,18.8
2025-07-15,1,logistic,0.009885290268108641,25.0
2025-07-15,2,logistic,0.01318928425459926,18.8
2025-07-15,3,logistic,0.022350381344549735,22.2
2025-07-15,1,forest_clf,0.0,25.0
2025-07-15,2,forest_clf,0.0,18.8
2025-07-15,3,forest_clf,0.0,22.2
2025-07-15,1,hgb_clf,0.0038237191120807554,25.0
2025-07-15,2,hgb_clf,0.0003689156009740474,18.8
2025-07-15,3,hgb_clf,0.0014024356127092757,22.2
2025-07-16,1,logistic,0.013905172822965496,18.8
2025-07-16,2,logistic,0.019896084214593983,22.2
2025-07-16,3,logistic,0.030768124457725855,18.0
2025-07-16,1,forest_clf,0.0,18.8
2025-07-16,2,forest_clf,0.0015496938294865753,22.2
2025-07-16,3,forest_clf,0.0,18.0
2025-07-16,1,hgb_clf,0.00387975672896514,18.8
2025-07-16,2,hgb_clf,0.00020980765129875444,22.2
2025-07-16,3,hgb_clf,0.0013019941212267458,18.0
2025-07-17,1,logistic,0.01106601285595072,22.2
2025-07-17,2,logistic,0.016196732944661427,18.0
2025-07-17,3,logistic,0.02636636548595503,21.0
2025-07-17,1,forest_clf,0.0,22.2
2025-07-17,2,forest_clf,0.0,18.0
2025-07-17,3,forest_clf,0.0,21.0
2025-07-17,1,hgb_clf,0.004052493404861246,22.2
2025-07-17,2,hgb_clf,0.00035638833111131655,18.0
2025-07-17,3,hgb_clf,0.002144554080481731,21.0
2025-07-18,1,logistic,0.01232933538654135,18.0
2025-07-18,2,logistic,0.019949560763001684,21.0
2025-07-18,3,logistic,0.029966614212777416,30.9
2025-07-18,1,forest_clf,0.0,18.0
2025-07-18,2,forest_clf,0.0,21.0
2025-07-18,3,forest_clf,0.0,30.9
2025-07-18,1,hgb_clf,0.003219448502541172,18.0
2025-07-18,2,hgb_clf,0.00033900336128230707,21.0
2025-07-18,3,hgb_clf,0.0016525739470910788,30.9
2025-07-19,1,logistic,0.011881742813628964,21.0
2025-07-19,2,logistic,0.02070875167963892,30.9
2025-07-19,3,logistic,0.02676679361974133,31.0
2025-07-19,1,forest_clf,0.0,21.0
2025-07-19,2,forest_clf,0.0,30.9
2025-07-19,3,forest_clf,0.009368995249201338,31.0
2025-07-19,1,hgb_clf,0.004958897100775682,21.0
2025-07-19,2,hgb_clf,0.0004536669208875844,30.9
2025-07-19,3,hgb_clf,0.0013418075615556717,31.0
2025-07-20,1,logistic,0.012910326077687228,30.9
2025-07-20,2,logistic,0.024111017373513486,31.0
2025-07-20,3,logistic,0.029608169842099446,16.9
2025-07-20,1,forest_clf,0.0,30.9
2025-07-20,2,forest_clf,0.0,31.0
2025-07-20,3,forest_clf,0.007897557973448592,16.9
2025-07-20,1,hgb_clf,0.005473246527645638,30.9
2025-07-20,2,hgb_clf,0.000359227202840592,31.0
2025-07-20,3,hgb_clf,0.0016233256350605104,16.9
2025-07-21,1,logistic,0.019717297333571946,31.0
2025-07-21,2,logistic,0.02397650285221593,16.9
2025-07-21,3,logistic,0.0348551296307384,28.3
2025-07-21,1,forest_clf,0.0,31.0
2025-07-21,2,forest_clf,0.0,16.9
2025-07-21,3,forest_clf,0.002386980108499096,28.3
2025-07-21,1,hgb_clf,0.0037742681648720894,31.0
2025-07-21,2,hgb_clf,0.0003344442734155408,16.9
2025-07-21,3,hgb_clf,0.0008002257407867547,28.3
2025-07-22,1,logistic,0.019681024711728504,16.9
2025-07-22,2,logistic,0.024950176188314587,28.3
2025-07-22,3,logistic,0.035978574359750694,33.0
2025-07-22,1,forest_clf,0.0,16.9
2025-07-22,2,forest_clf,0.0,28.3
2025-07-22,3,forest_clf,0.006100024639643637,33.0
2025-07-22,1,hgb_clf,0.0045256622462024046,16.9
2025-07-22,2,hgb_clf,0.000396215074781695,28.3
2025-07-22,3,hgb_clf,0.0013678562914527725,33.0
2025-07-23,1,logistic,0.010936463362927851,28.3
2025-07-23,2,logistic,0.01440684105579341,33.0
2025-07-23,3,logistic,0.023731343004868507,22.9
2025-07-23,1,forest_clf,0.0,28.3
2025-07-23,2,forest_clf,0.0,33.0
2025-07-23,3,forest_clf,0.008576088618710653,22.9
2025-07-23,1,hgb_clf,0.004094635092556061,28.3
2025-07-23,2,hgb_clf,0.000686112166321774,33.0
2025-07-23,3,hgb_clf,0.0024601252002617127,22.9
2025-07-24,1,logistic,0.016028153798220854,33.0
2025-07-24,2,logistic,0.023930255666292352,22.9
2025-07-24,3,logistic,0.03469699579725818,24.4
2025-07-24,1,forest_clf,0.00481341653819837,33.0
2025-07-24,2,forest_clf,0.0020750481077613852,22.9
2025-07-24,3,forest_clf,0.008152569799715783,24.4
2025-07-24,1,hgb_clf,0.0037558397734401656,33.0
2025-07-24,2,hgb_clf,0.00035368715539580055,22.9
2025-07-24,3,hgb_clf,0.0012179426801533948,24.4
2025-07-25,1,logistic,0.01980921008783996,22.9
2025-07-25,2,logistic,0.03269827540385053,24.4
2025-07-25,3,logistic,0.044380098884643095,32.1
2025-07-25,1,forest_clf,0.002452657924164669,22.9
2025-07-25,2,forest_clf,0.0020750481077613852,24.4
2025-07-25,3,forest_clf,0.00447792396200817,32.1
2025-07-25,1,hgb_clf,0.004309504503604098,22.9
2025-07-25,2,hgb_clf,0.00038467985609625776,24.4
2025-07-25,3,hgb_clf,0.000999071438476273,32.1
2025-07-26,1,logistic,0.014848178437641595,24.4
2025-07-26,2,logistic,0.023320176767316316,32.1
2025-07-26,3,logistic,0.029002029930042687,17.8
2025-07-26,1,forest_clf,0.0,24.4
2025-07-26,2,forest_clf,0.0,32.1
2025-07-26,3,forest_clf,0.004971568127176224,17.8
2025-07-26,1,hgb_clf,0.0037558397734401656,24.4
2025-07-26,2,hgb_clf,0.0003888645210102708,32.1
2025-07-26,3,hgb_clf,0.0019543061785496493,17.8
2025-07-27,1,logistic,0.01470284077333612,32.1
2025-07-27,2,logistic,0.025443228367310864,17.8
2025-07-27,3,logistic,0.030876867394049615,18.9
2025-07-27,1,forest_clf,0.0,32.1
2025-07-27,2,forest_clf,0.0,17.8
2025-07-27,3,forest_clf,0.007917924787717925,18.9
2025-07-27,1,hgb_clf,0.0037558397734401656,32.1
2025-07-27,2,hgb_clf,0.00040088797723283263,17.8
2025-07-27,3,hgb_clf,0.0014913153427401477,18.9
2025-07-28,1,logistic,0.022105584085300417,17.8
2025-07-28,2,logistic,0.02607981410185462,18.9
2025-07-28,3,logistic,0.03695721179625118,15.0
2025-07-28,1,forest_clf,0.0,17.8
2025-07-28,2,forest_clf,0.0,18.9
2025-07-28,3,forest_clf,0.0010683760683760683,15.0
2025-07-28,1,hgb_clf,0.00387975672896514,17.8
2025-07-28,2,hgb_clf,0.0008687699831962674,18.9
2025-07-28,3,hgb_clf,0.001010893115067695,15.0
2025-07-29,1,logistic,0.011066742012052435,18.9
2025-07-29,2,logistic,0.01182417446029665,15.0
2025-07-29,3,logistic,0.02010220000700315,16.2
2025-07-29,1,forest_clf,0.0,18.9
2025-07-29,2,forest_clf,0.0,15.0
2025-07-29,3,forest_clf,0.0015281030444964868,16.2
2025-07-29,1,hgb_clf,0.0035100291502612956,18.9
2025-07-29,2,hgb_clf,0.0008258612216211071,15.0
2025-07-29,3,hgb_clf,0.0035867819151870345,16.2
2025-07-30,1,logistic,0.010908365311136281,15.0
2025-07-30,2,logistic,0.01256151683692472,16.2
2025-07-30,3,logistic,0.020986198364019444,22.8
2025-07-30,1,forest_clf,0.0,15.0
2025-07-30,2,forest_clf,0.0,16.2
2025-07-30,3,forest_clf,0.001831628421343655,22.8
2025-07-30,1,hgb_clf,0.0032891409093118084,15.0
2025-07-30,2,hgb_clf,0.0005890907199893039,16.2
2025-07-30,3,hgb_clf,0.0018344656220226198,22.8
2025-07-31,1,logistic,0.008915567358683875,16.2
2025-07-31,2,logistic,0.010566630509210084,22.8
2025-07-31,3,logistic,0.01864638637978826,24.9
2025-07-31,1,forest_clf,0.0,16.2
2025-07-31,2,forest_clf,0.0,22.8
2025-07-31,3,forest_clf,0.010689288647734347,24.9
2025-07-31,1,hgb_clf,0.004757634281370095,16.2
2025-07-31,2,hgb_clf,0.0006709581576470405,22.8
2025-07-31,3,hgb_clf,0.0012962922116260414,24.9
2025-08-01,1,logistic,0.009157121406972514,22.8
2025-08-01,2,logistic,0.01182796046816998,24.9
2025-08-01,3,logistic,0.020052128762157964,25.5
2025-08-01,1,forest_clf,0.0,22.8
2025-08-01,2,forest_clf,0.0,24.9
2025-08-01,3,forest_clf,0.005732986872497974,25.5
2025-08-01,1,hgb_clf,0.004757634281370095,22.8
2025-08-01,2,hgb_clf,0.0006667818256202914,24.9
2025-08-01,3,hgb_clf,0.0015734873598238382,25.5
2025-08-02,1,logistic,0.013607827718630228,24.9
2025-08-02,2,logistic,0.01975024132675628,25.5
2025-08-02,3,logistic,0.02522021388140242,23.5
2025-08-02,1,forest_clf,0.0,24.9
2025-08-02,2,forest_clf,0.0015496938294865753,25.5
2025-08-02,3,forest_clf,0.0,23.5
2025-08-02,1,hgb_clf,0.003797597660333173,24.9
2025-08-02,2,hgb_clf,0.0005867391363376102,25.5
2025-08-02,3,hgb_clf,0.0010123075572309546,23.5
2025-08-03,1,logistic,0.014399187054763146,25.5
2025-08-03,2,logistic,0.02217504912844909,23.5
2025-08-03,3,logistic,0.027199138010764533,27.3
2025-08-03,1,forest_clf,0.0,25.5
2025-08-03,2,forest_clf,0.0,23.5
2025-08-03,3,forest_clf,0.0015676959619952493,27.3
2025-08-03,1,hgb_clf,0.0037351075608609316,25.5
2025-08-03,2,hgb_clf,0.0006961483222370999,23.5
2025-08-03,3,hgb_clf,0.0010123075572309546,27.3
2025-08-04,1,logistic,0.016081056856264455,23.5
2025-08-04,2,logistic,0.01589188922211692,27.3
2025-08-04,3,logistic,0.02445582854031211,22.7
2025-08-04,1,forest_clf,0.0,23.5
2025-08-04,2,forest_clf,0.0,27.3
2025-08-04,3,forest_clf,0.0,22.7
2025-08-04,1,hgb_clf,0.0052834156612995,23.5
2025-08-04,2,hgb_clf,0.0006410201463188573,27.3
2025-08-04,3,hgb_clf,0.0012064133685997346,22.7
2025-08-05,1,logistic,0.013900478953087773,27.3
2025-08-05,2,logistic,0.014147443897700533,22.7
2025-08-05,3,logistic,0.022655252550770572,24.8
2025-08-05,1,forest_clf,0.0048418202247909525,27.3
2025-08-05,2,forest_clf,0.014902779868880452,22.7
2025-08-05,3,forest_clf,0.0,24.8
2025-08-05,1,hgb_clf,0.004669658274282007,27.3
2025-08-05,2,hgb_clf,0.0006060339600022978,22.7
2025-08-05,3,hgb_clf,0.0016780417174419946,24.8
2025-08-06,1,logistic,0.015428769393156298,22.7
2025-08-06,2,logistic,0.01714194949462978,24.8
2025-08-06,3,logistic,0.025967347359591927,17.8
2025-08-06,1,forest_clf,0.0,22.7
2025-08-06,2,forest_clf,0.0,24.8
2025-08-06,3,forest_clf,0.0,17.8
2025-08-06,1,hgb_clf,0.0052834156612995,22.7
2025-08-06,2,hgb_clf,0.0004010107046528657,24.8
2025-08-06,3,hgb_clf,0.0016780417174419946,17.8
2025-08-07,1,logistic,0.011783786765229063,24.8
2025-08-07,2,logistic,0.012982595439991303,17.8
2025-08-07,3,logistic,0.02096004907809504,29.4
2025-08-07,1,forest_clf,0.0,24.8
2025-08-07,2,forest_clf,0.0,17.8
2025-08-07,3,forest_clf,0.001492140545538604,29.4
2025-08-07,1,hgb_clf,0.004570848733101012,24.8
2025-08-07,2,hgb_clf,0.00035173261338480866,17.8
2025-08-07,3,hgb_clf,0.001997337773186063,29.4
2025-08-08,1,logistic,0.012182327477053488,17.8
2025-08-08,2,logistic,0.014409110569378634,29.4
2025-08-08,3,logistic,0.022249979142376464,27.1
2025-08-08,1,forest_clf,0.0,17.8
2025-08-08,2,forest_clf,0.0,29.4
2025-08-08,3,forest_clf,0.0,27.1
2025-08-08,1,hgb_clf,0.004385265915144786,17.8
2025-08-08,2,hgb_clf,0.00035607030011003074,29.4
2025-08-08,3,hgb_clf,0.0015237018799820375,27.1
2025-08-09,1,logistic,0.009133256331770282,29.4
2025-08-09,2,logistic,0.01055111850394527,27.1
2025-08-09,3,logistic,0.01484027201341876,28.5
2025-08-09,1,forest_clf,0.0,29.4
2025-08-09,2,forest_clf,0.0,27.1
2025-08-09,3,forest_clf,0.0,28.5
2025-08-09,1,hgb_clf,0.0033791177932256623,29.4
2025-08-09,2,hgb_clf,0.00036971694197496393,27.1
2025-08-09,3,hgb_clf,0.0031010946275361524,28.5
2025-08-10,1,logistic,0.01531197382215988,27.1
2025-08-10,2,logistic,0.02178259497000443,28.5
2025-08-10,3,logistic,0.025250875644431785,31.5
2025-08-10,1,forest_clf,0.0,27.1
2025-08-10,2,forest_clf,0.0,28.5
2025-08-10,3,forest_clf,0.0,31.5
2025-08-10,1,hgb_clf,0.0037351075608609316,27.1
2025-08-10,2,hgb_clf,0.000420737162745821,28.5
2025-08-10,3,hgb_clf,0.0014400372113997785,31.5
2025-08-11,1,logistic,0.014464346249790117,28.5
2025-08-11,2,logistic,0.012472127033463683,31.5
2025-08-11,3,logistic,0.01955396908869695,17.8
2025-08-11,1,forest_clf,0.0,28.5
2025-08-11,2,forest_clf,0.0,31.5
2025-08-11,3,forest_clf,0.0,17.8
2025-08-11,1,hgb_clf,0.003815919866954474,28.5
2025-08-11,2,hgb_clf,0.00036904852919424314,31.5
2025-08-11,3,hgb_clf,0.0007857261438587752,17.8
2025-08-12,1,logistic,0.015352820918749241,31.5
2025-08-12,2,logistic,0.01403546836050157,17.8
2025-08-12,3,logistic,0.021049067437511212,41.4
2025-08-12,1,forest_clf,0.0,31.5
2025-08-12,2,forest_clf,0.014902779868880452,17.8
2025-08-12,3,forest_clf,0.0012207792207792208,41.4
2025-08-12,1,hgb_clf,0.004669658274282007,31.5
2025-08-12,2,hgb_clf,0.0003680384353429924,17.8
2025-08-12,3,hgb_clf,0.001066824888741011,41.4
2025-08-13,1,logistic,0.016177546043371467,17.8
2025-08-13,2,logistic,0.016229153096955773,41.4
2025-08-13,3,logistic,0.02347601388571336,41.7
2025-08-13,1,forest_clf,0.0,17.8
2025-08-13,2,forest_clf,0.0,41.4
2025-08-13,3,forest_clf,0.0,41.7
2025-08-13,1,hgb_clf,0.005126827374338386,17.8
2025-08-13,2,hgb_clf,0.0005279762873916173,41.4
2025-08-13,3,hgb_clf,0.001179714900824258,41.7
2025-08-14,1,logistic,0.007276455130756715,41.4
2025-08-14,2,logistic,0.006333210713403127,41.7
2025-08-14,3,logistic,0.011371768565176688,29.4
2025-08-14,1,forest_clf,0.0,41.4
2025-08-14,2,forest_clf,0.0,41.7
2025-08-14,3,forest_clf,0.0,29.4
2025-08-14,1,hgb_clf,0.0034878672009406343,41.4
2025-08-14,2,hgb_clf,0.000645330932900017,41.7
2025-08-14,3,hgb_clf,0.002975734324633432,29.4
2025-08-15,1,logistic,0.020422639581901044,41.7
2025-08-15,2,logistic,0.02457939084794432,29.4
2025-08-15,3,logistic,0.031134264753761895,29.5
2025-08-15,1,forest_clf,0.038601722367640444,41.7
2025-08-15,2,forest_clf,0.0010347502327024511,29.4
2025-08-15,3,forest_clf,0.0,29.5
2025-08-15,1,hgb_clf,0.0036433567250972925,41.7
2025-08-15,2,hgb_clf,0.0006468349512993174,29.4
2025-08-15,3,hgb_clf,0.0010958687619224863,29.5
2025-08-16,1,logistic,0.021820324056605594,29.4
2025-08-16,2,logistic,0.02593126440986904,29.5
2025-08-16,3,logistic,0.028165427112563,24.9
2025-08-16,1,forest_clf,0.00956708877259057,29.4
2025-08-16,2,forest_clf,0.0028365045806906268,29.5
2025-08-16,3,forest_clf,0.0,24.9
2025-08-16,1,hgb_clf,0.0035442728840712283,29.4
2025-08-16,2,hgb_clf,0.0005248660857602525,29.5
2025-08-16,3,hgb_clf,0.001245800747387721,24.9
2025-08-17,1,logistic,0.012954205462764361,29.5
2025-08-17,2,logistic,0.014642134876975858,24.9
2025-08-17,3,logistic,0.017696121216728755,20.0
2025-08-17,1,forest_clf,0.0,29.5
2025-08-17,2,forest_clf,0.0028365045806906268,24.9
2025-08-17,3,forest_clf,0.0,20.0
2025-08-17,1,hgb_clf,0.003797346073986554,29.5
2025-08-17,2,hgb_clf,0.0007477705059825637,24.9
2025-08-17,3,hgb_clf,0.001268486427140657,20.0
2025-08-18,1,logistic,0.012947476254038838,24.9
2025-08-18,2,logistic,0.00959750008489114,20.0
2025-08-18,3,logistic,0.01539777519199345,24.1
2025-08-18,1,forest_clf,0.0015393518518518516,24.9
2025-08-18,2,forest_clf,0.0,20.0
2025-08-18,3,forest_clf,0.0,24.1
2025-08-18,1,hgb_clf,0.0038794997208739268,24.9
2025-08-18,2,hgb_clf,0.0005451198012241074,20.0
2025-08-18,3,hgb_clf,0.000736203105970991,24.1
2025-08-19,1,logistic,0.010098629024530618,20.0
2025-08-19,2,logistic,0.0075171597474485395,24.1
2025-08-19,3,logistic,0.012940695705928531,41.7
2025-08-19,1,forest_clf,0.0015393518518518516,20.0
2025-08-19,2,forest_clf,0.0,24.1
2025-08-19,3,forest_clf,0.0012207792207792208,41.7
2025-08-19,1,hgb_clf,0.0047930285220994205,20.0
2025-08-19,2,hgb_clf,0.00044989105788687466,24.1
2025-08-19,3,hgb_clf,0.0016291702158922367,41.7
2025-08-20,1,logistic,0.00762861130456564,24.1
2025-08-20,2,logistic,0.005743056795849244,41.7
2025-08-20,3,logistic,0.01032151628604165,25.7
2025-08-20,1,forest_clf,0.0,24.1
2025-08-20,2,forest_clf,0.0,41.7
2025-08-20,3,forest_clf,0.0,25.7
2025-08-20,1,hgb_clf,0.003944701131342686,24.1
2025-08-20,2,hgb_clf,0.00047775719896830487,41.7
2025-08-20,3,hgb_clf,0.0025083069253222317,25.7
2025-08-21,1,logistic,0.008763287289259366,41.7
2025-08-21,2,logistic,0.0071657596963814515,25.7
2025-08-21,3,logistic,0.012319909623410879,21.8
2025-08-21,1,forest_clf,0.0,41.7
2025-08-21,2,forest_clf,0.0,25.7
2025-08-21,3,forest_clf,0.0,21.8
2025-08-21,1,hgb_clf,0.005324865071721963,41.7
2025-08-21,2,hgb_clf,0.0004425436833923473,25.7
2025-08-21,3,hgb_clf,0.0010599459801527815,21.8
2025-08-22,1,logistic,0.016653133085861086,25.7
2025-08-22,2,logistic,0.016530762181409368,21.8
2025-08-22,3,logistic,0.022093579980822543,19.0
2025-08-22,1,forest_clf,0.004922324062305826,25.7
2025-08-22,2,forest_clf,0.0,21.8
2025-08-22,3,forest_clf,0.0,19.0
2025-08-22,1,hgb_clf,0.004645571128067696,25.7
2025-08-22,2,hgb_clf,0.000571253164477449,21.8
2025-08-22,3,hgb_clf,0.0018792008973160003,19.0
2025-08-23,1,logistic,0.009727198594816055,21.8
2025-08-23,2,logistic,0.009053307680626605,19.0
2025-08-23,3,logistic,0.011936175369046629,11.7
2025-08-23,1,forest_clf,0.0017950444384594666,21.8
2025-08-23,2,forest_clf,0.0,19.0
2025-08-23,3,forest_clf,0.0,11.7
2025-08-23,1,hgb_clf,0.004775295364433178,21.8
2025-08-23,2,hgb_clf,0.0005523568246511654,19.0
2025-08-23,3,hgb_clf,0.0014942197725448724,11.7
2025-08-24,1,logistic,0.007549505194888235,19.0
2025-08-24,2,logistic,0.007468241858137717,11.7
2025-08-24,3,logistic,0.01026774041254326,26.2
2025-08-24,1,forest_clf,0.0,19.0
2025-08-24,2,forest_clf,0.0,11.7
2025-08-24,3,forest_clf,0.0,26.2
2025-08-24,1,hgb_clf,0.004976888017378294,19.0
2025-08-24,2,hgb_clf,0.0005319330667903909,11.7
2025-08-24,3,hgb_clf,0.0017486939306179464,26.2
2025-08-25,1,logistic,0.007099762722555653,11.7
2025-08-25,2,logistic,0.004434424156949551,26.2
2025-08-25,3,logistic,0.008476141575466795,44.9
2025-08-25,1,forest_clf,0.0,11.7
2025-08-25,2,forest_clf,0.0,26.2
2025-08-25,3,forest_clf,0.0,44.9
2025-08-25,1,hgb_clf,0.004066668957800277,11.7
2025-08-25,2,hgb_clf,0.0004835552321942012,26.2
2025-08-25,3,hgb_clf,0.0014229985916633565,44.9
2025-08-26,1,logistic,0.004991722699135518,26.2
2025-08-26,2,logistic,0.0031302279228924124,44.9
2025-08-26,3,logistic,0.006466324682103502,33.9
2025-08-26,1,forest_clf,0.0,26.2
2025-08-26,2,forest_clf,0.0,44.9
2025-08-26,3,forest_clf,0.0,33.9
2025-08-26,1,hgb_clf,0.0038902015515809513,26.2
2025-08-26,2,hgb_clf,0.0005406370419524542,44.9
2025-08-26,3,hgb_clf,0.0022992019714933912,33.9
2025-08-27,1,logistic,0.008580687063614317,44.9
2025-08-27,2,logistic,0.00631290101103419,33.9
2025-08-27,3,logistic,0.010834755451687723,22.7
2025-08-27,1,forest_clf,0.0,44.9
2025-08-27,2,forest_clf,0.0,33.9
2025-08-27,3,forest_clf,0.0,22.7
2025-08-27,1,hgb_clf,0.004955519123544846,44.9
2025-08-27,2,hgb_clf,0.00047642714260958904,33.9
2025-08-27,3,hgb_clf,0.0014224988832675061,22.7
2025-08-28,1,logistic,0.01641848093200892,33.9
2025-08-28,2,logistic,0.013825255649310274,22.7
2025-08-28,3,logistic,0.019174497634087528,20.1
2025-08-28,1,forest_clf,0.007729348880189421,33.9
2025-08-28,2,forest_clf,0.0,22.7
2025-08-28,3,forest_clf,0.001520317608594115,20.1
2025-08-28,1,hgb_clf,0.004718927591204947,33.9
2025-08-28,2,hgb_clf,0.0008903989181981511,22.7
2025-08-28,3,hgb_clf,0.001408643320903094,20.1
2025-08-29,1,logistic,0.01099348742166514,22.7
2025-08-29,2,logistic,0.009251352506015597,20.1
2025-08-29,3,logistic,0.013981429984267501,9.13
2025-08-29,1,forest_clf,0.0011945546339704293,22.7
2025-08-29,2,forest_clf,0.0,20.1
2025-08-29,3,forest_clf,0.002643979057591623,9.13
2025-08-29,1,hgb_clf,0.00485069027144633,22.7
2025-08-29,2,hgb_clf,0.001173263683220876,20.1
2025-08-29,3,hgb_clf,0.004276193407618271,9.13
2025-08-30,1,logistic,0.007407730631665157,20.1
2025-08-30,2,logistic,0.006623219785171075,9.13
2025-08-30,3,logistic,0.009426866287767824,9.29
2025-08-30,1,forest_clf,0.0,20.1
2025-08-30,2,forest_clf,0.0,9.13
2025-08-30,3,forest_clf,0.0,9.29
2025-08-30,1,hgb_clf,0.005055449608628897,20.1
2025-08-30,2,hgb_clf,0.0015767800026118906,9.13
2025-08-30,3,hgb_clf,0.004073229502181017,9.29
2025-08-31,1,logistic,0.006125857719828667,9.13
2025-08-31,2,logistic,0.005909286392313432,9.29
2025-08-31,3,logistic,0.008935978695450568,15.1
2025-08-31,1,forest_clf,0.016492516272239674,9.13
2025-08-31,2,forest_clf,0.04946884930099082,9.29
2025-08-31,3,forest_clf,0.07685649615366824,15.1
2025-08-31,1,hgb_clf,0.003980567588169287,9.13
2025-08-31,2,hgb_clf,0.0014012838867025876,9.29
2025-08-31,3,hgb_clf,0.004472734187922505,15.1
2025-09-01,1,logistic,0.004285683280013705,9.29
2025-09-01,2,logistic,0.0025704736636365786,15.1
2025-09-01,3,logistic,0.005811099765633273,19.0
2025-09-01,1,forest_clf,0.006900503176440286,9.29
2025-09-01,2,forest_clf,0.05174194091150382,15.1
2025-09-01,3,forest_clf,0.07013729744806209,19.0
2025-09-01,1,hgb_clf,0.0037757650241897122,9.29
2025-09-01,2,hgb_clf,0.0013564451209483537,15.1
2025-09-01,3,hgb_clf,0.003645618873373694,19.0
2025-09-02,1,logistic,0.004271459759206576,15.1
2025-09-02,2,logistic,0.0027737147578224884,19.0
2025-09-02,3,logistic,0.006153176474159379,22.0
2025-09-02,1,forest_clf,0.0,15.1
2025-09-02,2,forest_clf,0.0,19.0
2025-09-02,3,forest_clf,0.0,22.0
2025-09-02,1,hgb_clf,0.0037757650241897122,15.1
2025-09-02,2,hgb_clf,0.001294184892302675,19.0
2025-09-02,3,hgb_clf,0.0030279569744243945,22.0
2025-09-03,1,logistic,0.005234450204342554,19.0
2025-09-03,2,logistic,0.0037768081587155806,22.0
2025-09-03,3,logistic,0.0077123968714618366,25.5
2025-09-03,1,forest_clf,0.0,19.0
2025-09-03,2,forest_clf,0.0,22.0
2025-09-03,3,forest_clf,0.0,25.5
2025-09-03,1,hgb_clf,0.004426584727049853,19.0
2025-09-03,2,hgb_clf,0.0011711401518939713,22.0
2025-09-03,3,hgb_clf,0.0031779961254938703,25.5
2025-09-04,1,logistic,0.005858143681490207,22.0
2025-09-04,2,logistic,0.004638715122885455,25.5
2025-09-04,3,logistic,0.008622010335067905,24.1
2025-09-04,1,forest_clf,0.0,22.0
2025-09-04,2,forest_clf,0.0,25.5
2025-09-04,3,forest_clf,0.0,24.1
2025-09-04,1,hgb_clf,0.004967555098768194,22.0
2025-09-04,2,hgb_clf,0.0005882008700461672,25.5
2025-09-04,3,hgb_clf,0.001997748589507723,24.1
2025-09-05,1,logistic,0.006415027772898077,25.5
2025-09-05,2,logistic,0.005536117854176202,24.1
2025-09-05,3,logistic,0.009858864721259311,18.6
2025-09-05,1,forest_clf,0.0,25.5
2025-09-05,2,forest_clf,0.0,24.1
2025-09-05,3,forest_clf,0.001080767957629924,18.6
2025-09-05,1,hgb_clf,0.004967555098768194,25.5
2025-09-05,2,hgb_clf,0.0003926919957773329,24.1
2025-09-05,3,hgb_clf,0.0008693431569192329,18.6
2025-09-06,1,logistic,0.008279233883618186,24.1
2025-09-06,2,logistic,0.007933756701035678,18.6
2025-09-06,3,logistic,0.011217923382442698,19.6
2025-09-06,1,forest_clf,0.0,24.1
2025-09-06,2,forest_clf,0.0,18.6
2025-09-06,3,forest_clf,0.0,19.6
2025-09-06,1,hgb_clf,0.004967555098768194,24.1
2025-09-06,2,hgb_clf,0.00041629658411896183,18.6
2025-09-06,3,hgb_clf,0.0009261438895753546,19.6
2025-09-07,1,logistic,0.007676926277107567,18.6
2025-09-07,2,logistic,0.007960624282193891,19.6
2025-09-07,3,logistic,0.01142357687207755,19.4
2025-09-07,1,forest_clf,0.0,18.6
2025-09-07,2,forest_clf,0.0,19.6
2025-09-07,3,forest_clf,0.0,19.4
2025-09-07,1,hgb_clf,0.0070276245180225915,18.6
2025-09-07,2,hgb_clf,0.0004360903764952763,19.6
2025-09-07,3,hgb_clf,0.0011376678412802384,19.4
2025-09-08,1,logistic,0.00663211477933724,19.6
2025-09-08,2,logistic,0.004371768249965408,19.4
2025-09-08,3,logistic,0.008739484647053968,21.6
2025-09-08,1,forest_clf,0.0,19.6
2025-09-08,2,forest_clf,0.0,19.4
2025-09-08,3,forest_clf,0.0015543735224586288,21.6
2025-09-08,1,hgb_clf,0.004553242947073922,19.6
2025-09-08,2,hgb_clf,0.0005292688086796409,19.4
2025-09-08,3,hgb_clf,0.0020572747938854027,21.6
2025-09-09,1,logistic,0.006708699371200821,19.4
2025-09-09,2,logistic,0.004874633926161029,21.6
2025-09-09,3,logistic,0.009550183511807713,21.8
2025-09-09,1,forest_clf,0.0,19.4
2025-09-09,2,forest_clf,0.0,21.6
2025-09-09,3,forest_clf,0.0,21.8
2025-09-09,1,hgb_clf,0.004553242947073922,19.4
2025-09-09,2,hgb_clf,0.0006101917869305319,21.6
2025-09-09,3,hgb_clf,0.0016060744337739832,21.8
2025-09-10,1,logistic,0.00661514317215032,21.6
2025-09-10,2,logistic,0.005231648644422684,21.8
2025-09-10,3,logistic,0.010151027080945228,21.6
2025-09-10,1,forest_clf,0.0,21.6
2025-09-10,2,forest_clf,0.014902779868880452,21.8
2025-09-10,3,forest_clf,0.0,21.6
2025-09-10,1,hgb_clf,0.00717915996151882,21.6
2025-09-10,2,hgb_clf,0.0006196629488904306,21.8
2025-09-10,3,hgb_clf,0.0015127686559593325,21.6
2025-09-11,1,logistic,0.007057829697639267,21.8
2025-09-11,2,logistic,0.006204173895544465,21.6
2025-09-11,3,logistic,0.011560541378376369,29.0
2025-09-11,1,forest_clf,0.0,21.8
2025-09-11,2,forest_clf,0.014902779868880452,21.6
2025-09-11,3,forest_clf,0.0,29.0
2025-09-11,1,hgb_clf,0.0070276245180225915,21.8
2025-09-11,2,hgb_clf,0.0005288668367016374,21.6
2025-09-11,3,hgb_clf,0.0008806244906826736,29.0
2025-09-12,1,logistic,0.006961306427602739,21.6
2025-09-12,2,logistic,0.006780784822484636,29.0
2025-09-12,3,logistic,0.012515056025766101,26.0
2025-09-12,1,forest_clf,0.002540086038326163,21.6
2025-09-12,2,forest_clf,0.0,29.0
2025-09-12,3,forest_clf,0.0,26.0
2025-09-12,1,hgb_clf,0.0070276245180225915,21.6
2025-09-12,2,hgb_clf,0.0005353878332149615,29.0
2025-09-12,3,hgb_clf,0.0008236881355116704,26.0
2025-09-13,1,logistic,0.007965229111998436,29.0
2025-09-13,2,logistic,0.008640508475864069,26.0
2025-09-13,3,logistic,0.01286929368782345,31.3
2025-09-13,1,forest_clf,0.0,29.0
2025-09-13,2,forest_clf,0.014902779868880452,26.0
2025-09-13,3,forest_clf,0.0,31.3
2025-09-13,1,hgb_clf,0.006773793805826973,29.0
2025-09-13,2,hgb_clf,0.0007085347764461512,26.0
2025-09-13,3,hgb_clf,0.0008775085018121207,31.3
2025-09-14,1,logistic,0.010155368138979787,26.0
2025-09-14,2,logistic,0.012510847403006953,31.3
2025-09-14,3,logistic,0.017060853161349494,42.0
2025-09-14,1,forest_clf,0.0,26.0
2025-09-14,2,forest_clf,0.0,31.3
2025-09-14,3,forest_clf,0.0,42.0
2025-09-14,1,hgb_clf,0.004377726922268167,26.0
2025-09-14,2,hgb_clf,0.0005125579608395233,31.3
2025-09-14,3,hgb_clf,0.001167081023548761,42.0
2025-09-15,1,logistic,0.010223331326907916,31.3
2025-09-15,2,logistic,0.008132622476537173,42.0
2025-09-15,3,logistic,0.01488127277294467,43.6
2025-09-15,1,forest_clf,0.0,31.3
2025-09-15,2,forest_clf,0.0,42.0
2025-09-15,3,forest_clf,0.0,43.6
2025-09-15,1,hgb_clf,0.004472380442643668,31.3
2025-09-15,2,hgb_clf,0.0006197048917420085,42.0
2025-09-15,3,hgb_clf,0.000883889910958433,43.6
2025-09-16,1,logistic,0.0126662023717893,42.0
2025-09-16,2,logistic,0.011448268869268894,43.6
2025-09-16,3,logistic,0.019363476356310725,42.8
2025-09-16,1,forest_clf,0.0,42.0
2025-09-16,2,forest_clf,0.0,43.6
2025-09-16,3,forest_clf,0.0,42.8
2025-09-16,1,hgb_clf,0.007647460086495909,42.0
2025-09-16,2,hgb_clf,0.0005862684120723309,43.6
2025-09-16,3,hgb_clf,0.0011731826352485391,42.8
2025-09-17,1,logistic,0.018104563967518604,43.6
2025-09-17,2,logistic,0.018430735721786672,42.8
2025-09-17,3,logistic,0.028009309298234857,34.7
2025-09-17,1,forest_clf,0.004922324062305826,43.6
2025-09-17,2,forest_clf,0.0,42.8
2025-09-17,3,forest_clf,0.0,34.7
2025-09-17,1,hgb_clf,0.005259896498932651,43.6
2025-09-17,2,hgb_clf,0.0005823547983469967,42.8
2025-09-17,3,hgb_clf,0.0011178629700086123,34.7
2025-09-18,1,logistic,0.018972410326809835,42.8
2025-09-18,2,logistic,0.02037720562412068,34.7
2025-09-18,3,logistic,0.030580376966935094,32.7
2025-09-18,1,forest_clf,0.004922324062305826,42.8
2025-09-18,2,forest_clf,0.0,34.7
2025-09-18,3,forest_clf,0.0,32.7
2025-09-18,1,hgb_clf,0.005148662176322269,42.8
2025-09-18,2,hgb_clf,0.0010124888539849602,34.7
2025-09-18,3,hgb_clf,0.001230198750090457,32.7
2025-09-19,1,logistic,0.01864156179392566,34.7
2025-09-19,2,logistic,0.02149893015533705,32.7
2025-09-19,3,logistic,0.032558496164630364,32.0
2025-09-19,1,forest_clf,0.006367009528683266,34.7
2025-09-19,2,forest_clf,0.014902779868880452,32.7
2025-09-19,3,forest_clf,0.0,32.0
2025-09-19,1,hgb_clf,0.008691769854061645,34.7
2025-09-19,2,hgb_clf,0.0011435180278055665,32.7
2025-09-19,3,hgb_clf,0.001230198750090457,32.0
2025-09-20,1,logistic,0.015404728665495512,32.7
2025-09-20,2,logistic,0.01979931848368568,32.0
2025-09-20,3,logistic,0.026854597858662305,28.0
2025-09-20,1,forest_clf,0.0,32.7
2025-09-20,2,forest_clf,0.0,32.0
2025-09-20,3,forest_clf,0.0,28.0
2025-09-20,1,hgb_clf,0.005515660126435858,32.7
2025-09-20,2,hgb_clf,0.001052273071789268,32.0
2025-09-20,3,hgb_clf,0.0010762592223863712,28.0
2025-09-21,1,logistic,0.014160093615481498,32.0
2025-09-21,2,logistic,0.020378771167509323,28.0
2025-09-21,3,logistic,0.027677645349748082,27.4
2025-09-21,1,forest_clf,0.0,32.0
2025-09-21,2,forest_clf,0.0,28.0
2025-09-21,3,forest_clf,0.0,27.4
2025-09-21,1,hgb_clf,0.005515660126435858,32.0
2025-09-21,2,hgb_clf,0.0007705467440276741,28.0
2025-09-21,3,hgb_clf,0.001188267946126951,27.4
2025-09-22,1,logistic,0.015693247619900406,28.0
2025-09-22,2,logistic,0.01465435737313917,27.4
2025-09-22,3,logistic,0.02616473835048085,28.1
2025-09-22,1,forest_clf,0.0,28.0
2025-09-22,2,forest_clf,0.0,27.4
2025-09-22,3,forest_clf,0.0,28.1
2025-09-22,1,hgb_clf,0.005656630328668879,28.0
2025-09-22,2,hgb_clf,0.0008621918395011007,27.4
2025-09-22,3,hgb_clf,0.0009236236342909161,28.1
2025-09-23,1,logistic,0.013479810429747732,27.4
2025-09-23,2,logistic,0.013654206093317162,28.1
2025-09-23,3,logistic,0.02504480040594861,30.1
2025-09-23,1,forest_clf,0.0,27.4
2025-09-23,2,forest_clf,0.0,28.1
2025-09-23,3,forest_clf,0.0,30.1
2025-09-23,1,hgb_clf,0.005656630328668879,27.4
2025-09-23,2,hgb_clf,0.000419616890316623,28.1
2025-09-23,3,hgb_clf,0.0011674742541043996,30.1
2025-09-24,1,logistic,0.013040068162898585,28.1
2025-09-24,2,logistic,0.01468702600116704,30.1
2025-09-24,3,logistic,0.02656522643715927,58.3
2025-09-24,1,forest_clf,0.0,28.1
2025-09-24,2,forest_clf,0.0,30.1
2025-09-24,3,forest_clf,0.0021307742355237474,58.3
2025-09-24,1,hgb_clf,0.005656630328668879,28.1
2025-09-24,2,hgb_clf,0.00039407048184271547,30.1
2025-09-24,3,hgb_clf,0.0010562098911314623,58.3
2025-09-25,1,logistic,0.013393292671977489,30.1
2025-09-25,2,logistic,0.01656718572900886,58.3
2025-09-25,3,logistic,0.02953859771145355,29.1
2025-09-25,1,forest_clf,0.0,30.1
2025-09-25,2,forest_clf,0.014902779868880452,58.3
2025-09-25,3,forest_clf,0.0012207792207792208,29.1
2025-09-25,1,hgb_clf,0.006170720369951178,30.1
2025-09-25,2,hgb_clf,0.00050695676194396,58.3
2025-09-25,3,hgb_clf,0.001067347876459838,29.1
2025-09-26,1,logistic,0.014385831241631456,58.3
2025-09-26,2,logistic,0.01960448042173881,29.1
2025-09-26,3,logistic,0.033609965516172666,34.6
2025-09-26,1,forest_clf,0.0,58.3
2025-09-26,2,forest_clf,0.0,29.1
2025-09-26,3,forest_clf,0.0012207792207792208,34.6
2025-09-26,1,hgb_clf,0.006170720369951178,58.3
2025-09-26,2,hgb_clf,0.0004442758655697986,29.1
2025-09-26,3,hgb_clf,0.0011229362234457282,34.6
2025-09-27,1,logistic,0.041285449789811406,29.1
2025-09-27,2,logistic,0.06334301214013943,34.6
2025-09-27,3,logistic,0.06796466899420266,33.7
2025-09-27,1,forest_clf,0.031080845327147597,29.1
2025-09-27,2,forest_clf,0.0018206820682068205,34.6
2025-09-27,3,forest_clf,0.001520317608594115,33.7
2025-09-27,1,hgb_clf,0.004242229124740929,29.1
2025-09-27,2,hgb_clf,0.0009304078933097317,34.6
2025-09-27,3,hgb_clf,0.0033232145998432824,33.7
2025-09-28,1,logistic,0.01585860692983122,34.6
2025-09-28,2,logistic,0.025539796445431574,33.7
2025-09-28,3,logistic,0.036588639982767956,40.6
2025-09-28,1,forest_clf,0.004417842646998785,34.6
2025-09-28,2,forest_clf,0.003533123028391166,33.7
2025-09-28,3,forest_clf,0.0019214876033057855,40.6
2025-09-28,1,hgb_clf,0.004460751497395743,34.6
2025-09-28,2,hgb_clf,0.0004865353324114426,33.7
2025-09-28,3,hgb_clf,0.002633216871088808,40.6
2025-09-29,1,logistic,0.020883516791873318,33.7
2025-09-29,2,logistic,0.023487938991095962,40.6
2025-09-29,3,logistic,0.0399764605417208,37.2
2025-09-29,1,forest_clf,0.0,33.7
2025-09-29,2,forest_clf,0.0,40.6
2025-09-29,3,forest_clf,0.008066198079540315,37.2
2025-09-29,1,hgb_clf,0.004362978788335682,33.7
2025-09-29,2,hgb_clf,0.00042880133930422727,40.6
2025-09-29,3,hgb_clf,0.003767399140303846,37.2
2025-09-30,1,logistic,0.021068767978270155,40.6
2025-09-30,2,logistic,0.025993839897543176,37.2
2025-09-30,3,logistic,0.047132699914293384,26.6
2025-09-30,1,forest_clf,0.0013497867154174284,40.6
2025-09-30,2,forest_clf,0.002993836163809167,37.2
2025-09-30,3,forest_clf,0.0,26.6
2025-09-30,1,hgb_clf,0.004455027541879777,40.6
2025-09-30,2,hgb_clf,0.0008992498170607646,37.2
2025-09-30,3,hgb_clf,0.002507682718797925,26.6
2025-10-01,1,logistic,0.027994522344198563,37.2
2025-10-01,2,logistic,0.0377672595875657,26.6
2025-10-01,3,logistic,0.06189555687053982,57.9
2025-10-01,1,forest_clf,0.015745528445531204,37.2
2025-10-01,2,forest_clf,0.002993836163809167,26.6
2025-10-01,3,forest_clf,0.0,57.9
2025-10-01,1,hgb_clf,0.004455027541879777,37.2
2025-10-01,2,hgb_clf,0.0006640996585549563,26.6
2025-10-01,3,hgb_clf,0.0031494185713315005,57.9
2025-10-02,1,logistic,0.025037430964912236,26.6
2025-10-02,2,logistic,0.036967261307981295,57.9
2025-10-02,3,logistic,0.06273489523202469,57.0
2025-10-02,1,forest_clf,0.0013497867154174284,26.6
2025-10-02,2,forest_clf,0.001304431599229287,57.9
2025-10-02,3,forest_clf,0.0,57.0
2025-10-02,1,hgb_clf,0.004360739669824473,26.6
2025-10-02,2,hgb_clf,0.0005170042930055039,57.9
2025-10-02,3,hgb_clf,0.0013729009556566671,57.0
2025-10-03,1,logistic,0.016380720090437,57.9
2025-10-03,2,logistic,0.026234381352057537,57.0
2025-10-03,3,logistic,0.04947312078055723,23.9
2025-10-03,1,forest_clf,0.0,57.9
2025-10-03,2,forest_clf,0.0,57.0
2025-10-03,3,forest_clf,0.004043296631749761,23.9
2025-10-03,1,hgb_clf,0.004544911466275865,57.9
2025-10-03,2,hgb_clf,0.0004458719982176883,57.0
2025-10-03,3,hgb_clf,0.002125481568769404,23.9
2025-10-04,1,logistic,0.05260957833205937,57.0
2025-10-04,2,logistic,0.09937649707362181,23.9
2025-10-04,3,logistic,0.10920665490666118,19.5
2025-10-04,1,forest_clf,0.0693636675960845,57.0
2025-10-04,2,forest_clf,0.0018206820682068205,23.9
2025-10-04,3,forest_clf,0.004412917423054561,19.5
2025-10-04,1,hgb_clf,0.004298668200570148,57.0
2025-10-04,2,hgb_clf,0.0022616788583549475,23.9
2025-10-04,3,hgb_clf,0.0037044289540803708,19.5
2025-10-05,1,logistic,0.050971837879814,23.9
2025-10-05,2,logistic,0.09543447327902752,19.5
2025-10-05,3,logistic,0.11227879330008765,36.9
2025-10-05,1,forest_clf,0.008215156056967671,23.9
2025-10-05,2,forest_clf,0.0017696476964769647,19.5
2025-10-05,3,forest_clf,0.001520317608594115,36.9
2025-10-05,1,hgb_clf,0.004316781496699296,23.9
2025-10-05,2,hgb_clf,0.0006524369457852628,19.5
2025-10-05,3,hgb_clf,0.0018029551470848547,36.9
2025-10-06,1,logistic,0.01911348427666846,19.5
2025-10-06,2,logistic,0.024342449007237425,36.9
2025-10-06,3,logistic,0.049044744104408504,43.2
2025-10-06,1,forest_clf,0.0,19.5
2025-10-06,2,forest_clf,0.0,36.9
2025-10-06,3,forest_clf,0.0025587415372361603,43.2
2025-10-06,1,hgb_clf,0.004747510671168227,19.5
2025-10-06,2,hgb_clf,0.0006001451626202249,36.9
2025-10-06,3,hgb_clf,0.003073408200340548,43.2
2025-10-07,1,logistic,0.015068994386967115,36.9
2025-10-07,2,logistic,0.022635100263018217,43.2
2025-10-07,3,logistic,0.048550933103146156,65.2
2025-10-07,1,forest_clf,0.0,36.9
2025-10-07,2,forest_clf,0.0,43.2
2025-10-07,3,forest_clf,0.0025587415372361603,65.2
2025-10-07,1,hgb_clf,0.004309634155776804,36.9
2025-10-07,2,hgb_clf,0.0006027898965955589,43.2
2025-10-07,3,hgb_clf,0.0031486207131084334,65.2
2025-10-08,1,logistic,0.028829665508944096,43.2
2025-10-08,2,logistic,0.04568373971944163,65.2
2025-10-08,3,logistic,0.083216312863154,68.8
2025-10-08,1,forest_clf,0.0,43.2
2025-10-08,2,forest_clf,0.0,65.2
2025-10-08,3,forest_clf,0.0,68.8
2025-10-08,1,hgb_clf,0.003934778895345797,43.2
2025-10-08,2,hgb_clf,0.0010936425212843843,65.2
2025-10-08,3,hgb_clf,0.011900045800020567,68.8
2025-10-09,1,logistic,0.03767590016952422,65.2
2025-10-09,2,logistic,0.06079883666544942,68.8
2025-10-09,3,logistic,0.10092812663654163,63.9
2025-10-09,1,forest_clf,0.0,65.2
2025-10-09,2,forest_clf,0.0,68.8
2025-10-09,3,forest_clf,0.0,63.9
2025-10-09,1,hgb_clf,0.0038234967218512984,65.2
2025-10-09,2,hgb_clf,0.0005414463357798584,68.8
2025-10-09,3,hgb_clf,0.01895756962311102,63.9
2025-10-10,1,logistic,0.077039128109813,68.8
2025-10-10,2,logistic,0.12599482561103273,63.9
2025-10-10,3,logistic,0.16775359251771013,72.3
2025-10-10,1,forest_clf,0.00487781870273277,68.8
2025-10-10,2,forest_clf,0.01344659886355329,63.9
2025-10-10,3,forest_clf,0.0030088807442909503,72.3
2025-10-10,1,hgb_clf,0.009011785463849713,68.8
2025-10-10,2,hgb_clf,0.0071161226835383135,63.9
2025-10-10,3,hgb_clf,0.015083543817750063,72.3
2025-10-11,1,logistic,0.09734850572564421,63.9
2025-10-11,2,logistic,0.17167670768981125,72.3
2025-10-11,3,logistic,0.18448842003279256,74.6
2025-10-11,1,forest_clf,0.0016256269949840398,63.9
2025-10-11,2,forest_clf,0.0,72.3
2025-10-11,3,forest_clf,0.0,74.6
2025-10-11,1,hgb_clf,0.034808582780211,63.9
2025-10-11,2,hgb_clf,0.00867948164810799,72.3
2025-10-11,3,hgb_clf,0.021280427192001083,74.6
2025-10-12,1,logistic,0.09101646468564661,72.3
2025-10-12,2,logistic,0.17307842705362425,74.6
2025-10-12,3,logistic,0.19216017458764265,76.2
2025-10-12,1,forest_clf,0.0,72.3
2025-10-12,2,forest_clf,0.00647990159058554,74.6
2025-10-12,3,forest_clf,0.0028651776980762956,76.2
2025-10-12,1,hgb_clf,0.031308673526541216,72.3
2025-10-12,2,hgb_clf,0.01040904219790999,74.6
2025-10-12,3,hgb_clf,0.033067973423194306,76.2
2025-10-13,1,logistic,0.12191216606176758,74.6
2025-10-13,2,logistic,0.15077911989217913,76.2
2025-10-13,3,logistic,0.2078432163027948,88.6
2025-10-13,1,forest_clf,0.014081623204597722,74.6
2025-10-13,2,forest_clf,0.02379085105748875,76.2
2025-10-13,3,forest_clf,0.019148251077725397,88.6
2025-10-13,1,hgb_clf,0.02989558948109619,74.6
2025-10-13,2,hgb_clf,0.05171057019135374,76.2
2025-10-13,3,hgb_clf,0.10021663285151217,88.6
2025-10-14,1,logistic,0.1294204974913556,76.2
2025-10-14,2,logistic,0.16362558496278443,88.6
2025-10-14,3,logistic,0.22384327808826618,101.0
2025-10-14,1,forest_clf,0.01664777730311418,76.2
2025-10-14,2,forest_clf,0.028647429893144984,88.6
2025-10-14,3,forest_clf,0.02888588721479252,101.0
2025-10-14,1,hgb_clf,0.02989558948109619,76.2
2025-10-14,2,hgb_clf,0.15160240136748643,88.6
2025-10-14,3,hgb_clf,0.17249886150500787,101.0
2025-10-15,1,logistic,0.1398930124591289,88.6
2025-10-15,2,logistic,0.1846770610061739,101.0
2025-10-15,3,logistic,0.24216642703613472,111.0
2025-10-15,1,forest_clf,0.0,88.6
2025-10-15,2,forest_clf,0.06645415036792988,101.0
2025-10-15,3,forest_clf,0.015601768494757431,111.0
2025-10-15,1,hgb_clf,0.08597679465887437,88.6
2025-10-15,2,hgb_clf,0.14770696869248978,101.0
2025-10-15,3,hgb_clf,0.20174041639414775,111.0
2025-10-16,1,logistic,0.18129037104890988,101.0
2025-10-16,2,logistic,0.23630476872258405,111.0
2025-10-16,3,logistic,0.2833760291739059,129.0
2025-10-16,1,forest_clf,0.03271900556267444,101.0
2025-10-16,2,forest_clf,0.050410492191818985,111.0
2025-10-16,3,forest_clf,0.04832828361724815,129.0
2025-10-16,1,hgb_clf,0.09383007763459411,101.0
2025-10-16,2,hgb_clf,0.13961201701912676,111.0
2025-10-16,3,hgb_clf,0.26307851930149223,129.0
2025-10-17,1,logistic,0.23038244817982123,111.0
2025-10-17,2,logistic,0.2904116797371575,129.0
2025-10-17,3,logistic,0.3225797143977216,182.0
2025-10-17,1,forest_clf,0.15511144690488549,111.0
2025-10-17,2,forest_clf,0.07799561115705327,129.0
2025-10-17,3,forest_clf,0.0762108491165572,182.0
2025-10-17,1,hgb_clf,0.35199143124581395,111.0
2025-10-17,2,hgb_clf,0.24208899356626506,129.0
2025-10-17,3,hgb_clf,0.31517262125238793,182.0
2025-10-18,1,logistic,0.315012537965651,129.0
2025-10-18,2,logistic,0.3813966628819825,182.0
2025-10-18,3,logistic,0.3536629487371952,129.0
2025-10-18,1,forest_clf,0.22690550311071953,129.0
2025-10-18,2,forest_clf,0.20985426675838162,182.0
2025-10-18,3,forest_clf,0.3178480637385914,129.0
2025-10-18,1,hgb_clf,0.41854139831288933,129.0
2025-10-18,2,hgb_clf,0.3499529013709778,182.0
2025-10-18,3,hgb_clf,0.46623328539099573,129.0
2025-10-19,1,logistic,0.6410746468998597,182.0
2025-10-19,2,logistic,0.7338701199313086,129.0
2025-10-19,3,logistic,0.714170094924426,202.0
2025-10-19,1,forest_clf,0.25795450777964213,182.0
2025-10-19,2,forest_clf,0.4384533184209355,129.0
2025-10-19,3,forest_clf,0.5213346645649937,202.0
2025-10-19,1,hgb_clf,0.5901240245212669,182.0
2025-10-19,2,hgb_clf,0.4696494486001078,129.0
2025-10-19,3,hgb_clf,0.5363664897754257,202.0
2025-10-20,1,logistic,0.8703070908136356,129.0
2025-10-20,2,logistic,0.7880408220201544,202.0
2025-10-20,3,logistic,0.7654718423259897,123.0
2025-10-20,1,forest_clf,0.5505232123162813,129.0
2025-10-20,2,forest_clf,0.5303654469132225,202.0
2025-10-20,3,forest_clf,0.6138208571591034,123.0
2025-10-20,1,hgb_clf,0.7849351270695075,129.0
2025-10-20,2,hgb_clf,0.6660722868758409,202.0
2025-10-20,3,hgb_clf,0.8737385592386369,123.0
2025-10-21,1,logistic,0.7156230200325989,202.0
2025-10-21,2,logistic,0.6834596950991223,123.0
2025-10-21,3,logistic,0.7248021911956258,103.0
2025-10-21,1,forest_clf,0.5753182467124174,202.0
2025-10-21,2,forest_clf,0.6964108242919012,123.0
2025-10-21,3,forest_clf,0.6987100302138753,103.0
2025-10-21,1,hgb_clf,0.7264651028196956,202.0
2025-10-21,2,hgb_clf,0.5976903109904127,123.0
2025-10-21,3,hgb_clf,0.8565241026854707,103.0
2025-10-22,1,logistic,0.9261694856946231,123.0
2025-10-22,2,logistic,0.8610647949483496,103.0
2025-10-22,3,logistic,0.8294325561007476,118.0
2025-10-22,1,forest_clf,0.845454941095756,123.0
2025-10-22,2,forest_clf,0.7076336311124062,103.0
2025-10-22,3,forest_clf,0.782732017084501,118.0
2025-10-22,1,hgb_clf,0.9225899602485027,123.0
2025-10-22,2,hgb_clf,0.8793854363934123,103.0
2025-10-22,3,hgb_clf,0.9003493482714985,118.0
2025-10-23,1,logistic,0.7067332489239324,103.0
2025-10-23,2,logistic,0.7120448227806838,118.0
2025-10-23,3,logistic,0.7717062801569156,120.0
2025-10-23,1,forest_clf,0.5757606066058366,103.0
2025-10-23,2,forest_clf,0.7056247440355766,118.0
2025-10-23,3,forest_clf,0.7335490320595877,120.0
2025-10-23,1,hgb_clf,0.8102515146817468,103.0
2025-10-23,2,hgb_clf,0.6663361405309921,118.0
2025-10-23,3,hgb_clf,0.8549189294450397,120.0
2025-10-24,1,logistic,0.5834199860117871,118.0
2025-10-24,2,logistic,0.6671230714551348,120.0
2025-10-24,3,logistic,0.7259487676977855,
2025-10-24,1,forest_clf,0.7349302663400382,118.0
2025-10-24,2,forest_clf,0.7082205501839013,120.0
2025-10-24,3,forest_clf,0.6273133643108596,
2025-10-24,1,hgb_clf,0.7498706054042602,118.0
2025-10-24,2,hgb_clf,0.7107748278963918,120.0
2025-10-24,3,hgb_clf,0.7995547719199986,
2025-10-25,1,logistic,0.7160186011486805,120.0
2025-10-25,2,logistic,0.784850721170374,
2025-10-25,3,logistic,0.8046258635866157,
2025-10-25,1,forest_clf,0.7047738983209587,120.0
2025-10-25,2,forest_clf,0.6987828584668029,
2025-10-25,3,forest_clf,0.7768822324361547,
2025-10-25,1,hgb_clf,0.7696876102252784,120.0
2025-10-25,2,hgb_clf,0.9278247521163718,
2025-10-25,3,hgb_clf,0.9168522618883119,
2025-10-26,1,logistic,0.7354727779078696,
2025-10-26,2,logistic,0.7948611488211353,
2025-10-26,3,logistic,0.7998399269721432,151.0
2025-10-26,1,forest_clf,0.8033453899153942,
2025-10-26,2,forest_clf,0.7793842273024539,
2025-10-26,3,forest_clf,0.8065196577713029,151.0
2025-10-26,1,hgb_clf,0.7983529594113801,
2025-10-26,2,hgb_clf,0.9367677137235251,
2025-10-26,3,hgb_clf,0.9255639787687313,151.0
2025-10-27,1,logistic,,
2025-10-27,2,logistic,,151.0
2025-10-27,3,logistic,,187.0
2025-10-27,1,forest_clf,,
2025-10-27,2,forest_clf,,151.0
2025-10-27,3,forest_clf,,187.0
2025-10-27,1,hgb_clf,0.8857979382774704,
2025-10-27,2,hgb_clf,0.963270450121308,151.0
2025-10-27,3,hgb_clf,0.9354133454242303,187.0
2025-10-28,1,logistic,,151.0
2025-10-28,2,logistic,,187.0
2025-10-28,3,logistic,,93.2
2025-10-28,1,forest_clf,,151.0
2025-10-28,2,forest_clf,,187.0
2025-10-28,3,forest_clf,,93.2
2025-10-28,1,hgb_clf,0.8898366540089194,151.0
2025-10-28,2,hgb_clf,0.9583390340978579,187.0
2025-10-28,3,hgb_clf,0.9388094954409749,93.2
2025-10-29,1,logistic,,187.0
2025-10-29,2,logistic,,93.2
2025-10-29,3,logistic,,213.0
2025-10-29,1,forest_clf,,187.0
2025-10-29,2,forest_clf,,93.2
2025-10-29,3,forest_clf,,213.0
2025-10-29,1,hgb_clf,0.9188421122112033,187.0
2025-10-29,2,hgb_clf,0.9555435101476331,93.2
2025-10-29,3,hgb_clf,0.9467991996024441,213.0
2025-10-30,1,logistic,,93.2
2025-10-30,2,logistic,,213.0
2025-10-30,3,logistic,,177.0
2025-10-30,1,forest_clf,,93.2
2025-10-30,2,forest_clf,,213.0
2025-10-30,3,forest_clf,,177.0
2025-10-30,1,hgb_clf,0.9661323887650646,93.2
2025-10-30,2,hgb_clf,0.9559609235325632,213.0
2025-10-30,3,hgb_clf,0.9417364374830733,177.0
2025-10-31,1,logistic,,213.0
2025-10-31,2,logistic,,177.0
2025-10-31,3,logistic,,124.0
2025-10-31,1,forest_clf,,213.0
2025-10-31,2,forest_clf,,177.0
2025-10-31,3,forest_clf,,124.0
2025-10-31,1,hgb_clf,0.7007430953096687,213.0
2025-10-31,2,hgb_clf,0.8512659443469623,177.0
2025-10-31,3,hgb_clf,0.8212601020374928,124.0
2025-11-01,1,logistic,0.9588101406652296,177.0
2025-11-01,2,logistic,0.8612344023047138,124.0
2025-11-01,3,logistic,0.7978854808301509,99.2
2025-11-01,1,forest_clf,0.951326928501483,177.0
2025-11-01,2,forest_clf,0.8973888501536684,124.0
2025-11-01,3,forest_clf,0.9675693487365155,99.2
2025-11-01,1,hgb_clf,0.9653482825142405,177.0
2025-11-01,2,hgb_clf,0.941749784064868,124.0
2025-11-01,3,hgb_clf,0.9375553441825709,99.2
2025-11-02,1,logistic,0.9320326104856087,124.0
2025-11-02,2,logistic,0.819732051955975,99.2
2025-11-02,3,logistic,0.8028641512779325,107.0
2025-11-02,1,forest_clf,0.9009954861149402,124.0
2025-11-02,2,forest_clf,0.9109001437269677,99.2
2025-11-02,3,forest_clf,0.9433421993858485,107.0
2025-11-02,1,hgb_clf,0.9662843280973332,124.0
2025-11-02,2,hgb_clf,0.9435308462733045,99.2
2025-11-02,3,hgb_clf,0.9274413012453557,107.0
2025-11-03,1,logistic,,99.2
2025-11-03,2,logistic,,107.0
2025-11-03,3,logistic,,186.0
2025-11-03,1,forest_clf,,99.2
2025-11-03,2,forest_clf,,107.0
2025-11-03,3,forest_clf,,186.0
2025-11-03,1,hgb_clf,0.8442115398607598,99.2
2025-11-03,2,hgb_clf,0.8382797761027356,107.0
2025-11-03,3,hgb_clf,0.8993034957794,186.0
2025-11-04,1,logistic,,107.0
2025-11-04,2,logistic,,186.0
2025-11-04,3,logistic,,215.0
2025-11-04,1,forest_clf,,107.0
2025-11-04,2,forest_clf,,186.0
2025-11-04,3,forest_clf,,215.0
2025-11-04,1,hgb_clf,0.6940866154663251,107.0
2025-11-04,2,hgb_clf,0.8032318797732286,186.0
2025-11-04,3,hgb_clf,0.8470998660823688,215.0
2025-11-05,1,logistic,0.7175532772861635,186.0
2025-11-05,2,logistic,0.7787806131709424,215.0
2025-11-05,3,logistic,0.8498802728463819,251.0
2025-11-05,1,forest_clf,0.695907473646349,186.0
2025-11-05,2,forest_clf,0.6940829691402683,215.0
2025-11-05,3,forest_clf,0.8017509497174131,251.0
2025-11-05,1,hgb_clf,0.6750923006075387,186.0
2025-11-05,2,hgb_clf,0.8908990856483104,215.0
2025-11-05,3,hgb_clf,0.8981960194780139,251.0
2025-11-06,1,logistic,0.9252285929615648,215.0
2025-11-06,2,logistic,0.8956925336573764,251.0
2025-11-06,3,logistic,0.889132616947027,213.0
2025-11-06,1,forest_clf,0.8872826715690617,215.0
2025-11-06,2,forest_clf,0.8761949609241293,251.0
2025-11-06,3,forest_clf,0.9505546060390614,213.0
2025-11-06,1,hgb_clf,0.9624066449087348,215.0
2025-11-06,2,hgb_clf,0.946413049059839,251.0
2025-11-06,3,hgb_clf,0.924548795457846,213.0
2025-11-07,1,logistic,0.9664873490263962,251.0
2025-11-07,2,logistic,0.9285111323638299,213.0
2025-11-07,3,logistic,0.9187379658721286,279.0
2025-11-07,1,forest_clf,0.9547381147971253,251.0
2025-11-07,2,forest_clf,0.9115762021916168,213.0
2025-11-07,3,forest_clf,0.9673471322831,279.0
2025-11-07,1,hgb_clf,0.9632506867690771,251.0
2025-11-07,2,hgb_clf,0.9624350950025624,213.0
2025-11-07,3,hgb_clf,0.9350644549836602,279.0
2025-11-08,1,logistic,0.9900520323099992,213.0
2025-11-08,2,logistic,0.9745820654329119,279.0
2025-11-08,3,logistic,0.9468770495337949,297.0
2025-11-08,1,forest_clf,0.9685662961977508,213.0
2025-11-08,2,forest_clf,0.9486010310320626,279.0
2025-11-08,3,forest_clf,0.9426782035488904,297.0
2025-11-08,1,hgb_clf,0.9665022628482756,213.0
2025-11-08,2,hgb_clf,0.9708027083941579,279.0
2025-11-08,3,hgb_clf,0.9464233812884828,297.0
2025-11-09,1,logistic,0.9783349676945969,279.0
2025-11-09,2,logistic,0.965874696585288,297.0
2025-11-09,3,logistic,0.9485178932312773,326.0
2025-11-09,1,forest_clf,0.9542212714773552,279.0
2025-11-09,2,forest_clf,0.9339658226522235,297.0
2025-11-09,3,forest_clf,0.9367371197694694,326.0
2025-11-09,1,hgb_clf,0.9657780784397635,279.0
2025-11-09,2,hgb_clf,0.9494708869101215,297.0
2025-11-09,3,hgb_clf,0.9509678497345413,326.0
2025-11-10,1,logistic,0.9946743489212297,297.0
2025-11-10,2,logistic,0.9755923872837138,326.0
2025-11-10,3,logistic,0.9618014644878655,287.0
2025-11-10,1,forest_clf,0.982138238632819,297.0
2025-11-10,2,forest_clf,0.9673699875959672,326.0
2025-11-10,3,forest_clf,0.987416536635954,287.0
2025-11-10,1,hgb_clf,0.9801982113426193,297.0
2025-11-10,2,hgb_clf,0.9686050782121136,326.0
2025-11-10,3,hgb_clf,0.9536573775021652,287.0
2025-11-11,1,logistic,0.9966694803433739,326.0
2025-11-11,2,logistic,0.98032727093499,287.0
2025-11-11,3,logistic,0.9697131102754672,228.0
2025-11-11,1,forest_clf,0.9958796452890456,326.0
2025-11-11,2,forest_clf,0.9882895552423042,287.0
2025-11-11,3,forest_clf,0.9616554523269087,228.0
2025-11-11,1,hgb_clf,0.9801982113426193,326.0
2025-11-11,2,hgb_clf,0.9873456953782578,287.0
2025-11-11,3,hgb_clf,0.951765965337759,228.0
2025-11-12,1,logistic,0.9988603930637483,287.0
2025-11-12,2,logistic,0.9900094052732485,228.0
2025-11-12,3,logistic,0.9793502535220548,
2025-11-12,1,forest_clf,0.9997027468305801,287.0
2025-11-12,2,forest_clf,0.9442526925566753,228.0
2025-11-12,3,forest_clf,0.952942249219005,
2025-11-12,1,hgb_clf,0.9820908148074567,287.0
2025-11-12,2,hgb_clf,0.9741684967964328,228.0
2025-11-12,3,hgb_clf,0.9579830236340569,
2025-11-13,1,logistic,0.9974193209764133,228.0
2025-11-13,2,logistic,0.9875864683175372,
2025-11-13,3,logistic,0.9785923801101339,170.0
2025-11-13,1,forest_clf,0.998241011022904,228.0
2025-11-13,2,forest_clf,0.9455954783885306,
2025-11-13,3,forest_clf,0.9349906458031465,170.0
2025-11-13,1,hgb_clf,0.9738010655037469,228.0
2025-11-13,2,hgb_clf,0.969839572330558,
2025-11-13,3,hgb_clf,0.9584737407707462,170.0
2025-11-14,1,logistic,0.9881266750744075,
2025-11-14,2,logistic,0.975226825064715,170.0
2025-11-14,3,logistic,0.9674502222736993,
2025-11-14,1,forest_clf,0.9964128433520338,
2025-11-14,2,forest_clf,0.9589490821625444,170.0
2025-11-14,3,forest_clf,0.9600858462181253,
2025-11-14,1,hgb_clf,0.9687424621547263,
2025-11-14,2,hgb_clf,0.9740487624955174,170.0
2025-11-14,3,hgb_clf,0.9323851067331445,
2025-11-15,1,logistic,,170.0
2025-11-15,2,logistic,,
2025-11-15,3,logistic,,208.0
2025-11-15,1,forest_clf,,170.0
2025-11-15,2,forest_clf,,
2025-11-15,3,forest_clf,,208.0
2025-11-15,1,hgb_clf,0.9281518594889104,170.0
2025-11-15,2,hgb_clf,0.9626039512237432,
2025-11-15,3,hgb_clf,0.9494470924849934,208.0
2025-11-16,1,logistic,,
2025-11-16,2,logistic,,208.0
2025-11-16,3,logistic,,
2025-11-16,1,forest_clf,,
2025-11-16,2,forest_clf,,208.0
2025-11-16,3,forest_clf,,
2025-11-16,1,hgb_clf,0.9754511825552281,
2025-11-16,2,hgb_clf,0.9718356373931729,208.0
2025-11-16,3,hgb_clf,0.9316080974234288,
2025-11-17,1,logistic,,208.0
2025-11-17,2,logistic,,
2025-11-17,3,logistic,,
2025-11-17,1,forest_clf,,208.0
2025-11-17,2,forest_clf,,
2025-11-17,3,forest_clf,,
2025-11-17,1,hgb_clf,0.9351031352857421,208.0
2025-11-17,2,hgb_clf,0.9682710357022274,
2025-11-17,3,hgb_clf,0.9685330076524918,
2025-11-18,1,logistic,,
2025-11-18,2,logistic,,
2025-11-18,3,logistic,,163.0
2025-11-18,1,forest_clf,,
2025-11-18,2,forest_clf,,
2025-11-18,3,forest_clf,,163.0
2025-11-18,1,hgb_clf,0.9801567406912718,
2025-11-18,2,hgb_clf,0.9757726563220496,
2025-11-18,3,hgb_clf,0.954065074530751,163.0
2025-11-19,1,logistic,,
2025-11-19,2,logistic,,163.0
2025-11-19,3,logistic,,180.0
2025-11-19,1,forest_clf,,
2025-11-19,2,forest_clf,,163.0
2025-11-19,3,forest_clf,,180.0
2025-11-19,1,hgb_clf,0.9285263559059929,
2025-11-19,2,hgb_clf,0.9600398870550628,163.0
2025-11-19,3,hgb_clf,0.9610585148382417,180.0
2025-11-20,1,logistic,,163.0
2025-11-20,2,logistic,,180.0
2025-11-20,3,logistic,,223.0
2025-11-20,1,forest_clf,,163.0
2025-11-20,2,forest_clf,,180.0
2025-11-20,3,forest_clf,,223.0
2025-11-20,1,hgb_clf,0.9130156484437828,163.0
2025-11-20,2,hgb_clf,0.9356340619438103,180.0
2025-11-20,3,hgb_clf,0.9424594658327153,223.0
2025-11-21,1,logistic,,180.0
2025-11-21,2,logistic,,223.0
2025-11-21,3,logistic,,221.0
2025-11-21,1,forest_clf,,180.0
2025-11-21,2,forest_clf,,223.0
2025-11-21,3,forest_clf,,221.0
2025-11-21,1,hgb_clf,0.9640122164814241,180.0
2025-11-21,2,hgb_clf,0.961907592926599,223.0
2025-11-21,3,hgb_clf,0.9420984695813248,221.0
2025-11-22,1,logistic,,223.0
2025-11-22,2,logistic,,221.0
2025-11-22,3,logistic,,192.0
2025-11-22,1,forest_clf,,223.0
2025-11-22,2,forest_clf,,221.0
2025-11-22,3,forest_clf,,192.0
2025-11-22,1,hgb_clf,0.9789584252919128,223.0
2025-11-22,2,hgb_clf,0.9624684204826256,221.0
2025-11-22,3,hgb_clf,0.9160353032087943,192.0
2025-11-23,1,logistic,,221.0
2025-11-23,2,logistic,,192.0
2025-11-23,3,logistic,,164.0
2025-11-23,1,forest_clf,,221.0
2025-11-23,2,forest_clf,,192.0
2025-11-23,3,forest_clf,,164.0
2025-11-23,1,hgb_clf,0.9788783484581948,221.0
2025-11-23,2,hgb_clf,0.973224618649128,192.0
2025-11-23,3,hgb_clf,0.9221515698865758,164.0
2025-11-24,1,logistic,,192.0
2025-11-24,2,logistic,,164.0
2025-11-24,3,logistic,,221.0
2025-11-24,1,forest_clf,,192.0
2025-11-24,2,forest_clf,,164.0
2025-11-24,3,forest_clf,,221.0
2025-11-24,1,hgb_clf,0.9790593104782126,192.0
2025-11-24,2,hgb_clf,0.9787227445750042,164.0
2025-11-24,3,hgb_clf,0.9404041049190839,221.0
2025-11-25,1,logistic,0.9799665723607126,164.0
2025-11-25,2,logistic,0.9076821772361964,221.0
2025-11-25,3,logistic,0.89899895680824,221.0
2025-11-25,1,forest_clf,0.9915922677354628,164.0
2025-11-25,2,forest_clf,0.9905396568576105,221.0
2025-11-25,3,forest_clf,0.9696998049875524,221.0
2025-11-25,1,hgb_clf,0.9746634271881885,164.0
2025-11-25,2,hgb_clf,0.9638321066037422,221.0
2025-11-25,3,hgb_clf,0.9286058649188748,221.0
2025-11-26,1,logistic,,221.0
2025-11-26,2,logistic,,221.0
2025-11-26,3,logistic,,146.0
2025-11-26,1,forest_clf,,221.0
2025-11-26,2,forest_clf,,221.0
2025-11-26,3,forest_clf,,146.0
2025-11-26,1,hgb_clf,0.9539084711948379,221.0
2025-11-26,2,hgb_clf,0.9231735033081953,221.0
2025-11-26,3,hgb_clf,0.9075647322275486,146.0
2025-11-27,1,logistic,,221.0
2025-11-27,2,logistic,,146.0
2025-11-27,3,logistic,,155.0
2025-11-27,1,forest_clf,,221.0
2025-11-27,2,forest_clf,,146.0
2025-11-27,3,forest_clf,,155.0
2025-11-27,1,hgb_clf,0.9755951258997886,221.0
2025-11-27,2,hgb_clf,0.9549341834397698,146.0
2025-11-27,3,hgb_clf,0.929766228706254,155.0
2025-11-28,1,logistic,0.9820718155625676,146.0
2025-11-28,2,logistic,0.9646532529734714,155.0
2025-11-28,3,logistic,0.9600468956153153,152.0
2025-11-28,1,forest_clf,0.9928136617025249,146.0
2025-11-28,2,forest_clf,0.9914928016869636,155.0
2025-11-28,3,forest_clf,0.978416242315792,152.0
2025-11-28,1,hgb_clf,0.977490248613305,146.0
2025-11-28,2,hgb_clf,0.9667922925023484,155.0
2025-11-28,3,hgb_clf,0.9373092510553108,152.0
2025-11-29,1,logistic,0.9204483013392447,155.0
2025-11-29,2,logistic,0.9310484561112351,152.0
2025-11-29,3,logistic,0.9308213991602419,236.0
2025-11-29,1,forest_clf,0.8623833620330504,155.0
2025-11-29,2,forest_clf,0.9478356591419543,152.0
2025-11-29,3,forest_clf,0.9169342141743574,236.0
2025-11-29,1,hgb_clf,0.8809411441945462,155.0
2025-11-29,2,hgb_clf,0.9374279769429462,152.0
2025-11-29,3,hgb_clf,0.9115502964306575,236.0
2025-11-30,1,logistic,0.9148394634744812,152.0
2025-11-30,2,logistic,0.9376326247144587,236.0
2025-11-30,3,logistic,0.933543478312808,174.0
2025-11-30,1,forest_clf,0.9515075849180994,152.0
2025-11-30,2,forest_clf,0.954328608118536,236.0
2025-11-30,3,forest_clf,0.9441392630723212,174.0
2025-11-30,1,hgb_clf,0.9066773143462757,152.0
2025-11-30,2,hgb_clf,0.9388236341242858,236.0
2025-11-30,3,hgb_clf,0.921309149532535,174.0
2025-12-01,1,logistic,0.929629973927238,236.0
2025-12-01,2,logistic,0.9184006073782982,174.0
2025-12-01,3,logistic,0.9381213550271426,173.0
2025-12-01,1,forest_clf,0.9095311556308364,236.0
2025-12-01,2,forest_clf,0.9475081527615796,174.0
2025-12-01,3,forest_clf,0.9230203018856459,173.0
2025-12-01,1,hgb_clf,0.93887528046667,236.0
2025-12-01,2,hgb_clf,0.9487828930975264,174.0
2025-12-01,3,hgb_clf,0.9507959170180013,173.0
2025-12-02,1,logistic,0.98484325277287,174.0
2025-12-02,2,logistic,0.9598110991510127,173.0
2025-12-02,3,logistic,0.9495552375309615,178.0
2025-12-02,1,forest_clf,0.9958611864953163,174.0
2025-12-02,2,forest_clf,0.9831369893967669,173.0
2025-12-02,3,forest_clf,0.9777410539655486,178.0
2025-12-02,1,hgb_clf,0.9797014541180366,174.0
2025-12-02,2,hgb_clf,0.9804258077713935,173.0
2025-12-02,3,hgb_clf,0.9415926821281647,178.0
2025-12-03,1,logistic,0.9489398168512169,173.0
2025-12-03,2,logistic,0.9242846001690056,178.0
2025-12-03,3,logistic,0.9353513097421713,169.0
2025-12-03,1,forest_clf,0.972058108736075,173.0
2025-12-03,2,forest_clf,0.9772738878435819,178.0
2025-12-03,3,forest_clf,0.9722513750733145,169.0
2025-12-03,1,hgb_clf,0.970267240157613,173.0
2025-12-03,2,hgb_clf,0.9649258177101416,178.0
2025-12-03,3,hgb_clf,0.9278825724793088,169.0
2025-12-04,1,logistic,0.9433459978554797,178.0
2025-12-04,2,logistic,0.9349108188009384,169.0
2025-12-04,3,logistic,0.9349484058294963,161.0
2025-12-04,1,forest_clf,0.9928226910753479,178.0
2025-12-04,2,forest_clf,0.9666418278716077,169.0
2025-12-04,3,forest_clf,0.9607513374692539,161.0
2025-12-04,1,hgb_clf,0.9707685697195931,178.0
2025-12-04,2,hgb_clf,0.9619388477546876,169.0
2025-12-04,3,hgb_clf,0.865480946375798,161.0
2025-12-05,1,logistic,0.9489337583220252,169.0
2025-12-05,2,logistic,0.9464164009917542,161.0
2025-12-05,3,logistic,0.9515822687550621,152.0
2025-12-05,1,forest_clf,0.9790532438122678,169.0
2025-12-05,2,forest_clf,0.9586669650899914,161.0
2025-12-05,3,forest_clf,0.9725889046772191,152.0
2025-12-05,1,hgb_clf,0.9839556340755027,169.0
2025-12-05,2,hgb_clf,0.9536297707255293,161.0
2025-12-05,3,hgb_clf,0.9248466562358801,152.0
2025-12-06,1,logistic,0.9495288105540309,161.0
2025-12-06,2,logistic,0.9473608569652759,152.0
2025-12-06,3,logistic,0.9451870375576858,130.0
2025-12-06,1,forest_clf,0.982354880176016,161.0
2025-12-06,2,forest_clf,0.9201130625168825,152.0
2025-12-06,3,forest_clf,0.9629911602419585,130.0
2025-12-06,1,hgb_clf,0.9712564798076079,161.0
2025-12-06,2,hgb_clf,0.9545270258782778,152.0
2025-12-06,3,hgb_clf,0.9234507851859829,130.0
2025-12-07,1,logistic,0.9352168421327148,152.0
2025-12-07,2,logistic,0.9429931630098018,130.0
2025-12-07,3,logistic,0.9415557403656174,129.0
2025-12-07,1,forest_clf,0.9636177824140284,152.0
2025-12-07,2,forest_clf,0.8748706835132822,130.0
2025-12-07,3,forest_clf,0.9153099925596222,129.0
2025-12-07,1,hgb_clf,0.9451291198442351,152.0
2025-12-07,2,hgb_clf,0.9445300000082734,130.0
2025-12-07,3,hgb_clf,0.9182168401518339,129.0
2025-12-08,1,logistic,0.9251320443580492,130.0
2025-12-08,2,logistic,0.907718455809241,129.0
2025-12-08,3,logistic,0.9296828752760384,143.0
2025-12-08,1,forest_clf,0.8961523432648463,130.0
2025-12-08,2,forest_clf,0.862390252822081,129.0
2025-12-08,3,forest_clf,0.9173301678982523,143.0
2025-12-08,1,hgb_clf,0.926577049926641,130.0
2025-12-08,2,hgb_clf,0.9397688077031204,129.0
2025-12-08,3,hgb_clf,0.9375315072195466,143.0
2025-12-09,1,logistic,0.8638891284191647,129.0
2025-12-09,2,logistic,0.8806748232918569,143.0
2025-12-09,3,logistic,0.9070016850546285,191.0
2025-12-09,1,forest_clf,0.8723924106827993,129.0
2025-12-09,2,forest_clf,0.7963008024775573,143.0
2025-12-09,3,forest_clf,0.8017365205540604,191.0
2025-12-09,1,hgb_clf,0.8782356422636295,129.0
2025-12-09,2,hgb_clf,0.8689710098410253,143.0
2025-12-09,3,hgb_clf,0.862164722384114,191.0
2025-12-10,1,logistic,0.8510858592130114,143.0
2025-12-10,2,logistic,0.8713480448581197,191.0
2025-12-10,3,logistic,0.9049060248665344,357.0
2025-12-10,1,forest_clf,0.8632523031703316,143.0
2025-12-10,2,forest_clf,0.816684580850807,191.0
2025-12-10,3,forest_clf,0.8666546941030454,357.0
2025-12-10,1,hgb_clf,0.8599770542980125,143.0
2025-12-10,2,hgb_clf,0.8752806705008681,191.0
2025-12-10,3,hgb_clf,0.8787594224177069,357.0
2025-12-11,1,logistic,0.8810097378655571,191.0
2025-12-11,2,logistic,0.8895982006782541,357.0
2025-12-11,3,logistic,0.9112931962767642,384.0
2025-12-11,1,forest_clf,0.8751462359295675,191.0
2025-12-11,2,forest_clf,0.9039752624177834,357.0
2025-12-11,3,forest_clf,0.9264004428083047,384.0
2025-12-11,1,hgb_clf,0.8809989578448718,191.0
2025-12-11,2,hgb_clf,0.8905111887699408,357.0
2025-12-11,3,hgb_clf,0.9147513201551042,384.0
2025-12-12,1,logistic,0.9468813775674604,357.0
2025-12-12,2,logistic,0.9304934743360788,384.0
2025-12-12,3,logistic,0.9248031089745639,270.0
2025-12-12,1,forest_clf,0.9493182471112069,357.0
2025-12-12,2,forest_clf,0.8907805897886648,384.0
2025-12-12,3,forest_clf,0.8651536763569847,270.0
2025-12-12,1,hgb_clf,0.9540335474969392,357.0
2025-12-12,2,hgb_clf,0.8683361556305231,384.0
2025-12-12,3,hgb_clf,0.856827221840373,270.0
2025-12-13,1,logistic,0.998333939788824,384.0
2025-12-13,2,logistic,0.9899958979109971,270.0
2025-12-13,3,logistic,0.9671534498374041,184.0
2025-12-13,1,forest_clf,0.9947468111140596,384.0
2025-12-13,2,forest_clf,0.974478806885744,270.0
2025-12-13,3,forest_clf,0.932330763197642,184.0
2025-12-13,1,hgb_clf,0.955075431391719,384.0
2025-12-13,2,hgb_clf,0.9503304268202357,270.0
2025-12-13,3,hgb_clf,0.9311058536390079,184.0
2025-12-14,1,logistic,0.9992358153796917,270.0
2025-12-14,2,logistic,0.9928332790894117,184.0
2025-12-14,3,logistic,0.9763011052953046,184.0
2025-12-14,1,forest_clf,0.9948026523119887,270.0
2025-12-14,2,forest_clf,0.9941327615763444,184.0
2025-12-14,3,forest_clf,0.9486142107769363,184.0
2025-12-14,1,hgb_clf,0.9538769414660073,270.0
2025-12-14,2,hgb_clf,0.9711511240933991,184.0
2025-12-14,3,hgb_clf,0.9552742170452978,184.0
2025-12-15,1,logistic,0.9948586731945277,184.0
2025-12-15,2,logistic,0.977670637304551,184.0
2025-12-15,3,logistic,0.9671401101510645,301.0
2025-12-15,1,forest_clf,0.998320898965897,184.0
2025-12-15,2,forest_clf,0.9924460808768089,184.0
2025-12-15,3,forest_clf,0.9949292516314918,301.0
2025-12-15,1,hgb_clf,0.9848667615613054,184.0
2025-12-15,2,hgb_clf,0.9894497370717226,184.0
2025-12-15,3,hgb_clf,0.9652659727934924,301.0
2025-12-16,1,logistic,0.9359677187550511,184.0
2025-12-16,2,logistic,0.9248355717969445,301.0
2025-12-16,3,logistic,0.9392968948828397,232.0
2025-12-16,1,forest_clf,0.9768444829655387,184.0
2025-12-16,2,forest_clf,0.995578078416496,301.0
2025-12-16,3,forest_clf,0.9705898478440181,232.0
2025-12-16,1,hgb_clf,0.9676948403209032,184.0
2025-12-16,2,hgb_clf,0.971858039135034,301.0
2025-12-16,3,hgb_clf,0.9622284652484127,232.0
2025-12-17,1,logistic,0.9409553860422446,301.0
2025-12-17,2,logistic,0.9344012892985483,232.0
2025-12-17,3,logistic,0.9524885575164646,275.0
2025-12-17,1,forest_clf,0.9856688656134018,301.0
2025-12-17,2,forest_clf,0.990072207870537,232.0
2025-12-17,3,forest_clf,0.9718414207736356,275.0
2025-12-17,1,hgb_clf,0.9867026648444275,301.0
2025-12-17,2,hgb_clf,0.9889673237172738,232.0
2025-12-17,3,hgb_clf,0.9617803485458305,275.0
2025-12-18,1,logistic,0.995091369307378,232.0
2025-12-18,2,logistic,0.9799274803668634,275.0
2025-12-18,3,logistic,0.9706212663030197,239.0
2025-12-18,1,forest_clf,0.9932957578308778,232.0
2025-12-18,2,forest_clf,0.983696485641448,275.0
2025-12-18,3,forest_clf,0.9654091976678945,239.0
2025-12-18,1,hgb_clf,0.9860889523449274,232.0
2025-12-18,2,hgb_clf,0.9915582180507341,275.0
2025-12-18,3,hgb_clf,0.9682952401150952,239.0
2025-12-19,1,logistic,0.985312810112156,275.0
2025-12-19,2,logistic,0.9658098442485951,239.0
2025-12-19,3,logistic,0.9605532352529645,290.0
2025-12-19,1,forest_clf,0.9963376305588844,275.0
2025-12-19,2,forest_clf,0.9973250338020749,239.0
2025-12-19,3,forest_clf,0.9901996458530378,290.0
2025-12-19,1,hgb_clf,0.9807377873157027,275.0
2025-12-19,2,hgb_clf,0.9887885887509523,239.0
2025-12-19,3,hgb_clf,0.9686495039100729,290.0
2025-12-20,1,logistic,0.9952216934181953,239.0
2025-12-20,2,logistic,0.9886491119923527,290.0
2025-12-20,3,logistic,0.9711878855362895,283.0
2025-12-20,1,forest_clf,0.9989761207479162,239.0
2025-12-20,2,forest_clf,0.9902410169502381,290.0
2025-12-20,3,forest_clf,0.9367815809299467,283.0
2025-12-20,1,hgb_clf,0.9835895412271952,239.0
2025-12-20,2,hgb_clf,0.9881696633311003,290.0
2025-12-20,3,hgb_clf,0.9664991331233364,283.0
2025-12-21,1,logistic,0.9880494990315202,290.0
2025-12-21,2,logistic,0.9838156472533778,283.0
2025-12-21,3,logistic,0.9690677203626069,108.0
2025-12-21,1,forest_clf,0.9967487657256412,290.0
2025-12-21,2,forest_clf,0.9747714464456273,283.0
2025-12-21,3,forest_clf,0.8653463436655895,108.0
2025-12-21,1,hgb_clf,0.9849120812366586,290.0
2025-12-21,2,hgb_clf,0.9740109682639819,283.0
2025-12-21,3,hgb_clf,0.9681411085659328,108.0
2025-12-22,1,logistic,0.9964755278653036,283.0
2025-12-22,2,logistic,0.9859778208234744,108.0
2025-12-22,3,logistic,0.9731431323724079,104.0
2025-12-22,1,forest_clf,1.0,283.0
2025-12-22,2,forest_clf,0.9755802994510157,108.0
2025-12-22,3,forest_clf,0.9742287806650823,104.0
2025-12-22,1,hgb_clf,0.9865677280997347,283.0
2025-12-22,2,hgb_clf,0.9861308212196911,108.0
2025-12-22,3,hgb_clf,0.9723144002694961,104.0
2025-12-23,1,logistic,0.9960460777143403,108.0
2025-12-23,2,logistic,0.9851823390970252,104.0
2025-12-23,3,logistic,0.9768485155464541,173.0
2025-12-23,1,forest_clf,0.9976736772687735,108.0
2025-12-23,2,forest_clf,0.9757273953508485,104.0
2025-12-23,3,forest_clf,0.9507625710357165,173.0
2025-12-23,1,hgb_clf,0.9865677280997347,108.0
2025-12-23,2,hgb_clf,0.9912797551340975,104.0
2025-12-23,3,hgb_clf,0.9694340713718386,173.0
2025-12-24,1,logistic,0.7490963883038876,104.0
2025-12-24,2,logistic,0.847310773547225,173.0
2025-12-24,3,logistic,0.9017182950670563,264.0
2025-12-24,1,forest_clf,0.5491495474282245,104.0
2025-12-24,2,forest_clf,0.7128399467331815,173.0
2025-12-24,3,forest_clf,0.7630068206148033,264.0
2025-12-24,1,hgb_clf,0.7748742246177122,104.0
2025-12-24,2,hgb_clf,0.8615546314848826,173.0
2025-12-24,3,hgb_clf,0.9233327624999292,264.0
2025-12-25,1,logistic,0.6145004986599115,173.0
2025-12-25,2,logistic,0.8287876382828808,264.0
2025-12-25,3,logistic,0.8807127475228367,247.0
2025-12-25,1,forest_clf,0.529380188251381,173.0
2025-12-25,2,forest_clf,0.7349101494546821,264.0
2025-12-25,3,forest_clf,0.7835154685185531,247.0
2025-12-25,1,hgb_clf,0.7785255460368252,173.0
2025-12-25,2,hgb_clf,0.8387728222179957,264.0
2025-12-25,3,hgb_clf,0.9187714156508067,247.0
2025-12-26,1,logistic,0.9024925733532934,264.0
2025-12-26,2,logistic,0.9229316308460492,247.0
2025-12-26,3,logistic,0.940910872298666,285.0
2025-12-26,1,forest_clf,0.9113757412375079,264.0
2025-12-26,2,forest_clf,0.9246036332054143,247.0
2025-12-26,3,forest_clf,0.8812323271805856,285.0
2025-12-26,1,hgb_clf,0.9820153397731081,264.0
2025-12-26,2,hgb_clf,0.9734622980419062,247.0
2025-12-26,3,hgb_clf,0.9589536576711631,285.0
2025-12-27,1,logistic,0.9874208550211748,247.0
2025-12-27,2,logistic,0.9729239349977286,285.0
2025-12-27,3,logistic,0.9475724128789219,247.0
2025-12-27,1,forest_clf,0.981466558318359,247.0
2025-12-27,2,forest_clf,0.9627774008142232,285.0
2025-12-27,3,forest_clf,0.8579469416059404,247.0
2025-12-27,1,hgb_clf,0.9849753429963387,247.0
2025-12-27,2,hgb_clf,0.9846814548844524,285.0
2025-12-27,3,hgb_clf,0.9624233508694643,247.0
2025-12-28,1,logistic,0.9875737587808271,285.0
2025-12-28,2,logistic,0.9789011134631628,247.0
2025-12-28,3,logistic,0.9627880374227809,275.0
2025-12-28,1,forest_clf,0.9808904501930827,285.0
2025-12-28,2,forest_clf,0.9806935133446717,247.0
2025-12-28,3,forest_clf,0.9084532596461057,275.0
2025-12-28,1,hgb_clf,0.9846337319156448,285.0
2025-12-28,2,hgb_clf,0.9850289894674217,247.0
2025-12-28,3,hgb_clf,0.968353150680282,275.0
2025-12-29,1,logistic,0.9954899176861476,247.0
2025-12-29,2,logistic,0.98594547713024,275.0
2025-12-29,3,logistic,0.9742259167493301,234.0
2025-12-29,1,forest_clf,0.9863540549178412,247.0
2025-12-29,2,forest_clf,0.9681222196070167,275.0
2025-12-29,3,forest_clf,0.9608025672622951,234.0
2025-12-29,1,hgb_clf,0.985126474929305,247.0
2025-12-29,2,hgb_clf,0.9625187606341001,275.0
2025-12-29,3,hgb_clf,0.9719928948644426,234.0
2025-12-30,1,logistic,0.9886821861117346,275.0
2025-12-30,2,logistic,0.9799766258957965,234.0
2025-12-30,3,logistic,0.9730361251448851,96.1
2025-12-30,1,forest_clf,0.9868331939627042,275.0
2025-12-30,2,forest_clf,0.9789738651799093,234.0
2025-12-30,3,forest_clf,0.9665732860764092,96.1
2025-12-30,1,hgb_clf,0.9789890912926249,275.0
2025-12-30,2,hgb_clf,0.9802847560917873,234.0
2025-12-30,3,hgb_clf,0.9672905178134907,96.1
2025-12-31,1,logistic,0.9943198900310874,234.0
2025-12-31,2,logistic,0.9854609800791718,96.1
2025-12-31,3,logistic,0.9797034844465914,146.0
2025-12-31,1,forest_clf,0.9856397752193441,234.0
2025-12-31,2,forest_clf,0.9750946815555855,96.1
2025-12-31,3,forest_clf,0.9618915629308323,146.0
2025-12-31,1,hgb_clf,0.9862602460517723,234.0
2025-12-31,2,hgb_clf,0.9799263515175,96.1
2025-12-31,3,hgb_clf,0.9723315974242315,146.0
2026-01-01,1,logistic,0.9876678559119391,96.1
2026-01-01,2,logistic,0.9719862438100746,146.0
2026-01-01,3,logistic,0.9651618525595338,139.0
2026-01-01,1,forest_clf,0.9912434844751914,96.1
2026-01-01,2,forest_clf,0.9660561913209633,146.0
2026-01-01,3,forest_clf,0.9386920848730188,139.0
2026-01-01,1,hgb_clf,0.9799412299936535,96.1
2026-01-01,2,hgb_clf,0.9821893114569278,146.0
2026-01-01,3,hgb_clf,0.9752355260196104,139.0
2026-01-02,1,logistic,0.6668489149992165,146.0
2026-01-02,2,logistic,0.8212113750767872,139.0
2026-01-02,3,logistic,0.8788168824853043,132.0
2026-01-02,1,forest_clf,0.41942189259946067,146.0
2026-01-02,2,forest_clf,0.6664090153741669,139.0
2026-01-02,3,forest_clf,0.7045728296744634,132.0
2026-01-02,1,hgb_clf,0.8103072453580987,146.0
2026-01-02,2,hgb_clf,0.7787364976011836,139.0
2026-01-02,3,hgb_clf,0.931752857565339,132.0
2026-01-03,1,logistic,0.8467655692264721,139.0
2026-01-03,2,logistic,0.9131342507277541,132.0
2026-01-03,3,logistic,0.9049388266354944,186.0
2026-01-03,1,forest_clf,0.8901854207202813,139.0
2026-01-03,2,forest_clf,0.8925736003562696,132.0
2026-01-03,3,forest_clf,0.8568491180330646,186.0
2026-01-03,1,hgb_clf,0.9448201169793496,139.0
2026-01-03,2,hgb_clf,0.9705127187719,132.0
2026-01-03,3,hgb_clf,0.9409380363301769,186.0
2026-01-04,1,logistic,0.8631765298341044,132.0
2026-01-04,2,logistic,0.9157793153817791,186.0
2026-01-04,3,logistic,0.9201628020117945,155.0
2026-01-04,1,forest_clf,0.8715875519466902,132.0
2026-01-04,2,forest_clf,0.9052061288361155,186.0
2026-01-04,3,forest_clf,0.8838473506184498,155.0
2026-01-04,1,hgb_clf,0.9433688186690937,132.0
2026-01-04,2,hgb_clf,0.937077018533967,186.0
2026-01-04,3,hgb_clf,0.9437414415221118,155.0
2026-01-05,1,logistic,0.891476180963499,186.0
2026-01-05,2,logistic,0.8950772588203488,155.0
2026-01-05,3,logistic,0.902659338268543,168.0
2026-01-05,1,forest_clf,0.8898214576258665,186.0
2026-01-05,2,forest_clf,0.8942459205385073,155.0
2026-01-05,3,forest_clf,0.8536086315341938,168.0
2026-01-05,1,hgb_clf,0.9429269859966806,186.0
2026-01-05,2,hgb_clf,0.9541927511400781,155.0
2026-01-05,3,hgb_clf,0.9570113499598674,168.0
2026-01-06,1,logistic,0.9489635147792718,155.0
2026-01-06,2,logistic,0.9281795793827161,168.0
2026-01-06,3,logistic,0.9168349463782648,215.0
2026-01-06,1,forest_clf,0.964698459283213,155.0
2026-01-06,2,forest_clf,0.891001622756807,168.0
2026-01-06,3,forest_clf,0.951674390497353,215.0
2026-01-06,1,hgb_clf,0.9802813561766904,155.0
2026-01-06,2,hgb_clf,0.9589490735720996,168.0
2026-01-06,3,hgb_clf,0.942959095182307,215.0
2026-01-07,1,logistic,0.9094265143560271,168.0
2026-01-07,2,logistic,0.9121969045663416,215.0
2026-01-07,3,logistic,0.9031822235274439,171.0
2026-01-07,1,forest_clf,0.8952278504933198,168.0
2026-01-07,2,forest_clf,0.8240410131536471,215.0
2026-01-07,3,forest_clf,0.902223746404532,171.0
2026-01-07,1,hgb_clf,0.9343884486785943,168.0
2026-01-07,2,hgb_clf,0.941349629233452,215.0
2026-01-07,3,hgb_clf,0.9316194885165364,171.0
2026-01-08,1,logistic,0.929146072394835,215.0
2026-01-08,2,logistic,0.9292255619790046,171.0
2026-01-08,3,logistic,0.9132879885228916,158.0
2026-01-08,1,forest_clf,0.9635801279745604,215.0
2026-01-08,2,forest_clf,0.7527229267965105,171.0
2026-01-08,3,forest_clf,0.9314048016753574,158.0
2026-01-08,1,hgb_clf,0.9627830737864211,215.0
2026-01-08,2,hgb_clf,0.9495296108257839,171.0
2026-01-08,3,hgb_clf,0.9620330145310465,158.0
2026-01-09,1,logistic,0.9681370732231109,171.0
2026-01-09,2,logistic,0.9490330876492233,158.0
2026-01-09,3,logistic,0.9403943550254763,167.0
2026-01-09,1,forest_clf,0.9695804516289703,171.0
2026-01-09,2,forest_clf,0.8320080511577116,158.0
2026-01-09,3,forest_clf,0.9349453841663602,167.0
2026-01-09,1,hgb_clf,0.9705225234048885,171.0
2026-01-09,2,hgb_clf,0.9645957607097422,158.0
2026-01-09,3,hgb_clf,0.9638223309136318,167.0
2026-01-10,1,logistic,0.9440886395644534,158.0
2026-01-10,2,logistic,0.9445713280434959,167.0
2026-01-10,3,logistic,0.925412073692571,260.0
2026-01-10,1,forest_clf,0.9580764821454595,158.0
2026-01-10,2,forest_clf,0.8501609793069761,167.0
2026-01-10,3,forest_clf,0.8709033177110693,260.0
2026-01-10,1,hgb_clf,0.9568991890064014,158.0
2026-01-10,2,hgb_clf,0.9589700445407459,167.0
2026-01-10,3,hgb_clf,0.9576342057340824,260.0
2026-01-11,1,logistic,0.9204325099939935,167.0
2026-01-11,2,logistic,0.9403446397285323,260.0
2026-01-11,3,logistic,0.921853977697434,237.0
2026-01-11,1,forest_clf,0.9166293689581688,167.0
2026-01-11,2,forest_clf,0.8215805031927502,260.0
2026-01-11,3,forest_clf,0.8820315114415175,237.0
2026-01-11,1,hgb_clf,0.9206740643856445,167.0
2026-01-11,2,hgb_clf,0.94792745377232,260.0
2026-01-11,3,hgb_clf,0.9361122717942905,237.0
2026-01-12,1,logistic,0.9374142508922493,260.0
2026-01-12,2,logistic,0.9241962284814245,237.0
2026-01-12,3,logistic,0.9232355734890886,217.0
2026-01-12,1,forest_clf,0.9729487923292833,260.0
2026-01-12,2,forest_clf,0.8842835691460025,237.0
2026-01-12,3,forest_clf,0.9457313971946192,217.0
2026-01-12,1,hgb_clf,0.9771508325099807,260.0
2026-01-12,2,hgb_clf,0.9618108848528379,237.0
2026-01-12,3,hgb_clf,0.98678188545479,217.0
2026-01-13,1,logistic,0.9877206160783002,237.0
2026-01-13,2,logistic,0.9636712121786233,217.0
2026-01-13,3,logistic,0.9363643733051301,220.0
2026-01-13,1,forest_clf,0.9883791194278426,237.0
2026-01-13,2,forest_clf,0.9913141017042374,217.0
2026-01-13,3,forest_clf,0.9834544201618439,220.0
2026-01-13,1,hgb_clf,0.9819827402306394,237.0
2026-01-13,2,hgb_clf,0.9761885760258634,217.0
2026-01-13,3,hgb_clf,0.9793415043925905,220.0
2026-01-14,1,logistic,0.982940183705878,217.0
2026-01-14,2,logistic,0.9596696328315313,220.0
2026-01-14,3,logistic,0.9396735815589862,368.0
2026-01-14,1,forest_clf,0.9888034950020038,217.0
2026-01-14,2,forest_clf,0.9875169004995962,220.0
2026-01-14,3,forest_clf,0.9850407866950996,368.0
2026-01-14,1,hgb_clf,0.9809847719492549,217.0
2026-01-14,2,hgb_clf,0.9695902492606957,220.0
2026-01-14,3,hgb_clf,0.9750552839523298,368.0
2026-01-15,1,logistic,0.9784635915469593,220.0
2026-01-15,2,logistic,0.9635395834196705,368.0
2026-01-15,3,logistic,0.9452016663869907,291.0
2026-01-15,1,forest_clf,0.9899960453543963,220.0
2026-01-15,2,forest_clf,0.9976072961416368,368.0
2026-01-15,3,forest_clf,0.9682429321556151,291.0
2026-01-15,1,hgb_clf,0.9816156597146068,220.0
2026-01-15,2,hgb_clf,0.9642933314500849,368.0
2026-01-15,3,hgb_clf,0.9702792096408837,291.0
2026-01-16,1,logistic,0.9775953995148334,368.0
2026-01-16,2,logistic,0.9692558367668246,291.0
2026-01-16,3,logistic,0.9535811307966037,274.0
2026-01-16,1,forest_clf,0.9934490229573744,368.0
2026-01-16,2,forest_clf,0.9795960590048631,291.0
2026-01-16,3,forest_clf,0.9631589531814967,274.0
2026-01-16,1,hgb_clf,0.9792087727893896,368.0
2026-01-16,2,hgb_clf,0.965250564426901,291.0
2026-01-16,3,hgb_clf,0.9603250598311786,274.0
2026-01-17,1,logistic,0.9987737518949777,291.0
2026-01-17,2,logistic,0.9919305369461116,274.0
2026-01-17,3,logistic,0.9681777501924232,213.0
2026-01-17,1,forest_clf,0.9890934587057546,291.0
2026-01-17,2,forest_clf,0.9908925388458958,274.0
2026-01-17,3,forest_clf,0.9574960578049404,213.0
2026-01-17,1,hgb_clf,0.9857216476063972,291.0
2026-01-17,2,hgb_clf,0.9792158469141952,274.0
2026-01-17,3,hgb_clf,0.974227269721586,213.0
2026-01-18,1,logistic,0.9954139162675391,274.0
2026-01-18,2,logistic,0.9848506853884598,213.0
2026-01-18,3,logistic,0.9611548431123282,175.0
2026-01-18,1,forest_clf,0.9740099660101106,274.0
2026-01-18,2,forest_clf,0.9833666385821357,213.0
2026-01-18,3,forest_clf,0.9713568516891194,175.0
2026-01-18,1,hgb_clf,0.975066784770169,274.0
2026-01-18,2,hgb_clf,0.9615910013877477,213.0
2026-01-18,3,hgb_clf,0.973975804590967,175.0
2026-01-19,1,logistic,0.9948876083027267,213.0
2026-01-19,2,logistic,0.979938719584295,175.0
2026-01-19,3,logistic,0.9569332819282345,178.0
2026-01-19,1,forest_clf,0.9824831968931701,213.0
2026-01-19,2,forest_clf,0.9763840497621049,175.0
2026-01-19,3,forest_clf,0.8895872939719517,178.0
2026-01-19,1,hgb_clf,0.9795373422383944,213.0
2026-01-19,2,hgb_clf,0.9589361800446168,175.0
2026-01-19,3,hgb_clf,0.9536177467776856,178.0
2026-01-20,1,logistic,0.9758125868841616,175.0
2026-01-20,2,logistic,0.9636593719531183,178.0
2026-01-20,3,logistic,0.9462389557856852,137.0
2026-01-20,1,forest_clf,0.9709585093538048,175.0
2026-01-20,2,forest_clf,0.9732852725375697,178.0
2026-01-20,3,forest_clf,0.7682908640254529,137.0
2026-01-20,1,hgb_clf,0.9683422958378392,175.0
2026-01-20,2,hgb_clf,0.955108802088718,178.0
2026-01-20,3,hgb_clf,0.8191300894329423,137.0
2026-01-21,1,logistic,0.9421107111374852,178.0
2026-01-21,2,logistic,0.9379773257214297,137.0
2026-01-21,3,logistic,0.9231078053624507,72.4
2026-01-21,1,forest_clf,0.9768393672307066,178.0
2026-01-21,2,forest_clf,0.8486527550996373,137.0
2026-01-21,3,forest_clf,0.8575246166468665,72.4
2026-01-21,1,hgb_clf,0.9648320484496455,178.0
2026-01-21,2,hgb_clf,0.9063689584617429,137.0
2026-01-21,3,hgb_clf,0.8363926517224788,72.4
2026-01-22,1,logistic,0.9481579827399552,137.0
2026-01-22,2,logistic,0.9414243802824932,72.4
2026-01-22,3,logistic,0.9311825912859376,89.3
2026-01-22,1,forest_clf,0.9751126105049762,137.0
2026-01-22,2,forest_clf,0.8172856164356898,72.4
2026-01-22,3,forest_clf,0.8924425028065763,89.3
2026-01-22,1,hgb_clf,0.960589554882931,137.0
2026-01-22,2,hgb_clf,0.8935583537056005,72.4
2026-01-22,3,hgb_clf,0.8591728671026607,89.3
2026-01-23,1,logistic,0.8784100688620932,72.4
2026-01-23,2,logistic,0.9028489981647589,89.3
2026-01-23,3,logistic,0.9067491231842245,112.0
2026-01-23,1,forest_clf,0.8909505296321671,72.4
2026-01-23,2,forest_clf,0.7954965435094604,89.3
2026-01-23,3,forest_clf,0.8254262174698695,112.0
2026-01-23,1,hgb_clf,0.8372378820754224,72.4
2026-01-23,2,hgb_clf,0.8393007241054802,89.3
2026-01-23,3,hgb_clf,0.9177731098462526,112.0
2026-01-24,1,logistic,0.5828143180012011,89.3
2026-01-24,2,logistic,0.8106018345558847,112.0
2026-01-24,3,logistic,0.7794515638496903,154.0
2026-01-24,1,forest_clf,0.37879497753474545,89.3
2026-01-24,2,forest_clf,0.6154461951334813,112.0
2026-01-24,3,forest_clf,0.5786982701957684,154.0
2026-01-24,1,hgb_clf,0.41561125354658013,89.3
2026-01-24,2,hgb_clf,0.6994761819634123,112.0
2026-01-24,3,hgb_clf,0.4185808031211867,154.0
2026-01-25,1,logistic,0.6155755123111265,112.0
2026-01-25,2,logistic,0.8105281952720411,154.0
2026-01-25,3,logistic,0.7878534950810654,130.0
2026-01-25,1,forest_clf,0.3180211495819043,112.0
2026-01-25,2,forest_clf,0.4785386947563528,154.0
2026-01-25,3,forest_clf,0.7226672727969745,130.0
2026-01-25,1,hgb_clf,0.40089119746176494,112.0
2026-01-25,2,hgb_clf,0.6137290743547863,154.0
2026-01-25,3,hgb_clf,0.5814048753983659,130.0
2026-01-26,1,logistic,0.7103733957641817,154.0
2026-01-26,2,logistic,0.7435444112368382,130.0
2026-01-26,3,logistic,0.7417656215097131,117.0
2026-01-26,1,forest_clf,0.6538133595735591,154.0
2026-01-26,2,forest_clf,0.7766663569693703,130.0
2026-01-26,3,forest_clf,0.8163381718657048,117.0
2026-01-26,1,hgb_clf,0.6779862513740297,154.0
2026-01-26,2,hgb_clf,0.7582858108517825,130.0
2026-01-26,3,hgb_clf,0.6665975015603296,117.0
2026-01-27,1,logistic,0.8500669690665699,130.0
2026-01-27,2,logistic,0.8034467945569367,117.0
2026-01-27,3,logistic,0.7589175921202321,125.0
2026-01-27,1,forest_clf,0.8065681824432663,130.0
2026-01-27,2,forest_clf,0.8348478134844703,117.0
2026-01-27,3,forest_clf,0.8762768172188395,125.0
2026-01-27,1,hgb_clf,0.8387809541263047,130.0
2026-01-27,2,hgb_clf,0.8143302316519535,117.0
2026-01-27,3,hgb_clf,0.9068235837516829,125.0
2026-01-28,1,logistic,0.7773502634464832,117.0
2026-01-28,2,logistic,0.7675930792954363,125.0
2026-01-28,3,logistic,0.7474678398490372,189.0
2026-01-28,1,forest_clf,0.815744879912048,117.0
2026-01-28,2,forest_clf,0.8882372005879716,125.0
2026-01-28,3,forest_clf,0.8792952012194309,189.0
2026-01-28,1,hgb_clf,0.8315392434367387,117.0
2026-01-28,2,hgb_clf,0.8142307460202975,125.0
2026-01-28,3,hgb_clf,0.813993879414651,189.0
2026-01-29,1,logistic,0.6766058454789541,125.0
2026-01-29,2,logistic,0.7274674909637789,189.0
2026-01-29,3,logistic,0.706834832172039,96.0
2026-01-29,1,forest_clf,0.6678934585851399,125.0
2026-01-29,2,forest_clf,0.8047059079846163,189.0
2026-01-29,3,forest_clf,0.8083831690032147,96.0
2026-01-29,1,hgb_clf,0.630594800457605,125.0
2026-01-29,2,hgb_clf,0.6264252423384477,189.0
2026-01-29,3,hgb_clf,0.8542847216627685,96.0
2026-01-30,1,logistic,0.690357005977607,189.0
2026-01-30,2,logistic,0.7369575474077887,96.0
2026-01-30,3,logistic,0.7295007753264857,137.0
2026-01-30,1,forest_clf,0.7581772064518673,189.0
2026-01-30,2,forest_clf,0.8343720942298144,96.0
2026-01-30,3,forest_clf,0.8825297814315519,137.0
2026-01-30,1,hgb_clf,0.6951057229967221,189.0
2026-01-30,2,hgb_clf,0.7489457410630533,96.0
2026-01-30,3,hgb_clf,0.910996409535892,137.0
2026-01-31,1,logistic,0.9047173527291739,96.0
2026-01-31,2,logistic,0.8612684030521679,137.0
2026-01-31,3,logistic,0.7848282673740936,134.0
2026-01-31,1,forest_clf,0.8930085358358433,96.0
2026-01-31,2,forest_clf,0.8717009656911813,137.0
2026-01-31,3,forest_clf,0.8587221465181766,134.0
2026-01-31,1,hgb_clf,0.9448268473886412,96.0
2026-01-31,2,hgb_clf,0.8531044438813988,137.0
2026-01-31,3,hgb_clf,0.9115567313643126,134.0
2026-02-01,1,logistic,0.5680347995019365,137.0
2026-02-01,2,logistic,0.7064457412132443,134.0
2026-02-01,3,logistic,0.6887847740815627,189.0
2026-02-01,1,forest_clf,0.3657853930728286,137.0
2026-02-01,2,forest_clf,0.6521195315614495,134.0
2026-02-01,3,forest_clf,0.6618249500457561,189.0
2026-02-01,1,hgb_clf,0.5383682142607631,137.0
2026-02-01,2,hgb_clf,0.62611410675061,134.0
2026-02-01,3,hgb_clf,0.6664609835476011,189.0
2026-02-02,1,logistic,0.7622631988179488,134.0
2026-02-02,2,logistic,0.7380415598817854,189.0
2026-02-02,3,logistic,0.7103763910348443,123.0
2026-02-02,1,forest_clf,0.8143956228623016,134.0
2026-02-02,2,forest_clf,0.6440727578460266,189.0
2026-02-02,3,forest_clf,0.5232600626896475,123.0
2026-02-02,1,hgb_clf,0.7830625461141035,134.0
2026-02-02,2,hgb_clf,0.7314542327186282,189.0
2026-02-02,3,hgb_clf,0.7714255499551939,123.0
2026-02-03,1,logistic,0.7495410915441741,189.0
2026-02-03,2,logistic,0.7518218067694787,123.0
2026-02-03,3,logistic,0.7431133816661615,112.0
2026-02-03,1,forest_clf,0.7780020669465059,189.0
2026-02-03,2,forest_clf,0.6635917318879921,123.0
2026-02-03,3,forest_clf,0.553541305337754,112.0
2026-02-03,1,hgb_clf,0.8255414731641921,189.0
2026-02-03,2,hgb_clf,0.7612969687708095,123.0
2026-02-03,3,hgb_clf,0.7578834063181433,112.0
2026-02-04,1,logistic,0.9092881366924565,123.0
2026-02-04,2,logistic,0.8423233200643294,112.0
2026-02-04,3,logistic,0.7788359328199856,107.0
2026-02-04,1,forest_clf,0.8698013936476044,123.0
2026-02-04,2,forest_clf,0.5713837229575635,112.0
2026-02-04,3,forest_clf,0.5289670660108011,107.0
2026-02-04,1,hgb_clf,0.9234997038050048,123.0
2026-02-04,2,hgb_clf,0.785672126878477,112.0
2026-02-04,3,hgb_clf,0.6318417315406069,107.0
2026-02-05,1,logistic,0.7101812354309776,112.0
2026-02-05,2,logistic,0.7268822733630169,107.0
2026-02-05,3,logistic,0.7219298976750415,88.7
2026-02-05,1,forest_clf,0.7221203073301021,112.0
2026-02-05,2,forest_clf,0.5340092359911313,107.0
2026-02-05,3,forest_clf,0.5258195271820757,88.7
2026-02-05,1,hgb_clf,0.46277122109384705,112.0
2026-02-05,2,hgb_clf,0.6683225553632786,107.0
2026-02-05,3,hgb_clf,0.3791174165021827,88.7
2026-02-06,1,logistic,0.595268609527733,107.0
2026-02-06,2,logistic,0.6798874797441667,88.7
2026-02-06,3,logistic,0.6724136379434378,116.0
2026-02-06,1,forest_clf,0.6142521520655216,107.0
2026-02-06,2,forest_clf,0.538573966639918,88.7
2026-02-06,3,forest_clf,0.42242184270893773,116.0
2026-02-06,1,hgb_clf,0.5429077591749001,107.0
2026-02-06,2,hgb_clf,0.5563642571811493,88.7
2026-02-06,3,hgb_clf,0.3976772303110148,116.0
2026-02-07,1,logistic,0.598745216385473,88.7
2026-02-07,2,logistic,0.7230370519503841,116.0
2026-02-07,3,logistic,0.667210229203795,121.0
2026-02-07,1,forest_clf,0.5375521727189284,88.7
2026-02-07,2,forest_clf,0.46466222605206825,116.0
2026-02-07,3,forest_clf,0.4661897910726753,121.0
2026-02-07,1,hgb_clf,0.4953026932411668,88.7
2026-02-07,2,hgb_clf,0.6877184141401106,116.0
2026-02-07,3,hgb_clf,0.522278171619611,121.0
2026-02-08,1,logistic,0.4830157620437232,116.0
2026-02-08,2,logistic,0.6332243275635077,121.0
2026-02-08,3,logistic,0.6186536214035739,140.0
2026-02-08,1,forest_clf,0.2814636525309848,116.0
2026-02-08,2,forest_clf,0.2980300481665871,121.0
2026-02-08,3,forest_clf,0.35761229908459663,140.0
2026-02-08,1,hgb_clf,0.3139119805496285,116.0
2026-02-08,2,hgb_clf,0.5719363009707735,121.0
2026-02-08,3,hgb_clf,0.46491323681658475,140.0
2026-02-09,1,logistic,0.5952924341987104,121.0
2026-02-09,2,logistic,0.5730587581187558,140.0
2026-02-09,3,logistic,0.5674896013348549,75.0
2026-02-09,1,forest_clf,0.5892147325101557,121.0
2026-02-09,2,forest_clf,0.33487527046764065,140.0
2026-02-09,3,forest_clf,0.3706438950162225,75.0
2026-02-09,1,hgb_clf,0.6345351187974521,121.0
2026-02-09,2,hgb_clf,0.6986526348064276,140.0
2026-02-09,3,hgb_clf,0.5062639312490193,75.0
2026-02-10,1,logistic,0.5756773837233518,140.0
2026-02-10,2,logistic,0.5537110912555568,75.0
2026-02-10,3,logistic,0.5456187313682176,84.6
2026-02-10,1,forest_clf,0.6020677147990036,140.0
2026-02-10,2,forest_clf,0.33214642455536714,75.0
2026-02-10,3,forest_clf,0.3495710098728307,84.6
2026-02-10,1,hgb_clf,0.6569660093024398,140.0
2026-02-10,2,hgb_clf,0.6986526348064276,75.0
2026-02-10,3,hgb_clf,0.5566539065163303,84.6
2026-02-11,1,logistic,0.6768472162697831,75.0
2026-02-11,2,logistic,0.6326221235623187,84.6
2026-02-11,3,logistic,0.5552238424025632,118.0
2026-02-11,1,forest_clf,0.7433335847869682,75.0
2026-02-11,2,forest_clf,0.37225396517705,84.6
2026-02-11,3,forest_clf,0.40946947643158743,118.0
2026-02-11,1,hgb_clf,0.7876369490982829,75.0
2026-02-11,2,hgb_clf,0.6847367875063648,84.6
2026-02-11,3,hgb_clf,0.4019640471914405,118.0
2026-02-12,1,logistic,0.2621799619990032,84.6
2026-02-12,2,logistic,0.38144073038365045,118.0
2026-02-12,3,logistic,0.41906473137523126,90.3
2026-02-12,1,forest_clf,0.29631671021767736,84.6
2026-02-12,2,forest_clf,0.25141153427710966,118.0
2026-02-12,3,forest_clf,0.27951186698260844,90.3
2026-02-12,1,hgb_clf,0.14329334344431527,84.6
2026-02-12,2,hgb_clf,0.3673835621760652,118.0
2026-02-12,3,hgb_clf,0.2649402248509738,90.3
2026-02-13,1,logistic,0.25814386733158873,118.0
2026-02-13,2,logistic,0.3731384640803679,90.3
2026-02-13,3,logistic,0.3951745101235089,109.0
2026-02-13,1,forest_clf,0.2356320981953653,118.0
2026-02-13,2,forest_clf,0.21116857827843194,90.3
2026-02-13,3,forest_clf,0.3083590235125399,109.0
2026-02-13,1,hgb_clf,0.13053290394964995,118.0
2026-02-13,2,hgb_clf,0.34183370217676357,90.3
2026-02-13,3,hgb_clf,0.4281300691676894,109.0
2026-02-14,1,logistic,0.4409179906039815,90.3
2026-02-14,2,logistic,0.4904489389804649,109.0
2026-02-14,3,logistic,0.42543981918780205,78.4
2026-02-14,1,forest_clf,0.5338065693772761,90.3
2026-02-14,2,forest_clf,0.31662991884842895,109.0
2026-02-14,3,forest_clf,0.28254518461203804,78.4
2026-02-14,1,hgb_clf,0.4975489136771228,90.3
2026-02-14,2,hgb_clf,0.6021461396852171,109.0
2026-02-14,3,hgb_clf,0.4271428462801691,78.4
2026-02-15,1,logistic,0.316680093738793,109.0
2026-02-15,2,logistic,0.4052266061880289,78.4
2026-02-15,3,logistic,0.3681902423263669,84.3
2026-02-15,1,forest_clf,0.2476230252946197,109.0
2026-02-15,2,forest_clf,0.23068279606721423,78.4
2026-02-15,3,forest_clf,0.1373055958528405,84.3
2026-02-15,1,hgb_clf,0.1749386314113918,109.0
2026-02-15,2,hgb_clf,0.4387701700026323,78.4
2026-02-15,3,hgb_clf,0.2596248126245922,84.3
2026-02-16,1,logistic,0.3699089379265466,78.4
2026-02-16,2,logistic,0.3122515451825284,84.3
2026-02-16,3,logistic,0.29985445132631694,90.3
2026-02-16,1,forest_clf,0.4785600622865123,78.4
2026-02-16,2,forest_clf,0.24349798375959178,84.3
2026-02-16,3,forest_clf,0.15829024886107812,90.3
2026-02-16,1,hgb_clf,0.4653374282183408,78.4
2026-02-16,2,hgb_clf,0.45887982793931703,84.3
2026-02-16,3,hgb_clf,0.26479301045563014,90.3
2026-02-17,1,logistic,0.18956771755369733,84.3
2026-02-17,2,logistic,0.20280076132470307,90.3
2026-02-17,3,logistic,0.2271105063949458,93.8
2026-02-17,1,forest_clf,0.2398881458505083,84.3
2026-02-17,2,forest_clf,0.1490137861590207,90.3
2026-02-17,3,forest_clf,0.13087493997599775,93.8
2026-02-17,1,hgb_clf,0.10396764075255809,84.3
2026-02-17,2,hgb_clf,0.25277246511070284,90.3
2026-02-17,3,hgb_clf,0.13310864623448407,93.8
2026-02-18,1,logistic,0.16811373463241364,90.3
2026-02-18,2,logistic,0.18602492305197993,93.8
2026-02-18,3,logistic,0.1926126881194768,107.0
2026-02-18,1,forest_clf,0.14492806336605513,90.3
2026-02-18,2,forest_clf,0.11682207248105408,93.8
2026-02-18,3,forest_clf,0.12652019826388722,107.0
2026-02-18,1,hgb_clf,0.08052656921296075,90.3
2026-02-18,2,hgb_clf,0.1557933409749935,93.8
2026-02-18,3,hgb_clf,0.08971439740967088,107.0
2026-02-19,1,logistic,0.1690650951686625,93.8
2026-02-19,2,logistic,0.17643853211356803,107.0
2026-02-19,3,logistic,0.20134178409664136,101.0
2026-02-19,1,forest_clf,0.10652679635413512,93.8
2026-02-19,2,forest_clf,0.17453645459997819,107.0
2026-02-19,3,forest_clf,0.10540388894286704,101.0
2026-02-19,1,hgb_clf,0.1399688790701941,93.8
2026-02-19,2,hgb_clf,0.16880770002378537,107.0
2026-02-19,3,hgb_clf,0.08287126907504226,101.0
2026-02-20,1,logistic,0.17307147731418654,107.0
2026-02-20,2,logistic,0.17799409707250896,101.0
2026-02-20,3,logistic,0.19077997793553927,89.2
2026-02-20,1,forest_clf,0.1845321076279992,107.0
2026-02-20,2,forest_clf,0.15311282625835382,101.0
2026-02-20,3,forest_clf,0.13017808810522694,89.2
2026-02-20,1,hgb_clf,0.27518558205730576,107.0
2026-02-20,2,hgb_clf,0.18943188232283972,101.0
2026-02-20,3,hgb_clf,0.08831807987390884,89.2
2026-02-21,1,logistic,0.23217162456319257,101.0
2026-02-21,2,logistic,0.2336341408156368,89.2
2026-02-21,3,logistic,0.18072716059405178,108.0
2026-02-21,1,forest_clf,0.436014707808083,101.0
2026-02-21,2,forest_clf,0.21102493366465616,89.2
2026-02-21,3,forest_clf,0.10105186260422004,108.0
2026-02-21,1,hgb_clf,0.4322212565130012,101.0
2026-02-21,2,hgb_clf,0.2539499901637896,89.2
2026-02-21,3,hgb_clf,0.13279714762097145,108.0
2026-02-22,1,logistic,0.19181370589015642,89.2
2026-02-22,2,logistic,0.20587074206325523,108.0
2026-02-22,3,logistic,0.1696740881871544,90.0
2026-02-22,1,forest_clf,0.35483905745482663,89.2
2026-02-22,2,forest_clf,0.1828497197239389,108.0
2026-02-22,3,forest_clf,0.09587124330063518,90.0
2026-02-22,1,hgb_clf,0.36250481309190735,89.2
2026-02-22,2,hgb_clf,0.20476211419623588,108.0
2026-02-22,3,hgb_clf,0.14132852019624112,90.0
2026-02-23,1,logistic,0.1443542116713171,108.0
2026-02-23,2,logistic,0.11540293020629919,90.0
2026-02-23,3,logistic,0.12070814221690608,76.0
2026-02-23,1,forest_clf,0.21569830261834327,108.0
2026-02-23,2,forest_clf,0.16617790229478374,90.0
2026-02-23,3,forest_clf,0.11721398172119411,76.0
2026-02-23,1,hgb_clf,0.13196409218304017,108.0
2026-02-23,2,hgb_clf,0.21713824402883405,90.0
2026-02-23,3,hgb_clf,0.10925944341769639,76.0
2026-02-24,1,logistic,0.19039663930269562,90.0
2026-02-24,2,logistic,0.1443095196520355,76.0
2026-02-24,3,logistic,0.14431343317578954,69.8
2026-02-24,1,forest_clf,0.4113060132645694,90.0
2026-02-24,2,forest_clf,0.1661209611293496,76.0
2026-02-24,3,forest_clf,0.06430869955959972,69.8
2026-02-24,1,hgb_clf,0.4435619945265225,90.0
2026-02-24,2,hgb_clf,0.19249020782119952,76.0
2026-02-24,3,hgb_clf,0.09313272400908887,69.8
2026-02-25,1,logistic,0.12516185051901832,76.0
2026-02-25,2,logistic,0.11039019129831333,69.8
2026-02-25,3,logistic,0.12144563102096878,83.1
2026-02-25,1,forest_clf,0.19852156537499466,76.0
2026-02-25,2,forest_clf,0.09168188182858633,69.8
2026-02-25,3,forest_clf,0.09850381026505244,83.1
2026-02-25,1,hgb_clf,0.15498161404984145,76.0
2026-02-25,2,hgb_clf,0.2068070547586238,69.8
2026-02-25,3,hgb_clf,0.05077113935644741,83.1
2026-02-26,1,logistic,0.08024413244160153,69.8
2026-02-26,2,logistic,0.0832806474696298,83.1
2026-02-26,3,logistic,0.09609929706464646,78.8
2026-02-26,1,forest_clf,0.14724103543316633,69.8
2026-02-26,2,forest_clf,0.058574512093569384,83.1
2026-02-26,3,forest_clf,0.09456283516847405,78.8
2026-02-26,1,hgb_clf,0.07630202507694056,69.8
2026-02-26,2,hgb_clf,0.1057835041239268,83.1
2026-02-26,3,hgb_clf,0.05614546100717723,78.8
2026-02-27,1,logistic,0.06169425624307388,83.1
2026-02-27,2,logistic,0.07271473231993897,78.8
2026-02-27,3,logistic,0.08967718340448981,91.2
2026-02-27,1,forest_clf,0.06731449570154363,83.1
2026-02-27,2,forest_clf,0.09799575786105583,78.8
2026-02-27,3,forest_clf,0.09371698189063116,91.2
2026-02-27,1,hgb_clf,0.0983539613274753,83.1
2026-02-27,2,hgb_clf,0.20850793705563545,78.8
2026-02-27,3,hgb_clf,0.05801471113960737,91.2
2026-02-28,1,logistic,0.09616668229539478,78.8
2026-02-28,2,logistic,0.10631541918700282,91.2
2026-02-28,3,logistic,0.09402265685025903,83.3
2026-02-28,1,forest_clf,0.05820566962770468,78.8
2026-02-28,2,forest_clf,0.03825523138936566,91.2
2026-02-28,3,forest_clf,0.09658780993400105,83.3
2026-02-28,1,hgb_clf,0.08081419083967621,78.8
2026-02-28,2,hgb_clf,0.15567105361586472,91.2
2026-02-28,3,hgb_clf,0.09689213437587914,83.3
2026-03-01,1,logistic,0.08134439785094887,91.2
2026-03-01,2,logistic,0.09722290593965267,83.3
2026-03-01,3,logistic,0.08892875597025304,67.1
2026-03-01,1,forest_clf,0.03763628645671793,91.2
2026-03-01,2,forest_clf,0.02121159822317308,83.3
2026-03-01,3,forest_clf,0.049001887838302685,67.1
2026-03-01,1,hgb_clf,0.06385884226151449,91.2
2026-03-01,2,hgb_clf,0.1987908707983472,83.3
2026-03-01,3,hgb_clf,0.07968448279115527,67.1
2026-03-02,1,logistic,0.10353039510478897,83.3
2026-03-02,2,logistic,0.07366004098075274,67.1
2026-03-02,3,logistic,0.07911493138201921,63.1
2026-03-02,1,forest_clf,0.07836740080242277,83.3
2026-03-02,2,forest_clf,0.05167895004307601,67.1
2026-03-02,3,forest_clf,0.08541055329623198,63.1
2026-03-02,1,hgb_clf,0.19714151986443357,83.3
2026-03-02,2,hgb_clf,0.16180970415962978,67.1
2026-03-02,3,hgb_clf,0.02877463043503703,63.1
2026-03-03,1,logistic,0.07926898468548667,67.1
2026-03-03,2,logistic,0.0645896198615199,63.1
2026-03-03,3,logistic,0.0706214982384986,76.6
2026-03-03,1,forest_clf,0.11807289510978862,67.1
2026-03-03,2,forest_clf,0.025534067147310196,63.1
2026-03-03,3,forest_clf,0.08019726370553885,76.6
2026-03-03,1,hgb_clf,0.0799874200470554,67.1
2026-03-03,2,hgb_clf,0.10516475008442314,63.1
2026-03-03,3,hgb_clf,0.03714399703748025,76.6
2026-03-04,1,logistic,0.04638317992969346,63.1
2026-03-04,2,logistic,0.04462482290518893,76.6
2026-03-04,3,logistic,0.05464977943874054,97.4
2026-03-04,1,forest_clf,0.028630851772580547,63.1
2026-03-04,2,forest_clf,0.026084820264809058,76.6
2026-03-04,3,forest_clf,0.04799311182270498,97.4
2026-03-04,1,hgb_clf,0.045402732669388025,63.1
2026-03-04,2,hgb_clf,0.09344822886547939,76.6
2026-03-04,3,hgb_clf,0.03314937179942753,97.4
2026-03-05,1,logistic,0.03682618918259411,76.6
2026-03-05,2,logistic,0.03932780422107261,97.4
2026-03-05,3,logistic,0.05140259606556493,96.8
2026-03-05,1,forest_clf,0.020593636367942328,76.6
2026-03-05,2,forest_clf,0.028825623644810398,97.4
2026-03-05,3,forest_clf,0.03475434913252008,96.8
2026-03-05,1,hgb_clf,0.04859217800113004,76.6
2026-03-05,2,hgb_clf,0.10602546305149604,97.4
2026-03-05,3,hgb_clf,0.02798210703204396,96.8
2026-03-06,1,logistic,0.04451968131134801,97.4
2026-03-06,2,logistic,0.043750067722554735,96.8
2026-03-06,3,logistic,0.05451494526279142,101.0
2026-03-06,1,forest_clf,0.02649945155002296,97.4
2026-03-06,2,forest_clf,0.006155907384991309,96.8
2026-03-06,3,forest_clf,0.03482620140697604,101.0
2026-03-06,1,hgb_clf,0.059231297995373175,97.4
2026-03-06,2,hgb_clf,0.11462239957234967,96.8
2026-03-06,3,hgb_clf,0.03372218984404629,101.0
2026-03-07,1,logistic,0.08378773459979477,96.8
2026-03-07,2,logistic,0.07855804797876957,101.0
2026-03-07,3,logistic,0.06525615955787016,100.0
2026-03-07,1,forest_clf,0.11031823631839338,96.8
2026-03-07,2,forest_clf,0.059450560293084855,101.0
2026-03-07,3,forest_clf,0.07666038336859649,100.0
2026-03-07,1,hgb_clf,0.14454463869529915,96.8
2026-03-07,2,hgb_clf,0.12952546365406511,101.0
2026-03-07,3,hgb_clf,0.05051205189689679,100.0
2026-03-08,1,logistic,0.08301329021668057,101.0
2026-03-08,2,logistic,0.08281996773500573,100.0
2026-03-08,3,logistic,0.06893908436703311,86.5
2026-03-08,1,forest_clf,0.16026986718588332,101.0
2026-03-08,2,forest_clf,0.04641080454418448,100.0
2026-03-08,3,forest_clf,0.052137343472529116,86.5
2026-03-08,1,hgb_clf,0.15990342721106754,101.0
2026-03-08,2,hgb_clf,0.12952546365406511,100.0
2026-03-08,3,hgb_clf,0.03326201092837471,86.5
2026-03-09,1,logistic,0.09999181112778116,100.0
2026-03-09,2,logistic,0.0664167227467876,86.5
2026-03-09,3,logistic,0.06697382763471528,77.5
2026-03-09,1,forest_clf,0.3186841394521059,100.0
2026-03-09,2,forest_clf,0.0842868733145023,86.5
2026-03-09,3,forest_clf,0.08186800992790282,77.5
2026-03-09,1,hgb_clf,0.2658734998615597,100.0
2026-03-09,2,hgb_clf,0.15209754285797356,86.5
2026-03-09,3,hgb_clf,0.050882539247468064,77.5
2026-03-10,1,logistic,0.08956138238329277,86.5
2026-03-10,2,logistic,0.06570838554137245,77.5
2026-03-10,3,logistic,0.06929629908026362,69.2
2026-03-10,1,forest_clf,0.24830431548135729,86.5
2026-03-10,2,forest_clf,0.07990490448886961,77.5
2026-03-10,3,forest_clf,0.06908086575400837,69.2
2026-03-10,1,hgb_clf,0.24969281261770082,86.5
2026-03-10,2,hgb_clf,0.15209754285797356,77.5
2026-03-10,3,hgb_clf,0.03610007978511501,69.2
2026-03-11,1,logistic,0.05684910065860312,77.5
2026-03-11,2,logistic,0.04708690374889493,69.2
2026-03-11,3,logistic,0.055489972075508764,66.7
2026-03-11,1,forest_clf,0.13999469584277746,77.5
2026-03-11,2,forest_clf,0.04876631367102512,69.2
2026-03-11,3,forest_clf,0.1104266156246742,66.7
2026-03-11,1,hgb_clf,0.055224565546117106,77.5
2026-03-11,2,hgb_clf,0.0913411632134698,69.2
2026-03-11,3,hgb_clf,0.04101446888095774,66.7
2026-03-12,1,logistic,0.040478605543977815,69.2
2026-03-12,2,logistic,0.03786370090061107,66.7
2026-03-12,3,logistic,0.04757729264830241,44.5
2026-03-12,1,forest_clf,0.05029236953272401,69.2
2026-03-12,2,forest_clf,0.05180381308072524,66.7
2026-03-12,3,forest_clf,0.08631570102675523,44.5
2026-03-12,1,hgb_clf,0.033716375957172744,69.2
2026-03-12,2,hgb_clf,0.08510207286502887,66.7
2026-03-12,3,hgb_clf,0.04952417761900668,44.5
2026-03-13,1,logistic,0.028315146446253457,66.7
2026-03-13,2,logistic,0.028862286300829338,44.5
2026-03-13,3,logistic,0.038881117780107215,39.7
2026-03-13,1,forest_clf,0.018914051403051843,66.7
2026-03-13,2,forest_clf,0.09089230467283153,44.5
2026-03-13,3,forest_clf,0.09767292872505573,39.7
2026-03-13,1,hgb_clf,0.034879349380474683,66.7
2026-03-13,2,hgb_clf,0.11775898394077977,44.5
2026-03-13,3,hgb_clf,0.023887936869724295,39.7
2026-03-14,1,logistic,0.03086775021173934,44.5
2026-03-14,2,logistic,0.033719507292068115,39.7
2026-03-14,3,logistic,0.03511044986766843,71.2
2026-03-14,1,forest_clf,0.011080644110837132,44.5
2026-03-14,2,forest_clf,0.06474696158208458,39.7
2026-03-14,3,forest_clf,0.05100130091013323,71.2
2026-03-14,1,hgb_clf,0.03411430402864249,44.5
2026-03-14,2,hgb_clf,0.14643446024214288,39.7
2026-03-14,3,hgb_clf,0.03145074392771217,71.2
2026-03-15,1,logistic,0.014800263647490788,39.7
2026-03-15,2,logistic,0.01947928125152061,71.2
2026-03-15,3,logistic,0.023986030005782956,80.0
2026-03-15,1,forest_clf,0.009743090105113846,39.7
2026-03-15,2,forest_clf,0.04236798264988602,71.2
2026-03-15,3,forest_clf,0.042162762248481214,80.0
2026-03-15,1,hgb_clf,0.020818974123543988,39.7
2026-03-15,2,hgb_clf,0.06504684182790715,71.2
2026-03-15,3,hgb_clf,0.03815331355447031,80.0
2026-03-16,1,logistic,0.013329698656999827,71.2
2026-03-16,2,logistic,0.011865135275957051,80.0
2026-03-16,3,logistic,0.0191383221027152,50.3
2026-03-16,1,forest_clf,0.007042812474926021,71.2
2026-03-16,2,forest_clf,0.07981824452492453,80.0
2026-03-16,3,forest_clf,0.0725028006812631,50.3
2026-03-16,1,hgb_clf,0.01981892375288815,71.2
2026-03-16,2,hgb_clf,0.03918413487010828,80.0
2026-03-16,3,hgb_clf,0.054086173293882246,50.3
2026-03-17,1,logistic,0.030077739657745656,80.0
2026-03-17,2,logistic,0.025733591297488426,50.3
2026-03-17,3,logistic,0.03296583225781552,42.8
2026-03-17,1,forest_clf,0.060794711006909544,80.0
2026-03-17,2,forest_clf,0.0221497316719282,50.3
2026-03-17,3,forest_clf,0.015339164418834053,42.8
2026-03-17,1,hgb_clf,0.02511131179621405,80.0
2026-03-17,2,hgb_clf,0.07979766132127807,50.3
2026-03-17,3,hgb_clf,0.03540008357741272,42.8
2026-03-18,1,logistic,0.037907453720781505,50.3
2026-03-18,2,logistic,0.03244791086642581,42.8
2026-03-18,3,logistic,0.03909641877269419,52.9
2026-03-18,1,forest_clf,0.031869670874609846,50.3
2026-03-18,2,forest_clf,0.011683999630572806,42.8
2026-03-18,3,forest_clf,0.016023615708572806,52.9
2026-03-18,1,hgb_clf,0.03216259454284122,50.3
2026-03-18,2,hgb_clf,0.037569986840904145,42.8
2026-03-18,3,hgb_clf,0.03069461819290683,52.9
2026-03-19,1,logistic,0.017015691395255442,42.8
2026-03-19,2,logistic,0.01783675271725886,52.9
2026-03-19,3,logistic,0.0260928044465418,58.3
2026-03-19,1,forest_clf,0.0063365303095828055,42.8
2026-03-19,2,forest_clf,0.013042620694566718,52.9
2026-03-19,3,forest_clf,0.017584030114261833,58.3
2026-03-19,1,hgb_clf,0.018258653119946826,42.8
2026-03-19,2,hgb_clf,0.03224837985362337,52.9
2026-03-19,3,hgb_clf,0.03288509337915453,58.3
2026-03-20,1,logistic,0.012232851808672713,52.9
2026-03-20,2,logistic,0.01586914149945024,58.3
2026-03-20,3,logistic,0.024988715948320084,49.6
2026-03-20,1,forest_clf,0.00902712849299319,52.9
2026-03-20,2,forest_clf,0.01812265672550675,58.3
2026-03-20,3,forest_clf,0.008820763722236677,49.6
2026-03-20,1,hgb_clf,0.016684258186570378,52.9
2026-03-20,2,hgb_clf,0.02764793710838017,58.3
2026-03-20,3,hgb_clf,0.058707899747860615,49.6
2026-03-21,1,logistic,0.0201810952365622,58.3
2026-03-21,2,logistic,0.026718968917916176,49.6
2026-03-21,3,logistic,0.031750621975491486,64.7
2026-03-21,1,forest_clf,0.009409625091167695,58.3
2026-03-21,2,forest_clf,0.007444274346476623,49.6
2026-03-21,3,forest_clf,0.012834556221569704,64.7
2026-03-21,1,hgb_clf,0.015563652474447945,58.3
2026-03-21,2,hgb_clf,0.047471441694158234,49.6
2026-03-21,3,hgb_clf,0.018657199390455875,64.7
2026-03-22,1,logistic,0.023602945525073277,49.6
2026-03-22,2,logistic,0.03127314859596759,64.7
2026-03-22,3,logistic,0.03620064516835843,79.3
2026-03-22,1,forest_clf,0.008716894883832503,49.6
2026-03-22,2,forest_clf,0.0,64.7
2026-03-22,3,forest_clf,0.002602663706992231,79.3
2026-03-22,1,hgb_clf,0.016270365292953594,49.6
2026-03-22,2,hgb_clf,0.032977440379721536,64.7
2026-03-22,3,hgb_clf,0.029543784921031078,79.3
2026-03-23,1,logistic,0.020707331342125306,64.7
2026-03-23,2,logistic,0.01852884635490124,79.3
2026-03-23,3,logistic,0.028945602193989464,58.7
2026-03-23,1,forest_clf,0.005903084649954354,64.7
2026-03-23,2,forest_clf,0.005717157999128297,79.3
2026-03-23,3,forest_clf,0.00854194303669924,58.7
2026-03-23,1,hgb_clf,0.015621890316201792,64.7
2026-03-23,2,hgb_clf,0.024743418378759856,79.3
2026-03-23,3,hgb_clf,0.02515283632730738,58.7
2026-03-24,1,logistic,0.029456392132923524,79.3
2026-03-24,2,logistic,0.02879294297990857,58.7
2026-03-24,3,logistic,0.03827061763361185,46.7
2026-03-24,1,forest_clf,0.019951099219184393,79.3
2026-03-24,2,forest_clf,0.002282051282051282,58.7
2026-03-24,3,forest_clf,0.0018706429124709526,46.7
2026-03-24,1,hgb_clf,0.027788042759984574,79.3
2026-03-24,2,hgb_clf,0.05373543667550053,58.7
2026-03-24,3,hgb_clf,0.0173118496055091,46.7
2026-03-25,1,logistic,0.041185984531596456,58.7
2026-03-25,2,logistic,0.041799639273480745,46.7
2026-03-25,3,logistic,0.04986461991614086,66.9
2026-03-25,1,forest_clf,0.02501775595188127,58.7
2026-03-25,2,forest_clf,0.007209751632777758,46.7
2026-03-25,3,forest_clf,0.00983985035207243,66.9
2026-03-25,1,hgb_clf,0.02963201559783219,58.7
2026-03-25,2,hgb_clf,0.08142693065778003,46.7
2026-03-25,3,hgb_clf,0.012890382779056929,66.9
2026-03-26,1,logistic,0.02429346688775786,46.7
2026-03-26,2,logistic,0.02845526509227072,66.9
2026-03-26,3,logistic,0.04022708552385432,73.3
2026-03-26,1,forest_clf,0.0065251556251150235,46.7
2026-03-26,2,forest_clf,0.0,66.9
2026-03-26,3,forest_clf,0.011734251904369284,73.3
2026-03-26,1,hgb_clf,0.02546991260864766,46.7
2026-03-26,2,hgb_clf,0.06104206172277675,66.9
2026-03-26,3,hgb_clf,0.014038545817098378,73.3
2026-03-27,1,logistic,0.015783132223420433,66.9
2026-03-27,2,logistic,0.0225182850635194,73.3
2026-03-27,3,logistic,0.03482624178929618,54.8
2026-03-27,1,forest_clf,0.005705079916895911,66.9
2026-03-27,2,forest_clf,0.008162087321506221,73.3
2026-03-27,3,forest_clf,0.022637929286094635,54.8
2026-03-27,1,hgb_clf,0.020270167463686806,66.9
2026-03-27,2,hgb_clf,0.056928075402920976,73.3
2026-03-27,3,hgb_clf,0.021981732172889318,54.8
2026-03-28,1,logistic,0.03300754262097857,73.3
2026-03-28,2,logistic,0.047116166694198346,54.8
2026-03-28,3,logistic,0.050279231884405785,49.0
2026-03-28,1,forest_clf,0.029671083336869835,73.3
2026-03-28,2,forest_clf,0.0016662771675625145,54.8
2026-03-28,3,forest_clf,0.008396839931662212,49.0
2026-03-28,1,hgb_clf,0.03469154170454076,73.3
2026-03-28,2,hgb_clf,0.08126733955164499,54.8
2026-03-28,3,hgb_clf,0.022589036701284388,49.0
2026-03-29,1,logistic,0.03970646383573582,54.8
2026-03-29,2,logistic,0.05761003894943326,49.0
2026-03-29,3,logistic,0.05817570900945147,42.0
2026-03-29,1,forest_clf,0.017991001095213066,54.8
2026-03-29,2,forest_clf,0.0021620398310199154,49.0
2026-03-29,3,forest_clf,0.006698430913408671,42.0
2026-03-29,1,hgb_clf,0.04156381694889847,54.8
2026-03-29,2,hgb_clf,0.08941707009195493,49.0
2026-03-29,3,hgb_clf,0.014400353692874276,42.0
2026-03-30,1,logistic,0.02723816027019582,49.0
2026-03-30,2,logistic,0.027603549383406693,42.0
2026-03-30,3,logistic,0.040137863427592395,71.5
2026-03-30,1,forest_clf,0.0062985411408941795,49.0
2026-03-30,2,forest_clf,0.0008030218242865136,42.0
2026-03-30,3,forest_clf,0.039353045041947435,71.5
2026-03-30,1,hgb_clf,0.02886377976864465,49.0
2026-03-30,2,hgb_clf,0.0443532883443963,42.0
2026-03-30,3,hgb_clf,0.03245391179975951,71.5
2026-03-31,1,logistic,0.021435077495518273,42.0
2026-03-31,2,logistic,0.02613514480842626,71.5
2026-03-31,3,logistic,0.038811125369593885,81.3
2026-03-31,1,forest_clf,0.006776961707172446,42.0
2026-03-31,2,forest_clf,0.0035126026626098672,71.5
2026-03-31,3,forest_clf,0.0358083951596625,81.3
2026-03-31,1,hgb_clf,0.023367309450184833,42.0
2026-03-31,2,hgb_clf,0.053991289679336626,71.5
2026-03-31,3,hgb_clf,0.03309548496980348,81.3
2026-04-01,1,logistic,0.017582913962962476,71.5
2026-04-01,2,logistic,0.025339927580852913,81.3
2026-04-01,3,logistic,0.03945612572007936,48.7
2026-04-01,1,forest_clf,0.007643631464621226,71.5
2026-04-01,2,forest_clf,0.0153770941191235,81.3
2026-04-01,3,forest_clf,0.025386044403508744,48.7
2026-04-01,1,hgb_clf,0.022208210643613988,71.5
2026-04-01,2,hgb_clf,0.05328063573239147,81.3
2026-04-01,3,hgb_clf,0.0074706516681548865,48.7
2026-04-02,1,logistic,0.03763808662641431,81.3
2026-04-02,2,logistic,0.04999245531289464,48.7
2026-04-02,3,logistic,0.06423683986947203,44.3
2026-04-02,1,forest_clf,0.054155830807091944,81.3
2026-04-02,2,forest_clf,0.006033705260553389,48.7
2026-04-02,3,forest_clf,0.025572418223502806,44.3
2026-04-02,1,hgb_clf,0.034905999592806734,81.3
2026-04-02,2,hgb_clf,0.049007988033019444,48.7
2026-04-02,3,hgb_clf,0.02173939450739802,44.3
2026-04-03,1,logistic,0.04905536361381814,48.7
2026-04-03,2,logistic,0.06530592568163524,44.3
2026-04-03,3,logistic,0.08060689188518876,37.0
2026-04-03,1,forest_clf,0.037175530463131955,48.7
2026-04-03,2,forest_clf,0.012755260892162995,44.3
2026-04-03,3,forest_clf,0.05193199458990985,37.0
2026-04-03,1,hgb_clf,0.03297424800335576,48.7
2026-04-03,2,hgb_clf,0.057035446355985085,44.3
2026-04-03,3,hgb_clf,0.020017988154939277,37.0
2026-04-04,1,logistic,0.02566588327413645,44.3
2026-04-04,2,logistic,0.04328690317997144,37.0
2026-04-04,3,logistic,0.049499699405143226,39.8
2026-04-04,1,forest_clf,0.008072545857225187,44.3
2026-04-04,2,forest_clf,0.007673548367027766,37.0
2026-04-04,3,forest_clf,0.061684818387617434,39.8
2026-04-04,1,hgb_clf,0.027122385140950576,44.3
2026-04-04,2,hgb_clf,0.05430191944109889,37.0
2026-04-04,3,hgb_clf,0.027300226317450986,39.8
2026-04-05,1,logistic,0.020465198240886925,37.0
2026-04-05,2,logistic,0.041915585949167174,39.8
2026-04-05,3,logistic,0.04903391950203794,29.9
2026-04-05,1,forest_clf,0.014093255175221213,37.0
2026-04-05,2,forest_clf,0.013844787197553703,39.8
2026-04-05,3,forest_clf,0.010452669520200138,29.9
2026-04-05,1,hgb_clf,0.026526088300340603,37.0
2026-04-05,2,hgb_clf,0.06850180705976723,39.8
2026-04-05,3,hgb_clf,0.02742652069713986,29.9
2026-04-06,1,logistic,0.01603431846460631,39.8
2026-04-06,2,logistic,0.024820853781210624,29.9
2026-04-06,3,logistic,0.04030660425411086,39.2
2026-04-06,1,forest_clf,0.028042653033592685,39.8
2026-04-06,2,forest_clf,0.004771388911241652,29.9
2026-04-06,3,forest_clf,0.0,39.2
2026-04-06,1,hgb_clf,0.032645893461380776,39.8
2026-04-06,2,hgb_clf,0.020322960069836943,29.9
2026-04-06,3,hgb_clf,0.006224299482548252,39.2
2026-04-07,1,logistic,0.018003777772928036,29.9
2026-04-07,2,logistic,0.028041795766780158,39.2
2026-04-07,3,logistic,0.04464380623685005,46.0
2026-04-07,1,forest_clf,0.007939302505482936,29.9
2026-04-07,2,forest_clf,0.0,39.2
2026-04-07,3,forest_clf,0.0,46.0
2026-04-07,1,hgb_clf,0.032574354461022206,29.9
2026-04-07,2,hgb_clf,0.017099977251773413,39.2
2026-04-07,3,hgb_clf,0.006033230184708671,46.0
2026-04-08,1,logistic,0.012748013632875066,39.2
2026-04-08,2,logistic,0.02287050765833039,46.0
2026-04-08,3,logistic,0.04015121572183793,40.5
2026-04-08,1,forest_clf,0.007939302505482936,39.2
2026-04-08,2,forest_clf,0.0,46.0
2026-04-08,3,forest_clf,0.0,40.5
2026-04-08,1,hgb_clf,0.030486666979836097,39.2
2026-04-08,2,hgb_clf,0.01561995201933461,46.0
2026-04-08,3,hgb_clf,0.003769540940595838,40.5
2026-04-09,1,logistic,0.01635003446415349,46.0
2026-04-09,2,logistic,0.030557479815300194,40.5
2026-04-09,3,logistic,0.04746257190660601,49.8
2026-04-09,1,forest_clf,0.004309514653916582,46.0
2026-04-09,2,forest_clf,0.0,40.5
2026-04-09,3,forest_clf,0.0029711751662971175,49.8
2026-04-09,1,hgb_clf,0.038339794030865855,46.0
2026-04-09,2,hgb_clf,0.01740416515918993,40.5
2026-04-09,3,hgb_clf,0.0019236302096755924,49.8
2026-04-10,1,logistic,0.018065433806890442,40.5
2026-04-10,2,logistic,0.03799326336312384,49.8
2026-04-10,3,logistic,0.054579885213080166,50.0
2026-04-10,1,forest_clf,0.004309514653916582,40.5
2026-04-10,2,forest_clf,0.0027951723177424503,49.8
2026-04-10,3,forest_clf,0.0064397066348285854,50.0
2026-04-10,1,hgb_clf,0.020078533759934396,40.5
2026-04-10,2,hgb_clf,0.008207691061508595,49.8
2026-04-10,3,hgb_clf,0.0028984125595557927,50.0
2026-04-11,1,logistic,0.021303744512373556,49.8
2026-04-11,2,logistic,0.04429832603988404,50.0
2026-04-11,3,logistic,0.05525721382184353,50.8
2026-04-11,1,forest_clf,0.004309514653916582,49.8
2026-04-11,2,forest_clf,0.0,50.0
2026-04-11,3,forest_clf,0.0,50.8
2026-04-11,1,hgb_clf,0.020668449906561092,49.8
2026-04-11,2,hgb_clf,0.008331906818645384,50.0
2026-04-11,3,hgb_clf,0.004815705632009141,50.8
2026-04-12,1,logistic,0.026992991644453235,50.0
2026-04-12,2,logistic,0.06124856515819955,50.8
2026-04-12,3,logistic,0.0719788693118516,70.9
2026-04-12,1,forest_clf,0.0017676289635589215,50.0
2026-04-12,2,forest_clf,0.0,50.8
2026-04-12,3,forest_clf,0.0,70.9
2026-04-12,1,hgb_clf,0.020668449906561092,50.0
2026-04-12,2,hgb_clf,0.019383848733242552,50.8
2026-04-12,3,hgb_clf,0.005506660558700683,70.9
2026-04-13,1,logistic,0.03197987381748063,50.8
2026-04-13,2,logistic,0.04503847498591354,70.9
2026-04-13,3,logistic,0.06220109240965045,87.9
2026-04-13,1,forest_clf,0.0017676289635589215,50.8
2026-04-13,2,forest_clf,0.0,70.9
2026-04-13,3,forest_clf,0.0014283018867924527,87.9
2026-04-13,1,hgb_clf,0.020668449906561092,50.8
2026-04-13,2,hgb_clf,0.0030129211541049757,70.9
2026-04-13,3,hgb_clf,0.014248527120979074,87.9
2026-04-14,1,logistic,0.03463588415797068,70.9
2026-04-14,2,logistic,0.05042647474472385,87.9
2026-04-14,3,logistic,0.06886327434649009,82.7
2026-04-14,1,forest_clf,0.0017676289635589215,70.9
2026-04-14,2,forest_clf,0.0015115084258117547,87.9
2026-04-14,3,forest_clf,0.0014283018867924527,82.7
2026-04-14,1,hgb_clf,0.020668449906561092,70.9
2026-04-14,2,hgb_clf,0.004742261081844533,87.9
2026-04-14,3,hgb_clf,0.03814753144616651,82.7
2026-04-15,1,logistic,0.05512968146579786,87.9
2026-04-15,2,logistic,0.08685609636846568,82.7
2026-04-15,3,logistic,0.10553188657499077,63.0
2026-04-15,1,forest_clf,0.003363529402797575,87.9
2026-04-15,2,forest_clf,0.01633130252683558,82.7
2026-04-15,3,forest_clf,0.007453735135262224,63.0
2026-04-15,1,hgb_clf,0.048678580148106346,87.9
2026-04-15,2,hgb_clf,0.043911726493358054,82.7
2026-04-15,3,hgb_clf,0.03600456121428175,63.0
2026-04-16,1,logistic,0.08564256076273417,82.7
2026-04-16,2,logistic,0.13479772875760682,63.0
2026-04-16,3,logistic,0.14639630696703876,108.0
2026-04-16,1,forest_clf,0.02120777838092246,82.7
2026-04-16,2,forest_clf,0.040538281551930316,63.0
2026-04-16,3,forest_clf,0.07478562688501332,108.0
2026-04-16,1,hgb_clf,0.07473622186181099,82.7
2026-04-16,2,hgb_clf,0.01175087346843165,63.0
2026-04-16,3,hgb_clf,0.09283256027344279,108.0
2026-04-17,1,logistic,0.08432483866231656,63.0
2026-04-17,2,logistic,0.13391809359804244,108.0
2026-04-17,3,logistic,0.1494295748133357,58.8
2026-04-17,1,forest_clf,0.08890446979764734,63.0
2026-04-17,2,forest_clf,0.034223369307516266,108.0
2026-04-17,3,forest_clf,0.04826973058033241,58.8
2026-04-17,1,hgb_clf,0.08447110469014892,63.0
2026-04-17,2,hgb_clf,0.03655666386615235,108.0
2026-04-17,3,hgb_clf,0.227447312439004,58.8
2026-04-18,1,logistic,0.05476133725621061,108.0
2026-04-18,2,logistic,0.10403978602973572,58.8
2026-04-18,3,logistic,0.11022972552049123,62.6
2026-04-18,1,forest_clf,0.013231964125230769,108.0
2026-04-18,2,forest_clf,0.02327605943327692,58.8
2026-04-18,3,forest_clf,0.05363855736727217,62.6
2026-04-18,1,hgb_clf,0.05757717878915512,108.0
2026-04-18,2,hgb_clf,0.04092655470683838,58.8
2026-04-18,3,hgb_clf,0.12388133358078803,62.6
2026-04-19,1,logistic,0.1495190982016507,58.8
2026-04-19,2,logistic,0.2531598088062168,62.6
2026-04-19,3,logistic,0.20979029277732586,78.2
2026-04-19,1,forest_clf,0.32804719999824106,58.8
2026-04-19,2,forest_clf,0.3173131137881576,62.6
2026-04-19,3,forest_clf,0.3167417984459767,78.2
2026-04-19,1,hgb_clf,0.35347444613230383,58.8
2026-04-19,2,hgb_clf,0.5008329928576267,62.6
2026-04-19,3,hgb_clf,0.3680455214873851,78.2
2026-04-20,1,logistic,0.04780039215886996,62.6
2026-04-20,2,logistic,0.06493764160939712,78.2
2026-04-20,3,logistic,0.08413965289852525,59.7
2026-04-20,1,forest_clf,0.11952348205439754,62.6
2026-04-20,2,forest_clf,0.044587818169877814,78.2
2026-04-20,3,forest_clf,0.1246413774715132,59.7
2026-04-20,1,hgb_clf,0.0939998567378646,62.6
2026-04-20,2,hgb_clf,0.08141233144019926,78.2
2026-04-20,3,hgb_clf,0.16737703843173599,59.7
2026-04-21,1,logistic,0.0522246043569791,78.2
2026-04-21,2,logistic,0.07519714946679742,59.7
2026-04-21,3,logistic,0.09044477961166525,91.9
2026-04-21,1,forest_clf,0.025360408492232277,78.2
2026-04-21,2,forest_clf,0.07612581015050095,59.7
2026-04-21,3,forest_clf,0.20759451361985173,91.9
2026-04-21,1,hgb_clf,0.07514922372886718,78.2
2026-04-21,2,hgb_clf,0.07834884213705338,59.7
2026-04-21,3,hgb_clf,0.1932714150441041,91.9
2026-04-22,1,logistic,0.07603769029479464,59.7
2026-04-22,2,logistic,0.11540143956973052,91.9
2026-04-22,3,logistic,0.13098391695208209,79.6
2026-04-22,1,forest_clf,0.026393427173766505,59.7
2026-04-22,2,forest_clf,0.15604102105045972,91.9
2026-04-22,3,forest_clf,0.10849786492278414,79.6
2026-04-22,1,hgb_clf,0.061879786526422155,59.7
2026-04-22,2,hgb_clf,0.14088125046575056,91.9
2026-04-22,3,hgb_clf,0.1581314535440042,79.6
2026-04-23,1,logistic,0.0507961458928052,91.9
2026-04-23,2,logistic,0.080988094051834,79.6
2026-04-23,3,logistic,0.09918137631762178,84.7
2026-04-23,1,forest_clf,0.014232118647167948,91.9
2026-04-23,2,forest_clf,0.07626139407065277,79.6
2026-04-23,3,forest_clf,0.08823983741426149,84.7
2026-04-23,1,hgb_clf,0.06316503200790527,91.9
2026-04-23,2,hgb_clf,0.053899660350880535,79.6
2026-04-23,3,hgb_clf,0.1202820878745174,84.7
2026-04-24,1,logistic,0.1056011975660146,79.6
2026-04-24,2,logistic,0.15962907467223414,84.7
2026-04-24,3,logistic,0.15939617953904886,75.4
2026-04-24,1,forest_clf,0.13288347980231374,79.6
2026-04-24,2,forest_clf,0.20837911165931366,84.7
2026-04-24,3,forest_clf,0.28682837161016395,75.4
2026-04-24,1,hgb_clf,0.24541157151594614,79.6
2026-04-24,2,hgb_clf,0.1492123480457514,84.7
2026-04-24,3,hgb_clf,0.2380605580996974,75.4
2026-04-25,1,logistic,0.09243992760983703,84.7
2026-04-25,2,logistic,0.1526613619574719,75.4
2026-04-25,3,logistic,0.1434427333424657,59.6
2026-04-25,1,forest_clf,0.21542589971367904,84.7
2026-04-25,2,forest_clf,0.14449342746805224,75.4
2026-04-25,3,forest_clf,0.193870258854505,59.6
2026-04-25,1,hgb_clf,0.13796152685644789,84.7
2026-04-25,2,hgb_clf,0.05731850938996126,75.4
2026-04-25,3,hgb_clf,0.16842028579988103,59.6
2026-04-26,1,logistic,0.11819995203699216,75.4
2026-04-26,2,logistic,0.18750728344532633,59.6
2026-04-26,3,logistic,0.15484263777244953,
2026-04-26,1,forest_clf,0.06807586094539228,75.4
2026-04-26,2,forest_clf,0.13753490816390732,59.6
2026-04-26,3,forest_clf,0.3073570378513414,
2026-04-26,1,hgb_clf,0.10269795815278937,75.4
2026-04-26,2,hgb_clf,0.15763987697523124,59.6
2026-04-26,3,hgb_clf,0.24127985353750808,
2026-04-27,1,logistic,0.09896574796801953,59.6
2026-04-27,2,logistic,0.11016922399815389,
2026-04-27,3,logistic,0.12008960835500428,
2026-04-27,1,forest_clf,0.028144127504285698,59.6
2026-04-27,2,forest_clf,0.10584066902105095,
2026-04-27,3,forest_clf,0.13215976848632727,
2026-04-27,1,hgb_clf,0.07201946667233995,59.6
2026-04-27,2,hgb_clf,0.0930506529792175,
2026-04-27,3,hgb_clf,0.13621228296430624,
2026-04-28,1,logistic,,
2026-04-28,2,logistic,,
2026-04-28,3,logistic,,
2026-04-28,1,forest_clf,,
2026-04-28,2,forest_clf,,
2026-04-28,3,forest_clf,,
2026-04-28,1,hgb_clf,,
2026-04-28,2,hgb_clf,,
2026-04-28,3,hgb_clf,,
2026-04-29,1,logistic,,
2026-04-29,2,logistic,,
2026-04-29,3,logistic,,
2026-04-29,1,forest_clf,,
2026-04-29,2,forest_clf,,
2026-04-29,3,forest_clf,,
2026-04-29,1,hgb_clf,,
2026-04-29,2,hgb_clf,,
2026-04-29,3,hgb_clf,,
2026-04-30,1,logistic,,
2026-04-30,2,logistic,,
2026-04-30,3,logistic,,
2026-04-30,1,forest_clf,,
2026-04-30,2,forest_clf,,
2026-04-30,3,forest_clf,,
2026-04-30,1,hgb_clf,,
2026-04-30,2,hgb_clf,,
2026-04-30,3,hgb_clf,,
2026-05-01,1,logistic,,
2026-05-01,2,logistic,,
2026-05-01,3,logistic,,
2026-05-01,1,forest_clf,,
2026-05-01,2,forest_clf,,
2026-05-01,3,forest_clf,,
2026-05-01,1,hgb_clf,,
2026-05-01,2,hgb_clf,,
2026-05-01,3,hgb_clf,,
2026-05-02,1,logistic,,
2026-05-02,2,logistic,,
2026-05-02,3,logistic,,33.8
2026-05-02,1,forest_clf,,
2026-05-02,2,forest_clf,,
2026-05-02,3,forest_clf,,33.8
2026-05-02,1,hgb_clf,0.21652344404795615,
2026-05-02,2,hgb_clf,0.3609339588272087,
2026-05-02,3,hgb_clf,0.4822947435659439,33.8
2026-05-03,1,logistic,,
2026-05-03,2,logistic,,33.8
2026-05-03,3,logistic,,52.5
2026-05-03,1,forest_clf,,
2026-05-03,2,forest_clf,,33.8
2026-05-03,3,forest_clf,,52.5
2026-05-03,1,hgb_clf,0.29412902190752066,
2026-05-03,2,hgb_clf,0.38108664794011743,33.8
2026-05-03,3,hgb_clf,0.522019598620714,52.5
2026-05-04,1,logistic,,33.8
2026-05-04,2,logistic,,52.5
2026-05-04,3,logistic,,34.0
2026-05-04,1,forest_clf,,33.8
2026-05-04,2,forest_clf,,52.5
2026-05-04,3,forest_clf,,34.0
2026-05-04,1,hgb_clf,0.26713184718116323,33.8
2026-05-04,2,hgb_clf,0.34809958374856514,52.5
2026-05-04,3,hgb_clf,0.27871258140325633,34.0
2026-05-05,1,logistic,,52.5
2026-05-05,2,logistic,,34.0
2026-05-05,3,logistic,,36.5
2026-05-05,1,forest_clf,,52.5
2026-05-05,2,forest_clf,,34.0
2026-05-05,3,forest_clf,,36.5
2026-05-05,1,hgb_clf,0.08577078832263066,52.5
2026-05-05,2,hgb_clf,0.1964601429513297,34.0
2026-05-05,3,hgb_clf,0.09698338406925912,36.5
2026-05-06,1,logistic,,34.0
2026-05-06,2,logistic,,36.5
2026-05-06,3,logistic,,48.0
2026-05-06,1,forest_clf,,34.0
2026-05-06,2,forest_clf,,36.5
2026-05-06,3,forest_clf,,48.0
2026-05-06,1,hgb_clf,0.06289757826308881,34.0
2026-05-06,2,hgb_clf,0.11201802779445115,36.5
2026-05-06,3,hgb_clf,0.21797512292712345,48.0
2026-05-07,1,logistic,,36.5
2026-05-07,2,logistic,,48.0
2026-05-07,3,logistic,,51.3
2026-05-07,1,forest_clf,,36.5
2026-05-07,2,forest_clf,,48.0
2026-05-07,3,forest_clf,,51.3
2026-05-07,1,hgb_clf,0.02692341053739331,36.5
2026-05-07,2,hgb_clf,0.07606753725982862,48.0
2026-05-07,3,hgb_clf,0.01852601370935194,51.3
2026-05-08,1,logistic,,48.0
2026-05-08,2,logistic,,51.3
2026-05-08,3,logistic,,59.8
2026-05-08,1,forest_clf,,48.0
2026-05-08,2,forest_clf,,51.3
2026-05-08,3,forest_clf,,59.8
2026-05-08,1,hgb_clf,0.026397497286433154,48.0
2026-05-08,2,hgb_clf,0.02150724139096538,51.3
2026-05-08,3,hgb_clf,0.027005258347435442,59.8
2026-05-09,1,logistic,,51.3
2026-05-09,2,logistic,,59.8
2026-05-09,3,logistic,,62.0
2026-05-09,1,forest_clf,,51.3
2026-05-09,2,forest_clf,,59.8
2026-05-09,3,forest_clf,,62.0
2026-05-09,1,hgb_clf,0.02692341053739331,51.3
2026-05-09,2,hgb_clf,0.016910361977792176,59.8
2026-05-09,3,hgb_clf,0.06546257049425198,62.0
2026-05-10,1,logistic,,59.8
2026-05-10,2,logistic,,62.0
2026-05-10,3,logistic,,57.3
2026-05-10,1,forest_clf,,59.8
2026-05-10,2,forest_clf,,62.0
2026-05-10,3,forest_clf,,57.3
2026-05-10,1,hgb_clf,0.02692341053739331,59.8
2026-05-10,2,hgb_clf,0.02789797722347939,62.0
2026-05-10,3,hgb_clf,0.04354675607057546,57.3
2026-05-11,1,logistic,,62.0
2026-05-11,2,logistic,,57.3
2026-05-11,3,logistic,,46.1
2026-05-11,1,forest_clf,,62.0
2026-05-11,2,forest_clf,,57.3
2026-05-11,3,forest_clf,,46.1
2026-05-11,1,hgb_clf,0.020362597793117804,62.0
2026-05-11,2,hgb_clf,0.006487046136433985,57.3
2026-05-11,3,hgb_clf,0.006003557962761559,46.1
2026-05-12,1,logistic,0.05040830300075322,57.3
2026-05-12,2,logistic,0.051517733886181964,46.1
2026-05-12,3,logistic,0.05962150784163345,46.5
2026-05-12,1,forest_clf,0.06668651301568308,57.3
2026-05-12,2,forest_clf,0.06359802831491057,46.1
2026-05-12,3,forest_clf,0.019028293058861855,46.5
2026-05-12,1,hgb_clf,0.030891013757943262,57.3
2026-05-12,2,hgb_clf,0.004490042735403539,46.1
2026-05-12,3,hgb_clf,0.00523623313301574,46.5
2026-05-13,1,logistic,0.042829972555325266,46.1
2026-05-13,2,logistic,0.047704217457774006,46.5
2026-05-13,3,logistic,0.0555752429390899,64.2
2026-05-13,1,forest_clf,0.04281617274568611,46.1
2026-05-13,2,forest_clf,0.0418668010240696,46.5
2026-05-13,3,forest_clf,0.031181984634048372,64.2
2026-05-13,1,hgb_clf,0.027469330298007643,46.1
2026-05-13,2,hgb_clf,0.006722720502631596,46.5
2026-05-13,3,hgb_clf,0.012669265718023483,64.2
2026-05-14,1,logistic,0.026128156833375778,46.5
2026-05-14,2,logistic,0.035069975647129006,64.2
2026-05-14,3,logistic,0.04596190298348796,62.4
2026-05-14,1,forest_clf,0.07601928991250477,46.5
2026-05-14,2,forest_clf,0.042027826008088034,64.2
2026-05-14,3,forest_clf,0.023171901193949403,62.4
2026-05-14,1,hgb_clf,0.020614433190158463,46.5
2026-05-14,2,hgb_clf,0.006555326672139885,64.2
2026-05-14,3,hgb_clf,0.029233405566916015,62.4
2026-05-15,1,logistic,0.024273704664184784,64.2
2026-05-15,2,logistic,0.03561974027781688,62.4
2026-05-15,3,logistic,0.04655534963264339,57.2
2026-05-15,1,forest_clf,0.0818168272107854,64.2
2026-05-15,2,forest_clf,0.042027826008088034,62.4
2026-05-15,3,forest_clf,0.01987635349989956,57.2
2026-05-15,1,hgb_clf,0.020362597793117804,64.2
2026-05-15,2,hgb_clf,0.0042924607857135946,62.4
2026-05-15,3,hgb_clf,0.0371458200211439,57.2
2026-05-16,1,logistic,0.04548951553414151,62.4
2026-05-16,2,logistic,0.06421711949305971,57.2
2026-05-16,3,logistic,0.05893708246752198,55.5
2026-05-16,1,forest_clf,0.1052496118257482,62.4
2026-05-16,2,forest_clf,0.06361916549110488,57.2
2026-05-16,3,forest_clf,0.01663439879191386,55.5
2026-05-16,1,hgb_clf,0.029772031220689728,62.4
2026-05-16,2,hgb_clf,0.004839382307351962,57.2
2026-05-16,3,hgb_clf,0.00955134986904903,55.5
2026-05-17,1,logistic,0.04145430669202706,57.2
2026-05-17,2,logistic,0.06185516445316811,55.5
2026-05-17,3,logistic,0.05725674404841191,41.6
2026-05-17,1,forest_clf,0.10194990166134145,57.2
2026-05-17,2,forest_clf,0.05031117180831215,55.5
2026-05-17,3,forest_clf,0.023762947106692675,41.6
2026-05-17,1,hgb_clf,0.029289961437227955,57.2
2026-05-17,2,hgb_clf,0.0031805547254425176,55.5
2026-05-17,3,hgb_clf,0.01239611022903766,41.6
2026-05-18,1,logistic,0.04480854418136339,55.5
2026-05-18,2,logistic,0.039745433774532136,41.6
2026-05-18,3,logistic,0.042394849124198365,51.8
2026-05-18,1,forest_clf,0.07251268025103103,55.5
2026-05-18,2,forest_clf,0.04412506781306302,41.6
2026-05-18,3,forest_clf,0.026890483014544855,51.8
2026-05-18,1,hgb_clf,0.027469330298007643,55.5
2026-05-18,2,hgb_clf,0.0032348672904551107,41.6
2026-05-18,3,hgb_clf,0.019366217776247214,51.8
2026-05-19,1,logistic,0.03668130139556396,41.6
2026-05-19,2,logistic,0.03727394334262511,51.8
2026-05-19,3,logistic,0.040760964574153714,74.1
2026-05-19,1,forest_clf,0.0773223653322566,41.6
2026-05-19,2,forest_clf,0.04198725557456084,51.8
2026-05-19,3,forest_clf,0.02471173079617141,74.1
2026-05-19,1,hgb_clf,0.020902116909550614,41.6
2026-05-19,2,hgb_clf,0.010525265654668223,51.8
2026-05-19,3,hgb_clf,0.019982486890139955,74.1
2026-05-20,1,logistic,0.020402960761829427,51.8
2026-05-20,2,logistic,0.02429237055057718,74.1
2026-05-20,3,logistic,0.03024109410971008,59.2
2026-05-20,1,forest_clf,0.04845386887805637,51.8
2026-05-20,2,forest_clf,0.03265028195534946,74.1
2026-05-20,3,forest_clf,0.011643749198050139,59.2
2026-05-20,1,hgb_clf,0.020362597793117804,51.8
2026-05-20,2,hgb_clf,0.007442673974757091,74.1
2026-05-20,3,hgb_clf,0.029297301760031823,59.2
2026-05-21,1,logistic,0.025217978199839945,74.1
2026-05-21,2,logistic,0.03138812412292163,59.2
2026-05-21,3,logistic,0.03690914101224849,58.6
2026-05-21,1,forest_clf,0.05558489129328907,74.1
2026-05-21,2,forest_clf,0.036012472493904484,59.2
2026-05-21,3,forest_clf,0.014413618431453083,58.6
2026-05-21,1,hgb_clf,0.020362597793117804,74.1
2026-05-21,2,hgb_clf,0.0058656620245745965,59.2
2026-05-21,3,hgb_clf,0.017084352157408875,58.6
2026-05-22,1,logistic,0.04167218092406321,59.2
2026-05-22,2,logistic,0.053295097090702896,58.6
2026-05-22,3,logistic,0.053911534231993664,79.9
2026-05-22,1,forest_clf,0.08933484056876441,59.2
2026-05-22,2,forest_clf,0.13900344599764666,58.6
2026-05-22,3,forest_clf,0.07462239686432015,79.9
2026-05-22,1,hgb_clf,0.05121439402857386,59.2
2026-05-22,2,hgb_clf,0.04479816528277275,58.6
2026-05-22,3,hgb_clf,0.03242643714143503,79.9
2026-05-23,1,logistic,0.03701642572397599,58.6
2026-05-23,2,logistic,0.04710333240685878,79.9
2026-05-23,3,logistic,0.04099292263522247,65.4
2026-05-23,1,forest_clf,0.04816212823164106,58.6
2026-05-23,2,forest_clf,0.04738654574542001,79.9
2026-05-23,3,forest_clf,0.03022728348281114,65.4
2026-05-23,1,hgb_clf,0.05245213984552797,58.6
2026-05-23,2,hgb_clf,0.01582274522444204,79.9
2026-05-23,3,hgb_clf,0.01368738662158914,65.4
2026-05-24,1,logistic,0.03324761621848625,79.9
2026-05-24,2,logistic,0.04747148046524948,65.4
2026-05-24,3,logistic,0.041204014080488405,68.5
2026-05-24,1,forest_clf,0.033126990478166495,79.9
2026-05-24,2,forest_clf,0.05538463564208728,65.4
2026-05-24,3,forest_clf,0.042161001698509344,68.5
2026-05-24,1,hgb_clf,0.029283100648442473,79.9
2026-05-24,2,hgb_clf,0.01931222024728262,65.4
2026-05-24,3,hgb_clf,0.020753908486863266,68.5
2026-05-25,1,logistic,0.06467538191940146,65.4
2026-05-25,2,logistic,0.05797049788025202,68.5
2026-05-25,3,logistic,0.05113174678306405,68.3
2026-05-25,1,forest_clf,0.0615599550443559,65.4
2026-05-25,2,forest_clf,0.14335410270349672,68.5
2026-05-25,3,forest_clf,0.07898876352094839,68.3
2026-05-25,1,hgb_clf,0.05979525367657401,65.4
2026-05-25,2,hgb_clf,0.04195144586395645,68.5
2026-05-25,3,hgb_clf,0.009891978118931551,68.3
2026-05-26,1,logistic,0.041124920443745126,68.5
2026-05-26,2,logistic,0.038849447045116905,68.3
2026-05-26,3,logistic,0.03841350860941445,29.5
2026-05-26,1,forest_clf,0.03597782517257651,68.5
2026-05-26,2,forest_clf,0.08497419346486355,68.3
2026-05-26,3,forest_clf,0.0609717287550641,29.5
2026-05-26,1,hgb_clf,0.06467355087815145,68.5
2026-05-26,2,hgb_clf,0.034330133540242495,68.3
2026-05-26,3,hgb_clf,0.010991761225279943,29.5
2026-05-27,1,logistic,0.04290706959308026,68.3
2026-05-27,2,logistic,0.04392900302348244,29.5
2026-05-27,3,logistic,0.04264082363075552,27.5
2026-05-27,1,forest_clf,0.051844489598964996,68.3
2026-05-27,2,forest_clf,0.0970134276046756,29.5
2026-05-27,3,forest_clf,0.06883882288496877,27.5
2026-05-27,1,hgb_clf,0.04697836010583165,68.3
2026-05-27,2,hgb_clf,0.026196996275086665,29.5
2026-05-27,3,hgb_clf,0.016590620169081534,27.5
2026-05-28,1,logistic,0.03813639346778434,29.5
2026-05-28,2,logistic,0.04362625879057396,27.5
2026-05-28,3,logistic,0.04339768131661599,25.1
2026-05-28,1,forest_clf,0.058417171147176,29.5
2026-05-28,2,forest_clf,0.10602820790845968,27.5
2026-05-28,3,forest_clf,0.06500463373925906,25.1
2026-05-28,1,hgb_clf,0.061680768723945366,29.5
2026-05-28,2,hgb_clf,0.0351670332368689,27.5
2026-05-28,3,hgb_clf,0.02203600012970145,25.1
2026-05-29,1,logistic,0.007850421760764965,27.5
2026-05-29,2,logistic,0.011247854982955214,25.1
2026-05-29,3,logistic,0.015160858971081248,33.9
2026-05-29,1,forest_clf,0.03503029886220723,27.5
2026-05-29,2,forest_clf,0.025483693907122674,25.1
2026-05-29,3,forest_clf,0.04861967601441353,33.9
2026-05-29,1,hgb_clf,0.04146180450687021,27.5
2026-05-29,2,hgb_clf,0.021975045605835384,25.1
2026-05-29,3,hgb_clf,0.004604692543347763,33.9
2026-05-30,1,logistic,0.008441775309730401,25.1
2026-05-30,2,logistic,0.01324467298959649,33.9
2026-05-30,3,logistic,0.014877161483365556,39.0
2026-05-30,1,forest_clf,0.03375761804332228,25.1
2026-05-30,2,forest_clf,0.023616329944010847,33.9
2026-05-30,3,forest_clf,0.03146159789444819,39.0
2026-05-30,1,hgb_clf,0.033095697236261726,25.1
2026-05-30,2,hgb_clf,0.008035490848835682,33.9
2026-05-30,3,hgb_clf,0.0032693918380520483,39.0
2026-05-31,1,logistic,0.008268661397236273,33.9
2026-05-31,2,logistic,0.013425776843950396,39.0
2026-05-31,3,logistic,0.016217657737386475,59.7
2026-05-31,1,forest_clf,0.012315220085067953,33.9
2026-05-31,2,forest_clf,0.019131060033536523,39.0
2026-05-31,3,forest_clf,0.02450713069360648,59.7
2026-05-31,1,hgb_clf,0.03255447596933121,33.9
2026-05-31,2,hgb_clf,0.005834021355362512,39.0
2026-05-31,3,hgb_clf,0.005617140736068832,59.7
2026-06-01,1,logistic,0.012530737941449769,39.0
2026-06-01,2,logistic,0.011937461215477462,59.7
2026-06-01,3,logistic,0.014604294775523854,50.3
2026-06-01,1,forest_clf,0.0075323563837320865,39.0
2026-06-01,2,forest_clf,0.009946526158438825,59.7
2026-06-01,3,forest_clf,0.02286833506139468,50.3
2026-06-01,1,hgb_clf,0.04091895905866542,39.0
2026-06-01,2,hgb_clf,0.004665334062961424,59.7
2026-06-01,3,hgb_clf,0.004352911983721145,50.3
2026-06-02,1,logistic,0.0130111540846059,59.7
2026-06-02,2,logistic,0.01333897578427006,50.3
2026-06-02,3,logistic,0.016146918543853514,47.7
2026-06-02,1,forest_clf,0.002768644359615241,59.7
2026-06-02,2,forest_clf,0.009242754751858106,50.3
2026-06-02,3,forest_clf,0.009115984927455578,47.7
2026-06-02,1,hgb_clf,0.03714860169560713,59.7
2026-06-02,2,hgb_clf,0.0052183320587442005,50.3
2026-06-02,3,hgb_clf,0.004793936196488111,47.7
2026-06-03,1,logistic,0.021677694891644266,50.3
2026-06-03,2,logistic,0.023428355892627133,47.7
2026-06-03,3,logistic,0.02382650338770013,57.7
2026-06-03,1,forest_clf,0.002768644359615241,50.3
2026-06-03,2,forest_clf,0.02194258262587559,47.7
2026-06-03,3,forest_clf,0.009375586634425706,57.7
2026-06-03,1,hgb_clf,0.021776081568233345,50.3
2026-06-03,2,hgb_clf,0.00877146620715233,47.7
2026-06-03,3,hgb_clf,0.007109851081704225,57.7
2026-06-04,1,logistic,0.015157757621006178,47.7
2026-06-04,2,logistic,0.018102971882900748,57.7
2026-06-04,3,logistic,0.01998462925229692,36.0
2026-06-04,1,forest_clf,0.0036990393805729437,47.7
2026-06-04,2,forest_clf,0.006613230266407432,57.7
2026-06-04,3,forest_clf,0.009772773958857612,36.0
2026-06-04,1,hgb_clf,0.021776081568233345,47.7
2026-06-04,2,hgb_clf,0.006054899366695599,57.7
2026-06-04,3,hgb_clf,0.007640631338414857,36.0
2026-06-05,1,logistic,0.013304895103583654,57.7
2026-06-05,2,logistic,0.016933824603909096,36.0
2026-06-05,3,logistic,0.020313019356083248,39.1
2026-06-05,1,forest_clf,0.0036990393805729437,57.7
2026-06-05,2,forest_clf,0.012590942505247348,36.0
2026-06-05,3,forest_clf,0.01143743500812904,39.1
2026-06-05,1,hgb_clf,0.02134850868415724,57.7
2026-06-05,2,hgb_clf,0.004409757090547851,36.0
2026-06-05,3,hgb_clf,0.012240986697182323,39.1
2026-06-06,1,logistic,0.020430532841353752,36.0
2026-06-06,2,logistic,0.02810076503911043,39.1
2026-06-06,3,logistic,0.025831375428453755,42.0
2026-06-06,1,forest_clf,0.00663689048199465,36.0
2026-06-06,2,forest_clf,0.0157394505822776,39.1
2026-06-06,3,forest_clf,0.012988246340589722,42.0
2026-06-06,1,hgb_clf,0.021776081568233345,36.0
2026-06-06,2,hgb_clf,0.009496598204948352,39.1
2026-06-06,3,hgb_clf,0.0057395231394466025,42.0
2026-06-07,1,logistic,0.009066240436425206,39.1
2026-06-07,2,logistic,0.014218107394589946,42.0
2026-06-07,3,logistic,0.015744531674279208,47.3
2026-06-07,1,forest_clf,0.002768644359615241,39.1
2026-06-07,2,forest_clf,0.003208801162154724,42.0
2026-06-07,3,forest_clf,0.010159176289219075,47.3
2026-06-07,1,hgb_clf,0.02134850868415724,39.1
2026-06-07,2,hgb_clf,0.005467539267408315,42.0
2026-06-07,3,hgb_clf,0.008914316581169448,47.3
2026-06-08,1,logistic,0.01131618727562867,42.0
2026-06-08,2,logistic,0.010940747875471758,47.3
2026-06-08,3,logistic,0.013294544467677343,38.9
2026-06-08,1,forest_clf,0.002768644359615241,42.0
2026-06-08,2,forest_clf,0.0075758478103319735,47.3
2026-06-08,3,forest_clf,0.010283399867960095,38.9
2026-06-08,1,hgb_clf,0.018608380445451687,42.0
2026-06-08,2,hgb_clf,0.002687953321308946,47.3
2026-06-08,3,hgb_clf,0.0030943283872905064,38.9
2026-06-09,1,logistic,0.011847102405236974,47.3
2026-06-09,2,logistic,0.012446359434788178,38.9
2026-06-09,3,logistic,0.015231357848564752,25.7
2026-06-09,1,forest_clf,0.002768644359615241,47.3
2026-06-09,2,forest_clf,0.003410672914486427,38.9
2026-06-09,3,forest_clf,0.012801801550399632,25.7
2026-06-09,1,hgb_clf,0.018608380445451687,47.3
2026-06-09,2,hgb_clf,0.0015120587744954664,38.9
2026-06-09,3,hgb_clf,0.010329860212946218,25.7
2026-06-10,1,logistic,0.013748328830256437,38.9
2026-06-10,2,logistic,0.015063999534059253,25.7
2026-06-10,3,logistic,0.01682173058386771,38.3
2026-06-10,1,forest_clf,0.002768644359615241,38.9
2026-06-10,2,forest_clf,0.008366711974041268,25.7
2026-06-10,3,forest_clf,0.006245862145503807,38.3
2026-06-10,1,hgb_clf,0.018608380445451687,38.9
2026-06-10,2,hgb_clf,0.002174821894404329,25.7
2026-06-10,3,hgb_clf,0.00405356804347622,38.3
2026-06-11,1,logistic,0.009761221414599756,25.7
2026-06-11,2,logistic,0.012063543555274815,38.3
2026-06-11,3,logistic,0.014795097543582509,54.2
2026-06-11,1,forest_clf,0.005013333708255924,25.7
2026-06-11,2,forest_clf,0.009926728703443192,38.3
2026-06-11,3,forest_clf,0.001099437703462563,54.2
2026-06-11,1,hgb_clf,0.018608380445451687,25.7
2026-06-11,2,hgb_clf,0.0008166581205365211,38.3
2026-06-11,3,hgb_clf,0.0022017939733775687,54.2
2026-06-12,1,logistic,0.005463620856965494,38.3
2026-06-12,2,logistic,0.008239298868274632,54.2
2026-06-12,3,logistic,0.011394915582904203,34.4
2026-06-12,1,forest_clf,0.0014555577649632131,38.3
2026-06-12,2,forest_clf,0.006350789922278615,54.2
2026-06-12,3,forest_clf,0.001099437703462563,34.4
2026-06-12,1,hgb_clf,0.018608380445451687,38.3
2026-06-12,2,hgb_clf,0.0007591778344607697,54.2
2026-06-12,3,hgb_clf,0.0018706912140100498,34.4
2026-06-13,1,logistic,0.009495482990793037,54.2
2026-06-13,2,logistic,0.0152891887781475,34.4
2026-06-13,3,logistic,0.01515073342000147,37.8
2026-06-13,1,forest_clf,0.0,54.2
2026-06-13,2,forest_clf,0.007721441827479734,34.4
2026-06-13,3,forest_clf,0.00372746046306427,37.8
2026-06-13,1,hgb_clf,0.018608380445451687,54.2
2026-06-13,2,hgb_clf,0.0008279057631788264,34.4
2026-06-13,3,hgb_clf,0.001258405663849592,37.8
2026-06-14,1,logistic,0.013718948458367049,34.4
2026-06-14,2,logistic,0.02292839156832595,37.8
2026-06-14,3,logistic,0.021389508236998218,44.7
2026-06-14,1,forest_clf,0.0,34.4
2026-06-14,2,forest_clf,0.0016822429906542056,37.8
2026-06-14,3,forest_clf,0.007439742234804424,44.7
2026-06-14,1,hgb_clf,0.018608380445451687,34.4
2026-06-14,2,hgb_clf,0.0007419819679556393,37.8
2026-06-14,3,hgb_clf,0.001955439859946237,44.7
2026-06-15,1,logistic,0.00977277542495581,37.8
2026-06-15,2,logistic,0.00972345625062657,44.7
2026-06-15,3,logistic,0.011952211843576224,54.0
2026-06-15,1,forest_clf,0.0,37.8
2026-06-15,2,forest_clf,0.0,44.7
2026-06-15,3,forest_clf,0.0018433971526755034,54.0
2026-06-15,1,hgb_clf,0.018608380445451687,37.8
2026-06-15,2,hgb_clf,0.0008596824844968174,44.7
2026-06-15,3,hgb_clf,0.0017605486996912323,54.0
2026-06-16,1,logistic,0.009606283892818073,44.7
2026-06-16,2,logistic,0.011108569563967264,54.0
2026-06-16,3,logistic,0.013289479732086806,40.9
2026-06-16,1,forest_clf,0.0,44.7
2026-06-16,2,forest_clf,0.0024055092889173606,54.0
2026-06-16,3,forest_clf,0.000859942363112392,40.9
2026-06-16,1,hgb_clf,0.018608380445451687,44.7
2026-06-16,2,hgb_clf,0.0007449995932837746,54.0
2026-06-16,3,hgb_clf,0.0010792632647450193,40.9
2026-06-17,1,logistic,0.010937188844047608,54.0
2026-06-17,2,logistic,0.014114990379045872,40.9
2026-06-17,3,logistic,0.016521703394468602,47.9
2026-06-17,1,forest_clf,0.0,54.0
2026-06-17,2,forest_clf,0.0,40.9
2026-06-17,3,forest_clf,0.0,47.9
2026-06-17,1,hgb_clf,0.018608380445451687,54.0
2026-06-17,2,hgb_clf,0.0005692616981190738,40.9
2026-06-17,3,hgb_clf,0.001636041286706293,47.9
2026-06-18,1,logistic,0.013967821039637764,40.9
2026-06-18,2,logistic,0.01853151997144276,47.9
2026-06-18,3,logistic,0.020540684408382505,39.2
2026-06-18,1,forest_clf,0.0,40.9
2026-06-18,2,forest_clf,0.0,47.9
2026-06-18,3,forest_clf,0.0,39.2
2026-06-18,1,hgb_clf,0.018608380445451687,40.9
2026-06-18,2,hgb_clf,0.0007033221875791324,47.9
2026-06-18,3,hgb_clf,0.0013689058680954132,39.2
2026-06-19,1,logistic,0.008926307971305437,47.9
2026-06-19,2,logistic,0.01328317002122854,39.2
2026-06-19,3,logistic,0.016851626516550075,35.0
2026-06-19,1,forest_clf,0.0,47.9
2026-06-19,2,forest_clf,0.0,39.2
2026-06-19,3,forest_clf,0.0,35.0
2026-06-19,1,hgb_clf,0.017588926700969634,47.9
2026-06-19,2,hgb_clf,0.0005644782274886742,39.2
2026-06-19,3,hgb_clf,0.0016012384057375122,35.0
2026-06-20,1,logistic,0.013382622808199634,39.2
2026-06-20,2,logistic,0.021493107953433493,35.0
2026-06-20,3,logistic,0.020271022300589595,47.8
2026-06-20,1,forest_clf,0.0,39.2
2026-06-20,2,forest_clf,0.0,35.0
2026-06-20,3,forest_clf,0.0,47.8
2026-06-20,1,hgb_clf,0.017588926700969634,39.2
2026-06-20,2,hgb_clf,0.0006805417966915045,35.0
2026-06-20,3,hgb_clf,0.0013624206851188632,47.8
2026-06-21,1,logistic,0.009320104957837798,35.0
2026-06-21,2,logistic,0.01758521274703698,47.8
2026-06-21,3,logistic,0.017753518613607272,32.3
2026-06-21,1,forest_clf,0.0,35.0
2026-06-21,2,forest_clf,0.0,47.8
2026-06-21,3,forest_clf,0.0,32.3
2026-06-21,1,hgb_clf,0.017588926700969634,35.0
2026-06-21,2,hgb_clf,0.0006595078503531055,47.8
2026-06-21,3,hgb_clf,0.0009718092941693598,32.3
2026-06-22,1,logistic,0.009443132262628618,47.8
2026-06-22,2,logistic,0.010769524898070272,32.3
2026-06-22,3,logistic,0.01329041114800314,40.2
2026-06-22,1,forest_clf,0.0,47.8
2026-06-22,2,forest_clf,0.0,32.3
2026-06-22,3,forest_clf,0.0,40.2
2026-06-22,1,hgb_clf,0.017588926700969634,47.8
2026-06-22,2,hgb_clf,0.00040783306240321223,32.3
2026-06-22,3,hgb_clf,0.0007271218417677821,40.2
2026-06-23,1,logistic,0.012718415913405197,32.3
2026-06-23,2,logistic,0.016298224665504825,40.2
2026-06-23,3,logistic,0.018526279931537527,30.1
2026-06-23,1,forest_clf,0.0,32.3
2026-06-23,2,forest_clf,0.0,40.2
2026-06-23,3,forest_clf,0.0,30.1
2026-06-23,1,hgb_clf,0.017588926700969634,32.3
2026-06-23,2,hgb_clf,0.0003860702744829666,40.2
2026-06-23,3,hgb_clf,0.0012365381853444168,30.1
2026-06-24,1,logistic,0.007351540910797648,40.2
2026-06-24,2,logistic,0.010277720605837452,30.1
2026-06-24,3,logistic,0.013367261999669824,49.3
2026-06-24,1,forest_clf,0.0,40.2
2026-06-24,2,forest_clf,0.0,30.1
2026-06-24,3,forest_clf,0.0,49.3
2026-06-24,1,hgb_clf,0.017588926700969634,40.2
2026-06-24,2,hgb_clf,0.0004940175942545103,30.1
2026-06-24,3,hgb_clf,0.0008624901158181789,49.3
2026-06-25,1,logistic,0.008872369771571248,30.1
2026-06-25,2,logistic,0.014154380747693703,49.3
2026-06-25,3,logistic,0.016796498395684308,53.9
2026-06-25,1,forest_clf,0.0,30.1
2026-06-25,2,forest_clf,0.0,49.3
2026-06-25,3,forest_clf,0.0,53.9
2026-06-25,1,hgb_clf,0.017588926700969634,30.1
2026-06-25,2,hgb_clf,0.000487067994238207,49.3
2026-06-25,3,hgb_clf,0.0012288315143817185,53.9
2026-06-26,1,logistic,0.005629619326952086,49.3
2026-06-26,2,logistic,0.01011945478095447,53.9
2026-06-26,3,logistic,0.013964255350769603,42.6
2026-06-26,1,forest_clf,0.0,49.3
2026-06-26,2,forest_clf,0.0,53.9
2026-06-26,3,forest_clf,0.0,42.6
2026-06-26,1,hgb_clf,0.017588926700969634,49.3
2026-06-26,2,hgb_clf,0.0004390015848539882,53.9
2026-06-26,3,hgb_clf,0.0009125131304468571,42.6
2026-06-27,1,logistic,0.013973762550496198,53.9
2026-06-27,2,logistic,0.027972476469956018,42.6
2026-06-27,3,logistic,0.02523730497816458,53.4
2026-06-27,1,forest_clf,0.0,53.9
2026-06-27,2,forest_clf,0.0,42.6
2026-06-27,3,forest_clf,0.0,53.4
2026-06-27,1,hgb_clf,0.017588926700969634,53.9
2026-06-27,2,hgb_clf,0.0005715716004530032,42.6
2026-06-27,3,hgb_clf,0.0010729629751654254,53.4
2026-06-28,1,logistic,0.014874320381951193,42.6
2026-06-28,2,logistic,0.03347698771765833,53.4
2026-06-28,3,logistic,0.03064792161223394,39.1
2026-06-28,1,forest_clf,0.0,42.6
2026-06-28,2,forest_clf,0.0,53.4
2026-06-28,3,forest_clf,0.0024246079613992762,39.1
2026-06-28,1,hgb_clf,0.017588926700969634,42.6
2026-06-28,2,hgb_clf,0.0007472666916369508,53.4
2026-06-28,3,hgb_clf,0.0012762850879552727,39.1
2026-06-29,1,logistic,0.013121350940912362,53.4
2026-06-29,2,logistic,0.015747722174192104,39.1
2026-06-29,3,logistic,0.018411757372260317,33.1
2026-06-29,1,forest_clf,0.0,53.4
2026-06-29,2,forest_clf,0.0,39.1
2026-06-29,3,forest_clf,0.0,33.1
2026-06-29,1,hgb_clf,0.017588926700969634,53.4
2026-06-29,2,hgb_clf,0.0005956158780084042,39.1
2026-06-29,3,hgb_clf,0.0013093658521091817,33.1
2026-06-30,1,logistic,0.017095342325603582,39.1
2026-06-30,2,logistic,0.02574904878508353,33.1
2026-06-30,3,logistic,0.02733173833285132,47.6
2026-06-30,1,forest_clf,0.0028719349510862658,39.1
2026-06-30,2,forest_clf,0.0,33.1
2026-06-30,3,forest_clf,0.0,47.6
2026-06-30,1,hgb_clf,0.017588926700969634,39.1
2026-06-30,2,hgb_clf,0.0016409926296385281,33.1
2026-06-30,3,hgb_clf,0.0015657550288382188,47.6
2026-07-01,1,logistic,0.008662814549921245,33.1
2026-07-01,2,logistic,0.014021390813146664,47.6
2026-07-01,3,logistic,0.01843233240914322,58.8
2026-07-01,1,forest_clf,0.0028719349510862658,33.1
2026-07-01,2,forest_clf,0.0,47.6
2026-07-01,3,forest_clf,0.0,58.8
2026-07-01,1,hgb_clf,0.017588926700969634,33.1
2026-07-01,2,hgb_clf,0.0005534819494554979,47.6
2026-07-01,3,hgb_clf,0.0009667018827655229,58.8
2026-07-02,1,logistic,0.006425510324711966,47.6
2026-07-02,2,logistic,0.011181942965735357,58.8
2026-07-02,3,logistic,0.015421196203136688,54.4
2026-07-02,1,forest_clf,0.0028719349510862658,47.6
2026-07-02,2,forest_clf,0.0024055092889173606,58.8
2026-07-02,3,forest_clf,0.0,54.4
2026-07-02,1,hgb_clf,0.017588926700969634,47.6
2026-07-02,2,hgb_clf,0.00041290782473047283,58.8
2026-07-02,3,hgb_clf,0.0009637581544268826,54.4
2026-07-03,1,logistic,0.010366009433638503,58.8
2026-07-03,2,logistic,0.022481028968345567,54.4
2026-07-03,3,logistic,0.02805937923431925,36.0
2026-07-03,1,forest_clf,0.0,58.8
2026-07-03,2,forest_clf,0.0,54.4
2026-07-03,3,forest_clf,0.0,36.0
2026-07-03,1,hgb_clf,0.017588926700969634,58.8
2026-07-03,2,hgb_clf,0.00041423543683246706,54.4
2026-07-03,3,hgb_clf,0.0008051408486922642,36.0
2026-07-04,1,logistic,0.0200245071647333,54.4
2026-07-04,2,logistic,0.04689324279788275,36.0
2026-07-04,3,logistic,0.04112144454446438,32.5
2026-07-04,1,forest_clf,0.0,54.4
2026-07-04,2,forest_clf,0.0,36.0
2026-07-04,3,forest_clf,0.0,32.5
2026-07-04,1,hgb_clf,0.017588926700969634,54.4
2026-07-04,2,hgb_clf,0.0011406371288642313,36.0
2026-07-04,3,hgb_clf,0.0022997498219795424,32.5
2026-07-05,1,logistic,0.015396470923447756,36.0
2026-07-05,2,logistic,0.03611614050546515,32.5
2026-07-05,3,logistic,0.029729760239282154,30.0
2026-07-05,1,forest_clf,0.0,36.0
2026-07-05,2,forest_clf,0.0,32.5
2026-07-05,3,forest_clf,0.0015995479761660159,30.0
2026-07-05,1,hgb_clf,0.004294260409105087,36.0
2026-07-05,2,hgb_clf,0.020271425954165555,32.5
2026-07-05,3,hgb_clf,0.005348867844775156,30.0
2026-07-06,1,logistic,0.007802218802196518,32.5
2026-07-06,2,logistic,0.0077846530711735435,30.0
2026-07-06,3,logistic,0.00992888537874784,6.42
2026-07-06,1,forest_clf,0.0,32.5
2026-07-06,2,forest_clf,0.0,30.0
2026-07-06,3,forest_clf,0.008007870130288095,6.42
2026-07-06,1,hgb_clf,0.0032933205900463423,32.5
2026-07-06,2,hgb_clf,0.017765289436384446,30.0
2026-07-06,3,hgb_clf,0.006238467415960957,6.42
2026-07-07,1,logistic,0.006128270699066371,30.0
2026-07-07,2,logistic,0.006473782271363402,6.42
2026-07-07,3,logistic,0.00889333977571192,22.0
2026-07-07,1,forest_clf,0.0,30.0
2026-07-07,2,forest_clf,0.004359357472966303,6.42
2026-07-07,3,forest_clf,0.0,22.0
2026-07-07,1,hgb_clf,0.0029628801623616096,30.0
2026-07-07,2,hgb_clf,0.028666931593402955,6.42
2026-07-07,3,hgb_clf,0.003929137825734617,22.0
2026-07-08,1,logistic,0.0055487692457116735,6.42
2026-07-08,2,logistic,0.005936479553311709,22.0
2026-07-08,3,logistic,0.00930517531044709,43.5
2026-07-08,1,forest_clf,0.0,6.42
2026-07-08,2,forest_clf,0.0,22.0
2026-07-08,3,forest_clf,0.0,43.5
2026-07-08,1,hgb_clf,0.003302177486887948,6.42
2026-07-08,2,hgb_clf,0.017765289436384446,22.0
2026-07-08,3,hgb_clf,0.0038573674049278872,43.5
2026-07-09,1,logistic,0.0021066591436514574,22.0
2026-07-09,2,logistic,0.001991259495785217,43.5
2026-07-09,3,logistic,0.00443006269190837,64.2
2026-07-09,1,forest_clf,0.0,22.0
2026-07-09,2,forest_clf,0.0,43.5
2026-07-09,3,forest_clf,0.0027370990237099036,64.2
2026-07-09,1,hgb_clf,0.0028981079391342357,22.0
2026-07-09,2,hgb_clf,0.017765289436384446,43.5
2026-07-09,3,hgb_clf,0.005456199580006988,64.2
2026-07-10,1,logistic,0.0035089832756271897,43.5
2026-07-10,2,logistic,0.0047937498799726945,64.2
2026-07-10,3,logistic,0.008774533399931225,39.0
2026-07-10,1,forest_clf,0.0,43.5
2026-07-10,2,forest_clf,0.0,64.2
2026-07-10,3,forest_clf,0.0,39.0
2026-07-10,1,hgb_clf,0.003642945153703218,43.5
2026-07-10,2,hgb_clf,0.017765289436384446,64.2
2026-07-10,3,hgb_clf,0.0063341957555001095,39.0
2026-07-11,1,logistic,0.008667162405487124,64.2
2026-07-11,2,logistic,0.01725120426149636,39.0
2026-07-11,3,logistic,0.018360478331821847,40.8
2026-07-11,1,forest_clf,0.0013849682427664078,64.2
2026-07-11,2,forest_clf,0.0,39.0
2026-07-11,3,forest_clf,0.0,40.8
2026-07-11,1,hgb_clf,0.00343449403631664,64.2
2026-07-11,2,hgb_clf,0.019210091245060887,39.0
2026-07-11,3,hgb_clf,0.009553795941455305,40.8
2026-07-12,1,logistic,0.01828264989039874,39.0
2026-07-12,2,logistic,0.04395040730916026,40.8
2026-07-12,3,logistic,0.037904627599971194,38.5
2026-07-12,1,forest_clf,0.021113258522285697,39.0
2026-07-12,2,forest_clf,0.00594632149009457,40.8
2026-07-12,3,forest_clf,0.0,38.5
2026-07-12,1,hgb_clf,0.006082267941023791,39.0
2026-07-12,2,hgb_clf,0.02779383931054197,40.8
2026-07-12,3,hgb_clf,0.009895217162349031,38.5
2026-07-13,1,logistic,0.010781538920939724,40.8
2026-07-13,2,logistic,0.010431002656523738,38.5
2026-07-13,3,logistic,0.014258945110228871,45.9
2026-07-13,1,forest_clf,0.0030181047765793527,40.8
2026-07-13,2,forest_clf,0.0,38.5
2026-07-13,3,forest_clf,0.0032336901745578205,45.9
2026-07-13,1,hgb_clf,0.005150103084570556,40.8
2026-07-13,2,hgb_clf,0.017765289436384446,38.5
2026-07-13,3,hgb_clf,0.005929275199223028,45.9
2026-07-14,1,logistic,0.010031188123610976,38.5
2026-07-14,2,logistic,0.011777955693807289,45.9
2026-07-14,3,logistic,0.016305992591817146,50.3
2026-07-14,1,forest_clf,0.0030181047765793527,38.5
2026-07-14,2,forest_clf,0.0,45.9
2026-07-14,3,forest_clf,0.003208424507658643,50.3
2026-07-14,1,hgb_clf,0.0038514093027209565,38.5
2026-07-14,2,hgb_clf,0.017765289436384446,45.9
2026-07-14,3,hgb_clf,0.01457299350677026,50.3
2026-07-15,1,logistic,0.009052943412424616,45.9
2026-07-15,2,logistic,0.011112637918406701,50.3
2026-07-15,3,logistic,0.017512372528043083,46.0
2026-07-15,1,forest_clf,0.0030181047765793527,45.9
2026-07-15,2,forest_clf,0.001796639507823865,50.3
2026-07-15,3,forest_clf,0.0,46.0
2026-07-15,1,hgb_clf,0.003236308378389547,45.9
2026-07-15,2,hgb_clf,0.031076940363586616,50.3
2026-07-15,3,hgb_clf,0.0068293884567690085,46.0
2026-07-16,1,logistic,0.01122975289922568,50.3
2026-07-16,2,logistic,0.014938933944251487,46.0
2026-07-16,3,logistic,0.023543480821674345,48.8
2026-07-16,1,forest_clf,0.004399840109479551,50.3
2026-07-16,2,forest_clf,0.014399210022654771,46.0
2026-07-16,3,forest_clf,0.0035714285714285713,48.8
2026-07-16,1,hgb_clf,0.004281373968911487,50.3
2026-07-16,2,hgb_clf,0.019129470537190246,46.0
2026-07-16,3,hgb_clf,0.009911623038282653,48.8
2026-07-17,1,logistic,0.012239416881343498,46.0
2026-07-17,2,logistic,0.01832532416686157,48.8
2026-07-17,3,logistic,0.027861343238549517,43.3
2026-07-17,1,forest_clf,0.0,46.0
2026-07-17,2,forest_clf,0.0,48.8
2026-07-17,3,forest_clf,0.0,43.3
2026-07-17,1,hgb_clf,0.003478722766188475,46.0
2026-07-17,2,hgb_clf,0.018623478291335267,48.8
2026-07-17,3,hgb_clf,0.00981503615427361,43.3
2026-07-18,1,logistic,0.01475365679818013,48.8
2026-07-18,2,logistic,0.022268456193820212,43.3
2026-07-18,3,logistic,0.02474062593683352,26.5
2026-07-18,1,forest_clf,0.0,48.8
2026-07-18,2,forest_clf,0.0,43.3
2026-07-18,3,forest_clf,0.0,26.5
2026-07-18,1,hgb_clf,0.0036807572927964214,48.8
2026-07-18,2,hgb_clf,0.019210091245060887,43.3
2026-07-18,3,hgb_clf,0.012455266423568341,26.5
2026-07-19,1,logistic,0.014815332164532364,43.3
2026-07-19,2,logistic,0.025503747694112112,26.5
2026-07-19,3,logistic,0.02694338920089491,21.9
2026-07-19,1,forest_clf,0.0,43.3
2026-07-19,2,forest_clf,0.0,26.5
2026-07-19,3,forest_clf,0.0,21.9
2026-07-19,1,hgb_clf,0.003389437636525128,43.3
2026-07-19,2,hgb_clf,0.019210091245060887,26.5
2026-07-19,3,hgb_clf,0.014638683881075462,21.9
2026-07-20,1,logistic,0.013826460413180452,26.5
2026-07-20,2,logistic,0.012577950570686563,21.9
2026-07-20,3,logistic,0.018132010428128967,22.7
2026-07-20,1,forest_clf,0.0,26.5
2026-07-20,2,forest_clf,0.0,21.9
2026-07-20,3,forest_clf,0.0,22.7
2026-07-20,1,hgb_clf,0.003586536833902299,26.5
2026-07-20,2,hgb_clf,0.018623478291335267,21.9
2026-07-20,3,hgb_clf,0.017294953331706445,22.7
2026-07-21,1,logistic,0.0064610101748026755,21.9
2026-07-21,2,logistic,0.0054200912698520575,22.7
2026-07-21,3,logistic,0.01000523134971513,28.6
2026-07-21,1,forest_clf,0.0,21.9
2026-07-21,2,forest_clf,0.0,22.7
2026-07-21,3,forest_clf,0.0,28.6
2026-07-21,1,hgb_clf,0.0034575937624626556,21.9
2026-07-21,2,hgb_clf,0.017765289436384446,22.7
2026-07-21,3,hgb_clf,0.011059118782021043,28.6
2026-07-22,1,logistic,0.005015603620218716,22.7
2026-07-22,2,logistic,0.004442818479185494,28.6
2026-07-22,3,logistic,0.009243906221888679,30.2
2026-07-22,1,forest_clf,0.0,22.7
2026-07-22,2,forest_clf,0.0,28.6
2026-07-22,3,forest_clf,0.022518238409521118,30.2
2026-07-22,1,hgb_clf,0.0041814956283617285,22.7
2026-07-22,2,hgb_clf,0.017765289436384446,28.6
2026-07-22,3,hgb_clf,0.010685278588471663,30.2
2026-07-23,1,logistic,0.0052650690254155835,28.6
2026-07-23,2,logistic,0.005022143151092126,30.2
2026-07-23,3,logistic,0.01067932956588149,
2026-07-23,1,forest_clf,0.0,28.6
2026-07-23,2,forest_clf,0.0,30.2
2026-07-23,3,forest_clf,0.03005995500975093,
2026-07-23,1,hgb_clf,0.0029597803428695825,28.6
2026-07-23,2,hgb_clf,0.017765289436384446,30.2
2026-07-23,3,hgb_clf,0.007675431211462396,
2026-07-24,1,logistic,0.006082716203712811,30.2
2026-07-24,2,logistic,0.006373570752635456,
2026-07-24,3,logistic,0.012968450811350774,29.6
2026-07-24,1,forest_clf,0.0008733237282500275,30.2
2026-07-24,2,forest_clf,0.0,
2026-07-24,3,forest_clf,0.025695179875746793,29.6
2026-07-24,1,hgb_clf,0.004207396446624273,30.2
2026-07-24,2,hgb_clf,0.017765289436384446,
2026-07-24,3,hgb_clf,0.006544054681734942,29.6
2026-07-25,1,logistic,0.008120381605405253,
2026-07-25,2,logistic,0.009209365625737879,29.6
2026-07-25,3,logistic,0.013750824581276796,20.6
2026-07-25,1,forest_clf,0.003797444641266684,
2026-07-25,2,forest_clf,0.0,29.6
2026-07-25,3,forest_clf,0.013478571714209409,20.6
2026-07-25,1,hgb_clf,0.004258738006248092,
2026-07-25,2,hgb_clf,0.017765289436384446,29.6
2026-07-25,3,hgb_clf,0.006544054681734942,20.6
2026-07-26,1,logistic,,29.6
2026-07-26,2,logistic,,20.6
2026-07-26,3,logistic,,36.8
2026-07-26,1,forest_clf,,29.6
2026-07-26,2,forest_clf,,20.6
2026-07-26,3,forest_clf,,36.8
2026-07-26,1,hgb_clf,0.008313330428566974,29.6
2026-07-26,2,hgb_clf,0.04953177926036986,20.6
2026-07-26,3,hgb_clf,0.012867581001321939,36.8
2026-07-27,1,logistic,,20.6
2026-07-27,2,logistic,,36.8
2026-07-27,3,logistic,,40.4
2026-07-27,1,forest_clf,,20.6
2026-07-27,2,forest_clf,,36.8
2026-07-27,3,forest_clf,,40.4
2026-07-27,1,hgb_clf,0.0045708537952478204,20.6
2026-07-27,2,hgb_clf,0.017765289436384446,36.8
2026-07-27,3,hgb_clf,0.0071086831077905605,40.4
2026-07-28,1,logistic,,36.8
2026-07-28,2,logistic,,40.4
2026-07-28,3,logistic,,21.9
2026-07-28,1,forest_clf,,36.8
2026-07-28,2,forest_clf,,40.4
2026-07-28,3,forest_clf,,21.9
2026-07-28,1,hgb_clf,0.003196918094752753,36.8
2026-07-28,2,hgb_clf,0.017765289436384446,40.4
2026-07-28,3,hgb_clf,0.007832020827944739,21.9
2026-07-29,1,logistic,,40.4
2026-07-29,2,logistic,,21.9
2026-07-29,3,logistic,,38.6
2026-07-29,1,forest_clf,,40.4
2026-07-29,2,forest_clf,,21.9
2026-07-29,3,forest_clf,,38.6
2026-07-29,1,hgb_clf,0.0037770477755381233,40.4
2026-07-29,2,hgb_clf,0.028031844417300087,21.9
2026-07-29,3,hgb_clf,0.0041876015090311905,38.6
2026-07-30,1,logistic,0.009907266858273176,21.9
2026-07-30,2,logistic,0.005433996917841862,38.6
2026-07-30,3,logistic,0.010398786658935339,26.7
2026-07-30,1,forest_clf,0.0,21.9
2026-07-30,2,forest_clf,0.0,38.6
2026-07-30,3,forest_clf,0.0,26.7
2026-07-30,1,hgb_clf,0.003200140339900685,21.9
2026-07-30,2,hgb_clf,0.017765289436384446,38.6
2026-07-30,3,hgb_clf,0.006719820910369434,26.7
2026-07-31,1,logistic,0.00551540978369684,38.6
2026-07-31,2,logistic,0.0025782455880699285,26.7
2026-07-31,3,logistic,0.0059918428367037035,26.9
2026-07-31,1,forest_clf,0.0,38.6
2026-07-31,2,forest_clf,0.0,26.7
2026-07-31,3,forest_clf,0.0061456093533501024,26.9
2026-07-31,1,hgb_clf,0.0029256146588575974,38.6
2026-07-31,2,hgb_clf,0.017765289436384446,26.7
2026-07-31,3,hgb_clf,0.0045831031931527514,26.9
2026-08-01,1,logistic,0.010361502573576169,26.7
2026-08-01,2,logistic,0.0068832959153583475,26.9
2026-08-01,3,logistic,0.010041353338193925,17.7
2026-08-01,1,forest_clf,0.0,26.7
2026-08-01,2,forest_clf,0.0019182389937106917,26.9
2026-08-01,3,forest_clf,0.0033840883795095505,17.7
2026-08-01,1,hgb_clf,0.0034043855063303373,26.7
2026-08-01,2,hgb_clf,0.017765289436384446,26.9
2026-08-01,3,hgb_clf,0.004601297183055957,17.7
2026-08-02,1,logistic,,26.9
2026-08-02,2,logistic,,17.7
2026-08-02,3,logistic,,35.7
2026-08-02,1,forest_clf,,26.9
2026-08-02,2,forest_clf,,17.7
2026-08-02,3,forest_clf,,35.7
2026-08-02,1,hgb_clf,0.0038152597997228753,26.9
2026-08-02,2,hgb_clf,0.017765289436384446,17.7
2026-08-02,3,hgb_clf,0.005813665178302239,35.7
2026-08-03,1,logistic,0.007209195688782703,17.7
2026-08-03,2,logistic,0.0042160083445308355,35.7
2026-08-03,3,logistic,0.009030332411197271,26.1
2026-08-03,1,forest_clf,0.0,17.7
2026-08-03,2,forest_clf,0.0,35.7
2026-08-03,3,forest_clf,0.0,26.1
2026-08-03,1,hgb_clf,0.003186737924737718,17.7
2026-08-03,2,hgb_clf,0.017765289436384446,35.7
2026-08-03,3,hgb_clf,0.004934669057328014,26.1
2026-08-04,1,logistic,0.004457232625690506,35.7
2026-08-04,2,logistic,0.0026632376838187114,26.1
2026-08-04,3,logistic,0.006979514909020443,25.0
2026-08-04,1,forest_clf,0.0,35.7
2026-08-04,2,forest_clf,0.0,26.1
2026-08-04,3,forest_clf,0.0,25.0
2026-08-04,1,hgb_clf,0.0028640145421358434,35.7
2026-08-04,2,hgb_clf,0.017765289436384446,26.1
2026-08-04,3,hgb_clf,0.0040213927294621785,25.0
2026-08-05,1,logistic,0.007304378829015264,26.1
2026-08-05,2,logistic,0.0056905507180939315,25.0
2026-08-05,3,logistic,0.012166131469553115,30.6
2026-08-05,1,forest_clf,0.0,26.1
2026-08-05,2,forest_clf,0.0,25.0
2026-08-05,3,forest_clf,0.0,30.6
2026-08-05,1,hgb_clf,0.0034055164892797044,26.1
2026-08-05,2,hgb_clf,0.017765289436384446,25.0
2026-08-05,3,hgb_clf,0.005358622999366022,30.6
2026-08-06,1,logistic,0.004941859410754158,25.0
2026-08-06,2,logistic,0.0035536080117508522,30.6
2026-08-06,3,logistic,0.008833324705710433,32.7
2026-08-06,1,forest_clf,0.0,25.0
2026-08-06,2,forest_clf,0.0,30.6
2026-08-06,3,forest_clf,0.0013361993332163538,32.7
2026-08-06,1,hgb_clf,0.004113128474392504,25.0
2026-08-06,2,hgb_clf,0.017765289436384446,30.6
2026-08-06,3,hgb_clf,0.005462719007984813,32.7
2026-08-07,1,logistic,0.004666827883123914,30.6
2026-08-07,2,logistic,0.0033492287532273343,32.7
2026-08-07,3,logistic,0.008882718585425428,35.9
2026-08-07,1,forest_clf,0.0,30.6
2026-08-07,2,forest_clf,0.0,32.7
2026-08-07,3,forest_clf,0.0,35.9
2026-08-07,1,hgb_clf,0.003255256616078341,30.6
2026-08-07,2,hgb_clf,0.017765289436384446,32.7
2026-08-07,3,hgb_clf,0.003434405362596483,35.9
2026-08-08,1,logistic,0.006384620787952979,32.7
2026-08-08,2,logistic,0.005403188667239437,35.9
2026-08-08,3,logistic,0.009913001278169771,46.2
2026-08-08,1,forest_clf,0.0,32.7
2026-08-08,2,forest_clf,0.0,35.9
2026-08-08,3,forest_clf,0.0,46.2
2026-08-08,1,hgb_clf,0.003478722766188475,32.7
2026-08-08,2,hgb_clf,0.017765289436384446,35.9
2026-08-08,3,hgb_clf,0.005462719007984813,46.2
2026-08-09,1,logistic,0.0062366744965597,35.9
2026-08-09,2,logistic,0.005509587689597024,46.2
2026-08-09,3,logistic,0.010633920728546865,47.9
2026-08-09,1,forest_clf,0.0,35.9
2026-08-09,2,forest_clf,0.0,46.2
2026-08-09,3,forest_clf,0.0,47.9
2026-08-09,1,hgb_clf,0.003391937615990637,35.9
2026-08-09,2,hgb_clf,0.017765289436384446,46.2
2026-08-09,3,hgb_clf,0.003434405362596483,47.9
2026-08-10,1,logistic,0.008261378487684125,46.2
2026-08-10,2,logistic,0.004206953144591478,47.9
2026-08-10,3,logistic,0.009212340718522317,32.7
2026-08-10,1,forest_clf,0.0,46.2
2026-08-10,2,forest_clf,0.0,47.9
2026-08-10,3,forest_clf,0.0,32.7
2026-08-10,1,hgb_clf,0.0034783306497456735,46.2
2026-08-10,2,hgb_clf,0.017765289436384446,47.9
2026-08-10,3,hgb_clf,0.0032727333464140436,32.7
2026-08-11,1,logistic,0.011161586105646748,47.9
2026-08-11,2,logistic,0.007324929587991483,32.7
2026-08-11,3,logistic,0.015105183776144327,31.2
2026-08-11,1,forest_clf,0.0,47.9
2026-08-11,2,forest_clf,0.0,32.7
2026-08-11,3,forest_clf,0.0,31.2
2026-08-11,1,hgb_clf,0.003320551561137917,47.9
2026-08-11,2,hgb_clf,0.018623478291335267,32.7
2026-08-11,3,hgb_clf,0.004445887408427564,31.2
2026-08-12,1,logistic,0.011031707400844873,32.7
2026-08-12,2,logistic,0.007657114791587725,31.2
2026-08-12,3,logistic,0.015651545237619,40.4
2026-08-12,1,forest_clf,0.0012997618237495746,32.7
2026-08-12,2,forest_clf,0.0,31.2
2026-08-12,3,forest_clf,0.0,40.4
2026-08-12,1,hgb_clf,0.003103264629846217,32.7
2026-08-12,2,hgb_clf,0.018623478291335267,31.2
2026-08-12,3,hgb_clf,0.004614756649249461,40.4
2026-08-13,1,logistic,0.005664966014673496,31.2
2026-08-13,2,logistic,0.003153867300694492,40.4
2026-08-13,3,logistic,0.00826788938623898,27.0
2026-08-13,1,forest_clf,0.0,31.2
2026-08-13,2,forest_clf,0.0,40.4
2026-08-13,3,forest_clf,0.0,27.0
2026-08-13,1,hgb_clf,0.0038171696390311457,31.2
2026-08-13,2,hgb_clf,0.017765289436384446,40.4
2026-08-13,3,hgb_clf,0.0037365451992753896,27.0
2026-08-14,1,logistic,0.00463861162633176,40.4
2026-08-14,2,logistic,0.0027652003915417324,27.0
2026-08-14,3,logistic,0.007756306508680468,26.7
2026-08-14,1,forest_clf,0.0,40.4
2026-08-14,2,forest_clf,0.0,27.0
2026-08-14,3,forest_clf,0.0,26.7
2026-08-14,1,hgb_clf,0.0037849991679338884,40.4
2026-08-14,2,hgb_clf,0.017765289436384446,27.0
2026-08-14,3,hgb_clf,0.0038377236777027207,26.7
2026-08-15,1,logistic,0.00799449633874482,27.0
2026-08-15,2,logistic,0.006185135682856315,26.7
2026-08-15,3,logistic,0.011568136425418067,29.8
2026-08-15,1,forest_clf,0.0,27.0
2026-08-15,2,forest_clf,0.0,26.7
2026-08-15,3,forest_clf,0.0,29.8
2026-08-15,1,hgb_clf,0.0029882874150246323,27.0
2026-08-15,2,hgb_clf,0.017765289436384446,26.7
2026-08-15,3,hgb_clf,0.00555651770894014,29.8
2026-08-16,1,logistic,0.0044873947450703505,26.7
2026-08-16,2,logistic,0.002739561077071756,29.8
2026-08-16,3,logistic,0.006281412241725709,33.2
2026-08-16,1,forest_clf,0.017877149399235973,26.7
2026-08-16,2,forest_clf,0.0015284715284715287,29.8
2026-08-16,3,forest_clf,0.0,33.2
2026-08-16,1,hgb_clf,0.002842004453630772,26.7
2026-08-16,2,hgb_clf,0.017765289436384446,29.8
2026-08-16,3,hgb_clf,0.0038377236777027207,33.2
2026-08-17,1,logistic,0.004908157081606164,29.8
2026-08-17,2,logistic,0.0017361343317090691,33.2
2026-08-17,3,logistic,0.004611749338553717,37.1
2026-08-17,1,forest_clf,0.0021588089330024816,29.8
2026-08-17,2,forest_clf,0.0,33.2
2026-08-17,3,forest_clf,0.0,37.1
2026-08-17,1,hgb_clf,0.0035875035093761542,29.8
2026-08-17,2,hgb_clf,0.017765289436384446,33.2
2026-08-17,3,hgb_clf,0.0040374645623938,37.1
2026-08-18,1,logistic,0.005103335137923555,33.2
2026-08-18,2,logistic,0.002156071998230608,37.1
2026-08-18,3,logistic,0.005592781089672423,28.1
2026-08-18,1,forest_clf,0.0,33.2
2026-08-18,2,forest_clf,0.0,37.1
2026-08-18,3,forest_clf,0.0,28.1
2026-08-18,1,hgb_clf,0.0034473736026111776,33.2
2026-08-18,2,hgb_clf,0.017765289436384446,37.1
2026-08-18,3,hgb_clf,0.006016527703759764,28.1
2026-08-19,1,logistic,0.005345447321509734,37.1
2026-08-19,2,logistic,0.0026425922329339955,28.1
2026-08-19,3,logistic,0.006565093230481496,29.0
2026-08-19,1,forest_clf,0.00315227608432926,37.1
2026-08-19,2,forest_clf,0.0,28.1
2026-08-19,3,forest_clf,0.0,29.0
2026-08-19,1,hgb_clf,0.003170940712143143,37.1
2026-08-19,2,hgb_clf,0.017765289436384446,28.1
2026-08-19,3,hgb_clf,0.006016527703759764,29.0
2026-08-20,1,logistic,0.005670988609000672,28.1
2026-08-20,2,logistic,0.0032584942648151006,29.0
2026-08-20,3,logistic,0.008236505884033515,33.5
2026-08-20,1,forest_clf,0.0,28.1
2026-08-20,2,forest_clf,0.0,29.0
2026-08-20,3,forest_clf,0.0,33.5
2026-08-20,1,hgb_clf,0.003067713889586275,28.1
2026-08-20,2,hgb_clf,0.017765289436384446,29.0
2026-08-20,3,hgb_clf,0.0049426188030050585,33.5
2026-08-21,1,logistic,0.003475369369337307,29.0
2026-08-21,2,logistic,0.0016272374432108718,33.5
2026-08-21,3,logistic,0.004922693047994728,42.0
2026-08-21,1,forest_clf,0.0,29.0
2026-08-21,2,forest_clf,0.0,33.5
2026-08-21,3,forest_clf,0.0,42.0
2026-08-21,1,hgb_clf,0.002985994039732821,29.0
2026-08-21,2,hgb_clf,0.017765289436384446,33.5
2026-08-21,3,hgb_clf,0.0049426188030050585,42.0
2026-08-22,1,logistic,0.004241367064962533,33.5
2026-08-22,2,logistic,0.0022584917657616755,42.0
2026-08-22,3,logistic,0.004849714026139784,37.0
2026-08-22,1,forest_clf,0.0,33.5
2026-08-22,2,forest_clf,0.0,42.0
2026-08-22,3,forest_clf,0.0,37.0
2026-08-22,1,hgb_clf,0.003752142512796583,33.5
2026-08-22,2,hgb_clf,0.017765289436384446,42.0
2026-08-22,3,hgb_clf,0.00745650348182643,37.0
2026-08-23,1,logistic,0.004603966567227672,42.0
2026-08-23,2,logistic,0.003005671879521492,37.0
2026-08-23,3,logistic,0.006572165464554353,50.3
2026-08-23,1,forest_clf,0.0,42.0
2026-08-23,2,forest_clf,0.0,37.0
2026-08-23,3,forest_clf,0.0,50.3
2026-08-23,1,hgb_clf,0.004009841905006951,42.0
2026-08-23,2,hgb_clf,0.017765289436384446,37.0
2026-08-23,3,hgb_clf,0.005253015152719836,50.3
2026-08-24,1,logistic,0.007517302723154462,37.0
2026-08-24,2,logistic,0.003451157246476541,50.3
2026-08-24,3,logistic,0.007876031887673284,50.7
2026-08-24,1,forest_clf,0.0,37.0
2026-08-24,2,forest_clf,0.0,50.3
2026-08-24,3,forest_clf,0.0,50.7
2026-08-24,1,hgb_clf,0.004036653385232942,37.0
2026-08-24,2,hgb_clf,0.017765289436384446,50.3
2026-08-24,3,hgb_clf,0.008421150738271446,50.7
