origin,horizon,model,y_pred,y_true
2024-09-11,1,naive,26.9,9.91
2024-09-11,1,naive_carry,26.9,9.91
2024-09-11,1,seasonal_naive_7,25.0,9.91
2024-09-11,1,climatology,42.986111111111114,9.91
2024-09-11,1,gru,31.15215927572513,9.91
2024-09-11,2,naive,26.9,11.4
2024-09-11,2,naive_carry,26.9,11.4
2024-09-11,2,seasonal_naive_7,16.9,11.4
2024-09-11,2,climatology,44.73544444444444,11.4
2024-09-11,2,gru,29.654064323291532,11.4
2024-09-11,3,naive,26.9,21.6
2024-09-11,3,naive_carry,26.9,21.6
2024-09-11,3,seasonal_naive_7,23.4,21.6
2024-09-11,3,climatology,44.75411111111111,21.6
2024-09-11,3,gru,28.818788410010338,21.6
2024-09-12,1,naive,9.91,11.4
2024-09-12,1,naive_carry,9.91,11.4
2024-09-12,1,seasonal_naive_7,16.9,11.4
2024-09-12,1,climatology,44.73544444444444,11.4
2024-09-12,1,gru,14.323977035082768,11.4
2024-09-12,2,naive,9.91,21.6
2024-09-12,2,naive_carry,9.91,21.6
2024-09-12,2,seasonal_naive_7,23.4,21.6
2024-09-12,2,climatology,44.75411111111111,21.6
2024-09-12,2,gru,17.816561383403293,21.6
2024-09-12,3,naive,9.91,30.8
2024-09-12,3,naive_carry,9.91,30.8
2024-09-12,3,seasonal_naive_7,43.4,30.8
2024-09-12,3,climatology,43.81555555555555,30.8
2024-09-12,3,gru,22.67847027974028,30.8
2024-09-13,1,naive,11.4,21.6
2024-09-13,1,naive_carry,11.4,21.6
2024-09-13,1,seasonal_naive_7,23.4,21.6
2024-09-13,1,climatology,44.75411111111111,21.6
2024-09-13,1,gru,16.696684371223565,21.6
2024-09-13,2,naive,11.4,30.8
2024-09-13,2,naive_carry,11.4,30.8
2024-09-13,2,seasonal_naive_7,43.4,30.8
2024-09-13,2,climatology,43.81555555555555,30.8
2024-09-13,2,gru,21.08626013596107,30.8
2024-09-13,3,naive,11.4,39.0
2024-09-13,3,naive_carry,11.4,39.0
2024-09-13,3,seasonal_naive_7,41.6,39.0
2024-09-13,3,climatology,42.88166666666667,39.0
2024-09-13,3,gru,26.488707040473766,39.0
2024-09-14,1,naive,21.6,30.8
2024-09-14,1,naive_carry,21.6,30.8
2024-09-14,1,seasonal_naive_7,43.4,30.8
2024-09-14,1,climatology,43.81555555555555,30.8
2024-09-14,1,gru,27.527302525825643,30.8
2024-09-14,2,naive,21.6,39.0
2024-09-14,2,naive_carry,21.6,39.0
2024-09-14,2,seasonal_naive_7,41.6,39.0
2024-09-14,2,climatology,42.88166666666667,39.0
2024-09-14,2,gru,29.71967579227218,39.0
2024-09-14,3,naive,21.6,46.6
2024-09-14,3,naive_carry,21.6,46.6
2024-09-14,3,seasonal_naive_7,36.2,46.6
2024-09-14,3,climatology,41.751666666666665,46.6
2024-09-14,3,gru,34.17407803564133,46.6
2024-09-15,1,naive,30.8,39.0
2024-09-15,1,naive_carry,30.8,39.0
2024-09-15,1,seasonal_naive_7,41.6,39.0
2024-09-15,1,climatology,42.88166666666667,39.0
2024-09-15,1,gru,34.0763217685397,39.0
2024-09-15,2,naive,30.8,46.6
2024-09-15,2,naive_carry,30.8,46.6
2024-09-15,2,seasonal_naive_7,36.2,46.6
2024-09-15,2,climatology,41.751666666666665,46.6
2024-09-15,2,gru,33.27168155451401,46.6
2024-09-15,3,naive,30.8,29.6
2024-09-15,3,naive_carry,30.8,29.6
2024-09-15,3,seasonal_naive_7,26.9,29.6
2024-09-15,3,climatology,39.64522222222222,29.6
2024-09-15,3,gru,37.165746602461205,29.6
2024-09-16,1,naive,39.0,46.6
2024-09-16,1,naive_carry,39.0,46.6
2024-09-16,1,seasonal_naive_7,36.2,46.6
2024-09-16,1,climatology,41.751666666666665,46.6
2024-09-16,1,gru,40.74054788009461,46.6
2024-09-16,2,naive,39.0,29.6
2024-09-16,2,naive_carry,39.0,29.6
2024-09-16,2,seasonal_naive_7,26.9,29.6
2024-09-16,2,climatology,39.64522222222222,29.6
2024-09-16,2,gru,38.37518827087124,29.6
2024-09-16,3,naive,39.0,26.0
2024-09-16,3,naive_carry,39.0,26.0
2024-09-16,3,seasonal_naive_7,9.91,26.0
2024-09-16,3,climatology,39.65022222222222,26.0
2024-09-16,3,gru,39.56683235343354,26.0
2024-09-17,1,naive,46.6,29.6
2024-09-17,1,naive_carry,46.6,29.6
2024-09-17,1,seasonal_naive_7,26.9,29.6
2024-09-17,1,climatology,39.64522222222222,29.6
2024-09-17,1,gru,49.33173120588737,29.6
2024-09-17,2,naive,46.6,26.0
2024-09-17,2,naive_carry,46.6,26.0
2024-09-17,2,seasonal_naive_7,9.91,26.0
2024-09-17,2,climatology,39.65022222222222,26.0
2024-09-17,2,gru,45.88216578153398,26.0
2024-09-17,3,naive,46.6,26.7
2024-09-17,3,naive_carry,46.6,26.7
2024-09-17,3,seasonal_naive_7,11.4,26.7
2024-09-17,3,climatology,40.61466666666667,26.7
2024-09-17,3,gru,41.92115935926175,26.7
2024-09-18,1,naive,29.6,26.0
2024-09-18,1,naive_carry,29.6,26.0
2024-09-18,1,seasonal_naive_7,9.91,26.0
2024-09-18,1,climatology,39.65022222222222,26.0
2024-09-18,1,gru,36.30065914284517,26.0
2024-09-18,2,naive,29.6,26.7
2024-09-18,2,naive_carry,29.6,26.7
2024-09-18,2,seasonal_naive_7,11.4,26.7
2024-09-18,2,climatology,40.61466666666667,26.7
2024-09-18,2,gru,39.64815070344202,26.7
2024-09-18,3,naive,29.6,32.7
2024-09-18,3,naive_carry,29.6,32.7
2024-09-18,3,seasonal_naive_7,21.6,32.7
2024-09-18,3,climatology,42.01133333333334,32.7
2024-09-18,3,gru,41.192509311903784,32.7
2024-09-19,1,naive,26.0,26.7
2024-09-19,1,naive_carry,26.0,26.7
2024-09-19,1,seasonal_naive_7,11.4,26.7
2024-09-19,1,climatology,40.61466666666667,26.7
2024-09-19,1,gru,32.612963117691514,26.7
2024-09-19,2,naive,26.0,32.7
2024-09-19,2,naive_carry,26.0,32.7
2024-09-19,2,seasonal_naive_7,21.6,32.7
2024-09-19,2,climatology,42.01133333333334,32.7
2024-09-19,2,gru,36.496281166249915,32.7
2024-09-19,3,naive,26.0,61.5
2024-09-19,3,naive_carry,26.0,61.5
2024-09-19,3,seasonal_naive_7,30.8,61.5
2024-09-19,3,climatology,43.37688888888889,61.5
2024-09-19,3,gru,36.690880496326024,61.5
2024-09-20,1,naive,26.7,32.7
2024-09-20,1,naive_carry,26.7,32.7
2024-09-20,1,seasonal_naive_7,21.6,32.7
2024-09-20,1,climatology,42.01133333333334,32.7
2024-09-20,1,gru,34.17221771765984,32.7
2024-09-20,2,naive,26.7,61.5
2024-09-20,2,naive_carry,26.7,61.5
2024-09-20,2,seasonal_naive_7,30.8,61.5
2024-09-20,2,climatology,43.37688888888889,61.5
2024-09-20,2,gru,35.29878564965726,61.5
2024-09-20,3,naive,26.7,70.8
2024-09-20,3,naive_carry,26.7,70.8
2024-09-20,3,seasonal_naive_7,39.0,70.8
2024-09-20,3,climatology,44.78322222222222,70.8
2024-09-20,3,gru,34.19900938063565,70.8
2024-09-21,1,naive,32.7,61.5
2024-09-21,1,naive_carry,32.7,61.5
2024-09-21,1,seasonal_naive_7,30.8,61.5
2024-09-21,1,climatology,43.37688888888889,61.5
2024-09-21,1,gru,38.36158304581956,61.5
2024-09-21,2,naive,32.7,70.8
2024-09-21,2,naive_carry,32.7,70.8
2024-09-21,2,seasonal_naive_7,39.0,70.8
2024-09-21,2,climatology,44.78322222222222,70.8
2024-09-21,2,gru,36.569409775855384,70.8
2024-09-21,3,naive,32.7,81.0
2024-09-21,3,naive_carry,32.7,81.0
2024-09-21,3,seasonal_naive_7,46.6,81.0
2024-09-21,3,climatology,46.12877777777778,81.0
2024-09-21,3,gru,34.06341557944839,81.0
2024-09-22,1,naive,61.5,70.8
2024-09-22,1,naive_carry,61.5,70.8
2024-09-22,1,seasonal_naive_7,39.0,70.8
2024-09-22,1,climatology,44.78322222222222,70.8
2024-09-22,1,gru,56.565500451602745,70.8
2024-09-22,2,naive,61.5,81.0
2024-09-22,2,naive_carry,61.5,81.0
2024-09-22,2,seasonal_naive_7,46.6,81.0
2024-09-22,2,climatology,46.12877777777778,81.0
2024-09-22,2,gru,46.5775135284438,81.0
2024-09-22,3,naive,61.5,71.0
2024-09-22,3,naive_carry,61.5,71.0
2024-09-22,3,seasonal_naive_7,29.6,71.0
2024-09-22,3,climatology,47.26233333333333,71.0
2024-09-22,3,gru,39.9897397667215,71.0
2024-09-23,1,naive,70.8,81.0
2024-09-23,1,naive_carry,70.8,81.0
2024-09-23,1,seasonal_naive_7,46.6,81.0
2024-09-23,1,climatology,46.12877777777778,81.0
2024-09-23,1,gru,60.86054288564724,81.0
2024-09-23,2,naive,70.8,71.0
2024-09-23,2,naive_carry,70.8,71.0
2024-09-23,2,seasonal_naive_7,29.6,71.0
2024-09-23,2,climatology,47.26233333333333,71.0
2024-09-23,2,gru,48.78139473513276,71.0
2024-09-23,3,naive,70.8,23.2
2024-09-23,3,naive_carry,70.8,23.2
2024-09-23,3,seasonal_naive_7,26.0,23.2
2024-09-23,3,climatology,48.44322222222222,23.2
2024-09-23,3,gru,43.169158762856355,23.2
2024-09-24,1,naive,81.0,71.0
2024-09-24,1,naive_carry,81.0,71.0
2024-09-24,1,seasonal_naive_7,29.6,71.0
2024-09-24,1,climatology,47.26233333333333,71.0
2024-09-24,1,gru,70.69257720914294,71.0
2024-09-24,2,naive,81.0,23.2
2024-09-24,2,naive_carry,81.0,23.2
2024-09-24,2,seasonal_naive_7,26.0,23.2
2024-09-24,2,climatology,48.44322222222222,23.2
2024-09-24,2,gru,57.27150490331101,23.2
2024-09-24,3,naive,81.0,11.3
2024-09-24,3,naive_carry,81.0,11.3
2024-09-24,3,seasonal_naive_7,26.7,11.3
2024-09-24,3,climatology,48.54688888888889,11.3
2024-09-24,3,gru,48.14948650674522,11.3
2024-09-25,1,naive,71.0,23.2
2024-09-25,1,naive_carry,71.0,23.2
2024-09-25,1,seasonal_naive_7,26.0,23.2
2024-09-25,1,climatology,48.44322222222222,23.2
2024-09-25,1,gru,61.61074333236273,23.2
2024-09-25,2,naive,71.0,11.3
2024-09-25,2,naive_carry,71.0,11.3
2024-09-25,2,seasonal_naive_7,26.7,11.3
2024-09-25,2,climatology,48.54688888888889,11.3
2024-09-25,2,gru,54.46696757012451,11.3
2024-09-25,3,naive,71.0,16.1
2024-09-25,3,naive_carry,71.0,16.1
2024-09-25,3,seasonal_naive_7,32.7,16.1
2024-09-25,3,climatology,48.67222222222222,16.1
2024-09-25,3,gru,51.323579647180104,16.1
2024-09-26,1,naive,23.2,11.3
2024-09-26,1,naive_carry,23.2,11.3
2024-09-26,1,seasonal_naive_7,26.7,11.3
2024-09-26,1,climatology,48.54688888888889,11.3
2024-09-26,1,gru,28.55363771270336,11.3
2024-09-26,2,naive,23.2,16.1
2024-09-26,2,naive_carry,23.2,16.1
2024-09-26,2,seasonal_naive_7,32.7,16.1
2024-09-26,2,climatology,48.67222222222222,16.1
2024-09-26,2,gru,36.21633056932421,16.1
2024-09-26,3,naive,23.2,23.1
2024-09-26,3,naive_carry,23.2,23.1
2024-09-26,3,seasonal_naive_7,61.5,23.1
2024-09-26,3,climatology,50.20577777777778,23.1
2024-09-26,3,gru,44.839670488461266,23.1
2024-09-27,1,naive,11.3,16.1
2024-09-27,1,naive_carry,11.3,16.1
2024-09-27,1,seasonal_naive_7,32.7,16.1
2024-09-27,1,climatology,48.67222222222222,16.1
2024-09-27,1,gru,17.108313370895328,16.1
2024-09-27,2,naive,11.3,23.1
2024-09-27,2,naive_carry,11.3,23.1
2024-09-27,2,seasonal_naive_7,61.5,23.1
2024-09-27,2,climatology,50.20577777777778,23.1
2024-09-27,2,gru,24.699642836696885,23.1
2024-09-27,3,naive,11.3,52.9
2024-09-27,3,naive_carry,11.3,52.9
2024-09-27,3,seasonal_naive_7,70.8,52.9
2024-09-27,3,climatology,53.208222222222226,52.9
2024-09-27,3,gru,30.996253031002766,52.9
2024-09-28,1,naive,16.1,23.1
2024-09-28,1,naive_carry,16.1,23.1
2024-09-28,1,seasonal_naive_7,61.5,23.1
2024-09-28,1,climatology,50.20577777777778,23.1
2024-09-28,1,gru,25.001837619356852,23.1
2024-09-28,2,naive,16.1,52.9
2024-09-28,2,naive_carry,16.1,52.9
2024-09-28,2,seasonal_naive_7,70.8,52.9
2024-09-28,2,climatology,53.208222222222226,52.9
2024-09-28,2,gru,33.17492196611421,52.9
2024-09-28,3,naive,16.1,58.9
2024-09-28,3,naive_carry,16.1,58.9
2024-09-28,3,seasonal_naive_7,81.0,58.9
2024-09-28,3,climatology,57.230222222222224,58.9
2024-09-28,3,gru,39.340541782604554,58.9
2024-09-29,1,naive,23.1,52.9
2024-09-29,1,naive_carry,23.1,52.9
2024-09-29,1,seasonal_naive_7,70.8,52.9
2024-09-29,1,climatology,53.208222222222226,52.9
2024-09-29,1,gru,32.469017652716225,52.9
2024-09-29,2,naive,23.1,58.9
2024-09-29,2,naive_carry,23.1,58.9
2024-09-29,2,seasonal_naive_7,81.0,58.9
2024-09-29,2,climatology,57.230222222222224,58.9
2024-09-29,2,gru,38.181868202203496,58.9
2024-09-29,3,naive,23.1,59.0
2024-09-29,3,naive_carry,23.1,59.0
2024-09-29,3,seasonal_naive_7,71.0,59.0
2024-09-29,3,climatology,59.41555555555556,59.0
2024-09-29,3,gru,43.92145540633672,59.0
2024-09-30,1,naive,52.9,58.9
2024-09-30,1,naive_carry,52.9,58.9
2024-09-30,1,seasonal_naive_7,81.0,58.9
2024-09-30,1,climatology,57.230222222222224,58.9
2024-09-30,1,gru,53.20365111056015,58.9
2024-09-30,2,naive,52.9,59.0
2024-09-30,2,naive_carry,52.9,59.0
2024-09-30,2,seasonal_naive_7,71.0,59.0
2024-09-30,2,climatology,59.41555555555556,59.0
2024-09-30,2,gru,50.50127305662876,59.0
2024-09-30,3,naive,52.9,45.0
2024-09-30,3,naive_carry,52.9,45.0
2024-09-30,3,seasonal_naive_7,23.2,45.0
2024-09-30,3,climatology,61.333333333333336,45.0
2024-09-30,3,gru,52.46820566865499,45.0
2024-10-01,1,naive,58.9,59.0
2024-10-01,1,naive_carry,58.9,59.0
2024-10-01,1,seasonal_naive_7,71.0,59.0
2024-10-01,1,climatology,59.41555555555556,59.0
2024-10-01,1,gru,55.29171665165393,59.0
2024-10-01,2,naive,58.9,45.0
2024-10-01,2,naive_carry,58.9,45.0
2024-10-01,2,seasonal_naive_7,23.2,45.0
2024-10-01,2,climatology,61.333333333333336,45.0
2024-10-01,2,gru,50.330875477609176,45.0
2024-10-01,3,naive,58.9,50.8
2024-10-01,3,naive_carry,58.9,50.8
2024-10-01,3,seasonal_naive_7,11.3,50.8
2024-10-01,3,climatology,63.592666666666666,50.8
2024-10-01,3,gru,56.160727690721885,50.8
2024-10-02,1,naive,59.0,45.0
2024-10-02,1,naive_carry,59.0,45.0
2024-10-02,1,seasonal_naive_7,23.2,45.0
2024-10-02,1,climatology,61.333333333333336,45.0
2024-10-02,1,gru,58.27192813030005,45.0
2024-10-02,2,naive,59.0,50.8
2024-10-02,2,naive_carry,59.0,50.8
2024-10-02,2,seasonal_naive_7,11.3,50.8
2024-10-02,2,climatology,63.592666666666666,50.8
2024-10-02,2,gru,56.06631880311948,50.8
2024-10-02,3,naive,59.0,36.8
2024-10-02,3,naive_carry,59.0,36.8
2024-10-02,3,seasonal_naive_7,16.1,36.8
2024-10-02,3,climatology,66.37088888888889,36.8
2024-10-02,3,gru,58.707264381812884,36.8
2024-10-03,1,naive,45.0,50.8
2024-10-03,1,naive_carry,45.0,50.8
2024-10-03,1,seasonal_naive_7,11.3,50.8
2024-10-03,1,climatology,63.592666666666666,50.8
2024-10-03,1,gru,50.17818855556654,50.8
2024-10-03,2,naive,45.0,36.8
2024-10-03,2,naive_carry,45.0,36.8
2024-10-03,2,seasonal_naive_7,16.1,36.8
2024-10-03,2,climatology,66.37088888888889,36.8
2024-10-03,2,gru,54.43578766669547,36.8
2024-10-03,3,naive,45.0,39.1
2024-10-03,3,naive_carry,45.0,39.1
2024-10-03,3,seasonal_naive_7,23.1,39.1
2024-10-03,3,climatology,67.24755555555555,39.1
2024-10-03,3,gru,59.186215887739095,39.1
2024-10-04,1,naive,50.8,36.8
2024-10-04,1,naive_carry,50.8,36.8
2024-10-04,1,seasonal_naive_7,16.1,36.8
2024-10-04,1,climatology,66.37088888888889,36.8
2024-10-04,1,gru,56.2780995584373,36.8
2024-10-04,2,naive,50.8,39.1
2024-10-04,2,naive_carry,50.8,39.1
2024-10-04,2,seasonal_naive_7,23.1,39.1
2024-10-04,2,climatology,67.24755555555555,39.1
2024-10-04,2,gru,59.22935593825133,39.1
2024-10-04,3,naive,50.8,43.7
2024-10-04,3,naive_carry,50.8,43.7
2024-10-04,3,seasonal_naive_7,52.9,43.7
2024-10-04,3,climatology,70.202,43.7
2024-10-04,3,gru,60.146271556353184,43.7
2024-10-05,1,naive,36.8,39.1
2024-10-05,1,naive_carry,36.8,39.1
2024-10-05,1,seasonal_naive_7,23.1,39.1
2024-10-05,1,climatology,67.24755555555555,39.1
2024-10-05,1,gru,43.28123901453585,39.1
2024-10-05,2,naive,36.8,43.7
2024-10-05,2,naive_carry,36.8,43.7
2024-10-05,2,seasonal_naive_7,52.9,43.7
2024-10-05,2,climatology,70.202,43.7
2024-10-05,2,gru,48.9104926545606,43.7
2024-10-05,3,naive,36.8,62.7
2024-10-05,3,naive_carry,36.8,62.7
2024-10-05,3,seasonal_naive_7,58.9,62.7
2024-10-05,3,climatology,80.80866666666665,62.7
2024-10-05,3,gru,56.72976180655773,62.7
2024-10-06,1,naive,39.1,43.7
2024-10-06,1,naive_carry,39.1,43.7
2024-10-06,1,seasonal_naive_7,52.9,43.7
2024-10-06,1,climatology,70.202,43.7
2024-10-06,1,gru,47.75140430811988,43.7
2024-10-06,2,naive,39.1,62.7
2024-10-06,2,naive_carry,39.1,62.7
2024-10-06,2,seasonal_naive_7,58.9,62.7
2024-10-06,2,climatology,80.80866666666665,62.7
2024-10-06,2,gru,52.30094980234677,62.7
2024-10-06,3,naive,39.1,60.0
2024-10-06,3,naive_carry,39.1,60.0
2024-10-06,3,seasonal_naive_7,59.0,60.0
2024-10-06,3,climatology,83.93977777777779,60.0
2024-10-06,3,gru,56.598746673742184,60.0
2024-10-07,1,naive,43.7,62.7
2024-10-07,1,naive_carry,43.7,62.7
2024-10-07,1,seasonal_naive_7,58.9,62.7
2024-10-07,1,climatology,80.80866666666665,62.7
2024-10-07,1,gru,52.05982782745363,62.7
2024-10-07,2,naive,43.7,60.0
2024-10-07,2,naive_carry,43.7,60.0
2024-10-07,2,seasonal_naive_7,59.0,60.0
2024-10-07,2,climatology,83.93977777777779,60.0
2024-10-07,2,gru,54.51899533524145,60.0
2024-10-07,3,naive,43.7,43.3
2024-10-07,3,naive_carry,43.7,43.3
2024-10-07,3,seasonal_naive_7,45.0,43.3
2024-10-07,3,climatology,86.32199999999999,43.3
2024-10-07,3,gru,58.37574236445493,43.3
2024-10-08,1,naive,62.7,60.0
2024-10-08,1,naive_carry,62.7,60.0
2024-10-08,1,seasonal_naive_7,59.0,60.0
2024-10-08,1,climatology,83.93977777777779,60.0
2024-10-08,1,gru,65.31937850629396,60.0
2024-10-08,2,naive,62.7,43.3
2024-10-08,2,naive_carry,62.7,43.3
2024-10-08,2,seasonal_naive_7,45.0,43.3
2024-10-08,2,climatology,86.32199999999999,43.3
2024-10-08,2,gru,62.407795897434454,43.3
2024-10-08,3,naive,62.7,55.9
2024-10-08,3,naive_carry,62.7,55.9
2024-10-08,3,seasonal_naive_7,50.8,55.9
2024-10-08,3,climatology,88.69977777777778,55.9
2024-10-08,3,gru,63.4379278669525,55.9
2024-10-09,1,naive,60.0,43.3
2024-10-09,1,naive_carry,60.0,43.3
2024-10-09,1,seasonal_naive_7,45.0,43.3
2024-10-09,1,climatology,86.32199999999999,43.3
2024-10-09,1,gru,63.16403991342269,43.3
2024-10-09,2,naive,60.0,55.9
2024-10-09,2,naive_carry,60.0,55.9
2024-10-09,2,seasonal_naive_7,50.8,55.9
2024-10-09,2,climatology,88.69977777777778,55.9
2024-10-09,2,gru,62.81743521580782,55.9
2024-10-09,3,naive,60.0,60.0
2024-10-09,3,naive_carry,60.0,60.0
2024-10-09,3,seasonal_naive_7,36.8,60.0
2024-10-09,3,climatology,91.33977777777775,60.0
2024-10-09,3,gru,67.36943089594688,60.0
2024-10-10,1,naive,43.3,55.9
2024-10-10,1,naive_carry,43.3,55.9
2024-10-10,1,seasonal_naive_7,50.8,55.9
2024-10-10,1,climatology,88.69977777777778,55.9
2024-10-10,1,gru,50.90858222373352,55.9
2024-10-10,2,naive,43.3,60.0
2024-10-10,2,naive_carry,43.3,60.0
2024-10-10,2,seasonal_naive_7,36.8,60.0
2024-10-10,2,climatology,91.33977777777775,60.0
2024-10-10,2,gru,56.707069129191474,60.0
2024-10-10,3,naive,43.3,84.3
2024-10-10,3,naive_carry,43.3,84.3
2024-10-10,3,seasonal_naive_7,39.1,84.3
2024-10-10,3,climatology,95.41133333333332,84.3
2024-10-10,3,gru,65.1019984303294,84.3
2024-10-11,1,naive,55.9,60.0
2024-10-11,1,naive_carry,55.9,60.0
2024-10-11,1,seasonal_naive_7,36.8,60.0
2024-10-11,1,climatology,91.33977777777775,60.0
2024-10-11,1,gru,62.19885843796834,60.0
2024-10-11,2,naive,55.9,84.3
2024-10-11,2,naive_carry,55.9,84.3
2024-10-11,2,seasonal_naive_7,39.1,84.3
2024-10-11,2,climatology,95.41133333333332,84.3
2024-10-11,2,gru,65.71124207463664,84.3
2024-10-11,3,naive,55.9,85.9
2024-10-11,3,naive_carry,55.9,85.9
2024-10-11,3,seasonal_naive_7,43.7,85.9
2024-10-11,3,climatology,98.20355555555555,85.9
2024-10-11,3,gru,71.97169198453915,85.9
2024-10-12,1,naive,60.0,84.3
2024-10-12,1,naive_carry,60.0,84.3
2024-10-12,1,seasonal_naive_7,39.1,84.3
2024-10-12,1,climatology,95.41133333333332,84.3
2024-10-12,1,gru,69.37485759456337,84.3
2024-10-12,2,naive,60.0,85.9
2024-10-12,2,naive_carry,60.0,85.9
2024-10-12,2,seasonal_naive_7,43.7,85.9
2024-10-12,2,climatology,98.20355555555555,85.9
2024-10-12,2,gru,74.16437046140746,85.9
2024-10-12,3,naive,60.0,76.2
2024-10-12,3,naive_carry,60.0,76.2
2024-10-12,3,seasonal_naive_7,62.7,76.2
2024-10-12,3,climatology,100.56744444444443,76.2
2024-10-12,3,gru,80.00795275707995,76.2
2024-10-13,1,naive,84.3,85.9
2024-10-13,1,naive_carry,84.3,85.9
2024-10-13,1,seasonal_naive_7,43.7,85.9
2024-10-13,1,climatology,98.20355555555555,85.9
2024-10-13,1,gru,87.25131887101882,85.9
2024-10-13,2,naive,84.3,76.2
2024-10-13,2,naive_carry,84.3,76.2
2024-10-13,2,seasonal_naive_7,62.7,76.2
2024-10-13,2,climatology,100.56744444444443,76.2
2024-10-13,2,gru,79.89970304600232,76.2
2024-10-13,3,naive,84.3,92.2
2024-10-13,3,naive_carry,84.3,92.2
2024-10-13,3,seasonal_naive_7,60.0,92.2
2024-10-13,3,climatology,104.06377777777776,92.2
2024-10-13,3,gru,93.48830660678698,92.2
2024-10-14,1,naive,85.9,76.2
2024-10-14,1,naive_carry,85.9,76.2
2024-10-14,1,seasonal_naive_7,62.7,76.2
2024-10-14,1,climatology,100.56744444444443,76.2
2024-10-14,1,gru,85.05727965411242,76.2
2024-10-14,2,naive,85.9,92.2
2024-10-14,2,naive_carry,85.9,92.2
2024-10-14,2,seasonal_naive_7,60.0,92.2
2024-10-14,2,climatology,104.06377777777776,92.2
2024-10-14,2,gru,81.64169125348644,92.2
2024-10-14,3,naive,85.9,112.0
2024-10-14,3,naive_carry,85.9,112.0
2024-10-14,3,seasonal_naive_7,43.3,112.0
2024-10-14,3,climatology,111.00344444444444,112.0
2024-10-14,3,gru,99.3057031177965,112.0
2024-10-15,1,naive,76.2,92.2
2024-10-15,1,naive_carry,76.2,92.2
2024-10-15,1,seasonal_naive_7,60.0,92.2
2024-10-15,1,climatology,104.06377777777776,92.2
2024-10-15,1,gru,75.97109908403932,92.2
2024-10-15,2,naive,76.2,112.0
2024-10-15,2,naive_carry,76.2,112.0
2024-10-15,2,seasonal_naive_7,43.3,112.0
2024-10-15,2,climatology,111.00344444444444,112.0
2024-10-15,2,gru,81.19588222430033,112.0
2024-10-15,3,naive,76.2,97.8
2024-10-15,3,naive_carry,76.2,97.8
2024-10-15,3,seasonal_naive_7,55.9,97.8
2024-10-15,3,climatology,113.98811111111112,97.8
2024-10-15,3,gru,102.15068880903243,97.8
2024-10-16,1,naive,92.2,112.0
2024-10-16,1,naive_carry,92.2,112.0
2024-10-16,1,seasonal_naive_7,43.3,112.0
2024-10-16,1,climatology,111.00344444444444,112.0
2024-10-16,1,gru,100.12627675429441,112.0
2024-10-16,2,naive,92.2,97.8
2024-10-16,2,naive_carry,92.2,97.8
2024-10-16,2,seasonal_naive_7,55.9,97.8
2024-10-16,2,climatology,113.98811111111112,97.8
2024-10-16,2,gru,93.70757240876922,97.8
2024-10-16,3,naive,92.2,101.0
2024-10-16,3,naive_carry,92.2,101.0
2024-10-16,3,seasonal_naive_7,60.0,101.0
2024-10-16,3,climatology,119.42544444444444,101.0
2024-10-16,3,gru,112.19556738299856,101.0
2024-10-17,1,naive,112.0,97.8
2024-10-17,1,naive_carry,112.0,97.8
2024-10-17,1,seasonal_naive_7,55.9,97.8
2024-10-17,1,climatology,113.98811111111112,97.8
2024-10-17,1,gru,107.70558212888206,97.8
2024-10-17,2,naive,112.0,101.0
2024-10-17,2,naive_carry,112.0,101.0
2024-10-17,2,seasonal_naive_7,60.0,101.0
2024-10-17,2,climatology,119.42544444444444,101.0
2024-10-17,2,gru,97.6887068748364,101.0
2024-10-17,3,naive,112.0,120.0
2024-10-17,3,naive_carry,112.0,120.0
2024-10-17,3,seasonal_naive_7,84.3,120.0
2024-10-17,3,climatology,125.94944444444444,120.0
2024-10-17,3,gru,119.90457236980487,120.0
2024-10-18,1,naive,97.8,101.0
2024-10-18,1,naive_carry,97.8,101.0
2024-10-18,1,seasonal_naive_7,60.0,101.0
2024-10-18,1,climatology,119.42544444444444,101.0
2024-10-18,1,gru,100.56760223522811,101.0
2024-10-18,2,naive,97.8,120.0
2024-10-18,2,naive_carry,97.8,120.0
2024-10-18,2,seasonal_naive_7,84.3,120.0
2024-10-18,2,climatology,125.94944444444444,120.0
2024-10-18,2,gru,96.8198367811426,120.0
2024-10-18,3,naive,97.8,131.0
2024-10-18,3,naive_carry,97.8,131.0
2024-10-18,3,seasonal_naive_7,85.9,131.0
2024-10-18,3,climatology,134.3661111111111,131.0
2024-10-18,3,gru,120.93359902067883,131.0
2024-10-19,1,naive,101.0,120.0
2024-10-19,1,naive_carry,101.0,120.0
2024-10-19,1,seasonal_naive_7,84.3,120.0
2024-10-19,1,climatology,125.94944444444444,120.0
2024-10-19,1,gru,100.69576087372221,120.0
2024-10-19,2,naive,101.0,131.0
2024-10-19,2,naive_carry,101.0,131.0
2024-10-19,2,seasonal_naive_7,85.9,131.0
2024-10-19,2,climatology,134.3661111111111,131.0
2024-10-19,2,gru,96.7261119900314,131.0
2024-10-19,3,naive,101.0,136.0
2024-10-19,3,naive_carry,101.0,136.0
2024-10-19,3,seasonal_naive_7,76.2,136.0
2024-10-19,3,climatology,140.9961111111111,136.0
2024-10-19,3,gru,122.10283185149052,136.0
2024-10-20,1,naive,120.0,131.0
2024-10-20,1,naive_carry,120.0,131.0
2024-10-20,1,seasonal_naive_7,85.9,131.0
2024-10-20,1,climatology,134.3661111111111,131.0
2024-10-20,1,gru,115.27072160198078,131.0
2024-10-20,2,naive,120.0,136.0
2024-10-20,2,naive_carry,120.0,136.0
2024-10-20,2,seasonal_naive_7,76.2,136.0
2024-10-20,2,climatology,140.9961111111111,136.0
2024-10-20,2,gru,106.14828868423679,136.0
2024-10-20,3,naive,120.0,194.0
2024-10-20,3,naive_carry,120.0,194.0
2024-10-20,3,seasonal_naive_7,92.2,194.0
2024-10-20,3,climatology,140.78944444444446,194.0
2024-10-20,3,gru,131.2871470915489,194.0
2024-10-21,1,naive,131.0,136.0
2024-10-21,1,naive_carry,131.0,136.0
2024-10-21,1,seasonal_naive_7,76.2,136.0
2024-10-21,1,climatology,140.9961111111111,136.0
2024-10-21,1,gru,123.90304080623154,136.0
2024-10-21,2,naive,131.0,194.0
2024-10-21,2,naive_carry,131.0,194.0
2024-10-21,2,seasonal_naive_7,92.2,194.0
2024-10-21,2,climatology,140.78944444444446,194.0
2024-10-21,2,gru,114.07734332500043,194.0
2024-10-21,3,naive,131.0,130.0
2024-10-21,3,naive_carry,131.0,130.0
2024-10-21,3,seasonal_naive_7,112.0,130.0
2024-10-21,3,climatology,149.08166666666665,130.0
2024-10-21,3,gru,142.57924527284288,130.0
2024-10-22,1,naive,136.0,194.0
2024-10-22,1,naive_carry,136.0,194.0
2024-10-22,1,seasonal_naive_7,92.2,194.0
2024-10-22,1,climatology,140.78944444444446,194.0
2024-10-22,1,gru,126.9105721589297,194.0
2024-10-22,2,naive,136.0,130.0
2024-10-22,2,naive_carry,136.0,130.0
2024-10-22,2,seasonal_naive_7,112.0,130.0
2024-10-22,2,climatology,149.08166666666665,130.0
2024-10-22,2,gru,120.42836469568809,130.0
2024-10-22,3,naive,136.0,111.0
2024-10-22,3,naive_carry,136.0,111.0
2024-10-22,3,seasonal_naive_7,97.8,111.0
2024-10-22,3,climatology,157.12944444444443,111.0
2024-10-22,3,gru,152.9727402868427,111.0
2024-10-23,1,naive,194.0,130.0
2024-10-23,1,naive_carry,194.0,130.0
2024-10-23,1,seasonal_naive_7,112.0,130.0
2024-10-23,1,climatology,149.08166666666665,130.0
2024-10-23,1,gru,147.09014140155563,130.0
2024-10-23,2,naive,194.0,111.0
2024-10-23,2,naive_carry,194.0,111.0
2024-10-23,2,seasonal_naive_7,97.8,111.0
2024-10-23,2,climatology,157.12944444444443,111.0
2024-10-23,2,gru,137.31616968852884,111.0
2024-10-23,3,naive,194.0,137.0
2024-10-23,3,naive_carry,194.0,137.0
2024-10-23,3,seasonal_naive_7,101.0,137.0
2024-10-23,3,climatology,167.63166666666666,137.0
2024-10-23,3,gru,174.62609356901118,137.0
2024-10-24,1,naive,130.0,111.0
2024-10-24,1,naive_carry,130.0,111.0
2024-10-24,1,seasonal_naive_7,97.8,111.0
2024-10-24,1,climatology,157.12944444444443,111.0
2024-10-24,1,gru,107.3208952503909,111.0
2024-10-24,2,naive,130.0,137.0
2024-10-24,2,naive_carry,130.0,137.0
2024-10-24,2,seasonal_naive_7,101.0,137.0
2024-10-24,2,climatology,167.63166666666666,137.0
2024-10-24,2,gru,123.96516276788975,137.0
2024-10-24,3,naive,130.0,157.0
2024-10-24,3,naive_carry,130.0,157.0
2024-10-24,3,seasonal_naive_7,120.0,157.0
2024-10-24,3,climatology,175.97166666666666,157.0
2024-10-24,3,gru,160.20219003259126,157.0
2024-10-25,1,naive,111.0,137.0
2024-10-25,1,naive_carry,111.0,137.0
2024-10-25,1,seasonal_naive_7,101.0,137.0
2024-10-25,1,climatology,167.63166666666666,137.0
2024-10-25,1,gru,116.56469194212387,137.0
2024-10-25,2,naive,111.0,157.0
2024-10-25,2,naive_carry,111.0,157.0
2024-10-25,2,seasonal_naive_7,120.0,157.0
2024-10-25,2,climatology,175.97166666666666,157.0
2024-10-25,2,gru,131.91432691673845,157.0
2024-10-25,3,naive,111.0,115.0
2024-10-25,3,naive_carry,111.0,115.0
2024-10-25,3,seasonal_naive_7,131.0,115.0
2024-10-25,3,climatology,185.96277777777777,115.0
2024-10-25,3,gru,159.380533022197,115.0
2024-10-26,1,naive,137.0,157.0
2024-10-26,1,naive_carry,137.0,157.0
2024-10-26,1,seasonal_naive_7,120.0,157.0
2024-10-26,1,climatology,175.97166666666666,157.0
2024-10-26,1,gru,140.70862001674502,157.0
2024-10-26,2,naive,137.0,115.0
2024-10-26,2,naive_carry,137.0,115.0
2024-10-26,2,seasonal_naive_7,131.0,115.0
2024-10-26,2,climatology,185.96277777777777,115.0
2024-10-26,2,gru,142.30091408868225,115.0
2024-10-26,3,naive,137.0,97.7
2024-10-26,3,naive_carry,137.0,97.7
2024-10-26,3,seasonal_naive_7,136.0,97.7
2024-10-26,3,climatology,192.7505555555555,97.7
2024-10-26,3,gru,169.07658272004548,97.7
2024-10-27,1,naive,157.0,115.0
2024-10-27,1,naive_carry,157.0,115.0
2024-10-27,1,seasonal_naive_7,131.0,115.0
2024-10-27,1,climatology,185.96277777777777,115.0
2024-10-27,1,gru,170.2479076786044,115.0
2024-10-27,2,naive,157.0,97.7
2024-10-27,2,naive_carry,157.0,97.7
2024-10-27,2,seasonal_naive_7,136.0,97.7
2024-10-27,2,climatology,192.7505555555555,97.7
2024-10-27,2,gru,149.6060448615761,97.7
2024-10-27,3,naive,157.0,131.0
2024-10-27,3,naive_carry,157.0,131.0
2024-10-27,3,seasonal_naive_7,194.0,131.0
2024-10-27,3,climatology,202.96055555555552,131.0
2024-10-27,3,gru,178.51207287930967,131.0
2024-10-28,1,naive,115.0,97.7
2024-10-28,1,naive_carry,115.0,97.7
2024-10-28,1,seasonal_naive_7,136.0,97.7
2024-10-28,1,climatology,192.7505555555555,97.7
2024-10-28,1,gru,126.75676515543702,97.7
2024-10-28,2,naive,115.0,131.0
2024-10-28,2,naive_carry,115.0,131.0
2024-10-28,2,seasonal_naive_7,194.0,131.0
2024-10-28,2,climatology,202.96055555555552,131.0
2024-10-28,2,gru,123.58232379716291,131.0
2024-10-28,3,naive,115.0,176.0
2024-10-28,3,naive_carry,115.0,176.0
2024-10-28,3,seasonal_naive_7,130.0,176.0
2024-10-28,3,climatology,219.2761111111111,176.0
2024-10-28,3,gru,157.22167910344146,176.0
2024-10-29,1,naive,97.7,131.0
2024-10-29,1,naive_carry,97.7,131.0
2024-10-29,1,seasonal_naive_7,194.0,131.0
2024-10-29,1,climatology,202.96055555555552,131.0
2024-10-29,1,gru,116.88871305400053,131.0
2024-10-29,2,naive,97.7,176.0
2024-10-29,2,naive_carry,97.7,176.0
2024-10-29,2,seasonal_naive_7,130.0,176.0
2024-10-29,2,climatology,219.2761111111111,176.0
2024-10-29,2,gru,112.49539869394091,176.0
2024-10-29,3,naive,97.7,117.0
2024-10-29,3,naive_carry,97.7,117.0
2024-10-29,3,seasonal_naive_7,111.0,117.0
2024-10-29,3,climatology,227.6737777777778,117.0
2024-10-29,3,gru,137.06336878914468,117.0
2024-10-30,1,naive,131.0,176.0
2024-10-30,1,naive_carry,131.0,176.0
2024-10-30,1,seasonal_naive_7,130.0,176.0
2024-10-30,1,climatology,219.2761111111111,176.0
2024-10-30,1,gru,135.3168352932589,176.0
2024-10-30,2,naive,131.0,117.0
2024-10-30,2,naive_carry,131.0,117.0
2024-10-30,2,seasonal_naive_7,111.0,117.0
2024-10-30,2,climatology,227.6737777777778,117.0
2024-10-30,2,gru,118.49954558036318,117.0
2024-10-30,3,naive,131.0,184.0
2024-10-30,3,naive_carry,131.0,184.0
2024-10-30,3,seasonal_naive_7,137.0,184.0
2024-10-30,3,climatology,239.13244444444445,184.0
2024-10-30,3,gru,145.68309446521272,184.0
2024-10-31,1,naive,176.0,117.0
2024-10-31,1,naive_carry,176.0,117.0
2024-10-31,1,seasonal_naive_7,111.0,117.0
2024-10-31,1,climatology,227.6737777777778,117.0
2024-10-31,1,gru,135.52515444985826,117.0
2024-10-31,2,naive,176.0,184.0
2024-10-31,2,naive_carry,176.0,184.0
2024-10-31,2,seasonal_naive_7,137.0,184.0
2024-10-31,2,climatology,239.13244444444445,184.0
2024-10-31,2,gru,128.2973153838738,184.0
2024-10-31,3,naive,176.0,207.0
2024-10-31,3,naive_carry,176.0,207.0
2024-10-31,3,seasonal_naive_7,157.0,207.0
2024-10-31,3,climatology,247.86768253968253,207.0
2024-10-31,3,gru,164.62718220872893,207.0
2024-11-01,1,naive,117.0,184.0
2024-11-01,1,naive_carry,117.0,184.0
2024-11-01,1,seasonal_naive_7,137.0,184.0
2024-11-01,1,climatology,239.13244444444445,184.0
2024-11-01,1,gru,111.86712339970278,184.0
2024-11-01,2,naive,117.0,207.0
2024-11-01,2,naive_carry,117.0,207.0
2024-11-01,2,seasonal_naive_7,157.0,207.0
2024-11-01,2,climatology,247.86768253968253,207.0
2024-11-01,2,gru,131.1702646874265,207.0
2024-11-01,3,naive,117.0,218.0
2024-11-01,3,naive_carry,117.0,218.0
2024-11-01,3,seasonal_naive_7,115.0,218.0
2024-11-01,3,climatology,255.74387301587305,218.0
2024-11-01,3,gru,162.2317742513392,218.0
2024-11-02,1,naive,184.0,207.0
2024-11-02,1,naive_carry,184.0,207.0
2024-11-02,1,seasonal_naive_7,157.0,207.0
2024-11-02,1,climatology,247.86768253968253,207.0
2024-11-02,1,gru,201.32112699052192,207.0
2024-11-02,2,naive,184.0,218.0
2024-11-02,2,naive_carry,184.0,218.0
2024-11-02,2,seasonal_naive_7,115.0,218.0
2024-11-02,2,climatology,255.74387301587305,218.0
2024-11-02,2,gru,177.59961125811117,218.0
2024-11-02,3,naive,184.0,171.0
2024-11-02,3,naive_carry,184.0,171.0
2024-11-02,3,seasonal_naive_7,97.7,171.0
2024-11-02,3,climatology,260.2486349206349,171.0
2024-11-02,3,gru,202.19096416272387,171.0
2024-11-03,1,naive,207.0,218.0
2024-11-03,1,naive_carry,207.0,218.0
2024-11-03,1,seasonal_naive_7,115.0,218.0
2024-11-03,1,climatology,255.74387301587305,218.0
2024-11-03,1,gru,206.46511426466796,218.0
2024-11-03,2,naive,207.0,171.0
2024-11-03,2,naive_carry,207.0,171.0
2024-11-03,2,seasonal_naive_7,97.7,171.0
2024-11-03,2,climatology,260.2486349206349,171.0
2024-11-03,2,gru,179.84294256459424,171.0
2024-11-03,3,naive,207.0,168.0
2024-11-03,3,naive_carry,207.0,168.0
2024-11-03,3,seasonal_naive_7,131.0,168.0
2024-11-03,3,climatology,260.50863492063496,168.0
2024-11-03,3,gru,217.14242458705735,168.0
2024-11-04,1,naive,218.0,171.0
2024-11-04,1,naive_carry,218.0,171.0
2024-11-04,1,seasonal_naive_7,97.7,171.0
2024-11-04,1,climatology,260.2486349206349,171.0
2024-11-04,1,gru,195.82716935136887,171.0
2024-11-04,2,naive,218.0,168.0
2024-11-04,2,naive_carry,218.0,168.0
2024-11-04,2,seasonal_naive_7,131.0,168.0
2024-11-04,2,climatology,260.50863492063496,168.0
2024-11-04,2,gru,176.3357552539892,168.0
2024-11-04,3,naive,218.0,206.0
2024-11-04,3,naive_carry,218.0,206.0
2024-11-04,3,seasonal_naive_7,176.0,206.0
2024-11-04,3,climatology,261.3130793650794,206.0
2024-11-04,3,gru,218.44798281219823,206.0
2024-11-05,1,naive,171.0,168.0
2024-11-05,1,naive_carry,171.0,168.0
2024-11-05,1,seasonal_naive_7,131.0,168.0
2024-11-05,1,climatology,260.50863492063496,168.0
2024-11-05,1,gru,180.06546929072192,168.0
2024-11-05,2,naive,171.0,206.0
2024-11-05,2,naive_carry,171.0,206.0
2024-11-05,2,seasonal_naive_7,176.0,206.0
2024-11-05,2,climatology,261.3130793650794,206.0
2024-11-05,2,gru,171.1367499464023,206.0
2024-11-05,3,naive,171.0,180.0
2024-11-05,3,naive_carry,171.0,180.0
2024-11-05,3,seasonal_naive_7,117.0,180.0
2024-11-05,3,climatology,259.1305396825397,180.0
2024-11-05,3,gru,201.87742154243423,180.0
2024-11-06,1,naive,168.0,206.0
2024-11-06,1,naive_carry,168.0,206.0
2024-11-06,1,seasonal_naive_7,176.0,206.0
2024-11-06,1,climatology,261.3130793650794,206.0
2024-11-06,1,gru,175.39128017354471,206.0
2024-11-06,2,naive,168.0,180.0
2024-11-06,2,naive_carry,168.0,180.0
2024-11-06,2,seasonal_naive_7,117.0,180.0
2024-11-06,2,climatology,259.1305396825397,180.0
2024-11-06,2,gru,165.15572197835408,180.0
2024-11-06,3,naive,168.0,164.0
2024-11-06,3,naive_carry,168.0,164.0
2024-11-06,3,seasonal_naive_7,184.0,164.0
2024-11-06,3,climatology,255.0645079365079,164.0
2024-11-06,3,gru,190.21036839928743,164.0
2024-11-07,1,naive,206.0,180.0
2024-11-07,1,naive_carry,206.0,180.0
2024-11-07,1,seasonal_naive_7,117.0,180.0
2024-11-07,1,climatology,259.1305396825397,180.0
2024-11-07,1,gru,194.3130756397438,180.0
2024-11-07,2,naive,206.0,164.0
2024-11-07,2,naive_carry,206.0,164.0
2024-11-07,2,seasonal_naive_7,184.0,164.0
2024-11-07,2,climatology,255.0645079365079,164.0
2024-11-07,2,gru,170.97838552254845,164.0
2024-11-07,3,naive,206.0,156.0
2024-11-07,3,naive_carry,206.0,156.0
2024-11-07,3,seasonal_naive_7,207.0,156.0
2024-11-07,3,climatology,248.0346666666667,156.0
2024-11-07,3,gru,192.4596184599941,156.0
2024-11-08,1,naive,180.0,164.0
2024-11-08,1,naive_carry,180.0,164.0
2024-11-08,1,seasonal_naive_7,184.0,164.0
2024-11-08,1,climatology,255.0645079365079,164.0
2024-11-08,1,gru,182.7701956689875,164.0
2024-11-08,2,naive,180.0,156.0
2024-11-08,2,naive_carry,180.0,156.0
2024-11-08,2,seasonal_naive_7,207.0,156.0
2024-11-08,2,climatology,248.0346666666667,156.0
2024-11-08,2,gru,167.67377736423532,156.0
2024-11-08,3,naive,180.0,167.0
2024-11-08,3,naive_carry,180.0,167.0
2024-11-08,3,seasonal_naive_7,218.0,167.0
2024-11-08,3,climatology,244.6871111111111,167.0
2024-11-08,3,gru,191.18792758015456,167.0
2024-11-09,1,naive,164.0,156.0
2024-11-09,1,naive_carry,164.0,156.0
2024-11-09,1,seasonal_naive_7,207.0,156.0
2024-11-09,1,climatology,248.0346666666667,156.0
2024-11-09,1,gru,167.9523463440905,156.0
2024-11-09,2,naive,164.0,167.0
2024-11-09,2,naive_carry,164.0,167.0
2024-11-09,2,seasonal_naive_7,218.0,167.0
2024-11-09,2,climatology,244.6871111111111,167.0
2024-11-09,2,gru,158.52946062471523,167.0
2024-11-09,3,naive,164.0,177.0
2024-11-09,3,naive_carry,164.0,177.0
2024-11-09,3,seasonal_naive_7,171.0,177.0
2024-11-09,3,climatology,238.28711111111113,177.0
2024-11-09,3,gru,179.8360534925611,177.0
2024-11-10,1,naive,156.0,167.0
2024-11-10,1,naive_carry,156.0,167.0
2024-11-10,1,seasonal_naive_7,218.0,167.0
2024-11-10,1,climatology,244.6871111111111,167.0
2024-11-10,1,gru,168.31452816133978,167.0
2024-11-10,2,naive,156.0,177.0
2024-11-10,2,naive_carry,156.0,177.0
2024-11-10,2,seasonal_naive_7,171.0,177.0
2024-11-10,2,climatology,238.28711111111113,177.0
2024-11-10,2,gru,157.01680518646708,177.0
2024-11-10,3,naive,156.0,385.0
2024-11-10,3,naive_carry,156.0,385.0
2024-11-10,3,seasonal_naive_7,168.0,385.0
2024-11-10,3,climatology,237.28647619047615,385.0
2024-11-10,3,gru,172.40732757986248,385.0
2024-11-11,1,naive,167.0,177.0
2024-11-11,1,naive_carry,167.0,177.0
2024-11-11,1,seasonal_naive_7,171.0,177.0
2024-11-11,1,climatology,238.28711111111113,177.0
2024-11-11,1,gru,168.5058748303481,177.0
2024-11-11,2,naive,167.0,385.0
2024-11-11,2,naive_carry,167.0,385.0
2024-11-11,2,seasonal_naive_7,168.0,385.0
2024-11-11,2,climatology,237.28647619047615,385.0
2024-11-11,2,gru,156.4566818656402,385.0
2024-11-11,3,naive,167.0,292.0
2024-11-11,3,naive_carry,167.0,292.0
2024-11-11,3,seasonal_naive_7,206.0,292.0
2024-11-11,3,climatology,230.3134603174603,292.0
2024-11-11,3,gru,174.2604427325375,292.0
2024-11-12,1,naive,177.0,385.0
2024-11-12,1,naive_carry,177.0,385.0
2024-11-12,1,seasonal_naive_7,168.0,385.0
2024-11-12,1,climatology,237.28647619047615,385.0
2024-11-12,1,gru,158.86429251423763,385.0
2024-11-12,2,naive,177.0,292.0
2024-11-12,2,naive_carry,177.0,292.0
2024-11-12,2,seasonal_naive_7,206.0,292.0
2024-11-12,2,climatology,230.3134603174603,292.0
2024-11-12,2,gru,155.1840201479411,292.0
2024-11-12,3,naive,177.0,251.0
2024-11-12,3,naive_carry,177.0,251.0
2024-11-12,3,seasonal_naive_7,180.0,251.0
2024-11-12,3,climatology,214.5912380952381,251.0
2024-11-12,3,gru,174.40768940666814,251.0
2024-11-13,1,naive,385.0,292.0
2024-11-13,1,naive_carry,385.0,292.0
2024-11-13,1,seasonal_naive_7,206.0,292.0
2024-11-13,1,climatology,230.3134603174603,292.0
2024-11-13,1,gru,274.5133543231958,292.0
2024-11-13,2,naive,385.0,251.0
2024-11-13,2,naive_carry,385.0,251.0
2024-11-13,2,seasonal_naive_7,180.0,251.0
2024-11-13,2,climatology,214.5912380952381,251.0
2024-11-13,2,gru,228.04326013933579,251.0
2024-11-13,3,naive,385.0,321.0
2024-11-13,3,naive_carry,385.0,321.0
2024-11-13,3,seasonal_naive_7,164.0,321.0
2024-11-13,3,climatology,204.07746031746032,321.0
2024-11-13,3,gru,237.03064519204432,321.0
2024-11-14,1,naive,292.0,251.0
2024-11-14,1,naive_carry,292.0,251.0
2024-11-14,1,seasonal_naive_7,180.0,251.0
2024-11-14,1,climatology,214.5912380952381,251.0
2024-11-14,1,gru,284.7600541166217,251.0
2024-11-14,2,naive,292.0,321.0
2024-11-14,2,naive_carry,292.0,321.0
2024-11-14,2,seasonal_naive_7,164.0,321.0
2024-11-14,2,climatology,204.07746031746032,321.0
2024-11-14,2,gru,233.05707451517094,321.0
2024-11-14,3,naive,292.0,470.0
2024-11-14,3,naive_carry,292.0,470.0
2024-11-14,3,seasonal_naive_7,156.0,470.0
2024-11-14,3,climatology,196.2774603174603,470.0
2024-11-14,3,gru,255.23156676300746,470.0
2024-11-15,1,naive,251.0,321.0
2024-11-15,1,naive_carry,251.0,321.0
2024-11-15,1,seasonal_naive_7,164.0,321.0
2024-11-15,1,climatology,204.07746031746032,321.0
2024-11-15,1,gru,227.2440846662416,321.0
2024-11-15,2,naive,251.0,470.0
2024-11-15,2,naive_carry,251.0,470.0
2024-11-15,2,seasonal_naive_7,156.0,470.0
2024-11-15,2,climatology,196.2774603174603,470.0
2024-11-15,2,gru,211.10105879017567,470.0
2024-11-15,3,naive,251.0,665.0
2024-11-15,3,naive_carry,251.0,665.0
2024-11-15,3,seasonal_naive_7,167.0,665.0
2024-11-15,3,climatology,193.31079365079367,665.0
2024-11-15,3,gru,222.58631291805733,665.0
2024-11-16,1,naive,321.0,470.0
2024-11-16,1,naive_carry,321.0,470.0
2024-11-16,1,seasonal_naive_7,156.0,470.0
2024-11-16,1,climatology,196.2774603174603,470.0
2024-11-16,1,gru,260.4797982735544,470.0
2024-11-16,2,naive,321.0,665.0
2024-11-16,2,naive_carry,321.0,665.0
2024-11-16,2,seasonal_naive_7,167.0,665.0
2024-11-16,2,climatology,193.31079365079367,665.0
2024-11-16,2,gru,226.52366213019002,665.0
2024-11-16,3,naive,321.0,310.0
2024-11-16,3,naive_carry,321.0,310.0
2024-11-16,3,seasonal_naive_7,177.0,310.0
2024-11-16,3,climatology,183.1790476190476,310.0
2024-11-16,3,gru,219.37765912754693,310.0
2024-11-17,1,naive,470.0,665.0
2024-11-17,1,naive_carry,470.0,665.0
2024-11-17,1,seasonal_naive_7,167.0,665.0
2024-11-17,1,climatology,193.31079365079367,665.0
2024-11-17,1,gru,358.0826811814671,665.0
2024-11-17,2,naive,470.0,310.0
2024-11-17,2,naive_carry,470.0,310.0
2024-11-17,2,seasonal_naive_7,177.0,310.0
2024-11-17,2,climatology,183.1790476190476,310.0
2024-11-17,2,gru,274.75953830233743,310.0
2024-11-17,3,naive,470.0,253.0
2024-11-17,3,naive_carry,470.0,253.0
2024-11-17,3,seasonal_naive_7,385.0,253.0
2024-11-17,3,climatology,172.25650793650794,253.0
2024-11-17,3,gru,258.06670321248583,253.0
2024-11-18,1,naive,665.0,310.0
2024-11-18,1,naive_carry,665.0,310.0
2024-11-18,1,seasonal_naive_7,177.0,310.0
2024-11-18,1,climatology,183.1790476190476,310.0
2024-11-18,1,gru,407.9070965393525,310.0
2024-11-18,2,naive,665.0,253.0
2024-11-18,2,naive_carry,665.0,253.0
2024-11-18,2,seasonal_naive_7,385.0,253.0
2024-11-18,2,climatology,172.25650793650794,253.0
2024-11-18,2,gru,320.7882049961092,253.0
2024-11-18,3,naive,665.0,190.0
2024-11-18,3,naive_carry,665.0,190.0
2024-11-18,3,seasonal_naive_7,292.0,190.0
2024-11-18,3,climatology,168.41936507936506,190.0
2024-11-18,3,gru,293.4989975191088,190.0
2024-11-19,1,naive,310.0,253.0
2024-11-19,1,naive_carry,310.0,253.0
2024-11-19,1,seasonal_naive_7,385.0,253.0
2024-11-19,1,climatology,172.25650793650794,253.0
2024-11-19,1,gru,295.9148514021426,253.0
2024-11-19,2,naive,310.0,190.0
2024-11-19,2,naive_carry,310.0,190.0
2024-11-19,2,seasonal_naive_7,292.0,190.0
2024-11-19,2,climatology,168.41936507936506,190.0
2024-11-19,2,gru,257.1979432331246,190.0
2024-11-19,3,naive,310.0,264.0
2024-11-19,3,naive_carry,310.0,264.0
2024-11-19,3,seasonal_naive_7,251.0,264.0
2024-11-19,3,climatology,163.7926984126984,264.0
2024-11-19,3,gru,259.3404315413479,264.0
2024-11-20,1,naive,253.0,190.0
2024-11-20,1,naive_carry,253.0,190.0
2024-11-20,1,seasonal_naive_7,292.0,190.0
2024-11-20,1,climatology,168.41936507936506,190.0
2024-11-20,1,gru,255.94188846534163,190.0
2024-11-20,2,naive,253.0,264.0
2024-11-20,2,naive_carry,253.0,264.0
2024-11-20,2,seasonal_naive_7,251.0,264.0
2024-11-20,2,climatology,163.7926984126984,264.0
2024-11-20,2,gru,249.27266465744793,264.0
2024-11-20,3,naive,253.0,208.0
2024-11-20,3,naive_carry,253.0,208.0
2024-11-20,3,seasonal_naive_7,321.0,208.0
2024-11-20,3,climatology,162.84984126984128,208.0
2024-11-20,3,gru,234.31588946502208,208.0
2024-11-21,1,naive,190.0,264.0
2024-11-21,1,naive_carry,190.0,264.0
2024-11-21,1,seasonal_naive_7,251.0,264.0
2024-11-21,1,climatology,163.7926984126984,264.0
2024-11-21,1,gru,205.1397655456703,264.0
2024-11-21,2,naive,190.0,208.0
2024-11-21,2,naive_carry,190.0,208.0
2024-11-21,2,seasonal_naive_7,321.0,208.0
2024-11-21,2,climatology,162.84984126984128,208.0
2024-11-21,2,gru,216.8888946041511,208.0
2024-11-21,3,naive,190.0,134.0
2024-11-21,3,naive_carry,190.0,134.0
2024-11-21,3,seasonal_naive_7,470.0,134.0
2024-11-21,3,climatology,166.11587301587304,134.0
2024-11-21,3,gru,209.47524976509885,134.0
2024-11-22,1,naive,264.0,208.0
2024-11-22,1,naive_carry,264.0,208.0
2024-11-22,1,seasonal_naive_7,321.0,208.0
2024-11-22,1,climatology,162.84984126984128,208.0
2024-11-22,1,gru,258.76584942774593,208.0
2024-11-22,2,naive,264.0,134.0
2024-11-22,2,naive_carry,264.0,134.0
2024-11-22,2,seasonal_naive_7,470.0,134.0
2024-11-22,2,climatology,166.11587301587304,134.0
2024-11-22,2,gru,233.26461637686756,134.0
2024-11-22,3,naive,264.0,259.0
2024-11-22,3,naive_carry,264.0,259.0
2024-11-22,3,seasonal_naive_7,665.0,259.0
2024-11-22,3,climatology,169.94253968253966,259.0
2024-11-22,3,gru,222.2872833836144,259.0
2024-11-23,1,naive,208.0,134.0
2024-11-23,1,naive_carry,208.0,134.0
2024-11-23,1,seasonal_naive_7,470.0,134.0
2024-11-23,1,climatology,166.11587301587304,134.0
2024-11-23,1,gru,231.30371307584096,134.0
2024-11-23,2,naive,208.0,259.0
2024-11-23,2,naive_carry,208.0,259.0
2024-11-23,2,seasonal_naive_7,665.0,259.0
2024-11-23,2,climatology,169.94253968253966,259.0
2024-11-23,2,gru,213.58216693483558,259.0
2024-11-23,3,naive,208.0,154.0
2024-11-23,3,naive_carry,208.0,154.0
2024-11-23,3,seasonal_naive_7,310.0,154.0
2024-11-23,3,climatology,169.67142857142855,154.0
2024-11-23,3,gru,212.0466714330522,154.0
2024-11-24,1,naive,134.0,259.0
2024-11-24,1,naive_carry,134.0,259.0
2024-11-24,1,seasonal_naive_7,665.0,259.0
2024-11-24,1,climatology,169.94253968253966,259.0
2024-11-24,1,gru,155.00732362125487,259.0
2024-11-24,2,naive,134.0,154.0
2024-11-24,2,naive_carry,134.0,154.0
2024-11-24,2,seasonal_naive_7,310.0,154.0
2024-11-24,2,climatology,169.67142857142855,154.0
2024-11-24,2,gru,168.0087500793781,154.0
2024-11-24,3,naive,134.0,149.0
2024-11-24,3,naive_carry,134.0,149.0
2024-11-24,3,seasonal_naive_7,253.0,149.0
2024-11-24,3,climatology,171.3190476190476,149.0
2024-11-24,3,gru,171.77344238778258,149.0
2024-11-25,1,naive,259.0,154.0
2024-11-25,1,naive_carry,259.0,154.0
2024-11-25,1,seasonal_naive_7,310.0,154.0
2024-11-25,1,climatology,169.67142857142855,154.0
2024-11-25,1,gru,207.75914737120496,154.0
2024-11-25,2,naive,259.0,149.0
2024-11-25,2,naive_carry,259.0,149.0
2024-11-25,2,seasonal_naive_7,253.0,149.0
2024-11-25,2,climatology,171.3190476190476,149.0
2024-11-25,2,gru,197.23181451819664,149.0
2024-11-25,3,naive,259.0,167.0
2024-11-25,3,naive_carry,259.0,167.0
2024-11-25,3,seasonal_naive_7,190.0,167.0
2024-11-25,3,climatology,171.91523809523812,167.0
2024-11-25,3,gru,200.87255208563118,167.0
2024-11-26,1,naive,154.0,149.0
2024-11-26,1,naive_carry,154.0,149.0
2024-11-26,1,seasonal_naive_7,253.0,149.0
2024-11-26,1,climatology,171.3190476190476,149.0
2024-11-26,1,gru,176.3657605975573,149.0
2024-11-26,2,naive,154.0,167.0
2024-11-26,2,naive_carry,154.0,167.0
2024-11-26,2,seasonal_naive_7,190.0,167.0
2024-11-26,2,climatology,171.91523809523812,167.0
2024-11-26,2,gru,191.500071013552,167.0
2024-11-26,3,naive,154.0,195.0
2024-11-26,3,naive_carry,154.0,195.0
2024-11-26,3,seasonal_naive_7,264.0,195.0
2024-11-26,3,climatology,174.6660317460317,195.0
2024-11-26,3,gru,194.5555183615724,195.0
2024-11-27,1,naive,149.0,167.0
2024-11-27,1,naive_carry,149.0,167.0
2024-11-27,1,seasonal_naive_7,190.0,167.0
2024-11-27,1,climatology,171.91523809523812,167.0
2024-11-27,1,gru,180.64921123268263,167.0
2024-11-27,2,naive,149.0,195.0
2024-11-27,2,naive_carry,149.0,195.0
2024-11-27,2,seasonal_naive_7,264.0,195.0
2024-11-27,2,climatology,174.6660317460317,195.0
2024-11-27,2,gru,191.90657659689987,195.0
2024-11-27,3,naive,149.0,186.0
2024-11-27,3,naive_carry,149.0,186.0
2024-11-27,3,seasonal_naive_7,208.0,186.0
2024-11-27,3,climatology,179.11269841269842,186.0
2024-11-27,3,gru,195.09170844725307,186.0
2024-11-28,1,naive,167.0,195.0
2024-11-28,1,naive_carry,167.0,195.0
2024-11-28,1,seasonal_naive_7,264.0,195.0
2024-11-28,1,climatology,174.6660317460317,195.0
2024-11-28,1,gru,196.23964622451902,195.0
2024-11-28,2,naive,167.0,186.0
2024-11-28,2,naive_carry,167.0,186.0
2024-11-28,2,seasonal_naive_7,208.0,186.0
2024-11-28,2,climatology,179.11269841269842,186.0
2024-11-28,2,gru,194.55073936614127,186.0
2024-11-28,3,naive,167.0,152.0
2024-11-28,3,naive_carry,167.0,152.0
2024-11-28,3,seasonal_naive_7,134.0,152.0
2024-11-28,3,climatology,182.80380952380952,152.0
2024-11-28,3,gru,200.68076554824881,152.0
2024-11-29,1,naive,195.0,186.0
2024-11-29,1,naive_carry,195.0,186.0
2024-11-29,1,seasonal_naive_7,208.0,186.0
2024-11-29,1,climatology,179.11269841269842,186.0
2024-11-29,1,gru,209.10094305569461,186.0
2024-11-29,2,naive,195.0,152.0
2024-11-29,2,naive_carry,195.0,152.0
2024-11-29,2,seasonal_naive_7,134.0,152.0
2024-11-29,2,climatology,182.80380952380952,152.0
2024-11-29,2,gru,196.73323328502502,152.0
2024-11-29,3,naive,195.0,134.0
2024-11-29,3,naive_carry,195.0,134.0
2024-11-29,3,seasonal_naive_7,259.0,134.0
2024-11-29,3,climatology,185.04825396825396,134.0
2024-11-29,3,gru,206.73212383556057,134.0
2024-11-30,1,naive,186.0,152.0
2024-11-30,1,naive_carry,186.0,152.0
2024-11-30,1,seasonal_naive_7,134.0,152.0
2024-11-30,1,climatology,182.80380952380952,152.0
2024-11-30,1,gru,191.15787313164992,152.0
2024-11-30,2,naive,186.0,134.0
2024-11-30,2,naive_carry,186.0,134.0
2024-11-30,2,seasonal_naive_7,259.0,134.0
2024-11-30,2,climatology,185.04825396825396,134.0
2024-11-30,2,gru,189.52931869049556,134.0
2024-11-30,3,naive,186.0,120.0
2024-11-30,3,naive_carry,186.0,120.0
2024-11-30,3,seasonal_naive_7,154.0,120.0
2024-11-30,3,climatology,180.6752380952381,120.0
2024-11-30,3,gru,200.458611272934,120.0
2024-12-01,1,naive,152.0,134.0
2024-12-01,1,naive_carry,152.0,134.0
2024-12-01,1,seasonal_naive_7,259.0,134.0
2024-12-01,1,climatology,185.04825396825396,134.0
2024-12-01,1,gru,174.54608817991684,134.0
2024-12-01,2,naive,152.0,120.0
2024-12-01,2,naive_carry,152.0,120.0
2024-12-01,2,seasonal_naive_7,154.0,120.0
2024-12-01,2,climatology,180.6752380952381,120.0
2024-12-01,2,gru,180.6558509291824,120.0
2024-12-01,3,naive,152.0,82.3
2024-12-01,3,naive_carry,152.0,82.3
2024-12-01,3,seasonal_naive_7,149.0,82.3
2024-12-01,3,climatology,181.90412698412695,82.3
2024-12-01,3,gru,185.55333361794763,82.3
2024-12-02,1,naive,134.0,120.0
2024-12-02,1,naive_carry,134.0,120.0
2024-12-02,1,seasonal_naive_7,154.0,120.0
2024-12-02,1,climatology,180.6752380952381,120.0
2024-12-02,1,gru,159.00541223209146,120.0
2024-12-02,2,naive,134.0,82.3
2024-12-02,2,naive_carry,134.0,82.3
2024-12-02,2,seasonal_naive_7,149.0,82.3
2024-12-02,2,climatology,181.90412698412695,82.3
2024-12-02,2,gru,168.34373484755875,82.3
2024-12-02,3,naive,134.0,82.6
2024-12-02,3,naive_carry,134.0,82.6
2024-12-02,3,seasonal_naive_7,167.0,82.6
2024-12-02,3,climatology,182.07257142857145,82.6
2024-12-02,3,gru,174.45080382110254,82.6
2024-12-03,1,naive,120.0,82.3
2024-12-03,1,naive_carry,120.0,82.3
2024-12-03,1,seasonal_naive_7,149.0,82.3
2024-12-03,1,climatology,181.90412698412695,82.3
2024-12-03,1,gru,148.06941802229767,82.3
2024-12-03,2,naive,120.0,82.6
2024-12-03,2,naive_carry,120.0,82.6
2024-12-03,2,seasonal_naive_7,167.0,82.6
2024-12-03,2,climatology,182.07257142857145,82.6
2024-12-03,2,gru,158.7330201050936,82.6
2024-12-03,3,naive,120.0,93.9
2024-12-03,3,naive_carry,120.0,93.9
2024-12-03,3,seasonal_naive_7,195.0,93.9
2024-12-03,3,climatology,181.5330476190476,93.9
2024-12-03,3,gru,167.93388941701826,93.9
2024-12-04,1,naive,82.3,82.6
2024-12-04,1,naive_carry,82.3,82.6
2024-12-04,1,seasonal_naive_7,167.0,82.6
2024-12-04,1,climatology,182.07257142857145,82.6
2024-12-04,1,gru,89.1555404945561,82.6
2024-12-04,2,naive,82.3,93.9
2024-12-04,2,naive_carry,82.3,93.9
2024-12-04,2,seasonal_naive_7,195.0,93.9
2024-12-04,2,climatology,181.5330476190476,93.9
2024-12-04,2,gru,123.77427986692976,93.9
2024-12-04,3,naive,82.3,108.0
2024-12-04,3,naive_carry,82.3,108.0
2024-12-04,3,seasonal_naive_7,186.0,108.0
2024-12-04,3,climatology,179.23215873015872,108.0
2024-12-04,3,gru,145.26356199638602,108.0
2024-12-05,1,naive,82.6,93.9
2024-12-05,1,naive_carry,82.6,93.9
2024-12-05,1,seasonal_naive_7,195.0,93.9
2024-12-05,1,climatology,181.5330476190476,93.9
2024-12-05,1,gru,112.33040099242793,93.9
2024-12-05,2,naive,82.6,108.0
2024-12-05,2,naive_carry,82.6,108.0
2024-12-05,2,seasonal_naive_7,186.0,108.0
2024-12-05,2,climatology,179.23215873015872,108.0
2024-12-05,2,gru,146.7825805662829,108.0
2024-12-05,3,naive,82.6,148.0
2024-12-05,3,naive_carry,82.6,148.0
2024-12-05,3,seasonal_naive_7,152.0,148.0
2024-12-05,3,climatology,175.8531111111111,148.0
2024-12-05,3,gru,169.52305240980425,148.0
2024-12-06,1,naive,93.9,108.0
2024-12-06,1,naive_carry,93.9,108.0
2024-12-06,1,seasonal_naive_7,186.0,108.0
2024-12-06,1,climatology,179.23215873015872,108.0
2024-12-06,1,gru,132.82843595238717,108.0
2024-12-06,2,naive,93.9,148.0
2024-12-06,2,naive_carry,93.9,148.0
2024-12-06,2,seasonal_naive_7,152.0,148.0
2024-12-06,2,climatology,175.8531111111111,148.0
2024-12-06,2,gru,157.64077146934457,148.0
2024-12-06,3,naive,93.9,96.1
2024-12-06,3,naive_carry,93.9,96.1
2024-12-06,3,seasonal_naive_7,134.0,96.1
2024-12-06,3,climatology,172.1042222222222,96.1
2024-12-06,3,gru,186.5615283652468,96.1
2024-12-07,1,naive,108.0,148.0
2024-12-07,1,naive_carry,108.0,148.0
2024-12-07,1,seasonal_naive_7,152.0,148.0
2024-12-07,1,climatology,175.8531111111111,148.0
2024-12-07,1,gru,157.3471779760919,148.0
2024-12-07,2,naive,108.0,96.1
2024-12-07,2,naive_carry,108.0,96.1
2024-12-07,2,seasonal_naive_7,134.0,96.1
2024-12-07,2,climatology,172.1042222222222,96.1
2024-12-07,2,gru,168.1101201612517,96.1
2024-12-07,3,naive,108.0,109.0
2024-12-07,3,naive_carry,108.0,109.0
2024-12-07,3,seasonal_naive_7,120.0,109.0
2024-12-07,3,climatology,170.27184126984127,109.0
2024-12-07,3,gru,196.59313148961832,109.0
2024-12-08,1,naive,148.0,96.1
2024-12-08,1,naive_carry,148.0,96.1
2024-12-08,1,seasonal_naive_7,134.0,96.1
2024-12-08,1,climatology,172.1042222222222,96.1
2024-12-08,1,gru,142.0497356667937,96.1
2024-12-08,2,naive,148.0,109.0
2024-12-08,2,naive_carry,148.0,109.0
2024-12-08,2,seasonal_naive_7,120.0,109.0
2024-12-08,2,climatology,170.27184126984127,109.0
2024-12-08,2,gru,159.42819617405772,109.0
2024-12-08,3,naive,148.0,119.0
2024-12-08,3,naive_carry,148.0,119.0
2024-12-08,3,seasonal_naive_7,82.3,119.0
2024-12-08,3,climatology,172.4985079365079,119.0
2024-12-08,3,gru,205.28990423162165,119.0
2024-12-09,1,naive,96.1,109.0
2024-12-09,1,naive_carry,96.1,109.0
2024-12-09,1,seasonal_naive_7,120.0,109.0
2024-12-09,1,climatology,170.27184126984127,109.0
2024-12-09,1,gru,148.2449013177514,109.0
2024-12-09,2,naive,96.1,119.0
2024-12-09,2,naive_carry,96.1,119.0
2024-12-09,2,seasonal_naive_7,82.3,119.0
2024-12-09,2,climatology,172.4985079365079,119.0
2024-12-09,2,gru,177.4666778957207,119.0
2024-12-09,3,naive,96.1,164.0
2024-12-09,3,naive_carry,96.1,164.0
2024-12-09,3,seasonal_naive_7,82.6,164.0
2024-12-09,3,climatology,175.83755555555555,164.0
2024-12-09,3,gru,205.2743827109352,164.0
2024-12-10,1,naive,109.0,119.0
2024-12-10,1,naive_carry,109.0,119.0
2024-12-10,1,seasonal_naive_7,82.3,119.0
2024-12-10,1,climatology,172.4985079365079,119.0
2024-12-10,1,gru,137.4439925086215,119.0
2024-12-10,2,naive,109.0,164.0
2024-12-10,2,naive_carry,109.0,164.0
2024-12-10,2,seasonal_naive_7,82.6,164.0
2024-12-10,2,climatology,175.83755555555555,164.0
2024-12-10,2,gru,165.14258849902845,164.0
2024-12-10,3,naive,109.0,120.0
2024-12-10,3,naive_carry,109.0,120.0
2024-12-10,3,seasonal_naive_7,93.9,120.0
2024-12-10,3,climatology,177.72866666666667,120.0
2024-12-10,3,gru,208.39816889218815,120.0
2024-12-11,1,naive,119.0,164.0
2024-12-11,1,naive_carry,119.0,164.0
2024-12-11,1,seasonal_naive_7,82.6,164.0
2024-12-11,1,climatology,175.83755555555555,164.0
2024-12-11,1,gru,150.34372051078998,164.0
2024-12-11,2,naive,119.0,120.0
2024-12-11,2,naive_carry,119.0,120.0
2024-12-11,2,seasonal_naive_7,93.9,120.0
2024-12-11,2,climatology,177.72866666666667,120.0
2024-12-11,2,gru,176.19774864200505,120.0
2024-12-11,3,naive,119.0,106.0
2024-12-11,3,naive_carry,119.0,106.0
2024-12-11,3,seasonal_naive_7,108.0,106.0
2024-12-11,3,climatology,179.0397777777778,106.0
2024-12-11,3,gru,220.86555482443976,106.0
2024-12-12,1,naive,164.0,120.0
2024-12-12,1,naive_carry,164.0,120.0
2024-12-12,1,seasonal_naive_7,93.9,120.0
2024-12-12,1,climatology,177.72866666666667,120.0
2024-12-12,1,gru,182.45670390501382,120.0
2024-12-12,2,naive,164.0,106.0
2024-12-12,2,naive_carry,164.0,106.0
2024-12-12,2,seasonal_naive_7,108.0,106.0
2024-12-12,2,climatology,179.0397777777778,106.0
2024-12-12,2,gru,194.62393285100993,106.0
2024-12-12,3,naive,164.0,177.0
2024-12-12,3,naive_carry,164.0,177.0
2024-12-12,3,seasonal_naive_7,148.0,177.0
2024-12-12,3,climatology,182.8931111111111,177.0
2024-12-12,3,gru,237.53986488638702,177.0
2024-12-13,1,naive,120.0,106.0
2024-12-13,1,naive_carry,120.0,106.0
2024-12-13,1,seasonal_naive_7,108.0,106.0
2024-12-13,1,climatology,179.0397777777778,106.0
2024-12-13,1,gru,134.3094420080401,106.0
2024-12-13,2,naive,120.0,177.0
2024-12-13,2,naive_carry,120.0,177.0
2024-12-13,2,seasonal_naive_7,148.0,177.0
2024-12-13,2,climatology,182.8931111111111,177.0
2024-12-13,2,gru,173.9968467249913,177.0
2024-12-13,3,naive,120.0,267.0
2024-12-13,3,naive_carry,120.0,267.0
2024-12-13,3,seasonal_naive_7,96.1,267.0
2024-12-13,3,climatology,189.6042222222222,267.0
2024-12-13,3,gru,220.75327516877732,267.0
2024-12-14,1,naive,106.0,177.0
2024-12-14,1,naive_carry,106.0,177.0
2024-12-14,1,seasonal_naive_7,148.0,177.0
2024-12-14,1,climatology,182.8931111111111,177.0
2024-12-14,1,gru,146.22188711147032,177.0
2024-12-14,2,naive,106.0,267.0
2024-12-14,2,naive_carry,106.0,267.0
2024-12-14,2,seasonal_naive_7,96.1,267.0
2024-12-14,2,climatology,189.6042222222222,267.0
2024-12-14,2,gru,181.4283261090198,267.0
2024-12-14,3,naive,106.0,298.0
2024-12-14,3,naive_carry,106.0,298.0
2024-12-14,3,seasonal_naive_7,109.0,298.0
2024-12-14,3,climatology,194.41977777777777,298.0
2024-12-14,3,gru,219.08428299453965,298.0
2024-12-15,1,naive,177.0,267.0
2024-12-15,1,naive_carry,177.0,267.0
2024-12-15,1,seasonal_naive_7,96.1,267.0
2024-12-15,1,climatology,189.6042222222222,267.0
2024-12-15,1,gru,257.5219526515282,267.0
2024-12-15,2,naive,177.0,298.0
2024-12-15,2,naive_carry,177.0,298.0
2024-12-15,2,seasonal_naive_7,109.0,298.0
2024-12-15,2,climatology,194.41977777777777,298.0
2024-12-15,2,gru,233.9015432327761,298.0
2024-12-15,3,naive,177.0,373.0
2024-12-15,3,naive_carry,177.0,373.0
2024-12-15,3,seasonal_naive_7,119.0,373.0
2024-12-15,3,climatology,199.04199999999997,373.0
2024-12-15,3,gru,253.687092001533,373.0
2024-12-16,1,naive,267.0,298.0
2024-12-16,1,naive_carry,267.0,298.0
2024-12-16,1,seasonal_naive_7,109.0,298.0
2024-12-16,1,climatology,194.41977777777777,298.0
2024-12-16,1,gru,284.25365431040535,298.0
2024-12-16,2,naive,267.0,373.0
2024-12-16,2,naive_carry,267.0,373.0
2024-12-16,2,seasonal_naive_7,119.0,373.0
2024-12-16,2,climatology,199.04199999999997,373.0
2024-12-16,2,gru,238.192097686544,373.0
2024-12-16,3,naive,267.0,299.0
2024-12-16,3,naive_carry,267.0,299.0
2024-12-16,3,seasonal_naive_7,164.0,299.0
2024-12-16,3,climatology,200.87977777777775,299.0
2024-12-16,3,gru,254.5812787432441,299.0
2024-12-17,1,naive,298.0,373.0
2024-12-17,1,naive_carry,298.0,373.0
2024-12-17,1,seasonal_naive_7,119.0,373.0
2024-12-17,1,climatology,199.04199999999997,373.0
2024-12-17,1,gru,283.88075695652844,373.0
2024-12-17,2,naive,298.0,299.0
2024-12-17,2,naive_carry,298.0,299.0
2024-12-17,2,seasonal_naive_7,164.0,299.0
2024-12-17,2,climatology,200.87977777777775,299.0
2024-12-17,2,gru,236.93271053611747,299.0
2024-12-17,3,naive,298.0,332.0
2024-12-17,3,naive_carry,298.0,332.0
2024-12-17,3,seasonal_naive_7,120.0,332.0
2024-12-17,3,climatology,209.2068888888889,332.0
2024-12-17,3,gru,250.37587037475214,332.0
2024-12-18,1,naive,373.0,299.0
2024-12-18,1,naive_carry,373.0,299.0
2024-12-18,1,seasonal_naive_7,164.0,299.0
2024-12-18,1,climatology,200.87977777777775,299.0
2024-12-18,1,gru,323.32674110628096,299.0
2024-12-18,2,naive,373.0,332.0
2024-12-18,2,naive_carry,373.0,332.0
2024-12-18,2,seasonal_naive_7,120.0,332.0
2024-12-18,2,climatology,209.2068888888889,332.0
2024-12-18,2,gru,260.80826892024584,332.0
2024-12-18,3,naive,373.0,226.0
2024-12-18,3,naive_carry,373.0,226.0
2024-12-18,3,seasonal_naive_7,106.0,226.0
2024-12-18,3,climatology,213.9616507936508,226.0
2024-12-18,3,gru,256.3872014466518,226.0
2024-12-19,1,naive,299.0,332.0
2024-12-19,1,naive_carry,299.0,332.0
2024-12-19,1,seasonal_naive_7,120.0,332.0
2024-12-19,1,climatology,209.2068888888889,332.0
2024-12-19,1,gru,285.30006415261715,332.0
2024-12-19,2,naive,299.0,226.0
2024-12-19,2,naive_carry,299.0,226.0
2024-12-19,2,seasonal_naive_7,106.0,226.0
2024-12-19,2,climatology,213.9616507936508,226.0
2024-12-19,2,gru,249.82786403385037,226.0
2024-12-19,3,naive,299.0,286.0
2024-12-19,3,naive_carry,299.0,286.0
2024-12-19,3,seasonal_naive_7,177.0,286.0
2024-12-19,3,climatology,222.4784126984127,286.0
2024-12-19,3,gru,250.74221513186131,286.0
2024-12-20,1,naive,332.0,226.0
2024-12-20,1,naive_carry,332.0,226.0
2024-12-20,1,seasonal_naive_7,106.0,226.0
2024-12-20,1,climatology,213.9616507936508,226.0
2024-12-20,1,gru,309.63122501394895,226.0
2024-12-20,2,naive,332.0,286.0
2024-12-20,2,naive_carry,332.0,286.0
2024-12-20,2,seasonal_naive_7,177.0,286.0
2024-12-20,2,climatology,222.4784126984127,286.0
2024-12-20,2,gru,251.1969807549422,286.0
2024-12-20,3,naive,332.0,275.0
2024-12-20,3,naive_carry,332.0,275.0
2024-12-20,3,seasonal_naive_7,267.0,275.0
2024-12-20,3,climatology,228.01619047619047,275.0
2024-12-20,3,gru,235.8445706351608,275.0
2024-12-21,1,naive,226.0,286.0
2024-12-21,1,naive_carry,226.0,286.0
2024-12-21,1,seasonal_naive_7,177.0,286.0
2024-12-21,1,climatology,222.4784126984127,286.0
2024-12-21,1,gru,233.95221125921992,286.0
2024-12-21,2,naive,226.0,275.0
2024-12-21,2,naive_carry,226.0,275.0
2024-12-21,2,seasonal_naive_7,267.0,275.0
2024-12-21,2,climatology,228.01619047619047,275.0
2024-12-21,2,gru,216.73334820330462,275.0
2024-12-21,3,naive,226.0,191.0
2024-12-21,3,naive_carry,226.0,191.0
2024-12-21,3,seasonal_naive_7,298.0,191.0
2024-12-21,3,climatology,233.8761904761905,191.0
2024-12-21,3,gru,216.65948095483043,191.0
2024-12-22,1,naive,286.0,275.0
2024-12-22,1,naive_carry,286.0,275.0
2024-12-22,1,seasonal_naive_7,267.0,275.0
2024-12-22,1,climatology,228.01619047619047,275.0
2024-12-22,1,gru,259.06898653205803,275.0
2024-12-22,2,naive,286.0,191.0
2024-12-22,2,naive_carry,286.0,191.0
2024-12-22,2,seasonal_naive_7,298.0,191.0
2024-12-22,2,climatology,233.8761904761905,191.0
2024-12-22,2,gru,227.24174612344345,191.0
2024-12-22,3,naive,286.0,212.0
2024-12-22,3,naive_carry,286.0,212.0
2024-12-22,3,seasonal_naive_7,373.0,212.0
2024-12-22,3,climatology,239.69904761904763,212.0
2024-12-22,3,gru,222.6991635647856,212.0
2024-12-23,1,naive,275.0,191.0
2024-12-23,1,naive_carry,275.0,191.0
2024-12-23,1,seasonal_naive_7,298.0,191.0
2024-12-23,1,climatology,233.8761904761905,191.0
2024-12-23,1,gru,235.3502382369002,191.0
2024-12-23,2,naive,275.0,212.0
2024-12-23,2,naive_carry,275.0,212.0
2024-12-23,2,seasonal_naive_7,373.0,212.0
2024-12-23,2,climatology,239.69904761904763,212.0
2024-12-23,2,gru,219.19130272029219,212.0
2024-12-23,3,naive,275.0,210.0
2024-12-23,3,naive_carry,275.0,210.0
2024-12-23,3,seasonal_naive_7,299.0,210.0
2024-12-23,3,climatology,244.1879365079365,210.0
2024-12-23,3,gru,226.6114388626796,210.0
2024-12-24,1,naive,191.0,212.0
2024-12-24,1,naive_carry,191.0,212.0
2024-12-24,1,seasonal_naive_7,373.0,212.0
2024-12-24,1,climatology,239.69904761904763,212.0
2024-12-24,1,gru,218.22122559570104,212.0
2024-12-24,2,naive,191.0,210.0
2024-12-24,2,naive_carry,191.0,210.0
2024-12-24,2,seasonal_naive_7,299.0,210.0
2024-12-24,2,climatology,244.1879365079365,210.0
2024-12-24,2,gru,203.09324530607194,210.0
2024-12-24,3,naive,191.0,149.0
2024-12-24,3,naive_carry,191.0,149.0
2024-12-24,3,seasonal_naive_7,332.0,149.0
2024-12-24,3,climatology,243.73460317460317,149.0
2024-12-24,3,gru,205.95427651698228,149.0
2024-12-25,1,naive,212.0,210.0
2024-12-25,1,naive_carry,212.0,210.0
2024-12-25,1,seasonal_naive_7,299.0,210.0
2024-12-25,1,climatology,244.1879365079365,210.0
2024-12-25,1,gru,212.96740287631667,210.0
2024-12-25,2,naive,212.0,149.0
2024-12-25,2,naive_carry,212.0,149.0
2024-12-25,2,seasonal_naive_7,332.0,149.0
2024-12-25,2,climatology,243.73460317460317,149.0
2024-12-25,2,gru,199.59154538228205,149.0
2024-12-25,3,naive,212.0,91.8
2024-12-25,3,naive_carry,212.0,91.8
2024-12-25,3,seasonal_naive_7,226.0,91.8
2024-12-25,3,climatology,241.96920634920633,91.8
2024-12-25,3,gru,205.36108846605774,91.8
2024-12-26,1,naive,210.0,149.0
2024-12-26,1,naive_carry,210.0,149.0
2024-12-26,1,seasonal_naive_7,332.0,149.0
2024-12-26,1,climatology,243.73460317460317,149.0
2024-12-26,1,gru,216.77705849344565,149.0
2024-12-26,2,naive,210.0,91.8
2024-12-26,2,naive_carry,210.0,91.8
2024-12-26,2,seasonal_naive_7,226.0,91.8
2024-12-26,2,climatology,241.96920634920633,91.8
2024-12-26,2,gru,190.08136463925288,91.8
2024-12-26,3,naive,210.0,109.0
2024-12-26,3,naive_carry,210.0,109.0
2024-12-26,3,seasonal_naive_7,286.0,109.0
2024-12-26,3,climatology,241.29968253968255,109.0
2024-12-26,3,gru,194.08816216889025,109.0
2024-12-27,1,naive,149.0,91.8
2024-12-27,1,naive_carry,149.0,91.8
2024-12-27,1,seasonal_naive_7,226.0,91.8
2024-12-27,1,climatology,241.96920634920633,91.8
2024-12-27,1,gru,155.6208784808083,91.8
2024-12-27,2,naive,149.0,109.0
2024-12-27,2,naive_carry,149.0,109.0
2024-12-27,2,seasonal_naive_7,286.0,109.0
2024-12-27,2,climatology,241.29968253968255,109.0
2024-12-27,2,gru,168.34384667805037,109.0
2024-12-27,3,naive,149.0,116.0
2024-12-27,3,naive_carry,149.0,116.0
2024-12-27,3,seasonal_naive_7,275.0,116.0
2024-12-27,3,climatology,235.85206349206348,116.0
2024-12-27,3,gru,188.21218584494292,116.0
2024-12-28,1,naive,91.8,109.0
2024-12-28,1,naive_carry,91.8,109.0
2024-12-28,1,seasonal_naive_7,286.0,109.0
2024-12-28,1,climatology,241.29968253968255,109.0
2024-12-28,1,gru,118.78700235947217,109.0
2024-12-28,2,naive,91.8,116.0
2024-12-28,2,naive_carry,91.8,116.0
2024-12-28,2,seasonal_naive_7,275.0,116.0
2024-12-28,2,climatology,235.85206349206348,116.0
2024-12-28,2,gru,143.47275734997055,116.0
2024-12-28,3,naive,91.8,183.0
2024-12-28,3,naive_carry,91.8,183.0
2024-12-28,3,seasonal_naive_7,191.0,183.0
2024-12-28,3,climatology,227.51809523809524,183.0
2024-12-28,3,gru,168.44583732369924,183.0
2024-12-29,1,naive,109.0,116.0
2024-12-29,1,naive_carry,109.0,116.0
2024-12-29,1,seasonal_naive_7,275.0,116.0
2024-12-29,1,climatology,235.85206349206348,116.0
2024-12-29,1,gru,113.33120539751016,116.0
2024-12-29,2,naive,109.0,183.0
2024-12-29,2,naive_carry,109.0,183.0
2024-12-29,2,seasonal_naive_7,191.0,183.0
2024-12-29,2,climatology,227.51809523809524,183.0
2024-12-29,2,gru,143.98153509450134,183.0
2024-12-29,3,naive,109.0,210.0
2024-12-29,3,naive_carry,109.0,210.0
2024-12-29,3,seasonal_naive_7,212.0,210.0
2024-12-29,3,climatology,220.09587301587305,210.0
2024-12-29,3,gru,191.9567264782848,210.0
2024-12-30,1,naive,116.0,183.0
2024-12-30,1,naive_carry,116.0,183.0
2024-12-30,1,seasonal_naive_7,191.0,183.0
2024-12-30,1,climatology,227.51809523809524,183.0
2024-12-30,1,gru,145.76179049779185,183.0
2024-12-30,2,naive,116.0,210.0
2024-12-30,2,naive_carry,116.0,210.0
2024-12-30,2,seasonal_naive_7,212.0,210.0
2024-12-30,2,climatology,220.09587301587305,210.0
2024-12-30,2,gru,171.68955487410878,210.0
2024-12-30,3,naive,116.0,199.0
2024-12-30,3,naive_carry,116.0,199.0
2024-12-30,3,seasonal_naive_7,210.0,199.0
2024-12-30,3,climatology,216.3,199.0
2024-12-30,3,gru,222.35476136640605,199.0
2024-12-31,1,naive,183.0,210.0
2024-12-31,1,naive_carry,183.0,210.0
2024-12-31,1,seasonal_naive_7,212.0,210.0
2024-12-31,1,climatology,220.09587301587305,210.0
2024-12-31,1,gru,229.16663793970955,210.0
2024-12-31,2,naive,183.0,199.0
2024-12-31,2,naive_carry,183.0,199.0
2024-12-31,2,seasonal_naive_7,210.0,199.0
2024-12-31,2,climatology,216.3,199.0
2024-12-31,2,gru,209.59793230442773,199.0
2024-12-31,3,naive,183.0,268.0
2024-12-31,3,naive_carry,183.0,268.0
2024-12-31,3,seasonal_naive_7,149.0,268.0
2024-12-31,3,climatology,214.6126984126984,268.0
2024-12-31,3,gru,245.21574919123992,268.0
2025-01-01,1,naive,210.0,199.0
2025-01-01,1,naive_carry,210.0,199.0
2025-01-01,1,seasonal_naive_7,210.0,199.0
2025-01-01,1,climatology,216.3,199.0
2025-01-01,1,gru,196.23823197598446,199.0
2025-01-01,2,naive,210.0,268.0
2025-01-01,2,naive_carry,210.0,268.0
2025-01-01,2,seasonal_naive_7,149.0,268.0
2025-01-01,2,climatology,214.6126984126984,268.0
2025-01-01,2,gru,199.51098388978286,268.0
2025-01-01,3,naive,210.0,275.0
2025-01-01,3,naive_carry,210.0,275.0
2025-01-01,3,seasonal_naive_7,91.8,275.0
2025-01-01,3,climatology,209.7253968253968,275.0
2025-01-01,3,gru,244.04767929074788,275.0
2025-01-02,1,naive,199.0,268.0
2025-01-02,1,naive_carry,199.0,268.0
2025-01-02,1,seasonal_naive_7,149.0,268.0
2025-01-02,1,climatology,214.6126984126984,268.0
2025-01-02,1,gru,215.69302377277526,268.0
2025-01-02,2,naive,199.0,275.0
2025-01-02,2,naive_carry,199.0,275.0
2025-01-02,2,seasonal_naive_7,91.8,275.0
2025-01-02,2,climatology,209.7253968253968,275.0
2025-01-02,2,gru,209.31415955212088,275.0
2025-01-02,3,naive,199.0,237.0
2025-01-02,3,naive_carry,199.0,237.0
2025-01-02,3,seasonal_naive_7,109.0,237.0
2025-01-02,3,climatology,208.85396825396825,237.0
2025-01-02,3,gru,244.77270365755396,237.0
2025-01-03,1,naive,268.0,275.0
2025-01-03,1,naive_carry,268.0,275.0
2025-01-03,1,seasonal_naive_7,91.8,275.0
2025-01-03,1,climatology,209.7253968253968,275.0
2025-01-03,1,gru,289.82738436462427,275.0
2025-01-03,2,naive,268.0,237.0
2025-01-03,2,naive_carry,268.0,237.0
2025-01-03,2,seasonal_naive_7,109.0,237.0
2025-01-03,2,climatology,208.85396825396825,237.0
2025-01-03,2,gru,230.3204055809257,237.0
2025-01-04,1,naive,275.0,237.0
2025-01-04,1,naive_carry,275.0,237.0
2025-01-04,1,seasonal_naive_7,109.0,237.0
2025-01-04,1,climatology,208.85396825396825,237.0
2025-01-04,1,gru,247.60464257586796,237.0
2025-01-05,3,naive,237.0,137.0
2025-01-05,3,naive_carry,237.0,137.0
2025-01-05,3,seasonal_naive_7,210.0,137.0
2025-01-05,3,climatology,207.67142857142855,137.0
2025-01-05,3,gru,212.71664260730637,137.0
2025-01-08,1,naive,137.0,262.0
2025-01-08,1,naive_carry,137.0,262.0
2025-01-08,1,seasonal_naive_7,199.0,262.0
2025-01-08,1,climatology,202.08095238095237,262.0
2025-01-08,1,gru,179.34208935687792,262.0
2025-01-08,2,naive,137.0,255.0
2025-01-08,2,naive_carry,137.0,255.0
2025-01-08,2,seasonal_naive_7,268.0,255.0
2025-01-08,2,climatology,197.0015873015873,255.0
2025-01-08,2,gru,182.32747080293518,255.0
2025-01-08,3,naive,137.0,164.0
2025-01-08,3,naive_carry,137.0,164.0
2025-01-08,3,seasonal_naive_7,275.0,164.0
2025-01-08,3,climatology,193.64603174603175,164.0
2025-01-08,3,gru,231.73881106390604,164.0
2025-01-09,1,naive,262.0,255.0
2025-01-09,1,naive_carry,262.0,255.0
2025-01-09,1,seasonal_naive_7,268.0,255.0
2025-01-09,1,climatology,197.0015873015873,255.0
2025-01-09,1,gru,284.7555101785122,255.0
2025-01-09,2,naive,262.0,164.0
2025-01-09,2,naive_carry,262.0,164.0
2025-01-09,2,seasonal_naive_7,275.0,164.0
2025-01-09,2,climatology,193.64603174603175,164.0
2025-01-09,2,gru,247.10154029108276,164.0
2025-01-09,3,naive,262.0,155.0
2025-01-09,3,naive_carry,262.0,155.0
2025-01-09,3,seasonal_naive_7,237.0,155.0
2025-01-09,3,climatology,195.27650793650795,155.0
2025-01-09,3,gru,240.58941693301318,155.0
2025-01-10,1,naive,255.0,164.0
2025-01-10,1,naive_carry,255.0,164.0
2025-01-10,1,seasonal_naive_7,275.0,164.0
2025-01-10,1,climatology,193.64603174603175,164.0
2025-01-10,1,gru,232.6374628076584,164.0
2025-01-10,2,naive,255.0,155.0
2025-01-10,2,naive_carry,255.0,155.0
2025-01-10,2,seasonal_naive_7,237.0,155.0
2025-01-10,2,climatology,195.27650793650795,155.0
2025-01-10,2,gru,213.69952511953076,155.0
2025-01-11,1,naive,164.0,155.0
2025-01-11,1,naive_carry,164.0,155.0
2025-01-11,1,seasonal_naive_7,237.0,155.0
2025-01-11,1,climatology,195.27650793650795,155.0
2025-01-11,1,gru,174.02110170877202,155.0
2025-01-12,3,naive,155.0,264.0
2025-01-12,3,naive_carry,155.0,264.0
2025-01-12,3,seasonal_naive_7,137.0,264.0
2025-01-12,3,climatology,193.55507936507937,264.0
2025-01-12,3,gru,196.5178044965429,264.0
2025-01-13,2,naive,125.0,264.0
2025-01-13,2,naive_carry,125.0,264.0
2025-01-13,2,seasonal_naive_7,137.0,264.0
2025-01-13,2,climatology,193.55507936507937,264.0
2025-01-13,2,gru,144.94802376996566,264.0
2025-01-13,3,naive,125.0,160.0
2025-01-13,3,naive_carry,125.0,160.0
2025-01-13,3,seasonal_naive_7,262.0,160.0
2025-01-13,3,climatology,193.0984126984127,160.0
2025-01-13,3,gru,186.05434026049912,160.0
2025-01-14,1,naive,159.0,264.0
2025-01-14,1,naive_carry,159.0,264.0
2025-01-14,1,seasonal_naive_7,137.0,264.0
2025-01-14,1,climatology,193.55507936507937,264.0
2025-01-14,1,gru,180.5878645572849,264.0
2025-01-14,2,naive,159.0,160.0
2025-01-14,2,naive_carry,159.0,160.0
2025-01-14,2,seasonal_naive_7,262.0,160.0
2025-01-14,2,climatology,193.0984126984127,160.0
2025-01-14,2,gru,171.47441437193055,160.0
2025-01-14,3,naive,159.0,147.0
2025-01-14,3,naive_carry,159.0,147.0
2025-01-14,3,seasonal_naive_7,255.0,147.0
2025-01-14,3,climatology,189.59079365079367,147.0
2025-01-14,3,gru,199.9830645201305,147.0
2025-01-15,1,naive,264.0,160.0
2025-01-15,1,naive_carry,264.0,160.0
2025-01-15,1,seasonal_naive_7,262.0,160.0
2025-01-15,1,climatology,193.0984126984127,160.0
2025-01-15,1,gru,256.02322896107563,160.0
2025-01-15,2,naive,264.0,147.0
2025-01-15,2,naive_carry,264.0,147.0
2025-01-15,2,seasonal_naive_7,255.0,147.0
2025-01-15,2,climatology,189.59079365079367,147.0
2025-01-15,2,gru,207.09835784868136,147.0
2025-01-15,3,naive,264.0,166.0
2025-01-15,3,naive_carry,264.0,166.0
2025-01-15,3,seasonal_naive_7,164.0,166.0
2025-01-15,3,climatology,187.15650793650792,166.0
2025-01-15,3,gru,208.03607426868646,166.0
2025-01-16,1,naive,160.0,147.0
2025-01-16,1,naive_carry,160.0,147.0
2025-01-16,1,seasonal_naive_7,255.0,147.0
2025-01-16,1,climatology,189.59079365079367,147.0
2025-01-16,1,gru,173.90775933624687,147.0
2025-01-16,2,naive,160.0,166.0
2025-01-16,2,naive_carry,160.0,166.0
2025-01-16,2,seasonal_naive_7,164.0,166.0
2025-01-16,2,climatology,187.15650793650792,166.0
2025-01-16,2,gru,165.55417089459334,166.0
2025-01-16,3,naive,160.0,219.0
2025-01-16,3,naive_carry,160.0,219.0
2025-01-16,3,seasonal_naive_7,155.0,219.0
2025-01-16,3,climatology,185.86603174603175,219.0
2025-01-16,3,gru,184.3547506124118,219.0
2025-01-17,1,naive,147.0,166.0
2025-01-17,1,naive_carry,147.0,166.0
2025-01-17,1,seasonal_naive_7,164.0,166.0
2025-01-17,1,climatology,187.15650793650792,166.0
2025-01-17,1,gru,143.4191437662574,166.0
2025-01-17,2,naive,147.0,219.0
2025-01-17,2,naive_carry,147.0,219.0
2025-01-17,2,seasonal_naive_7,155.0,219.0
2025-01-17,2,climatology,185.86603174603175,219.0
2025-01-17,2,gru,152.6005518691276,219.0
2025-01-17,3,naive,147.0,169.0
2025-01-17,3,naive_carry,147.0,169.0
2025-01-17,3,seasonal_naive_7,125.0,169.0
2025-01-17,3,climatology,182.6915873015873,169.0
2025-01-17,3,gru,179.4879549030865,169.0
2025-01-18,1,naive,166.0,219.0
2025-01-18,1,naive_carry,166.0,219.0
2025-01-18,1,seasonal_naive_7,155.0,219.0
2025-01-18,1,climatology,185.86603174603175,219.0
2025-01-18,1,gru,180.9578193691984,219.0
2025-01-18,2,naive,166.0,169.0
2025-01-18,2,naive_carry,166.0,169.0
2025-01-18,2,seasonal_naive_7,125.0,169.0
2025-01-18,2,climatology,182.6915873015873,169.0
2025-01-18,2,gru,164.12579770045494,169.0
2025-01-18,3,naive,166.0,136.0
2025-01-18,3,naive_carry,166.0,136.0
2025-01-18,3,seasonal_naive_7,159.0,136.0
2025-01-18,3,climatology,176.8515873015873,136.0
2025-01-18,3,gru,183.10203273417326,136.0
2025-01-19,1,naive,219.0,169.0
2025-01-19,1,naive_carry,219.0,169.0
2025-01-19,1,seasonal_naive_7,125.0,169.0
2025-01-19,1,climatology,182.6915873015873,169.0
2025-01-19,1,gru,201.64190039871167,169.0
2025-01-19,2,naive,219.0,136.0
2025-01-19,2,naive_carry,219.0,136.0
2025-01-19,2,seasonal_naive_7,159.0,136.0
2025-01-19,2,climatology,176.8515873015873,136.0
2025-01-19,2,gru,161.513798896561,136.0
2025-01-19,3,naive,219.0,124.0
2025-01-19,3,naive_carry,219.0,124.0
2025-01-19,3,seasonal_naive_7,264.0,124.0
2025-01-19,3,climatology,169.80396825396826,124.0
2025-01-19,3,gru,156.83813914925497,124.0
2025-01-20,1,naive,169.0,136.0
2025-01-20,1,naive_carry,169.0,136.0
2025-01-20,1,seasonal_naive_7,159.0,136.0
2025-01-20,1,climatology,176.8515873015873,136.0
2025-01-20,1,gru,135.29367122588812,136.0
2025-01-20,2,naive,169.0,124.0
2025-01-20,2,naive_carry,169.0,124.0
2025-01-20,2,seasonal_naive_7,264.0,124.0
2025-01-20,2,climatology,169.80396825396826,124.0
2025-01-20,2,gru,134.3620851149263,124.0
2025-01-20,3,naive,169.0,111.0
2025-01-20,3,naive_carry,169.0,111.0
2025-01-20,3,seasonal_naive_7,160.0,111.0
2025-01-20,3,climatology,165.29507936507937,111.0
2025-01-20,3,gru,145.5928608877213,111.0
2025-01-21,1,naive,136.0,124.0
2025-01-21,1,naive_carry,136.0,124.0
2025-01-21,1,seasonal_naive_7,264.0,124.0
2025-01-21,1,climatology,169.80396825396826,124.0
2025-01-21,1,gru,141.7439910700688,124.0
2025-01-21,2,naive,136.0,111.0
2025-01-21,2,naive_carry,136.0,111.0
2025-01-21,2,seasonal_naive_7,160.0,111.0
2025-01-21,2,climatology,165.29507936507937,111.0
2025-01-21,2,gru,138.12088084594762,111.0
2025-01-21,3,naive,136.0,90.8
2025-01-21,3,naive_carry,136.0,90.8
2025-01-21,3,seasonal_naive_7,147.0,90.8
2025-01-21,3,climatology,163.0704761904762,90.8
2025-01-21,3,gru,148.17656971925982,90.8
2025-01-22,1,naive,124.0,111.0
2025-01-22,1,naive_carry,124.0,111.0
2025-01-22,1,seasonal_naive_7,160.0,111.0
2025-01-22,1,climatology,165.29507936507937,111.0
2025-01-22,1,gru,154.66303288184193,111.0
2025-01-22,2,naive,124.0,90.8
2025-01-22,2,naive_carry,124.0,90.8
2025-01-22,2,seasonal_naive_7,147.0,90.8
2025-01-22,2,climatology,163.0704761904762,90.8
2025-01-22,2,gru,140.1622466690846,90.8
2025-01-22,3,naive,124.0,71.7
2025-01-22,3,naive_carry,124.0,71.7
2025-01-22,3,seasonal_naive_7,166.0,71.7
2025-01-22,3,climatology,159.13206349206348,71.7
2025-01-22,3,gru,146.0855510930131,71.7
2025-01-23,1,naive,111.0,90.8
2025-01-23,1,naive_carry,111.0,90.8
2025-01-23,1,seasonal_naive_7,147.0,90.8
2025-01-23,1,climatology,163.0704761904762,90.8
2025-01-23,1,gru,116.86871427504097,90.8
2025-01-23,2,naive,111.0,71.7
2025-01-23,2,naive_carry,111.0,71.7
2025-01-23,2,seasonal_naive_7,166.0,71.7
2025-01-23,2,climatology,159.13206349206348,71.7
2025-01-23,2,gru,119.27341223390647,71.7
2025-01-23,3,naive,111.0,86.1
2025-01-23,3,naive_carry,111.0,86.1
2025-01-23,3,seasonal_naive_7,219.0,86.1
2025-01-23,3,climatology,158.3942857142857,86.1
2025-01-23,3,gru,133.43796661121337,86.1
2025-01-24,1,naive,90.8,71.7
2025-01-24,1,naive_carry,90.8,71.7
2025-01-24,1,seasonal_naive_7,166.0,71.7
2025-01-24,1,climatology,159.13206349206348,71.7
2025-01-24,1,gru,91.59684427055733,71.7
2025-01-24,2,naive,90.8,86.1
2025-01-24,2,naive_carry,90.8,86.1
2025-01-24,2,seasonal_naive_7,219.0,86.1
2025-01-24,2,climatology,158.3942857142857,86.1
2025-01-24,2,gru,108.86994756234942,86.1
2025-01-24,3,naive,90.8,113.0
2025-01-24,3,naive_carry,90.8,113.0
2025-01-24,3,seasonal_naive_7,169.0,113.0
2025-01-24,3,climatology,154.57142857142856,113.0
2025-01-24,3,gru,135.81494364278754,113.0
2025-01-25,1,naive,71.7,86.1
2025-01-25,1,naive_carry,71.7,86.1
2025-01-25,1,seasonal_naive_7,219.0,86.1
2025-01-25,1,climatology,158.3942857142857,86.1
2025-01-25,1,gru,95.4828354735021,86.1
2025-01-25,2,naive,71.7,113.0
2025-01-25,2,naive_carry,71.7,113.0
2025-01-25,2,seasonal_naive_7,169.0,113.0
2025-01-25,2,climatology,154.57142857142856,113.0
2025-01-25,2,gru,110.83904208509423,113.0
2025-01-25,3,naive,71.7,116.0
2025-01-25,3,naive_carry,71.7,116.0
2025-01-25,3,seasonal_naive_7,136.0,116.0
2025-01-25,3,climatology,152.19809523809525,116.0
2025-01-25,3,gru,137.4370323367318,116.0
2025-01-26,1,naive,86.1,113.0
2025-01-26,1,naive_carry,86.1,113.0
2025-01-26,1,seasonal_naive_7,169.0,113.0
2025-01-26,1,climatology,154.57142857142856,113.0
2025-01-26,1,gru,117.87890131873732,113.0
2025-01-26,2,naive,86.1,116.0
2025-01-26,2,naive_carry,86.1,116.0
2025-01-26,2,seasonal_naive_7,136.0,116.0
2025-01-26,2,climatology,152.19809523809525,116.0
2025-01-26,2,gru,121.843332658285,116.0
2025-01-26,3,naive,86.1,231.0
2025-01-26,3,naive_carry,86.1,231.0
2025-01-26,3,seasonal_naive_7,124.0,231.0
2025-01-26,3,climatology,148.94396825396828,231.0
2025-01-26,3,gru,145.55599040943733,231.0
2025-01-27,1,naive,113.0,116.0
2025-01-27,1,naive_carry,113.0,116.0
2025-01-27,1,seasonal_naive_7,136.0,116.0
2025-01-27,1,climatology,152.19809523809525,116.0
2025-01-27,1,gru,132.17479492729447,116.0
2025-01-27,2,naive,113.0,231.0
2025-01-27,2,naive_carry,113.0,231.0
2025-01-27,2,seasonal_naive_7,124.0,231.0
2025-01-27,2,climatology,148.94396825396828,231.0
2025-01-27,2,gru,126.11141672083245,231.0
2025-01-27,3,naive,113.0,180.0
2025-01-27,3,naive_carry,113.0,180.0
2025-01-27,3,seasonal_naive_7,111.0,180.0
2025-01-27,3,climatology,150.03396825396828,180.0
2025-01-27,3,gru,144.3959834100317,180.0
2025-01-28,1,naive,116.0,231.0
2025-01-28,1,naive_carry,116.0,231.0
2025-01-28,1,seasonal_naive_7,124.0,231.0
2025-01-28,1,climatology,148.94396825396828,231.0
2025-01-28,1,gru,128.95563813846255,231.0
2025-01-28,2,naive,116.0,180.0
2025-01-28,2,naive_carry,116.0,180.0
2025-01-28,2,seasonal_naive_7,111.0,180.0
2025-01-28,2,climatology,150.03396825396828,180.0
2025-01-28,2,gru,120.10421575131853,180.0
2025-01-28,3,naive,116.0,183.0
2025-01-28,3,naive_carry,116.0,183.0
2025-01-28,3,seasonal_naive_7,90.8,183.0
2025-01-28,3,climatology,147.10619047619048,183.0
2025-01-28,3,gru,134.95045325340325,183.0
2025-01-29,1,naive,231.0,180.0
2025-01-29,1,naive_carry,231.0,180.0
2025-01-29,1,seasonal_naive_7,111.0,180.0
2025-01-29,1,climatology,150.03396825396828,180.0
2025-01-29,1,gru,174.09233219121154,180.0
2025-01-29,2,naive,231.0,183.0
2025-01-29,2,naive_carry,231.0,183.0
2025-01-29,2,seasonal_naive_7,90.8,183.0
2025-01-29,2,climatology,147.10619047619048,183.0
2025-01-29,2,gru,142.34945335946028,183.0
2025-01-29,3,naive,231.0,221.0
2025-01-29,3,naive_carry,231.0,221.0
2025-01-29,3,seasonal_naive_7,71.7,221.0
2025-01-29,3,climatology,146.8852380952381,221.0
2025-01-29,3,gru,130.27006038600348,221.0
2025-01-30,1,naive,180.0,183.0
2025-01-30,1,naive_carry,180.0,183.0
2025-01-30,1,seasonal_naive_7,90.8,183.0
2025-01-30,1,climatology,147.10619047619048,183.0
2025-01-30,1,gru,172.13872260098827,183.0
2025-01-30,2,naive,180.0,221.0
2025-01-30,2,naive_carry,180.0,221.0
2025-01-30,2,seasonal_naive_7,71.7,221.0
2025-01-30,2,climatology,146.8852380952381,221.0
2025-01-30,2,gru,136.60744833393267,221.0
2025-01-30,3,naive,180.0,183.0
2025-01-30,3,naive_carry,180.0,183.0
2025-01-30,3,seasonal_naive_7,86.1,183.0
2025-01-30,3,climatology,146.23971428571429,183.0
2025-01-30,3,gru,126.88180486484276,183.0
2025-01-31,1,naive,183.0,221.0
2025-01-31,1,naive_carry,183.0,221.0
2025-01-31,1,seasonal_naive_7,71.7,221.0
2025-01-31,1,climatology,146.8852380952381,221.0
2025-01-31,1,gru,160.4639577751282,221.0
2025-01-31,2,naive,183.0,183.0
2025-01-31,2,naive_carry,183.0,183.0
2025-01-31,2,seasonal_naive_7,86.1,183.0
2025-01-31,2,climatology,146.23971428571429,183.0
2025-01-31,2,gru,133.18794346502108,183.0
2025-01-31,3,naive,183.0,111.0
2025-01-31,3,naive_carry,183.0,111.0
2025-01-31,3,seasonal_naive_7,113.0,111.0
2025-01-31,3,climatology,145.15038095238094,111.0
2025-01-31,3,gru,122.81360982502451,111.0
2025-02-01,1,naive,221.0,183.0
2025-02-01,1,naive_carry,221.0,183.0
2025-02-01,1,seasonal_naive_7,86.1,183.0
2025-02-01,1,climatology,146.23971428571429,183.0
2025-02-01,1,gru,171.28303785893493,183.0
2025-02-01,2,naive,221.0,111.0
2025-02-01,2,naive_carry,221.0,111.0
2025-02-01,2,seasonal_naive_7,113.0,111.0
2025-02-01,2,climatology,145.15038095238094,111.0
2025-02-01,2,gru,139.64830515350985,111.0
2025-02-01,3,naive,221.0,157.0
2025-02-01,3,naive_carry,221.0,157.0
2025-02-01,3,seasonal_naive_7,116.0,157.0
2025-02-01,3,climatology,147.46215873015873,157.0
2025-02-01,3,gru,125.78238118248441,157.0
2025-02-02,1,naive,183.0,111.0
2025-02-02,1,naive_carry,183.0,111.0
2025-02-02,1,seasonal_naive_7,113.0,111.0
2025-02-02,1,climatology,145.15038095238094,111.0
2025-02-02,1,gru,140.11361773966465,111.0
2025-02-02,2,naive,183.0,157.0
2025-02-02,2,naive_carry,183.0,157.0
2025-02-02,2,seasonal_naive_7,116.0,157.0
2025-02-02,2,climatology,147.46215873015873,157.0
2025-02-02,2,gru,132.047179074972,157.0
2025-02-02,3,naive,183.0,109.0
2025-02-02,3,naive_carry,183.0,109.0
2025-02-02,3,seasonal_naive_7,231.0,109.0
2025-02-02,3,climatology,148.28715873015875,109.0
2025-02-02,3,gru,132.17769521134036,109.0
2025-02-03,1,naive,111.0,157.0
2025-02-03,1,naive_carry,111.0,157.0
2025-02-03,1,seasonal_naive_7,116.0,157.0
2025-02-03,1,climatology,147.46215873015873,157.0
2025-02-03,1,gru,132.98979032455108,157.0
2025-02-03,2,naive,111.0,109.0
2025-02-03,2,naive_carry,111.0,109.0
2025-02-03,2,seasonal_naive_7,231.0,109.0
2025-02-03,2,climatology,148.28715873015875,109.0
2025-02-03,2,gru,126.76492492976799,109.0
2025-02-03,3,naive,111.0,90.5
2025-02-03,3,naive_carry,111.0,90.5
2025-02-03,3,seasonal_naive_7,180.0,90.5
2025-02-03,3,climatology,146.6031111111111,90.5
2025-02-03,3,gru,135.54432179475427,90.5
2025-02-04,1,naive,157.0,109.0
2025-02-04,1,naive_carry,157.0,109.0
2025-02-04,1,seasonal_naive_7,231.0,109.0
2025-02-04,1,climatology,148.28715873015875,109.0
2025-02-04,1,gru,146.17466359998872,109.0
2025-02-04,2,naive,157.0,90.5
2025-02-04,2,naive_carry,157.0,90.5
2025-02-04,2,seasonal_naive_7,180.0,90.5
2025-02-04,2,climatology,146.6031111111111,90.5
2025-02-04,2,gru,123.0571258428937,90.5
2025-02-04,3,naive,157.0,68.4
2025-02-04,3,naive_carry,157.0,68.4
2025-02-04,3,seasonal_naive_7,183.0,68.4
2025-02-04,3,climatology,144.1231111111111,68.4
2025-02-04,3,gru,116.36651283824557,68.4
2025-02-05,1,naive,109.0,90.5
2025-02-05,1,naive_carry,109.0,90.5
2025-02-05,1,seasonal_naive_7,180.0,90.5
2025-02-05,1,climatology,146.6031111111111,90.5
2025-02-05,1,gru,98.3985788902254,90.5
2025-02-05,2,naive,109.0,68.4
2025-02-05,2,naive_carry,109.0,68.4
2025-02-05,2,seasonal_naive_7,183.0,68.4
2025-02-05,2,climatology,144.1231111111111,68.4
2025-02-05,2,gru,107.82023082842066,68.4
2025-02-05,3,naive,109.0,75.9
2025-02-05,3,naive_carry,109.0,75.9
2025-02-05,3,seasonal_naive_7,221.0,75.9
2025-02-05,3,climatology,140.11666666666667,75.9
2025-02-05,3,gru,122.96865240785442,75.9
2025-02-06,1,naive,90.5,68.4
2025-02-06,1,naive_carry,90.5,68.4
2025-02-06,1,seasonal_naive_7,183.0,68.4
2025-02-06,1,climatology,144.1231111111111,68.4
2025-02-06,1,gru,91.07261018352577,68.4
2025-02-06,2,naive,90.5,75.9
2025-02-06,2,naive_carry,90.5,75.9
2025-02-06,2,seasonal_naive_7,221.0,75.9
2025-02-06,2,climatology,140.11666666666667,75.9
2025-02-06,2,gru,104.7355092215787,75.9
2025-02-06,3,naive,90.5,108.0
2025-02-06,3,naive_carry,90.5,108.0
2025-02-06,3,seasonal_naive_7,183.0,108.0
2025-02-06,3,climatology,139.51222222222222,108.0
2025-02-06,3,gru,123.07671914330675,108.0
2025-02-07,1,naive,68.4,75.9
2025-02-07,1,naive_carry,68.4,75.9
2025-02-07,1,seasonal_naive_7,221.0,75.9
2025-02-07,1,climatology,140.11666666666667,75.9
2025-02-07,1,gru,81.5174979369878,75.9
2025-02-07,2,naive,68.4,108.0
2025-02-07,2,naive_carry,68.4,108.0
2025-02-07,2,seasonal_naive_7,183.0,108.0
2025-02-07,2,climatology,139.51222222222222,108.0
2025-02-07,2,gru,99.76992372062213,108.0
2025-02-07,3,naive,68.4,127.0
2025-02-07,3,naive_carry,68.4,127.0
2025-02-07,3,seasonal_naive_7,111.0,127.0
2025-02-07,3,climatology,136.12722222222223,127.0
2025-02-07,3,gru,119.47187270541001,127.0
2025-02-08,1,naive,75.9,108.0
2025-02-08,1,naive_carry,75.9,108.0
2025-02-08,1,seasonal_naive_7,183.0,108.0
2025-02-08,1,climatology,139.51222222222222,108.0
2025-02-08,1,gru,106.29450534878545,108.0
2025-02-08,2,naive,75.9,127.0
2025-02-08,2,naive_carry,75.9,127.0
2025-02-08,2,seasonal_naive_7,111.0,127.0
2025-02-08,2,climatology,136.12722222222223,127.0
2025-02-08,2,gru,108.81806397454228,127.0
2025-02-08,3,naive,75.9,120.0
2025-02-08,3,naive_carry,75.9,120.0
2025-02-08,3,seasonal_naive_7,157.0,120.0
2025-02-08,3,climatology,133.1238888888889,120.0
2025-02-08,3,gru,117.74362820612336,120.0
2025-02-09,1,naive,108.0,127.0
2025-02-09,1,naive_carry,108.0,127.0
2025-02-09,1,seasonal_naive_7,111.0,127.0
2025-02-09,1,climatology,136.12722222222223,127.0
2025-02-09,1,gru,132.68132600757454,127.0
2025-02-09,2,naive,108.0,120.0
2025-02-09,2,naive_carry,108.0,120.0
2025-02-09,2,seasonal_naive_7,157.0,120.0
2025-02-09,2,climatology,133.1238888888889,120.0
2025-02-09,2,gru,111.82471725673118,120.0
2025-02-09,3,naive,108.0,78.3
2025-02-09,3,naive_carry,108.0,78.3
2025-02-09,3,seasonal_naive_7,109.0,78.3
2025-02-09,3,climatology,131.14833333333334,78.3
2025-02-09,3,gru,105.9459456254423,78.3
2025-02-10,1,naive,127.0,120.0
2025-02-10,1,naive_carry,127.0,120.0
2025-02-10,1,seasonal_naive_7,157.0,120.0
2025-02-10,1,climatology,133.1238888888889,120.0
2025-02-10,1,gru,117.25512176518612,120.0
2025-02-10,2,naive,127.0,78.3
2025-02-10,2,naive_carry,127.0,78.3
2025-02-10,2,seasonal_naive_7,109.0,78.3
2025-02-10,2,climatology,131.14833333333334,78.3
2025-02-10,2,gru,100.39764319076758,78.3
2025-02-10,3,naive,127.0,57.5
2025-02-10,3,naive_carry,127.0,57.5
2025-02-10,3,seasonal_naive_7,90.5,57.5
2025-02-10,3,climatology,128.48944444444444,57.5
2025-02-10,3,gru,91.94100648558201,57.5
2025-02-11,1,naive,120.0,78.3
2025-02-11,1,naive_carry,120.0,78.3
2025-02-11,1,seasonal_naive_7,109.0,78.3
2025-02-11,1,climatology,131.14833333333334,78.3
2025-02-11,1,gru,116.39144892797827,78.3
2025-02-11,2,naive,120.0,57.5
2025-02-11,2,naive_carry,120.0,57.5
2025-02-11,2,seasonal_naive_7,90.5,57.5
2025-02-11,2,climatology,128.48944444444444,57.5
2025-02-11,2,gru,95.43955181014776,57.5
2025-02-11,3,naive,120.0,62.4
2025-02-11,3,naive_carry,120.0,62.4
2025-02-11,3,seasonal_naive_7,68.4,62.4
2025-02-11,3,climatology,119.65166666666669,62.4
2025-02-11,3,gru,90.31487906207661,62.4
2025-02-12,1,naive,78.3,57.5
2025-02-12,1,naive_carry,78.3,57.5
2025-02-12,1,seasonal_naive_7,90.5,57.5
2025-02-12,1,climatology,128.48944444444444,57.5
2025-02-12,1,gru,64.5270855883732,57.5
2025-02-12,2,naive,78.3,62.4
2025-02-12,2,naive_carry,78.3,62.4
2025-02-12,2,seasonal_naive_7,68.4,62.4
2025-02-12,2,climatology,119.65166666666669,62.4
2025-02-12,2,gru,78.23014103654252,62.4
2025-02-12,3,naive,78.3,87.0
2025-02-12,3,naive_carry,78.3,87.0
2025-02-12,3,seasonal_naive_7,75.9,87.0
2025-02-12,3,climatology,117.7338888888889,87.0
2025-02-12,3,gru,95.07712126795565,87.0
2025-02-13,1,naive,57.5,62.4
2025-02-13,1,naive_carry,57.5,62.4
2025-02-13,1,seasonal_naive_7,68.4,62.4
2025-02-13,1,climatology,119.65166666666669,62.4
2025-02-13,1,gru,72.13134196885942,62.4
2025-02-13,2,naive,57.5,87.0
2025-02-13,2,naive_carry,57.5,87.0
2025-02-13,2,seasonal_naive_7,75.9,87.0
2025-02-13,2,climatology,117.7338888888889,87.0
2025-02-13,2,gru,85.17755466394267,87.0
2025-02-13,3,naive,57.5,146.0
2025-02-13,3,naive_carry,57.5,146.0
2025-02-13,3,seasonal_naive_7,108.0,146.0
2025-02-13,3,climatology,113.85222222222224,146.0
2025-02-13,3,gru,96.98881911107325,146.0
2025-02-14,1,naive,62.4,87.0
2025-02-14,1,naive_carry,62.4,87.0
2025-02-14,1,seasonal_naive_7,75.9,87.0
2025-02-14,1,climatology,117.7338888888889,87.0
2025-02-14,1,gru,76.06210740295795,87.0
2025-02-14,2,naive,62.4,146.0
2025-02-14,2,naive_carry,62.4,146.0
2025-02-14,2,seasonal_naive_7,108.0,146.0
2025-02-14,2,climatology,113.85222222222224,146.0
2025-02-14,2,gru,86.81679562974378,146.0
2025-02-14,3,naive,62.4,92.4
2025-02-14,3,naive_carry,62.4,92.4
2025-02-14,3,seasonal_naive_7,127.0,92.4
2025-02-14,3,climatology,111.02155555555557,92.4
2025-02-14,3,gru,97.08932280112991,92.4
2025-02-15,1,naive,87.0,146.0
2025-02-15,1,naive_carry,87.0,146.0
2025-02-15,1,seasonal_naive_7,108.0,146.0
2025-02-15,1,climatology,113.85222222222224,146.0
2025-02-15,1,gru,121.58391100333262,146.0
2025-02-15,2,naive,87.0,92.4
2025-02-15,2,naive_carry,87.0,92.4
2025-02-15,2,seasonal_naive_7,127.0,92.4
2025-02-15,2,climatology,111.02155555555557,92.4
2025-02-15,2,gru,101.76347295395114,92.4
2025-02-15,3,naive,87.0,81.9
2025-02-15,3,naive_carry,87.0,81.9
2025-02-15,3,seasonal_naive_7,120.0,81.9
2025-02-15,3,climatology,110.41755555555557,81.9
2025-02-15,3,gru,95.71892416126012,81.9
2025-02-16,1,naive,146.0,92.4
2025-02-16,1,naive_carry,146.0,92.4
2025-02-16,1,seasonal_naive_7,127.0,92.4
2025-02-16,1,climatology,111.02155555555557,92.4
2025-02-16,1,gru,127.10106969608873,92.4
2025-02-16,2,naive,146.0,81.9
2025-02-16,2,naive_carry,146.0,81.9
2025-02-16,2,seasonal_naive_7,120.0,81.9
2025-02-16,2,climatology,110.41755555555557,81.9
2025-02-16,2,gru,101.51524897878905,81.9
2025-02-16,3,naive,146.0,76.6
2025-02-16,3,naive_carry,146.0,76.6
2025-02-16,3,seasonal_naive_7,78.3,76.6
2025-02-16,3,climatology,106.06355555555557,76.6
2025-02-16,3,gru,82.70242427097506,76.6
2025-02-17,1,naive,92.4,81.9
2025-02-17,1,naive_carry,92.4,81.9
2025-02-17,1,seasonal_naive_7,120.0,81.9
2025-02-17,1,climatology,110.41755555555557,81.9
2025-02-17,1,gru,98.95612764116659,81.9
2025-02-17,2,naive,92.4,76.6
2025-02-17,2,naive_carry,92.4,76.6
2025-02-17,2,seasonal_naive_7,78.3,76.6
2025-02-17,2,climatology,106.06355555555557,76.6
2025-02-17,2,gru,83.52631377050224,76.6
2025-02-17,3,naive,92.4,53.5
2025-02-17,3,naive_carry,92.4,53.5
2025-02-17,3,seasonal_naive_7,57.5,53.5
2025-02-17,3,climatology,101.38522222222224,53.5
2025-02-17,3,gru,84.71511365015769,53.5
2025-02-18,1,naive,81.9,76.6
2025-02-18,1,naive_carry,81.9,76.6
2025-02-18,1,seasonal_naive_7,78.3,76.6
2025-02-18,1,climatology,106.06355555555557,76.6
2025-02-18,1,gru,80.91618862931635,76.6
2025-02-18,2,naive,81.9,53.5
2025-02-18,2,naive_carry,81.9,53.5
2025-02-18,2,seasonal_naive_7,57.5,53.5
2025-02-18,2,climatology,101.38522222222224,53.5
2025-02-18,2,gru,75.98966887168409,53.5
2025-02-18,3,naive,81.9,83.9
2025-02-18,3,naive_carry,81.9,83.9
2025-02-18,3,seasonal_naive_7,62.4,83.9
2025-02-18,3,climatology,97.47244444444443,83.9
2025-02-18,3,gru,86.75819818107765,83.9
2025-02-19,1,naive,76.6,53.5
2025-02-19,1,naive_carry,76.6,53.5
2025-02-19,1,seasonal_naive_7,57.5,53.5
2025-02-19,1,climatology,101.38522222222224,53.5
2025-02-19,1,gru,80.85562537726287,53.5
2025-02-19,2,naive,76.6,83.9
2025-02-19,2,naive_carry,76.6,83.9
2025-02-19,2,seasonal_naive_7,62.4,83.9
2025-02-19,2,climatology,97.47244444444443,83.9
2025-02-19,2,gru,75.86602755947725,83.9
2025-02-19,3,naive,76.6,63.2
2025-02-19,3,naive_carry,76.6,63.2
2025-02-19,3,seasonal_naive_7,87.0,63.2
2025-02-19,3,climatology,95.99466666666667,63.2
2025-02-19,3,gru,85.79123573783457,63.2
2025-02-20,1,naive,53.5,83.9
2025-02-20,1,naive_carry,53.5,83.9
2025-02-20,1,seasonal_naive_7,62.4,83.9
2025-02-20,1,climatology,97.47244444444443,83.9
2025-02-20,1,gru,54.16753101046155,83.9
2025-02-20,2,naive,53.5,63.2
2025-02-20,2,naive_carry,53.5,63.2
2025-02-20,2,seasonal_naive_7,87.0,63.2
2025-02-20,2,climatology,95.99466666666667,63.2
2025-02-20,2,gru,61.18110424353322,63.2
2025-02-20,3,naive,53.5,66.6
2025-02-20,3,naive_carry,53.5,66.6
2025-02-20,3,seasonal_naive_7,146.0,66.6
2025-02-20,3,climatology,95.10166666666667,66.6
2025-02-20,3,gru,72.39922831685587,66.6
2025-02-21,1,naive,83.9,63.2
2025-02-21,1,naive_carry,83.9,63.2
2025-02-21,1,seasonal_naive_7,87.0,63.2
2025-02-21,1,climatology,95.99466666666667,63.2
2025-02-21,1,gru,93.04641523881455,63.2
2025-02-21,2,naive,83.9,66.6
2025-02-21,2,naive_carry,83.9,66.6
2025-02-21,2,seasonal_naive_7,146.0,66.6
2025-02-21,2,climatology,95.10166666666667,66.6
2025-02-21,2,gru,81.31622432449927,66.6
2025-02-21,3,naive,83.9,84.0
2025-02-21,3,naive_carry,83.9,84.0
2025-02-21,3,seasonal_naive_7,92.4,84.0
2025-02-21,3,climatology,90.67055555555557,84.0
2025-02-21,3,gru,76.53980950692039,84.0
2025-02-22,1,naive,63.2,66.6
2025-02-22,1,naive_carry,63.2,66.6
2025-02-22,1,seasonal_naive_7,146.0,66.6
2025-02-22,1,climatology,95.10166666666667,66.6
2025-02-22,1,gru,66.68549747641627,66.6
2025-02-22,2,naive,63.2,84.0
2025-02-22,2,naive_carry,63.2,84.0
2025-02-22,2,seasonal_naive_7,92.4,84.0
2025-02-22,2,climatology,90.67055555555557,84.0
2025-02-22,2,gru,72.66671348799208,84.0
2025-02-22,3,naive,63.2,87.7
2025-02-22,3,naive_carry,63.2,87.7
2025-02-22,3,seasonal_naive_7,81.9,87.7
2025-02-22,3,climatology,86.78444444444445,87.7
2025-02-22,3,gru,80.10746535394995,87.7
2025-02-23,1,naive,66.6,84.0
2025-02-23,1,naive_carry,66.6,84.0
2025-02-23,1,seasonal_naive_7,92.4,84.0
2025-02-23,1,climatology,90.67055555555557,84.0
2025-02-23,1,gru,82.44807518859858,84.0
2025-02-23,2,naive,66.6,87.7
2025-02-23,2,naive_carry,66.6,87.7
2025-02-23,2,seasonal_naive_7,81.9,87.7
2025-02-23,2,climatology,86.78444444444445,87.7
2025-02-23,2,gru,77.09764638279654,87.7
2025-02-23,3,naive,66.6,108.0
2025-02-23,3,naive_carry,66.6,108.0
2025-02-23,3,seasonal_naive_7,76.6,108.0
2025-02-23,3,climatology,83.73777777777778,108.0
2025-02-23,3,gru,79.11679985599551,108.0
2025-02-24,1,naive,84.0,87.7
2025-02-24,1,naive_carry,84.0,87.7
2025-02-24,1,seasonal_naive_7,81.9,87.7
2025-02-24,1,climatology,86.78444444444445,87.7
2025-02-24,1,gru,90.26575563728935,87.7
2025-02-24,2,naive,84.0,108.0
2025-02-24,2,naive_carry,84.0,108.0
2025-02-24,2,seasonal_naive_7,76.6,108.0
2025-02-24,2,climatology,83.73777777777778,108.0
2025-02-24,2,gru,77.16226204521395,108.0
2025-02-24,3,naive,84.0,63.0
2025-02-24,3,naive_carry,84.0,63.0
2025-02-24,3,seasonal_naive_7,53.5,63.0
2025-02-24,3,climatology,81.99333333333334,63.0
2025-02-24,3,gru,71.00642522616886,63.0
2025-02-25,1,naive,87.7,108.0
2025-02-25,1,naive_carry,87.7,108.0
2025-02-25,1,seasonal_naive_7,76.6,108.0
2025-02-25,1,climatology,83.73777777777778,108.0
2025-02-25,1,gru,87.36674252584488,108.0
2025-02-25,2,naive,87.7,63.0
2025-02-25,2,naive_carry,87.7,63.0
2025-02-25,2,seasonal_naive_7,53.5,63.0
2025-02-25,2,climatology,81.99333333333334,63.0
2025-02-25,2,gru,73.20183541059738,63.0
2025-02-25,3,naive,87.7,52.8
2025-02-25,3,naive_carry,87.7,52.8
2025-02-25,3,seasonal_naive_7,83.9,52.8
2025-02-25,3,climatology,80.55444444444444,52.8
2025-02-25,3,gru,66.7872478766021,52.8
2025-02-26,1,naive,108.0,63.0
2025-02-26,1,naive_carry,108.0,63.0
2025-02-26,1,seasonal_naive_7,53.5,63.0
2025-02-26,1,climatology,81.99333333333334,63.0
2025-02-26,1,gru,92.24795509108598,63.0
2025-02-26,2,naive,108.0,52.8
2025-02-26,2,naive_carry,108.0,52.8
2025-02-26,2,seasonal_naive_7,83.9,52.8
2025-02-26,2,climatology,80.55444444444444,52.8
2025-02-26,2,gru,72.28147776644715,52.8
2025-02-26,3,naive,108.0,58.1
2025-02-26,3,naive_carry,108.0,58.1
2025-02-26,3,seasonal_naive_7,63.2,58.1
2025-02-26,3,climatology,80.95055555555555,58.1
2025-02-26,3,gru,64.3932593045089,58.1
2025-02-27,1,naive,63.0,52.8
2025-02-27,1,naive_carry,63.0,52.8
2025-02-27,1,seasonal_naive_7,83.9,52.8
2025-02-27,1,climatology,80.55444444444444,52.8
2025-02-27,1,gru,63.00548502091891,52.8
2025-02-27,2,naive,63.0,58.1
2025-02-27,2,naive_carry,63.0,58.1
2025-02-27,2,seasonal_naive_7,63.2,58.1
2025-02-27,2,climatology,80.95055555555555,58.1
2025-02-27,2,gru,63.718326112839634,58.1
2025-02-27,3,naive,63.0,44.5
2025-02-27,3,naive_carry,63.0,44.5
2025-02-27,3,seasonal_naive_7,66.6,44.5
2025-02-27,3,climatology,80.87944444444445,44.5
2025-02-27,3,gru,75.02219437658573,44.5
2025-02-28,1,naive,52.8,58.1
2025-02-28,1,naive_carry,52.8,58.1
2025-02-28,1,seasonal_naive_7,63.2,58.1
2025-02-28,1,climatology,80.95055555555555,58.1
2025-02-28,1,gru,57.23645352580439,58.1
2025-02-28,2,naive,52.8,44.5
2025-02-28,2,naive_carry,52.8,44.5
2025-02-28,2,seasonal_naive_7,66.6,44.5
2025-02-28,2,climatology,80.87944444444445,44.5
2025-02-28,2,gru,62.20578577555283,44.5
2025-02-28,3,naive,52.8,60.0
2025-02-28,3,naive_carry,52.8,60.0
2025-02-28,3,seasonal_naive_7,84.0,60.0
2025-02-28,3,climatology,78.92444444444443,60.0
2025-02-28,3,gru,77.69175742090461,60.0
2025-03-01,1,naive,58.1,44.5
2025-03-01,1,naive_carry,58.1,44.5
2025-03-01,1,seasonal_naive_7,66.6,44.5
2025-03-01,1,climatology,80.87944444444445,44.5
2025-03-01,1,gru,70.5204016553891,44.5
2025-03-01,2,naive,58.1,60.0
2025-03-01,2,naive_carry,58.1,60.0
2025-03-01,2,seasonal_naive_7,84.0,60.0
2025-03-01,2,climatology,78.92444444444443,60.0
2025-03-01,2,gru,64.45448204974952,60.0
2025-03-01,3,naive,58.1,49.3
2025-03-01,3,naive_carry,58.1,49.3
2025-03-01,3,seasonal_naive_7,87.7,49.3
2025-03-01,3,climatology,78.64577777777778,49.3
2025-03-01,3,gru,69.29320477013701,49.3
2025-03-02,1,naive,44.5,60.0
2025-03-02,1,naive_carry,44.5,60.0
2025-03-02,1,seasonal_naive_7,84.0,60.0
2025-03-02,1,climatology,78.92444444444443,60.0
2025-03-02,1,gru,53.08995644367188,60.0
2025-03-02,2,naive,44.5,49.3
2025-03-02,2,naive_carry,44.5,49.3
2025-03-02,2,seasonal_naive_7,87.7,49.3
2025-03-02,2,climatology,78.64577777777778,49.3
2025-03-02,2,gru,57.86786946004714,49.3
2025-03-02,3,naive,44.5,30.5
2025-03-02,3,naive_carry,44.5,30.5
2025-03-02,3,seasonal_naive_7,108.0,30.5
2025-03-02,3,climatology,75.04711111111111,30.5
2025-03-02,3,gru,64.61730030885083,30.5
2025-03-03,1,naive,60.0,49.3
2025-03-03,1,naive_carry,60.0,49.3
2025-03-03,1,seasonal_naive_7,87.7,49.3
2025-03-03,1,climatology,78.64577777777778,49.3
2025-03-03,1,gru,68.97827572986155,49.3
2025-03-03,2,naive,60.0,30.5
2025-03-03,2,naive_carry,60.0,30.5
2025-03-03,2,seasonal_naive_7,108.0,30.5
2025-03-03,2,climatology,75.04711111111111,30.5
2025-03-03,2,gru,61.414191982564546,30.5
2025-03-03,3,naive,60.0,47.1
2025-03-03,3,naive_carry,60.0,47.1
2025-03-03,3,seasonal_naive_7,63.0,47.1
2025-03-03,3,climatology,71.90544444444444,47.1
2025-03-03,3,gru,58.19239370605998,47.1
2025-03-04,1,naive,49.3,30.5
2025-03-04,1,naive_carry,49.3,30.5
2025-03-04,1,seasonal_naive_7,108.0,30.5
2025-03-04,1,climatology,75.04711111111111,30.5
2025-03-04,1,gru,45.25666336826832,30.5
2025-03-04,2,naive,49.3,47.1
2025-03-04,2,naive_carry,49.3,47.1
2025-03-04,2,seasonal_naive_7,63.0,47.1
2025-03-04,2,climatology,71.90544444444444,47.1
2025-03-04,2,gru,50.79094262400159,47.1
2025-03-04,3,naive,49.3,91.4
2025-03-04,3,naive_carry,49.3,91.4
2025-03-04,3,seasonal_naive_7,52.8,91.4
2025-03-04,3,climatology,71.45544444444445,91.4
2025-03-04,3,gru,55.17533675298218,91.4
2025-03-05,1,naive,30.5,47.1
2025-03-05,1,naive_carry,30.5,47.1
2025-03-05,1,seasonal_naive_7,63.0,47.1
2025-03-05,1,climatology,71.90544444444444,47.1
2025-03-05,1,gru,33.900557529737135,47.1
2025-03-05,2,naive,30.5,91.4
2025-03-05,2,naive_carry,30.5,91.4
2025-03-05,2,seasonal_naive_7,52.8,91.4
2025-03-05,2,climatology,71.45544444444445,91.4
2025-03-05,2,gru,48.27046422544177,91.4
2025-03-05,3,naive,30.5,67.6
2025-03-05,3,naive_carry,30.5,67.6
2025-03-05,3,seasonal_naive_7,58.1,67.6
2025-03-05,3,climatology,72.98655555555555,67.6
2025-03-05,3,gru,59.145626798243924,67.6
2025-03-06,1,naive,47.1,91.4
2025-03-06,1,naive_carry,47.1,91.4
2025-03-06,1,seasonal_naive_7,52.8,91.4
2025-03-06,1,climatology,71.45544444444445,91.4
2025-03-06,1,gru,67.71501245402074,91.4
2025-03-06,2,naive,47.1,67.6
2025-03-06,2,naive_carry,47.1,67.6
2025-03-06,2,seasonal_naive_7,58.1,67.6
2025-03-06,2,climatology,72.98655555555555,67.6
2025-03-06,2,gru,76.62892440926834,67.6
2025-03-06,3,naive,47.1,81.9
2025-03-06,3,naive_carry,47.1,81.9
2025-03-06,3,seasonal_naive_7,44.5,81.9
2025-03-06,3,climatology,73.89155555555557,81.9
2025-03-06,3,gru,71.36048300392714,81.9
2025-03-07,1,naive,91.4,67.6
2025-03-07,1,naive_carry,91.4,67.6
2025-03-07,1,seasonal_naive_7,58.1,67.6
2025-03-07,1,climatology,72.98655555555555,67.6
2025-03-07,1,gru,102.91107242793514,67.6
2025-03-07,2,naive,91.4,81.9
2025-03-07,2,naive_carry,91.4,81.9
2025-03-07,2,seasonal_naive_7,44.5,81.9
2025-03-07,2,climatology,73.89155555555557,81.9
2025-03-07,2,gru,88.14858092794464,81.9
2025-03-07,3,naive,91.4,88.6
2025-03-07,3,naive_carry,91.4,88.6
2025-03-07,3,seasonal_naive_7,60.0,88.6
2025-03-07,3,climatology,74.99322222222222,88.6
2025-03-07,3,gru,71.22530240335205,88.6
2025-03-08,1,naive,67.6,81.9
2025-03-08,1,naive_carry,67.6,81.9
2025-03-08,1,seasonal_naive_7,44.5,81.9
2025-03-08,1,climatology,73.89155555555557,81.9
2025-03-08,1,gru,77.32213235683956,81.9
2025-03-08,2,naive,67.6,88.6
2025-03-08,2,naive_carry,67.6,88.6
2025-03-08,2,seasonal_naive_7,60.0,88.6
2025-03-08,2,climatology,74.99322222222222,88.6
2025-03-08,2,gru,70.08198689263011,88.6
2025-03-08,3,naive,67.6,100.0
2025-03-08,3,naive_carry,67.6,100.0
2025-03-08,3,seasonal_naive_7,49.3,100.0
2025-03-08,3,climatology,76.263,100.0
2025-03-08,3,gru,69.5557142573901,100.0
2025-03-09,1,naive,81.9,88.6
2025-03-09,1,naive_carry,81.9,88.6
2025-03-09,1,seasonal_naive_7,60.0,88.6
2025-03-09,1,climatology,74.99322222222222,88.6
2025-03-09,1,gru,88.8360864423873,88.6
2025-03-09,2,naive,81.9,100.0
2025-03-09,2,naive_carry,81.9,100.0
2025-03-09,2,seasonal_naive_7,49.3,100.0
2025-03-09,2,climatology,76.263,100.0
2025-03-09,2,gru,70.76795870394837,100.0
2025-03-09,3,naive,81.9,96.0
2025-03-09,3,naive_carry,81.9,96.0
2025-03-09,3,seasonal_naive_7,30.5,96.0
2025-03-09,3,climatology,77.07744444444445,96.0
2025-03-09,3,gru,67.44353581783301,96.0
2025-03-10,1,naive,88.6,100.0
2025-03-10,1,naive_carry,88.6,100.0
2025-03-10,1,seasonal_naive_7,49.3,100.0
2025-03-10,1,climatology,76.263,100.0
2025-03-10,1,gru,81.66870331762037,100.0
2025-03-10,2,naive,88.6,96.0
2025-03-10,2,naive_carry,88.6,96.0
2025-03-10,2,seasonal_naive_7,30.5,96.0
2025-03-10,2,climatology,77.07744444444445,96.0
2025-03-10,2,gru,66.74251902509609,96.0
2025-03-10,3,naive,88.6,78.8
2025-03-10,3,naive_carry,88.6,78.8
2025-03-10,3,seasonal_naive_7,47.1,78.8
2025-03-10,3,climatology,78.70839682539683,78.8
2025-03-10,3,gru,64.43062600289223,78.8
2025-03-11,1,naive,100.0,96.0
2025-03-11,1,naive_carry,100.0,96.0
2025-03-11,1,seasonal_naive_7,30.5,96.0
2025-03-11,1,climatology,77.07744444444445,96.0
2025-03-11,1,gru,92.38564156229565,96.0
2025-03-11,2,naive,100.0,78.8
2025-03-11,2,naive_carry,100.0,78.8
2025-03-11,2,seasonal_naive_7,47.1,78.8
2025-03-11,2,climatology,78.70839682539683,78.8
2025-03-11,2,gru,71.2882336363026,78.8
2025-03-11,3,naive,100.0,71.8
2025-03-11,3,naive_carry,100.0,71.8
2025-03-11,3,seasonal_naive_7,91.4,71.8
2025-03-11,3,climatology,81.74706349206349,71.8
2025-03-11,3,gru,70.00787602487327,71.8
2025-03-12,1,naive,96.0,78.8
2025-03-12,1,naive_carry,96.0,78.8
2025-03-12,1,seasonal_naive_7,47.1,78.8
2025-03-12,1,climatology,78.70839682539683,78.8
2025-03-12,1,gru,77.21113980796392,78.8
2025-03-12,2,naive,96.0,71.8
2025-03-12,2,naive_carry,96.0,71.8
2025-03-12,2,seasonal_naive_7,91.4,71.8
2025-03-12,2,climatology,81.74706349206349,71.8
2025-03-12,2,gru,68.29391205058889,71.8
2025-03-12,3,naive,96.0,26.5
2025-03-12,3,naive_carry,96.0,26.5
2025-03-12,3,seasonal_naive_7,67.6,26.5
2025-03-12,3,climatology,81.42595238095238,26.5
2025-03-12,3,gru,78.0128291303961,26.5
2025-03-13,1,naive,78.8,71.8
2025-03-13,1,naive_carry,78.8,71.8
2025-03-13,1,seasonal_naive_7,91.4,71.8
2025-03-13,1,climatology,81.74706349206349,71.8
2025-03-13,1,gru,80.92734950697934,71.8
2025-03-13,2,naive,78.8,26.5
2025-03-13,2,naive_carry,78.8,26.5
2025-03-13,2,seasonal_naive_7,67.6,26.5
2025-03-13,2,climatology,81.42595238095238,26.5
2025-03-13,2,gru,71.67493073742786,26.5
2025-03-13,3,naive,78.8,45.7
2025-03-13,3,naive_carry,78.8,45.7
2025-03-13,3,seasonal_naive_7,81.9,45.7
2025-03-13,3,climatology,81.40761904761904,45.7
2025-03-13,3,gru,82.89372712916187,45.7
2025-03-14,1,naive,71.8,26.5
2025-03-14,1,naive_carry,71.8,26.5
2025-03-14,1,seasonal_naive_7,67.6,26.5
2025-03-14,1,climatology,81.42595238095238,26.5
2025-03-14,1,gru,73.94037100925112,26.5
2025-03-14,2,naive,71.8,45.7
2025-03-14,2,naive_carry,71.8,45.7
2025-03-14,2,seasonal_naive_7,81.9,45.7
2025-03-14,2,climatology,81.40761904761904,45.7
2025-03-14,2,gru,66.81904810956847,45.7
2025-03-14,3,naive,71.8,53.9
2025-03-14,3,naive_carry,71.8,53.9
2025-03-14,3,seasonal_naive_7,88.6,53.9
2025-03-14,3,climatology,79.82095238095239,53.9
2025-03-14,3,gru,77.35068539531532,53.9
2025-03-15,1,naive,26.5,45.7
2025-03-15,1,naive_carry,26.5,45.7
2025-03-15,1,seasonal_naive_7,81.9,45.7
2025-03-15,1,climatology,81.40761904761904,45.7
2025-03-15,1,gru,36.99391426960443,45.7
2025-03-15,2,naive,26.5,53.9
2025-03-15,2,naive_carry,26.5,53.9
2025-03-15,2,seasonal_naive_7,88.6,53.9
2025-03-15,2,climatology,79.82095238095239,53.9
2025-03-15,2,gru,43.66053942786343,53.9
2025-03-15,3,naive,26.5,59.9
2025-03-15,3,naive_carry,26.5,59.9
2025-03-15,3,seasonal_naive_7,100.0,59.9
2025-03-15,3,climatology,80.5220634920635,59.9
2025-03-15,3,gru,50.796910051838545,59.9
2025-03-16,1,naive,45.7,53.9
2025-03-16,1,naive_carry,45.7,53.9
2025-03-16,1,seasonal_naive_7,88.6,53.9
2025-03-16,1,climatology,79.82095238095239,53.9
2025-03-16,1,gru,49.90769515126186,53.9
2025-03-16,2,naive,45.7,59.9
2025-03-16,2,naive_carry,45.7,59.9
2025-03-16,2,seasonal_naive_7,100.0,59.9
2025-03-16,2,climatology,80.5220634920635,59.9
2025-03-16,2,gru,50.84823760655522,59.9
2025-03-16,3,naive,45.7,73.0
2025-03-16,3,naive_carry,45.7,73.0
2025-03-16,3,seasonal_naive_7,96.0,73.0
2025-03-16,3,climatology,80.2240634920635,73.0
2025-03-16,3,gru,56.86222562147706,73.0
2025-03-17,1,naive,53.9,59.9
2025-03-17,1,naive_carry,53.9,59.9
2025-03-17,1,seasonal_naive_7,100.0,59.9
2025-03-17,1,climatology,80.5220634920635,59.9
2025-03-17,1,gru,53.072060131686506,59.9
2025-03-17,2,naive,53.9,73.0
2025-03-17,2,naive_carry,53.9,73.0
2025-03-17,2,seasonal_naive_7,96.0,73.0
2025-03-17,2,climatology,80.2240634920635,73.0
2025-03-17,2,gru,52.75415287966668,73.0
2025-03-17,3,naive,53.9,51.6
2025-03-17,3,naive_carry,53.9,51.6
2025-03-17,3,seasonal_naive_7,78.8,51.6
2025-03-17,3,climatology,80.30673015873016,51.6
2025-03-17,3,gru,50.157081814612084,51.6
2025-03-18,1,naive,59.9,73.0
2025-03-18,1,naive_carry,59.9,73.0
2025-03-18,1,seasonal_naive_7,96.0,73.0
2025-03-18,1,climatology,80.2240634920635,73.0
2025-03-18,1,gru,60.132466162832884,73.0
2025-03-18,2,naive,59.9,51.6
2025-03-18,2,naive_carry,59.9,51.6
2025-03-18,2,seasonal_naive_7,78.8,51.6
2025-03-18,2,climatology,80.30673015873016,51.6
2025-03-18,2,gru,58.54802164531425,51.6
2025-03-18,3,naive,59.9,69.2
2025-03-18,3,naive_carry,59.9,69.2
2025-03-18,3,seasonal_naive_7,71.8,69.2
2025-03-18,3,climatology,80.7730634920635,69.2
2025-03-18,3,gru,55.51115098391902,69.2
2025-03-19,1,naive,73.0,51.6
2025-03-19,1,naive_carry,73.0,51.6
2025-03-19,1,seasonal_naive_7,78.8,51.6
2025-03-19,1,climatology,80.30673015873016,51.6
2025-03-19,1,gru,72.81445452993002,51.6
2025-03-19,2,naive,73.0,69.2
2025-03-19,2,naive_carry,73.0,69.2
2025-03-19,2,seasonal_naive_7,71.8,69.2
2025-03-19,2,climatology,80.7730634920635,69.2
2025-03-19,2,gru,65.57915555153619,69.2
2025-03-19,3,naive,73.0,61.5
2025-03-19,3,naive_carry,73.0,61.5
2025-03-19,3,seasonal_naive_7,26.5,61.5
2025-03-19,3,climatology,80.23084126984126,61.5
2025-03-19,3,gru,63.81479020237196,61.5
2025-03-20,1,naive,51.6,69.2
2025-03-20,1,naive_carry,51.6,69.2
2025-03-20,1,seasonal_naive_7,71.8,69.2
2025-03-20,1,climatology,80.7730634920635,69.2
2025-03-20,1,gru,63.15414586108763,69.2
2025-03-20,2,naive,51.6,61.5
2025-03-20,2,naive_carry,51.6,61.5
2025-03-20,2,seasonal_naive_7,26.5,61.5
2025-03-20,2,climatology,80.23084126984126,61.5
2025-03-20,2,gru,58.919787213376296,61.5
2025-03-20,3,naive,51.6,63.5
2025-03-20,3,naive_carry,51.6,63.5
2025-03-20,3,seasonal_naive_7,45.7,63.5
2025-03-20,3,climatology,78.94950793650793,63.5
2025-03-20,3,gru,63.27515527633917,63.5
2025-03-21,1,naive,69.2,61.5
2025-03-21,1,naive_carry,69.2,61.5
2025-03-21,1,seasonal_naive_7,26.5,61.5
2025-03-21,1,climatology,80.23084126984126,61.5
2025-03-21,1,gru,62.073091300255214,61.5
2025-03-21,2,naive,69.2,63.5
2025-03-21,2,naive_carry,69.2,63.5
2025-03-21,2,seasonal_naive_7,45.7,63.5
2025-03-21,2,climatology,78.94950793650793,63.5
2025-03-21,2,gru,58.063380979783204,63.5
2025-03-21,3,naive,69.2,71.4
2025-03-21,3,naive_carry,69.2,71.4
2025-03-21,3,seasonal_naive_7,53.9,71.4
2025-03-21,3,climatology,77.5591746031746,71.4
2025-03-21,3,gru,65.32808370051856,71.4
2025-03-22,1,naive,61.5,63.5
2025-03-22,1,naive_carry,61.5,63.5
2025-03-22,1,seasonal_naive_7,45.7,63.5
2025-03-22,1,climatology,78.94950793650793,63.5
2025-03-22,1,gru,66.88010779641847,63.5
2025-03-22,2,naive,61.5,71.4
2025-03-22,2,naive_carry,61.5,71.4
2025-03-22,2,seasonal_naive_7,53.9,71.4
2025-03-22,2,climatology,77.5591746031746,71.4
2025-03-22,2,gru,62.827394370752,71.4
2025-03-22,3,naive,61.5,89.0
2025-03-22,3,naive_carry,61.5,89.0
2025-03-22,3,seasonal_naive_7,59.9,89.0
2025-03-22,3,climatology,75.26117460317461,89.0
2025-03-22,3,gru,62.11136542415775,89.0
2025-03-23,1,naive,63.5,71.4
2025-03-23,1,naive_carry,63.5,71.4
2025-03-23,1,seasonal_naive_7,53.9,71.4
2025-03-23,1,climatology,77.5591746031746,71.4
2025-03-23,1,gru,71.83849040266263,71.4
2025-03-23,2,naive,63.5,89.0
2025-03-23,2,naive_carry,63.5,89.0
2025-03-23,2,seasonal_naive_7,59.9,89.0
2025-03-23,2,climatology,75.26117460317461,89.0
2025-03-23,2,gru,62.13910741550013,89.0
2025-03-23,3,naive,63.5,81.7
2025-03-23,3,naive_carry,63.5,81.7
2025-03-23,3,seasonal_naive_7,73.0,81.7
2025-03-23,3,climatology,74.11584126984125,81.7
2025-03-23,3,gru,63.57996884205655,81.7
2025-03-24,1,naive,71.4,89.0
2025-03-24,1,naive_carry,71.4,89.0
2025-03-24,1,seasonal_naive_7,59.9,89.0
2025-03-24,1,climatology,75.26117460317461,89.0
2025-03-24,1,gru,72.19396270793494,89.0
2025-03-24,2,naive,71.4,81.7
2025-03-24,2,naive_carry,71.4,81.7
2025-03-24,2,seasonal_naive_7,73.0,81.7
2025-03-24,2,climatology,74.11584126984125,81.7
2025-03-24,2,gru,59.99096416637782,81.7
2025-03-24,3,naive,71.4,73.4
2025-03-24,3,naive_carry,71.4,73.4
2025-03-24,3,seasonal_naive_7,51.6,73.4
2025-03-24,3,climatology,72.50361904761904,73.4
2025-03-24,3,gru,62.749161397795724,73.4
2025-03-25,1,naive,89.0,81.7
2025-03-25,1,naive_carry,89.0,81.7
2025-03-25,1,seasonal_naive_7,73.0,81.7
2025-03-25,1,climatology,74.11584126984125,81.7
2025-03-25,1,gru,79.70333787507765,81.7
2025-03-25,2,naive,89.0,73.4
2025-03-25,2,naive_carry,89.0,73.4
2025-03-25,2,seasonal_naive_7,51.6,73.4
2025-03-25,2,climatology,72.50361904761904,73.4
2025-03-25,2,gru,62.82829322985444,73.4
2025-03-25,3,naive,89.0,54.0
2025-03-25,3,naive_carry,89.0,54.0
2025-03-25,3,seasonal_naive_7,69.2,54.0
2025-03-25,3,climatology,70.59266666666667,54.0
2025-03-25,3,gru,65.00787703284684,54.0
2025-03-26,1,naive,81.7,73.4
2025-03-26,1,naive_carry,81.7,73.4
2025-03-26,1,seasonal_naive_7,51.6,73.4
2025-03-26,1,climatology,72.50361904761904,73.4
2025-03-26,1,gru,73.80643032673287,73.4
2025-03-26,2,naive,81.7,54.0
2025-03-26,2,naive_carry,81.7,54.0
2025-03-26,2,seasonal_naive_7,69.2,54.0
2025-03-26,2,climatology,70.59266666666667,54.0
2025-03-26,2,gru,60.053322571215006,54.0
2025-03-26,3,naive,81.7,37.8
2025-03-26,3,naive_carry,81.7,37.8
2025-03-26,3,seasonal_naive_7,61.5,37.8
2025-03-26,3,climatology,68.01133333333333,37.8
2025-03-26,3,gru,63.934091160857754,37.8
2025-03-27,1,naive,73.4,54.0
2025-03-27,1,naive_carry,73.4,54.0
2025-03-27,1,seasonal_naive_7,69.2,54.0
2025-03-27,1,climatology,70.59266666666667,54.0
2025-03-27,1,gru,62.99643958075503,54.0
2025-03-27,2,naive,73.4,37.8
2025-03-27,2,naive_carry,73.4,37.8
2025-03-27,2,seasonal_naive_7,61.5,37.8
2025-03-27,2,climatology,68.01133333333333,37.8
2025-03-27,2,gru,58.02641402612867,37.8
2025-03-27,3,naive,73.4,41.9
2025-03-27,3,naive_carry,73.4,41.9
2025-03-27,3,seasonal_naive_7,63.5,41.9
2025-03-27,3,climatology,67.99244444444444,41.9
2025-03-27,3,gru,67.37870264667785,41.9
2025-03-28,1,naive,54.0,37.8
2025-03-28,1,naive_carry,54.0,37.8
2025-03-28,1,seasonal_naive_7,61.5,37.8
2025-03-28,1,climatology,68.01133333333333,37.8
2025-03-28,1,gru,46.942300383540214,37.8
2025-03-28,2,naive,54.0,41.9
2025-03-28,2,naive_carry,54.0,41.9
2025-03-28,2,seasonal_naive_7,63.5,41.9
2025-03-28,2,climatology,67.99244444444444,41.9
2025-03-28,2,gru,59.07075620364783,41.9
2025-03-28,3,naive,54.0,76.3
2025-03-28,3,naive_carry,54.0,76.3
2025-03-28,3,seasonal_naive_7,71.4,76.3
2025-03-28,3,climatology,69.18355555555556,76.3
2025-03-28,3,gru,71.68284692158574,76.3
2025-03-29,1,naive,37.8,41.9
2025-03-29,1,naive_carry,37.8,41.9
2025-03-29,1,seasonal_naive_7,63.5,41.9
2025-03-29,1,climatology,67.99244444444444,41.9
2025-03-29,1,gru,44.90723783503063,41.9
2025-03-29,2,naive,37.8,76.3
2025-03-29,2,naive_carry,37.8,76.3
2025-03-29,2,seasonal_naive_7,71.4,76.3
2025-03-29,2,climatology,69.18355555555556,76.3
2025-03-29,2,gru,64.54272243523252,76.3
2025-03-29,3,naive,37.8,73.0
2025-03-29,3,naive_carry,37.8,73.0
2025-03-29,3,seasonal_naive_7,89.0,73.0
2025-03-29,3,climatology,69.94044444444445,73.0
2025-03-29,3,gru,69.2652732258529,73.0
2025-03-30,1,naive,41.9,76.3
2025-03-30,1,naive_carry,41.9,76.3
2025-03-30,1,seasonal_naive_7,71.4,76.3
2025-03-30,1,climatology,69.18355555555556,76.3
2025-03-30,1,gru,59.421677919451334,76.3
2025-03-30,2,naive,41.9,73.0
2025-03-30,2,naive_carry,41.9,73.0
2025-03-30,2,seasonal_naive_7,89.0,73.0
2025-03-30,2,climatology,69.94044444444445,73.0
2025-03-30,2,gru,68.76852524566073,73.0
2025-03-30,3,naive,41.9,95.0
2025-03-30,3,naive_carry,41.9,95.0
2025-03-30,3,seasonal_naive_7,81.7,95.0
2025-03-30,3,climatology,69.08933333333334,95.0
2025-03-30,3,gru,65.89031388237197,95.0
2025-03-31,1,naive,76.3,73.0
2025-03-31,1,naive_carry,76.3,73.0
2025-03-31,1,seasonal_naive_7,89.0,73.0
2025-03-31,1,climatology,69.94044444444445,73.0
2025-03-31,1,gru,84.05786679632128,73.0
2025-03-31,2,naive,76.3,95.0
2025-03-31,2,naive_carry,76.3,95.0
2025-03-31,2,seasonal_naive_7,81.7,95.0
2025-03-31,2,climatology,69.08933333333334,95.0
2025-03-31,2,gru,72.60006979533603,95.0
2025-03-31,3,naive,76.3,60.5
2025-03-31,3,naive_carry,76.3,60.5
2025-03-31,3,seasonal_naive_7,73.4,60.5
2025-03-31,3,climatology,68.33266666666667,60.5
2025-03-31,3,gru,66.67324514723082,60.5
2025-04-01,1,naive,73.0,95.0
2025-04-01,1,naive_carry,73.0,95.0
2025-04-01,1,seasonal_naive_7,81.7,95.0
2025-04-01,1,climatology,69.08933333333334,95.0
2025-04-01,1,gru,78.7463963773713,95.0
2025-04-01,2,naive,73.0,60.5
2025-04-01,2,naive_carry,73.0,60.5
2025-04-01,2,seasonal_naive_7,73.4,60.5
2025-04-01,2,climatology,68.33266666666667,60.5
2025-04-01,2,gru,68.94317076626355,60.5
2025-04-01,3,naive,73.0,65.6
2025-04-01,3,naive_carry,73.0,65.6
2025-04-01,3,seasonal_naive_7,54.0,65.6
2025-04-01,3,climatology,68.24466666666666,65.6
2025-04-01,3,gru,68.92368603478869,65.6
2025-04-02,1,naive,95.0,60.5
2025-04-02,1,naive_carry,95.0,60.5
2025-04-02,1,seasonal_naive_7,73.4,60.5
2025-04-02,1,climatology,68.33266666666667,60.5
2025-04-02,1,gru,97.0586264392199,60.5
2025-04-02,2,naive,95.0,65.6
2025-04-02,2,naive_carry,95.0,65.6
2025-04-02,2,seasonal_naive_7,54.0,65.6
2025-04-02,2,climatology,68.24466666666666,65.6
2025-04-02,2,gru,76.62037244072832,65.6
2025-04-02,3,naive,95.0,63.7
2025-04-02,3,naive_carry,95.0,63.7
2025-04-02,3,seasonal_naive_7,37.8,63.7
2025-04-02,3,climatology,67.58,63.7
2025-04-02,3,gru,84.8472020663571,63.7
2025-04-03,1,naive,60.5,65.6
2025-04-03,1,naive_carry,60.5,65.6
2025-04-03,1,seasonal_naive_7,54.0,65.6
2025-04-03,1,climatology,68.24466666666666,65.6
2025-04-03,1,gru,71.1170536780201,65.6
2025-04-03,2,naive,60.5,63.7
2025-04-03,2,naive_carry,60.5,63.7
2025-04-03,2,seasonal_naive_7,37.8,63.7
2025-04-03,2,climatology,67.58,63.7
2025-04-03,2,gru,61.82069552463431,63.7
2025-04-03,3,naive,60.5,75.1
2025-04-03,3,naive_carry,60.5,75.1
2025-04-03,3,seasonal_naive_7,41.9,75.1
2025-04-03,3,climatology,67.80555555555556,75.1
2025-04-03,3,gru,70.96695365617018,75.1
2025-04-04,1,naive,65.6,63.7
2025-04-04,1,naive_carry,65.6,63.7
2025-04-04,1,seasonal_naive_7,37.8,63.7
2025-04-04,1,climatology,67.58,63.7
2025-04-04,1,gru,66.72315953439127,63.7
2025-04-04,2,naive,65.6,75.1
2025-04-04,2,naive_carry,65.6,75.1
2025-04-04,2,seasonal_naive_7,41.9,75.1
2025-04-04,2,climatology,67.80555555555556,75.1
2025-04-04,2,gru,57.387369983346154,75.1
2025-04-04,3,naive,65.6,87.8
2025-04-04,3,naive_carry,65.6,87.8
2025-04-04,3,seasonal_naive_7,76.3,87.8
2025-04-04,3,climatology,68.52155555555555,87.8
2025-04-04,3,gru,69.1933743442607,87.8
2025-04-05,1,naive,63.7,75.1
2025-04-05,1,naive_carry,63.7,75.1
2025-04-05,1,seasonal_naive_7,41.9,75.1
2025-04-05,1,climatology,67.80555555555556,75.1
2025-04-05,1,gru,60.716182418384385,75.1
2025-04-05,2,naive,63.7,87.8
2025-04-05,2,naive_carry,63.7,87.8
2025-04-05,2,seasonal_naive_7,76.3,87.8
2025-04-05,2,climatology,68.52155555555555,87.8
2025-04-05,2,gru,56.57814377701329,87.8
2025-04-05,3,naive,63.7,92.6
2025-04-05,3,naive_carry,63.7,92.6
2025-04-05,3,seasonal_naive_7,73.0,92.6
2025-04-05,3,climatology,68.748,92.6
2025-04-05,3,gru,63.08593325454724,92.6
2025-04-06,1,naive,75.1,87.8
2025-04-06,1,naive_carry,75.1,87.8
2025-04-06,1,seasonal_naive_7,76.3,87.8
2025-04-06,1,climatology,68.52155555555555,87.8
2025-04-06,1,gru,76.5012049976988,87.8
2025-04-06,2,naive,75.1,92.6
2025-04-06,2,naive_carry,75.1,92.6
2025-04-06,2,seasonal_naive_7,73.0,92.6
2025-04-06,2,climatology,68.748,92.6
2025-04-06,2,gru,64.28235959459057,92.6
2025-04-06,3,naive,75.1,96.3
2025-04-06,3,naive_carry,75.1,96.3
2025-04-06,3,seasonal_naive_7,95.0,96.3
2025-04-06,3,climatology,76.02266666666667,96.3
2025-04-06,3,gru,67.28254332327724,96.3
2025-04-07,1,naive,87.8,92.6
2025-04-07,1,naive_carry,87.8,92.6
2025-04-07,1,seasonal_naive_7,73.0,92.6
2025-04-07,1,climatology,68.748,92.6
2025-04-07,1,gru,81.6607078628303,92.6
2025-04-07,2,naive,87.8,96.3
2025-04-07,2,naive_carry,87.8,96.3
2025-04-07,2,seasonal_naive_7,95.0,96.3
2025-04-07,2,climatology,76.02266666666667,96.3
2025-04-07,2,gru,64.65374745161343,96.3
2025-04-07,3,naive,87.8,67.5
2025-04-07,3,naive_carry,87.8,67.5
2025-04-07,3,seasonal_naive_7,60.5,67.5
2025-04-07,3,climatology,82.366,67.5
2025-04-07,3,gru,70.43293451046907,67.5
2025-04-08,1,naive,92.6,96.3
2025-04-08,1,naive_carry,92.6,96.3
2025-04-08,1,seasonal_naive_7,95.0,96.3
2025-04-08,1,climatology,76.02266666666667,96.3
2025-04-08,1,gru,79.20526646949804,96.3
2025-04-08,2,naive,92.6,67.5
2025-04-08,2,naive_carry,92.6,67.5
2025-04-08,2,seasonal_naive_7,60.5,67.5
2025-04-08,2,climatology,82.366,67.5
2025-04-08,2,gru,64.12813687552702,67.5
2025-04-08,3,naive,92.6,46.8
2025-04-08,3,naive_carry,92.6,46.8
2025-04-08,3,seasonal_naive_7,65.6,46.8
2025-04-08,3,climatology,83.44422222222221,46.8
2025-04-08,3,gru,70.82186494432085,46.8
2025-04-09,1,naive,96.3,67.5
2025-04-09,1,naive_carry,96.3,67.5
2025-04-09,1,seasonal_naive_7,60.5,67.5
2025-04-09,1,climatology,82.366,67.5
2025-04-09,1,gru,78.18778578612303,67.5
2025-04-09,2,naive,96.3,46.8
2025-04-09,2,naive_carry,96.3,46.8
2025-04-09,2,seasonal_naive_7,65.6,46.8
2025-04-09,2,climatology,83.44422222222221,46.8
2025-04-09,2,gru,68.41503542732065,46.8
2025-04-09,3,naive,96.3,48.6
2025-04-09,3,naive_carry,96.3,48.6
2025-04-09,3,seasonal_naive_7,63.7,48.6
2025-04-09,3,climatology,83.69955555555556,48.6
2025-04-09,3,gru,75.40340635158073,48.6
2025-04-10,1,naive,67.5,46.8
2025-04-10,1,naive_carry,67.5,46.8
2025-04-10,1,seasonal_naive_7,65.6,46.8
2025-04-10,1,climatology,83.44422222222221,46.8
2025-04-10,1,gru,71.0779713599068,46.8
2025-04-10,2,naive,67.5,48.6
2025-04-10,2,naive_carry,67.5,48.6
2025-04-10,2,seasonal_naive_7,63.7,48.6
2025-04-10,2,climatology,83.69955555555556,48.6
2025-04-10,2,gru,66.56968423119247,48.6
2025-04-10,3,naive,67.5,52.6
2025-04-10,3,naive_carry,67.5,52.6
2025-04-10,3,seasonal_naive_7,75.1,52.6
2025-04-10,3,climatology,83.11955555555555,52.6
2025-04-10,3,gru,68.38404758285365,52.6
2025-04-11,1,naive,46.8,48.6
2025-04-11,1,naive_carry,46.8,48.6
2025-04-11,1,seasonal_naive_7,63.7,48.6
2025-04-11,1,climatology,83.69955555555556,48.6
2025-04-11,1,gru,44.30870634329189,48.6
2025-04-11,2,naive,46.8,52.6
2025-04-11,2,naive_carry,46.8,52.6
2025-04-11,2,seasonal_naive_7,75.1,52.6
2025-04-11,2,climatology,83.11955555555555,52.6
2025-04-11,2,gru,60.815964117785285,52.6
2025-04-11,3,naive,46.8,67.0
2025-04-11,3,naive_carry,46.8,67.0
2025-04-11,3,seasonal_naive_7,87.8,67.0
2025-04-11,3,climatology,84.46955555555556,67.0
2025-04-11,3,gru,69.42389861221766,67.0
2025-04-12,1,naive,48.6,52.6
2025-04-12,1,naive_carry,48.6,52.6
2025-04-12,1,seasonal_naive_7,75.1,52.6
2025-04-12,1,climatology,83.11955555555555,52.6
2025-04-12,1,gru,60.4487286051082,52.6
2025-04-12,2,naive,48.6,67.0
2025-04-12,2,naive_carry,48.6,67.0
2025-04-12,2,seasonal_naive_7,87.8,67.0
2025-04-12,2,climatology,84.46955555555556,67.0
2025-04-12,2,gru,65.85865590361217,67.0
2025-04-12,3,naive,48.6,63.8
2025-04-12,3,naive_carry,48.6,63.8
2025-04-12,3,seasonal_naive_7,92.6,63.8
2025-04-12,3,climatology,82.73444444444445,63.8
2025-04-12,3,gru,70.3021318972981,63.8
2025-04-13,1,naive,52.6,67.0
2025-04-13,1,naive_carry,52.6,67.0
2025-04-13,1,seasonal_naive_7,87.8,67.0
2025-04-13,1,climatology,84.46955555555556,67.0
2025-04-13,1,gru,61.968488265042545,67.0
2025-04-13,2,naive,52.6,63.8
2025-04-13,2,naive_carry,52.6,63.8
2025-04-13,2,seasonal_naive_7,92.6,63.8
2025-04-13,2,climatology,82.73444444444445,63.8
2025-04-13,2,gru,63.320481798082206,63.8
2025-04-13,3,naive,52.6,82.1
2025-04-13,3,naive_carry,52.6,82.1
2025-04-13,3,seasonal_naive_7,96.3,82.1
2025-04-13,3,climatology,83.51755555555556,82.1
2025-04-13,3,gru,61.86790434510011,82.1
2025-04-14,1,naive,67.0,63.8
2025-04-14,1,naive_carry,67.0,63.8
2025-04-14,1,seasonal_naive_7,92.6,63.8
2025-04-14,1,climatology,82.73444444444445,63.8
2025-04-14,1,gru,67.50790128441044,63.8
2025-04-14,2,naive,67.0,82.1
2025-04-14,2,naive_carry,67.0,82.1
2025-04-14,2,seasonal_naive_7,96.3,82.1
2025-04-14,2,climatology,83.51755555555556,82.1
2025-04-14,2,gru,66.23378112463917,82.1
2025-04-14,3,naive,67.0,68.5
2025-04-14,3,naive_carry,67.0,68.5
2025-04-14,3,seasonal_naive_7,67.5,68.5
2025-04-14,3,climatology,89.71255555555555,68.5
2025-04-14,3,gru,57.8238954578715,68.5
2025-04-15,1,naive,63.8,82.1
2025-04-15,1,naive_carry,63.8,82.1
2025-04-15,1,seasonal_naive_7,96.3,82.1
2025-04-15,1,climatology,83.51755555555556,82.1
2025-04-15,1,gru,62.201469744733124,82.1
2025-04-15,2,naive,63.8,68.5
2025-04-15,2,naive_carry,63.8,68.5
2025-04-15,2,seasonal_naive_7,67.5,68.5
2025-04-15,2,climatology,89.71255555555555,68.5
2025-04-15,2,gru,61.36356133477763,68.5
2025-04-15,3,naive,63.8,87.4
2025-04-15,3,naive_carry,63.8,87.4
2025-04-15,3,seasonal_naive_7,46.8,87.4
2025-04-15,3,climatology,90.2992222222222,87.4
2025-04-15,3,gru,53.9757712412742,87.4
2025-04-16,1,naive,82.1,68.5
2025-04-16,1,naive_carry,82.1,68.5
2025-04-16,1,seasonal_naive_7,67.5,68.5
2025-04-16,1,climatology,89.71255555555555,68.5
2025-04-16,1,gru,70.90083133270514,68.5
2025-04-16,2,naive,82.1,87.4
2025-04-16,2,naive_carry,82.1,87.4
2025-04-16,2,seasonal_naive_7,46.8,87.4
2025-04-16,2,climatology,90.2992222222222,87.4
2025-04-16,2,gru,65.99356107686796,87.4
2025-04-16,3,naive,82.1,52.5
2025-04-16,3,naive_carry,82.1,52.5
2025-04-16,3,seasonal_naive_7,48.6,52.5
2025-04-16,3,climatology,91.03488888888889,52.5
2025-04-16,3,gru,59.6399204332686,52.5
2025-04-17,1,naive,68.5,87.4
2025-04-17,1,naive_carry,68.5,87.4
2025-04-17,1,seasonal_naive_7,46.8,87.4
2025-04-17,1,climatology,90.2992222222222,87.4
2025-04-17,1,gru,61.28690377419313,87.4
2025-04-17,2,naive,68.5,52.5
2025-04-17,2,naive_carry,68.5,52.5
2025-04-17,2,seasonal_naive_7,48.6,52.5
2025-04-17,2,climatology,91.03488888888889,52.5
2025-04-17,2,gru,62.219180930997,52.5
2025-04-17,3,naive,68.5,53.0
2025-04-17,3,naive_carry,68.5,53.0
2025-04-17,3,seasonal_naive_7,52.6,53.0
2025-04-17,3,climatology,90.9932222222222,53.0
2025-04-17,3,gru,59.170528761072894,53.0
2025-04-18,1,naive,87.4,52.5
2025-04-18,1,naive_carry,87.4,52.5
2025-04-18,1,seasonal_naive_7,48.6,52.5
2025-04-18,1,climatology,91.03488888888889,52.5
2025-04-18,1,gru,69.64074131677546,52.5
2025-04-18,2,naive,87.4,53.0
2025-04-18,2,naive_carry,87.4,53.0
2025-04-18,2,seasonal_naive_7,52.6,53.0
2025-04-18,2,climatology,90.9932222222222,53.0
2025-04-18,2,gru,67.04665523611752,53.0
2025-04-18,3,naive,87.4,69.3
2025-04-18,3,naive_carry,87.4,69.3
2025-04-18,3,seasonal_naive_7,67.0,69.3
2025-04-18,3,climatology,92.74766666666667,69.3
2025-04-18,3,gru,66.35016768936055,69.3
2025-04-19,1,naive,52.5,53.0
2025-04-19,1,naive_carry,52.5,53.0
2025-04-19,1,seasonal_naive_7,52.6,53.0
2025-04-19,1,climatology,90.9932222222222,53.0
2025-04-19,1,gru,51.561996689279724,53.0
2025-04-19,2,naive,52.5,69.3
2025-04-19,2,naive_carry,52.5,69.3
2025-04-19,2,seasonal_naive_7,67.0,69.3
2025-04-19,2,climatology,92.74766666666667,69.3
2025-04-19,2,gru,63.49010405097863,69.3
2025-04-19,3,naive,52.5,81.7
2025-04-19,3,naive_carry,52.5,81.7
2025-04-19,3,seasonal_naive_7,63.8,81.7
2025-04-19,3,climatology,93.38188888888888,81.7
2025-04-19,3,gru,64.38492300367331,81.7
2025-04-20,1,naive,53.0,69.3
2025-04-20,1,naive_carry,53.0,69.3
2025-04-20,1,seasonal_naive_7,67.0,69.3
2025-04-20,1,climatology,92.74766666666667,69.3
2025-04-20,1,gru,60.42282183660735,69.3
2025-04-20,2,naive,53.0,81.7
2025-04-20,2,naive_carry,53.0,81.7
2025-04-20,2,seasonal_naive_7,63.8,81.7
2025-04-20,2,climatology,93.38188888888888,81.7
2025-04-20,2,gru,61.14327089689171,81.7
2025-04-20,3,naive,53.0,71.2
2025-04-20,3,naive_carry,53.0,71.2
2025-04-20,3,seasonal_naive_7,82.1,71.2
2025-04-20,3,climatology,94.31144444444443,71.2
2025-04-20,3,gru,66.95540424350767,71.2
2025-04-21,1,naive,69.3,81.7
2025-04-21,1,naive_carry,69.3,81.7
2025-04-21,1,seasonal_naive_7,63.8,81.7
2025-04-21,1,climatology,93.38188888888888,81.7
2025-04-21,1,gru,69.42628260580949,81.7
2025-04-21,2,naive,69.3,71.2
2025-04-21,2,naive_carry,69.3,71.2
2025-04-21,2,seasonal_naive_7,82.1,71.2
2025-04-21,2,climatology,94.31144444444443,71.2
2025-04-21,2,gru,67.05215670214687,71.2
2025-04-21,3,naive,69.3,90.8
2025-04-21,3,naive_carry,69.3,90.8
2025-04-21,3,seasonal_naive_7,68.5,90.8
2025-04-21,3,climatology,87.35811111111111,90.8
2025-04-21,3,gru,67.84106480160014,90.8
2025-04-22,1,naive,81.7,71.2
2025-04-22,1,naive_carry,81.7,71.2
2025-04-22,1,seasonal_naive_7,82.1,71.2
2025-04-22,1,climatology,94.31144444444443,71.2
2025-04-22,1,gru,72.18020268824316,71.2
2025-04-22,2,naive,81.7,90.8
2025-04-22,2,naive_carry,81.7,90.8
2025-04-22,2,seasonal_naive_7,68.5,90.8
2025-04-22,2,climatology,87.35811111111111,90.8
2025-04-22,2,gru,74.24882133277778,90.8
2025-04-22,3,naive,81.7,86.3
2025-04-22,3,naive_carry,81.7,86.3
2025-04-22,3,seasonal_naive_7,87.4,86.3
2025-04-22,3,climatology,81.19744444444444,86.3
2025-04-22,3,gru,68.44903784786466,86.3
2025-04-23,1,naive,71.2,90.8
2025-04-23,1,naive_carry,71.2,90.8
2025-04-23,1,seasonal_naive_7,68.5,90.8
2025-04-23,1,climatology,87.35811111111111,90.8
2025-04-23,1,gru,68.00610802661181,90.8
2025-04-23,2,naive,71.2,86.3
2025-04-23,2,naive_carry,71.2,86.3
2025-04-23,2,seasonal_naive_7,87.4,86.3
2025-04-23,2,climatology,81.19744444444444,86.3
2025-04-23,2,gru,76.27243230731683,86.3
2025-04-23,3,naive,71.2,117.0
2025-04-23,3,naive_carry,71.2,117.0
2025-04-23,3,seasonal_naive_7,52.5,117.0
2025-04-23,3,climatology,81.26144444444444,117.0
2025-04-23,3,gru,72.43919020460176,117.0
2025-04-24,1,naive,90.8,86.3
2025-04-24,1,naive_carry,90.8,86.3
2025-04-24,1,seasonal_naive_7,87.4,86.3
2025-04-24,1,climatology,81.19744444444444,86.3
2025-04-24,1,gru,82.40003525151832,86.3
2025-04-24,2,naive,90.8,117.0
2025-04-24,2,naive_carry,90.8,117.0
2025-04-24,2,seasonal_naive_7,52.5,117.0
2025-04-24,2,climatology,81.26144444444444,117.0
2025-04-24,2,gru,79.33947261425786,117.0
2025-04-24,3,naive,90.8,92.0
2025-04-24,3,naive_carry,90.8,92.0
2025-04-24,3,seasonal_naive_7,53.0,92.0
2025-04-24,3,climatology,80.52833333333334,92.0
2025-04-24,3,gru,77.94174414694724,92.0
2025-04-25,1,naive,86.3,117.0
2025-04-25,1,naive_carry,86.3,117.0
2025-04-25,1,seasonal_naive_7,52.5,117.0
2025-04-25,1,climatology,81.26144444444444,117.0
2025-04-25,1,gru,82.37438369696991,117.0
2025-04-25,2,naive,86.3,92.0
2025-04-25,2,naive_carry,86.3,92.0
2025-04-25,2,seasonal_naive_7,53.0,92.0
2025-04-25,2,climatology,80.52833333333334,92.0
2025-04-25,2,gru,82.70112257112588,92.0
2025-04-25,3,naive,86.3,153.0
2025-04-25,3,naive_carry,86.3,153.0
2025-04-25,3,seasonal_naive_7,69.3,153.0
2025-04-25,3,climatology,80.38166666666666,153.0
2025-04-25,3,gru,75.25616678415955,153.0
2025-04-26,1,naive,117.0,92.0
2025-04-26,1,naive_carry,117.0,92.0
2025-04-26,1,seasonal_naive_7,53.0,92.0
2025-04-26,1,climatology,80.52833333333334,92.0
2025-04-26,1,gru,94.47055328122241,92.0
2025-04-26,2,naive,117.0,153.0
2025-04-26,2,naive_carry,117.0,153.0
2025-04-26,2,seasonal_naive_7,69.3,153.0
2025-04-26,2,climatology,80.38166666666666,153.0
2025-04-26,2,gru,86.9468124378659,153.0
2025-04-26,3,naive,117.0,86.3
2025-04-26,3,naive_carry,117.0,86.3
2025-04-26,3,seasonal_naive_7,81.7,86.3
2025-04-26,3,climatology,80.98833333333333,86.3
2025-04-26,3,gru,79.75604786562472,86.3
2025-04-27,1,naive,92.0,153.0
2025-04-27,1,naive_carry,92.0,153.0
2025-04-27,1,seasonal_naive_7,69.3,153.0
2025-04-27,1,climatology,80.38166666666666,153.0
2025-04-27,1,gru,84.83203619082583,153.0
2025-04-27,2,naive,92.0,86.3
2025-04-27,2,naive_carry,92.0,86.3
2025-04-27,2,seasonal_naive_7,81.7,86.3
2025-04-27,2,climatology,80.98833333333333,86.3
2025-04-27,2,gru,84.77100169635249,86.3
2025-04-27,3,naive,92.0,86.2
2025-04-27,3,naive_carry,92.0,86.2
2025-04-27,3,seasonal_naive_7,71.2,86.2
2025-04-27,3,climatology,82.13122222222222,86.2
2025-04-27,3,gru,76.13495021211797,86.2
2025-04-28,1,naive,153.0,86.3
2025-04-28,1,naive_carry,153.0,86.3
2025-04-28,1,seasonal_naive_7,81.7,86.3
2025-04-28,1,climatology,80.98833333333333,86.3
2025-04-28,1,gru,106.14317674145641,86.3
2025-04-28,2,naive,153.0,86.2
2025-04-28,2,naive_carry,153.0,86.2
2025-04-28,2,seasonal_naive_7,71.2,86.2
2025-04-28,2,climatology,82.13122222222222,86.2
2025-04-28,2,gru,91.0157706020486,86.2
2025-04-28,3,naive,153.0,78.1
2025-04-28,3,naive_carry,153.0,78.1
2025-04-28,3,seasonal_naive_7,90.8,78.1
2025-04-28,3,climatology,83.71477777777777,78.1
2025-04-28,3,gru,84.29441378577657,78.1
2025-04-29,1,naive,86.3,86.2
2025-04-29,1,naive_carry,86.3,86.2
2025-04-29,1,seasonal_naive_7,71.2,86.2
2025-04-29,1,climatology,82.13122222222222,86.2
2025-04-29,1,gru,71.8449887375216,86.2
2025-04-29,2,naive,86.3,78.1
2025-04-29,2,naive_carry,86.3,78.1
2025-04-29,2,seasonal_naive_7,90.8,78.1
2025-04-29,2,climatology,83.71477777777777,78.1
2025-04-29,2,gru,85.39670298272763,78.1
2025-04-29,3,naive,86.3,40.0
2025-04-29,3,naive_carry,86.3,40.0
2025-04-29,3,seasonal_naive_7,86.3,40.0
2025-04-29,3,climatology,79.34866666666667,40.0
2025-04-29,3,gru,82.46860197658421,40.0
2025-04-30,1,naive,86.2,78.1
2025-04-30,1,naive_carry,86.2,78.1
2025-04-30,1,seasonal_naive_7,90.8,78.1
2025-04-30,1,climatology,83.71477777777777,78.1
2025-04-30,1,gru,78.35708566554361,78.1
2025-04-30,2,naive,86.2,40.0
2025-04-30,2,naive_carry,86.2,40.0
2025-04-30,2,seasonal_naive_7,86.3,40.0
2025-04-30,2,climatology,79.34866666666667,40.0
2025-04-30,2,gru,78.2383799524733,40.0
2025-04-30,3,naive,86.2,68.7
2025-04-30,3,naive_carry,86.2,68.7
2025-04-30,3,seasonal_naive_7,117.0,68.7
2025-04-30,3,climatology,78.69200000000001,68.7
2025-04-30,3,gru,82.62665743809143,68.7
2025-05-01,1,naive,78.1,40.0
2025-05-01,1,naive_carry,78.1,40.0
2025-05-01,1,seasonal_naive_7,86.3,40.0
2025-05-01,1,climatology,79.34866666666667,40.0
2025-05-01,1,gru,74.27071493722192,40.0
2025-05-01,2,naive,78.1,68.7
2025-05-01,2,naive_carry,78.1,68.7
2025-05-01,2,seasonal_naive_7,117.0,68.7
2025-05-01,2,climatology,78.69200000000001,68.7
2025-05-01,2,gru,77.56406019616608,68.7
2025-05-01,3,naive,78.1,81.8
2025-05-01,3,naive_carry,78.1,81.8
2025-05-01,3,seasonal_naive_7,92.0,81.8
2025-05-01,3,climatology,80.53366666666668,81.8
2025-05-01,3,gru,77.20725800789766,81.8
2025-05-02,1,naive,40.0,68.7
2025-05-02,1,naive_carry,40.0,68.7
2025-05-02,1,seasonal_naive_7,117.0,68.7
2025-05-02,1,climatology,78.69200000000001,68.7
2025-05-02,1,gru,55.401320544405685,68.7
2025-05-02,2,naive,40.0,81.8
2025-05-02,2,naive_carry,40.0,81.8
2025-05-02,2,seasonal_naive_7,92.0,81.8
2025-05-02,2,climatology,80.53366666666668,81.8
2025-05-02,2,gru,70.32090524975048,81.8
2025-05-02,3,naive,40.0,37.2
2025-05-02,3,naive_carry,40.0,37.2
2025-05-02,3,seasonal_naive_7,153.0,37.2
2025-05-02,3,climatology,85.50533333333334,37.2
2025-05-02,3,gru,76.718874290564,37.2
2025-05-03,1,naive,68.7,81.8
2025-05-03,1,naive_carry,68.7,81.8
2025-05-03,1,seasonal_naive_7,92.0,81.8
2025-05-03,1,climatology,80.53366666666668,81.8
2025-05-03,1,gru,73.94927264648787,81.8
2025-05-03,2,naive,68.7,37.2
2025-05-03,2,naive_carry,68.7,37.2
2025-05-03,2,seasonal_naive_7,153.0,37.2
2025-05-03,2,climatology,85.50533333333334,37.2
2025-05-03,2,gru,66.62584537211957,37.2
2025-05-03,3,naive,68.7,50.2
2025-05-03,3,naive_carry,68.7,50.2
2025-05-03,3,seasonal_naive_7,86.3,50.2
2025-05-03,3,climatology,83.67533333333334,50.2
2025-05-03,3,gru,89.8985149605249,50.2
2025-05-04,1,naive,81.8,37.2
2025-05-04,1,naive_carry,81.8,37.2
2025-05-04,1,seasonal_naive_7,153.0,37.2
2025-05-04,1,climatology,85.50533333333334,37.2
2025-05-04,1,gru,78.03790501921962,37.2
2025-05-04,2,naive,81.8,50.2
2025-05-04,2,naive_carry,81.8,50.2
2025-05-04,2,seasonal_naive_7,86.3,50.2
2025-05-04,2,climatology,83.67533333333334,50.2
2025-05-04,2,gru,84.25474181808102,50.2
2025-05-04,3,naive,81.8,52.0
2025-05-04,3,naive_carry,81.8,52.0
2025-05-04,3,seasonal_naive_7,86.2,52.0
2025-05-04,3,climatology,82.9997777777778,52.0
2025-05-04,3,gru,78.84872035402974,52.0
2025-05-05,1,naive,37.2,50.2
2025-05-05,1,naive_carry,37.2,50.2
2025-05-05,1,seasonal_naive_7,86.3,50.2
2025-05-05,1,climatology,83.67533333333334,50.2
2025-05-05,1,gru,47.357856307768195,50.2
2025-05-05,2,naive,37.2,52.0
2025-05-05,2,naive_carry,37.2,52.0
2025-05-05,2,seasonal_naive_7,86.2,52.0
2025-05-05,2,climatology,82.9997777777778,52.0
2025-05-05,2,gru,64.89804764881976,52.0
2025-05-05,3,naive,37.2,70.7
2025-05-05,3,naive_carry,37.2,70.7
2025-05-05,3,seasonal_naive_7,78.1,70.7
2025-05-05,3,climatology,81.28022222222222,70.7
2025-05-05,3,gru,64.16175039101363,70.7
2025-05-06,1,naive,50.2,52.0
2025-05-06,1,naive_carry,50.2,52.0
2025-05-06,1,seasonal_naive_7,86.2,52.0
2025-05-06,1,climatology,82.9997777777778,52.0
2025-05-06,1,gru,55.82125406183496,52.0
2025-05-06,2,naive,50.2,70.7
2025-05-06,2,naive_carry,50.2,70.7
2025-05-06,2,seasonal_naive_7,78.1,70.7
2025-05-06,2,climatology,81.28022222222222,70.7
2025-05-06,2,gru,59.1545295590904,70.7
2025-05-06,3,naive,50.2,72.3
2025-05-06,3,naive_carry,50.2,72.3
2025-05-06,3,seasonal_naive_7,40.0,72.3
2025-05-06,3,climatology,81.77577777777779,72.3
2025-05-06,3,gru,69.84806556306437,72.3
2025-05-07,1,naive,52.0,70.7
2025-05-07,1,naive_carry,52.0,70.7
2025-05-07,1,seasonal_naive_7,78.1,70.7
2025-05-07,1,climatology,81.28022222222222,70.7
2025-05-07,1,gru,54.28878596774154,70.7
2025-05-07,2,naive,52.0,72.3
2025-05-07,2,naive_carry,52.0,72.3
2025-05-07,2,seasonal_naive_7,40.0,72.3
2025-05-07,2,climatology,81.77577777777779,72.3
2025-05-07,2,gru,64.90685087402025,72.3
2025-05-08,1,naive,70.7,72.3
2025-05-08,1,naive_carry,70.7,72.3
2025-05-08,1,seasonal_naive_7,40.0,72.3
2025-05-08,1,climatology,81.77577777777779,72.3
2025-05-08,1,gru,66.56565765378447,72.3
2025-05-08,3,naive,70.7,40.9
2025-05-08,3,naive_carry,70.7,40.9
2025-05-08,3,seasonal_naive_7,81.8,40.9
2025-05-08,3,climatology,80.55644444444445,40.9
2025-05-08,3,gru,66.21364294034699,40.9
2025-05-09,2,naive,72.3,40.9
2025-05-09,2,naive_carry,72.3,40.9
2025-05-09,2,seasonal_naive_7,81.8,40.9
2025-05-09,2,climatology,80.55644444444445,40.9
2025-05-09,2,gru,70.2389150342522,40.9
2025-05-09,3,naive,72.3,43.9
2025-05-09,3,naive_carry,72.3,43.9
2025-05-09,3,seasonal_naive_7,37.2,43.9
2025-05-09,3,climatology,81.50422222222223,43.9
2025-05-09,3,gru,63.04320532501548,43.9
2025-05-11,1,naive,40.9,43.9
2025-05-11,1,naive_carry,40.9,43.9
2025-05-11,1,seasonal_naive_7,37.2,43.9
2025-05-11,1,climatology,81.50422222222223,43.9
2025-05-11,1,gru,50.6943731887111,43.9
2025-05-11,2,naive,40.9,27.5
2025-05-11,2,naive_carry,40.9,27.5
2025-05-11,2,seasonal_naive_7,50.2,27.5
2025-05-11,2,climatology,81.40422222222223,27.5
2025-05-11,2,gru,64.6969759650548,27.5
2025-05-11,3,naive,40.9,66.0
2025-05-11,3,naive_carry,40.9,66.0
2025-05-11,3,seasonal_naive_7,52.0,66.0
2025-05-11,3,climatology,81.28922222222222,66.0
2025-05-11,3,gru,50.317116756417455,66.0
2025-05-12,1,naive,43.9,27.5
2025-05-12,1,naive_carry,43.9,27.5
2025-05-12,1,seasonal_naive_7,50.2,27.5
2025-05-12,1,climatology,81.40422222222223,27.5
2025-05-12,1,gru,52.6675581037907,27.5
2025-05-12,2,naive,43.9,66.0
2025-05-12,2,naive_carry,43.9,66.0
2025-05-12,2,seasonal_naive_7,52.0,66.0
2025-05-12,2,climatology,81.28922222222222,66.0
2025-05-12,2,gru,46.545812202314444,66.0
2025-05-12,3,naive,43.9,211.0
2025-05-12,3,naive_carry,43.9,211.0
2025-05-12,3,seasonal_naive_7,70.7,211.0
2025-05-12,3,climatology,92.75033333333334,211.0
2025-05-12,3,gru,50.79549201172025,211.0
2025-05-13,1,naive,27.5,66.0
2025-05-13,1,naive_carry,27.5,66.0
2025-05-13,1,seasonal_naive_7,52.0,66.0
2025-05-13,1,climatology,81.28922222222222,66.0
2025-05-13,1,gru,34.52163256992678,66.0
2025-05-13,2,naive,27.5,211.0
2025-05-13,2,naive_carry,27.5,211.0
2025-05-13,2,seasonal_naive_7,70.7,211.0
2025-05-13,2,climatology,92.75033333333334,211.0
2025-05-13,2,gru,42.921741426674785,211.0
2025-05-13,3,naive,27.5,80.9
2025-05-13,3,naive_carry,27.5,80.9
2025-05-13,3,seasonal_naive_7,72.3,80.9
2025-05-13,3,climatology,98.92011111111113,80.9
2025-05-13,3,gru,42.082821117174085,80.9
2025-05-14,1,naive,66.0,211.0
2025-05-14,1,naive_carry,66.0,211.0
2025-05-14,1,seasonal_naive_7,70.7,211.0
2025-05-14,1,climatology,92.75033333333334,211.0
2025-05-14,1,gru,57.8975025842204,211.0
2025-05-14,2,naive,66.0,80.9
2025-05-14,2,naive_carry,66.0,80.9
2025-05-14,2,seasonal_naive_7,72.3,80.9
2025-05-14,2,climatology,98.92011111111113,80.9
2025-05-14,2,gru,51.46242047074101,80.9
2025-05-15,1,naive,211.0,80.9
2025-05-15,1,naive_carry,211.0,80.9
2025-05-15,1,seasonal_naive_7,72.3,80.9
2025-05-15,1,climatology,98.92011111111113,80.9
2025-05-15,1,gru,118.6969696301933,80.9
2025-05-15,3,naive,211.0,57.2
2025-05-15,3,naive_carry,211.0,57.2
2025-05-15,3,seasonal_naive_7,40.9,57.2
2025-05-15,3,climatology,103.52055555555556,57.2
2025-05-15,3,gru,73.42530977387362,57.2
2025-05-16,2,naive,80.9,57.2
2025-05-16,2,naive_carry,80.9,57.2
2025-05-16,2,seasonal_naive_7,40.9,57.2
2025-05-16,2,climatology,103.52055555555556,57.2
2025-05-16,2,gru,79.89985072698883,57.2
2025-05-16,3,naive,80.9,74.0
2025-05-16,3,naive_carry,80.9,74.0
2025-05-16,3,seasonal_naive_7,43.9,74.0
2025-05-16,3,climatology,101.2338888888889,74.0
2025-05-16,3,gru,61.279706064946225,74.0
2025-05-17,1,naive,36.3,57.2
2025-05-17,1,naive_carry,36.3,57.2
2025-05-17,1,seasonal_naive_7,40.9,57.2
2025-05-17,1,climatology,103.52055555555556,57.2
2025-05-17,1,gru,48.45257701588884,57.2
2025-05-17,2,naive,36.3,74.0
2025-05-17,2,naive_carry,36.3,74.0
2025-05-17,2,seasonal_naive_7,43.9,74.0
2025-05-17,2,climatology,101.2338888888889,74.0
2025-05-17,2,gru,52.82149314892121,74.0
2025-05-17,3,naive,36.3,70.8
2025-05-17,3,naive_carry,36.3,70.8
2025-05-17,3,seasonal_naive_7,27.5,70.8
2025-05-17,3,climatology,95.61388888888888,70.8
2025-05-17,3,gru,50.380094177284676,70.8
2025-05-18,1,naive,57.2,74.0
2025-05-18,1,naive_carry,57.2,74.0
2025-05-18,1,seasonal_naive_7,43.9,74.0
2025-05-18,1,climatology,101.2338888888889,74.0
2025-05-18,1,gru,55.92125110594268,74.0
2025-05-18,2,naive,57.2,70.8
2025-05-18,2,naive_carry,57.2,70.8
2025-05-18,2,seasonal_naive_7,27.5,70.8
2025-05-18,2,climatology,95.61388888888888,70.8
2025-05-18,2,gru,51.016100815863844,70.8
2025-05-18,3,naive,57.2,59.5
2025-05-18,3,naive_carry,57.2,59.5
2025-05-18,3,seasonal_naive_7,66.0,59.5
2025-05-18,3,climatology,94.10444444444444,59.5
2025-05-18,3,gru,55.00476966280635,59.5
2025-05-19,1,naive,74.0,70.8
2025-05-19,1,naive_carry,74.0,70.8
2025-05-19,1,seasonal_naive_7,27.5,70.8
2025-05-19,1,climatology,95.61388888888888,70.8
2025-05-19,1,gru,66.00401732670882,70.8
2025-05-19,2,naive,74.0,59.5
2025-05-19,2,naive_carry,74.0,59.5
2025-05-19,2,seasonal_naive_7,66.0,59.5
2025-05-19,2,climatology,94.10444444444444,59.5
2025-05-19,2,gru,66.23657855522355,59.5
2025-05-19,3,naive,74.0,25.5
2025-05-19,3,naive_carry,74.0,25.5
2025-05-19,3,seasonal_naive_7,211.0,25.5
2025-05-19,3,climatology,92.32844444444444,25.5
2025-05-19,3,gru,57.464030064306975,25.5
2025-05-20,1,naive,70.8,59.5
2025-05-20,1,naive_carry,70.8,59.5
2025-05-20,1,seasonal_naive_7,66.0,59.5
2025-05-20,1,climatology,94.10444444444444,59.5
2025-05-20,1,gru,60.79458044380364,59.5
2025-05-20,2,naive,70.8,25.5
2025-05-20,2,naive_carry,70.8,25.5
2025-05-20,2,seasonal_naive_7,211.0,25.5
2025-05-20,2,climatology,92.32844444444444,25.5
2025-05-20,2,gru,63.06982043911975,25.5
2025-05-20,3,naive,70.8,41.4
2025-05-20,3,naive_carry,70.8,41.4
2025-05-20,3,seasonal_naive_7,80.9,41.4
2025-05-20,3,climatology,94.49233333333332,41.4
2025-05-20,3,gru,56.08818400258734,41.4
2025-05-21,1,naive,59.5,25.5
2025-05-21,1,naive_carry,59.5,25.5
2025-05-21,1,seasonal_naive_7,211.0,25.5
2025-05-21,1,climatology,92.32844444444444,25.5
2025-05-21,1,gru,58.187839930166064,25.5
2025-05-21,2,naive,59.5,41.4
2025-05-21,2,naive_carry,59.5,41.4
2025-05-21,2,seasonal_naive_7,80.9,41.4
2025-05-21,2,climatology,94.49233333333332,41.4
2025-05-21,2,gru,59.98893223359352,41.4
2025-05-21,3,naive,59.5,53.1
2025-05-21,3,naive_carry,59.5,53.1
2025-05-21,3,seasonal_naive_7,36.3,53.1
2025-05-21,3,climatology,93.5012222222222,53.1
2025-05-21,3,gru,55.018494055983126,53.1
2025-05-22,1,naive,25.5,41.4
2025-05-22,1,naive_carry,25.5,41.4
2025-05-22,1,seasonal_naive_7,80.9,41.4
2025-05-22,1,climatology,94.49233333333332,41.4
2025-05-22,1,gru,30.425102738697348,41.4
2025-05-22,2,naive,25.5,53.1
2025-05-22,2,naive_carry,25.5,53.1
2025-05-22,2,seasonal_naive_7,36.3,53.1
2025-05-22,2,climatology,93.5012222222222,53.1
2025-05-22,2,gru,45.17106332865874,53.1
2025-05-22,3,naive,25.5,24.1
2025-05-22,3,naive_carry,25.5,24.1
2025-05-22,3,seasonal_naive_7,57.2,24.1
2025-05-22,3,climatology,92.73566666666667,24.1
2025-05-22,3,gru,44.05874637364854,24.1
2025-05-23,1,naive,41.4,53.1
2025-05-23,1,naive_carry,41.4,53.1
2025-05-23,1,seasonal_naive_7,36.3,53.1
2025-05-23,1,climatology,93.5012222222222,53.1
2025-05-23,1,gru,46.702219135354596,53.1
2025-05-23,2,naive,41.4,24.1
2025-05-23,2,naive_carry,41.4,24.1
2025-05-23,2,seasonal_naive_7,57.2,24.1
2025-05-23,2,climatology,92.73566666666667,24.1
2025-05-23,2,gru,46.14184593803608,24.1
2025-05-23,3,naive,41.4,46.7
2025-05-23,3,naive_carry,41.4,46.7
2025-05-23,3,seasonal_naive_7,74.0,46.7
2025-05-23,3,climatology,92.949,46.7
2025-05-23,3,gru,53.28198648528778,46.7
2025-05-24,1,naive,53.1,24.1
2025-05-24,1,naive_carry,53.1,24.1
2025-05-24,1,seasonal_naive_7,57.2,24.1
2025-05-24,1,climatology,92.73566666666667,24.1
2025-05-24,1,gru,51.25378820261579,24.1
2025-05-24,2,naive,53.1,46.7
2025-05-24,2,naive_carry,53.1,46.7
2025-05-24,2,seasonal_naive_7,74.0,46.7
2025-05-24,2,climatology,92.949,46.7
2025-05-24,2,gru,59.0490489528754,46.7
2025-05-24,3,naive,53.1,44.0
2025-05-24,3,naive_carry,53.1,44.0
2025-05-24,3,seasonal_naive_7,70.8,44.0
2025-05-24,3,climatology,91.62733333333334,44.0
2025-05-24,3,gru,55.7506458794055,44.0
2025-05-25,1,naive,24.1,46.7
2025-05-25,1,naive_carry,24.1,46.7
2025-05-25,1,seasonal_naive_7,74.0,46.7
2025-05-25,1,climatology,92.949,46.7
2025-05-25,1,gru,33.37510388607326,46.7
2025-05-25,2,naive,24.1,44.0
2025-05-25,2,naive_carry,24.1,44.0
2025-05-25,2,seasonal_naive_7,70.8,44.0
2025-05-25,2,climatology,91.62733333333334,44.0
2025-05-25,2,gru,46.58340233061073,44.0
2025-05-25,3,naive,24.1,53.1
2025-05-25,3,naive_carry,24.1,53.1
2025-05-25,3,seasonal_naive_7,59.5,53.1
2025-05-25,3,climatology,90.81,53.1
2025-05-25,3,gru,46.56978793708382,53.1
2025-05-26,1,naive,46.7,44.0
2025-05-26,1,naive_carry,46.7,44.0
2025-05-26,1,seasonal_naive_7,70.8,44.0
2025-05-26,1,climatology,91.62733333333334,44.0
2025-05-26,1,gru,51.59785388959773,44.0
2025-05-26,2,naive,46.7,53.1
2025-05-26,2,naive_carry,46.7,53.1
2025-05-26,2,seasonal_naive_7,59.5,53.1
2025-05-26,2,climatology,90.81,53.1
2025-05-26,2,gru,48.52741593089412,53.1
2025-05-26,3,naive,46.7,51.1
2025-05-26,3,naive_carry,46.7,51.1
2025-05-26,3,seasonal_naive_7,25.5,51.1
2025-05-26,3,climatology,88.23055555555555,51.1
2025-05-26,3,gru,59.023997053384186,51.1
2025-05-27,1,naive,44.0,53.1
2025-05-27,1,naive_carry,44.0,53.1
2025-05-27,1,seasonal_naive_7,59.5,53.1
2025-05-27,1,climatology,90.81,53.1
2025-05-27,1,gru,49.0637786153003,53.1
2025-05-27,2,naive,44.0,51.1
2025-05-27,2,naive_carry,44.0,51.1
2025-05-27,2,seasonal_naive_7,25.5,51.1
2025-05-27,2,climatology,88.23055555555555,51.1
2025-05-27,2,gru,57.01346898398116,51.1
2025-05-27,3,naive,44.0,58.5
2025-05-27,3,naive_carry,44.0,58.5
2025-05-27,3,seasonal_naive_7,41.4,58.5
2025-05-27,3,climatology,77.35322222222223,58.5
2025-05-27,3,gru,52.006390008838416,58.5
2025-05-28,1,naive,53.1,51.1
2025-05-28,1,naive_carry,53.1,51.1
2025-05-28,1,seasonal_naive_7,25.5,51.1
2025-05-28,1,climatology,88.23055555555555,51.1
2025-05-28,1,gru,50.49178780775776,51.1
2025-05-28,2,naive,53.1,58.5
2025-05-28,2,naive_carry,53.1,58.5
2025-05-28,2,seasonal_naive_7,41.4,58.5
2025-05-28,2,climatology,77.35322222222223,58.5
2025-05-28,2,gru,51.80568218295605,58.5
2025-05-28,3,naive,53.1,63.4
2025-05-28,3,naive_carry,53.1,63.4
2025-05-28,3,seasonal_naive_7,53.1,63.4
2025-05-28,3,climatology,67.28044444444444,63.4
2025-05-28,3,gru,48.86286592437934,63.4
2025-05-29,1,naive,51.1,58.5
2025-05-29,1,naive_carry,51.1,58.5
2025-05-29,1,seasonal_naive_7,41.4,58.5
2025-05-29,1,climatology,77.35322222222223,58.5
2025-05-29,1,gru,47.57192331176834,58.5
2025-05-29,2,naive,51.1,63.4
2025-05-29,2,naive_carry,51.1,63.4
2025-05-29,2,seasonal_naive_7,53.1,63.4
2025-05-29,2,climatology,67.28044444444444,63.4
2025-05-29,2,gru,51.76021687148647,63.4
2025-05-29,3,naive,51.1,46.1
2025-05-29,3,naive_carry,51.1,46.1
2025-05-29,3,seasonal_naive_7,24.1,46.1
2025-05-29,3,climatology,64.44877777777778,46.1
2025-05-29,3,gru,46.46068514540822,46.1
2025-05-30,1,naive,58.5,63.4
2025-05-30,1,naive_carry,58.5,63.4
2025-05-30,1,seasonal_naive_7,53.1,63.4
2025-05-30,1,climatology,67.28044444444444,63.4
2025-05-30,1,gru,55.298641745591645,63.4
2025-05-30,2,naive,58.5,46.1
2025-05-30,2,naive_carry,58.5,46.1
2025-05-30,2,seasonal_naive_7,24.1,46.1
2025-05-30,2,climatology,64.44877777777778,46.1
2025-05-30,2,gru,54.242563723462254,46.1
2025-05-30,3,naive,58.5,40.6
2025-05-30,3,naive_carry,58.5,40.6
2025-05-30,3,seasonal_naive_7,46.7,40.6
2025-05-30,3,climatology,60.02744444444444,40.6
2025-05-30,3,gru,52.003394558229125,40.6
2025-05-31,1,naive,63.4,46.1
2025-05-31,1,naive_carry,63.4,46.1
2025-05-31,1,seasonal_naive_7,24.1,46.1
2025-05-31,1,climatology,64.44877777777778,46.1
2025-05-31,1,gru,61.532105464560736,46.1
2025-05-31,2,naive,63.4,40.6
2025-05-31,2,naive_carry,63.4,40.6
2025-05-31,2,seasonal_naive_7,46.7,40.6
2025-05-31,2,climatology,60.02744444444444,40.6
2025-05-31,2,gru,55.608116598463795,40.6
2025-05-31,3,naive,63.4,38.2
2025-05-31,3,naive_carry,63.4,38.2
2025-05-31,3,seasonal_naive_7,44.0,38.2
2025-05-31,3,climatology,59.17277777777778,38.2
2025-05-31,3,gru,50.49601315167351,38.2
2025-06-01,1,naive,46.1,40.6
2025-06-01,1,naive_carry,46.1,40.6
2025-06-01,1,seasonal_naive_7,46.7,40.6
2025-06-01,1,climatology,60.02744444444444,40.6
2025-06-01,1,gru,42.72208111200789,40.6
2025-06-01,2,naive,46.1,38.2
2025-06-01,2,naive_carry,46.1,38.2
2025-06-01,2,seasonal_naive_7,44.0,38.2
2025-06-01,2,climatology,59.17277777777778,38.2
2025-06-01,2,gru,51.820847728578045,38.2
2025-06-01,3,naive,46.1,48.5
2025-06-01,3,naive_carry,46.1,48.5
2025-06-01,3,seasonal_naive_7,53.1,48.5
2025-06-01,3,climatology,59.47611111111111,48.5
2025-06-01,3,gru,49.83989389575958,48.5
2025-06-02,1,naive,40.6,38.2
2025-06-02,1,naive_carry,40.6,38.2
2025-06-02,1,seasonal_naive_7,44.0,38.2
2025-06-02,1,climatology,59.17277777777778,38.2
2025-06-02,1,gru,47.79388746011529,38.2
2025-06-02,2,naive,40.6,48.5
2025-06-02,2,naive_carry,40.6,48.5
2025-06-02,2,seasonal_naive_7,53.1,48.5
2025-06-02,2,climatology,59.47611111111111,48.5
2025-06-02,2,gru,47.85170049592147,48.5
2025-06-02,3,naive,40.6,42.1
2025-06-02,3,naive_carry,40.6,42.1
2025-06-02,3,seasonal_naive_7,51.1,42.1
2025-06-02,3,climatology,61.20611111111111,42.1
2025-06-02,3,gru,47.967208370471226,42.1
2025-06-03,1,naive,38.2,48.5
2025-06-03,1,naive_carry,38.2,48.5
2025-06-03,1,seasonal_naive_7,53.1,48.5
2025-06-03,1,climatology,59.47611111111111,48.5
2025-06-03,1,gru,44.87390989600759,48.5
2025-06-03,2,naive,38.2,42.1
2025-06-03,2,naive_carry,38.2,42.1
2025-06-03,2,seasonal_naive_7,51.1,42.1
2025-06-03,2,climatology,61.20611111111111,42.1
2025-06-03,2,gru,49.324949958076196,42.1
2025-06-03,3,naive,38.2,41.2
2025-06-03,3,naive_carry,38.2,41.2
2025-06-03,3,seasonal_naive_7,58.5,41.2
2025-06-03,3,climatology,63.544777777777774,41.2
2025-06-03,3,gru,47.81106966261531,41.2
2025-06-04,1,naive,48.5,42.1
2025-06-04,1,naive_carry,48.5,42.1
2025-06-04,1,seasonal_naive_7,51.1,42.1
2025-06-04,1,climatology,61.20611111111111,42.1
2025-06-04,1,gru,46.89624003069667,42.1
2025-06-04,2,naive,48.5,41.2
2025-06-04,2,naive_carry,48.5,41.2
2025-06-04,2,seasonal_naive_7,58.5,41.2
2025-06-04,2,climatology,63.544777777777774,41.2
2025-06-04,2,gru,52.03696248919691,41.2
2025-06-04,3,naive,48.5,60.2
2025-06-04,3,naive_carry,48.5,60.2
2025-06-04,3,seasonal_naive_7,63.4,60.2
2025-06-04,3,climatology,63.02977777777778,60.2
2025-06-04,3,gru,50.695157747911665,60.2
2025-06-05,1,naive,42.1,41.2
2025-06-05,1,naive_carry,42.1,41.2
2025-06-05,1,seasonal_naive_7,58.5,41.2
2025-06-05,1,climatology,63.544777777777774,41.2
2025-06-05,1,gru,46.10586268853546,41.2
2025-06-05,2,naive,42.1,60.2
2025-06-05,2,naive_carry,42.1,60.2
2025-06-05,2,seasonal_naive_7,63.4,60.2
2025-06-05,2,climatology,63.02977777777778,60.2
2025-06-05,2,gru,51.01866385206121,60.2
2025-06-05,3,naive,42.1,60.2
2025-06-05,3,naive_carry,42.1,60.2
2025-06-05,3,seasonal_naive_7,46.1,60.2
2025-06-05,3,climatology,63.94000000000001,60.2
2025-06-05,3,gru,45.756449729999964,60.2
2025-06-06,1,naive,41.2,60.2
2025-06-06,1,naive_carry,41.2,60.2
2025-06-06,1,seasonal_naive_7,63.4,60.2
2025-06-06,1,climatology,63.02977777777778,60.2
2025-06-06,1,gru,45.81852215577728,60.2
2025-06-06,2,naive,41.2,60.2
2025-06-06,2,naive_carry,41.2,60.2
2025-06-06,2,seasonal_naive_7,46.1,60.2
2025-06-06,2,climatology,63.94000000000001,60.2
2025-06-06,2,gru,45.213750671881535,60.2
2025-06-06,3,naive,41.2,64.5
2025-06-06,3,naive_carry,41.2,64.5
2025-06-06,3,seasonal_naive_7,40.6,64.5
2025-06-06,3,climatology,64.23555555555556,64.5
2025-06-06,3,gru,41.203805607473065,64.5
2025-06-07,1,naive,60.2,60.2
2025-06-07,1,naive_carry,60.2,60.2
2025-06-07,1,seasonal_naive_7,46.1,60.2
2025-06-07,1,climatology,63.94000000000001,60.2
2025-06-07,1,gru,52.967776110018576,60.2
2025-06-07,2,naive,60.2,64.5
2025-06-07,2,naive_carry,60.2,64.5
2025-06-07,2,seasonal_naive_7,40.6,64.5
2025-06-07,2,climatology,64.23555555555556,64.5
2025-06-07,2,gru,48.50480593485824,64.5
2025-06-07,3,naive,60.2,55.1
2025-06-07,3,naive_carry,60.2,55.1
2025-06-07,3,seasonal_naive_7,38.2,55.1
2025-06-07,3,climatology,66.39111111111112,55.1
2025-06-07,3,gru,42.1489919231031,55.1
2025-06-08,1,naive,60.2,64.5
2025-06-08,1,naive_carry,60.2,64.5
2025-06-08,1,seasonal_naive_7,40.6,64.5
2025-06-08,1,climatology,64.23555555555556,64.5
2025-06-08,1,gru,52.94025234015411,64.5
2025-06-08,2,naive,60.2,55.1
2025-06-08,2,naive_carry,60.2,55.1
2025-06-08,2,seasonal_naive_7,38.2,55.1
2025-06-08,2,climatology,66.39111111111112,55.1
2025-06-08,2,gru,48.866809069924216,55.1
2025-06-08,3,naive,60.2,70.4
2025-06-08,3,naive_carry,60.2,70.4
2025-06-08,3,seasonal_naive_7,48.5,70.4
2025-06-08,3,climatology,70.79011111111112,70.4
2025-06-08,3,gru,39.5606900756604,70.4
2025-06-09,1,naive,64.5,55.1
2025-06-09,1,naive_carry,64.5,55.1
2025-06-09,1,seasonal_naive_7,38.2,55.1
2025-06-09,1,climatology,66.39111111111112,55.1
2025-06-09,1,gru,50.36813473971101,55.1
2025-06-09,2,naive,64.5,70.4
2025-06-09,2,naive_carry,64.5,70.4
2025-06-09,2,seasonal_naive_7,48.5,70.4
2025-06-09,2,climatology,70.79011111111112,70.4
2025-06-09,2,gru,44.94563533169415,70.4
2025-06-09,3,naive,64.5,69.1
2025-06-09,3,naive_carry,64.5,69.1
2025-06-09,3,seasonal_naive_7,42.1,69.1
2025-06-09,3,climatology,69.8051111111111,69.1
2025-06-09,3,gru,39.59963111599215,69.1
2025-06-10,1,naive,55.1,70.4
2025-06-10,1,naive_carry,55.1,70.4
2025-06-10,1,seasonal_naive_7,48.5,70.4
2025-06-10,1,climatology,70.79011111111112,70.4
2025-06-10,1,gru,48.90385244297924,70.4
2025-06-10,2,naive,55.1,69.1
2025-06-10,2,naive_carry,55.1,69.1
2025-06-10,2,seasonal_naive_7,42.1,69.1
2025-06-10,2,climatology,69.8051111111111,69.1
2025-06-10,2,gru,44.853730439346556,69.1
2025-06-10,3,naive,55.1,54.5
2025-06-10,3,naive_carry,55.1,54.5
2025-06-10,3,seasonal_naive_7,41.2,54.5
2025-06-10,3,climatology,68.79066666666668,54.5
2025-06-10,3,gru,38.24014334965822,54.5
2025-06-11,1,naive,70.4,69.1
2025-06-11,1,naive_carry,70.4,69.1
2025-06-11,1,seasonal_naive_7,42.1,69.1
2025-06-11,1,climatology,69.8051111111111,69.1
2025-06-11,1,gru,61.254295108174745,69.1
2025-06-11,2,naive,70.4,54.5
2025-06-11,2,naive_carry,70.4,54.5
2025-06-11,2,seasonal_naive_7,41.2,54.5
2025-06-11,2,climatology,68.79066666666668,54.5
2025-06-11,2,gru,46.034915398118244,54.5
2025-06-11,3,naive,70.4,59.0
2025-06-11,3,naive_carry,70.4,59.0
2025-06-11,3,seasonal_naive_7,60.2,59.0
2025-06-11,3,climatology,66.39466666666667,59.0
2025-06-11,3,gru,39.74162198844831,59.0
2025-06-12,1,naive,69.1,54.5
2025-06-12,1,naive_carry,69.1,54.5
2025-06-12,1,seasonal_naive_7,41.2,54.5
2025-06-12,1,climatology,68.79066666666668,54.5
2025-06-12,1,gru,57.04154124945535,54.5
2025-06-12,2,naive,69.1,59.0
2025-06-12,2,naive_carry,69.1,59.0
2025-06-12,2,seasonal_naive_7,60.2,59.0
2025-06-12,2,climatology,66.39466666666667,59.0
2025-06-12,2,gru,48.15917043090465,59.0
2025-06-12,3,naive,69.1,38.3
2025-06-12,3,naive_carry,69.1,38.3
2025-06-12,3,seasonal_naive_7,60.2,38.3
2025-06-12,3,climatology,66.599,38.3
2025-06-12,3,gru,39.29560780105848,38.3
2025-06-13,1,naive,54.5,59.0
2025-06-13,1,naive_carry,54.5,59.0
2025-06-13,1,seasonal_naive_7,60.2,59.0
2025-06-13,1,climatology,66.39466666666667,59.0
2025-06-13,1,gru,47.04143957353546,59.0
2025-06-13,2,naive,54.5,38.3
2025-06-13,2,naive_carry,54.5,38.3
2025-06-13,2,seasonal_naive_7,60.2,38.3
2025-06-13,2,climatology,66.599,38.3
2025-06-13,2,gru,44.79338231660199,38.3
2025-06-13,3,naive,54.5,41.0
2025-06-13,3,naive_carry,54.5,41.0
2025-06-13,3,seasonal_naive_7,64.5,41.0
2025-06-13,3,climatology,66.51266666666666,41.0
2025-06-13,3,gru,38.40619816994371,41.0
2025-06-14,1,naive,59.0,38.3
2025-06-14,1,naive_carry,59.0,38.3
2025-06-14,1,seasonal_naive_7,60.2,38.3
2025-06-14,1,climatology,66.599,38.3
2025-06-14,1,gru,55.30636058869955,38.3
2025-06-14,2,naive,59.0,41.0
2025-06-14,2,naive_carry,59.0,41.0
2025-06-14,2,seasonal_naive_7,64.5,41.0
2025-06-14,2,climatology,66.51266666666666,41.0
2025-06-14,2,gru,43.08793066268348,41.0
2025-06-14,3,naive,59.0,32.7
2025-06-14,3,naive_carry,59.0,32.7
2025-06-14,3,seasonal_naive_7,55.1,32.7
2025-06-14,3,climatology,65.83355555555555,32.7
2025-06-14,3,gru,38.3114984697015,32.7
2025-06-15,1,naive,38.3,41.0
2025-06-15,1,naive_carry,38.3,41.0
2025-06-15,1,seasonal_naive_7,64.5,41.0
2025-06-15,1,climatology,66.51266666666666,41.0
2025-06-15,1,gru,40.719697865880754,41.0
2025-06-15,2,naive,38.3,32.7
2025-06-15,2,naive_carry,38.3,32.7
2025-06-15,2,seasonal_naive_7,55.1,32.7
2025-06-15,2,climatology,65.83355555555555,32.7
2025-06-15,2,gru,41.15887850711505,32.7
2025-06-15,3,naive,38.3,39.9
2025-06-15,3,naive_carry,38.3,39.9
2025-06-15,3,seasonal_naive_7,70.4,39.9
2025-06-15,3,climatology,65.58822222222223,39.9
2025-06-15,3,gru,35.572991101453034,39.9
2025-06-16,1,naive,41.0,32.7
2025-06-16,1,naive_carry,41.0,32.7
2025-06-16,1,seasonal_naive_7,55.1,32.7
2025-06-16,1,climatology,65.83355555555555,32.7
2025-06-16,1,gru,42.21621629731069,32.7
2025-06-16,2,naive,41.0,39.9
2025-06-16,2,naive_carry,41.0,39.9
2025-06-16,2,seasonal_naive_7,70.4,39.9
2025-06-16,2,climatology,65.58822222222223,39.9
2025-06-16,2,gru,40.335551405004765,39.9
2025-06-16,3,naive,41.0,32.2
2025-06-16,3,naive_carry,41.0,32.2
2025-06-16,3,seasonal_naive_7,69.1,32.2
2025-06-16,3,climatology,64.62488888888889,32.2
2025-06-16,3,gru,38.92830123525669,32.2
2025-06-17,1,naive,32.7,39.9
2025-06-17,1,naive_carry,32.7,39.9
2025-06-17,1,seasonal_naive_7,70.4,39.9
2025-06-17,1,climatology,65.58822222222223,39.9
2025-06-17,1,gru,38.60264630936846,39.9
2025-06-17,2,naive,32.7,32.2
2025-06-17,2,naive_carry,32.7,32.2
2025-06-17,2,seasonal_naive_7,69.1,32.2
2025-06-17,2,climatology,64.62488888888889,32.2
2025-06-17,2,gru,40.33920385458944,32.2
2025-06-17,3,naive,32.7,26.0
2025-06-17,3,naive_carry,32.7,26.0
2025-06-17,3,seasonal_naive_7,54.5,26.0
2025-06-17,3,climatology,62.68655555555555,26.0
2025-06-17,3,gru,36.76360139491701,26.0
2025-06-18,1,naive,39.9,32.2
2025-06-18,1,naive_carry,39.9,32.2
2025-06-18,1,seasonal_naive_7,69.1,32.2
2025-06-18,1,climatology,64.62488888888889,32.2
2025-06-18,1,gru,38.299763765539176,32.2
2025-06-18,2,naive,39.9,26.0
2025-06-18,2,naive_carry,39.9,26.0
2025-06-18,2,seasonal_naive_7,54.5,26.0
2025-06-18,2,climatology,62.68655555555555,26.0
2025-06-18,2,gru,41.50784905561208,26.0
2025-06-18,3,naive,39.9,29.3
2025-06-18,3,naive_carry,39.9,29.3
2025-06-18,3,seasonal_naive_7,59.0,29.3
2025-06-18,3,climatology,60.037222222222226,29.3
2025-06-18,3,gru,39.185762781423136,29.3
2025-06-19,1,naive,32.2,26.0
2025-06-19,1,naive_carry,32.2,26.0
2025-06-19,1,seasonal_naive_7,54.5,26.0
2025-06-19,1,climatology,62.68655555555555,26.0
2025-06-19,1,gru,32.62973829425889,26.0
2025-06-19,2,naive,32.2,29.3
2025-06-19,2,naive_carry,32.2,29.3
2025-06-19,2,seasonal_naive_7,59.0,29.3
2025-06-19,2,climatology,60.037222222222226,29.3
2025-06-19,2,gru,39.96812951023721,29.3
2025-06-19,3,naive,32.2,33.0
2025-06-19,3,naive_carry,32.2,33.0
2025-06-19,3,seasonal_naive_7,38.3,33.0
2025-06-19,3,climatology,57.40255555555556,33.0
2025-06-19,3,gru,35.77332987184483,33.0
2025-06-20,1,naive,26.0,29.3
2025-06-20,1,naive_carry,26.0,29.3
2025-06-20,1,seasonal_naive_7,59.0,29.3
2025-06-20,1,climatology,60.037222222222226,29.3
2025-06-20,1,gru,29.915543220146823,29.3
2025-06-20,2,naive,26.0,33.0
2025-06-20,2,naive_carry,26.0,33.0
2025-06-20,2,seasonal_naive_7,38.3,33.0
2025-06-20,2,climatology,57.40255555555556,33.0
2025-06-20,2,gru,35.20362683627038,33.0
2025-06-20,3,naive,26.0,39.6
2025-06-20,3,naive_carry,26.0,39.6
2025-06-20,3,seasonal_naive_7,41.0,39.6
2025-06-20,3,climatology,55.43855555555556,39.6
2025-06-20,3,gru,33.34447005104131,39.6
2025-06-21,1,naive,29.3,33.0
2025-06-21,1,naive_carry,29.3,33.0
2025-06-21,1,seasonal_naive_7,38.3,33.0
2025-06-21,1,climatology,57.40255555555556,33.0
2025-06-21,1,gru,34.0421696171763,33.0
2025-06-21,2,naive,29.3,39.6
2025-06-21,2,naive_carry,29.3,39.6
2025-06-21,2,seasonal_naive_7,41.0,39.6
2025-06-21,2,climatology,55.43855555555556,39.6
2025-06-21,2,gru,34.67915383572366,39.6
2025-06-21,3,naive,29.3,42.0
2025-06-21,3,naive_carry,29.3,42.0
2025-06-21,3,seasonal_naive_7,32.7,42.0
2025-06-21,3,climatology,56.58522222222222,42.0
2025-06-21,3,gru,32.58618243594685,42.0
2025-06-22,1,naive,33.0,39.6
2025-06-22,1,naive_carry,33.0,39.6
2025-06-22,1,seasonal_naive_7,41.0,39.6
2025-06-22,1,climatology,55.43855555555556,39.6
2025-06-22,1,gru,31.99299700916311,39.6
2025-06-22,2,naive,33.0,42.0
2025-06-22,2,naive_carry,33.0,42.0
2025-06-22,2,seasonal_naive_7,32.7,42.0
2025-06-22,2,climatology,56.58522222222222,42.0
2025-06-22,2,gru,37.591582608585114,42.0
2025-06-22,3,naive,33.0,54.3
2025-06-22,3,naive_carry,33.0,54.3
2025-06-22,3,seasonal_naive_7,39.9,54.3
2025-06-22,3,climatology,53.02033333333333,54.3
2025-06-22,3,gru,33.6075688984561,54.3
2025-06-23,1,naive,39.6,42.0
2025-06-23,1,naive_carry,39.6,42.0
2025-06-23,1,seasonal_naive_7,32.7,42.0
2025-06-23,1,climatology,56.58522222222222,42.0
2025-06-23,1,gru,39.91009541856425,42.0
2025-06-23,2,naive,39.6,54.3
2025-06-23,2,naive_carry,39.6,54.3
2025-06-23,2,seasonal_naive_7,39.9,54.3
2025-06-23,2,climatology,53.02033333333333,54.3
2025-06-23,2,gru,38.189228540947475,54.3
2025-06-23,3,naive,39.6,29.0
2025-06-23,3,naive_carry,39.6,29.0
2025-06-23,3,seasonal_naive_7,32.2,29.0
2025-06-23,3,climatology,47.455000000000005,29.0
2025-06-23,3,gru,34.828662527000766,29.0
2025-06-24,1,naive,42.0,54.3
2025-06-24,1,naive_carry,42.0,54.3
2025-06-24,1,seasonal_naive_7,39.9,54.3
2025-06-24,1,climatology,53.02033333333333,54.3
2025-06-24,1,gru,38.43288159914778,54.3
2025-06-24,2,naive,42.0,29.0
2025-06-24,2,naive_carry,42.0,29.0
2025-06-24,2,seasonal_naive_7,32.2,29.0
2025-06-24,2,climatology,47.455000000000005,29.0
2025-06-24,2,gru,39.519541374433494,29.0
2025-06-24,3,naive,42.0,21.1
2025-06-24,3,naive_carry,42.0,21.1
2025-06-24,3,seasonal_naive_7,26.0,21.1
2025-06-24,3,climatology,47.876,21.1
2025-06-24,3,gru,35.00995844046701,21.1
2025-06-25,1,naive,54.3,29.0
2025-06-25,1,naive_carry,54.3,29.0
2025-06-25,1,seasonal_naive_7,32.2,29.0
2025-06-25,1,climatology,47.455000000000005,29.0
2025-06-25,1,gru,43.52465311680581,29.0
2025-06-25,2,naive,54.3,21.1
2025-06-25,2,naive_carry,54.3,21.1
2025-06-25,2,seasonal_naive_7,26.0,21.1
2025-06-25,2,climatology,47.876,21.1
2025-06-25,2,gru,41.019108973899094,21.1
2025-06-25,3,naive,54.3,25.8
2025-06-25,3,naive_carry,54.3,25.8
2025-06-25,3,seasonal_naive_7,29.3,25.8
2025-06-25,3,climatology,48.25266666666666,25.8
2025-06-25,3,gru,38.18669265687665,25.8
2025-06-26,1,naive,29.0,21.1
2025-06-26,1,naive_carry,29.0,21.1
2025-06-26,1,seasonal_naive_7,26.0,21.1
2025-06-26,1,climatology,47.876,21.1
2025-06-26,1,gru,31.39718796648031,21.1
2025-06-26,2,naive,29.0,25.8
2025-06-26,2,naive_carry,29.0,25.8
2025-06-26,2,seasonal_naive_7,29.3,25.8
2025-06-26,2,climatology,48.25266666666666,25.8
2025-06-26,2,gru,35.35469316597031,25.8
2025-06-26,3,naive,29.0,35.5
2025-06-26,3,naive_carry,29.0,35.5
2025-06-26,3,seasonal_naive_7,33.0,35.5
2025-06-26,3,climatology,47.14377777777778,35.5
2025-06-26,3,gru,31.793159259952052,35.5
2025-06-27,1,naive,21.1,25.8
2025-06-27,1,naive_carry,21.1,25.8
2025-06-27,1,seasonal_naive_7,29.3,25.8
2025-06-27,1,climatology,48.25266666666666,25.8
2025-06-27,1,gru,26.9169844066845,25.8
2025-06-27,2,naive,21.1,35.5
2025-06-27,2,naive_carry,21.1,35.5
2025-06-27,2,seasonal_naive_7,33.0,35.5
2025-06-27,2,climatology,47.14377777777778,35.5
2025-06-27,2,gru,28.12339494790319,35.5
2025-06-27,3,naive,21.1,28.1
2025-06-27,3,naive_carry,21.1,28.1
2025-06-27,3,seasonal_naive_7,39.6,28.1
2025-06-27,3,climatology,46.577777777777776,28.1
2025-06-27,3,gru,26.526721057234862,28.1
2025-06-28,1,naive,25.8,35.5
2025-06-28,1,naive_carry,25.8,35.5
2025-06-28,1,seasonal_naive_7,33.0,35.5
2025-06-28,1,climatology,47.14377777777778,35.5
2025-06-28,1,gru,29.965068131864495,35.5
2025-06-28,2,naive,25.8,28.1
2025-06-28,2,naive_carry,25.8,28.1
2025-06-28,2,seasonal_naive_7,39.6,28.1
2025-06-28,2,climatology,46.577777777777776,28.1
2025-06-28,2,gru,30.20851255547208,28.1
2025-06-28,3,naive,25.8,26.5
2025-06-28,3,naive_carry,25.8,26.5
2025-06-28,3,seasonal_naive_7,42.0,26.5
2025-06-28,3,climatology,46.00177777777778,26.5
2025-06-28,3,gru,28.134450105440383,26.5
2025-06-29,1,naive,35.5,28.1
2025-06-29,1,naive_carry,35.5,28.1
2025-06-29,1,seasonal_naive_7,39.6,28.1
2025-06-29,1,climatology,46.577777777777776,28.1
2025-06-29,1,gru,31.136241648469667,28.1
2025-06-29,2,naive,35.5,26.5
2025-06-29,2,naive_carry,35.5,26.5
2025-06-29,2,seasonal_naive_7,42.0,26.5
2025-06-29,2,climatology,46.00177777777778,26.5
2025-06-29,2,gru,38.96398302186797,26.5
2025-06-29,3,naive,35.5,25.0
2025-06-29,3,naive_carry,35.5,25.0
2025-06-29,3,seasonal_naive_7,54.3,25.0
2025-06-29,3,climatology,46.10844444444445,25.0
2025-06-29,3,gru,34.81059674093279,25.0
2025-06-30,1,naive,28.1,26.5
2025-06-30,1,naive_carry,28.1,26.5
2025-06-30,1,seasonal_naive_7,42.0,26.5
2025-06-30,1,climatology,46.00177777777778,26.5
2025-06-30,1,gru,31.837701576817352,26.5
2025-06-30,2,naive,28.1,25.0
2025-06-30,2,naive_carry,28.1,25.0
2025-06-30,2,seasonal_naive_7,54.3,25.0
2025-06-30,2,climatology,46.10844444444445,25.0
2025-06-30,2,gru,36.90863621384108,25.0
2025-06-30,3,naive,28.1,27.6
2025-06-30,3,naive_carry,28.1,27.6
2025-06-30,3,seasonal_naive_7,29.0,27.6
2025-06-30,3,climatology,45.199111111111115,27.6
2025-06-30,3,gru,33.21135056447195,27.6
2025-07-01,1,naive,26.5,25.0
2025-07-01,1,naive_carry,26.5,25.0
2025-07-01,1,seasonal_naive_7,54.3,25.0
2025-07-01,1,climatology,46.10844444444445,25.0
2025-07-01,1,gru,30.67840625626336,25.0
2025-07-01,2,naive,26.5,27.6
2025-07-01,2,naive_carry,26.5,27.6
2025-07-01,2,seasonal_naive_7,29.0,27.6
2025-07-01,2,climatology,45.199111111111115,27.6
2025-07-01,2,gru,31.4988702911535,27.6
2025-07-01,3,naive,26.5,25.9
2025-07-01,3,naive_carry,26.5,25.9
2025-07-01,3,seasonal_naive_7,21.1,25.9
2025-07-01,3,climatology,44.864444444444445,25.9
2025-07-01,3,gru,28.680660407586526,25.9
2025-07-02,1,naive,25.0,27.6
2025-07-02,1,naive_carry,25.0,27.6
2025-07-02,1,seasonal_naive_7,29.0,27.6
2025-07-02,1,climatology,45.199111111111115,27.6
2025-07-02,1,gru,26.47134391080551,27.6
2025-07-02,2,naive,25.0,25.9
2025-07-02,2,naive_carry,25.0,25.9
2025-07-02,2,seasonal_naive_7,21.1,25.9
2025-07-02,2,climatology,44.864444444444445,25.9
2025-07-02,2,gru,29.628587072650838,25.9
2025-07-02,3,naive,25.0,30.4
2025-07-02,3,naive_carry,25.0,30.4
2025-07-02,3,seasonal_naive_7,25.8,30.4
2025-07-02,3,climatology,43.45444444444445,30.4
2025-07-02,3,gru,26.780028674128346,30.4
2025-07-03,1,naive,27.6,25.9
2025-07-03,1,naive_carry,27.6,25.9
2025-07-03,1,seasonal_naive_7,21.1,25.9
2025-07-03,1,climatology,44.864444444444445,25.9
2025-07-03,1,gru,25.334701561100623,25.9
2025-07-03,2,naive,27.6,30.4
2025-07-03,2,naive_carry,27.6,30.4
2025-07-03,2,seasonal_naive_7,25.8,30.4
2025-07-03,2,climatology,43.45444444444445,30.4
2025-07-03,2,gru,29.797752210089364,30.4
2025-07-03,3,naive,27.6,30.4
2025-07-03,3,naive_carry,27.6,30.4
2025-07-03,3,seasonal_naive_7,35.5,30.4
2025-07-03,3,climatology,42.57111111111111,30.4
2025-07-03,3,gru,28.425768238065103,30.4
2025-07-04,1,naive,25.9,30.4
2025-07-04,1,naive_carry,25.9,30.4
2025-07-04,1,seasonal_naive_7,25.8,30.4
2025-07-04,1,climatology,43.45444444444445,30.4
2025-07-04,1,gru,30.413055937584158,30.4
2025-07-04,2,naive,25.9,30.4
2025-07-04,2,naive_carry,25.9,30.4
2025-07-04,2,seasonal_naive_7,35.5,30.4
2025-07-04,2,climatology,42.57111111111111,30.4
2025-07-04,2,gru,30.316679979249653,30.4
2025-07-04,3,naive,25.9,15.1
2025-07-04,3,naive_carry,25.9,15.1
2025-07-04,3,seasonal_naive_7,28.1,15.1
2025-07-04,3,climatology,41.880222222222216,15.1
2025-07-04,3,gru,28.292584310983383,15.1
2025-07-05,1,naive,30.4,30.4
2025-07-05,1,naive_carry,30.4,30.4
2025-07-05,1,seasonal_naive_7,35.5,30.4
2025-07-05,1,climatology,42.57111111111111,30.4
2025-07-05,1,gru,32.725311581998994,30.4
2025-07-05,2,naive,30.4,15.1
2025-07-05,2,naive_carry,30.4,15.1
2025-07-05,2,seasonal_naive_7,28.1,15.1
2025-07-05,2,climatology,41.880222222222216,15.1
2025-07-05,2,gru,30.113816800337702,15.1
2025-07-05,3,naive,30.4,28.4
2025-07-05,3,naive_carry,30.4,28.4
2025-07-05,3,seasonal_naive_7,26.5,28.4
2025-07-05,3,climatology,41.37888888888889,28.4
2025-07-05,3,gru,26.791213957540236,28.4
2025-07-06,1,naive,30.4,15.1
2025-07-06,1,naive_carry,30.4,15.1
2025-07-06,1,seasonal_naive_7,28.1,15.1
2025-07-06,1,climatology,41.880222222222216,15.1
2025-07-06,1,gru,28.47230664486449,15.1
2025-07-06,2,naive,30.4,28.4
2025-07-06,2,naive_carry,30.4,28.4
2025-07-06,2,seasonal_naive_7,26.5,28.4
2025-07-06,2,climatology,41.37888888888889,28.4
2025-07-06,2,gru,30.650835482129352,28.4
2025-07-06,3,naive,30.4,12.2
2025-07-06,3,naive_carry,30.4,12.2
2025-07-06,3,seasonal_naive_7,25.0,12.2
2025-07-06,3,climatology,40.31055555555555,12.2
2025-07-06,3,gru,26.55967887216023,12.2
2025-07-07,1,naive,15.1,28.4
2025-07-07,1,naive_carry,15.1,28.4
2025-07-07,1,seasonal_naive_7,26.5,28.4
2025-07-07,1,climatology,41.37888888888889,28.4
2025-07-07,1,gru,18.78928894162015,28.4
2025-07-07,2,naive,15.1,12.2
2025-07-07,2,naive_carry,15.1,12.2
2025-07-07,2,seasonal_naive_7,25.0,12.2
2025-07-07,2,climatology,40.31055555555555,12.2
2025-07-07,2,gru,24.179861515749483,12.2
2025-07-07,3,naive,15.1,13.6
2025-07-07,3,naive_carry,15.1,13.6
2025-07-07,3,seasonal_naive_7,27.6,13.6
2025-07-07,3,climatology,39.65322222222222,13.6
2025-07-07,3,gru,21.755122533734344,13.6
2025-07-08,1,naive,28.4,12.2
2025-07-08,1,naive_carry,28.4,12.2
2025-07-08,1,seasonal_naive_7,25.0,12.2
2025-07-08,1,climatology,40.31055555555555,12.2
2025-07-08,1,gru,25.458997196903315,12.2
2025-07-08,2,naive,28.4,13.6
2025-07-08,2,naive_carry,28.4,13.6
2025-07-08,2,seasonal_naive_7,27.6,13.6
2025-07-08,2,climatology,39.65322222222222,13.6
2025-07-08,2,gru,25.870053218400233,13.6
2025-07-08,3,naive,28.4,29.9
2025-07-08,3,naive_carry,28.4,29.9
2025-07-08,3,seasonal_naive_7,25.9,29.9
2025-07-08,3,climatology,39.27988888888888,29.9
2025-07-08,3,gru,25.817630478371346,29.9
2025-07-09,1,naive,12.2,13.6
2025-07-09,1,naive_carry,12.2,13.6
2025-07-09,1,seasonal_naive_7,27.6,13.6
2025-07-09,1,climatology,39.65322222222222,13.6
2025-07-09,1,gru,17.374966501652846,13.6
2025-07-09,2,naive,12.2,29.9
2025-07-09,2,naive_carry,12.2,29.9
2025-07-09,2,seasonal_naive_7,25.9,29.9
2025-07-09,2,climatology,39.27988888888888,29.9
2025-07-09,2,gru,22.973033009617588,29.9
2025-07-09,3,naive,12.2,30.0
2025-07-09,3,naive_carry,12.2,30.0
2025-07-09,3,seasonal_naive_7,30.4,30.0
2025-07-09,3,climatology,38.979888888888894,30.0
2025-07-09,3,gru,21.616825713026614,30.0
2025-07-10,1,naive,13.6,29.9
2025-07-10,1,naive_carry,13.6,29.9
2025-07-10,1,seasonal_naive_7,25.9,29.9
2025-07-10,1,climatology,39.27988888888888,29.9
2025-07-10,1,gru,18.7351983370548,29.9
2025-07-10,2,naive,13.6,30.0
2025-07-10,2,naive_carry,13.6,30.0
2025-07-10,2,seasonal_naive_7,30.4,30.0
2025-07-10,2,climatology,38.979888888888894,30.0
2025-07-10,2,gru,22.940522049135176,30.0
2025-07-10,3,naive,13.6,27.9
2025-07-10,3,naive_carry,13.6,27.9
2025-07-10,3,seasonal_naive_7,30.4,27.9
2025-07-10,3,climatology,37.776555555555554,27.9
2025-07-10,3,gru,21.598213395152694,27.9
2025-07-11,1,naive,29.9,30.0
2025-07-11,1,naive_carry,29.9,30.0
2025-07-11,1,seasonal_naive_7,30.4,30.0
2025-07-11,1,climatology,38.979888888888894,30.0
2025-07-11,1,gru,26.47073239155294,30.0
2025-07-11,2,naive,29.9,27.9
2025-07-11,2,naive_carry,29.9,27.9
2025-07-11,2,seasonal_naive_7,30.4,27.9
2025-07-11,2,climatology,37.776555555555554,27.9
2025-07-11,2,gru,29.019247676608707,27.9
2025-07-11,3,naive,29.9,18.1
2025-07-11,3,naive_carry,29.9,18.1
2025-07-11,3,seasonal_naive_7,15.1,18.1
2025-07-11,3,climatology,37.52144444444445,18.1
2025-07-11,3,gru,26.670139399942354,18.1
2025-07-12,1,naive,30.0,27.9
2025-07-12,1,naive_carry,30.0,27.9
2025-07-12,1,seasonal_naive_7,30.4,27.9
2025-07-12,1,climatology,37.776555555555554,27.9
2025-07-12,1,gru,28.726389564918772,27.9
2025-07-12,2,naive,30.0,18.1
2025-07-12,2,naive_carry,30.0,18.1
2025-07-12,2,seasonal_naive_7,15.1,18.1
2025-07-12,2,climatology,37.52144444444445,18.1
2025-07-12,2,gru,30.92706712314518,18.1
2025-07-12,3,naive,30.0,15.5
2025-07-12,3,naive_carry,30.0,15.5
2025-07-12,3,seasonal_naive_7,28.4,15.5
2025-07-12,3,climatology,37.04744444444445,15.5
2025-07-12,3,gru,27.827673146818572,15.5
2025-07-13,1,naive,27.9,18.1
2025-07-13,1,naive_carry,27.9,18.1
2025-07-13,1,seasonal_naive_7,15.1,18.1
2025-07-13,1,climatology,37.52144444444445,18.1
2025-07-13,1,gru,29.09850991462482,18.1
2025-07-13,2,naive,27.9,15.5
2025-07-13,2,naive_carry,27.9,15.5
2025-07-13,2,seasonal_naive_7,28.4,15.5
2025-07-13,2,climatology,37.04744444444445,15.5
2025-07-13,2,gru,28.091896554897648,15.5
2025-07-13,3,naive,27.9,25.0
2025-07-13,3,naive_carry,27.9,25.0
2025-07-13,3,seasonal_naive_7,12.2,25.0
2025-07-13,3,climatology,36.62877777777778,25.0
2025-07-13,3,gru,26.32587011260824,25.0
2025-07-14,1,naive,18.1,15.5
2025-07-14,1,naive_carry,18.1,15.5
2025-07-14,1,seasonal_naive_7,28.4,15.5
2025-07-14,1,climatology,37.04744444444445,15.5
2025-07-14,1,gru,17.083990897224016,15.5
2025-07-14,2,naive,18.1,25.0
2025-07-14,2,naive_carry,18.1,25.0
2025-07-14,2,seasonal_naive_7,12.2,25.0
2025-07-14,2,climatology,36.62877777777778,25.0
2025-07-14,2,gru,25.11535161279415,25.0
2025-07-14,3,naive,18.1,18.8
2025-07-14,3,naive_carry,18.1,18.8
2025-07-14,3,seasonal_naive_7,13.6,18.8
2025-07-14,3,climatology,36.02522222222222,18.8
2025-07-14,3,gru,25.58597464501856,18.8
2025-07-15,1,naive,15.5,25.0
2025-07-15,1,naive_carry,15.5,25.0
2025-07-15,1,seasonal_naive_7,12.2,25.0
2025-07-15,1,climatology,36.62877777777778,25.0
2025-07-15,1,gru,18.36688562198565,25.0
2025-07-15,2,naive,15.5,18.8
2025-07-15,2,naive_carry,15.5,18.8
2025-07-15,2,seasonal_naive_7,13.6,18.8
2025-07-15,2,climatology,36.02522222222222,18.8
2025-07-15,2,gru,24.147414526042336,18.8
2025-07-15,3,naive,15.5,22.2
2025-07-15,3,naive_carry,15.5,22.2
2025-07-15,3,seasonal_naive_7,29.9,22.2
2025-07-15,3,climatology,34.977888888888884,22.2
2025-07-15,3,gru,25.447968827960125,22.2
2025-07-16,1,naive,25.0,18.8
2025-07-16,1,naive_carry,25.0,18.8
2025-07-16,1,seasonal_naive_7,13.6,18.8
2025-07-16,1,climatology,36.02522222222222,18.8
2025-07-16,1,gru,31.705056091123247,18.8
2025-07-16,2,naive,25.0,22.2
2025-07-16,2,naive_carry,25.0,22.2
2025-07-16,2,seasonal_naive_7,29.9,22.2
2025-07-16,2,climatology,34.977888888888884,22.2
2025-07-16,2,gru,28.938302612767316,22.2
2025-07-16,3,naive,25.0,18.0
2025-07-16,3,naive_carry,25.0,18.0
2025-07-16,3,seasonal_naive_7,30.0,18.0
2025-07-16,3,climatology,34.239222222222224,18.0
2025-07-16,3,gru,28.68259317819169,18.0
2025-07-17,1,naive,18.8,22.2
2025-07-17,1,naive_carry,18.8,22.2
2025-07-17,1,seasonal_naive_7,29.9,22.2
2025-07-17,1,climatology,34.977888888888884,22.2
2025-07-17,1,gru,21.573378511746995,22.2
2025-07-17,2,naive,18.8,18.0
2025-07-17,2,naive_carry,18.8,18.0
2025-07-17,2,seasonal_naive_7,30.0,18.0
2025-07-17,2,climatology,34.239222222222224,18.0
2025-07-17,2,gru,27.906526216758163,18.0
2025-07-17,3,naive,18.8,21.0
2025-07-17,3,naive_carry,18.8,21.0
2025-07-17,3,seasonal_naive_7,27.9,21.0
2025-07-17,3,climatology,34.21588888888889,21.0
2025-07-17,3,gru,25.07751869322088,21.0
2025-07-18,1,naive,22.2,18.0
2025-07-18,1,naive_carry,22.2,18.0
2025-07-18,1,seasonal_naive_7,30.0,18.0
2025-07-18,1,climatology,34.239222222222224,18.0
2025-07-18,1,gru,19.93555700660682,18.0
2025-07-18,2,naive,22.2,21.0
2025-07-18,2,naive_carry,22.2,21.0
2025-07-18,2,seasonal_naive_7,27.9,21.0
2025-07-18,2,climatology,34.21588888888889,21.0
2025-07-18,2,gru,28.114636059149625,21.0
2025-07-18,3,naive,22.2,30.9
2025-07-18,3,naive_carry,22.2,30.9
2025-07-18,3,seasonal_naive_7,18.1,30.9
2025-07-18,3,climatology,34.794222222222224,30.9
2025-07-18,3,gru,27.819412710283277,30.9
2025-07-19,1,naive,18.0,21.0
2025-07-19,1,naive_carry,18.0,21.0
2025-07-19,1,seasonal_naive_7,27.9,21.0
2025-07-19,1,climatology,34.21588888888889,21.0
2025-07-19,1,gru,21.581558390545883,21.0
2025-07-19,2,naive,18.0,30.9
2025-07-19,2,naive_carry,18.0,30.9
2025-07-19,2,seasonal_naive_7,18.1,30.9
2025-07-19,2,climatology,34.794222222222224,30.9
2025-07-19,2,gru,26.165393882599172,30.9
2025-07-19,3,naive,18.0,31.0
2025-07-19,3,naive_carry,18.0,31.0
2025-07-19,3,seasonal_naive_7,15.5,31.0
2025-07-19,3,climatology,34.01811111111111,31.0
2025-07-19,3,gru,26.67660199202795,31.0
2025-07-20,1,naive,21.0,30.9
2025-07-20,1,naive_carry,21.0,30.9
2025-07-20,1,seasonal_naive_7,18.1,30.9
2025-07-20,1,climatology,34.794222222222224,30.9
2025-07-20,1,gru,26.997081731087487,30.9
2025-07-20,2,naive,21.0,31.0
2025-07-20,2,naive_carry,21.0,31.0
2025-07-20,2,seasonal_naive_7,15.5,31.0
2025-07-20,2,climatology,34.01811111111111,31.0
2025-07-20,2,gru,25.605905105564624,31.0
2025-07-20,3,naive,21.0,16.9
2025-07-20,3,naive_carry,21.0,16.9
2025-07-20,3,seasonal_naive_7,25.0,16.9
2025-07-20,3,climatology,39.56377777777778,16.9
2025-07-20,3,gru,24.398986793421063,16.9
2025-07-21,1,naive,30.9,31.0
2025-07-21,1,naive_carry,30.9,31.0
2025-07-21,1,seasonal_naive_7,15.5,31.0
2025-07-21,1,climatology,34.01811111111111,31.0
2025-07-21,1,gru,27.65553009182489,31.0
2025-07-21,2,naive,30.9,16.9
2025-07-21,2,naive_carry,30.9,16.9
2025-07-21,2,seasonal_naive_7,25.0,16.9
2025-07-21,2,climatology,39.56377777777778,16.9
2025-07-21,2,gru,28.4868407749724,16.9
2025-07-21,3,naive,30.9,28.3
2025-07-21,3,naive_carry,30.9,28.3
2025-07-21,3,seasonal_naive_7,18.8,28.3
2025-07-21,3,climatology,36.91544444444444,28.3
2025-07-21,3,gru,26.065540229491912,28.3
2025-07-22,1,naive,31.0,16.9
2025-07-22,1,naive_carry,31.0,16.9
2025-07-22,1,seasonal_naive_7,25.0,16.9
2025-07-22,1,climatology,39.56377777777778,16.9
2025-07-22,1,gru,29.798977429296986,16.9
2025-07-22,2,naive,31.0,28.3
2025-07-22,2,naive_carry,31.0,28.3
2025-07-22,2,seasonal_naive_7,18.8,28.3
2025-07-22,2,climatology,36.91544444444444,28.3
2025-07-22,2,gru,28.719551002769723,28.3
2025-07-22,3,naive,31.0,33.0
2025-07-22,3,naive_carry,31.0,33.0
2025-07-22,3,seasonal_naive_7,22.2,33.0
2025-07-22,3,climatology,36.85544444444445,33.0
2025-07-22,3,gru,26.2404844537149,33.0
2025-07-23,1,naive,16.9,28.3
2025-07-23,1,naive_carry,16.9,28.3
2025-07-23,1,seasonal_naive_7,18.8,28.3
2025-07-23,1,climatology,36.91544444444444,28.3
2025-07-23,1,gru,21.06380002618114,28.3
2025-07-23,2,naive,16.9,33.0
2025-07-23,2,naive_carry,16.9,33.0
2025-07-23,2,seasonal_naive_7,22.2,33.0
2025-07-23,2,climatology,36.85544444444445,33.0
2025-07-23,2,gru,22.66842892007179,33.0
2025-07-23,3,naive,16.9,22.9
2025-07-23,3,naive_carry,16.9,22.9
2025-07-23,3,seasonal_naive_7,18.0,22.9
2025-07-23,3,climatology,37.35677777777778,22.9
2025-07-23,3,gru,20.87464546902619,22.9
2025-07-24,1,naive,28.3,33.0
2025-07-24,1,naive_carry,28.3,33.0
2025-07-24,1,seasonal_naive_7,22.2,33.0
2025-07-24,1,climatology,36.85544444444445,33.0
2025-07-24,1,gru,22.084735396577507,33.0
2025-07-24,2,naive,28.3,22.9
2025-07-24,2,naive_carry,28.3,22.9
2025-07-24,2,seasonal_naive_7,18.0,22.9
2025-07-24,2,climatology,37.35677777777778,22.9
2025-07-24,2,gru,23.232115758089375,22.9
2025-07-24,3,naive,28.3,24.4
2025-07-24,3,naive_carry,28.3,24.4
2025-07-24,3,seasonal_naive_7,21.0,24.4
2025-07-24,3,climatology,37.358555555555554,24.4
2025-07-24,3,gru,23.71065953131164,24.4
2025-07-25,1,naive,33.0,22.9
2025-07-25,1,naive_carry,33.0,22.9
2025-07-25,1,seasonal_naive_7,18.0,22.9
2025-07-25,1,climatology,37.35677777777778,22.9
2025-07-25,1,gru,29.73091527484101,22.9
2025-07-25,2,naive,33.0,24.4
2025-07-25,2,naive_carry,33.0,24.4
2025-07-25,2,seasonal_naive_7,21.0,24.4
2025-07-25,2,climatology,37.358555555555554,24.4
2025-07-25,2,gru,27.172468883609113,24.4
2025-07-25,3,naive,33.0,32.1
2025-07-25,3,naive_carry,33.0,32.1
2025-07-25,3,seasonal_naive_7,30.9,32.1
2025-07-25,3,climatology,38.23077777777778,32.1
2025-07-25,3,gru,26.706987719815455,32.1
2025-07-26,1,naive,22.9,24.4
2025-07-26,1,naive_carry,22.9,24.4
2025-07-26,1,seasonal_naive_7,21.0,24.4
2025-07-26,1,climatology,37.358555555555554,24.4
2025-07-26,1,gru,31.719654196226863,24.4
2025-07-26,2,naive,22.9,32.1
2025-07-26,2,naive_carry,22.9,32.1
2025-07-26,2,seasonal_naive_7,30.9,32.1
2025-07-26,2,climatology,38.23077777777778,32.1
2025-07-26,2,gru,25.07385981616759,32.1
2025-07-26,3,naive,22.9,17.8
2025-07-26,3,naive_carry,22.9,17.8
2025-07-26,3,seasonal_naive_7,31.0,17.8
2025-07-26,3,climatology,38.338111111111104,17.8
2025-07-26,3,gru,21.930884652424826,17.8
2025-07-27,1,naive,24.4,32.1
2025-07-27,1,naive_carry,24.4,32.1
2025-07-27,1,seasonal_naive_7,30.9,32.1
2025-07-27,1,climatology,38.23077777777778,32.1
2025-07-27,1,gru,21.303950662284976,32.1
2025-07-27,2,naive,24.4,17.8
2025-07-27,2,naive_carry,24.4,17.8
2025-07-27,2,seasonal_naive_7,31.0,17.8
2025-07-27,2,climatology,38.338111111111104,17.8
2025-07-27,2,gru,22.416471518803544,17.8
2025-07-27,3,naive,24.4,18.9
2025-07-27,3,naive_carry,24.4,18.9
2025-07-27,3,seasonal_naive_7,16.9,18.9
2025-07-27,3,climatology,38.83877777777778,18.9
2025-07-27,3,gru,20.34398973535928,18.9
2025-07-28,1,naive,32.1,17.8
2025-07-28,1,naive_carry,32.1,17.8
2025-07-28,1,seasonal_naive_7,31.0,17.8
2025-07-28,1,climatology,38.338111111111104,17.8
2025-07-28,1,gru,30.50772012181333,17.8
2025-07-28,2,naive,32.1,18.9
2025-07-28,2,naive_carry,32.1,18.9
2025-07-28,2,seasonal_naive_7,16.9,18.9
2025-07-28,2,climatology,38.83877777777778,18.9
2025-07-28,2,gru,24.62082260610875,18.9
2025-07-28,3,naive,32.1,15.0
2025-07-28,3,naive_carry,32.1,15.0
2025-07-28,3,seasonal_naive_7,28.3,15.0
2025-07-28,3,climatology,38.80291111111111,15.0
2025-07-28,3,gru,22.569369438388623,15.0
2025-07-29,1,naive,17.8,18.9
2025-07-29,1,naive_carry,17.8,18.9
2025-07-29,1,seasonal_naive_7,16.9,18.9
2025-07-29,1,climatology,38.83877777777778,18.9
2025-07-29,1,gru,20.585840121152156,18.9
2025-07-29,2,naive,17.8,15.0
2025-07-29,2,naive_carry,17.8,15.0
2025-07-29,2,seasonal_naive_7,28.3,15.0
2025-07-29,2,climatology,38.80291111111111,15.0
2025-07-29,2,gru,22.971766651276173,15.0
2025-07-29,3,naive,17.8,16.2
2025-07-29,3,naive_carry,17.8,16.2
2025-07-29,3,seasonal_naive_7,33.0,16.2
2025-07-29,3,climatology,38.13091111111111,16.2
2025-07-29,3,gru,20.795022417903244,16.2
2025-07-30,1,naive,18.9,15.0
2025-07-30,1,naive_carry,18.9,15.0
2025-07-30,1,seasonal_naive_7,28.3,15.0
2025-07-30,1,climatology,38.80291111111111,15.0
2025-07-30,1,gru,19.55091782652545,15.0
2025-07-30,2,naive,18.9,16.2
2025-07-30,2,naive_carry,18.9,16.2
2025-07-30,2,seasonal_naive_7,33.0,16.2
2025-07-30,2,climatology,38.13091111111111,16.2
2025-07-30,2,gru,21.77123596963679,16.2
2025-07-30,3,naive,18.9,22.8
2025-07-30,3,naive_carry,18.9,22.8
2025-07-30,3,seasonal_naive_7,22.9,22.8
2025-07-30,3,climatology,38.40757777777778,22.8
2025-07-30,3,gru,20.346211860491525,22.8
2025-07-31,1,naive,15.0,16.2
2025-07-31,1,naive_carry,15.0,16.2
2025-07-31,1,seasonal_naive_7,33.0,16.2
2025-07-31,1,climatology,38.13091111111111,16.2
2025-07-31,1,gru,18.335222686420522,16.2
2025-07-31,2,naive,15.0,22.8
2025-07-31,2,naive_carry,15.0,22.8
2025-07-31,2,seasonal_naive_7,22.9,22.8
2025-07-31,2,climatology,38.40757777777778,22.8
2025-07-31,2,gru,22.154252053827275,22.8
2025-07-31,3,naive,15.0,24.9
2025-07-31,3,naive_carry,15.0,24.9
2025-07-31,3,seasonal_naive_7,24.4,24.9
2025-07-31,3,climatology,38.09557777777778,24.9
2025-07-31,3,gru,20.635556593829115,24.9
2025-08-01,1,naive,16.2,22.8
2025-08-01,1,naive_carry,16.2,22.8
2025-08-01,1,seasonal_naive_7,22.9,22.8
2025-08-01,1,climatology,38.40757777777778,22.8
2025-08-01,1,gru,17.36488954818644,22.8
2025-08-01,2,naive,16.2,24.9
2025-08-01,2,naive_carry,16.2,24.9
2025-08-01,2,seasonal_naive_7,24.4,24.9
2025-08-01,2,climatology,38.09557777777778,24.9
2025-08-01,2,gru,21.682726361543313,24.9
2025-08-01,3,naive,16.2,25.5
2025-08-01,3,naive_carry,16.2,25.5
2025-08-01,3,seasonal_naive_7,32.1,25.5
2025-08-01,3,climatology,37.79224444444445,25.5
2025-08-01,3,gru,20.24715071755184,25.5
2025-08-02,1,naive,22.8,24.9
2025-08-02,1,naive_carry,22.8,24.9
2025-08-02,1,seasonal_naive_7,24.4,24.9
2025-08-02,1,climatology,38.09557777777778,24.9
2025-08-02,1,gru,18.4984343420251,24.9
2025-08-02,2,naive,22.8,25.5
2025-08-02,2,naive_carry,22.8,25.5
2025-08-02,2,seasonal_naive_7,32.1,25.5
2025-08-02,2,climatology,37.79224444444445,25.5
2025-08-02,2,gru,23.78050866491764,25.5
2025-08-02,3,naive,22.8,23.5
2025-08-02,3,naive_carry,22.8,23.5
2025-08-02,3,seasonal_naive_7,17.8,23.5
2025-08-02,3,climatology,36.36924444444445,23.5
2025-08-02,3,gru,24.868275201679527,23.5
2025-08-03,1,naive,24.9,25.5
2025-08-03,1,naive_carry,24.9,25.5
2025-08-03,1,seasonal_naive_7,32.1,25.5
2025-08-03,1,climatology,37.79224444444445,25.5
2025-08-03,1,gru,25.753885534504406,25.5
2025-08-03,2,naive,24.9,23.5
2025-08-03,2,naive_carry,24.9,23.5
2025-08-03,2,seasonal_naive_7,17.8,23.5
2025-08-03,2,climatology,36.36924444444445,23.5
2025-08-03,2,gru,27.011807463375817,23.5
2025-08-03,3,naive,24.9,27.3
2025-08-03,3,naive_carry,24.9,27.3
2025-08-03,3,seasonal_naive_7,18.9,27.3
2025-08-03,3,climatology,36.37491111111111,27.3
2025-08-03,3,gru,27.631088989604336,27.3
2025-08-04,1,naive,25.5,23.5
2025-08-04,1,naive_carry,25.5,23.5
2025-08-04,1,seasonal_naive_7,17.8,23.5
2025-08-04,1,climatology,36.36924444444445,23.5
2025-08-04,1,gru,27.677726689231672,23.5
2025-08-04,2,naive,25.5,27.3
2025-08-04,2,naive_carry,25.5,27.3
2025-08-04,2,seasonal_naive_7,18.9,27.3
2025-08-04,2,climatology,36.37491111111111,27.3
2025-08-04,2,gru,28.156072144874873,27.3
2025-08-04,3,naive,25.5,22.7
2025-08-04,3,naive_carry,25.5,22.7
2025-08-04,3,seasonal_naive_7,15.0,22.7
2025-08-04,3,climatology,30.364355555555555,22.7
2025-08-04,3,gru,27.258093108567824,22.7
2025-08-05,1,naive,23.5,27.3
2025-08-05,1,naive_carry,23.5,27.3
2025-08-05,1,seasonal_naive_7,18.9,27.3
2025-08-05,1,climatology,36.37491111111111,27.3
2025-08-05,1,gru,24.46444735042755,27.3
2025-08-05,2,naive,23.5,22.7
2025-08-05,2,naive_carry,23.5,22.7
2025-08-05,2,seasonal_naive_7,15.0,22.7
2025-08-05,2,climatology,30.364355555555555,22.7
2025-08-05,2,gru,27.859754485564885,22.7
2025-08-05,3,naive,23.5,24.8
2025-08-05,3,naive_carry,23.5,24.8
2025-08-05,3,seasonal_naive_7,16.2,24.8
2025-08-05,3,climatology,30.433244444444444,24.8
2025-08-05,3,gru,26.785044028168628,24.8
2025-08-06,1,naive,27.3,22.7
2025-08-06,1,naive_carry,27.3,22.7
2025-08-06,1,seasonal_naive_7,15.0,22.7
2025-08-06,1,climatology,30.364355555555555,22.7
2025-08-06,1,gru,29.32905760425444,22.7
2025-08-06,2,naive,27.3,24.8
2025-08-06,2,naive_carry,27.3,24.8
2025-08-06,2,seasonal_naive_7,16.2,24.8
2025-08-06,2,climatology,30.433244444444444,24.8
2025-08-06,2,gru,28.154918247075074,24.8
2025-08-06,3,naive,27.3,17.8
2025-08-06,3,naive_carry,27.3,17.8
2025-08-06,3,seasonal_naive_7,22.8,17.8
2025-08-06,3,climatology,30.21591111111111,17.8
2025-08-06,3,gru,25.7875157918566,17.8
2025-08-07,1,naive,22.7,24.8
2025-08-07,1,naive_carry,22.7,24.8
2025-08-07,1,seasonal_naive_7,16.2,24.8
2025-08-07,1,climatology,30.433244444444444,24.8
2025-08-07,1,gru,19.94215921679447,24.8
2025-08-07,2,naive,22.7,17.8
2025-08-07,2,naive_carry,22.7,17.8
2025-08-07,2,seasonal_naive_7,22.8,17.8
2025-08-07,2,climatology,30.21591111111111,17.8
2025-08-07,2,gru,25.66932107785855,17.8
2025-08-07,3,naive,22.7,29.4
2025-08-07,3,naive_carry,22.7,29.4
2025-08-07,3,seasonal_naive_7,24.9,29.4
2025-08-07,3,climatology,29.119111111111113,29.4
2025-08-07,3,gru,25.78281517962452,29.4
2025-08-08,1,naive,24.8,17.8
2025-08-08,1,naive_carry,24.8,17.8
2025-08-08,1,seasonal_naive_7,22.8,17.8
2025-08-08,1,climatology,30.21591111111111,17.8
2025-08-08,1,gru,27.25625268410029,17.8
2025-08-08,2,naive,24.8,29.4
2025-08-08,2,naive_carry,24.8,29.4
2025-08-08,2,seasonal_naive_7,24.9,29.4
2025-08-08,2,climatology,29.119111111111113,29.4
2025-08-08,2,gru,27.522837071282964,29.4
2025-08-08,3,naive,24.8,27.1
2025-08-08,3,naive_carry,24.8,27.1
2025-08-08,3,seasonal_naive_7,25.5,27.1
2025-08-08,3,climatology,28.145777777777777,27.1
2025-08-08,3,gru,26.29604357869985,27.1
2025-08-09,1,naive,17.8,29.4
2025-08-09,1,naive_carry,17.8,29.4
2025-08-09,1,seasonal_naive_7,24.9,29.4
2025-08-09,1,climatology,29.119111111111113,29.4
2025-08-09,1,gru,27.362666285890057,29.4
2025-08-09,2,naive,17.8,27.1
2025-08-09,2,naive_carry,17.8,27.1
2025-08-09,2,seasonal_naive_7,25.5,27.1
2025-08-09,2,climatology,28.145777777777777,27.1
2025-08-09,2,gru,28.077805945735903,27.1
2025-08-09,3,naive,17.8,28.5
2025-08-09,3,naive_carry,17.8,28.5
2025-08-09,3,seasonal_naive_7,23.5,28.5
2025-08-09,3,climatology,27.35177777777778,28.5
2025-08-09,3,gru,24.982743609815778,28.5
2025-08-10,1,naive,29.4,27.1
2025-08-10,1,naive_carry,29.4,27.1
2025-08-10,1,seasonal_naive_7,25.5,27.1
2025-08-10,1,climatology,28.145777777777777,27.1
2025-08-10,1,gru,26.09081702913657,27.1
2025-08-10,2,naive,29.4,28.5
2025-08-10,2,naive_carry,29.4,28.5
2025-08-10,2,seasonal_naive_7,23.5,28.5
2025-08-10,2,climatology,27.35177777777778,28.5
2025-08-10,2,gru,26.810205858537913,28.5
2025-08-10,3,naive,29.4,31.5
2025-08-10,3,naive_carry,29.4,31.5
2025-08-10,3,seasonal_naive_7,27.3,31.5
2025-08-10,3,climatology,27.96977777777778,31.5
2025-08-10,3,gru,22.643114676743686,31.5
2025-08-11,1,naive,27.1,28.5
2025-08-11,1,naive_carry,27.1,28.5
2025-08-11,1,seasonal_naive_7,23.5,28.5
2025-08-11,1,climatology,27.35177777777778,28.5
2025-08-11,1,gru,23.16506413854607,28.5
2025-08-11,2,naive,27.1,31.5
2025-08-11,2,naive_carry,27.1,31.5
2025-08-11,2,seasonal_naive_7,27.3,31.5
2025-08-11,2,climatology,27.96977777777778,31.5
2025-08-11,2,gru,23.96708950121432,31.5
2025-08-11,3,naive,27.1,17.8
2025-08-11,3,naive_carry,27.1,17.8
2025-08-11,3,seasonal_naive_7,22.7,17.8
2025-08-11,3,climatology,27.223111111111113,17.8
2025-08-11,3,gru,23.24204335937431,17.8
2025-08-12,1,naive,28.5,31.5
2025-08-12,1,naive_carry,28.5,31.5
2025-08-12,1,seasonal_naive_7,27.3,31.5
2025-08-12,1,climatology,27.96977777777778,31.5
2025-08-12,1,gru,28.11006201925762,31.5
2025-08-12,2,naive,28.5,17.8
2025-08-12,2,naive_carry,28.5,17.8
2025-08-12,2,seasonal_naive_7,22.7,17.8
2025-08-12,2,climatology,27.223111111111113,17.8
2025-08-12,2,gru,27.46202120751158,17.8
2025-08-12,3,naive,28.5,41.4
2025-08-12,3,naive_carry,28.5,41.4
2025-08-12,3,seasonal_naive_7,24.8,41.4
2025-08-12,3,climatology,27.22664444444445,41.4
2025-08-12,3,gru,24.925286742134947,41.4
2025-08-13,1,naive,31.5,17.8
2025-08-13,1,naive_carry,31.5,17.8
2025-08-13,1,seasonal_naive_7,22.7,17.8
2025-08-13,1,climatology,27.223111111111113,17.8
2025-08-13,1,gru,27.523233854686065,17.8
2025-08-13,2,naive,31.5,41.4
2025-08-13,2,naive_carry,31.5,41.4
2025-08-13,2,seasonal_naive_7,24.8,41.4
2025-08-13,2,climatology,27.22664444444445,41.4
2025-08-13,2,gru,25.67043205767679,41.4
2025-08-13,3,naive,31.5,41.7
2025-08-13,3,naive_carry,31.5,41.7
2025-08-13,3,seasonal_naive_7,17.8,41.7
2025-08-13,3,climatology,27.79108888888889,41.7
2025-08-13,3,gru,23.711587286113545,41.7
2025-08-14,1,naive,17.8,41.4
2025-08-14,1,naive_carry,17.8,41.4
2025-08-14,1,seasonal_naive_7,24.8,41.4
2025-08-14,1,climatology,27.22664444444445,41.4
2025-08-14,1,gru,25.055947726258246,41.4
2025-08-14,2,naive,17.8,41.7
2025-08-14,2,naive_carry,17.8,41.7
2025-08-14,2,seasonal_naive_7,17.8,41.7
2025-08-14,2,climatology,27.79108888888889,41.7
2025-08-14,2,gru,25.95484948066554,41.7
2025-08-14,3,naive,17.8,29.4
2025-08-14,3,naive_carry,17.8,29.4
2025-08-14,3,seasonal_naive_7,29.4,29.4
2025-08-14,3,climatology,28.588866666666668,29.4
2025-08-14,3,gru,22.89017197182606,29.4
2025-08-15,1,naive,41.4,41.7
2025-08-15,1,naive_carry,41.4,41.7
2025-08-15,1,seasonal_naive_7,17.8,41.7
2025-08-15,1,climatology,27.79108888888889,41.7
2025-08-15,1,gru,33.75680613157139,41.7
2025-08-15,2,naive,41.4,29.4
2025-08-15,2,naive_carry,41.4,29.4
2025-08-15,2,seasonal_naive_7,29.4,29.4
2025-08-15,2,climatology,28.588866666666668,29.4
2025-08-15,2,gru,29.681156434896746,29.4
2025-08-15,3,naive,41.4,29.5
2025-08-15,3,naive_carry,41.4,29.5
2025-08-15,3,seasonal_naive_7,27.1,29.5
2025-08-15,3,climatology,28.7892,29.5
2025-08-15,3,gru,25.68102744502016,29.5
2025-08-16,1,naive,41.7,29.4
2025-08-16,1,naive_carry,41.7,29.4
2025-08-16,1,seasonal_naive_7,29.4,29.4
2025-08-16,1,climatology,28.588866666666668,29.4
2025-08-16,1,gru,32.71892954441851,29.4
2025-08-16,2,naive,41.7,29.5
2025-08-16,2,naive_carry,41.7,29.5
2025-08-16,2,seasonal_naive_7,27.1,29.5
2025-08-16,2,climatology,28.7892,29.5
2025-08-16,2,gru,28.168846022590156,29.5
2025-08-16,3,naive,41.7,24.9
2025-08-16,3,naive_carry,41.7,24.9
2025-08-16,3,seasonal_naive_7,28.5,24.9
2025-08-16,3,climatology,31.350311111111115,24.9
2025-08-16,3,gru,25.908263559775342,24.9
2025-08-17,1,naive,29.4,29.5
2025-08-17,1,naive_carry,29.4,29.5
2025-08-17,1,seasonal_naive_7,27.1,29.5
2025-08-17,1,climatology,28.7892,29.5
2025-08-17,1,gru,27.798076145294413,29.5
2025-08-17,2,naive,29.4,24.9
2025-08-17,2,naive_carry,29.4,24.9
2025-08-17,2,seasonal_naive_7,28.5,24.9
2025-08-17,2,climatology,31.350311111111115,24.9
2025-08-17,2,gru,26.8684390727649,24.9
2025-08-17,3,naive,29.4,20.0
2025-08-17,3,naive_carry,29.4,20.0
2025-08-17,3,seasonal_naive_7,31.5,20.0
2025-08-17,3,climatology,32.138311111111115,20.0
2025-08-17,3,gru,23.717968499957326,20.0
2025-08-18,1,naive,29.5,24.9
2025-08-18,1,naive_carry,29.5,24.9
2025-08-18,1,seasonal_naive_7,28.5,24.9
2025-08-18,1,climatology,31.350311111111115,24.9
2025-08-18,1,gru,26.507044310349663,24.9
2025-08-18,2,naive,29.5,20.0
2025-08-18,2,naive_carry,29.5,20.0
2025-08-18,2,seasonal_naive_7,31.5,20.0
2025-08-18,2,climatology,32.138311111111115,20.0
2025-08-18,2,gru,26.222548189208453,20.0
2025-08-18,3,naive,29.5,24.1
2025-08-18,3,naive_carry,29.5,24.1
2025-08-18,3,seasonal_naive_7,17.8,24.1
2025-08-18,3,climatology,32.644977777777775,24.1
2025-08-18,3,gru,23.2202407148971,24.1
2025-08-19,1,naive,24.9,20.0
2025-08-19,1,naive_carry,24.9,20.0
2025-08-19,1,seasonal_naive_7,31.5,20.0
2025-08-19,1,climatology,32.138311111111115,20.0
2025-08-19,1,gru,27.2718728693533,20.0
2025-08-19,2,naive,24.9,24.1
2025-08-19,2,naive_carry,24.9,24.1
2025-08-19,2,seasonal_naive_7,17.8,24.1
2025-08-19,2,climatology,32.644977777777775,24.1
2025-08-19,2,gru,27.013068749437686,24.1
2025-08-19,3,naive,24.9,41.7
2025-08-19,3,naive_carry,24.9,41.7
2025-08-19,3,seasonal_naive_7,41.4,41.7
2025-08-19,3,climatology,33.0792,41.7
2025-08-19,3,gru,23.37972365160873,41.7
2025-08-20,1,naive,20.0,24.1
2025-08-20,1,naive_carry,20.0,24.1
2025-08-20,1,seasonal_naive_7,17.8,24.1
2025-08-20,1,climatology,32.644977777777775,24.1
2025-08-20,1,gru,18.807819558686422,24.1
2025-08-20,2,naive,20.0,41.7
2025-08-20,2,naive_carry,20.0,41.7
2025-08-20,2,seasonal_naive_7,41.4,41.7
2025-08-20,2,climatology,33.0792,41.7
2025-08-20,2,gru,24.102251812044056,41.7
2025-08-20,3,naive,20.0,25.7
2025-08-20,3,naive_carry,20.0,25.7
2025-08-20,3,seasonal_naive_7,41.7,25.7
2025-08-20,3,climatology,34.56197777777778,25.7
2025-08-20,3,gru,21.546492891967805,25.7
2025-08-21,1,naive,24.1,41.7
2025-08-21,1,naive_carry,24.1,41.7
2025-08-21,1,seasonal_naive_7,41.4,41.7
2025-08-21,1,climatology,33.0792,41.7
2025-08-21,1,gru,26.638956101479163,41.7
2025-08-21,2,naive,24.1,25.7
2025-08-21,2,naive_carry,24.1,25.7
2025-08-21,2,seasonal_naive_7,41.7,25.7
2025-08-21,2,climatology,34.56197777777778,25.7
2025-08-21,2,gru,26.854504909015212,25.7
2025-08-21,3,naive,24.1,21.8
2025-08-21,3,naive_carry,24.1,21.8
2025-08-21,3,seasonal_naive_7,29.4,21.8
2025-08-21,3,climatology,35.202644444444445,21.8
2025-08-21,3,gru,23.309114051474193,21.8
2025-08-22,1,naive,41.7,25.7
2025-08-22,1,naive_carry,41.7,25.7
2025-08-22,1,seasonal_naive_7,41.7,25.7
2025-08-22,1,climatology,34.56197777777778,25.7
2025-08-22,1,gru,37.793348624983345,25.7
2025-08-22,2,naive,41.7,21.8
2025-08-22,2,naive_carry,41.7,21.8
2025-08-22,2,seasonal_naive_7,29.4,21.8
2025-08-22,2,climatology,35.202644444444445,21.8
2025-08-22,2,gru,31.45788941046013,21.8
2025-08-22,3,naive,41.7,19.0
2025-08-22,3,naive_carry,41.7,19.0
2025-08-22,3,seasonal_naive_7,29.5,19.0
2025-08-22,3,climatology,37.30531111111111,19.0
2025-08-22,3,gru,26.44492749159053,19.0
2025-08-23,1,naive,25.7,21.8
2025-08-23,1,naive_carry,25.7,21.8
2025-08-23,1,seasonal_naive_7,29.4,21.8
2025-08-23,1,climatology,35.202644444444445,21.8
2025-08-23,1,gru,24.66863398631928,21.8
2025-08-23,2,naive,25.7,19.0
2025-08-23,2,naive_carry,25.7,19.0
2025-08-23,2,seasonal_naive_7,29.5,19.0
2025-08-23,2,climatology,37.30531111111111,19.0
2025-08-23,2,gru,26.53829168719919,19.0
2025-08-23,3,naive,25.7,11.7
2025-08-23,3,naive_carry,25.7,11.7
2025-08-23,3,seasonal_naive_7,24.9,11.7
2025-08-23,3,climatology,37.47253333333333,11.7
2025-08-23,3,gru,24.71690950643523,11.7
2025-08-24,1,naive,21.8,19.0
2025-08-24,1,naive_carry,21.8,19.0
2025-08-24,1,seasonal_naive_7,29.5,19.0
2025-08-24,1,climatology,37.30531111111111,19.0
2025-08-24,1,gru,23.080163358790504,19.0
2025-08-24,2,naive,21.8,11.7
2025-08-24,2,naive_carry,21.8,11.7
2025-08-24,2,seasonal_naive_7,24.9,11.7
2025-08-24,2,climatology,37.47253333333333,11.7
2025-08-24,2,gru,26.9478716376346,11.7
2025-08-24,3,naive,21.8,26.2
2025-08-24,3,naive_carry,21.8,26.2
2025-08-24,3,seasonal_naive_7,20.0,26.2
2025-08-24,3,climatology,46.15253333333333,26.2
2025-08-24,3,gru,23.149347550972287,26.2
2025-08-25,1,naive,19.0,11.7
2025-08-25,1,naive_carry,19.0,11.7
2025-08-25,1,seasonal_naive_7,24.9,11.7
2025-08-25,1,climatology,37.47253333333333,11.7
2025-08-25,1,gru,17.287779936633072,11.7
2025-08-25,2,naive,19.0,26.2
2025-08-25,2,naive_carry,19.0,26.2
2025-08-25,2,seasonal_naive_7,20.0,26.2
2025-08-25,2,climatology,46.15253333333333,26.2
2025-08-25,2,gru,26.562841803627766,26.2
2025-08-25,3,naive,19.0,44.9
2025-08-25,3,naive_carry,19.0,44.9
2025-08-25,3,seasonal_naive_7,24.1,44.9
2025-08-25,3,climatology,48.21253333333333,44.9
2025-08-25,3,gru,25.621416227697477,44.9
2025-08-26,1,naive,11.7,26.2
2025-08-26,1,naive_carry,11.7,26.2
2025-08-26,1,seasonal_naive_7,20.0,26.2
2025-08-26,1,climatology,46.15253333333333,26.2
2025-08-26,1,gru,16.011389872455382,26.2
2025-08-26,2,naive,11.7,44.9
2025-08-26,2,naive_carry,11.7,44.9
2025-08-26,2,seasonal_naive_7,24.1,44.9
2025-08-26,2,climatology,48.21253333333333,44.9
2025-08-26,2,gru,24.418666532805336,44.9
2025-08-26,3,naive,11.7,33.9
2025-08-26,3,naive_carry,11.7,33.9
2025-08-26,3,seasonal_naive_7,41.7,33.9
2025-08-26,3,climatology,60.47253333333333,33.9
2025-08-26,3,gru,22.711186188624904,33.9
2025-08-27,1,naive,26.2,44.9
2025-08-27,1,naive_carry,26.2,44.9
2025-08-27,1,seasonal_naive_7,24.1,44.9
2025-08-27,1,climatology,48.21253333333333,44.9
2025-08-27,1,gru,33.416780358569696,44.9
2025-08-27,2,naive,26.2,33.9
2025-08-27,2,naive_carry,26.2,33.9
2025-08-27,2,seasonal_naive_7,41.7,33.9
2025-08-27,2,climatology,60.47253333333333,33.9
2025-08-27,2,gru,31.86126580871222,33.9
2025-08-27,3,naive,26.2,22.7
2025-08-27,3,naive_carry,26.2,22.7
2025-08-27,3,seasonal_naive_7,25.7,22.7
2025-08-27,3,climatology,60.38353333333334,22.7
2025-08-27,3,gru,26.838365984573176,22.7
2025-08-28,1,naive,44.9,33.9
2025-08-28,1,naive_carry,44.9,33.9
2025-08-28,1,seasonal_naive_7,41.7,33.9
2025-08-28,1,climatology,60.47253333333333,33.9
2025-08-28,1,gru,35.41119645109655,33.9
2025-08-28,2,naive,44.9,22.7
2025-08-28,2,naive_carry,44.9,22.7
2025-08-28,2,seasonal_naive_7,25.7,22.7
2025-08-28,2,climatology,60.38353333333334,22.7
2025-08-28,2,gru,34.36059225400032,22.7
2025-08-28,3,naive,44.9,20.1
2025-08-28,3,naive_carry,44.9,20.1
2025-08-28,3,seasonal_naive_7,21.8,20.1
2025-08-28,3,climatology,60.27131111111111,20.1
2025-08-28,3,gru,28.214959377565297,20.1
2025-08-29,1,naive,33.9,22.7
2025-08-29,1,naive_carry,33.9,22.7
2025-08-29,1,seasonal_naive_7,25.7,22.7
2025-08-29,1,climatology,60.38353333333334,22.7
2025-08-29,1,gru,28.43515987492927,22.7
2025-08-29,2,naive,33.9,20.1
2025-08-29,2,naive_carry,33.9,20.1
2025-08-29,2,seasonal_naive_7,21.8,20.1
2025-08-29,2,climatology,60.27131111111111,20.1
2025-08-29,2,gru,30.270943595752946,20.1
2025-08-29,3,naive,33.9,9.13
2025-08-29,3,naive_carry,33.9,9.13
2025-08-29,3,seasonal_naive_7,19.0,9.13
2025-08-29,3,climatology,59.93353333333334,9.13
2025-08-29,3,gru,28.566893862833414,9.13
2025-08-30,1,naive,22.7,20.1
2025-08-30,1,naive_carry,22.7,20.1
2025-08-30,1,seasonal_naive_7,21.8,20.1
2025-08-30,1,climatology,60.27131111111111,20.1
2025-08-30,1,gru,25.750636755486205,20.1
2025-08-30,2,naive,22.7,9.13
2025-08-30,2,naive_carry,22.7,9.13
2025-08-30,2,seasonal_naive_7,19.0,9.13
2025-08-30,2,climatology,59.93353333333334,9.13
2025-08-30,2,gru,27.640114414537855,9.13
2025-08-30,3,naive,22.7,9.29
2025-08-30,3,naive_carry,22.7,9.29
2025-08-30,3,seasonal_naive_7,11.7,9.29
2025-08-30,3,climatology,60.54742222222222,9.29
2025-08-30,3,gru,24.725935731249386,9.29
2025-08-31,1,naive,20.1,9.13
2025-08-31,1,naive_carry,20.1,9.13
2025-08-31,1,seasonal_naive_7,19.0,9.13
2025-08-31,1,climatology,59.93353333333334,9.13
2025-08-31,1,gru,22.018181616431892,9.13
2025-08-31,2,naive,20.1,9.29
2025-08-31,2,naive_carry,20.1,9.29
2025-08-31,2,seasonal_naive_7,11.7,9.29
2025-08-31,2,climatology,60.54742222222222,9.29
2025-08-31,2,gru,28.684007923272688,9.29
2025-08-31,3,naive,20.1,15.1
2025-08-31,3,naive_carry,20.1,15.1
2025-08-31,3,seasonal_naive_7,26.2,15.1
2025-08-31,3,climatology,59.766311111111115,15.1
2025-08-31,3,gru,25.553548606003883,15.1
2025-09-01,1,naive,9.13,9.29
2025-09-01,1,naive_carry,9.13,9.29
2025-09-01,1,seasonal_naive_7,11.7,9.29
2025-09-01,1,climatology,60.54742222222222,9.29
2025-09-01,1,gru,12.63668319553554,9.29
2025-09-01,2,naive,9.13,15.1
2025-09-01,2,naive_carry,9.13,15.1
2025-09-01,2,seasonal_naive_7,26.2,15.1
2025-09-01,2,climatology,59.766311111111115,15.1
2025-09-01,2,gru,22.632641787806897,15.1
2025-09-01,3,naive,9.13,19.0
2025-09-01,3,naive_carry,9.13,19.0
2025-09-01,3,seasonal_naive_7,44.9,19.0
2025-09-01,3,climatology,62.53164444444444,19.0
2025-09-01,3,gru,20.843043087683586,19.0
2025-09-02,1,naive,9.29,15.1
2025-09-02,1,naive_carry,9.29,15.1
2025-09-02,1,seasonal_naive_7,26.2,15.1
2025-09-02,1,climatology,59.766311111111115,15.1
2025-09-02,1,gru,13.97595694743213,15.1
2025-09-02,2,naive,9.29,19.0
2025-09-02,2,naive_carry,9.29,19.0
2025-09-02,2,seasonal_naive_7,44.9,19.0
2025-09-02,2,climatology,62.53164444444444,19.0
2025-09-02,2,gru,25.719889340940366,19.0
2025-09-02,3,naive,9.29,22.0
2025-09-02,3,naive_carry,9.29,22.0
2025-09-02,3,seasonal_naive_7,33.9,22.0
2025-09-02,3,climatology,63.71264444444444,22.0
2025-09-02,3,gru,21.85515601060088,22.0
2025-09-03,1,naive,15.1,19.0
2025-09-03,1,naive_carry,15.1,19.0
2025-09-03,1,seasonal_naive_7,44.9,19.0
2025-09-03,1,climatology,62.53164444444444,19.0
2025-09-03,1,gru,20.90303279910468,19.0
2025-09-03,2,naive,15.1,22.0
2025-09-03,2,naive_carry,15.1,22.0
2025-09-03,2,seasonal_naive_7,33.9,22.0
2025-09-03,2,climatology,63.71264444444444,22.0
2025-09-03,2,gru,31.39316302013617,22.0
2025-09-03,3,naive,15.1,25.5
2025-09-03,3,naive_carry,15.1,25.5
2025-09-03,3,seasonal_naive_7,22.7,25.5
2025-09-03,3,climatology,63.77397777777777,25.5
2025-09-03,3,gru,25.34048422391566,25.5
2025-09-04,1,naive,19.0,22.0
2025-09-04,1,naive_carry,19.0,22.0
2025-09-04,1,seasonal_naive_7,33.9,22.0
2025-09-04,1,climatology,63.71264444444444,22.0
2025-09-04,1,gru,25.107120476485036,22.0
2025-09-04,2,naive,19.0,25.5
2025-09-04,2,naive_carry,19.0,25.5
2025-09-04,2,seasonal_naive_7,22.7,25.5
2025-09-04,2,climatology,63.77397777777777,25.5
2025-09-04,2,gru,31.01004537487077,25.5
2025-09-04,3,naive,19.0,24.1
2025-09-04,3,naive_carry,19.0,24.1
2025-09-04,3,seasonal_naive_7,20.1,24.1
2025-09-04,3,climatology,63.81564444444444,24.1
2025-09-04,3,gru,23.703880285567774,24.1
2025-09-05,1,naive,22.0,25.5
2025-09-05,1,naive_carry,22.0,25.5
2025-09-05,1,seasonal_naive_7,22.7,25.5
2025-09-05,1,climatology,63.77397777777777,25.5
2025-09-05,1,gru,21.136567510749135,25.5
2025-09-05,2,naive,22.0,24.1
2025-09-05,2,naive_carry,22.0,24.1
2025-09-05,2,seasonal_naive_7,20.1,24.1
2025-09-05,2,climatology,63.81564444444444,24.1
2025-09-05,2,gru,28.072107156383094,24.1
2025-09-05,3,naive,22.0,18.6
2025-09-05,3,naive_carry,22.0,18.6
2025-09-05,3,seasonal_naive_7,9.13,18.6
2025-09-05,3,climatology,63.77564444444444,18.6
2025-09-05,3,gru,23.386516899073946,18.6
2025-09-06,1,naive,25.5,24.1
2025-09-06,1,naive_carry,25.5,24.1
2025-09-06,1,seasonal_naive_7,20.1,24.1
2025-09-06,1,climatology,63.81564444444444,24.1
2025-09-06,1,gru,23.318670499021906,24.1
2025-09-06,2,naive,25.5,18.6
2025-09-06,2,naive_carry,25.5,18.6
2025-09-06,2,seasonal_naive_7,9.13,18.6
2025-09-06,2,climatology,63.77564444444444,18.6
2025-09-06,2,gru,27.129549613185215,18.6
2025-09-06,3,naive,25.5,19.6
2025-09-06,3,naive_carry,25.5,19.6
2025-09-06,3,seasonal_naive_7,9.29,19.6
2025-09-06,3,climatology,62.641222222222225,19.6
2025-09-06,3,gru,25.403904946246538,19.6
2025-09-07,1,naive,24.1,18.6
2025-09-07,1,naive_carry,24.1,18.6
2025-09-07,1,seasonal_naive_7,9.13,18.6
2025-09-07,1,climatology,63.77564444444444,18.6
2025-09-07,1,gru,27.992264046623884,18.6
2025-09-07,2,naive,24.1,19.6
2025-09-07,2,naive_carry,24.1,19.6
2025-09-07,2,seasonal_naive_7,9.29,19.6
2025-09-07,2,climatology,62.641222222222225,19.6
2025-09-07,2,gru,28.180198191059347,19.6
2025-09-07,3,naive,24.1,19.4
2025-09-07,3,naive_carry,24.1,19.4
2025-09-07,3,seasonal_naive_7,15.1,19.4
2025-09-07,3,climatology,63.531777777777776,19.4
2025-09-07,3,gru,25.07001864746652,19.4
2025-09-08,1,naive,18.6,19.6
2025-09-08,1,naive_carry,18.6,19.6
2025-09-08,1,seasonal_naive_7,9.29,19.6
2025-09-08,1,climatology,62.641222222222225,19.6
2025-09-08,1,gru,23.836557610842373,19.6
2025-09-08,2,naive,18.6,19.4
2025-09-08,2,naive_carry,18.6,19.4
2025-09-08,2,seasonal_naive_7,15.1,19.4
2025-09-08,2,climatology,63.531777777777776,19.4
2025-09-08,2,gru,25.017498969512786,19.4
2025-09-08,3,naive,18.6,21.6
2025-09-08,3,naive_carry,18.6,21.6
2025-09-08,3,seasonal_naive_7,19.0,21.6
2025-09-08,3,climatology,55.44111111111111,21.6
2025-09-08,3,gru,21.38811980153027,21.6
2025-09-09,1,naive,19.6,19.4
2025-09-09,1,naive_carry,19.6,19.4
2025-09-09,1,seasonal_naive_7,15.1,19.4
2025-09-09,1,climatology,63.531777777777776,19.4
2025-09-09,1,gru,19.818226221522607,19.4
2025-09-09,2,naive,19.6,21.6
2025-09-09,2,naive_carry,19.6,21.6
2025-09-09,2,seasonal_naive_7,19.0,21.6
2025-09-09,2,climatology,55.44111111111111,21.6
2025-09-09,2,gru,22.830505643824374,21.6
2025-09-09,3,naive,19.6,21.8
2025-09-09,3,naive_carry,19.6,21.8
2025-09-09,3,seasonal_naive_7,22.0,21.8
2025-09-09,3,climatology,53.121111111111105,21.8
2025-09-09,3,gru,21.45947214984632,21.8
2025-09-10,1,naive,19.4,21.6
2025-09-10,1,naive_carry,19.4,21.6
2025-09-10,1,seasonal_naive_7,19.0,21.6
2025-09-10,1,climatology,55.44111111111111,21.6
2025-09-10,1,gru,15.171852536541346,21.6
2025-09-10,2,naive,19.4,21.8
2025-09-10,2,naive_carry,19.4,21.8
2025-09-10,2,seasonal_naive_7,22.0,21.8
2025-09-10,2,climatology,53.121111111111105,21.8
2025-09-10,2,gru,21.672242021302424,21.8
2025-09-10,3,naive,19.4,21.6
2025-09-10,3,naive_carry,19.4,21.6
2025-09-10,3,seasonal_naive_7,25.5,21.6
2025-09-10,3,climatology,42.986111111111114,21.6
2025-09-10,3,gru,25.657454892149243,21.6
2025-09-11,1,naive,21.6,21.8
2025-09-11,1,naive_carry,21.6,21.8
2025-09-11,1,seasonal_naive_7,22.0,21.8
2025-09-11,1,climatology,53.121111111111105,21.8
2025-09-11,1,gru,21.494172560731347,21.8
2025-09-11,2,naive,21.6,21.6
2025-09-11,2,naive_carry,21.6,21.6
2025-09-11,2,seasonal_naive_7,25.5,21.6
2025-09-11,2,climatology,42.986111111111114,21.6
2025-09-11,2,gru,28.56204737771833,21.6
2025-09-11,3,naive,21.6,29.0
2025-09-11,3,naive_carry,21.6,29.0
2025-09-11,3,seasonal_naive_7,24.1,29.0
2025-09-11,3,climatology,44.73544444444444,29.0
2025-09-11,3,gru,31.098558635368146,29.0
2025-09-12,1,naive,21.8,21.6
2025-09-12,1,naive_carry,21.8,21.6
2025-09-12,1,seasonal_naive_7,25.5,21.6
2025-09-12,1,climatology,42.986111111111114,21.6
2025-09-12,1,gru,32.16511821197324,21.6
2025-09-12,2,naive,21.8,29.0
2025-09-12,2,naive_carry,21.8,29.0
2025-09-12,2,seasonal_naive_7,24.1,29.0
2025-09-12,2,climatology,44.73544444444444,29.0
2025-09-12,2,gru,33.66686863249793,29.0
2025-09-12,3,naive,21.8,26.0
2025-09-12,3,naive_carry,21.8,26.0
2025-09-12,3,seasonal_naive_7,18.6,26.0
2025-09-12,3,climatology,44.75411111111111,26.0
2025-09-12,3,gru,30.651484908347776,26.0
2025-09-13,1,naive,21.6,29.0
2025-09-13,1,naive_carry,21.6,29.0
2025-09-13,1,seasonal_naive_7,24.1,29.0
2025-09-13,1,climatology,44.73544444444444,29.0
2025-09-13,1,gru,30.934251097067232,29.0
2025-09-13,2,naive,21.6,26.0
2025-09-13,2,naive_carry,21.6,26.0
2025-09-13,2,seasonal_naive_7,18.6,26.0
2025-09-13,2,climatology,44.75411111111111,26.0
2025-09-13,2,gru,31.870700699843397,26.0
2025-09-13,3,naive,21.6,31.3
2025-09-13,3,naive_carry,21.6,31.3
2025-09-13,3,seasonal_naive_7,19.6,31.3
2025-09-13,3,climatology,43.81555555555555,31.3
2025-09-13,3,gru,27.026422256698677,31.3
2025-09-14,1,naive,29.0,26.0
2025-09-14,1,naive_carry,29.0,26.0
2025-09-14,1,seasonal_naive_7,18.6,26.0
2025-09-14,1,climatology,44.75411111111111,26.0
2025-09-14,1,gru,34.605138198177045,26.0
2025-09-14,2,naive,29.0,31.3
2025-09-14,2,naive_carry,29.0,31.3
2025-09-14,2,seasonal_naive_7,19.6,31.3
2025-09-14,2,climatology,43.81555555555555,31.3
2025-09-14,2,gru,33.30529908847217,31.3
2025-09-14,3,naive,29.0,42.0
2025-09-14,3,naive_carry,29.0,42.0
2025-09-14,3,seasonal_naive_7,19.4,42.0
2025-09-14,3,climatology,42.88166666666667,42.0
2025-09-14,3,gru,27.274519646072594,42.0
2025-09-15,1,naive,26.0,31.3
2025-09-15,1,naive_carry,26.0,31.3
2025-09-15,1,seasonal_naive_7,19.6,31.3
2025-09-15,1,climatology,43.81555555555555,31.3
2025-09-15,1,gru,27.434708239224673,31.3
2025-09-15,2,naive,26.0,42.0
2025-09-15,2,naive_carry,26.0,42.0
2025-09-15,2,seasonal_naive_7,19.4,42.0
2025-09-15,2,climatology,42.88166666666667,42.0
2025-09-15,2,gru,28.531179295762357,42.0
2025-09-15,3,naive,26.0,43.6
2025-09-15,3,naive_carry,26.0,43.6
2025-09-15,3,seasonal_naive_7,21.6,43.6
2025-09-15,3,climatology,41.751666666666665,43.6
2025-09-15,3,gru,25.87719892268473,43.6
2025-09-16,1,naive,31.3,42.0
2025-09-16,1,naive_carry,31.3,42.0
2025-09-16,1,seasonal_naive_7,19.4,42.0
2025-09-16,1,climatology,42.88166666666667,42.0
2025-09-16,1,gru,36.54425249674012,42.0
2025-09-16,2,naive,31.3,43.6
2025-09-16,2,naive_carry,31.3,43.6
2025-09-16,2,seasonal_naive_7,21.6,43.6
2025-09-16,2,climatology,41.751666666666665,43.6
2025-09-16,2,gru,33.11977719737926,43.6
2025-09-16,3,naive,31.3,42.8
2025-09-16,3,naive_carry,31.3,42.8
2025-09-16,3,seasonal_naive_7,21.8,42.8
2025-09-16,3,climatology,39.64522222222222,42.8
2025-09-16,3,gru,27.88085074842652,42.8
2025-09-17,1,naive,42.0,43.6
2025-09-17,1,naive_carry,42.0,43.6
2025-09-17,1,seasonal_naive_7,21.6,43.6
2025-09-17,1,climatology,41.751666666666665,43.6
2025-09-17,1,gru,40.998826576838404,43.6
2025-09-17,2,naive,42.0,42.8
2025-09-17,2,naive_carry,42.0,42.8
2025-09-17,2,seasonal_naive_7,21.8,42.8
2025-09-17,2,climatology,39.64522222222222,42.8
2025-09-17,2,gru,36.1146109954562,42.8
2025-09-17,3,naive,42.0,34.7
2025-09-17,3,naive_carry,42.0,34.7
2025-09-17,3,seasonal_naive_7,21.6,34.7
2025-09-17,3,climatology,39.65022222222222,34.7
2025-09-17,3,gru,30.88669410456169,34.7
2025-09-18,1,naive,43.6,42.8
2025-09-18,1,naive_carry,43.6,42.8
2025-09-18,1,seasonal_naive_7,21.8,42.8
2025-09-18,1,climatology,39.64522222222222,42.8
2025-09-18,1,gru,40.76351607322279,42.8
2025-09-18,2,naive,43.6,34.7
2025-09-18,2,naive_carry,43.6,34.7
2025-09-18,2,seasonal_naive_7,21.6,34.7
2025-09-18,2,climatology,39.65022222222222,34.7
2025-09-18,2,gru,38.001144970820775,34.7
2025-09-18,3,naive,43.6,32.7
2025-09-18,3,naive_carry,43.6,32.7
2025-09-18,3,seasonal_naive_7,29.0,32.7
2025-09-18,3,climatology,40.61466666666667,32.7
2025-09-18,3,gru,33.81155374352116,32.7
2025-09-19,1,naive,42.8,34.7
2025-09-19,1,naive_carry,42.8,34.7
2025-09-19,1,seasonal_naive_7,21.6,34.7
2025-09-19,1,climatology,39.65022222222222,34.7
2025-09-19,1,gru,41.67650840688141,34.7
2025-09-19,2,naive,42.8,32.7
2025-09-19,2,naive_carry,42.8,32.7
2025-09-19,2,seasonal_naive_7,29.0,32.7
2025-09-19,2,climatology,40.61466666666667,32.7
2025-09-19,2,gru,37.95140050504869,32.7
2025-09-19,3,naive,42.8,32.0
2025-09-19,3,naive_carry,42.8,32.0
2025-09-19,3,seasonal_naive_7,26.0,32.0
2025-09-19,3,climatology,42.01133333333334,32.0
2025-09-19,3,gru,33.91671275261395,32.0
2025-09-20,1,naive,34.7,32.7
2025-09-20,1,naive_carry,34.7,32.7
2025-09-20,1,seasonal_naive_7,29.0,32.7
2025-09-20,1,climatology,40.61466666666667,32.7
2025-09-20,1,gru,29.900830347798195,32.7
2025-09-20,2,naive,34.7,32.0
2025-09-20,2,naive_carry,34.7,32.0
2025-09-20,2,seasonal_naive_7,26.0,32.0
2025-09-20,2,climatology,42.01133333333334,32.0
2025-09-20,2,gru,32.87279723966265,32.0
2025-09-20,3,naive,34.7,28.0
2025-09-20,3,naive_carry,34.7,28.0
2025-09-20,3,seasonal_naive_7,31.3,28.0
2025-09-20,3,climatology,43.37688888888889,28.0
2025-09-20,3,gru,33.798008632079785,28.0
2025-09-21,1,naive,32.7,32.0
2025-09-21,1,naive_carry,32.7,32.0
2025-09-21,1,seasonal_naive_7,26.0,32.0
2025-09-21,1,climatology,42.01133333333334,32.0
2025-09-21,1,gru,30.97428247208987,32.0
2025-09-21,2,naive,32.7,28.0
2025-09-21,2,naive_carry,32.7,28.0
2025-09-21,2,seasonal_naive_7,31.3,28.0
2025-09-21,2,climatology,43.37688888888889,28.0
2025-09-21,2,gru,35.720546640517405,28.0
2025-09-21,3,naive,32.7,27.4
2025-09-21,3,naive_carry,32.7,27.4
2025-09-21,3,seasonal_naive_7,42.0,27.4
2025-09-21,3,climatology,44.78322222222222,27.4
2025-09-21,3,gru,37.42425672805636,27.4
2025-09-22,1,naive,32.0,28.0
2025-09-22,1,naive_carry,32.0,28.0
2025-09-22,1,seasonal_naive_7,31.3,28.0
2025-09-22,1,climatology,43.37688888888889,28.0
2025-09-22,1,gru,32.49681410186848,28.0
2025-09-22,2,naive,32.0,27.4
2025-09-22,2,naive_carry,32.0,27.4
2025-09-22,2,seasonal_naive_7,42.0,27.4
2025-09-22,2,climatology,44.78322222222222,27.4
2025-09-22,2,gru,38.2712890237532,27.4
2025-09-22,3,naive,32.0,28.1
2025-09-22,3,naive_carry,32.0,28.1
2025-09-22,3,seasonal_naive_7,43.6,28.1
2025-09-22,3,climatology,46.12877777777778,28.1
2025-09-22,3,gru,39.69829344006344,28.1
2025-09-23,1,naive,28.0,27.4
2025-09-23,1,naive_carry,28.0,27.4
2025-09-23,1,seasonal_naive_7,42.0,27.4
2025-09-23,1,climatology,44.78322222222222,27.4
2025-09-23,1,gru,30.856418310241082,27.4
2025-09-23,2,naive,28.0,28.1
2025-09-23,2,naive_carry,28.0,28.1
2025-09-23,2,seasonal_naive_7,43.6,28.1
2025-09-23,2,climatology,46.12877777777778,28.1
2025-09-23,2,gru,38.511855429294855,28.1
2025-09-23,3,naive,28.0,30.1
2025-09-23,3,naive_carry,28.0,30.1
2025-09-23,3,seasonal_naive_7,42.8,30.1
2025-09-23,3,climatology,47.26233333333333,30.1
2025-09-23,3,gru,39.68451739283848,30.1
2025-09-24,1,naive,27.4,28.1
2025-09-24,1,naive_carry,27.4,28.1
2025-09-24,1,seasonal_naive_7,43.6,28.1
2025-09-24,1,climatology,46.12877777777778,28.1
2025-09-24,1,gru,33.988505275638424,28.1
2025-09-24,2,naive,27.4,30.1
2025-09-24,2,naive_carry,27.4,30.1
2025-09-24,2,seasonal_naive_7,42.8,30.1
2025-09-24,2,climatology,47.26233333333333,30.1
2025-09-24,2,gru,40.83125993072272,30.1
2025-09-24,3,naive,27.4,58.3
2025-09-24,3,naive_carry,27.4,58.3
2025-09-24,3,seasonal_naive_7,34.7,58.3
2025-09-24,3,climatology,48.44322222222222,58.3
2025-09-24,3,gru,40.69711802682179,58.3
2025-09-25,1,naive,28.1,30.1
2025-09-25,1,naive_carry,28.1,30.1
2025-09-25,1,seasonal_naive_7,42.8,30.1
2025-09-25,1,climatology,47.26233333333333,30.1
2025-09-25,1,gru,37.721512627175294,30.1
2025-09-25,2,naive,28.1,58.3
2025-09-25,2,naive_carry,28.1,58.3
2025-09-25,2,seasonal_naive_7,34.7,58.3
2025-09-25,2,climatology,48.44322222222222,58.3
2025-09-25,2,gru,41.96909741380439,58.3
2025-09-25,3,naive,28.1,29.1
2025-09-25,3,naive_carry,28.1,29.1
2025-09-25,3,seasonal_naive_7,32.7,29.1
2025-09-25,3,climatology,48.54688888888889,29.1
2025-09-25,3,gru,40.364284179333346,29.1
2025-09-26,1,naive,30.1,58.3
2025-09-26,1,naive_carry,30.1,58.3
2025-09-26,1,seasonal_naive_7,34.7,58.3
2025-09-26,1,climatology,48.44322222222222,58.3
2025-09-26,1,gru,40.0161567987931,58.3
2025-09-26,2,naive,30.1,29.1
2025-09-26,2,naive_carry,30.1,29.1
2025-09-26,2,seasonal_naive_7,32.7,29.1
2025-09-26,2,climatology,48.54688888888889,29.1
2025-09-26,2,gru,42.07705415416262,29.1
2025-09-26,3,naive,30.1,34.6
2025-09-26,3,naive_carry,30.1,34.6
2025-09-26,3,seasonal_naive_7,32.0,34.6
2025-09-26,3,climatology,48.67222222222222,34.6
2025-09-26,3,gru,39.27834509139833,34.6
2025-09-27,1,naive,58.3,29.1
2025-09-27,1,naive_carry,58.3,29.1
2025-09-27,1,seasonal_naive_7,32.7,29.1
2025-09-27,1,climatology,48.54688888888889,29.1
2025-09-27,1,gru,66.77982669703779,29.1
2025-09-27,2,naive,58.3,34.6
2025-09-27,2,naive_carry,58.3,34.6
2025-09-27,2,seasonal_naive_7,32.0,34.6
2025-09-27,2,climatology,48.67222222222222,34.6
2025-09-27,2,gru,55.73165793358945,34.6
2025-09-27,3,naive,58.3,33.7
2025-09-27,3,naive_carry,58.3,33.7
2025-09-27,3,seasonal_naive_7,28.0,33.7
2025-09-27,3,climatology,50.20577777777778,33.7
2025-09-27,3,gru,46.08404485049349,33.7
2025-09-28,1,naive,29.1,34.6
2025-09-28,1,naive_carry,29.1,34.6
2025-09-28,1,seasonal_naive_7,32.0,34.6
2025-09-28,1,climatology,48.67222222222222,34.6
2025-09-28,1,gru,34.73555044963863,34.6
2025-09-28,2,naive,29.1,33.7
2025-09-28,2,naive_carry,29.1,33.7
2025-09-28,2,seasonal_naive_7,28.0,33.7
2025-09-28,2,climatology,50.20577777777778,33.7
2025-09-28,2,gru,34.58985328477903,33.7
2025-09-28,3,naive,29.1,40.6
2025-09-28,3,naive_carry,29.1,40.6
2025-09-28,3,seasonal_naive_7,27.4,40.6
2025-09-28,3,climatology,53.208222222222226,40.6
2025-09-28,3,gru,33.08702501284877,40.6
2025-09-29,1,naive,34.6,33.7
2025-09-29,1,naive_carry,34.6,33.7
2025-09-29,1,seasonal_naive_7,28.0,33.7
2025-09-29,1,climatology,50.20577777777778,33.7
2025-09-29,1,gru,40.957908395489255,33.7
2025-09-29,2,naive,34.6,40.6
2025-09-29,2,naive_carry,34.6,40.6
2025-09-29,2,seasonal_naive_7,27.4,40.6
2025-09-29,2,climatology,53.208222222222226,40.6
2025-09-29,2,gru,38.73421468502558,40.6
2025-09-29,3,naive,34.6,37.2
2025-09-29,3,naive_carry,34.6,37.2
2025-09-29,3,seasonal_naive_7,28.1,37.2
2025-09-29,3,climatology,57.230222222222224,37.2
2025-09-29,3,gru,36.10671327284605,37.2
2025-09-30,1,naive,33.7,40.6
2025-09-30,1,naive_carry,33.7,40.6
2025-09-30,1,seasonal_naive_7,27.4,40.6
2025-09-30,1,climatology,53.208222222222226,40.6
2025-09-30,1,gru,37.804908269856156,40.6
2025-09-30,2,naive,33.7,37.2
2025-09-30,2,naive_carry,33.7,37.2
2025-09-30,2,seasonal_naive_7,28.1,37.2
2025-09-30,2,climatology,57.230222222222224,37.2
2025-09-30,2,gru,40.16592153456597,37.2
2025-09-30,3,naive,33.7,26.6
2025-09-30,3,naive_carry,33.7,26.6
2025-09-30,3,seasonal_naive_7,30.1,26.6
2025-09-30,3,climatology,59.41555555555556,26.6
2025-09-30,3,gru,39.6891855669651,26.6
2025-10-01,1,naive,40.6,37.2
2025-10-01,1,naive_carry,40.6,37.2
2025-10-01,1,seasonal_naive_7,28.1,37.2
2025-10-01,1,climatology,57.230222222222224,37.2
2025-10-01,1,gru,43.08469331872713,37.2
2025-10-01,2,naive,40.6,26.6
2025-10-01,2,naive_carry,40.6,26.6
2025-10-01,2,seasonal_naive_7,30.1,26.6
2025-10-01,2,climatology,59.41555555555556,26.6
2025-10-01,2,gru,45.54426234989489,26.6
2025-10-01,3,naive,40.6,57.9
2025-10-01,3,naive_carry,40.6,57.9
2025-10-01,3,seasonal_naive_7,58.3,57.9
2025-10-01,3,climatology,61.333333333333336,57.9
2025-10-01,3,gru,44.4680510744439,57.9
2025-10-02,1,naive,37.2,26.6
2025-10-02,1,naive_carry,37.2,26.6
2025-10-02,1,seasonal_naive_7,30.1,26.6
2025-10-02,1,climatology,59.41555555555556,26.6
2025-10-02,1,gru,42.0073554637786,26.6
2025-10-02,2,naive,37.2,57.9
2025-10-02,2,naive_carry,37.2,57.9
2025-10-02,2,seasonal_naive_7,58.3,57.9
2025-10-02,2,climatology,61.333333333333336,57.9
2025-10-02,2,gru,45.215685757491286,57.9
2025-10-02,3,naive,37.2,57.0
2025-10-02,3,naive_carry,37.2,57.0
2025-10-02,3,seasonal_naive_7,29.1,57.0
2025-10-02,3,climatology,63.592666666666666,57.0
2025-10-02,3,gru,43.24868710760842,57.0
2025-10-03,1,naive,26.6,57.9
2025-10-03,1,naive_carry,26.6,57.9
2025-10-03,1,seasonal_naive_7,58.3,57.9
2025-10-03,1,climatology,61.333333333333336,57.9
2025-10-03,1,gru,35.311845354531336,57.9
2025-10-03,2,naive,26.6,57.0
2025-10-03,2,naive_carry,26.6,57.0
2025-10-03,2,seasonal_naive_7,29.1,57.0
2025-10-03,2,climatology,63.592666666666666,57.0
2025-10-03,2,gru,40.15258191991077,57.0
2025-10-03,3,naive,26.6,23.9
2025-10-03,3,naive_carry,26.6,23.9
2025-10-03,3,seasonal_naive_7,34.6,23.9
2025-10-03,3,climatology,66.37088888888889,23.9
2025-10-03,3,gru,37.994819046772925,23.9
2025-10-04,1,naive,57.9,57.0
2025-10-04,1,naive_carry,57.9,57.0
2025-10-04,1,seasonal_naive_7,29.1,57.0
2025-10-04,1,climatology,63.592666666666666,57.0
2025-10-04,1,gru,54.48808178925575,57.0
2025-10-04,2,naive,57.9,23.9
2025-10-04,2,naive_carry,57.9,23.9
2025-10-04,2,seasonal_naive_7,34.6,23.9
2025-10-04,2,climatology,66.37088888888889,23.9
2025-10-04,2,gru,52.591020229083014,23.9
2025-10-04,3,naive,57.9,19.5
2025-10-04,3,naive_carry,57.9,19.5
2025-10-04,3,seasonal_naive_7,33.7,19.5
2025-10-04,3,climatology,67.24755555555555,19.5
2025-10-04,3,gru,50.37714292399293,19.5
2025-10-05,1,naive,57.0,23.9
2025-10-05,1,naive_carry,57.0,23.9
2025-10-05,1,seasonal_naive_7,34.6,23.9
2025-10-05,1,climatology,66.37088888888889,23.9
2025-10-05,1,gru,51.276809022863276,23.9
2025-10-05,2,naive,57.0,19.5
2025-10-05,2,naive_carry,57.0,19.5
2025-10-05,2,seasonal_naive_7,33.7,19.5
2025-10-05,2,climatology,67.24755555555555,19.5
2025-10-05,2,gru,53.49099170594115,19.5
2025-10-05,3,naive,57.0,36.9
2025-10-05,3,naive_carry,57.0,36.9
2025-10-05,3,seasonal_naive_7,40.6,36.9
2025-10-05,3,climatology,70.202,36.9
2025-10-05,3,gru,52.276824227142775,36.9
2025-10-06,1,naive,23.9,19.5
2025-10-06,1,naive_carry,23.9,19.5
2025-10-06,1,seasonal_naive_7,33.7,19.5
2025-10-06,1,climatology,67.24755555555555,19.5
2025-10-06,1,gru,32.48590551211908,19.5
2025-10-06,2,naive,23.9,36.9
2025-10-06,2,naive_carry,23.9,36.9
2025-10-06,2,seasonal_naive_7,40.6,36.9
2025-10-06,2,climatology,70.202,36.9
2025-10-06,2,gru,43.08526752767937,36.9
2025-10-06,3,naive,23.9,43.2
2025-10-06,3,naive_carry,23.9,43.2
2025-10-06,3,seasonal_naive_7,37.2,43.2
2025-10-06,3,climatology,80.80866666666665,43.2
2025-10-06,3,gru,43.930133198872845,43.2
2025-10-07,1,naive,19.5,36.9
2025-10-07,1,naive_carry,19.5,36.9
2025-10-07,1,seasonal_naive_7,40.6,36.9
2025-10-07,1,climatology,70.202,36.9
2025-10-07,1,gru,30.02079873875224,36.9
2025-10-07,2,naive,19.5,43.2
2025-10-07,2,naive_carry,19.5,43.2
2025-10-07,2,seasonal_naive_7,37.2,43.2
2025-10-07,2,climatology,80.80866666666665,43.2
2025-10-07,2,gru,41.62399243405506,43.2
2025-10-07,3,naive,19.5,65.2
2025-10-07,3,naive_carry,19.5,65.2
2025-10-07,3,seasonal_naive_7,26.6,65.2
2025-10-07,3,climatology,83.93977777777779,65.2
2025-10-07,3,gru,43.49858934049823,65.2
2025-10-08,1,naive,36.9,43.2
2025-10-08,1,naive_carry,36.9,43.2
2025-10-08,1,seasonal_naive_7,37.2,43.2
2025-10-08,1,climatology,80.80866666666665,43.2
2025-10-08,1,gru,44.76589427347487,43.2
2025-10-08,2,naive,36.9,65.2
2025-10-08,2,naive_carry,36.9,65.2
2025-10-08,2,seasonal_naive_7,26.6,65.2
2025-10-08,2,climatology,83.93977777777779,65.2
2025-10-08,2,gru,57.49278712029018,65.2
2025-10-08,3,naive,36.9,68.8
2025-10-08,3,naive_carry,36.9,68.8
2025-10-08,3,seasonal_naive_7,57.9,68.8
2025-10-08,3,climatology,86.32199999999999,68.8
2025-10-08,3,gru,59.183302849862194,68.8
2025-10-09,1,naive,43.2,65.2
2025-10-09,1,naive_carry,43.2,65.2
2025-10-09,1,seasonal_naive_7,26.6,65.2
2025-10-09,1,climatology,83.93977777777779,65.2
2025-10-09,1,gru,45.990118440715506,65.2
2025-10-09,2,naive,43.2,68.8
2025-10-09,2,naive_carry,43.2,68.8
2025-10-09,2,seasonal_naive_7,57.9,68.8
2025-10-09,2,climatology,86.32199999999999,68.8
2025-10-09,2,gru,56.82865886079932,68.8
2025-10-09,3,naive,43.2,63.9
2025-10-09,3,naive_carry,43.2,63.9
2025-10-09,3,seasonal_naive_7,57.0,63.9
2025-10-09,3,climatology,88.69977777777778,63.9
2025-10-09,3,gru,55.77587054261134,63.9
2025-10-10,1,naive,65.2,68.8
2025-10-10,1,naive_carry,65.2,68.8
2025-10-10,1,seasonal_naive_7,57.9,68.8
2025-10-10,1,climatology,86.32199999999999,68.8
2025-10-10,1,gru,68.45541874214666,68.8
2025-10-10,2,naive,65.2,63.9
2025-10-10,2,naive_carry,65.2,63.9
2025-10-10,2,seasonal_naive_7,57.0,63.9
2025-10-10,2,climatology,88.69977777777778,63.9
2025-10-10,2,gru,71.12995303693226,63.9
2025-10-10,3,naive,65.2,72.3
2025-10-10,3,naive_carry,65.2,72.3
2025-10-10,3,seasonal_naive_7,23.9,72.3
2025-10-10,3,climatology,91.33977777777775,72.3
2025-10-10,3,gru,60.77232543373591,72.3
2025-10-11,1,naive,68.8,63.9
2025-10-11,1,naive_carry,68.8,63.9
2025-10-11,1,seasonal_naive_7,57.0,63.9
2025-10-11,1,climatology,88.69977777777778,63.9
2025-10-11,1,gru,65.52290051152382,63.9
2025-10-11,2,naive,68.8,72.3
2025-10-11,2,naive_carry,68.8,72.3
2025-10-11,2,seasonal_naive_7,23.9,72.3
2025-10-11,2,climatology,91.33977777777775,72.3
2025-10-11,2,gru,69.68399815302456,72.3
2025-10-11,3,naive,68.8,74.6
2025-10-11,3,naive_carry,68.8,74.6
2025-10-11,3,seasonal_naive_7,19.5,74.6
2025-10-11,3,climatology,95.41133333333332,74.6
2025-10-11,3,gru,60.22996988187965,74.6
2025-10-12,1,naive,63.9,72.3
2025-10-12,1,naive_carry,63.9,72.3
2025-10-12,1,seasonal_naive_7,23.9,72.3
2025-10-12,1,climatology,91.33977777777775,72.3
2025-10-12,1,gru,63.2877849360482,72.3
2025-10-12,2,naive,63.9,74.6
2025-10-12,2,naive_carry,63.9,74.6
2025-10-12,2,seasonal_naive_7,19.5,74.6
2025-10-12,2,climatology,95.41133333333332,74.6
2025-10-12,2,gru,68.1676206034962,74.6
2025-10-12,3,naive,63.9,76.2
2025-10-12,3,naive_carry,63.9,76.2
2025-10-12,3,seasonal_naive_7,36.9,76.2
2025-10-12,3,climatology,98.20355555555555,76.2
2025-10-12,3,gru,63.084070365208284,76.2
2025-10-13,1,naive,72.3,74.6
2025-10-13,1,naive_carry,72.3,74.6
2025-10-13,1,seasonal_naive_7,19.5,74.6
2025-10-13,1,climatology,95.41133333333332,74.6
2025-10-13,1,gru,80.40593786320137,74.6
2025-10-13,2,naive,72.3,76.2
2025-10-13,2,naive_carry,72.3,76.2
2025-10-13,2,seasonal_naive_7,36.9,76.2
2025-10-13,2,climatology,98.20355555555555,76.2
2025-10-13,2,gru,79.03032569384197,76.2
2025-10-13,3,naive,72.3,88.6
2025-10-13,3,naive_carry,72.3,88.6
2025-10-13,3,seasonal_naive_7,43.2,88.6
2025-10-13,3,climatology,100.56744444444443,88.6
2025-10-13,3,gru,72.41273647115196,88.6
2025-10-14,1,naive,74.6,76.2
2025-10-14,1,naive_carry,74.6,76.2
2025-10-14,1,seasonal_naive_7,36.9,76.2
2025-10-14,1,climatology,98.20355555555555,76.2
2025-10-14,1,gru,77.87388800790586,76.2
2025-10-14,2,naive,74.6,88.6
2025-10-14,2,naive_carry,74.6,88.6
2025-10-14,2,seasonal_naive_7,43.2,88.6
2025-10-14,2,climatology,100.56744444444443,88.6
2025-10-14,2,gru,80.40174394319719,88.6
2025-10-14,3,naive,74.6,101.0
2025-10-14,3,naive_carry,74.6,101.0
2025-10-14,3,seasonal_naive_7,65.2,101.0
2025-10-14,3,climatology,104.06377777777776,101.0
2025-10-14,3,gru,75.76044156737801,101.0
2025-10-15,1,naive,76.2,88.6
2025-10-15,1,naive_carry,76.2,88.6
2025-10-15,1,seasonal_naive_7,43.2,88.6
2025-10-15,1,climatology,100.56744444444443,88.6
2025-10-15,1,gru,79.74480659416213,88.6
2025-10-15,2,naive,76.2,101.0
2025-10-15,2,naive_carry,76.2,101.0
2025-10-15,2,seasonal_naive_7,65.2,101.0
2025-10-15,2,climatology,104.06377777777776,101.0
2025-10-15,2,gru,82.99749079622156,101.0
2025-10-15,3,naive,76.2,111.0
2025-10-15,3,naive_carry,76.2,111.0
2025-10-15,3,seasonal_naive_7,68.8,111.0
2025-10-15,3,climatology,111.00344444444444,111.0
2025-10-15,3,gru,81.39190293837726,111.0
2025-10-16,1,naive,88.6,101.0
2025-10-16,1,naive_carry,88.6,101.0
2025-10-16,1,seasonal_naive_7,65.2,101.0
2025-10-16,1,climatology,104.06377777777776,101.0
2025-10-16,1,gru,91.28097193013541,101.0
2025-10-16,2,naive,88.6,111.0
2025-10-16,2,naive_carry,88.6,111.0
2025-10-16,2,seasonal_naive_7,68.8,111.0
2025-10-16,2,climatology,111.00344444444444,111.0
2025-10-16,2,gru,92.24899943582847,111.0
2025-10-16,3,naive,88.6,129.0
2025-10-16,3,naive_carry,88.6,129.0
2025-10-16,3,seasonal_naive_7,63.9,129.0
2025-10-16,3,climatology,113.98811111111112,129.0
2025-10-16,3,gru,90.12521179945855,129.0
2025-10-17,1,naive,101.0,111.0
2025-10-17,1,naive_carry,101.0,111.0
2025-10-17,1,seasonal_naive_7,68.8,111.0
2025-10-17,1,climatology,111.00344444444444,111.0
2025-10-17,1,gru,102.23930124559249,111.0
2025-10-17,2,naive,101.0,129.0
2025-10-17,2,naive_carry,101.0,129.0
2025-10-17,2,seasonal_naive_7,63.9,129.0
2025-10-17,2,climatology,113.98811111111112,129.0
2025-10-17,2,gru,100.11224619194412,129.0
2025-10-17,3,naive,101.0,182.0
2025-10-17,3,naive_carry,101.0,182.0
2025-10-17,3,seasonal_naive_7,72.3,182.0
2025-10-17,3,climatology,119.42544444444444,182.0
2025-10-17,3,gru,95.96781184892711,182.0
2025-10-18,1,naive,111.0,129.0
2025-10-18,1,naive_carry,111.0,129.0
2025-10-18,1,seasonal_naive_7,63.9,129.0
2025-10-18,1,climatology,113.98811111111112,129.0
2025-10-18,1,gru,108.67273194186107,129.0
2025-10-18,2,naive,111.0,182.0
2025-10-18,2,naive_carry,111.0,182.0
2025-10-18,2,seasonal_naive_7,72.3,182.0
2025-10-18,2,climatology,119.42544444444444,182.0
2025-10-18,2,gru,105.22955699655947,182.0
2025-10-18,3,naive,111.0,129.0
2025-10-18,3,naive_carry,111.0,129.0
2025-10-18,3,seasonal_naive_7,74.6,129.0
2025-10-18,3,climatology,125.94944444444444,129.0
2025-10-18,3,gru,100.3345860155515,129.0
2025-10-19,1,naive,129.0,182.0
2025-10-19,1,naive_carry,129.0,182.0
2025-10-19,1,seasonal_naive_7,72.3,182.0
2025-10-19,1,climatology,119.42544444444444,182.0
2025-10-19,1,gru,122.44574128608733,182.0
2025-10-19,2,naive,129.0,129.0
2025-10-19,2,naive_carry,129.0,129.0
2025-10-19,2,seasonal_naive_7,74.6,129.0
2025-10-19,2,climatology,125.94944444444444,129.0
2025-10-19,2,gru,115.82311155520603,129.0
2025-10-19,3,naive,129.0,202.0
2025-10-19,3,naive_carry,129.0,202.0
2025-10-19,3,seasonal_naive_7,76.2,202.0
2025-10-19,3,climatology,134.3661111111111,202.0
2025-10-19,3,gru,110.38123360112589,202.0
2025-10-20,1,naive,182.0,129.0
2025-10-20,1,naive_carry,182.0,129.0
2025-10-20,1,seasonal_naive_7,74.6,129.0
2025-10-20,1,climatology,125.94944444444444,129.0
2025-10-20,1,gru,156.1535606681986,129.0
2025-10-20,2,naive,182.0,202.0
2025-10-20,2,naive_carry,182.0,202.0
2025-10-20,2,seasonal_naive_7,76.2,202.0
2025-10-20,2,climatology,134.3661111111111,202.0
2025-10-20,2,gru,137.2311535960307,202.0
2025-10-20,3,naive,182.0,123.0
2025-10-20,3,naive_carry,182.0,123.0
2025-10-20,3,seasonal_naive_7,88.6,123.0
2025-10-20,3,climatology,140.9961111111111,123.0
2025-10-20,3,gru,128.06732023462882,123.0
2025-10-21,1,naive,129.0,202.0
2025-10-21,1,naive_carry,129.0,202.0
2025-10-21,1,seasonal_naive_7,76.2,202.0
2025-10-21,1,climatology,134.3661111111111,202.0
2025-10-21,1,gru,127.58652399332517,202.0
2025-10-21,2,naive,129.0,123.0
2025-10-21,2,naive_carry,129.0,123.0
2025-10-21,2,seasonal_naive_7,88.6,123.0
2025-10-21,2,climatology,140.9961111111111,123.0
2025-10-21,2,gru,131.5565868346543,123.0
2025-10-21,3,naive,129.0,103.0
2025-10-21,3,naive_carry,129.0,103.0
2025-10-21,3,seasonal_naive_7,101.0,103.0
2025-10-21,3,climatology,140.78944444444446,103.0
2025-10-21,3,gru,132.72186476398107,103.0
2025-10-22,1,naive,202.0,123.0
2025-10-22,1,naive_carry,202.0,123.0
2025-10-22,1,seasonal_naive_7,88.6,123.0
2025-10-22,1,climatology,140.9961111111111,123.0
2025-10-22,1,gru,164.6443912286961,123.0
2025-10-22,2,naive,202.0,103.0
2025-10-22,2,naive_carry,202.0,103.0
2025-10-22,2,seasonal_naive_7,101.0,103.0
2025-10-22,2,climatology,140.78944444444446,103.0
2025-10-22,2,gru,151.02204056025266,103.0
2025-10-22,3,naive,202.0,118.0
2025-10-22,3,naive_carry,202.0,118.0
2025-10-22,3,seasonal_naive_7,111.0,118.0
2025-10-22,3,climatology,149.08166666666665,118.0
2025-10-22,3,gru,157.00341305824065,118.0
2025-10-23,1,naive,123.0,103.0
2025-10-23,1,naive_carry,123.0,103.0
2025-10-23,1,seasonal_naive_7,101.0,103.0
2025-10-23,1,climatology,140.78944444444446,103.0
2025-10-23,1,gru,124.95109557922227,103.0
2025-10-23,2,naive,123.0,118.0
2025-10-23,2,naive_carry,123.0,118.0
2025-10-23,2,seasonal_naive_7,111.0,118.0
2025-10-23,2,climatology,149.08166666666665,118.0
2025-10-23,2,gru,143.08472296985587,118.0
2025-10-23,3,naive,123.0,120.0
2025-10-23,3,naive_carry,123.0,120.0
2025-10-23,3,seasonal_naive_7,129.0,120.0
2025-10-23,3,climatology,157.12944444444443,120.0
2025-10-23,3,gru,155.14705123676026,120.0
2025-10-24,1,naive,103.0,118.0
2025-10-24,1,naive_carry,103.0,118.0
2025-10-24,1,seasonal_naive_7,111.0,118.0
2025-10-24,1,climatology,149.08166666666665,118.0
2025-10-24,1,gru,117.78436789507872,118.0
2025-10-24,2,naive,103.0,120.0
2025-10-24,2,naive_carry,103.0,120.0
2025-10-24,2,seasonal_naive_7,129.0,120.0
2025-10-24,2,climatology,157.12944444444443,120.0
2025-10-24,2,gru,141.28820900113712,120.0
2025-10-25,1,naive,118.0,120.0
2025-10-25,1,naive_carry,118.0,120.0
2025-10-25,1,seasonal_naive_7,129.0,120.0
2025-10-25,1,climatology,157.12944444444443,120.0
2025-10-25,1,gru,130.66832384950115,120.0
2025-10-26,3,naive,120.0,151.0
2025-10-26,3,naive_carry,120.0,151.0
2025-10-26,3,seasonal_naive_7,202.0,151.0
2025-10-26,3,climatology,185.96277777777777,151.0
2025-10-26,3,gru,153.72249511469568,151.0
2025-10-29,1,naive,151.0,187.0
2025-10-29,1,naive_carry,151.0,187.0
2025-10-29,1,seasonal_naive_7,123.0,187.0
2025-10-29,1,climatology,192.7505555555555,187.0
2025-10-29,1,gru,150.61517816520282,187.0
2025-10-29,2,naive,151.0,93.2
2025-10-29,2,naive_carry,151.0,93.2
2025-10-29,2,seasonal_naive_7,103.0,93.2
2025-10-29,2,climatology,202.96055555555552,93.2
2025-10-29,2,gru,168.74204532287033,93.2
2025-10-29,3,naive,151.0,213.0
2025-10-29,3,naive_carry,151.0,213.0
2025-10-29,3,seasonal_naive_7,118.0,213.0
2025-10-29,3,climatology,219.2761111111111,213.0
2025-10-29,3,gru,188.36996500780506,213.0
2025-10-30,1,naive,187.0,93.2
2025-10-30,1,naive_carry,187.0,93.2
2025-10-30,1,seasonal_naive_7,103.0,93.2
2025-10-30,1,climatology,202.96055555555552,93.2
2025-10-30,1,gru,168.84907805248494,93.2
2025-10-30,2,naive,187.0,213.0
2025-10-30,2,naive_carry,187.0,213.0
2025-10-30,2,seasonal_naive_7,118.0,213.0
2025-10-30,2,climatology,219.2761111111111,213.0
2025-10-30,2,gru,171.28958123355932,213.0
2025-10-30,3,naive,187.0,177.0
2025-10-30,3,naive_carry,187.0,177.0
2025-10-30,3,seasonal_naive_7,120.0,177.0
2025-10-30,3,climatology,227.6737777777778,177.0
2025-10-30,3,gru,166.03639914577474,177.0
2025-10-31,1,naive,93.2,213.0
2025-10-31,1,naive_carry,93.2,213.0
2025-10-31,1,seasonal_naive_7,118.0,213.0
2025-10-31,1,climatology,219.2761111111111,213.0
2025-10-31,1,gru,102.9002103224167,213.0
2025-10-31,2,naive,93.2,177.0
2025-10-31,2,naive_carry,93.2,177.0
2025-10-31,2,seasonal_naive_7,120.0,177.0
2025-10-31,2,climatology,227.6737777777778,177.0
2025-10-31,2,gru,131.61041113998303,177.0
2025-11-01,1,naive,213.0,177.0
2025-11-01,1,naive_carry,213.0,177.0
2025-11-01,1,seasonal_naive_7,120.0,177.0
2025-11-01,1,climatology,227.6737777777778,177.0
2025-11-01,1,gru,201.13049683846134,177.0
2025-11-02,3,naive,177.0,107.0
2025-11-02,3,naive_carry,177.0,107.0
2025-11-02,3,seasonal_naive_7,151.0,107.0
2025-11-02,3,climatology,255.74387301587305,107.0
2025-11-02,3,gru,166.9591706397887,107.0
2025-11-03,2,naive,124.0,107.0
2025-11-03,2,naive_carry,124.0,107.0
2025-11-03,2,seasonal_naive_7,151.0,107.0
2025-11-03,2,climatology,255.74387301587305,107.0
2025-11-03,2,gru,154.88942371839676,107.0
2025-11-03,3,naive,124.0,186.0
2025-11-03,3,naive_carry,124.0,186.0
2025-11-03,3,seasonal_naive_7,187.0,186.0
2025-11-03,3,climatology,260.2486349206349,186.0
2025-11-03,3,gru,171.9969686200022,186.0
2025-11-04,1,naive,99.2,107.0
2025-11-04,1,naive_carry,99.2,107.0
2025-11-04,1,seasonal_naive_7,151.0,107.0
2025-11-04,1,climatology,255.74387301587305,107.0
2025-11-04,1,gru,121.05472075354514,107.0
2025-11-04,2,naive,99.2,186.0
2025-11-04,2,naive_carry,99.2,186.0
2025-11-04,2,seasonal_naive_7,187.0,186.0
2025-11-04,2,climatology,260.2486349206349,186.0
2025-11-04,2,gru,149.42600255036203,186.0
2025-11-04,3,naive,99.2,215.0
2025-11-04,3,naive_carry,99.2,215.0
2025-11-04,3,seasonal_naive_7,93.2,215.0
2025-11-04,3,climatology,260.50863492063496,215.0
2025-11-04,3,gru,171.96363745408266,215.0
2025-11-05,1,naive,107.0,186.0
2025-11-05,1,naive_carry,107.0,186.0
2025-11-05,1,seasonal_naive_7,187.0,186.0
2025-11-05,1,climatology,260.2486349206349,186.0
2025-11-05,1,gru,122.14859772024792,186.0
2025-11-05,2,naive,107.0,215.0
2025-11-05,2,naive_carry,107.0,215.0
2025-11-05,2,seasonal_naive_7,93.2,215.0
2025-11-05,2,climatology,260.50863492063496,215.0
2025-11-05,2,gru,136.66657458328189,215.0
2025-11-05,3,naive,107.0,251.0
2025-11-05,3,naive_carry,107.0,251.0
2025-11-05,3,seasonal_naive_7,213.0,251.0
2025-11-05,3,climatology,261.3130793650794,251.0
2025-11-05,3,gru,158.1510097324799,251.0
2025-11-06,1,naive,186.0,215.0
2025-11-06,1,naive_carry,186.0,215.0
2025-11-06,1,seasonal_naive_7,93.2,215.0
2025-11-06,1,climatology,260.50863492063496,215.0
2025-11-06,1,gru,166.15070538412044,215.0
2025-11-06,2,naive,186.0,251.0
2025-11-06,2,naive_carry,186.0,251.0
2025-11-06,2,seasonal_naive_7,213.0,251.0
2025-11-06,2,climatology,261.3130793650794,251.0
2025-11-06,2,gru,158.72561345642876,251.0
2025-11-06,3,naive,186.0,213.0
2025-11-06,3,naive_carry,186.0,213.0
2025-11-06,3,seasonal_naive_7,177.0,213.0
2025-11-06,3,climatology,259.1305396825397,213.0
2025-11-06,3,gru,176.66537296984998,213.0
2025-11-07,1,naive,215.0,251.0
2025-11-07,1,naive_carry,215.0,251.0
2025-11-07,1,seasonal_naive_7,213.0,251.0
2025-11-07,1,climatology,261.3130793650794,251.0
2025-11-07,1,gru,190.907999502668,251.0
2025-11-07,2,naive,215.0,213.0
2025-11-07,2,naive_carry,215.0,213.0
2025-11-07,2,seasonal_naive_7,177.0,213.0
2025-11-07,2,climatology,259.1305396825397,213.0
2025-11-07,2,gru,197.2732522389576,213.0
2025-11-07,3,naive,215.0,279.0
2025-11-07,3,naive_carry,215.0,279.0
2025-11-07,3,seasonal_naive_7,124.0,279.0
2025-11-07,3,climatology,255.0645079365079,279.0
2025-11-07,3,gru,203.28467820698853,279.0
2025-11-08,1,naive,251.0,213.0
2025-11-08,1,naive_carry,251.0,213.0
2025-11-08,1,seasonal_naive_7,177.0,213.0
2025-11-08,1,climatology,259.1305396825397,213.0
2025-11-08,1,gru,232.94864511748878,213.0
2025-11-08,2,naive,251.0,279.0
2025-11-08,2,naive_carry,251.0,279.0
2025-11-08,2,seasonal_naive_7,124.0,279.0
2025-11-08,2,climatology,255.0645079365079,279.0
2025-11-08,2,gru,227.68060371776377,279.0
2025-11-08,3,naive,251.0,297.0
2025-11-08,3,naive_carry,251.0,297.0
2025-11-08,3,seasonal_naive_7,99.2,297.0
2025-11-08,3,climatology,248.0346666666667,297.0
2025-11-08,3,gru,221.26341919779742,297.0
2025-11-09,1,naive,213.0,279.0
2025-11-09,1,naive_carry,213.0,279.0
2025-11-09,1,seasonal_naive_7,124.0,279.0
2025-11-09,1,climatology,255.0645079365079,279.0
2025-11-09,1,gru,207.6508939582518,279.0
2025-11-09,2,naive,213.0,297.0
2025-11-09,2,naive_carry,213.0,297.0
2025-11-09,2,seasonal_naive_7,99.2,297.0
2025-11-09,2,climatology,248.0346666666667,297.0
2025-11-09,2,gru,218.72882178815811,297.0
2025-11-09,3,naive,213.0,326.0
2025-11-09,3,naive_carry,213.0,326.0
2025-11-09,3,seasonal_naive_7,107.0,326.0
2025-11-09,3,climatology,244.6871111111111,326.0
2025-11-09,3,gru,218.57352991448033,326.0
2025-11-10,1,naive,279.0,297.0
2025-11-10,1,naive_carry,279.0,297.0
2025-11-10,1,seasonal_naive_7,99.2,297.0
2025-11-10,1,climatology,248.0346666666667,297.0
2025-11-10,1,gru,270.959580724585,297.0
2025-11-10,2,naive,279.0,326.0
2025-11-10,2,naive_carry,279.0,326.0
2025-11-10,2,seasonal_naive_7,107.0,326.0
2025-11-10,2,climatology,244.6871111111111,326.0
2025-11-10,2,gru,239.64434352392632,326.0
2025-11-10,3,naive,279.0,287.0
2025-11-10,3,naive_carry,279.0,287.0
2025-11-10,3,seasonal_naive_7,186.0,287.0
2025-11-10,3,climatology,238.28711111111113,287.0
2025-11-10,3,gru,221.6492559336711,287.0
2025-11-11,1,naive,297.0,326.0
2025-11-11,1,naive_carry,297.0,326.0
2025-11-11,1,seasonal_naive_7,107.0,326.0
2025-11-11,1,climatology,244.6871111111111,326.0
2025-11-11,1,gru,256.4378464561121,326.0
2025-11-11,2,naive,297.0,287.0
2025-11-11,2,naive_carry,297.0,287.0
2025-11-11,2,seasonal_naive_7,186.0,287.0
2025-11-11,2,climatology,238.28711111111113,287.0
2025-11-11,2,gru,234.46692829858085,287.0
2025-11-11,3,naive,297.0,228.0
2025-11-11,3,naive_carry,297.0,228.0
2025-11-11,3,seasonal_naive_7,215.0,228.0
2025-11-11,3,climatology,237.28647619047615,228.0
2025-11-11,3,gru,216.7748157016657,228.0
2025-11-12,1,naive,326.0,287.0
2025-11-12,1,naive_carry,326.0,287.0
2025-11-12,1,seasonal_naive_7,186.0,287.0
2025-11-12,1,climatology,238.28711111111113,287.0
2025-11-12,1,gru,278.7651035687542,287.0
2025-11-12,2,naive,326.0,228.0
2025-11-12,2,naive_carry,326.0,228.0
2025-11-12,2,seasonal_naive_7,215.0,228.0
2025-11-12,2,climatology,237.28647619047615,228.0
2025-11-12,2,gru,243.84746615086587,228.0
2025-11-13,1,naive,287.0,228.0
2025-11-13,1,naive_carry,287.0,228.0
2025-11-13,1,seasonal_naive_7,215.0,228.0
2025-11-13,1,climatology,237.28647619047615,228.0
2025-11-13,1,gru,258.53977509413744,228.0
2025-11-13,3,naive,287.0,170.0
2025-11-13,3,naive_carry,287.0,170.0
2025-11-13,3,seasonal_naive_7,213.0,170.0
2025-11-13,3,climatology,214.5912380952381,170.0
2025-11-13,3,gru,219.47279702742648,170.0
2025-11-14,2,naive,228.0,170.0
2025-11-14,2,naive_carry,228.0,170.0
2025-11-14,2,seasonal_naive_7,213.0,170.0
2025-11-14,2,climatology,214.5912380952381,170.0
2025-11-14,2,gru,223.8767467622636,170.0
2025-11-16,2,naive,170.0,208.0
2025-11-16,2,naive_carry,170.0,208.0
2025-11-16,2,seasonal_naive_7,297.0,208.0
2025-11-16,2,climatology,196.2774603174603,208.0
2025-11-16,2,gru,217.27206366023086,208.0
2025-11-18,3,naive,208.0,163.0
2025-11-18,3,naive_carry,208.0,163.0
2025-11-18,3,seasonal_naive_7,228.0,163.0
2025-11-18,3,climatology,172.25650793650794,163.0
2025-11-18,3,gru,231.1315458877424,163.0
2025-11-21,2,naive,163.0,223.0
2025-11-21,2,naive_carry,163.0,223.0
2025-11-21,2,seasonal_naive_7,170.0,223.0
2025-11-21,2,climatology,163.7926984126984,223.0
2025-11-21,2,gru,195.92520132909908,223.0
2025-11-22,1,naive,180.0,223.0
2025-11-22,1,naive_carry,180.0,223.0
2025-11-22,1,seasonal_naive_7,170.0,223.0
2025-11-22,1,climatology,163.7926984126984,223.0
2025-11-22,1,gru,174.817946825195,223.0
2025-11-22,3,naive,180.0,192.0
2025-11-22,3,naive_carry,180.0,192.0
2025-11-22,3,seasonal_naive_7,208.0,192.0
2025-11-22,3,climatology,166.11587301587304,192.0
2025-11-22,3,gru,177.38851523989374,192.0
2025-11-23,2,naive,223.0,192.0
2025-11-23,2,naive_carry,223.0,192.0
2025-11-23,2,seasonal_naive_7,208.0,192.0
2025-11-23,2,climatology,166.11587301587304,192.0
2025-11-23,2,gru,194.55986957479104,192.0
2025-11-24,1,naive,221.0,192.0
2025-11-24,1,naive_carry,221.0,192.0
2025-11-24,1,seasonal_naive_7,208.0,192.0
2025-11-24,1,climatology,166.11587301587304,192.0
2025-11-24,1,gru,213.34349550841984,192.0
2025-11-25,3,naive,192.0,221.0
2025-11-25,3,naive_carry,192.0,221.0
2025-11-25,3,seasonal_naive_7,163.0,221.0
2025-11-25,3,climatology,171.3190476190476,221.0
2025-11-25,3,gru,188.28759308923543,221.0
2025-11-26,2,naive,164.0,221.0
2025-11-26,2,naive_carry,164.0,221.0
2025-11-26,2,seasonal_naive_7,163.0,221.0
2025-11-26,2,climatology,171.3190476190476,221.0
2025-11-26,2,gru,180.62654138503265,221.0
2025-11-26,3,naive,164.0,146.0
2025-11-26,3,naive_carry,164.0,146.0
2025-11-26,3,seasonal_naive_7,180.0,146.0
2025-11-26,3,climatology,171.91523809523812,146.0
2025-11-26,3,gru,183.48944364781215,146.0
2025-11-27,1,naive,221.0,221.0
2025-11-27,1,naive_carry,221.0,221.0
2025-11-27,1,seasonal_naive_7,163.0,221.0
2025-11-27,1,climatology,171.3190476190476,221.0
2025-11-27,1,gru,213.4200452480602,221.0
2025-11-27,2,naive,221.0,146.0
2025-11-27,2,naive_carry,221.0,146.0
2025-11-27,2,seasonal_naive_7,180.0,146.0
2025-11-27,2,climatology,171.91523809523812,146.0
2025-11-27,2,gru,185.74220168727697,146.0
2025-11-27,3,naive,221.0,155.0
2025-11-27,3,naive_carry,221.0,155.0
2025-11-27,3,seasonal_naive_7,223.0,155.0
2025-11-27,3,climatology,174.6660317460317,155.0
2025-11-27,3,gru,187.25158774963856,155.0
2025-11-28,1,naive,221.0,146.0
2025-11-28,1,naive_carry,221.0,146.0
2025-11-28,1,seasonal_naive_7,180.0,146.0
2025-11-28,1,climatology,171.91523809523812,146.0
2025-11-28,1,gru,197.00499213496633,146.0
2025-11-28,2,naive,221.0,155.0
2025-11-28,2,naive_carry,221.0,155.0
2025-11-28,2,seasonal_naive_7,223.0,155.0
2025-11-28,2,climatology,174.6660317460317,155.0
2025-11-28,2,gru,183.94197608710644,155.0
2025-11-28,3,naive,221.0,152.0
2025-11-28,3,naive_carry,221.0,152.0
2025-11-28,3,seasonal_naive_7,221.0,152.0
2025-11-28,3,climatology,179.11269841269842,152.0
2025-11-28,3,gru,183.89622163446595,152.0
2025-11-29,1,naive,146.0,155.0
2025-11-29,1,naive_carry,146.0,155.0
2025-11-29,1,seasonal_naive_7,223.0,155.0
2025-11-29,1,climatology,174.6660317460317,155.0
2025-11-29,1,gru,143.39698093357865,155.0
2025-11-29,2,naive,146.0,152.0
2025-11-29,2,naive_carry,146.0,152.0
2025-11-29,2,seasonal_naive_7,221.0,152.0
2025-11-29,2,climatology,179.11269841269842,152.0
2025-11-29,2,gru,165.16413804439722,152.0
2025-11-29,3,naive,146.0,236.0
2025-11-29,3,naive_carry,146.0,236.0
2025-11-29,3,seasonal_naive_7,192.0,236.0
2025-11-29,3,climatology,182.80380952380952,236.0
2025-11-29,3,gru,177.68944219438416,236.0
2025-11-30,1,naive,155.0,152.0
2025-11-30,1,naive_carry,155.0,152.0
2025-11-30,1,seasonal_naive_7,221.0,152.0
2025-11-30,1,climatology,179.11269841269842,152.0
2025-11-30,1,gru,156.76432371094336,152.0
2025-11-30,2,naive,155.0,236.0
2025-11-30,2,naive_carry,155.0,236.0
2025-11-30,2,seasonal_naive_7,192.0,236.0
2025-11-30,2,climatology,182.80380952380952,236.0
2025-11-30,2,gru,157.72920560126943,236.0
2025-11-30,3,naive,155.0,174.0
2025-11-30,3,naive_carry,155.0,174.0
2025-11-30,3,seasonal_naive_7,164.0,174.0
2025-11-30,3,climatology,185.04825396825396,174.0
2025-11-30,3,gru,178.57370903461705,174.0
2025-12-01,1,naive,152.0,236.0
2025-12-01,1,naive_carry,152.0,236.0
2025-12-01,1,seasonal_naive_7,192.0,236.0
2025-12-01,1,climatology,182.80380952380952,236.0
2025-12-01,1,gru,158.72309288960076,236.0
2025-12-01,2,naive,152.0,174.0
2025-12-01,2,naive_carry,152.0,174.0
2025-12-01,2,seasonal_naive_7,164.0,174.0
2025-12-01,2,climatology,185.04825396825396,174.0
2025-12-01,2,gru,163.09727117244057,174.0
2025-12-01,3,naive,152.0,173.0
2025-12-01,3,naive_carry,152.0,173.0
2025-12-01,3,seasonal_naive_7,221.0,173.0
2025-12-01,3,climatology,180.6752380952381,173.0
2025-12-01,3,gru,180.69085816193493,173.0
2025-12-02,1,naive,236.0,174.0
2025-12-02,1,naive_carry,236.0,174.0
2025-12-02,1,seasonal_naive_7,164.0,174.0
2025-12-02,1,climatology,185.04825396825396,174.0
2025-12-02,1,gru,222.64358869617672,174.0
2025-12-02,2,naive,236.0,173.0
2025-12-02,2,naive_carry,236.0,173.0
2025-12-02,2,seasonal_naive_7,221.0,173.0
2025-12-02,2,climatology,180.6752380952381,173.0
2025-12-02,2,gru,184.47037981987108,173.0
2025-12-02,3,naive,236.0,178.0
2025-12-02,3,naive_carry,236.0,178.0
2025-12-02,3,seasonal_naive_7,221.0,178.0
2025-12-02,3,climatology,181.90412698412695,178.0
2025-12-02,3,gru,189.65705738016229,178.0
2025-12-03,1,naive,174.0,173.0
2025-12-03,1,naive_carry,174.0,173.0
2025-12-03,1,seasonal_naive_7,221.0,173.0
2025-12-03,1,climatology,180.6752380952381,173.0
2025-12-03,1,gru,158.04787983868468,173.0
2025-12-03,2,naive,174.0,178.0
2025-12-03,2,naive_carry,174.0,178.0
2025-12-03,2,seasonal_naive_7,221.0,178.0
2025-12-03,2,climatology,181.90412698412695,178.0
2025-12-03,2,gru,171.5171413543561,178.0
2025-12-03,3,naive,174.0,169.0
2025-12-03,3,naive_carry,174.0,169.0
2025-12-03,3,seasonal_naive_7,146.0,169.0
2025-12-03,3,climatology,182.07257142857145,169.0
2025-12-03,3,gru,188.61574917086344,169.0
2025-12-04,1,naive,173.0,178.0
2025-12-04,1,naive_carry,173.0,178.0
2025-12-04,1,seasonal_naive_7,221.0,178.0
2025-12-04,1,climatology,181.90412698412695,178.0
2025-12-04,1,gru,172.0989242987792,178.0
2025-12-04,2,naive,173.0,169.0
2025-12-04,2,naive_carry,173.0,169.0
2025-12-04,2,seasonal_naive_7,146.0,169.0
2025-12-04,2,climatology,182.07257142857145,169.0
2025-12-04,2,gru,182.92067638674266,169.0
2025-12-04,3,naive,173.0,161.0
2025-12-04,3,naive_carry,173.0,161.0
2025-12-04,3,seasonal_naive_7,155.0,161.0
2025-12-04,3,climatology,181.5330476190476,161.0
2025-12-04,3,gru,210.61518458075867,161.0
2025-12-05,1,naive,178.0,169.0
2025-12-05,1,naive_carry,178.0,169.0
2025-12-05,1,seasonal_naive_7,146.0,169.0
2025-12-05,1,climatology,182.07257142857145,169.0
2025-12-05,1,gru,199.93994384896172,169.0
2025-12-05,2,naive,178.0,161.0
2025-12-05,2,naive_carry,178.0,161.0
2025-12-05,2,seasonal_naive_7,155.0,161.0
2025-12-05,2,climatology,181.5330476190476,161.0
2025-12-05,2,gru,195.1057297006868,161.0
2025-12-05,3,naive,178.0,152.0
2025-12-05,3,naive_carry,178.0,152.0
2025-12-05,3,seasonal_naive_7,152.0,152.0
2025-12-05,3,climatology,179.23215873015872,152.0
2025-12-05,3,gru,216.09577264586025,152.0
2025-12-06,1,naive,169.0,161.0
2025-12-06,1,naive_carry,169.0,161.0
2025-12-06,1,seasonal_naive_7,155.0,161.0
2025-12-06,1,climatology,181.5330476190476,161.0
2025-12-06,1,gru,145.20725951994746,161.0
2025-12-06,2,naive,169.0,152.0
2025-12-06,2,naive_carry,169.0,152.0
2025-12-06,2,seasonal_naive_7,152.0,152.0
2025-12-06,2,climatology,179.23215873015872,152.0
2025-12-06,2,gru,159.5561029901128,152.0
2025-12-06,3,naive,169.0,130.0
2025-12-06,3,naive_carry,169.0,130.0
2025-12-06,3,seasonal_naive_7,236.0,130.0
2025-12-06,3,climatology,175.8531111111111,130.0
2025-12-06,3,gru,192.44220545394774,130.0
2025-12-07,1,naive,161.0,152.0
2025-12-07,1,naive_carry,161.0,152.0
2025-12-07,1,seasonal_naive_7,152.0,152.0
2025-12-07,1,climatology,179.23215873015872,152.0
2025-12-07,1,gru,162.43804785050904,152.0
2025-12-07,2,naive,161.0,130.0
2025-12-07,2,naive_carry,161.0,130.0
2025-12-07,2,seasonal_naive_7,236.0,130.0
2025-12-07,2,climatology,175.8531111111111,130.0
2025-12-07,2,gru,172.5323065689586,130.0
2025-12-07,3,naive,161.0,129.0
2025-12-07,3,naive_carry,161.0,129.0
2025-12-07,3,seasonal_naive_7,174.0,129.0
2025-12-07,3,climatology,172.1042222222222,129.0
2025-12-07,3,gru,205.16388098485223,129.0
2025-12-08,1,naive,152.0,130.0
2025-12-08,1,naive_carry,152.0,130.0
2025-12-08,1,seasonal_naive_7,236.0,130.0
2025-12-08,1,climatology,175.8531111111111,130.0
2025-12-08,1,gru,153.86891714045888,130.0
2025-12-08,2,naive,152.0,129.0
2025-12-08,2,naive_carry,152.0,129.0
2025-12-08,2,seasonal_naive_7,174.0,129.0
2025-12-08,2,climatology,172.1042222222222,129.0
2025-12-08,2,gru,161.2014925438876,129.0
2025-12-08,3,naive,152.0,143.0
2025-12-08,3,naive_carry,152.0,143.0
2025-12-08,3,seasonal_naive_7,173.0,143.0
2025-12-08,3,climatology,170.27184126984127,143.0
2025-12-08,3,gru,192.11850214134162,143.0
2025-12-09,1,naive,130.0,129.0
2025-12-09,1,naive_carry,130.0,129.0
2025-12-09,1,seasonal_naive_7,174.0,129.0
2025-12-09,1,climatology,172.1042222222222,129.0
2025-12-09,1,gru,135.07438935046778,129.0
2025-12-09,2,naive,130.0,143.0
2025-12-09,2,naive_carry,130.0,143.0
2025-12-09,2,seasonal_naive_7,173.0,143.0
2025-12-09,2,climatology,170.27184126984127,143.0
2025-12-09,2,gru,155.3546249358012,143.0
2025-12-09,3,naive,130.0,191.0
2025-12-09,3,naive_carry,130.0,191.0
2025-12-09,3,seasonal_naive_7,178.0,191.0
2025-12-09,3,climatology,172.4985079365079,191.0
2025-12-09,3,gru,190.70602933186674,191.0
2025-12-10,1,naive,129.0,143.0
2025-12-10,1,naive_carry,129.0,143.0
2025-12-10,1,seasonal_naive_7,173.0,143.0
2025-12-10,1,climatology,170.27184126984127,143.0
2025-12-10,1,gru,165.66790761416024,143.0
2025-12-10,2,naive,129.0,191.0
2025-12-10,2,naive_carry,129.0,191.0
2025-12-10,2,seasonal_naive_7,178.0,191.0
2025-12-10,2,climatology,172.4985079365079,191.0
2025-12-10,2,gru,164.5964705150894,191.0
2025-12-10,3,naive,129.0,357.0
2025-12-10,3,naive_carry,129.0,357.0
2025-12-10,3,seasonal_naive_7,169.0,357.0
2025-12-10,3,climatology,175.83755555555555,357.0
2025-12-10,3,gru,195.97372448681287,357.0
2025-12-11,1,naive,143.0,191.0
2025-12-11,1,naive_carry,143.0,191.0
2025-12-11,1,seasonal_naive_7,178.0,191.0
2025-12-11,1,climatology,172.4985079365079,191.0
2025-12-11,1,gru,167.14368429454316,191.0
2025-12-11,2,naive,143.0,357.0
2025-12-11,2,naive_carry,143.0,357.0
2025-12-11,2,seasonal_naive_7,169.0,357.0
2025-12-11,2,climatology,175.83755555555555,357.0
2025-12-11,2,gru,162.1728052181513,357.0
2025-12-11,3,naive,143.0,384.0
2025-12-11,3,naive_carry,143.0,384.0
2025-12-11,3,seasonal_naive_7,161.0,384.0
2025-12-11,3,climatology,177.72866666666667,384.0
2025-12-11,3,gru,183.97765782111713,384.0
2025-12-12,1,naive,191.0,357.0
2025-12-12,1,naive_carry,191.0,357.0
2025-12-12,1,seasonal_naive_7,169.0,357.0
2025-12-12,1,climatology,175.83755555555555,357.0
2025-12-12,1,gru,186.79577333407482,357.0
2025-12-12,2,naive,191.0,384.0
2025-12-12,2,naive_carry,191.0,384.0
2025-12-12,2,seasonal_naive_7,161.0,384.0
2025-12-12,2,climatology,177.72866666666667,384.0
2025-12-12,2,gru,164.97493990459202,384.0
2025-12-12,3,naive,191.0,270.0
2025-12-12,3,naive_carry,191.0,270.0
2025-12-12,3,seasonal_naive_7,152.0,270.0
2025-12-12,3,climatology,179.0397777777778,270.0
2025-12-12,3,gru,177.38170388882133,270.0
2025-12-13,1,naive,357.0,384.0
2025-12-13,1,naive_carry,357.0,384.0
2025-12-13,1,seasonal_naive_7,161.0,384.0
2025-12-13,1,climatology,177.72866666666667,384.0
2025-12-13,1,gru,278.30186057557995,384.0
2025-12-13,2,naive,357.0,270.0
2025-12-13,2,naive_carry,357.0,270.0
2025-12-13,2,seasonal_naive_7,152.0,270.0
2025-12-13,2,climatology,179.0397777777778,270.0
2025-12-13,2,gru,201.46201848843768,270.0
2025-12-13,3,naive,357.0,184.0
2025-12-13,3,naive_carry,357.0,184.0
2025-12-13,3,seasonal_naive_7,130.0,184.0
2025-12-13,3,climatology,182.8931111111111,184.0
2025-12-13,3,gru,194.2486268845139,184.0
2025-12-14,1,naive,384.0,270.0
2025-12-14,1,naive_carry,384.0,270.0
2025-12-14,1,seasonal_naive_7,152.0,270.0
2025-12-14,1,climatology,179.0397777777778,270.0
2025-12-14,1,gru,289.7032502460836,270.0
2025-12-14,2,naive,384.0,184.0
2025-12-14,2,naive_carry,384.0,184.0
2025-12-14,2,seasonal_naive_7,130.0,184.0
2025-12-14,2,climatology,182.8931111111111,184.0
2025-12-14,2,gru,216.53899119842637,184.0
2025-12-14,3,naive,384.0,184.0
2025-12-14,3,naive_carry,384.0,184.0
2025-12-14,3,seasonal_naive_7,129.0,184.0
2025-12-14,3,climatology,189.6042222222222,184.0
2025-12-14,3,gru,208.3422758214946,184.0
2025-12-15,1,naive,270.0,184.0
2025-12-15,1,naive_carry,270.0,184.0
2025-12-15,1,seasonal_naive_7,130.0,184.0
2025-12-15,1,climatology,182.8931111111111,184.0
2025-12-15,1,gru,213.85569346508206,184.0
2025-12-15,2,naive,270.0,184.0
2025-12-15,2,naive_carry,270.0,184.0
2025-12-15,2,seasonal_naive_7,129.0,184.0
2025-12-15,2,climatology,189.6042222222222,184.0
2025-12-15,2,gru,189.5883595605134,184.0
2025-12-15,3,naive,270.0,301.0
2025-12-15,3,naive_carry,270.0,301.0
2025-12-15,3,seasonal_naive_7,143.0,301.0
2025-12-15,3,climatology,194.41977777777777,301.0
2025-12-15,3,gru,197.29255265465608,301.0
2025-12-16,1,naive,184.0,184.0
2025-12-16,1,naive_carry,184.0,184.0
2025-12-16,1,seasonal_naive_7,129.0,184.0
2025-12-16,1,climatology,189.6042222222222,184.0
2025-12-16,1,gru,155.38232612718795,184.0
2025-12-16,2,naive,184.0,301.0
2025-12-16,2,naive_carry,184.0,301.0
2025-12-16,2,seasonal_naive_7,143.0,301.0
2025-12-16,2,climatology,194.41977777777777,301.0
2025-12-16,2,gru,164.80800837640396,301.0
2025-12-16,3,naive,184.0,232.0
2025-12-16,3,naive_carry,184.0,232.0
2025-12-16,3,seasonal_naive_7,191.0,232.0
2025-12-16,3,climatology,199.04199999999997,232.0
2025-12-16,3,gru,192.83282987465742,232.0
2025-12-17,1,naive,184.0,301.0
2025-12-17,1,naive_carry,184.0,301.0
2025-12-17,1,seasonal_naive_7,143.0,301.0
2025-12-17,1,climatology,194.41977777777777,301.0
2025-12-17,1,gru,186.0161791844517,301.0
2025-12-17,2,naive,184.0,232.0
2025-12-17,2,naive_carry,184.0,232.0
2025-12-17,2,seasonal_naive_7,191.0,232.0
2025-12-17,2,climatology,199.04199999999997,232.0
2025-12-17,2,gru,170.12162475902338,232.0
2025-12-17,3,naive,184.0,275.0
2025-12-17,3,naive_carry,184.0,275.0
2025-12-17,3,seasonal_naive_7,357.0,275.0
2025-12-17,3,climatology,200.87977777777775,275.0
2025-12-17,3,gru,204.91229666455263,275.0
2025-12-18,1,naive,301.0,232.0
2025-12-18,1,naive_carry,301.0,232.0
2025-12-18,1,seasonal_naive_7,191.0,232.0
2025-12-18,1,climatology,199.04199999999997,232.0
2025-12-18,1,gru,295.6779654443528,232.0
2025-12-18,2,naive,301.0,275.0
2025-12-18,2,naive_carry,301.0,275.0
2025-12-18,2,seasonal_naive_7,357.0,275.0
2025-12-18,2,climatology,200.87977777777775,275.0
2025-12-18,2,gru,204.51445660074313,275.0
2025-12-18,3,naive,301.0,239.0
2025-12-18,3,naive_carry,301.0,239.0
2025-12-18,3,seasonal_naive_7,384.0,239.0
2025-12-18,3,climatology,209.2068888888889,239.0
2025-12-18,3,gru,221.4627771957768,239.0
2025-12-19,1,naive,232.0,275.0
2025-12-19,1,naive_carry,232.0,275.0
2025-12-19,1,seasonal_naive_7,357.0,275.0
2025-12-19,1,climatology,200.87977777777775,275.0
2025-12-19,1,gru,207.2160174178296,275.0
2025-12-19,2,naive,232.0,239.0
2025-12-19,2,naive_carry,232.0,239.0
2025-12-19,2,seasonal_naive_7,384.0,239.0
2025-12-19,2,climatology,209.2068888888889,239.0
2025-12-19,2,gru,189.98960023598931,239.0
2025-12-19,3,naive,232.0,290.0
2025-12-19,3,naive_carry,232.0,290.0
2025-12-19,3,seasonal_naive_7,270.0,290.0
2025-12-19,3,climatology,213.9616507936508,290.0
2025-12-19,3,gru,210.58252802954672,290.0
2025-12-20,1,naive,275.0,239.0
2025-12-20,1,naive_carry,275.0,239.0
2025-12-20,1,seasonal_naive_7,384.0,239.0
2025-12-20,1,climatology,209.2068888888889,239.0
2025-12-20,1,gru,253.1102418696173,239.0
2025-12-20,2,naive,275.0,290.0
2025-12-20,2,naive_carry,275.0,290.0
2025-12-20,2,seasonal_naive_7,270.0,290.0
2025-12-20,2,climatology,213.9616507936508,290.0
2025-12-20,2,gru,202.9464664869776,290.0
2025-12-20,3,naive,275.0,283.0
2025-12-20,3,naive_carry,275.0,283.0
2025-12-20,3,seasonal_naive_7,184.0,283.0
2025-12-20,3,climatology,222.4784126984127,283.0
2025-12-20,3,gru,223.53329260913426,283.0
2025-12-21,1,naive,239.0,290.0
2025-12-21,1,naive_carry,239.0,290.0
2025-12-21,1,seasonal_naive_7,270.0,290.0
2025-12-21,1,climatology,213.9616507936508,290.0
2025-12-21,1,gru,226.20831897136918,290.0
2025-12-21,2,naive,239.0,283.0
2025-12-21,2,naive_carry,239.0,283.0
2025-12-21,2,seasonal_naive_7,184.0,283.0
2025-12-21,2,climatology,222.4784126984127,283.0
2025-12-21,2,gru,194.78256800476822,283.0
2025-12-21,3,naive,239.0,108.0
2025-12-21,3,naive_carry,239.0,108.0
2025-12-21,3,seasonal_naive_7,184.0,108.0
2025-12-21,3,climatology,228.01619047619047,108.0
2025-12-21,3,gru,215.25770916007514,108.0
2025-12-22,1,naive,290.0,283.0
2025-12-22,1,naive_carry,290.0,283.0
2025-12-22,1,seasonal_naive_7,184.0,283.0
2025-12-22,1,climatology,222.4784126984127,283.0
2025-12-22,1,gru,247.2473014418589,283.0
2025-12-22,2,naive,290.0,108.0
2025-12-22,2,naive_carry,290.0,108.0
2025-12-22,2,seasonal_naive_7,184.0,108.0
2025-12-22,2,climatology,228.01619047619047,108.0
2025-12-22,2,gru,190.48019443975898,108.0
2025-12-22,3,naive,290.0,104.0
2025-12-22,3,naive_carry,290.0,104.0
2025-12-22,3,seasonal_naive_7,301.0,104.0
2025-12-22,3,climatology,233.8761904761905,104.0
2025-12-22,3,gru,205.74196375782455,104.0
2025-12-23,1,naive,283.0,108.0
2025-12-23,1,naive_carry,283.0,108.0
2025-12-23,1,seasonal_naive_7,184.0,108.0
2025-12-23,1,climatology,228.01619047619047,108.0
2025-12-23,1,gru,190.8538020348761,108.0
2025-12-23,2,naive,283.0,104.0
2025-12-23,2,naive_carry,283.0,104.0
2025-12-23,2,seasonal_naive_7,301.0,104.0
2025-12-23,2,climatology,233.8761904761905,104.0
2025-12-23,2,gru,172.9142630113866,104.0
2025-12-23,3,naive,283.0,173.0
2025-12-23,3,naive_carry,283.0,173.0
2025-12-23,3,seasonal_naive_7,232.0,173.0
2025-12-23,3,climatology,239.69904761904763,173.0
2025-12-23,3,gru,199.840074655106,173.0
2025-12-24,1,naive,108.0,104.0
2025-12-24,1,naive_carry,108.0,104.0
2025-12-24,1,seasonal_naive_7,301.0,104.0
2025-12-24,1,climatology,233.8761904761905,104.0
2025-12-24,1,gru,115.48086770199546,104.0
2025-12-24,2,naive,108.0,173.0
2025-12-24,2,naive_carry,108.0,173.0
2025-12-24,2,seasonal_naive_7,232.0,173.0
2025-12-24,2,climatology,239.69904761904763,173.0
2025-12-24,2,gru,151.08127103152842,173.0
2025-12-24,3,naive,108.0,264.0
2025-12-24,3,naive_carry,108.0,264.0
2025-12-24,3,seasonal_naive_7,275.0,264.0
2025-12-24,3,climatology,244.1879365079365,264.0
2025-12-24,3,gru,185.4210059408893,264.0
2025-12-25,1,naive,104.0,173.0
2025-12-25,1,naive_carry,104.0,173.0
2025-12-25,1,seasonal_naive_7,232.0,173.0
2025-12-25,1,climatology,239.69904761904763,173.0
2025-12-25,1,gru,190.99862828727467,173.0
2025-12-25,2,naive,104.0,264.0
2025-12-25,2,naive_carry,104.0,264.0
2025-12-25,2,seasonal_naive_7,275.0,264.0
2025-12-25,2,climatology,244.1879365079365,264.0
2025-12-25,2,gru,159.24351294606123,264.0
2025-12-25,3,naive,104.0,247.0
2025-12-25,3,naive_carry,104.0,247.0
2025-12-25,3,seasonal_naive_7,239.0,247.0
2025-12-25,3,climatology,243.73460317460317,247.0
2025-12-25,3,gru,205.27501436087718,247.0
2025-12-26,1,naive,173.0,264.0
2025-12-26,1,naive_carry,173.0,264.0
2025-12-26,1,seasonal_naive_7,275.0,264.0
2025-12-26,1,climatology,244.1879365079365,264.0
2025-12-26,1,gru,177.21381662908283,264.0
2025-12-26,2,naive,173.0,247.0
2025-12-26,2,naive_carry,173.0,247.0
2025-12-26,2,seasonal_naive_7,239.0,247.0
2025-12-26,2,climatology,243.73460317460317,247.0
2025-12-26,2,gru,158.0388961623307,247.0
2025-12-26,3,naive,173.0,285.0
2025-12-26,3,naive_carry,173.0,285.0
2025-12-26,3,seasonal_naive_7,290.0,285.0
2025-12-26,3,climatology,241.96920634920633,285.0
2025-12-26,3,gru,191.36640236769472,285.0
2025-12-27,1,naive,264.0,247.0
2025-12-27,1,naive_carry,264.0,247.0
2025-12-27,1,seasonal_naive_7,239.0,247.0
2025-12-27,1,climatology,243.73460317460317,247.0
2025-12-27,1,gru,205.60752442453924,247.0
2025-12-27,2,naive,264.0,285.0
2025-12-27,2,naive_carry,264.0,285.0
2025-12-27,2,seasonal_naive_7,290.0,285.0
2025-12-27,2,climatology,241.96920634920633,285.0
2025-12-27,2,gru,178.25382642554618,285.0
2025-12-27,3,naive,264.0,247.0
2025-12-27,3,naive_carry,264.0,247.0
2025-12-27,3,seasonal_naive_7,283.0,247.0
2025-12-27,3,climatology,241.29968253968255,247.0
2025-12-27,3,gru,201.23620973378664,247.0
2025-12-28,1,naive,247.0,285.0
2025-12-28,1,naive_carry,247.0,285.0
2025-12-28,1,seasonal_naive_7,290.0,285.0
2025-12-28,1,climatology,241.96920634920633,285.0
2025-12-28,1,gru,223.91908217869187,285.0
2025-12-28,2,naive,247.0,247.0
2025-12-28,2,naive_carry,247.0,247.0
2025-12-28,2,seasonal_naive_7,283.0,247.0
2025-12-28,2,climatology,241.29968253968255,247.0
2025-12-28,2,gru,190.75110227300198,247.0
2025-12-28,3,naive,247.0,275.0
2025-12-28,3,naive_carry,247.0,275.0
2025-12-28,3,seasonal_naive_7,108.0,275.0
2025-12-28,3,climatology,235.85206349206348,275.0
2025-12-28,3,gru,216.47906654959772,275.0
2025-12-29,1,naive,285.0,247.0
2025-12-29,1,naive_carry,285.0,247.0
2025-12-29,1,seasonal_naive_7,283.0,247.0
2025-12-29,1,climatology,241.29968253968255,247.0
2025-12-29,1,gru,232.84193114837856,247.0
2025-12-29,2,naive,285.0,275.0
2025-12-29,2,naive_carry,285.0,275.0
2025-12-29,2,seasonal_naive_7,108.0,275.0
2025-12-29,2,climatology,235.85206349206348,275.0
2025-12-29,2,gru,189.3711439519308,275.0
2025-12-29,3,naive,285.0,234.0
2025-12-29,3,naive_carry,285.0,234.0
2025-12-29,3,seasonal_naive_7,104.0,234.0
2025-12-29,3,climatology,220.09587301587305,234.0
2025-12-29,3,gru,211.84590673445686,234.0
2025-12-30,1,naive,247.0,275.0
2025-12-30,1,naive_carry,247.0,275.0
2025-12-30,1,seasonal_naive_7,108.0,275.0
2025-12-30,1,climatology,235.85206349206348,275.0
2025-12-30,1,gru,228.12093996441595,275.0
2025-12-30,2,naive,247.0,234.0
2025-12-30,2,naive_carry,247.0,234.0
2025-12-30,2,seasonal_naive_7,104.0,234.0
2025-12-30,2,climatology,220.09587301587305,234.0
2025-12-30,2,gru,191.48419563360846,234.0
2025-12-30,3,naive,247.0,96.1
2025-12-30,3,naive_carry,247.0,96.1
2025-12-30,3,seasonal_naive_7,173.0,96.1
2025-12-30,3,climatology,216.3,96.1
2025-12-30,3,gru,219.58828976937198,96.1
2025-12-31,1,naive,275.0,234.0
2025-12-31,1,naive_carry,275.0,234.0
2025-12-31,1,seasonal_naive_7,104.0,234.0
2025-12-31,1,climatology,220.09587301587305,234.0
2025-12-31,1,gru,218.1031070031408,234.0
2025-12-31,2,naive,275.0,96.1
2025-12-31,2,naive_carry,275.0,96.1
2025-12-31,2,seasonal_naive_7,173.0,96.1
2025-12-31,2,climatology,216.3,96.1
2025-12-31,2,gru,186.03862616778383,96.1
2025-12-31,3,naive,275.0,146.0
2025-12-31,3,naive_carry,275.0,146.0
2025-12-31,3,seasonal_naive_7,264.0,146.0
2025-12-31,3,climatology,214.6126984126984,146.0
2025-12-31,3,gru,218.18184570966116,146.0
2026-01-01,1,naive,234.0,96.1
2026-01-01,1,naive_carry,234.0,96.1
2026-01-01,1,seasonal_naive_7,173.0,96.1
2026-01-01,1,climatology,216.3,96.1
2026-01-01,1,gru,202.5220530462444,96.1
2026-01-01,2,naive,234.0,146.0
2026-01-01,2,naive_carry,234.0,146.0
2026-01-01,2,seasonal_naive_7,264.0,146.0
2026-01-01,2,climatology,214.6126984126984,146.0
2026-01-01,2,gru,182.26487344032816,146.0
2026-01-01,3,naive,234.0,139.0
2026-01-01,3,naive_carry,234.0,139.0
2026-01-01,3,seasonal_naive_7,247.0,139.0
2026-01-01,3,climatology,209.7253968253968,139.0
2026-01-01,3,gru,219.00928771753527,139.0
2026-01-02,1,naive,96.1,146.0
2026-01-02,1,naive_carry,96.1,146.0
2026-01-02,1,seasonal_naive_7,264.0,146.0
2026-01-02,1,climatology,214.6126984126984,146.0
2026-01-02,1,gru,124.86645782631807,146.0
2026-01-02,2,naive,96.1,139.0
2026-01-02,2,naive_carry,96.1,139.0
2026-01-02,2,seasonal_naive_7,247.0,139.0
2026-01-02,2,climatology,209.7253968253968,139.0
2026-01-02,2,gru,152.87274090479204,139.0
2026-01-02,3,naive,96.1,132.0
2026-01-02,3,naive_carry,96.1,132.0
2026-01-02,3,seasonal_naive_7,285.0,132.0
2026-01-02,3,climatology,208.85396825396825,132.0
2026-01-02,3,gru,184.49168220197214,132.0
2026-01-03,1,naive,146.0,139.0
2026-01-03,1,naive_carry,146.0,139.0
2026-01-03,1,seasonal_naive_7,247.0,139.0
2026-01-03,1,climatology,209.7253968253968,139.0
2026-01-03,1,gru,174.69904717049505,139.0
2026-01-03,2,naive,146.0,132.0
2026-01-03,2,naive_carry,146.0,132.0
2026-01-03,2,seasonal_naive_7,285.0,132.0
2026-01-03,2,climatology,208.85396825396825,132.0
2026-01-03,2,gru,152.51074287736577,132.0
2026-01-03,3,naive,146.0,186.0
2026-01-03,3,naive_carry,146.0,186.0
2026-01-03,3,seasonal_naive_7,247.0,186.0
2026-01-03,3,climatology,207.5892063492063,186.0
2026-01-03,3,gru,207.38300580503753,186.0
2026-01-04,1,naive,139.0,132.0
2026-01-04,1,naive_carry,139.0,132.0
2026-01-04,1,seasonal_naive_7,285.0,132.0
2026-01-04,1,climatology,208.85396825396825,132.0
2026-01-04,1,gru,158.96119906130463,132.0
2026-01-04,2,naive,139.0,186.0
2026-01-04,2,naive_carry,139.0,186.0
2026-01-04,2,seasonal_naive_7,247.0,186.0
2026-01-04,2,climatology,207.5892063492063,186.0
2026-01-04,2,gru,163.17974360198713,186.0
2026-01-04,3,naive,139.0,155.0
2026-01-04,3,naive_carry,139.0,155.0
2026-01-04,3,seasonal_naive_7,275.0,155.0
2026-01-04,3,climatology,209.6380952380952,155.0
2026-01-04,3,gru,201.8916952206253,155.0
2026-01-05,1,naive,132.0,186.0
2026-01-05,1,naive_carry,132.0,186.0
2026-01-05,1,seasonal_naive_7,247.0,186.0
2026-01-05,1,climatology,207.5892063492063,186.0
2026-01-05,1,gru,140.81361965899515,186.0
2026-01-05,2,naive,132.0,155.0
2026-01-05,2,naive_carry,132.0,155.0
2026-01-05,2,seasonal_naive_7,275.0,155.0
2026-01-05,2,climatology,209.6380952380952,155.0
2026-01-05,2,gru,149.8037230051695,155.0
2026-01-05,3,naive,132.0,168.0
2026-01-05,3,naive_carry,132.0,168.0
2026-01-05,3,seasonal_naive_7,234.0,168.0
2026-01-05,3,climatology,207.67142857142855,168.0
2026-01-05,3,gru,188.47324611614147,168.0
2026-01-06,1,naive,186.0,155.0
2026-01-06,1,naive_carry,186.0,155.0
2026-01-06,1,seasonal_naive_7,275.0,155.0
2026-01-06,1,climatology,209.6380952380952,155.0
2026-01-06,1,gru,174.6831352497903,155.0
2026-01-06,2,naive,186.0,168.0
2026-01-06,2,naive_carry,186.0,168.0
2026-01-06,2,seasonal_naive_7,234.0,168.0
2026-01-06,2,climatology,207.67142857142855,168.0
2026-01-06,2,gru,158.60147504708976,168.0
2026-01-06,3,naive,186.0,215.0
2026-01-06,3,naive_carry,186.0,215.0
2026-01-06,3,seasonal_naive_7,96.1,215.0
2026-01-06,3,climatology,202.08095238095237,215.0
2026-01-06,3,gru,198.05093352569597,215.0
2026-01-07,1,naive,155.0,168.0
2026-01-07,1,naive_carry,155.0,168.0
2026-01-07,1,seasonal_naive_7,234.0,168.0
2026-01-07,1,climatology,207.67142857142855,168.0
2026-01-07,1,gru,156.30462132735386,168.0
2026-01-07,2,naive,155.0,215.0
2026-01-07,2,naive_carry,155.0,215.0
2026-01-07,2,seasonal_naive_7,96.1,215.0
2026-01-07,2,climatology,202.08095238095237,215.0
2026-01-07,2,gru,168.65116492398909,215.0
2026-01-07,3,naive,155.0,171.0
2026-01-07,3,naive_carry,155.0,171.0
2026-01-07,3,seasonal_naive_7,146.0,171.0
2026-01-07,3,climatology,197.0015873015873,171.0
2026-01-07,3,gru,213.11505317629442,171.0
2026-01-08,1,naive,168.0,215.0
2026-01-08,1,naive_carry,168.0,215.0
2026-01-08,1,seasonal_naive_7,96.1,215.0
2026-01-08,1,climatology,202.08095238095237,215.0
2026-01-08,1,gru,190.5980293783205,215.0
2026-01-08,2,naive,168.0,171.0
2026-01-08,2,naive_carry,168.0,171.0
2026-01-08,2,seasonal_naive_7,146.0,171.0
2026-01-08,2,climatology,197.0015873015873,171.0
2026-01-08,2,gru,179.54917994880097,171.0
2026-01-08,3,naive,168.0,158.0
2026-01-08,3,naive_carry,168.0,158.0
2026-01-08,3,seasonal_naive_7,139.0,158.0
2026-01-08,3,climatology,193.64603174603175,158.0
2026-01-08,3,gru,224.41884836257066,158.0
2026-01-09,1,naive,215.0,171.0
2026-01-09,1,naive_carry,215.0,171.0
2026-01-09,1,seasonal_naive_7,146.0,171.0
2026-01-09,1,climatology,197.0015873015873,171.0
2026-01-09,1,gru,205.35120669810402,171.0
2026-01-09,2,naive,215.0,158.0
2026-01-09,2,naive_carry,215.0,158.0
2026-01-09,2,seasonal_naive_7,139.0,158.0
2026-01-09,2,climatology,193.64603174603175,158.0
2026-01-09,2,gru,179.6995109805238,158.0
2026-01-09,3,naive,215.0,167.0
2026-01-09,3,naive_carry,215.0,167.0
2026-01-09,3,seasonal_naive_7,132.0,167.0
2026-01-09,3,climatology,195.27650793650795,167.0
2026-01-09,3,gru,215.008333114343,167.0
2026-01-10,1,naive,171.0,158.0
2026-01-10,1,naive_carry,171.0,158.0
2026-01-10,1,seasonal_naive_7,139.0,158.0
2026-01-10,1,climatology,193.64603174603175,158.0
2026-01-10,1,gru,162.88933942467514,158.0
2026-01-10,2,naive,171.0,167.0
2026-01-10,2,naive_carry,171.0,167.0
2026-01-10,2,seasonal_naive_7,132.0,167.0
2026-01-10,2,climatology,195.27650793650795,167.0
2026-01-10,2,gru,168.1583542727725,167.0
2026-01-10,3,naive,171.0,260.0
2026-01-10,3,naive_carry,171.0,260.0
2026-01-10,3,seasonal_naive_7,186.0,260.0
2026-01-10,3,climatology,192.67936507936508,260.0
2026-01-10,3,gru,206.55199980024776,260.0
2026-01-11,1,naive,158.0,167.0
2026-01-11,1,naive_carry,158.0,167.0
2026-01-11,1,seasonal_naive_7,132.0,167.0
2026-01-11,1,climatology,195.27650793650795,167.0
2026-01-11,1,gru,138.36221319133742,167.0
2026-01-11,2,naive,158.0,260.0
2026-01-11,2,naive_carry,158.0,260.0
2026-01-11,2,seasonal_naive_7,186.0,260.0
2026-01-11,2,climatology,192.67936507936508,260.0
2026-01-11,2,gru,161.84857136296478,260.0
2026-01-11,3,naive,158.0,237.0
2026-01-11,3,naive_carry,158.0,237.0
2026-01-11,3,seasonal_naive_7,155.0,237.0
2026-01-11,3,climatology,192.35555555555553,237.0
2026-01-11,3,gru,205.05630288020737,237.0
2026-01-12,1,naive,167.0,260.0
2026-01-12,1,naive_carry,167.0,260.0
2026-01-12,1,seasonal_naive_7,186.0,260.0
2026-01-12,1,climatology,192.67936507936508,260.0
2026-01-12,1,gru,201.29865940684505,260.0
2026-01-12,2,naive,167.0,237.0
2026-01-12,2,naive_carry,167.0,237.0
2026-01-12,2,seasonal_naive_7,155.0,237.0
2026-01-12,2,climatology,192.35555555555553,237.0
2026-01-12,2,gru,181.56299992580253,237.0
2026-01-12,3,naive,167.0,217.0
2026-01-12,3,naive_carry,167.0,217.0
2026-01-12,3,seasonal_naive_7,168.0,217.0
2026-01-12,3,climatology,193.55507936507937,217.0
2026-01-12,3,gru,230.33935057506974,217.0
2026-01-13,1,naive,260.0,237.0
2026-01-13,1,naive_carry,260.0,237.0
2026-01-13,1,seasonal_naive_7,155.0,237.0
2026-01-13,1,climatology,192.35555555555553,237.0
2026-01-13,1,gru,236.46912682809972,237.0
2026-01-13,2,naive,260.0,217.0
2026-01-13,2,naive_carry,260.0,217.0
2026-01-13,2,seasonal_naive_7,168.0,217.0
2026-01-13,2,climatology,193.55507936507937,217.0
2026-01-13,2,gru,189.30299066065658,217.0
2026-01-13,3,naive,260.0,220.0
2026-01-13,3,naive_carry,260.0,220.0
2026-01-13,3,seasonal_naive_7,215.0,220.0
2026-01-13,3,climatology,193.0984126984127,220.0
2026-01-13,3,gru,222.62580781081238,220.0
2026-01-14,1,naive,237.0,217.0
2026-01-14,1,naive_carry,237.0,217.0
2026-01-14,1,seasonal_naive_7,168.0,217.0
2026-01-14,1,climatology,193.55507936507937,217.0
2026-01-14,1,gru,186.93622643383364,217.0
2026-01-14,2,naive,237.0,220.0
2026-01-14,2,naive_carry,237.0,220.0
2026-01-14,2,seasonal_naive_7,215.0,220.0
2026-01-14,2,climatology,193.0984126984127,220.0
2026-01-14,2,gru,186.0125711738659,220.0
2026-01-14,3,naive,237.0,368.0
2026-01-14,3,naive_carry,237.0,368.0
2026-01-14,3,seasonal_naive_7,171.0,368.0
2026-01-14,3,climatology,189.59079365079367,368.0
2026-01-14,3,gru,226.00746718015483,368.0
2026-01-15,1,naive,217.0,220.0
2026-01-15,1,naive_carry,217.0,220.0
2026-01-15,1,seasonal_naive_7,215.0,220.0
2026-01-15,1,climatology,193.0984126984127,220.0
2026-01-15,1,gru,198.67093895692872,220.0
2026-01-15,2,naive,217.0,368.0
2026-01-15,2,naive_carry,217.0,368.0
2026-01-15,2,seasonal_naive_7,171.0,368.0
2026-01-15,2,climatology,189.59079365079367,368.0
2026-01-15,2,gru,187.8836771460336,368.0
2026-01-15,3,naive,217.0,291.0
2026-01-15,3,naive_carry,217.0,291.0
2026-01-15,3,seasonal_naive_7,158.0,291.0
2026-01-15,3,climatology,187.15650793650792,291.0
2026-01-15,3,gru,229.2641495175571,291.0
2026-01-16,1,naive,220.0,368.0
2026-01-16,1,naive_carry,220.0,368.0
2026-01-16,1,seasonal_naive_7,171.0,368.0
2026-01-16,1,climatology,189.59079365079367,368.0
2026-01-16,1,gru,217.4066703849145,368.0
2026-01-16,2,naive,220.0,291.0
2026-01-16,2,naive_carry,220.0,291.0
2026-01-16,2,seasonal_naive_7,158.0,291.0
2026-01-16,2,climatology,187.15650793650792,291.0
2026-01-16,2,gru,176.97453678937492,291.0
2026-01-16,3,naive,220.0,274.0
2026-01-16,3,naive_carry,220.0,274.0
2026-01-16,3,seasonal_naive_7,167.0,274.0
2026-01-16,3,climatology,185.86603174603175,274.0
2026-01-16,3,gru,208.75248081571323,274.0
2026-01-17,1,naive,368.0,291.0
2026-01-17,1,naive_carry,368.0,291.0
2026-01-17,1,seasonal_naive_7,158.0,291.0
2026-01-17,1,climatology,187.15650793650792,291.0
2026-01-17,1,gru,274.4548209349817,291.0
2026-01-17,2,naive,368.0,274.0
2026-01-17,2,naive_carry,368.0,274.0
2026-01-17,2,seasonal_naive_7,167.0,274.0
2026-01-17,2,climatology,185.86603174603175,274.0
2026-01-17,2,gru,187.16385670575195,274.0
2026-01-17,3,naive,368.0,213.0
2026-01-17,3,naive_carry,368.0,213.0
2026-01-17,3,seasonal_naive_7,260.0,213.0
2026-01-17,3,climatology,182.6915873015873,213.0
2026-01-17,3,gru,197.84934183297037,213.0
2026-01-18,1,naive,291.0,274.0
2026-01-18,1,naive_carry,291.0,274.0
2026-01-18,1,seasonal_naive_7,167.0,274.0
2026-01-18,1,climatology,185.86603174603175,274.0
2026-01-18,1,gru,219.53348845515703,274.0
2026-01-18,2,naive,291.0,213.0
2026-01-18,2,naive_carry,291.0,213.0
2026-01-18,2,seasonal_naive_7,260.0,213.0
2026-01-18,2,climatology,182.6915873015873,213.0
2026-01-18,2,gru,167.5430663146253,213.0
2026-01-18,3,naive,291.0,175.0
2026-01-18,3,naive_carry,291.0,175.0
2026-01-18,3,seasonal_naive_7,237.0,175.0
2026-01-18,3,climatology,176.8515873015873,175.0
2026-01-18,3,gru,187.16398267287843,175.0
2026-01-19,1,naive,274.0,213.0
2026-01-19,1,naive_carry,274.0,213.0
2026-01-19,1,seasonal_naive_7,260.0,213.0
2026-01-19,1,climatology,182.6915873015873,213.0
2026-01-19,1,gru,213.68406576728987,213.0
2026-01-19,2,naive,274.0,175.0
2026-01-19,2,naive_carry,274.0,175.0
2026-01-19,2,seasonal_naive_7,237.0,175.0
2026-01-19,2,climatology,176.8515873015873,175.0
2026-01-19,2,gru,156.6460863201432,175.0
2026-01-19,3,naive,274.0,178.0
2026-01-19,3,naive_carry,274.0,178.0
2026-01-19,3,seasonal_naive_7,217.0,178.0
2026-01-19,3,climatology,169.80396825396826,178.0
2026-01-19,3,gru,167.9147581780893,178.0
2026-01-20,1,naive,213.0,175.0
2026-01-20,1,naive_carry,213.0,175.0
2026-01-20,1,seasonal_naive_7,237.0,175.0
2026-01-20,1,climatology,176.8515873015873,175.0
2026-01-20,1,gru,178.47783273667687,175.0
2026-01-20,2,naive,213.0,178.0
2026-01-20,2,naive_carry,213.0,178.0
2026-01-20,2,seasonal_naive_7,217.0,178.0
2026-01-20,2,climatology,169.80396825396826,178.0
2026-01-20,2,gru,143.4458217737873,178.0
2026-01-20,3,naive,213.0,137.0
2026-01-20,3,naive_carry,213.0,137.0
2026-01-20,3,seasonal_naive_7,220.0,137.0
2026-01-20,3,climatology,165.29507936507937,137.0
2026-01-20,3,gru,162.21813048895618,137.0
2026-01-21,1,naive,175.0,178.0
2026-01-21,1,naive_carry,175.0,178.0
2026-01-21,1,seasonal_naive_7,217.0,178.0
2026-01-21,1,climatology,169.80396825396826,178.0
2026-01-21,1,gru,158.00354210288066,178.0
2026-01-21,2,naive,175.0,137.0
2026-01-21,2,naive_carry,175.0,137.0
2026-01-21,2,seasonal_naive_7,220.0,137.0
2026-01-21,2,climatology,165.29507936507937,137.0
2026-01-21,2,gru,135.7626277415736,137.0
2026-01-21,3,naive,175.0,72.4
2026-01-21,3,naive_carry,175.0,72.4
2026-01-21,3,seasonal_naive_7,368.0,72.4
2026-01-21,3,climatology,163.0704761904762,72.4
2026-01-21,3,gru,156.55034256314636,72.4
2026-01-22,1,naive,178.0,137.0
2026-01-22,1,naive_carry,178.0,137.0
2026-01-22,1,seasonal_naive_7,220.0,137.0
2026-01-22,1,climatology,165.29507936507937,137.0
2026-01-22,1,gru,143.09877887821548,137.0
2026-01-22,2,naive,178.0,72.4
2026-01-22,2,naive_carry,178.0,72.4
2026-01-22,2,seasonal_naive_7,368.0,72.4
2026-01-22,2,climatology,163.0704761904762,72.4
2026-01-22,2,gru,127.27452550592987,72.4
2026-01-22,3,naive,178.0,89.3
2026-01-22,3,naive_carry,178.0,89.3
2026-01-22,3,seasonal_naive_7,291.0,89.3
2026-01-22,3,climatology,159.13206349206348,89.3
2026-01-22,3,gru,149.95154489072266,89.3
2026-01-23,1,naive,137.0,72.4
2026-01-23,1,naive_carry,137.0,72.4
2026-01-23,1,seasonal_naive_7,368.0,72.4
2026-01-23,1,climatology,163.0704761904762,72.4
2026-01-23,1,gru,113.512678177896,72.4
2026-01-23,2,naive,137.0,89.3
2026-01-23,2,naive_carry,137.0,89.3
2026-01-23,2,seasonal_naive_7,291.0,89.3
2026-01-23,2,climatology,159.13206349206348,89.3
2026-01-23,2,gru,125.31994999804577,89.3
2026-01-23,3,naive,137.0,112.0
2026-01-23,3,naive_carry,137.0,112.0
2026-01-23,3,seasonal_naive_7,274.0,112.0
2026-01-23,3,climatology,158.3942857142857,112.0
2026-01-23,3,gru,154.33042731247303,112.0
2026-01-24,1,naive,72.4,89.3
2026-01-24,1,naive_carry,72.4,89.3
2026-01-24,1,seasonal_naive_7,291.0,89.3
2026-01-24,1,climatology,159.13206349206348,89.3
2026-01-24,1,gru,109.47765847686186,89.3
2026-01-24,2,naive,72.4,112.0
2026-01-24,2,naive_carry,72.4,112.0
2026-01-24,2,seasonal_naive_7,274.0,112.0
2026-01-24,2,climatology,158.3942857142857,112.0
2026-01-24,2,gru,123.55208287626084,112.0
2026-01-24,3,naive,72.4,154.0
2026-01-24,3,naive_carry,72.4,154.0
2026-01-24,3,seasonal_naive_7,213.0,154.0
2026-01-24,3,climatology,154.57142857142856,154.0
2026-01-24,3,gru,152.60515640680745,154.0
2026-01-25,1,naive,89.3,112.0
2026-01-25,1,naive_carry,89.3,112.0
2026-01-25,1,seasonal_naive_7,274.0,112.0
2026-01-25,1,climatology,158.3942857142857,112.0
2026-01-25,1,gru,108.54270095095244,112.0
2026-01-25,2,naive,89.3,154.0
2026-01-25,2,naive_carry,89.3,154.0
2026-01-25,2,seasonal_naive_7,213.0,154.0
2026-01-25,2,climatology,154.57142857142856,154.0
2026-01-25,2,gru,122.19076379598576,154.0
2026-01-25,3,naive,89.3,130.0
2026-01-25,3,naive_carry,89.3,130.0
2026-01-25,3,seasonal_naive_7,175.0,130.0
2026-01-25,3,climatology,152.19809523809525,130.0
2026-01-25,3,gru,156.7480175524502,130.0
2026-01-26,1,naive,112.0,154.0
2026-01-26,1,naive_carry,112.0,154.0
2026-01-26,1,seasonal_naive_7,213.0,154.0
2026-01-26,1,climatology,154.57142857142856,154.0
2026-01-26,1,gru,150.55024838410276,154.0
2026-01-26,2,naive,112.0,130.0
2026-01-26,2,naive_carry,112.0,130.0
2026-01-26,2,seasonal_naive_7,175.0,130.0
2026-01-26,2,climatology,152.19809523809525,130.0
2026-01-26,2,gru,125.3367049924855,130.0
2026-01-26,3,naive,112.0,117.0
2026-01-26,3,naive_carry,112.0,117.0
2026-01-26,3,seasonal_naive_7,178.0,117.0
2026-01-26,3,climatology,148.94396825396828,117.0
2026-01-26,3,gru,154.85732003206948,117.0
2026-01-27,1,naive,154.0,130.0
2026-01-27,1,naive_carry,154.0,130.0
2026-01-27,1,seasonal_naive_7,175.0,130.0
2026-01-27,1,climatology,152.19809523809525,130.0
2026-01-27,1,gru,125.79604294275069,130.0
2026-01-27,2,naive,154.0,117.0
2026-01-27,2,naive_carry,154.0,117.0
2026-01-27,2,seasonal_naive_7,178.0,117.0
2026-01-27,2,climatology,148.94396825396828,117.0
2026-01-27,2,gru,119.07131374723339,117.0
2026-01-27,3,naive,154.0,125.0
2026-01-27,3,naive_carry,154.0,125.0
2026-01-27,3,seasonal_naive_7,137.0,125.0
2026-01-27,3,climatology,150.03396825396828,125.0
2026-01-27,3,gru,133.84999018903116,125.0
2026-01-28,1,naive,130.0,117.0
2026-01-28,1,naive_carry,130.0,117.0
2026-01-28,1,seasonal_naive_7,178.0,117.0
2026-01-28,1,climatology,148.94396825396828,117.0
2026-01-28,1,gru,123.20284375713887,117.0
2026-01-28,2,naive,130.0,125.0
2026-01-28,2,naive_carry,130.0,125.0
2026-01-28,2,seasonal_naive_7,137.0,125.0
2026-01-28,2,climatology,150.03396825396828,125.0
2026-01-28,2,gru,117.08297514142808,125.0
2026-01-28,3,naive,130.0,189.0
2026-01-28,3,naive_carry,130.0,189.0
2026-01-28,3,seasonal_naive_7,72.4,189.0
2026-01-28,3,climatology,147.10619047619048,189.0
2026-01-28,3,gru,142.2699411307507,189.0
2026-01-29,1,naive,117.0,125.0
2026-01-29,1,naive_carry,117.0,125.0
2026-01-29,1,seasonal_naive_7,137.0,125.0
2026-01-29,1,climatology,150.03396825396828,125.0
2026-01-29,1,gru,114.86482248876972,125.0
2026-01-29,2,naive,117.0,189.0
2026-01-29,2,naive_carry,117.0,189.0
2026-01-29,2,seasonal_naive_7,72.4,189.0
2026-01-29,2,climatology,147.10619047619048,189.0
2026-01-29,2,gru,119.56974606212376,189.0
2026-01-29,3,naive,117.0,96.0
2026-01-29,3,naive_carry,117.0,96.0
2026-01-29,3,seasonal_naive_7,89.3,96.0
2026-01-29,3,climatology,146.8852380952381,96.0
2026-01-29,3,gru,140.62248810721408,96.0
2026-01-30,1,naive,125.0,189.0
2026-01-30,1,naive_carry,125.0,189.0
2026-01-30,1,seasonal_naive_7,72.4,189.0
2026-01-30,1,climatology,147.10619047619048,189.0
2026-01-30,1,gru,136.87349127397908,189.0
2026-01-30,2,naive,125.0,96.0
2026-01-30,2,naive_carry,125.0,96.0
2026-01-30,2,seasonal_naive_7,89.3,96.0
2026-01-30,2,climatology,146.8852380952381,96.0
2026-01-30,2,gru,122.13466467291455,96.0
2026-01-30,3,naive,125.0,137.0
2026-01-30,3,naive_carry,125.0,137.0
2026-01-30,3,seasonal_naive_7,112.0,137.0
2026-01-30,3,climatology,146.23971428571429,137.0
2026-01-30,3,gru,145.6576669672769,137.0
2026-01-31,1,naive,189.0,96.0
2026-01-31,1,naive_carry,189.0,96.0
2026-01-31,1,seasonal_naive_7,89.3,96.0
2026-01-31,1,climatology,146.8852380952381,96.0
2026-01-31,1,gru,166.6297470069255,96.0
2026-01-31,2,naive,189.0,137.0
2026-01-31,2,naive_carry,189.0,137.0
2026-01-31,2,seasonal_naive_7,112.0,137.0
2026-01-31,2,climatology,146.23971428571429,137.0
2026-01-31,2,gru,128.16513872792163,137.0
2026-01-31,3,naive,189.0,134.0
2026-01-31,3,naive_carry,189.0,134.0
2026-01-31,3,seasonal_naive_7,154.0,134.0
2026-01-31,3,climatology,145.15038095238094,134.0
2026-01-31,3,gru,142.63001180732803,134.0
2026-02-01,1,naive,96.0,137.0
2026-02-01,1,naive_carry,96.0,137.0
2026-02-01,1,seasonal_naive_7,112.0,137.0
2026-02-01,1,climatology,146.23971428571429,137.0
2026-02-01,1,gru,101.1733085438599,137.0
2026-02-01,2,naive,96.0,134.0
2026-02-01,2,naive_carry,96.0,134.0
2026-02-01,2,seasonal_naive_7,154.0,134.0
2026-02-01,2,climatology,145.15038095238094,134.0
2026-02-01,2,gru,103.04193931939214,134.0
2026-02-01,3,naive,96.0,189.0
2026-02-01,3,naive_carry,96.0,189.0
2026-02-01,3,seasonal_naive_7,130.0,189.0
2026-02-01,3,climatology,147.46215873015873,189.0
2026-02-01,3,gru,120.73946483300536,189.0
2026-02-02,1,naive,137.0,134.0
2026-02-02,1,naive_carry,137.0,134.0
2026-02-02,1,seasonal_naive_7,154.0,134.0
2026-02-02,1,climatology,145.15038095238094,134.0
2026-02-02,1,gru,115.71306123076691,134.0
2026-02-02,2,naive,137.0,189.0
2026-02-02,2,naive_carry,137.0,189.0
2026-02-02,2,seasonal_naive_7,130.0,189.0
2026-02-02,2,climatology,147.46215873015873,189.0
2026-02-02,2,gru,104.86467962497979,189.0
2026-02-02,3,naive,137.0,123.0
2026-02-02,3,naive_carry,137.0,123.0
2026-02-02,3,seasonal_naive_7,117.0,123.0
2026-02-02,3,climatology,148.28715873015875,123.0
2026-02-02,3,gru,118.15957874797134,123.0
2026-02-03,1,naive,134.0,189.0
2026-02-03,1,naive_carry,134.0,189.0
2026-02-03,1,seasonal_naive_7,130.0,189.0
2026-02-03,1,climatology,147.46215873015873,189.0
2026-02-03,1,gru,123.45697001898132,189.0
2026-02-03,2,naive,134.0,123.0
2026-02-03,2,naive_carry,134.0,123.0
2026-02-03,2,seasonal_naive_7,117.0,123.0
2026-02-03,2,climatology,148.28715873015875,123.0
2026-02-03,2,gru,109.68807685833083,123.0
2026-02-03,3,naive,134.0,112.0
2026-02-03,3,naive_carry,134.0,112.0
2026-02-03,3,seasonal_naive_7,125.0,112.0
2026-02-03,3,climatology,146.6031111111111,112.0
2026-02-03,3,gru,130.05699684281447,112.0
2026-02-04,1,naive,189.0,123.0
2026-02-04,1,naive_carry,189.0,123.0
2026-02-04,1,seasonal_naive_7,117.0,123.0
2026-02-04,1,climatology,148.28715873015875,123.0
2026-02-04,1,gru,152.1858527701889,123.0
2026-02-04,2,naive,189.0,112.0
2026-02-04,2,naive_carry,189.0,112.0
2026-02-04,2,seasonal_naive_7,125.0,112.0
2026-02-04,2,climatology,146.6031111111111,112.0
2026-02-04,2,gru,121.12363280295814,112.0
2026-02-04,3,naive,189.0,107.0
2026-02-04,3,naive_carry,189.0,107.0
2026-02-04,3,seasonal_naive_7,189.0,107.0
2026-02-04,3,climatology,144.1231111111111,107.0
2026-02-04,3,gru,134.1102952837708,107.0
2026-02-05,1,naive,123.0,112.0
2026-02-05,1,naive_carry,123.0,112.0
2026-02-05,1,seasonal_naive_7,125.0,112.0
2026-02-05,1,climatology,146.6031111111111,112.0
2026-02-05,1,gru,117.6308395932689,112.0
2026-02-05,2,naive,123.0,107.0
2026-02-05,2,naive_carry,123.0,107.0
2026-02-05,2,seasonal_naive_7,189.0,107.0
2026-02-05,2,climatology,144.1231111111111,107.0
2026-02-05,2,gru,112.90686149395185,107.0
2026-02-05,3,naive,123.0,88.7
2026-02-05,3,naive_carry,123.0,88.7
2026-02-05,3,seasonal_naive_7,96.0,88.7
2026-02-05,3,climatology,140.11666666666667,88.7
2026-02-05,3,gru,131.9694848428761,88.7
2026-02-06,1,naive,112.0,107.0
2026-02-06,1,naive_carry,112.0,107.0
2026-02-06,1,seasonal_naive_7,189.0,107.0
2026-02-06,1,climatology,144.1231111111111,107.0
2026-02-06,1,gru,120.16056022824259,107.0
2026-02-06,2,naive,112.0,88.7
2026-02-06,2,naive_carry,112.0,88.7
2026-02-06,2,seasonal_naive_7,96.0,88.7
2026-02-06,2,climatology,140.11666666666667,88.7
2026-02-06,2,gru,110.03166584211407,88.7
2026-02-06,3,naive,112.0,116.0
2026-02-06,3,naive_carry,112.0,116.0
2026-02-06,3,seasonal_naive_7,137.0,116.0
2026-02-06,3,climatology,139.51222222222222,116.0
2026-02-06,3,gru,123.34106567906302,116.0
2026-02-07,1,naive,107.0,88.7
2026-02-07,1,naive_carry,107.0,88.7
2026-02-07,1,seasonal_naive_7,96.0,88.7
2026-02-07,1,climatology,140.11666666666667,88.7
2026-02-07,1,gru,102.92606957320208,88.7
2026-02-07,2,naive,107.0,116.0
2026-02-07,2,naive_carry,107.0,116.0
2026-02-07,2,seasonal_naive_7,137.0,116.0
2026-02-07,2,climatology,139.51222222222222,116.0
2026-02-07,2,gru,59.345894570739084,116.0
2026-02-07,3,naive,107.0,121.0
2026-02-07,3,naive_carry,107.0,121.0
2026-02-07,3,seasonal_naive_7,134.0,121.0
2026-02-07,3,climatology,136.12722222222223,121.0
2026-02-07,3,gru,107.29360954325222,121.0
2026-02-08,1,naive,88.7,116.0
2026-02-08,1,naive_carry,88.7,116.0
2026-02-08,1,seasonal_naive_7,137.0,116.0
2026-02-08,1,climatology,139.51222222222222,116.0
2026-02-08,1,gru,81.08236093993803,116.0
2026-02-08,2,naive,88.7,121.0
2026-02-08,2,naive_carry,88.7,121.0
2026-02-08,2,seasonal_naive_7,134.0,121.0
2026-02-08,2,climatology,136.12722222222223,121.0
2026-02-08,2,gru,48.390748062478146,121.0
2026-02-08,3,naive,88.7,140.0
2026-02-08,3,naive_carry,88.7,140.0
2026-02-08,3,seasonal_naive_7,189.0,140.0
2026-02-08,3,climatology,133.1238888888889,140.0
2026-02-08,3,gru,86.32856571787067,140.0
2026-02-09,1,naive,116.0,121.0
2026-02-09,1,naive_carry,116.0,121.0
2026-02-09,1,seasonal_naive_7,134.0,121.0
2026-02-09,1,climatology,136.12722222222223,121.0
2026-02-09,1,gru,105.73288943379113,121.0
2026-02-09,2,naive,116.0,140.0
2026-02-09,2,naive_carry,116.0,140.0
2026-02-09,2,seasonal_naive_7,189.0,140.0
2026-02-09,2,climatology,133.1238888888889,140.0
2026-02-09,2,gru,62.840461419120935,140.0
2026-02-09,3,naive,116.0,75.0
2026-02-09,3,naive_carry,116.0,75.0
2026-02-09,3,seasonal_naive_7,123.0,75.0
2026-02-09,3,climatology,131.14833333333334,75.0
2026-02-09,3,gru,110.2072628183994,75.0
2026-02-10,1,naive,121.0,140.0
2026-02-10,1,naive_carry,121.0,140.0
2026-02-10,1,seasonal_naive_7,189.0,140.0
2026-02-10,1,climatology,133.1238888888889,140.0
2026-02-10,1,gru,110.72438491836009,140.0
2026-02-10,2,naive,121.0,75.0
2026-02-10,2,naive_carry,121.0,75.0
2026-02-10,2,seasonal_naive_7,123.0,75.0
2026-02-10,2,climatology,131.14833333333334,75.0
2026-02-10,2,gru,65.287961883265,75.0
2026-02-10,3,naive,121.0,84.6
2026-02-10,3,naive_carry,121.0,84.6
2026-02-10,3,seasonal_naive_7,112.0,84.6
2026-02-10,3,climatology,128.48944444444444,84.6
2026-02-10,3,gru,112.64518277988964,84.6
2026-02-11,1,naive,140.0,75.0
2026-02-11,1,naive_carry,140.0,75.0
2026-02-11,1,seasonal_naive_7,123.0,75.0
2026-02-11,1,climatology,131.14833333333334,75.0
2026-02-11,1,gru,128.8665842949782,75.0
2026-02-11,2,naive,140.0,84.6
2026-02-11,2,naive_carry,140.0,84.6
2026-02-11,2,seasonal_naive_7,112.0,84.6
2026-02-11,2,climatology,128.48944444444444,84.6
2026-02-11,2,gru,75.36336300540313,84.6
2026-02-11,3,naive,140.0,118.0
2026-02-11,3,naive_carry,140.0,118.0
2026-02-11,3,seasonal_naive_7,107.0,118.0
2026-02-11,3,climatology,119.65166666666669,118.0
2026-02-11,3,gru,127.96012578421197,118.0
2026-02-12,1,naive,75.0,84.6
2026-02-12,1,naive_carry,75.0,84.6
2026-02-12,1,seasonal_naive_7,112.0,84.6
2026-02-12,1,climatology,128.48944444444444,84.6
2026-02-12,1,gru,69.40310142136919,84.6
2026-02-12,2,naive,75.0,118.0
2026-02-12,2,naive_carry,75.0,118.0
2026-02-12,2,seasonal_naive_7,107.0,118.0
2026-02-12,2,climatology,119.65166666666669,118.0
2026-02-12,2,gru,40.413177451805794,118.0
2026-02-12,3,naive,75.0,90.3
2026-02-12,3,naive_carry,75.0,90.3
2026-02-12,3,seasonal_naive_7,88.7,90.3
2026-02-12,3,climatology,117.7338888888889,90.3
2026-02-12,3,gru,67.71756204056118,90.3
2026-02-13,1,naive,84.6,118.0
2026-02-13,1,naive_carry,84.6,118.0
2026-02-13,1,seasonal_naive_7,107.0,118.0
2026-02-13,1,climatology,119.65166666666669,118.0
2026-02-13,1,gru,78.73746428588112,118.0
2026-02-13,2,naive,84.6,90.3
2026-02-13,2,naive_carry,84.6,90.3
2026-02-13,2,seasonal_naive_7,88.7,90.3
2026-02-13,2,climatology,117.7338888888889,90.3
2026-02-13,2,gru,45.65353174909119,90.3
2026-02-13,3,naive,84.6,109.0
2026-02-13,3,naive_carry,84.6,109.0
2026-02-13,3,seasonal_naive_7,116.0,109.0
2026-02-13,3,climatology,113.85222222222224,109.0
2026-02-13,3,gru,75.53218945412492,109.0
2026-02-14,1,naive,118.0,90.3
2026-02-14,1,naive_carry,118.0,90.3
2026-02-14,1,seasonal_naive_7,88.7,90.3
2026-02-14,1,climatology,117.7338888888889,90.3
2026-02-14,1,gru,110.57947009887043,90.3
2026-02-14,2,naive,118.0,109.0
2026-02-14,2,naive_carry,118.0,109.0
2026-02-14,2,seasonal_naive_7,116.0,109.0
2026-02-14,2,climatology,113.85222222222224,109.0
2026-02-14,2,gru,63.78903942107178,109.0
2026-02-14,3,naive,118.0,78.4
2026-02-14,3,naive_carry,118.0,78.4
2026-02-14,3,seasonal_naive_7,121.0,78.4
2026-02-14,3,climatology,111.02155555555557,78.4
2026-02-14,3,gru,104.18663033542306,78.4
2026-02-15,1,naive,90.3,109.0
2026-02-15,1,naive_carry,90.3,109.0
2026-02-15,1,seasonal_naive_7,116.0,109.0
2026-02-15,1,climatology,113.85222222222224,109.0
2026-02-15,1,gru,85.2089449092715,109.0
2026-02-15,2,naive,90.3,78.4
2026-02-15,2,naive_carry,90.3,78.4
2026-02-15,2,seasonal_naive_7,121.0,78.4
2026-02-15,2,climatology,111.02155555555557,78.4
2026-02-15,2,gru,48.95382059014366,78.4
2026-02-15,3,naive,90.3,84.3
2026-02-15,3,naive_carry,90.3,84.3
2026-02-15,3,seasonal_naive_7,140.0,84.3
2026-02-15,3,climatology,110.41755555555557,84.3
2026-02-15,3,gru,79.0870267336601,84.3
2026-02-16,1,naive,109.0,78.4
2026-02-16,1,naive_carry,109.0,78.4
2026-02-16,1,seasonal_naive_7,121.0,78.4
2026-02-16,1,climatology,111.02155555555557,78.4
2026-02-16,1,gru,103.58949825538895,78.4
2026-02-16,2,naive,109.0,84.3
2026-02-16,2,naive_carry,109.0,84.3
2026-02-16,2,seasonal_naive_7,140.0,84.3
2026-02-16,2,climatology,110.41755555555557,84.3
2026-02-16,2,gru,59.288374505436664,84.3
2026-02-16,3,naive,109.0,90.3
2026-02-16,3,naive_carry,109.0,90.3
2026-02-16,3,seasonal_naive_7,75.0,90.3
2026-02-16,3,climatology,106.06355555555557,90.3
2026-02-16,3,gru,94.66260238865924,90.3
2026-02-17,1,naive,78.4,84.3
2026-02-17,1,naive_carry,78.4,84.3
2026-02-17,1,seasonal_naive_7,140.0,84.3
2026-02-17,1,climatology,110.41755555555557,84.3
2026-02-17,1,gru,75.02428529862597,84.3
2026-02-17,2,naive,78.4,90.3
2026-02-17,2,naive_carry,78.4,90.3
2026-02-17,2,seasonal_naive_7,75.0,90.3
2026-02-17,2,climatology,106.06355555555557,90.3
2026-02-17,2,gru,42.809639121880885,90.3
2026-02-17,3,naive,78.4,93.8
2026-02-17,3,naive_carry,78.4,93.8
2026-02-17,3,seasonal_naive_7,84.6,93.8
2026-02-17,3,climatology,101.38522222222224,93.8
2026-02-17,3,gru,67.68249795690306,93.8
2026-02-18,1,naive,84.3,90.3
2026-02-18,1,naive_carry,84.3,90.3
2026-02-18,1,seasonal_naive_7,75.0,90.3
2026-02-18,1,climatology,106.06355555555557,90.3
2026-02-18,1,gru,81.2330737112012,90.3
2026-02-18,2,naive,84.3,93.8
2026-02-18,2,naive_carry,84.3,93.8
2026-02-18,2,seasonal_naive_7,84.6,93.8
2026-02-18,2,climatology,101.38522222222224,93.8
2026-02-18,2,gru,46.221760671612664,93.8
2026-02-18,3,naive,84.3,107.0
2026-02-18,3,naive_carry,84.3,107.0
2026-02-18,3,seasonal_naive_7,118.0,107.0
2026-02-18,3,climatology,97.47244444444443,107.0
2026-02-18,3,gru,72.32005687514976,107.0
2026-02-19,1,naive,90.3,93.8
2026-02-19,1,naive_carry,90.3,93.8
2026-02-19,1,seasonal_naive_7,84.6,93.8
2026-02-19,1,climatology,101.38522222222224,93.8
2026-02-19,1,gru,87.66706175727336,93.8
2026-02-19,2,naive,90.3,107.0
2026-02-19,2,naive_carry,90.3,107.0
2026-02-19,2,seasonal_naive_7,118.0,107.0
2026-02-19,2,climatology,97.47244444444443,107.0
2026-02-19,2,gru,49.6990235935121,107.0
2026-02-19,3,naive,90.3,101.0
2026-02-19,3,naive_carry,90.3,101.0
2026-02-19,3,seasonal_naive_7,90.3,101.0
2026-02-19,3,climatology,95.99466666666667,101.0
2026-02-19,3,gru,77.00660133722756,101.0
2026-02-20,1,naive,93.8,107.0
2026-02-20,1,naive_carry,93.8,107.0
2026-02-20,1,seasonal_naive_7,118.0,107.0
2026-02-20,1,climatology,97.47244444444443,107.0
2026-02-20,1,gru,91.79660789137361,107.0
2026-02-20,2,naive,93.8,101.0
2026-02-20,2,naive_carry,93.8,101.0
2026-02-20,2,seasonal_naive_7,90.3,101.0
2026-02-20,2,climatology,95.99466666666667,101.0
2026-02-20,2,gru,51.792953245780396,101.0
2026-02-20,3,naive,93.8,89.2
2026-02-20,3,naive_carry,93.8,89.2
2026-02-20,3,seasonal_naive_7,109.0,89.2
2026-02-20,3,climatology,95.10166666666667,89.2
2026-02-20,3,gru,79.55845616649658,89.2
2026-02-21,1,naive,107.0,101.0
2026-02-21,1,naive_carry,107.0,101.0
2026-02-21,1,seasonal_naive_7,90.3,101.0
2026-02-21,1,climatology,95.99466666666667,101.0
2026-02-21,1,gru,105.56536184894051,101.0
2026-02-21,2,naive,107.0,89.2
2026-02-21,2,naive_carry,107.0,89.2
2026-02-21,2,seasonal_naive_7,109.0,89.2
2026-02-21,2,climatology,95.10166666666667,89.2
2026-02-21,2,gru,59.24683767912519,89.2
2026-02-21,3,naive,107.0,108.0
2026-02-21,3,naive_carry,107.0,108.0
2026-02-21,3,seasonal_naive_7,78.4,108.0
2026-02-21,3,climatology,90.67055555555557,108.0
2026-02-21,3,gru,90.27492511859415,108.0
2026-02-22,1,naive,101.0,89.2
2026-02-22,1,naive_carry,101.0,89.2
2026-02-22,1,seasonal_naive_7,109.0,89.2
2026-02-22,1,climatology,95.10166666666667,89.2
2026-02-22,1,gru,100.40836399622933,89.2
2026-02-22,2,naive,101.0,108.0
2026-02-22,2,naive_carry,101.0,108.0
2026-02-22,2,seasonal_naive_7,78.4,108.0
2026-02-22,2,climatology,90.67055555555557,108.0
2026-02-22,2,gru,56.128133227223024,108.0
2026-02-22,3,naive,101.0,90.0
2026-02-22,3,naive_carry,101.0,90.0
2026-02-22,3,seasonal_naive_7,84.3,90.0
2026-02-22,3,climatology,86.78444444444445,90.0
2026-02-22,3,gru,84.88934240792797,90.0
2026-02-23,1,naive,89.2,108.0
2026-02-23,1,naive_carry,89.2,108.0
2026-02-23,1,seasonal_naive_7,78.4,108.0
2026-02-23,1,climatology,90.67055555555557,108.0
2026-02-23,1,gru,89.4146831559084,108.0
2026-02-23,2,naive,89.2,90.0
2026-02-23,2,naive_carry,89.2,90.0
2026-02-23,2,seasonal_naive_7,84.3,90.0
2026-02-23,2,climatology,86.78444444444445,90.0
2026-02-23,2,gru,49.7627489073873,90.0
2026-02-23,3,naive,89.2,76.0
2026-02-23,3,naive_carry,89.2,76.0
2026-02-23,3,seasonal_naive_7,90.3,76.0
2026-02-23,3,climatology,83.73777777777778,76.0
2026-02-23,3,gru,74.75988413158407,76.0
2026-02-24,1,naive,108.0,90.0
2026-02-24,1,naive_carry,108.0,90.0
2026-02-24,1,seasonal_naive_7,84.3,90.0
2026-02-24,1,climatology,86.78444444444445,90.0
2026-02-24,1,gru,109.14772311522427,90.0
2026-02-24,2,naive,108.0,76.0
2026-02-24,2,naive_carry,108.0,76.0
2026-02-24,2,seasonal_naive_7,90.3,76.0
2026-02-24,2,climatology,83.73777777777778,76.0
2026-02-24,2,gru,60.50536620053196,76.0
2026-02-24,3,naive,108.0,69.8
2026-02-24,3,naive_carry,108.0,69.8
2026-02-24,3,seasonal_naive_7,93.8,69.8
2026-02-24,3,climatology,81.99333333333334,69.8
2026-02-24,3,gru,90.20303795967162,69.8
2026-02-25,1,naive,90.0,76.0
2026-02-25,1,naive_carry,90.0,76.0
2026-02-25,1,seasonal_naive_7,90.3,76.0
2026-02-25,1,climatology,83.73777777777778,76.0
2026-02-25,1,gru,91.75678120381619,76.0
2026-02-25,2,naive,90.0,69.8
2026-02-25,2,naive_carry,90.0,69.8
2026-02-25,2,seasonal_naive_7,93.8,69.8
2026-02-25,2,climatology,81.99333333333334,69.8
2026-02-25,2,gru,50.54307386065143,69.8
2026-02-25,3,naive,90.0,83.1
2026-02-25,3,naive_carry,90.0,83.1
2026-02-25,3,seasonal_naive_7,107.0,83.1
2026-02-25,3,climatology,80.55444444444444,83.1
2026-02-25,3,gru,74.95410754653828,83.1
2026-02-26,1,naive,76.0,69.8
2026-02-26,1,naive_carry,76.0,69.8
2026-02-26,1,seasonal_naive_7,93.8,69.8
2026-02-26,1,climatology,81.99333333333334,69.8
2026-02-26,1,gru,78.00882939328302,69.8
2026-02-26,2,naive,76.0,83.1
2026-02-26,2,naive_carry,76.0,83.1
2026-02-26,2,seasonal_naive_7,107.0,83.1
2026-02-26,2,climatology,80.55444444444444,83.1
2026-02-26,2,gru,42.81649980471945,83.1
2026-02-26,3,naive,76.0,78.8
2026-02-26,3,naive_carry,76.0,78.8
2026-02-26,3,seasonal_naive_7,101.0,78.8
2026-02-26,3,climatology,80.95055555555555,78.8
2026-02-26,3,gru,63.11949025912921,78.8
2026-02-27,1,naive,69.8,83.1
2026-02-27,1,naive_carry,69.8,83.1
2026-02-27,1,seasonal_naive_7,107.0,83.1
2026-02-27,1,climatology,80.55444444444444,83.1
2026-02-27,1,gru,72.11840025871332,83.1
2026-02-27,2,naive,69.8,78.8
2026-02-27,2,naive_carry,69.8,78.8
2026-02-27,2,seasonal_naive_7,101.0,78.8
2026-02-27,2,climatology,80.95055555555555,78.8
2026-02-27,2,gru,39.43668112637793,78.8
2026-02-27,3,naive,69.8,91.2
2026-02-27,3,naive_carry,69.8,91.2
2026-02-27,3,seasonal_naive_7,89.2,91.2
2026-02-27,3,climatology,80.87944444444445,91.2
2026-02-27,3,gru,57.82375604314242,91.2
2026-02-28,1,naive,83.1,78.8
2026-02-28,1,naive_carry,83.1,78.8
2026-02-28,1,seasonal_naive_7,101.0,78.8
2026-02-28,1,climatology,80.95055555555555,78.8
2026-02-28,1,gru,86.44770682175294,78.8
2026-02-28,2,naive,83.1,91.2
2026-02-28,2,naive_carry,83.1,91.2
2026-02-28,2,seasonal_naive_7,89.2,91.2
2026-02-28,2,climatology,80.87944444444445,91.2
2026-02-28,2,gru,47.097466306802644,91.2
2026-02-28,3,naive,83.1,83.3
2026-02-28,3,naive_carry,83.1,83.3
2026-02-28,3,seasonal_naive_7,108.0,83.3
2026-02-28,3,climatology,78.92444444444443,83.3
2026-02-28,3,gru,68.65411628408525,83.3
2026-03-01,1,naive,78.8,91.2
2026-03-01,1,naive_carry,78.8,91.2
2026-03-01,1,seasonal_naive_7,89.2,91.2
2026-03-01,1,climatology,80.87944444444445,91.2
2026-03-01,1,gru,82.53705635084606,91.2
2026-03-01,2,naive,78.8,83.3
2026-03-01,2,naive_carry,78.8,83.3
2026-03-01,2,seasonal_naive_7,108.0,83.3
2026-03-01,2,climatology,78.92444444444443,83.3
2026-03-01,2,gru,44.77515283831751,83.3
2026-03-01,3,naive,78.8,67.1
2026-03-01,3,naive_carry,78.8,67.1
2026-03-01,3,seasonal_naive_7,90.0,67.1
2026-03-01,3,climatology,78.64577777777778,67.1
2026-03-01,3,gru,64.92330681566672,67.1
2026-03-02,1,naive,91.2,83.3
2026-03-02,1,naive_carry,91.2,83.3
2026-03-02,1,seasonal_naive_7,108.0,83.3
2026-03-02,1,climatology,78.92444444444443,83.3
2026-03-02,1,gru,96.05443892796052,83.3
2026-03-02,2,naive,91.2,67.1
2026-03-02,2,naive_carry,91.2,67.1
2026-03-02,2,seasonal_naive_7,90.0,67.1
2026-03-02,2,climatology,78.64577777777778,67.1
2026-03-02,2,gru,51.913883644438776,67.1
2026-03-02,3,naive,91.2,63.1
2026-03-02,3,naive_carry,91.2,63.1
2026-03-02,3,seasonal_naive_7,76.0,63.1
2026-03-02,3,climatology,75.04711111111111,63.1
2026-03-02,3,gru,74.86996947557427,63.1
2026-03-03,1,naive,83.3,67.1
2026-03-03,1,naive_carry,83.3,67.1
2026-03-03,1,seasonal_naive_7,90.0,67.1
2026-03-03,1,climatology,78.64577777777778,67.1
2026-03-03,1,gru,88.41178535600939,67.1
2026-03-03,2,naive,83.3,63.1
2026-03-03,2,naive_carry,83.3,63.1
2026-03-03,2,seasonal_naive_7,76.0,63.1
2026-03-03,2,climatology,75.04711111111111,63.1
2026-03-03,2,gru,47.41955756049402,63.1
2026-03-03,3,naive,83.3,76.6
2026-03-03,3,naive_carry,83.3,76.6
2026-03-03,3,seasonal_naive_7,69.8,76.6
2026-03-03,3,climatology,71.90544444444444,76.6
2026-03-03,3,gru,68.22362722311433,76.6
2026-03-04,1,naive,67.1,63.1
2026-03-04,1,naive_carry,67.1,63.1
2026-03-04,1,seasonal_naive_7,76.0,63.1
2026-03-04,1,climatology,75.04711111111111,63.1
2026-03-04,1,gru,71.42799914657898,63.1
2026-03-04,2,naive,67.1,76.6
2026-03-04,2,naive_carry,67.1,76.6
2026-03-04,2,seasonal_naive_7,69.8,76.6
2026-03-04,2,climatology,71.90544444444444,76.6
2026-03-04,2,gru,38.20756675121042,76.6
2026-03-04,3,naive,67.1,97.4
2026-03-04,3,naive_carry,67.1,97.4
2026-03-04,3,seasonal_naive_7,83.1,97.4
2026-03-04,3,climatology,71.45544444444445,97.4
2026-03-04,3,gru,54.72253263749659,97.4
2026-03-05,1,naive,63.1,76.6
2026-03-05,1,naive_carry,63.1,76.6
2026-03-05,1,seasonal_naive_7,69.8,76.6
2026-03-05,1,climatology,71.90544444444444,76.6
2026-03-05,1,gru,67.26417182489834,76.6
2026-03-05,2,naive,63.1,97.4
2026-03-05,2,naive_carry,63.1,97.4
2026-03-05,2,seasonal_naive_7,83.1,97.4
2026-03-05,2,climatology,71.45544444444445,97.4
2026-03-05,2,gru,35.842817665786015,97.4
2026-03-05,3,naive,63.1,96.8
2026-03-05,3,naive_carry,63.1,96.8
2026-03-05,3,seasonal_naive_7,78.8,96.8
2026-03-05,3,climatology,72.98655555555555,96.8
2026-03-05,3,gru,50.98435923357714,96.8
2026-03-06,1,naive,76.6,97.4
2026-03-06,1,naive_carry,76.6,97.4
2026-03-06,1,seasonal_naive_7,83.1,97.4
2026-03-06,1,climatology,71.45544444444445,97.4
2026-03-06,1,gru,81.90048333613744,97.4
2026-03-06,2,naive,76.6,96.8
2026-03-06,2,naive_carry,76.6,96.8
2026-03-06,2,seasonal_naive_7,78.8,96.8
2026-03-06,2,climatology,72.98655555555555,96.8
2026-03-06,2,gru,42.636079146723034,96.8
2026-03-06,3,naive,76.6,101.0
2026-03-06,3,naive_carry,76.6,101.0
2026-03-06,3,seasonal_naive_7,91.2,101.0
2026-03-06,3,climatology,73.89155555555557,101.0
2026-03-06,3,gru,60.28415321496138,101.0
2026-03-07,1,naive,97.4,96.8
2026-03-07,1,naive_carry,97.4,96.8
2026-03-07,1,seasonal_naive_7,78.8,96.8
2026-03-07,1,climatology,72.98655555555555,96.8
2026-03-07,1,gru,104.57850633927077,96.8
2026-03-07,2,naive,97.4,101.0
2026-03-07,2,naive_carry,97.4,101.0
2026-03-07,2,seasonal_naive_7,91.2,101.0
2026-03-07,2,climatology,73.89155555555557,101.0
2026-03-07,2,gru,52.842529587037355,101.0
2026-03-07,3,naive,97.4,100.0
2026-03-07,3,naive_carry,97.4,100.0
2026-03-07,3,seasonal_naive_7,83.3,100.0
2026-03-07,3,climatology,74.99322222222222,100.0
2026-03-07,3,gru,75.54397826707752,100.0
2026-03-08,1,naive,96.8,101.0
2026-03-08,1,naive_carry,96.8,101.0
2026-03-08,1,seasonal_naive_7,91.2,101.0
2026-03-08,1,climatology,73.89155555555557,101.0
2026-03-08,1,gru,106.57067363208805,101.0
2026-03-08,2,naive,96.8,100.0
2026-03-08,2,naive_carry,96.8,100.0
2026-03-08,2,seasonal_naive_7,83.3,100.0
2026-03-08,2,climatology,74.99322222222222,100.0
2026-03-08,2,gru,52.21879290077339,100.0
2026-03-08,3,naive,96.8,86.5
2026-03-08,3,naive_carry,96.8,86.5
2026-03-08,3,seasonal_naive_7,67.1,86.5
2026-03-08,3,climatology,76.263,86.5
2026-03-08,3,gru,81.28385445744898,86.5
2026-03-09,1,naive,101.0,100.0
2026-03-09,1,naive_carry,101.0,100.0
2026-03-09,1,seasonal_naive_7,83.3,100.0
2026-03-09,1,climatology,74.99322222222222,100.0
2026-03-09,1,gru,111.46300905170968,100.0
2026-03-09,2,naive,101.0,86.5
2026-03-09,2,naive_carry,101.0,86.5
2026-03-09,2,seasonal_naive_7,67.1,86.5
2026-03-09,2,climatology,76.263,86.5
2026-03-09,2,gru,54.451054788752515,86.5
2026-03-09,3,naive,101.0,77.5
2026-03-09,3,naive_carry,101.0,77.5
2026-03-09,3,seasonal_naive_7,63.1,77.5
2026-03-09,3,climatology,77.07744444444445,77.5
2026-03-09,3,gru,84.97492648477665,77.5
2026-03-10,1,naive,100.0,86.5
2026-03-10,1,naive_carry,100.0,86.5
2026-03-10,1,seasonal_naive_7,67.1,86.5
2026-03-10,1,climatology,76.263,86.5
2026-03-10,1,gru,110.58285475071536,86.5
2026-03-10,2,naive,100.0,77.5
2026-03-10,2,naive_carry,100.0,77.5
2026-03-10,2,seasonal_naive_7,63.1,77.5
2026-03-10,2,climatology,77.07744444444445,77.5
2026-03-10,2,gru,53.868205927558584,77.5
2026-03-10,3,naive,100.0,69.2
2026-03-10,3,naive_carry,100.0,69.2
2026-03-10,3,seasonal_naive_7,76.6,69.2
2026-03-10,3,climatology,78.70839682539683,69.2
2026-03-10,3,gru,84.30894590425532,69.2
2026-03-11,1,naive,86.5,77.5
2026-03-11,1,naive_carry,86.5,77.5
2026-03-11,1,seasonal_naive_7,63.1,77.5
2026-03-11,1,climatology,77.07744444444445,77.5
2026-03-11,1,gru,95.83465435812374,77.5
2026-03-11,2,naive,86.5,69.2
2026-03-11,2,naive_carry,86.5,69.2
2026-03-11,2,seasonal_naive_7,76.6,69.2
2026-03-11,2,climatology,78.70839682539683,69.2
2026-03-11,2,gru,46.55622141705108,69.2
2026-03-11,3,naive,86.5,66.7
2026-03-11,3,naive_carry,86.5,66.7
2026-03-11,3,seasonal_naive_7,97.4,66.7
2026-03-11,3,climatology,81.74706349206349,66.7
2026-03-11,3,gru,73.13675670981975,66.7
2026-03-12,1,naive,77.5,69.2
2026-03-12,1,naive_carry,77.5,69.2
2026-03-12,1,seasonal_naive_7,76.6,69.2
2026-03-12,1,climatology,78.70839682539683,69.2
2026-03-12,1,gru,86.01402328944745,69.2
2026-03-12,2,naive,77.5,66.7
2026-03-12,2,naive_carry,77.5,66.7
2026-03-12,2,seasonal_naive_7,97.4,66.7
2026-03-12,2,climatology,81.74706349206349,66.7
2026-03-12,2,gru,41.66873743088063,66.7
2026-03-12,3,naive,77.5,44.5
2026-03-12,3,naive_carry,77.5,44.5
2026-03-12,3,seasonal_naive_7,96.8,44.5
2026-03-12,3,climatology,81.42595238095238,44.5
2026-03-12,3,gru,65.75029589069656,44.5
2026-03-13,1,naive,69.2,66.7
2026-03-13,1,naive_carry,69.2,66.7
2026-03-13,1,seasonal_naive_7,97.4,66.7
2026-03-13,1,climatology,81.74706349206349,66.7
2026-03-13,1,gru,76.95849389169732,66.7
2026-03-13,2,naive,69.2,44.5
2026-03-13,2,naive_carry,69.2,44.5
2026-03-13,2,seasonal_naive_7,96.8,44.5
2026-03-13,2,climatology,81.42595238095238,44.5
2026-03-13,2,gru,37.18803620117087,44.5
2026-03-13,3,naive,69.2,39.7
2026-03-13,3,naive_carry,69.2,39.7
2026-03-13,3,seasonal_naive_7,101.0,39.7
2026-03-13,3,climatology,81.40761904761904,39.7
2026-03-13,3,gru,58.876546275039495,39.7
2026-03-14,1,naive,66.7,44.5
2026-03-14,1,naive_carry,66.7,44.5
2026-03-14,1,seasonal_naive_7,96.8,44.5
2026-03-14,1,climatology,81.42595238095238,44.5
2026-03-14,1,gru,74.2790837821234,44.5
2026-03-14,2,naive,66.7,39.7
2026-03-14,2,naive_carry,66.7,39.7
2026-03-14,2,seasonal_naive_7,101.0,39.7
2026-03-14,2,climatology,81.40761904761904,39.7
2026-03-14,2,gru,35.82430228755001,39.7
2026-03-14,3,naive,66.7,71.2
2026-03-14,3,naive_carry,66.7,71.2
2026-03-14,3,seasonal_naive_7,100.0,71.2
2026-03-14,3,climatology,79.82095238095239,71.2
2026-03-14,3,gru,56.8586967472353,71.2
2026-03-15,1,naive,44.5,39.7
2026-03-15,1,naive_carry,44.5,39.7
2026-03-15,1,seasonal_naive_7,101.0,39.7
2026-03-15,1,climatology,81.40761904761904,39.7
2026-03-15,1,gru,49.597977420503575,39.7
2026-03-15,2,naive,44.5,71.2
2026-03-15,2,naive_carry,44.5,71.2
2026-03-15,2,seasonal_naive_7,100.0,71.2
2026-03-15,2,climatology,79.82095238095239,71.2
2026-03-15,2,gru,23.876774712749093,71.2
2026-03-15,3,naive,44.5,80.0
2026-03-15,3,naive_carry,44.5,80.0
2026-03-15,3,seasonal_naive_7,86.5,80.0
2026-03-15,3,climatology,80.5220634920635,80.0
2026-03-15,3,gru,38.05789151221872,80.0
2026-03-16,1,naive,39.7,71.2
2026-03-16,1,naive_carry,39.7,71.2
2026-03-16,1,seasonal_naive_7,100.0,71.2
2026-03-16,1,climatology,79.82095238095239,71.2
2026-03-16,1,gru,44.28939085666116,71.2
2026-03-16,2,naive,39.7,80.0
2026-03-16,2,naive_carry,39.7,80.0
2026-03-16,2,seasonal_naive_7,86.5,80.0
2026-03-16,2,climatology,80.5220634920635,80.0
2026-03-16,2,gru,21.28166477603844,80.0
2026-03-16,3,naive,39.7,50.3
2026-03-16,3,naive_carry,39.7,50.3
2026-03-16,3,seasonal_naive_7,77.5,50.3
2026-03-16,3,climatology,80.2240634920635,50.3
2026-03-16,3,gru,34.06451597489514,50.3
2026-03-17,1,naive,71.2,80.0
2026-03-17,1,naive_carry,71.2,80.0
2026-03-17,1,seasonal_naive_7,86.5,80.0
2026-03-17,1,climatology,80.5220634920635,80.0
2026-03-17,1,gru,79.52574298602094,80.0
2026-03-17,2,naive,71.2,50.3
2026-03-17,2,naive_carry,71.2,50.3
2026-03-17,2,seasonal_naive_7,77.5,50.3
2026-03-17,2,climatology,80.2240634920635,50.3
2026-03-17,2,gru,38.13435446115438,50.3
2026-03-17,3,naive,71.2,42.8
2026-03-17,3,naive_carry,71.2,42.8
2026-03-17,3,seasonal_naive_7,69.2,42.8
2026-03-17,3,climatology,80.30673015873016,42.8
2026-03-17,3,gru,61.23296516953968,42.8
2026-03-18,1,naive,80.0,50.3
2026-03-18,1,naive_carry,80.0,50.3
2026-03-18,1,seasonal_naive_7,77.5,50.3
2026-03-18,1,climatology,80.2240634920635,50.3
2026-03-18,1,gru,89.51705009967392,50.3
2026-03-18,2,naive,80.0,42.8
2026-03-18,2,naive_carry,80.0,42.8
2026-03-18,2,seasonal_naive_7,69.2,42.8
2026-03-18,2,climatology,80.30673015873016,42.8
2026-03-18,2,gru,42.83060400483289,42.8
2026-03-18,3,naive,80.0,52.9
2026-03-18,3,naive_carry,80.0,52.9
2026-03-18,3,seasonal_naive_7,66.7,52.9
2026-03-18,3,climatology,80.7730634920635,52.9
2026-03-18,3,gru,68.96210027227525,52.9
2026-03-19,1,naive,50.3,42.8
2026-03-19,1,naive_carry,50.3,42.8
2026-03-19,1,seasonal_naive_7,69.2,42.8
2026-03-19,1,climatology,80.30673015873016,42.8
2026-03-19,1,gru,56.34098766591565,42.8
2026-03-19,2,naive,50.3,52.9
2026-03-19,2,naive_carry,50.3,52.9
2026-03-19,2,seasonal_naive_7,66.7,52.9
2026-03-19,2,climatology,80.7730634920635,52.9
2026-03-19,2,gru,26.916427732915796,52.9
2026-03-19,3,naive,50.3,58.3
2026-03-19,3,naive_carry,50.3,58.3
2026-03-19,3,seasonal_naive_7,44.5,58.3
2026-03-19,3,climatology,80.23084126984126,58.3
2026-03-19,3,gru,43.47769217881029,58.3
2026-03-20,1,naive,42.8,52.9
2026-03-20,1,naive_carry,42.8,52.9
2026-03-20,1,seasonal_naive_7,66.7,52.9
2026-03-20,1,climatology,80.7730634920635,52.9
2026-03-20,1,gru,47.97257204527705,52.9
2026-03-20,2,naive,42.8,58.3
2026-03-20,2,naive_carry,42.8,58.3
2026-03-20,2,seasonal_naive_7,44.5,58.3
2026-03-20,2,climatology,80.23084126984126,58.3
2026-03-20,2,gru,22.887202953406145,58.3
2026-03-20,3,naive,42.8,49.6
2026-03-20,3,naive_carry,42.8,49.6
2026-03-20,3,seasonal_naive_7,39.7,49.6
2026-03-20,3,climatology,78.94950793650793,49.6
2026-03-20,3,gru,37.099114303151346,49.6
2026-03-21,1,naive,52.9,58.3
2026-03-21,1,naive_carry,52.9,58.3
2026-03-21,1,seasonal_naive_7,44.5,58.3
2026-03-21,1,climatology,80.23084126984126,58.3
2026-03-21,1,gru,59.33588463204568,58.3
2026-03-21,2,naive,52.9,49.6
2026-03-21,2,naive_carry,52.9,49.6
2026-03-21,2,seasonal_naive_7,39.7,49.6
2026-03-21,2,climatology,78.94950793650793,49.6
2026-03-21,2,gru,28.268784963371107,49.6
2026-03-21,3,naive,52.9,64.7
2026-03-21,3,naive_carry,52.9,64.7
2026-03-21,3,seasonal_naive_7,71.2,64.7
2026-03-21,3,climatology,77.5591746031746,64.7
2026-03-21,3,gru,45.97128585141027,64.7
2026-03-22,1,naive,58.3,49.6
2026-03-22,1,naive_carry,58.3,49.6
2026-03-22,1,seasonal_naive_7,39.7,49.6
2026-03-22,1,climatology,78.94950793650793,49.6
2026-03-22,1,gru,65.44480088657849,49.6
2026-03-22,2,naive,58.3,64.7
2026-03-22,2,naive_carry,58.3,64.7
2026-03-22,2,seasonal_naive_7,71.2,64.7
2026-03-22,2,climatology,77.5591746031746,64.7
2026-03-22,2,gru,31.134044238215637,64.7
2026-03-22,3,naive,58.3,79.3
2026-03-22,3,naive_carry,58.3,79.3
2026-03-22,3,seasonal_naive_7,80.0,79.3
2026-03-22,3,climatology,75.26117460317461,79.3
2026-03-22,3,gru,50.80983766371596,79.3
2026-03-23,1,naive,49.6,64.7
2026-03-23,1,naive_carry,49.6,64.7
2026-03-23,1,seasonal_naive_7,71.2,64.7
2026-03-23,1,climatology,77.5591746031746,64.7
2026-03-23,1,gru,55.721459042572924,64.7
2026-03-23,2,naive,49.6,79.3
2026-03-23,2,naive_carry,49.6,79.3
2026-03-23,2,seasonal_naive_7,80.0,79.3
2026-03-23,2,climatology,75.26117460317461,79.3
2026-03-23,2,gru,26.471786473530877,79.3
2026-03-23,3,naive,49.6,58.7
2026-03-23,3,naive_carry,49.6,58.7
2026-03-23,3,seasonal_naive_7,50.3,58.7
2026-03-23,3,climatology,74.11584126984125,58.7
2026-03-23,3,gru,43.37305158416164,58.7
2026-03-24,1,naive,64.7,79.3
2026-03-24,1,naive_carry,64.7,79.3
2026-03-24,1,seasonal_naive_7,80.0,79.3
2026-03-24,1,climatology,75.26117460317461,79.3
2026-03-24,1,gru,72.75572087628902,79.3
2026-03-24,2,naive,64.7,58.7
2026-03-24,2,naive_carry,64.7,58.7
2026-03-24,2,seasonal_naive_7,50.3,58.7
2026-03-24,2,climatology,74.11584126984125,58.7
2026-03-24,2,gru,34.51555765015783,58.7
2026-03-24,3,naive,64.7,46.7
2026-03-24,3,naive_carry,64.7,46.7
2026-03-24,3,seasonal_naive_7,42.8,46.7
2026-03-24,3,climatology,72.50361904761904,46.7
2026-03-24,3,gru,56.721902250979184,46.7
2026-03-25,1,naive,79.3,58.7
2026-03-25,1,naive_carry,79.3,58.7
2026-03-25,1,seasonal_naive_7,50.3,58.7
2026-03-25,1,climatology,74.11584126984125,58.7
2026-03-25,1,gru,89.2742609977597,58.7
2026-03-25,2,naive,79.3,46.7
2026-03-25,2,naive_carry,79.3,46.7
2026-03-25,2,seasonal_naive_7,42.8,46.7
2026-03-25,2,climatology,72.50361904761904,46.7
2026-03-25,2,gru,42.289182301060386,46.7
2026-03-25,3,naive,79.3,66.9
2026-03-25,3,naive_carry,79.3,66.9
2026-03-25,3,seasonal_naive_7,52.9,66.9
2026-03-25,3,climatology,70.59266666666667,66.9
2026-03-25,3,gru,69.69967792834764,66.9
2026-03-26,1,naive,58.7,46.7
2026-03-26,1,naive_carry,58.7,46.7
2026-03-26,1,seasonal_naive_7,42.8,46.7
2026-03-26,1,climatology,72.50361904761904,46.7
2026-03-26,1,gru,66.15360573097792,46.7
2026-03-26,2,naive,58.7,66.9
2026-03-26,2,naive_carry,58.7,66.9
2026-03-26,2,seasonal_naive_7,52.9,66.9
2026-03-26,2,climatology,70.59266666666667,66.9
2026-03-26,2,gru,31.296107241673024,66.9
2026-03-26,3,naive,58.7,73.3
2026-03-26,3,naive_carry,58.7,73.3
2026-03-26,3,seasonal_naive_7,58.3,73.3
2026-03-26,3,climatology,68.01133333333333,73.3
2026-03-26,3,gru,51.76237995171615,73.3
2026-03-27,1,naive,46.7,66.9
2026-03-27,1,naive_carry,46.7,66.9
2026-03-27,1,seasonal_naive_7,52.9,66.9
2026-03-27,1,climatology,70.59266666666667,66.9
2026-03-27,1,gru,52.66955479619287,66.9
2026-03-27,2,naive,46.7,73.3
2026-03-27,2,naive_carry,46.7,73.3
2026-03-27,2,seasonal_naive_7,58.3,73.3
2026-03-27,2,climatology,68.01133333333333,73.3
2026-03-27,2,gru,24.893161280999628,73.3
2026-03-27,3,naive,46.7,54.8
2026-03-27,3,naive_carry,46.7,54.8
2026-03-27,3,seasonal_naive_7,49.6,54.8
2026-03-27,3,climatology,67.99244444444444,54.8
2026-03-27,3,gru,41.298841753473454,54.8
2026-03-28,1,naive,66.9,73.3
2026-03-28,1,naive_carry,66.9,73.3
2026-03-28,1,seasonal_naive_7,58.3,73.3
2026-03-28,1,climatology,68.01133333333333,73.3
2026-03-28,1,gru,75.52090722344202,73.3
2026-03-28,2,naive,66.9,54.8
2026-03-28,2,naive_carry,66.9,54.8
2026-03-28,2,seasonal_naive_7,49.6,54.8
2026-03-28,2,climatology,67.99244444444444,54.8
2026-03-28,2,gru,35.6587186949018,54.8
2026-03-28,3,naive,66.9,49.0
2026-03-28,3,naive_carry,66.9,49.0
2026-03-28,3,seasonal_naive_7,64.7,49.0
2026-03-28,3,climatology,69.18355555555556,49.0
2026-03-28,3,gru,59.26629978971891,49.0
2026-03-29,1,naive,73.3,54.8
2026-03-29,1,naive_carry,73.3,54.8
2026-03-29,1,seasonal_naive_7,49.6,54.8
2026-03-29,1,climatology,67.99244444444444,54.8
2026-03-29,1,gru,82.82325601644811,54.8
2026-03-29,2,naive,73.3,49.0
2026-03-29,2,naive_carry,73.3,49.0
2026-03-29,2,seasonal_naive_7,64.7,49.0
2026-03-29,2,climatology,69.18355555555556,49.0
2026-03-29,2,gru,39.07238689246309,49.0
2026-03-29,3,naive,73.3,42.0
2026-03-29,3,naive_carry,73.3,42.0
2026-03-29,3,seasonal_naive_7,79.3,42.0
2026-03-29,3,climatology,69.94044444444445,42.0
2026-03-29,3,gru,65.06218540783907,42.0
2026-03-30,1,naive,54.8,49.0
2026-03-30,1,naive_carry,54.8,49.0
2026-03-30,1,seasonal_naive_7,64.7,49.0
2026-03-30,1,climatology,69.18355555555556,49.0
2026-03-30,1,gru,61.96191220992541,49.0
2026-03-30,2,naive,54.8,42.0
2026-03-30,2,naive_carry,54.8,42.0
2026-03-30,2,seasonal_naive_7,79.3,42.0
2026-03-30,2,climatology,69.94044444444445,42.0
2026-03-30,2,gru,29.212361460870238,42.0
2026-03-30,3,naive,54.8,71.5
2026-03-30,3,naive_carry,54.8,71.5
2026-03-30,3,seasonal_naive_7,58.7,71.5
2026-03-30,3,climatology,69.08933333333334,71.5
2026-03-30,3,gru,48.76765637157235,71.5
2026-03-31,1,naive,49.0,42.0
2026-03-31,1,naive_carry,49.0,42.0
2026-03-31,1,seasonal_naive_7,79.3,42.0
2026-03-31,1,climatology,69.94044444444445,42.0
2026-03-31,1,gru,55.422772329648744,42.0
2026-03-31,2,naive,49.0,71.5
2026-03-31,2,naive_carry,49.0,71.5
2026-03-31,2,seasonal_naive_7,58.7,71.5
2026-03-31,2,climatology,69.08933333333334,71.5
2026-03-31,2,gru,26.118772040436813,71.5
2026-03-31,3,naive,49.0,81.3
2026-03-31,3,naive_carry,49.0,81.3
2026-03-31,3,seasonal_naive_7,46.7,81.3
2026-03-31,3,climatology,68.33266666666667,81.3
2026-03-31,3,gru,43.72512979779933,81.3
2026-04-01,1,naive,42.0,71.5
2026-04-01,1,naive_carry,42.0,71.5
2026-04-01,1,seasonal_naive_7,58.7,71.5
2026-04-01,1,climatology,69.08933333333334,71.5
2026-04-01,1,gru,47.520605470722415,71.5
2026-04-01,2,naive,42.0,81.3
2026-04-01,2,naive_carry,42.0,81.3
2026-04-01,2,seasonal_naive_7,46.7,81.3
2026-04-01,2,climatology,68.33266666666667,81.3
2026-04-01,2,gru,22.38551337827032,81.3
2026-04-01,3,naive,42.0,48.7
2026-04-01,3,naive_carry,42.0,48.7
2026-04-01,3,seasonal_naive_7,66.9,48.7
2026-04-01,3,climatology,68.24466666666666,48.7
2026-04-01,3,gru,37.591966135694214,48.7
2026-04-02,1,naive,71.5,81.3
2026-04-02,1,naive_carry,71.5,81.3
2026-04-02,1,seasonal_naive_7,46.7,81.3
2026-04-02,1,climatology,68.33266666666667,81.3
2026-04-02,1,gru,80.97072638798693,81.3
2026-04-02,2,naive,71.5,48.7
2026-04-02,2,naive_carry,71.5,48.7
2026-04-02,2,seasonal_naive_7,66.9,48.7
2026-04-02,2,climatology,68.24466666666666,48.7
2026-04-02,2,gru,38.11400533126021,48.7
2026-04-02,3,naive,71.5,44.3
2026-04-02,3,naive_carry,71.5,44.3
2026-04-02,3,seasonal_naive_7,73.3,44.3
2026-04-02,3,climatology,67.58,44.3
2026-04-02,3,gru,64.10463603409144,44.3
2026-04-03,1,naive,81.3,48.7
2026-04-03,1,naive_carry,81.3,48.7
2026-04-03,1,seasonal_naive_7,66.9,48.7
2026-04-03,1,climatology,68.24466666666666,48.7
2026-04-03,1,gru,92.1675156767523,48.7
2026-04-03,2,naive,81.3,44.3
2026-04-03,2,naive_carry,81.3,44.3
2026-04-03,2,seasonal_naive_7,73.3,44.3
2026-04-03,2,climatology,67.58,44.3
2026-04-03,2,gru,43.35817607977936,44.3
2026-04-03,3,naive,81.3,37.0
2026-04-03,3,naive_carry,81.3,37.0
2026-04-03,3,seasonal_naive_7,54.8,37.0
2026-04-03,3,climatology,67.80555555555556,37.0
2026-04-03,3,gru,72.98814165471458,37.0
2026-04-04,1,naive,48.7,44.3
2026-04-04,1,naive_carry,48.7,44.3
2026-04-04,1,seasonal_naive_7,73.3,44.3
2026-04-04,1,climatology,67.58,44.3
2026-04-04,1,gru,55.22270049806139,44.3
2026-04-04,2,naive,48.7,37.0
2026-04-04,2,naive_carry,48.7,37.0
2026-04-04,2,seasonal_naive_7,54.8,37.0
2026-04-04,2,climatology,67.80555555555556,37.0
2026-04-04,2,gru,25.982052724315313,37.0
2026-04-04,3,naive,48.7,39.8
2026-04-04,3,naive_carry,48.7,39.8
2026-04-04,3,seasonal_naive_7,49.0,39.8
2026-04-04,3,climatology,68.52155555555555,39.8
2026-04-04,3,gru,43.81927222946304,39.8
2026-04-05,1,naive,44.3,37.0
2026-04-05,1,naive_carry,44.3,37.0
2026-04-05,1,seasonal_naive_7,54.8,37.0
2026-04-05,1,climatology,67.80555555555556,37.0
2026-04-05,1,gru,50.22619810013987,37.0
2026-04-05,2,naive,44.3,39.8
2026-04-05,2,naive_carry,44.3,39.8
2026-04-05,2,seasonal_naive_7,49.0,39.8
2026-04-05,2,climatology,68.52155555555555,39.8
2026-04-05,2,gru,23.637172161934426,39.8
2026-04-05,3,naive,44.3,29.9
2026-04-05,3,naive_carry,44.3,29.9
2026-04-05,3,seasonal_naive_7,42.0,29.9
2026-04-05,3,climatology,68.748,29.9
2026-04-05,3,gru,39.96560832193996,29.9
2026-04-06,1,naive,37.0,39.8
2026-04-06,1,naive_carry,37.0,39.8
2026-04-06,1,seasonal_naive_7,49.0,39.8
2026-04-06,1,climatology,68.52155555555555,39.8
2026-04-06,1,gru,41.13581010594384,39.8
2026-04-06,2,naive,37.0,29.9
2026-04-06,2,naive_carry,37.0,29.9
2026-04-06,2,seasonal_naive_7,42.0,29.9
2026-04-06,2,climatology,68.748,29.9
2026-04-06,2,gru,37.657219640292126,29.9
2026-04-06,3,naive,37.0,39.2
2026-04-06,3,naive_carry,37.0,39.2
2026-04-06,3,seasonal_naive_7,71.5,39.2
2026-04-06,3,climatology,76.02266666666667,39.2
2026-04-06,3,gru,48.466415973155996,39.2
2026-04-07,1,naive,39.8,29.9
2026-04-07,1,naive_carry,39.8,29.9
2026-04-07,1,seasonal_naive_7,42.0,29.9
2026-04-07,1,climatology,68.748,29.9
2026-04-07,1,gru,44.26202233364919,29.9
2026-04-07,2,naive,39.8,39.2
2026-04-07,2,naive_carry,39.8,39.2
2026-04-07,2,seasonal_naive_7,71.5,39.2
2026-04-07,2,climatology,76.02266666666667,39.2
2026-04-07,2,gru,40.266486240321655,39.2
2026-04-07,3,naive,39.8,46.0
2026-04-07,3,naive_carry,39.8,46.0
2026-04-07,3,seasonal_naive_7,81.3,46.0
2026-04-07,3,climatology,82.366,46.0
2026-04-07,3,gru,52.06268076918343,46.0
2026-04-08,1,naive,29.9,39.2
2026-04-08,1,naive_carry,29.9,39.2
2026-04-08,1,seasonal_naive_7,71.5,39.2
2026-04-08,1,climatology,76.02266666666667,39.2
2026-04-08,1,gru,33.90757992457217,39.2
2026-04-08,2,naive,29.9,46.0
2026-04-08,2,naive_carry,29.9,46.0
2026-04-08,2,seasonal_naive_7,81.3,46.0
2026-04-08,2,climatology,82.366,46.0
2026-04-08,2,gru,31.96340904129625,46.0
2026-04-08,3,naive,29.9,40.5
2026-04-08,3,naive_carry,29.9,40.5
2026-04-08,3,seasonal_naive_7,48.7,40.5
2026-04-08,3,climatology,83.44422222222221,40.5
2026-04-08,3,gru,41.83301626773771,40.5
2026-04-09,1,naive,39.2,46.0
2026-04-09,1,naive_carry,39.2,46.0
2026-04-09,1,seasonal_naive_7,81.3,46.0
2026-04-09,1,climatology,82.366,46.0
2026-04-09,1,gru,43.94775294586383,46.0
2026-04-09,2,naive,39.2,40.5
2026-04-09,2,naive_carry,39.2,40.5
2026-04-09,2,seasonal_naive_7,48.7,40.5
2026-04-09,2,climatology,83.44422222222221,40.5
2026-04-09,2,gru,40.20048642293309,40.5
2026-04-09,3,naive,39.2,49.8
2026-04-09,3,naive_carry,39.2,49.8
2026-04-09,3,seasonal_naive_7,44.3,49.8
2026-04-09,3,climatology,83.69955555555556,49.8
2026-04-09,3,gru,52.56971614992902,49.8
2026-04-10,1,naive,46.0,40.5
2026-04-10,1,naive_carry,46.0,40.5
2026-04-10,1,seasonal_naive_7,48.7,40.5
2026-04-10,1,climatology,83.44422222222221,40.5
2026-04-10,1,gru,51.046882614970336,40.5
2026-04-10,2,naive,46.0,49.8
2026-04-10,2,naive_carry,46.0,49.8
2026-04-10,2,seasonal_naive_7,44.3,49.8
2026-04-10,2,climatology,83.69955555555556,49.8
2026-04-10,2,gru,46.02349168678502,49.8
2026-04-10,3,naive,46.0,50.0
2026-04-10,3,naive_carry,46.0,50.0
2026-04-10,3,seasonal_naive_7,37.0,50.0
2026-04-10,3,climatology,83.11955555555555,50.0
2026-04-10,3,gru,59.621098798567076,50.0
2026-04-11,1,naive,40.5,49.8
2026-04-11,1,naive_carry,40.5,49.8
2026-04-11,1,seasonal_naive_7,44.3,49.8
2026-04-11,1,climatology,83.69955555555556,49.8
2026-04-11,1,gru,45.24276576395646,49.8
2026-04-11,2,naive,40.5,50.0
2026-04-11,2,naive_carry,40.5,50.0
2026-04-11,2,seasonal_naive_7,37.0,50.0
2026-04-11,2,climatology,83.11955555555555,50.0
2026-04-11,2,gru,41.49403553876059,50.0
2026-04-11,3,naive,40.5,50.8
2026-04-11,3,naive_carry,40.5,50.8
2026-04-11,3,seasonal_naive_7,39.8,50.8
2026-04-11,3,climatology,84.46955555555556,50.8
2026-04-11,3,gru,53.735940201625695,50.8
2026-04-12,1,naive,49.8,50.0
2026-04-12,1,naive_carry,49.8,50.0
2026-04-12,1,seasonal_naive_7,37.0,50.0
2026-04-12,1,climatology,83.11955555555555,50.0
2026-04-12,1,gru,55.07338746127586,50.0
2026-04-12,2,naive,49.8,50.8
2026-04-12,2,naive_carry,49.8,50.8
2026-04-12,2,seasonal_naive_7,39.8,50.8
2026-04-12,2,climatology,84.46955555555556,50.8
2026-04-12,2,gru,49.403455050342174,50.8
2026-04-12,3,naive,49.8,70.9
2026-04-12,3,naive_carry,49.8,70.9
2026-04-12,3,seasonal_naive_7,29.9,70.9
2026-04-12,3,climatology,82.73444444444445,70.9
2026-04-12,3,gru,63.625084721108394,70.9
2026-04-13,1,naive,50.0,50.8
2026-04-13,1,naive_carry,50.0,50.8
2026-04-13,1,seasonal_naive_7,39.8,50.8
2026-04-13,1,climatology,84.46955555555556,50.8
2026-04-13,1,gru,55.23303255364184,50.8
2026-04-13,2,naive,50.0,70.9
2026-04-13,2,naive_carry,50.0,70.9
2026-04-13,2,seasonal_naive_7,29.9,70.9
2026-04-13,2,climatology,82.73444444444445,70.9
2026-04-13,2,gru,49.64782485731626,70.9
2026-04-13,3,naive,50.0,87.9
2026-04-13,3,naive_carry,50.0,87.9
2026-04-13,3,seasonal_naive_7,39.2,87.9
2026-04-13,3,climatology,83.51755555555556,87.9
2026-04-13,3,gru,63.55793940907011,87.9
2026-04-14,1,naive,50.8,70.9
2026-04-14,1,naive_carry,50.8,70.9
2026-04-14,1,seasonal_naive_7,29.9,70.9
2026-04-14,1,climatology,82.73444444444445,70.9
2026-04-14,1,gru,56.08580118754212,70.9
2026-04-14,2,naive,50.8,87.9
2026-04-14,2,naive_carry,50.8,87.9
2026-04-14,2,seasonal_naive_7,39.2,87.9
2026-04-14,2,climatology,83.51755555555556,87.9
2026-04-14,2,gru,50.3864666733944,87.9
2026-04-14,3,naive,50.8,82.7
2026-04-14,3,naive_carry,50.8,82.7
2026-04-14,3,seasonal_naive_7,46.0,82.7
2026-04-14,3,climatology,89.71255555555555,82.7
2026-04-14,3,gru,64.31897331275047,82.7
2026-04-15,1,naive,70.9,87.9
2026-04-15,1,naive_carry,70.9,87.9
2026-04-15,1,seasonal_naive_7,39.2,87.9
2026-04-15,1,climatology,83.51755555555556,87.9
2026-04-15,1,gru,76.7790140592818,87.9
2026-04-15,2,naive,70.9,82.7
2026-04-15,2,naive_carry,70.9,82.7
2026-04-15,2,seasonal_naive_7,46.0,82.7
2026-04-15,2,climatology,89.71255555555555,82.7
2026-04-15,2,gru,66.73201749907018,82.7
2026-04-15,3,naive,70.9,63.0
2026-04-15,3,naive_carry,70.9,63.0
2026-04-15,3,seasonal_naive_7,40.5,63.0
2026-04-15,3,climatology,90.2992222222222,63.0
2026-04-15,3,gru,84.01092305921807,63.0
2026-04-16,1,naive,87.9,82.7
2026-04-16,1,naive_carry,87.9,82.7
2026-04-16,1,seasonal_naive_7,46.0,82.7
2026-04-16,1,climatology,89.71255555555555,82.7
2026-04-16,1,gru,93.66114235773907,82.7
2026-04-16,2,naive,87.9,63.0
2026-04-16,2,naive_carry,87.9,63.0
2026-04-16,2,seasonal_naive_7,40.5,63.0
2026-04-16,2,climatology,90.2992222222222,63.0
2026-04-16,2,gru,80.13501038305614,63.0
2026-04-16,3,naive,87.9,108.0
2026-04-16,3,naive_carry,87.9,108.0
2026-04-16,3,seasonal_naive_7,49.8,108.0
2026-04-16,3,climatology,91.03488888888889,108.0
2026-04-16,3,gru,98.76818782423233,108.0
2026-04-17,1,naive,82.7,63.0
2026-04-17,1,naive_carry,82.7,63.0
2026-04-17,1,seasonal_naive_7,40.5,63.0
2026-04-17,1,climatology,90.2992222222222,63.0
2026-04-17,1,gru,88.15980177918848,63.0
2026-04-17,2,naive,82.7,108.0
2026-04-17,2,naive_carry,82.7,108.0
2026-04-17,2,seasonal_naive_7,49.8,108.0
2026-04-17,2,climatology,91.03488888888889,108.0
2026-04-17,2,gru,75.96732573552703,108.0
2026-04-17,3,naive,82.7,58.8
2026-04-17,3,naive_carry,82.7,58.8
2026-04-17,3,seasonal_naive_7,50.0,58.8
2026-04-17,3,climatology,90.9932222222222,58.8
2026-04-17,3,gru,92.67317964494048,58.8
2026-04-18,1,naive,63.0,108.0
2026-04-18,1,naive_carry,63.0,108.0
2026-04-18,1,seasonal_naive_7,49.8,108.0
2026-04-18,1,climatology,91.03488888888889,108.0
2026-04-18,1,gru,68.23589288010245,108.0
2026-04-18,2,naive,63.0,58.8
2026-04-18,2,naive_carry,63.0,58.8
2026-04-18,2,seasonal_naive_7,50.0,58.8
2026-04-18,2,climatology,90.9932222222222,58.8
2026-04-18,2,gru,60.28940556867213,58.8
2026-04-18,3,naive,63.0,62.6
2026-04-18,3,naive_carry,63.0,62.6
2026-04-18,3,seasonal_naive_7,50.8,62.6
2026-04-18,3,climatology,92.74766666666667,62.6
2026-04-18,3,gru,74.00999641291303,62.6
2026-04-19,1,naive,108.0,58.8
2026-04-19,1,naive_carry,108.0,58.8
2026-04-19,1,seasonal_naive_7,50.0,58.8
2026-04-19,1,climatology,90.9932222222222,58.8
2026-04-19,1,gru,113.65455966413923,58.8
2026-04-19,2,naive,108.0,62.6
2026-04-19,2,naive_carry,108.0,62.6
2026-04-19,2,seasonal_naive_7,50.8,62.6
2026-04-19,2,climatology,92.74766666666667,62.6
2026-04-19,2,gru,95.17753139801714,62.6
2026-04-19,3,naive,108.0,78.2
2026-04-19,3,naive_carry,108.0,78.2
2026-04-19,3,seasonal_naive_7,70.9,78.2
2026-04-19,3,climatology,93.38188888888888,78.2
2026-04-19,3,gru,115.0600080069446,78.2
2026-04-20,1,naive,58.8,62.6
2026-04-20,1,naive_carry,58.8,62.6
2026-04-20,1,seasonal_naive_7,50.8,62.6
2026-04-20,1,climatology,92.74766666666667,62.6
2026-04-20,1,gru,63.79894235084103,62.6
2026-04-20,2,naive,58.8,78.2
2026-04-20,2,naive_carry,58.8,78.2
2026-04-20,2,seasonal_naive_7,70.9,78.2
2026-04-20,2,climatology,93.38188888888888,78.2
2026-04-20,2,gru,56.936496846464664,78.2
2026-04-20,3,naive,58.8,59.7
2026-04-20,3,naive_carry,58.8,59.7
2026-04-20,3,seasonal_naive_7,87.9,59.7
2026-04-20,3,climatology,94.31144444444443,59.7
2026-04-20,3,gru,69.02823762741308,59.7
2026-04-21,1,naive,62.6,78.2
2026-04-21,1,naive_carry,62.6,78.2
2026-04-21,1,seasonal_naive_7,70.9,78.2
2026-04-21,1,climatology,93.38188888888888,78.2
2026-04-21,1,gru,68.11155433262843,78.2
2026-04-21,2,naive,62.6,59.7
2026-04-21,2,naive_carry,62.6,59.7
2026-04-21,2,seasonal_naive_7,87.9,59.7
2026-04-21,2,climatology,94.31144444444443,59.7
2026-04-21,2,gru,60.07376497492423,59.7
2026-04-21,3,naive,62.6,91.9
2026-04-21,3,naive_carry,62.6,91.9
2026-04-21,3,seasonal_naive_7,82.7,91.9
2026-04-21,3,climatology,87.35811111111111,91.9
2026-04-21,3,gru,73.56208723018577,91.9
2026-04-22,1,naive,78.2,59.7
2026-04-22,1,naive_carry,78.2,59.7
2026-04-22,1,seasonal_naive_7,87.9,59.7
2026-04-22,1,climatology,94.31144444444443,59.7
2026-04-22,1,gru,84.10522716598564,59.7
2026-04-22,2,naive,78.2,91.9
2026-04-22,2,naive_carry,78.2,91.9
2026-04-22,2,seasonal_naive_7,82.7,91.9
2026-04-22,2,climatology,87.35811111111111,91.9
2026-04-22,2,gru,72.60765834922096,91.9
2026-04-22,3,naive,78.2,79.6
2026-04-22,3,naive_carry,78.2,79.6
2026-04-22,3,seasonal_naive_7,63.0,79.6
2026-04-22,3,climatology,81.19744444444444,79.6
2026-04-22,3,gru,88.35455748216208,79.6
2026-04-23,1,naive,59.7,91.9
2026-04-23,1,naive_carry,59.7,91.9
2026-04-23,1,seasonal_naive_7,82.7,91.9
2026-04-23,1,climatology,87.35811111111111,91.9
2026-04-23,1,gru,65.12123505569159,91.9
2026-04-23,2,naive,59.7,79.6
2026-04-23,2,naive_carry,59.7,79.6
2026-04-23,2,seasonal_naive_7,63.0,79.6
2026-04-23,2,climatology,81.19744444444444,79.6
2026-04-23,2,gru,58.048606556458914,79.6
2026-04-23,3,naive,59.7,84.7
2026-04-23,3,naive_carry,59.7,84.7
2026-04-23,3,seasonal_naive_7,108.0,84.7
2026-04-23,3,climatology,81.26144444444444,84.7
2026-04-23,3,gru,70.60218760489963,84.7
2026-04-24,1,naive,91.9,79.6
2026-04-24,1,naive_carry,91.9,79.6
2026-04-24,1,seasonal_naive_7,63.0,79.6
2026-04-24,1,climatology,81.19744444444444,79.6
2026-04-24,1,gru,98.05496277089888,79.6
2026-04-24,2,naive,91.9,84.7
2026-04-24,2,naive_carry,91.9,84.7
2026-04-24,2,seasonal_naive_7,108.0,84.7
2026-04-24,2,climatology,81.26144444444444,84.7
2026-04-24,2,gru,83.38361683856873,84.7
2026-04-24,3,naive,91.9,75.4
2026-04-24,3,naive_carry,91.9,75.4
2026-04-24,3,seasonal_naive_7,58.8,75.4
2026-04-24,3,climatology,80.52833333333334,75.4
2026-04-24,3,gru,100.71401359573848,75.4
2026-04-25,1,naive,79.6,84.7
2026-04-25,1,naive_carry,79.6,84.7
2026-04-25,1,seasonal_naive_7,108.0,84.7
2026-04-25,1,climatology,81.26144444444444,84.7
2026-04-25,1,gru,85.30919375148088,84.7
2026-04-25,2,naive,79.6,75.4
2026-04-25,2,naive_carry,79.6,75.4
2026-04-25,2,seasonal_naive_7,58.8,75.4
2026-04-25,2,climatology,80.52833333333334,75.4
2026-04-25,2,gru,74.04841326241727,75.4
2026-04-25,3,naive,79.6,59.6
2026-04-25,3,naive_carry,79.6,59.6
2026-04-25,3,seasonal_naive_7,62.6,59.6
2026-04-25,3,climatology,80.38166666666666,59.6
2026-04-25,3,gru,88.39470279613175,59.6
2026-04-26,1,naive,84.7,75.4
2026-04-26,1,naive_carry,84.7,75.4
2026-04-26,1,seasonal_naive_7,58.8,75.4
2026-04-26,1,climatology,80.52833333333334,75.4
2026-04-26,1,gru,90.48478052766531,75.4
2026-04-26,2,naive,84.7,59.6
2026-04-26,2,naive_carry,84.7,59.6
2026-04-26,2,seasonal_naive_7,62.6,59.6
2026-04-26,2,climatology,80.38166666666666,59.6
2026-04-26,2,gru,77.96239392139488,59.6
2026-04-27,1,naive,75.4,59.6
2026-04-27,1,naive_carry,75.4,59.6
2026-04-27,1,seasonal_naive_7,62.6,59.6
2026-04-27,1,climatology,80.38166666666666,59.6
2026-04-27,1,gru,81.0618081970288,59.6
2026-05-09,3,naive,48.0,62.0
2026-05-09,3,naive_carry,48.0,62.0
2026-05-09,3,seasonal_naive_7,33.8,62.0
2026-05-09,3,climatology,81.50422222222223,62.0
2026-05-09,3,gru,60.142814725198576,62.0
2026-05-10,2,naive,51.3,62.0
2026-05-10,2,naive_carry,51.3,62.0
2026-05-10,2,seasonal_naive_7,33.8,62.0
2026-05-10,2,climatology,81.50422222222223,62.0
2026-05-10,2,gru,52.14523990865904,62.0
2026-05-10,3,naive,51.3,57.3
2026-05-10,3,naive_carry,51.3,57.3
2026-05-10,3,seasonal_naive_7,52.5,57.3
2026-05-10,3,climatology,81.40422222222223,57.3
2026-05-10,3,gru,62.622436965135165,57.3
2026-05-11,1,naive,59.8,62.0
2026-05-11,1,naive_carry,59.8,62.0
2026-05-11,1,seasonal_naive_7,33.8,62.0
2026-05-11,1,climatology,81.50422222222223,62.0
2026-05-11,1,gru,65.95758225967397,62.0
2026-05-11,2,naive,59.8,57.3
2026-05-11,2,naive_carry,59.8,57.3
2026-05-11,2,seasonal_naive_7,52.5,57.3
2026-05-11,2,climatology,81.40422222222223,57.3
2026-05-11,2,gru,59.20465861231835,57.3
2026-05-11,3,naive,59.8,46.1
2026-05-11,3,naive_carry,59.8,46.1
2026-05-11,3,seasonal_naive_7,34.0,46.1
2026-05-11,3,climatology,81.28922222222222,46.1
2026-05-11,3,gru,70.43162248762299,46.1
2026-05-12,1,naive,62.0,57.3
2026-05-12,1,naive_carry,62.0,57.3
2026-05-12,1,seasonal_naive_7,52.5,57.3
2026-05-12,1,climatology,81.40422222222223,57.3
2026-05-12,1,gru,68.06730479768682,57.3
2026-05-12,2,naive,62.0,46.1
2026-05-12,2,naive_carry,62.0,46.1
2026-05-12,2,seasonal_naive_7,34.0,46.1
2026-05-12,2,climatology,81.28922222222222,46.1
2026-05-12,2,gru,61.07706672542528,46.1
2026-05-12,3,naive,62.0,46.5
2026-05-12,3,naive_carry,62.0,46.5
2026-05-12,3,seasonal_naive_7,36.5,46.5
2026-05-12,3,climatology,92.75033333333334,46.5
2026-05-12,3,gru,71.71834233606661,46.5
2026-05-13,1,naive,57.3,46.1
2026-05-13,1,naive_carry,57.3,46.1
2026-05-13,1,seasonal_naive_7,34.0,46.1
2026-05-13,1,climatology,81.28922222222222,46.1
2026-05-13,1,gru,63.09688455863354,46.1
2026-05-13,2,naive,57.3,46.5
2026-05-13,2,naive_carry,57.3,46.5
2026-05-13,2,seasonal_naive_7,36.5,46.5
2026-05-13,2,climatology,92.75033333333334,46.5
2026-05-13,2,gru,57.233685911660636,46.5
2026-05-13,3,naive,57.3,64.2
2026-05-13,3,naive_carry,57.3,64.2
2026-05-13,3,seasonal_naive_7,48.0,64.2
2026-05-13,3,climatology,98.92011111111113,64.2
2026-05-13,3,gru,66.61239894509696,64.2
2026-05-14,1,naive,46.1,46.5
2026-05-14,1,naive_carry,46.1,46.5
2026-05-14,1,seasonal_naive_7,36.5,46.5
2026-05-14,1,climatology,92.75033333333334,46.5
2026-05-14,1,gru,51.41545471145249,46.5
2026-05-14,2,naive,46.1,64.2
2026-05-14,2,naive_carry,46.1,64.2
2026-05-14,2,seasonal_naive_7,48.0,64.2
2026-05-14,2,climatology,98.92011111111113,64.2
2026-05-14,2,gru,47.89732494179299,64.2
2026-05-14,3,naive,46.1,62.4
2026-05-14,3,naive_carry,46.1,62.4
2026-05-14,3,seasonal_naive_7,51.3,62.4
2026-05-14,3,climatology,99.72122222222222,62.4
2026-05-14,3,gru,55.48445129617688,62.4
2026-05-15,1,naive,46.5,64.2
2026-05-15,1,naive_carry,46.5,64.2
2026-05-15,1,seasonal_naive_7,48.0,64.2
2026-05-15,1,climatology,98.92011111111113,64.2
2026-05-15,1,gru,51.94897510919633,64.2
2026-05-15,2,naive,46.5,62.4
2026-05-15,2,naive_carry,46.5,62.4
2026-05-15,2,seasonal_naive_7,51.3,62.4
2026-05-15,2,climatology,99.72122222222222,62.4
2026-05-15,2,gru,48.230603392649996,62.4
2026-05-15,3,naive,46.5,57.2
2026-05-15,3,naive_carry,46.5,57.2
2026-05-15,3,seasonal_naive_7,59.8,57.2
2026-05-15,3,climatology,103.52055555555556,57.2
2026-05-15,3,gru,56.229048744870425,57.2
2026-05-16,1,naive,64.2,62.4
2026-05-16,1,naive_carry,64.2,62.4
2026-05-16,1,seasonal_naive_7,51.3,62.4
2026-05-16,1,climatology,99.72122222222222,62.4
2026-05-16,1,gru,70.41234862607429,62.4
2026-05-16,2,naive,64.2,57.2
2026-05-16,2,naive_carry,64.2,57.2
2026-05-16,2,seasonal_naive_7,59.8,57.2
2026-05-16,2,climatology,103.52055555555556,57.2
2026-05-16,2,gru,62.916506955335905,57.2
2026-05-16,3,naive,64.2,55.5
2026-05-16,3,naive_carry,64.2,55.5
2026-05-16,3,seasonal_naive_7,62.0,55.5
2026-05-16,3,climatology,101.2338888888889,55.5
2026-05-16,3,gru,73.4655514664159,55.5
2026-05-17,1,naive,62.4,57.2
2026-05-17,1,naive_carry,62.4,57.2
2026-05-17,1,seasonal_naive_7,59.8,57.2
2026-05-17,1,climatology,103.52055555555556,57.2
2026-05-17,1,gru,68.29129811266058,57.2
2026-05-17,2,naive,62.4,55.5
2026-05-17,2,naive_carry,62.4,55.5
2026-05-17,2,seasonal_naive_7,62.0,55.5
2026-05-17,2,climatology,101.2338888888889,55.5
2026-05-17,2,gru,61.63530458273358,55.5
2026-05-17,3,naive,62.4,41.6
2026-05-17,3,naive_carry,62.4,41.6
2026-05-17,3,seasonal_naive_7,57.3,41.6
2026-05-17,3,climatology,95.61388888888888,41.6
2026-05-17,3,gru,70.38283218909226,41.6
2026-05-18,1,naive,57.2,55.5
2026-05-18,1,naive_carry,57.2,55.5
2026-05-18,1,seasonal_naive_7,62.0,55.5
2026-05-18,1,climatology,101.2338888888889,55.5
2026-05-18,1,gru,62.82044735606071,55.5
2026-05-18,2,naive,57.2,41.6
2026-05-18,2,naive_carry,57.2,41.6
2026-05-18,2,seasonal_naive_7,57.3,41.6
2026-05-18,2,climatology,95.61388888888888,41.6
2026-05-18,2,gru,57.29283782389119,41.6
2026-05-18,3,naive,57.2,51.8
2026-05-18,3,naive_carry,57.2,51.8
2026-05-18,3,seasonal_naive_7,46.1,51.8
2026-05-18,3,climatology,94.10444444444444,51.8
2026-05-18,3,gru,64.864761787331,51.8
2026-05-19,1,naive,55.5,41.6
2026-05-19,1,naive_carry,55.5,41.6
2026-05-19,1,seasonal_naive_7,57.3,41.6
2026-05-19,1,climatology,95.61388888888888,41.6
2026-05-19,1,gru,61.091826324470915,41.6
2026-05-19,2,naive,55.5,51.8
2026-05-19,2,naive_carry,55.5,51.8
2026-05-19,2,seasonal_naive_7,46.1,51.8
2026-05-19,2,climatology,94.10444444444444,51.8
2026-05-19,2,gru,55.853645124945075,51.8
2026-05-19,3,naive,55.5,74.1
2026-05-19,3,naive_carry,55.5,74.1
2026-05-19,3,seasonal_naive_7,46.5,74.1
2026-05-19,3,climatology,92.32844444444444,74.1
2026-05-19,3,gru,63.00643376392362,74.1
2026-05-20,1,naive,41.6,51.8
2026-05-20,1,naive_carry,41.6,51.8
2026-05-20,1,seasonal_naive_7,46.1,51.8
2026-05-20,1,climatology,94.10444444444444,51.8
2026-05-20,1,gru,46.57081566578861,51.8
2026-05-20,2,naive,41.6,74.1
2026-05-20,2,naive_carry,41.6,74.1
2026-05-20,2,seasonal_naive_7,46.5,74.1
2026-05-20,2,climatology,92.32844444444444,74.1
2026-05-20,2,gru,44.116862523394595,74.1
2026-05-20,3,naive,41.6,59.2
2026-05-20,3,naive_carry,41.6,59.2
2026-05-20,3,seasonal_naive_7,64.2,59.2
2026-05-20,3,climatology,94.49233333333332,59.2
2026-05-20,3,gru,49.1860670639876,59.2
2026-05-21,1,naive,51.8,74.1
2026-05-21,1,naive_carry,51.8,74.1
2026-05-21,1,seasonal_naive_7,46.5,74.1
2026-05-21,1,climatology,92.32844444444444,74.1
2026-05-21,1,gru,57.40101642457774,74.1
2026-05-21,2,naive,51.8,59.2
2026-05-21,2,naive_carry,51.8,59.2
2026-05-21,2,seasonal_naive_7,64.2,59.2
2026-05-21,2,climatology,94.49233333333332,59.2
2026-05-21,2,gru,52.69677275883072,59.2
2026-05-21,3,naive,51.8,58.6
2026-05-21,3,naive_carry,51.8,58.6
2026-05-21,3,seasonal_naive_7,62.4,58.6
2026-05-21,3,climatology,93.5012222222222,58.6
2026-05-21,3,gru,59.701016175023135,58.6
2026-05-22,1,naive,74.1,59.2
2026-05-22,1,naive_carry,74.1,59.2
2026-05-22,1,seasonal_naive_7,64.2,59.2
2026-05-22,1,climatology,94.49233333333332,59.2
2026-05-22,1,gru,80.27475276755082,59.2
2026-05-22,2,naive,74.1,58.6
2026-05-22,2,naive_carry,74.1,58.6
2026-05-22,2,seasonal_naive_7,62.4,58.6
2026-05-22,2,climatology,93.5012222222222,58.6
2026-05-22,2,gru,71.04414880905175,58.6
2026-05-22,3,naive,74.1,79.9
2026-05-22,3,naive_carry,74.1,79.9
2026-05-22,3,seasonal_naive_7,57.2,79.9
2026-05-22,3,climatology,92.73566666666667,79.9
2026-05-22,3,gru,80.07979370291028,79.9
2026-05-23,1,naive,59.2,58.6
2026-05-23,1,naive_carry,59.2,58.6
2026-05-23,1,seasonal_naive_7,62.4,58.6
2026-05-23,1,climatology,93.5012222222222,58.6
2026-05-23,1,gru,64.60040019198433,58.6
2026-05-23,2,naive,59.2,79.9
2026-05-23,2,naive_carry,59.2,79.9
2026-05-23,2,seasonal_naive_7,57.2,79.9
2026-05-23,2,climatology,92.73566666666667,79.9
2026-05-23,2,gru,58.98563874701708,79.9
2026-05-23,3,naive,59.2,65.4
2026-05-23,3,naive_carry,59.2,65.4
2026-05-23,3,seasonal_naive_7,55.5,65.4
2026-05-23,3,climatology,92.949,65.4
2026-05-23,3,gru,64.39534008654303,65.4
2026-05-24,1,naive,58.6,79.9
2026-05-24,1,naive_carry,58.6,79.9
2026-05-24,1,seasonal_naive_7,57.2,79.9
2026-05-24,1,climatology,92.73566666666667,79.9
2026-05-24,1,gru,64.0162444699716,79.9
2026-05-24,2,naive,58.6,65.4
2026-05-24,2,naive_carry,58.6,65.4
2026-05-24,2,seasonal_naive_7,55.5,65.4
2026-05-24,2,climatology,92.949,65.4
2026-05-24,2,gru,58.30065778747915,65.4
2026-05-24,3,naive,58.6,68.5
2026-05-24,3,naive_carry,58.6,68.5
2026-05-24,3,seasonal_naive_7,41.6,68.5
2026-05-24,3,climatology,91.62733333333334,68.5
2026-05-24,3,gru,63.65489110002176,68.5
2026-05-25,1,naive,79.9,65.4
2026-05-25,1,naive_carry,79.9,65.4
2026-05-25,1,seasonal_naive_7,55.5,65.4
2026-05-25,1,climatology,92.949,65.4
2026-05-25,1,gru,85.68896393290828,65.4
2026-05-25,2,naive,79.9,68.5
2026-05-25,2,naive_carry,79.9,68.5
2026-05-25,2,seasonal_naive_7,41.6,68.5
2026-05-25,2,climatology,91.62733333333334,68.5
2026-05-25,2,gru,75.43698659286203,68.5
2026-05-25,3,naive,79.9,68.3
2026-05-25,3,naive_carry,79.9,68.3
2026-05-25,3,seasonal_naive_7,51.8,68.3
2026-05-25,3,climatology,90.81,68.3
2026-05-25,3,gru,82.86221359311723,68.3
2026-05-26,1,naive,65.4,68.5
2026-05-26,1,naive_carry,65.4,68.5
2026-05-26,1,seasonal_naive_7,41.6,68.5
2026-05-26,1,climatology,91.62733333333334,68.5
2026-05-26,1,gru,70.6251516770603,68.5
2026-05-26,2,naive,65.4,68.3
2026-05-26,2,naive_carry,65.4,68.3
2026-05-26,2,seasonal_naive_7,51.8,68.3
2026-05-26,2,climatology,90.81,68.3
2026-05-26,2,gru,63.81763973697106,68.3
2026-05-26,3,naive,65.4,29.5
2026-05-26,3,naive_carry,65.4,29.5
2026-05-26,3,seasonal_naive_7,74.1,29.5
2026-05-26,3,climatology,88.23055555555555,29.5
2026-05-26,3,gru,68.14406989219287,29.5
2026-05-27,1,naive,68.5,68.3
2026-05-27,1,naive_carry,68.5,68.3
2026-05-27,1,seasonal_naive_7,51.8,68.3
2026-05-27,1,climatology,90.81,68.3
2026-05-27,1,gru,73.80499704184984,68.3
2026-05-27,2,naive,68.5,29.5
2026-05-27,2,naive_carry,68.5,29.5
2026-05-27,2,seasonal_naive_7,74.1,29.5
2026-05-27,2,climatology,88.23055555555555,29.5
2026-05-27,2,gru,66.11689091768655,29.5
2026-05-27,3,naive,68.5,27.5
2026-05-27,3,naive_carry,68.5,27.5
2026-05-27,3,seasonal_naive_7,59.2,27.5
2026-05-27,3,climatology,77.35322222222223,27.5
2026-05-27,3,gru,70.68565700135986,27.5
2026-05-28,1,naive,68.3,29.5
2026-05-28,1,naive_carry,68.3,29.5
2026-05-28,1,seasonal_naive_7,74.1,29.5
2026-05-28,1,climatology,88.23055555555555,29.5
2026-05-28,1,gru,73.51428399968368,29.5
2026-05-28,2,naive,68.3,27.5
2026-05-28,2,naive_carry,68.3,27.5
2026-05-28,2,seasonal_naive_7,59.2,27.5
2026-05-28,2,climatology,77.35322222222223,27.5
2026-05-28,2,gru,65.92599829952263,27.5
2026-05-28,3,naive,68.3,25.1
2026-05-28,3,naive_carry,68.3,25.1
2026-05-28,3,seasonal_naive_7,58.6,25.1
2026-05-28,3,climatology,67.28044444444444,25.1
2026-05-28,3,gru,69.99926167980746,25.1
2026-05-29,1,naive,29.5,27.5
2026-05-29,1,naive_carry,29.5,27.5
2026-05-29,1,seasonal_naive_7,59.2,27.5
2026-05-29,1,climatology,77.35322222222223,27.5
2026-05-29,1,gru,33.332154854319924,27.5
2026-05-29,2,naive,29.5,25.1
2026-05-29,2,naive_carry,29.5,25.1
2026-05-29,2,seasonal_naive_7,58.6,25.1
2026-05-29,2,climatology,67.28044444444444,25.1
2026-05-29,2,gru,33.01004208077593,25.1
2026-05-29,3,naive,29.5,33.9
2026-05-29,3,naive_carry,29.5,33.9
2026-05-29,3,seasonal_naive_7,79.9,33.9
2026-05-29,3,climatology,64.44877777777778,33.9
2026-05-29,3,gru,33.38023808778749,33.9
2026-05-30,1,naive,27.5,25.1
2026-05-30,1,naive_carry,27.5,25.1
2026-05-30,1,seasonal_naive_7,58.6,25.1
2026-05-30,1,climatology,67.28044444444444,25.1
2026-05-30,1,gru,31.475136480123833,25.1
2026-05-30,2,naive,27.5,33.9
2026-05-30,2,naive_carry,27.5,33.9
2026-05-30,2,seasonal_naive_7,79.9,33.9
2026-05-30,2,climatology,64.44877777777778,33.9
2026-05-30,2,gru,31.26168500025047,33.9
2026-05-30,3,naive,27.5,39.0
2026-05-30,3,naive_carry,27.5,39.0
2026-05-30,3,seasonal_naive_7,65.4,39.0
2026-05-30,3,climatology,60.02744444444444,39.0
2026-05-30,3,gru,32.447357091468234,39.0
2026-05-31,1,naive,25.1,33.9
2026-05-31,1,naive_carry,25.1,33.9
2026-05-31,1,seasonal_naive_7,79.9,33.9
2026-05-31,1,climatology,64.44877777777778,33.9
2026-05-31,1,gru,28.97202035100059,33.9
2026-05-31,2,naive,25.1,39.0
2026-05-31,2,naive_carry,25.1,39.0
2026-05-31,2,seasonal_naive_7,65.4,39.0
2026-05-31,2,climatology,60.02744444444444,39.0
2026-05-31,2,gru,29.215267765394834,39.0
2026-05-31,3,naive,25.1,59.7
2026-05-31,3,naive_carry,25.1,59.7
2026-05-31,3,seasonal_naive_7,68.5,59.7
2026-05-31,3,climatology,59.17277777777778,59.7
2026-05-31,3,gru,30.335476575753187,59.7
2026-06-01,1,naive,33.9,39.0
2026-06-01,1,naive_carry,33.9,39.0
2026-06-01,1,seasonal_naive_7,65.4,39.0
2026-06-01,1,climatology,60.02744444444444,39.0
2026-06-01,1,gru,38.45049652261889,39.0
2026-06-01,2,naive,33.9,59.7
2026-06-01,2,naive_carry,33.9,59.7
2026-06-01,2,seasonal_naive_7,68.5,59.7
2026-06-01,2,climatology,59.17277777777778,59.7
2026-06-01,2,gru,37.33934844543445,59.7
2026-06-01,3,naive,33.9,50.3
2026-06-01,3,naive_carry,33.9,50.3
2026-06-01,3,seasonal_naive_7,68.3,50.3
2026-06-01,3,climatology,59.47611111111111,50.3
2026-06-01,3,gru,39.6032344166267,50.3
2026-06-02,1,naive,39.0,59.7
2026-06-02,1,naive_carry,39.0,59.7
2026-06-02,1,seasonal_naive_7,68.5,59.7
2026-06-02,1,climatology,59.17277777777778,59.7
2026-06-02,1,gru,43.71360476283365,59.7
2026-06-02,2,naive,39.0,50.3
2026-06-02,2,naive_carry,39.0,50.3
2026-06-02,2,seasonal_naive_7,68.3,50.3
2026-06-02,2,climatology,59.47611111111111,50.3
2026-06-02,2,gru,42.090841900169,50.3
2026-06-02,3,naive,39.0,47.7
2026-06-02,3,naive_carry,39.0,47.7
2026-06-02,3,seasonal_naive_7,29.5,47.7
2026-06-02,3,climatology,61.20611111111111,47.7
2026-06-02,3,gru,44.008375935287155,47.7
2026-06-03,1,naive,59.7,50.3
2026-06-03,1,naive_carry,59.7,50.3
2026-06-03,1,seasonal_naive_7,68.3,50.3
2026-06-03,1,climatology,59.47611111111111,50.3
2026-06-03,1,gru,65.10100815844017,50.3
2026-06-03,2,naive,59.7,47.7
2026-06-03,2,naive_carry,59.7,47.7
2026-06-03,2,seasonal_naive_7,29.5,47.7
2026-06-03,2,climatology,61.20611111111111,47.7
2026-06-03,2,gru,59.92110289539567,47.7
2026-06-03,3,naive,59.7,57.7
2026-06-03,3,naive_carry,59.7,57.7
2026-06-03,3,seasonal_naive_7,27.5,57.7
2026-06-03,3,climatology,63.544777777777774,57.7
2026-06-03,3,gru,63.11939211640636,57.7
2026-06-04,1,naive,50.3,47.7
2026-06-04,1,naive_carry,50.3,47.7
2026-06-04,1,seasonal_naive_7,29.5,47.7
2026-06-04,1,climatology,61.20611111111111,47.7
2026-06-04,1,gru,54.99644455211374,47.7
2026-06-04,2,naive,50.3,57.7
2026-06-04,2,naive_carry,50.3,57.7
2026-06-04,2,seasonal_naive_7,27.5,57.7
2026-06-04,2,climatology,63.544777777777774,57.7
2026-06-04,2,gru,51.922016556147376,57.7
2026-06-04,3,naive,50.3,36.0
2026-06-04,3,naive_carry,50.3,36.0
2026-06-04,3,seasonal_naive_7,25.1,36.0
2026-06-04,3,climatology,63.02977777777778,36.0
2026-06-04,3,gru,52.44934442729519,36.0
2026-06-05,1,naive,47.7,57.7
2026-06-05,1,naive_carry,47.7,57.7
2026-06-05,1,seasonal_naive_7,27.5,57.7
2026-06-05,1,climatology,63.544777777777774,57.7
2026-06-05,1,gru,52.266523061155254,57.7
2026-06-05,2,naive,47.7,36.0
2026-06-05,2,naive_carry,47.7,36.0
2026-06-05,2,seasonal_naive_7,25.1,36.0
2026-06-05,2,climatology,63.02977777777778,36.0
2026-06-05,2,gru,49.423492827098315,36.0
2026-06-05,3,naive,47.7,39.1
2026-06-05,3,naive_carry,47.7,39.1
2026-06-05,3,seasonal_naive_7,33.9,39.1
2026-06-05,3,climatology,63.94000000000001,39.1
2026-06-05,3,gru,49.40884813289944,39.1
2026-06-06,1,naive,57.7,36.0
2026-06-06,1,naive_carry,57.7,36.0
2026-06-06,1,seasonal_naive_7,25.1,36.0
2026-06-06,1,climatology,63.02977777777778,36.0
2026-06-06,1,gru,62.47634336078819,36.0
2026-06-06,2,naive,57.7,39.1
2026-06-06,2,naive_carry,57.7,39.1
2026-06-06,2,seasonal_naive_7,33.9,39.1
2026-06-06,2,climatology,63.94000000000001,39.1
2026-06-06,2,gru,57.823299191682715,39.1
2026-06-06,3,naive,57.7,42.0
2026-06-06,3,naive_carry,57.7,42.0
2026-06-06,3,seasonal_naive_7,39.0,42.0
2026-06-06,3,climatology,64.23555555555556,42.0
2026-06-06,3,gru,58.32177131325483,42.0
2026-06-07,1,naive,36.0,39.1
2026-06-07,1,naive_carry,36.0,39.1
2026-06-07,1,seasonal_naive_7,33.9,39.1
2026-06-07,1,climatology,63.94000000000001,39.1
2026-06-07,1,gru,39.90052333734411,39.1
2026-06-07,2,naive,36.0,42.0
2026-06-07,2,naive_carry,36.0,42.0
2026-06-07,2,seasonal_naive_7,39.0,42.0
2026-06-07,2,climatology,64.23555555555556,42.0
2026-06-07,2,gru,38.97363585428505,42.0
2026-06-07,3,naive,36.0,47.3
2026-06-07,3,naive_carry,36.0,47.3
2026-06-07,3,seasonal_naive_7,59.7,47.3
2026-06-07,3,climatology,66.39111111111112,47.3
2026-06-07,3,gru,37.473222858271804,47.3
2026-06-08,1,naive,39.1,42.0
2026-06-08,1,naive_carry,39.1,42.0
2026-06-08,1,seasonal_naive_7,39.0,42.0
2026-06-08,1,climatology,64.23555555555556,42.0
2026-06-08,1,gru,43.26902265981196,42.0
2026-06-08,2,naive,39.1,47.3
2026-06-08,2,naive_carry,39.1,47.3
2026-06-08,2,seasonal_naive_7,59.7,47.3
2026-06-08,2,climatology,66.39111111111112,47.3
2026-06-08,2,gru,41.59776160707242,47.3
2026-06-08,3,naive,39.1,38.9
2026-06-08,3,naive_carry,39.1,38.9
2026-06-08,3,seasonal_naive_7,50.3,38.9
2026-06-08,3,climatology,70.79011111111112,38.9
2026-06-08,3,gru,40.710890777631306,38.9
2026-06-09,1,naive,42.0,47.3
2026-06-09,1,naive_carry,42.0,47.3
2026-06-09,1,seasonal_naive_7,59.7,47.3
2026-06-09,1,climatology,66.39111111111112,47.3
2026-06-09,1,gru,46.236011607472086,47.3
2026-06-09,2,naive,42.0,38.9
2026-06-09,2,naive_carry,42.0,38.9
2026-06-09,2,seasonal_naive_7,50.3,38.9
2026-06-09,2,climatology,70.79011111111112,38.9
2026-06-09,2,gru,44.20058914060129,38.9
2026-06-09,3,naive,42.0,25.7
2026-06-09,3,naive_carry,42.0,25.7
2026-06-09,3,seasonal_naive_7,47.7,25.7
2026-06-09,3,climatology,69.8051111111111,25.7
2026-06-09,3,gru,43.40765206014305,25.7
2026-06-10,1,naive,47.3,38.9
2026-06-10,1,naive_carry,47.3,38.9
2026-06-10,1,seasonal_naive_7,50.3,38.9
2026-06-10,1,climatology,70.79011111111112,38.9
2026-06-10,1,gru,51.613984981958495,38.9
2026-06-10,2,naive,47.3,25.7
2026-06-10,2,naive_carry,47.3,25.7
2026-06-10,2,seasonal_naive_7,47.7,25.7
2026-06-10,2,climatology,69.8051111111111,25.7
2026-06-10,2,gru,48.73626687954389,25.7
2026-06-10,3,naive,47.3,38.3
2026-06-10,3,naive_carry,47.3,38.3
2026-06-10,3,seasonal_naive_7,57.7,38.3
2026-06-10,3,climatology,68.79066666666668,38.3
2026-06-10,3,gru,48.125159395661676,38.3
2026-06-11,1,naive,38.9,25.7
2026-06-11,1,naive_carry,38.9,25.7
2026-06-11,1,seasonal_naive_7,47.7,25.7
2026-06-11,1,climatology,69.8051111111111,25.7
2026-06-11,1,gru,42.80125427703134,25.7
2026-06-11,2,naive,38.9,38.3
2026-06-11,2,naive_carry,38.9,38.3
2026-06-11,2,seasonal_naive_7,57.7,38.3
2026-06-11,2,climatology,68.79066666666668,38.3
2026-06-11,2,gru,41.31112566831995,38.3
2026-06-11,3,naive,38.9,54.2
2026-06-11,3,naive_carry,38.9,54.2
2026-06-11,3,seasonal_naive_7,36.0,54.2
2026-06-11,3,climatology,66.39466666666667,54.2
2026-06-11,3,gru,39.845908229036056,54.2
2026-06-12,1,naive,25.7,38.3
2026-06-12,1,naive_carry,25.7,38.3
2026-06-12,1,seasonal_naive_7,57.7,38.3
2026-06-12,1,climatology,68.79066666666668,38.3
2026-06-12,1,gru,28.99719647401676,38.3
2026-06-12,2,naive,25.7,54.2
2026-06-12,2,naive_carry,25.7,54.2
2026-06-12,2,seasonal_naive_7,36.0,54.2
2026-06-12,2,climatology,66.39466666666667,54.2
2026-06-12,2,gru,29.237769418556717,54.2
2026-06-12,3,naive,25.7,34.4
2026-06-12,3,naive_carry,25.7,34.4
2026-06-12,3,seasonal_naive_7,39.1,34.4
2026-06-12,3,climatology,66.599,34.4
2026-06-12,3,gru,27.244093812083396,34.4
2026-06-13,1,naive,38.3,54.2
2026-06-13,1,naive_carry,38.3,54.2
2026-06-13,1,seasonal_naive_7,36.0,54.2
2026-06-13,1,climatology,66.39466666666667,54.2
2026-06-13,1,gru,42.352531578396786,54.2
2026-06-13,2,naive,38.3,34.4
2026-06-13,2,naive_carry,38.3,34.4
2026-06-13,2,seasonal_naive_7,39.1,34.4
2026-06-13,2,climatology,66.599,34.4
2026-06-13,2,gru,40.63663689588012,34.4
2026-06-13,3,naive,38.3,37.8
2026-06-13,3,naive_carry,38.3,37.8
2026-06-13,3,seasonal_naive_7,42.0,37.8
2026-06-13,3,climatology,66.51266666666666,37.8
2026-06-13,3,gru,39.75536875311446,37.8
2026-06-14,1,naive,54.2,34.4
2026-06-14,1,naive_carry,54.2,34.4
2026-06-14,1,seasonal_naive_7,39.1,34.4
2026-06-14,1,climatology,66.599,34.4
2026-06-14,1,gru,58.481612272742794,34.4
2026-06-14,2,naive,54.2,37.8
2026-06-14,2,naive_carry,54.2,37.8
2026-06-14,2,seasonal_naive_7,42.0,37.8
2026-06-14,2,climatology,66.51266666666666,37.8
2026-06-14,2,gru,54.48613732251961,37.8
2026-06-14,3,naive,54.2,44.7
2026-06-14,3,naive_carry,54.2,44.7
2026-06-14,3,seasonal_naive_7,47.3,44.7
2026-06-14,3,climatology,65.83355555555555,44.7
2026-06-14,3,gru,54.31999735089093,44.7
2026-06-15,1,naive,34.4,37.8
2026-06-15,1,naive_carry,34.4,37.8
2026-06-15,1,seasonal_naive_7,42.0,37.8
2026-06-15,1,climatology,66.51266666666666,37.8
2026-06-15,1,gru,37.85493204267982,37.8
2026-06-15,2,naive,34.4,44.7
2026-06-15,2,naive_carry,34.4,44.7
2026-06-15,2,seasonal_naive_7,47.3,44.7
2026-06-15,2,climatology,65.83355555555555,44.7
2026-06-15,2,gru,37.02355518096685,44.7
2026-06-15,3,naive,34.4,54.0
2026-06-15,3,naive_carry,34.4,54.0
2026-06-15,3,seasonal_naive_7,38.9,54.0
2026-06-15,3,climatology,65.58822222222223,54.0
2026-06-15,3,gru,35.073209115608236,54.0
2026-06-16,1,naive,37.8,44.7
2026-06-16,1,naive_carry,37.8,44.7
2026-06-16,1,seasonal_naive_7,47.3,44.7
2026-06-16,1,climatology,65.83355555555555,44.7
2026-06-16,1,gru,41.47019065988488,44.7
2026-06-16,2,naive,37.8,54.0
2026-06-16,2,naive_carry,37.8,54.0
2026-06-16,2,seasonal_naive_7,38.9,54.0
2026-06-16,2,climatology,65.58822222222223,54.0
2026-06-16,2,gru,39.89972424627039,54.0
2026-06-16,3,naive,37.8,40.9
2026-06-16,3,naive_carry,37.8,40.9
2026-06-16,3,seasonal_naive_7,25.7,40.9
2026-06-16,3,climatology,64.62488888888889,40.9
2026-06-16,3,gru,38.342733966529906,40.9
2026-06-17,1,naive,44.7,54.0
2026-06-17,1,naive_carry,44.7,54.0
2026-06-17,1,seasonal_naive_7,38.9,54.0
2026-06-17,1,climatology,65.58822222222223,54.0
2026-06-17,1,gru,48.492443176742974,54.0
2026-06-17,2,naive,44.7,40.9
2026-06-17,2,naive_carry,44.7,40.9
2026-06-17,2,seasonal_naive_7,25.7,40.9
2026-06-17,2,climatology,64.62488888888889,40.9
2026-06-17,2,gru,45.95840709226083,40.9
2026-06-17,3,naive,44.7,47.9
2026-06-17,3,naive_carry,44.7,47.9
2026-06-17,3,seasonal_naive_7,38.3,47.9
2026-06-17,3,climatology,62.68655555555555,47.9
2026-06-17,3,gru,44.63696120740651,47.9
2026-06-18,1,naive,54.0,40.9
2026-06-18,1,naive_carry,54.0,40.9
2026-06-18,1,seasonal_naive_7,25.7,40.9
2026-06-18,1,climatology,64.62488888888889,40.9
2026-06-18,1,gru,57.753358928281095,40.9
2026-06-18,2,naive,54.0,47.9
2026-06-18,2,naive_carry,54.0,47.9
2026-06-18,2,seasonal_naive_7,38.3,47.9
2026-06-18,2,climatology,62.68655555555555,47.9
2026-06-18,2,gru,53.77688265628602,47.9
2026-06-18,3,naive,54.0,39.2
2026-06-18,3,naive_carry,54.0,39.2
2026-06-18,3,seasonal_naive_7,54.2,39.2
2026-06-18,3,climatology,60.037222222222226,39.2
2026-06-18,3,gru,52.69892216778213,39.2
2026-06-19,1,naive,40.9,47.9
2026-06-19,1,naive_carry,40.9,47.9
2026-06-19,1,seasonal_naive_7,38.3,47.9
2026-06-19,1,climatology,62.68655555555555,47.9
2026-06-19,1,gru,44.2314862674378,47.9
2026-06-19,2,naive,40.9,39.2
2026-06-19,2,naive_carry,40.9,39.2
2026-06-19,2,seasonal_naive_7,54.2,39.2
2026-06-19,2,climatology,60.037222222222226,39.2
2026-06-19,2,gru,42.29595317965269,39.2
2026-06-19,3,naive,40.9,35.0
2026-06-19,3,naive_carry,40.9,35.0
2026-06-19,3,seasonal_naive_7,34.4,35.0
2026-06-19,3,climatology,57.40255555555556,35.0
2026-06-19,3,gru,40.216706037777655,35.0
2026-06-20,1,naive,47.9,39.2
2026-06-20,1,naive_carry,47.9,39.2
2026-06-20,1,seasonal_naive_7,54.2,39.2
2026-06-20,1,climatology,60.037222222222226,39.2
2026-06-20,1,gru,51.36344061975172,39.2
2026-06-20,2,naive,47.9,35.0
2026-06-20,2,naive_carry,47.9,35.0
2026-06-20,2,seasonal_naive_7,34.4,35.0
2026-06-20,2,climatology,57.40255555555556,35.0
2026-06-20,2,gru,48.172920554565685,35.0
2026-06-20,3,naive,47.9,47.8
2026-06-20,3,naive_carry,47.9,47.8
2026-06-20,3,seasonal_naive_7,37.8,47.8
2026-06-20,3,climatology,55.43855555555556,47.8
2026-06-20,3,gru,46.51765653980622,47.8
2026-06-21,1,naive,39.2,35.0
2026-06-21,1,naive_carry,39.2,35.0
2026-06-21,1,seasonal_naive_7,34.4,35.0
2026-06-21,1,climatology,57.40255555555556,35.0
2026-06-21,1,gru,42.39575415852456,35.0
2026-06-21,2,naive,39.2,47.8
2026-06-21,2,naive_carry,39.2,47.8
2026-06-21,2,seasonal_naive_7,37.8,47.8
2026-06-21,2,climatology,55.43855555555556,47.8
2026-06-21,2,gru,40.583670078696535,47.8
2026-06-21,3,naive,39.2,32.3
2026-06-21,3,naive_carry,39.2,32.3
2026-06-21,3,seasonal_naive_7,44.7,32.3
2026-06-21,3,climatology,56.58522222222222,32.3
2026-06-21,3,gru,38.36565616426601,32.3
2026-06-22,1,naive,35.0,47.8
2026-06-22,1,naive_carry,35.0,47.8
2026-06-22,1,seasonal_naive_7,37.8,47.8
2026-06-22,1,climatology,55.43855555555556,47.8
2026-06-22,1,gru,38.11025229814465,47.8
2026-06-22,2,naive,35.0,32.3
2026-06-22,2,naive_carry,35.0,32.3
2026-06-22,2,seasonal_naive_7,44.7,32.3
2026-06-22,2,climatology,56.58522222222222,32.3
2026-06-22,2,gru,36.768381279948464,32.3
2026-06-22,3,naive,35.0,40.2
2026-06-22,3,naive_carry,35.0,40.2
2026-06-22,3,seasonal_naive_7,54.0,40.2
2026-06-22,3,climatology,53.02033333333333,40.2
2026-06-22,3,gru,34.55602796376347,40.2
2026-06-23,1,naive,47.8,32.3
2026-06-23,1,naive_carry,47.8,32.3
2026-06-23,1,seasonal_naive_7,44.7,32.3
2026-06-23,1,climatology,56.58522222222222,32.3
2026-06-23,1,gru,51.12704576154582,32.3
2026-06-23,2,naive,47.8,40.2
2026-06-23,2,naive_carry,47.8,40.2
2026-06-23,2,seasonal_naive_7,54.0,40.2
2026-06-23,2,climatology,53.02033333333333,40.2
2026-06-23,2,gru,47.883765682544734,40.2
2026-06-23,3,naive,47.8,30.1
2026-06-23,3,naive_carry,47.8,30.1
2026-06-23,3,seasonal_naive_7,40.9,30.1
2026-06-23,3,climatology,47.455000000000005,30.1
2026-06-23,3,gru,46.29559258899439,30.1
2026-06-24,1,naive,32.3,40.2
2026-06-24,1,naive_carry,32.3,40.2
2026-06-24,1,seasonal_naive_7,54.0,40.2
2026-06-24,1,climatology,53.02033333333333,40.2
2026-06-24,1,gru,35.163782848646676,40.2
2026-06-24,2,naive,32.3,30.1
2026-06-24,2,naive_carry,32.3,30.1
2026-06-24,2,seasonal_naive_7,40.9,30.1
2026-06-24,2,climatology,47.455000000000005,30.1
2026-06-24,2,gru,34.246204655385675,30.1
2026-06-24,3,naive,32.3,49.3
2026-06-24,3,naive_carry,32.3,49.3
2026-06-24,3,seasonal_naive_7,47.9,49.3
2026-06-24,3,climatology,47.876,49.3
2026-06-24,3,gru,31.91294482724465,49.3
2026-06-25,1,naive,40.2,30.1
2026-06-25,1,naive_carry,40.2,30.1
2026-06-25,1,seasonal_naive_7,40.9,30.1
2026-06-25,1,climatology,47.455000000000005,30.1
2026-06-25,1,gru,43.30707324328684,30.1
2026-06-25,2,naive,40.2,49.3
2026-06-25,2,naive_carry,40.2,49.3
2026-06-25,2,seasonal_naive_7,47.9,49.3
2026-06-25,2,climatology,47.876,49.3
2026-06-25,2,gru,41.134428018970944,49.3
2026-06-25,3,naive,40.2,53.9
2026-06-25,3,naive_carry,40.2,53.9
2026-06-25,3,seasonal_naive_7,39.2,53.9
2026-06-25,3,climatology,48.25266666666666,53.9
2026-06-25,3,gru,39.302088298070835,53.9
2026-06-26,1,naive,30.1,49.3
2026-06-26,1,naive_carry,30.1,49.3
2026-06-26,1,seasonal_naive_7,47.9,49.3
2026-06-26,1,climatology,47.876,49.3
2026-06-26,1,gru,32.86134839339377,49.3
2026-06-26,2,naive,30.1,53.9
2026-06-26,2,naive_carry,30.1,53.9
2026-06-26,2,seasonal_naive_7,39.2,53.9
2026-06-26,2,climatology,48.25266666666666,53.9
2026-06-26,2,gru,32.16490287034133,53.9
2026-06-26,3,naive,30.1,42.6
2026-06-26,3,naive_carry,30.1,42.6
2026-06-26,3,seasonal_naive_7,35.0,42.6
2026-06-26,3,climatology,47.14377777777778,42.6
2026-06-26,3,gru,29.92887569017595,42.6
2026-06-27,1,naive,49.3,53.9
2026-06-27,1,naive_carry,49.3,53.9
2026-06-27,1,seasonal_naive_7,39.2,53.9
2026-06-27,1,climatology,48.25266666666666,53.9
2026-06-27,1,gru,52.4079895863913,53.9
2026-06-27,2,naive,49.3,42.6
2026-06-27,2,naive_carry,49.3,42.6
2026-06-27,2,seasonal_naive_7,35.0,42.6
2026-06-27,2,climatology,47.14377777777778,42.6
2026-06-27,2,gru,48.872078720719756,42.6
2026-06-27,3,naive,49.3,53.4
2026-06-27,3,naive_carry,49.3,53.4
2026-06-27,3,seasonal_naive_7,47.8,53.4
2026-06-27,3,climatology,46.577777777777776,53.4
2026-06-27,3,gru,47.49884552608768,53.4
2026-06-28,1,naive,53.9,42.6
2026-06-28,1,naive_carry,53.9,42.6
2026-06-28,1,seasonal_naive_7,35.0,42.6
2026-06-28,1,climatology,47.14377777777778,42.6
2026-06-28,1,gru,56.601788386990464,42.6
2026-06-28,2,naive,53.9,53.4
2026-06-28,2,naive_carry,53.9,53.4
2026-06-28,2,seasonal_naive_7,47.8,53.4
2026-06-28,2,climatology,46.577777777777776,53.4
2026-06-28,2,gru,52.64353530242322,53.4
2026-06-28,3,naive,53.9,39.1
2026-06-28,3,naive_carry,53.9,39.1
2026-06-28,3,seasonal_naive_7,32.3,39.1
2026-06-28,3,climatology,46.00177777777778,39.1
2026-06-28,3,gru,50.94226086326915,39.1
2026-06-29,1,naive,42.6,53.4
2026-06-29,1,naive_carry,42.6,53.4
2026-06-29,1,seasonal_naive_7,47.8,53.4
2026-06-29,1,climatology,46.577777777777776,53.4
2026-06-29,1,gru,45.1453908328625,53.4
2026-06-29,2,naive,42.6,39.1
2026-06-29,2,naive_carry,42.6,39.1
2026-06-29,2,seasonal_naive_7,32.3,39.1
2026-06-29,2,climatology,46.00177777777778,39.1
2026-06-29,2,gru,42.676569113222925,39.1
2026-06-29,3,naive,42.6,33.1
2026-06-29,3,naive_carry,42.6,33.1
2026-06-29,3,seasonal_naive_7,40.2,33.1
2026-06-29,3,climatology,46.10844444444445,33.1
2026-06-29,3,gru,40.42445540062634,33.1
2026-06-30,1,naive,53.4,39.1
2026-06-30,1,naive_carry,53.4,39.1
2026-06-30,1,seasonal_naive_7,32.3,39.1
2026-06-30,1,climatology,46.00177777777778,39.1
2026-06-30,1,gru,55.85048582797082,39.1
2026-06-30,2,naive,53.4,33.1
2026-06-30,2,naive_carry,53.4,33.1
2026-06-30,2,seasonal_naive_7,40.2,33.1
2026-06-30,2,climatology,46.10844444444445,33.1
2026-06-30,2,gru,51.64351405894244,33.1
2026-06-30,3,naive,53.4,47.6
2026-06-30,3,naive_carry,53.4,47.6
2026-06-30,3,seasonal_naive_7,30.1,47.6
2026-06-30,3,climatology,45.199111111111115,47.6
2026-06-30,3,gru,49.69301714089015,47.6
2026-07-01,1,naive,39.1,33.1
2026-07-01,1,naive_carry,39.1,33.1
2026-07-01,1,seasonal_naive_7,40.2,33.1
2026-07-01,1,climatology,46.10844444444445,33.1
2026-07-01,1,gru,41.45582786194014,33.1
2026-07-01,2,naive,39.1,47.6
2026-07-01,2,naive_carry,39.1,47.6
2026-07-01,2,seasonal_naive_7,30.1,47.6
2026-07-01,2,climatology,45.199111111111115,47.6
2026-07-01,2,gru,39.350782287413345,47.6
2026-07-01,3,naive,39.1,58.8
2026-07-01,3,naive_carry,39.1,58.8
2026-07-01,3,seasonal_naive_7,49.3,58.8
2026-07-01,3,climatology,44.864444444444445,58.8
2026-07-01,3,gru,36.86206085591603,58.8
2026-07-02,1,naive,33.1,47.6
2026-07-02,1,naive_carry,33.1,47.6
2026-07-02,1,seasonal_naive_7,30.1,47.6
2026-07-02,1,climatology,45.199111111111115,47.6
2026-07-02,1,gru,35.469062920159864,47.6
2026-07-02,2,naive,33.1,58.8
2026-07-02,2,naive_carry,33.1,58.8
2026-07-02,2,seasonal_naive_7,49.3,58.8
2026-07-02,2,climatology,44.864444444444445,58.8
2026-07-02,2,gru,34.017569348427486,58.8
2026-07-02,3,naive,33.1,54.4
2026-07-02,3,naive_carry,33.1,54.4
2026-07-02,3,seasonal_naive_7,53.9,54.4
2026-07-02,3,climatology,43.45444444444445,54.4
2026-07-02,3,gru,31.639546599459628,54.4
2026-07-03,1,naive,47.6,58.8
2026-07-03,1,naive_carry,47.6,58.8
2026-07-03,1,seasonal_naive_7,49.3,58.8
2026-07-03,1,climatology,44.864444444444445,58.8
2026-07-03,1,gru,50.001340446316064,58.8
2026-07-03,2,naive,47.6,54.4
2026-07-03,2,naive_carry,47.6,54.4
2026-07-03,2,seasonal_naive_7,53.9,54.4
2026-07-03,2,climatology,43.45444444444445,54.4
2026-07-03,2,gru,46.54337754286412,54.4
2026-07-03,3,naive,47.6,36.0
2026-07-03,3,naive_carry,47.6,36.0
2026-07-03,3,seasonal_naive_7,42.6,36.0
2026-07-03,3,climatology,42.57111111111111,36.0
2026-07-03,3,gru,44.5291008550912,36.0
2026-07-04,1,naive,58.8,54.4
2026-07-04,1,naive_carry,58.8,54.4
2026-07-04,1,seasonal_naive_7,53.9,54.4
2026-07-04,1,climatology,43.45444444444445,54.4
2026-07-04,1,gru,60.65739031589549,54.4
2026-07-04,2,naive,58.8,36.0
2026-07-04,2,naive_carry,58.8,36.0
2026-07-04,2,seasonal_naive_7,42.6,36.0
2026-07-04,2,climatology,42.57111111111111,36.0
2026-07-04,2,gru,55.73284567626647,36.0
2026-07-04,3,naive,58.8,32.5
2026-07-04,3,naive_carry,58.8,32.5
2026-07-04,3,seasonal_naive_7,53.4,32.5
2026-07-04,3,climatology,41.880222222222216,32.5
2026-07-04,3,gru,53.67713559791252,32.5
2026-07-05,1,naive,54.4,36.0
2026-07-05,1,naive_carry,54.4,36.0
2026-07-05,1,seasonal_naive_7,42.6,36.0
2026-07-05,1,climatology,42.57111111111111,36.0
2026-07-05,1,gru,56.05961821514319,36.0
2026-07-05,2,naive,54.4,32.5
2026-07-05,2,naive_carry,54.4,32.5
2026-07-05,2,seasonal_naive_7,53.4,32.5
2026-07-05,2,climatology,41.880222222222216,32.5
2026-07-05,2,gru,51.741997773280964,32.5
2026-07-05,3,naive,54.4,30.0
2026-07-05,3,naive_carry,54.4,30.0
2026-07-05,3,seasonal_naive_7,39.1,30.0
2026-07-05,3,climatology,41.37888888888889,30.0
2026-07-05,3,gru,49.258243452144704,30.0
2026-07-06,1,naive,36.0,32.5
2026-07-06,1,naive_carry,36.0,32.5
2026-07-06,1,seasonal_naive_7,53.4,32.5
2026-07-06,1,climatology,41.880222222222216,32.5
2026-07-06,1,gru,37.93812806303197,32.5
2026-07-06,2,naive,36.0,30.0
2026-07-06,2,naive_carry,36.0,30.0
2026-07-06,2,seasonal_naive_7,39.1,30.0
2026-07-06,2,climatology,41.37888888888889,30.0
2026-07-06,2,gru,35.97885860143462,30.0
2026-07-06,3,naive,36.0,6.42
2026-07-06,3,naive_carry,36.0,6.42
2026-07-06,3,seasonal_naive_7,33.1,6.42
2026-07-06,3,climatology,40.31055555555555,6.42
2026-07-06,3,gru,33.33761622349417,6.42
2026-07-07,1,naive,32.5,30.0
2026-07-07,1,naive_carry,32.5,30.0
2026-07-07,1,seasonal_naive_7,39.1,30.0
2026-07-07,1,climatology,41.37888888888889,30.0
2026-07-07,1,gru,34.55745751530198,30.0
2026-07-07,2,naive,32.5,6.42
2026-07-07,2,naive_carry,32.5,6.42
2026-07-07,2,seasonal_naive_7,33.1,6.42
2026-07-07,2,climatology,40.31055555555555,6.42
2026-07-07,2,gru,32.94818509064219,6.42
2026-07-07,3,naive,32.5,22.0
2026-07-07,3,naive_carry,32.5,22.0
2026-07-07,3,seasonal_naive_7,47.6,22.0
2026-07-07,3,climatology,39.65322222222222,22.0
2026-07-07,3,gru,30.512364739321438,22.0
2026-07-08,1,naive,30.0,6.42
2026-07-08,1,naive_carry,30.0,6.42
2026-07-08,1,seasonal_naive_7,33.1,6.42
2026-07-08,1,climatology,40.31055555555555,6.42
2026-07-08,1,gru,32.06898851152941,6.42
2026-07-08,2,naive,30.0,22.0
2026-07-08,2,naive_carry,30.0,22.0
2026-07-08,2,seasonal_naive_7,47.6,22.0
2026-07-08,2,climatology,39.65322222222222,22.0
2026-07-08,2,gru,30.819443064832402,22.0
2026-07-08,3,naive,30.0,43.5
2026-07-08,3,naive_carry,30.0,43.5
2026-07-08,3,seasonal_naive_7,58.8,43.5
2026-07-08,3,climatology,39.27988888888888,43.5
2026-07-08,3,gru,28.546291368303557,43.5
2026-07-09,1,naive,6.42,22.0
2026-07-09,1,naive_carry,6.42,22.0
2026-07-09,1,seasonal_naive_7,47.6,22.0
2026-07-09,1,climatology,39.65322222222222,22.0
2026-07-09,1,gru,7.617551230215947,22.0
2026-07-09,2,naive,6.42,43.5
2026-07-09,2,naive_carry,6.42,43.5
2026-07-09,2,seasonal_naive_7,58.8,43.5
2026-07-09,2,climatology,39.27988888888888,43.5
2026-07-09,2,gru,8.30340758452922,43.5
2026-07-09,3,naive,6.42,64.2
2026-07-09,3,naive_carry,6.42,64.2
2026-07-09,3,seasonal_naive_7,54.4,64.2
2026-07-09,3,climatology,38.979888888888894,64.2
2026-07-09,3,gru,7.081534782783462,64.2
2026-07-10,1,naive,22.0,43.5
2026-07-10,1,naive_carry,22.0,43.5
2026-07-10,1,seasonal_naive_7,58.8,43.5
2026-07-10,1,climatology,39.27988888888888,43.5
2026-07-10,1,gru,24.437550875245783,43.5
2026-07-10,2,naive,22.0,64.2
2026-07-10,2,naive_carry,22.0,64.2
2026-07-10,2,seasonal_naive_7,54.4,64.2
2026-07-10,2,climatology,38.979888888888894,64.2
2026-07-10,2,gru,24.121360460372692,64.2
2026-07-10,3,naive,22.0,39.0
2026-07-10,3,naive_carry,22.0,39.0
2026-07-10,3,seasonal_naive_7,36.0,39.0
2026-07-10,3,climatology,37.776555555555554,39.0
2026-07-10,3,gru,22.67609534912081,39.0
2026-07-11,1,naive,43.5,64.2
2026-07-11,1,naive_carry,43.5,64.2
2026-07-11,1,seasonal_naive_7,54.4,64.2
2026-07-11,1,climatology,38.979888888888894,64.2
2026-07-11,1,gru,45.80927863768743,64.2
2026-07-11,2,naive,43.5,39.0
2026-07-11,2,naive_carry,43.5,39.0
2026-07-11,2,seasonal_naive_7,36.0,39.0
2026-07-11,2,climatology,37.776555555555554,39.0
2026-07-11,2,gru,43.21197636543198,39.0
2026-07-11,3,naive,43.5,40.8
2026-07-11,3,naive_carry,43.5,40.8
2026-07-11,3,seasonal_naive_7,32.5,40.8
2026-07-11,3,climatology,37.52144444444445,40.8
2026-07-11,3,gru,42.33558477005471,40.8
2026-07-12,1,naive,64.2,39.0
2026-07-12,1,naive_carry,64.2,39.0
2026-07-12,1,seasonal_naive_7,36.0,39.0
2026-07-12,1,climatology,37.776555555555554,39.0
2026-07-12,1,gru,65.16359195511782,39.0
2026-07-12,2,naive,64.2,40.8
2026-07-12,2,naive_carry,64.2,40.8
2026-07-12,2,seasonal_naive_7,32.5,40.8
2026-07-12,2,climatology,37.52144444444445,40.8
2026-07-12,2,gru,59.96765148260836,40.8
2026-07-12,3,naive,64.2,38.5
2026-07-12,3,naive_carry,64.2,38.5
2026-07-12,3,seasonal_naive_7,30.0,38.5
2026-07-12,3,climatology,37.04744444444445,38.5
2026-07-12,3,gru,59.16941735219071,38.5
2026-07-13,1,naive,39.0,40.8
2026-07-13,1,naive_carry,39.0,40.8
2026-07-13,1,seasonal_naive_7,32.5,40.8
2026-07-13,1,climatology,37.52144444444445,40.8
2026-07-13,1,gru,40.4203010198343,40.8
2026-07-13,2,naive,39.0,38.5
2026-07-13,2,naive_carry,39.0,38.5
2026-07-13,2,seasonal_naive_7,30.0,38.5
2026-07-13,2,climatology,37.04744444444445,38.5
2026-07-13,2,gru,38.38536599356138,38.5
2026-07-13,3,naive,39.0,45.9
2026-07-13,3,naive_carry,39.0,45.9
2026-07-13,3,seasonal_naive_7,6.42,45.9
2026-07-13,3,climatology,36.62877777777778,45.9
2026-07-13,3,gru,36.35645880967865,45.9
2026-07-14,1,naive,40.8,38.5
2026-07-14,1,naive_carry,40.8,38.5
2026-07-14,1,seasonal_naive_7,30.0,38.5
2026-07-14,1,climatology,37.04744444444445,38.5
2026-07-14,1,gru,42.30411533545446,38.5
2026-07-14,2,naive,40.8,45.9
2026-07-14,2,naive_carry,40.8,45.9
2026-07-14,2,seasonal_naive_7,6.42,45.9
2026-07-14,2,climatology,36.62877777777778,45.9
2026-07-14,2,gru,39.74242045073406,45.9
2026-07-14,3,naive,40.8,50.3
2026-07-14,3,naive_carry,40.8,50.3
2026-07-14,3,seasonal_naive_7,22.0,50.3
2026-07-14,3,climatology,36.02522222222222,50.3
2026-07-14,3,gru,37.71098302727452,50.3
2026-07-15,1,naive,38.5,45.9
2026-07-15,1,naive_carry,38.5,45.9
2026-07-15,1,seasonal_naive_7,6.42,45.9
2026-07-15,1,climatology,36.62877777777778,45.9
2026-07-15,1,gru,40.006354554702206,45.9
2026-07-15,2,naive,38.5,50.3
2026-07-15,2,naive_carry,38.5,50.3
2026-07-15,2,seasonal_naive_7,22.0,50.3
2026-07-15,2,climatology,36.02522222222222,50.3
2026-07-15,2,gru,37.7294370737543,50.3
2026-07-15,3,naive,38.5,46.0
2026-07-15,3,naive_carry,38.5,46.0
2026-07-15,3,seasonal_naive_7,43.5,46.0
2026-07-15,3,climatology,34.977888888888884,46.0
2026-07-15,3,gru,35.60332513456937,46.0
2026-07-16,1,naive,45.9,50.3
2026-07-16,1,naive_carry,45.9,50.3
2026-07-16,1,seasonal_naive_7,22.0,50.3
2026-07-16,1,climatology,36.02522222222222,50.3
2026-07-16,1,gru,47.1501606685478,50.3
2026-07-16,2,naive,45.9,46.0
2026-07-16,2,naive_carry,45.9,46.0
2026-07-16,2,seasonal_naive_7,43.5,46.0
2026-07-16,2,climatology,34.977888888888884,46.0
2026-07-16,2,gru,43.871679635365346,46.0
2026-07-16,3,naive,45.9,48.8
2026-07-16,3,naive_carry,45.9,48.8
2026-07-16,3,seasonal_naive_7,64.2,48.8
2026-07-16,3,climatology,34.239222222222224,48.8
2026-07-16,3,gru,41.72347621618062,48.8
2026-07-17,1,naive,50.3,46.0
2026-07-17,1,naive_carry,50.3,46.0
2026-07-17,1,seasonal_naive_7,43.5,46.0
2026-07-17,1,climatology,34.977888888888884,46.0
2026-07-17,1,gru,51.17831527400429,46.0
2026-07-17,2,naive,50.3,48.8
2026-07-17,2,naive_carry,50.3,48.8
2026-07-17,2,seasonal_naive_7,64.2,48.8
2026-07-17,2,climatology,34.239222222222224,48.8
2026-07-17,2,gru,47.350840906613975,48.8
2026-07-17,3,naive,50.3,43.3
2026-07-17,3,naive_carry,50.3,43.3
2026-07-17,3,seasonal_naive_7,39.0,43.3
2026-07-17,3,climatology,34.21588888888889,43.3
2026-07-17,3,gru,44.99290380392222,43.3
2026-07-18,1,naive,46.0,48.8
2026-07-18,1,naive_carry,46.0,48.8
2026-07-18,1,seasonal_naive_7,64.2,48.8
2026-07-18,1,climatology,34.239222222222224,48.8
2026-07-18,1,gru,46.90369883724883,48.8
2026-07-18,2,naive,46.0,43.3
2026-07-18,2,naive_carry,46.0,43.3
2026-07-18,2,seasonal_naive_7,39.0,43.3
2026-07-18,2,climatology,34.21588888888889,43.3
2026-07-18,2,gru,43.56755930438761,43.3
2026-07-18,3,naive,46.0,26.5
2026-07-18,3,naive_carry,46.0,26.5
2026-07-18,3,seasonal_naive_7,40.8,26.5
2026-07-18,3,climatology,34.794222222222224,26.5
2026-07-18,3,gru,41.057340838005764,26.5
2026-07-19,1,naive,48.8,43.3
2026-07-19,1,naive_carry,48.8,43.3
2026-07-19,1,seasonal_naive_7,39.0,43.3
2026-07-19,1,climatology,34.21588888888889,43.3
2026-07-19,1,gru,49.517518415029585,43.3
2026-07-19,2,naive,48.8,26.5
2026-07-19,2,naive_carry,48.8,26.5
2026-07-19,2,seasonal_naive_7,40.8,26.5
2026-07-19,2,climatology,34.794222222222224,26.5
2026-07-19,2,gru,45.71910826944556,26.5
2026-07-19,3,naive,48.8,21.9
2026-07-19,3,naive_carry,48.8,21.9
2026-07-19,3,seasonal_naive_7,38.5,21.9
2026-07-19,3,climatology,34.01811111111111,21.9
2026-07-19,3,gru,43.127384730751324,21.9
2026-07-20,1,naive,43.3,26.5
2026-07-20,1,naive_carry,43.3,26.5
2026-07-20,1,seasonal_naive_7,40.8,26.5
2026-07-20,1,climatology,34.794222222222224,26.5
2026-07-20,1,gru,44.16082394072255,26.5
2026-07-20,2,naive,43.3,21.9
2026-07-20,2,naive_carry,43.3,21.9
2026-07-20,2,seasonal_naive_7,38.5,21.9
2026-07-20,2,climatology,34.01811111111111,21.9
2026-07-20,2,gru,41.03269746686882,21.9
2026-07-20,3,naive,43.3,22.7
2026-07-20,3,naive_carry,43.3,22.7
2026-07-20,3,seasonal_naive_7,45.9,22.7
2026-07-20,3,climatology,39.56377777777778,22.7
2026-07-20,3,gru,38.46684915524155,22.7
2026-07-21,1,naive,26.5,21.9
2026-07-21,1,naive_carry,26.5,21.9
2026-07-21,1,seasonal_naive_7,38.5,21.9
2026-07-21,1,climatology,34.01811111111111,21.9
2026-07-21,1,gru,27.827960996712317,21.9
2026-07-21,2,naive,26.5,22.7
2026-07-21,2,naive_carry,26.5,22.7
2026-07-21,2,seasonal_naive_7,45.9,22.7
2026-07-21,2,climatology,39.56377777777778,22.7
2026-07-21,2,gru,26.646285058828823,22.7
2026-07-21,3,naive,26.5,28.6
2026-07-21,3,naive_carry,26.5,28.6
2026-07-21,3,seasonal_naive_7,50.3,28.6
2026-07-21,3,climatology,36.91544444444444,28.6
2026-07-21,3,gru,24.661481969497462,28.6
2026-07-22,1,naive,21.9,22.7
2026-07-22,1,naive_carry,21.9,22.7
2026-07-22,1,seasonal_naive_7,45.9,22.7
2026-07-22,1,climatology,39.56377777777778,22.7
2026-07-22,1,gru,23.381657006214468,22.7
2026-07-22,2,naive,21.9,28.6
2026-07-22,2,naive_carry,21.9,28.6
2026-07-22,2,seasonal_naive_7,50.3,28.6
2026-07-22,2,climatology,36.91544444444444,28.6
2026-07-22,2,gru,22.705325413064347,28.6
2026-07-22,3,naive,21.9,30.2
2026-07-22,3,naive_carry,21.9,30.2
2026-07-22,3,seasonal_naive_7,46.0,30.2
2026-07-22,3,climatology,36.85544444444445,30.2
2026-07-22,3,gru,21.172651467386316,30.2
2026-07-23,1,naive,22.7,28.6
2026-07-23,1,naive_carry,22.7,28.6
2026-07-23,1,seasonal_naive_7,50.3,28.6
2026-07-23,1,climatology,36.91544444444444,28.6
2026-07-23,1,gru,24.264789787457943,28.6
2026-07-23,2,naive,22.7,30.2
2026-07-23,2,naive_carry,22.7,30.2
2026-07-23,2,seasonal_naive_7,46.0,30.2
2026-07-23,2,climatology,36.85544444444445,30.2
2026-07-23,2,gru,23.590900394007136,30.2
2026-07-24,1,naive,28.6,30.2
2026-07-24,1,naive_carry,28.6,30.2
2026-07-24,1,seasonal_naive_7,46.0,30.2
2026-07-24,1,climatology,36.85544444444445,30.2
2026-07-24,1,gru,30.13906544621388,30.2
2026-07-24,3,naive,28.6,29.6
2026-07-24,3,naive_carry,28.6,29.6
2026-07-24,3,seasonal_naive_7,43.3,29.6
2026-07-24,3,climatology,37.358555555555554,29.6
2026-07-24,3,gru,27.87836052162594,29.6
2026-07-25,2,naive,30.2,29.6
2026-07-25,2,naive_carry,30.2,29.6
2026-07-25,2,seasonal_naive_7,43.3,29.6
2026-07-25,2,climatology,37.358555555555554,29.6
2026-07-25,2,gru,30.265250120779086,29.6
2026-07-25,3,naive,30.2,20.6
2026-07-25,3,naive_carry,30.2,20.6
2026-07-25,3,seasonal_naive_7,26.5,20.6
2026-07-25,3,climatology,38.23077777777778,20.6
2026-07-25,3,gru,29.29841690605285,20.6
2026-07-27,1,naive,29.6,20.6
2026-07-27,1,naive_carry,29.6,20.6
2026-07-27,1,seasonal_naive_7,26.5,20.6
2026-07-27,1,climatology,38.23077777777778,20.6
2026-07-27,1,gru,30.849735011402156,20.6
2026-07-27,2,naive,29.6,36.8
2026-07-27,2,naive_carry,29.6,36.8
2026-07-27,2,seasonal_naive_7,21.9,36.8
2026-07-27,2,climatology,38.338111111111104,36.8
2026-07-27,2,gru,28.520877874922935,36.8
2026-07-27,3,naive,29.6,40.4
2026-07-27,3,naive_carry,29.6,40.4
2026-07-27,3,seasonal_naive_7,22.7,40.4
2026-07-27,3,climatology,38.83877777777778,40.4
2026-07-27,3,gru,29.553622114809567,40.4
2026-07-28,1,naive,20.6,36.8
2026-07-28,1,naive_carry,20.6,36.8
2026-07-28,1,seasonal_naive_7,21.9,36.8
2026-07-28,1,climatology,38.338111111111104,36.8
2026-07-28,1,gru,21.93959867991754,36.8
2026-07-28,2,naive,20.6,40.4
2026-07-28,2,naive_carry,20.6,40.4
2026-07-28,2,seasonal_naive_7,22.7,40.4
2026-07-28,2,climatology,38.83877777777778,40.4
2026-07-28,2,gru,21.590859870670258,40.4
2026-07-28,3,naive,20.6,21.9
2026-07-28,3,naive_carry,20.6,21.9
2026-07-28,3,seasonal_naive_7,28.6,21.9
2026-07-28,3,climatology,38.80291111111111,21.9
2026-07-28,3,gru,21.77073691350505,21.9
2026-07-29,1,naive,36.8,40.4
2026-07-29,1,naive_carry,36.8,40.4
2026-07-29,1,seasonal_naive_7,22.7,40.4
2026-07-29,1,climatology,38.83877777777778,40.4
2026-07-29,1,gru,38.005178181230214,40.4
2026-07-29,2,naive,36.8,21.9
2026-07-29,2,naive_carry,36.8,21.9
2026-07-29,2,seasonal_naive_7,28.6,21.9
2026-07-29,2,climatology,38.80291111111111,21.9
2026-07-29,2,gru,35.69163529856665,21.9
2026-07-29,3,naive,36.8,38.6
2026-07-29,3,naive_carry,36.8,38.6
2026-07-29,3,seasonal_naive_7,30.2,38.6
2026-07-29,3,climatology,38.13091111111111,38.6
2026-07-29,3,gru,36.32675592370142,38.6
2026-07-30,1,naive,40.4,21.9
2026-07-30,1,naive_carry,40.4,21.9
2026-07-30,1,seasonal_naive_7,28.6,21.9
2026-07-30,1,climatology,38.80291111111111,21.9
2026-07-30,1,gru,41.176879373977876,21.9
2026-07-30,2,naive,40.4,38.6
2026-07-30,2,naive_carry,40.4,38.6
2026-07-30,2,seasonal_naive_7,30.2,38.6
2026-07-30,2,climatology,38.13091111111111,38.6
2026-07-30,2,gru,38.68551056853802,38.6
2026-07-31,1,naive,21.9,38.6
2026-07-31,1,naive_carry,21.9,38.6
2026-07-31,1,seasonal_naive_7,30.2,38.6
2026-07-31,1,climatology,38.13091111111111,38.6
2026-07-31,1,gru,23.09199020226884,38.6
2026-07-31,3,naive,21.9,26.9
2026-07-31,3,naive_carry,21.9,26.9
2026-07-31,3,seasonal_naive_7,29.6,26.9
2026-07-31,3,climatology,38.09557777777778,26.9
2026-07-31,3,gru,22.158735030286397,26.9
2026-08-01,2,naive,38.6,26.9
2026-08-01,2,naive_carry,38.6,26.9
2026-08-01,2,seasonal_naive_7,29.6,26.9
2026-08-01,2,climatology,38.09557777777778,26.9
2026-08-01,2,gru,37.107605229224106,26.9
2026-08-01,3,naive,38.6,17.7
2026-08-01,3,naive_carry,38.6,17.7
2026-08-01,3,seasonal_naive_7,20.6,17.7
2026-08-01,3,climatology,37.79224444444445,17.7
2026-08-01,3,gru,37.26855212123627,17.7
2026-08-02,1,naive,26.7,26.9
2026-08-02,1,naive_carry,26.7,26.9
2026-08-02,1,seasonal_naive_7,29.6,26.9
2026-08-02,1,climatology,38.09557777777778,26.9
2026-08-02,1,gru,27.824148916867546,26.9
2026-08-02,2,naive,26.7,17.7
2026-08-02,2,naive_carry,26.7,17.7
2026-08-02,2,seasonal_naive_7,20.6,17.7
2026-08-02,2,climatology,37.79224444444445,17.7
2026-08-02,2,gru,26.72799025767501,17.7
2026-08-02,3,naive,26.7,35.7
2026-08-02,3,naive_carry,26.7,35.7
2026-08-02,3,seasonal_naive_7,36.8,35.7
2026-08-02,3,climatology,36.36924444444445,35.7
2026-08-02,3,gru,26.630920982669945,35.7
2026-08-03,1,naive,26.9,17.7
2026-08-03,1,naive_carry,26.9,17.7
2026-08-03,1,seasonal_naive_7,20.6,17.7
2026-08-03,1,climatology,37.79224444444445,17.7
2026-08-03,1,gru,28.114237622955212,17.7
2026-08-03,2,naive,26.9,35.7
2026-08-03,2,naive_carry,26.9,35.7
2026-08-03,2,seasonal_naive_7,36.8,35.7
2026-08-03,2,climatology,36.36924444444445,35.7
2026-08-03,2,gru,26.960422825240162,35.7
2026-08-03,3,naive,26.9,26.1
2026-08-03,3,naive_carry,26.9,26.1
2026-08-03,3,seasonal_naive_7,40.4,26.1
2026-08-03,3,climatology,36.37491111111111,26.1
2026-08-03,3,gru,27.144047060032396,26.1
2026-08-04,1,naive,17.7,35.7
2026-08-04,1,naive_carry,17.7,35.7
2026-08-04,1,seasonal_naive_7,36.8,35.7
2026-08-04,1,climatology,36.36924444444445,35.7
2026-08-04,1,gru,18.997149764545558,35.7
2026-08-04,2,naive,17.7,26.1
2026-08-04,2,naive_carry,17.7,26.1
2026-08-04,2,seasonal_naive_7,40.4,26.1
2026-08-04,2,climatology,36.37491111111111,26.1
2026-08-04,2,gru,18.73149259504906,26.1
2026-08-04,3,naive,17.7,25.0
2026-08-04,3,naive_carry,17.7,25.0
2026-08-04,3,seasonal_naive_7,21.9,25.0
2026-08-04,3,climatology,30.364355555555555,25.0
2026-08-04,3,gru,19.060911363441832,25.0
2026-08-05,1,naive,35.7,26.1
2026-08-05,1,naive_carry,35.7,26.1
2026-08-05,1,seasonal_naive_7,40.4,26.1
2026-08-05,1,climatology,36.37491111111111,26.1
2026-08-05,1,gru,36.90940070671057,26.1
2026-08-05,2,naive,35.7,25.0
2026-08-05,2,naive_carry,35.7,25.0
2026-08-05,2,seasonal_naive_7,21.9,25.0
2026-08-05,2,climatology,30.364355555555555,25.0
2026-08-05,2,gru,34.83739111008931,25.0
2026-08-05,3,naive,35.7,30.6
2026-08-05,3,naive_carry,35.7,30.6
2026-08-05,3,seasonal_naive_7,38.6,30.6
2026-08-05,3,climatology,30.433244444444444,30.6
2026-08-05,3,gru,35.97973639692749,30.6
2026-08-06,1,naive,26.1,25.0
2026-08-06,1,naive_carry,26.1,25.0
2026-08-06,1,seasonal_naive_7,21.9,25.0
2026-08-06,1,climatology,30.364355555555555,25.0
2026-08-06,1,gru,27.269829932661676,25.0
2026-08-06,2,naive,26.1,30.6
2026-08-06,2,naive_carry,26.1,30.6
2026-08-06,2,seasonal_naive_7,38.6,30.6
2026-08-06,2,climatology,30.433244444444444,30.6
2026-08-06,2,gru,26.27663747678442,30.6
2026-08-06,3,naive,26.1,32.7
2026-08-06,3,naive_carry,26.1,32.7
2026-08-06,3,seasonal_naive_7,26.7,32.7
2026-08-06,3,climatology,30.21591111111111,32.7
2026-08-06,3,gru,26.903972689011862,32.7
2026-08-07,1,naive,25.0,30.6
2026-08-07,1,naive_carry,25.0,30.6
2026-08-07,1,seasonal_naive_7,38.6,30.6
2026-08-07,1,climatology,30.433244444444444,30.6
2026-08-07,1,gru,26.259194157948382,30.6
2026-08-07,2,naive,25.0,32.7
2026-08-07,2,naive_carry,25.0,32.7
2026-08-07,2,seasonal_naive_7,26.7,32.7
2026-08-07,2,climatology,30.21591111111111,32.7
2026-08-07,2,gru,25.303752613439336,32.7
2026-08-07,3,naive,25.0,35.9
2026-08-07,3,naive_carry,25.0,35.9
2026-08-07,3,seasonal_naive_7,26.9,35.9
2026-08-07,3,climatology,29.119111111111113,35.9
2026-08-07,3,gru,26.15332932633093,35.9
2026-08-08,1,naive,30.6,32.7
2026-08-08,1,naive_carry,30.6,32.7
2026-08-08,1,seasonal_naive_7,26.7,32.7
2026-08-08,1,climatology,30.21591111111111,32.7
2026-08-08,1,gru,31.743239106293647,32.7
2026-08-08,2,naive,30.6,35.9
2026-08-08,2,naive_carry,30.6,35.9
2026-08-08,2,seasonal_naive_7,26.9,35.9
2026-08-08,2,climatology,29.119111111111113,35.9
2026-08-08,2,gru,30.214863202664578,35.9
2026-08-08,3,naive,30.6,46.2
2026-08-08,3,naive_carry,30.6,46.2
2026-08-08,3,seasonal_naive_7,17.7,46.2
2026-08-08,3,climatology,28.145777777777777,46.2
2026-08-08,3,gru,31.38829107466426,46.2
2026-08-09,1,naive,32.7,35.9
2026-08-09,1,naive_carry,32.7,35.9
2026-08-09,1,seasonal_naive_7,26.9,35.9
2026-08-09,1,climatology,29.119111111111113,35.9
2026-08-09,1,gru,33.663187688272465,35.9
2026-08-09,2,naive,32.7,46.2
2026-08-09,2,naive_carry,32.7,46.2
2026-08-09,2,seasonal_naive_7,17.7,46.2
2026-08-09,2,climatology,28.145777777777777,46.2
2026-08-09,2,gru,31.893119629429172,46.2
2026-08-09,3,naive,32.7,47.9
2026-08-09,3,naive_carry,32.7,47.9
2026-08-09,3,seasonal_naive_7,35.7,47.9
2026-08-09,3,climatology,27.35177777777778,47.9
2026-08-09,3,gru,33.07738369146979,47.9
2026-08-10,1,naive,35.9,46.2
2026-08-10,1,naive_carry,35.9,46.2
2026-08-10,1,seasonal_naive_7,17.7,46.2
2026-08-10,1,climatology,28.145777777777777,46.2
2026-08-10,1,gru,36.65405943436137,46.2
2026-08-10,2,naive,35.9,47.9
2026-08-10,2,naive_carry,35.9,47.9
2026-08-10,2,seasonal_naive_7,35.7,47.9
2026-08-10,2,climatology,27.35177777777778,47.9
2026-08-10,2,gru,34.48897477530384,47.9
2026-08-10,3,naive,35.9,32.7
2026-08-10,3,naive_carry,35.9,32.7
2026-08-10,3,seasonal_naive_7,26.1,32.7
2026-08-10,3,climatology,27.96977777777778,32.7
2026-08-10,3,gru,35.69600502739444,32.7
2026-08-11,1,naive,46.2,47.9
2026-08-11,1,naive_carry,46.2,47.9
2026-08-11,1,seasonal_naive_7,35.7,47.9
2026-08-11,1,climatology,27.35177777777778,47.9
2026-08-11,1,gru,46.28473601950535,47.9
2026-08-11,2,naive,46.2,32.7
2026-08-11,2,naive_carry,46.2,32.7
2026-08-11,2,seasonal_naive_7,26.1,32.7
2026-08-11,2,climatology,27.96977777777778,32.7
2026-08-11,2,gru,42.90078170973694,32.7
2026-08-11,3,naive,46.2,31.2
2026-08-11,3,naive_carry,46.2,31.2
2026-08-11,3,seasonal_naive_7,25.0,31.2
2026-08-11,3,climatology,27.223111111111113,31.2
2026-08-11,3,gru,43.89650706237676,31.2
2026-08-12,1,naive,47.9,32.7
2026-08-12,1,naive_carry,47.9,32.7
2026-08-12,1,seasonal_naive_7,26.1,32.7
2026-08-12,1,climatology,27.96977777777778,32.7
2026-08-12,1,gru,47.62696387445103,32.7
2026-08-12,2,naive,47.9,31.2
2026-08-12,2,naive_carry,47.9,31.2
2026-08-12,2,seasonal_naive_7,25.0,31.2
2026-08-12,2,climatology,27.223111111111113,31.2
2026-08-12,2,gru,43.95542369568409,31.2
2026-08-12,3,naive,47.9,40.4
2026-08-12,3,naive_carry,47.9,40.4
2026-08-12,3,seasonal_naive_7,30.6,40.4
2026-08-12,3,climatology,27.22664444444445,40.4
2026-08-12,3,gru,44.45398623267271,40.4
2026-08-13,1,naive,32.7,31.2
2026-08-13,1,naive_carry,32.7,31.2
2026-08-13,1,seasonal_naive_7,25.0,31.2
2026-08-13,1,climatology,27.223111111111113,31.2
2026-08-13,1,gru,33.288590754113315,31.2
2026-08-13,2,naive,32.7,40.4
2026-08-13,2,naive_carry,32.7,40.4
2026-08-13,2,seasonal_naive_7,30.6,40.4
2026-08-13,2,climatology,27.22664444444445,40.4
2026-08-13,2,gru,31.15791805605675,40.4
2026-08-13,3,naive,32.7,27.0
2026-08-13,3,naive_carry,32.7,27.0
2026-08-13,3,seasonal_naive_7,32.7,27.0
2026-08-13,3,climatology,27.79108888888889,27.0
2026-08-13,3,gru,31.971508538605402,27.0
2026-08-14,1,naive,31.2,40.4
2026-08-14,1,naive_carry,31.2,40.4
2026-08-14,1,seasonal_naive_7,30.6,40.4
2026-08-14,1,climatology,27.22664444444445,40.4
2026-08-14,1,gru,32.020843456779865,40.4
2026-08-14,2,naive,31.2,27.0
2026-08-14,2,naive_carry,31.2,27.0
2026-08-14,2,seasonal_naive_7,32.7,27.0
2026-08-14,2,climatology,27.79108888888889,27.0
2026-08-14,2,gru,29.95042081945149,27.0
2026-08-14,3,naive,31.2,26.7
2026-08-14,3,naive_carry,31.2,26.7
2026-08-14,3,seasonal_naive_7,35.9,26.7
2026-08-14,3,climatology,28.588866666666668,26.7
2026-08-14,3,gru,31.399471004648,26.7
2026-08-15,1,naive,40.4,27.0
2026-08-15,1,naive_carry,40.4,27.0
2026-08-15,1,seasonal_naive_7,32.7,27.0
2026-08-15,1,climatology,27.79108888888889,27.0
2026-08-15,1,gru,40.83449366606835,27.0
2026-08-15,2,naive,40.4,26.7
2026-08-15,2,naive_carry,40.4,26.7
2026-08-15,2,seasonal_naive_7,35.9,26.7
2026-08-15,2,climatology,28.588866666666668,26.7
2026-08-15,2,gru,37.65668313255195,26.7
2026-08-15,3,naive,40.4,29.8
2026-08-15,3,naive_carry,40.4,29.8
2026-08-15,3,seasonal_naive_7,46.2,29.8
2026-08-15,3,climatology,28.7892,29.8
2026-08-15,3,gru,39.39312879901361,29.8
2026-08-16,1,naive,27.0,26.7
2026-08-16,1,naive_carry,27.0,26.7
2026-08-16,1,seasonal_naive_7,35.9,26.7
2026-08-16,1,climatology,28.588866666666668,26.7
2026-08-16,1,gru,27.93038599286074,26.7
2026-08-16,2,naive,27.0,29.8
2026-08-16,2,naive_carry,27.0,29.8
2026-08-16,2,seasonal_naive_7,46.2,29.8
2026-08-16,2,climatology,28.7892,29.8
2026-08-16,2,gru,26.270174767540073,29.8
2026-08-16,3,naive,27.0,33.2
2026-08-16,3,naive_carry,27.0,33.2
2026-08-16,3,seasonal_naive_7,47.9,33.2
2026-08-16,3,climatology,31.350311111111115,33.2
2026-08-16,3,gru,28.10232512601018,33.2
2026-08-17,1,naive,26.7,29.8
2026-08-17,1,naive_carry,26.7,29.8
2026-08-17,1,seasonal_naive_7,46.2,29.8
2026-08-17,1,climatology,28.7892,29.8
2026-08-17,1,gru,27.79721155446477,29.8
2026-08-17,2,naive,26.7,33.2
2026-08-17,2,naive_carry,26.7,33.2
2026-08-17,2,seasonal_naive_7,47.9,33.2
2026-08-17,2,climatology,31.350311111111115,33.2
2026-08-17,2,gru,26.14540003640589,33.2
2026-08-17,3,naive,26.7,37.1
2026-08-17,3,naive_carry,26.7,37.1
2026-08-17,3,seasonal_naive_7,32.7,37.1
2026-08-17,3,climatology,32.138311111111115,37.1
2026-08-17,3,gru,28.62213105331285,37.1
2026-08-18,1,naive,29.8,33.2
2026-08-18,1,naive_carry,29.8,33.2
2026-08-18,1,seasonal_naive_7,47.9,33.2
2026-08-18,1,climatology,31.350311111111115,33.2
2026-08-18,1,gru,30.8678483613443,33.2
2026-08-18,2,naive,29.8,37.1
2026-08-18,2,naive_carry,29.8,37.1
2026-08-18,2,seasonal_naive_7,32.7,37.1
2026-08-18,2,climatology,32.138311111111115,37.1
2026-08-18,2,gru,28.873717724835274,37.1
2026-08-18,3,naive,29.8,28.1
2026-08-18,3,naive_carry,29.8,28.1
2026-08-18,3,seasonal_naive_7,31.2,28.1
2026-08-18,3,climatology,32.644977777777775,28.1
2026-08-18,3,gru,31.75405127676742,28.1
2026-08-19,1,naive,33.2,37.1
2026-08-19,1,naive_carry,33.2,37.1
2026-08-19,1,seasonal_naive_7,32.7,37.1
2026-08-19,1,climatology,32.138311111111115,37.1
2026-08-19,1,gru,34.116368290996235,37.1
2026-08-19,2,naive,33.2,28.1
2026-08-19,2,naive_carry,33.2,28.1
2026-08-19,2,seasonal_naive_7,31.2,28.1
2026-08-19,2,climatology,32.644977777777775,28.1
2026-08-19,2,gru,31.71813235380083,28.1
2026-08-19,3,naive,33.2,29.0
2026-08-19,3,naive_carry,33.2,29.0
2026-08-19,3,seasonal_naive_7,40.4,29.0
2026-08-19,3,climatology,33.0792,29.0
2026-08-19,3,gru,34.71874523035779,29.0
2026-08-20,1,naive,37.1,28.1
2026-08-20,1,naive_carry,37.1,28.1
2026-08-20,1,seasonal_naive_7,31.2,28.1
2026-08-20,1,climatology,32.644977777777775,28.1
2026-08-20,1,gru,37.76170292964915,28.1
2026-08-20,2,naive,37.1,29.0
2026-08-20,2,naive_carry,37.1,29.0
2026-08-20,2,seasonal_naive_7,40.4,29.0
2026-08-20,2,climatology,33.0792,29.0
2026-08-20,2,gru,34.85406625377129,29.0
2026-08-20,3,naive,37.1,33.5
2026-08-20,3,naive_carry,37.1,33.5
2026-08-20,3,seasonal_naive_7,27.0,33.5
2026-08-20,3,climatology,34.56197777777778,33.5
2026-08-20,3,gru,37.84917909764767,33.5
2026-08-21,1,naive,28.1,29.0
2026-08-21,1,naive_carry,28.1,29.0
2026-08-21,1,seasonal_naive_7,40.4,29.0
2026-08-21,1,climatology,33.0792,29.0
2026-08-21,1,gru,29.07209284143081,29.0
2026-08-21,2,naive,28.1,33.5
2026-08-21,2,naive_carry,28.1,33.5
2026-08-21,2,seasonal_naive_7,27.0,33.5
2026-08-21,2,climatology,34.56197777777778,33.5
2026-08-21,2,gru,27.152124306451345,33.5
2026-08-21,3,naive,28.1,42.0
2026-08-21,3,naive_carry,28.1,42.0
2026-08-21,3,seasonal_naive_7,26.7,42.0
2026-08-21,3,climatology,35.202644444444445,42.0
2026-08-21,3,gru,30.17820985372787,42.0
2026-08-22,1,naive,29.0,33.5
2026-08-22,1,naive_carry,29.0,33.5
2026-08-22,1,seasonal_naive_7,27.0,33.5
2026-08-22,1,climatology,34.56197777777778,33.5
2026-08-22,1,gru,30.067955011204287,33.5
2026-08-22,2,naive,29.0,42.0
2026-08-22,2,naive_carry,29.0,42.0
2026-08-22,2,seasonal_naive_7,26.7,42.0
2026-08-22,2,climatology,35.202644444444445,42.0
2026-08-22,2,gru,27.988909073105493,42.0
2026-08-22,3,naive,29.0,37.0
2026-08-22,3,naive_carry,29.0,37.0
2026-08-22,3,seasonal_naive_7,29.8,37.0
2026-08-22,3,climatology,37.30531111111111,37.0
2026-08-22,3,gru,31.578611935045007,37.0
2026-08-23,1,naive,33.5,42.0
2026-08-23,1,naive_carry,33.5,42.0
2026-08-23,1,seasonal_naive_7,26.7,42.0
2026-08-23,1,climatology,35.202644444444445,42.0
2026-08-23,1,gru,34.43545941368647,42.0
2026-08-23,2,naive,33.5,37.0
2026-08-23,2,naive_carry,33.5,37.0
2026-08-23,2,seasonal_naive_7,29.8,37.0
2026-08-23,2,climatology,37.30531111111111,37.0
2026-08-23,2,gru,31.7706346888331,37.0
2026-08-23,3,naive,33.5,50.3
2026-08-23,3,naive_carry,33.5,50.3
2026-08-23,3,seasonal_naive_7,33.2,50.3
2026-08-23,3,climatology,37.47253333333333,50.3
2026-08-23,3,gru,35.66760989062095,50.3
2026-08-24,1,naive,42.0,37.0
2026-08-24,1,naive_carry,42.0,37.0
2026-08-24,1,seasonal_naive_7,29.8,37.0
2026-08-24,1,climatology,37.30531111111111,37.0
2026-08-24,1,gru,42.423297262819894,37.0
2026-08-24,2,naive,42.0,50.3
2026-08-24,2,naive_carry,42.0,50.3
2026-08-24,2,seasonal_naive_7,33.2,50.3
2026-08-24,2,climatology,37.47253333333333,50.3
2026-08-24,2,gru,38.629164203433085,50.3
2026-08-24,3,naive,42.0,50.7
2026-08-24,3,naive_carry,42.0,50.7
2026-08-24,3,seasonal_naive_7,37.1,50.7
2026-08-24,3,climatology,46.15253333333333,50.7
2026-08-24,3,gru,42.44580199189882,50.7
