origin,horizon,model,y_pred,y_true
2024-09-11,1,naive,26.9,9.91
2024-09-11,1,naive_carry,26.9,9.91
2024-09-11,1,seasonal_naive_7,25.0,9.91
2024-09-11,1,climatology,42.986111111111114,9.91
2024-09-11,1,gru,32.35360148336109,9.91
2024-09-11,2,naive,26.9,11.4
2024-09-11,2,naive_carry,26.9,11.4
2024-09-11,2,seasonal_naive_7,16.9,11.4
2024-09-11,2,climatology,44.73544444444444,11.4
2024-09-11,2,gru,30.77675534635105,11.4
2024-09-11,3,naive,26.9,21.6
2024-09-11,3,naive_carry,26.9,21.6
2024-09-11,3,seasonal_naive_7,23.4,21.6
2024-09-11,3,climatology,44.75411111111111,21.6
2024-09-11,3,gru,31.89207525811002,21.6
2024-09-12,1,naive,9.91,11.4
2024-09-12,1,naive_carry,9.91,11.4
2024-09-12,1,seasonal_naive_7,16.9,11.4
2024-09-12,1,climatology,44.73544444444444,11.4
2024-09-12,1,gru,14.9493105289496,11.4
2024-09-12,2,naive,9.91,21.6
2024-09-12,2,naive_carry,9.91,21.6
2024-09-12,2,seasonal_naive_7,23.4,21.6
2024-09-12,2,climatology,44.75411111111111,21.6
2024-09-12,2,gru,18.6829333719282,21.6
2024-09-12,3,naive,9.91,30.8
2024-09-12,3,naive_carry,9.91,30.8
2024-09-12,3,seasonal_naive_7,43.4,30.8
2024-09-12,3,climatology,43.81555555555555,30.8
2024-09-12,3,gru,23.936487032992165,30.8
2024-09-13,1,naive,11.4,21.6
2024-09-13,1,naive_carry,11.4,21.6
2024-09-13,1,seasonal_naive_7,23.4,21.6
2024-09-13,1,climatology,44.75411111111111,21.6
2024-09-13,1,gru,17.629914248538643,21.6
2024-09-13,2,naive,11.4,30.8
2024-09-13,2,naive_carry,11.4,30.8
2024-09-13,2,seasonal_naive_7,43.4,30.8
2024-09-13,2,climatology,43.81555555555555,30.8
2024-09-13,2,gru,22.4154605065489,30.8
2024-09-13,3,naive,11.4,39.0
2024-09-13,3,naive_carry,11.4,39.0
2024-09-13,3,seasonal_naive_7,41.6,39.0
2024-09-13,3,climatology,42.88166666666667,39.0
2024-09-13,3,gru,28.202038620720327,39.0
2024-09-14,1,naive,21.6,30.8
2024-09-14,1,naive_carry,21.6,30.8
2024-09-14,1,seasonal_naive_7,43.4,30.8
2024-09-14,1,climatology,43.81555555555555,30.8
2024-09-14,1,gru,29.131420010700367,30.8
2024-09-14,2,naive,21.6,39.0
2024-09-14,2,naive_carry,21.6,39.0
2024-09-14,2,seasonal_naive_7,41.6,39.0
2024-09-14,2,climatology,42.88166666666667,39.0
2024-09-14,2,gru,32.763249001207704,39.0
2024-09-14,3,naive,21.6,46.6
2024-09-14,3,naive_carry,21.6,46.6
2024-09-14,3,seasonal_naive_7,36.2,46.6
2024-09-14,3,climatology,41.751666666666665,46.6
2024-09-14,3,gru,34.587295851020336,46.6
2024-09-15,1,naive,30.8,39.0
2024-09-15,1,naive_carry,30.8,39.0
2024-09-15,1,seasonal_naive_7,41.6,39.0
2024-09-15,1,climatology,42.88166666666667,39.0
2024-09-15,1,gru,36.361334875514295,39.0
2024-09-15,2,naive,30.8,46.6
2024-09-15,2,naive_carry,30.8,46.6
2024-09-15,2,seasonal_naive_7,36.2,46.6
2024-09-15,2,climatology,41.751666666666665,46.6
2024-09-15,2,gru,38.08489445010453,46.6
2024-09-15,3,naive,30.8,29.6
2024-09-15,3,naive_carry,30.8,29.6
2024-09-15,3,seasonal_naive_7,26.9,29.6
2024-09-15,3,climatology,39.64522222222222,29.6
2024-09-15,3,gru,37.08559399174671,29.6
2024-09-16,1,naive,39.0,46.6
2024-09-16,1,naive_carry,39.0,46.6
2024-09-16,1,seasonal_naive_7,36.2,46.6
2024-09-16,1,climatology,41.751666666666665,46.6
2024-09-16,1,gru,43.03637551680888,46.6
2024-09-16,2,naive,39.0,29.6
2024-09-16,2,naive_carry,39.0,29.6
2024-09-16,2,seasonal_naive_7,26.9,29.6
2024-09-16,2,climatology,39.64522222222222,29.6
2024-09-16,2,gru,41.85684765139987,29.6
2024-09-16,3,naive,39.0,26.0
2024-09-16,3,naive_carry,39.0,26.0
2024-09-16,3,seasonal_naive_7,9.91,26.0
2024-09-16,3,climatology,39.65022222222222,26.0
2024-09-16,3,gru,40.552263017977694,26.0
2024-09-17,1,naive,46.6,29.6
2024-09-17,1,naive_carry,46.6,29.6
2024-09-17,1,seasonal_naive_7,26.9,29.6
2024-09-17,1,climatology,39.64522222222222,29.6
2024-09-17,1,gru,51.18161055854574,29.6
2024-09-17,2,naive,46.6,26.0
2024-09-17,2,naive_carry,46.6,26.0
2024-09-17,2,seasonal_naive_7,9.91,26.0
2024-09-17,2,climatology,39.65022222222222,26.0
2024-09-17,2,gru,46.775631322560415,26.0
2024-09-17,3,naive,46.6,26.7
2024-09-17,3,naive_carry,46.6,26.7
2024-09-17,3,seasonal_naive_7,11.4,26.7
2024-09-17,3,climatology,40.61466666666667,26.7
2024-09-17,3,gru,43.78994981742628,26.7
2024-09-18,1,naive,29.6,26.0
2024-09-18,1,naive_carry,29.6,26.0
2024-09-18,1,seasonal_naive_7,9.91,26.0
2024-09-18,1,climatology,39.65022222222222,26.0
2024-09-18,1,gru,37.26427993150664,26.0
2024-09-18,2,naive,29.6,26.7
2024-09-18,2,naive_carry,29.6,26.7
2024-09-18,2,seasonal_naive_7,11.4,26.7
2024-09-18,2,climatology,40.61466666666667,26.7
2024-09-18,2,gru,40.1977243822394,26.7
2024-09-18,3,naive,29.6,32.7
2024-09-18,3,naive_carry,29.6,32.7
2024-09-18,3,seasonal_naive_7,21.6,32.7
2024-09-18,3,climatology,42.01133333333334,32.7
2024-09-18,3,gru,41.77385025906081,32.7
2024-09-19,1,naive,26.0,26.7
2024-09-19,1,naive_carry,26.0,26.7
2024-09-19,1,seasonal_naive_7,11.4,26.7
2024-09-19,1,climatology,40.61466666666667,26.7
2024-09-19,1,gru,34.16472556278179,26.7
2024-09-19,2,naive,26.0,32.7
2024-09-19,2,naive_carry,26.0,32.7
2024-09-19,2,seasonal_naive_7,21.6,32.7
2024-09-19,2,climatology,42.01133333333334,32.7
2024-09-19,2,gru,36.99491164961308,32.7
2024-09-19,3,naive,26.0,61.5
2024-09-19,3,naive_carry,26.0,61.5
2024-09-19,3,seasonal_naive_7,30.8,61.5
2024-09-19,3,climatology,43.37688888888889,61.5
2024-09-19,3,gru,39.75698199310271,61.5
2024-09-20,1,naive,26.7,32.7
2024-09-20,1,naive_carry,26.7,32.7
2024-09-20,1,seasonal_naive_7,21.6,32.7
2024-09-20,1,climatology,42.01133333333334,32.7
2024-09-20,1,gru,36.13499130784614,32.7
2024-09-20,2,naive,26.7,61.5
2024-09-20,2,naive_carry,26.7,61.5
2024-09-20,2,seasonal_naive_7,30.8,61.5
2024-09-20,2,climatology,43.37688888888889,61.5
2024-09-20,2,gru,37.15798700510801,61.5
2024-09-20,3,naive,26.7,70.8
2024-09-20,3,naive_carry,26.7,70.8
2024-09-20,3,seasonal_naive_7,39.0,70.8
2024-09-20,3,climatology,44.78322222222222,70.8
2024-09-20,3,gru,36.34194284086043,70.8
2024-09-21,1,naive,32.7,61.5
2024-09-21,1,naive_carry,32.7,61.5
2024-09-21,1,seasonal_naive_7,30.8,61.5
2024-09-21,1,climatology,43.37688888888889,61.5
2024-09-21,1,gru,41.211449860377826,61.5
2024-09-21,2,naive,32.7,70.8
2024-09-21,2,naive_carry,32.7,70.8
2024-09-21,2,seasonal_naive_7,39.0,70.8
2024-09-21,2,climatology,44.78322222222222,70.8
2024-09-21,2,gru,37.99279519186035,70.8
2024-09-21,3,naive,32.7,81.0
2024-09-21,3,naive_carry,32.7,81.0
2024-09-21,3,seasonal_naive_7,46.6,81.0
2024-09-21,3,climatology,46.12877777777778,81.0
2024-09-21,3,gru,35.5067609125833,81.0
2024-09-22,1,naive,61.5,70.8
2024-09-22,1,naive_carry,61.5,70.8
2024-09-22,1,seasonal_naive_7,39.0,70.8
2024-09-22,1,climatology,44.78322222222222,70.8
2024-09-22,1,gru,62.134939944043,70.8
2024-09-22,2,naive,61.5,81.0
2024-09-22,2,naive_carry,61.5,81.0
2024-09-22,2,seasonal_naive_7,46.6,81.0
2024-09-22,2,climatology,46.12877777777778,81.0
2024-09-22,2,gru,47.76087495050186,81.0
2024-09-22,3,naive,61.5,71.0
2024-09-22,3,naive_carry,61.5,71.0
2024-09-22,3,seasonal_naive_7,29.6,71.0
2024-09-22,3,climatology,47.26233333333333,71.0
2024-09-22,3,gru,43.05135890348532,71.0
2024-09-23,1,naive,70.8,81.0
2024-09-23,1,naive_carry,70.8,81.0
2024-09-23,1,seasonal_naive_7,46.6,81.0
2024-09-23,1,climatology,46.12877777777778,81.0
2024-09-23,1,gru,65.10228957901772,81.0
2024-09-23,2,naive,70.8,71.0
2024-09-23,2,naive_carry,70.8,71.0
2024-09-23,2,seasonal_naive_7,29.6,71.0
2024-09-23,2,climatology,47.26233333333333,71.0
2024-09-23,2,gru,49.62478844423795,71.0
2024-09-23,3,naive,70.8,23.2
2024-09-23,3,naive_carry,70.8,23.2
2024-09-23,3,seasonal_naive_7,26.0,23.2
2024-09-23,3,climatology,48.44322222222222,23.2
2024-09-23,3,gru,47.32292180829843,23.2
2024-09-24,1,naive,81.0,71.0
2024-09-24,1,naive_carry,81.0,71.0
2024-09-24,1,seasonal_naive_7,29.6,71.0
2024-09-24,1,climatology,47.26233333333333,71.0
2024-09-24,1,gru,72.95776325303385,71.0
2024-09-24,2,naive,81.0,23.2
2024-09-24,2,naive_carry,81.0,23.2
2024-09-24,2,seasonal_naive_7,26.0,23.2
2024-09-24,2,climatology,48.44322222222222,23.2
2024-09-24,2,gru,55.24616676213802,23.2
2024-09-24,3,naive,81.0,11.3
2024-09-24,3,naive_carry,81.0,11.3
2024-09-24,3,seasonal_naive_7,26.7,11.3
2024-09-24,3,climatology,48.54688888888889,11.3
2024-09-24,3,gru,51.972891089005216,11.3
2024-09-25,1,naive,71.0,23.2
2024-09-25,1,naive_carry,71.0,23.2
2024-09-25,1,seasonal_naive_7,26.0,23.2
2024-09-25,1,climatology,48.44322222222222,23.2
2024-09-25,1,gru,63.48311985294879,23.2
2024-09-25,2,naive,71.0,11.3
2024-09-25,2,naive_carry,71.0,11.3
2024-09-25,2,seasonal_naive_7,26.7,11.3
2024-09-25,2,climatology,48.54688888888889,11.3
2024-09-25,2,gru,53.156904754095684,11.3
2024-09-25,3,naive,71.0,16.1
2024-09-25,3,naive_carry,71.0,16.1
2024-09-25,3,seasonal_naive_7,32.7,16.1
2024-09-25,3,climatology,48.67222222222222,16.1
2024-09-25,3,gru,54.15011230652908,16.1
2024-09-26,1,naive,23.2,11.3
2024-09-26,1,naive_carry,23.2,11.3
2024-09-26,1,seasonal_naive_7,26.7,11.3
2024-09-26,1,climatology,48.54688888888889,11.3
2024-09-26,1,gru,28.032955450998507,11.3
2024-09-26,2,naive,23.2,16.1
2024-09-26,2,naive_carry,23.2,16.1
2024-09-26,2,seasonal_naive_7,32.7,16.1
2024-09-26,2,climatology,48.67222222222222,16.1
2024-09-26,2,gru,34.292730167454586,16.1
2024-09-26,3,naive,23.2,23.1
2024-09-26,3,naive_carry,23.2,23.1
2024-09-26,3,seasonal_naive_7,61.5,23.1
2024-09-26,3,climatology,50.20577777777778,23.1
2024-09-26,3,gru,43.57217273917654,23.1
2024-09-27,1,naive,11.3,16.1
2024-09-27,1,naive_carry,11.3,16.1
2024-09-27,1,seasonal_naive_7,32.7,16.1
2024-09-27,1,climatology,48.67222222222222,16.1
2024-09-27,1,gru,17.531953340078324,16.1
2024-09-27,2,naive,11.3,23.1
2024-09-27,2,naive_carry,11.3,23.1
2024-09-27,2,seasonal_naive_7,61.5,23.1
2024-09-27,2,climatology,50.20577777777778,23.1
2024-09-27,2,gru,26.35637136669804,23.1
2024-09-27,3,naive,11.3,52.9
2024-09-27,3,naive_carry,11.3,52.9
2024-09-27,3,seasonal_naive_7,70.8,52.9
2024-09-27,3,climatology,53.208222222222226,52.9
2024-09-27,3,gru,33.04717463791034,52.9
2024-09-28,1,naive,16.1,23.1
2024-09-28,1,naive_carry,16.1,23.1
2024-09-28,1,seasonal_naive_7,61.5,23.1
2024-09-28,1,climatology,50.20577777777778,23.1
2024-09-28,1,gru,26.395073802202507,23.1
2024-09-28,2,naive,16.1,52.9
2024-09-28,2,naive_carry,16.1,52.9
2024-09-28,2,seasonal_naive_7,70.8,52.9
2024-09-28,2,climatology,53.208222222222226,52.9
2024-09-28,2,gru,34.71621565261227,52.9
2024-09-28,3,naive,16.1,58.9
2024-09-28,3,naive_carry,16.1,58.9
2024-09-28,3,seasonal_naive_7,81.0,58.9
2024-09-28,3,climatology,57.230222222222224,58.9
2024-09-28,3,gru,36.78717935281792,58.9
2024-09-29,1,naive,23.1,52.9
2024-09-29,1,naive_carry,23.1,52.9
2024-09-29,1,seasonal_naive_7,70.8,52.9
2024-09-29,1,climatology,53.208222222222226,52.9
2024-09-29,1,gru,34.575377091125155,52.9
2024-09-29,2,naive,23.1,58.9
2024-09-29,2,naive_carry,23.1,58.9
2024-09-29,2,seasonal_naive_7,81.0,58.9
2024-09-29,2,climatology,57.230222222222224,58.9
2024-09-29,2,gru,40.62612729719477,58.9
2024-09-29,3,naive,23.1,59.0
2024-09-29,3,naive_carry,23.1,59.0
2024-09-29,3,seasonal_naive_7,71.0,59.0
2024-09-29,3,climatology,59.41555555555556,59.0
2024-09-29,3,gru,38.13427187703344,59.0
2024-09-30,1,naive,52.9,58.9
2024-09-30,1,naive_carry,52.9,58.9
2024-09-30,1,seasonal_naive_7,81.0,58.9
2024-09-30,1,climatology,57.230222222222224,58.9
2024-09-30,1,gru,58.283126347124906,58.9
2024-09-30,2,naive,52.9,59.0
2024-09-30,2,naive_carry,52.9,59.0
2024-09-30,2,seasonal_naive_7,71.0,59.0
2024-09-30,2,climatology,59.41555555555556,59.0
2024-09-30,2,gru,54.33517701951887,59.0
2024-09-30,3,naive,52.9,45.0
2024-09-30,3,naive_carry,52.9,45.0
2024-09-30,3,seasonal_naive_7,23.2,45.0
2024-09-30,3,climatology,61.333333333333336,45.0
2024-09-30,3,gru,48.63635166679712,45.0
2024-10-01,1,naive,58.9,59.0
2024-10-01,1,naive_carry,58.9,59.0
2024-10-01,1,seasonal_naive_7,71.0,59.0
2024-10-01,1,climatology,59.41555555555556,59.0
2024-10-01,1,gru,59.480090551672944,59.0
2024-10-01,2,naive,58.9,45.0
2024-10-01,2,naive_carry,58.9,45.0
2024-10-01,2,seasonal_naive_7,23.2,45.0
2024-10-01,2,climatology,61.333333333333336,45.0
2024-10-01,2,gru,55.573464948632115,45.0
2024-10-01,3,naive,58.9,50.8
2024-10-01,3,naive_carry,58.9,50.8
2024-10-01,3,seasonal_naive_7,11.3,50.8
2024-10-01,3,climatology,63.592666666666666,50.8
2024-10-01,3,gru,54.18950517794863,50.8
2024-10-02,1,naive,59.0,45.0
2024-10-02,1,naive_carry,59.0,45.0
2024-10-02,1,seasonal_naive_7,23.2,45.0
2024-10-02,1,climatology,61.333333333333336,45.0
2024-10-02,1,gru,60.25397560773894,45.0
2024-10-02,2,naive,59.0,50.8
2024-10-02,2,naive_carry,59.0,50.8
2024-10-02,2,seasonal_naive_7,11.3,50.8
2024-10-02,2,climatology,63.592666666666666,50.8
2024-10-02,2,gru,56.836046418123644,50.8
2024-10-02,3,naive,59.0,36.8
2024-10-02,3,naive_carry,59.0,36.8
2024-10-02,3,seasonal_naive_7,16.1,36.8
2024-10-02,3,climatology,66.37088888888889,36.8
2024-10-02,3,gru,57.82503380438553,36.8
2024-10-03,1,naive,45.0,50.8
2024-10-03,1,naive_carry,45.0,50.8
2024-10-03,1,seasonal_naive_7,11.3,50.8
2024-10-03,1,climatology,63.592666666666666,50.8
2024-10-03,1,gru,50.9843257132406,50.8
2024-10-03,2,naive,45.0,36.8
2024-10-03,2,naive_carry,45.0,36.8
2024-10-03,2,seasonal_naive_7,16.1,36.8
2024-10-03,2,climatology,66.37088888888889,36.8
2024-10-03,2,gru,53.33077567667729,36.8
2024-10-03,3,naive,45.0,39.1
2024-10-03,3,naive_carry,45.0,39.1
2024-10-03,3,seasonal_naive_7,23.1,39.1
2024-10-03,3,climatology,67.24755555555555,39.1
2024-10-03,3,gru,55.994330225842745,39.1
2024-10-04,1,naive,50.8,36.8
2024-10-04,1,naive_carry,50.8,36.8
2024-10-04,1,seasonal_naive_7,16.1,36.8
2024-10-04,1,climatology,66.37088888888889,36.8
2024-10-04,1,gru,58.066561246469796,36.8
2024-10-04,2,naive,50.8,39.1
2024-10-04,2,naive_carry,50.8,39.1
2024-10-04,2,seasonal_naive_7,23.1,39.1
2024-10-04,2,climatology,67.24755555555555,39.1
2024-10-04,2,gru,58.47427098020847,39.1
2024-10-04,3,naive,50.8,43.7
2024-10-04,3,naive_carry,50.8,43.7
2024-10-04,3,seasonal_naive_7,52.9,43.7
2024-10-04,3,climatology,70.202,43.7
2024-10-04,3,gru,57.926128449985185,43.7
2024-10-05,1,naive,36.8,39.1
2024-10-05,1,naive_carry,36.8,39.1
2024-10-05,1,seasonal_naive_7,23.1,39.1
2024-10-05,1,climatology,67.24755555555555,39.1
2024-10-05,1,gru,44.814095073472025,39.1
2024-10-05,2,naive,36.8,43.7
2024-10-05,2,naive_carry,36.8,43.7
2024-10-05,2,seasonal_naive_7,52.9,43.7
2024-10-05,2,climatology,70.202,43.7
2024-10-05,2,gru,50.26203024227836,43.7
2024-10-05,3,naive,36.8,62.7
2024-10-05,3,naive_carry,36.8,62.7
2024-10-05,3,seasonal_naive_7,58.9,62.7
2024-10-05,3,climatology,80.80866666666665,62.7
2024-10-05,3,gru,52.89933831266479,62.7
2024-10-06,1,naive,39.1,43.7
2024-10-06,1,naive_carry,39.1,43.7
2024-10-06,1,seasonal_naive_7,52.9,43.7
2024-10-06,1,climatology,70.202,43.7
2024-10-06,1,gru,49.57687394906096,43.7
2024-10-06,2,naive,39.1,62.7
2024-10-06,2,naive_carry,39.1,62.7
2024-10-06,2,seasonal_naive_7,58.9,62.7
2024-10-06,2,climatology,80.80866666666665,62.7
2024-10-06,2,gru,53.8567047514065,62.7
2024-10-06,3,naive,39.1,60.0
2024-10-06,3,naive_carry,39.1,60.0
2024-10-06,3,seasonal_naive_7,59.0,60.0
2024-10-06,3,climatology,83.93977777777779,60.0
2024-10-06,3,gru,54.31407989409925,60.0
2024-10-07,1,naive,43.7,62.7
2024-10-07,1,naive_carry,43.7,62.7
2024-10-07,1,seasonal_naive_7,58.9,62.7
2024-10-07,1,climatology,80.80866666666665,62.7
2024-10-07,1,gru,54.5407572760759,62.7
2024-10-07,2,naive,43.7,60.0
2024-10-07,2,naive_carry,43.7,60.0
2024-10-07,2,seasonal_naive_7,59.0,60.0
2024-10-07,2,climatology,83.93977777777779,60.0
2024-10-07,2,gru,56.41760102229179,60.0
2024-10-07,3,naive,43.7,43.3
2024-10-07,3,naive_carry,43.7,43.3
2024-10-07,3,seasonal_naive_7,45.0,43.3
2024-10-07,3,climatology,86.32199999999999,43.3
2024-10-07,3,gru,55.65665637505958,43.3
2024-10-08,1,naive,62.7,60.0
2024-10-08,1,naive_carry,62.7,60.0
2024-10-08,1,seasonal_naive_7,59.0,60.0
2024-10-08,1,climatology,83.93977777777779,60.0
2024-10-08,1,gru,69.62301465154518,60.0
2024-10-08,2,naive,62.7,43.3
2024-10-08,2,naive_carry,62.7,43.3
2024-10-08,2,seasonal_naive_7,45.0,43.3
2024-10-08,2,climatology,86.32199999999999,43.3
2024-10-08,2,gru,64.1569555476099,43.3
2024-10-08,3,naive,62.7,55.9
2024-10-08,3,naive_carry,62.7,55.9
2024-10-08,3,seasonal_naive_7,50.8,55.9
2024-10-08,3,climatology,88.69977777777778,55.9
2024-10-08,3,gru,63.187975540706084,55.9
2024-10-09,1,naive,60.0,43.3
2024-10-09,1,naive_carry,60.0,43.3
2024-10-09,1,seasonal_naive_7,45.0,43.3
2024-10-09,1,climatology,86.32199999999999,43.3
2024-10-09,1,gru,66.23649259561927,43.3
2024-10-09,2,naive,60.0,55.9
2024-10-09,2,naive_carry,60.0,55.9
2024-10-09,2,seasonal_naive_7,50.8,55.9
2024-10-09,2,climatology,88.69977777777778,55.9
2024-10-09,2,gru,64.11566985638268,55.9
2024-10-09,3,naive,60.0,60.0
2024-10-09,3,naive_carry,60.0,60.0
2024-10-09,3,seasonal_naive_7,36.8,60.0
2024-10-09,3,climatology,91.33977777777775,60.0
2024-10-09,3,gru,66.38296036609174,60.0
2024-10-10,1,naive,43.3,55.9
2024-10-10,1,naive_carry,43.3,55.9
2024-10-10,1,seasonal_naive_7,50.8,55.9
2024-10-10,1,climatology,88.69977777777778,55.9
2024-10-10,1,gru,52.169985894587455,55.9
2024-10-10,2,naive,43.3,60.0
2024-10-10,2,naive_carry,43.3,60.0
2024-10-10,2,seasonal_naive_7,36.8,60.0
2024-10-10,2,climatology,91.33977777777775,60.0
2024-10-10,2,gru,57.131826929456075,60.0
2024-10-10,3,naive,43.3,84.3
2024-10-10,3,naive_carry,43.3,84.3
2024-10-10,3,seasonal_naive_7,39.1,84.3
2024-10-10,3,climatology,95.41133333333332,84.3
2024-10-10,3,gru,64.32030980390742,84.3
2024-10-11,1,naive,55.9,60.0
2024-10-11,1,naive_carry,55.9,60.0
2024-10-11,1,seasonal_naive_7,36.8,60.0
2024-10-11,1,climatology,91.33977777777775,60.0
2024-10-11,1,gru,64.6433483532364,60.0
2024-10-11,2,naive,55.9,84.3
2024-10-11,2,naive_carry,55.9,84.3
2024-10-11,2,seasonal_naive_7,39.1,84.3
2024-10-11,2,climatology,95.41133333333332,84.3
2024-10-11,2,gru,66.29756809716085,84.3
2024-10-11,3,naive,55.9,85.9
2024-10-11,3,naive_carry,55.9,85.9
2024-10-11,3,seasonal_naive_7,43.7,85.9
2024-10-11,3,climatology,98.20355555555555,85.9
2024-10-11,3,gru,73.84160330512758,85.9
2024-10-12,1,naive,60.0,84.3
2024-10-12,1,naive_carry,60.0,84.3
2024-10-12,1,seasonal_naive_7,39.1,84.3
2024-10-12,1,climatology,95.41133333333332,84.3
2024-10-12,1,gru,72.01002619541339,84.3
2024-10-12,2,naive,60.0,85.9
2024-10-12,2,naive_carry,60.0,85.9
2024-10-12,2,seasonal_naive_7,43.7,85.9
2024-10-12,2,climatology,98.20355555555555,85.9
2024-10-12,2,gru,76.05163367556418,85.9
2024-10-12,3,naive,60.0,76.2
2024-10-12,3,naive_carry,60.0,76.2
2024-10-12,3,seasonal_naive_7,62.7,76.2
2024-10-12,3,climatology,100.56744444444443,76.2
2024-10-12,3,gru,77.29938953489614,76.2
2024-10-13,1,naive,84.3,85.9
2024-10-13,1,naive_carry,84.3,85.9
2024-10-13,1,seasonal_naive_7,43.7,85.9
2024-10-13,1,climatology,98.20355555555555,85.9
2024-10-13,1,gru,86.20560457023586,85.9
2024-10-13,2,naive,84.3,76.2
2024-10-13,2,naive_carry,84.3,76.2
2024-10-13,2,seasonal_naive_7,62.7,76.2
2024-10-13,2,climatology,100.56744444444443,76.2
2024-10-13,2,gru,87.53822275265357,76.2
2024-10-13,3,naive,84.3,92.2
2024-10-13,3,naive_carry,84.3,92.2
2024-10-13,3,seasonal_naive_7,60.0,92.2
2024-10-13,3,climatology,104.06377777777776,92.2
2024-10-13,3,gru,83.15796487198241,92.2
2024-10-14,1,naive,85.9,76.2
2024-10-14,1,naive_carry,85.9,76.2
2024-10-14,1,seasonal_naive_7,62.7,76.2
2024-10-14,1,climatology,100.56744444444443,76.2
2024-10-14,1,gru,84.03780036083482,76.2
2024-10-14,2,naive,85.9,92.2
2024-10-14,2,naive_carry,85.9,92.2
2024-10-14,2,seasonal_naive_7,60.0,92.2
2024-10-14,2,climatology,104.06377777777776,92.2
2024-10-14,2,gru,89.30614394324003,92.2
2024-10-14,3,naive,85.9,112.0
2024-10-14,3,naive_carry,85.9,112.0
2024-10-14,3,seasonal_naive_7,43.3,112.0
2024-10-14,3,climatology,111.00344444444444,112.0
2024-10-14,3,gru,83.94032460268247,112.0
2024-10-15,1,naive,76.2,92.2
2024-10-15,1,naive_carry,76.2,92.2
2024-10-15,1,seasonal_naive_7,60.0,92.2
2024-10-15,1,climatology,104.06377777777776,92.2
2024-10-15,1,gru,75.51653448194804,92.2
2024-10-15,2,naive,76.2,112.0
2024-10-15,2,naive_carry,76.2,112.0
2024-10-15,2,seasonal_naive_7,43.3,112.0
2024-10-15,2,climatology,111.00344444444444,112.0
2024-10-15,2,gru,86.75439735188301,112.0
2024-10-15,3,naive,76.2,97.8
2024-10-15,3,naive_carry,76.2,97.8
2024-10-15,3,seasonal_naive_7,55.9,97.8
2024-10-15,3,climatology,113.98811111111112,97.8
2024-10-15,3,gru,87.41123896381973,97.8
2024-10-16,1,naive,92.2,112.0
2024-10-16,1,naive_carry,92.2,112.0
2024-10-16,1,seasonal_naive_7,43.3,112.0
2024-10-16,1,climatology,111.00344444444444,112.0
2024-10-16,1,gru,92.69533715186701,112.0
2024-10-16,2,naive,92.2,97.8
2024-10-16,2,naive_carry,92.2,97.8
2024-10-16,2,seasonal_naive_7,55.9,97.8
2024-10-16,2,climatology,113.98811111111112,97.8
2024-10-16,2,gru,102.40539988556775,97.8
2024-10-16,3,naive,92.2,101.0
2024-10-16,3,naive_carry,92.2,101.0
2024-10-16,3,seasonal_naive_7,60.0,101.0
2024-10-16,3,climatology,119.42544444444444,101.0
2024-10-16,3,gru,99.07518122936105,101.0
2024-10-17,1,naive,112.0,97.8
2024-10-17,1,naive_carry,112.0,97.8
2024-10-17,1,seasonal_naive_7,55.9,97.8
2024-10-17,1,climatology,113.98811111111112,97.8
2024-10-17,1,gru,104.23954897501302,97.8
2024-10-17,2,naive,112.0,101.0
2024-10-17,2,naive_carry,112.0,101.0
2024-10-17,2,seasonal_naive_7,60.0,101.0
2024-10-17,2,climatology,119.42544444444444,101.0
2024-10-17,2,gru,106.99033789163789,101.0
2024-10-17,3,naive,112.0,120.0
2024-10-17,3,naive_carry,112.0,120.0
2024-10-17,3,seasonal_naive_7,84.3,120.0
2024-10-17,3,climatology,125.94944444444444,120.0
2024-10-17,3,gru,104.12461376015389,120.0
2024-10-18,1,naive,97.8,101.0
2024-10-18,1,naive_carry,97.8,101.0
2024-10-18,1,seasonal_naive_7,60.0,101.0
2024-10-18,1,climatology,119.42544444444444,101.0
2024-10-18,1,gru,92.99441911734411,101.0
2024-10-18,2,naive,97.8,120.0
2024-10-18,2,naive_carry,97.8,120.0
2024-10-18,2,seasonal_naive_7,84.3,120.0
2024-10-18,2,climatology,125.94944444444444,120.0
2024-10-18,2,gru,105.7081933467384,120.0
2024-10-18,3,naive,97.8,131.0
2024-10-18,3,naive_carry,97.8,131.0
2024-10-18,3,seasonal_naive_7,85.9,131.0
2024-10-18,3,climatology,134.3661111111111,131.0
2024-10-18,3,gru,104.79945618255202,131.0
2024-10-19,1,naive,101.0,120.0
2024-10-19,1,naive_carry,101.0,120.0
2024-10-19,1,seasonal_naive_7,84.3,120.0
2024-10-19,1,climatology,125.94944444444444,120.0
2024-10-19,1,gru,94.92777240901677,120.0
2024-10-19,2,naive,101.0,131.0
2024-10-19,2,naive_carry,101.0,131.0
2024-10-19,2,seasonal_naive_7,85.9,131.0
2024-10-19,2,climatology,134.3661111111111,131.0
2024-10-19,2,gru,105.53390224350707,131.0
2024-10-19,3,naive,101.0,136.0
2024-10-19,3,naive_carry,101.0,136.0
2024-10-19,3,seasonal_naive_7,76.2,136.0
2024-10-19,3,climatology,140.9961111111111,136.0
2024-10-19,3,gru,110.40437996182851,136.0
2024-10-20,1,naive,120.0,131.0
2024-10-20,1,naive_carry,120.0,131.0
2024-10-20,1,seasonal_naive_7,85.9,131.0
2024-10-20,1,climatology,134.3661111111111,131.0
2024-10-20,1,gru,108.8309262627011,131.0
2024-10-20,2,naive,120.0,136.0
2024-10-20,2,naive_carry,120.0,136.0
2024-10-20,2,seasonal_naive_7,76.2,136.0
2024-10-20,2,climatology,140.9961111111111,136.0
2024-10-20,2,gru,116.46203827961202,136.0
2024-10-20,3,naive,120.0,194.0
2024-10-20,3,naive_carry,120.0,194.0
2024-10-20,3,seasonal_naive_7,92.2,194.0
2024-10-20,3,climatology,140.78944444444446,194.0
2024-10-20,3,gru,118.56188985596302,194.0
2024-10-21,1,naive,131.0,136.0
2024-10-21,1,naive_carry,131.0,136.0
2024-10-21,1,seasonal_naive_7,76.2,136.0
2024-10-21,1,climatology,140.9961111111111,136.0
2024-10-21,1,gru,115.909851323604,136.0
2024-10-21,2,naive,131.0,194.0
2024-10-21,2,naive_carry,131.0,194.0
2024-10-21,2,seasonal_naive_7,92.2,194.0
2024-10-21,2,climatology,140.78944444444446,194.0
2024-10-21,2,gru,124.67486151617996,194.0
2024-10-21,3,naive,131.0,130.0
2024-10-21,3,naive_carry,131.0,130.0
2024-10-21,3,seasonal_naive_7,112.0,130.0
2024-10-21,3,climatology,149.08166666666665,130.0
2024-10-21,3,gru,126.7434397267633,130.0
2024-10-22,1,naive,136.0,194.0
2024-10-22,1,naive_carry,136.0,194.0
2024-10-22,1,seasonal_naive_7,92.2,194.0
2024-10-22,1,climatology,140.78944444444446,194.0
2024-10-22,1,gru,118.91377220366957,194.0
2024-10-22,2,naive,136.0,130.0
2024-10-22,2,naive_carry,136.0,130.0
2024-10-22,2,seasonal_naive_7,112.0,130.0
2024-10-22,2,climatology,149.08166666666665,130.0
2024-10-22,2,gru,131.15108310824002,130.0
2024-10-22,3,naive,136.0,111.0
2024-10-22,3,naive_carry,136.0,111.0
2024-10-22,3,seasonal_naive_7,97.8,111.0
2024-10-22,3,climatology,157.12944444444443,111.0
2024-10-22,3,gru,137.3727893533211,111.0
2024-10-23,1,naive,194.0,130.0
2024-10-23,1,naive_carry,194.0,130.0
2024-10-23,1,seasonal_naive_7,112.0,130.0
2024-10-23,1,climatology,149.08166666666665,130.0
2024-10-23,1,gru,150.83588898240873,130.0
2024-10-23,2,naive,194.0,111.0
2024-10-23,2,naive_carry,194.0,111.0
2024-10-23,2,seasonal_naive_7,97.8,111.0
2024-10-23,2,climatology,157.12944444444443,111.0
2024-10-23,2,gru,149.52265796367632,111.0
2024-10-23,3,naive,194.0,137.0
2024-10-23,3,naive_carry,194.0,137.0
2024-10-23,3,seasonal_naive_7,101.0,137.0
2024-10-23,3,climatology,167.63166666666666,137.0
2024-10-23,3,gru,154.10701883432614,137.0
2024-10-24,1,naive,130.0,111.0
2024-10-24,1,naive_carry,130.0,111.0
2024-10-24,1,seasonal_naive_7,97.8,111.0
2024-10-24,1,climatology,157.12944444444443,111.0
2024-10-24,1,gru,108.04617449335598,111.0
2024-10-24,2,naive,130.0,137.0
2024-10-24,2,naive_carry,130.0,137.0
2024-10-24,2,seasonal_naive_7,101.0,137.0
2024-10-24,2,climatology,167.63166666666666,137.0
2024-10-24,2,gru,130.9619928427345,137.0
2024-10-24,3,naive,130.0,157.0
2024-10-24,3,naive_carry,130.0,157.0
2024-10-24,3,seasonal_naive_7,120.0,157.0
2024-10-24,3,climatology,175.97166666666666,157.0
2024-10-24,3,gru,152.58484936568456,157.0
2024-10-25,1,naive,111.0,137.0
2024-10-25,1,naive_carry,111.0,137.0
2024-10-25,1,seasonal_naive_7,101.0,137.0
2024-10-25,1,climatology,167.63166666666666,137.0
2024-10-25,1,gru,106.5819675217973,137.0
2024-10-25,2,naive,111.0,157.0
2024-10-25,2,naive_carry,111.0,157.0
2024-10-25,2,seasonal_naive_7,120.0,157.0
2024-10-25,2,climatology,175.97166666666666,157.0
2024-10-25,2,gru,140.87377279640253,157.0
2024-10-25,3,naive,111.0,115.0
2024-10-25,3,naive_carry,111.0,115.0
2024-10-25,3,seasonal_naive_7,131.0,115.0
2024-10-25,3,climatology,185.96277777777777,115.0
2024-10-25,3,gru,161.22271077466897,115.0
2024-10-26,1,naive,137.0,157.0
2024-10-26,1,naive_carry,137.0,157.0
2024-10-26,1,seasonal_naive_7,120.0,157.0
2024-10-26,1,climatology,175.97166666666666,157.0
2024-10-26,1,gru,130.39256022457505,157.0
2024-10-26,2,naive,137.0,115.0
2024-10-26,2,naive_carry,137.0,115.0
2024-10-26,2,seasonal_naive_7,131.0,115.0
2024-10-26,2,climatology,185.96277777777777,115.0
2024-10-26,2,gru,156.59421508866657,115.0
2024-10-26,3,naive,137.0,97.7
2024-10-26,3,naive_carry,137.0,97.7
2024-10-26,3,seasonal_naive_7,136.0,97.7
2024-10-26,3,climatology,192.7505555555555,97.7
2024-10-26,3,gru,164.5039254002582,97.7
2024-10-27,1,naive,157.0,115.0
2024-10-27,1,naive_carry,157.0,115.0
2024-10-27,1,seasonal_naive_7,131.0,115.0
2024-10-27,1,climatology,185.96277777777777,115.0
2024-10-27,1,gru,147.47238727322653,115.0
2024-10-27,2,naive,157.0,97.7
2024-10-27,2,naive_carry,157.0,97.7
2024-10-27,2,seasonal_naive_7,136.0,97.7
2024-10-27,2,climatology,192.7505555555555,97.7
2024-10-27,2,gru,171.36848778060065,97.7
2024-10-27,3,naive,157.0,131.0
2024-10-27,3,naive_carry,157.0,131.0
2024-10-27,3,seasonal_naive_7,194.0,131.0
2024-10-27,3,climatology,202.96055555555552,131.0
2024-10-27,3,gru,163.20568687208188,131.0
2024-10-28,1,naive,115.0,97.7
2024-10-28,1,naive_carry,115.0,97.7
2024-10-28,1,seasonal_naive_7,136.0,97.7
2024-10-28,1,climatology,192.7505555555555,97.7
2024-10-28,1,gru,111.00607393857148,97.7
2024-10-28,2,naive,115.0,131.0
2024-10-28,2,naive_carry,115.0,131.0
2024-10-28,2,seasonal_naive_7,194.0,131.0
2024-10-28,2,climatology,202.96055555555552,131.0
2024-10-28,2,gru,140.77135126015546,131.0
2024-10-28,3,naive,115.0,176.0
2024-10-28,3,naive_carry,115.0,176.0
2024-10-28,3,seasonal_naive_7,130.0,176.0
2024-10-28,3,climatology,219.2761111111111,176.0
2024-10-28,3,gru,150.79997191639214,176.0
2024-10-29,1,naive,97.7,131.0
2024-10-29,1,naive_carry,97.7,131.0
2024-10-29,1,seasonal_naive_7,194.0,131.0
2024-10-29,1,climatology,202.96055555555552,131.0
2024-10-29,1,gru,99.93003727658082,131.0
2024-10-29,2,naive,97.7,176.0
2024-10-29,2,naive_carry,97.7,176.0
2024-10-29,2,seasonal_naive_7,130.0,176.0
2024-10-29,2,climatology,219.2761111111111,176.0
2024-10-29,2,gru,129.43349991424424,176.0
2024-10-29,3,naive,97.7,117.0
2024-10-29,3,naive_carry,97.7,117.0
2024-10-29,3,seasonal_naive_7,111.0,117.0
2024-10-29,3,climatology,227.6737777777778,117.0
2024-10-29,3,gru,141.2607898736748,117.0
2024-10-30,1,naive,131.0,176.0
2024-10-30,1,naive_carry,131.0,176.0
2024-10-30,1,seasonal_naive_7,130.0,176.0
2024-10-30,1,climatology,219.2761111111111,176.0
2024-10-30,1,gru,123.12790575689097,176.0
2024-10-30,2,naive,131.0,117.0
2024-10-30,2,naive_carry,131.0,117.0
2024-10-30,2,seasonal_naive_7,111.0,117.0
2024-10-30,2,climatology,227.6737777777778,117.0
2024-10-30,2,gru,135.64102913424853,117.0
2024-10-30,3,naive,131.0,184.0
2024-10-30,3,naive_carry,131.0,184.0
2024-10-30,3,seasonal_naive_7,137.0,184.0
2024-10-30,3,climatology,239.13244444444445,184.0
2024-10-30,3,gru,138.21197428960195,184.0
2024-10-31,1,naive,176.0,117.0
2024-10-31,1,naive_carry,176.0,117.0
2024-10-31,1,seasonal_naive_7,111.0,117.0
2024-10-31,1,climatology,227.6737777777778,117.0
2024-10-31,1,gru,141.49681836402905,117.0
2024-10-31,2,naive,176.0,184.0
2024-10-31,2,naive_carry,176.0,184.0
2024-10-31,2,seasonal_naive_7,137.0,184.0
2024-10-31,2,climatology,239.13244444444445,184.0
2024-10-31,2,gru,144.16496747232551,184.0
2024-10-31,3,naive,176.0,207.0
2024-10-31,3,naive_carry,176.0,207.0
2024-10-31,3,seasonal_naive_7,157.0,207.0
2024-10-31,3,climatology,247.86768253968253,207.0
2024-10-31,3,gru,148.40551899314497,207.0
2024-11-01,1,naive,117.0,184.0
2024-11-01,1,naive_carry,117.0,184.0
2024-11-01,1,seasonal_naive_7,137.0,184.0
2024-11-01,1,climatology,239.13244444444445,184.0
2024-11-01,1,gru,106.69981579556199,184.0
2024-11-01,2,naive,117.0,207.0
2024-11-01,2,naive_carry,117.0,207.0
2024-11-01,2,seasonal_naive_7,157.0,207.0
2024-11-01,2,climatology,247.86768253968253,207.0
2024-11-01,2,gru,136.83257637538603,207.0
2024-11-01,3,naive,117.0,218.0
2024-11-01,3,naive_carry,117.0,218.0
2024-11-01,3,seasonal_naive_7,115.0,218.0
2024-11-01,3,climatology,255.74387301587305,218.0
2024-11-01,3,gru,159.01028823786262,218.0
2024-11-02,1,naive,184.0,207.0
2024-11-02,1,naive_carry,184.0,207.0
2024-11-02,1,seasonal_naive_7,157.0,207.0
2024-11-02,1,climatology,247.86768253968253,207.0
2024-11-02,1,gru,173.5024153788756,207.0
2024-11-02,2,naive,184.0,218.0
2024-11-02,2,naive_carry,184.0,218.0
2024-11-02,2,seasonal_naive_7,115.0,218.0
2024-11-02,2,climatology,255.74387301587305,218.0
2024-11-02,2,gru,193.13168706700557,218.0
2024-11-02,3,naive,184.0,171.0
2024-11-02,3,naive_carry,184.0,171.0
2024-11-02,3,seasonal_naive_7,97.7,171.0
2024-11-02,3,climatology,260.2486349206349,171.0
2024-11-02,3,gru,187.02606212790994,171.0
2024-11-03,1,naive,207.0,218.0
2024-11-03,1,naive_carry,207.0,218.0
2024-11-03,1,seasonal_naive_7,115.0,218.0
2024-11-03,1,climatology,255.74387301587305,218.0
2024-11-03,1,gru,184.21357602847965,218.0
2024-11-03,2,naive,207.0,171.0
2024-11-03,2,naive_carry,207.0,171.0
2024-11-03,2,seasonal_naive_7,97.7,171.0
2024-11-03,2,climatology,260.2486349206349,171.0
2024-11-03,2,gru,199.12611071030537,171.0
2024-11-03,3,naive,207.0,168.0
2024-11-03,3,naive_carry,207.0,168.0
2024-11-03,3,seasonal_naive_7,131.0,168.0
2024-11-03,3,climatology,260.50863492063496,168.0
2024-11-03,3,gru,185.47720257478346,168.0
2024-11-04,1,naive,218.0,171.0
2024-11-04,1,naive_carry,218.0,171.0
2024-11-04,1,seasonal_naive_7,97.7,171.0
2024-11-04,1,climatology,260.2486349206349,171.0
2024-11-04,1,gru,181.92237129396523,171.0
2024-11-04,2,naive,218.0,168.0
2024-11-04,2,naive_carry,218.0,168.0
2024-11-04,2,seasonal_naive_7,131.0,168.0
2024-11-04,2,climatology,260.50863492063496,168.0
2024-11-04,2,gru,195.45440929185662,168.0
2024-11-04,3,naive,218.0,206.0
2024-11-04,3,naive_carry,218.0,206.0
2024-11-04,3,seasonal_naive_7,176.0,206.0
2024-11-04,3,climatology,261.3130793650794,206.0
2024-11-04,3,gru,188.17217930789212,206.0
2024-11-05,1,naive,171.0,168.0
2024-11-05,1,naive_carry,171.0,168.0
2024-11-05,1,seasonal_naive_7,131.0,168.0
2024-11-05,1,climatology,260.50863492063496,168.0
2024-11-05,1,gru,155.03083055297046,168.0
2024-11-05,2,naive,171.0,206.0
2024-11-05,2,naive_carry,171.0,206.0
2024-11-05,2,seasonal_naive_7,176.0,206.0
2024-11-05,2,climatology,261.3130793650794,206.0
2024-11-05,2,gru,189.55768156182364,206.0
2024-11-05,3,naive,171.0,180.0
2024-11-05,3,naive_carry,171.0,180.0
2024-11-05,3,seasonal_naive_7,117.0,180.0
2024-11-05,3,climatology,259.1305396825397,180.0
2024-11-05,3,gru,191.58638730735325,180.0
2024-11-06,1,naive,168.0,206.0
2024-11-06,1,naive_carry,168.0,206.0
2024-11-06,1,seasonal_naive_7,176.0,206.0
2024-11-06,1,climatology,261.3130793650794,206.0
2024-11-06,1,gru,155.06245378207828,206.0
2024-11-06,2,naive,168.0,180.0
2024-11-06,2,naive_carry,168.0,180.0
2024-11-06,2,seasonal_naive_7,117.0,180.0
2024-11-06,2,climatology,259.1305396825397,180.0
2024-11-06,2,gru,182.85782384839675,180.0
2024-11-06,3,naive,168.0,164.0
2024-11-06,3,naive_carry,168.0,164.0
2024-11-06,3,seasonal_naive_7,184.0,164.0
2024-11-06,3,climatology,255.0645079365079,164.0
2024-11-06,3,gru,180.53842638399433,164.0
2024-11-07,1,naive,206.0,180.0
2024-11-07,1,naive_carry,206.0,180.0
2024-11-07,1,seasonal_naive_7,117.0,180.0
2024-11-07,1,climatology,259.1305396825397,180.0
2024-11-07,1,gru,178.2395504758714,180.0
2024-11-07,2,naive,206.0,164.0
2024-11-07,2,naive_carry,206.0,164.0
2024-11-07,2,seasonal_naive_7,184.0,164.0
2024-11-07,2,climatology,255.0645079365079,164.0
2024-11-07,2,gru,189.94373034049732,164.0
2024-11-07,3,naive,206.0,156.0
2024-11-07,3,naive_carry,206.0,156.0
2024-11-07,3,seasonal_naive_7,207.0,156.0
2024-11-07,3,climatology,248.0346666666667,156.0
2024-11-07,3,gru,172.50939147758854,156.0
2024-11-08,1,naive,180.0,164.0
2024-11-08,1,naive_carry,180.0,164.0
2024-11-08,1,seasonal_naive_7,184.0,164.0
2024-11-08,1,climatology,255.0645079365079,164.0
2024-11-08,1,gru,161.13349398199398,164.0
2024-11-08,2,naive,180.0,156.0
2024-11-08,2,naive_carry,180.0,156.0
2024-11-08,2,seasonal_naive_7,207.0,156.0
2024-11-08,2,climatology,248.0346666666667,156.0
2024-11-08,2,gru,184.70894772078913,156.0
2024-11-08,3,naive,180.0,167.0
2024-11-08,3,naive_carry,180.0,167.0
2024-11-08,3,seasonal_naive_7,218.0,167.0
2024-11-08,3,climatology,244.6871111111111,167.0
2024-11-08,3,gru,174.44249994600074,167.0
2024-11-09,1,naive,164.0,156.0
2024-11-09,1,naive_carry,164.0,156.0
2024-11-09,1,seasonal_naive_7,207.0,156.0
2024-11-09,1,climatology,248.0346666666667,156.0
2024-11-09,1,gru,150.19043025189757,156.0
2024-11-09,2,naive,164.0,167.0
2024-11-09,2,naive_carry,164.0,167.0
2024-11-09,2,seasonal_naive_7,218.0,167.0
2024-11-09,2,climatology,244.6871111111111,167.0
2024-11-09,2,gru,172.62568252345207,167.0
2024-11-09,3,naive,164.0,177.0
2024-11-09,3,naive_carry,164.0,177.0
2024-11-09,3,seasonal_naive_7,171.0,177.0
2024-11-09,3,climatology,238.28711111111113,177.0
2024-11-09,3,gru,169.05730556021945,177.0
2024-11-10,1,naive,156.0,167.0
2024-11-10,1,naive_carry,156.0,167.0
2024-11-10,1,seasonal_naive_7,218.0,167.0
2024-11-10,1,climatology,244.6871111111111,167.0
2024-11-10,1,gru,148.01976950374927,167.0
2024-11-10,2,naive,156.0,177.0
2024-11-10,2,naive_carry,156.0,177.0
2024-11-10,2,seasonal_naive_7,171.0,177.0
2024-11-10,2,climatology,238.28711111111113,177.0
2024-11-10,2,gru,171.68476275751587,177.0
2024-11-10,3,naive,156.0,385.0
2024-11-10,3,naive_carry,156.0,385.0
2024-11-10,3,seasonal_naive_7,168.0,385.0
2024-11-10,3,climatology,237.28647619047615,385.0
2024-11-10,3,gru,164.69847909034436,385.0
2024-11-11,1,naive,167.0,177.0
2024-11-11,1,naive_carry,167.0,177.0
2024-11-11,1,seasonal_naive_7,171.0,177.0
2024-11-11,1,climatology,238.28711111111113,177.0
2024-11-11,1,gru,154.35788331936664,177.0
2024-11-11,2,naive,167.0,385.0
2024-11-11,2,naive_carry,167.0,385.0
2024-11-11,2,seasonal_naive_7,168.0,385.0
2024-11-11,2,climatology,237.28647619047615,385.0
2024-11-11,2,gru,169.31042178355136,385.0
2024-11-11,3,naive,167.0,292.0
2024-11-11,3,naive_carry,167.0,292.0
2024-11-11,3,seasonal_naive_7,206.0,292.0
2024-11-11,3,climatology,230.3134603174603,292.0
2024-11-11,3,gru,160.0020143336005,292.0
2024-11-12,1,naive,177.0,385.0
2024-11-12,1,naive_carry,177.0,385.0
2024-11-12,1,seasonal_naive_7,168.0,385.0
2024-11-12,1,climatology,237.28647619047615,385.0
2024-11-12,1,gru,155.11751526841346,385.0
2024-11-12,2,naive,177.0,292.0
2024-11-12,2,naive_carry,177.0,292.0
2024-11-12,2,seasonal_naive_7,206.0,292.0
2024-11-12,2,climatology,230.3134603174603,292.0
2024-11-12,2,gru,165.62603047577207,292.0
2024-11-12,3,naive,177.0,251.0
2024-11-12,3,naive_carry,177.0,251.0
2024-11-12,3,seasonal_naive_7,180.0,251.0
2024-11-12,3,climatology,214.5912380952381,251.0
2024-11-12,3,gru,158.82950585111504,251.0
2024-11-13,1,naive,385.0,292.0
2024-11-13,1,naive_carry,385.0,292.0
2024-11-13,1,seasonal_naive_7,206.0,292.0
2024-11-13,1,climatology,230.3134603174603,292.0
2024-11-13,1,gru,280.3250713723466,292.0
2024-11-13,2,naive,385.0,251.0
2024-11-13,2,naive_carry,385.0,251.0
2024-11-13,2,seasonal_naive_7,180.0,251.0
2024-11-13,2,climatology,214.5912380952381,251.0
2024-11-13,2,gru,236.4795058566215,251.0
2024-11-13,3,naive,385.0,321.0
2024-11-13,3,naive_carry,385.0,321.0
2024-11-13,3,seasonal_naive_7,164.0,321.0
2024-11-13,3,climatology,204.07746031746032,321.0
2024-11-13,3,gru,194.08011700459448,321.0
2024-11-14,1,naive,292.0,251.0
2024-11-14,1,naive_carry,292.0,251.0
2024-11-14,1,seasonal_naive_7,180.0,251.0
2024-11-14,1,climatology,214.5912380952381,251.0
2024-11-14,1,gru,241.62324358479228,251.0
2024-11-14,2,naive,292.0,321.0
2024-11-14,2,naive_carry,292.0,321.0
2024-11-14,2,seasonal_naive_7,164.0,321.0
2024-11-14,2,climatology,204.07746031746032,321.0
2024-11-14,2,gru,252.91367139314775,321.0
2024-11-14,3,naive,292.0,470.0
2024-11-14,3,naive_carry,292.0,470.0
2024-11-14,3,seasonal_naive_7,156.0,470.0
2024-11-14,3,climatology,196.2774603174603,470.0
2024-11-14,3,gru,220.55698910860661,470.0
2024-11-15,1,naive,251.0,321.0
2024-11-15,1,naive_carry,251.0,321.0
2024-11-15,1,seasonal_naive_7,164.0,321.0
2024-11-15,1,climatology,204.07746031746032,321.0
2024-11-15,1,gru,210.82358099874887,321.0
2024-11-15,2,naive,251.0,470.0
2024-11-15,2,naive_carry,251.0,470.0
2024-11-15,2,seasonal_naive_7,156.0,470.0
2024-11-15,2,climatology,196.2774603174603,470.0
2024-11-15,2,gru,222.0113359271721,470.0
2024-11-15,3,naive,251.0,665.0
2024-11-15,3,naive_carry,251.0,665.0
2024-11-15,3,seasonal_naive_7,167.0,665.0
2024-11-15,3,climatology,193.31079365079367,665.0
2024-11-15,3,gru,203.87642074050086,665.0
2024-11-16,1,naive,321.0,470.0
2024-11-16,1,naive_carry,321.0,470.0
2024-11-16,1,seasonal_naive_7,156.0,470.0
2024-11-16,1,climatology,196.2774603174603,470.0
2024-11-16,1,gru,250.94021487035644,470.0
2024-11-16,2,naive,321.0,665.0
2024-11-16,2,naive_carry,321.0,665.0
2024-11-16,2,seasonal_naive_7,167.0,665.0
2024-11-16,2,climatology,193.31079365079367,665.0
2024-11-16,2,gru,238.95845554321812,665.0
2024-11-16,3,naive,321.0,310.0
2024-11-16,3,naive_carry,321.0,310.0
2024-11-16,3,seasonal_naive_7,177.0,310.0
2024-11-16,3,climatology,183.1790476190476,310.0
2024-11-16,3,gru,197.20145349286716,310.0
2024-11-17,1,naive,470.0,665.0
2024-11-17,1,naive_carry,470.0,665.0
2024-11-17,1,seasonal_naive_7,167.0,665.0
2024-11-17,1,climatology,193.31079365079367,665.0
2024-11-17,1,gru,337.8025656997002,665.0
2024-11-17,2,naive,470.0,310.0
2024-11-17,2,naive_carry,470.0,310.0
2024-11-17,2,seasonal_naive_7,177.0,310.0
2024-11-17,2,climatology,183.1790476190476,310.0
2024-11-17,2,gru,286.0872612781847,310.0
2024-11-17,3,naive,470.0,253.0
2024-11-17,3,naive_carry,470.0,253.0
2024-11-17,3,seasonal_naive_7,385.0,253.0
2024-11-17,3,climatology,172.25650793650794,253.0
2024-11-17,3,gru,213.71203368579458,253.0
2024-11-18,1,naive,665.0,310.0
2024-11-18,1,naive_carry,665.0,310.0
2024-11-18,1,seasonal_naive_7,177.0,310.0
2024-11-18,1,climatology,183.1790476190476,310.0
2024-11-18,1,gru,418.9744403213116,310.0
2024-11-18,2,naive,665.0,253.0
2024-11-18,2,naive_carry,665.0,253.0
2024-11-18,2,seasonal_naive_7,385.0,253.0
2024-11-18,2,climatology,172.25650793650794,253.0
2024-11-18,2,gru,318.94168447722984,253.0
2024-11-18,3,naive,665.0,190.0
2024-11-18,3,naive_carry,665.0,190.0
2024-11-18,3,seasonal_naive_7,292.0,190.0
2024-11-18,3,climatology,168.41936507936506,190.0
2024-11-18,3,gru,240.4909394313339,190.0
2024-11-19,1,naive,310.0,253.0
2024-11-19,1,naive_carry,310.0,253.0
2024-11-19,1,seasonal_naive_7,385.0,253.0
2024-11-19,1,climatology,172.25650793650794,253.0
2024-11-19,1,gru,256.2074782887952,253.0
2024-11-19,2,naive,310.0,190.0
2024-11-19,2,naive_carry,310.0,190.0
2024-11-19,2,seasonal_naive_7,292.0,190.0
2024-11-19,2,climatology,168.41936507936506,190.0
2024-11-19,2,gru,278.71551548718077,190.0
2024-11-19,3,naive,310.0,264.0
2024-11-19,3,naive_carry,310.0,264.0
2024-11-19,3,seasonal_naive_7,251.0,264.0
2024-11-19,3,climatology,163.7926984126984,264.0
2024-11-19,3,gru,264.81859895681566,264.0
2024-11-20,1,naive,253.0,190.0
2024-11-20,1,naive_carry,253.0,190.0
2024-11-20,1,seasonal_naive_7,292.0,190.0
2024-11-20,1,climatology,168.41936507936506,190.0
2024-11-20,1,gru,231.18759406782456,190.0
2024-11-20,2,naive,253.0,264.0
2024-11-20,2,naive_carry,253.0,264.0
2024-11-20,2,seasonal_naive_7,251.0,264.0
2024-11-20,2,climatology,163.7926984126984,264.0
2024-11-20,2,gru,261.5210675663855,264.0
2024-11-20,3,naive,253.0,208.0
2024-11-20,3,naive_carry,253.0,208.0
2024-11-20,3,seasonal_naive_7,321.0,208.0
2024-11-20,3,climatology,162.84984126984128,208.0
2024-11-20,3,gru,235.45926235041512,208.0
2024-11-21,1,naive,190.0,264.0
2024-11-21,1,naive_carry,190.0,264.0
2024-11-21,1,seasonal_naive_7,251.0,264.0
2024-11-21,1,climatology,163.7926984126984,264.0
2024-11-21,1,gru,188.96175630057704,264.0
2024-11-21,2,naive,190.0,208.0
2024-11-21,2,naive_carry,190.0,208.0
2024-11-21,2,seasonal_naive_7,321.0,208.0
2024-11-21,2,climatology,162.84984126984128,208.0
2024-11-21,2,gru,237.58238780988478,208.0
2024-11-21,3,naive,190.0,134.0
2024-11-21,3,naive_carry,190.0,134.0
2024-11-21,3,seasonal_naive_7,470.0,134.0
2024-11-21,3,climatology,166.11587301587304,134.0
2024-11-21,3,gru,212.81579888498987,134.0
2024-11-22,1,naive,264.0,208.0
2024-11-22,1,naive_carry,264.0,208.0
2024-11-22,1,seasonal_naive_7,321.0,208.0
2024-11-22,1,climatology,162.84984126984128,208.0
2024-11-22,1,gru,242.52812585018725,208.0
2024-11-22,2,naive,264.0,134.0
2024-11-22,2,naive_carry,264.0,134.0
2024-11-22,2,seasonal_naive_7,470.0,134.0
2024-11-22,2,climatology,166.11587301587304,134.0
2024-11-22,2,gru,253.4448554759077,134.0
2024-11-22,3,naive,264.0,259.0
2024-11-22,3,naive_carry,264.0,259.0
2024-11-22,3,seasonal_naive_7,665.0,259.0
2024-11-22,3,climatology,169.94253968253966,259.0
2024-11-22,3,gru,193.57702313403635,259.0
2024-11-23,1,naive,208.0,134.0
2024-11-23,1,naive_carry,208.0,134.0
2024-11-23,1,seasonal_naive_7,470.0,134.0
2024-11-23,1,climatology,166.11587301587304,134.0
2024-11-23,1,gru,204.80282395035528,134.0
2024-11-23,2,naive,208.0,259.0
2024-11-23,2,naive_carry,208.0,259.0
2024-11-23,2,seasonal_naive_7,665.0,259.0
2024-11-23,2,climatology,169.94253968253966,259.0
2024-11-23,2,gru,233.4763766407558,259.0
2024-11-23,3,naive,208.0,154.0
2024-11-23,3,naive_carry,208.0,154.0
2024-11-23,3,seasonal_naive_7,310.0,154.0
2024-11-23,3,climatology,169.67142857142855,154.0
2024-11-23,3,gru,183.12108044298523,154.0
2024-11-24,1,naive,134.0,259.0
2024-11-24,1,naive_carry,134.0,259.0
2024-11-24,1,seasonal_naive_7,665.0,259.0
2024-11-24,1,climatology,169.94253968253966,259.0
2024-11-24,1,gru,143.1786230307225,259.0
2024-11-24,2,naive,134.0,154.0
2024-11-24,2,naive_carry,134.0,154.0
2024-11-24,2,seasonal_naive_7,310.0,154.0
2024-11-24,2,climatology,169.67142857142855,154.0
2024-11-24,2,gru,177.05978805525476,154.0
2024-11-24,3,naive,134.0,149.0
2024-11-24,3,naive_carry,134.0,149.0
2024-11-24,3,seasonal_naive_7,253.0,149.0
2024-11-24,3,climatology,171.3190476190476,149.0
2024-11-24,3,gru,163.89813659746542,149.0
2024-11-25,1,naive,259.0,154.0
2024-11-25,1,naive_carry,259.0,154.0
2024-11-25,1,seasonal_naive_7,310.0,154.0
2024-11-25,1,climatology,169.67142857142855,154.0
2024-11-25,1,gru,220.39236716202953,154.0
2024-11-25,2,naive,259.0,149.0
2024-11-25,2,naive_carry,259.0,149.0
2024-11-25,2,seasonal_naive_7,253.0,149.0
2024-11-25,2,climatology,171.3190476190476,149.0
2024-11-25,2,gru,202.22901179510873,149.0
2024-11-25,3,naive,259.0,167.0
2024-11-25,3,naive_carry,259.0,167.0
2024-11-25,3,seasonal_naive_7,190.0,167.0
2024-11-25,3,climatology,171.91523809523812,167.0
2024-11-25,3,gru,167.42721759666622,167.0
2024-11-26,1,naive,154.0,149.0
2024-11-26,1,naive_carry,154.0,149.0
2024-11-26,1,seasonal_naive_7,253.0,149.0
2024-11-26,1,climatology,171.3190476190476,149.0
2024-11-26,1,gru,159.79557787544866,149.0
2024-11-26,2,naive,154.0,167.0
2024-11-26,2,naive_carry,154.0,167.0
2024-11-26,2,seasonal_naive_7,190.0,167.0
2024-11-26,2,climatology,171.91523809523812,167.0
2024-11-26,2,gru,198.11781091983246,167.0
2024-11-26,3,naive,154.0,195.0
2024-11-26,3,naive_carry,154.0,195.0
2024-11-26,3,seasonal_naive_7,264.0,195.0
2024-11-26,3,climatology,174.6660317460317,195.0
2024-11-26,3,gru,177.78873824601735,195.0
2024-11-27,1,naive,149.0,167.0
2024-11-27,1,naive_carry,149.0,167.0
2024-11-27,1,seasonal_naive_7,190.0,167.0
2024-11-27,1,climatology,171.91523809523812,167.0
2024-11-27,1,gru,165.3159937952696,167.0
2024-11-27,2,naive,149.0,195.0
2024-11-27,2,naive_carry,149.0,195.0
2024-11-27,2,seasonal_naive_7,264.0,195.0
2024-11-27,2,climatology,174.6660317460317,195.0
2024-11-27,2,gru,193.31027936604127,195.0
2024-11-27,3,naive,149.0,186.0
2024-11-27,3,naive_carry,149.0,186.0
2024-11-27,3,seasonal_naive_7,208.0,186.0
2024-11-27,3,climatology,179.11269841269842,186.0
2024-11-27,3,gru,181.19636930874137,186.0
2024-11-28,1,naive,167.0,195.0
2024-11-28,1,naive_carry,167.0,195.0
2024-11-28,1,seasonal_naive_7,264.0,195.0
2024-11-28,1,climatology,174.6660317460317,195.0
2024-11-28,1,gru,182.75945766845965,195.0
2024-11-28,2,naive,167.0,186.0
2024-11-28,2,naive_carry,167.0,186.0
2024-11-28,2,seasonal_naive_7,208.0,186.0
2024-11-28,2,climatology,179.11269841269842,186.0
2024-11-28,2,gru,206.70619790801297,186.0
2024-11-28,3,naive,167.0,152.0
2024-11-28,3,naive_carry,167.0,152.0
2024-11-28,3,seasonal_naive_7,134.0,152.0
2024-11-28,3,climatology,182.80380952380952,152.0
2024-11-28,3,gru,175.03424431122045,152.0
2024-11-29,1,naive,195.0,186.0
2024-11-29,1,naive_carry,195.0,186.0
2024-11-29,1,seasonal_naive_7,208.0,186.0
2024-11-29,1,climatology,179.11269841269842,186.0
2024-11-29,1,gru,199.4673210822857,186.0
2024-11-29,2,naive,195.0,152.0
2024-11-29,2,naive_carry,195.0,152.0
2024-11-29,2,seasonal_naive_7,134.0,152.0
2024-11-29,2,climatology,182.80380952380952,152.0
2024-11-29,2,gru,208.96116772369723,152.0
2024-11-29,3,naive,195.0,134.0
2024-11-29,3,naive_carry,195.0,134.0
2024-11-29,3,seasonal_naive_7,259.0,134.0
2024-11-29,3,climatology,185.04825396825396,134.0
2024-11-29,3,gru,170.12192952221505,134.0
2024-11-30,1,naive,186.0,152.0
2024-11-30,1,naive_carry,186.0,152.0
2024-11-30,1,seasonal_naive_7,134.0,152.0
2024-11-30,1,climatology,182.80380952380952,152.0
2024-11-30,1,gru,185.56996476604382,152.0
2024-11-30,2,naive,186.0,134.0
2024-11-30,2,naive_carry,186.0,134.0
2024-11-30,2,seasonal_naive_7,259.0,134.0
2024-11-30,2,climatology,185.04825396825396,134.0
2024-11-30,2,gru,197.30977075386497,134.0
2024-11-30,3,naive,186.0,120.0
2024-11-30,3,naive_carry,186.0,120.0
2024-11-30,3,seasonal_naive_7,154.0,120.0
2024-11-30,3,climatology,180.6752380952381,120.0
2024-11-30,3,gru,168.19651492623774,120.0
2024-12-01,1,naive,152.0,134.0
2024-12-01,1,naive_carry,152.0,134.0
2024-12-01,1,seasonal_naive_7,259.0,134.0
2024-12-01,1,climatology,185.04825396825396,134.0
2024-12-01,1,gru,162.31782702963,134.0
2024-12-01,2,naive,152.0,120.0
2024-12-01,2,naive_carry,152.0,120.0
2024-12-01,2,seasonal_naive_7,154.0,120.0
2024-12-01,2,climatology,180.6752380952381,120.0
2024-12-01,2,gru,183.57784021356346,120.0
2024-12-01,3,naive,152.0,82.3
2024-12-01,3,naive_carry,152.0,82.3
2024-12-01,3,seasonal_naive_7,149.0,82.3
2024-12-01,3,climatology,181.90412698412695,82.3
2024-12-01,3,gru,165.623271693443,82.3
2024-12-02,1,naive,134.0,120.0
2024-12-02,1,naive_carry,134.0,120.0
2024-12-02,1,seasonal_naive_7,154.0,120.0
2024-12-02,1,climatology,180.6752380952381,120.0
2024-12-02,1,gru,149.46506200350984,120.0
2024-12-02,2,naive,134.0,82.3
2024-12-02,2,naive_carry,134.0,82.3
2024-12-02,2,seasonal_naive_7,149.0,82.3
2024-12-02,2,climatology,181.90412698412695,82.3
2024-12-02,2,gru,170.16437293497972,82.3
2024-12-02,3,naive,134.0,82.6
2024-12-02,3,naive_carry,134.0,82.6
2024-12-02,3,seasonal_naive_7,167.0,82.6
2024-12-02,3,climatology,182.07257142857145,82.6
2024-12-02,3,gru,157.2599652020437,82.6
2024-12-03,1,naive,120.0,82.3
2024-12-03,1,naive_carry,120.0,82.3
2024-12-03,1,seasonal_naive_7,149.0,82.3
2024-12-03,1,climatology,181.90412698412695,82.3
2024-12-03,1,gru,139.37518871612852,82.3
2024-12-03,2,naive,120.0,82.6
2024-12-03,2,naive_carry,120.0,82.6
2024-12-03,2,seasonal_naive_7,167.0,82.6
2024-12-03,2,climatology,182.07257142857145,82.6
2024-12-03,2,gru,161.6990472936428,82.6
2024-12-03,3,naive,120.0,93.9
2024-12-03,3,naive_carry,120.0,93.9
2024-12-03,3,seasonal_naive_7,195.0,93.9
2024-12-03,3,climatology,181.5330476190476,93.9
2024-12-03,3,gru,149.59917021624656,93.9
2024-12-04,1,naive,82.3,82.6
2024-12-04,1,naive_carry,82.3,82.6
2024-12-04,1,seasonal_naive_7,167.0,82.6
2024-12-04,1,climatology,182.07257142857145,82.6
2024-12-04,1,gru,95.52768475730731,82.6
2024-12-04,2,naive,82.3,93.9
2024-12-04,2,naive_carry,82.3,93.9
2024-12-04,2,seasonal_naive_7,195.0,93.9
2024-12-04,2,climatology,181.5330476190476,93.9
2024-12-04,2,gru,123.43581643137847,93.9
2024-12-04,3,naive,82.3,108.0
2024-12-04,3,naive_carry,82.3,108.0
2024-12-04,3,seasonal_naive_7,186.0,108.0
2024-12-04,3,climatology,179.23215873015872,108.0
2024-12-04,3,gru,134.58199628362635,108.0
2024-12-05,1,naive,82.6,93.9
2024-12-05,1,naive_carry,82.6,93.9
2024-12-05,1,seasonal_naive_7,195.0,93.9
2024-12-05,1,climatology,181.5330476190476,93.9
2024-12-05,1,gru,107.76465091123606,93.9
2024-12-05,2,naive,82.6,108.0
2024-12-05,2,naive_carry,82.6,108.0
2024-12-05,2,seasonal_naive_7,186.0,108.0
2024-12-05,2,climatology,179.23215873015872,108.0
2024-12-05,2,gru,148.2503193333487,108.0
2024-12-05,3,naive,82.6,148.0
2024-12-05,3,naive_carry,82.6,148.0
2024-12-05,3,seasonal_naive_7,152.0,148.0
2024-12-05,3,climatology,175.8531111111111,148.0
2024-12-05,3,gru,159.58934644754893,148.0
2024-12-06,1,naive,93.9,108.0
2024-12-06,1,naive_carry,93.9,108.0
2024-12-06,1,seasonal_naive_7,186.0,108.0
2024-12-06,1,climatology,179.23215873015872,108.0
2024-12-06,1,gru,126.32639501658073,108.0
2024-12-06,2,naive,93.9,148.0
2024-12-06,2,naive_carry,93.9,148.0
2024-12-06,2,seasonal_naive_7,152.0,148.0
2024-12-06,2,climatology,175.8531111111111,148.0
2024-12-06,2,gru,164.96064803765367,148.0
2024-12-06,3,naive,93.9,96.1
2024-12-06,3,naive_carry,93.9,96.1
2024-12-06,3,seasonal_naive_7,134.0,96.1
2024-12-06,3,climatology,172.1042222222222,96.1
2024-12-06,3,gru,169.67386111182458,96.1
2024-12-07,1,naive,108.0,148.0
2024-12-07,1,naive_carry,108.0,148.0
2024-12-07,1,seasonal_naive_7,152.0,148.0
2024-12-07,1,climatology,175.8531111111111,148.0
2024-12-07,1,gru,146.10185378765712,148.0
2024-12-07,2,naive,108.0,96.1
2024-12-07,2,naive_carry,108.0,96.1
2024-12-07,2,seasonal_naive_7,134.0,96.1
2024-12-07,2,climatology,172.1042222222222,96.1
2024-12-07,2,gru,184.00820704853024,96.1
2024-12-07,3,naive,108.0,109.0
2024-12-07,3,naive_carry,108.0,109.0
2024-12-07,3,seasonal_naive_7,120.0,109.0
2024-12-07,3,climatology,170.27184126984127,109.0
2024-12-07,3,gru,171.27902353431753,109.0
2024-12-08,1,naive,148.0,96.1
2024-12-08,1,naive_carry,148.0,96.1
2024-12-08,1,seasonal_naive_7,134.0,96.1
2024-12-08,1,climatology,172.1042222222222,96.1
2024-12-08,1,gru,157.98511817372423,96.1
2024-12-08,2,naive,148.0,109.0
2024-12-08,2,naive_carry,148.0,109.0
2024-12-08,2,seasonal_naive_7,120.0,109.0
2024-12-08,2,climatology,170.27184126984127,109.0
2024-12-08,2,gru,176.2786034959376,109.0
2024-12-08,3,naive,148.0,119.0
2024-12-08,3,naive_carry,148.0,119.0
2024-12-08,3,seasonal_naive_7,82.3,119.0
2024-12-08,3,climatology,172.4985079365079,119.0
2024-12-08,3,gru,173.29276725105117,119.0
2024-12-09,1,naive,96.1,109.0
2024-12-09,1,naive_carry,96.1,109.0
2024-12-09,1,seasonal_naive_7,120.0,109.0
2024-12-09,1,climatology,170.27184126984127,109.0
2024-12-09,1,gru,129.00609944871593,109.0
2024-12-09,2,naive,96.1,119.0
2024-12-09,2,naive_carry,96.1,119.0
2024-12-09,2,seasonal_naive_7,82.3,119.0
2024-12-09,2,climatology,172.4985079365079,119.0
2024-12-09,2,gru,184.2398789921959,119.0
2024-12-09,3,naive,96.1,164.0
2024-12-09,3,naive_carry,96.1,164.0
2024-12-09,3,seasonal_naive_7,82.6,164.0
2024-12-09,3,climatology,175.83755555555555,164.0
2024-12-09,3,gru,180.82369609450376,164.0
2024-12-10,1,naive,109.0,119.0
2024-12-10,1,naive_carry,109.0,119.0
2024-12-10,1,seasonal_naive_7,82.3,119.0
2024-12-10,1,climatology,172.4985079365079,119.0
2024-12-10,1,gru,137.5391339337258,119.0
2024-12-10,2,naive,109.0,164.0
2024-12-10,2,naive_carry,109.0,164.0
2024-12-10,2,seasonal_naive_7,82.6,164.0
2024-12-10,2,climatology,175.83755555555555,164.0
2024-12-10,2,gru,174.67664009999405,164.0
2024-12-10,3,naive,109.0,120.0
2024-12-10,3,naive_carry,109.0,120.0
2024-12-10,3,seasonal_naive_7,93.9,120.0
2024-12-10,3,climatology,177.72866666666667,120.0
2024-12-10,3,gru,190.56335784548278,120.0
2024-12-11,1,naive,119.0,164.0
2024-12-11,1,naive_carry,119.0,164.0
2024-12-11,1,seasonal_naive_7,82.6,164.0
2024-12-11,1,climatology,175.83755555555555,164.0
2024-12-11,1,gru,147.5872143453016,164.0
2024-12-11,2,naive,119.0,120.0
2024-12-11,2,naive_carry,119.0,120.0
2024-12-11,2,seasonal_naive_7,93.9,120.0
2024-12-11,2,climatology,177.72866666666667,120.0
2024-12-11,2,gru,195.75377559771195,120.0
2024-12-11,3,naive,119.0,106.0
2024-12-11,3,naive_carry,119.0,106.0
2024-12-11,3,seasonal_naive_7,108.0,106.0
2024-12-11,3,climatology,179.0397777777778,106.0
2024-12-11,3,gru,194.21270136313763,106.0
2024-12-12,1,naive,164.0,120.0
2024-12-12,1,naive_carry,164.0,120.0
2024-12-12,1,seasonal_naive_7,93.9,120.0
2024-12-12,1,climatology,177.72866666666667,120.0
2024-12-12,1,gru,182.72719401478895,120.0
2024-12-12,2,naive,164.0,106.0
2024-12-12,2,naive_carry,164.0,106.0
2024-12-12,2,seasonal_naive_7,108.0,106.0
2024-12-12,2,climatology,179.0397777777778,106.0
2024-12-12,2,gru,214.71765808219322,106.0
2024-12-12,3,naive,164.0,177.0
2024-12-12,3,naive_carry,164.0,177.0
2024-12-12,3,seasonal_naive_7,148.0,177.0
2024-12-12,3,climatology,182.8931111111111,177.0
2024-12-12,3,gru,204.53062708606248,177.0
2024-12-13,1,naive,120.0,106.0
2024-12-13,1,naive_carry,120.0,106.0
2024-12-13,1,seasonal_naive_7,108.0,106.0
2024-12-13,1,climatology,179.0397777777778,106.0
2024-12-13,1,gru,136.7363289876745,106.0
2024-12-13,2,naive,120.0,177.0
2024-12-13,2,naive_carry,120.0,177.0
2024-12-13,2,seasonal_naive_7,148.0,177.0
2024-12-13,2,climatology,182.8931111111111,177.0
2024-12-13,2,gru,184.00400786609,177.0
2024-12-13,3,naive,120.0,267.0
2024-12-13,3,naive_carry,120.0,267.0
2024-12-13,3,seasonal_naive_7,96.1,267.0
2024-12-13,3,climatology,189.6042222222222,267.0
2024-12-13,3,gru,193.03848975914343,267.0
2024-12-14,1,naive,106.0,177.0
2024-12-14,1,naive_carry,106.0,177.0
2024-12-14,1,seasonal_naive_7,148.0,177.0
2024-12-14,1,climatology,182.8931111111111,177.0
2024-12-14,1,gru,135.16272424800022,177.0
2024-12-14,2,naive,106.0,267.0
2024-12-14,2,naive_carry,106.0,267.0
2024-12-14,2,seasonal_naive_7,96.1,267.0
2024-12-14,2,climatology,189.6042222222222,267.0
2024-12-14,2,gru,187.8808217868006,267.0
2024-12-14,3,naive,106.0,298.0
2024-12-14,3,naive_carry,106.0,298.0
2024-12-14,3,seasonal_naive_7,109.0,298.0
2024-12-14,3,climatology,194.41977777777777,298.0
2024-12-14,3,gru,205.42765416438303,298.0
2024-12-15,1,naive,177.0,267.0
2024-12-15,1,naive_carry,177.0,267.0
2024-12-15,1,seasonal_naive_7,96.1,267.0
2024-12-15,1,climatology,189.6042222222222,267.0
2024-12-15,1,gru,222.58945930577553,267.0
2024-12-15,2,naive,177.0,298.0
2024-12-15,2,naive_carry,177.0,298.0
2024-12-15,2,seasonal_naive_7,109.0,298.0
2024-12-15,2,climatology,194.41977777777777,298.0
2024-12-15,2,gru,255.5367792655919,298.0
2024-12-15,3,naive,177.0,373.0
2024-12-15,3,naive_carry,177.0,373.0
2024-12-15,3,seasonal_naive_7,119.0,373.0
2024-12-15,3,climatology,199.04199999999997,373.0
2024-12-15,3,gru,230.0929103218845,373.0
2024-12-16,1,naive,267.0,298.0
2024-12-16,1,naive_carry,267.0,298.0
2024-12-16,1,seasonal_naive_7,109.0,298.0
2024-12-16,1,climatology,194.41977777777777,298.0
2024-12-16,1,gru,273.3882386591832,298.0
2024-12-16,2,naive,267.0,373.0
2024-12-16,2,naive_carry,267.0,373.0
2024-12-16,2,seasonal_naive_7,119.0,373.0
2024-12-16,2,climatology,199.04199999999997,373.0
2024-12-16,2,gru,265.7010089011544,373.0
2024-12-16,3,naive,267.0,299.0
2024-12-16,3,naive_carry,267.0,299.0
2024-12-16,3,seasonal_naive_7,164.0,299.0
2024-12-16,3,climatology,200.87977777777775,299.0
2024-12-16,3,gru,212.29279456522346,299.0
2024-12-17,1,naive,298.0,373.0
2024-12-17,1,naive_carry,298.0,373.0
2024-12-17,1,seasonal_naive_7,119.0,373.0
2024-12-17,1,climatology,199.04199999999997,373.0
2024-12-17,1,gru,275.40435741997425,373.0
2024-12-17,2,naive,298.0,299.0
2024-12-17,2,naive_carry,298.0,299.0
2024-12-17,2,seasonal_naive_7,164.0,299.0
2024-12-17,2,climatology,200.87977777777775,299.0
2024-12-17,2,gru,258.59434500770533,299.0
2024-12-17,3,naive,298.0,332.0
2024-12-17,3,naive_carry,298.0,332.0
2024-12-17,3,seasonal_naive_7,120.0,332.0
2024-12-17,3,climatology,209.2068888888889,332.0
2024-12-17,3,gru,206.78895154440465,332.0
2024-12-18,1,naive,373.0,299.0
2024-12-18,1,naive_carry,373.0,299.0
2024-12-18,1,seasonal_naive_7,164.0,299.0
2024-12-18,1,climatology,200.87977777777775,299.0
2024-12-18,1,gru,315.15042717893635,299.0
2024-12-18,2,naive,373.0,332.0
2024-12-18,2,naive_carry,373.0,332.0
2024-12-18,2,seasonal_naive_7,120.0,332.0
2024-12-18,2,climatology,209.2068888888889,332.0
2024-12-18,2,gru,272.39142468723503,332.0
2024-12-18,3,naive,373.0,226.0
2024-12-18,3,naive_carry,373.0,226.0
2024-12-18,3,seasonal_naive_7,106.0,226.0
2024-12-18,3,climatology,213.9616507936508,226.0
2024-12-18,3,gru,215.76797374496394,226.0
2024-12-19,1,naive,299.0,332.0
2024-12-19,1,naive_carry,299.0,332.0
2024-12-19,1,seasonal_naive_7,120.0,332.0
2024-12-19,1,climatology,209.2068888888889,332.0
2024-12-19,1,gru,268.17028789767556,332.0
2024-12-19,2,naive,299.0,226.0
2024-12-19,2,naive_carry,299.0,226.0
2024-12-19,2,seasonal_naive_7,106.0,226.0
2024-12-19,2,climatology,213.9616507936508,226.0
2024-12-19,2,gru,258.015674210084,226.0
2024-12-19,3,naive,299.0,286.0
2024-12-19,3,naive_carry,299.0,286.0
2024-12-19,3,seasonal_naive_7,177.0,286.0
2024-12-19,3,climatology,222.4784126984127,286.0
2024-12-19,3,gru,221.63523217551997,286.0
2024-12-20,1,naive,332.0,226.0
2024-12-20,1,naive_carry,332.0,226.0
2024-12-20,1,seasonal_naive_7,106.0,226.0
2024-12-20,1,climatology,213.9616507936508,226.0
2024-12-20,1,gru,291.1367388068686,226.0
2024-12-20,2,naive,332.0,286.0
2024-12-20,2,naive_carry,332.0,286.0
2024-12-20,2,seasonal_naive_7,177.0,286.0
2024-12-20,2,climatology,222.4784126984127,286.0
2024-12-20,2,gru,257.76701151901614,286.0
2024-12-20,3,naive,332.0,275.0
2024-12-20,3,naive_carry,332.0,275.0
2024-12-20,3,seasonal_naive_7,267.0,275.0
2024-12-20,3,climatology,228.01619047619047,275.0
2024-12-20,3,gru,207.87378579759536,275.0
2024-12-21,1,naive,226.0,286.0
2024-12-21,1,naive_carry,226.0,286.0
2024-12-21,1,seasonal_naive_7,177.0,286.0
2024-12-21,1,climatology,222.4784126984127,286.0
2024-12-21,1,gru,217.4636807680255,286.0
2024-12-21,2,naive,226.0,275.0
2024-12-21,2,naive_carry,226.0,275.0
2024-12-21,2,seasonal_naive_7,267.0,275.0
2024-12-21,2,climatology,228.01619047619047,275.0
2024-12-21,2,gru,221.2496163713556,275.0
2024-12-21,3,naive,226.0,191.0
2024-12-21,3,naive_carry,226.0,191.0
2024-12-21,3,seasonal_naive_7,298.0,191.0
2024-12-21,3,climatology,233.8761904761905,191.0
2024-12-21,3,gru,194.23728605883974,191.0
2024-12-22,1,naive,286.0,275.0
2024-12-22,1,naive_carry,286.0,275.0
2024-12-22,1,seasonal_naive_7,267.0,275.0
2024-12-22,1,climatology,228.01619047619047,275.0
2024-12-22,1,gru,254.33640818824838,275.0
2024-12-22,2,naive,286.0,191.0
2024-12-22,2,naive_carry,286.0,191.0
2024-12-22,2,seasonal_naive_7,298.0,191.0
2024-12-22,2,climatology,233.8761904761905,191.0
2024-12-22,2,gru,229.3385187053474,191.0
2024-12-22,3,naive,286.0,212.0
2024-12-22,3,naive_carry,286.0,212.0
2024-12-22,3,seasonal_naive_7,373.0,212.0
2024-12-22,3,climatology,239.69904761904763,212.0
2024-12-22,3,gru,191.81727140453668,212.0
2024-12-23,1,naive,275.0,191.0
2024-12-23,1,naive_carry,275.0,191.0
2024-12-23,1,seasonal_naive_7,298.0,191.0
2024-12-23,1,climatology,233.8761904761905,191.0
2024-12-23,1,gru,237.25184093172834,191.0
2024-12-23,2,naive,275.0,212.0
2024-12-23,2,naive_carry,275.0,212.0
2024-12-23,2,seasonal_naive_7,373.0,212.0
2024-12-23,2,climatology,239.69904761904763,212.0
2024-12-23,2,gru,222.44036173606247,212.0
2024-12-23,3,naive,275.0,210.0
2024-12-23,3,naive_carry,275.0,210.0
2024-12-23,3,seasonal_naive_7,299.0,210.0
2024-12-23,3,climatology,244.1879365079365,210.0
2024-12-23,3,gru,189.7143207307138,210.0
2024-12-24,1,naive,191.0,212.0
2024-12-24,1,naive_carry,191.0,212.0
2024-12-24,1,seasonal_naive_7,373.0,212.0
2024-12-24,1,climatology,239.69904761904763,212.0
2024-12-24,1,gru,193.8294062348332,212.0
2024-12-24,2,naive,191.0,210.0
2024-12-24,2,naive_carry,191.0,210.0
2024-12-24,2,seasonal_naive_7,299.0,210.0
2024-12-24,2,climatology,244.1879365079365,210.0
2024-12-24,2,gru,206.18040015254147,210.0
2024-12-24,3,naive,191.0,149.0
2024-12-24,3,naive_carry,191.0,149.0
2024-12-24,3,seasonal_naive_7,332.0,149.0
2024-12-24,3,climatology,243.73460317460317,149.0
2024-12-24,3,gru,186.41922368705156,149.0
2024-12-25,1,naive,212.0,210.0
2024-12-25,1,naive_carry,212.0,210.0
2024-12-25,1,seasonal_naive_7,299.0,210.0
2024-12-25,1,climatology,244.1879365079365,210.0
2024-12-25,1,gru,207.03984241157363,210.0
2024-12-25,2,naive,212.0,149.0
2024-12-25,2,naive_carry,212.0,149.0
2024-12-25,2,seasonal_naive_7,332.0,149.0
2024-12-25,2,climatology,243.73460317460317,149.0
2024-12-25,2,gru,201.48430401240174,149.0
2024-12-25,3,naive,212.0,91.8
2024-12-25,3,naive_carry,212.0,91.8
2024-12-25,3,seasonal_naive_7,226.0,91.8
2024-12-25,3,climatology,241.96920634920633,91.8
2024-12-25,3,gru,179.08391516840135,91.8
2024-12-26,1,naive,210.0,149.0
2024-12-26,1,naive_carry,210.0,149.0
2024-12-26,1,seasonal_naive_7,332.0,149.0
2024-12-26,1,climatology,243.73460317460317,149.0
2024-12-26,1,gru,204.51328478517289,149.0
2024-12-26,2,naive,210.0,91.8
2024-12-26,2,naive_carry,210.0,91.8
2024-12-26,2,seasonal_naive_7,226.0,91.8
2024-12-26,2,climatology,241.96920634920633,91.8
2024-12-26,2,gru,195.28051358400717,91.8
2024-12-26,3,naive,210.0,109.0
2024-12-26,3,naive_carry,210.0,109.0
2024-12-26,3,seasonal_naive_7,286.0,109.0
2024-12-26,3,climatology,241.29968253968255,109.0
2024-12-26,3,gru,165.37506550948515,109.0
2024-12-27,1,naive,149.0,91.8
2024-12-27,1,naive_carry,149.0,91.8
2024-12-27,1,seasonal_naive_7,226.0,91.8
2024-12-27,1,climatology,241.96920634920633,91.8
2024-12-27,1,gru,153.12731977903218,91.8
2024-12-27,2,naive,149.0,109.0
2024-12-27,2,naive_carry,149.0,109.0
2024-12-27,2,seasonal_naive_7,286.0,109.0
2024-12-27,2,climatology,241.29968253968255,109.0
2024-12-27,2,gru,166.97468124170692,109.0
2024-12-27,3,naive,149.0,116.0
2024-12-27,3,naive_carry,149.0,116.0
2024-12-27,3,seasonal_naive_7,275.0,116.0
2024-12-27,3,climatology,235.85206349206348,116.0
2024-12-27,3,gru,164.05996223620568,116.0
2024-12-28,1,naive,91.8,109.0
2024-12-28,1,naive_carry,91.8,109.0
2024-12-28,1,seasonal_naive_7,286.0,109.0
2024-12-28,1,climatology,241.29968253968255,109.0
2024-12-28,1,gru,110.23780794845302,109.0
2024-12-28,2,naive,91.8,116.0
2024-12-28,2,naive_carry,91.8,116.0
2024-12-28,2,seasonal_naive_7,275.0,116.0
2024-12-28,2,climatology,235.85206349206348,116.0
2024-12-28,2,gru,142.2253914076171,116.0
2024-12-28,3,naive,91.8,183.0
2024-12-28,3,naive_carry,91.8,183.0
2024-12-28,3,seasonal_naive_7,191.0,183.0
2024-12-28,3,climatology,227.51809523809524,183.0
2024-12-28,3,gru,154.05215502639004,183.0
2024-12-29,1,naive,109.0,116.0
2024-12-29,1,naive_carry,109.0,116.0
2024-12-29,1,seasonal_naive_7,275.0,116.0
2024-12-29,1,climatology,235.85206349206348,116.0
2024-12-29,1,gru,120.23164292028015,116.0
2024-12-29,2,naive,109.0,183.0
2024-12-29,2,naive_carry,109.0,183.0
2024-12-29,2,seasonal_naive_7,191.0,183.0
2024-12-29,2,climatology,227.51809523809524,183.0
2024-12-29,2,gru,149.33721618719494,183.0
2024-12-29,3,naive,109.0,210.0
2024-12-29,3,naive_carry,109.0,210.0
2024-12-29,3,seasonal_naive_7,212.0,210.0
2024-12-29,3,climatology,220.09587301587305,210.0
2024-12-29,3,gru,172.4193512312423,210.0
2024-12-30,1,naive,116.0,183.0
2024-12-30,1,naive_carry,116.0,183.0
2024-12-30,1,seasonal_naive_7,191.0,183.0
2024-12-30,1,climatology,227.51809523809524,183.0
2024-12-30,1,gru,137.6961011274217,183.0
2024-12-30,2,naive,116.0,210.0
2024-12-30,2,naive_carry,116.0,210.0
2024-12-30,2,seasonal_naive_7,212.0,210.0
2024-12-30,2,climatology,220.09587301587305,210.0
2024-12-30,2,gru,183.3718807390364,210.0
2024-12-30,3,naive,116.0,199.0
2024-12-30,3,naive_carry,116.0,199.0
2024-12-30,3,seasonal_naive_7,210.0,199.0
2024-12-30,3,climatology,216.3,199.0
2024-12-30,3,gru,195.67088475502445,199.0
2024-12-31,1,naive,183.0,210.0
2024-12-31,1,naive_carry,183.0,210.0
2024-12-31,1,seasonal_naive_7,212.0,210.0
2024-12-31,1,climatology,220.09587301587305,210.0
2024-12-31,1,gru,208.24130944514926,210.0
2024-12-31,2,naive,183.0,199.0
2024-12-31,2,naive_carry,183.0,199.0
2024-12-31,2,seasonal_naive_7,210.0,199.0
2024-12-31,2,climatology,216.3,199.0
2024-12-31,2,gru,225.55734959548434,199.0
2024-12-31,3,naive,183.0,268.0
2024-12-31,3,naive_carry,183.0,268.0
2024-12-31,3,seasonal_naive_7,149.0,268.0
2024-12-31,3,climatology,214.6126984126984,268.0
2024-12-31,3,gru,212.05846282787482,268.0
2025-01-01,1,naive,210.0,199.0
2025-01-01,1,naive_carry,210.0,199.0
2025-01-01,1,seasonal_naive_7,210.0,199.0
2025-01-01,1,climatology,216.3,199.0
2025-01-01,1,gru,204.7241979381313,199.0
2025-01-01,2,naive,210.0,268.0
2025-01-01,2,naive_carry,210.0,268.0
2025-01-01,2,seasonal_naive_7,149.0,268.0
2025-01-01,2,climatology,214.6126984126984,268.0
2025-01-01,2,gru,212.68786730862516,268.0
2025-01-01,3,naive,210.0,275.0
2025-01-01,3,naive_carry,210.0,275.0
2025-01-01,3,seasonal_naive_7,91.8,275.0
2025-01-01,3,climatology,209.7253968253968,275.0
2025-01-01,3,gru,201.94635503978085,275.0
2025-01-02,1,naive,199.0,268.0
2025-01-02,1,naive_carry,199.0,268.0
2025-01-02,1,seasonal_naive_7,149.0,268.0
2025-01-02,1,climatology,214.6126984126984,268.0
2025-01-02,1,gru,201.75767097070718,268.0
2025-01-02,2,naive,199.0,275.0
2025-01-02,2,naive_carry,199.0,275.0
2025-01-02,2,seasonal_naive_7,91.8,275.0
2025-01-02,2,climatology,209.7253968253968,275.0
2025-01-02,2,gru,218.7486222967666,275.0
2025-01-02,3,naive,199.0,237.0
2025-01-02,3,naive_carry,199.0,237.0
2025-01-02,3,seasonal_naive_7,109.0,237.0
2025-01-02,3,climatology,208.85396825396825,237.0
2025-01-02,3,gru,208.58198899816375,237.0
2025-01-03,1,naive,268.0,275.0
2025-01-03,1,naive_carry,268.0,275.0
2025-01-03,1,seasonal_naive_7,91.8,275.0
2025-01-03,1,climatology,209.7253968253968,275.0
2025-01-03,1,gru,262.73578323007644,275.0
2025-01-03,2,naive,268.0,237.0
2025-01-03,2,naive_carry,268.0,237.0
2025-01-03,2,seasonal_naive_7,109.0,237.0
2025-01-03,2,climatology,208.85396825396825,237.0
2025-01-03,2,gru,240.08514398342254,237.0
2025-01-04,1,naive,275.0,237.0
2025-01-04,1,naive_carry,275.0,237.0
2025-01-04,1,seasonal_naive_7,109.0,237.0
2025-01-04,1,climatology,208.85396825396825,237.0
2025-01-04,1,gru,246.0072211131747,237.0
2025-01-05,3,naive,237.0,137.0
2025-01-05,3,naive_carry,237.0,137.0
2025-01-05,3,seasonal_naive_7,210.0,137.0
2025-01-05,3,climatology,207.67142857142855,137.0
2025-01-05,3,gru,182.28029950944537,137.0
2025-01-08,1,naive,137.0,262.0
2025-01-08,1,naive_carry,137.0,262.0
2025-01-08,1,seasonal_naive_7,199.0,262.0
2025-01-08,1,climatology,202.08095238095237,262.0
2025-01-08,1,gru,174.27259855051423,262.0
2025-01-08,2,naive,137.0,255.0
2025-01-08,2,naive_carry,137.0,255.0
2025-01-08,2,seasonal_naive_7,268.0,255.0
2025-01-08,2,climatology,197.0015873015873,255.0
2025-01-08,2,gru,188.220284875314,255.0
2025-01-08,3,naive,137.0,164.0
2025-01-08,3,naive_carry,137.0,164.0
2025-01-08,3,seasonal_naive_7,275.0,164.0
2025-01-08,3,climatology,193.64603174603175,164.0
2025-01-08,3,gru,205.9958241476722,164.0
2025-01-09,1,naive,262.0,255.0
2025-01-09,1,naive_carry,262.0,255.0
2025-01-09,1,seasonal_naive_7,268.0,255.0
2025-01-09,1,climatology,197.0015873015873,255.0
2025-01-09,1,gru,265.0221792455163,255.0
2025-01-09,2,naive,262.0,164.0
2025-01-09,2,naive_carry,262.0,164.0
2025-01-09,2,seasonal_naive_7,275.0,164.0
2025-01-09,2,climatology,193.64603174603175,164.0
2025-01-09,2,gru,243.95808438088918,164.0
2025-01-09,3,naive,262.0,155.0
2025-01-09,3,naive_carry,262.0,155.0
2025-01-09,3,seasonal_naive_7,237.0,155.0
2025-01-09,3,climatology,195.27650793650795,155.0
2025-01-09,3,gru,211.5361227626904,155.0
2025-01-10,1,naive,255.0,164.0
2025-01-10,1,naive_carry,255.0,164.0
2025-01-10,1,seasonal_naive_7,275.0,164.0
2025-01-10,1,climatology,193.64603174603175,164.0
2025-01-10,1,gru,229.90863993155614,164.0
2025-01-10,2,naive,255.0,155.0
2025-01-10,2,naive_carry,255.0,155.0
2025-01-10,2,seasonal_naive_7,237.0,155.0
2025-01-10,2,climatology,195.27650793650795,155.0
2025-01-10,2,gru,214.44760466924228,155.0
2025-01-11,1,naive,164.0,155.0
2025-01-11,1,naive_carry,164.0,155.0
2025-01-11,1,seasonal_naive_7,237.0,155.0
2025-01-11,1,climatology,195.27650793650795,155.0
2025-01-11,1,gru,162.619018132261,155.0
2025-01-12,3,naive,155.0,264.0
2025-01-12,3,naive_carry,155.0,264.0
2025-01-12,3,seasonal_naive_7,137.0,264.0
2025-01-12,3,climatology,193.55507936507937,264.0
2025-01-12,3,gru,171.8113104017941,264.0
2025-01-13,2,naive,125.0,264.0
2025-01-13,2,naive_carry,125.0,264.0
2025-01-13,2,seasonal_naive_7,137.0,264.0
2025-01-13,2,climatology,193.55507936507937,264.0
2025-01-13,2,gru,147.49910777451834,264.0
2025-01-13,3,naive,125.0,160.0
2025-01-13,3,naive_carry,125.0,160.0
2025-01-13,3,seasonal_naive_7,262.0,160.0
2025-01-13,3,climatology,193.0984126984127,160.0
2025-01-13,3,gru,159.38951574037685,160.0
2025-01-14,1,naive,159.0,264.0
2025-01-14,1,naive_carry,159.0,264.0
2025-01-14,1,seasonal_naive_7,137.0,264.0
2025-01-14,1,climatology,193.55507936507937,264.0
2025-01-14,1,gru,164.62595564185787,264.0
2025-01-14,2,naive,159.0,160.0
2025-01-14,2,naive_carry,159.0,160.0
2025-01-14,2,seasonal_naive_7,262.0,160.0
2025-01-14,2,climatology,193.0984126984127,160.0
2025-01-14,2,gru,175.32188995011379,160.0
2025-01-14,3,naive,159.0,147.0
2025-01-14,3,naive_carry,159.0,147.0
2025-01-14,3,seasonal_naive_7,255.0,147.0
2025-01-14,3,climatology,189.59079365079367,147.0
2025-01-14,3,gru,169.46335850108588,147.0
2025-01-15,1,naive,264.0,160.0
2025-01-15,1,naive_carry,264.0,160.0
2025-01-15,1,seasonal_naive_7,262.0,160.0
2025-01-15,1,climatology,193.0984126984127,160.0
2025-01-15,1,gru,243.6878655054342,160.0
2025-01-15,2,naive,264.0,147.0
2025-01-15,2,naive_carry,264.0,147.0
2025-01-15,2,seasonal_naive_7,255.0,147.0
2025-01-15,2,climatology,189.59079365079367,147.0
2025-01-15,2,gru,205.78831237293903,147.0
2025-01-15,3,naive,264.0,166.0
2025-01-15,3,naive_carry,264.0,166.0
2025-01-15,3,seasonal_naive_7,164.0,166.0
2025-01-15,3,climatology,187.15650793650792,166.0
2025-01-15,3,gru,172.1428164186657,166.0
2025-01-16,1,naive,160.0,147.0
2025-01-16,1,naive_carry,160.0,147.0
2025-01-16,1,seasonal_naive_7,255.0,147.0
2025-01-16,1,climatology,189.59079365079367,147.0
2025-01-16,1,gru,161.47706423763702,147.0
2025-01-16,2,naive,160.0,166.0
2025-01-16,2,naive_carry,160.0,166.0
2025-01-16,2,seasonal_naive_7,164.0,166.0
2025-01-16,2,climatology,187.15650793650792,166.0
2025-01-16,2,gru,161.9646372321941,166.0
2025-01-16,3,naive,160.0,219.0
2025-01-16,3,naive_carry,160.0,219.0
2025-01-16,3,seasonal_naive_7,155.0,219.0
2025-01-16,3,climatology,185.86603174603175,219.0
2025-01-16,3,gru,155.88801361132406,219.0
2025-01-17,1,naive,147.0,166.0
2025-01-17,1,naive_carry,147.0,166.0
2025-01-17,1,seasonal_naive_7,164.0,166.0
2025-01-17,1,climatology,187.15650793650792,166.0
2025-01-17,1,gru,144.32153998008258,166.0
2025-01-17,2,naive,147.0,219.0
2025-01-17,2,naive_carry,147.0,219.0
2025-01-17,2,seasonal_naive_7,155.0,219.0
2025-01-17,2,climatology,185.86603174603175,219.0
2025-01-17,2,gru,149.3314066305513,219.0
2025-01-17,3,naive,147.0,169.0
2025-01-17,3,naive_carry,147.0,169.0
2025-01-17,3,seasonal_naive_7,125.0,169.0
2025-01-17,3,climatology,182.6915873015873,169.0
2025-01-17,3,gru,155.40122941624207,169.0
2025-01-18,1,naive,166.0,219.0
2025-01-18,1,naive_carry,166.0,219.0
2025-01-18,1,seasonal_naive_7,155.0,219.0
2025-01-18,1,climatology,185.86603174603175,219.0
2025-01-18,1,gru,166.27851380547898,219.0
2025-01-18,2,naive,166.0,169.0
2025-01-18,2,naive_carry,166.0,169.0
2025-01-18,2,seasonal_naive_7,125.0,169.0
2025-01-18,2,climatology,182.6915873015873,169.0
2025-01-18,2,gru,162.49778577870532,169.0
2025-01-18,3,naive,166.0,136.0
2025-01-18,3,naive_carry,166.0,136.0
2025-01-18,3,seasonal_naive_7,159.0,136.0
2025-01-18,3,climatology,176.8515873015873,136.0
2025-01-18,3,gru,153.2330141661136,136.0
2025-01-19,1,naive,219.0,169.0
2025-01-19,1,naive_carry,219.0,169.0
2025-01-19,1,seasonal_naive_7,125.0,169.0
2025-01-19,1,climatology,182.6915873015873,169.0
2025-01-19,1,gru,195.67784079111868,169.0
2025-01-19,2,naive,219.0,136.0
2025-01-19,2,naive_carry,219.0,136.0
2025-01-19,2,seasonal_naive_7,159.0,136.0
2025-01-19,2,climatology,176.8515873015873,136.0
2025-01-19,2,gru,155.85206826976477,136.0
2025-01-19,3,naive,219.0,124.0
2025-01-19,3,naive_carry,219.0,124.0
2025-01-19,3,seasonal_naive_7,264.0,124.0
2025-01-19,3,climatology,169.80396825396826,124.0
2025-01-19,3,gru,131.606794191945,124.0
2025-01-20,1,naive,169.0,136.0
2025-01-20,1,naive_carry,169.0,136.0
2025-01-20,1,seasonal_naive_7,159.0,136.0
2025-01-20,1,climatology,176.8515873015873,136.0
2025-01-20,1,gru,142.38593631266437,136.0
2025-01-20,2,naive,169.0,124.0
2025-01-20,2,naive_carry,169.0,124.0
2025-01-20,2,seasonal_naive_7,264.0,124.0
2025-01-20,2,climatology,169.80396825396826,124.0
2025-01-20,2,gru,125.13703022535387,124.0
2025-01-20,3,naive,169.0,111.0
2025-01-20,3,naive_carry,169.0,111.0
2025-01-20,3,seasonal_naive_7,160.0,111.0
2025-01-20,3,climatology,165.29507936507937,111.0
2025-01-20,3,gru,121.64899642769124,111.0
2025-01-21,1,naive,136.0,124.0
2025-01-21,1,naive_carry,136.0,124.0
2025-01-21,1,seasonal_naive_7,264.0,124.0
2025-01-21,1,climatology,169.80396825396826,124.0
2025-01-21,1,gru,129.02218110548898,124.0
2025-01-21,2,naive,136.0,111.0
2025-01-21,2,naive_carry,136.0,111.0
2025-01-21,2,seasonal_naive_7,160.0,111.0
2025-01-21,2,climatology,165.29507936507937,111.0
2025-01-21,2,gru,127.93738657419829,111.0
2025-01-21,3,naive,136.0,90.8
2025-01-21,3,naive_carry,136.0,90.8
2025-01-21,3,seasonal_naive_7,147.0,90.8
2025-01-21,3,climatology,163.0704761904762,90.8
2025-01-21,3,gru,130.79258309800468,90.8
2025-01-22,1,naive,124.0,111.0
2025-01-22,1,naive_carry,124.0,111.0
2025-01-22,1,seasonal_naive_7,160.0,111.0
2025-01-22,1,climatology,165.29507936507937,111.0
2025-01-22,1,gru,133.6816078089302,111.0
2025-01-22,2,naive,124.0,90.8
2025-01-22,2,naive_carry,124.0,90.8
2025-01-22,2,seasonal_naive_7,147.0,90.8
2025-01-22,2,climatology,163.0704761904762,90.8
2025-01-22,2,gru,132.2281104364566,90.8
2025-01-22,3,naive,124.0,71.7
2025-01-22,3,naive_carry,124.0,71.7
2025-01-22,3,seasonal_naive_7,166.0,71.7
2025-01-22,3,climatology,159.13206349206348,71.7
2025-01-22,3,gru,128.19604693604046,71.7
2025-01-23,1,naive,111.0,90.8
2025-01-23,1,naive_carry,111.0,90.8
2025-01-23,1,seasonal_naive_7,147.0,90.8
2025-01-23,1,climatology,163.0704761904762,90.8
2025-01-23,1,gru,115.61977066733854,90.8
2025-01-23,2,naive,111.0,71.7
2025-01-23,2,naive_carry,111.0,71.7
2025-01-23,2,seasonal_naive_7,166.0,71.7
2025-01-23,2,climatology,159.13206349206348,71.7
2025-01-23,2,gru,113.6935141891019,71.7
2025-01-23,3,naive,111.0,86.1
2025-01-23,3,naive_carry,111.0,86.1
2025-01-23,3,seasonal_naive_7,219.0,86.1
2025-01-23,3,climatology,158.3942857142857,86.1
2025-01-23,3,gru,115.37965086225799,86.1
2025-01-24,1,naive,90.8,71.7
2025-01-24,1,naive_carry,90.8,71.7
2025-01-24,1,seasonal_naive_7,166.0,71.7
2025-01-24,1,climatology,159.13206349206348,71.7
2025-01-24,1,gru,93.4216529292153,71.7
2025-01-24,2,naive,90.8,86.1
2025-01-24,2,naive_carry,90.8,86.1
2025-01-24,2,seasonal_naive_7,219.0,86.1
2025-01-24,2,climatology,158.3942857142857,86.1
2025-01-24,2,gru,104.67701317237919,86.1
2025-01-24,3,naive,90.8,113.0
2025-01-24,3,naive_carry,90.8,113.0
2025-01-24,3,seasonal_naive_7,169.0,113.0
2025-01-24,3,climatology,154.57142857142856,113.0
2025-01-24,3,gru,118.92222332902455,113.0
2025-01-25,1,naive,71.7,86.1
2025-01-25,1,naive_carry,71.7,86.1
2025-01-25,1,seasonal_naive_7,219.0,86.1
2025-01-25,1,climatology,158.3942857142857,86.1
2025-01-25,1,gru,85.26122053796924,86.1
2025-01-25,2,naive,71.7,113.0
2025-01-25,2,naive_carry,71.7,113.0
2025-01-25,2,seasonal_naive_7,169.0,113.0
2025-01-25,2,climatology,154.57142857142856,113.0
2025-01-25,2,gru,109.22879692327156,113.0
2025-01-25,3,naive,71.7,116.0
2025-01-25,3,naive_carry,71.7,116.0
2025-01-25,3,seasonal_naive_7,136.0,116.0
2025-01-25,3,climatology,152.19809523809525,116.0
2025-01-25,3,gru,125.44900642636948,116.0
2025-01-26,1,naive,86.1,113.0
2025-01-26,1,naive_carry,86.1,113.0
2025-01-26,1,seasonal_naive_7,169.0,113.0
2025-01-26,1,climatology,154.57142857142856,113.0
2025-01-26,1,gru,106.50611669263967,113.0
2025-01-26,2,naive,86.1,116.0
2025-01-26,2,naive_carry,86.1,116.0
2025-01-26,2,seasonal_naive_7,136.0,116.0
2025-01-26,2,climatology,152.19809523809525,116.0
2025-01-26,2,gru,122.17192050428615,116.0
2025-01-26,3,naive,86.1,231.0
2025-01-26,3,naive_carry,86.1,231.0
2025-01-26,3,seasonal_naive_7,124.0,231.0
2025-01-26,3,climatology,148.94396825396828,231.0
2025-01-26,3,gru,130.47635146072443,231.0
2025-01-27,1,naive,113.0,116.0
2025-01-27,1,naive_carry,113.0,116.0
2025-01-27,1,seasonal_naive_7,136.0,116.0
2025-01-27,1,climatology,152.19809523809525,116.0
2025-01-27,1,gru,128.08616694452093,116.0
2025-01-27,2,naive,113.0,231.0
2025-01-27,2,naive_carry,113.0,231.0
2025-01-27,2,seasonal_naive_7,124.0,231.0
2025-01-27,2,climatology,148.94396825396828,231.0
2025-01-27,2,gru,127.55785919331126,231.0
2025-01-27,3,naive,113.0,180.0
2025-01-27,3,naive_carry,113.0,180.0
2025-01-27,3,seasonal_naive_7,111.0,180.0
2025-01-27,3,climatology,150.03396825396828,180.0
2025-01-27,3,gru,125.93534627929222,180.0
2025-01-28,1,naive,116.0,231.0
2025-01-28,1,naive_carry,116.0,231.0
2025-01-28,1,seasonal_naive_7,124.0,231.0
2025-01-28,1,climatology,148.94396825396828,231.0
2025-01-28,1,gru,125.1182149955148,231.0
2025-01-28,2,naive,116.0,180.0
2025-01-28,2,naive_carry,116.0,180.0
2025-01-28,2,seasonal_naive_7,111.0,180.0
2025-01-28,2,climatology,150.03396825396828,180.0
2025-01-28,2,gru,119.29376928556708,180.0
2025-01-28,3,naive,116.0,183.0
2025-01-28,3,naive_carry,116.0,183.0
2025-01-28,3,seasonal_naive_7,90.8,183.0
2025-01-28,3,climatology,147.10619047619048,183.0
2025-01-28,3,gru,116.89036524462932,183.0
2025-01-29,1,naive,231.0,180.0
2025-01-29,1,naive_carry,231.0,180.0
2025-01-29,1,seasonal_naive_7,111.0,180.0
2025-01-29,1,climatology,150.03396825396828,180.0
2025-01-29,1,gru,188.11674454991896,180.0
2025-01-29,2,naive,231.0,183.0
2025-01-29,2,naive_carry,231.0,183.0
2025-01-29,2,seasonal_naive_7,90.8,183.0
2025-01-29,2,climatology,147.10619047619048,183.0
2025-01-29,2,gru,129.58122566212108,183.0
2025-01-29,3,naive,231.0,221.0
2025-01-29,3,naive_carry,231.0,221.0
2025-01-29,3,seasonal_naive_7,71.7,221.0
2025-01-29,3,climatology,146.8852380952381,221.0
2025-01-29,3,gru,112.26697755224644,221.0
2025-01-30,1,naive,180.0,183.0
2025-01-30,1,naive_carry,180.0,183.0
2025-01-30,1,seasonal_naive_7,90.8,183.0
2025-01-30,1,climatology,147.10619047619048,183.0
2025-01-30,1,gru,155.42220328278796,183.0
2025-01-30,2,naive,180.0,221.0
2025-01-30,2,naive_carry,180.0,221.0
2025-01-30,2,seasonal_naive_7,71.7,221.0
2025-01-30,2,climatology,146.8852380952381,221.0
2025-01-30,2,gru,120.78741298396078,221.0
2025-01-30,3,naive,180.0,183.0
2025-01-30,3,naive_carry,180.0,183.0
2025-01-30,3,seasonal_naive_7,86.1,183.0
2025-01-30,3,climatology,146.23971428571429,183.0
2025-01-30,3,gru,108.02748323141574,183.0
2025-01-31,1,naive,183.0,221.0
2025-01-31,1,naive_carry,183.0,221.0
2025-01-31,1,seasonal_naive_7,71.7,221.0
2025-01-31,1,climatology,146.8852380952381,221.0
2025-01-31,1,gru,154.57608345732558,221.0
2025-01-31,2,naive,183.0,183.0
2025-01-31,2,naive_carry,183.0,183.0
2025-01-31,2,seasonal_naive_7,86.1,183.0
2025-01-31,2,climatology,146.23971428571429,183.0
2025-01-31,2,gru,119.1038811825201,183.0
2025-01-31,3,naive,183.0,111.0
2025-01-31,3,naive_carry,183.0,111.0
2025-01-31,3,seasonal_naive_7,113.0,111.0
2025-01-31,3,climatology,145.15038095238094,111.0
2025-01-31,3,gru,107.09345969378157,111.0
2025-02-01,1,naive,221.0,183.0
2025-02-01,1,naive_carry,221.0,183.0
2025-02-01,1,seasonal_naive_7,86.1,183.0
2025-02-01,1,climatology,146.23971428571429,183.0
2025-02-01,1,gru,170.97008345275123,183.0
2025-02-01,2,naive,221.0,111.0
2025-02-01,2,naive_carry,221.0,111.0
2025-02-01,2,seasonal_naive_7,113.0,111.0
2025-02-01,2,climatology,145.15038095238094,111.0
2025-02-01,2,gru,122.82290845584303,111.0
2025-02-01,3,naive,221.0,157.0
2025-02-01,3,naive_carry,221.0,157.0
2025-02-01,3,seasonal_naive_7,116.0,157.0
2025-02-01,3,climatology,147.46215873015873,157.0
2025-02-01,3,gru,105.216777131468,157.0
2025-02-02,1,naive,183.0,111.0
2025-02-02,1,naive_carry,183.0,111.0
2025-02-02,1,seasonal_naive_7,113.0,111.0
2025-02-02,1,climatology,145.15038095238094,111.0
2025-02-02,1,gru,141.8973022450807,111.0
2025-02-02,2,naive,183.0,157.0
2025-02-02,2,naive_carry,183.0,157.0
2025-02-02,2,seasonal_naive_7,116.0,157.0
2025-02-02,2,climatology,147.46215873015873,157.0
2025-02-02,2,gru,118.80569699552689,157.0
2025-02-02,3,naive,183.0,109.0
2025-02-02,3,naive_carry,183.0,109.0
2025-02-02,3,seasonal_naive_7,231.0,109.0
2025-02-02,3,climatology,148.28715873015875,109.0
2025-02-02,3,gru,112.5141735363666,109.0
2025-02-03,1,naive,111.0,157.0
2025-02-03,1,naive_carry,111.0,157.0
2025-02-03,1,seasonal_naive_7,116.0,157.0
2025-02-03,1,climatology,147.46215873015873,157.0
2025-02-03,1,gru,111.36018554611292,157.0
2025-02-03,2,naive,111.0,109.0
2025-02-03,2,naive_carry,111.0,109.0
2025-02-03,2,seasonal_naive_7,231.0,109.0
2025-02-03,2,climatology,148.28715873015875,109.0
2025-02-03,2,gru,121.535099286114,109.0
2025-02-03,3,naive,111.0,90.5
2025-02-03,3,naive_carry,111.0,90.5
2025-02-03,3,seasonal_naive_7,180.0,90.5
2025-02-03,3,climatology,146.6031111111111,90.5
2025-02-03,3,gru,122.80704288933093,90.5
2025-02-04,1,naive,157.0,109.0
2025-02-04,1,naive_carry,157.0,109.0
2025-02-04,1,seasonal_naive_7,231.0,109.0
2025-02-04,1,climatology,148.28715873015875,109.0
2025-02-04,1,gru,141.8016190583409,109.0
2025-02-04,2,naive,157.0,90.5
2025-02-04,2,naive_carry,157.0,90.5
2025-02-04,2,seasonal_naive_7,180.0,90.5
2025-02-04,2,climatology,146.6031111111111,90.5
2025-02-04,2,gru,115.48092509144473,90.5
2025-02-04,3,naive,157.0,68.4
2025-02-04,3,naive_carry,157.0,68.4
2025-02-04,3,seasonal_naive_7,183.0,68.4
2025-02-04,3,climatology,144.1231111111111,68.4
2025-02-04,3,gru,100.03966043876285,68.4
2025-02-05,1,naive,109.0,90.5
2025-02-05,1,naive_carry,109.0,90.5
2025-02-05,1,seasonal_naive_7,180.0,90.5
2025-02-05,1,climatology,146.6031111111111,90.5
2025-02-05,1,gru,100.64625167820866,90.5
2025-02-05,2,naive,109.0,68.4
2025-02-05,2,naive_carry,109.0,68.4
2025-02-05,2,seasonal_naive_7,183.0,68.4
2025-02-05,2,climatology,144.1231111111111,68.4
2025-02-05,2,gru,102.37683235990279,68.4
2025-02-05,3,naive,109.0,75.9
2025-02-05,3,naive_carry,109.0,75.9
2025-02-05,3,seasonal_naive_7,221.0,75.9
2025-02-05,3,climatology,140.11666666666667,75.9
2025-02-05,3,gru,104.6363481711059,75.9
2025-02-06,1,naive,90.5,68.4
2025-02-06,1,naive_carry,90.5,68.4
2025-02-06,1,seasonal_naive_7,183.0,68.4
2025-02-06,1,climatology,144.1231111111111,68.4
2025-02-06,1,gru,88.65996183343668,68.4
2025-02-06,2,naive,90.5,75.9
2025-02-06,2,naive_carry,90.5,75.9
2025-02-06,2,seasonal_naive_7,221.0,75.9
2025-02-06,2,climatology,140.11666666666667,75.9
2025-02-06,2,gru,101.88733656254172,75.9
2025-02-06,3,naive,90.5,108.0
2025-02-06,3,naive_carry,90.5,108.0
2025-02-06,3,seasonal_naive_7,183.0,108.0
2025-02-06,3,climatology,139.51222222222222,108.0
2025-02-06,3,gru,112.6493924900295,108.0
2025-02-07,1,naive,68.4,75.9
2025-02-07,1,naive_carry,68.4,75.9
2025-02-07,1,seasonal_naive_7,221.0,75.9
2025-02-07,1,climatology,140.11666666666667,75.9
2025-02-07,1,gru,75.35793063793324,75.9
2025-02-07,2,naive,68.4,108.0
2025-02-07,2,naive_carry,68.4,108.0
2025-02-07,2,seasonal_naive_7,183.0,108.0
2025-02-07,2,climatology,139.51222222222222,108.0
2025-02-07,2,gru,100.11441472274315,108.0
2025-02-07,3,naive,68.4,127.0
2025-02-07,3,naive_carry,68.4,127.0
2025-02-07,3,seasonal_naive_7,111.0,127.0
2025-02-07,3,climatology,136.12722222222223,127.0
2025-02-07,3,gru,114.3059517888037,127.0
2025-02-08,1,naive,75.9,108.0
2025-02-08,1,naive_carry,75.9,108.0
2025-02-08,1,seasonal_naive_7,183.0,108.0
2025-02-08,1,climatology,139.51222222222222,108.0
2025-02-08,1,gru,92.5353950605237,108.0
2025-02-08,2,naive,75.9,127.0
2025-02-08,2,naive_carry,75.9,127.0
2025-02-08,2,seasonal_naive_7,111.0,127.0
2025-02-08,2,climatology,136.12722222222223,127.0
2025-02-08,2,gru,110.80872386753532,127.0
2025-02-08,3,naive,75.9,120.0
2025-02-08,3,naive_carry,75.9,120.0
2025-02-08,3,seasonal_naive_7,157.0,120.0
2025-02-08,3,climatology,133.1238888888889,120.0
2025-02-08,3,gru,110.25852473400154,120.0
2025-02-09,1,naive,108.0,127.0
2025-02-09,1,naive_carry,108.0,127.0
2025-02-09,1,seasonal_naive_7,111.0,127.0
2025-02-09,1,climatology,136.12722222222223,127.0
2025-02-09,1,gru,122.30181709316646,127.0
2025-02-09,2,naive,108.0,120.0
2025-02-09,2,naive_carry,108.0,120.0
2025-02-09,2,seasonal_naive_7,157.0,120.0
2025-02-09,2,climatology,133.1238888888889,120.0
2025-02-09,2,gru,113.08197850401547,120.0
2025-02-09,3,naive,108.0,78.3
2025-02-09,3,naive_carry,108.0,78.3
2025-02-09,3,seasonal_naive_7,109.0,78.3
2025-02-09,3,climatology,131.14833333333334,78.3
2025-02-09,3,gru,98.21645828235701,78.3
2025-02-10,1,naive,127.0,120.0
2025-02-10,1,naive_carry,127.0,120.0
2025-02-10,1,seasonal_naive_7,157.0,120.0
2025-02-10,1,climatology,133.1238888888889,120.0
2025-02-10,1,gru,120.18373344507215,120.0
2025-02-10,2,naive,127.0,78.3
2025-02-10,2,naive_carry,127.0,78.3
2025-02-10,2,seasonal_naive_7,109.0,78.3
2025-02-10,2,climatology,131.14833333333334,78.3
2025-02-10,2,gru,96.14284882654637,78.3
2025-02-10,3,naive,127.0,57.5
2025-02-10,3,naive_carry,127.0,57.5
2025-02-10,3,seasonal_naive_7,90.5,57.5
2025-02-10,3,climatology,128.48944444444444,57.5
2025-02-10,3,gru,84.51413518821583,57.5
2025-02-11,1,naive,120.0,78.3
2025-02-11,1,naive_carry,120.0,78.3
2025-02-11,1,seasonal_naive_7,109.0,78.3
2025-02-11,1,climatology,131.14833333333334,78.3
2025-02-11,1,gru,110.31697082425636,78.3
2025-02-11,2,naive,120.0,57.5
2025-02-11,2,naive_carry,120.0,57.5
2025-02-11,2,seasonal_naive_7,90.5,57.5
2025-02-11,2,climatology,128.48944444444444,57.5
2025-02-11,2,gru,86.70888825929856,57.5
2025-02-11,3,naive,120.0,62.4
2025-02-11,3,naive_carry,120.0,62.4
2025-02-11,3,seasonal_naive_7,68.4,62.4
2025-02-11,3,climatology,119.65166666666669,62.4
2025-02-11,3,gru,79.8779142155357,62.4
2025-02-12,1,naive,78.3,57.5
2025-02-12,1,naive_carry,78.3,57.5
2025-02-12,1,seasonal_naive_7,90.5,57.5
2025-02-12,1,climatology,128.48944444444444,57.5
2025-02-12,1,gru,70.63025163160734,57.5
2025-02-12,2,naive,78.3,62.4
2025-02-12,2,naive_carry,78.3,62.4
2025-02-12,2,seasonal_naive_7,68.4,62.4
2025-02-12,2,climatology,119.65166666666669,62.4
2025-02-12,2,gru,70.77017579825441,62.4
2025-02-12,3,naive,78.3,87.0
2025-02-12,3,naive_carry,78.3,87.0
2025-02-12,3,seasonal_naive_7,75.9,87.0
2025-02-12,3,climatology,117.7338888888889,87.0
2025-02-12,3,gru,84.212621121564,87.0
2025-02-13,1,naive,57.5,62.4
2025-02-13,1,naive_carry,57.5,62.4
2025-02-13,1,seasonal_naive_7,68.4,62.4
2025-02-13,1,climatology,119.65166666666669,62.4
2025-02-13,1,gru,63.985803544567794,62.4
2025-02-13,2,naive,57.5,87.0
2025-02-13,2,naive_carry,57.5,87.0
2025-02-13,2,seasonal_naive_7,75.9,87.0
2025-02-13,2,climatology,117.7338888888889,87.0
2025-02-13,2,gru,79.00242426707312,87.0
2025-02-13,3,naive,57.5,146.0
2025-02-13,3,naive_carry,57.5,146.0
2025-02-13,3,seasonal_naive_7,108.0,146.0
2025-02-13,3,climatology,113.85222222222224,146.0
2025-02-13,3,gru,93.52903744446488,146.0
2025-02-14,1,naive,62.4,87.0
2025-02-14,1,naive_carry,62.4,87.0
2025-02-14,1,seasonal_naive_7,75.9,87.0
2025-02-14,1,climatology,117.7338888888889,87.0
2025-02-14,1,gru,70.41125950262831,87.0
2025-02-14,2,naive,62.4,146.0
2025-02-14,2,naive_carry,62.4,146.0
2025-02-14,2,seasonal_naive_7,108.0,146.0
2025-02-14,2,climatology,113.85222222222224,146.0
2025-02-14,2,gru,83.49209575053632,146.0
2025-02-14,3,naive,62.4,92.4
2025-02-14,3,naive_carry,62.4,92.4
2025-02-14,3,seasonal_naive_7,127.0,92.4
2025-02-14,3,climatology,111.02155555555557,92.4
2025-02-14,3,gru,94.80489016387176,92.4
2025-02-15,1,naive,87.0,146.0
2025-02-15,1,naive_carry,87.0,146.0
2025-02-15,1,seasonal_naive_7,108.0,146.0
2025-02-15,1,climatology,113.85222222222224,146.0
2025-02-15,1,gru,105.31687874895123,146.0
2025-02-15,2,naive,87.0,92.4
2025-02-15,2,naive_carry,87.0,92.4
2025-02-15,2,seasonal_naive_7,127.0,92.4
2025-02-15,2,climatology,111.02155555555557,92.4
2025-02-15,2,gru,101.196993132382,92.4
2025-02-15,3,naive,87.0,81.9
2025-02-15,3,naive_carry,87.0,81.9
2025-02-15,3,seasonal_naive_7,120.0,81.9
2025-02-15,3,climatology,110.41755555555557,81.9
2025-02-15,3,gru,88.2900310468584,81.9
2025-02-16,1,naive,146.0,92.4
2025-02-16,1,naive_carry,146.0,92.4
2025-02-16,1,seasonal_naive_7,127.0,92.4
2025-02-16,1,climatology,111.02155555555557,92.4
2025-02-16,1,gru,131.78753927668774,92.4
2025-02-16,2,naive,146.0,81.9
2025-02-16,2,naive_carry,146.0,81.9
2025-02-16,2,seasonal_naive_7,120.0,81.9
2025-02-16,2,climatology,110.41755555555557,81.9
2025-02-16,2,gru,92.75397375814737,81.9
2025-02-16,3,naive,146.0,76.6
2025-02-16,3,naive_carry,146.0,76.6
2025-02-16,3,seasonal_naive_7,78.3,76.6
2025-02-16,3,climatology,106.06355555555557,76.6
2025-02-16,3,gru,75.44998464008745,76.6
2025-02-17,1,naive,92.4,81.9
2025-02-17,1,naive_carry,92.4,81.9
2025-02-17,1,seasonal_naive_7,120.0,81.9
2025-02-17,1,climatology,110.41755555555557,81.9
2025-02-17,1,gru,89.16127723548479,81.9
2025-02-17,2,naive,92.4,76.6
2025-02-17,2,naive_carry,92.4,76.6
2025-02-17,2,seasonal_naive_7,78.3,76.6
2025-02-17,2,climatology,106.06355555555557,76.6
2025-02-17,2,gru,75.89355288772225,76.6
2025-02-17,3,naive,92.4,53.5
2025-02-17,3,naive_carry,92.4,53.5
2025-02-17,3,seasonal_naive_7,57.5,53.5
2025-02-17,3,climatology,101.38522222222224,53.5
2025-02-17,3,gru,73.93397513342171,53.5
2025-02-18,1,naive,81.9,76.6
2025-02-18,1,naive_carry,81.9,76.6
2025-02-18,1,seasonal_naive_7,78.3,76.6
2025-02-18,1,climatology,106.06355555555557,76.6
2025-02-18,1,gru,79.62034375808406,76.6
2025-02-18,2,naive,81.9,53.5
2025-02-18,2,naive_carry,81.9,53.5
2025-02-18,2,seasonal_naive_7,57.5,53.5
2025-02-18,2,climatology,101.38522222222224,53.5
2025-02-18,2,gru,70.49510054199047,53.5
2025-02-18,3,naive,81.9,83.9
2025-02-18,3,naive_carry,81.9,83.9
2025-02-18,3,seasonal_naive_7,62.4,83.9
2025-02-18,3,climatology,97.47244444444443,83.9
2025-02-18,3,gru,73.89071158686382,83.9
2025-02-19,1,naive,76.6,53.5
2025-02-19,1,naive_carry,76.6,53.5
2025-02-19,1,seasonal_naive_7,57.5,53.5
2025-02-19,1,climatology,101.38522222222224,53.5
2025-02-19,1,gru,77.57127920419514,53.5
2025-02-19,2,naive,76.6,83.9
2025-02-19,2,naive_carry,76.6,83.9
2025-02-19,2,seasonal_naive_7,62.4,83.9
2025-02-19,2,climatology,97.47244444444443,83.9
2025-02-19,2,gru,69.92919264561405,83.9
2025-02-19,3,naive,76.6,63.2
2025-02-19,3,naive_carry,76.6,63.2
2025-02-19,3,seasonal_naive_7,87.0,63.2
2025-02-19,3,climatology,95.99466666666667,63.2
2025-02-19,3,gru,73.01501981760573,63.2
2025-02-20,1,naive,53.5,83.9
2025-02-20,1,naive_carry,53.5,83.9
2025-02-20,1,seasonal_naive_7,62.4,83.9
2025-02-20,1,climatology,97.47244444444443,83.9
2025-02-20,1,gru,55.387559425066,83.9
2025-02-20,2,naive,53.5,63.2
2025-02-20,2,naive_carry,53.5,63.2
2025-02-20,2,seasonal_naive_7,87.0,63.2
2025-02-20,2,climatology,95.99466666666667,63.2
2025-02-20,2,gru,57.12888451818593,63.2
2025-02-20,3,naive,53.5,66.6
2025-02-20,3,naive_carry,53.5,66.6
2025-02-20,3,seasonal_naive_7,146.0,66.6
2025-02-20,3,climatology,95.10166666666667,66.6
2025-02-20,3,gru,66.57565291601155,66.6
2025-02-21,1,naive,83.9,63.2
2025-02-21,1,naive_carry,83.9,63.2
2025-02-21,1,seasonal_naive_7,87.0,63.2
2025-02-21,1,climatology,95.99466666666667,63.2
2025-02-21,1,gru,87.7678770588262,63.2
2025-02-21,2,naive,83.9,66.6
2025-02-21,2,naive_carry,83.9,66.6
2025-02-21,2,seasonal_naive_7,146.0,66.6
2025-02-21,2,climatology,95.10166666666667,66.6
2025-02-21,2,gru,74.44842607351339,66.6
2025-02-21,3,naive,83.9,84.0
2025-02-21,3,naive_carry,83.9,84.0
2025-02-21,3,seasonal_naive_7,92.4,84.0
2025-02-21,3,climatology,90.67055555555557,84.0
2025-02-21,3,gru,72.25123663730322,84.0
2025-02-22,1,naive,63.2,66.6
2025-02-22,1,naive_carry,63.2,66.6
2025-02-22,1,seasonal_naive_7,146.0,66.6
2025-02-22,1,climatology,95.10166666666667,66.6
2025-02-22,1,gru,67.26889289794636,66.6
2025-02-22,2,naive,63.2,84.0
2025-02-22,2,naive_carry,63.2,84.0
2025-02-22,2,seasonal_naive_7,92.4,84.0
2025-02-22,2,climatology,90.67055555555557,84.0
2025-02-22,2,gru,66.5922938071632,84.0
2025-02-22,3,naive,63.2,87.7
2025-02-22,3,naive_carry,63.2,87.7
2025-02-22,3,seasonal_naive_7,81.9,87.7
2025-02-22,3,climatology,86.78444444444445,87.7
2025-02-22,3,gru,72.57562546840877,87.7
2025-02-23,1,naive,66.6,84.0
2025-02-23,1,naive_carry,66.6,84.0
2025-02-23,1,seasonal_naive_7,92.4,84.0
2025-02-23,1,climatology,90.67055555555557,84.0
2025-02-23,1,gru,76.10260209653029,84.0
2025-02-23,2,naive,66.6,87.7
2025-02-23,2,naive_carry,66.6,87.7
2025-02-23,2,seasonal_naive_7,81.9,87.7
2025-02-23,2,climatology,86.78444444444445,87.7
2025-02-23,2,gru,72.70891399042719,87.7
2025-02-23,3,naive,66.6,108.0
2025-02-23,3,naive_carry,66.6,108.0
2025-02-23,3,seasonal_naive_7,76.6,108.0
2025-02-23,3,climatology,83.73777777777778,108.0
2025-02-23,3,gru,73.86208010890012,108.0
2025-02-24,1,naive,84.0,87.7
2025-02-24,1,naive_carry,84.0,87.7
2025-02-24,1,seasonal_naive_7,81.9,87.7
2025-02-24,1,climatology,86.78444444444445,87.7
2025-02-24,1,gru,89.2523446942789,87.7
2025-02-24,2,naive,84.0,108.0
2025-02-24,2,naive_carry,84.0,108.0
2025-02-24,2,seasonal_naive_7,76.6,108.0
2025-02-24,2,climatology,83.73777777777778,108.0
2025-02-24,2,gru,71.45991951479341,108.0
2025-02-24,3,naive,84.0,63.0
2025-02-24,3,naive_carry,84.0,63.0
2025-02-24,3,seasonal_naive_7,53.5,63.0
2025-02-24,3,climatology,81.99333333333334,63.0
2025-02-24,3,gru,66.5218746254219,63.0
2025-02-25,1,naive,87.7,108.0
2025-02-25,1,naive_carry,87.7,108.0
2025-02-25,1,seasonal_naive_7,76.6,108.0
2025-02-25,1,climatology,83.73777777777778,108.0
2025-02-25,1,gru,86.74995784206317,108.0
2025-02-25,2,naive,87.7,63.0
2025-02-25,2,naive_carry,87.7,63.0
2025-02-25,2,seasonal_naive_7,53.5,63.0
2025-02-25,2,climatology,81.99333333333334,63.0
2025-02-25,2,gru,65.80563901930113,63.0
2025-02-25,3,naive,87.7,52.8
2025-02-25,3,naive_carry,87.7,52.8
2025-02-25,3,seasonal_naive_7,83.9,52.8
2025-02-25,3,climatology,80.55444444444444,52.8
2025-02-25,3,gru,60.7897502835169,52.8
2025-02-26,1,naive,108.0,63.0
2025-02-26,1,naive_carry,108.0,63.0
2025-02-26,1,seasonal_naive_7,53.5,63.0
2025-02-26,1,climatology,81.99333333333334,63.0
2025-02-26,1,gru,93.39831803665257,63.0
2025-02-26,2,naive,108.0,52.8
2025-02-26,2,naive_carry,108.0,52.8
2025-02-26,2,seasonal_naive_7,83.9,52.8
2025-02-26,2,climatology,80.55444444444444,52.8
2025-02-26,2,gru,62.49037615314989,52.8
2025-02-26,3,naive,108.0,58.1
2025-02-26,3,naive_carry,108.0,58.1
2025-02-26,3,seasonal_naive_7,63.2,58.1
2025-02-26,3,climatology,80.95055555555555,58.1
2025-02-26,3,gru,55.76383225299721,58.1
2025-02-27,1,naive,63.0,52.8
2025-02-27,1,naive_carry,63.0,52.8
2025-02-27,1,seasonal_naive_7,83.9,52.8
2025-02-27,1,climatology,80.55444444444444,52.8
2025-02-27,1,gru,60.798724261897895,52.8
2025-02-27,2,naive,63.0,58.1
2025-02-27,2,naive_carry,63.0,58.1
2025-02-27,2,seasonal_naive_7,63.2,58.1
2025-02-27,2,climatology,80.95055555555555,58.1
2025-02-27,2,gru,57.21010771988886,58.1
2025-02-27,3,naive,63.0,44.5
2025-02-27,3,naive_carry,63.0,44.5
2025-02-27,3,seasonal_naive_7,66.6,44.5
2025-02-27,3,climatology,80.87944444444445,44.5
2025-02-27,3,gru,63.30393575451406,44.5
2025-02-28,1,naive,52.8,58.1
2025-02-28,1,naive_carry,52.8,58.1
2025-02-28,1,seasonal_naive_7,63.2,58.1
2025-02-28,1,climatology,80.95055555555555,58.1
2025-02-28,1,gru,56.00545465138001,58.1
2025-02-28,2,naive,52.8,44.5
2025-02-28,2,naive_carry,52.8,44.5
2025-02-28,2,seasonal_naive_7,66.6,44.5
2025-02-28,2,climatology,80.87944444444445,44.5
2025-02-28,2,gru,59.559884782731686,44.5
2025-02-28,3,naive,52.8,60.0
2025-02-28,3,naive_carry,52.8,60.0
2025-02-28,3,seasonal_naive_7,84.0,60.0
2025-02-28,3,climatology,78.92444444444443,60.0
2025-02-28,3,gru,69.30604258075758,60.0
2025-03-01,1,naive,58.1,44.5
2025-03-01,1,naive_carry,58.1,44.5
2025-03-01,1,seasonal_naive_7,66.6,44.5
2025-03-01,1,climatology,80.87944444444445,44.5
2025-03-01,1,gru,65.88004316136576,44.5
2025-03-01,2,naive,58.1,60.0
2025-03-01,2,naive_carry,58.1,60.0
2025-03-01,2,seasonal_naive_7,84.0,60.0
2025-03-01,2,climatology,78.92444444444443,60.0
2025-03-01,2,gru,62.28495729020621,60.0
2025-03-01,3,naive,58.1,49.3
2025-03-01,3,naive_carry,58.1,49.3
2025-03-01,3,seasonal_naive_7,87.7,49.3
2025-03-01,3,climatology,78.64577777777778,49.3
2025-03-01,3,gru,64.1166655664675,49.3
2025-03-02,1,naive,44.5,60.0
2025-03-02,1,naive_carry,44.5,60.0
2025-03-02,1,seasonal_naive_7,84.0,60.0
2025-03-02,1,climatology,78.92444444444443,60.0
2025-03-02,1,gru,52.93109528505533,60.0
2025-03-02,2,naive,44.5,49.3
2025-03-02,2,naive_carry,44.5,49.3
2025-03-02,2,seasonal_naive_7,87.7,49.3
2025-03-02,2,climatology,78.64577777777778,49.3
2025-03-02,2,gru,55.28869246361411,49.3
2025-03-02,3,naive,44.5,30.5
2025-03-02,3,naive_carry,44.5,30.5
2025-03-02,3,seasonal_naive_7,108.0,30.5
2025-03-02,3,climatology,75.04711111111111,30.5
2025-03-02,3,gru,62.401552755224195,30.5
2025-03-03,1,naive,60.0,49.3
2025-03-03,1,naive_carry,60.0,49.3
2025-03-03,1,seasonal_naive_7,87.7,49.3
2025-03-03,1,climatology,78.64577777777778,49.3
2025-03-03,1,gru,68.7145081443282,49.3
2025-03-03,2,naive,60.0,30.5
2025-03-03,2,naive_carry,60.0,30.5
2025-03-03,2,seasonal_naive_7,108.0,30.5
2025-03-03,2,climatology,75.04711111111111,30.5
2025-03-03,2,gru,58.235169109808986,30.5
2025-03-03,3,naive,60.0,47.1
2025-03-03,3,naive_carry,60.0,47.1
2025-03-03,3,seasonal_naive_7,63.0,47.1
2025-03-03,3,climatology,71.90544444444444,47.1
2025-03-03,3,gru,58.35076760928557,47.1
2025-03-04,1,naive,49.3,30.5
2025-03-04,1,naive_carry,49.3,30.5
2025-03-04,1,seasonal_naive_7,108.0,30.5
2025-03-04,1,climatology,75.04711111111111,30.5
2025-03-04,1,gru,51.02049328505379,30.5
2025-03-04,2,naive,49.3,47.1
2025-03-04,2,naive_carry,49.3,47.1
2025-03-04,2,seasonal_naive_7,63.0,47.1
2025-03-04,2,climatology,71.90544444444444,47.1
2025-03-04,2,gru,46.90298158047429,47.1
2025-03-04,3,naive,49.3,91.4
2025-03-04,3,naive_carry,49.3,91.4
2025-03-04,3,seasonal_naive_7,52.8,91.4
2025-03-04,3,climatology,71.45544444444445,91.4
2025-03-04,3,gru,53.01253062980031,91.4
2025-03-05,1,naive,30.5,47.1
2025-03-05,1,naive_carry,30.5,47.1
2025-03-05,1,seasonal_naive_7,63.0,47.1
2025-03-05,1,climatology,71.90544444444444,47.1
2025-03-05,1,gru,33.35610892291924,47.1
2025-03-05,2,naive,30.5,91.4
2025-03-05,2,naive_carry,30.5,91.4
2025-03-05,2,seasonal_naive_7,52.8,91.4
2025-03-05,2,climatology,71.45544444444445,91.4
2025-03-05,2,gru,41.95071150312596,91.4
2025-03-05,3,naive,30.5,67.6
2025-03-05,3,naive_carry,30.5,67.6
2025-03-05,3,seasonal_naive_7,58.1,67.6
2025-03-05,3,climatology,72.98655555555555,67.6
2025-03-05,3,gru,58.97492917558594,67.6
2025-03-06,1,naive,47.1,91.4
2025-03-06,1,naive_carry,47.1,91.4
2025-03-06,1,seasonal_naive_7,52.8,91.4
2025-03-06,1,climatology,71.45544444444445,91.4
2025-03-06,1,gru,62.837896935861515,91.4
2025-03-06,2,naive,47.1,67.6
2025-03-06,2,naive_carry,47.1,67.6
2025-03-06,2,seasonal_naive_7,58.1,67.6
2025-03-06,2,climatology,72.98655555555555,67.6
2025-03-06,2,gru,71.37932812577664,67.6
2025-03-06,3,naive,47.1,81.9
2025-03-06,3,naive_carry,47.1,81.9
2025-03-06,3,seasonal_naive_7,44.5,81.9
2025-03-06,3,climatology,73.89155555555557,81.9
2025-03-06,3,gru,73.01088712559901,81.9
2025-03-07,1,naive,91.4,67.6
2025-03-07,1,naive_carry,91.4,67.6
2025-03-07,1,seasonal_naive_7,58.1,67.6
2025-03-07,1,climatology,72.98655555555555,67.6
2025-03-07,1,gru,100.11410293756184,67.6
2025-03-07,2,naive,91.4,81.9
2025-03-07,2,naive_carry,91.4,81.9
2025-03-07,2,seasonal_naive_7,44.5,81.9
2025-03-07,2,climatology,73.89155555555557,81.9
2025-03-07,2,gru,83.50157448800456,81.9
2025-03-07,3,naive,91.4,88.6
2025-03-07,3,naive_carry,91.4,88.6
2025-03-07,3,seasonal_naive_7,60.0,88.6
2025-03-07,3,climatology,74.99322222222222,88.6
2025-03-07,3,gru,70.43071594119449,88.6
2025-03-08,1,naive,67.6,81.9
2025-03-08,1,naive_carry,67.6,81.9
2025-03-08,1,seasonal_naive_7,44.5,81.9
2025-03-08,1,climatology,73.89155555555557,81.9
2025-03-08,1,gru,72.10184637869116,81.9
2025-03-08,2,naive,67.6,88.6
2025-03-08,2,naive_carry,67.6,88.6
2025-03-08,2,seasonal_naive_7,60.0,88.6
2025-03-08,2,climatology,74.99322222222222,88.6
2025-03-08,2,gru,67.23676475849068,88.6
2025-03-08,3,naive,67.6,100.0
2025-03-08,3,naive_carry,67.6,100.0
2025-03-08,3,seasonal_naive_7,49.3,100.0
2025-03-08,3,climatology,76.263,100.0
2025-03-08,3,gru,61.11062651133005,100.0
2025-03-09,1,naive,81.9,88.6
2025-03-09,1,naive_carry,81.9,88.6
2025-03-09,1,seasonal_naive_7,60.0,88.6
2025-03-09,1,climatology,74.99322222222222,88.6
2025-03-09,1,gru,83.45941542758068,88.6
2025-03-09,2,naive,81.9,100.0
2025-03-09,2,naive_carry,81.9,100.0
2025-03-09,2,seasonal_naive_7,49.3,100.0
2025-03-09,2,climatology,76.263,100.0
2025-03-09,2,gru,66.86164555621863,100.0
2025-03-09,3,naive,81.9,96.0
2025-03-09,3,naive_carry,81.9,96.0
2025-03-09,3,seasonal_naive_7,30.5,96.0
2025-03-09,3,climatology,77.07744444444445,96.0
2025-03-09,3,gru,60.05480308312468,96.0
2025-03-10,1,naive,88.6,100.0
2025-03-10,1,naive_carry,88.6,100.0
2025-03-10,1,seasonal_naive_7,49.3,100.0
2025-03-10,1,climatology,76.263,100.0
2025-03-10,1,gru,80.91104431323205,100.0
2025-03-10,2,naive,88.6,96.0
2025-03-10,2,naive_carry,88.6,96.0
2025-03-10,2,seasonal_naive_7,30.5,96.0
2025-03-10,2,climatology,77.07744444444445,96.0
2025-03-10,2,gru,61.978642682329635,96.0
2025-03-10,3,naive,88.6,78.8
2025-03-10,3,naive_carry,88.6,78.8
2025-03-10,3,seasonal_naive_7,47.1,78.8
2025-03-10,3,climatology,78.70839682539683,78.8
2025-03-10,3,gru,57.72863907440135,78.8
2025-03-11,1,naive,100.0,96.0
2025-03-11,1,naive_carry,100.0,96.0
2025-03-11,1,seasonal_naive_7,30.5,96.0
2025-03-11,1,climatology,77.07744444444445,96.0
2025-03-11,1,gru,87.48232946770614,96.0
2025-03-11,2,naive,100.0,78.8
2025-03-11,2,naive_carry,100.0,78.8
2025-03-11,2,seasonal_naive_7,47.1,78.8
2025-03-11,2,climatology,78.70839682539683,78.8
2025-03-11,2,gru,65.90149717719389,78.8
2025-03-11,3,naive,100.0,71.8
2025-03-11,3,naive_carry,100.0,71.8
2025-03-11,3,seasonal_naive_7,91.4,71.8
2025-03-11,3,climatology,81.74706349206349,71.8
2025-03-11,3,gru,60.08145072389116,71.8
2025-03-12,1,naive,96.0,78.8
2025-03-12,1,naive_carry,96.0,78.8
2025-03-12,1,seasonal_naive_7,47.1,78.8
2025-03-12,1,climatology,78.70839682539683,78.8
2025-03-12,1,gru,79.02644926618535,78.8
2025-03-12,2,naive,96.0,71.8
2025-03-12,2,naive_carry,96.0,71.8
2025-03-12,2,seasonal_naive_7,91.4,71.8
2025-03-12,2,climatology,81.74706349206349,71.8
2025-03-12,2,gru,66.10904320034008,71.8
2025-03-12,3,naive,96.0,26.5
2025-03-12,3,naive_carry,96.0,26.5
2025-03-12,3,seasonal_naive_7,67.6,26.5
2025-03-12,3,climatology,81.42595238095238,26.5
2025-03-12,3,gru,65.45997151489354,26.5
2025-03-13,1,naive,78.8,71.8
2025-03-13,1,naive_carry,78.8,71.8
2025-03-13,1,seasonal_naive_7,91.4,71.8
2025-03-13,1,climatology,81.74706349206349,71.8
2025-03-13,1,gru,73.34484976604296,71.8
2025-03-13,2,naive,78.8,26.5
2025-03-13,2,naive_carry,78.8,26.5
2025-03-13,2,seasonal_naive_7,67.6,26.5
2025-03-13,2,climatology,81.42595238095238,26.5
2025-03-13,2,gru,70.9635928015395,26.5
2025-03-13,3,naive,78.8,45.7
2025-03-13,3,naive_carry,78.8,45.7
2025-03-13,3,seasonal_naive_7,81.9,45.7
2025-03-13,3,climatology,81.40761904761904,45.7
2025-03-13,3,gru,71.26894390482694,45.7
2025-03-14,1,naive,71.8,26.5
2025-03-14,1,naive_carry,71.8,26.5
2025-03-14,1,seasonal_naive_7,67.6,26.5
2025-03-14,1,climatology,81.42595238095238,26.5
2025-03-14,1,gru,69.84132993344359,26.5
2025-03-14,2,naive,71.8,45.7
2025-03-14,2,naive_carry,71.8,45.7
2025-03-14,2,seasonal_naive_7,81.9,45.7
2025-03-14,2,climatology,81.40761904761904,45.7
2025-03-14,2,gru,67.89920799101525,45.7
2025-03-14,3,naive,71.8,53.9
2025-03-14,3,naive_carry,71.8,53.9
2025-03-14,3,seasonal_naive_7,88.6,53.9
2025-03-14,3,climatology,79.82095238095239,53.9
2025-03-14,3,gru,69.2170261882568,53.9
2025-03-15,1,naive,26.5,45.7
2025-03-15,1,naive_carry,26.5,45.7
2025-03-15,1,seasonal_naive_7,81.9,45.7
2025-03-15,1,climatology,81.40761904761904,45.7
2025-03-15,1,gru,33.412978257930284,45.7
2025-03-15,2,naive,26.5,53.9
2025-03-15,2,naive_carry,26.5,53.9
2025-03-15,2,seasonal_naive_7,88.6,53.9
2025-03-15,2,climatology,79.82095238095239,53.9
2025-03-15,2,gru,45.41483242459054,53.9
2025-03-15,3,naive,26.5,59.9
2025-03-15,3,naive_carry,26.5,59.9
2025-03-15,3,seasonal_naive_7,100.0,59.9
2025-03-15,3,climatology,80.5220634920635,59.9
2025-03-15,3,gru,55.39551611518887,59.9
2025-03-16,1,naive,45.7,53.9
2025-03-16,1,naive_carry,45.7,53.9
2025-03-16,1,seasonal_naive_7,88.6,53.9
2025-03-16,1,climatology,79.82095238095239,53.9
2025-03-16,1,gru,52.6551377115103,53.9
2025-03-16,2,naive,45.7,59.9
2025-03-16,2,naive_carry,45.7,59.9
2025-03-16,2,seasonal_naive_7,100.0,59.9
2025-03-16,2,climatology,80.5220634920635,59.9
2025-03-16,2,gru,50.96264019575967,59.9
2025-03-16,3,naive,45.7,73.0
2025-03-16,3,naive_carry,45.7,73.0
2025-03-16,3,seasonal_naive_7,96.0,73.0
2025-03-16,3,climatology,80.2240634920635,73.0
2025-03-16,3,gru,57.919624511883114,73.0
2025-03-17,1,naive,53.9,59.9
2025-03-17,1,naive_carry,53.9,59.9
2025-03-17,1,seasonal_naive_7,100.0,59.9
2025-03-17,1,climatology,80.5220634920635,59.9
2025-03-17,1,gru,56.97956690585862,59.9
2025-03-17,2,naive,53.9,73.0
2025-03-17,2,naive_carry,53.9,73.0
2025-03-17,2,seasonal_naive_7,96.0,73.0
2025-03-17,2,climatology,80.2240634920635,73.0
2025-03-17,2,gru,52.84243552456999,73.0
2025-03-17,3,naive,53.9,51.6
2025-03-17,3,naive_carry,53.9,51.6
2025-03-17,3,seasonal_naive_7,78.8,51.6
2025-03-17,3,climatology,80.30673015873016,51.6
2025-03-17,3,gru,55.04543715358118,51.6
2025-03-18,1,naive,59.9,73.0
2025-03-18,1,naive_carry,59.9,73.0
2025-03-18,1,seasonal_naive_7,96.0,73.0
2025-03-18,1,climatology,80.2240634920635,73.0
2025-03-18,1,gru,62.162982836024135,73.0
2025-03-18,2,naive,59.9,51.6
2025-03-18,2,naive_carry,59.9,51.6
2025-03-18,2,seasonal_naive_7,78.8,51.6
2025-03-18,2,climatology,80.30673015873016,51.6
2025-03-18,2,gru,55.701215137867855,51.6
2025-03-18,3,naive,59.9,69.2
2025-03-18,3,naive_carry,59.9,69.2
2025-03-18,3,seasonal_naive_7,71.8,69.2
2025-03-18,3,climatology,80.7730634920635,69.2
2025-03-18,3,gru,56.342172368133824,69.2
2025-03-19,1,naive,73.0,51.6
2025-03-19,1,naive_carry,73.0,51.6
2025-03-19,1,seasonal_naive_7,78.8,51.6
2025-03-19,1,climatology,80.30673015873016,51.6
2025-03-19,1,gru,73.2833060081269,51.6
2025-03-19,2,naive,73.0,69.2
2025-03-19,2,naive_carry,73.0,69.2
2025-03-19,2,seasonal_naive_7,71.8,69.2
2025-03-19,2,climatology,80.7730634920635,69.2
2025-03-19,2,gru,61.74064030723326,69.2
2025-03-19,3,naive,73.0,61.5
2025-03-19,3,naive_carry,73.0,61.5
2025-03-19,3,seasonal_naive_7,26.5,61.5
2025-03-19,3,climatology,80.23084126984126,61.5
2025-03-19,3,gru,59.50854448933258,61.5
2025-03-20,1,naive,51.6,69.2
2025-03-20,1,naive_carry,51.6,69.2
2025-03-20,1,seasonal_naive_7,71.8,69.2
2025-03-20,1,climatology,80.7730634920635,69.2
2025-03-20,1,gru,58.259956383751806,69.2
2025-03-20,2,naive,51.6,61.5
2025-03-20,2,naive_carry,51.6,61.5
2025-03-20,2,seasonal_naive_7,26.5,61.5
2025-03-20,2,climatology,80.23084126984126,61.5
2025-03-20,2,gru,57.111578544331465,61.5
2025-03-20,3,naive,51.6,63.5
2025-03-20,3,naive_carry,51.6,63.5
2025-03-20,3,seasonal_naive_7,45.7,63.5
2025-03-20,3,climatology,78.94950793650793,63.5
2025-03-20,3,gru,57.74762828961327,63.5
2025-03-21,1,naive,69.2,61.5
2025-03-21,1,naive_carry,69.2,61.5
2025-03-21,1,seasonal_naive_7,26.5,61.5
2025-03-21,1,climatology,80.23084126984126,61.5
2025-03-21,1,gru,66.54240138664834,61.5
2025-03-21,2,naive,69.2,63.5
2025-03-21,2,naive_carry,69.2,63.5
2025-03-21,2,seasonal_naive_7,45.7,63.5
2025-03-21,2,climatology,78.94950793650793,63.5
2025-03-21,2,gru,56.93010860305581,63.5
2025-03-21,3,naive,69.2,71.4
2025-03-21,3,naive_carry,69.2,71.4
2025-03-21,3,seasonal_naive_7,53.9,71.4
2025-03-21,3,climatology,77.5591746031746,71.4
2025-03-21,3,gru,60.10963991501353,71.4
2025-03-22,1,naive,61.5,63.5
2025-03-22,1,naive_carry,61.5,63.5
2025-03-22,1,seasonal_naive_7,45.7,63.5
2025-03-22,1,climatology,78.94950793650793,63.5
2025-03-22,1,gru,63.99090148980261,63.5
2025-03-22,2,naive,61.5,71.4
2025-03-22,2,naive_carry,61.5,71.4
2025-03-22,2,seasonal_naive_7,53.9,71.4
2025-03-22,2,climatology,77.5591746031746,71.4
2025-03-22,2,gru,60.557965257456864,71.4
2025-03-22,3,naive,61.5,89.0
2025-03-22,3,naive_carry,61.5,89.0
2025-03-22,3,seasonal_naive_7,59.9,89.0
2025-03-22,3,climatology,75.26117460317461,89.0
2025-03-22,3,gru,60.927101414517516,89.0
2025-03-23,1,naive,63.5,71.4
2025-03-23,1,naive_carry,63.5,71.4
2025-03-23,1,seasonal_naive_7,53.9,71.4
2025-03-23,1,climatology,77.5591746031746,71.4
2025-03-23,1,gru,68.39864418673874,71.4
2025-03-23,2,naive,63.5,89.0
2025-03-23,2,naive_carry,63.5,89.0
2025-03-23,2,seasonal_naive_7,59.9,89.0
2025-03-23,2,climatology,75.26117460317461,89.0
2025-03-23,2,gru,61.912660603449865,89.0
2025-03-23,3,naive,63.5,81.7
2025-03-23,3,naive_carry,63.5,81.7
2025-03-23,3,seasonal_naive_7,73.0,81.7
2025-03-23,3,climatology,74.11584126984125,81.7
2025-03-23,3,gru,60.74566032016274,81.7
2025-03-24,1,naive,71.4,89.0
2025-03-24,1,naive_carry,71.4,89.0
2025-03-24,1,seasonal_naive_7,59.9,89.0
2025-03-24,1,climatology,75.26117460317461,89.0
2025-03-24,1,gru,70.90008740775431,89.0
2025-03-24,2,naive,71.4,81.7
2025-03-24,2,naive_carry,71.4,81.7
2025-03-24,2,seasonal_naive_7,73.0,81.7
2025-03-24,2,climatology,74.11584126984125,81.7
2025-03-24,2,gru,58.443491314105,81.7
2025-03-24,3,naive,71.4,73.4
2025-03-24,3,naive_carry,71.4,73.4
2025-03-24,3,seasonal_naive_7,51.6,73.4
2025-03-24,3,climatology,72.50361904761904,73.4
2025-03-24,3,gru,56.92997674615219,73.4
2025-03-25,1,naive,89.0,81.7
2025-03-25,1,naive_carry,89.0,81.7
2025-03-25,1,seasonal_naive_7,73.0,81.7
2025-03-25,1,climatology,74.11584126984125,81.7
2025-03-25,1,gru,78.94331148619032,81.7
2025-03-25,2,naive,89.0,73.4
2025-03-25,2,naive_carry,89.0,73.4
2025-03-25,2,seasonal_naive_7,51.6,73.4
2025-03-25,2,climatology,72.50361904761904,73.4
2025-03-25,2,gru,59.63177585213527,73.4
2025-03-25,3,naive,89.0,54.0
2025-03-25,3,naive_carry,89.0,54.0
2025-03-25,3,seasonal_naive_7,69.2,54.0
2025-03-25,3,climatology,70.59266666666667,54.0
2025-03-25,3,gru,55.6978160932263,54.0
2025-03-26,1,naive,81.7,73.4
2025-03-26,1,naive_carry,81.7,73.4
2025-03-26,1,seasonal_naive_7,51.6,73.4
2025-03-26,1,climatology,72.50361904761904,73.4
2025-03-26,1,gru,70.85676166625414,73.4
2025-03-26,2,naive,81.7,54.0
2025-03-26,2,naive_carry,81.7,54.0
2025-03-26,2,seasonal_naive_7,69.2,54.0
2025-03-26,2,climatology,70.59266666666667,54.0
2025-03-26,2,gru,58.4370724147712,54.0
2025-03-26,3,naive,81.7,37.8
2025-03-26,3,naive_carry,81.7,37.8
2025-03-26,3,seasonal_naive_7,61.5,37.8
2025-03-26,3,climatology,68.01133333333333,37.8
2025-03-26,3,gru,55.97467056261402,37.8
2025-03-27,1,naive,73.4,54.0
2025-03-27,1,naive_carry,73.4,54.0
2025-03-27,1,seasonal_naive_7,69.2,54.0
2025-03-27,1,climatology,70.59266666666667,54.0
2025-03-27,1,gru,63.470187371140284,54.0
2025-03-27,2,naive,73.4,37.8
2025-03-27,2,naive_carry,73.4,37.8
2025-03-27,2,seasonal_naive_7,61.5,37.8
2025-03-27,2,climatology,68.01133333333333,37.8
2025-03-27,2,gru,58.4237291912142,37.8
2025-03-27,3,naive,73.4,41.9
2025-03-27,3,naive_carry,73.4,41.9
2025-03-27,3,seasonal_naive_7,63.5,41.9
2025-03-27,3,climatology,67.99244444444444,41.9
2025-03-27,3,gru,60.23535283470284,41.9
2025-03-28,1,naive,54.0,37.8
2025-03-28,1,naive_carry,54.0,37.8
2025-03-28,1,seasonal_naive_7,61.5,37.8
2025-03-28,1,climatology,68.01133333333333,37.8
2025-03-28,1,gru,49.743396297904134,37.8
2025-03-28,2,naive,54.0,41.9
2025-03-28,2,naive_carry,54.0,41.9
2025-03-28,2,seasonal_naive_7,63.5,41.9
2025-03-28,2,climatology,67.99244444444444,41.9
2025-03-28,2,gru,56.76942955159562,41.9
2025-03-28,3,naive,54.0,76.3
2025-03-28,3,naive_carry,54.0,76.3
2025-03-28,3,seasonal_naive_7,71.4,76.3
2025-03-28,3,climatology,69.18355555555556,76.3
2025-03-28,3,gru,66.74500232943002,76.3
2025-03-29,1,naive,37.8,41.9
2025-03-29,1,naive_carry,37.8,41.9
2025-03-29,1,seasonal_naive_7,63.5,41.9
2025-03-29,1,climatology,67.99244444444444,41.9
2025-03-29,1,gru,43.32664602431453,41.9
2025-03-29,2,naive,37.8,76.3
2025-03-29,2,naive_carry,37.8,76.3
2025-03-29,2,seasonal_naive_7,71.4,76.3
2025-03-29,2,climatology,69.18355555555556,76.3
2025-03-29,2,gru,60.84000453888633,76.3
2025-03-29,3,naive,37.8,73.0
2025-03-29,3,naive_carry,37.8,73.0
2025-03-29,3,seasonal_naive_7,89.0,73.0
2025-03-29,3,climatology,69.94044444444445,73.0
2025-03-29,3,gru,72.04134000475052,73.0
2025-03-30,1,naive,41.9,76.3
2025-03-30,1,naive_carry,41.9,76.3
2025-03-30,1,seasonal_naive_7,71.4,76.3
2025-03-30,1,climatology,69.18355555555556,76.3
2025-03-30,1,gru,56.79141546332269,76.3
2025-03-30,2,naive,41.9,73.0
2025-03-30,2,naive_carry,41.9,73.0
2025-03-30,2,seasonal_naive_7,89.0,73.0
2025-03-30,2,climatology,69.94044444444445,73.0
2025-03-30,2,gru,73.68252453091334,73.0
2025-03-30,3,naive,41.9,95.0
2025-03-30,3,naive_carry,41.9,95.0
2025-03-30,3,seasonal_naive_7,81.7,95.0
2025-03-30,3,climatology,69.08933333333334,95.0
2025-03-30,3,gru,76.59007864162282,95.0
2025-03-31,1,naive,76.3,73.0
2025-03-31,1,naive_carry,76.3,73.0
2025-03-31,1,seasonal_naive_7,89.0,73.0
2025-03-31,1,climatology,69.94044444444445,73.0
2025-03-31,1,gru,81.84843407412538,73.0
2025-03-31,2,naive,76.3,95.0
2025-03-31,2,naive_carry,76.3,95.0
2025-03-31,2,seasonal_naive_7,81.7,95.0
2025-03-31,2,climatology,69.08933333333334,95.0
2025-03-31,2,gru,77.56169393013629,95.0
2025-03-31,3,naive,76.3,60.5
2025-03-31,3,naive_carry,76.3,60.5
2025-03-31,3,seasonal_naive_7,73.4,60.5
2025-03-31,3,climatology,68.33266666666667,60.5
2025-03-31,3,gru,74.37794174544,60.5
2025-04-01,1,naive,73.0,95.0
2025-04-01,1,naive_carry,73.0,95.0
2025-04-01,1,seasonal_naive_7,81.7,95.0
2025-04-01,1,climatology,69.08933333333334,95.0
2025-04-01,1,gru,73.2629330939185,95.0
2025-04-01,2,naive,73.0,60.5
2025-04-01,2,naive_carry,73.0,60.5
2025-04-01,2,seasonal_naive_7,73.4,60.5
2025-04-01,2,climatology,68.33266666666667,60.5
2025-04-01,2,gru,72.12094107011801,60.5
2025-04-01,3,naive,73.0,65.6
2025-04-01,3,naive_carry,73.0,65.6
2025-04-01,3,seasonal_naive_7,54.0,65.6
2025-04-01,3,climatology,68.24466666666666,65.6
2025-04-01,3,gru,67.76976672911054,65.6
2025-04-02,1,naive,95.0,60.5
2025-04-02,1,naive_carry,95.0,60.5
2025-04-02,1,seasonal_naive_7,73.4,60.5
2025-04-02,1,climatology,68.33266666666667,60.5
2025-04-02,1,gru,89.89503406532953,60.5
2025-04-02,2,naive,95.0,65.6
2025-04-02,2,naive_carry,95.0,65.6
2025-04-02,2,seasonal_naive_7,54.0,65.6
2025-04-02,2,climatology,68.24466666666666,65.6
2025-04-02,2,gru,78.00715173117965,65.6
2025-04-02,3,naive,95.0,63.7
2025-04-02,3,naive_carry,95.0,63.7
2025-04-02,3,seasonal_naive_7,37.8,63.7
2025-04-02,3,climatology,67.58,63.7
2025-04-02,3,gru,71.02626487752347,63.7
2025-04-03,1,naive,60.5,65.6
2025-04-03,1,naive_carry,60.5,65.6
2025-04-03,1,seasonal_naive_7,54.0,65.6
2025-04-03,1,climatology,68.24466666666666,65.6
2025-04-03,1,gru,62.40232111370225,65.6
2025-04-03,2,naive,60.5,63.7
2025-04-03,2,naive_carry,60.5,63.7
2025-04-03,2,seasonal_naive_7,37.8,63.7
2025-04-03,2,climatology,67.58,63.7
2025-04-03,2,gru,64.94326968237077,63.7
2025-04-03,3,naive,60.5,75.1
2025-04-03,3,naive_carry,60.5,75.1
2025-04-03,3,seasonal_naive_7,41.9,75.1
2025-04-03,3,climatology,67.80555555555556,75.1
2025-04-03,3,gru,65.14476885564693,75.1
2025-04-04,1,naive,65.6,63.7
2025-04-04,1,naive_carry,65.6,63.7
2025-04-04,1,seasonal_naive_7,37.8,63.7
2025-04-04,1,climatology,67.58,63.7
2025-04-04,1,gru,63.9304683821298,63.7
2025-04-04,2,naive,65.6,75.1
2025-04-04,2,naive_carry,65.6,75.1
2025-04-04,2,seasonal_naive_7,41.9,75.1
2025-04-04,2,climatology,67.80555555555556,75.1
2025-04-04,2,gru,60.27487376651613,75.1
2025-04-04,3,naive,65.6,87.8
2025-04-04,3,naive_carry,65.6,87.8
2025-04-04,3,seasonal_naive_7,76.3,87.8
2025-04-04,3,climatology,68.52155555555555,87.8
2025-04-04,3,gru,61.76190168167518,87.8
2025-04-05,1,naive,63.7,75.1
2025-04-05,1,naive_carry,63.7,75.1
2025-04-05,1,seasonal_naive_7,41.9,75.1
2025-04-05,1,climatology,67.80555555555556,75.1
2025-04-05,1,gru,60.55916207007048,75.1
2025-04-05,2,naive,63.7,87.8
2025-04-05,2,naive_carry,63.7,87.8
2025-04-05,2,seasonal_naive_7,76.3,87.8
2025-04-05,2,climatology,68.52155555555555,87.8
2025-04-05,2,gru,58.2139650188645,87.8
2025-04-05,3,naive,63.7,92.6
2025-04-05,3,naive_carry,63.7,92.6
2025-04-05,3,seasonal_naive_7,73.0,92.6
2025-04-05,3,climatology,68.748,92.6
2025-04-05,3,gru,60.074866394168254,92.6
2025-04-06,1,naive,75.1,87.8
2025-04-06,1,naive_carry,75.1,87.8
2025-04-06,1,seasonal_naive_7,76.3,87.8
2025-04-06,1,climatology,68.52155555555555,87.8
2025-04-06,1,gru,72.47909909429781,87.8
2025-04-06,2,naive,75.1,92.6
2025-04-06,2,naive_carry,75.1,92.6
2025-04-06,2,seasonal_naive_7,73.0,92.6
2025-04-06,2,climatology,68.748,92.6
2025-04-06,2,gru,64.55101907018008,92.6
2025-04-06,3,naive,75.1,96.3
2025-04-06,3,naive_carry,75.1,96.3
2025-04-06,3,seasonal_naive_7,95.0,96.3
2025-04-06,3,climatology,76.02266666666667,96.3
2025-04-06,3,gru,62.15703816057829,96.3
2025-04-07,1,naive,87.8,92.6
2025-04-07,1,naive_carry,87.8,92.6
2025-04-07,1,seasonal_naive_7,73.0,92.6
2025-04-07,1,climatology,68.748,92.6
2025-04-07,1,gru,77.553657702447,92.6
2025-04-07,2,naive,87.8,96.3
2025-04-07,2,naive_carry,87.8,96.3
2025-04-07,2,seasonal_naive_7,95.0,96.3
2025-04-07,2,climatology,76.02266666666667,96.3
2025-04-07,2,gru,64.24089106091714,96.3
2025-04-07,3,naive,87.8,67.5
2025-04-07,3,naive_carry,87.8,67.5
2025-04-07,3,seasonal_naive_7,60.5,67.5
2025-04-07,3,climatology,82.366,67.5
2025-04-07,3,gru,60.72277273051516,67.5
2025-04-08,1,naive,92.6,96.3
2025-04-08,1,naive_carry,92.6,96.3
2025-04-08,1,seasonal_naive_7,95.0,96.3
2025-04-08,1,climatology,76.02266666666667,96.3
2025-04-08,1,gru,75.65801783179644,96.3
2025-04-08,2,naive,92.6,67.5
2025-04-08,2,naive_carry,92.6,67.5
2025-04-08,2,seasonal_naive_7,60.5,67.5
2025-04-08,2,climatology,82.366,67.5
2025-04-08,2,gru,64.22267358326961,67.5
2025-04-08,3,naive,92.6,46.8
2025-04-08,3,naive_carry,92.6,46.8
2025-04-08,3,seasonal_naive_7,65.6,46.8
2025-04-08,3,climatology,83.44422222222221,46.8
2025-04-08,3,gru,61.616883715913616,46.8
2025-04-09,1,naive,96.3,67.5
2025-04-09,1,naive_carry,96.3,67.5
2025-04-09,1,seasonal_naive_7,60.5,67.5
2025-04-09,1,climatology,82.366,67.5
2025-04-09,1,gru,76.16141652434835,67.5
2025-04-09,2,naive,96.3,46.8
2025-04-09,2,naive_carry,96.3,46.8
2025-04-09,2,seasonal_naive_7,65.6,46.8
2025-04-09,2,climatology,83.44422222222221,46.8
2025-04-09,2,gru,69.00359322568772,46.8
2025-04-09,3,naive,96.3,48.6
2025-04-09,3,naive_carry,96.3,48.6
2025-04-09,3,seasonal_naive_7,63.7,48.6
2025-04-09,3,climatology,83.69955555555556,48.6
2025-04-09,3,gru,67.70597748972679,48.6
2025-04-10,1,naive,67.5,46.8
2025-04-10,1,naive_carry,67.5,46.8
2025-04-10,1,seasonal_naive_7,65.6,46.8
2025-04-10,1,climatology,83.44422222222221,46.8
2025-04-10,1,gru,62.455564282886044,46.8
2025-04-10,2,naive,67.5,48.6
2025-04-10,2,naive_carry,67.5,48.6
2025-04-10,2,seasonal_naive_7,63.7,48.6
2025-04-10,2,climatology,83.69955555555556,48.6
2025-04-10,2,gru,68.240991509334,48.6
2025-04-10,3,naive,67.5,52.6
2025-04-10,3,naive_carry,67.5,52.6
2025-04-10,3,seasonal_naive_7,75.1,52.6
2025-04-10,3,climatology,83.11955555555555,52.6
2025-04-10,3,gru,67.68853830204601,52.6
2025-04-11,1,naive,46.8,48.6
2025-04-11,1,naive_carry,46.8,48.6
2025-04-11,1,seasonal_naive_7,63.7,48.6
2025-04-11,1,climatology,83.69955555555556,48.6
2025-04-11,1,gru,43.19887167385429,48.6
2025-04-11,2,naive,46.8,52.6
2025-04-11,2,naive_carry,46.8,52.6
2025-04-11,2,seasonal_naive_7,75.1,52.6
2025-04-11,2,climatology,83.11955555555555,52.6
2025-04-11,2,gru,62.712437974035836,52.6
2025-04-11,3,naive,46.8,67.0
2025-04-11,3,naive_carry,46.8,67.0
2025-04-11,3,seasonal_naive_7,87.8,67.0
2025-04-11,3,climatology,84.46955555555556,67.0
2025-04-11,3,gru,66.142086632861,67.0
2025-04-12,1,naive,48.6,52.6
2025-04-12,1,naive_carry,48.6,52.6
2025-04-12,1,seasonal_naive_7,75.1,52.6
2025-04-12,1,climatology,83.11955555555555,52.6
2025-04-12,1,gru,62.455066145272276,52.6
2025-04-12,2,naive,48.6,67.0
2025-04-12,2,naive_carry,48.6,67.0
2025-04-12,2,seasonal_naive_7,87.8,67.0
2025-04-12,2,climatology,84.46955555555556,67.0
2025-04-12,2,gru,71.14684007566314,67.0
2025-04-12,3,naive,48.6,63.8
2025-04-12,3,naive_carry,48.6,63.8
2025-04-12,3,seasonal_naive_7,92.6,63.8
2025-04-12,3,climatology,82.73444444444445,63.8
2025-04-12,3,gru,64.77203556547839,63.8
2025-04-13,1,naive,52.6,67.0
2025-04-13,1,naive_carry,52.6,67.0
2025-04-13,1,seasonal_naive_7,87.8,67.0
2025-04-13,1,climatology,84.46955555555556,67.0
2025-04-13,1,gru,70.03725390628941,67.0
2025-04-13,2,naive,52.6,63.8
2025-04-13,2,naive_carry,52.6,63.8
2025-04-13,2,seasonal_naive_7,92.6,63.8
2025-04-13,2,climatology,82.73444444444445,63.8
2025-04-13,2,gru,66.82672037008626,63.8
2025-04-13,3,naive,52.6,82.1
2025-04-13,3,naive_carry,52.6,82.1
2025-04-13,3,seasonal_naive_7,96.3,82.1
2025-04-13,3,climatology,83.51755555555556,82.1
2025-04-13,3,gru,52.32818611538119,82.1
2025-04-14,1,naive,67.0,63.8
2025-04-14,1,naive_carry,67.0,63.8
2025-04-14,1,seasonal_naive_7,92.6,63.8
2025-04-14,1,climatology,82.73444444444445,63.8
2025-04-14,1,gru,71.45347243159233,63.8
2025-04-14,2,naive,67.0,82.1
2025-04-14,2,naive_carry,67.0,82.1
2025-04-14,2,seasonal_naive_7,96.3,82.1
2025-04-14,2,climatology,83.51755555555556,82.1
2025-04-14,2,gru,63.66287375492253,82.1
2025-04-14,3,naive,67.0,68.5
2025-04-14,3,naive_carry,67.0,68.5
2025-04-14,3,seasonal_naive_7,67.5,68.5
2025-04-14,3,climatology,89.71255555555555,68.5
2025-04-14,3,gru,49.9859645700883,68.5
2025-04-15,1,naive,63.8,82.1
2025-04-15,1,naive_carry,63.8,82.1
2025-04-15,1,seasonal_naive_7,96.3,82.1
2025-04-15,1,climatology,83.51755555555556,82.1
2025-04-15,1,gru,65.86079906116758,82.1
2025-04-15,2,naive,63.8,68.5
2025-04-15,2,naive_carry,63.8,68.5
2025-04-15,2,seasonal_naive_7,67.5,68.5
2025-04-15,2,climatology,89.71255555555555,68.5
2025-04-15,2,gru,60.37030838479388,68.5
2025-04-15,3,naive,63.8,87.4
2025-04-15,3,naive_carry,63.8,87.4
2025-04-15,3,seasonal_naive_7,46.8,87.4
2025-04-15,3,climatology,90.2992222222222,87.4
2025-04-15,3,gru,56.89691867874211,87.4
2025-04-16,1,naive,82.1,68.5
2025-04-16,1,naive_carry,82.1,68.5
2025-04-16,1,seasonal_naive_7,67.5,68.5
2025-04-16,1,climatology,89.71255555555555,68.5
2025-04-16,1,gru,75.95931166126833,68.5
2025-04-16,2,naive,82.1,87.4
2025-04-16,2,naive_carry,82.1,87.4
2025-04-16,2,seasonal_naive_7,46.8,87.4
2025-04-16,2,climatology,90.2992222222222,87.4
2025-04-16,2,gru,66.43394410827025,87.4
2025-04-16,3,naive,82.1,52.5
2025-04-16,3,naive_carry,82.1,52.5
2025-04-16,3,seasonal_naive_7,48.6,52.5
2025-04-16,3,climatology,91.03488888888889,52.5
2025-04-16,3,gru,69.3876490133829,52.5
2025-04-17,1,naive,68.5,87.4
2025-04-17,1,naive_carry,68.5,87.4
2025-04-17,1,seasonal_naive_7,46.8,87.4
2025-04-17,1,climatology,90.2992222222222,87.4
2025-04-17,1,gru,65.43091253722753,87.4
2025-04-17,2,naive,68.5,52.5
2025-04-17,2,naive_carry,68.5,52.5
2025-04-17,2,seasonal_naive_7,48.6,52.5
2025-04-17,2,climatology,91.03488888888889,52.5
2025-04-17,2,gru,63.246838042115655,52.5
2025-04-17,3,naive,68.5,53.0
2025-04-17,3,naive_carry,68.5,53.0
2025-04-17,3,seasonal_naive_7,52.6,53.0
2025-04-17,3,climatology,90.9932222222222,53.0
2025-04-17,3,gru,66.31733733851554,53.0
2025-04-18,1,naive,87.4,52.5
2025-04-18,1,naive_carry,87.4,52.5
2025-04-18,1,seasonal_naive_7,48.6,52.5
2025-04-18,1,climatology,91.03488888888889,52.5
2025-04-18,1,gru,74.70621041071605,52.5
2025-04-18,2,naive,87.4,53.0
2025-04-18,2,naive_carry,87.4,53.0
2025-04-18,2,seasonal_naive_7,52.6,53.0
2025-04-18,2,climatology,90.9932222222222,53.0
2025-04-18,2,gru,69.60878663053988,53.0
2025-04-18,3,naive,87.4,69.3
2025-04-18,3,naive_carry,87.4,69.3
2025-04-18,3,seasonal_naive_7,67.0,69.3
2025-04-18,3,climatology,92.74766666666667,69.3
2025-04-18,3,gru,68.21971816319811,69.3
2025-04-19,1,naive,52.5,53.0
2025-04-19,1,naive_carry,52.5,53.0
2025-04-19,1,seasonal_naive_7,52.6,53.0
2025-04-19,1,climatology,90.9932222222222,53.0
2025-04-19,1,gru,52.60085096203795,53.0
2025-04-19,2,naive,52.5,69.3
2025-04-19,2,naive_carry,52.5,69.3
2025-04-19,2,seasonal_naive_7,67.0,69.3
2025-04-19,2,climatology,92.74766666666667,69.3
2025-04-19,2,gru,60.967234274444806,69.3
2025-04-19,3,naive,52.5,81.7
2025-04-19,3,naive_carry,52.5,81.7
2025-04-19,3,seasonal_naive_7,63.8,81.7
2025-04-19,3,climatology,93.38188888888888,81.7
2025-04-19,3,gru,62.3238174156071,81.7
2025-04-20,1,naive,53.0,69.3
2025-04-20,1,naive_carry,53.0,69.3
2025-04-20,1,seasonal_naive_7,67.0,69.3
2025-04-20,1,climatology,92.74766666666667,69.3
2025-04-20,1,gru,61.998831230862095,69.3
2025-04-20,2,naive,53.0,81.7
2025-04-20,2,naive_carry,53.0,81.7
2025-04-20,2,seasonal_naive_7,63.8,81.7
2025-04-20,2,climatology,93.38188888888888,81.7
2025-04-20,2,gru,65.46361195543675,81.7
2025-04-20,3,naive,53.0,71.2
2025-04-20,3,naive_carry,53.0,71.2
2025-04-20,3,seasonal_naive_7,82.1,71.2
2025-04-20,3,climatology,94.31144444444443,71.2
2025-04-20,3,gru,64.78280467199946,71.2
2025-04-21,1,naive,69.3,81.7
2025-04-21,1,naive_carry,69.3,81.7
2025-04-21,1,seasonal_naive_7,63.8,81.7
2025-04-21,1,climatology,93.38188888888888,81.7
2025-04-21,1,gru,72.43831407831196,81.7
2025-04-21,2,naive,69.3,71.2
2025-04-21,2,naive_carry,69.3,71.2
2025-04-21,2,seasonal_naive_7,82.1,71.2
2025-04-21,2,climatology,94.31144444444443,71.2
2025-04-21,2,gru,70.21493742240553,71.2
2025-04-21,3,naive,69.3,90.8
2025-04-21,3,naive_carry,69.3,90.8
2025-04-21,3,seasonal_naive_7,68.5,90.8
2025-04-21,3,climatology,87.35811111111111,90.8
2025-04-21,3,gru,62.54018524024887,90.8
2025-04-22,1,naive,81.7,71.2
2025-04-22,1,naive_carry,81.7,71.2
2025-04-22,1,seasonal_naive_7,82.1,71.2
2025-04-22,1,climatology,94.31144444444443,71.2
2025-04-22,1,gru,72.61117341315988,71.2
2025-04-22,2,naive,81.7,90.8
2025-04-22,2,naive_carry,81.7,90.8
2025-04-22,2,seasonal_naive_7,68.5,90.8
2025-04-22,2,climatology,87.35811111111111,90.8
2025-04-22,2,gru,72.13006794610567,90.8
2025-04-22,3,naive,81.7,86.3
2025-04-22,3,naive_carry,81.7,86.3
2025-04-22,3,seasonal_naive_7,87.4,86.3
2025-04-22,3,climatology,81.19744444444444,86.3
2025-04-22,3,gru,62.977896999082986,86.3
2025-04-23,1,naive,71.2,90.8
2025-04-23,1,naive_carry,71.2,90.8
2025-04-23,1,seasonal_naive_7,68.5,90.8
2025-04-23,1,climatology,87.35811111111111,90.8
2025-04-23,1,gru,67.59586141806685,90.8
2025-04-23,2,naive,71.2,86.3
2025-04-23,2,naive_carry,71.2,86.3
2025-04-23,2,seasonal_naive_7,87.4,86.3
2025-04-23,2,climatology,81.19744444444444,86.3
2025-04-23,2,gru,72.80064495805563,86.3
2025-04-23,3,naive,71.2,117.0
2025-04-23,3,naive_carry,71.2,117.0
2025-04-23,3,seasonal_naive_7,52.5,117.0
2025-04-23,3,climatology,81.26144444444444,117.0
2025-04-23,3,gru,71.16002884547365,117.0
2025-04-24,1,naive,90.8,86.3
2025-04-24,1,naive_carry,90.8,86.3
2025-04-24,1,seasonal_naive_7,87.4,86.3
2025-04-24,1,climatology,81.19744444444444,86.3
2025-04-24,1,gru,83.97813050638553,86.3
2025-04-24,2,naive,90.8,117.0
2025-04-24,2,naive_carry,90.8,117.0
2025-04-24,2,seasonal_naive_7,52.5,117.0
2025-04-24,2,climatology,81.26144444444444,117.0
2025-04-24,2,gru,80.57606085726147,117.0
2025-04-24,3,naive,90.8,92.0
2025-04-24,3,naive_carry,90.8,92.0
2025-04-24,3,seasonal_naive_7,53.0,92.0
2025-04-24,3,climatology,80.52833333333334,92.0
2025-04-24,3,gru,79.77364716452827,92.0
2025-04-25,1,naive,86.3,117.0
2025-04-25,1,naive_carry,86.3,117.0
2025-04-25,1,seasonal_naive_7,52.5,117.0
2025-04-25,1,climatology,81.26144444444444,117.0
2025-04-25,1,gru,83.36750632179856,117.0
2025-04-25,2,naive,86.3,92.0
2025-04-25,2,naive_carry,86.3,92.0
2025-04-25,2,seasonal_naive_7,53.0,92.0
2025-04-25,2,climatology,80.52833333333334,92.0
2025-04-25,2,gru,82.32962773610957,92.0
2025-04-25,3,naive,86.3,153.0
2025-04-25,3,naive_carry,86.3,153.0
2025-04-25,3,seasonal_naive_7,69.3,153.0
2025-04-25,3,climatology,80.38166666666666,153.0
2025-04-25,3,gru,77.05501509242387,153.0
2025-04-26,1,naive,117.0,92.0
2025-04-26,1,naive_carry,117.0,92.0
2025-04-26,1,seasonal_naive_7,53.0,92.0
2025-04-26,1,climatology,80.52833333333334,92.0
2025-04-26,1,gru,96.36061074842434,92.0
2025-04-26,2,naive,117.0,153.0
2025-04-26,2,naive_carry,117.0,153.0
2025-04-26,2,seasonal_naive_7,69.3,153.0
2025-04-26,2,climatology,80.38166666666666,153.0
2025-04-26,2,gru,87.58955689930237,153.0
2025-04-26,3,naive,117.0,86.3
2025-04-26,3,naive_carry,117.0,86.3
2025-04-26,3,seasonal_naive_7,81.7,86.3
2025-04-26,3,climatology,80.98833333333333,86.3
2025-04-26,3,gru,80.64208203126958,86.3
2025-04-27,1,naive,92.0,153.0
2025-04-27,1,naive_carry,92.0,153.0
2025-04-27,1,seasonal_naive_7,69.3,153.0
2025-04-27,1,climatology,80.38166666666666,153.0
2025-04-27,1,gru,84.67915972868062,153.0
2025-04-27,2,naive,92.0,86.3
2025-04-27,2,naive_carry,92.0,86.3
2025-04-27,2,seasonal_naive_7,81.7,86.3
2025-04-27,2,climatology,80.98833333333333,86.3
2025-04-27,2,gru,85.38556660002597,86.3
2025-04-27,3,naive,92.0,86.2
2025-04-27,3,naive_carry,92.0,86.2
2025-04-27,3,seasonal_naive_7,71.2,86.2
2025-04-27,3,climatology,82.13122222222222,86.2
2025-04-27,3,gru,80.7999539865179,86.2
2025-04-28,1,naive,153.0,86.3
2025-04-28,1,naive_carry,153.0,86.3
2025-04-28,1,seasonal_naive_7,81.7,86.3
2025-04-28,1,climatology,80.98833333333333,86.3
2025-04-28,1,gru,108.28241023828438,86.3
2025-04-28,2,naive,153.0,86.2
2025-04-28,2,naive_carry,153.0,86.2
2025-04-28,2,seasonal_naive_7,71.2,86.2
2025-04-28,2,climatology,82.13122222222222,86.2
2025-04-28,2,gru,93.89030822474005,86.2
2025-04-28,3,naive,153.0,78.1
2025-04-28,3,naive_carry,153.0,78.1
2025-04-28,3,seasonal_naive_7,90.8,78.1
2025-04-28,3,climatology,83.71477777777777,78.1
2025-04-28,3,gru,88.20927389720445,78.1
2025-04-29,1,naive,86.3,86.2
2025-04-29,1,naive_carry,86.3,86.2
2025-04-29,1,seasonal_naive_7,71.2,86.2
2025-04-29,1,climatology,82.13122222222222,86.2
2025-04-29,1,gru,67.84120577522154,86.2
2025-04-29,2,naive,86.3,78.1
2025-04-29,2,naive_carry,86.3,78.1
2025-04-29,2,seasonal_naive_7,90.8,78.1
2025-04-29,2,climatology,83.71477777777777,78.1
2025-04-29,2,gru,84.02102178707105,78.1
2025-04-29,3,naive,86.3,40.0
2025-04-29,3,naive_carry,86.3,40.0
2025-04-29,3,seasonal_naive_7,86.3,40.0
2025-04-29,3,climatology,79.34866666666667,40.0
2025-04-29,3,gru,88.57282530881544,40.0
2025-04-30,1,naive,86.2,78.1
2025-04-30,1,naive_carry,86.2,78.1
2025-04-30,1,seasonal_naive_7,90.8,78.1
2025-04-30,1,climatology,83.71477777777777,78.1
2025-04-30,1,gru,78.23356983331666,78.1
2025-04-30,2,naive,86.2,40.0
2025-04-30,2,naive_carry,86.2,40.0
2025-04-30,2,seasonal_naive_7,86.3,40.0
2025-04-30,2,climatology,79.34866666666667,40.0
2025-04-30,2,gru,85.43503973107863,40.0
2025-04-30,3,naive,86.2,68.7
2025-04-30,3,naive_carry,86.2,68.7
2025-04-30,3,seasonal_naive_7,117.0,68.7
2025-04-30,3,climatology,78.69200000000001,68.7
2025-04-30,3,gru,89.25253605442707,68.7
2025-05-01,1,naive,78.1,40.0
2025-05-01,1,naive_carry,78.1,40.0
2025-05-01,1,seasonal_naive_7,86.3,40.0
2025-05-01,1,climatology,79.34866666666667,40.0
2025-05-01,1,gru,73.47684176866815,40.0
2025-05-01,2,naive,78.1,68.7
2025-05-01,2,naive_carry,78.1,68.7
2025-05-01,2,seasonal_naive_7,117.0,68.7
2025-05-01,2,climatology,78.69200000000001,68.7
2025-05-01,2,gru,79.10061013755437,68.7
2025-05-01,3,naive,78.1,81.8
2025-05-01,3,naive_carry,78.1,81.8
2025-05-01,3,seasonal_naive_7,92.0,81.8
2025-05-01,3,climatology,80.53366666666668,81.8
2025-05-01,3,gru,80.01216273666753,81.8
2025-05-02,1,naive,40.0,68.7
2025-05-02,1,naive_carry,40.0,68.7
2025-05-02,1,seasonal_naive_7,117.0,68.7
2025-05-02,1,climatology,78.69200000000001,68.7
2025-05-02,1,gru,52.07542706994404,68.7
2025-05-02,2,naive,40.0,81.8
2025-05-02,2,naive_carry,40.0,81.8
2025-05-02,2,seasonal_naive_7,92.0,81.8
2025-05-02,2,climatology,80.53366666666668,81.8
2025-05-02,2,gru,78.54509169224316,81.8
2025-05-02,3,naive,40.0,37.2
2025-05-02,3,naive_carry,40.0,37.2
2025-05-02,3,seasonal_naive_7,153.0,37.2
2025-05-02,3,climatology,85.50533333333334,37.2
2025-05-02,3,gru,75.90189798075487,37.2
2025-05-03,1,naive,68.7,81.8
2025-05-03,1,naive_carry,68.7,81.8
2025-05-03,1,seasonal_naive_7,92.0,81.8
2025-05-03,1,climatology,80.53366666666668,81.8
2025-05-03,1,gru,81.8620360621571,81.8
2025-05-03,2,naive,68.7,37.2
2025-05-03,2,naive_carry,68.7,37.2
2025-05-03,2,seasonal_naive_7,153.0,37.2
2025-05-03,2,climatology,85.50533333333334,37.2
2025-05-03,2,gru,81.89351885023483,37.2
2025-05-03,3,naive,68.7,50.2
2025-05-03,3,naive_carry,68.7,50.2
2025-05-03,3,seasonal_naive_7,86.3,50.2
2025-05-03,3,climatology,83.67533333333334,50.2
2025-05-03,3,gru,82.4967241509382,50.2
2025-05-04,1,naive,81.8,37.2
2025-05-04,1,naive_carry,81.8,37.2
2025-05-04,1,seasonal_naive_7,153.0,37.2
2025-05-04,1,climatology,85.50533333333334,37.2
2025-05-04,1,gru,79.38726556667393,37.2
2025-05-04,2,naive,81.8,50.2
2025-05-04,2,naive_carry,81.8,50.2
2025-05-04,2,seasonal_naive_7,86.3,50.2
2025-05-04,2,climatology,83.67533333333334,50.2
2025-05-04,2,gru,80.81366332746522,50.2
2025-05-04,3,naive,81.8,52.0
2025-05-04,3,naive_carry,81.8,52.0
2025-05-04,3,seasonal_naive_7,86.2,52.0
2025-05-04,3,climatology,82.9997777777778,52.0
2025-05-04,3,gru,70.77715995671672,52.0
2025-05-05,1,naive,37.2,50.2
2025-05-05,1,naive_carry,37.2,50.2
2025-05-05,1,seasonal_naive_7,86.3,50.2
2025-05-05,1,climatology,83.67533333333334,50.2
2025-05-05,1,gru,48.430916476506056,50.2
2025-05-05,2,naive,37.2,52.0
2025-05-05,2,naive_carry,37.2,52.0
2025-05-05,2,seasonal_naive_7,86.2,52.0
2025-05-05,2,climatology,82.9997777777778,52.0
2025-05-05,2,gru,60.581412619520435,52.0
2025-05-05,3,naive,37.2,70.7
2025-05-05,3,naive_carry,37.2,70.7
2025-05-05,3,seasonal_naive_7,78.1,70.7
2025-05-05,3,climatology,81.28022222222222,70.7
2025-05-05,3,gru,60.96581025802729,70.7
2025-05-06,1,naive,50.2,52.0
2025-05-06,1,naive_carry,50.2,52.0
2025-05-06,1,seasonal_naive_7,86.2,52.0
2025-05-06,1,climatology,82.9997777777778,52.0
2025-05-06,1,gru,64.05672546386742,52.0
2025-05-06,2,naive,50.2,70.7
2025-05-06,2,naive_carry,50.2,70.7
2025-05-06,2,seasonal_naive_7,78.1,70.7
2025-05-06,2,climatology,81.28022222222222,70.7
2025-05-06,2,gru,60.96569307200504,70.7
2025-05-06,3,naive,50.2,72.3
2025-05-06,3,naive_carry,50.2,72.3
2025-05-06,3,seasonal_naive_7,40.0,72.3
2025-05-06,3,climatology,81.77577777777779,72.3
2025-05-06,3,gru,68.33791127324808,72.3
2025-05-07,1,naive,52.0,70.7
2025-05-07,1,naive_carry,52.0,70.7
2025-05-07,1,seasonal_naive_7,78.1,70.7
2025-05-07,1,climatology,81.28022222222222,70.7
2025-05-07,1,gru,58.99853493939466,70.7
2025-05-07,2,naive,52.0,72.3
2025-05-07,2,naive_carry,52.0,72.3
2025-05-07,2,seasonal_naive_7,40.0,72.3
2025-05-07,2,climatology,81.77577777777779,72.3
2025-05-07,2,gru,60.460466579012525,72.3
2025-05-08,1,naive,70.7,72.3
2025-05-08,1,naive_carry,70.7,72.3
2025-05-08,1,seasonal_naive_7,40.0,72.3
2025-05-08,1,climatology,81.77577777777779,72.3
2025-05-08,1,gru,72.874267119756,72.3
2025-05-08,3,naive,70.7,40.9
2025-05-08,3,naive_carry,70.7,40.9
2025-05-08,3,seasonal_naive_7,81.8,40.9
2025-05-08,3,climatology,80.55644444444445,40.9
2025-05-08,3,gru,64.56081111522104,40.9
2025-05-09,2,naive,72.3,40.9
2025-05-09,2,naive_carry,72.3,40.9
2025-05-09,2,seasonal_naive_7,81.8,40.9
2025-05-09,2,climatology,80.55644444444445,40.9
2025-05-09,2,gru,66.82498237218962,40.9
2025-05-09,3,naive,72.3,43.9
2025-05-09,3,naive_carry,72.3,43.9
2025-05-09,3,seasonal_naive_7,37.2,43.9
2025-05-09,3,climatology,81.50422222222223,43.9
2025-05-09,3,gru,64.54133772315,43.9
2025-05-11,1,naive,40.9,43.9
2025-05-11,1,naive_carry,40.9,43.9
2025-05-11,1,seasonal_naive_7,37.2,43.9
2025-05-11,1,climatology,81.50422222222223,43.9
2025-05-11,1,gru,53.4283020341231,43.9
2025-05-11,2,naive,40.9,27.5
2025-05-11,2,naive_carry,40.9,27.5
2025-05-11,2,seasonal_naive_7,50.2,27.5
2025-05-11,2,climatology,81.40422222222223,27.5
2025-05-11,2,gru,61.32440374123643,27.5
2025-05-11,3,naive,40.9,66.0
2025-05-11,3,naive_carry,40.9,66.0
2025-05-11,3,seasonal_naive_7,52.0,66.0
2025-05-11,3,climatology,81.28922222222222,66.0
2025-05-11,3,gru,58.306565182613525,66.0
2025-05-12,1,naive,43.9,27.5
2025-05-12,1,naive_carry,43.9,27.5
2025-05-12,1,seasonal_naive_7,50.2,27.5
2025-05-12,1,climatology,81.40422222222223,27.5
2025-05-12,1,gru,56.279364614444134,27.5
2025-05-12,2,naive,43.9,66.0
2025-05-12,2,naive_carry,43.9,66.0
2025-05-12,2,seasonal_naive_7,52.0,66.0
2025-05-12,2,climatology,81.28922222222222,66.0
2025-05-12,2,gru,54.71348195770853,66.0
2025-05-12,3,naive,43.9,211.0
2025-05-12,3,naive_carry,43.9,211.0
2025-05-12,3,seasonal_naive_7,70.7,211.0
2025-05-12,3,climatology,92.75033333333334,211.0
2025-05-12,3,gru,57.02526412356671,211.0
2025-05-13,1,naive,27.5,66.0
2025-05-13,1,naive_carry,27.5,66.0
2025-05-13,1,seasonal_naive_7,52.0,66.0
2025-05-13,1,climatology,81.28922222222222,66.0
2025-05-13,1,gru,38.23930731569513,66.0
2025-05-13,2,naive,27.5,211.0
2025-05-13,2,naive_carry,27.5,211.0
2025-05-13,2,seasonal_naive_7,70.7,211.0
2025-05-13,2,climatology,92.75033333333334,211.0
2025-05-13,2,gru,43.71672147843356,211.0
2025-05-13,3,naive,27.5,80.9
2025-05-13,3,naive_carry,27.5,80.9
2025-05-13,3,seasonal_naive_7,72.3,80.9
2025-05-13,3,climatology,98.92011111111113,80.9
2025-05-13,3,gru,45.303899655098974,80.9
2025-05-14,1,naive,66.0,211.0
2025-05-14,1,naive_carry,66.0,211.0
2025-05-14,1,seasonal_naive_7,70.7,211.0
2025-05-14,1,climatology,92.75033333333334,211.0
2025-05-14,1,gru,62.92274193104846,211.0
2025-05-14,2,naive,66.0,80.9
2025-05-14,2,naive_carry,66.0,80.9
2025-05-14,2,seasonal_naive_7,72.3,80.9
2025-05-14,2,climatology,98.92011111111113,80.9
2025-05-14,2,gru,54.00531619385117,80.9
2025-05-15,1,naive,211.0,80.9
2025-05-15,1,naive_carry,211.0,80.9
2025-05-15,1,seasonal_naive_7,72.3,80.9
2025-05-15,1,climatology,98.92011111111113,80.9
2025-05-15,1,gru,113.81790231480619,80.9
2025-05-15,3,naive,211.0,57.2
2025-05-15,3,naive_carry,211.0,57.2
2025-05-15,3,seasonal_naive_7,40.9,57.2
2025-05-15,3,climatology,103.52055555555556,57.2
2025-05-15,3,gru,68.22226944381163,57.2
2025-05-16,2,naive,80.9,57.2
2025-05-16,2,naive_carry,80.9,57.2
2025-05-16,2,seasonal_naive_7,40.9,57.2
2025-05-16,2,climatology,103.52055555555556,57.2
2025-05-16,2,gru,73.01916918447648,57.2
2025-05-16,3,naive,80.9,74.0
2025-05-16,3,naive_carry,80.9,74.0
2025-05-16,3,seasonal_naive_7,43.9,74.0
2025-05-16,3,climatology,101.2338888888889,74.0
2025-05-16,3,gru,70.10211868008669,74.0
2025-05-17,1,naive,36.3,57.2
2025-05-17,1,naive_carry,36.3,57.2
2025-05-17,1,seasonal_naive_7,40.9,57.2
2025-05-17,1,climatology,103.52055555555556,57.2
2025-05-17,1,gru,49.96631124260365,57.2
2025-05-17,2,naive,36.3,74.0
2025-05-17,2,naive_carry,36.3,74.0
2025-05-17,2,seasonal_naive_7,43.9,74.0
2025-05-17,2,climatology,101.2338888888889,74.0
2025-05-17,2,gru,63.393453675267885,74.0
2025-05-17,3,naive,36.3,70.8
2025-05-17,3,naive_carry,36.3,70.8
2025-05-17,3,seasonal_naive_7,27.5,70.8
2025-05-17,3,climatology,95.61388888888888,70.8
2025-05-17,3,gru,61.199755683658644,70.8
2025-05-18,1,naive,57.2,74.0
2025-05-18,1,naive_carry,57.2,74.0
2025-05-18,1,seasonal_naive_7,43.9,74.0
2025-05-18,1,climatology,101.2338888888889,74.0
2025-05-18,1,gru,59.54145107976331,74.0
2025-05-18,2,naive,57.2,70.8
2025-05-18,2,naive_carry,57.2,70.8
2025-05-18,2,seasonal_naive_7,27.5,70.8
2025-05-18,2,climatology,95.61388888888888,70.8
2025-05-18,2,gru,57.67538461506992,70.8
2025-05-18,3,naive,57.2,59.5
2025-05-18,3,naive_carry,57.2,59.5
2025-05-18,3,seasonal_naive_7,66.0,59.5
2025-05-18,3,climatology,94.10444444444444,59.5
2025-05-18,3,gru,60.249892266998756,59.5
2025-05-19,1,naive,74.0,70.8
2025-05-19,1,naive_carry,74.0,70.8
2025-05-19,1,seasonal_naive_7,27.5,70.8
2025-05-19,1,climatology,95.61388888888888,70.8
2025-05-19,1,gru,68.03033344632621,70.8
2025-05-19,2,naive,74.0,59.5
2025-05-19,2,naive_carry,74.0,59.5
2025-05-19,2,seasonal_naive_7,66.0,59.5
2025-05-19,2,climatology,94.10444444444444,59.5
2025-05-19,2,gru,69.10084906608722,59.5
2025-05-19,3,naive,74.0,25.5
2025-05-19,3,naive_carry,74.0,25.5
2025-05-19,3,seasonal_naive_7,211.0,25.5
2025-05-19,3,climatology,92.32844444444444,25.5
2025-05-19,3,gru,60.27801884170662,25.5
2025-05-20,1,naive,70.8,59.5
2025-05-20,1,naive_carry,70.8,59.5
2025-05-20,1,seasonal_naive_7,66.0,59.5
2025-05-20,1,climatology,94.10444444444444,59.5
2025-05-20,1,gru,61.78123535356479,59.5
2025-05-20,2,naive,70.8,25.5
2025-05-20,2,naive_carry,70.8,25.5
2025-05-20,2,seasonal_naive_7,211.0,25.5
2025-05-20,2,climatology,92.32844444444444,25.5
2025-05-20,2,gru,63.42992335941052,25.5
2025-05-20,3,naive,70.8,41.4
2025-05-20,3,naive_carry,70.8,41.4
2025-05-20,3,seasonal_naive_7,80.9,41.4
2025-05-20,3,climatology,94.49233333333332,41.4
2025-05-20,3,gru,57.04677565179898,41.4
2025-05-21,1,naive,59.5,25.5
2025-05-21,1,naive_carry,59.5,25.5
2025-05-21,1,seasonal_naive_7,211.0,25.5
2025-05-21,1,climatology,92.32844444444444,25.5
2025-05-21,1,gru,59.55208594421065,25.5
2025-05-21,2,naive,59.5,41.4
2025-05-21,2,naive_carry,59.5,41.4
2025-05-21,2,seasonal_naive_7,80.9,41.4
2025-05-21,2,climatology,94.49233333333332,41.4
2025-05-21,2,gru,60.90327328011673,41.4
2025-05-21,3,naive,59.5,53.1
2025-05-21,3,naive_carry,59.5,53.1
2025-05-21,3,seasonal_naive_7,36.3,53.1
2025-05-21,3,climatology,93.5012222222222,53.1
2025-05-21,3,gru,55.962776044667095,53.1
2025-05-22,1,naive,25.5,41.4
2025-05-22,1,naive_carry,25.5,41.4
2025-05-22,1,seasonal_naive_7,80.9,41.4
2025-05-22,1,climatology,94.49233333333332,41.4
2025-05-22,1,gru,30.845441929285595,41.4
2025-05-22,2,naive,25.5,53.1
2025-05-22,2,naive_carry,25.5,53.1
2025-05-22,2,seasonal_naive_7,36.3,53.1
2025-05-22,2,climatology,93.5012222222222,53.1
2025-05-22,2,gru,44.50488863839298,53.1
2025-05-22,3,naive,25.5,24.1
2025-05-22,3,naive_carry,25.5,24.1
2025-05-22,3,seasonal_naive_7,57.2,24.1
2025-05-22,3,climatology,92.73566666666667,24.1
2025-05-22,3,gru,42.264634047030576,24.1
2025-05-23,1,naive,41.4,53.1
2025-05-23,1,naive_carry,41.4,53.1
2025-05-23,1,seasonal_naive_7,36.3,53.1
2025-05-23,1,climatology,93.5012222222222,53.1
2025-05-23,1,gru,50.469203969772295,53.1
2025-05-23,2,naive,41.4,24.1
2025-05-23,2,naive_carry,41.4,24.1
2025-05-23,2,seasonal_naive_7,57.2,24.1
2025-05-23,2,climatology,92.73566666666667,24.1
2025-05-23,2,gru,48.69368017925915,24.1
2025-05-23,3,naive,41.4,46.7
2025-05-23,3,naive_carry,41.4,46.7
2025-05-23,3,seasonal_naive_7,74.0,46.7
2025-05-23,3,climatology,92.949,46.7
2025-05-23,3,gru,52.170633118604265,46.7
2025-05-24,1,naive,53.1,24.1
2025-05-24,1,naive_carry,53.1,24.1
2025-05-24,1,seasonal_naive_7,57.2,24.1
2025-05-24,1,climatology,92.73566666666667,24.1
2025-05-24,1,gru,50.21345894777157,24.1
2025-05-24,2,naive,53.1,46.7
2025-05-24,2,naive_carry,53.1,46.7
2025-05-24,2,seasonal_naive_7,74.0,46.7
2025-05-24,2,climatology,92.949,46.7
2025-05-24,2,gru,53.76716721676622,46.7
2025-05-24,3,naive,53.1,44.0
2025-05-24,3,naive_carry,53.1,44.0
2025-05-24,3,seasonal_naive_7,70.8,44.0
2025-05-24,3,climatology,91.62733333333334,44.0
2025-05-24,3,gru,54.57505080049902,44.0
2025-05-25,1,naive,24.1,46.7
2025-05-25,1,naive_carry,24.1,46.7
2025-05-25,1,seasonal_naive_7,74.0,46.7
2025-05-25,1,climatology,92.949,46.7
2025-05-25,1,gru,34.424785350682804,46.7
2025-05-25,2,naive,24.1,44.0
2025-05-25,2,naive_carry,24.1,44.0
2025-05-25,2,seasonal_naive_7,70.8,44.0
2025-05-25,2,climatology,91.62733333333334,44.0
2025-05-25,2,gru,47.81401101468348,44.0
2025-05-25,3,naive,24.1,53.1
2025-05-25,3,naive_carry,24.1,53.1
2025-05-25,3,seasonal_naive_7,59.5,53.1
2025-05-25,3,climatology,90.81,53.1
2025-05-25,3,gru,44.60082713834361,53.1
2025-05-26,1,naive,46.7,44.0
2025-05-26,1,naive_carry,46.7,44.0
2025-05-26,1,seasonal_naive_7,70.8,44.0
2025-05-26,1,climatology,91.62733333333334,44.0
2025-05-26,1,gru,51.57858197034033,44.0
2025-05-26,2,naive,46.7,53.1
2025-05-26,2,naive_carry,46.7,53.1
2025-05-26,2,seasonal_naive_7,59.5,53.1
2025-05-26,2,climatology,90.81,53.1
2025-05-26,2,gru,52.03764902295927,53.1
2025-05-26,3,naive,46.7,51.1
2025-05-26,3,naive_carry,46.7,51.1
2025-05-26,3,seasonal_naive_7,25.5,51.1
2025-05-26,3,climatology,88.23055555555555,51.1
2025-05-26,3,gru,55.32169696969618,51.1
2025-05-27,1,naive,44.0,53.1
2025-05-27,1,naive_carry,44.0,53.1
2025-05-27,1,seasonal_naive_7,59.5,53.1
2025-05-27,1,climatology,90.81,53.1
2025-05-27,1,gru,49.754218098508225,53.1
2025-05-27,2,naive,44.0,51.1
2025-05-27,2,naive_carry,44.0,51.1
2025-05-27,2,seasonal_naive_7,25.5,51.1
2025-05-27,2,climatology,88.23055555555555,51.1
2025-05-27,2,gru,56.78094731283324,51.1
2025-05-27,3,naive,44.0,58.5
2025-05-27,3,naive_carry,44.0,58.5
2025-05-27,3,seasonal_naive_7,41.4,58.5
2025-05-27,3,climatology,77.35322222222223,58.5
2025-05-27,3,gru,51.25558472934222,58.5
2025-05-28,1,naive,53.1,51.1
2025-05-28,1,naive_carry,53.1,51.1
2025-05-28,1,seasonal_naive_7,25.5,51.1
2025-05-28,1,climatology,88.23055555555555,51.1
2025-05-28,1,gru,52.53255652155812,51.1
2025-05-28,2,naive,53.1,58.5
2025-05-28,2,naive_carry,53.1,58.5
2025-05-28,2,seasonal_naive_7,41.4,58.5
2025-05-28,2,climatology,77.35322222222223,58.5
2025-05-28,2,gru,52.01182371477746,58.5
2025-05-28,3,naive,53.1,63.4
2025-05-28,3,naive_carry,53.1,63.4
2025-05-28,3,seasonal_naive_7,53.1,63.4
2025-05-28,3,climatology,67.28044444444444,63.4
2025-05-28,3,gru,47.175606721672295,63.4
2025-05-29,1,naive,51.1,58.5
2025-05-29,1,naive_carry,51.1,58.5
2025-05-29,1,seasonal_naive_7,41.4,58.5
2025-05-29,1,climatology,77.35322222222223,58.5
2025-05-29,1,gru,48.09474723578822,58.5
2025-05-29,2,naive,51.1,63.4
2025-05-29,2,naive_carry,51.1,63.4
2025-05-29,2,seasonal_naive_7,53.1,63.4
2025-05-29,2,climatology,67.28044444444444,63.4
2025-05-29,2,gru,50.72515897323178,63.4
2025-05-29,3,naive,51.1,46.1
2025-05-29,3,naive_carry,51.1,46.1
2025-05-29,3,seasonal_naive_7,24.1,46.1
2025-05-29,3,climatology,64.44877777777778,46.1
2025-05-29,3,gru,44.620936081213735,46.1
2025-05-30,1,naive,58.5,63.4
2025-05-30,1,naive_carry,58.5,63.4
2025-05-30,1,seasonal_naive_7,53.1,63.4
2025-05-30,1,climatology,67.28044444444444,63.4
2025-05-30,1,gru,52.661754218033906,63.4
2025-05-30,2,naive,58.5,46.1
2025-05-30,2,naive_carry,58.5,46.1
2025-05-30,2,seasonal_naive_7,24.1,46.1
2025-05-30,2,climatology,64.44877777777778,46.1
2025-05-30,2,gru,54.5580811332246,46.1
2025-05-30,3,naive,58.5,40.6
2025-05-30,3,naive_carry,58.5,40.6
2025-05-30,3,seasonal_naive_7,46.7,40.6
2025-05-30,3,climatology,60.02744444444444,40.6
2025-05-30,3,gru,48.7287888604634,40.6
2025-05-31,1,naive,63.4,46.1
2025-05-31,1,naive_carry,63.4,46.1
2025-05-31,1,seasonal_naive_7,24.1,46.1
2025-05-31,1,climatology,64.44877777777778,46.1
2025-05-31,1,gru,59.48537150565317,46.1
2025-05-31,2,naive,63.4,40.6
2025-05-31,2,naive_carry,63.4,40.6
2025-05-31,2,seasonal_naive_7,46.7,40.6
2025-05-31,2,climatology,60.02744444444444,40.6
2025-05-31,2,gru,56.78409444080453,40.6
2025-05-31,3,naive,63.4,38.2
2025-05-31,3,naive_carry,63.4,38.2
2025-05-31,3,seasonal_naive_7,44.0,38.2
2025-05-31,3,climatology,59.17277777777778,38.2
2025-05-31,3,gru,50.19509318485027,38.2
2025-06-01,1,naive,46.1,40.6
2025-06-01,1,naive_carry,46.1,40.6
2025-06-01,1,seasonal_naive_7,46.7,40.6
2025-06-01,1,climatology,60.02744444444444,40.6
2025-06-01,1,gru,39.96877916161731,40.6
2025-06-01,2,naive,46.1,38.2
2025-06-01,2,naive_carry,46.1,38.2
2025-06-01,2,seasonal_naive_7,44.0,38.2
2025-06-01,2,climatology,59.17277777777778,38.2
2025-06-01,2,gru,49.76158387416442,38.2
2025-06-01,3,naive,46.1,48.5
2025-06-01,3,naive_carry,46.1,48.5
2025-06-01,3,seasonal_naive_7,53.1,48.5
2025-06-01,3,climatology,59.47611111111111,48.5
2025-06-01,3,gru,48.16718942326447,48.5
2025-06-02,1,naive,40.6,38.2
2025-06-02,1,naive_carry,40.6,38.2
2025-06-02,1,seasonal_naive_7,44.0,38.2
2025-06-02,1,climatology,59.17277777777778,38.2
2025-06-02,1,gru,48.46383657858001,38.2
2025-06-02,2,naive,40.6,48.5
2025-06-02,2,naive_carry,40.6,48.5
2025-06-02,2,seasonal_naive_7,53.1,48.5
2025-06-02,2,climatology,59.47611111111111,48.5
2025-06-02,2,gru,50.91450930154043,48.5
2025-06-02,3,naive,40.6,42.1
2025-06-02,3,naive_carry,40.6,42.1
2025-06-02,3,seasonal_naive_7,51.1,42.1
2025-06-02,3,climatology,61.20611111111111,42.1
2025-06-02,3,gru,48.551699914559784,42.1
2025-06-03,1,naive,38.2,48.5
2025-06-03,1,naive_carry,38.2,48.5
2025-06-03,1,seasonal_naive_7,53.1,48.5
2025-06-03,1,climatology,59.47611111111111,48.5
2025-06-03,1,gru,43.102754153134995,48.5
2025-06-03,2,naive,38.2,42.1
2025-06-03,2,naive_carry,38.2,42.1
2025-06-03,2,seasonal_naive_7,51.1,42.1
2025-06-03,2,climatology,61.20611111111111,42.1
2025-06-03,2,gru,49.29865429452458,42.1
2025-06-03,3,naive,38.2,41.2
2025-06-03,3,naive_carry,38.2,41.2
2025-06-03,3,seasonal_naive_7,58.5,41.2
2025-06-03,3,climatology,63.544777777777774,41.2
2025-06-03,3,gru,48.27541891558359,41.2
2025-06-04,1,naive,48.5,42.1
2025-06-04,1,naive_carry,48.5,42.1
2025-06-04,1,seasonal_naive_7,51.1,42.1
2025-06-04,1,climatology,61.20611111111111,42.1
2025-06-04,1,gru,45.19923348079068,42.1
2025-06-04,2,naive,48.5,41.2
2025-06-04,2,naive_carry,48.5,41.2
2025-06-04,2,seasonal_naive_7,58.5,41.2
2025-06-04,2,climatology,63.544777777777774,41.2
2025-06-04,2,gru,51.73891382300855,41.2
2025-06-04,3,naive,48.5,60.2
2025-06-04,3,naive_carry,48.5,60.2
2025-06-04,3,seasonal_naive_7,63.4,60.2
2025-06-04,3,climatology,63.02977777777778,60.2
2025-06-04,3,gru,51.62740850428289,60.2
2025-06-05,1,naive,42.1,41.2
2025-06-05,1,naive_carry,42.1,41.2
2025-06-05,1,seasonal_naive_7,58.5,41.2
2025-06-05,1,climatology,63.544777777777774,41.2
2025-06-05,1,gru,46.949137256762114,41.2
2025-06-05,2,naive,42.1,60.2
2025-06-05,2,naive_carry,42.1,60.2
2025-06-05,2,seasonal_naive_7,63.4,60.2
2025-06-05,2,climatology,63.02977777777778,60.2
2025-06-05,2,gru,51.30739564111263,60.2
2025-06-05,3,naive,42.1,60.2
2025-06-05,3,naive_carry,42.1,60.2
2025-06-05,3,seasonal_naive_7,46.1,60.2
2025-06-05,3,climatology,63.94000000000001,60.2
2025-06-05,3,gru,48.44582164335324,60.2
2025-06-06,1,naive,41.2,60.2
2025-06-06,1,naive_carry,41.2,60.2
2025-06-06,1,seasonal_naive_7,63.4,60.2
2025-06-06,1,climatology,63.02977777777778,60.2
2025-06-06,1,gru,46.59207970635226,60.2
2025-06-06,2,naive,41.2,60.2
2025-06-06,2,naive_carry,41.2,60.2
2025-06-06,2,seasonal_naive_7,46.1,60.2
2025-06-06,2,climatology,63.94000000000001,60.2
2025-06-06,2,gru,46.60505301952023,60.2
2025-06-06,3,naive,41.2,64.5
2025-06-06,3,naive_carry,41.2,64.5
2025-06-06,3,seasonal_naive_7,40.6,64.5
2025-06-06,3,climatology,64.23555555555556,64.5
2025-06-06,3,gru,43.6934383317488,64.5
2025-06-07,1,naive,60.2,60.2
2025-06-07,1,naive_carry,60.2,60.2
2025-06-07,1,seasonal_naive_7,46.1,60.2
2025-06-07,1,climatology,63.94000000000001,60.2
2025-06-07,1,gru,51.23966960545698,60.2
2025-06-07,2,naive,60.2,64.5
2025-06-07,2,naive_carry,60.2,64.5
2025-06-07,2,seasonal_naive_7,40.6,64.5
2025-06-07,2,climatology,64.23555555555556,64.5
2025-06-07,2,gru,49.56276249809443,64.5
2025-06-07,3,naive,60.2,55.1
2025-06-07,3,naive_carry,60.2,55.1
2025-06-07,3,seasonal_naive_7,38.2,55.1
2025-06-07,3,climatology,66.39111111111112,55.1
2025-06-07,3,gru,43.484615678298,55.1
2025-06-08,1,naive,60.2,64.5
2025-06-08,1,naive_carry,60.2,64.5
2025-06-08,1,seasonal_naive_7,40.6,64.5
2025-06-08,1,climatology,64.23555555555556,64.5
2025-06-08,1,gru,51.49704642588004,64.5
2025-06-08,2,naive,60.2,55.1
2025-06-08,2,naive_carry,60.2,55.1
2025-06-08,2,seasonal_naive_7,38.2,55.1
2025-06-08,2,climatology,66.39111111111112,55.1
2025-06-08,2,gru,49.54537582171634,55.1
2025-06-08,3,naive,60.2,70.4
2025-06-08,3,naive_carry,60.2,70.4
2025-06-08,3,seasonal_naive_7,48.5,70.4
2025-06-08,3,climatology,70.79011111111112,70.4
2025-06-08,3,gru,40.702477898281636,70.4
2025-06-09,1,naive,64.5,55.1
2025-06-09,1,naive_carry,64.5,55.1
2025-06-09,1,seasonal_naive_7,38.2,55.1
2025-06-09,1,climatology,66.39111111111112,55.1
2025-06-09,1,gru,48.79983493357615,55.1
2025-06-09,2,naive,64.5,70.4
2025-06-09,2,naive_carry,64.5,70.4
2025-06-09,2,seasonal_naive_7,48.5,70.4
2025-06-09,2,climatology,70.79011111111112,70.4
2025-06-09,2,gru,47.73133622623862,70.4
2025-06-09,3,naive,64.5,69.1
2025-06-09,3,naive_carry,64.5,69.1
2025-06-09,3,seasonal_naive_7,42.1,69.1
2025-06-09,3,climatology,69.8051111111111,69.1
2025-06-09,3,gru,40.40471931096273,69.1
2025-06-10,1,naive,55.1,70.4
2025-06-10,1,naive_carry,55.1,70.4
2025-06-10,1,seasonal_naive_7,48.5,70.4
2025-06-10,1,climatology,70.79011111111112,70.4
2025-06-10,1,gru,48.064596615942534,70.4
2025-06-10,2,naive,55.1,69.1
2025-06-10,2,naive_carry,55.1,69.1
2025-06-10,2,seasonal_naive_7,42.1,69.1
2025-06-10,2,climatology,69.8051111111111,69.1
2025-06-10,2,gru,45.142516213175625,69.1
2025-06-10,3,naive,55.1,54.5
2025-06-10,3,naive_carry,55.1,54.5
2025-06-10,3,seasonal_naive_7,41.2,54.5
2025-06-10,3,climatology,68.79066666666668,54.5
2025-06-10,3,gru,38.45777149710213,54.5
2025-06-11,1,naive,70.4,69.1
2025-06-11,1,naive_carry,70.4,69.1
2025-06-11,1,seasonal_naive_7,42.1,69.1
2025-06-11,1,climatology,69.8051111111111,69.1
2025-06-11,1,gru,56.415132869791385,69.1
2025-06-11,2,naive,70.4,54.5
2025-06-11,2,naive_carry,70.4,54.5
2025-06-11,2,seasonal_naive_7,41.2,54.5
2025-06-11,2,climatology,68.79066666666668,54.5
2025-06-11,2,gru,47.97133751320145,54.5
2025-06-11,3,naive,70.4,59.0
2025-06-11,3,naive_carry,70.4,59.0
2025-06-11,3,seasonal_naive_7,60.2,59.0
2025-06-11,3,climatology,66.39466666666667,59.0
2025-06-11,3,gru,39.449107095475554,59.0
2025-06-12,1,naive,69.1,54.5
2025-06-12,1,naive_carry,69.1,54.5
2025-06-12,1,seasonal_naive_7,41.2,54.5
2025-06-12,1,climatology,68.79066666666668,54.5
2025-06-12,1,gru,52.574544572771124,54.5
2025-06-12,2,naive,69.1,59.0
2025-06-12,2,naive_carry,69.1,59.0
2025-06-12,2,seasonal_naive_7,60.2,59.0
2025-06-12,2,climatology,66.39466666666667,59.0
2025-06-12,2,gru,48.105401366448426,59.0
2025-06-12,3,naive,69.1,38.3
2025-06-12,3,naive_carry,69.1,38.3
2025-06-12,3,seasonal_naive_7,60.2,38.3
2025-06-12,3,climatology,66.599,38.3
2025-06-12,3,gru,39.793167740774315,38.3
2025-06-13,1,naive,54.5,59.0
2025-06-13,1,naive_carry,54.5,59.0
2025-06-13,1,seasonal_naive_7,60.2,59.0
2025-06-13,1,climatology,66.39466666666667,59.0
2025-06-13,1,gru,43.769732612835156,59.0
2025-06-13,2,naive,54.5,38.3
2025-06-13,2,naive_carry,54.5,38.3
2025-06-13,2,seasonal_naive_7,60.2,38.3
2025-06-13,2,climatology,66.599,38.3
2025-06-13,2,gru,44.254125534785025,38.3
2025-06-13,3,naive,54.5,41.0
2025-06-13,3,naive_carry,54.5,41.0
2025-06-13,3,seasonal_naive_7,64.5,41.0
2025-06-13,3,climatology,66.51266666666666,41.0
2025-06-13,3,gru,38.43628071615045,41.0
2025-06-14,1,naive,59.0,38.3
2025-06-14,1,naive_carry,59.0,38.3
2025-06-14,1,seasonal_naive_7,60.2,38.3
2025-06-14,1,climatology,66.599,38.3
2025-06-14,1,gru,51.30066247124265,38.3
2025-06-14,2,naive,59.0,41.0
2025-06-14,2,naive_carry,59.0,41.0
2025-06-14,2,seasonal_naive_7,64.5,41.0
2025-06-14,2,climatology,66.51266666666666,41.0
2025-06-14,2,gru,45.25719865168003,41.0
2025-06-14,3,naive,59.0,32.7
2025-06-14,3,naive_carry,59.0,32.7
2025-06-14,3,seasonal_naive_7,55.1,32.7
2025-06-14,3,climatology,65.83355555555555,32.7
2025-06-14,3,gru,38.15516609269253,32.7
2025-06-15,1,naive,38.3,41.0
2025-06-15,1,naive_carry,38.3,41.0
2025-06-15,1,seasonal_naive_7,64.5,41.0
2025-06-15,1,climatology,66.51266666666666,41.0
2025-06-15,1,gru,38.13284315963623,41.0
2025-06-15,2,naive,38.3,32.7
2025-06-15,2,naive_carry,38.3,32.7
2025-06-15,2,seasonal_naive_7,55.1,32.7
2025-06-15,2,climatology,65.83355555555555,32.7
2025-06-15,2,gru,41.477952720281515,32.7
2025-06-15,3,naive,38.3,39.9
2025-06-15,3,naive_carry,38.3,39.9
2025-06-15,3,seasonal_naive_7,70.4,39.9
2025-06-15,3,climatology,65.58822222222223,39.9
2025-06-15,3,gru,35.422551700346844,39.9
2025-06-16,1,naive,41.0,32.7
2025-06-16,1,naive_carry,41.0,32.7
2025-06-16,1,seasonal_naive_7,55.1,32.7
2025-06-16,1,climatology,65.83355555555555,32.7
2025-06-16,1,gru,39.504584229734604,32.7
2025-06-16,2,naive,41.0,39.9
2025-06-16,2,naive_carry,41.0,39.9
2025-06-16,2,seasonal_naive_7,70.4,39.9
2025-06-16,2,climatology,65.58822222222223,39.9
2025-06-16,2,gru,42.476591585730645,39.9
2025-06-16,3,naive,41.0,32.2
2025-06-16,3,naive_carry,41.0,32.2
2025-06-16,3,seasonal_naive_7,69.1,32.2
2025-06-16,3,climatology,64.62488888888889,32.2
2025-06-16,3,gru,37.33263512056589,32.2
2025-06-17,1,naive,32.7,39.9
2025-06-17,1,naive_carry,32.7,39.9
2025-06-17,1,seasonal_naive_7,70.4,39.9
2025-06-17,1,climatology,65.58822222222223,39.9
2025-06-17,1,gru,38.256677909761954,39.9
2025-06-17,2,naive,32.7,32.2
2025-06-17,2,naive_carry,32.7,32.2
2025-06-17,2,seasonal_naive_7,69.1,32.2
2025-06-17,2,climatology,64.62488888888889,32.2
2025-06-17,2,gru,42.613203755447564,32.2
2025-06-17,3,naive,32.7,26.0
2025-06-17,3,naive_carry,32.7,26.0
2025-06-17,3,seasonal_naive_7,54.5,26.0
2025-06-17,3,climatology,62.68655555555555,26.0
2025-06-17,3,gru,37.48890012484287,26.0
2025-06-18,1,naive,39.9,32.2
2025-06-18,1,naive_carry,39.9,32.2
2025-06-18,1,seasonal_naive_7,69.1,32.2
2025-06-18,1,climatology,64.62488888888889,32.2
2025-06-18,1,gru,37.283819559721316,32.2
2025-06-18,2,naive,39.9,26.0
2025-06-18,2,naive_carry,39.9,26.0
2025-06-18,2,seasonal_naive_7,54.5,26.0
2025-06-18,2,climatology,62.68655555555555,26.0
2025-06-18,2,gru,42.780217281004404,26.0
2025-06-18,3,naive,39.9,29.3
2025-06-18,3,naive_carry,39.9,29.3
2025-06-18,3,seasonal_naive_7,59.0,29.3
2025-06-18,3,climatology,60.037222222222226,29.3
2025-06-18,3,gru,39.77692026484178,29.3
2025-06-19,1,naive,32.2,26.0
2025-06-19,1,naive_carry,32.2,26.0
2025-06-19,1,seasonal_naive_7,54.5,26.0
2025-06-19,1,climatology,62.68655555555555,26.0
2025-06-19,1,gru,33.9581452489505,26.0
2025-06-19,2,naive,32.2,29.3
2025-06-19,2,naive_carry,32.2,29.3
2025-06-19,2,seasonal_naive_7,59.0,29.3
2025-06-19,2,climatology,60.037222222222226,29.3
2025-06-19,2,gru,41.75131488540432,29.3
2025-06-19,3,naive,32.2,33.0
2025-06-19,3,naive_carry,32.2,33.0
2025-06-19,3,seasonal_naive_7,38.3,33.0
2025-06-19,3,climatology,57.40255555555556,33.0
2025-06-19,3,gru,38.884696176966735,33.0
2025-06-20,1,naive,26.0,29.3
2025-06-20,1,naive_carry,26.0,29.3
2025-06-20,1,seasonal_naive_7,59.0,29.3
2025-06-20,1,climatology,60.037222222222226,29.3
2025-06-20,1,gru,31.790584300542342,29.3
2025-06-20,2,naive,26.0,33.0
2025-06-20,2,naive_carry,26.0,33.0
2025-06-20,2,seasonal_naive_7,38.3,33.0
2025-06-20,2,climatology,57.40255555555556,33.0
2025-06-20,2,gru,37.085277498095905,33.0
2025-06-20,3,naive,26.0,39.6
2025-06-20,3,naive_carry,26.0,39.6
2025-06-20,3,seasonal_naive_7,41.0,39.6
2025-06-20,3,climatology,55.43855555555556,39.6
2025-06-20,3,gru,35.22355058177757,39.6
2025-06-21,1,naive,29.3,33.0
2025-06-21,1,naive_carry,29.3,33.0
2025-06-21,1,seasonal_naive_7,38.3,33.0
2025-06-21,1,climatology,57.40255555555556,33.0
2025-06-21,1,gru,34.50900163391711,33.0
2025-06-21,2,naive,29.3,39.6
2025-06-21,2,naive_carry,29.3,39.6
2025-06-21,2,seasonal_naive_7,41.0,39.6
2025-06-21,2,climatology,55.43855555555556,39.6
2025-06-21,2,gru,36.1335077724552,39.6
2025-06-21,3,naive,29.3,42.0
2025-06-21,3,naive_carry,29.3,42.0
2025-06-21,3,seasonal_naive_7,32.7,42.0
2025-06-21,3,climatology,56.58522222222222,42.0
2025-06-21,3,gru,35.06444539626178,42.0
2025-06-22,1,naive,33.0,39.6
2025-06-22,1,naive_carry,33.0,39.6
2025-06-22,1,seasonal_naive_7,41.0,39.6
2025-06-22,1,climatology,55.43855555555556,39.6
2025-06-22,1,gru,31.712666844418653,39.6
2025-06-22,2,naive,33.0,42.0
2025-06-22,2,naive_carry,33.0,42.0
2025-06-22,2,seasonal_naive_7,32.7,42.0
2025-06-22,2,climatology,56.58522222222222,42.0
2025-06-22,2,gru,37.684886131996215,42.0
2025-06-22,3,naive,33.0,54.3
2025-06-22,3,naive_carry,33.0,54.3
2025-06-22,3,seasonal_naive_7,39.9,54.3
2025-06-22,3,climatology,53.02033333333333,54.3
2025-06-22,3,gru,36.220959711490444,54.3
2025-06-23,1,naive,39.6,42.0
2025-06-23,1,naive_carry,39.6,42.0
2025-06-23,1,seasonal_naive_7,32.7,42.0
2025-06-23,1,climatology,56.58522222222222,42.0
2025-06-23,1,gru,40.086369570807584,42.0
2025-06-23,2,naive,39.6,54.3
2025-06-23,2,naive_carry,39.6,54.3
2025-06-23,2,seasonal_naive_7,39.9,54.3
2025-06-23,2,climatology,53.02033333333333,54.3
2025-06-23,2,gru,40.207648281309694,54.3
2025-06-23,3,naive,39.6,29.0
2025-06-23,3,naive_carry,39.6,29.0
2025-06-23,3,seasonal_naive_7,32.2,29.0
2025-06-23,3,climatology,47.455000000000005,29.0
2025-06-23,3,gru,36.67872281706538,29.0
2025-06-24,1,naive,42.0,54.3
2025-06-24,1,naive_carry,42.0,54.3
2025-06-24,1,seasonal_naive_7,39.9,54.3
2025-06-24,1,climatology,53.02033333333333,54.3
2025-06-24,1,gru,37.38879003640667,54.3
2025-06-24,2,naive,42.0,29.0
2025-06-24,2,naive_carry,42.0,29.0
2025-06-24,2,seasonal_naive_7,32.2,29.0
2025-06-24,2,climatology,47.455000000000005,29.0
2025-06-24,2,gru,40.91296180311145,29.0
2025-06-24,3,naive,42.0,21.1
2025-06-24,3,naive_carry,42.0,21.1
2025-06-24,3,seasonal_naive_7,26.0,21.1
2025-06-24,3,climatology,47.876,21.1
2025-06-24,3,gru,36.56743025814356,21.1
2025-06-25,1,naive,54.3,29.0
2025-06-25,1,naive_carry,54.3,29.0
2025-06-25,1,seasonal_naive_7,32.2,29.0
2025-06-25,1,climatology,47.455000000000005,29.0
2025-06-25,1,gru,41.47793002996997,29.0
2025-06-25,2,naive,54.3,21.1
2025-06-25,2,naive_carry,54.3,21.1
2025-06-25,2,seasonal_naive_7,26.0,21.1
2025-06-25,2,climatology,47.876,21.1
2025-06-25,2,gru,43.50106850121287,21.1
2025-06-25,3,naive,54.3,25.8
2025-06-25,3,naive_carry,54.3,25.8
2025-06-25,3,seasonal_naive_7,29.3,25.8
2025-06-25,3,climatology,48.25266666666666,25.8
2025-06-25,3,gru,38.6694140470047,25.8
2025-06-26,1,naive,29.0,21.1
2025-06-26,1,naive_carry,29.0,21.1
2025-06-26,1,seasonal_naive_7,26.0,21.1
2025-06-26,1,climatology,47.876,21.1
2025-06-26,1,gru,32.455865952276916,21.1
2025-06-26,2,naive,29.0,25.8
2025-06-26,2,naive_carry,29.0,25.8
2025-06-26,2,seasonal_naive_7,29.3,25.8
2025-06-26,2,climatology,48.25266666666666,25.8
2025-06-26,2,gru,35.89533109513399,25.8
2025-06-26,3,naive,29.0,35.5
2025-06-26,3,naive_carry,29.0,35.5
2025-06-26,3,seasonal_naive_7,33.0,35.5
2025-06-26,3,climatology,47.14377777777778,35.5
2025-06-26,3,gru,32.683351653047815,35.5
2025-06-27,1,naive,21.1,25.8
2025-06-27,1,naive_carry,21.1,25.8
2025-06-27,1,seasonal_naive_7,29.3,25.8
2025-06-27,1,climatology,48.25266666666666,25.8
2025-06-27,1,gru,28.65877351295812,25.8
2025-06-27,2,naive,21.1,35.5
2025-06-27,2,naive_carry,21.1,35.5
2025-06-27,2,seasonal_naive_7,33.0,35.5
2025-06-27,2,climatology,47.14377777777778,35.5
2025-06-27,2,gru,28.570781332448714,35.5
2025-06-27,3,naive,21.1,28.1
2025-06-27,3,naive_carry,21.1,28.1
2025-06-27,3,seasonal_naive_7,39.6,28.1
2025-06-27,3,climatology,46.577777777777776,28.1
2025-06-27,3,gru,25.982693174791343,28.1
2025-06-28,1,naive,25.8,35.5
2025-06-28,1,naive_carry,25.8,35.5
2025-06-28,1,seasonal_naive_7,33.0,35.5
2025-06-28,1,climatology,47.14377777777778,35.5
2025-06-28,1,gru,28.229198569117663,35.5
2025-06-28,2,naive,25.8,28.1
2025-06-28,2,naive_carry,25.8,28.1
2025-06-28,2,seasonal_naive_7,39.6,28.1
2025-06-28,2,climatology,46.577777777777776,28.1
2025-06-28,2,gru,29.993535323318422,28.1
2025-06-28,3,naive,25.8,26.5
2025-06-28,3,naive_carry,25.8,26.5
2025-06-28,3,seasonal_naive_7,42.0,26.5
2025-06-28,3,climatology,46.00177777777778,26.5
2025-06-28,3,gru,27.44016710157269,26.5
2025-06-29,1,naive,35.5,28.1
2025-06-29,1,naive_carry,35.5,28.1
2025-06-29,1,seasonal_naive_7,39.6,28.1
2025-06-29,1,climatology,46.577777777777776,28.1
2025-06-29,1,gru,29.19106771563669,28.1
2025-06-29,2,naive,35.5,26.5
2025-06-29,2,naive_carry,35.5,26.5
2025-06-29,2,seasonal_naive_7,42.0,26.5
2025-06-29,2,climatology,46.00177777777778,26.5
2025-06-29,2,gru,36.961890225375015,26.5
2025-06-29,3,naive,35.5,25.0
2025-06-29,3,naive_carry,35.5,25.0
2025-06-29,3,seasonal_naive_7,54.3,25.0
2025-06-29,3,climatology,46.10844444444445,25.0
2025-06-29,3,gru,33.3986492944069,25.0
2025-06-30,1,naive,28.1,26.5
2025-06-30,1,naive_carry,28.1,26.5
2025-06-30,1,seasonal_naive_7,42.0,26.5
2025-06-30,1,climatology,46.00177777777778,26.5
2025-06-30,1,gru,34.02491246555795,26.5
2025-06-30,2,naive,28.1,25.0
2025-06-30,2,naive_carry,28.1,25.0
2025-06-30,2,seasonal_naive_7,54.3,25.0
2025-06-30,2,climatology,46.10844444444445,25.0
2025-06-30,2,gru,37.13297957327664,25.0
2025-06-30,3,naive,28.1,27.6
2025-06-30,3,naive_carry,28.1,27.6
2025-06-30,3,seasonal_naive_7,29.0,27.6
2025-06-30,3,climatology,45.199111111111115,27.6
2025-06-30,3,gru,33.56018807084745,27.6
2025-07-01,1,naive,26.5,25.0
2025-07-01,1,naive_carry,26.5,25.0
2025-07-01,1,seasonal_naive_7,54.3,25.0
2025-07-01,1,climatology,46.10844444444445,25.0
2025-07-01,1,gru,32.610424856547745,25.0
2025-07-01,2,naive,26.5,27.6
2025-07-01,2,naive_carry,26.5,27.6
2025-07-01,2,seasonal_naive_7,29.0,27.6
2025-07-01,2,climatology,45.199111111111115,27.6
2025-07-01,2,gru,32.274449818601596,27.6
2025-07-01,3,naive,26.5,25.9
2025-07-01,3,naive_carry,26.5,25.9
2025-07-01,3,seasonal_naive_7,21.1,25.9
2025-07-01,3,climatology,44.864444444444445,25.9
2025-07-01,3,gru,30.60464120228548,25.9
2025-07-02,1,naive,25.0,27.6
2025-07-02,1,naive_carry,25.0,27.6
2025-07-02,1,seasonal_naive_7,29.0,27.6
2025-07-02,1,climatology,45.199111111111115,27.6
2025-07-02,1,gru,25.969398057417592,27.6
2025-07-02,2,naive,25.0,25.9
2025-07-02,2,naive_carry,25.0,25.9
2025-07-02,2,seasonal_naive_7,21.1,25.9
2025-07-02,2,climatology,44.864444444444445,25.9
2025-07-02,2,gru,30.617092737338567,25.9
2025-07-02,3,naive,25.0,30.4
2025-07-02,3,naive_carry,25.0,30.4
2025-07-02,3,seasonal_naive_7,25.8,30.4
2025-07-02,3,climatology,43.45444444444445,30.4
2025-07-02,3,gru,28.75920917753021,30.4
2025-07-03,1,naive,27.6,25.9
2025-07-03,1,naive_carry,27.6,25.9
2025-07-03,1,seasonal_naive_7,21.1,25.9
2025-07-03,1,climatology,44.864444444444445,25.9
2025-07-03,1,gru,26.86250110026784,25.9
2025-07-03,2,naive,27.6,30.4
2025-07-03,2,naive_carry,27.6,30.4
2025-07-03,2,seasonal_naive_7,25.8,30.4
2025-07-03,2,climatology,43.45444444444445,30.4
2025-07-03,2,gru,30.88063364251744,30.4
2025-07-03,3,naive,27.6,30.4
2025-07-03,3,naive_carry,27.6,30.4
2025-07-03,3,seasonal_naive_7,35.5,30.4
2025-07-03,3,climatology,42.57111111111111,30.4
2025-07-03,3,gru,30.238644877049587,30.4
2025-07-04,1,naive,25.9,30.4
2025-07-04,1,naive_carry,25.9,30.4
2025-07-04,1,seasonal_naive_7,25.8,30.4
2025-07-04,1,climatology,43.45444444444445,30.4
2025-07-04,1,gru,31.330722437850845,30.4
2025-07-04,2,naive,25.9,30.4
2025-07-04,2,naive_carry,25.9,30.4
2025-07-04,2,seasonal_naive_7,35.5,30.4
2025-07-04,2,climatology,42.57111111111111,30.4
2025-07-04,2,gru,31.21849649222691,30.4
2025-07-04,3,naive,25.9,15.1
2025-07-04,3,naive_carry,25.9,15.1
2025-07-04,3,seasonal_naive_7,28.1,15.1
2025-07-04,3,climatology,41.880222222222216,15.1
2025-07-04,3,gru,28.953137316804288,15.1
2025-07-05,1,naive,30.4,30.4
2025-07-05,1,naive_carry,30.4,30.4
2025-07-05,1,seasonal_naive_7,35.5,30.4
2025-07-05,1,climatology,42.57111111111111,30.4
2025-07-05,1,gru,31.72780179085823,30.4
2025-07-05,2,naive,30.4,15.1
2025-07-05,2,naive_carry,30.4,15.1
2025-07-05,2,seasonal_naive_7,28.1,15.1
2025-07-05,2,climatology,41.880222222222216,15.1
2025-07-05,2,gru,30.632147554890906,15.1
2025-07-05,3,naive,30.4,28.4
2025-07-05,3,naive_carry,30.4,28.4
2025-07-05,3,seasonal_naive_7,26.5,28.4
2025-07-05,3,climatology,41.37888888888889,28.4
2025-07-05,3,gru,27.523302604073812,28.4
2025-07-06,1,naive,30.4,15.1
2025-07-06,1,naive_carry,30.4,15.1
2025-07-06,1,seasonal_naive_7,28.1,15.1
2025-07-06,1,climatology,41.880222222222216,15.1
2025-07-06,1,gru,27.543359893454145,15.1
2025-07-06,2,naive,30.4,28.4
2025-07-06,2,naive_carry,30.4,28.4
2025-07-06,2,seasonal_naive_7,26.5,28.4
2025-07-06,2,climatology,41.37888888888889,28.4
2025-07-06,2,gru,31.410009911731468,28.4
2025-07-06,3,naive,30.4,12.2
2025-07-06,3,naive_carry,30.4,12.2
2025-07-06,3,seasonal_naive_7,25.0,12.2
2025-07-06,3,climatology,40.31055555555555,12.2
2025-07-06,3,gru,26.943171096579153,12.2
2025-07-07,1,naive,15.1,28.4
2025-07-07,1,naive_carry,15.1,28.4
2025-07-07,1,seasonal_naive_7,26.5,28.4
2025-07-07,1,climatology,41.37888888888889,28.4
2025-07-07,1,gru,20.712708495512484,28.4
2025-07-07,2,naive,15.1,12.2
2025-07-07,2,naive_carry,15.1,12.2
2025-07-07,2,seasonal_naive_7,25.0,12.2
2025-07-07,2,climatology,40.31055555555555,12.2
2025-07-07,2,gru,24.432339835226944,12.2
2025-07-07,3,naive,15.1,13.6
2025-07-07,3,naive_carry,15.1,13.6
2025-07-07,3,seasonal_naive_7,27.6,13.6
2025-07-07,3,climatology,39.65322222222222,13.6
2025-07-07,3,gru,20.96769357400418,13.6
2025-07-08,1,naive,28.4,12.2
2025-07-08,1,naive_carry,28.4,12.2
2025-07-08,1,seasonal_naive_7,25.0,12.2
2025-07-08,1,climatology,40.31055555555555,12.2
2025-07-08,1,gru,27.39276813935662,12.2
2025-07-08,2,naive,28.4,13.6
2025-07-08,2,naive_carry,28.4,13.6
2025-07-08,2,seasonal_naive_7,27.6,13.6
2025-07-08,2,climatology,39.65322222222222,13.6
2025-07-08,2,gru,27.002256178272834,13.6
2025-07-08,3,naive,28.4,29.9
2025-07-08,3,naive_carry,28.4,29.9
2025-07-08,3,seasonal_naive_7,25.9,29.9
2025-07-08,3,climatology,39.27988888888888,29.9
2025-07-08,3,gru,26.433143830268087,29.9
2025-07-09,1,naive,12.2,13.6
2025-07-09,1,naive_carry,12.2,13.6
2025-07-09,1,seasonal_naive_7,27.6,13.6
2025-07-09,1,climatology,39.65322222222222,13.6
2025-07-09,1,gru,17.788822924209356,13.6
2025-07-09,2,naive,12.2,29.9
2025-07-09,2,naive_carry,12.2,29.9
2025-07-09,2,seasonal_naive_7,25.9,29.9
2025-07-09,2,climatology,39.27988888888888,29.9
2025-07-09,2,gru,22.691862339258012,29.9
2025-07-09,3,naive,12.2,30.0
2025-07-09,3,naive_carry,12.2,30.0
2025-07-09,3,seasonal_naive_7,30.4,30.0
2025-07-09,3,climatology,38.979888888888894,30.0
2025-07-09,3,gru,20.439227104314995,30.0
2025-07-10,1,naive,13.6,29.9
2025-07-10,1,naive_carry,13.6,29.9
2025-07-10,1,seasonal_naive_7,25.9,29.9
2025-07-10,1,climatology,39.27988888888888,29.9
2025-07-10,1,gru,19.918080422691286,29.9
2025-07-10,2,naive,13.6,30.0
2025-07-10,2,naive_carry,13.6,30.0
2025-07-10,2,seasonal_naive_7,30.4,30.0
2025-07-10,2,climatology,38.979888888888894,30.0
2025-07-10,2,gru,21.40849230826243,30.0
2025-07-10,3,naive,13.6,27.9
2025-07-10,3,naive_carry,13.6,27.9
2025-07-10,3,seasonal_naive_7,30.4,27.9
2025-07-10,3,climatology,37.776555555555554,27.9
2025-07-10,3,gru,20.18454987334022,27.9
2025-07-11,1,naive,29.9,30.0
2025-07-11,1,naive_carry,29.9,30.0
2025-07-11,1,seasonal_naive_7,30.4,30.0
2025-07-11,1,climatology,38.979888888888894,30.0
2025-07-11,1,gru,24.771978399556698,30.0
2025-07-11,2,naive,29.9,27.9
2025-07-11,2,naive_carry,29.9,27.9
2025-07-11,2,seasonal_naive_7,30.4,27.9
2025-07-11,2,climatology,37.776555555555554,27.9
2025-07-11,2,gru,29.284930511827174,27.9
2025-07-11,3,naive,29.9,18.1
2025-07-11,3,naive_carry,29.9,18.1
2025-07-11,3,seasonal_naive_7,15.1,18.1
2025-07-11,3,climatology,37.52144444444445,18.1
2025-07-11,3,gru,27.983464059994454,18.1
2025-07-12,1,naive,30.0,27.9
2025-07-12,1,naive_carry,30.0,27.9
2025-07-12,1,seasonal_naive_7,30.4,27.9
2025-07-12,1,climatology,37.776555555555554,27.9
2025-07-12,1,gru,28.506215688500188,27.9
2025-07-12,2,naive,30.0,18.1
2025-07-12,2,naive_carry,30.0,18.1
2025-07-12,2,seasonal_naive_7,15.1,18.1
2025-07-12,2,climatology,37.52144444444445,18.1
2025-07-12,2,gru,32.38776747309053,18.1
2025-07-12,3,naive,30.0,15.5
2025-07-12,3,naive_carry,30.0,15.5
2025-07-12,3,seasonal_naive_7,28.4,15.5
2025-07-12,3,climatology,37.04744444444445,15.5
2025-07-12,3,gru,28.54127262212444,15.5
2025-07-13,1,naive,27.9,18.1
2025-07-13,1,naive_carry,27.9,18.1
2025-07-13,1,seasonal_naive_7,15.1,18.1
2025-07-13,1,climatology,37.52144444444445,18.1
2025-07-13,1,gru,29.65410697733309,18.1
2025-07-13,2,naive,27.9,15.5
2025-07-13,2,naive_carry,27.9,15.5
2025-07-13,2,seasonal_naive_7,28.4,15.5
2025-07-13,2,climatology,37.04744444444445,15.5
2025-07-13,2,gru,30.354830378194325,15.5
2025-07-13,3,naive,27.9,25.0
2025-07-13,3,naive_carry,27.9,25.0
2025-07-13,3,seasonal_naive_7,12.2,25.0
2025-07-13,3,climatology,36.62877777777778,25.0
2025-07-13,3,gru,26.397882497440325,25.0
2025-07-14,1,naive,18.1,15.5
2025-07-14,1,naive_carry,18.1,15.5
2025-07-14,1,seasonal_naive_7,28.4,15.5
2025-07-14,1,climatology,37.04744444444445,15.5
2025-07-14,1,gru,17.45551075601754,15.5
2025-07-14,2,naive,18.1,25.0
2025-07-14,2,naive_carry,18.1,25.0
2025-07-14,2,seasonal_naive_7,12.2,25.0
2025-07-14,2,climatology,36.62877777777778,25.0
2025-07-14,2,gru,25.472046035532614,25.0
2025-07-14,3,naive,18.1,18.8
2025-07-14,3,naive_carry,18.1,18.8
2025-07-14,3,seasonal_naive_7,13.6,18.8
2025-07-14,3,climatology,36.02522222222222,18.8
2025-07-14,3,gru,24.918815891992182,18.8
2025-07-15,1,naive,15.5,25.0
2025-07-15,1,naive_carry,15.5,25.0
2025-07-15,1,seasonal_naive_7,12.2,25.0
2025-07-15,1,climatology,36.62877777777778,25.0
2025-07-15,1,gru,21.531309069604287,25.0
2025-07-15,2,naive,15.5,18.8
2025-07-15,2,naive_carry,15.5,18.8
2025-07-15,2,seasonal_naive_7,13.6,18.8
2025-07-15,2,climatology,36.02522222222222,18.8
2025-07-15,2,gru,23.213200337363304,18.8
2025-07-15,3,naive,15.5,22.2
2025-07-15,3,naive_carry,15.5,22.2
2025-07-15,3,seasonal_naive_7,29.9,22.2
2025-07-15,3,climatology,34.977888888888884,22.2
2025-07-15,3,gru,24.149947823511276,22.2
2025-07-16,1,naive,25.0,18.8
2025-07-16,1,naive_carry,25.0,18.8
2025-07-16,1,seasonal_naive_7,13.6,18.8
2025-07-16,1,climatology,36.02522222222222,18.8
2025-07-16,1,gru,28.560326355019544,18.8
2025-07-16,2,naive,25.0,22.2
2025-07-16,2,naive_carry,25.0,22.2
2025-07-16,2,seasonal_naive_7,29.9,22.2
2025-07-16,2,climatology,34.977888888888884,22.2
2025-07-16,2,gru,27.970215925458756,22.2
2025-07-16,3,naive,25.0,18.0
2025-07-16,3,naive_carry,25.0,18.0
2025-07-16,3,seasonal_naive_7,30.0,18.0
2025-07-16,3,climatology,34.239222222222224,18.0
2025-07-16,3,gru,27.941145443789182,18.0
2025-07-17,1,naive,18.8,22.2
2025-07-17,1,naive_carry,18.8,22.2
2025-07-17,1,seasonal_naive_7,29.9,22.2
2025-07-17,1,climatology,34.977888888888884,22.2
2025-07-17,1,gru,21.719332861489576,22.2
2025-07-17,2,naive,18.8,18.0
2025-07-17,2,naive_carry,18.8,18.0
2025-07-17,2,seasonal_naive_7,30.0,18.0
2025-07-17,2,climatology,34.239222222222224,18.0
2025-07-17,2,gru,26.045077094760316,18.0
2025-07-17,3,naive,18.8,21.0
2025-07-17,3,naive_carry,18.8,21.0
2025-07-17,3,seasonal_naive_7,27.9,21.0
2025-07-17,3,climatology,34.21588888888889,21.0
2025-07-17,3,gru,25.89481999175276,21.0
2025-07-18,1,naive,22.2,18.0
2025-07-18,1,naive_carry,22.2,18.0
2025-07-18,1,seasonal_naive_7,30.0,18.0
2025-07-18,1,climatology,34.239222222222224,18.0
2025-07-18,1,gru,21.366632669977122,18.0
2025-07-18,2,naive,22.2,21.0
2025-07-18,2,naive_carry,22.2,21.0
2025-07-18,2,seasonal_naive_7,27.9,21.0
2025-07-18,2,climatology,34.21588888888889,21.0
2025-07-18,2,gru,26.367883320124964,21.0
2025-07-18,3,naive,22.2,30.9
2025-07-18,3,naive_carry,22.2,30.9
2025-07-18,3,seasonal_naive_7,18.1,30.9
2025-07-18,3,climatology,34.794222222222224,30.9
2025-07-18,3,gru,27.426075687435368,30.9
2025-07-19,1,naive,18.0,21.0
2025-07-19,1,naive_carry,18.0,21.0
2025-07-19,1,seasonal_naive_7,27.9,21.0
2025-07-19,1,climatology,34.21588888888889,21.0
2025-07-19,1,gru,23.58897342254363,21.0
2025-07-19,2,naive,18.0,30.9
2025-07-19,2,naive_carry,18.0,30.9
2025-07-19,2,seasonal_naive_7,18.1,30.9
2025-07-19,2,climatology,34.794222222222224,30.9
2025-07-19,2,gru,25.493473326795066,30.9
2025-07-19,3,naive,18.0,31.0
2025-07-19,3,naive_carry,18.0,31.0
2025-07-19,3,seasonal_naive_7,15.5,31.0
2025-07-19,3,climatology,34.01811111111111,31.0
2025-07-19,3,gru,27.258132070767456,31.0
2025-07-20,1,naive,21.0,30.9
2025-07-20,1,naive_carry,21.0,30.9
2025-07-20,1,seasonal_naive_7,18.1,30.9
2025-07-20,1,climatology,34.794222222222224,30.9
2025-07-20,1,gru,25.76098728311567,30.9
2025-07-20,2,naive,21.0,31.0
2025-07-20,2,naive_carry,21.0,31.0
2025-07-20,2,seasonal_naive_7,15.5,31.0
2025-07-20,2,climatology,34.01811111111111,31.0
2025-07-20,2,gru,25.293673012862516,31.0
2025-07-20,3,naive,21.0,16.9
2025-07-20,3,naive_carry,21.0,16.9
2025-07-20,3,seasonal_naive_7,25.0,16.9
2025-07-20,3,climatology,39.56377777777778,16.9
2025-07-20,3,gru,25.151544907763505,16.9
2025-07-21,1,naive,30.9,31.0
2025-07-21,1,naive_carry,30.9,31.0
2025-07-21,1,seasonal_naive_7,15.5,31.0
2025-07-21,1,climatology,34.01811111111111,31.0
2025-07-21,1,gru,25.35023874565359,31.0
2025-07-21,2,naive,30.9,16.9
2025-07-21,2,naive_carry,30.9,16.9
2025-07-21,2,seasonal_naive_7,25.0,16.9
2025-07-21,2,climatology,39.56377777777778,16.9
2025-07-21,2,gru,29.364460794930995,16.9
2025-07-21,3,naive,30.9,28.3
2025-07-21,3,naive_carry,30.9,28.3
2025-07-21,3,seasonal_naive_7,18.8,28.3
2025-07-21,3,climatology,36.91544444444444,28.3
2025-07-21,3,gru,27.407396106297103,28.3
2025-07-22,1,naive,31.0,16.9
2025-07-22,1,naive_carry,31.0,16.9
2025-07-22,1,seasonal_naive_7,25.0,16.9
2025-07-22,1,climatology,39.56377777777778,16.9
2025-07-22,1,gru,29.71830507497656,16.9
2025-07-22,2,naive,31.0,28.3
2025-07-22,2,naive_carry,31.0,28.3
2025-07-22,2,seasonal_naive_7,18.8,28.3
2025-07-22,2,climatology,36.91544444444444,28.3
2025-07-22,2,gru,30.82120053739709,28.3
2025-07-22,3,naive,31.0,33.0
2025-07-22,3,naive_carry,31.0,33.0
2025-07-22,3,seasonal_naive_7,22.2,33.0
2025-07-22,3,climatology,36.85544444444445,33.0
2025-07-22,3,gru,26.725199982164263,33.0
2025-07-23,1,naive,16.9,28.3
2025-07-23,1,naive_carry,16.9,28.3
2025-07-23,1,seasonal_naive_7,18.8,28.3
2025-07-23,1,climatology,36.91544444444444,28.3
2025-07-23,1,gru,22.035700195835208,28.3
2025-07-23,2,naive,16.9,33.0
2025-07-23,2,naive_carry,16.9,33.0
2025-07-23,2,seasonal_naive_7,22.2,33.0
2025-07-23,2,climatology,36.85544444444445,33.0
2025-07-23,2,gru,23.69588566178906,33.0
2025-07-23,3,naive,16.9,22.9
2025-07-23,3,naive_carry,16.9,22.9
2025-07-23,3,seasonal_naive_7,18.0,22.9
2025-07-23,3,climatology,37.35677777777778,22.9
2025-07-23,3,gru,20.908943949675933,22.9
2025-07-24,1,naive,28.3,33.0
2025-07-24,1,naive_carry,28.3,33.0
2025-07-24,1,seasonal_naive_7,22.2,33.0
2025-07-24,1,climatology,36.85544444444445,33.0
2025-07-24,1,gru,22.53260532385262,33.0
2025-07-24,2,naive,28.3,22.9
2025-07-24,2,naive_carry,28.3,22.9
2025-07-24,2,seasonal_naive_7,18.0,22.9
2025-07-24,2,climatology,37.35677777777778,22.9
2025-07-24,2,gru,26.334524757447973,22.9
2025-07-24,3,naive,28.3,24.4
2025-07-24,3,naive_carry,28.3,24.4
2025-07-24,3,seasonal_naive_7,21.0,24.4
2025-07-24,3,climatology,37.358555555555554,24.4
2025-07-24,3,gru,25.101940577066745,24.4
2025-07-25,1,naive,33.0,22.9
2025-07-25,1,naive_carry,33.0,22.9
2025-07-25,1,seasonal_naive_7,18.0,22.9
2025-07-25,1,climatology,37.35677777777778,22.9
2025-07-25,1,gru,29.494466158444766,22.9
2025-07-25,2,naive,33.0,24.4
2025-07-25,2,naive_carry,33.0,24.4
2025-07-25,2,seasonal_naive_7,21.0,24.4
2025-07-25,2,climatology,37.358555555555554,24.4
2025-07-25,2,gru,29.531696099704742,24.4
2025-07-25,3,naive,33.0,32.1
2025-07-25,3,naive_carry,33.0,32.1
2025-07-25,3,seasonal_naive_7,30.9,32.1
2025-07-25,3,climatology,38.23077777777778,32.1
2025-07-25,3,gru,27.90044927569831,32.1
2025-07-26,1,naive,22.9,24.4
2025-07-26,1,naive_carry,22.9,24.4
2025-07-26,1,seasonal_naive_7,21.0,24.4
2025-07-26,1,climatology,37.358555555555554,24.4
2025-07-26,1,gru,30.298156638546114,24.4
2025-07-26,2,naive,22.9,32.1
2025-07-26,2,naive_carry,22.9,32.1
2025-07-26,2,seasonal_naive_7,30.9,32.1
2025-07-26,2,climatology,38.23077777777778,32.1
2025-07-26,2,gru,25.152278893542043,32.1
2025-07-26,3,naive,22.9,17.8
2025-07-26,3,naive_carry,22.9,17.8
2025-07-26,3,seasonal_naive_7,31.0,17.8
2025-07-26,3,climatology,38.338111111111104,17.8
2025-07-26,3,gru,21.319473807120023,17.8
2025-07-27,1,naive,24.4,32.1
2025-07-27,1,naive_carry,24.4,32.1
2025-07-27,1,seasonal_naive_7,30.9,32.1
2025-07-27,1,climatology,38.23077777777778,32.1
2025-07-27,1,gru,19.688220692271212,32.1
2025-07-27,2,naive,24.4,17.8
2025-07-27,2,naive_carry,24.4,17.8
2025-07-27,2,seasonal_naive_7,31.0,17.8
2025-07-27,2,climatology,38.338111111111104,17.8
2025-07-27,2,gru,23.92019748319974,17.8
2025-07-27,3,naive,24.4,18.9
2025-07-27,3,naive_carry,24.4,18.9
2025-07-27,3,seasonal_naive_7,16.9,18.9
2025-07-27,3,climatology,38.83877777777778,18.9
2025-07-27,3,gru,20.704046871044607,18.9
2025-07-28,1,naive,32.1,17.8
2025-07-28,1,naive_carry,32.1,17.8
2025-07-28,1,seasonal_naive_7,31.0,17.8
2025-07-28,1,climatology,38.338111111111104,17.8
2025-07-28,1,gru,31.765843467646913,17.8
2025-07-28,2,naive,32.1,18.9
2025-07-28,2,naive_carry,32.1,18.9
2025-07-28,2,seasonal_naive_7,16.9,18.9
2025-07-28,2,climatology,38.83877777777778,18.9
2025-07-28,2,gru,27.603935369850813,18.9
2025-07-28,3,naive,32.1,15.0
2025-07-28,3,naive_carry,32.1,15.0
2025-07-28,3,seasonal_naive_7,28.3,15.0
2025-07-28,3,climatology,38.80291111111111,15.0
2025-07-28,3,gru,22.26473688358373,15.0
2025-07-29,1,naive,17.8,18.9
2025-07-29,1,naive_carry,17.8,18.9
2025-07-29,1,seasonal_naive_7,16.9,18.9
2025-07-29,1,climatology,38.83877777777778,18.9
2025-07-29,1,gru,19.15546658966474,18.9
2025-07-29,2,naive,17.8,15.0
2025-07-29,2,naive_carry,17.8,15.0
2025-07-29,2,seasonal_naive_7,28.3,15.0
2025-07-29,2,climatology,38.80291111111111,15.0
2025-07-29,2,gru,22.642902081413034,15.0
2025-07-29,3,naive,17.8,16.2
2025-07-29,3,naive_carry,17.8,16.2
2025-07-29,3,seasonal_naive_7,33.0,16.2
2025-07-29,3,climatology,38.13091111111111,16.2
2025-07-29,3,gru,19.033192516305743,16.2
2025-07-30,1,naive,18.9,15.0
2025-07-30,1,naive_carry,18.9,15.0
2025-07-30,1,seasonal_naive_7,28.3,15.0
2025-07-30,1,climatology,38.80291111111111,15.0
2025-07-30,1,gru,21.678156627363332,15.0
2025-07-30,2,naive,18.9,16.2
2025-07-30,2,naive_carry,18.9,16.2
2025-07-30,2,seasonal_naive_7,33.0,16.2
2025-07-30,2,climatology,38.13091111111111,16.2
2025-07-30,2,gru,22.719919392173374,16.2
2025-07-30,3,naive,18.9,22.8
2025-07-30,3,naive_carry,18.9,22.8
2025-07-30,3,seasonal_naive_7,22.9,22.8
2025-07-30,3,climatology,38.40757777777778,22.8
2025-07-30,3,gru,19.956121212853272,22.8
2025-07-31,1,naive,15.0,16.2
2025-07-31,1,naive_carry,15.0,16.2
2025-07-31,1,seasonal_naive_7,33.0,16.2
2025-07-31,1,climatology,38.13091111111111,16.2
2025-07-31,1,gru,18.291260359885335,16.2
2025-07-31,2,naive,15.0,22.8
2025-07-31,2,naive_carry,15.0,22.8
2025-07-31,2,seasonal_naive_7,22.9,22.8
2025-07-31,2,climatology,38.40757777777778,22.8
2025-07-31,2,gru,21.9395747440688,22.8
2025-07-31,3,naive,15.0,24.9
2025-07-31,3,naive_carry,15.0,24.9
2025-07-31,3,seasonal_naive_7,24.4,24.9
2025-07-31,3,climatology,38.09557777777778,24.9
2025-07-31,3,gru,19.98463116548477,24.9
2025-08-01,1,naive,16.2,22.8
2025-08-01,1,naive_carry,16.2,22.8
2025-08-01,1,seasonal_naive_7,22.9,22.8
2025-08-01,1,climatology,38.40757777777778,22.8
2025-08-01,1,gru,18.550843035466542,22.8
2025-08-01,2,naive,16.2,24.9
2025-08-01,2,naive_carry,16.2,24.9
2025-08-01,2,seasonal_naive_7,24.4,24.9
2025-08-01,2,climatology,38.09557777777778,24.9
2025-08-01,2,gru,21.940916499895618,24.9
2025-08-01,3,naive,16.2,25.5
2025-08-01,3,naive_carry,16.2,25.5
2025-08-01,3,seasonal_naive_7,32.1,25.5
2025-08-01,3,climatology,37.79224444444445,25.5
2025-08-01,3,gru,21.368510329605655,25.5
2025-08-02,1,naive,22.8,24.9
2025-08-02,1,naive_carry,22.8,24.9
2025-08-02,1,seasonal_naive_7,24.4,24.9
2025-08-02,1,climatology,38.09557777777778,24.9
2025-08-02,1,gru,19.604231447166168,24.9
2025-08-02,2,naive,22.8,25.5
2025-08-02,2,naive_carry,22.8,25.5
2025-08-02,2,seasonal_naive_7,32.1,25.5
2025-08-02,2,climatology,37.79224444444445,25.5
2025-08-02,2,gru,25.065640367404924,25.5
2025-08-02,3,naive,22.8,23.5
2025-08-02,3,naive_carry,22.8,23.5
2025-08-02,3,seasonal_naive_7,17.8,23.5
2025-08-02,3,climatology,36.36924444444445,23.5
2025-08-02,3,gru,26.547477680264276,23.5
2025-08-03,1,naive,24.9,25.5
2025-08-03,1,naive_carry,24.9,25.5
2025-08-03,1,seasonal_naive_7,32.1,25.5
2025-08-03,1,climatology,37.79224444444445,25.5
2025-08-03,1,gru,25.992543709268134,25.5
2025-08-03,2,naive,24.9,23.5
2025-08-03,2,naive_carry,24.9,23.5
2025-08-03,2,seasonal_naive_7,17.8,23.5
2025-08-03,2,climatology,36.36924444444445,23.5
2025-08-03,2,gru,27.220619152627272,23.5
2025-08-03,3,naive,24.9,27.3
2025-08-03,3,naive_carry,24.9,27.3
2025-08-03,3,seasonal_naive_7,18.9,27.3
2025-08-03,3,climatology,36.37491111111111,27.3
2025-08-03,3,gru,28.529089657453774,27.3
2025-08-04,1,naive,25.5,23.5
2025-08-04,1,naive_carry,25.5,23.5
2025-08-04,1,seasonal_naive_7,17.8,23.5
2025-08-04,1,climatology,36.36924444444445,23.5
2025-08-04,1,gru,26.13938799796792,23.5
2025-08-04,2,naive,25.5,27.3
2025-08-04,2,naive_carry,25.5,27.3
2025-08-04,2,seasonal_naive_7,18.9,27.3
2025-08-04,2,climatology,36.37491111111111,27.3
2025-08-04,2,gru,27.347385604782207,27.3
2025-08-04,3,naive,25.5,22.7
2025-08-04,3,naive_carry,25.5,22.7
2025-08-04,3,seasonal_naive_7,15.0,22.7
2025-08-04,3,climatology,30.364355555555555,22.7
2025-08-04,3,gru,27.588334602771244,22.7
2025-08-05,1,naive,23.5,27.3
2025-08-05,1,naive_carry,23.5,27.3
2025-08-05,1,seasonal_naive_7,18.9,27.3
2025-08-05,1,climatology,36.37491111111111,27.3
2025-08-05,1,gru,23.989374412690704,27.3
2025-08-05,2,naive,23.5,22.7
2025-08-05,2,naive_carry,23.5,22.7
2025-08-05,2,seasonal_naive_7,15.0,22.7
2025-08-05,2,climatology,30.364355555555555,22.7
2025-08-05,2,gru,26.32048718196737,22.7
2025-08-05,3,naive,23.5,24.8
2025-08-05,3,naive_carry,23.5,24.8
2025-08-05,3,seasonal_naive_7,16.2,24.8
2025-08-05,3,climatology,30.433244444444444,24.8
2025-08-05,3,gru,26.94416991513842,24.8
2025-08-06,1,naive,27.3,22.7
2025-08-06,1,naive_carry,27.3,22.7
2025-08-06,1,seasonal_naive_7,15.0,22.7
2025-08-06,1,climatology,30.364355555555555,22.7
2025-08-06,1,gru,29.197261059006884,22.7
2025-08-06,2,naive,27.3,24.8
2025-08-06,2,naive_carry,27.3,24.8
2025-08-06,2,seasonal_naive_7,16.2,24.8
2025-08-06,2,climatology,30.433244444444444,24.8
2025-08-06,2,gru,28.036402006111803,24.8
2025-08-06,3,naive,27.3,17.8
2025-08-06,3,naive_carry,27.3,17.8
2025-08-06,3,seasonal_naive_7,22.8,17.8
2025-08-06,3,climatology,30.21591111111111,17.8
2025-08-06,3,gru,26.71679898124233,17.8
2025-08-07,1,naive,22.7,24.8
2025-08-07,1,naive_carry,22.7,24.8
2025-08-07,1,seasonal_naive_7,16.2,24.8
2025-08-07,1,climatology,30.433244444444444,24.8
2025-08-07,1,gru,19.98816284777249,24.8
2025-08-07,2,naive,22.7,17.8
2025-08-07,2,naive_carry,22.7,17.8
2025-08-07,2,seasonal_naive_7,22.8,17.8
2025-08-07,2,climatology,30.21591111111111,17.8
2025-08-07,2,gru,24.502824537328944,17.8
2025-08-07,3,naive,22.7,29.4
2025-08-07,3,naive_carry,22.7,29.4
2025-08-07,3,seasonal_naive_7,24.9,29.4
2025-08-07,3,climatology,29.119111111111113,29.4
2025-08-07,3,gru,26.428913077605447,29.4
2025-08-08,1,naive,24.8,17.8
2025-08-08,1,naive_carry,24.8,17.8
2025-08-08,1,seasonal_naive_7,22.8,17.8
2025-08-08,1,climatology,30.21591111111111,17.8
2025-08-08,1,gru,28.00706912491007,17.8
2025-08-08,2,naive,24.8,29.4
2025-08-08,2,naive_carry,24.8,29.4
2025-08-08,2,seasonal_naive_7,24.9,29.4
2025-08-08,2,climatology,29.119111111111113,29.4
2025-08-08,2,gru,26.437526360602583,29.4
2025-08-08,3,naive,24.8,27.1
2025-08-08,3,naive_carry,24.8,27.1
2025-08-08,3,seasonal_naive_7,25.5,27.1
2025-08-08,3,climatology,28.145777777777777,27.1
2025-08-08,3,gru,26.08733366871664,27.1
2025-08-09,1,naive,17.8,29.4
2025-08-09,1,naive_carry,17.8,29.4
2025-08-09,1,seasonal_naive_7,24.9,29.4
2025-08-09,1,climatology,29.119111111111113,29.4
2025-08-09,1,gru,24.230423485800653,29.4
2025-08-09,2,naive,17.8,27.1
2025-08-09,2,naive_carry,17.8,27.1
2025-08-09,2,seasonal_naive_7,25.5,27.1
2025-08-09,2,climatology,28.145777777777777,27.1
2025-08-09,2,gru,26.01236670183375,27.1
2025-08-09,3,naive,17.8,28.5
2025-08-09,3,naive_carry,17.8,28.5
2025-08-09,3,seasonal_naive_7,23.5,28.5
2025-08-09,3,climatology,27.35177777777778,28.5
2025-08-09,3,gru,23.500627452160533,28.5
2025-08-10,1,naive,29.4,27.1
2025-08-10,1,naive_carry,29.4,27.1
2025-08-10,1,seasonal_naive_7,25.5,27.1
2025-08-10,1,climatology,28.145777777777777,27.1
2025-08-10,1,gru,26.532990729534493,27.1
2025-08-10,2,naive,29.4,28.5
2025-08-10,2,naive_carry,29.4,28.5
2025-08-10,2,seasonal_naive_7,23.5,28.5
2025-08-10,2,climatology,27.35177777777778,28.5
2025-08-10,2,gru,28.170899352068968,28.5
2025-08-10,3,naive,29.4,31.5
2025-08-10,3,naive_carry,29.4,31.5
2025-08-10,3,seasonal_naive_7,27.3,31.5
2025-08-10,3,climatology,27.96977777777778,31.5
2025-08-10,3,gru,25.04120352399819,31.5
2025-08-11,1,naive,27.1,28.5
2025-08-11,1,naive_carry,27.1,28.5
2025-08-11,1,seasonal_naive_7,23.5,28.5
2025-08-11,1,climatology,27.35177777777778,28.5
2025-08-11,1,gru,23.15858520649445,28.5
2025-08-11,2,naive,27.1,31.5
2025-08-11,2,naive_carry,27.1,31.5
2025-08-11,2,seasonal_naive_7,27.3,31.5
2025-08-11,2,climatology,27.96977777777778,31.5
2025-08-11,2,gru,27.496705079343588,31.5
2025-08-11,3,naive,27.1,17.8
2025-08-11,3,naive_carry,27.1,17.8
2025-08-11,3,seasonal_naive_7,22.7,17.8
2025-08-11,3,climatology,27.223111111111113,17.8
2025-08-11,3,gru,24.862152586494144,17.8
2025-08-12,1,naive,28.5,31.5
2025-08-12,1,naive_carry,28.5,31.5
2025-08-12,1,seasonal_naive_7,27.3,31.5
2025-08-12,1,climatology,27.96977777777778,31.5
2025-08-12,1,gru,27.29191818713848,31.5
2025-08-12,2,naive,28.5,17.8
2025-08-12,2,naive_carry,28.5,17.8
2025-08-12,2,seasonal_naive_7,22.7,17.8
2025-08-12,2,climatology,27.223111111111113,17.8
2025-08-12,2,gru,29.215276615680416,17.8
2025-08-12,3,naive,28.5,41.4
2025-08-12,3,naive_carry,28.5,41.4
2025-08-12,3,seasonal_naive_7,24.8,41.4
2025-08-12,3,climatology,27.22664444444445,41.4
2025-08-12,3,gru,24.544411320010227,41.4
2025-08-13,1,naive,31.5,17.8
2025-08-13,1,naive_carry,31.5,17.8
2025-08-13,1,seasonal_naive_7,22.7,17.8
2025-08-13,1,climatology,27.223111111111113,17.8
2025-08-13,1,gru,28.235526994227165,17.8
2025-08-13,2,naive,31.5,41.4
2025-08-13,2,naive_carry,31.5,41.4
2025-08-13,2,seasonal_naive_7,24.8,41.4
2025-08-13,2,climatology,27.22664444444445,41.4
2025-08-13,2,gru,29.102733824789688,41.4
2025-08-13,3,naive,31.5,41.7
2025-08-13,3,naive_carry,31.5,41.7
2025-08-13,3,seasonal_naive_7,17.8,41.7
2025-08-13,3,climatology,27.79108888888889,41.7
2025-08-13,3,gru,25.343971492186462,41.7
2025-08-14,1,naive,17.8,41.4
2025-08-14,1,naive_carry,17.8,41.4
2025-08-14,1,seasonal_naive_7,24.8,41.4
2025-08-14,1,climatology,27.22664444444445,41.4
2025-08-14,1,gru,23.682397822940004,41.4
2025-08-14,2,naive,17.8,41.7
2025-08-14,2,naive_carry,17.8,41.7
2025-08-14,2,seasonal_naive_7,17.8,41.7
2025-08-14,2,climatology,27.79108888888889,41.7
2025-08-14,2,gru,24.636669582966007,41.7
2025-08-14,3,naive,17.8,29.4
2025-08-14,3,naive_carry,17.8,29.4
2025-08-14,3,seasonal_naive_7,29.4,29.4
2025-08-14,3,climatology,28.588866666666668,29.4
2025-08-14,3,gru,21.085240236895643,29.4
2025-08-15,1,naive,41.4,41.7
2025-08-15,1,naive_carry,41.4,41.7
2025-08-15,1,seasonal_naive_7,17.8,41.7
2025-08-15,1,climatology,27.79108888888889,41.7
2025-08-15,1,gru,35.196792706383974,41.7
2025-08-15,2,naive,41.4,29.4
2025-08-15,2,naive_carry,41.4,29.4
2025-08-15,2,seasonal_naive_7,29.4,29.4
2025-08-15,2,climatology,28.588866666666668,29.4
2025-08-15,2,gru,33.716500433774755,29.4
2025-08-15,3,naive,41.4,29.5
2025-08-15,3,naive_carry,41.4,29.5
2025-08-15,3,seasonal_naive_7,27.1,29.5
2025-08-15,3,climatology,28.7892,29.5
2025-08-15,3,gru,24.800949100623722,29.5
2025-08-16,1,naive,41.7,29.4
2025-08-16,1,naive_carry,41.7,29.4
2025-08-16,1,seasonal_naive_7,29.4,29.4
2025-08-16,1,climatology,28.588866666666668,29.4
2025-08-16,1,gru,30.967421366126445,29.4
2025-08-16,2,naive,41.7,29.5
2025-08-16,2,naive_carry,41.7,29.5
2025-08-16,2,seasonal_naive_7,27.1,29.5
2025-08-16,2,climatology,28.7892,29.5
2025-08-16,2,gru,33.61302871740729,29.5
2025-08-16,3,naive,41.7,24.9
2025-08-16,3,naive_carry,41.7,24.9
2025-08-16,3,seasonal_naive_7,28.5,24.9
2025-08-16,3,climatology,31.350311111111115,24.9
2025-08-16,3,gru,25.21424112853558,24.9
2025-08-17,1,naive,29.4,29.5
2025-08-17,1,naive_carry,29.4,29.5
2025-08-17,1,seasonal_naive_7,27.1,29.5
2025-08-17,1,climatology,28.7892,29.5
2025-08-17,1,gru,26.221257929206022,29.5
2025-08-17,2,naive,29.4,24.9
2025-08-17,2,naive_carry,29.4,24.9
2025-08-17,2,seasonal_naive_7,28.5,24.9
2025-08-17,2,climatology,31.350311111111115,24.9
2025-08-17,2,gru,28.76385491059535,24.9
2025-08-17,3,naive,29.4,20.0
2025-08-17,3,naive_carry,29.4,20.0
2025-08-17,3,seasonal_naive_7,31.5,20.0
2025-08-17,3,climatology,32.138311111111115,20.0
2025-08-17,3,gru,23.789247821095667,20.0
2025-08-18,1,naive,29.5,24.9
2025-08-18,1,naive_carry,29.5,24.9
2025-08-18,1,seasonal_naive_7,28.5,24.9
2025-08-18,1,climatology,31.350311111111115,24.9
2025-08-18,1,gru,27.23195762882533,24.9
2025-08-18,2,naive,29.5,20.0
2025-08-18,2,naive_carry,29.5,20.0
2025-08-18,2,seasonal_naive_7,31.5,20.0
2025-08-18,2,climatology,32.138311111111115,20.0
2025-08-18,2,gru,28.609512080947848,20.0
2025-08-18,3,naive,29.5,24.1
2025-08-18,3,naive_carry,29.5,24.1
2025-08-18,3,seasonal_naive_7,17.8,24.1
2025-08-18,3,climatology,32.644977777777775,24.1
2025-08-18,3,gru,24.37599714752532,24.1
2025-08-19,1,naive,24.9,20.0
2025-08-19,1,naive_carry,24.9,20.0
2025-08-19,1,seasonal_naive_7,31.5,20.0
2025-08-19,1,climatology,32.138311111111115,20.0
2025-08-19,1,gru,27.38030999855211,20.0
2025-08-19,2,naive,24.9,24.1
2025-08-19,2,naive_carry,24.9,24.1
2025-08-19,2,seasonal_naive_7,17.8,24.1
2025-08-19,2,climatology,32.644977777777775,24.1
2025-08-19,2,gru,27.224187209717893,24.1
2025-08-19,3,naive,24.9,41.7
2025-08-19,3,naive_carry,24.9,41.7
2025-08-19,3,seasonal_naive_7,41.4,41.7
2025-08-19,3,climatology,33.0792,41.7
2025-08-19,3,gru,23.592345981143364,41.7
2025-08-20,1,naive,20.0,24.1
2025-08-20,1,naive_carry,20.0,24.1
2025-08-20,1,seasonal_naive_7,17.8,24.1
2025-08-20,1,climatology,32.644977777777775,24.1
2025-08-20,1,gru,18.90818586263772,24.1
2025-08-20,2,naive,20.0,41.7
2025-08-20,2,naive_carry,20.0,41.7
2025-08-20,2,seasonal_naive_7,41.4,41.7
2025-08-20,2,climatology,33.0792,41.7
2025-08-20,2,gru,23.833298146453764,41.7
2025-08-20,3,naive,20.0,25.7
2025-08-20,3,naive_carry,20.0,25.7
2025-08-20,3,seasonal_naive_7,41.7,25.7
2025-08-20,3,climatology,34.56197777777778,25.7
2025-08-20,3,gru,23.175337269506922,25.7
2025-08-21,1,naive,24.1,41.7
2025-08-21,1,naive_carry,24.1,41.7
2025-08-21,1,seasonal_naive_7,41.4,41.7
2025-08-21,1,climatology,33.0792,41.7
2025-08-21,1,gru,28.608551275811866,41.7
2025-08-21,2,naive,24.1,25.7
2025-08-21,2,naive_carry,24.1,25.7
2025-08-21,2,seasonal_naive_7,41.7,25.7
2025-08-21,2,climatology,34.56197777777778,25.7
2025-08-21,2,gru,26.979970171613374,25.7
2025-08-21,3,naive,24.1,21.8
2025-08-21,3,naive_carry,24.1,21.8
2025-08-21,3,seasonal_naive_7,29.4,21.8
2025-08-21,3,climatology,35.202644444444445,21.8
2025-08-21,3,gru,24.421592937911363,21.8
2025-08-22,1,naive,41.7,25.7
2025-08-22,1,naive_carry,41.7,25.7
2025-08-22,1,seasonal_naive_7,41.7,25.7
2025-08-22,1,climatology,34.56197777777778,25.7
2025-08-22,1,gru,37.34858909938491,25.7
2025-08-22,2,naive,41.7,21.8
2025-08-22,2,naive_carry,41.7,21.8
2025-08-22,2,seasonal_naive_7,29.4,21.8
2025-08-22,2,climatology,35.202644444444445,21.8
2025-08-22,2,gru,35.35442501386661,21.8
2025-08-22,3,naive,41.7,19.0
2025-08-22,3,naive_carry,41.7,19.0
2025-08-22,3,seasonal_naive_7,29.5,19.0
2025-08-22,3,climatology,37.30531111111111,19.0
2025-08-22,3,gru,25.774245941107083,19.0
2025-08-23,1,naive,25.7,21.8
2025-08-23,1,naive_carry,25.7,21.8
2025-08-23,1,seasonal_naive_7,29.4,21.8
2025-08-23,1,climatology,35.202644444444445,21.8
2025-08-23,1,gru,22.70535975564905,21.8
2025-08-23,2,naive,25.7,19.0
2025-08-23,2,naive_carry,25.7,19.0
2025-08-23,2,seasonal_naive_7,29.5,19.0
2025-08-23,2,climatology,37.30531111111111,19.0
2025-08-23,2,gru,28.074137412545213,19.0
2025-08-23,3,naive,25.7,11.7
2025-08-23,3,naive_carry,25.7,11.7
2025-08-23,3,seasonal_naive_7,24.9,11.7
2025-08-23,3,climatology,37.47253333333333,11.7
2025-08-23,3,gru,24.17263989168309,11.7
2025-08-24,1,naive,21.8,19.0
2025-08-24,1,naive_carry,21.8,19.0
2025-08-24,1,seasonal_naive_7,29.5,19.0
2025-08-24,1,climatology,37.30531111111111,19.0
2025-08-24,1,gru,23.79027204162254,19.0
2025-08-24,2,naive,21.8,11.7
2025-08-24,2,naive_carry,21.8,11.7
2025-08-24,2,seasonal_naive_7,24.9,11.7
2025-08-24,2,climatology,37.47253333333333,11.7
2025-08-24,2,gru,26.91869843783227,11.7
2025-08-24,3,naive,21.8,26.2
2025-08-24,3,naive_carry,21.8,26.2
2025-08-24,3,seasonal_naive_7,20.0,26.2
2025-08-24,3,climatology,46.15253333333333,26.2
2025-08-24,3,gru,24.350686080092732,26.2
2025-08-25,1,naive,19.0,11.7
2025-08-25,1,naive_carry,19.0,11.7
2025-08-25,1,seasonal_naive_7,24.9,11.7
2025-08-25,1,climatology,37.47253333333333,11.7
2025-08-25,1,gru,17.077031467055328,11.7
2025-08-25,2,naive,19.0,26.2
2025-08-25,2,naive_carry,19.0,26.2
2025-08-25,2,seasonal_naive_7,20.0,26.2
2025-08-25,2,climatology,46.15253333333333,26.2
2025-08-25,2,gru,25.39408664455476,26.2
2025-08-25,3,naive,19.0,44.9
2025-08-25,3,naive_carry,19.0,44.9
2025-08-25,3,seasonal_naive_7,24.1,44.9
2025-08-25,3,climatology,48.21253333333333,44.9
2025-08-25,3,gru,26.223726161138462,44.9
2025-08-26,1,naive,11.7,26.2
2025-08-26,1,naive_carry,11.7,26.2
2025-08-26,1,seasonal_naive_7,20.0,26.2
2025-08-26,1,climatology,46.15253333333333,26.2
2025-08-26,1,gru,16.91360118276788,26.2
2025-08-26,2,naive,11.7,44.9
2025-08-26,2,naive_carry,11.7,44.9
2025-08-26,2,seasonal_naive_7,24.1,44.9
2025-08-26,2,climatology,48.21253333333333,44.9
2025-08-26,2,gru,20.763229105390955,44.9
2025-08-26,3,naive,11.7,33.9
2025-08-26,3,naive_carry,11.7,33.9
2025-08-26,3,seasonal_naive_7,41.7,33.9
2025-08-26,3,climatology,60.47253333333333,33.9
2025-08-26,3,gru,23.811074151382375,33.9
2025-08-27,1,naive,26.2,44.9
2025-08-27,1,naive_carry,26.2,44.9
2025-08-27,1,seasonal_naive_7,24.1,44.9
2025-08-27,1,climatology,48.21253333333333,44.9
2025-08-27,1,gru,34.54385528608213,44.9
2025-08-27,2,naive,26.2,33.9
2025-08-27,2,naive_carry,26.2,33.9
2025-08-27,2,seasonal_naive_7,41.7,33.9
2025-08-27,2,climatology,60.47253333333333,33.9
2025-08-27,2,gru,31.68412492938595,33.9
2025-08-27,3,naive,26.2,22.7
2025-08-27,3,naive_carry,26.2,22.7
2025-08-27,3,seasonal_naive_7,25.7,22.7
2025-08-27,3,climatology,60.38353333333334,22.7
2025-08-27,3,gru,28.07600397037534,22.7
2025-08-28,1,naive,44.9,33.9
2025-08-28,1,naive_carry,44.9,33.9
2025-08-28,1,seasonal_naive_7,41.7,33.9
2025-08-28,1,climatology,60.47253333333333,33.9
2025-08-28,1,gru,33.427360662449026,33.9
2025-08-28,2,naive,44.9,22.7
2025-08-28,2,naive_carry,44.9,22.7
2025-08-28,2,seasonal_naive_7,25.7,22.7
2025-08-28,2,climatology,60.38353333333334,22.7
2025-08-28,2,gru,38.66446318563183,22.7
2025-08-28,3,naive,44.9,20.1
2025-08-28,3,naive_carry,44.9,20.1
2025-08-28,3,seasonal_naive_7,21.8,20.1
2025-08-28,3,climatology,60.27131111111111,20.1
2025-08-28,3,gru,28.53703209460814,20.1
2025-08-29,1,naive,33.9,22.7
2025-08-29,1,naive_carry,33.9,22.7
2025-08-29,1,seasonal_naive_7,25.7,22.7
2025-08-29,1,climatology,60.38353333333334,22.7
2025-08-29,1,gru,26.964230309777527,22.7
2025-08-29,2,naive,33.9,20.1
2025-08-29,2,naive_carry,33.9,20.1
2025-08-29,2,seasonal_naive_7,21.8,20.1
2025-08-29,2,climatology,60.27131111111111,20.1
2025-08-29,2,gru,33.21914419416347,20.1
2025-08-29,3,naive,33.9,9.13
2025-08-29,3,naive_carry,33.9,9.13
2025-08-29,3,seasonal_naive_7,19.0,9.13
2025-08-29,3,climatology,59.93353333333334,9.13
2025-08-29,3,gru,27.857226009806627,9.13
2025-08-30,1,naive,22.7,20.1
2025-08-30,1,naive_carry,22.7,20.1
2025-08-30,1,seasonal_naive_7,21.8,20.1
2025-08-30,1,climatology,60.27131111111111,20.1
2025-08-30,1,gru,24.60631151103817,20.1
2025-08-30,2,naive,22.7,9.13
2025-08-30,2,naive_carry,22.7,9.13
2025-08-30,2,seasonal_naive_7,19.0,9.13
2025-08-30,2,climatology,59.93353333333334,9.13
2025-08-30,2,gru,27.777951043876918,9.13
2025-08-30,3,naive,22.7,9.29
2025-08-30,3,naive_carry,22.7,9.29
2025-08-30,3,seasonal_naive_7,11.7,9.29
2025-08-30,3,climatology,60.54742222222222,9.29
2025-08-30,3,gru,25.962733325684965,9.29
2025-08-31,1,naive,20.1,9.13
2025-08-31,1,naive_carry,20.1,9.13
2025-08-31,1,seasonal_naive_7,19.0,9.13
2025-08-31,1,climatology,59.93353333333334,9.13
2025-08-31,1,gru,20.81291356528706,9.13
2025-08-31,2,naive,20.1,9.29
2025-08-31,2,naive_carry,20.1,9.29
2025-08-31,2,seasonal_naive_7,11.7,9.29
2025-08-31,2,climatology,60.54742222222222,9.29
2025-08-31,2,gru,27.282474106203477,9.29
2025-08-31,3,naive,20.1,15.1
2025-08-31,3,naive_carry,20.1,15.1
2025-08-31,3,seasonal_naive_7,26.2,15.1
2025-08-31,3,climatology,59.766311111111115,15.1
2025-08-31,3,gru,26.47115299876669,15.1
2025-09-01,1,naive,9.13,9.29
2025-09-01,1,naive_carry,9.13,9.29
2025-09-01,1,seasonal_naive_7,11.7,9.29
2025-09-01,1,climatology,60.54742222222222,9.29
2025-09-01,1,gru,12.81494367110019,9.29
2025-09-01,2,naive,9.13,15.1
2025-09-01,2,naive_carry,9.13,15.1
2025-09-01,2,seasonal_naive_7,26.2,15.1
2025-09-01,2,climatology,59.766311111111115,15.1
2025-09-01,2,gru,18.635345162950944,15.1
2025-09-01,3,naive,9.13,19.0
2025-09-01,3,naive_carry,9.13,19.0
2025-09-01,3,seasonal_naive_7,44.9,19.0
2025-09-01,3,climatology,62.53164444444444,19.0
2025-09-01,3,gru,20.71163538927102,19.0
2025-09-02,1,naive,9.29,15.1
2025-09-02,1,naive_carry,9.29,15.1
2025-09-02,1,seasonal_naive_7,26.2,15.1
2025-09-02,1,climatology,59.766311111111115,15.1
2025-09-02,1,gru,14.887698540708271,15.1
2025-09-02,2,naive,9.29,19.0
2025-09-02,2,naive_carry,9.29,19.0
2025-09-02,2,seasonal_naive_7,44.9,19.0
2025-09-02,2,climatology,62.53164444444444,19.0
2025-09-02,2,gru,20.363735602808045,19.0
2025-09-02,3,naive,9.29,22.0
2025-09-02,3,naive_carry,9.29,22.0
2025-09-02,3,seasonal_naive_7,33.9,22.0
2025-09-02,3,climatology,63.71264444444444,22.0
2025-09-02,3,gru,23.03596891920029,22.0
2025-09-03,1,naive,15.1,19.0
2025-09-03,1,naive_carry,15.1,19.0
2025-09-03,1,seasonal_naive_7,44.9,19.0
2025-09-03,1,climatology,62.53164444444444,19.0
2025-09-03,1,gru,23.010066528001968,19.0
2025-09-03,2,naive,15.1,22.0
2025-09-03,2,naive_carry,15.1,22.0
2025-09-03,2,seasonal_naive_7,33.9,22.0
2025-09-03,2,climatology,63.71264444444444,22.0
2025-09-03,2,gru,26.833974875637907,22.0
2025-09-03,3,naive,15.1,25.5
2025-09-03,3,naive_carry,15.1,25.5
2025-09-03,3,seasonal_naive_7,22.7,25.5
2025-09-03,3,climatology,63.77397777777777,25.5
2025-09-03,3,gru,28.403567880762157,25.5
2025-09-04,1,naive,19.0,22.0
2025-09-04,1,naive_carry,19.0,22.0
2025-09-04,1,seasonal_naive_7,33.9,22.0
2025-09-04,1,climatology,63.71264444444444,22.0
2025-09-04,1,gru,26.595466867648316,22.0
2025-09-04,2,naive,19.0,25.5
2025-09-04,2,naive_carry,19.0,25.5
2025-09-04,2,seasonal_naive_7,22.7,25.5
2025-09-04,2,climatology,63.77397777777777,25.5
2025-09-04,2,gru,29.762396725755742,25.5
2025-09-04,3,naive,19.0,24.1
2025-09-04,3,naive_carry,19.0,24.1
2025-09-04,3,seasonal_naive_7,20.1,24.1
2025-09-04,3,climatology,63.81564444444444,24.1
2025-09-04,3,gru,27.19305319226194,24.1
2025-09-05,1,naive,22.0,25.5
2025-09-05,1,naive_carry,22.0,25.5
2025-09-05,1,seasonal_naive_7,22.7,25.5
2025-09-05,1,climatology,63.77397777777777,25.5
2025-09-05,1,gru,20.863903498148378,25.5
2025-09-05,2,naive,22.0,24.1
2025-09-05,2,naive_carry,22.0,24.1
2025-09-05,2,seasonal_naive_7,20.1,24.1
2025-09-05,2,climatology,63.81564444444444,24.1
2025-09-05,2,gru,29.52941832417845,24.1
2025-09-05,3,naive,22.0,18.6
2025-09-05,3,naive_carry,22.0,18.6
2025-09-05,3,seasonal_naive_7,9.13,18.6
2025-09-05,3,climatology,63.77564444444444,18.6
2025-09-05,3,gru,26.38995292142895,18.6
2025-09-06,1,naive,25.5,24.1
2025-09-06,1,naive_carry,25.5,24.1
2025-09-06,1,seasonal_naive_7,20.1,24.1
2025-09-06,1,climatology,63.81564444444444,24.1
2025-09-06,1,gru,24.990553823777056,24.1
2025-09-06,2,naive,25.5,18.6
2025-09-06,2,naive_carry,25.5,18.6
2025-09-06,2,seasonal_naive_7,9.13,18.6
2025-09-06,2,climatology,63.77564444444444,18.6
2025-09-06,2,gru,30.973288287688916,18.6
2025-09-06,3,naive,25.5,19.6
2025-09-06,3,naive_carry,25.5,19.6
2025-09-06,3,seasonal_naive_7,9.29,19.6
2025-09-06,3,climatology,62.641222222222225,19.6
2025-09-06,3,gru,27.87113934920908,19.6
2025-09-07,1,naive,24.1,18.6
2025-09-07,1,naive_carry,24.1,18.6
2025-09-07,1,seasonal_naive_7,9.13,18.6
2025-09-07,1,climatology,63.77564444444444,18.6
2025-09-07,1,gru,26.44929116834789,18.6
2025-09-07,2,naive,24.1,19.6
2025-09-07,2,naive_carry,24.1,19.6
2025-09-07,2,seasonal_naive_7,9.29,19.6
2025-09-07,2,climatology,62.641222222222225,19.6
2025-09-07,2,gru,30.71156546199524,19.6
2025-09-07,3,naive,24.1,19.4
2025-09-07,3,naive_carry,24.1,19.4
2025-09-07,3,seasonal_naive_7,15.1,19.4
2025-09-07,3,climatology,63.531777777777776,19.4
2025-09-07,3,gru,26.751904655503072,19.4
2025-09-08,1,naive,18.6,19.6
2025-09-08,1,naive_carry,18.6,19.6
2025-09-08,1,seasonal_naive_7,9.29,19.6
2025-09-08,1,climatology,62.641222222222225,19.6
2025-09-08,1,gru,22.972712554878516,19.6
2025-09-08,2,naive,18.6,19.4
2025-09-08,2,naive_carry,18.6,19.4
2025-09-08,2,seasonal_naive_7,15.1,19.4
2025-09-08,2,climatology,63.531777777777776,19.4
2025-09-08,2,gru,26.938146916562474,19.4
2025-09-08,3,naive,18.6,21.6
2025-09-08,3,naive_carry,18.6,21.6
2025-09-08,3,seasonal_naive_7,19.0,21.6
2025-09-08,3,climatology,55.44111111111111,21.6
2025-09-08,3,gru,23.369179637959817,21.6
2025-09-09,1,naive,19.6,19.4
2025-09-09,1,naive_carry,19.6,19.4
2025-09-09,1,seasonal_naive_7,15.1,19.4
2025-09-09,1,climatology,63.531777777777776,19.4
2025-09-09,1,gru,18.93436165000568,19.4
2025-09-09,2,naive,19.6,21.6
2025-09-09,2,naive_carry,19.6,21.6
2025-09-09,2,seasonal_naive_7,19.0,21.6
2025-09-09,2,climatology,55.44111111111111,21.6
2025-09-09,2,gru,26.719801915754697,21.6
2025-09-09,3,naive,19.6,21.8
2025-09-09,3,naive_carry,19.6,21.8
2025-09-09,3,seasonal_naive_7,22.0,21.8
2025-09-09,3,climatology,53.121111111111105,21.8
2025-09-09,3,gru,23.998625569257594,21.8
2025-09-10,1,naive,19.4,21.6
2025-09-10,1,naive_carry,19.4,21.6
2025-09-10,1,seasonal_naive_7,19.0,21.6
2025-09-10,1,climatology,55.44111111111111,21.6
2025-09-10,1,gru,16.70762699850974,21.6
2025-09-10,2,naive,19.4,21.8
2025-09-10,2,naive_carry,19.4,21.8
2025-09-10,2,seasonal_naive_7,22.0,21.8
2025-09-10,2,climatology,53.121111111111105,21.8
2025-09-10,2,gru,25.269744342775823,21.8
2025-09-10,3,naive,19.4,21.6
2025-09-10,3,naive_carry,19.4,21.6
2025-09-10,3,seasonal_naive_7,25.5,21.6
2025-09-10,3,climatology,42.986111111111114,21.6
2025-09-10,3,gru,27.49471885054949,21.6
2025-09-11,1,naive,21.6,21.8
2025-09-11,1,naive_carry,21.6,21.8
2025-09-11,1,seasonal_naive_7,22.0,21.8
2025-09-11,1,climatology,53.121111111111105,21.8
2025-09-11,1,gru,22.180826170221806,21.8
2025-09-11,2,naive,21.6,21.6
2025-09-11,2,naive_carry,21.6,21.6
2025-09-11,2,seasonal_naive_7,25.5,21.6
2025-09-11,2,climatology,42.986111111111114,21.6
2025-09-11,2,gru,28.02278284740173,21.6
2025-09-11,3,naive,21.6,29.0
2025-09-11,3,naive_carry,21.6,29.0
2025-09-11,3,seasonal_naive_7,24.1,29.0
2025-09-11,3,climatology,44.73544444444444,29.0
2025-09-11,3,gru,31.992787415140693,29.0
2025-09-12,1,naive,21.8,21.6
2025-09-12,1,naive_carry,21.8,21.6
2025-09-12,1,seasonal_naive_7,25.5,21.6
2025-09-12,1,climatology,42.986111111111114,21.6
2025-09-12,1,gru,28.858660639000856,21.6
2025-09-12,2,naive,21.8,29.0
2025-09-12,2,naive_carry,21.8,29.0
2025-09-12,2,seasonal_naive_7,24.1,29.0
2025-09-12,2,climatology,44.73544444444444,29.0
2025-09-12,2,gru,31.128206212433657,29.0
2025-09-12,3,naive,21.8,26.0
2025-09-12,3,naive_carry,21.8,26.0
2025-09-12,3,seasonal_naive_7,18.6,26.0
2025-09-12,3,climatology,44.75411111111111,26.0
2025-09-12,3,gru,32.043310677341715,26.0
2025-09-13,1,naive,21.6,29.0
2025-09-13,1,naive_carry,21.6,29.0
2025-09-13,1,seasonal_naive_7,24.1,29.0
2025-09-13,1,climatology,44.73544444444444,29.0
2025-09-13,1,gru,29.70516246241416,29.0
2025-09-13,2,naive,21.6,26.0
2025-09-13,2,naive_carry,21.6,26.0
2025-09-13,2,seasonal_naive_7,18.6,26.0
2025-09-13,2,climatology,44.75411111111111,26.0
2025-09-13,2,gru,31.784916455019825,26.0
2025-09-13,3,naive,21.6,31.3
2025-09-13,3,naive_carry,21.6,31.3
2025-09-13,3,seasonal_naive_7,19.6,31.3
2025-09-13,3,climatology,43.81555555555555,31.3
2025-09-13,3,gru,29.304241700433437,31.3
2025-09-14,1,naive,29.0,26.0
2025-09-14,1,naive_carry,29.0,26.0
2025-09-14,1,seasonal_naive_7,18.6,26.0
2025-09-14,1,climatology,44.75411111111111,26.0
2025-09-14,1,gru,34.42954104757895,26.0
2025-09-14,2,naive,29.0,31.3
2025-09-14,2,naive_carry,29.0,31.3
2025-09-14,2,seasonal_naive_7,19.6,31.3
2025-09-14,2,climatology,43.81555555555555,31.3
2025-09-14,2,gru,35.96123658202914,31.3
2025-09-14,3,naive,29.0,42.0
2025-09-14,3,naive_carry,29.0,42.0
2025-09-14,3,seasonal_naive_7,19.4,42.0
2025-09-14,3,climatology,42.88166666666667,42.0
2025-09-14,3,gru,28.63452232689446,42.0
2025-09-15,1,naive,26.0,31.3
2025-09-15,1,naive_carry,26.0,31.3
2025-09-15,1,seasonal_naive_7,19.6,31.3
2025-09-15,1,climatology,43.81555555555555,31.3
2025-09-15,1,gru,27.430669094764877,31.3
2025-09-15,2,naive,26.0,42.0
2025-09-15,2,naive_carry,26.0,42.0
2025-09-15,2,seasonal_naive_7,19.4,42.0
2025-09-15,2,climatology,42.88166666666667,42.0
2025-09-15,2,gru,32.29230448481503,42.0
2025-09-15,3,naive,26.0,43.6
2025-09-15,3,naive_carry,26.0,43.6
2025-09-15,3,seasonal_naive_7,21.6,43.6
2025-09-15,3,climatology,41.751666666666665,43.6
2025-09-15,3,gru,26.666457322944048,43.6
2025-09-16,1,naive,31.3,42.0
2025-09-16,1,naive_carry,31.3,42.0
2025-09-16,1,seasonal_naive_7,19.4,42.0
2025-09-16,1,climatology,42.88166666666667,42.0
2025-09-16,1,gru,36.65150439734654,42.0
2025-09-16,2,naive,31.3,43.6
2025-09-16,2,naive_carry,31.3,43.6
2025-09-16,2,seasonal_naive_7,21.6,43.6
2025-09-16,2,climatology,41.751666666666665,43.6
2025-09-16,2,gru,36.679227619026314,43.6
2025-09-16,3,naive,31.3,42.8
2025-09-16,3,naive_carry,31.3,42.8
2025-09-16,3,seasonal_naive_7,21.8,42.8
2025-09-16,3,climatology,39.64522222222222,42.8
2025-09-16,3,gru,26.96590729147137,42.8
2025-09-17,1,naive,42.0,43.6
2025-09-17,1,naive_carry,42.0,43.6
2025-09-17,1,seasonal_naive_7,21.6,43.6
2025-09-17,1,climatology,41.751666666666665,43.6
2025-09-17,1,gru,39.18142350435547,43.6
2025-09-17,2,naive,42.0,42.8
2025-09-17,2,naive_carry,42.0,42.8
2025-09-17,2,seasonal_naive_7,21.8,42.8
2025-09-17,2,climatology,39.64522222222222,42.8
2025-09-17,2,gru,41.98313238271178,42.8
2025-09-17,3,naive,42.0,34.7
2025-09-17,3,naive_carry,42.0,34.7
2025-09-17,3,seasonal_naive_7,21.6,34.7
2025-09-17,3,climatology,39.65022222222222,34.7
2025-09-17,3,gru,28.811809824811462,34.7
2025-09-18,1,naive,43.6,42.8
2025-09-18,1,naive_carry,43.6,42.8
2025-09-18,1,seasonal_naive_7,21.8,42.8
2025-09-18,1,climatology,39.64522222222222,42.8
2025-09-18,1,gru,40.135100610863084,42.8
2025-09-18,2,naive,43.6,34.7
2025-09-18,2,naive_carry,43.6,34.7
2025-09-18,2,seasonal_naive_7,21.6,34.7
2025-09-18,2,climatology,39.65022222222222,34.7
2025-09-18,2,gru,42.40729174729191,34.7
2025-09-18,3,naive,43.6,32.7
2025-09-18,3,naive_carry,43.6,32.7
2025-09-18,3,seasonal_naive_7,29.0,32.7
2025-09-18,3,climatology,40.61466666666667,32.7
2025-09-18,3,gru,31.629561952628475,32.7
2025-09-19,1,naive,42.8,34.7
2025-09-19,1,naive_carry,42.8,34.7
2025-09-19,1,seasonal_naive_7,21.6,34.7
2025-09-19,1,climatology,39.65022222222222,34.7
2025-09-19,1,gru,40.643442952341246,34.7
2025-09-19,2,naive,42.8,32.7
2025-09-19,2,naive_carry,42.8,32.7
2025-09-19,2,seasonal_naive_7,29.0,32.7
2025-09-19,2,climatology,40.61466666666667,32.7
2025-09-19,2,gru,41.645939875498016,32.7
2025-09-19,3,naive,42.8,32.0
2025-09-19,3,naive_carry,42.8,32.0
2025-09-19,3,seasonal_naive_7,26.0,32.0
2025-09-19,3,climatology,42.01133333333334,32.0
2025-09-19,3,gru,33.86290931632202,32.0
2025-09-20,1,naive,34.7,32.7
2025-09-20,1,naive_carry,34.7,32.7
2025-09-20,1,seasonal_naive_7,29.0,32.7
2025-09-20,1,climatology,40.61466666666667,32.7
2025-09-20,1,gru,27.863885621116562,32.7
2025-09-20,2,naive,34.7,32.0
2025-09-20,2,naive_carry,34.7,32.0
2025-09-20,2,seasonal_naive_7,26.0,32.0
2025-09-20,2,climatology,42.01133333333334,32.0
2025-09-20,2,gru,35.890387195456654,32.0
2025-09-20,3,naive,34.7,28.0
2025-09-20,3,naive_carry,34.7,28.0
2025-09-20,3,seasonal_naive_7,31.3,28.0
2025-09-20,3,climatology,43.37688888888889,28.0
2025-09-20,3,gru,35.41711750226401,28.0
2025-09-21,1,naive,32.7,32.0
2025-09-21,1,naive_carry,32.7,32.0
2025-09-21,1,seasonal_naive_7,26.0,32.0
2025-09-21,1,climatology,42.01133333333334,32.0
2025-09-21,1,gru,29.556992975528136,32.0
2025-09-21,2,naive,32.7,28.0
2025-09-21,2,naive_carry,32.7,28.0
2025-09-21,2,seasonal_naive_7,31.3,28.0
2025-09-21,2,climatology,43.37688888888889,28.0
2025-09-21,2,gru,35.88819188723763,28.0
2025-09-21,3,naive,32.7,27.4
2025-09-21,3,naive_carry,32.7,27.4
2025-09-21,3,seasonal_naive_7,42.0,27.4
2025-09-21,3,climatology,44.78322222222222,27.4
2025-09-21,3,gru,37.645551892316085,27.4
2025-09-22,1,naive,32.0,28.0
2025-09-22,1,naive_carry,32.0,28.0
2025-09-22,1,seasonal_naive_7,31.3,28.0
2025-09-22,1,climatology,43.37688888888889,28.0
2025-09-22,1,gru,29.703240394830047,28.0
2025-09-22,2,naive,32.0,27.4
2025-09-22,2,naive_carry,32.0,27.4
2025-09-22,2,seasonal_naive_7,42.0,27.4
2025-09-22,2,climatology,44.78322222222222,27.4
2025-09-22,2,gru,36.658060304196745,27.4
2025-09-22,3,naive,32.0,28.1
2025-09-22,3,naive_carry,32.0,28.1
2025-09-22,3,seasonal_naive_7,43.6,28.1
2025-09-22,3,climatology,46.12877777777778,28.1
2025-09-22,3,gru,38.96759665877836,28.1
2025-09-23,1,naive,28.0,27.4
2025-09-23,1,naive_carry,28.0,27.4
2025-09-23,1,seasonal_naive_7,42.0,27.4
2025-09-23,1,climatology,44.78322222222222,27.4
2025-09-23,1,gru,28.375287088131323,27.4
2025-09-23,2,naive,28.0,28.1
2025-09-23,2,naive_carry,28.0,28.1
2025-09-23,2,seasonal_naive_7,43.6,28.1
2025-09-23,2,climatology,46.12877777777778,28.1
2025-09-23,2,gru,34.922575312362326,28.1
2025-09-23,3,naive,28.0,30.1
2025-09-23,3,naive_carry,28.0,30.1
2025-09-23,3,seasonal_naive_7,42.8,30.1
2025-09-23,3,climatology,47.26233333333333,30.1
2025-09-23,3,gru,38.63418174496155,30.1
2025-09-24,1,naive,27.4,28.1
2025-09-24,1,naive_carry,27.4,28.1
2025-09-24,1,seasonal_naive_7,43.6,28.1
2025-09-24,1,climatology,46.12877777777778,28.1
2025-09-24,1,gru,31.278991844905526,28.1
2025-09-24,2,naive,27.4,30.1
2025-09-24,2,naive_carry,27.4,30.1
2025-09-24,2,seasonal_naive_7,42.8,30.1
2025-09-24,2,climatology,47.26233333333333,30.1
2025-09-24,2,gru,36.584377631843076,30.1
2025-09-24,3,naive,27.4,58.3
2025-09-24,3,naive_carry,27.4,58.3
2025-09-24,3,seasonal_naive_7,34.7,58.3
2025-09-24,3,climatology,48.44322222222222,58.3
2025-09-24,3,gru,39.58361191001455,58.3
2025-09-25,1,naive,28.1,30.1
2025-09-25,1,naive_carry,28.1,30.1
2025-09-25,1,seasonal_naive_7,42.8,30.1
2025-09-25,1,climatology,47.26233333333333,30.1
2025-09-25,1,gru,35.766569848349995,30.1
2025-09-25,2,naive,28.1,58.3
2025-09-25,2,naive_carry,28.1,58.3
2025-09-25,2,seasonal_naive_7,34.7,58.3
2025-09-25,2,climatology,48.44322222222222,58.3
2025-09-25,2,gru,39.11963554054796,58.3
2025-09-25,3,naive,28.1,29.1
2025-09-25,3,naive_carry,28.1,29.1
2025-09-25,3,seasonal_naive_7,32.7,29.1
2025-09-25,3,climatology,48.54688888888889,29.1
2025-09-25,3,gru,39.490338215141264,29.1
2025-09-26,1,naive,30.1,58.3
2025-09-26,1,naive_carry,30.1,58.3
2025-09-26,1,seasonal_naive_7,34.7,58.3
2025-09-26,1,climatology,48.44322222222222,58.3
2025-09-26,1,gru,39.054195986389246,58.3
2025-09-26,2,naive,30.1,29.1
2025-09-26,2,naive_carry,30.1,29.1
2025-09-26,2,seasonal_naive_7,32.7,29.1
2025-09-26,2,climatology,48.54688888888889,29.1
2025-09-26,2,gru,41.300111552586294,29.1
2025-09-26,3,naive,30.1,34.6
2025-09-26,3,naive_carry,30.1,34.6
2025-09-26,3,seasonal_naive_7,32.0,34.6
2025-09-26,3,climatology,48.67222222222222,34.6
2025-09-26,3,gru,38.47003457604961,34.6
2025-09-27,1,naive,58.3,29.1
2025-09-27,1,naive_carry,58.3,29.1
2025-09-27,1,seasonal_naive_7,32.7,29.1
2025-09-27,1,climatology,48.54688888888889,29.1
2025-09-27,1,gru,66.73667234530222,29.1
2025-09-27,2,naive,58.3,34.6
2025-09-27,2,naive_carry,58.3,34.6
2025-09-27,2,seasonal_naive_7,32.0,34.6
2025-09-27,2,climatology,48.67222222222222,34.6
2025-09-27,2,gru,58.58650117190872,34.6
2025-09-27,3,naive,58.3,33.7
2025-09-27,3,naive_carry,58.3,33.7
2025-09-27,3,seasonal_naive_7,28.0,33.7
2025-09-27,3,climatology,50.20577777777778,33.7
2025-09-27,3,gru,41.54179658127395,33.7
2025-09-28,1,naive,29.1,34.6
2025-09-28,1,naive_carry,29.1,34.6
2025-09-28,1,seasonal_naive_7,32.0,34.6
2025-09-28,1,climatology,48.67222222222222,34.6
2025-09-28,1,gru,34.28643369747793,34.6
2025-09-28,2,naive,29.1,33.7
2025-09-28,2,naive_carry,29.1,33.7
2025-09-28,2,seasonal_naive_7,28.0,33.7
2025-09-28,2,climatology,50.20577777777778,33.7
2025-09-28,2,gru,36.117718200732895,33.7
2025-09-28,3,naive,29.1,40.6
2025-09-28,3,naive_carry,29.1,40.6
2025-09-28,3,seasonal_naive_7,27.4,40.6
2025-09-28,3,climatology,53.208222222222226,40.6
2025-09-28,3,gru,31.291463425612342,40.6
2025-09-29,1,naive,34.6,33.7
2025-09-29,1,naive_carry,34.6,33.7
2025-09-29,1,seasonal_naive_7,28.0,33.7
2025-09-29,1,climatology,50.20577777777778,33.7
2025-09-29,1,gru,39.54015378773996,33.7
2025-09-29,2,naive,34.6,40.6
2025-09-29,2,naive_carry,34.6,40.6
2025-09-29,2,seasonal_naive_7,27.4,40.6
2025-09-29,2,climatology,53.208222222222226,40.6
2025-09-29,2,gru,41.57585596362174,40.6
2025-09-29,3,naive,34.6,37.2
2025-09-29,3,naive_carry,34.6,37.2
2025-09-29,3,seasonal_naive_7,28.1,37.2
2025-09-29,3,climatology,57.230222222222224,37.2
2025-09-29,3,gru,35.66486671727724,37.2
2025-09-30,1,naive,33.7,40.6
2025-09-30,1,naive_carry,33.7,40.6
2025-09-30,1,seasonal_naive_7,27.4,40.6
2025-09-30,1,climatology,53.208222222222226,40.6
2025-09-30,1,gru,35.90639260222348,40.6
2025-09-30,2,naive,33.7,37.2
2025-09-30,2,naive_carry,33.7,37.2
2025-09-30,2,seasonal_naive_7,28.1,37.2
2025-09-30,2,climatology,57.230222222222224,37.2
2025-09-30,2,gru,41.54398179924385,37.2
2025-09-30,3,naive,33.7,26.6
2025-09-30,3,naive_carry,33.7,26.6
2025-09-30,3,seasonal_naive_7,30.1,26.6
2025-09-30,3,climatology,59.41555555555556,26.6
2025-09-30,3,gru,37.96321625353251,26.6
2025-10-01,1,naive,40.6,37.2
2025-10-01,1,naive_carry,40.6,37.2
2025-10-01,1,seasonal_naive_7,28.1,37.2
2025-10-01,1,climatology,57.230222222222224,37.2
2025-10-01,1,gru,41.917472516062226,37.2
2025-10-01,2,naive,40.6,26.6
2025-10-01,2,naive_carry,40.6,26.6
2025-10-01,2,seasonal_naive_7,30.1,26.6
2025-10-01,2,climatology,59.41555555555556,26.6
2025-10-01,2,gru,47.12966828125005,26.6
2025-10-01,3,naive,40.6,57.9
2025-10-01,3,naive_carry,40.6,57.9
2025-10-01,3,seasonal_naive_7,58.3,57.9
2025-10-01,3,climatology,61.333333333333336,57.9
2025-10-01,3,gru,42.615344442700845,57.9
2025-10-02,1,naive,37.2,26.6
2025-10-02,1,naive_carry,37.2,26.6
2025-10-02,1,seasonal_naive_7,30.1,26.6
2025-10-02,1,climatology,59.41555555555556,26.6
2025-10-02,1,gru,40.18945971006175,26.6
2025-10-02,2,naive,37.2,57.9
2025-10-02,2,naive_carry,37.2,57.9
2025-10-02,2,seasonal_naive_7,58.3,57.9
2025-10-02,2,climatology,61.333333333333336,57.9
2025-10-02,2,gru,45.18076043167782,57.9
2025-10-02,3,naive,37.2,57.0
2025-10-02,3,naive_carry,37.2,57.0
2025-10-02,3,seasonal_naive_7,29.1,57.0
2025-10-02,3,climatology,63.592666666666666,57.0
2025-10-02,3,gru,41.56342918492578,57.0
2025-10-03,1,naive,26.6,57.9
2025-10-03,1,naive_carry,26.6,57.9
2025-10-03,1,seasonal_naive_7,58.3,57.9
2025-10-03,1,climatology,61.333333333333336,57.9
2025-10-03,1,gru,32.902858809651256,57.9
2025-10-03,2,naive,26.6,57.0
2025-10-03,2,naive_carry,26.6,57.0
2025-10-03,2,seasonal_naive_7,29.1,57.0
2025-10-03,2,climatology,63.592666666666666,57.0
2025-10-03,2,gru,38.388612904080226,57.0
2025-10-03,3,naive,26.6,23.9
2025-10-03,3,naive_carry,26.6,23.9
2025-10-03,3,seasonal_naive_7,34.6,23.9
2025-10-03,3,climatology,66.37088888888889,23.9
2025-10-03,3,gru,37.76244277409953,23.9
2025-10-04,1,naive,57.9,57.0
2025-10-04,1,naive_carry,57.9,57.0
2025-10-04,1,seasonal_naive_7,29.1,57.0
2025-10-04,1,climatology,63.592666666666666,57.0
2025-10-04,1,gru,50.532042753584435,57.0
2025-10-04,2,naive,57.9,23.9
2025-10-04,2,naive_carry,57.9,23.9
2025-10-04,2,seasonal_naive_7,34.6,23.9
2025-10-04,2,climatology,66.37088888888889,23.9
2025-10-04,2,gru,58.81108817291253,23.9
2025-10-04,3,naive,57.9,19.5
2025-10-04,3,naive_carry,57.9,19.5
2025-10-04,3,seasonal_naive_7,33.7,19.5
2025-10-04,3,climatology,67.24755555555555,19.5
2025-10-04,3,gru,51.53063144324923,19.5
2025-10-05,1,naive,57.0,23.9
2025-10-05,1,naive_carry,57.0,23.9
2025-10-05,1,seasonal_naive_7,34.6,23.9
2025-10-05,1,climatology,66.37088888888889,23.9
2025-10-05,1,gru,52.53863326223256,23.9
2025-10-05,2,naive,57.0,19.5
2025-10-05,2,naive_carry,57.0,19.5
2025-10-05,2,seasonal_naive_7,33.7,19.5
2025-10-05,2,climatology,67.24755555555555,19.5
2025-10-05,2,gru,55.90912193996667,19.5
2025-10-05,3,naive,57.0,36.9
2025-10-05,3,naive_carry,57.0,36.9
2025-10-05,3,seasonal_naive_7,40.6,36.9
2025-10-05,3,climatology,70.202,36.9
2025-10-05,3,gru,49.55522334075682,36.9
2025-10-06,1,naive,23.9,19.5
2025-10-06,1,naive_carry,23.9,19.5
2025-10-06,1,seasonal_naive_7,33.7,19.5
2025-10-06,1,climatology,67.24755555555555,19.5
2025-10-06,1,gru,27.29225555061896,19.5
2025-10-06,2,naive,23.9,36.9
2025-10-06,2,naive_carry,23.9,36.9
2025-10-06,2,seasonal_naive_7,40.6,36.9
2025-10-06,2,climatology,70.202,36.9
2025-10-06,2,gru,36.24769664589056,36.9
2025-10-06,3,naive,23.9,43.2
2025-10-06,3,naive_carry,23.9,43.2
2025-10-06,3,seasonal_naive_7,37.2,43.2
2025-10-06,3,climatology,80.80866666666665,43.2
2025-10-06,3,gru,39.73819019670483,43.2
2025-10-07,1,naive,19.5,36.9
2025-10-07,1,naive_carry,19.5,36.9
2025-10-07,1,seasonal_naive_7,40.6,36.9
2025-10-07,1,climatology,70.202,36.9
2025-10-07,1,gru,26.079499124021243,36.9
2025-10-07,2,naive,19.5,43.2
2025-10-07,2,naive_carry,19.5,43.2
2025-10-07,2,seasonal_naive_7,37.2,43.2
2025-10-07,2,climatology,80.80866666666665,43.2
2025-10-07,2,gru,36.86261693070918,43.2
2025-10-07,3,naive,19.5,65.2
2025-10-07,3,naive_carry,19.5,65.2
2025-10-07,3,seasonal_naive_7,26.6,65.2
2025-10-07,3,climatology,83.93977777777779,65.2
2025-10-07,3,gru,42.91603450274141,65.2
2025-10-08,1,naive,36.9,43.2
2025-10-08,1,naive_carry,36.9,43.2
2025-10-08,1,seasonal_naive_7,37.2,43.2
2025-10-08,1,climatology,80.80866666666665,43.2
2025-10-08,1,gru,42.67873542169101,43.2
2025-10-08,2,naive,36.9,65.2
2025-10-08,2,naive_carry,36.9,65.2
2025-10-08,2,seasonal_naive_7,26.6,65.2
2025-10-08,2,climatology,83.93977777777779,65.2
2025-10-08,2,gru,55.17182430030119,65.2
2025-10-08,3,naive,36.9,68.8
2025-10-08,3,naive_carry,36.9,68.8
2025-10-08,3,seasonal_naive_7,57.9,68.8
2025-10-08,3,climatology,86.32199999999999,68.8
2025-10-08,3,gru,67.90862065599626,68.8
2025-10-09,1,naive,43.2,65.2
2025-10-09,1,naive_carry,43.2,65.2
2025-10-09,1,seasonal_naive_7,26.6,65.2
2025-10-09,1,climatology,83.93977777777779,65.2
2025-10-09,1,gru,45.65346440200937,65.2
2025-10-09,2,naive,43.2,68.8
2025-10-09,2,naive_carry,43.2,68.8
2025-10-09,2,seasonal_naive_7,57.9,68.8
2025-10-09,2,climatology,86.32199999999999,68.8
2025-10-09,2,gru,62.04920598554305,68.8
2025-10-09,3,naive,43.2,63.9
2025-10-09,3,naive_carry,43.2,63.9
2025-10-09,3,seasonal_naive_7,57.0,63.9
2025-10-09,3,climatology,88.69977777777778,63.9
2025-10-09,3,gru,67.4249200101337,63.9
2025-10-10,1,naive,65.2,68.8
2025-10-10,1,naive_carry,65.2,68.8
2025-10-10,1,seasonal_naive_7,57.9,68.8
2025-10-10,1,climatology,86.32199999999999,68.8
2025-10-10,1,gru,66.72385099379096,68.8
2025-10-10,2,naive,65.2,63.9
2025-10-10,2,naive_carry,65.2,63.9
2025-10-10,2,seasonal_naive_7,57.0,63.9
2025-10-10,2,climatology,88.69977777777778,63.9
2025-10-10,2,gru,74.66671464841073,63.9
2025-10-10,3,naive,65.2,72.3
2025-10-10,3,naive_carry,65.2,72.3
2025-10-10,3,seasonal_naive_7,23.9,72.3
2025-10-10,3,climatology,91.33977777777775,72.3
2025-10-10,3,gru,78.26926108121177,72.3
2025-10-11,1,naive,68.8,63.9
2025-10-11,1,naive_carry,68.8,63.9
2025-10-11,1,seasonal_naive_7,57.0,63.9
2025-10-11,1,climatology,88.69977777777778,63.9
2025-10-11,1,gru,66.93214271771059,63.9
2025-10-11,2,naive,68.8,72.3
2025-10-11,2,naive_carry,68.8,72.3
2025-10-11,2,seasonal_naive_7,23.9,72.3
2025-10-11,2,climatology,91.33977777777775,72.3
2025-10-11,2,gru,77.11311104069569,72.3
2025-10-11,3,naive,68.8,74.6
2025-10-11,3,naive_carry,68.8,74.6
2025-10-11,3,seasonal_naive_7,19.5,74.6
2025-10-11,3,climatology,95.41133333333332,74.6
2025-10-11,3,gru,78.75939480547913,74.6
2025-10-12,1,naive,63.9,72.3
2025-10-12,1,naive_carry,63.9,72.3
2025-10-12,1,seasonal_naive_7,23.9,72.3
2025-10-12,1,climatology,91.33977777777775,72.3
2025-10-12,1,gru,66.5912421524075,72.3
2025-10-12,2,naive,63.9,74.6
2025-10-12,2,naive_carry,63.9,74.6
2025-10-12,2,seasonal_naive_7,19.5,74.6
2025-10-12,2,climatology,95.41133333333332,74.6
2025-10-12,2,gru,73.67284237420436,74.6
2025-10-12,3,naive,63.9,76.2
2025-10-12,3,naive_carry,63.9,76.2
2025-10-12,3,seasonal_naive_7,36.9,76.2
2025-10-12,3,climatology,98.20355555555555,76.2
2025-10-12,3,gru,79.84846199211842,76.2
2025-10-13,1,naive,72.3,74.6
2025-10-13,1,naive_carry,72.3,74.6
2025-10-13,1,seasonal_naive_7,19.5,74.6
2025-10-13,1,climatology,95.41133333333332,74.6
2025-10-13,1,gru,81.38748558906599,74.6
2025-10-13,2,naive,72.3,76.2
2025-10-13,2,naive_carry,72.3,76.2
2025-10-13,2,seasonal_naive_7,36.9,76.2
2025-10-13,2,climatology,98.20355555555555,76.2
2025-10-13,2,gru,81.84149657672103,76.2
2025-10-13,3,naive,72.3,88.6
2025-10-13,3,naive_carry,72.3,88.6
2025-10-13,3,seasonal_naive_7,43.2,88.6
2025-10-13,3,climatology,100.56744444444443,88.6
2025-10-13,3,gru,88.69594286853523,88.6
2025-10-14,1,naive,74.6,76.2
2025-10-14,1,naive_carry,74.6,76.2
2025-10-14,1,seasonal_naive_7,36.9,76.2
2025-10-14,1,climatology,98.20355555555555,76.2
2025-10-14,1,gru,78.37773935031773,76.2
2025-10-14,2,naive,74.6,88.6
2025-10-14,2,naive_carry,74.6,88.6
2025-10-14,2,seasonal_naive_7,43.2,88.6
2025-10-14,2,climatology,100.56744444444443,88.6
2025-10-14,2,gru,85.28269241414897,88.6
2025-10-14,3,naive,74.6,101.0
2025-10-14,3,naive_carry,74.6,101.0
2025-10-14,3,seasonal_naive_7,65.2,101.0
2025-10-14,3,climatology,104.06377777777776,101.0
2025-10-14,3,gru,92.69990332785174,101.0
2025-10-15,1,naive,76.2,88.6
2025-10-15,1,naive_carry,76.2,88.6
2025-10-15,1,seasonal_naive_7,43.2,88.6
2025-10-15,1,climatology,100.56744444444443,88.6
2025-10-15,1,gru,80.9452486068758,88.6
2025-10-15,2,naive,76.2,101.0
2025-10-15,2,naive_carry,76.2,101.0
2025-10-15,2,seasonal_naive_7,65.2,101.0
2025-10-15,2,climatology,104.06377777777776,101.0
2025-10-15,2,gru,88.30389814340799,101.0
2025-10-15,3,naive,76.2,111.0
2025-10-15,3,naive_carry,76.2,111.0
2025-10-15,3,seasonal_naive_7,68.8,111.0
2025-10-15,3,climatology,111.00344444444444,111.0
2025-10-15,3,gru,97.465068802572,111.0
2025-10-16,1,naive,88.6,101.0
2025-10-16,1,naive_carry,88.6,101.0
2025-10-16,1,seasonal_naive_7,65.2,101.0
2025-10-16,1,climatology,104.06377777777776,101.0
2025-10-16,1,gru,91.8221295311928,101.0
2025-10-16,2,naive,88.6,111.0
2025-10-16,2,naive_carry,88.6,111.0
2025-10-16,2,seasonal_naive_7,68.8,111.0
2025-10-16,2,climatology,111.00344444444444,111.0
2025-10-16,2,gru,96.49040380789253,111.0
2025-10-16,3,naive,88.6,129.0
2025-10-16,3,naive_carry,88.6,129.0
2025-10-16,3,seasonal_naive_7,63.9,129.0
2025-10-16,3,climatology,113.98811111111112,129.0
2025-10-16,3,gru,106.75765808034215,129.0
2025-10-17,1,naive,101.0,111.0
2025-10-17,1,naive_carry,101.0,111.0
2025-10-17,1,seasonal_naive_7,68.8,111.0
2025-10-17,1,climatology,111.00344444444444,111.0
2025-10-17,1,gru,104.17279917405943,111.0
2025-10-17,2,naive,101.0,129.0
2025-10-17,2,naive_carry,101.0,129.0
2025-10-17,2,seasonal_naive_7,63.9,129.0
2025-10-17,2,climatology,113.98811111111112,129.0
2025-10-17,2,gru,104.69764490937321,129.0
2025-10-17,3,naive,101.0,182.0
2025-10-17,3,naive_carry,101.0,182.0
2025-10-17,3,seasonal_naive_7,72.3,182.0
2025-10-17,3,climatology,119.42544444444444,182.0
2025-10-17,3,gru,113.35400199073709,182.0
2025-10-18,1,naive,111.0,129.0
2025-10-18,1,naive_carry,111.0,129.0
2025-10-18,1,seasonal_naive_7,63.9,129.0
2025-10-18,1,climatology,113.98811111111112,129.0
2025-10-18,1,gru,111.53083986178451,129.0
2025-10-18,2,naive,111.0,182.0
2025-10-18,2,naive_carry,111.0,182.0
2025-10-18,2,seasonal_naive_7,72.3,182.0
2025-10-18,2,climatology,119.42544444444444,182.0
2025-10-18,2,gru,110.1280086413715,182.0
2025-10-18,3,naive,111.0,129.0
2025-10-18,3,naive_carry,111.0,129.0
2025-10-18,3,seasonal_naive_7,74.6,129.0
2025-10-18,3,climatology,125.94944444444444,129.0
2025-10-18,3,gru,120.40836941399405,129.0
2025-10-19,1,naive,129.0,182.0
2025-10-19,1,naive_carry,129.0,182.0
2025-10-19,1,seasonal_naive_7,72.3,182.0
2025-10-19,1,climatology,119.42544444444444,182.0
2025-10-19,1,gru,126.29590829388196,182.0
2025-10-19,2,naive,129.0,129.0
2025-10-19,2,naive_carry,129.0,129.0
2025-10-19,2,seasonal_naive_7,74.6,129.0
2025-10-19,2,climatology,125.94944444444444,129.0
2025-10-19,2,gru,120.38129030181598,129.0
2025-10-19,3,naive,129.0,202.0
2025-10-19,3,naive_carry,129.0,202.0
2025-10-19,3,seasonal_naive_7,76.2,202.0
2025-10-19,3,climatology,134.3661111111111,202.0
2025-10-19,3,gru,135.00212275907938,202.0
2025-10-20,1,naive,182.0,129.0
2025-10-20,1,naive_carry,182.0,129.0
2025-10-20,1,seasonal_naive_7,74.6,129.0
2025-10-20,1,climatology,125.94944444444444,129.0
2025-10-20,1,gru,160.6139025561052,129.0
2025-10-20,2,naive,182.0,202.0
2025-10-20,2,naive_carry,182.0,202.0
2025-10-20,2,seasonal_naive_7,76.2,202.0
2025-10-20,2,climatology,134.3661111111111,202.0
2025-10-20,2,gru,141.9710417460318,202.0
2025-10-20,3,naive,182.0,123.0
2025-10-20,3,naive_carry,182.0,123.0
2025-10-20,3,seasonal_naive_7,88.6,123.0
2025-10-20,3,climatology,140.9961111111111,123.0
2025-10-20,3,gru,160.9994999336013,123.0
2025-10-21,1,naive,129.0,202.0
2025-10-21,1,naive_carry,129.0,202.0
2025-10-21,1,seasonal_naive_7,76.2,202.0
2025-10-21,1,climatology,134.3661111111111,202.0
2025-10-21,1,gru,139.46481072375866,202.0
2025-10-21,2,naive,129.0,123.0
2025-10-21,2,naive_carry,129.0,123.0
2025-10-21,2,seasonal_naive_7,88.6,123.0
2025-10-21,2,climatology,140.9961111111111,123.0
2025-10-21,2,gru,136.09772045993302,123.0
2025-10-21,3,naive,129.0,103.0
2025-10-21,3,naive_carry,129.0,103.0
2025-10-21,3,seasonal_naive_7,101.0,103.0
2025-10-21,3,climatology,140.78944444444446,103.0
2025-10-21,3,gru,161.94011800170838,103.0
2025-10-22,1,naive,202.0,123.0
2025-10-22,1,naive_carry,202.0,123.0
2025-10-22,1,seasonal_naive_7,88.6,123.0
2025-10-22,1,climatology,140.9961111111111,123.0
2025-10-22,1,gru,166.4283961154003,123.0
2025-10-22,2,naive,202.0,103.0
2025-10-22,2,naive_carry,202.0,103.0
2025-10-22,2,seasonal_naive_7,101.0,103.0
2025-10-22,2,climatology,140.78944444444446,103.0
2025-10-22,2,gru,158.10504375350826,103.0
2025-10-22,3,naive,202.0,118.0
2025-10-22,3,naive_carry,202.0,118.0
2025-10-22,3,seasonal_naive_7,111.0,118.0
2025-10-22,3,climatology,149.08166666666665,118.0
2025-10-22,3,gru,186.1538693270268,118.0
2025-10-23,1,naive,123.0,103.0
2025-10-23,1,naive_carry,123.0,103.0
2025-10-23,1,seasonal_naive_7,101.0,103.0
2025-10-23,1,climatology,140.78944444444446,103.0
2025-10-23,1,gru,138.39210858515412,103.0
2025-10-23,2,naive,123.0,118.0
2025-10-23,2,naive_carry,123.0,118.0
2025-10-23,2,seasonal_naive_7,111.0,118.0
2025-10-23,2,climatology,149.08166666666665,118.0
2025-10-23,2,gru,155.9014675824124,118.0
2025-10-23,3,naive,123.0,120.0
2025-10-23,3,naive_carry,123.0,120.0
2025-10-23,3,seasonal_naive_7,129.0,120.0
2025-10-23,3,climatology,157.12944444444443,120.0
2025-10-23,3,gru,185.66176229057587,120.0
2025-10-24,1,naive,103.0,118.0
2025-10-24,1,naive_carry,103.0,118.0
2025-10-24,1,seasonal_naive_7,111.0,118.0
2025-10-24,1,climatology,149.08166666666665,118.0
2025-10-24,1,gru,122.46787756404977,118.0
2025-10-24,2,naive,103.0,120.0
2025-10-24,2,naive_carry,103.0,120.0
2025-10-24,2,seasonal_naive_7,129.0,120.0
2025-10-24,2,climatology,157.12944444444443,120.0
2025-10-24,2,gru,159.664558636987,120.0
2025-10-25,1,naive,118.0,120.0
2025-10-25,1,naive_carry,118.0,120.0
2025-10-25,1,seasonal_naive_7,129.0,120.0
2025-10-25,1,climatology,157.12944444444443,120.0
2025-10-25,1,gru,134.35462622121426,120.0
2025-10-26,3,naive,120.0,151.0
2025-10-26,3,naive_carry,120.0,151.0
2025-10-26,3,seasonal_naive_7,202.0,151.0
2025-10-26,3,climatology,185.96277777777777,151.0
2025-10-26,3,gru,183.2749933634996,151.0
2025-10-29,1,naive,151.0,187.0
2025-10-29,1,naive_carry,151.0,187.0
2025-10-29,1,seasonal_naive_7,123.0,187.0
2025-10-29,1,climatology,192.7505555555555,187.0
2025-10-29,1,gru,169.7866256940769,187.0
2025-10-29,2,naive,151.0,93.2
2025-10-29,2,naive_carry,151.0,93.2
2025-10-29,2,seasonal_naive_7,103.0,93.2
2025-10-29,2,climatology,202.96055555555552,93.2
2025-10-29,2,gru,186.68661107858142,93.2
2025-10-29,3,naive,151.0,213.0
2025-10-29,3,naive_carry,151.0,213.0
2025-10-29,3,seasonal_naive_7,118.0,213.0
2025-10-29,3,climatology,219.2761111111111,213.0
2025-10-29,3,gru,200.88814610882517,213.0
2025-10-30,1,naive,187.0,93.2
2025-10-30,1,naive_carry,187.0,93.2
2025-10-30,1,seasonal_naive_7,103.0,93.2
2025-10-30,1,climatology,202.96055555555552,93.2
2025-10-30,1,gru,177.10051100178828,93.2
2025-10-30,2,naive,187.0,213.0
2025-10-30,2,naive_carry,187.0,213.0
2025-10-30,2,seasonal_naive_7,118.0,213.0
2025-10-30,2,climatology,219.2761111111111,213.0
2025-10-30,2,gru,189.03632466589914,213.0
2025-10-30,3,naive,187.0,177.0
2025-10-30,3,naive_carry,187.0,177.0
2025-10-30,3,seasonal_naive_7,120.0,177.0
2025-10-30,3,climatology,227.6737777777778,177.0
2025-10-30,3,gru,203.43498767536647,177.0
2025-10-31,1,naive,93.2,213.0
2025-10-31,1,naive_carry,93.2,213.0
2025-10-31,1,seasonal_naive_7,118.0,213.0
2025-10-31,1,climatology,219.2761111111111,213.0
2025-10-31,1,gru,119.63269271619815,213.0
2025-10-31,2,naive,93.2,177.0
2025-10-31,2,naive_carry,93.2,177.0
2025-10-31,2,seasonal_naive_7,120.0,177.0
2025-10-31,2,climatology,227.6737777777778,177.0
2025-10-31,2,gru,149.96769990094435,177.0
2025-11-01,1,naive,213.0,177.0
2025-11-01,1,naive_carry,213.0,177.0
2025-11-01,1,seasonal_naive_7,120.0,177.0
2025-11-01,1,climatology,227.6737777777778,177.0
2025-11-01,1,gru,190.89396199823284,177.0
2025-11-02,3,naive,177.0,107.0
2025-11-02,3,naive_carry,177.0,107.0
2025-11-02,3,seasonal_naive_7,151.0,107.0
2025-11-02,3,climatology,255.74387301587305,107.0
2025-11-02,3,gru,206.96403183069415,107.0
2025-11-03,2,naive,124.0,107.0
2025-11-03,2,naive_carry,124.0,107.0
2025-11-03,2,seasonal_naive_7,151.0,107.0
2025-11-03,2,climatology,255.74387301587305,107.0
2025-11-03,2,gru,168.34574417977026,107.0
2025-11-03,3,naive,124.0,186.0
2025-11-03,3,naive_carry,124.0,186.0
2025-11-03,3,seasonal_naive_7,187.0,186.0
2025-11-03,3,climatology,260.2486349206349,186.0
2025-11-03,3,gru,202.37090861900697,186.0
2025-11-04,1,naive,99.2,107.0
2025-11-04,1,naive_carry,99.2,107.0
2025-11-04,1,seasonal_naive_7,151.0,107.0
2025-11-04,1,climatology,255.74387301587305,107.0
2025-11-04,1,gru,131.31266114862785,107.0
2025-11-04,2,naive,99.2,186.0
2025-11-04,2,naive_carry,99.2,186.0
2025-11-04,2,seasonal_naive_7,187.0,186.0
2025-11-04,2,climatology,260.2486349206349,186.0
2025-11-04,2,gru,174.0887518051019,186.0
2025-11-04,3,naive,99.2,215.0
2025-11-04,3,naive_carry,99.2,215.0
2025-11-04,3,seasonal_naive_7,93.2,215.0
2025-11-04,3,climatology,260.50863492063496,215.0
2025-11-04,3,gru,200.48871708261967,215.0
2025-11-05,1,naive,107.0,186.0
2025-11-05,1,naive_carry,107.0,186.0
2025-11-05,1,seasonal_naive_7,187.0,186.0
2025-11-05,1,climatology,260.2486349206349,186.0
2025-11-05,1,gru,129.50812034766778,186.0
2025-11-05,2,naive,107.0,215.0
2025-11-05,2,naive_carry,107.0,215.0
2025-11-05,2,seasonal_naive_7,93.2,215.0
2025-11-05,2,climatology,260.50863492063496,215.0
2025-11-05,2,gru,167.12448609319316,215.0
2025-11-05,3,naive,107.0,251.0
2025-11-05,3,naive_carry,107.0,251.0
2025-11-05,3,seasonal_naive_7,213.0,251.0
2025-11-05,3,climatology,261.3130793650794,251.0
2025-11-05,3,gru,184.8688094086137,251.0
2025-11-06,1,naive,186.0,215.0
2025-11-06,1,naive_carry,186.0,215.0
2025-11-06,1,seasonal_naive_7,93.2,215.0
2025-11-06,1,climatology,260.50863492063496,215.0
2025-11-06,1,gru,167.32972231930628,215.0
2025-11-06,2,naive,186.0,251.0
2025-11-06,2,naive_carry,186.0,251.0
2025-11-06,2,seasonal_naive_7,213.0,251.0
2025-11-06,2,climatology,261.3130793650794,251.0
2025-11-06,2,gru,190.83870343063393,251.0
2025-11-06,3,naive,186.0,213.0
2025-11-06,3,naive_carry,186.0,213.0
2025-11-06,3,seasonal_naive_7,177.0,213.0
2025-11-06,3,climatology,259.1305396825397,213.0
2025-11-06,3,gru,218.68280027428392,213.0
2025-11-07,1,naive,215.0,251.0
2025-11-07,1,naive_carry,215.0,251.0
2025-11-07,1,seasonal_naive_7,213.0,251.0
2025-11-07,1,climatology,261.3130793650794,251.0
2025-11-07,1,gru,211.47743349156744,251.0
2025-11-07,2,naive,215.0,213.0
2025-11-07,2,naive_carry,215.0,213.0
2025-11-07,2,seasonal_naive_7,177.0,213.0
2025-11-07,2,climatology,259.1305396825397,213.0
2025-11-07,2,gru,226.1910387738082,213.0
2025-11-07,3,naive,215.0,279.0
2025-11-07,3,naive_carry,215.0,279.0
2025-11-07,3,seasonal_naive_7,124.0,279.0
2025-11-07,3,climatology,255.0645079365079,279.0
2025-11-07,3,gru,240.13103979572864,279.0
2025-11-08,1,naive,251.0,213.0
2025-11-08,1,naive_carry,251.0,213.0
2025-11-08,1,seasonal_naive_7,177.0,213.0
2025-11-08,1,climatology,259.1305396825397,213.0
2025-11-08,1,gru,254.31342954921095,213.0
2025-11-08,2,naive,251.0,279.0
2025-11-08,2,naive_carry,251.0,279.0
2025-11-08,2,seasonal_naive_7,124.0,279.0
2025-11-08,2,climatology,255.0645079365079,279.0
2025-11-08,2,gru,255.62304945221447,279.0
2025-11-08,3,naive,251.0,297.0
2025-11-08,3,naive_carry,251.0,297.0
2025-11-08,3,seasonal_naive_7,99.2,297.0
2025-11-08,3,climatology,248.0346666666667,297.0
2025-11-08,3,gru,257.0425427909189,297.0
2025-11-09,1,naive,213.0,279.0
2025-11-09,1,naive_carry,213.0,279.0
2025-11-09,1,seasonal_naive_7,124.0,279.0
2025-11-09,1,climatology,255.0645079365079,279.0
2025-11-09,1,gru,231.47185986931396,279.0
2025-11-09,2,naive,213.0,297.0
2025-11-09,2,naive_carry,213.0,297.0
2025-11-09,2,seasonal_naive_7,99.2,297.0
2025-11-09,2,climatology,248.0346666666667,297.0
2025-11-09,2,gru,257.1299270885579,297.0
2025-11-09,3,naive,213.0,326.0
2025-11-09,3,naive_carry,213.0,326.0
2025-11-09,3,seasonal_naive_7,107.0,326.0
2025-11-09,3,climatology,244.6871111111111,326.0
2025-11-09,3,gru,254.03513596318993,326.0
2025-11-10,1,naive,279.0,297.0
2025-11-10,1,naive_carry,279.0,297.0
2025-11-10,1,seasonal_naive_7,99.2,297.0
2025-11-10,1,climatology,248.0346666666667,297.0
2025-11-10,1,gru,287.6784858453824,297.0
2025-11-10,2,naive,279.0,326.0
2025-11-10,2,naive_carry,279.0,326.0
2025-11-10,2,seasonal_naive_7,107.0,326.0
2025-11-10,2,climatology,244.6871111111111,326.0
2025-11-10,2,gru,291.76068210749196,326.0
2025-11-10,3,naive,279.0,287.0
2025-11-10,3,naive_carry,279.0,287.0
2025-11-10,3,seasonal_naive_7,186.0,287.0
2025-11-10,3,climatology,238.28711111111113,287.0
2025-11-10,3,gru,269.884882385863,287.0
2025-11-11,1,naive,297.0,326.0
2025-11-11,1,naive_carry,297.0,326.0
2025-11-11,1,seasonal_naive_7,107.0,326.0
2025-11-11,1,climatology,244.6871111111111,326.0
2025-11-11,1,gru,274.0078088930042,326.0
2025-11-11,2,naive,297.0,287.0
2025-11-11,2,naive_carry,297.0,287.0
2025-11-11,2,seasonal_naive_7,186.0,287.0
2025-11-11,2,climatology,238.28711111111113,287.0
2025-11-11,2,gru,281.4795491290309,287.0
2025-11-11,3,naive,297.0,228.0
2025-11-11,3,naive_carry,297.0,228.0
2025-11-11,3,seasonal_naive_7,215.0,228.0
2025-11-11,3,climatology,237.28647619047615,228.0
2025-11-11,3,gru,267.4287642271491,228.0
2025-11-12,1,naive,326.0,287.0
2025-11-12,1,naive_carry,326.0,287.0
2025-11-12,1,seasonal_naive_7,186.0,287.0
2025-11-12,1,climatology,238.28711111111113,287.0
2025-11-12,1,gru,300.95243435973856,287.0
2025-11-12,2,naive,326.0,228.0
2025-11-12,2,naive_carry,326.0,228.0
2025-11-12,2,seasonal_naive_7,215.0,228.0
2025-11-12,2,climatology,237.28647619047615,228.0
2025-11-12,2,gru,283.1347419880738,228.0
2025-11-13,1,naive,287.0,228.0
2025-11-13,1,naive_carry,287.0,228.0
2025-11-13,1,seasonal_naive_7,215.0,228.0
2025-11-13,1,climatology,237.28647619047615,228.0
2025-11-13,1,gru,281.09054509606983,228.0
2025-11-13,3,naive,287.0,170.0
2025-11-13,3,naive_carry,287.0,170.0
2025-11-13,3,seasonal_naive_7,213.0,170.0
2025-11-13,3,climatology,214.5912380952381,170.0
2025-11-13,3,gru,266.7512239812522,170.0
2025-11-14,2,naive,228.0,170.0
2025-11-14,2,naive_carry,228.0,170.0
2025-11-14,2,seasonal_naive_7,213.0,170.0
2025-11-14,2,climatology,214.5912380952381,170.0
2025-11-14,2,gru,256.9707880114706,170.0
2025-11-16,2,naive,170.0,208.0
2025-11-16,2,naive_carry,170.0,208.0
2025-11-16,2,seasonal_naive_7,297.0,208.0
2025-11-16,2,climatology,196.2774603174603,208.0
2025-11-16,2,gru,272.6915625107463,208.0
2025-11-18,3,naive,208.0,163.0
2025-11-18,3,naive_carry,208.0,163.0
2025-11-18,3,seasonal_naive_7,228.0,163.0
2025-11-18,3,climatology,172.25650793650794,163.0
2025-11-18,3,gru,244.348057588409,163.0
2025-11-21,2,naive,163.0,223.0
2025-11-21,2,naive_carry,163.0,223.0
2025-11-21,2,seasonal_naive_7,170.0,223.0
2025-11-21,2,climatology,163.7926984126984,223.0
2025-11-21,2,gru,243.66387129382696,223.0
2025-11-22,1,naive,180.0,223.0
2025-11-22,1,naive_carry,180.0,223.0
2025-11-22,1,seasonal_naive_7,170.0,223.0
2025-11-22,1,climatology,163.7926984126984,223.0
2025-11-22,1,gru,190.94524388670823,223.0
2025-11-22,3,naive,180.0,192.0
2025-11-22,3,naive_carry,180.0,192.0
2025-11-22,3,seasonal_naive_7,208.0,192.0
2025-11-22,3,climatology,166.11587301587304,192.0
2025-11-22,3,gru,200.5386051460431,192.0
2025-11-23,2,naive,223.0,192.0
2025-11-23,2,naive_carry,223.0,192.0
2025-11-23,2,seasonal_naive_7,208.0,192.0
2025-11-23,2,climatology,166.11587301587304,192.0
2025-11-23,2,gru,218.99342683195073,192.0
2025-11-24,1,naive,221.0,192.0
2025-11-24,1,naive_carry,221.0,192.0
2025-11-24,1,seasonal_naive_7,208.0,192.0
2025-11-24,1,climatology,166.11587301587304,192.0
2025-11-24,1,gru,228.7716871660143,192.0
2025-11-25,3,naive,192.0,221.0
2025-11-25,3,naive_carry,192.0,221.0
2025-11-25,3,seasonal_naive_7,163.0,221.0
2025-11-25,3,climatology,171.3190476190476,221.0
2025-11-25,3,gru,208.19116004095963,221.0
2025-11-26,2,naive,164.0,221.0
2025-11-26,2,naive_carry,164.0,221.0
2025-11-26,2,seasonal_naive_7,163.0,221.0
2025-11-26,2,climatology,171.3190476190476,221.0
2025-11-26,2,gru,176.7445800528156,221.0
2025-11-26,3,naive,164.0,146.0
2025-11-26,3,naive_carry,164.0,146.0
2025-11-26,3,seasonal_naive_7,180.0,146.0
2025-11-26,3,climatology,171.91523809523812,146.0
2025-11-26,3,gru,203.41926215382728,146.0
2025-11-27,1,naive,221.0,221.0
2025-11-27,1,naive_carry,221.0,221.0
2025-11-27,1,seasonal_naive_7,163.0,221.0
2025-11-27,1,climatology,171.3190476190476,221.0
2025-11-27,1,gru,216.41920411117187,221.0
2025-11-27,2,naive,221.0,146.0
2025-11-27,2,naive_carry,221.0,146.0
2025-11-27,2,seasonal_naive_7,180.0,146.0
2025-11-27,2,climatology,171.91523809523812,146.0
2025-11-27,2,gru,184.6574524667855,146.0
2025-11-27,3,naive,221.0,155.0
2025-11-27,3,naive_carry,221.0,155.0
2025-11-27,3,seasonal_naive_7,223.0,155.0
2025-11-27,3,climatology,174.6660317460317,155.0
2025-11-27,3,gru,209.92806791999757,155.0
2025-11-28,1,naive,221.0,146.0
2025-11-28,1,naive_carry,221.0,146.0
2025-11-28,1,seasonal_naive_7,180.0,146.0
2025-11-28,1,climatology,171.91523809523812,146.0
2025-11-28,1,gru,206.62558075930218,146.0
2025-11-28,2,naive,221.0,155.0
2025-11-28,2,naive_carry,221.0,155.0
2025-11-28,2,seasonal_naive_7,223.0,155.0
2025-11-28,2,climatology,174.6660317460317,155.0
2025-11-28,2,gru,178.5250662620708,155.0
2025-11-28,3,naive,221.0,152.0
2025-11-28,3,naive_carry,221.0,152.0
2025-11-28,3,seasonal_naive_7,221.0,152.0
2025-11-28,3,climatology,179.11269841269842,152.0
2025-11-28,3,gru,202.49732743224308,152.0
2025-11-29,1,naive,146.0,155.0
2025-11-29,1,naive_carry,146.0,155.0
2025-11-29,1,seasonal_naive_7,223.0,155.0
2025-11-29,1,climatology,174.6660317460317,155.0
2025-11-29,1,gru,160.46108313714595,155.0
2025-11-29,2,naive,146.0,152.0
2025-11-29,2,naive_carry,146.0,152.0
2025-11-29,2,seasonal_naive_7,221.0,152.0
2025-11-29,2,climatology,179.11269841269842,152.0
2025-11-29,2,gru,157.74138966690793,152.0
2025-11-29,3,naive,146.0,236.0
2025-11-29,3,naive_carry,146.0,236.0
2025-11-29,3,seasonal_naive_7,192.0,236.0
2025-11-29,3,climatology,182.80380952380952,236.0
2025-11-29,3,gru,185.57602808419347,236.0
2025-11-30,1,naive,155.0,152.0
2025-11-30,1,naive_carry,155.0,152.0
2025-11-30,1,seasonal_naive_7,221.0,152.0
2025-11-30,1,climatology,179.11269841269842,152.0
2025-11-30,1,gru,164.2603974699236,152.0
2025-11-30,2,naive,155.0,236.0
2025-11-30,2,naive_carry,155.0,236.0
2025-11-30,2,seasonal_naive_7,192.0,236.0
2025-11-30,2,climatology,182.80380952380952,236.0
2025-11-30,2,gru,158.5138756861223,236.0
2025-11-30,3,naive,155.0,174.0
2025-11-30,3,naive_carry,155.0,174.0
2025-11-30,3,seasonal_naive_7,164.0,174.0
2025-11-30,3,climatology,185.04825396825396,174.0
2025-11-30,3,gru,189.3153376928882,174.0
2025-12-01,1,naive,152.0,236.0
2025-12-01,1,naive_carry,152.0,236.0
2025-12-01,1,seasonal_naive_7,192.0,236.0
2025-12-01,1,climatology,182.80380952380952,236.0
2025-12-01,1,gru,167.8431186621477,236.0
2025-12-01,2,naive,152.0,174.0
2025-12-01,2,naive_carry,152.0,174.0
2025-12-01,2,seasonal_naive_7,164.0,174.0
2025-12-01,2,climatology,185.04825396825396,174.0
2025-12-01,2,gru,167.22075926884423,174.0
2025-12-01,3,naive,152.0,173.0
2025-12-01,3,naive_carry,152.0,173.0
2025-12-01,3,seasonal_naive_7,221.0,173.0
2025-12-01,3,climatology,180.6752380952381,173.0
2025-12-01,3,gru,189.5396691296295,173.0
2025-12-02,1,naive,236.0,174.0
2025-12-02,1,naive_carry,236.0,174.0
2025-12-02,1,seasonal_naive_7,164.0,174.0
2025-12-02,1,climatology,185.04825396825396,174.0
2025-12-02,1,gru,225.6942252703958,174.0
2025-12-02,2,naive,236.0,173.0
2025-12-02,2,naive_carry,236.0,173.0
2025-12-02,2,seasonal_naive_7,221.0,173.0
2025-12-02,2,climatology,180.6752380952381,173.0
2025-12-02,2,gru,192.06377025898504,173.0
2025-12-02,3,naive,236.0,178.0
2025-12-02,3,naive_carry,236.0,178.0
2025-12-02,3,seasonal_naive_7,221.0,178.0
2025-12-02,3,climatology,181.90412698412695,178.0
2025-12-02,3,gru,205.3340501534561,178.0
2025-12-03,1,naive,174.0,173.0
2025-12-03,1,naive_carry,174.0,173.0
2025-12-03,1,seasonal_naive_7,221.0,173.0
2025-12-03,1,climatology,180.6752380952381,173.0
2025-12-03,1,gru,172.78683765544685,173.0
2025-12-03,2,naive,174.0,178.0
2025-12-03,2,naive_carry,174.0,178.0
2025-12-03,2,seasonal_naive_7,221.0,178.0
2025-12-03,2,climatology,181.90412698412695,178.0
2025-12-03,2,gru,172.31149950271848,178.0
2025-12-03,3,naive,174.0,169.0
2025-12-03,3,naive_carry,174.0,169.0
2025-12-03,3,seasonal_naive_7,146.0,169.0
2025-12-03,3,climatology,182.07257142857145,169.0
2025-12-03,3,gru,193.6095543655547,169.0
2025-12-04,1,naive,173.0,178.0
2025-12-04,1,naive_carry,173.0,178.0
2025-12-04,1,seasonal_naive_7,221.0,178.0
2025-12-04,1,climatology,181.90412698412695,178.0
2025-12-04,1,gru,185.06048165131057,178.0
2025-12-04,2,naive,173.0,169.0
2025-12-04,2,naive_carry,173.0,169.0
2025-12-04,2,seasonal_naive_7,146.0,169.0
2025-12-04,2,climatology,182.07257142857145,169.0
2025-12-04,2,gru,183.82485339245298,169.0
2025-12-04,3,naive,173.0,161.0
2025-12-04,3,naive_carry,173.0,161.0
2025-12-04,3,seasonal_naive_7,155.0,161.0
2025-12-04,3,climatology,181.5330476190476,161.0
2025-12-04,3,gru,212.02863854957553,161.0
2025-12-05,1,naive,178.0,169.0
2025-12-05,1,naive_carry,178.0,169.0
2025-12-05,1,seasonal_naive_7,146.0,169.0
2025-12-05,1,climatology,182.07257142857145,169.0
2025-12-05,1,gru,211.99553234314783,169.0
2025-12-05,2,naive,178.0,161.0
2025-12-05,2,naive_carry,178.0,161.0
2025-12-05,2,seasonal_naive_7,155.0,161.0
2025-12-05,2,climatology,181.5330476190476,161.0
2025-12-05,2,gru,207.7885535190331,161.0
2025-12-05,3,naive,178.0,152.0
2025-12-05,3,naive_carry,178.0,152.0
2025-12-05,3,seasonal_naive_7,152.0,152.0
2025-12-05,3,climatology,179.23215873015872,152.0
2025-12-05,3,gru,217.91965027838452,152.0
2025-12-06,1,naive,169.0,161.0
2025-12-06,1,naive_carry,169.0,161.0
2025-12-06,1,seasonal_naive_7,155.0,161.0
2025-12-06,1,climatology,181.5330476190476,161.0
2025-12-06,1,gru,155.397883154557,161.0
2025-12-06,2,naive,169.0,152.0
2025-12-06,2,naive_carry,169.0,152.0
2025-12-06,2,seasonal_naive_7,152.0,152.0
2025-12-06,2,climatology,179.23215873015872,152.0
2025-12-06,2,gru,168.17356200118854,152.0
2025-12-06,3,naive,169.0,130.0
2025-12-06,3,naive_carry,169.0,130.0
2025-12-06,3,seasonal_naive_7,236.0,130.0
2025-12-06,3,climatology,175.8531111111111,130.0
2025-12-06,3,gru,203.9726730614763,130.0
2025-12-07,1,naive,161.0,152.0
2025-12-07,1,naive_carry,161.0,152.0
2025-12-07,1,seasonal_naive_7,152.0,152.0
2025-12-07,1,climatology,179.23215873015872,152.0
2025-12-07,1,gru,183.16281102328753,152.0
2025-12-07,2,naive,161.0,130.0
2025-12-07,2,naive_carry,161.0,130.0
2025-12-07,2,seasonal_naive_7,236.0,130.0
2025-12-07,2,climatology,175.8531111111111,130.0
2025-12-07,2,gru,183.59183522584033,130.0
2025-12-07,3,naive,161.0,129.0
2025-12-07,3,naive_carry,161.0,129.0
2025-12-07,3,seasonal_naive_7,174.0,129.0
2025-12-07,3,climatology,172.1042222222222,129.0
2025-12-07,3,gru,196.35709011632375,129.0
2025-12-08,1,naive,152.0,130.0
2025-12-08,1,naive_carry,152.0,130.0
2025-12-08,1,seasonal_naive_7,236.0,130.0
2025-12-08,1,climatology,175.8531111111111,130.0
2025-12-08,1,gru,168.6389651787539,130.0
2025-12-08,2,naive,152.0,129.0
2025-12-08,2,naive_carry,152.0,129.0
2025-12-08,2,seasonal_naive_7,174.0,129.0
2025-12-08,2,climatology,172.1042222222222,129.0
2025-12-08,2,gru,163.26258633658,129.0
2025-12-08,3,naive,152.0,143.0
2025-12-08,3,naive_carry,152.0,143.0
2025-12-08,3,seasonal_naive_7,173.0,143.0
2025-12-08,3,climatology,170.27184126984127,143.0
2025-12-08,3,gru,188.28196415633153,143.0
2025-12-09,1,naive,130.0,129.0
2025-12-09,1,naive_carry,130.0,129.0
2025-12-09,1,seasonal_naive_7,174.0,129.0
2025-12-09,1,climatology,172.1042222222222,129.0
2025-12-09,1,gru,150.94303711171577,129.0
2025-12-09,2,naive,130.0,143.0
2025-12-09,2,naive_carry,130.0,143.0
2025-12-09,2,seasonal_naive_7,173.0,143.0
2025-12-09,2,climatology,170.27184126984127,143.0
2025-12-09,2,gru,148.9224734595166,143.0
2025-12-09,3,naive,130.0,191.0
2025-12-09,3,naive_carry,130.0,191.0
2025-12-09,3,seasonal_naive_7,178.0,191.0
2025-12-09,3,climatology,172.4985079365079,191.0
2025-12-09,3,gru,184.990336186539,191.0
2025-12-10,1,naive,129.0,143.0
2025-12-10,1,naive_carry,129.0,143.0
2025-12-10,1,seasonal_naive_7,173.0,143.0
2025-12-10,1,climatology,170.27184126984127,143.0
2025-12-10,1,gru,178.5915927341188,143.0
2025-12-10,2,naive,129.0,191.0
2025-12-10,2,naive_carry,129.0,191.0
2025-12-10,2,seasonal_naive_7,178.0,191.0
2025-12-10,2,climatology,172.4985079365079,191.0
2025-12-10,2,gru,167.23677119975522,191.0
2025-12-10,3,naive,129.0,357.0
2025-12-10,3,naive_carry,129.0,357.0
2025-12-10,3,seasonal_naive_7,169.0,357.0
2025-12-10,3,climatology,175.83755555555555,357.0
2025-12-10,3,gru,190.51038566769643,357.0
2025-12-11,1,naive,143.0,191.0
2025-12-11,1,naive_carry,143.0,191.0
2025-12-11,1,seasonal_naive_7,178.0,191.0
2025-12-11,1,climatology,172.4985079365079,191.0
2025-12-11,1,gru,183.52577068099927,191.0
2025-12-11,2,naive,143.0,357.0
2025-12-11,2,naive_carry,143.0,357.0
2025-12-11,2,seasonal_naive_7,169.0,357.0
2025-12-11,2,climatology,175.83755555555555,357.0
2025-12-11,2,gru,166.32077357889705,357.0
2025-12-11,3,naive,143.0,384.0
2025-12-11,3,naive_carry,143.0,384.0
2025-12-11,3,seasonal_naive_7,161.0,384.0
2025-12-11,3,climatology,177.72866666666667,384.0
2025-12-11,3,gru,188.41087240566577,384.0
2025-12-12,1,naive,191.0,357.0
2025-12-12,1,naive_carry,191.0,357.0
2025-12-12,1,seasonal_naive_7,169.0,357.0
2025-12-12,1,climatology,175.83755555555555,357.0
2025-12-12,1,gru,200.8869680479692,357.0
2025-12-12,2,naive,191.0,384.0
2025-12-12,2,naive_carry,191.0,384.0
2025-12-12,2,seasonal_naive_7,161.0,384.0
2025-12-12,2,climatology,177.72866666666667,384.0
2025-12-12,2,gru,167.6561389152874,384.0
2025-12-12,3,naive,191.0,270.0
2025-12-12,3,naive_carry,191.0,270.0
2025-12-12,3,seasonal_naive_7,152.0,270.0
2025-12-12,3,climatology,179.0397777777778,270.0
2025-12-12,3,gru,188.76669128274884,270.0
2025-12-13,1,naive,357.0,384.0
2025-12-13,1,naive_carry,357.0,384.0
2025-12-13,1,seasonal_naive_7,161.0,384.0
2025-12-13,1,climatology,177.72866666666667,384.0
2025-12-13,1,gru,295.2603550636019,384.0
2025-12-13,2,naive,357.0,270.0
2025-12-13,2,naive_carry,357.0,270.0
2025-12-13,2,seasonal_naive_7,152.0,270.0
2025-12-13,2,climatology,179.0397777777778,270.0
2025-12-13,2,gru,199.820323957353,270.0
2025-12-13,3,naive,357.0,184.0
2025-12-13,3,naive_carry,357.0,184.0
2025-12-13,3,seasonal_naive_7,130.0,184.0
2025-12-13,3,climatology,182.8931111111111,184.0
2025-12-13,3,gru,207.52504574537932,184.0
2025-12-14,1,naive,384.0,270.0
2025-12-14,1,naive_carry,384.0,270.0
2025-12-14,1,seasonal_naive_7,152.0,270.0
2025-12-14,1,climatology,179.0397777777778,270.0
2025-12-14,1,gru,317.87766025271117,270.0
2025-12-14,2,naive,384.0,184.0
2025-12-14,2,naive_carry,384.0,184.0
2025-12-14,2,seasonal_naive_7,130.0,184.0
2025-12-14,2,climatology,182.8931111111111,184.0
2025-12-14,2,gru,210.7137066615774,184.0
2025-12-14,3,naive,384.0,184.0
2025-12-14,3,naive_carry,384.0,184.0
2025-12-14,3,seasonal_naive_7,129.0,184.0
2025-12-14,3,climatology,189.6042222222222,184.0
2025-12-14,3,gru,206.46481438156127,184.0
2025-12-15,1,naive,270.0,184.0
2025-12-15,1,naive_carry,270.0,184.0
2025-12-15,1,seasonal_naive_7,130.0,184.0
2025-12-15,1,climatology,182.8931111111111,184.0
2025-12-15,1,gru,236.70017369169767,184.0
2025-12-15,2,naive,270.0,184.0
2025-12-15,2,naive_carry,270.0,184.0
2025-12-15,2,seasonal_naive_7,129.0,184.0
2025-12-15,2,climatology,189.6042222222222,184.0
2025-12-15,2,gru,180.6221726240037,184.0
2025-12-15,3,naive,270.0,301.0
2025-12-15,3,naive_carry,270.0,301.0
2025-12-15,3,seasonal_naive_7,143.0,301.0
2025-12-15,3,climatology,194.41977777777777,301.0
2025-12-15,3,gru,199.66333349788025,301.0
2025-12-16,1,naive,184.0,184.0
2025-12-16,1,naive_carry,184.0,184.0
2025-12-16,1,seasonal_naive_7,129.0,184.0
2025-12-16,1,climatology,189.6042222222222,184.0
2025-12-16,1,gru,170.95767922877025,184.0
2025-12-16,2,naive,184.0,301.0
2025-12-16,2,naive_carry,184.0,301.0
2025-12-16,2,seasonal_naive_7,143.0,301.0
2025-12-16,2,climatology,194.41977777777777,301.0
2025-12-16,2,gru,161.63839040618655,301.0
2025-12-16,3,naive,184.0,232.0
2025-12-16,3,naive_carry,184.0,232.0
2025-12-16,3,seasonal_naive_7,191.0,232.0
2025-12-16,3,climatology,199.04199999999997,232.0
2025-12-16,3,gru,195.5329857710521,232.0
2025-12-17,1,naive,184.0,301.0
2025-12-17,1,naive_carry,184.0,301.0
2025-12-17,1,seasonal_naive_7,143.0,301.0
2025-12-17,1,climatology,194.41977777777777,301.0
2025-12-17,1,gru,195.1298704409313,301.0
2025-12-17,2,naive,184.0,232.0
2025-12-17,2,naive_carry,184.0,232.0
2025-12-17,2,seasonal_naive_7,191.0,232.0
2025-12-17,2,climatology,199.04199999999997,232.0
2025-12-17,2,gru,183.88765833455466,232.0
2025-12-17,3,naive,184.0,275.0
2025-12-17,3,naive_carry,184.0,275.0
2025-12-17,3,seasonal_naive_7,357.0,275.0
2025-12-17,3,climatology,200.87977777777775,275.0
2025-12-17,3,gru,200.47298615202865,275.0
2025-12-18,1,naive,301.0,232.0
2025-12-18,1,naive_carry,301.0,232.0
2025-12-18,1,seasonal_naive_7,191.0,232.0
2025-12-18,1,climatology,199.04199999999997,232.0
2025-12-18,1,gru,301.28943093024606,232.0
2025-12-18,2,naive,301.0,275.0
2025-12-18,2,naive_carry,301.0,275.0
2025-12-18,2,seasonal_naive_7,357.0,275.0
2025-12-18,2,climatology,200.87977777777775,275.0
2025-12-18,2,gru,240.41545946035143,275.0
2025-12-18,3,naive,301.0,239.0
2025-12-18,3,naive_carry,301.0,239.0
2025-12-18,3,seasonal_naive_7,384.0,239.0
2025-12-18,3,climatology,209.2068888888889,239.0
2025-12-18,3,gru,220.49013004524022,239.0
2025-12-19,1,naive,232.0,275.0
2025-12-19,1,naive_carry,232.0,275.0
2025-12-19,1,seasonal_naive_7,357.0,275.0
2025-12-19,1,climatology,200.87977777777775,275.0
2025-12-19,1,gru,222.4452435828361,275.0
2025-12-19,2,naive,232.0,239.0
2025-12-19,2,naive_carry,232.0,239.0
2025-12-19,2,seasonal_naive_7,384.0,239.0
2025-12-19,2,climatology,209.2068888888889,239.0
2025-12-19,2,gru,220.81834492204413,239.0
2025-12-19,3,naive,232.0,290.0
2025-12-19,3,naive_carry,232.0,290.0
2025-12-19,3,seasonal_naive_7,270.0,290.0
2025-12-19,3,climatology,213.9616507936508,290.0
2025-12-19,3,gru,212.9003842266099,290.0
2025-12-20,1,naive,275.0,239.0
2025-12-20,1,naive_carry,275.0,239.0
2025-12-20,1,seasonal_naive_7,384.0,239.0
2025-12-20,1,climatology,209.2068888888889,239.0
2025-12-20,1,gru,269.04344716038923,239.0
2025-12-20,2,naive,275.0,290.0
2025-12-20,2,naive_carry,275.0,290.0
2025-12-20,2,seasonal_naive_7,270.0,290.0
2025-12-20,2,climatology,213.9616507936508,290.0
2025-12-20,2,gru,241.8191661756028,290.0
2025-12-20,3,naive,275.0,283.0
2025-12-20,3,naive_carry,275.0,283.0
2025-12-20,3,seasonal_naive_7,184.0,283.0
2025-12-20,3,climatology,222.4784126984127,283.0
2025-12-20,3,gru,223.4843236682665,283.0
2025-12-21,1,naive,239.0,290.0
2025-12-21,1,naive_carry,239.0,290.0
2025-12-21,1,seasonal_naive_7,270.0,290.0
2025-12-21,1,climatology,213.9616507936508,290.0
2025-12-21,1,gru,242.10081037304317,290.0
2025-12-21,2,naive,239.0,283.0
2025-12-21,2,naive_carry,239.0,283.0
2025-12-21,2,seasonal_naive_7,184.0,283.0
2025-12-21,2,climatology,222.4784126984127,283.0
2025-12-21,2,gru,227.10727383944263,283.0
2025-12-21,3,naive,239.0,108.0
2025-12-21,3,naive_carry,239.0,108.0
2025-12-21,3,seasonal_naive_7,184.0,108.0
2025-12-21,3,climatology,228.01619047619047,108.0
2025-12-21,3,gru,212.10004815157868,108.0
2025-12-22,1,naive,290.0,283.0
2025-12-22,1,naive_carry,290.0,283.0
2025-12-22,1,seasonal_naive_7,184.0,283.0
2025-12-22,1,climatology,222.4784126984127,283.0
2025-12-22,1,gru,260.5117924823041,283.0
2025-12-22,2,naive,290.0,108.0
2025-12-22,2,naive_carry,290.0,108.0
2025-12-22,2,seasonal_naive_7,184.0,108.0
2025-12-22,2,climatology,228.01619047619047,108.0
2025-12-22,2,gru,214.9830423685201,108.0
2025-12-22,3,naive,290.0,104.0
2025-12-22,3,naive_carry,290.0,104.0
2025-12-22,3,seasonal_naive_7,301.0,104.0
2025-12-22,3,climatology,233.8761904761905,104.0
2025-12-22,3,gru,205.55196004507107,104.0
2025-12-23,1,naive,283.0,108.0
2025-12-23,1,naive_carry,283.0,108.0
2025-12-23,1,seasonal_naive_7,184.0,108.0
2025-12-23,1,climatology,228.01619047619047,108.0
2025-12-23,1,gru,209.52870226834975,108.0
2025-12-23,2,naive,283.0,104.0
2025-12-23,2,naive_carry,283.0,104.0
2025-12-23,2,seasonal_naive_7,301.0,104.0
2025-12-23,2,climatology,233.8761904761905,104.0
2025-12-23,2,gru,175.74415919412527,104.0
2025-12-23,3,naive,283.0,173.0
2025-12-23,3,naive_carry,283.0,173.0
2025-12-23,3,seasonal_naive_7,232.0,173.0
2025-12-23,3,climatology,239.69904761904763,173.0
2025-12-23,3,gru,196.9816701107944,173.0
2025-12-24,1,naive,108.0,104.0
2025-12-24,1,naive_carry,108.0,104.0
2025-12-24,1,seasonal_naive_7,301.0,104.0
2025-12-24,1,climatology,233.8761904761905,104.0
2025-12-24,1,gru,129.20900627543065,104.0
2025-12-24,2,naive,108.0,173.0
2025-12-24,2,naive_carry,108.0,173.0
2025-12-24,2,seasonal_naive_7,232.0,173.0
2025-12-24,2,climatology,239.69904761904763,173.0
2025-12-24,2,gru,141.2082751695456,173.0
2025-12-24,3,naive,108.0,264.0
2025-12-24,3,naive_carry,108.0,264.0
2025-12-24,3,seasonal_naive_7,275.0,264.0
2025-12-24,3,climatology,244.1879365079365,264.0
2025-12-24,3,gru,175.833445169682,264.0
2025-12-25,1,naive,104.0,173.0
2025-12-25,1,naive_carry,104.0,173.0
2025-12-25,1,seasonal_naive_7,232.0,173.0
2025-12-25,1,climatology,239.69904761904763,173.0
2025-12-25,1,gru,179.9740545798731,173.0
2025-12-25,2,naive,104.0,264.0
2025-12-25,2,naive_carry,104.0,264.0
2025-12-25,2,seasonal_naive_7,275.0,264.0
2025-12-25,2,climatology,244.1879365079365,264.0
2025-12-25,2,gru,171.27975210827972,264.0
2025-12-25,3,naive,104.0,247.0
2025-12-25,3,naive_carry,104.0,247.0
2025-12-25,3,seasonal_naive_7,239.0,247.0
2025-12-25,3,climatology,243.73460317460317,247.0
2025-12-25,3,gru,191.92079836628966,247.0
2025-12-26,1,naive,173.0,264.0
2025-12-26,1,naive_carry,173.0,264.0
2025-12-26,1,seasonal_naive_7,275.0,264.0
2025-12-26,1,climatology,244.1879365079365,264.0
2025-12-26,1,gru,182.68728209746064,264.0
2025-12-26,2,naive,173.0,247.0
2025-12-26,2,naive_carry,173.0,247.0
2025-12-26,2,seasonal_naive_7,239.0,247.0
2025-12-26,2,climatology,243.73460317460317,247.0
2025-12-26,2,gru,166.144357932999,247.0
2025-12-26,3,naive,173.0,285.0
2025-12-26,3,naive_carry,173.0,285.0
2025-12-26,3,seasonal_naive_7,290.0,285.0
2025-12-26,3,climatology,241.96920634920633,285.0
2025-12-26,3,gru,199.10441051802377,285.0
2025-12-27,1,naive,264.0,247.0
2025-12-27,1,naive_carry,264.0,247.0
2025-12-27,1,seasonal_naive_7,239.0,247.0
2025-12-27,1,climatology,243.73460317460317,247.0
2025-12-27,1,gru,221.8078333835119,247.0
2025-12-27,2,naive,264.0,285.0
2025-12-27,2,naive_carry,264.0,285.0
2025-12-27,2,seasonal_naive_7,290.0,285.0
2025-12-27,2,climatology,241.96920634920633,285.0
2025-12-27,2,gru,187.88013334176588,285.0
2025-12-27,3,naive,264.0,247.0
2025-12-27,3,naive_carry,264.0,247.0
2025-12-27,3,seasonal_naive_7,283.0,247.0
2025-12-27,3,climatology,241.29968253968255,247.0
2025-12-27,3,gru,205.24444913914272,247.0
2025-12-28,1,naive,247.0,285.0
2025-12-28,1,naive_carry,247.0,285.0
2025-12-28,1,seasonal_naive_7,290.0,285.0
2025-12-28,1,climatology,241.96920634920633,285.0
2025-12-28,1,gru,242.0512667251451,285.0
2025-12-28,2,naive,247.0,247.0
2025-12-28,2,naive_carry,247.0,247.0
2025-12-28,2,seasonal_naive_7,283.0,247.0
2025-12-28,2,climatology,241.29968253968255,247.0
2025-12-28,2,gru,203.37082986399346,247.0
2025-12-28,3,naive,247.0,275.0
2025-12-28,3,naive_carry,247.0,275.0
2025-12-28,3,seasonal_naive_7,108.0,275.0
2025-12-28,3,climatology,235.85206349206348,275.0
2025-12-28,3,gru,204.98934487808123,275.0
2025-12-29,1,naive,285.0,247.0
2025-12-29,1,naive_carry,285.0,247.0
2025-12-29,1,seasonal_naive_7,283.0,247.0
2025-12-29,1,climatology,241.29968253968255,247.0
2025-12-29,1,gru,244.2650137113242,247.0
2025-12-29,2,naive,285.0,275.0
2025-12-29,2,naive_carry,285.0,275.0
2025-12-29,2,seasonal_naive_7,108.0,275.0
2025-12-29,2,climatology,235.85206349206348,275.0
2025-12-29,2,gru,187.0027222308232,275.0
2025-12-29,3,naive,285.0,234.0
2025-12-29,3,naive_carry,285.0,234.0
2025-12-29,3,seasonal_naive_7,104.0,234.0
2025-12-29,3,climatology,220.09587301587305,234.0
2025-12-29,3,gru,205.37868750024126,234.0
2025-12-30,1,naive,247.0,275.0
2025-12-30,1,naive_carry,247.0,275.0
2025-12-30,1,seasonal_naive_7,108.0,275.0
2025-12-30,1,climatology,235.85206349206348,275.0
2025-12-30,1,gru,238.83337815557277,275.0
2025-12-30,2,naive,247.0,234.0
2025-12-30,2,naive_carry,247.0,234.0
2025-12-30,2,seasonal_naive_7,104.0,234.0
2025-12-30,2,climatology,220.09587301587305,234.0
2025-12-30,2,gru,194.9308570130814,234.0
2025-12-30,3,naive,247.0,96.1
2025-12-30,3,naive_carry,247.0,96.1
2025-12-30,3,seasonal_naive_7,173.0,96.1
2025-12-30,3,climatology,216.3,96.1
2025-12-30,3,gru,198.73806399872615,96.1
2025-12-31,1,naive,275.0,234.0
2025-12-31,1,naive_carry,275.0,234.0
2025-12-31,1,seasonal_naive_7,104.0,234.0
2025-12-31,1,climatology,220.09587301587305,234.0
2025-12-31,1,gru,229.40685144047808,234.0
2025-12-31,2,naive,275.0,96.1
2025-12-31,2,naive_carry,275.0,96.1
2025-12-31,2,seasonal_naive_7,173.0,96.1
2025-12-31,2,climatology,216.3,96.1
2025-12-31,2,gru,197.20576817373507,96.1
2025-12-31,3,naive,275.0,146.0
2025-12-31,3,naive_carry,275.0,146.0
2025-12-31,3,seasonal_naive_7,264.0,146.0
2025-12-31,3,climatology,214.6126984126984,146.0
2025-12-31,3,gru,204.31694927082694,146.0
2026-01-01,1,naive,234.0,96.1
2026-01-01,1,naive_carry,234.0,96.1
2026-01-01,1,seasonal_naive_7,173.0,96.1
2026-01-01,1,climatology,216.3,96.1
2026-01-01,1,gru,220.3150028393467,96.1
2026-01-01,2,naive,234.0,146.0
2026-01-01,2,naive_carry,234.0,146.0
2026-01-01,2,seasonal_naive_7,264.0,146.0
2026-01-01,2,climatology,214.6126984126984,146.0
2026-01-01,2,gru,205.95035023181939,146.0
2026-01-01,3,naive,234.0,139.0
2026-01-01,3,naive_carry,234.0,139.0
2026-01-01,3,seasonal_naive_7,247.0,139.0
2026-01-01,3,climatology,209.7253968253968,139.0
2026-01-01,3,gru,193.80715078700183,139.0
2026-01-02,1,naive,96.1,146.0
2026-01-02,1,naive_carry,96.1,146.0
2026-01-02,1,seasonal_naive_7,264.0,146.0
2026-01-02,1,climatology,214.6126984126984,146.0
2026-01-02,1,gru,133.1873063366848,146.0
2026-01-02,2,naive,96.1,139.0
2026-01-02,2,naive_carry,96.1,139.0
2026-01-02,2,seasonal_naive_7,247.0,139.0
2026-01-02,2,climatology,209.7253968253968,139.0
2026-01-02,2,gru,173.64713119463863,139.0
2026-01-02,3,naive,96.1,132.0
2026-01-02,3,naive_carry,96.1,132.0
2026-01-02,3,seasonal_naive_7,285.0,132.0
2026-01-02,3,climatology,208.85396825396825,132.0
2026-01-02,3,gru,167.55853375042938,132.0
2026-01-03,1,naive,146.0,139.0
2026-01-03,1,naive_carry,146.0,139.0
2026-01-03,1,seasonal_naive_7,247.0,139.0
2026-01-03,1,climatology,209.7253968253968,139.0
2026-01-03,1,gru,179.7049843009641,139.0
2026-01-03,2,naive,146.0,132.0
2026-01-03,2,naive_carry,146.0,132.0
2026-01-03,2,seasonal_naive_7,285.0,132.0
2026-01-03,2,climatology,208.85396825396825,132.0
2026-01-03,2,gru,186.11317782885567,132.0
2026-01-03,3,naive,146.0,186.0
2026-01-03,3,naive_carry,146.0,186.0
2026-01-03,3,seasonal_naive_7,247.0,186.0
2026-01-03,3,climatology,207.5892063492063,186.0
2026-01-03,3,gru,195.58664828007088,186.0
2026-01-04,1,naive,139.0,132.0
2026-01-04,1,naive_carry,139.0,132.0
2026-01-04,1,seasonal_naive_7,285.0,132.0
2026-01-04,1,climatology,208.85396825396825,132.0
2026-01-04,1,gru,167.42799456281304,132.0
2026-01-04,2,naive,139.0,186.0
2026-01-04,2,naive_carry,139.0,186.0
2026-01-04,2,seasonal_naive_7,247.0,186.0
2026-01-04,2,climatology,207.5892063492063,186.0
2026-01-04,2,gru,189.77422896138992,186.0
2026-01-04,3,naive,139.0,155.0
2026-01-04,3,naive_carry,139.0,155.0
2026-01-04,3,seasonal_naive_7,275.0,155.0
2026-01-04,3,climatology,209.6380952380952,155.0
2026-01-04,3,gru,187.73824015746249,155.0
2026-01-05,1,naive,132.0,186.0
2026-01-05,1,naive_carry,132.0,186.0
2026-01-05,1,seasonal_naive_7,247.0,186.0
2026-01-05,1,climatology,207.5892063492063,186.0
2026-01-05,1,gru,152.16413522314514,186.0
2026-01-05,2,naive,132.0,155.0
2026-01-05,2,naive_carry,132.0,155.0
2026-01-05,2,seasonal_naive_7,275.0,155.0
2026-01-05,2,climatology,209.6380952380952,155.0
2026-01-05,2,gru,171.103779387924,155.0
2026-01-05,3,naive,132.0,168.0
2026-01-05,3,naive_carry,132.0,168.0
2026-01-05,3,seasonal_naive_7,234.0,168.0
2026-01-05,3,climatology,207.67142857142855,168.0
2026-01-05,3,gru,180.39821437737706,168.0
2026-01-06,1,naive,186.0,155.0
2026-01-06,1,naive_carry,186.0,155.0
2026-01-06,1,seasonal_naive_7,275.0,155.0
2026-01-06,1,climatology,209.6380952380952,155.0
2026-01-06,1,gru,187.1079044072038,155.0
2026-01-06,2,naive,186.0,168.0
2026-01-06,2,naive_carry,186.0,168.0
2026-01-06,2,seasonal_naive_7,234.0,168.0
2026-01-06,2,climatology,207.67142857142855,168.0
2026-01-06,2,gru,171.22767874551164,168.0
2026-01-06,3,naive,186.0,215.0
2026-01-06,3,naive_carry,186.0,215.0
2026-01-06,3,seasonal_naive_7,96.1,215.0
2026-01-06,3,climatology,202.08095238095237,215.0
2026-01-06,3,gru,185.9945690977716,215.0
2026-01-07,1,naive,155.0,168.0
2026-01-07,1,naive_carry,155.0,168.0
2026-01-07,1,seasonal_naive_7,234.0,168.0
2026-01-07,1,climatology,207.67142857142855,168.0
2026-01-07,1,gru,168.99861386484656,168.0
2026-01-07,2,naive,155.0,215.0
2026-01-07,2,naive_carry,155.0,215.0
2026-01-07,2,seasonal_naive_7,96.1,215.0
2026-01-07,2,climatology,202.08095238095237,215.0
2026-01-07,2,gru,170.25205976781314,215.0
2026-01-07,3,naive,155.0,171.0
2026-01-07,3,naive_carry,155.0,171.0
2026-01-07,3,seasonal_naive_7,146.0,171.0
2026-01-07,3,climatology,197.0015873015873,171.0
2026-01-07,3,gru,193.34983954437345,171.0
2026-01-08,1,naive,168.0,215.0
2026-01-08,1,naive_carry,168.0,215.0
2026-01-08,1,seasonal_naive_7,96.1,215.0
2026-01-08,1,climatology,202.08095238095237,215.0
2026-01-08,1,gru,197.67965648963727,215.0
2026-01-08,2,naive,168.0,171.0
2026-01-08,2,naive_carry,168.0,171.0
2026-01-08,2,seasonal_naive_7,146.0,171.0
2026-01-08,2,climatology,197.0015873015873,171.0
2026-01-08,2,gru,190.54410858130552,171.0
2026-01-08,3,naive,168.0,158.0
2026-01-08,3,naive_carry,168.0,158.0
2026-01-08,3,seasonal_naive_7,139.0,158.0
2026-01-08,3,climatology,193.64603174603175,158.0
2026-01-08,3,gru,203.06241517625764,158.0
2026-01-09,1,naive,215.0,171.0
2026-01-09,1,naive_carry,215.0,171.0
2026-01-09,1,seasonal_naive_7,146.0,171.0
2026-01-09,1,climatology,197.0015873015873,171.0
2026-01-09,1,gru,213.44358941440888,171.0
2026-01-09,2,naive,215.0,158.0
2026-01-09,2,naive_carry,215.0,158.0
2026-01-09,2,seasonal_naive_7,139.0,158.0
2026-01-09,2,climatology,193.64603174603175,158.0
2026-01-09,2,gru,193.28746652682509,158.0
2026-01-09,3,naive,215.0,167.0
2026-01-09,3,naive_carry,215.0,167.0
2026-01-09,3,seasonal_naive_7,132.0,167.0
2026-01-09,3,climatology,195.27650793650795,167.0
2026-01-09,3,gru,198.16268288097737,167.0
2026-01-10,1,naive,171.0,158.0
2026-01-10,1,naive_carry,171.0,158.0
2026-01-10,1,seasonal_naive_7,139.0,158.0
2026-01-10,1,climatology,193.64603174603175,158.0
2026-01-10,1,gru,176.95868935284412,158.0
2026-01-10,2,naive,171.0,167.0
2026-01-10,2,naive_carry,171.0,167.0
2026-01-10,2,seasonal_naive_7,132.0,167.0
2026-01-10,2,climatology,195.27650793650795,167.0
2026-01-10,2,gru,187.72318943557153,167.0
2026-01-10,3,naive,171.0,260.0
2026-01-10,3,naive_carry,171.0,260.0
2026-01-10,3,seasonal_naive_7,186.0,260.0
2026-01-10,3,climatology,192.67936507936508,260.0
2026-01-10,3,gru,184.05424469037132,260.0
2026-01-11,1,naive,158.0,167.0
2026-01-11,1,naive_carry,158.0,167.0
2026-01-11,1,seasonal_naive_7,132.0,167.0
2026-01-11,1,climatology,195.27650793650795,167.0
2026-01-11,1,gru,157.32199910946238,167.0
2026-01-11,2,naive,158.0,260.0
2026-01-11,2,naive_carry,158.0,260.0
2026-01-11,2,seasonal_naive_7,186.0,260.0
2026-01-11,2,climatology,192.67936507936508,260.0
2026-01-11,2,gru,180.98915061384315,260.0
2026-01-11,3,naive,158.0,237.0
2026-01-11,3,naive_carry,158.0,237.0
2026-01-11,3,seasonal_naive_7,155.0,237.0
2026-01-11,3,climatology,192.35555555555553,237.0
2026-01-11,3,gru,186.90782473261893,237.0
2026-01-12,1,naive,167.0,260.0
2026-01-12,1,naive_carry,167.0,260.0
2026-01-12,1,seasonal_naive_7,186.0,260.0
2026-01-12,1,climatology,192.67936507936508,260.0
2026-01-12,1,gru,208.56788366515642,260.0
2026-01-12,2,naive,167.0,237.0
2026-01-12,2,naive_carry,167.0,237.0
2026-01-12,2,seasonal_naive_7,155.0,237.0
2026-01-12,2,climatology,192.35555555555553,237.0
2026-01-12,2,gru,213.44036335963528,237.0
2026-01-12,3,naive,167.0,217.0
2026-01-12,3,naive_carry,167.0,217.0
2026-01-12,3,seasonal_naive_7,168.0,217.0
2026-01-12,3,climatology,193.55507936507937,217.0
2026-01-12,3,gru,193.48230324283816,217.0
2026-01-13,1,naive,260.0,237.0
2026-01-13,1,naive_carry,260.0,237.0
2026-01-13,1,seasonal_naive_7,155.0,237.0
2026-01-13,1,climatology,192.35555555555553,237.0
2026-01-13,1,gru,241.63835862033758,237.0
2026-01-13,2,naive,260.0,217.0
2026-01-13,2,naive_carry,260.0,217.0
2026-01-13,2,seasonal_naive_7,168.0,217.0
2026-01-13,2,climatology,193.55507936507937,217.0
2026-01-13,2,gru,216.92697763630676,217.0
2026-01-13,3,naive,260.0,220.0
2026-01-13,3,naive_carry,260.0,220.0
2026-01-13,3,seasonal_naive_7,215.0,220.0
2026-01-13,3,climatology,193.0984126984127,220.0
2026-01-13,3,gru,197.07897217493675,220.0
2026-01-14,1,naive,237.0,217.0
2026-01-14,1,naive_carry,237.0,217.0
2026-01-14,1,seasonal_naive_7,168.0,217.0
2026-01-14,1,climatology,193.55507936507937,217.0
2026-01-14,1,gru,206.7927366854131,217.0
2026-01-14,2,naive,237.0,220.0
2026-01-14,2,naive_carry,237.0,220.0
2026-01-14,2,seasonal_naive_7,215.0,220.0
2026-01-14,2,climatology,193.0984126984127,220.0
2026-01-14,2,gru,205.71934127639048,220.0
2026-01-14,3,naive,237.0,368.0
2026-01-14,3,naive_carry,237.0,368.0
2026-01-14,3,seasonal_naive_7,171.0,368.0
2026-01-14,3,climatology,189.59079365079367,368.0
2026-01-14,3,gru,196.07388393218054,368.0
2026-01-15,1,naive,217.0,220.0
2026-01-15,1,naive_carry,217.0,220.0
2026-01-15,1,seasonal_naive_7,215.0,220.0
2026-01-15,1,climatology,193.0984126984127,220.0
2026-01-15,1,gru,221.93845939300712,220.0
2026-01-15,2,naive,217.0,368.0
2026-01-15,2,naive_carry,217.0,368.0
2026-01-15,2,seasonal_naive_7,171.0,368.0
2026-01-15,2,climatology,189.59079365079367,368.0
2026-01-15,2,gru,210.06091725099864,368.0
2026-01-15,3,naive,217.0,291.0
2026-01-15,3,naive_carry,217.0,291.0
2026-01-15,3,seasonal_naive_7,158.0,291.0
2026-01-15,3,climatology,187.15650793650792,291.0
2026-01-15,3,gru,190.95467991789369,291.0
2026-01-16,1,naive,220.0,368.0
2026-01-16,1,naive_carry,220.0,368.0
2026-01-16,1,seasonal_naive_7,171.0,368.0
2026-01-16,1,climatology,189.59079365079367,368.0
2026-01-16,1,gru,224.92908576906717,368.0
2026-01-16,2,naive,220.0,291.0
2026-01-16,2,naive_carry,220.0,291.0
2026-01-16,2,seasonal_naive_7,158.0,291.0
2026-01-16,2,climatology,187.15650793650792,291.0
2026-01-16,2,gru,195.83121117970518,291.0
2026-01-16,3,naive,220.0,274.0
2026-01-16,3,naive_carry,220.0,274.0
2026-01-16,3,seasonal_naive_7,167.0,274.0
2026-01-16,3,climatology,185.86603174603175,274.0
2026-01-16,3,gru,174.2559914632915,274.0
2026-01-17,1,naive,368.0,291.0
2026-01-17,1,naive_carry,368.0,291.0
2026-01-17,1,seasonal_naive_7,158.0,291.0
2026-01-17,1,climatology,187.15650793650792,291.0
2026-01-17,1,gru,276.08732306445836,291.0
2026-01-17,2,naive,368.0,274.0
2026-01-17,2,naive_carry,368.0,274.0
2026-01-17,2,seasonal_naive_7,167.0,274.0
2026-01-17,2,climatology,185.86603174603175,274.0
2026-01-17,2,gru,196.67870998856353,274.0
2026-01-17,3,naive,368.0,213.0
2026-01-17,3,naive_carry,368.0,213.0
2026-01-17,3,seasonal_naive_7,260.0,213.0
2026-01-17,3,climatology,182.6915873015873,213.0
2026-01-17,3,gru,171.1870971719371,213.0
2026-01-18,1,naive,291.0,274.0
2026-01-18,1,naive_carry,291.0,274.0
2026-01-18,1,seasonal_naive_7,167.0,274.0
2026-01-18,1,climatology,185.86603174603175,274.0
2026-01-18,1,gru,228.9484879902278,274.0
2026-01-18,2,naive,291.0,213.0
2026-01-18,2,naive_carry,291.0,213.0
2026-01-18,2,seasonal_naive_7,260.0,213.0
2026-01-18,2,climatology,182.6915873015873,213.0
2026-01-18,2,gru,181.27340004372275,213.0
2026-01-18,3,naive,291.0,175.0
2026-01-18,3,naive_carry,291.0,175.0
2026-01-18,3,seasonal_naive_7,237.0,175.0
2026-01-18,3,climatology,176.8515873015873,175.0
2026-01-18,3,gru,160.89771889547114,175.0
2026-01-19,1,naive,274.0,213.0
2026-01-19,1,naive_carry,274.0,213.0
2026-01-19,1,seasonal_naive_7,260.0,213.0
2026-01-19,1,climatology,182.6915873015873,213.0
2026-01-19,1,gru,219.83525473649115,213.0
2026-01-19,2,naive,274.0,175.0
2026-01-19,2,naive_carry,274.0,175.0
2026-01-19,2,seasonal_naive_7,237.0,175.0
2026-01-19,2,climatology,176.8515873015873,175.0
2026-01-19,2,gru,172.00089684963532,175.0
2026-01-19,3,naive,274.0,178.0
2026-01-19,3,naive_carry,274.0,178.0
2026-01-19,3,seasonal_naive_7,217.0,178.0
2026-01-19,3,climatology,169.80396825396826,178.0
2026-01-19,3,gru,150.34418238828343,178.0
2026-01-20,1,naive,213.0,175.0
2026-01-20,1,naive_carry,213.0,175.0
2026-01-20,1,seasonal_naive_7,237.0,175.0
2026-01-20,1,climatology,176.8515873015873,175.0
2026-01-20,1,gru,178.9869420123194,175.0
2026-01-20,2,naive,213.0,178.0
2026-01-20,2,naive_carry,213.0,178.0
2026-01-20,2,seasonal_naive_7,217.0,178.0
2026-01-20,2,climatology,169.80396825396826,178.0
2026-01-20,2,gru,156.41034567191483,178.0
2026-01-20,3,naive,213.0,137.0
2026-01-20,3,naive_carry,213.0,137.0
2026-01-20,3,seasonal_naive_7,220.0,137.0
2026-01-20,3,climatology,165.29507936507937,137.0
2026-01-20,3,gru,149.42314142012333,137.0
2026-01-21,1,naive,175.0,178.0
2026-01-21,1,naive_carry,175.0,178.0
2026-01-21,1,seasonal_naive_7,217.0,178.0
2026-01-21,1,climatology,169.80396825396826,178.0
2026-01-21,1,gru,159.36407360371126,178.0
2026-01-21,2,naive,175.0,137.0
2026-01-21,2,naive_carry,175.0,137.0
2026-01-21,2,seasonal_naive_7,220.0,137.0
2026-01-21,2,climatology,165.29507936507937,137.0
2026-01-21,2,gru,153.11420333923138,137.0
2026-01-21,3,naive,175.0,72.4
2026-01-21,3,naive_carry,175.0,72.4
2026-01-21,3,seasonal_naive_7,368.0,72.4
2026-01-21,3,climatology,163.0704761904762,72.4
2026-01-21,3,gru,147.11681544497668,72.4
2026-01-22,1,naive,178.0,137.0
2026-01-22,1,naive_carry,178.0,137.0
2026-01-22,1,seasonal_naive_7,220.0,137.0
2026-01-22,1,climatology,165.29507936507937,137.0
2026-01-22,1,gru,147.9551554749172,137.0
2026-01-22,2,naive,178.0,72.4
2026-01-22,2,naive_carry,178.0,72.4
2026-01-22,2,seasonal_naive_7,368.0,72.4
2026-01-22,2,climatology,163.0704761904762,72.4
2026-01-22,2,gru,144.798022526821,72.4
2026-01-22,3,naive,178.0,89.3
2026-01-22,3,naive_carry,178.0,89.3
2026-01-22,3,seasonal_naive_7,291.0,89.3
2026-01-22,3,climatology,159.13206349206348,89.3
2026-01-22,3,gru,142.22319694953103,89.3
2026-01-23,1,naive,137.0,72.4
2026-01-23,1,naive_carry,137.0,72.4
2026-01-23,1,seasonal_naive_7,368.0,72.4
2026-01-23,1,climatology,163.0704761904762,72.4
2026-01-23,1,gru,127.46282549086456,72.4
2026-01-23,2,naive,137.0,89.3
2026-01-23,2,naive_carry,137.0,89.3
2026-01-23,2,seasonal_naive_7,291.0,89.3
2026-01-23,2,climatology,159.13206349206348,89.3
2026-01-23,2,gru,143.7361913577186,89.3
2026-01-23,3,naive,137.0,112.0
2026-01-23,3,naive_carry,137.0,112.0
2026-01-23,3,seasonal_naive_7,274.0,112.0
2026-01-23,3,climatology,158.3942857142857,112.0
2026-01-23,3,gru,145.60867989584798,112.0
2026-01-24,1,naive,72.4,89.3
2026-01-24,1,naive_carry,72.4,89.3
2026-01-24,1,seasonal_naive_7,291.0,89.3
2026-01-24,1,climatology,159.13206349206348,89.3
2026-01-24,1,gru,115.75513619688036,89.3
2026-01-24,2,naive,72.4,112.0
2026-01-24,2,naive_carry,72.4,112.0
2026-01-24,2,seasonal_naive_7,274.0,112.0
2026-01-24,2,climatology,158.3942857142857,112.0
2026-01-24,2,gru,152.19224933093295,112.0
2026-01-24,3,naive,72.4,154.0
2026-01-24,3,naive_carry,72.4,154.0
2026-01-24,3,seasonal_naive_7,213.0,154.0
2026-01-24,3,climatology,154.57142857142856,154.0
2026-01-24,3,gru,147.16575078624874,154.0
2026-01-25,1,naive,89.3,112.0
2026-01-25,1,naive_carry,89.3,112.0
2026-01-25,1,seasonal_naive_7,274.0,112.0
2026-01-25,1,climatology,158.3942857142857,112.0
2026-01-25,1,gru,112.6827052274228,112.0
2026-01-25,2,naive,89.3,154.0
2026-01-25,2,naive_carry,89.3,154.0
2026-01-25,2,seasonal_naive_7,213.0,154.0
2026-01-25,2,climatology,154.57142857142856,154.0
2026-01-25,2,gru,140.0678786144648,154.0
2026-01-25,3,naive,89.3,130.0
2026-01-25,3,naive_carry,89.3,130.0
2026-01-25,3,seasonal_naive_7,175.0,130.0
2026-01-25,3,climatology,152.19809523809525,130.0
2026-01-25,3,gru,154.87035803008135,130.0
2026-01-26,1,naive,112.0,154.0
2026-01-26,1,naive_carry,112.0,154.0
2026-01-26,1,seasonal_naive_7,213.0,154.0
2026-01-26,1,climatology,154.57142857142856,154.0
2026-01-26,1,gru,147.03235083274907,154.0
2026-01-26,2,naive,112.0,130.0
2026-01-26,2,naive_carry,112.0,130.0
2026-01-26,2,seasonal_naive_7,175.0,130.0
2026-01-26,2,climatology,152.19809523809525,130.0
2026-01-26,2,gru,140.33436357253868,130.0
2026-01-26,3,naive,112.0,117.0
2026-01-26,3,naive_carry,112.0,117.0
2026-01-26,3,seasonal_naive_7,178.0,117.0
2026-01-26,3,climatology,148.94396825396828,117.0
2026-01-26,3,gru,147.74886747102835,117.0
2026-01-27,1,naive,154.0,130.0
2026-01-27,1,naive_carry,154.0,130.0
2026-01-27,1,seasonal_naive_7,175.0,130.0
2026-01-27,1,climatology,152.19809523809525,130.0
2026-01-27,1,gru,128.42692281998967,130.0
2026-01-27,2,naive,154.0,117.0
2026-01-27,2,naive_carry,154.0,117.0
2026-01-27,2,seasonal_naive_7,178.0,117.0
2026-01-27,2,climatology,148.94396825396828,117.0
2026-01-27,2,gru,123.33902859838099,117.0
2026-01-27,3,naive,154.0,125.0
2026-01-27,3,naive_carry,154.0,125.0
2026-01-27,3,seasonal_naive_7,137.0,125.0
2026-01-27,3,climatology,150.03396825396828,125.0
2026-01-27,3,gru,135.79458442106483,125.0
2026-01-28,1,naive,130.0,117.0
2026-01-28,1,naive_carry,130.0,117.0
2026-01-28,1,seasonal_naive_7,178.0,117.0
2026-01-28,1,climatology,148.94396825396828,117.0
2026-01-28,1,gru,135.1490332390731,117.0
2026-01-28,2,naive,130.0,125.0
2026-01-28,2,naive_carry,130.0,125.0
2026-01-28,2,seasonal_naive_7,137.0,125.0
2026-01-28,2,climatology,150.03396825396828,125.0
2026-01-28,2,gru,114.63347287254092,125.0
2026-01-28,3,naive,130.0,189.0
2026-01-28,3,naive_carry,130.0,189.0
2026-01-28,3,seasonal_naive_7,72.4,189.0
2026-01-28,3,climatology,147.10619047619048,189.0
2026-01-28,3,gru,135.02411379501993,189.0
2026-01-29,1,naive,117.0,125.0
2026-01-29,1,naive_carry,117.0,125.0
2026-01-29,1,seasonal_naive_7,137.0,125.0
2026-01-29,1,climatology,150.03396825396828,125.0
2026-01-29,1,gru,120.56613504835121,125.0
2026-01-29,2,naive,117.0,189.0
2026-01-29,2,naive_carry,117.0,189.0
2026-01-29,2,seasonal_naive_7,72.4,189.0
2026-01-29,2,climatology,147.10619047619048,189.0
2026-01-29,2,gru,110.67951603333589,189.0
2026-01-29,3,naive,117.0,96.0
2026-01-29,3,naive_carry,117.0,96.0
2026-01-29,3,seasonal_naive_7,89.3,96.0
2026-01-29,3,climatology,146.8852380952381,96.0
2026-01-29,3,gru,134.67609593198185,96.0
2026-01-30,1,naive,125.0,189.0
2026-01-30,1,naive_carry,125.0,189.0
2026-01-30,1,seasonal_naive_7,72.4,189.0
2026-01-30,1,climatology,147.10619047619048,189.0
2026-01-30,1,gru,136.89501047066415,189.0
2026-01-30,2,naive,125.0,96.0
2026-01-30,2,naive_carry,125.0,96.0
2026-01-30,2,seasonal_naive_7,89.3,96.0
2026-01-30,2,climatology,146.8852380952381,96.0
2026-01-30,2,gru,121.96242166590619,96.0
2026-01-30,3,naive,125.0,137.0
2026-01-30,3,naive_carry,125.0,137.0
2026-01-30,3,seasonal_naive_7,112.0,137.0
2026-01-30,3,climatology,146.23971428571429,137.0
2026-01-30,3,gru,132.80156218214506,137.0
2026-01-31,1,naive,189.0,96.0
2026-01-31,1,naive_carry,189.0,96.0
2026-01-31,1,seasonal_naive_7,89.3,96.0
2026-01-31,1,climatology,146.8852380952381,96.0
2026-01-31,1,gru,163.80108141470186,96.0
2026-01-31,2,naive,189.0,137.0
2026-01-31,2,naive_carry,189.0,137.0
2026-01-31,2,seasonal_naive_7,112.0,137.0
2026-01-31,2,climatology,146.23971428571429,137.0
2026-01-31,2,gru,137.77343156628567,137.0
2026-01-31,3,naive,189.0,134.0
2026-01-31,3,naive_carry,189.0,134.0
2026-01-31,3,seasonal_naive_7,154.0,134.0
2026-01-31,3,climatology,145.15038095238094,134.0
2026-01-31,3,gru,130.057972682619,134.0
2026-02-01,1,naive,96.0,137.0
2026-02-01,1,naive_carry,96.0,137.0
2026-02-01,1,seasonal_naive_7,112.0,137.0
2026-02-01,1,climatology,146.23971428571429,137.0
2026-02-01,1,gru,105.54550995438211,137.0
2026-02-01,2,naive,96.0,134.0
2026-02-01,2,naive_carry,96.0,134.0
2026-02-01,2,seasonal_naive_7,154.0,134.0
2026-02-01,2,climatology,145.15038095238094,134.0
2026-02-01,2,gru,125.15465804837893,134.0
2026-02-01,3,naive,96.0,189.0
2026-02-01,3,naive_carry,96.0,189.0
2026-02-01,3,seasonal_naive_7,130.0,189.0
2026-02-01,3,climatology,147.46215873015873,189.0
2026-02-01,3,gru,114.86341399767537,189.0
2026-02-02,1,naive,137.0,134.0
2026-02-02,1,naive_carry,137.0,134.0
2026-02-02,1,seasonal_naive_7,154.0,134.0
2026-02-02,1,climatology,145.15038095238094,134.0
2026-02-02,1,gru,119.58355596348078,134.0
2026-02-02,2,naive,137.0,189.0
2026-02-02,2,naive_carry,137.0,189.0
2026-02-02,2,seasonal_naive_7,130.0,189.0
2026-02-02,2,climatology,147.46215873015873,189.0
2026-02-02,2,gru,115.75629647857477,189.0
2026-02-02,3,naive,137.0,123.0
2026-02-02,3,naive_carry,137.0,123.0
2026-02-02,3,seasonal_naive_7,117.0,123.0
2026-02-02,3,climatology,148.28715873015875,123.0
2026-02-02,3,gru,109.03839020322046,123.0
2026-02-03,1,naive,134.0,189.0
2026-02-03,1,naive_carry,134.0,189.0
2026-02-03,1,seasonal_naive_7,130.0,189.0
2026-02-03,1,climatology,147.46215873015873,189.0
2026-02-03,1,gru,128.48176731938537,189.0
2026-02-03,2,naive,134.0,123.0
2026-02-03,2,naive_carry,134.0,123.0
2026-02-03,2,seasonal_naive_7,117.0,123.0
2026-02-03,2,climatology,148.28715873015875,123.0
2026-02-03,2,gru,121.90894254897677,123.0
2026-02-03,3,naive,134.0,112.0
2026-02-03,3,naive_carry,134.0,112.0
2026-02-03,3,seasonal_naive_7,125.0,112.0
2026-02-03,3,climatology,146.6031111111111,112.0
2026-02-03,3,gru,112.04039203588574,112.0
2026-02-04,1,naive,189.0,123.0
2026-02-04,1,naive_carry,189.0,123.0
2026-02-04,1,seasonal_naive_7,117.0,123.0
2026-02-04,1,climatology,148.28715873015875,123.0
2026-02-04,1,gru,155.09609696745252,123.0
2026-02-04,2,naive,189.0,112.0
2026-02-04,2,naive_carry,189.0,112.0
2026-02-04,2,seasonal_naive_7,125.0,112.0
2026-02-04,2,climatology,146.6031111111111,112.0
2026-02-04,2,gru,127.61840679358042,112.0
2026-02-04,3,naive,189.0,107.0
2026-02-04,3,naive_carry,189.0,107.0
2026-02-04,3,seasonal_naive_7,189.0,107.0
2026-02-04,3,climatology,144.1231111111111,107.0
2026-02-04,3,gru,116.25310488524946,107.0
2026-02-05,1,naive,123.0,112.0
2026-02-05,1,naive_carry,123.0,112.0
2026-02-05,1,seasonal_naive_7,125.0,112.0
2026-02-05,1,climatology,146.6031111111111,112.0
2026-02-05,1,gru,124.26155185176397,112.0
2026-02-05,2,naive,123.0,107.0
2026-02-05,2,naive_carry,123.0,107.0
2026-02-05,2,seasonal_naive_7,189.0,107.0
2026-02-05,2,climatology,144.1231111111111,107.0
2026-02-05,2,gru,118.3022935387313,107.0
2026-02-05,3,naive,123.0,88.7
2026-02-05,3,naive_carry,123.0,88.7
2026-02-05,3,seasonal_naive_7,96.0,88.7
2026-02-05,3,climatology,140.11666666666667,88.7
2026-02-05,3,gru,118.20987654903948,88.7
2026-02-06,1,naive,112.0,107.0
2026-02-06,1,naive_carry,112.0,107.0
2026-02-06,1,seasonal_naive_7,189.0,107.0
2026-02-06,1,climatology,144.1231111111111,107.0
2026-02-06,1,gru,123.37305891407347,107.0
2026-02-06,2,naive,112.0,88.7
2026-02-06,2,naive_carry,112.0,88.7
2026-02-06,2,seasonal_naive_7,96.0,88.7
2026-02-06,2,climatology,140.11666666666667,88.7
2026-02-06,2,gru,117.63239014526786,88.7
2026-02-06,3,naive,112.0,116.0
2026-02-06,3,naive_carry,112.0,116.0
2026-02-06,3,seasonal_naive_7,137.0,116.0
2026-02-06,3,climatology,139.51222222222222,116.0
2026-02-06,3,gru,112.16653855166959,116.0
2026-02-07,1,naive,107.0,88.7
2026-02-07,1,naive_carry,107.0,88.7
2026-02-07,1,seasonal_naive_7,96.0,88.7
2026-02-07,1,climatology,140.11666666666667,88.7
2026-02-07,1,gru,136.8849139791299,88.7
2026-02-07,2,naive,107.0,116.0
2026-02-07,2,naive_carry,107.0,116.0
2026-02-07,2,seasonal_naive_7,137.0,116.0
2026-02-07,2,climatology,139.51222222222222,116.0
2026-02-07,2,gru,57.672875143564994,116.0
2026-02-07,3,naive,107.0,121.0
2026-02-07,3,naive_carry,107.0,121.0
2026-02-07,3,seasonal_naive_7,134.0,121.0
2026-02-07,3,climatology,136.12722222222223,121.0
2026-02-07,3,gru,77.20100162832372,121.0
2026-02-08,1,naive,88.7,116.0
2026-02-08,1,naive_carry,88.7,116.0
2026-02-08,1,seasonal_naive_7,137.0,116.0
2026-02-08,1,climatology,139.51222222222222,116.0
2026-02-08,1,gru,110.91525037703713,116.0
2026-02-08,2,naive,88.7,121.0
2026-02-08,2,naive_carry,88.7,121.0
2026-02-08,2,seasonal_naive_7,134.0,121.0
2026-02-08,2,climatology,136.12722222222223,121.0
2026-02-08,2,gru,47.79279102718166,121.0
2026-02-08,3,naive,88.7,140.0
2026-02-08,3,naive_carry,88.7,140.0
2026-02-08,3,seasonal_naive_7,189.0,140.0
2026-02-08,3,climatology,133.1238888888889,140.0
2026-02-08,3,gru,62.0866325978215,140.0
2026-02-09,1,naive,116.0,121.0
2026-02-09,1,naive_carry,116.0,121.0
2026-02-09,1,seasonal_naive_7,134.0,121.0
2026-02-09,1,climatology,136.12722222222223,121.0
2026-02-09,1,gru,147.4361724627213,121.0
2026-02-09,2,naive,116.0,140.0
2026-02-09,2,naive_carry,116.0,140.0
2026-02-09,2,seasonal_naive_7,189.0,140.0
2026-02-09,2,climatology,133.1238888888889,140.0
2026-02-09,2,gru,63.35284481894353,140.0
2026-02-09,3,naive,116.0,75.0
2026-02-09,3,naive_carry,116.0,75.0
2026-02-09,3,seasonal_naive_7,123.0,75.0
2026-02-09,3,climatology,131.14833333333334,75.0
2026-02-09,3,gru,81.54214002725176,75.0
2026-02-10,1,naive,121.0,140.0
2026-02-10,1,naive_carry,121.0,140.0
2026-02-10,1,seasonal_naive_7,189.0,140.0
2026-02-10,1,climatology,133.1238888888889,140.0
2026-02-10,1,gru,156.06231467359123,140.0
2026-02-10,2,naive,121.0,75.0
2026-02-10,2,naive_carry,121.0,75.0
2026-02-10,2,seasonal_naive_7,123.0,75.0
2026-02-10,2,climatology,131.14833333333334,75.0
2026-02-10,2,gru,67.13976105557579,75.0
2026-02-10,3,naive,121.0,84.6
2026-02-10,3,naive_carry,121.0,84.6
2026-02-10,3,seasonal_naive_7,112.0,84.6
2026-02-10,3,climatology,128.48944444444444,84.6
2026-02-10,3,gru,85.12308910290602,84.6
2026-02-11,1,naive,140.0,75.0
2026-02-11,1,naive_carry,140.0,75.0
2026-02-11,1,seasonal_naive_7,123.0,75.0
2026-02-11,1,climatology,131.14833333333334,75.0
2026-02-11,1,gru,183.01016494299088,75.0
2026-02-11,2,naive,140.0,84.6
2026-02-11,2,naive_carry,140.0,84.6
2026-02-11,2,seasonal_naive_7,112.0,84.6
2026-02-11,2,climatology,128.48944444444444,84.6
2026-02-11,2,gru,79.1084791600403,84.6
2026-02-11,3,naive,140.0,118.0
2026-02-11,3,naive_carry,140.0,118.0
2026-02-11,3,seasonal_naive_7,107.0,118.0
2026-02-11,3,climatology,119.65166666666669,118.0
2026-02-11,3,gru,98.57122204256292,118.0
2026-02-12,1,naive,75.0,84.6
2026-02-12,1,naive_carry,75.0,84.6
2026-02-12,1,seasonal_naive_7,112.0,84.6
2026-02-12,1,climatology,128.48944444444444,84.6
2026-02-12,1,gru,99.00323600555696,84.6
2026-02-12,2,naive,75.0,118.0
2026-02-12,2,naive_carry,75.0,118.0
2026-02-12,2,seasonal_naive_7,107.0,118.0
2026-02-12,2,climatology,119.65166666666669,118.0
2026-02-12,2,gru,43.10050458463826,118.0
2026-02-12,3,naive,75.0,90.3
2026-02-12,3,naive_carry,75.0,90.3
2026-02-12,3,seasonal_naive_7,88.7,90.3
2026-02-12,3,climatology,117.7338888888889,90.3
2026-02-12,3,gru,54.133283392072435,90.3
2026-02-13,1,naive,84.6,118.0
2026-02-13,1,naive_carry,84.6,118.0
2026-02-13,1,seasonal_naive_7,107.0,118.0
2026-02-13,1,climatology,119.65166666666669,118.0
2026-02-13,1,gru,112.68793441333253,118.0
2026-02-13,2,naive,84.6,90.3
2026-02-13,2,naive_carry,84.6,90.3
2026-02-13,2,seasonal_naive_7,88.7,90.3
2026-02-13,2,climatology,117.7338888888889,90.3
2026-02-13,2,gru,49.48517477951365,90.3
2026-02-13,3,naive,84.6,109.0
2026-02-13,3,naive_carry,84.6,109.0
2026-02-13,3,seasonal_naive_7,116.0,109.0
2026-02-13,3,climatology,113.85222222222224,109.0
2026-02-13,3,gru,60.98396428768457,109.0
2026-02-14,1,naive,118.0,90.3
2026-02-14,1,naive_carry,118.0,90.3
2026-02-14,1,seasonal_naive_7,88.7,90.3
2026-02-14,1,climatology,117.7338888888889,90.3
2026-02-14,1,gru,158.6640234675196,90.3
2026-02-14,2,naive,118.0,109.0
2026-02-14,2,naive_carry,118.0,109.0
2026-02-14,2,seasonal_naive_7,116.0,109.0
2026-02-14,2,climatology,113.85222222222224,109.0
2026-02-14,2,gru,70.34788247450658,109.0
2026-02-14,3,naive,118.0,78.4
2026-02-14,3,naive_carry,118.0,78.4
2026-02-14,3,seasonal_naive_7,121.0,78.4
2026-02-14,3,climatology,111.02155555555557,78.4
2026-02-14,3,gru,84.55843752937933,78.4
2026-02-15,1,naive,90.3,109.0
2026-02-15,1,naive_carry,90.3,109.0
2026-02-15,1,seasonal_naive_7,116.0,109.0
2026-02-15,1,climatology,113.85222222222224,109.0
2026-02-15,1,gru,122.38379627726562,109.0
2026-02-15,2,naive,90.3,78.4
2026-02-15,2,naive_carry,90.3,78.4
2026-02-15,2,seasonal_naive_7,121.0,78.4
2026-02-15,2,climatology,111.02155555555557,78.4
2026-02-15,2,gru,54.74988035470303,78.4
2026-02-15,3,naive,90.3,84.3
2026-02-15,3,naive_carry,90.3,84.3
2026-02-15,3,seasonal_naive_7,140.0,84.3
2026-02-15,3,climatology,110.41755555555557,84.3
2026-02-15,3,gru,65.53143474146695,84.3
2026-02-16,1,naive,109.0,78.4
2026-02-16,1,naive_carry,109.0,78.4
2026-02-16,1,seasonal_naive_7,121.0,78.4
2026-02-16,1,climatology,111.02155555555557,78.4
2026-02-16,1,gru,148.87280802145622,78.4
2026-02-16,2,naive,109.0,84.3
2026-02-16,2,naive_carry,109.0,84.3
2026-02-16,2,seasonal_naive_7,140.0,84.3
2026-02-16,2,climatology,110.41755555555557,84.3
2026-02-16,2,gru,67.1029437146476,84.3
2026-02-16,3,naive,109.0,90.3
2026-02-16,3,naive_carry,109.0,90.3
2026-02-16,3,seasonal_naive_7,75.0,90.3
2026-02-16,3,climatology,106.06355555555557,90.3
2026-02-16,3,gru,78.87037442357618,90.3
2026-02-17,1,naive,78.4,84.3
2026-02-17,1,naive_carry,78.4,84.3
2026-02-17,1,seasonal_naive_7,140.0,84.3
2026-02-17,1,climatology,110.41755555555557,84.3
2026-02-17,1,gru,107.74967510601088,84.3
2026-02-17,2,naive,78.4,90.3
2026-02-17,2,naive_carry,78.4,90.3
2026-02-17,2,seasonal_naive_7,75.0,90.3
2026-02-17,2,climatology,106.06355555555557,90.3
2026-02-17,2,gru,48.93923143997609,90.3
2026-02-17,3,naive,78.4,93.8
2026-02-17,3,naive_carry,78.4,93.8
2026-02-17,3,seasonal_naive_7,84.6,93.8
2026-02-17,3,climatology,101.38522222222224,93.8
2026-02-17,3,gru,57.57088330627765,93.8
2026-02-18,1,naive,84.3,90.3
2026-02-18,1,naive_carry,84.3,90.3
2026-02-18,1,seasonal_naive_7,75.0,90.3
2026-02-18,1,climatology,106.06355555555557,90.3
2026-02-18,1,gru,116.5262321904758,90.3
2026-02-18,2,naive,84.3,93.8
2026-02-18,2,naive_carry,84.3,93.8
2026-02-18,2,seasonal_naive_7,84.6,93.8
2026-02-18,2,climatology,101.38522222222224,93.8
2026-02-18,2,gru,53.34969837472244,93.8
2026-02-18,3,naive,84.3,107.0
2026-02-18,3,naive_carry,84.3,107.0
2026-02-18,3,seasonal_naive_7,118.0,107.0
2026-02-18,3,climatology,97.47244444444443,107.0
2026-02-18,3,gru,61.908955901066875,107.0
2026-02-19,1,naive,90.3,93.8
2026-02-19,1,naive_carry,90.3,93.8
2026-02-19,1,seasonal_naive_7,84.6,93.8
2026-02-19,1,climatology,101.38522222222224,93.8
2026-02-19,1,gru,125.50041038647288,93.8
2026-02-19,2,naive,90.3,107.0
2026-02-19,2,naive_carry,90.3,107.0
2026-02-19,2,seasonal_naive_7,118.0,107.0
2026-02-19,2,climatology,97.47244444444443,107.0
2026-02-19,2,gru,58.007664509724485,107.0
2026-02-19,3,naive,90.3,101.0
2026-02-19,3,naive_carry,90.3,101.0
2026-02-19,3,seasonal_naive_7,90.3,101.0
2026-02-19,3,climatology,95.99466666666667,101.0
2026-02-19,3,gru,66.39199025379925,101.0
2026-02-20,1,naive,93.8,107.0
2026-02-20,1,naive_carry,93.8,107.0
2026-02-20,1,seasonal_naive_7,118.0,107.0
2026-02-20,1,climatology,97.47244444444443,107.0
2026-02-20,1,gru,131.02403701812406,107.0
2026-02-20,2,naive,93.8,101.0
2026-02-20,2,naive_carry,93.8,101.0
2026-02-20,2,seasonal_naive_7,90.3,101.0
2026-02-20,2,climatology,95.99466666666667,101.0
2026-02-20,2,gru,61.27926746919554,101.0
2026-02-20,3,naive,93.8,89.2
2026-02-20,3,naive_carry,93.8,89.2
2026-02-20,3,seasonal_naive_7,109.0,89.2
2026-02-20,3,climatology,95.10166666666667,89.2
2026-02-20,3,gru,69.06808999364789,89.2
2026-02-21,1,naive,107.0,101.0
2026-02-21,1,naive_carry,107.0,101.0
2026-02-21,1,seasonal_naive_7,90.3,101.0
2026-02-21,1,climatology,95.99466666666667,101.0
2026-02-21,1,gru,150.18692830591948,101.0
2026-02-21,2,naive,107.0,89.2
2026-02-21,2,naive_carry,107.0,89.2
2026-02-21,2,seasonal_naive_7,109.0,89.2
2026-02-21,2,climatology,95.10166666666667,89.2
2026-02-21,2,gru,71.24500678451436,89.2
2026-02-21,3,naive,107.0,108.0
2026-02-21,3,naive_carry,107.0,108.0
2026-02-21,3,seasonal_naive_7,78.4,108.0
2026-02-21,3,climatology,90.67055555555557,108.0
2026-02-21,3,gru,78.68984014774473,108.0
2026-02-22,1,naive,101.0,89.2
2026-02-22,1,naive_carry,101.0,89.2
2026-02-22,1,seasonal_naive_7,109.0,89.2
2026-02-22,1,climatology,95.10166666666667,89.2
2026-02-22,1,gru,142.38850343106037,89.2
2026-02-22,2,naive,101.0,108.0
2026-02-22,2,naive_carry,101.0,108.0
2026-02-22,2,seasonal_naive_7,78.4,108.0
2026-02-22,2,climatology,90.67055555555557,108.0
2026-02-22,2,gru,68.98608141803639,108.0
2026-02-22,3,naive,101.0,90.0
2026-02-22,3,naive_carry,101.0,90.0
2026-02-22,3,seasonal_naive_7,84.3,90.0
2026-02-22,3,climatology,86.78444444444445,90.0
2026-02-22,3,gru,74.65093239178346,90.0
2026-02-23,1,naive,89.2,108.0
2026-02-23,1,naive_carry,89.2,108.0
2026-02-23,1,seasonal_naive_7,78.4,108.0
2026-02-23,1,climatology,90.67055555555557,108.0
2026-02-23,1,gru,126.23245568971475,108.0
2026-02-23,2,naive,89.2,90.0
2026-02-23,2,naive_carry,89.2,90.0
2026-02-23,2,seasonal_naive_7,84.3,90.0
2026-02-23,2,climatology,86.78444444444445,90.0
2026-02-23,2,gru,62.884147551533694,90.0
2026-02-23,3,naive,89.2,76.0
2026-02-23,3,naive_carry,89.2,76.0
2026-02-23,3,seasonal_naive_7,90.3,76.0
2026-02-23,3,climatology,83.73777777777778,76.0
2026-02-23,3,gru,66.31997092238596,76.0
2026-02-24,1,naive,108.0,90.0
2026-02-24,1,naive_carry,108.0,90.0
2026-02-24,1,seasonal_naive_7,84.3,90.0
2026-02-24,1,climatology,86.78444444444445,90.0
2026-02-24,1,gru,153.39975852074414,90.0
2026-02-24,2,naive,108.0,76.0
2026-02-24,2,naive_carry,108.0,76.0
2026-02-24,2,seasonal_naive_7,90.3,76.0
2026-02-24,2,climatology,83.73777777777778,76.0
2026-02-24,2,gru,77.86314380879483,76.0
2026-02-24,3,naive,108.0,69.8
2026-02-24,3,naive_carry,108.0,69.8
2026-02-24,3,seasonal_naive_7,93.8,69.8
2026-02-24,3,climatology,81.99333333333334,69.8
2026-02-24,3,gru,79.99095047702464,69.8
2026-02-25,1,naive,90.0,76.0
2026-02-25,1,naive_carry,90.0,76.0
2026-02-25,1,seasonal_naive_7,90.3,76.0
2026-02-25,1,climatology,83.73777777777778,76.0
2026-02-25,1,gru,128.1699355637731,76.0
2026-02-25,2,naive,90.0,69.8
2026-02-25,2,naive_carry,90.0,69.8
2026-02-25,2,seasonal_naive_7,93.8,69.8
2026-02-25,2,climatology,81.99333333333334,69.8
2026-02-25,2,gru,65.55877231458463,69.8
2026-02-25,3,naive,90.0,83.1
2026-02-25,3,naive_carry,90.0,83.1
2026-02-25,3,seasonal_naive_7,107.0,83.1
2026-02-25,3,climatology,80.55444444444444,83.1
2026-02-25,3,gru,67.14896761836461,83.1
2026-02-26,1,naive,76.0,69.8
2026-02-26,1,naive_carry,76.0,69.8
2026-02-26,1,seasonal_naive_7,93.8,69.8
2026-02-26,1,climatology,81.99333333333334,69.8
2026-02-26,1,gru,108.46687859855669,69.8
2026-02-26,2,naive,76.0,83.1
2026-02-26,2,naive_carry,76.0,83.1
2026-02-26,2,seasonal_naive_7,107.0,83.1
2026-02-26,2,climatology,80.55444444444444,83.1
2026-02-26,2,gru,55.33732928968581,83.1
2026-02-26,3,naive,76.0,78.8
2026-02-26,3,naive_carry,76.0,78.8
2026-02-26,3,seasonal_naive_7,101.0,78.8
2026-02-26,3,climatology,80.95055555555555,78.8
2026-02-26,3,gru,57.10943454807183,78.8
2026-02-27,1,naive,69.8,83.1
2026-02-27,1,naive_carry,69.8,83.1
2026-02-27,1,seasonal_naive_7,107.0,83.1
2026-02-27,1,climatology,80.55444444444444,83.1
2026-02-27,1,gru,99.78666094345293,83.1
2026-02-27,2,naive,69.8,78.8
2026-02-27,2,naive_carry,69.8,78.8
2026-02-27,2,seasonal_naive_7,101.0,78.8
2026-02-27,2,climatology,80.95055555555555,78.8
2026-02-27,2,gru,50.862662798581106,78.8
2026-02-27,3,naive,69.8,91.2
2026-02-27,3,naive_carry,69.8,91.2
2026-02-27,3,seasonal_naive_7,89.2,91.2
2026-02-27,3,climatology,80.87944444444445,91.2
2026-02-27,3,gru,52.68277347757797,91.2
2026-02-28,1,naive,83.1,78.8
2026-02-28,1,naive_carry,83.1,78.8
2026-02-28,1,seasonal_naive_7,101.0,78.8
2026-02-28,1,climatology,80.95055555555555,78.8
2026-02-28,1,gru,119.0490263587994,78.8
2026-02-28,2,naive,83.1,91.2
2026-02-28,2,naive_carry,83.1,91.2
2026-02-28,2,seasonal_naive_7,89.2,91.2
2026-02-28,2,climatology,80.87944444444445,91.2
2026-02-28,2,gru,60.730908810720585,91.2
2026-02-28,3,naive,83.1,83.3
2026-02-28,3,naive_carry,83.1,83.3
2026-02-28,3,seasonal_naive_7,108.0,83.3
2026-02-28,3,climatology,78.92444444444443,83.3
2026-02-28,3,gru,62.427072243894315,83.3
2026-03-01,1,naive,78.8,91.2
2026-03-01,1,naive_carry,78.8,91.2
2026-03-01,1,seasonal_naive_7,89.2,91.2
2026-03-01,1,climatology,80.87944444444445,91.2
2026-03-01,1,gru,113.15130285736252,91.2
2026-03-01,2,naive,78.8,83.3
2026-03-01,2,naive_carry,78.8,83.3
2026-03-01,2,seasonal_naive_7,108.0,83.3
2026-03-01,2,climatology,78.92444444444443,83.3
2026-03-01,2,gru,58.6115285919446,83.3
2026-03-01,3,naive,78.8,67.1
2026-03-01,3,naive_carry,78.8,67.1
2026-03-01,3,seasonal_naive_7,90.0,67.1
2026-03-01,3,climatology,78.64577777777778,67.1
2026-03-01,3,gru,59.36509425250098,67.1
2026-03-02,1,naive,91.2,83.3
2026-03-02,1,naive_carry,91.2,83.3
2026-03-02,1,seasonal_naive_7,108.0,83.3
2026-03-02,1,climatology,78.92444444444443,83.3
2026-03-02,1,gru,131.08994077483027,83.3
2026-03-02,2,naive,91.2,67.1
2026-03-02,2,naive_carry,91.2,67.1
2026-03-02,2,seasonal_naive_7,90.0,67.1
2026-03-02,2,climatology,78.64577777777778,67.1
2026-03-02,2,gru,70.01665989575169,67.1
2026-03-02,3,naive,91.2,63.1
2026-03-02,3,naive_carry,91.2,63.1
2026-03-02,3,seasonal_naive_7,76.0,63.1
2026-03-02,3,climatology,75.04711111111111,63.1
2026-03-02,3,gru,68.46600625330417,63.1
2026-03-03,1,naive,83.3,67.1
2026-03-03,1,naive_carry,83.3,67.1
2026-03-03,1,seasonal_naive_7,90.0,67.1
2026-03-03,1,climatology,78.64577777777778,67.1
2026-03-03,1,gru,120.20685116064365,67.1
2026-03-03,2,naive,83.3,63.1
2026-03-03,2,naive_carry,83.3,63.1
2026-03-03,2,seasonal_naive_7,76.0,63.1
2026-03-03,2,climatology,75.04711111111111,63.1
2026-03-03,2,gru,65.02239989506675,63.1
2026-03-03,3,naive,83.3,76.6
2026-03-03,3,naive_carry,83.3,76.6
2026-03-03,3,seasonal_naive_7,69.8,76.6
2026-03-03,3,climatology,71.90544444444444,76.6
2026-03-03,3,gru,62.74161705848292,76.6
2026-03-04,1,naive,67.1,63.1
2026-03-04,1,naive_carry,67.1,63.1
2026-03-04,1,seasonal_naive_7,76.0,63.1
2026-03-04,1,climatology,75.04711111111111,63.1
2026-03-04,1,gru,97.0092280552024,63.1
2026-03-04,2,naive,67.1,76.6
2026-03-04,2,naive_carry,67.1,76.6
2026-03-04,2,seasonal_naive_7,69.8,76.6
2026-03-04,2,climatology,71.90544444444444,76.6
2026-03-04,2,gru,52.71337956368959,76.6
2026-03-04,3,naive,67.1,97.4
2026-03-04,3,naive_carry,67.1,97.4
2026-03-04,3,seasonal_naive_7,83.1,97.4
2026-03-04,3,climatology,71.45544444444445,97.4
2026-03-04,3,gru,51.14198538534253,97.4
2026-03-05,1,naive,63.1,76.6
2026-03-05,1,naive_carry,63.1,76.6
2026-03-05,1,seasonal_naive_7,69.8,76.6
2026-03-05,1,climatology,71.90544444444444,76.6
2026-03-05,1,gru,91.78765587709168,76.6
2026-03-05,2,naive,63.1,97.4
2026-03-05,2,naive_carry,63.1,97.4
2026-03-05,2,seasonal_naive_7,83.1,97.4
2026-03-05,2,climatology,71.45544444444445,97.4
2026-03-05,2,gru,49.33697104550144,97.4
2026-03-05,3,naive,63.1,96.8
2026-03-05,3,naive_carry,63.1,96.8
2026-03-05,3,seasonal_naive_7,78.8,96.8
2026-03-05,3,climatology,72.98655555555555,96.8
2026-03-05,3,gru,48.54555868896771,96.8
2026-03-06,1,naive,76.6,97.4
2026-03-06,1,naive_carry,76.6,97.4
2026-03-06,1,seasonal_naive_7,83.1,97.4
2026-03-06,1,climatology,71.45544444444445,97.4
2026-03-06,1,gru,109.38441632548319,97.4
2026-03-06,2,naive,76.6,96.8
2026-03-06,2,naive_carry,76.6,96.8
2026-03-06,2,seasonal_naive_7,78.8,96.8
2026-03-06,2,climatology,72.98655555555555,96.8
2026-03-06,2,gru,56.05074343659453,96.8
2026-03-06,3,naive,76.6,101.0
2026-03-06,3,naive_carry,76.6,101.0
2026-03-06,3,seasonal_naive_7,91.2,101.0
2026-03-06,3,climatology,73.89155555555557,101.0
2026-03-06,3,gru,57.75199731130337,101.0
2026-03-07,1,naive,97.4,96.8
2026-03-07,1,naive_carry,97.4,96.8
2026-03-07,1,seasonal_naive_7,78.8,96.8
2026-03-07,1,climatology,72.98655555555555,96.8
2026-03-07,1,gru,129.80051817617036,96.8
2026-03-07,2,naive,97.4,101.0
2026-03-07,2,naive_carry,97.4,101.0
2026-03-07,2,seasonal_naive_7,91.2,101.0
2026-03-07,2,climatology,73.89155555555557,101.0
2026-03-07,2,gru,66.18698840046339,101.0
2026-03-07,3,naive,97.4,100.0
2026-03-07,3,naive_carry,97.4,100.0
2026-03-07,3,seasonal_naive_7,83.3,100.0
2026-03-07,3,climatology,74.99322222222222,100.0
2026-03-07,3,gru,72.43759807204958,100.0
2026-03-08,1,naive,96.8,101.0
2026-03-08,1,naive_carry,96.8,101.0
2026-03-08,1,seasonal_naive_7,91.2,101.0
2026-03-08,1,climatology,73.89155555555557,101.0
2026-03-08,1,gru,124.81696778177036,101.0
2026-03-08,2,naive,96.8,100.0
2026-03-08,2,naive_carry,96.8,100.0
2026-03-08,2,seasonal_naive_7,83.3,100.0
2026-03-08,2,climatology,74.99322222222222,100.0
2026-03-08,2,gru,65.83934918759897,100.0
2026-03-08,3,naive,96.8,86.5
2026-03-08,3,naive_carry,96.8,86.5
2026-03-08,3,seasonal_naive_7,67.1,86.5
2026-03-08,3,climatology,76.263,86.5
2026-03-08,3,gru,75.89802053758436,86.5
2026-03-09,1,naive,101.0,100.0
2026-03-09,1,naive_carry,101.0,100.0
2026-03-09,1,seasonal_naive_7,83.3,100.0
2026-03-09,1,climatology,74.99322222222222,100.0
2026-03-09,1,gru,130.29853887204106,100.0
2026-03-09,2,naive,101.0,86.5
2026-03-09,2,naive_carry,101.0,86.5
2026-03-09,2,seasonal_naive_7,67.1,86.5
2026-03-09,2,climatology,76.263,86.5
2026-03-09,2,gru,68.61776893114568,86.5
2026-03-09,3,naive,101.0,77.5
2026-03-09,3,naive_carry,101.0,77.5
2026-03-09,3,seasonal_naive_7,63.1,77.5
2026-03-09,3,climatology,77.07744444444445,77.5
2026-03-09,3,gru,79.05898922058698,77.5
2026-03-10,1,naive,100.0,86.5
2026-03-10,1,naive_carry,100.0,86.5
2026-03-10,1,seasonal_naive_7,67.1,86.5
2026-03-10,1,climatology,76.263,86.5
2026-03-10,1,gru,129.0667693171396,86.5
2026-03-10,2,naive,100.0,77.5
2026-03-10,2,naive_carry,100.0,77.5
2026-03-10,2,seasonal_naive_7,63.1,77.5
2026-03-10,2,climatology,77.07744444444445,77.5
2026-03-10,2,gru,67.86529957257068,77.5
2026-03-10,3,naive,100.0,69.2
2026-03-10,3,naive_carry,100.0,69.2
2026-03-10,3,seasonal_naive_7,76.6,69.2
2026-03-10,3,climatology,78.70839682539683,69.2
2026-03-10,3,gru,78.28022549528396,69.2
2026-03-11,1,naive,86.5,77.5
2026-03-11,1,naive_carry,86.5,77.5
2026-03-11,1,seasonal_naive_7,63.1,77.5
2026-03-11,1,climatology,77.07744444444445,77.5
2026-03-11,1,gru,111.67067759800207,77.5
2026-03-11,2,naive,86.5,69.2
2026-03-11,2,naive_carry,86.5,69.2
2026-03-11,2,seasonal_naive_7,76.6,69.2
2026-03-11,2,climatology,78.70839682539683,69.2
2026-03-11,2,gru,58.56040096817565,69.2
2026-03-11,3,naive,86.5,66.7
2026-03-11,3,naive_carry,86.5,66.7
2026-03-11,3,seasonal_naive_7,97.4,66.7
2026-03-11,3,climatology,81.74706349206349,66.7
2026-03-11,3,gru,67.96484442151815,66.7
2026-03-12,1,naive,77.5,69.2
2026-03-12,1,naive_carry,77.5,69.2
2026-03-12,1,seasonal_naive_7,76.6,69.2
2026-03-12,1,climatology,78.70839682539683,69.2
2026-03-12,1,gru,100.05690089590352,69.2
2026-03-12,2,naive,77.5,66.7
2026-03-12,2,naive_carry,77.5,66.7
2026-03-12,2,seasonal_naive_7,97.4,66.7
2026-03-12,2,climatology,81.74706349206349,66.7
2026-03-12,2,gru,52.29607160262442,66.7
2026-03-12,3,naive,77.5,44.5
2026-03-12,3,naive_carry,77.5,44.5
2026-03-12,3,seasonal_naive_7,96.8,44.5
2026-03-12,3,climatology,81.42595238095238,44.5
2026-03-12,3,gru,61.07116783380755,44.5
2026-03-13,1,naive,69.2,66.7
2026-03-13,1,naive_carry,69.2,66.7
2026-03-13,1,seasonal_naive_7,97.4,66.7
2026-03-13,1,climatology,81.74706349206349,66.7
2026-03-13,1,gru,89.34877148588976,66.7
2026-03-13,2,naive,69.2,44.5
2026-03-13,2,naive_carry,69.2,44.5
2026-03-13,2,seasonal_naive_7,96.8,44.5
2026-03-13,2,climatology,81.42595238095238,44.5
2026-03-13,2,gru,46.55083257811215,44.5
2026-03-13,3,naive,69.2,39.7
2026-03-13,3,naive_carry,69.2,39.7
2026-03-13,3,seasonal_naive_7,101.0,39.7
2026-03-13,3,climatology,81.40761904761904,39.7
2026-03-13,3,gru,54.705177095581355,39.7
2026-03-14,1,naive,66.7,44.5
2026-03-14,1,naive_carry,66.7,44.5
2026-03-14,1,seasonal_naive_7,96.8,44.5
2026-03-14,1,climatology,81.42595238095238,44.5
2026-03-14,1,gru,86.12606893292154,44.5
2026-03-14,2,naive,66.7,39.7
2026-03-14,2,naive_carry,66.7,39.7
2026-03-14,2,seasonal_naive_7,101.0,39.7
2026-03-14,2,climatology,81.40761904761904,39.7
2026-03-14,2,gru,44.79980375404751,39.7
2026-03-14,3,naive,66.7,71.2
2026-03-14,3,naive_carry,66.7,71.2
2026-03-14,3,seasonal_naive_7,100.0,71.2
2026-03-14,3,climatology,79.82095238095239,71.2
2026-03-14,3,gru,52.778005316004304,71.2
2026-03-15,1,naive,44.5,39.7
2026-03-15,1,naive_carry,44.5,39.7
2026-03-15,1,seasonal_naive_7,101.0,39.7
2026-03-15,1,climatology,81.40761904761904,39.7
2026-03-15,1,gru,57.440412549390665,39.7
2026-03-15,2,naive,44.5,71.2
2026-03-15,2,naive_carry,44.5,71.2
2026-03-15,2,seasonal_naive_7,100.0,71.2
2026-03-15,2,climatology,79.82095238095239,71.2
2026-03-15,2,gru,29.790090208394815,71.2
2026-03-15,3,naive,44.5,80.0
2026-03-15,3,naive_carry,44.5,80.0
2026-03-15,3,seasonal_naive_7,86.5,80.0
2026-03-15,3,climatology,80.5220634920635,80.0
2026-03-15,3,gru,35.70936629674518,80.0
2026-03-16,1,naive,39.7,71.2
2026-03-16,1,naive_carry,39.7,71.2
2026-03-16,1,seasonal_naive_7,100.0,71.2
2026-03-16,1,climatology,79.82095238095239,71.2
2026-03-16,1,gru,51.20730886793545,71.2
2026-03-16,2,naive,39.7,80.0
2026-03-16,2,naive_carry,39.7,80.0
2026-03-16,2,seasonal_naive_7,86.5,80.0
2026-03-16,2,climatology,80.5220634920635,80.0
2026-03-16,2,gru,26.455064379180207,80.0
2026-03-16,3,naive,39.7,50.3
2026-03-16,3,naive_carry,39.7,50.3
2026-03-16,3,seasonal_naive_7,77.5,50.3
2026-03-16,3,climatology,80.2240634920635,50.3
2026-03-16,3,gru,31.991257350576685,50.3
2026-03-17,1,naive,71.2,80.0
2026-03-17,1,naive_carry,71.2,80.0
2026-03-17,1,seasonal_naive_7,86.5,80.0
2026-03-17,1,climatology,80.5220634920635,80.0
2026-03-17,1,gru,91.79100554362607,80.0
2026-03-17,2,naive,71.2,50.3
2026-03-17,2,naive_carry,71.2,50.3
2026-03-17,2,seasonal_naive_7,77.5,50.3
2026-03-17,2,climatology,80.2240634920635,50.3
2026-03-17,2,gru,47.29452418609122,50.3
2026-03-17,3,naive,71.2,42.8
2026-03-17,3,naive_carry,71.2,42.8
2026-03-17,3,seasonal_naive_7,69.2,42.8
2026-03-17,3,climatology,80.30673015873016,42.8
2026-03-17,3,gru,56.222321290938226,42.8
2026-03-18,1,naive,80.0,50.3
2026-03-18,1,naive_carry,80.0,50.3
2026-03-18,1,seasonal_naive_7,77.5,50.3
2026-03-18,1,climatology,80.2240634920635,50.3
2026-03-18,1,gru,103.13577686366789,50.3
2026-03-18,2,naive,80.0,42.8
2026-03-18,2,naive_carry,80.0,42.8
2026-03-18,2,seasonal_naive_7,69.2,42.8
2026-03-18,2,climatology,80.30673015873016,42.8
2026-03-18,2,gru,53.016239513937485,42.8
2026-03-18,3,naive,80.0,52.9
2026-03-18,3,naive_carry,80.0,52.9
2026-03-18,3,seasonal_naive_7,66.7,52.9
2026-03-18,3,climatology,80.7730634920635,52.9
2026-03-18,3,gru,62.94301651803949,52.9
2026-03-19,1,naive,50.3,42.8
2026-03-19,1,naive_carry,50.3,42.8
2026-03-19,1,seasonal_naive_7,69.2,42.8
2026-03-19,1,climatology,80.30673015873016,42.8
2026-03-19,1,gru,64.84126667775766,42.8
2026-03-19,2,naive,50.3,52.9
2026-03-19,2,naive_carry,50.3,52.9
2026-03-19,2,seasonal_naive_7,66.7,52.9
2026-03-19,2,climatology,80.7730634920635,52.9
2026-03-19,2,gru,33.25457793155554,52.9
2026-03-19,3,naive,50.3,58.3
2026-03-19,3,naive_carry,50.3,58.3
2026-03-19,3,seasonal_naive_7,44.5,58.3
2026-03-19,3,climatology,80.23084126984126,58.3
2026-03-19,3,gru,40.16038913727333,58.3
2026-03-20,1,naive,42.8,52.9
2026-03-20,1,naive_carry,42.8,52.9
2026-03-20,1,seasonal_naive_7,66.7,52.9
2026-03-20,1,climatology,80.7730634920635,52.9
2026-03-20,1,gru,55.14196327428465,52.9
2026-03-20,2,naive,42.8,58.3
2026-03-20,2,naive_carry,42.8,58.3
2026-03-20,2,seasonal_naive_7,44.5,58.3
2026-03-20,2,climatology,80.23084126984126,58.3
2026-03-20,2,gru,28.198141110393063,58.3
2026-03-20,3,naive,42.8,49.6
2026-03-20,3,naive_carry,42.8,49.6
2026-03-20,3,seasonal_naive_7,39.7,49.6
2026-03-20,3,climatology,78.94950793650793,49.6
2026-03-20,3,gru,34.367978356728806,49.6
2026-03-21,1,naive,52.9,58.3
2026-03-21,1,naive_carry,52.9,58.3
2026-03-21,1,seasonal_naive_7,44.5,58.3
2026-03-21,1,climatology,80.23084126984126,58.3
2026-03-21,1,gru,68.10756879184447,58.3
2026-03-21,2,naive,52.9,49.6
2026-03-21,2,naive_carry,52.9,49.6
2026-03-21,2,seasonal_naive_7,39.7,49.6
2026-03-21,2,climatology,78.94950793650793,49.6
2026-03-21,2,gru,34.7252849842335,49.6
2026-03-21,3,naive,52.9,64.7
2026-03-21,3,naive_carry,52.9,64.7
2026-03-21,3,seasonal_naive_7,71.2,64.7
2026-03-21,3,climatology,77.5591746031746,64.7
2026-03-21,3,gru,42.163052558729696,64.7
2026-03-22,1,naive,58.3,49.6
2026-03-22,1,naive_carry,58.3,49.6
2026-03-22,1,seasonal_naive_7,39.7,49.6
2026-03-22,1,climatology,78.94950793650793,49.6
2026-03-22,1,gru,75.01839922443425,49.6
2026-03-22,2,naive,58.3,64.7
2026-03-22,2,naive_carry,58.3,64.7
2026-03-22,2,seasonal_naive_7,71.2,64.7
2026-03-22,2,climatology,77.5591746031746,64.7
2026-03-22,2,gru,38.13231707861755,64.7
2026-03-22,3,naive,58.3,79.3
2026-03-22,3,naive_carry,58.3,79.3
2026-03-22,3,seasonal_naive_7,80.0,79.3
2026-03-22,3,climatology,75.26117460317461,79.3
2026-03-22,3,gru,46.31297629912817,79.3
2026-03-23,1,naive,49.6,64.7
2026-03-23,1,naive_carry,49.6,64.7
2026-03-23,1,seasonal_naive_7,71.2,64.7
2026-03-23,1,climatology,77.5591746031746,64.7
2026-03-23,1,gru,63.785285189734736,64.7
2026-03-23,2,naive,49.6,79.3
2026-03-23,2,naive_carry,49.6,79.3
2026-03-23,2,seasonal_naive_7,80.0,79.3
2026-03-23,2,climatology,75.26117460317461,79.3
2026-03-23,2,gru,32.305784762702245,79.3
2026-03-23,3,naive,49.6,58.7
2026-03-23,3,naive_carry,49.6,58.7
2026-03-23,3,seasonal_naive_7,50.3,58.7
2026-03-23,3,climatology,74.11584126984125,58.7
2026-03-23,3,gru,39.6183009891348,58.7
2026-03-24,1,naive,64.7,79.3
2026-03-24,1,naive_carry,64.7,79.3
2026-03-24,1,seasonal_naive_7,80.0,79.3
2026-03-24,1,climatology,75.26117460317461,79.3
2026-03-24,1,gru,83.15793560514823,79.3
2026-03-24,2,naive,64.7,58.7
2026-03-24,2,naive_carry,64.7,58.7
2026-03-24,2,seasonal_naive_7,50.3,58.7
2026-03-24,2,climatology,74.11584126984125,58.7
2026-03-24,2,gru,41.99441360363926,58.7
2026-03-24,3,naive,64.7,46.7
2026-03-24,3,naive_carry,64.7,46.7
2026-03-24,3,seasonal_naive_7,42.8,46.7
2026-03-24,3,climatology,72.50361904761904,46.7
2026-03-24,3,gru,51.20387007189892,46.7
2026-03-25,1,naive,79.3,58.7
2026-03-25,1,naive_carry,79.3,58.7
2026-03-25,1,seasonal_naive_7,50.3,58.7
2026-03-25,1,climatology,74.11584126984125,58.7
2026-03-25,1,gru,101.90092102306117,58.7
2026-03-25,2,naive,79.3,46.7
2026-03-25,2,naive_carry,79.3,46.7
2026-03-25,2,seasonal_naive_7,42.8,46.7
2026-03-25,2,climatology,72.50361904761904,46.7
2026-03-25,2,gru,51.33340394656016,46.7
2026-03-25,3,naive,79.3,66.9
2026-03-25,3,naive_carry,79.3,66.9
2026-03-25,3,seasonal_naive_7,52.9,66.9
2026-03-25,3,climatology,70.59266666666667,66.9
2026-03-25,3,gru,62.37348208562766,66.9
2026-03-26,1,naive,58.7,46.7
2026-03-26,1,naive_carry,58.7,46.7
2026-03-26,1,seasonal_naive_7,42.8,46.7
2026-03-26,1,climatology,72.50361904761904,46.7
2026-03-26,1,gru,75.40973308826776,46.7
2026-03-26,2,naive,58.7,66.9
2026-03-26,2,naive_carry,58.7,66.9
2026-03-26,2,seasonal_naive_7,52.9,66.9
2026-03-26,2,climatology,70.59266666666667,66.9
2026-03-26,2,gru,37.86236426115171,66.9
2026-03-26,3,naive,58.7,73.3
2026-03-26,3,naive_carry,58.7,73.3
2026-03-26,3,seasonal_naive_7,58.3,73.3
2026-03-26,3,climatology,68.01133333333333,73.3
2026-03-26,3,gru,46.60614684816449,73.3
2026-03-27,1,naive,46.7,66.9
2026-03-27,1,naive_carry,46.7,66.9
2026-03-27,1,seasonal_naive_7,52.9,66.9
2026-03-27,1,climatology,70.59266666666667,66.9
2026-03-27,1,gru,59.96329536873628,66.9
2026-03-27,2,naive,46.7,73.3
2026-03-27,2,naive_carry,46.7,73.3
2026-03-27,2,seasonal_naive_7,58.3,73.3
2026-03-27,2,climatology,68.01133333333333,73.3
2026-03-27,2,gru,30.017649598787433,73.3
2026-03-27,3,naive,46.7,54.8
2026-03-27,3,naive_carry,46.7,54.8
2026-03-27,3,seasonal_naive_7,49.6,54.8
2026-03-27,3,climatology,67.99244444444444,54.8
2026-03-27,3,gru,37.36994090821301,54.8
2026-03-28,1,naive,66.9,73.3
2026-03-28,1,naive_carry,66.9,73.3
2026-03-28,1,seasonal_naive_7,58.3,73.3
2026-03-28,1,climatology,68.01133333333333,73.3
2026-03-28,1,gru,85.8583942789187,73.3
2026-03-28,2,naive,66.9,54.8
2026-03-28,2,naive_carry,66.9,54.8
2026-03-28,2,seasonal_naive_7,49.6,54.8
2026-03-28,2,climatology,67.99244444444444,54.8
2026-03-28,2,gru,42.90035523195805,54.8
2026-03-28,3,naive,66.9,49.0
2026-03-28,3,naive_carry,66.9,49.0
2026-03-28,3,seasonal_naive_7,64.7,49.0
2026-03-28,3,climatology,69.18355555555556,49.0
2026-03-28,3,gru,52.8869272552892,49.0
2026-03-29,1,naive,73.3,54.8
2026-03-29,1,naive_carry,73.3,54.8
2026-03-29,1,seasonal_naive_7,49.6,54.8
2026-03-29,1,climatology,67.99244444444444,54.8
2026-03-29,1,gru,94.05658352332688,54.8
2026-03-29,2,naive,73.3,49.0
2026-03-29,2,naive_carry,73.3,49.0
2026-03-29,2,seasonal_naive_7,64.7,49.0
2026-03-29,2,climatology,69.18355555555556,49.0
2026-03-29,2,gru,46.9189269643375,49.0
2026-03-29,3,naive,73.3,42.0
2026-03-29,3,naive_carry,73.3,42.0
2026-03-29,3,seasonal_naive_7,79.3,42.0
2026-03-29,3,climatology,69.94044444444445,42.0
2026-03-29,3,gru,57.792390034894616,42.0
2026-03-30,1,naive,54.8,49.0
2026-03-30,1,naive_carry,54.8,49.0
2026-03-30,1,seasonal_naive_7,64.7,49.0
2026-03-30,1,climatology,69.18355555555556,49.0
2026-03-30,1,gru,70.29540815959339,49.0
2026-03-30,2,naive,54.8,42.0
2026-03-30,2,naive_carry,54.8,42.0
2026-03-30,2,seasonal_naive_7,79.3,42.0
2026-03-30,2,climatology,69.94044444444445,42.0
2026-03-30,2,gru,34.97548324274118,42.0
2026-03-30,3,naive,54.8,71.5
2026-03-30,3,naive_carry,54.8,71.5
2026-03-30,3,seasonal_naive_7,58.7,71.5
2026-03-30,3,climatology,69.08933333333334,71.5
2026-03-30,3,gru,43.60965146144006,71.5
2026-03-31,1,naive,49.0,42.0
2026-03-31,1,naive_carry,49.0,42.0
2026-03-31,1,seasonal_naive_7,79.3,42.0
2026-03-31,1,climatology,69.94044444444445,42.0
2026-03-31,1,gru,62.81525631290607,42.0
2026-03-31,2,naive,49.0,71.5
2026-03-31,2,naive_carry,49.0,71.5
2026-03-31,2,seasonal_naive_7,58.7,71.5
2026-03-31,2,climatology,69.08933333333334,71.5
2026-03-31,2,gru,31.164137030560102,71.5
2026-03-31,3,naive,49.0,81.3
2026-03-31,3,naive_carry,49.0,81.3
2026-03-31,3,seasonal_naive_7,46.7,81.3
2026-03-31,3,climatology,68.33266666666667,81.3
2026-03-31,3,gru,39.14930865095741,81.3
2026-04-01,1,naive,42.0,71.5
2026-04-01,1,naive_carry,42.0,71.5
2026-04-01,1,seasonal_naive_7,58.7,71.5
2026-04-01,1,climatology,69.08933333333334,71.5
2026-04-01,1,gru,53.791697598752215,71.5
2026-04-01,2,naive,42.0,81.3
2026-04-01,2,naive_carry,42.0,81.3
2026-04-01,2,seasonal_naive_7,46.7,81.3
2026-04-01,2,climatology,68.33266666666667,81.3
2026-04-01,2,gru,26.59865852208418,81.3
2026-04-01,3,naive,42.0,48.7
2026-04-01,3,naive_carry,42.0,48.7
2026-04-01,3,seasonal_naive_7,66.9,48.7
2026-04-01,3,climatology,68.24466666666666,48.7
2026-04-01,3,gru,33.76546405218458,48.7
2026-04-02,1,naive,71.5,81.3
2026-04-02,1,naive_carry,71.5,81.3
2026-04-02,1,seasonal_naive_7,46.7,81.3
2026-04-02,1,climatology,68.33266666666667,81.3
2026-04-02,1,gru,91.50137383472632,81.3
2026-04-02,2,naive,71.5,48.7
2026-04-02,2,naive_carry,71.5,48.7
2026-04-02,2,seasonal_naive_7,66.9,48.7
2026-04-02,2,climatology,68.24466666666666,48.7
2026-04-02,2,gru,45.1572289666898,48.7
2026-04-02,3,naive,71.5,44.3
2026-04-02,3,naive_carry,71.5,44.3
2026-04-02,3,seasonal_naive_7,73.3,44.3
2026-04-02,3,climatology,67.58,44.3
2026-04-02,3,gru,56.42709100657834,44.3
2026-04-03,1,naive,81.3,48.7
2026-04-03,1,naive_carry,81.3,48.7
2026-04-03,1,seasonal_naive_7,66.9,48.7
2026-04-03,1,climatology,68.24466666666666,48.7
2026-04-03,1,gru,104.03062646981597,48.7
2026-04-03,2,naive,81.3,44.3
2026-04-03,2,naive_carry,81.3,44.3
2026-04-03,2,seasonal_naive_7,73.3,44.3
2026-04-03,2,climatology,67.58,44.3
2026-04-03,2,gru,51.28809593752135,44.3
2026-04-03,3,naive,81.3,37.0
2026-04-03,3,naive_carry,81.3,37.0
2026-04-03,3,seasonal_naive_7,54.8,37.0
2026-04-03,3,climatology,67.80555555555556,37.0
2026-04-03,3,gru,63.91977921166361,37.0
2026-04-04,1,naive,48.7,44.3
2026-04-04,1,naive_carry,48.7,44.3
2026-04-04,1,seasonal_naive_7,73.3,44.3
2026-04-04,1,climatology,67.58,44.3
2026-04-04,1,gru,62.30148740882964,44.3
2026-04-04,2,naive,48.7,37.0
2026-04-04,2,naive_carry,48.7,37.0
2026-04-04,2,seasonal_naive_7,54.8,37.0
2026-04-04,2,climatology,67.80555555555556,37.0
2026-04-04,2,gru,30.648590463005394,37.0
2026-04-04,3,naive,48.7,39.8
2026-04-04,3,naive_carry,48.7,39.8
2026-04-04,3,seasonal_naive_7,49.0,39.8
2026-04-04,3,climatology,68.52155555555555,39.8
2026-04-04,3,gru,38.93117724624382,39.8
2026-04-05,1,naive,44.3,37.0
2026-04-05,1,naive_carry,44.3,37.0
2026-04-05,1,seasonal_naive_7,54.8,37.0
2026-04-05,1,climatology,67.80555555555556,37.0
2026-04-05,1,gru,56.620880695428546,37.0
2026-04-05,2,naive,44.3,39.8
2026-04-05,2,naive_carry,44.3,39.8
2026-04-05,2,seasonal_naive_7,49.0,39.8
2026-04-05,2,climatology,68.52155555555555,39.8
2026-04-05,2,gru,27.76762723912236,39.8
2026-04-05,3,naive,44.3,29.9
2026-04-05,3,naive_carry,44.3,29.9
2026-04-05,3,seasonal_naive_7,42.0,29.9
2026-04-05,3,climatology,68.748,29.9
2026-04-05,3,gru,35.541207370148896,29.9
2026-04-06,1,naive,37.0,39.8
2026-04-06,1,naive_carry,37.0,39.8
2026-04-06,1,seasonal_naive_7,49.0,39.8
2026-04-06,1,climatology,68.52155555555555,39.8
2026-04-06,1,gru,35.14532703467621,39.8
2026-04-06,2,naive,37.0,29.9
2026-04-06,2,naive_carry,37.0,29.9
2026-04-06,2,seasonal_naive_7,42.0,29.9
2026-04-06,2,climatology,68.748,29.9
2026-04-06,2,gru,44.539865817666474,29.9
2026-04-06,3,naive,37.0,39.2
2026-04-06,3,naive_carry,37.0,39.2
2026-04-06,3,seasonal_naive_7,71.5,39.2
2026-04-06,3,climatology,76.02266666666667,39.2
2026-04-06,3,gru,39.538566135250576,39.2
2026-04-07,1,naive,39.8,29.9
2026-04-07,1,naive_carry,39.8,29.9
2026-04-07,1,seasonal_naive_7,42.0,29.9
2026-04-07,1,climatology,68.748,29.9
2026-04-07,1,gru,37.824400599092094,29.9
2026-04-07,2,naive,39.8,39.2
2026-04-07,2,naive_carry,39.8,39.2
2026-04-07,2,seasonal_naive_7,71.5,39.2
2026-04-07,2,climatology,76.02266666666667,39.2
2026-04-07,2,gru,47.40458508058162,39.2
2026-04-07,3,naive,39.8,46.0
2026-04-07,3,naive_carry,39.8,46.0
2026-04-07,3,seasonal_naive_7,81.3,46.0
2026-04-07,3,climatology,82.366,46.0
2026-04-07,3,gru,43.24489836944298,46.0
2026-04-08,1,naive,29.9,39.2
2026-04-08,1,naive_carry,29.9,39.2
2026-04-08,1,seasonal_naive_7,71.5,39.2
2026-04-08,1,climatology,76.02266666666667,39.2
2026-04-08,1,gru,28.49745195004333,39.2
2026-04-08,2,naive,29.9,46.0
2026-04-08,2,naive_carry,29.9,46.0
2026-04-08,2,seasonal_naive_7,81.3,46.0
2026-04-08,2,climatology,82.366,46.0
2026-04-08,2,gru,38.284356116922,46.0
2026-04-08,3,naive,29.9,40.5
2026-04-08,3,naive_carry,29.9,40.5
2026-04-08,3,seasonal_naive_7,48.7,40.5
2026-04-08,3,climatology,83.44422222222221,40.5
2026-04-08,3,gru,34.30519319680813,40.5
2026-04-09,1,naive,39.2,46.0
2026-04-09,1,naive_carry,39.2,46.0
2026-04-09,1,seasonal_naive_7,81.3,46.0
2026-04-09,1,climatology,82.366,46.0
2026-04-09,1,gru,37.39710609377019,46.0
2026-04-09,2,naive,39.2,40.5
2026-04-09,2,naive_carry,39.2,40.5
2026-04-09,2,seasonal_naive_7,48.7,40.5
2026-04-09,2,climatology,83.44422222222221,40.5
2026-04-09,2,gru,47.11169133685303,40.5
2026-04-09,3,naive,39.2,49.8
2026-04-09,3,naive_carry,39.2,49.8
2026-04-09,3,seasonal_naive_7,44.3,49.8
2026-04-09,3,climatology,83.69955555555556,49.8
2026-04-09,3,gru,44.58584166234923,49.8
2026-04-10,1,naive,46.0,40.5
2026-04-10,1,naive_carry,46.0,40.5
2026-04-10,1,seasonal_naive_7,48.7,40.5
2026-04-10,1,climatology,83.44422222222221,40.5
2026-04-10,1,gru,43.84388338331702,40.5
2026-04-10,2,naive,46.0,49.8
2026-04-10,2,naive_carry,46.0,49.8
2026-04-10,2,seasonal_naive_7,44.3,49.8
2026-04-10,2,climatology,83.69955555555556,49.8
2026-04-10,2,gru,53.72274260621731,49.8
2026-04-10,3,naive,46.0,50.0
2026-04-10,3,naive_carry,46.0,50.0
2026-04-10,3,seasonal_naive_7,37.0,50.0
2026-04-10,3,climatology,83.11955555555555,50.0
2026-04-10,3,gru,51.14869880372369,50.0
2026-04-11,1,naive,40.5,49.8
2026-04-11,1,naive_carry,40.5,49.8
2026-04-11,1,seasonal_naive_7,44.3,49.8
2026-04-11,1,climatology,83.69955555555556,49.8
2026-04-11,1,gru,38.66544739244476,49.8
2026-04-11,2,naive,40.5,50.0
2026-04-11,2,naive_carry,40.5,50.0
2026-04-11,2,seasonal_naive_7,37.0,50.0
2026-04-11,2,climatology,83.11955555555555,50.0
2026-04-11,2,gru,48.917915741746825,50.0
2026-04-11,3,naive,40.5,50.8
2026-04-11,3,naive_carry,40.5,50.8
2026-04-11,3,seasonal_naive_7,39.8,50.8
2026-04-11,3,climatology,84.46955555555556,50.8
2026-04-11,3,gru,45.434598438751635,50.8
2026-04-12,1,naive,49.8,50.0
2026-04-12,1,naive_carry,49.8,50.0
2026-04-12,1,seasonal_naive_7,37.0,50.0
2026-04-12,1,climatology,83.11955555555555,50.0
2026-04-12,1,gru,47.53027960998111,50.0
2026-04-12,2,naive,49.8,50.8
2026-04-12,2,naive_carry,49.8,50.8
2026-04-12,2,seasonal_naive_7,39.8,50.8
2026-04-12,2,climatology,84.46955555555556,50.8
2026-04-12,2,gru,57.01709214545056,50.8
2026-04-12,3,naive,49.8,70.9
2026-04-12,3,naive_carry,49.8,70.9
2026-04-12,3,seasonal_naive_7,29.9,70.9
2026-04-12,3,climatology,82.73444444444445,70.9
2026-04-12,3,gru,54.52155932542526,70.9
2026-04-13,1,naive,50.0,50.8
2026-04-13,1,naive_carry,50.0,50.8
2026-04-13,1,seasonal_naive_7,39.8,50.8
2026-04-13,1,climatology,84.46955555555556,50.8
2026-04-13,1,gru,47.830564328696184,50.8
2026-04-13,2,naive,50.0,70.9
2026-04-13,2,naive_carry,50.0,70.9
2026-04-13,2,seasonal_naive_7,29.9,70.9
2026-04-13,2,climatology,82.73444444444445,70.9
2026-04-13,2,gru,57.67265263771358,70.9
2026-04-13,3,naive,50.0,87.9
2026-04-13,3,naive_carry,50.0,87.9
2026-04-13,3,seasonal_naive_7,39.2,87.9
2026-04-13,3,climatology,83.51755555555556,87.9
2026-04-13,3,gru,54.158648114354285,87.9
2026-04-14,1,naive,50.8,70.9
2026-04-14,1,naive_carry,50.8,70.9
2026-04-14,1,seasonal_naive_7,29.9,70.9
2026-04-14,1,climatology,82.73444444444445,70.9
2026-04-14,1,gru,48.63827247881835,70.9
2026-04-14,2,naive,50.8,87.9
2026-04-14,2,naive_carry,50.8,87.9
2026-04-14,2,seasonal_naive_7,39.2,87.9
2026-04-14,2,climatology,83.51755555555556,87.9
2026-04-14,2,gru,58.387831453922246,87.9
2026-04-14,3,naive,50.8,82.7
2026-04-14,3,naive_carry,50.8,82.7
2026-04-14,3,seasonal_naive_7,46.0,82.7
2026-04-14,3,climatology,89.71255555555555,82.7
2026-04-14,3,gru,54.58516468285984,82.7
2026-04-15,1,naive,70.9,87.9
2026-04-15,1,naive_carry,70.9,87.9
2026-04-15,1,seasonal_naive_7,39.2,87.9
2026-04-15,1,climatology,83.51755555555556,87.9
2026-04-15,1,gru,67.48195470801508,87.9
2026-04-15,2,naive,70.9,82.7
2026-04-15,2,naive_carry,70.9,82.7
2026-04-15,2,seasonal_naive_7,46.0,82.7
2026-04-15,2,climatology,89.71255555555555,82.7
2026-04-15,2,gru,74.84970274096528,82.7
2026-04-15,3,naive,70.9,63.0
2026-04-15,3,naive_carry,70.9,63.0
2026-04-15,3,seasonal_naive_7,40.5,63.0
2026-04-15,3,climatology,90.2992222222222,63.0
2026-04-15,3,gru,72.52220316411137,63.0
2026-04-16,1,naive,87.9,82.7
2026-04-16,1,naive_carry,87.9,82.7
2026-04-16,1,seasonal_naive_7,46.0,82.7
2026-04-16,1,climatology,89.71255555555555,82.7
2026-04-16,1,gru,83.42156853797087,82.7
2026-04-16,2,naive,87.9,63.0
2026-04-16,2,naive_carry,87.9,63.0
2026-04-16,2,seasonal_naive_7,40.5,63.0
2026-04-16,2,climatology,90.2992222222222,63.0
2026-04-16,2,gru,87.52693166380118,63.0
2026-04-16,3,naive,87.9,108.0
2026-04-16,3,naive_carry,87.9,108.0
2026-04-16,3,seasonal_naive_7,49.8,108.0
2026-04-16,3,climatology,91.03488888888889,108.0
2026-04-16,3,gru,85.38731008027867,108.0
2026-04-17,1,naive,82.7,63.0
2026-04-17,1,naive_carry,82.7,63.0
2026-04-17,1,seasonal_naive_7,40.5,63.0
2026-04-17,1,climatology,90.2992222222222,63.0
2026-04-17,1,gru,78.72511902415694,63.0
2026-04-17,2,naive,82.7,108.0
2026-04-17,2,naive_carry,82.7,108.0
2026-04-17,2,seasonal_naive_7,49.8,108.0
2026-04-17,2,climatology,91.03488888888889,108.0
2026-04-17,2,gru,83.09713097885314,108.0
2026-04-17,3,naive,82.7,58.8
2026-04-17,3,naive_carry,82.7,58.8
2026-04-17,3,seasonal_naive_7,50.0,58.8
2026-04-17,3,climatology,90.9932222222222,58.8
2026-04-17,3,gru,78.76880021163899,58.8
2026-04-18,1,naive,63.0,108.0
2026-04-18,1,naive_carry,63.0,108.0
2026-04-18,1,seasonal_naive_7,49.8,108.0
2026-04-18,1,climatology,91.03488888888889,108.0
2026-04-18,1,gru,60.18725586588371,108.0
2026-04-18,2,naive,63.0,58.8
2026-04-18,2,naive_carry,63.0,58.8
2026-04-18,2,seasonal_naive_7,50.0,58.8
2026-04-18,2,climatology,90.9932222222222,58.8
2026-04-18,2,gru,67.93719574774713,58.8
2026-04-18,3,naive,63.0,62.6
2026-04-18,3,naive_carry,63.0,62.6
2026-04-18,3,seasonal_naive_7,50.8,62.6
2026-04-18,3,climatology,92.74766666666667,62.6
2026-04-18,3,gru,61.23725694012107,62.6
2026-04-19,1,naive,108.0,58.8
2026-04-19,1,naive_carry,108.0,58.8
2026-04-19,1,seasonal_naive_7,50.0,58.8
2026-04-19,1,climatology,90.9932222222222,58.8
2026-04-19,1,gru,102.79214281318127,58.8
2026-04-19,2,naive,108.0,62.6
2026-04-19,2,naive_carry,108.0,62.6
2026-04-19,2,seasonal_naive_7,50.8,62.6
2026-04-19,2,climatology,92.74766666666667,62.6
2026-04-19,2,gru,99.73463527383898,62.6
2026-04-19,3,naive,108.0,78.2
2026-04-19,3,naive_carry,108.0,78.2
2026-04-19,3,seasonal_naive_7,70.9,78.2
2026-04-19,3,climatology,93.38188888888888,78.2
2026-04-19,3,gru,98.8639823215651,78.2
2026-04-20,1,naive,58.8,62.6
2026-04-20,1,naive_carry,58.8,62.6
2026-04-20,1,seasonal_naive_7,50.8,62.6
2026-04-20,1,climatology,92.74766666666667,62.6
2026-04-20,1,gru,56.1363010582348,62.6
2026-04-20,2,naive,58.8,78.2
2026-04-20,2,naive_carry,58.8,78.2
2026-04-20,2,seasonal_naive_7,70.9,78.2
2026-04-20,2,climatology,93.38188888888888,78.2
2026-04-20,2,gru,65.05551151880782,78.2
2026-04-20,3,naive,58.8,59.7
2026-04-20,3,naive_carry,58.8,59.7
2026-04-20,3,seasonal_naive_7,87.9,59.7
2026-04-20,3,climatology,94.31144444444443,59.7
2026-04-20,3,gru,56.442186694921155,59.7
2026-04-21,1,naive,62.6,78.2
2026-04-21,1,naive_carry,62.6,78.2
2026-04-21,1,seasonal_naive_7,70.9,78.2
2026-04-21,1,climatology,93.38188888888888,78.2
2026-04-21,1,gru,59.97384303686785,78.2
2026-04-21,2,naive,62.6,59.7
2026-04-21,2,naive_carry,62.6,59.7
2026-04-21,2,seasonal_naive_7,87.9,59.7
2026-04-21,2,climatology,94.31144444444443,59.7
2026-04-21,2,gru,67.50781204882925,59.7
2026-04-21,3,naive,62.6,91.9
2026-04-21,3,naive_carry,62.6,91.9
2026-04-21,3,seasonal_naive_7,82.7,91.9
2026-04-21,3,climatology,87.35811111111111,91.9
2026-04-21,3,gru,60.72481572145274,91.9
2026-04-22,1,naive,78.2,59.7
2026-04-22,1,naive_carry,78.2,59.7
2026-04-22,1,seasonal_naive_7,87.9,59.7
2026-04-22,1,climatology,94.31144444444443,59.7
2026-04-22,1,gru,74.77374869317477,59.7
2026-04-22,2,naive,78.2,91.9
2026-04-22,2,naive_carry,78.2,91.9
2026-04-22,2,seasonal_naive_7,82.7,91.9
2026-04-22,2,climatology,87.35811111111111,91.9
2026-04-22,2,gru,81.03342764502324,91.9
2026-04-22,3,naive,78.2,79.6
2026-04-22,3,naive_carry,78.2,79.6
2026-04-22,3,seasonal_naive_7,63.0,79.6
2026-04-22,3,climatology,81.19744444444444,79.6
2026-04-22,3,gru,74.4644504567858,79.6
2026-04-23,1,naive,59.7,91.9
2026-04-23,1,naive_carry,59.7,91.9
2026-04-23,1,seasonal_naive_7,82.7,91.9
2026-04-23,1,climatology,87.35811111111111,91.9
2026-04-23,1,gru,57.1813427701338,91.9
2026-04-23,2,naive,59.7,79.6
2026-04-23,2,naive_carry,59.7,79.6
2026-04-23,2,seasonal_naive_7,63.0,79.6
2026-04-23,2,climatology,81.19744444444444,79.6
2026-04-23,2,gru,66.78476599032552,79.6
2026-04-23,3,naive,59.7,84.7
2026-04-23,3,naive_carry,59.7,84.7
2026-04-23,3,seasonal_naive_7,108.0,84.7
2026-04-23,3,climatology,81.26144444444444,84.7
2026-04-23,3,gru,58.29716663446035,84.7
2026-04-24,1,naive,91.9,79.6
2026-04-24,1,naive_carry,91.9,79.6
2026-04-24,1,seasonal_naive_7,63.0,79.6
2026-04-24,1,climatology,81.19744444444444,79.6
2026-04-24,1,gru,88.10043377802386,79.6
2026-04-24,2,naive,91.9,84.7
2026-04-24,2,naive_carry,91.9,84.7
2026-04-24,2,seasonal_naive_7,108.0,84.7
2026-04-24,2,climatology,81.26144444444444,84.7
2026-04-24,2,gru,90.42718058301847,84.7
2026-04-24,3,naive,91.9,75.4
2026-04-24,3,naive_carry,91.9,75.4
2026-04-24,3,seasonal_naive_7,58.8,75.4
2026-04-24,3,climatology,80.52833333333334,75.4
2026-04-24,3,gru,86.3072818958525,75.4
2026-04-25,1,naive,79.6,84.7
2026-04-25,1,naive_carry,79.6,84.7
2026-04-25,1,seasonal_naive_7,108.0,84.7
2026-04-25,1,climatology,81.26144444444444,84.7
2026-04-25,1,gru,76.47126985033739,84.7
2026-04-25,2,naive,79.6,75.4
2026-04-25,2,naive_carry,79.6,75.4
2026-04-25,2,seasonal_naive_7,58.8,75.4
2026-04-25,2,climatology,80.52833333333334,75.4
2026-04-25,2,gru,83.29791376675283,75.4
2026-04-25,3,naive,79.6,59.6
2026-04-25,3,naive_carry,79.6,59.6
2026-04-25,3,seasonal_naive_7,62.6,59.6
2026-04-25,3,climatology,80.38166666666666,59.6
2026-04-25,3,gru,74.78672688473705,59.6
2026-04-26,1,naive,84.7,75.4
2026-04-26,1,naive_carry,84.7,75.4
2026-04-26,1,seasonal_naive_7,58.8,75.4
2026-04-26,1,climatology,80.52833333333334,75.4
2026-04-26,1,gru,81.36890434440294,75.4
2026-04-26,2,naive,84.7,59.6
2026-04-26,2,naive_carry,84.7,59.6
2026-04-26,2,seasonal_naive_7,62.6,59.6
2026-04-26,2,climatology,80.38166666666666,59.6
2026-04-26,2,gru,86.34158409323696,59.6
2026-04-27,1,naive,75.4,59.6
2026-04-27,1,naive_carry,75.4,59.6
2026-04-27,1,seasonal_naive_7,62.6,59.6
2026-04-27,1,climatology,80.38166666666666,59.6
2026-04-27,1,gru,72.57318797005183,59.6
2026-05-09,3,naive,48.0,62.0
2026-05-09,3,naive_carry,48.0,62.0
2026-05-09,3,seasonal_naive_7,33.8,62.0
2026-05-09,3,climatology,81.50422222222223,62.0
2026-05-09,3,gru,53.281906209428236,62.0
2026-05-10,2,naive,51.3,62.0
2026-05-10,2,naive_carry,51.3,62.0
2026-05-10,2,seasonal_naive_7,33.8,62.0
2026-05-10,2,climatology,81.50422222222223,62.0
2026-05-10,2,gru,62.88310953349246,62.0
2026-05-10,3,naive,51.3,57.3
2026-05-10,3,naive_carry,51.3,57.3
2026-05-10,3,seasonal_naive_7,52.5,57.3
2026-05-10,3,climatology,81.40422222222223,57.3
2026-05-10,3,gru,56.479972553519836,57.3
2026-05-11,1,naive,59.8,62.0
2026-05-11,1,naive_carry,59.8,62.0
2026-05-11,1,seasonal_naive_7,33.8,62.0
2026-05-11,1,climatology,81.50422222222223,62.0
2026-05-11,1,gru,58.404209120273855,62.0
2026-05-11,2,naive,59.8,57.3
2026-05-11,2,naive_carry,59.8,57.3
2026-05-11,2,seasonal_naive_7,52.5,57.3
2026-05-11,2,climatology,81.40422222222223,57.3
2026-05-11,2,gru,70.7537408094518,57.3
2026-05-11,3,naive,59.8,46.1
2026-05-11,3,naive_carry,59.8,46.1
2026-05-11,3,seasonal_naive_7,34.0,46.1
2026-05-11,3,climatology,81.28922222222222,46.1
2026-05-11,3,gru,64.66866563140144,46.1
2026-05-12,1,naive,62.0,57.3
2026-05-12,1,naive_carry,62.0,57.3
2026-05-12,1,seasonal_naive_7,52.5,57.3
2026-05-12,1,climatology,81.40422222222223,57.3
2026-05-12,1,gru,60.73130417553838,57.3
2026-05-12,2,naive,62.0,46.1
2026-05-12,2,naive_carry,62.0,46.1
2026-05-12,2,seasonal_naive_7,34.0,46.1
2026-05-12,2,climatology,81.28922222222222,46.1
2026-05-12,2,gru,73.80080721162841,46.1
2026-05-12,3,naive,62.0,46.5
2026-05-12,3,naive_carry,62.0,46.5
2026-05-12,3,seasonal_naive_7,36.5,46.5
2026-05-12,3,climatology,92.75033333333334,46.5
2026-05-12,3,gru,66.2742766338335,46.5
2026-05-13,1,naive,57.3,46.1
2026-05-13,1,naive_carry,57.3,46.1
2026-05-13,1,seasonal_naive_7,34.0,46.1
2026-05-13,1,climatology,81.28922222222222,46.1
2026-05-13,1,gru,56.334314607591786,46.1
2026-05-13,2,naive,57.3,46.5
2026-05-13,2,naive_carry,57.3,46.5
2026-05-13,2,seasonal_naive_7,36.5,46.5
2026-05-13,2,climatology,92.75033333333334,46.5
2026-05-13,2,gru,69.83600159653672,46.5
2026-05-13,3,naive,57.3,64.2
2026-05-13,3,naive_carry,57.3,64.2
2026-05-13,3,seasonal_naive_7,48.0,64.2
2026-05-13,3,climatology,98.92011111111113,64.2
2026-05-13,3,gru,61.353992842131014,64.2
2026-05-14,1,naive,46.1,46.5
2026-05-14,1,naive_carry,46.1,46.5
2026-05-14,1,seasonal_naive_7,36.5,46.5
2026-05-14,1,climatology,92.75033333333334,46.5
2026-05-14,1,gru,45.497727728477074,46.5
2026-05-14,2,naive,46.1,64.2
2026-05-14,2,naive_carry,46.1,64.2
2026-05-14,2,seasonal_naive_7,48.0,64.2
2026-05-14,2,climatology,98.92011111111113,64.2
2026-05-14,2,gru,59.360884428709824,64.2
2026-05-14,3,naive,46.1,62.4
2026-05-14,3,naive_carry,46.1,62.4
2026-05-14,3,seasonal_naive_7,51.3,62.4
2026-05-14,3,climatology,99.72122222222222,62.4
2026-05-14,3,gru,50.44981910333435,62.4
2026-05-15,1,naive,46.5,64.2
2026-05-15,1,naive_carry,46.5,64.2
2026-05-15,1,seasonal_naive_7,48.0,64.2
2026-05-15,1,climatology,98.92011111111113,64.2
2026-05-15,1,gru,46.05070266996435,64.2
2026-05-15,2,naive,46.5,62.4
2026-05-15,2,naive_carry,46.5,62.4
2026-05-15,2,seasonal_naive_7,51.3,62.4
2026-05-15,2,climatology,99.72122222222222,62.4
2026-05-15,2,gru,59.38782834012067,62.4
2026-05-15,3,naive,46.5,57.2
2026-05-15,3,naive_carry,46.5,57.2
2026-05-15,3,seasonal_naive_7,59.8,57.2
2026-05-15,3,climatology,103.52055555555556,57.2
2026-05-15,3,gru,51.51633506939629,57.2
2026-05-16,1,naive,64.2,62.4
2026-05-16,1,naive_carry,64.2,62.4
2026-05-16,1,seasonal_naive_7,51.3,62.4
2026-05-16,1,climatology,99.72122222222222,62.4
2026-05-16,1,gru,63.65676808343842,62.4
2026-05-16,2,naive,64.2,57.2
2026-05-16,2,naive_carry,64.2,57.2
2026-05-16,2,seasonal_naive_7,59.8,57.2
2026-05-16,2,climatology,103.52055555555556,57.2
2026-05-16,2,gru,76.15063489463199,57.2
2026-05-16,3,naive,64.2,55.5
2026-05-16,3,naive_carry,64.2,55.5
2026-05-16,3,seasonal_naive_7,62.0,55.5
2026-05-16,3,climatology,101.2338888888889,55.5
2026-05-16,3,gru,69.63024081817242,55.5
2026-05-17,1,naive,62.4,57.2
2026-05-17,1,naive_carry,62.4,57.2
2026-05-17,1,seasonal_naive_7,59.8,57.2
2026-05-17,1,climatology,103.52055555555556,57.2
2026-05-17,1,gru,62.02432223019557,57.2
2026-05-17,2,naive,62.4,55.5
2026-05-17,2,naive_carry,62.4,55.5
2026-05-17,2,seasonal_naive_7,62.0,55.5
2026-05-17,2,climatology,101.2338888888889,55.5
2026-05-17,2,gru,76.26546610577637,55.5
2026-05-17,3,naive,62.4,41.6
2026-05-17,3,naive_carry,62.4,41.6
2026-05-17,3,seasonal_naive_7,57.3,41.6
2026-05-17,3,climatology,95.61388888888888,41.6
2026-05-17,3,gru,67.31763541395765,41.6
2026-05-18,1,naive,57.2,55.5
2026-05-18,1,naive_carry,57.2,55.5
2026-05-18,1,seasonal_naive_7,62.0,55.5
2026-05-18,1,climatology,101.2338888888889,55.5
2026-05-18,1,gru,56.96909574711845,55.5
2026-05-18,2,naive,57.2,41.6
2026-05-18,2,naive_carry,57.2,41.6
2026-05-18,2,seasonal_naive_7,57.3,41.6
2026-05-18,2,climatology,95.61388888888888,41.6
2026-05-18,2,gru,70.67864688325616,41.6
2026-05-18,3,naive,57.2,51.8
2026-05-18,3,naive_carry,57.2,51.8
2026-05-18,3,seasonal_naive_7,46.1,51.8
2026-05-18,3,climatology,94.10444444444444,51.8
2026-05-18,3,gru,62.01149225848211,51.8
2026-05-19,1,naive,55.5,41.6
2026-05-19,1,naive_carry,55.5,41.6
2026-05-19,1,seasonal_naive_7,57.3,41.6
2026-05-19,1,climatology,95.61388888888888,41.6
2026-05-19,1,gru,55.497980880958636,41.6
2026-05-19,2,naive,55.5,51.8
2026-05-19,2,naive_carry,55.5,51.8
2026-05-19,2,seasonal_naive_7,46.1,51.8
2026-05-19,2,climatology,94.10444444444444,51.8
2026-05-19,2,gru,68.831201071934,51.8
2026-05-19,3,naive,55.5,74.1
2026-05-19,3,naive_carry,55.5,74.1
2026-05-19,3,seasonal_naive_7,46.5,74.1
2026-05-19,3,climatology,92.32844444444444,74.1
2026-05-19,3,gru,60.56085641695304,74.1
2026-05-20,1,naive,41.6,51.8
2026-05-20,1,naive_carry,41.6,51.8
2026-05-20,1,seasonal_naive_7,46.1,51.8
2026-05-20,1,climatology,94.10444444444444,51.8
2026-05-20,1,gru,41.76920105271441,51.8
2026-05-20,2,naive,41.6,74.1
2026-05-20,2,naive_carry,41.6,74.1
2026-05-20,2,seasonal_naive_7,46.5,74.1
2026-05-20,2,climatology,92.32844444444444,74.1
2026-05-20,2,gru,55.22132920273807,74.1
2026-05-20,3,naive,41.6,59.2
2026-05-20,3,naive_carry,41.6,59.2
2026-05-20,3,seasonal_naive_7,64.2,59.2
2026-05-20,3,climatology,94.49233333333332,59.2
2026-05-20,3,gru,46.81395185253448,59.2
2026-05-21,1,naive,51.8,74.1
2026-05-21,1,naive_carry,51.8,74.1
2026-05-21,1,seasonal_naive_7,46.5,74.1
2026-05-21,1,climatology,92.32844444444444,74.1
2026-05-21,1,gru,52.071862772664424,74.1
2026-05-21,2,naive,51.8,59.2
2026-05-21,2,naive_carry,51.8,59.2
2026-05-21,2,seasonal_naive_7,64.2,59.2
2026-05-21,2,climatology,94.49233333333332,59.2
2026-05-21,2,gru,64.08829809149401,59.2
2026-05-21,3,naive,51.8,58.6
2026-05-21,3,naive_carry,51.8,58.6
2026-05-21,3,seasonal_naive_7,62.4,58.6
2026-05-21,3,climatology,93.5012222222222,58.6
2026-05-21,3,gru,58.13389268603469,58.6
2026-05-22,1,naive,74.1,59.2
2026-05-22,1,naive_carry,74.1,59.2
2026-05-22,1,seasonal_naive_7,64.2,59.2
2026-05-22,1,climatology,94.49233333333332,59.2
2026-05-22,1,gru,74.40898524113933,59.2
2026-05-22,2,naive,74.1,58.6
2026-05-22,2,naive_carry,74.1,58.6
2026-05-22,2,seasonal_naive_7,62.4,58.6
2026-05-22,2,climatology,93.5012222222222,58.6
2026-05-22,2,gru,86.15027744609263,58.6
2026-05-22,3,naive,74.1,79.9
2026-05-22,3,naive_carry,74.1,79.9
2026-05-22,3,seasonal_naive_7,57.2,79.9
2026-05-22,3,climatology,92.73566666666667,79.9
2026-05-22,3,gru,80.49208800116389,79.9
2026-05-23,1,naive,59.2,58.6
2026-05-23,1,naive_carry,59.2,58.6
2026-05-23,1,seasonal_naive_7,62.4,58.6
2026-05-23,1,climatology,93.5012222222222,58.6
2026-05-23,1,gru,59.49890776899884,58.6
2026-05-23,2,naive,59.2,79.9
2026-05-23,2,naive_carry,59.2,79.9
2026-05-23,2,seasonal_naive_7,57.2,79.9
2026-05-23,2,climatology,92.73566666666667,79.9
2026-05-23,2,gru,73.9530843033355,79.9
2026-05-23,3,naive,59.2,65.4
2026-05-23,3,naive_carry,59.2,65.4
2026-05-23,3,seasonal_naive_7,55.5,65.4
2026-05-23,3,climatology,92.949,65.4
2026-05-23,3,gru,64.74848214417803,65.4
2026-05-24,1,naive,58.6,79.9
2026-05-24,1,naive_carry,58.6,79.9
2026-05-24,1,seasonal_naive_7,57.2,79.9
2026-05-24,1,climatology,92.73566666666667,79.9
2026-05-24,1,gru,59.02051619853063,79.9
2026-05-24,2,naive,58.6,65.4
2026-05-24,2,naive_carry,58.6,65.4
2026-05-24,2,seasonal_naive_7,55.5,65.4
2026-05-24,2,climatology,92.949,65.4
2026-05-24,2,gru,71.46968384273342,65.4
2026-05-24,3,naive,58.6,68.5
2026-05-24,3,naive_carry,58.6,68.5
2026-05-24,3,seasonal_naive_7,41.6,68.5
2026-05-24,3,climatology,91.62733333333334,68.5
2026-05-24,3,gru,64.26689033761684,68.5
2026-05-25,1,naive,79.9,65.4
2026-05-25,1,naive_carry,79.9,65.4
2026-05-25,1,seasonal_naive_7,55.5,65.4
2026-05-25,1,climatology,92.949,65.4
2026-05-25,1,gru,80.31355448449061,65.4
2026-05-25,2,naive,79.9,68.5
2026-05-25,2,naive_carry,79.9,68.5
2026-05-25,2,seasonal_naive_7,41.6,68.5
2026-05-25,2,climatology,91.62733333333334,68.5
2026-05-25,2,gru,90.92644714096701,68.5
2026-05-25,3,naive,79.9,68.3
2026-05-25,3,naive_carry,79.9,68.3
2026-05-25,3,seasonal_naive_7,51.8,68.3
2026-05-25,3,climatology,90.81,68.3
2026-05-25,3,gru,85.13892115158056,68.3
2026-05-26,1,naive,65.4,68.5
2026-05-26,1,naive_carry,65.4,68.5
2026-05-26,1,seasonal_naive_7,41.6,68.5
2026-05-26,1,climatology,91.62733333333334,68.5
2026-05-26,1,gru,65.83816594656025,68.5
2026-05-26,2,naive,65.4,68.3
2026-05-26,2,naive_carry,65.4,68.3
2026-05-26,2,seasonal_naive_7,51.8,68.3
2026-05-26,2,climatology,90.81,68.3
2026-05-26,2,gru,79.39822721867972,68.3
2026-05-26,3,naive,65.4,29.5
2026-05-26,3,naive_carry,65.4,29.5
2026-05-26,3,seasonal_naive_7,74.1,29.5
2026-05-26,3,climatology,88.23055555555555,29.5
2026-05-26,3,gru,70.20892877658149,29.5
2026-05-27,1,naive,68.5,68.3
2026-05-27,1,naive_carry,68.5,68.3
2026-05-27,1,seasonal_naive_7,51.8,68.3
2026-05-27,1,climatology,90.81,68.3
2026-05-27,1,gru,69.04168512103347,68.3
2026-05-27,2,naive,68.5,29.5
2026-05-27,2,naive_carry,68.5,29.5
2026-05-27,2,seasonal_naive_7,74.1,29.5
2026-05-27,2,climatology,88.23055555555555,29.5
2026-05-27,2,gru,79.96064616864189,29.5
2026-05-27,3,naive,68.5,27.5
2026-05-27,3,naive_carry,68.5,27.5
2026-05-27,3,seasonal_naive_7,59.2,27.5
2026-05-27,3,climatology,77.35322222222223,27.5
2026-05-27,3,gru,73.27166377370851,27.5
2026-05-28,1,naive,68.3,29.5
2026-05-28,1,naive_carry,68.3,29.5
2026-05-28,1,seasonal_naive_7,74.1,29.5
2026-05-28,1,climatology,88.23055555555555,29.5
2026-05-28,1,gru,71.56725254902099,29.5
2026-05-28,2,naive,68.3,27.5
2026-05-28,2,naive_carry,68.3,27.5
2026-05-28,2,seasonal_naive_7,59.2,27.5
2026-05-28,2,climatology,77.35322222222223,27.5
2026-05-28,2,gru,80.12773042886081,27.5
2026-05-28,3,naive,68.3,25.1
2026-05-28,3,naive_carry,68.3,25.1
2026-05-28,3,seasonal_naive_7,58.6,25.1
2026-05-28,3,climatology,67.28044444444444,25.1
2026-05-28,3,gru,72.93729976832705,25.1
2026-05-29,1,naive,29.5,27.5
2026-05-29,1,naive_carry,29.5,27.5
2026-05-29,1,seasonal_naive_7,59.2,27.5
2026-05-29,1,climatology,77.35322222222223,27.5
2026-05-29,1,gru,31.127626819182577,27.5
2026-05-29,2,naive,29.5,25.1
2026-05-29,2,naive_carry,29.5,25.1
2026-05-29,2,seasonal_naive_7,58.6,25.1
2026-05-29,2,climatology,67.28044444444444,25.1
2026-05-29,2,gru,41.13110538538917,25.1
2026-05-29,3,naive,29.5,33.9
2026-05-29,3,naive_carry,29.5,33.9
2026-05-29,3,seasonal_naive_7,79.9,33.9
2026-05-29,3,climatology,64.44877777777778,33.9
2026-05-29,3,gru,33.90913326464486,33.9
2026-05-30,1,naive,27.5,25.1
2026-05-30,1,naive_carry,27.5,25.1
2026-05-30,1,seasonal_naive_7,58.6,25.1
2026-05-30,1,climatology,67.28044444444444,25.1
2026-05-30,1,gru,29.13041470965304,25.1
2026-05-30,2,naive,27.5,33.9
2026-05-30,2,naive_carry,27.5,33.9
2026-05-30,2,seasonal_naive_7,79.9,33.9
2026-05-30,2,climatology,64.44877777777778,33.9
2026-05-30,2,gru,37.03239495544768,33.9
2026-05-30,3,naive,27.5,39.0
2026-05-30,3,naive_carry,27.5,39.0
2026-05-30,3,seasonal_naive_7,65.4,39.0
2026-05-30,3,climatology,60.02744444444444,39.0
2026-05-30,3,gru,33.04384123034121,39.0
2026-05-31,1,naive,25.1,33.9
2026-05-31,1,naive_carry,25.1,33.9
2026-05-31,1,seasonal_naive_7,79.9,33.9
2026-05-31,1,climatology,64.44877777777778,33.9
2026-05-31,1,gru,26.65167442342102,33.9
2026-05-31,2,naive,25.1,39.0
2026-05-31,2,naive_carry,25.1,39.0
2026-05-31,2,seasonal_naive_7,65.4,39.0
2026-05-31,2,climatology,60.02744444444444,39.0
2026-05-31,2,gru,34.71214328705551,39.0
2026-05-31,3,naive,25.1,59.7
2026-05-31,3,naive_carry,25.1,59.7
2026-05-31,3,seasonal_naive_7,68.5,59.7
2026-05-31,3,climatology,59.17277777777778,59.7
2026-05-31,3,gru,31.352530790311974,59.7
2026-06-01,1,naive,33.9,39.0
2026-06-01,1,naive_carry,33.9,39.0
2026-06-01,1,seasonal_naive_7,65.4,39.0
2026-06-01,1,climatology,60.02744444444444,39.0
2026-06-01,1,gru,35.927565314489826,39.0
2026-06-01,2,naive,33.9,59.7
2026-06-01,2,naive_carry,33.9,59.7
2026-06-01,2,seasonal_naive_7,68.5,59.7
2026-06-01,2,climatology,59.17277777777778,59.7
2026-06-01,2,gru,43.685234335397155,59.7
2026-06-01,3,naive,33.9,50.3
2026-06-01,3,naive_carry,33.9,50.3
2026-06-01,3,seasonal_naive_7,68.3,50.3
2026-06-01,3,climatology,59.47611111111111,50.3
2026-06-01,3,gru,42.41558971714703,50.3
2026-06-02,1,naive,39.0,59.7
2026-06-02,1,naive_carry,39.0,59.7
2026-06-02,1,seasonal_naive_7,68.5,59.7
2026-06-02,1,climatology,59.17277777777778,59.7
2026-06-02,1,gru,41.220389920798816,59.7
2026-06-02,2,naive,39.0,50.3
2026-06-02,2,naive_carry,39.0,50.3
2026-06-02,2,seasonal_naive_7,68.3,50.3
2026-06-02,2,climatology,59.47611111111111,50.3
2026-06-02,2,gru,50.20872768533714,50.3
2026-06-02,3,naive,39.0,47.7
2026-06-02,3,naive_carry,39.0,47.7
2026-06-02,3,seasonal_naive_7,29.5,47.7
2026-06-02,3,climatology,61.20611111111111,47.7
2026-06-02,3,gru,48.52714539107965,47.7
2026-06-03,1,naive,59.7,50.3
2026-06-03,1,naive_carry,59.7,50.3
2026-06-03,1,seasonal_naive_7,68.3,50.3
2026-06-03,1,climatology,59.47611111111111,50.3
2026-06-03,1,gru,60.58805264625643,50.3
2026-06-03,2,naive,59.7,47.7
2026-06-03,2,naive_carry,59.7,47.7
2026-06-03,2,seasonal_naive_7,29.5,47.7
2026-06-03,2,climatology,61.20611111111111,47.7
2026-06-03,2,gru,70.53635549134145,47.7
2026-06-03,3,naive,59.7,57.7
2026-06-03,3,naive_carry,59.7,57.7
2026-06-03,3,seasonal_naive_7,27.5,57.7
2026-06-03,3,climatology,63.544777777777774,57.7
2026-06-03,3,gru,71.1883048694266,57.7
2026-06-04,1,naive,50.3,47.7
2026-06-04,1,naive_carry,50.3,47.7
2026-06-04,1,seasonal_naive_7,29.5,47.7
2026-06-04,1,climatology,61.20611111111111,47.7
2026-06-04,1,gru,50.90852620651398,47.7
2026-06-04,2,naive,50.3,57.7
2026-06-04,2,naive_carry,50.3,57.7
2026-06-04,2,seasonal_naive_7,27.5,57.7
2026-06-04,2,climatology,63.544777777777774,57.7
2026-06-04,2,gru,63.70004274251819,57.7
2026-06-04,3,naive,50.3,36.0
2026-06-04,3,naive_carry,50.3,36.0
2026-06-04,3,seasonal_naive_7,25.1,36.0
2026-06-04,3,climatology,63.02977777777778,36.0
2026-06-04,3,gru,59.75644368747719,36.0
2026-06-05,1,naive,47.7,57.7
2026-06-05,1,naive_carry,47.7,57.7
2026-06-05,1,seasonal_naive_7,27.5,57.7
2026-06-05,1,climatology,63.544777777777774,57.7
2026-06-05,1,gru,48.32251811901253,57.7
2026-06-05,2,naive,47.7,36.0
2026-06-05,2,naive_carry,47.7,36.0
2026-06-05,2,seasonal_naive_7,25.1,36.0
2026-06-05,2,climatology,63.02977777777778,36.0
2026-06-05,2,gru,59.33341349405685,36.0
2026-06-05,3,naive,47.7,39.1
2026-06-05,3,naive_carry,47.7,39.1
2026-06-05,3,seasonal_naive_7,33.9,39.1
2026-06-05,3,climatology,63.94000000000001,39.1
2026-06-05,3,gru,56.67137386056565,39.1
2026-06-06,1,naive,57.7,36.0
2026-06-06,1,naive_carry,57.7,36.0
2026-06-06,1,seasonal_naive_7,25.1,36.0
2026-06-06,1,climatology,63.02977777777778,36.0
2026-06-06,1,gru,58.22938938413945,36.0
2026-06-06,2,naive,57.7,39.1
2026-06-06,2,naive_carry,57.7,39.1
2026-06-06,2,seasonal_naive_7,33.9,39.1
2026-06-06,2,climatology,63.94000000000001,39.1
2026-06-06,2,gru,68.64543376780857,39.1
2026-06-06,3,naive,57.7,42.0
2026-06-06,3,naive_carry,57.7,42.0
2026-06-06,3,seasonal_naive_7,39.0,42.0
2026-06-06,3,climatology,64.23555555555556,42.0
2026-06-06,3,gru,67.16828087842343,42.0
2026-06-07,1,naive,36.0,39.1
2026-06-07,1,naive_carry,36.0,39.1
2026-06-07,1,seasonal_naive_7,33.9,39.1
2026-06-07,1,climatology,63.94000000000001,39.1
2026-06-07,1,gru,36.40582128039075,39.1
2026-06-07,2,naive,36.0,42.0
2026-06-07,2,naive_carry,36.0,42.0
2026-06-07,2,seasonal_naive_7,39.0,42.0
2026-06-07,2,climatology,64.23555555555556,42.0
2026-06-07,2,gru,48.090648970348795,42.0
2026-06-07,3,naive,36.0,47.3
2026-06-07,3,naive_carry,36.0,47.3
2026-06-07,3,seasonal_naive_7,59.7,47.3
2026-06-07,3,climatology,66.39111111111112,47.3
2026-06-07,3,gru,43.422367863904974,47.3
2026-06-08,1,naive,39.1,42.0
2026-06-08,1,naive_carry,39.1,42.0
2026-06-08,1,seasonal_naive_7,39.0,42.0
2026-06-08,1,climatology,64.23555555555556,42.0
2026-06-08,1,gru,39.5273972927163,42.0
2026-06-08,2,naive,39.1,47.3
2026-06-08,2,naive_carry,39.1,47.3
2026-06-08,2,seasonal_naive_7,59.7,47.3
2026-06-08,2,climatology,66.39111111111112,47.3
2026-06-08,2,gru,49.099007635528935,47.3
2026-06-08,3,naive,39.1,38.9
2026-06-08,3,naive_carry,39.1,38.9
2026-06-08,3,seasonal_naive_7,50.3,38.9
2026-06-08,3,climatology,70.79011111111112,38.9
2026-06-08,3,gru,47.54759677854902,38.9
2026-06-09,1,naive,42.0,47.3
2026-06-09,1,naive_carry,42.0,47.3
2026-06-09,1,seasonal_naive_7,59.7,47.3
2026-06-09,1,climatology,66.39111111111112,47.3
2026-06-09,1,gru,42.38096865692343,47.3
2026-06-09,2,naive,42.0,38.9
2026-06-09,2,naive_carry,42.0,38.9
2026-06-09,2,seasonal_naive_7,50.3,38.9
2026-06-09,2,climatology,70.79011111111112,38.9
2026-06-09,2,gru,52.721347494075,38.9
2026-06-09,3,naive,42.0,25.7
2026-06-09,3,naive_carry,42.0,25.7
2026-06-09,3,seasonal_naive_7,47.7,25.7
2026-06-09,3,climatology,69.8051111111111,25.7
2026-06-09,3,gru,51.08156426857022,25.7
2026-06-10,1,naive,47.3,38.9
2026-06-10,1,naive_carry,47.3,38.9
2026-06-10,1,seasonal_naive_7,50.3,38.9
2026-06-10,1,climatology,70.79011111111112,38.9
2026-06-10,1,gru,47.59680686443026,38.9
2026-06-10,2,naive,47.3,25.7
2026-06-10,2,naive_carry,47.3,25.7
2026-06-10,2,seasonal_naive_7,47.7,25.7
2026-06-10,2,climatology,69.8051111111111,25.7
2026-06-10,2,gru,57.93970995619568,25.7
2026-06-10,3,naive,47.3,38.3
2026-06-10,3,naive_carry,47.3,38.3
2026-06-10,3,seasonal_naive_7,57.7,38.3
2026-06-10,3,climatology,68.79066666666668,38.3
2026-06-10,3,gru,56.929249491981444,38.3
2026-06-11,1,naive,38.9,25.7
2026-06-11,1,naive_carry,38.9,25.7
2026-06-11,1,seasonal_naive_7,47.7,25.7
2026-06-11,1,climatology,69.8051111111111,25.7
2026-06-11,1,gru,39.17382613881854,25.7
2026-06-11,2,naive,38.9,38.3
2026-06-11,2,naive_carry,38.9,38.3
2026-06-11,2,seasonal_naive_7,57.7,38.3
2026-06-11,2,climatology,68.79066666666668,38.3
2026-06-11,2,gru,49.94158838946175,38.3
2026-06-11,3,naive,38.9,54.2
2026-06-11,3,naive_carry,38.9,54.2
2026-06-11,3,seasonal_naive_7,36.0,54.2
2026-06-11,3,climatology,66.39466666666667,54.2
2026-06-11,3,gru,47.523916491860874,54.2
2026-06-12,1,naive,25.7,38.3
2026-06-12,1,naive_carry,25.7,38.3
2026-06-12,1,seasonal_naive_7,57.7,38.3
2026-06-12,1,climatology,68.79066666666668,38.3
2026-06-12,1,gru,26.01520351722154,38.3
2026-06-12,2,naive,25.7,54.2
2026-06-12,2,naive_carry,25.7,54.2
2026-06-12,2,seasonal_naive_7,36.0,54.2
2026-06-12,2,climatology,66.39466666666667,54.2
2026-06-12,2,gru,35.25726189023508,54.2
2026-06-12,3,naive,25.7,34.4
2026-06-12,3,naive_carry,25.7,34.4
2026-06-12,3,seasonal_naive_7,39.1,34.4
2026-06-12,3,climatology,66.599,34.4
2026-06-12,3,gru,32.83402489134934,34.4
2026-06-13,1,naive,38.3,54.2
2026-06-13,1,naive_carry,38.3,54.2
2026-06-13,1,seasonal_naive_7,36.0,54.2
2026-06-13,1,climatology,66.39466666666667,54.2
2026-06-13,1,gru,38.62999984588726,54.2
2026-06-13,2,naive,38.3,34.4
2026-06-13,2,naive_carry,38.3,34.4
2026-06-13,2,seasonal_naive_7,39.1,34.4
2026-06-13,2,climatology,66.599,34.4
2026-06-13,2,gru,46.50350638002211,34.4
2026-06-13,3,naive,38.3,37.8
2026-06-13,3,naive_carry,38.3,37.8
2026-06-13,3,seasonal_naive_7,42.0,37.8
2026-06-13,3,climatology,66.51266666666666,37.8
2026-06-13,3,gru,48.25620080811812,37.8
2026-06-14,1,naive,54.2,34.4
2026-06-14,1,naive_carry,54.2,34.4
2026-06-14,1,seasonal_naive_7,39.1,34.4
2026-06-14,1,climatology,66.599,34.4
2026-06-14,1,gru,54.23484645214806,34.4
2026-06-14,2,naive,54.2,37.8
2026-06-14,2,naive_carry,54.2,37.8
2026-06-14,2,seasonal_naive_7,42.0,37.8
2026-06-14,2,climatology,66.51266666666666,37.8
2026-06-14,2,gru,63.952069927219114,37.8
2026-06-14,3,naive,54.2,44.7
2026-06-14,3,naive_carry,54.2,44.7
2026-06-14,3,seasonal_naive_7,47.3,44.7
2026-06-14,3,climatology,65.83355555555555,44.7
2026-06-14,3,gru,65.6112645604591,44.7
2026-06-15,1,naive,34.4,37.8
2026-06-15,1,naive_carry,34.4,37.8
2026-06-15,1,seasonal_naive_7,42.0,37.8
2026-06-15,1,climatology,66.51266666666666,37.8
2026-06-15,1,gru,34.5094472338395,37.8
2026-06-15,2,naive,34.4,44.7
2026-06-15,2,naive_carry,34.4,44.7
2026-06-15,2,seasonal_naive_7,47.3,44.7
2026-06-15,2,climatology,65.83355555555555,44.7
2026-06-15,2,gru,45.320476556538075,44.7
2026-06-15,3,naive,34.4,54.0
2026-06-15,3,naive_carry,34.4,54.0
2026-06-15,3,seasonal_naive_7,38.9,54.0
2026-06-15,3,climatology,65.58822222222223,54.0
2026-06-15,3,gru,42.868472839988264,54.0
2026-06-16,1,naive,37.8,44.7
2026-06-16,1,naive_carry,37.8,44.7
2026-06-16,1,seasonal_naive_7,47.3,44.7
2026-06-16,1,climatology,65.83355555555555,44.7
2026-06-16,1,gru,37.87527113735978,44.7
2026-06-16,2,naive,37.8,54.0
2026-06-16,2,naive_carry,37.8,54.0
2026-06-16,2,seasonal_naive_7,38.9,54.0
2026-06-16,2,climatology,65.58822222222223,54.0
2026-06-16,2,gru,46.417649646669,54.0
2026-06-16,3,naive,37.8,40.9
2026-06-16,3,naive_carry,37.8,40.9
2026-06-16,3,seasonal_naive_7,25.7,40.9
2026-06-16,3,climatology,64.62488888888889,40.9
2026-06-16,3,gru,47.163517383813556,40.9
2026-06-17,1,naive,44.7,54.0
2026-06-17,1,naive_carry,44.7,54.0
2026-06-17,1,seasonal_naive_7,38.9,54.0
2026-06-17,1,climatology,65.58822222222223,54.0
2026-06-17,1,gru,44.62415672212817,54.0
2026-06-17,2,naive,44.7,40.9
2026-06-17,2,naive_carry,44.7,40.9
2026-06-17,2,seasonal_naive_7,25.7,40.9
2026-06-17,2,climatology,64.62488888888889,40.9
2026-06-17,2,gru,53.73357499964358,40.9
2026-06-17,3,naive,44.7,47.9
2026-06-17,3,naive_carry,44.7,47.9
2026-06-17,3,seasonal_naive_7,38.3,47.9
2026-06-17,3,climatology,62.68655555555555,47.9
2026-06-17,3,gru,54.91142916282726,47.9
2026-06-18,1,naive,54.0,40.9
2026-06-18,1,naive_carry,54.0,40.9
2026-06-18,1,seasonal_naive_7,25.7,40.9
2026-06-18,1,climatology,64.62488888888889,40.9
2026-06-18,1,gru,53.66660236258598,40.9
2026-06-18,2,naive,54.0,47.9
2026-06-18,2,naive_carry,54.0,47.9
2026-06-18,2,seasonal_naive_7,38.3,47.9
2026-06-18,2,climatology,62.68655555555555,47.9
2026-06-18,2,gru,62.99360257824367,47.9
2026-06-18,3,naive,54.0,39.2
2026-06-18,3,naive_carry,54.0,39.2
2026-06-18,3,seasonal_naive_7,54.2,39.2
2026-06-18,3,climatology,60.037222222222226,39.2
2026-06-18,3,gru,64.44431248851954,39.2
2026-06-19,1,naive,40.9,47.9
2026-06-19,1,naive_carry,40.9,47.9
2026-06-19,1,seasonal_naive_7,38.3,47.9
2026-06-19,1,climatology,62.68655555555555,47.9
2026-06-19,1,gru,40.630968221268816,47.9
2026-06-19,2,naive,40.9,39.2
2026-06-19,2,naive_carry,40.9,39.2
2026-06-19,2,seasonal_naive_7,54.2,39.2
2026-06-19,2,climatology,60.037222222222226,39.2
2026-06-19,2,gru,50.99155073562385,39.2
2026-06-19,3,naive,40.9,35.0
2026-06-19,3,naive_carry,40.9,35.0
2026-06-19,3,seasonal_naive_7,34.4,35.0
2026-06-19,3,climatology,57.40255555555556,35.0
2026-06-19,3,gru,49.60992246801255,35.0
2026-06-20,1,naive,47.9,39.2
2026-06-20,1,naive_carry,47.9,39.2
2026-06-20,1,seasonal_naive_7,54.2,39.2
2026-06-20,1,climatology,60.037222222222226,39.2
2026-06-20,1,gru,47.35349595779937,39.2
2026-06-20,2,naive,47.9,35.0
2026-06-20,2,naive_carry,47.9,35.0
2026-06-20,2,seasonal_naive_7,34.4,35.0
2026-06-20,2,climatology,57.40255555555556,35.0
2026-06-20,2,gru,55.87186702571787,35.0
2026-06-20,3,naive,47.9,47.8
2026-06-20,3,naive_carry,47.9,47.8
2026-06-20,3,seasonal_naive_7,37.8,47.8
2026-06-20,3,climatology,55.43855555555556,47.8
2026-06-20,3,gru,57.31164170487221,47.8
2026-06-21,1,naive,39.2,35.0
2026-06-21,1,naive_carry,39.2,35.0
2026-06-21,1,seasonal_naive_7,34.4,35.0
2026-06-21,1,climatology,57.40255555555556,35.0
2026-06-21,1,gru,38.8048708113915,35.0
2026-06-21,2,naive,39.2,47.8
2026-06-21,2,naive_carry,39.2,47.8
2026-06-21,2,seasonal_naive_7,37.8,47.8
2026-06-21,2,climatology,55.43855555555556,47.8
2026-06-21,2,gru,48.49615668244192,47.8
2026-06-21,3,naive,39.2,32.3
2026-06-21,3,naive_carry,39.2,32.3
2026-06-21,3,seasonal_naive_7,44.7,32.3
2026-06-21,3,climatology,56.58522222222222,32.3
2026-06-21,3,gru,47.71030630024205,32.3
2026-06-22,1,naive,35.0,47.8
2026-06-22,1,naive_carry,35.0,47.8
2026-06-22,1,seasonal_naive_7,37.8,47.8
2026-06-22,1,climatology,55.43855555555556,47.8
2026-06-22,1,gru,34.67328382410883,47.8
2026-06-22,2,naive,35.0,32.3
2026-06-22,2,naive_carry,35.0,32.3
2026-06-22,2,seasonal_naive_7,44.7,32.3
2026-06-22,2,climatology,56.58522222222222,32.3
2026-06-22,2,gru,43.35244737984502,32.3
2026-06-22,3,naive,35.0,40.2
2026-06-22,3,naive_carry,35.0,40.2
2026-06-22,3,seasonal_naive_7,54.0,40.2
2026-06-22,3,climatology,53.02033333333333,40.2
2026-06-22,3,gru,43.382992703015084,40.2
2026-06-23,1,naive,47.8,32.3
2026-06-23,1,naive_carry,47.8,32.3
2026-06-23,1,seasonal_naive_7,44.7,32.3
2026-06-23,1,climatology,56.58522222222222,32.3
2026-06-23,1,gru,47.045682112681845,32.3
2026-06-23,2,naive,47.8,40.2
2026-06-23,2,naive_carry,47.8,40.2
2026-06-23,2,seasonal_naive_7,54.0,40.2
2026-06-23,2,climatology,53.02033333333333,40.2
2026-06-23,2,gru,54.92416890171472,40.2
2026-06-23,3,naive,47.8,30.1
2026-06-23,3,naive_carry,47.8,30.1
2026-06-23,3,seasonal_naive_7,40.9,30.1
2026-06-23,3,climatology,47.455000000000005,30.1
2026-06-23,3,gru,57.66139134294651,30.1
2026-06-24,1,naive,32.3,40.2
2026-06-24,1,naive_carry,32.3,40.2
2026-06-24,1,seasonal_naive_7,54.0,40.2
2026-06-24,1,climatology,53.02033333333333,40.2
2026-06-24,1,gru,31.913202808702156,40.2
2026-06-24,2,naive,32.3,30.1
2026-06-24,2,naive_carry,32.3,30.1
2026-06-24,2,seasonal_naive_7,40.9,30.1
2026-06-24,2,climatology,47.455000000000005,30.1
2026-06-24,2,gru,41.25409361065627,30.1
2026-06-24,3,naive,32.3,49.3
2026-06-24,3,naive_carry,32.3,49.3
2026-06-24,3,seasonal_naive_7,47.9,49.3
2026-06-24,3,climatology,47.876,49.3
2026-06-24,3,gru,40.33580496667273,49.3
2026-06-25,1,naive,40.2,30.1
2026-06-25,1,naive_carry,40.2,30.1
2026-06-25,1,seasonal_naive_7,40.9,30.1
2026-06-25,1,climatology,47.455000000000005,30.1
2026-06-25,1,gru,39.578386251765245,30.1
2026-06-25,2,naive,40.2,49.3
2026-06-25,2,naive_carry,40.2,49.3
2026-06-25,2,seasonal_naive_7,47.9,49.3
2026-06-25,2,climatology,47.876,49.3
2026-06-25,2,gru,47.085616434810035,49.3
2026-06-25,3,naive,40.2,53.9
2026-06-25,3,naive_carry,40.2,53.9
2026-06-25,3,seasonal_naive_7,39.2,53.9
2026-06-25,3,climatology,48.25266666666666,53.9
2026-06-25,3,gru,49.62943880486944,53.9
2026-06-26,1,naive,30.1,49.3
2026-06-26,1,naive_carry,30.1,49.3
2026-06-26,1,seasonal_naive_7,47.9,49.3
2026-06-26,1,climatology,47.876,49.3
2026-06-26,1,gru,29.71216032593386,49.3
2026-06-26,2,naive,30.1,53.9
2026-06-26,2,naive_carry,30.1,53.9
2026-06-26,2,seasonal_naive_7,39.2,53.9
2026-06-26,2,climatology,48.25266666666666,53.9
2026-06-26,2,gru,38.148213827465554,53.9
2026-06-26,3,naive,30.1,42.6
2026-06-26,3,naive_carry,30.1,42.6
2026-06-26,3,seasonal_naive_7,35.0,42.6
2026-06-26,3,climatology,47.14377777777778,42.6
2026-06-26,3,gru,38.30813835911939,42.6
2026-06-27,1,naive,49.3,53.9
2026-06-27,1,naive_carry,49.3,53.9
2026-06-27,1,seasonal_naive_7,39.2,53.9
2026-06-27,1,climatology,48.25266666666666,53.9
2026-06-27,1,gru,48.48403046878375,53.9
2026-06-27,2,naive,49.3,42.6
2026-06-27,2,naive_carry,49.3,42.6
2026-06-27,2,seasonal_naive_7,35.0,42.6
2026-06-27,2,climatology,47.14377777777778,42.6
2026-06-27,2,gru,54.68282999121812,42.6
2026-06-27,3,naive,49.3,53.4
2026-06-27,3,naive_carry,49.3,53.4
2026-06-27,3,seasonal_naive_7,47.8,53.4
2026-06-27,3,climatology,46.577777777777776,53.4
2026-06-27,3,gru,59.86560366821405,53.4
2026-06-28,1,naive,53.9,42.6
2026-06-28,1,naive_carry,53.9,42.6
2026-06-28,1,seasonal_naive_7,35.0,42.6
2026-06-28,1,climatology,47.14377777777778,42.6
2026-06-28,1,gru,52.7234045754273,42.6
2026-06-28,2,naive,53.9,53.4
2026-06-28,2,naive_carry,53.9,53.4
2026-06-28,2,seasonal_naive_7,47.8,53.4
2026-06-28,2,climatology,46.577777777777776,53.4
2026-06-28,2,gru,61.617896304670836,53.4
2026-06-28,3,naive,53.9,39.1
2026-06-28,3,naive_carry,53.9,39.1
2026-06-28,3,seasonal_naive_7,32.3,39.1
2026-06-28,3,climatology,46.00177777777778,39.1
2026-06-28,3,gru,63.45260572564632,39.1
2026-06-29,1,naive,42.6,53.4
2026-06-29,1,naive_carry,42.6,53.4
2026-06-29,1,seasonal_naive_7,47.8,53.4
2026-06-29,1,climatology,46.577777777777776,53.4
2026-06-29,1,gru,41.70997737805515,53.4
2026-06-29,2,naive,42.6,39.1
2026-06-29,2,naive_carry,42.6,39.1
2026-06-29,2,seasonal_naive_7,32.3,39.1
2026-06-29,2,climatology,46.00177777777778,39.1
2026-06-29,2,gru,50.51048623901107,39.1
2026-06-29,3,naive,42.6,33.1
2026-06-29,3,naive_carry,42.6,33.1
2026-06-29,3,seasonal_naive_7,40.2,33.1
2026-06-29,3,climatology,46.10844444444445,33.1
2026-06-29,3,gru,50.852170181680734,33.1
2026-06-30,1,naive,53.4,39.1
2026-06-30,1,naive_carry,53.4,39.1
2026-06-30,1,seasonal_naive_7,32.3,39.1
2026-06-30,1,climatology,46.00177777777778,39.1
2026-06-30,1,gru,51.839901639307115,39.1
2026-06-30,2,naive,53.4,33.1
2026-06-30,2,naive_carry,53.4,33.1
2026-06-30,2,seasonal_naive_7,40.2,33.1
2026-06-30,2,climatology,46.10844444444445,33.1
2026-06-30,2,gru,58.914656358118364,33.1
2026-06-30,3,naive,53.4,47.6
2026-06-30,3,naive_carry,53.4,47.6
2026-06-30,3,seasonal_naive_7,30.1,47.6
2026-06-30,3,climatology,45.199111111111115,47.6
2026-06-30,3,gru,61.93127913699405,47.6
2026-07-01,1,naive,39.1,33.1
2026-07-01,1,naive_carry,39.1,33.1
2026-07-01,1,seasonal_naive_7,40.2,33.1
2026-07-01,1,climatology,46.10844444444445,33.1
2026-07-01,1,gru,38.00539649901358,33.1
2026-07-01,2,naive,39.1,47.6
2026-07-01,2,naive_carry,39.1,47.6
2026-07-01,2,seasonal_naive_7,30.1,47.6
2026-07-01,2,climatology,45.199111111111115,47.6
2026-07-01,2,gru,46.99933064898926,47.6
2026-07-01,3,naive,39.1,58.8
2026-07-01,3,naive_carry,39.1,58.8
2026-07-01,3,seasonal_naive_7,49.3,58.8
2026-07-01,3,climatology,44.864444444444445,58.8
2026-07-01,3,gru,46.67819652976283,58.8
2026-07-02,1,naive,33.1,47.6
2026-07-02,1,naive_carry,33.1,47.6
2026-07-02,1,seasonal_naive_7,30.1,47.6
2026-07-02,1,climatology,45.199111111111115,47.6
2026-07-02,1,gru,32.16486638409672,47.6
2026-07-02,2,naive,33.1,58.8
2026-07-02,2,naive_carry,33.1,58.8
2026-07-02,2,seasonal_naive_7,49.3,58.8
2026-07-02,2,climatology,44.864444444444445,58.8
2026-07-02,2,gru,39.80681936291599,58.8
2026-07-02,3,naive,33.1,54.4
2026-07-02,3,naive_carry,33.1,54.4
2026-07-02,3,seasonal_naive_7,53.9,54.4
2026-07-02,3,climatology,43.45444444444445,54.4
2026-07-02,3,gru,40.707720642989756,54.4
2026-07-03,1,naive,47.6,58.8
2026-07-03,1,naive_carry,47.6,58.8
2026-07-03,1,seasonal_naive_7,49.3,58.8
2026-07-03,1,climatology,44.864444444444445,58.8
2026-07-03,1,gru,45.997170635991196,58.8
2026-07-03,2,naive,47.6,54.4
2026-07-03,2,naive_carry,47.6,54.4
2026-07-03,2,seasonal_naive_7,53.9,54.4
2026-07-03,2,climatology,43.45444444444445,54.4
2026-07-03,2,gru,52.65434019582303,54.4
2026-07-03,3,naive,47.6,36.0
2026-07-03,3,naive_carry,47.6,36.0
2026-07-03,3,seasonal_naive_7,42.6,36.0
2026-07-03,3,climatology,42.57111111111111,36.0
2026-07-03,3,gru,56.514062666184564,36.0
2026-07-04,1,naive,58.8,54.4
2026-07-04,1,naive_carry,58.8,54.4
2026-07-04,1,seasonal_naive_7,53.9,54.4
2026-07-04,1,climatology,43.45444444444445,54.4
2026-07-04,1,gru,56.40686275658495,54.4
2026-07-04,2,naive,58.8,36.0
2026-07-04,2,naive_carry,58.8,36.0
2026-07-04,2,seasonal_naive_7,42.6,36.0
2026-07-04,2,climatology,42.57111111111111,36.0
2026-07-04,2,gru,64.43673311237596,36.0
2026-07-04,3,naive,58.8,32.5
2026-07-04,3,naive_carry,58.8,32.5
2026-07-04,3,seasonal_naive_7,53.4,32.5
2026-07-04,3,climatology,41.880222222222216,32.5
2026-07-04,3,gru,66.77486204066345,32.5
2026-07-05,1,naive,54.4,36.0
2026-07-05,1,naive_carry,54.4,36.0
2026-07-05,1,seasonal_naive_7,42.6,36.0
2026-07-05,1,climatology,42.57111111111111,36.0
2026-07-05,1,gru,51.99346613291991,36.0
2026-07-05,2,naive,54.4,32.5
2026-07-05,2,naive_carry,54.4,32.5
2026-07-05,2,seasonal_naive_7,53.4,32.5
2026-07-05,2,climatology,41.880222222222216,32.5
2026-07-05,2,gru,60.57346877354455,32.5
2026-07-05,3,naive,54.4,30.0
2026-07-05,3,naive_carry,54.4,30.0
2026-07-05,3,seasonal_naive_7,39.1,30.0
2026-07-05,3,climatology,41.37888888888889,30.0
2026-07-05,3,gru,61.277303145299,30.0
2026-07-06,1,naive,36.0,32.5
2026-07-06,1,naive_carry,36.0,32.5
2026-07-06,1,seasonal_naive_7,53.4,32.5
2026-07-06,1,climatology,41.880222222222216,32.5
2026-07-06,1,gru,34.691320916506335,32.5
2026-07-06,2,naive,36.0,30.0
2026-07-06,2,naive_carry,36.0,30.0
2026-07-06,2,seasonal_naive_7,39.1,30.0
2026-07-06,2,climatology,41.37888888888889,30.0
2026-07-06,2,gru,42.812876239385936,30.0
2026-07-06,3,naive,36.0,6.42
2026-07-06,3,naive_carry,36.0,6.42
2026-07-06,3,seasonal_naive_7,33.1,6.42
2026-07-06,3,climatology,40.31055555555555,6.42
2026-07-06,3,gru,42.654689973430244,6.42
2026-07-07,1,naive,32.5,30.0
2026-07-07,1,naive_carry,32.5,30.0
2026-07-07,1,seasonal_naive_7,39.1,30.0
2026-07-07,1,climatology,41.37888888888889,30.0
2026-07-07,1,gru,31.36885709970703,30.0
2026-07-07,2,naive,32.5,6.42
2026-07-07,2,naive_carry,32.5,6.42
2026-07-07,2,seasonal_naive_7,33.1,6.42
2026-07-07,2,climatology,40.31055555555555,6.42
2026-07-07,2,gru,38.2619650296186,6.42
2026-07-07,3,naive,32.5,22.0
2026-07-07,3,naive_carry,32.5,22.0
2026-07-07,3,seasonal_naive_7,47.6,22.0
2026-07-07,3,climatology,39.65322222222222,22.0
2026-07-07,3,gru,39.731893144800075,22.0
2026-07-08,1,naive,30.0,6.42
2026-07-08,1,naive_carry,30.0,6.42
2026-07-08,1,seasonal_naive_7,33.1,6.42
2026-07-08,1,climatology,40.31055555555555,6.42
2026-07-08,1,gru,28.99232853366372,6.42
2026-07-08,2,naive,30.0,22.0
2026-07-08,2,naive_carry,30.0,22.0
2026-07-08,2,seasonal_naive_7,47.6,22.0
2026-07-08,2,climatology,39.65322222222222,22.0
2026-07-08,2,gru,35.79931714657922,22.0
2026-07-08,3,naive,30.0,43.5
2026-07-08,3,naive_carry,30.0,43.5
2026-07-08,3,seasonal_naive_7,58.8,43.5
2026-07-08,3,climatology,39.27988888888888,43.5
2026-07-08,3,gru,37.63610293859966,43.5
2026-07-09,1,naive,6.42,22.0
2026-07-09,1,naive_carry,6.42,22.0
2026-07-09,1,seasonal_naive_7,47.6,22.0
2026-07-09,1,climatology,39.65322222222222,22.0
2026-07-09,1,gru,6.386631470747487,22.0
2026-07-09,2,naive,6.42,43.5
2026-07-09,2,naive_carry,6.42,43.5
2026-07-09,2,seasonal_naive_7,58.8,43.5
2026-07-09,2,climatology,39.27988888888888,43.5
2026-07-09,2,gru,10.018424912663729,43.5
2026-07-09,3,naive,6.42,64.2
2026-07-09,3,naive_carry,6.42,64.2
2026-07-09,3,seasonal_naive_7,54.4,64.2
2026-07-09,3,climatology,38.979888888888894,64.2
2026-07-09,3,gru,9.692234095298787,64.2
2026-07-10,1,naive,22.0,43.5
2026-07-10,1,naive_carry,22.0,43.5
2026-07-10,1,seasonal_naive_7,58.8,43.5
2026-07-10,1,climatology,39.27988888888888,43.5
2026-07-10,1,gru,21.5460576550744,43.5
2026-07-10,2,naive,22.0,64.2
2026-07-10,2,naive_carry,22.0,64.2
2026-07-10,2,seasonal_naive_7,54.4,64.2
2026-07-10,2,climatology,38.979888888888894,64.2
2026-07-10,2,gru,25.126030126760632,64.2
2026-07-10,3,naive,22.0,39.0
2026-07-10,3,naive_carry,22.0,39.0
2026-07-10,3,seasonal_naive_7,36.0,39.0
2026-07-10,3,climatology,37.776555555555554,39.0
2026-07-10,3,gru,31.757738682492217,39.0
2026-07-11,1,naive,43.5,64.2
2026-07-11,1,naive_carry,43.5,64.2
2026-07-11,1,seasonal_naive_7,54.4,64.2
2026-07-11,1,climatology,38.979888888888894,64.2
2026-07-11,1,gru,42.174679344637866,64.2
2026-07-11,2,naive,43.5,39.0
2026-07-11,2,naive_carry,43.5,39.0
2026-07-11,2,seasonal_naive_7,36.0,39.0
2026-07-11,2,climatology,37.776555555555554,39.0
2026-07-11,2,gru,48.101708638994545,39.0
2026-07-11,3,naive,43.5,40.8
2026-07-11,3,naive_carry,43.5,40.8
2026-07-11,3,seasonal_naive_7,32.5,40.8
2026-07-11,3,climatology,37.52144444444445,40.8
2026-07-11,3,gru,56.1230061443274,40.8
2026-07-12,1,naive,64.2,39.0
2026-07-12,1,naive_carry,64.2,39.0
2026-07-12,1,seasonal_naive_7,36.0,39.0
2026-07-12,1,climatology,37.776555555555554,39.0
2026-07-12,1,gru,61.11808890052479,39.0
2026-07-12,2,naive,64.2,40.8
2026-07-12,2,naive_carry,64.2,40.8
2026-07-12,2,seasonal_naive_7,32.5,40.8
2026-07-12,2,climatology,37.52144444444445,40.8
2026-07-12,2,gru,67.60957861580178,40.8
2026-07-12,3,naive,64.2,38.5
2026-07-12,3,naive_carry,64.2,38.5
2026-07-12,3,seasonal_naive_7,30.0,38.5
2026-07-12,3,climatology,37.04744444444445,38.5
2026-07-12,3,gru,74.18669980722103,38.5
2026-07-13,1,naive,39.0,40.8
2026-07-13,1,naive_carry,39.0,40.8
2026-07-13,1,seasonal_naive_7,32.5,40.8
2026-07-13,1,climatology,37.52144444444445,40.8
2026-07-13,1,gru,37.18702135846321,40.8
2026-07-13,2,naive,39.0,38.5
2026-07-13,2,naive_carry,39.0,38.5
2026-07-13,2,seasonal_naive_7,30.0,38.5
2026-07-13,2,climatology,37.04744444444445,38.5
2026-07-13,2,gru,45.64324087828584,38.5
2026-07-13,3,naive,39.0,45.9
2026-07-13,3,naive_carry,39.0,45.9
2026-07-13,3,seasonal_naive_7,6.42,45.9
2026-07-13,3,climatology,36.62877777777778,45.9
2026-07-13,3,gru,46.95405083885,45.9
2026-07-14,1,naive,40.8,38.5
2026-07-14,1,naive_carry,40.8,38.5
2026-07-14,1,seasonal_naive_7,30.0,38.5
2026-07-14,1,climatology,37.04744444444445,38.5
2026-07-14,1,gru,38.96999635485041,38.5
2026-07-14,2,naive,40.8,45.9
2026-07-14,2,naive_carry,40.8,45.9
2026-07-14,2,seasonal_naive_7,6.42,45.9
2026-07-14,2,climatology,36.62877777777778,45.9
2026-07-14,2,gru,45.209471754265046,45.9
2026-07-14,3,naive,40.8,50.3
2026-07-14,3,naive_carry,40.8,50.3
2026-07-14,3,seasonal_naive_7,22.0,50.3
2026-07-14,3,climatology,36.02522222222222,50.3
2026-07-14,3,gru,49.039579763512606,50.3
2026-07-15,1,naive,38.5,45.9
2026-07-15,1,naive_carry,38.5,45.9
2026-07-15,1,seasonal_naive_7,6.42,45.9
2026-07-15,1,climatology,36.62877777777778,45.9
2026-07-15,1,gru,36.72392562354575,45.9
2026-07-15,2,naive,38.5,50.3
2026-07-15,2,naive_carry,38.5,50.3
2026-07-15,2,seasonal_naive_7,22.0,50.3
2026-07-15,2,climatology,36.02522222222222,50.3
2026-07-15,2,gru,43.68894263156697,50.3
2026-07-15,3,naive,38.5,46.0
2026-07-15,3,naive_carry,38.5,46.0
2026-07-15,3,seasonal_naive_7,43.5,46.0
2026-07-15,3,climatology,34.977888888888884,46.0
2026-07-15,3,gru,46.611652117831646,46.0
2026-07-16,1,naive,45.9,50.3
2026-07-16,1,naive_carry,45.9,50.3
2026-07-16,1,seasonal_naive_7,22.0,50.3
2026-07-16,1,climatology,36.02522222222222,50.3
2026-07-16,1,gru,43.51156085866185,50.3
2026-07-16,2,naive,45.9,46.0
2026-07-16,2,naive_carry,45.9,46.0
2026-07-16,2,seasonal_naive_7,43.5,46.0
2026-07-16,2,climatology,34.977888888888884,46.0
2026-07-16,2,gru,49.88260906660993,46.0
2026-07-16,3,naive,45.9,48.8
2026-07-16,3,naive_carry,45.9,48.8
2026-07-16,3,seasonal_naive_7,64.2,48.8
2026-07-16,3,climatology,34.239222222222224,48.8
2026-07-16,3,gru,53.942227387969695,48.8
2026-07-17,1,naive,50.3,46.0
2026-07-17,1,naive_carry,50.3,46.0
2026-07-17,1,seasonal_naive_7,43.5,46.0
2026-07-17,1,climatology,34.977888888888884,46.0
2026-07-17,1,gru,47.3996065824042,46.0
2026-07-17,2,naive,50.3,48.8
2026-07-17,2,naive_carry,50.3,48.8
2026-07-17,2,seasonal_naive_7,64.2,48.8
2026-07-17,2,climatology,34.239222222222224,48.8
2026-07-17,2,gru,54.3339624709836,48.8
2026-07-17,3,naive,50.3,43.3
2026-07-17,3,naive_carry,50.3,43.3
2026-07-17,3,seasonal_naive_7,39.0,43.3
2026-07-17,3,climatology,34.21588888888889,43.3
2026-07-17,3,gru,57.45293877417598,43.3
2026-07-18,1,naive,46.0,48.8
2026-07-18,1,naive_carry,46.0,48.8
2026-07-18,1,seasonal_naive_7,64.2,48.8
2026-07-18,1,climatology,34.239222222222224,48.8
2026-07-18,1,gru,43.41290827401374,48.8
2026-07-18,2,naive,46.0,43.3
2026-07-18,2,naive_carry,46.0,43.3
2026-07-18,2,seasonal_naive_7,39.0,43.3
2026-07-18,2,climatology,34.21588888888889,43.3
2026-07-18,2,gru,50.36713273190288,43.3
2026-07-18,3,naive,46.0,26.5
2026-07-18,3,naive_carry,46.0,26.5
2026-07-18,3,seasonal_naive_7,40.8,26.5
2026-07-18,3,climatology,34.794222222222224,26.5
2026-07-18,3,gru,52.6795066000541,26.5
2026-07-19,1,naive,48.8,43.3
2026-07-19,1,naive_carry,48.8,43.3
2026-07-19,1,seasonal_naive_7,39.0,43.3
2026-07-19,1,climatology,34.21588888888889,43.3
2026-07-19,1,gru,45.863396707035754,43.3
2026-07-19,2,naive,48.8,26.5
2026-07-19,2,naive_carry,48.8,26.5
2026-07-19,2,seasonal_naive_7,40.8,26.5
2026-07-19,2,climatology,34.794222222222224,26.5
2026-07-19,2,gru,52.27946361793247,26.5
2026-07-19,3,naive,48.8,21.9
2026-07-19,3,naive_carry,48.8,21.9
2026-07-19,3,seasonal_naive_7,38.5,21.9
2026-07-19,3,climatology,34.01811111111111,21.9
2026-07-19,3,gru,55.098652483794154,21.9
2026-07-20,1,naive,43.3,26.5
2026-07-20,1,naive_carry,43.3,26.5
2026-07-20,1,seasonal_naive_7,40.8,26.5
2026-07-20,1,climatology,34.794222222222224,26.5
2026-07-20,1,gru,40.79778571731774,26.5
2026-07-20,2,naive,43.3,21.9
2026-07-20,2,naive_carry,43.3,21.9
2026-07-20,2,seasonal_naive_7,38.5,21.9
2026-07-20,2,climatology,34.01811111111111,21.9
2026-07-20,2,gru,47.5654431193867,21.9
2026-07-20,3,naive,43.3,22.7
2026-07-20,3,naive_carry,43.3,22.7
2026-07-20,3,seasonal_naive_7,45.9,22.7
2026-07-20,3,climatology,39.56377777777778,22.7
2026-07-20,3,gru,49.585841499528726,22.7
2026-07-21,1,naive,26.5,21.9
2026-07-21,1,naive_carry,26.5,21.9
2026-07-21,1,seasonal_naive_7,38.5,21.9
2026-07-21,1,climatology,34.01811111111111,21.9
2026-07-21,1,gru,25.21502988915644,21.9
2026-07-21,2,naive,26.5,22.7
2026-07-21,2,naive_carry,26.5,22.7
2026-07-21,2,seasonal_naive_7,45.9,22.7
2026-07-21,2,climatology,39.56377777777778,22.7
2026-07-21,2,gru,31.37063642602794,22.7
2026-07-21,3,naive,26.5,28.6
2026-07-21,3,naive_carry,26.5,28.6
2026-07-21,3,seasonal_naive_7,50.3,28.6
2026-07-21,3,climatology,36.91544444444444,28.6
2026-07-21,3,gru,33.0002521531927,28.6
2026-07-22,1,naive,21.9,22.7
2026-07-22,1,naive_carry,21.9,22.7
2026-07-22,1,seasonal_naive_7,45.9,22.7
2026-07-22,1,climatology,39.56377777777778,22.7
2026-07-22,1,gru,20.897588561833192,22.7
2026-07-22,2,naive,21.9,28.6
2026-07-22,2,naive_carry,21.9,28.6
2026-07-22,2,seasonal_naive_7,50.3,28.6
2026-07-22,2,climatology,36.91544444444444,28.6
2026-07-22,2,gru,26.206921248945456,28.6
2026-07-22,3,naive,21.9,30.2
2026-07-22,3,naive_carry,21.9,30.2
2026-07-22,3,seasonal_naive_7,46.0,30.2
2026-07-22,3,climatology,36.85544444444445,30.2
2026-07-22,3,gru,28.981592648385178,30.2
2026-07-23,1,naive,22.7,28.6
2026-07-23,1,naive_carry,22.7,28.6
2026-07-23,1,seasonal_naive_7,50.3,28.6
2026-07-23,1,climatology,36.91544444444444,28.6
2026-07-23,1,gru,21.783728743440637,28.6
2026-07-23,2,naive,22.7,30.2
2026-07-23,2,naive_carry,22.7,30.2
2026-07-23,2,seasonal_naive_7,46.0,30.2
2026-07-23,2,climatology,36.85544444444445,30.2
2026-07-23,2,gru,26.8383739517992,30.2
2026-07-24,1,naive,28.6,30.2
2026-07-24,1,naive_carry,28.6,30.2
2026-07-24,1,seasonal_naive_7,46.0,30.2
2026-07-24,1,climatology,36.85544444444445,30.2
2026-07-24,1,gru,27.305320834840433,30.2
2026-07-24,3,naive,28.6,29.6
2026-07-24,3,naive_carry,28.6,29.6
2026-07-24,3,seasonal_naive_7,43.3,29.6
2026-07-24,3,climatology,37.358555555555554,29.6
2026-07-24,3,gru,37.732384271410595,29.6
2026-07-25,2,naive,30.2,29.6
2026-07-25,2,naive_carry,30.2,29.6
2026-07-25,2,seasonal_naive_7,43.3,29.6
2026-07-25,2,climatology,37.358555555555554,29.6
2026-07-25,2,gru,34.44791911593907,29.6
2026-07-25,3,naive,30.2,20.6
2026-07-25,3,naive_carry,30.2,20.6
2026-07-25,3,seasonal_naive_7,26.5,20.6
2026-07-25,3,climatology,38.23077777777778,20.6
2026-07-25,3,gru,39.20001832755449,20.6
2026-07-27,1,naive,29.6,20.6
2026-07-27,1,naive_carry,29.6,20.6
2026-07-27,1,seasonal_naive_7,26.5,20.6
2026-07-27,1,climatology,38.23077777777778,20.6
2026-07-27,1,gru,27.83529379972774,20.6
2026-07-27,2,naive,29.6,36.8
2026-07-27,2,naive_carry,29.6,36.8
2026-07-27,2,seasonal_naive_7,21.9,36.8
2026-07-27,2,climatology,38.338111111111104,36.8
2026-07-27,2,gru,34.806857296822564,36.8
2026-07-27,3,naive,29.6,40.4
2026-07-27,3,naive_carry,29.6,40.4
2026-07-27,3,seasonal_naive_7,22.7,40.4
2026-07-27,3,climatology,38.83877777777778,40.4
2026-07-27,3,gru,38.59723156092146,40.4
2026-07-28,1,naive,20.6,36.8
2026-07-28,1,naive_carry,20.6,36.8
2026-07-28,1,seasonal_naive_7,21.9,36.8
2026-07-28,1,climatology,38.338111111111104,36.8
2026-07-28,1,gru,19.563377861844295,36.8
2026-07-28,2,naive,20.6,40.4
2026-07-28,2,naive_carry,20.6,40.4
2026-07-28,2,seasonal_naive_7,22.7,40.4
2026-07-28,2,climatology,38.83877777777778,40.4
2026-07-28,2,gru,25.499705737867558,40.4
2026-07-28,3,naive,20.6,21.9
2026-07-28,3,naive_carry,20.6,21.9
2026-07-28,3,seasonal_naive_7,28.6,21.9
2026-07-28,3,climatology,38.80291111111111,21.9
2026-07-28,3,gru,28.253891984710126,21.9
2026-07-29,1,naive,36.8,40.4
2026-07-29,1,naive_carry,36.8,40.4
2026-07-29,1,seasonal_naive_7,22.7,40.4
2026-07-29,1,climatology,38.83877777777778,40.4
2026-07-29,1,gru,34.622109858990974,40.4
2026-07-29,2,naive,36.8,21.9
2026-07-29,2,naive_carry,36.8,21.9
2026-07-29,2,seasonal_naive_7,28.6,21.9
2026-07-29,2,climatology,38.80291111111111,21.9
2026-07-29,2,gru,39.59302436278594,21.9
2026-07-29,3,naive,36.8,38.6
2026-07-29,3,naive_carry,36.8,38.6
2026-07-29,3,seasonal_naive_7,30.2,38.6
2026-07-29,3,climatology,38.13091111111111,38.6
2026-07-29,3,gru,46.39867804050496,38.6
2026-07-30,1,naive,40.4,21.9
2026-07-30,1,naive_carry,40.4,21.9
2026-07-30,1,seasonal_naive_7,28.6,21.9
2026-07-30,1,climatology,38.80291111111111,21.9
2026-07-30,1,gru,38.01647511210268,21.9
2026-07-30,2,naive,40.4,38.6
2026-07-30,2,naive_carry,40.4,38.6
2026-07-30,2,seasonal_naive_7,30.2,38.6
2026-07-30,2,climatology,38.13091111111111,38.6
2026-07-30,2,gru,44.36987998381899,38.6
2026-07-31,1,naive,21.9,38.6
2026-07-31,1,naive_carry,21.9,38.6
2026-07-31,1,seasonal_naive_7,30.2,38.6
2026-07-31,1,climatology,38.13091111111111,38.6
2026-07-31,1,gru,20.857875568198736,38.6
2026-07-31,3,naive,21.9,26.9
2026-07-31,3,naive_carry,21.9,26.9
2026-07-31,3,seasonal_naive_7,29.6,26.9
2026-07-31,3,climatology,38.09557777777778,26.9
2026-07-31,3,gru,29.138441938369883,26.9
2026-08-01,2,naive,38.6,26.9
2026-08-01,2,naive_carry,38.6,26.9
2026-08-01,2,seasonal_naive_7,29.6,26.9
2026-08-01,2,climatology,38.09557777777778,26.9
2026-08-01,2,gru,41.078127421793184,26.9
2026-08-01,3,naive,38.6,17.7
2026-08-01,3,naive_carry,38.6,17.7
2026-08-01,3,seasonal_naive_7,20.6,17.7
2026-08-01,3,climatology,37.79224444444445,17.7
2026-08-01,3,gru,47.60840216718288,17.7
2026-08-02,1,naive,26.7,26.9
2026-08-02,1,naive_carry,26.7,26.9
2026-08-02,1,seasonal_naive_7,29.6,26.9
2026-08-02,1,climatology,38.09557777777778,26.9
2026-08-02,1,gru,25.230640536646497,26.9
2026-08-02,2,naive,26.7,17.7
2026-08-02,2,naive_carry,26.7,17.7
2026-08-02,2,seasonal_naive_7,20.6,17.7
2026-08-02,2,climatology,37.79224444444445,17.7
2026-08-02,2,gru,31.406633777235093,17.7
2026-08-02,3,naive,26.7,35.7
2026-08-02,3,naive_carry,26.7,35.7
2026-08-02,3,seasonal_naive_7,36.8,35.7
2026-08-02,3,climatology,36.36924444444445,35.7
2026-08-02,3,gru,34.60884318097625,35.7
2026-08-03,1,naive,26.9,17.7
2026-08-03,1,naive_carry,26.9,17.7
2026-08-03,1,seasonal_naive_7,20.6,17.7
2026-08-03,1,climatology,37.79224444444445,17.7
2026-08-03,1,gru,25.477554780973534,17.7
2026-08-03,2,naive,26.9,35.7
2026-08-03,2,naive_carry,26.9,35.7
2026-08-03,2,seasonal_naive_7,36.8,35.7
2026-08-03,2,climatology,36.36924444444445,35.7
2026-08-03,2,gru,30.855105594090514,35.7
2026-08-03,3,naive,26.9,26.1
2026-08-03,3,naive_carry,26.9,26.1
2026-08-03,3,seasonal_naive_7,40.4,26.1
2026-08-03,3,climatology,36.37491111111111,26.1
2026-08-03,3,gru,35.31067232444768,26.1
2026-08-04,1,naive,17.7,35.7
2026-08-04,1,naive_carry,17.7,35.7
2026-08-04,1,seasonal_naive_7,36.8,35.7
2026-08-04,1,climatology,36.36924444444445,35.7
2026-08-04,1,gru,16.98118030808406,35.7
2026-08-04,2,naive,17.7,26.1
2026-08-04,2,naive_carry,17.7,26.1
2026-08-04,2,seasonal_naive_7,40.4,26.1
2026-08-04,2,climatology,36.37491111111111,26.1
2026-08-04,2,gru,21.86087104041338,26.1
2026-08-04,3,naive,17.7,25.0
2026-08-04,3,naive_carry,17.7,25.0
2026-08-04,3,seasonal_naive_7,21.9,25.0
2026-08-04,3,climatology,30.364355555555555,25.0
2026-08-04,3,gru,25.182903538889505,25.0
2026-08-05,1,naive,35.7,26.1
2026-08-05,1,naive_carry,35.7,26.1
2026-08-05,1,seasonal_naive_7,40.4,26.1
2026-08-05,1,climatology,36.37491111111111,26.1
2026-08-05,1,gru,33.967689226248744,26.1
2026-08-05,2,naive,35.7,25.0
2026-08-05,2,naive_carry,35.7,25.0
2026-08-05,2,seasonal_naive_7,21.9,25.0
2026-08-05,2,climatology,30.364355555555555,25.0
2026-08-05,2,gru,38.16734399547741,25.0
2026-08-05,3,naive,35.7,30.6
2026-08-05,3,naive_carry,35.7,30.6
2026-08-05,3,seasonal_naive_7,38.6,30.6
2026-08-05,3,climatology,30.433244444444444,30.6
2026-08-05,3,gru,45.75297403788764,30.6
2026-08-06,1,naive,26.1,25.0
2026-08-06,1,naive_carry,26.1,25.0
2026-08-06,1,seasonal_naive_7,21.9,25.0
2026-08-06,1,climatology,30.364355555555555,25.0
2026-08-06,1,gru,24.960922074451126,25.0
2026-08-06,2,naive,26.1,30.6
2026-08-06,2,naive_carry,26.1,30.6
2026-08-06,2,seasonal_naive_7,38.6,30.6
2026-08-06,2,climatology,30.433244444444444,30.6
2026-08-06,2,gru,30.579669810452696,30.6
2026-08-06,3,naive,26.1,32.7
2026-08-06,3,naive_carry,26.1,32.7
2026-08-06,3,seasonal_naive_7,26.7,32.7
2026-08-06,3,climatology,30.21591111111111,32.7
2026-08-06,3,gru,34.56073642602327,32.7
2026-08-07,1,naive,25.0,30.6
2026-08-07,1,naive_carry,25.0,30.6
2026-08-07,1,seasonal_naive_7,38.6,30.6
2026-08-07,1,climatology,30.433244444444444,30.6
2026-08-07,1,gru,24.652134477945,30.6
2026-08-07,2,naive,25.0,32.7
2026-08-07,2,naive_carry,25.0,32.7
2026-08-07,2,seasonal_naive_7,26.7,32.7
2026-08-07,2,climatology,30.21591111111111,32.7
2026-08-07,2,gru,28.804176446147586,32.7
2026-08-07,3,naive,25.0,35.9
2026-08-07,3,naive_carry,25.0,35.9
2026-08-07,3,seasonal_naive_7,26.9,35.9
2026-08-07,3,climatology,29.119111111111113,35.9
2026-08-07,3,gru,33.661724314240175,35.9
2026-08-08,1,naive,30.6,32.7
2026-08-08,1,naive_carry,30.6,32.7
2026-08-08,1,seasonal_naive_7,26.7,32.7
2026-08-08,1,climatology,30.21591111111111,32.7
2026-08-08,1,gru,29.331950007331727,32.7
2026-08-08,2,naive,30.6,35.9
2026-08-08,2,naive_carry,30.6,35.9
2026-08-08,2,seasonal_naive_7,26.9,35.9
2026-08-08,2,climatology,29.119111111111113,35.9
2026-08-08,2,gru,34.214058190100864,35.9
2026-08-08,3,naive,30.6,46.2
2026-08-08,3,naive_carry,30.6,46.2
2026-08-08,3,seasonal_naive_7,17.7,46.2
2026-08-08,3,climatology,28.145777777777777,46.2
2026-08-08,3,gru,39.86323589278129,46.2
2026-08-09,1,naive,32.7,35.9
2026-08-09,1,naive_carry,32.7,35.9
2026-08-09,1,seasonal_naive_7,26.9,35.9
2026-08-09,1,climatology,29.119111111111113,35.9
2026-08-09,1,gru,31.008865605141107,35.9
2026-08-09,2,naive,32.7,46.2
2026-08-09,2,naive_carry,32.7,46.2
2026-08-09,2,seasonal_naive_7,17.7,46.2
2026-08-09,2,climatology,28.145777777777777,46.2
2026-08-09,2,gru,36.509238941169855,46.2
2026-08-09,3,naive,32.7,47.9
2026-08-09,3,naive_carry,32.7,47.9
2026-08-09,3,seasonal_naive_7,35.7,47.9
2026-08-09,3,climatology,27.35177777777778,47.9
2026-08-09,3,gru,41.582898142615065,47.9
2026-08-10,1,naive,35.9,46.2
2026-08-10,1,naive_carry,35.9,46.2
2026-08-10,1,seasonal_naive_7,17.7,46.2
2026-08-10,1,climatology,28.145777777777777,46.2
2026-08-10,1,gru,33.84077411830484,46.2
2026-08-10,2,naive,35.9,47.9
2026-08-10,2,naive_carry,35.9,47.9
2026-08-10,2,seasonal_naive_7,35.7,47.9
2026-08-10,2,climatology,27.35177777777778,47.9
2026-08-10,2,gru,39.41066307693317,47.9
2026-08-10,3,naive,35.9,32.7
2026-08-10,3,naive_carry,35.9,32.7
2026-08-10,3,seasonal_naive_7,26.1,32.7
2026-08-10,3,climatology,27.96977777777778,32.7
2026-08-10,3,gru,44.36303363281761,32.7
2026-08-11,1,naive,46.2,47.9
2026-08-11,1,naive_carry,46.2,47.9
2026-08-11,1,seasonal_naive_7,35.7,47.9
2026-08-11,1,climatology,27.35177777777778,47.9
2026-08-11,1,gru,43.52720718340199,47.9
2026-08-11,2,naive,46.2,32.7
2026-08-11,2,naive_carry,46.2,32.7
2026-08-11,2,seasonal_naive_7,26.1,32.7
2026-08-11,2,climatology,27.96977777777778,32.7
2026-08-11,2,gru,48.190260619366,32.7
2026-08-11,3,naive,46.2,31.2
2026-08-11,3,naive_carry,46.2,31.2
2026-08-11,3,seasonal_naive_7,25.0,31.2
2026-08-11,3,climatology,27.223111111111113,31.2
2026-08-11,3,gru,53.51953375517964,31.2
2026-08-12,1,naive,47.9,32.7
2026-08-12,1,naive_carry,47.9,32.7
2026-08-12,1,seasonal_naive_7,26.1,32.7
2026-08-12,1,climatology,27.96977777777778,32.7
2026-08-12,1,gru,44.972260340928955,32.7
2026-08-12,2,naive,47.9,31.2
2026-08-12,2,naive_carry,47.9,31.2
2026-08-12,2,seasonal_naive_7,25.0,31.2
2026-08-12,2,climatology,27.223111111111113,31.2
2026-08-12,2,gru,49.96106974943012,31.2
2026-08-12,3,naive,47.9,40.4
2026-08-12,3,naive_carry,47.9,40.4
2026-08-12,3,seasonal_naive_7,30.6,40.4
2026-08-12,3,climatology,27.22664444444445,40.4
2026-08-12,3,gru,53.932749021439925,40.4
2026-08-13,1,naive,32.7,31.2
2026-08-13,1,naive_carry,32.7,31.2
2026-08-13,1,seasonal_naive_7,25.0,31.2
2026-08-13,1,climatology,27.223111111111113,31.2
2026-08-13,1,gru,30.894776985578076,31.2
2026-08-13,2,naive,32.7,40.4
2026-08-13,2,naive_carry,32.7,40.4
2026-08-13,2,seasonal_naive_7,30.6,40.4
2026-08-13,2,climatology,27.22664444444445,40.4
2026-08-13,2,gru,36.48654144922131,40.4
2026-08-13,3,naive,32.7,27.0
2026-08-13,3,naive_carry,32.7,27.0
2026-08-13,3,seasonal_naive_7,32.7,27.0
2026-08-13,3,climatology,27.79108888888889,27.0
2026-08-13,3,gru,39.440989714116164,27.0
2026-08-14,1,naive,31.2,40.4
2026-08-14,1,naive_carry,31.2,40.4
2026-08-14,1,seasonal_naive_7,30.6,40.4
2026-08-14,1,climatology,27.22664444444445,40.4
2026-08-14,1,gru,29.485339606636938,40.4
2026-08-14,2,naive,31.2,27.0
2026-08-14,2,naive_carry,31.2,27.0
2026-08-14,2,seasonal_naive_7,32.7,27.0
2026-08-14,2,climatology,27.79108888888889,27.0
2026-08-14,2,gru,34.75962217673296,27.0
2026-08-14,3,naive,31.2,26.7
2026-08-14,3,naive_carry,31.2,26.7
2026-08-14,3,seasonal_naive_7,35.9,26.7
2026-08-14,3,climatology,28.588866666666668,26.7
2026-08-14,3,gru,38.616183828977945,26.7
2026-08-15,1,naive,40.4,27.0
2026-08-15,1,naive_carry,40.4,27.0
2026-08-15,1,seasonal_naive_7,32.7,27.0
2026-08-15,1,climatology,27.79108888888889,27.0
2026-08-15,1,gru,38.00887358143106,27.0
2026-08-15,2,naive,40.4,26.7
2026-08-15,2,naive_carry,40.4,26.7
2026-08-15,2,seasonal_naive_7,35.9,26.7
2026-08-15,2,climatology,28.588866666666668,26.7
2026-08-15,2,gru,42.78747626607194,26.7
2026-08-15,3,naive,40.4,29.8
2026-08-15,3,naive_carry,40.4,29.8
2026-08-15,3,seasonal_naive_7,46.2,29.8
2026-08-15,3,climatology,28.7892,29.8
2026-08-15,3,gru,47.67916322156592,29.8
2026-08-16,1,naive,27.0,26.7
2026-08-16,1,naive_carry,27.0,26.7
2026-08-16,1,seasonal_naive_7,35.9,26.7
2026-08-16,1,climatology,28.588866666666668,26.7
2026-08-16,1,gru,25.580107938243486,26.7
2026-08-16,2,naive,27.0,29.8
2026-08-16,2,naive_carry,27.0,29.8
2026-08-16,2,seasonal_naive_7,46.2,29.8
2026-08-16,2,climatology,28.7892,29.8
2026-08-16,2,gru,31.020494429096686,29.8
2026-08-16,3,naive,27.0,33.2
2026-08-16,3,naive_carry,27.0,33.2
2026-08-16,3,seasonal_naive_7,47.9,33.2
2026-08-16,3,climatology,31.350311111111115,33.2
2026-08-16,3,gru,34.17874458129186,33.2
2026-08-17,1,naive,26.7,29.8
2026-08-17,1,naive_carry,26.7,29.8
2026-08-17,1,seasonal_naive_7,46.2,29.8
2026-08-17,1,climatology,28.7892,29.8
2026-08-17,1,gru,25.33744173435052,29.8
2026-08-17,2,naive,26.7,33.2
2026-08-17,2,naive_carry,26.7,33.2
2026-08-17,2,seasonal_naive_7,47.9,33.2
2026-08-17,2,climatology,31.350311111111115,33.2
2026-08-17,2,gru,30.510580117606672,33.2
2026-08-17,3,naive,26.7,37.1
2026-08-17,3,naive_carry,26.7,37.1
2026-08-17,3,seasonal_naive_7,32.7,37.1
2026-08-17,3,climatology,32.138311111111115,37.1
2026-08-17,3,gru,34.580004213783376,37.1
2026-08-18,1,naive,29.8,33.2
2026-08-18,1,naive_carry,29.8,33.2
2026-08-18,1,seasonal_naive_7,47.9,33.2
2026-08-18,1,climatology,31.350311111111115,33.2
2026-08-18,1,gru,28.30277405858678,33.2
2026-08-18,2,naive,29.8,37.1
2026-08-18,2,naive_carry,29.8,37.1
2026-08-18,2,seasonal_naive_7,32.7,37.1
2026-08-18,2,climatology,32.138311111111115,37.1
2026-08-18,2,gru,33.34376135016466,37.1
2026-08-18,3,naive,29.8,28.1
2026-08-18,3,naive_carry,29.8,28.1
2026-08-18,3,seasonal_naive_7,31.2,28.1
2026-08-18,3,climatology,32.644977777777775,28.1
2026-08-18,3,gru,38.08374806435353,28.1
2026-08-19,1,naive,33.2,37.1
2026-08-19,1,naive_carry,33.2,37.1
2026-08-19,1,seasonal_naive_7,32.7,37.1
2026-08-19,1,climatology,32.138311111111115,37.1
2026-08-19,1,gru,31.685555574238215,37.1
2026-08-19,2,naive,33.2,28.1
2026-08-19,2,naive_carry,33.2,28.1
2026-08-19,2,seasonal_naive_7,31.2,28.1
2026-08-19,2,climatology,32.644977777777775,28.1
2026-08-19,2,gru,36.37771096973673,28.1
2026-08-19,3,naive,33.2,29.0
2026-08-19,3,naive_carry,33.2,29.0
2026-08-19,3,seasonal_naive_7,40.4,29.0
2026-08-19,3,climatology,33.0792,29.0
2026-08-19,3,gru,41.379442332645226,29.0
2026-08-20,1,naive,37.1,28.1
2026-08-20,1,naive_carry,37.1,28.1
2026-08-20,1,seasonal_naive_7,31.2,28.1
2026-08-20,1,climatology,32.644977777777775,28.1
2026-08-20,1,gru,35.43041706192458,28.1
2026-08-20,2,naive,37.1,29.0
2026-08-20,2,naive_carry,37.1,29.0
2026-08-20,2,seasonal_naive_7,40.4,29.0
2026-08-20,2,climatology,33.0792,29.0
2026-08-20,2,gru,39.760572425448125,29.0
2026-08-20,3,naive,37.1,33.5
2026-08-20,3,naive_carry,37.1,33.5
2026-08-20,3,seasonal_naive_7,27.0,33.5
2026-08-20,3,climatology,34.56197777777778,33.5
2026-08-20,3,gru,44.858840910391706,33.5
2026-08-21,1,naive,28.1,29.0
2026-08-21,1,naive_carry,28.1,29.0
2026-08-21,1,seasonal_naive_7,40.4,29.0
2026-08-21,1,climatology,33.0792,29.0
2026-08-21,1,gru,26.914490742850028,29.0
2026-08-21,2,naive,28.1,33.5
2026-08-21,2,naive_carry,28.1,33.5
2026-08-21,2,seasonal_naive_7,27.0,33.5
2026-08-21,2,climatology,34.56197777777778,33.5
2026-08-21,2,gru,31.86183396138646,33.5
2026-08-21,3,naive,28.1,42.0
2026-08-21,3,naive_carry,28.1,42.0
2026-08-21,3,seasonal_naive_7,26.7,42.0
2026-08-21,3,climatology,35.202644444444445,42.0
2026-08-21,3,gru,35.69702772296856,42.0
2026-08-22,1,naive,29.0,33.5
2026-08-22,1,naive_carry,29.0,33.5
2026-08-22,1,seasonal_naive_7,27.0,33.5
2026-08-22,1,climatology,34.56197777777778,33.5
2026-08-22,1,gru,27.698685713956003,33.5
2026-08-22,2,naive,29.0,42.0
2026-08-22,2,naive_carry,29.0,42.0
2026-08-22,2,seasonal_naive_7,26.7,42.0
2026-08-22,2,climatology,35.202644444444445,42.0
2026-08-22,2,gru,32.56918924786356,42.0
2026-08-22,3,naive,29.0,37.0
2026-08-22,3,naive_carry,29.0,37.0
2026-08-22,3,seasonal_naive_7,29.8,37.0
2026-08-22,3,climatology,37.30531111111111,37.0
2026-08-22,3,gru,37.15749112041813,37.0
2026-08-23,1,naive,33.5,42.0
2026-08-23,1,naive_carry,33.5,42.0
2026-08-23,1,seasonal_naive_7,26.7,42.0
2026-08-23,1,climatology,35.202644444444445,42.0
2026-08-23,1,gru,31.91706404882259,42.0
2026-08-23,2,naive,33.5,37.0
2026-08-23,2,naive_carry,33.5,37.0
2026-08-23,2,seasonal_naive_7,29.8,37.0
2026-08-23,2,climatology,37.30531111111111,37.0
2026-08-23,2,gru,36.457528254442316,37.0
2026-08-23,3,naive,33.5,50.3
2026-08-23,3,naive_carry,33.5,50.3
2026-08-23,3,seasonal_naive_7,33.2,50.3
2026-08-23,3,climatology,37.47253333333333,50.3
2026-08-23,3,gru,41.81417609371658,50.3
2026-08-24,1,naive,42.0,37.0
2026-08-24,1,naive_carry,42.0,37.0
2026-08-24,1,seasonal_naive_7,29.8,37.0
2026-08-24,1,climatology,37.30531111111111,37.0
2026-08-24,1,gru,40.898449205608124,37.0
2026-08-24,2,naive,42.0,50.3
2026-08-24,2,naive_carry,42.0,50.3
2026-08-24,2,seasonal_naive_7,33.2,50.3
2026-08-24,2,climatology,37.47253333333333,50.3
2026-08-24,2,gru,43.195318049478246,50.3
2026-08-24,3,naive,42.0,50.7
2026-08-24,3,naive_carry,42.0,50.7
2026-08-24,3,seasonal_naive_7,37.1,50.7
2026-08-24,3,climatology,46.15253333333333,50.7
2026-08-24,3,gru,49.614233493352664,50.7
