origin,horizon,model,y_pred,y_true
2024-09-11,1,naive,26.9,9.91
2024-09-11,1,naive_carry,26.9,9.91
2024-09-11,1,seasonal_naive_7,25.0,9.91
2024-09-11,1,climatology,42.986111111111114,9.91
2024-09-11,1,gru,30.546516131044715,9.91
2024-09-11,2,naive,26.9,11.4
2024-09-11,2,naive_carry,26.9,11.4
2024-09-11,2,seasonal_naive_7,16.9,11.4
2024-09-11,2,climatology,44.73544444444444,11.4
2024-09-11,2,gru,26.68711082098987,11.4
2024-09-11,3,naive,26.9,21.6
2024-09-11,3,naive_carry,26.9,21.6
2024-09-11,3,seasonal_naive_7,23.4,21.6
2024-09-11,3,climatology,44.75411111111111,21.6
2024-09-11,3,gru,30.087560714474563,21.6
2024-09-12,1,naive,9.91,11.4
2024-09-12,1,naive_carry,9.91,11.4
2024-09-12,1,seasonal_naive_7,16.9,11.4
2024-09-12,1,climatology,44.73544444444444,11.4
2024-09-12,1,gru,14.487732967323257,11.4
2024-09-12,2,naive,9.91,21.6
2024-09-12,2,naive_carry,9.91,21.6
2024-09-12,2,seasonal_naive_7,23.4,21.6
2024-09-12,2,climatology,44.75411111111111,21.6
2024-09-12,2,gru,14.12714897753934,21.6
2024-09-12,3,naive,9.91,30.8
2024-09-12,3,naive_carry,9.91,30.8
2024-09-12,3,seasonal_naive_7,43.4,30.8
2024-09-12,3,climatology,43.81555555555555,30.8
2024-09-12,3,gru,18.292094715423623,30.8
2024-09-13,1,naive,11.4,21.6
2024-09-13,1,naive_carry,11.4,21.6
2024-09-13,1,seasonal_naive_7,23.4,21.6
2024-09-13,1,climatology,44.75411111111111,21.6
2024-09-13,1,gru,17.292772246816988,21.6
2024-09-13,2,naive,11.4,30.8
2024-09-13,2,naive_carry,11.4,30.8
2024-09-13,2,seasonal_naive_7,43.4,30.8
2024-09-13,2,climatology,43.81555555555555,30.8
2024-09-13,2,gru,17.885049848861147,30.8
2024-09-13,3,naive,11.4,39.0
2024-09-13,3,naive_carry,11.4,39.0
2024-09-13,3,seasonal_naive_7,41.6,39.0
2024-09-13,3,climatology,42.88166666666667,39.0
2024-09-13,3,gru,22.50616061954845,39.0
2024-09-14,1,naive,21.6,30.8
2024-09-14,1,naive_carry,21.6,30.8
2024-09-14,1,seasonal_naive_7,43.4,30.8
2024-09-14,1,climatology,43.81555555555555,30.8
2024-09-14,1,gru,28.572474114742967,30.8
2024-09-14,2,naive,21.6,39.0
2024-09-14,2,naive_carry,21.6,39.0
2024-09-14,2,seasonal_naive_7,41.6,39.0
2024-09-14,2,climatology,42.88166666666667,39.0
2024-09-14,2,gru,27.108114214432952,39.0
2024-09-14,3,naive,21.6,46.6
2024-09-14,3,naive_carry,21.6,46.6
2024-09-14,3,seasonal_naive_7,36.2,46.6
2024-09-14,3,climatology,41.751666666666665,46.6
2024-09-14,3,gru,31.918928215445785,46.6
2024-09-15,1,naive,30.8,39.0
2024-09-15,1,naive_carry,30.8,39.0
2024-09-15,1,seasonal_naive_7,41.6,39.0
2024-09-15,1,climatology,42.88166666666667,39.0
2024-09-15,1,gru,34.805536449390445,39.0
2024-09-15,2,naive,30.8,46.6
2024-09-15,2,naive_carry,30.8,46.6
2024-09-15,2,seasonal_naive_7,36.2,46.6
2024-09-15,2,climatology,41.751666666666665,46.6
2024-09-15,2,gru,31.060641751370273,46.6
2024-09-15,3,naive,30.8,29.6
2024-09-15,3,naive_carry,30.8,29.6
2024-09-15,3,seasonal_naive_7,26.9,29.6
2024-09-15,3,climatology,39.64522222222222,29.6
2024-09-15,3,gru,35.77548709350359,29.6
2024-09-16,1,naive,39.0,46.6
2024-09-16,1,naive_carry,39.0,46.6
2024-09-16,1,seasonal_naive_7,36.2,46.6
2024-09-16,1,climatology,41.751666666666665,46.6
2024-09-16,1,gru,40.62558588435098,46.6
2024-09-16,2,naive,39.0,29.6
2024-09-16,2,naive_carry,39.0,29.6
2024-09-16,2,seasonal_naive_7,26.9,29.6
2024-09-16,2,climatology,39.64522222222222,29.6
2024-09-16,2,gru,35.065852522092165,29.6
2024-09-16,3,naive,39.0,26.0
2024-09-16,3,naive_carry,39.0,26.0
2024-09-16,3,seasonal_naive_7,9.91,26.0
2024-09-16,3,climatology,39.65022222222222,26.0
2024-09-16,3,gru,37.64456752590901,26.0
2024-09-17,1,naive,46.6,29.6
2024-09-17,1,naive_carry,46.6,29.6
2024-09-17,1,seasonal_naive_7,26.9,29.6
2024-09-17,1,climatology,39.64522222222222,29.6
2024-09-17,1,gru,47.92185786292678,29.6
2024-09-17,2,naive,46.6,26.0
2024-09-17,2,naive_carry,46.6,26.0
2024-09-17,2,seasonal_naive_7,9.91,26.0
2024-09-17,2,climatology,39.65022222222222,26.0
2024-09-17,2,gru,39.78303222523921,26.0
2024-09-17,3,naive,46.6,26.7
2024-09-17,3,naive_carry,46.6,26.7
2024-09-17,3,seasonal_naive_7,11.4,26.7
2024-09-17,3,climatology,40.61466666666667,26.7
2024-09-17,3,gru,38.6419929563477,26.7
2024-09-18,1,naive,29.6,26.0
2024-09-18,1,naive_carry,29.6,26.0
2024-09-18,1,seasonal_naive_7,9.91,26.0
2024-09-18,1,climatology,39.65022222222222,26.0
2024-09-18,1,gru,35.082199046102154,26.0
2024-09-18,2,naive,29.6,26.7
2024-09-18,2,naive_carry,29.6,26.7
2024-09-18,2,seasonal_naive_7,11.4,26.7
2024-09-18,2,climatology,40.61466666666667,26.7
2024-09-18,2,gru,33.214144344384465,26.7
2024-09-18,3,naive,29.6,32.7
2024-09-18,3,naive_carry,29.6,32.7
2024-09-18,3,seasonal_naive_7,21.6,32.7
2024-09-18,3,climatology,42.01133333333334,32.7
2024-09-18,3,gru,34.987185665584214,32.7
2024-09-19,1,naive,26.0,26.7
2024-09-19,1,naive_carry,26.0,26.7
2024-09-19,1,seasonal_naive_7,11.4,26.7
2024-09-19,1,climatology,40.61466666666667,26.7
2024-09-19,1,gru,32.54793610228857,26.7
2024-09-19,2,naive,26.0,32.7
2024-09-19,2,naive_carry,26.0,32.7
2024-09-19,2,seasonal_naive_7,21.6,32.7
2024-09-19,2,climatology,42.01133333333334,32.7
2024-09-19,2,gru,31.007662702991478,32.7
2024-09-19,3,naive,26.0,61.5
2024-09-19,3,naive_carry,26.0,61.5
2024-09-19,3,seasonal_naive_7,30.8,61.5
2024-09-19,3,climatology,43.37688888888889,61.5
2024-09-19,3,gru,32.710376384560426,61.5
2024-09-20,1,naive,26.7,32.7
2024-09-20,1,naive_carry,26.7,32.7
2024-09-20,1,seasonal_naive_7,21.6,32.7
2024-09-20,1,climatology,42.01133333333334,32.7
2024-09-20,1,gru,34.50381413715238,32.7
2024-09-20,2,naive,26.7,61.5
2024-09-20,2,naive_carry,26.7,61.5
2024-09-20,2,seasonal_naive_7,30.8,61.5
2024-09-20,2,climatology,43.37688888888889,61.5
2024-09-20,2,gru,33.632104669395055,61.5
2024-09-20,3,naive,26.7,70.8
2024-09-20,3,naive_carry,26.7,70.8
2024-09-20,3,seasonal_naive_7,39.0,70.8
2024-09-20,3,climatology,44.78322222222222,70.8
2024-09-20,3,gru,35.48531835938627,70.8
2024-09-21,1,naive,32.7,61.5
2024-09-21,1,naive_carry,32.7,61.5
2024-09-21,1,seasonal_naive_7,30.8,61.5
2024-09-21,1,climatology,43.37688888888889,61.5
2024-09-21,1,gru,38.98345455841257,61.5
2024-09-21,2,naive,32.7,70.8
2024-09-21,2,naive_carry,32.7,70.8
2024-09-21,2,seasonal_naive_7,39.0,70.8
2024-09-21,2,climatology,44.78322222222222,70.8
2024-09-21,2,gru,34.24806116909265,70.8
2024-09-21,3,naive,32.7,81.0
2024-09-21,3,naive_carry,32.7,81.0
2024-09-21,3,seasonal_naive_7,46.6,81.0
2024-09-21,3,climatology,46.12877777777778,81.0
2024-09-21,3,gru,34.4078984144113,81.0
2024-09-22,1,naive,61.5,70.8
2024-09-22,1,naive_carry,61.5,70.8
2024-09-22,1,seasonal_naive_7,39.0,70.8
2024-09-22,1,climatology,44.78322222222222,70.8
2024-09-22,1,gru,57.64744000104855,70.8
2024-09-22,2,naive,61.5,81.0
2024-09-22,2,naive_carry,61.5,81.0
2024-09-22,2,seasonal_naive_7,46.6,81.0
2024-09-22,2,climatology,46.12877777777778,81.0
2024-09-22,2,gru,41.709303489363236,81.0
2024-09-22,3,naive,61.5,71.0
2024-09-22,3,naive_carry,61.5,71.0
2024-09-22,3,seasonal_naive_7,29.6,71.0
2024-09-22,3,climatology,47.26233333333333,71.0
2024-09-22,3,gru,40.03418592923976,71.0
2024-09-23,1,naive,70.8,81.0
2024-09-23,1,naive_carry,70.8,81.0
2024-09-23,1,seasonal_naive_7,46.6,81.0
2024-09-23,1,climatology,46.12877777777778,81.0
2024-09-23,1,gru,60.49346136767152,81.0
2024-09-23,2,naive,70.8,71.0
2024-09-23,2,naive_carry,70.8,71.0
2024-09-23,2,seasonal_naive_7,29.6,71.0
2024-09-23,2,climatology,47.26233333333333,71.0
2024-09-23,2,gru,41.37595748374599,71.0
2024-09-23,3,naive,70.8,23.2
2024-09-23,3,naive_carry,70.8,23.2
2024-09-23,3,seasonal_naive_7,26.0,23.2
2024-09-23,3,climatology,48.44322222222222,23.2
2024-09-23,3,gru,45.20669018521263,23.2
2024-09-24,1,naive,81.0,71.0
2024-09-24,1,naive_carry,81.0,71.0
2024-09-24,1,seasonal_naive_7,29.6,71.0
2024-09-24,1,climatology,47.26233333333333,71.0
2024-09-24,1,gru,69.11526272016553,71.0
2024-09-24,2,naive,81.0,23.2
2024-09-24,2,naive_carry,81.0,23.2
2024-09-24,2,seasonal_naive_7,26.0,23.2
2024-09-24,2,climatology,48.44322222222222,23.2
2024-09-24,2,gru,52.36700092024389,23.2
2024-09-24,3,naive,81.0,11.3
2024-09-24,3,naive_carry,81.0,11.3
2024-09-24,3,seasonal_naive_7,26.7,11.3
2024-09-24,3,climatology,48.54688888888889,11.3
2024-09-24,3,gru,49.02166677524615,11.3
2024-09-25,1,naive,71.0,23.2
2024-09-25,1,naive_carry,71.0,23.2
2024-09-25,1,seasonal_naive_7,26.0,23.2
2024-09-25,1,climatology,48.44322222222222,23.2
2024-09-25,1,gru,60.42155960011847,23.2
2024-09-25,2,naive,71.0,11.3
2024-09-25,2,naive_carry,71.0,11.3
2024-09-25,2,seasonal_naive_7,26.7,11.3
2024-09-25,2,climatology,48.54688888888889,11.3
2024-09-25,2,gru,48.21979767746675,11.3
2024-09-25,3,naive,71.0,16.1
2024-09-25,3,naive_carry,71.0,16.1
2024-09-25,3,seasonal_naive_7,32.7,16.1
2024-09-25,3,climatology,48.67222222222222,16.1
2024-09-25,3,gru,47.41568827806412,16.1
2024-09-26,1,naive,23.2,11.3
2024-09-26,1,naive_carry,23.2,11.3
2024-09-26,1,seasonal_naive_7,26.7,11.3
2024-09-26,1,climatology,48.54688888888889,11.3
2024-09-26,1,gru,28.13871487052825,11.3
2024-09-26,2,naive,23.2,16.1
2024-09-26,2,naive_carry,23.2,16.1
2024-09-26,2,seasonal_naive_7,32.7,16.1
2024-09-26,2,climatology,48.67222222222222,16.1
2024-09-26,2,gru,36.37771009603405,16.1
2024-09-26,3,naive,23.2,23.1
2024-09-26,3,naive_carry,23.2,23.1
2024-09-26,3,seasonal_naive_7,61.5,23.1
2024-09-26,3,climatology,50.20577777777778,23.1
2024-09-26,3,gru,35.59981862502113,23.1
2024-09-27,1,naive,11.3,16.1
2024-09-27,1,naive_carry,11.3,16.1
2024-09-27,1,seasonal_naive_7,32.7,16.1
2024-09-27,1,climatology,48.67222222222222,16.1
2024-09-27,1,gru,17.884386962686833,16.1
2024-09-27,2,naive,11.3,23.1
2024-09-27,2,naive_carry,11.3,23.1
2024-09-27,2,seasonal_naive_7,61.5,23.1
2024-09-27,2,climatology,50.20577777777778,23.1
2024-09-27,2,gru,28.947411457513507,23.1
2024-09-27,3,naive,11.3,52.9
2024-09-27,3,naive_carry,11.3,52.9
2024-09-27,3,seasonal_naive_7,70.8,52.9
2024-09-27,3,climatology,53.208222222222226,52.9
2024-09-27,3,gru,25.48899230054264,52.9
2024-09-28,1,naive,16.1,23.1
2024-09-28,1,naive_carry,16.1,23.1
2024-09-28,1,seasonal_naive_7,61.5,23.1
2024-09-28,1,climatology,50.20577777777778,23.1
2024-09-28,1,gru,26.36951112763501,23.1
2024-09-28,2,naive,16.1,52.9
2024-09-28,2,naive_carry,16.1,52.9
2024-09-28,2,seasonal_naive_7,70.8,52.9
2024-09-28,2,climatology,53.208222222222226,52.9
2024-09-28,2,gru,35.982728316457894,52.9
2024-09-28,3,naive,16.1,58.9
2024-09-28,3,naive_carry,16.1,58.9
2024-09-28,3,seasonal_naive_7,81.0,58.9
2024-09-28,3,climatology,57.230222222222224,58.9
2024-09-28,3,gru,37.48966924335114,58.9
2024-09-29,1,naive,23.1,52.9
2024-09-29,1,naive_carry,23.1,52.9
2024-09-29,1,seasonal_naive_7,70.8,52.9
2024-09-29,1,climatology,53.208222222222226,52.9
2024-09-29,1,gru,33.547276979414214,52.9
2024-09-29,2,naive,23.1,58.9
2024-09-29,2,naive_carry,23.1,58.9
2024-09-29,2,seasonal_naive_7,81.0,58.9
2024-09-29,2,climatology,57.230222222222224,58.9
2024-09-29,2,gru,38.223053094788014,58.9
2024-09-29,3,naive,23.1,59.0
2024-09-29,3,naive_carry,23.1,59.0
2024-09-29,3,seasonal_naive_7,71.0,59.0
2024-09-29,3,climatology,59.41555555555556,59.0
2024-09-29,3,gru,44.84515006029443,59.0
2024-09-30,1,naive,52.9,58.9
2024-09-30,1,naive_carry,52.9,58.9
2024-09-30,1,seasonal_naive_7,81.0,58.9
2024-09-30,1,climatology,57.230222222222224,58.9
2024-09-30,1,gru,54.71978878572025,58.9
2024-09-30,2,naive,52.9,59.0
2024-09-30,2,naive_carry,52.9,59.0
2024-09-30,2,seasonal_naive_7,71.0,59.0
2024-09-30,2,climatology,59.41555555555556,59.0
2024-09-30,2,gru,44.109794057313444,59.0
2024-09-30,3,naive,52.9,45.0
2024-09-30,3,naive_carry,52.9,45.0
2024-09-30,3,seasonal_naive_7,23.2,45.0
2024-09-30,3,climatology,61.333333333333336,45.0
2024-09-30,3,gru,52.300781986533266,45.0
2024-10-01,1,naive,58.9,59.0
2024-10-01,1,naive_carry,58.9,59.0
2024-10-01,1,seasonal_naive_7,71.0,59.0
2024-10-01,1,climatology,59.41555555555556,59.0
2024-10-01,1,gru,55.625015865786644,59.0
2024-10-01,2,naive,58.9,45.0
2024-10-01,2,naive_carry,58.9,45.0
2024-10-01,2,seasonal_naive_7,23.2,45.0
2024-10-01,2,climatology,61.333333333333336,45.0
2024-10-01,2,gru,47.074439804121255,45.0
2024-10-01,3,naive,58.9,50.8
2024-10-01,3,naive_carry,58.9,50.8
2024-10-01,3,seasonal_naive_7,11.3,50.8
2024-10-01,3,climatology,63.592666666666666,50.8
2024-10-01,3,gru,60.359056283893395,50.8
2024-10-02,1,naive,59.0,45.0
2024-10-02,1,naive_carry,59.0,45.0
2024-10-02,1,seasonal_naive_7,23.2,45.0
2024-10-02,1,climatology,61.333333333333336,45.0
2024-10-02,1,gru,57.737181760563054,45.0
2024-10-02,2,naive,59.0,50.8
2024-10-02,2,naive_carry,59.0,50.8
2024-10-02,2,seasonal_naive_7,11.3,50.8
2024-10-02,2,climatology,63.592666666666666,50.8
2024-10-02,2,gru,52.42650053730241,50.8
2024-10-02,3,naive,59.0,36.8
2024-10-02,3,naive_carry,59.0,36.8
2024-10-02,3,seasonal_naive_7,16.1,36.8
2024-10-02,3,climatology,66.37088888888889,36.8
2024-10-02,3,gru,56.4576769331223,36.8
2024-10-03,1,naive,45.0,50.8
2024-10-03,1,naive_carry,45.0,50.8
2024-10-03,1,seasonal_naive_7,11.3,50.8
2024-10-03,1,climatology,63.592666666666666,50.8
2024-10-03,1,gru,50.035748353497944,50.8
2024-10-03,2,naive,45.0,36.8
2024-10-03,2,naive_carry,45.0,36.8
2024-10-03,2,seasonal_naive_7,16.1,36.8
2024-10-03,2,climatology,66.37088888888889,36.8
2024-10-03,2,gru,50.57101753666828,36.8
2024-10-03,3,naive,45.0,39.1
2024-10-03,3,naive_carry,45.0,39.1
2024-10-03,3,seasonal_naive_7,23.1,39.1
2024-10-03,3,climatology,67.24755555555555,39.1
2024-10-03,3,gru,56.26937874552792,39.1
2024-10-04,1,naive,50.8,36.8
2024-10-04,1,naive_carry,50.8,36.8
2024-10-04,1,seasonal_naive_7,16.1,36.8
2024-10-04,1,climatology,66.37088888888889,36.8
2024-10-04,1,gru,57.103704658497584,36.8
2024-10-04,2,naive,50.8,39.1
2024-10-04,2,naive_carry,50.8,39.1
2024-10-04,2,seasonal_naive_7,23.1,39.1
2024-10-04,2,climatology,67.24755555555555,39.1
2024-10-04,2,gru,54.63603127198247,39.1
2024-10-04,3,naive,50.8,43.7
2024-10-04,3,naive_carry,50.8,43.7
2024-10-04,3,seasonal_naive_7,52.9,43.7
2024-10-04,3,climatology,70.202,43.7
2024-10-04,3,gru,57.43353853078271,43.7
2024-10-05,1,naive,36.8,39.1
2024-10-05,1,naive_carry,36.8,39.1
2024-10-05,1,seasonal_naive_7,23.1,39.1
2024-10-05,1,climatology,67.24755555555555,39.1
2024-10-05,1,gru,44.369796376979316,39.1
2024-10-05,2,naive,36.8,43.7
2024-10-05,2,naive_carry,36.8,43.7
2024-10-05,2,seasonal_naive_7,52.9,43.7
2024-10-05,2,climatology,70.202,43.7
2024-10-05,2,gru,45.63707603947403,43.7
2024-10-05,3,naive,36.8,62.7
2024-10-05,3,naive_carry,36.8,62.7
2024-10-05,3,seasonal_naive_7,58.9,62.7
2024-10-05,3,climatology,80.80866666666665,62.7
2024-10-05,3,gru,54.95008730221716,62.7
2024-10-06,1,naive,39.1,43.7
2024-10-06,1,naive_carry,39.1,43.7
2024-10-06,1,seasonal_naive_7,52.9,43.7
2024-10-06,1,climatology,70.202,43.7
2024-10-06,1,gru,49.22166655721338,43.7
2024-10-06,2,naive,39.1,62.7
2024-10-06,2,naive_carry,39.1,62.7
2024-10-06,2,seasonal_naive_7,58.9,62.7
2024-10-06,2,climatology,80.80866666666665,62.7
2024-10-06,2,gru,53.03312028971374,62.7
2024-10-06,3,naive,39.1,60.0
2024-10-06,3,naive_carry,39.1,60.0
2024-10-06,3,seasonal_naive_7,59.0,60.0
2024-10-06,3,climatology,83.93977777777779,60.0
2024-10-06,3,gru,57.355717754354316,60.0
2024-10-07,1,naive,43.7,62.7
2024-10-07,1,naive_carry,43.7,62.7
2024-10-07,1,seasonal_naive_7,58.9,62.7
2024-10-07,1,climatology,80.80866666666665,62.7
2024-10-07,1,gru,53.75536717824623,62.7
2024-10-07,2,naive,43.7,60.0
2024-10-07,2,naive_carry,43.7,60.0
2024-10-07,2,seasonal_naive_7,59.0,60.0
2024-10-07,2,climatology,83.93977777777779,60.0
2024-10-07,2,gru,52.04438412281175,60.0
2024-10-07,3,naive,43.7,43.3
2024-10-07,3,naive_carry,43.7,43.3
2024-10-07,3,seasonal_naive_7,45.0,43.3
2024-10-07,3,climatology,86.32199999999999,43.3
2024-10-07,3,gru,62.25159896978283,43.3
2024-10-08,1,naive,62.7,60.0
2024-10-08,1,naive_carry,62.7,60.0
2024-10-08,1,seasonal_naive_7,59.0,60.0
2024-10-08,1,climatology,83.93977777777779,60.0
2024-10-08,1,gru,67.72675927082769,60.0
2024-10-08,2,naive,62.7,43.3
2024-10-08,2,naive_carry,62.7,43.3
2024-10-08,2,seasonal_naive_7,45.0,43.3
2024-10-08,2,climatology,86.32199999999999,43.3
2024-10-08,2,gru,55.66722370312324,43.3
2024-10-08,3,naive,62.7,55.9
2024-10-08,3,naive_carry,62.7,55.9
2024-10-08,3,seasonal_naive_7,50.8,55.9
2024-10-08,3,climatology,88.69977777777778,55.9
2024-10-08,3,gru,67.58424182404599,55.9
2024-10-09,1,naive,60.0,43.3
2024-10-09,1,naive_carry,60.0,43.3
2024-10-09,1,seasonal_naive_7,45.0,43.3
2024-10-09,1,climatology,86.32199999999999,43.3
2024-10-09,1,gru,64.48687578867836,43.3
2024-10-09,2,naive,60.0,55.9
2024-10-09,2,naive_carry,60.0,55.9
2024-10-09,2,seasonal_naive_7,50.8,55.9
2024-10-09,2,climatology,88.69977777777778,55.9
2024-10-09,2,gru,56.29536759839867,55.9
2024-10-09,3,naive,60.0,60.0
2024-10-09,3,naive_carry,60.0,60.0
2024-10-09,3,seasonal_naive_7,36.8,60.0
2024-10-09,3,climatology,91.33977777777775,60.0
2024-10-09,3,gru,72.89174271181194,60.0
2024-10-10,1,naive,43.3,55.9
2024-10-10,1,naive_carry,43.3,55.9
2024-10-10,1,seasonal_naive_7,50.8,55.9
2024-10-10,1,climatology,88.69977777777778,55.9
2024-10-10,1,gru,51.648992260154806,55.9
2024-10-10,2,naive,43.3,60.0
2024-10-10,2,naive_carry,43.3,60.0
2024-10-10,2,seasonal_naive_7,36.8,60.0
2024-10-10,2,climatology,91.33977777777775,60.0
2024-10-10,2,gru,52.569479463900635,60.0
2024-10-10,3,naive,43.3,84.3
2024-10-10,3,naive_carry,43.3,84.3
2024-10-10,3,seasonal_naive_7,39.1,84.3
2024-10-10,3,climatology,95.41133333333332,84.3
2024-10-10,3,gru,64.07309839302538,84.3
2024-10-11,1,naive,55.9,60.0
2024-10-11,1,naive_carry,55.9,60.0
2024-10-11,1,seasonal_naive_7,36.8,60.0
2024-10-11,1,climatology,91.33977777777775,60.0
2024-10-11,1,gru,63.78896445590591,60.0
2024-10-11,2,naive,55.9,84.3
2024-10-11,2,naive_carry,55.9,84.3
2024-10-11,2,seasonal_naive_7,39.1,84.3
2024-10-11,2,climatology,95.41133333333332,84.3
2024-10-11,2,gru,59.54125637422959,84.3
2024-10-11,3,naive,55.9,85.9
2024-10-11,3,naive_carry,55.9,85.9
2024-10-11,3,seasonal_naive_7,43.7,85.9
2024-10-11,3,climatology,98.20355555555555,85.9
2024-10-11,3,gru,70.82481213965784,85.9
2024-10-12,1,naive,60.0,84.3
2024-10-12,1,naive_carry,60.0,84.3
2024-10-12,1,seasonal_naive_7,39.1,84.3
2024-10-12,1,climatology,95.41133333333332,84.3
2024-10-12,1,gru,71.03620942342482,84.3
2024-10-12,2,naive,60.0,85.9
2024-10-12,2,naive_carry,60.0,85.9
2024-10-12,2,seasonal_naive_7,43.7,85.9
2024-10-12,2,climatology,98.20355555555555,85.9
2024-10-12,2,gru,70.39440071888339,85.9
2024-10-12,3,naive,60.0,76.2
2024-10-12,3,naive_carry,60.0,76.2
2024-10-12,3,seasonal_naive_7,62.7,76.2
2024-10-12,3,climatology,100.56744444444443,76.2
2024-10-12,3,gru,82.4700215418264,76.2
2024-10-13,1,naive,84.3,85.9
2024-10-13,1,naive_carry,84.3,85.9
2024-10-13,1,seasonal_naive_7,43.7,85.9
2024-10-13,1,climatology,98.20355555555555,85.9
2024-10-13,1,gru,89.55751137778071,85.9
2024-10-13,2,naive,84.3,76.2
2024-10-13,2,naive_carry,84.3,76.2
2024-10-13,2,seasonal_naive_7,62.7,76.2
2024-10-13,2,climatology,100.56744444444443,76.2
2024-10-13,2,gru,92.81691642051553,76.2
2024-10-13,3,naive,84.3,92.2
2024-10-13,3,naive_carry,84.3,92.2
2024-10-13,3,seasonal_naive_7,60.0,92.2
2024-10-13,3,climatology,104.06377777777776,92.2
2024-10-13,3,gru,79.56367055617784,92.2
2024-10-14,1,naive,85.9,76.2
2024-10-14,1,naive_carry,85.9,76.2
2024-10-14,1,seasonal_naive_7,62.7,76.2
2024-10-14,1,climatology,100.56744444444443,76.2
2024-10-14,1,gru,84.99440669477193,76.2
2024-10-14,2,naive,85.9,92.2
2024-10-14,2,naive_carry,85.9,92.2
2024-10-14,2,seasonal_naive_7,60.0,92.2
2024-10-14,2,climatology,104.06377777777776,92.2
2024-10-14,2,gru,91.64700594012308,92.2
2024-10-14,3,naive,85.9,112.0
2024-10-14,3,naive_carry,85.9,112.0
2024-10-14,3,seasonal_naive_7,43.3,112.0
2024-10-14,3,climatology,111.00344444444444,112.0
2024-10-14,3,gru,82.33935745937065,112.0
2024-10-15,1,naive,76.2,92.2
2024-10-15,1,naive_carry,76.2,92.2
2024-10-15,1,seasonal_naive_7,60.0,92.2
2024-10-15,1,climatology,104.06377777777776,92.2
2024-10-15,1,gru,74.70629362416642,92.2
2024-10-15,2,naive,76.2,112.0
2024-10-15,2,naive_carry,76.2,112.0
2024-10-15,2,seasonal_naive_7,43.3,112.0
2024-10-15,2,climatology,111.00344444444444,112.0
2024-10-15,2,gru,90.79870143300913,112.0
2024-10-15,3,naive,76.2,97.8
2024-10-15,3,naive_carry,76.2,97.8
2024-10-15,3,seasonal_naive_7,55.9,97.8
2024-10-15,3,climatology,113.98811111111112,97.8
2024-10-15,3,gru,87.23260015521926,97.8
2024-10-16,1,naive,92.2,112.0
2024-10-16,1,naive_carry,92.2,112.0
2024-10-16,1,seasonal_naive_7,43.3,112.0
2024-10-16,1,climatology,111.00344444444444,112.0
2024-10-16,1,gru,100.49945741815756,112.0
2024-10-16,2,naive,92.2,97.8
2024-10-16,2,naive_carry,92.2,97.8
2024-10-16,2,seasonal_naive_7,55.9,97.8
2024-10-16,2,climatology,113.98811111111112,97.8
2024-10-16,2,gru,108.83356785443064,97.8
2024-10-16,3,naive,92.2,101.0
2024-10-16,3,naive_carry,92.2,101.0
2024-10-16,3,seasonal_naive_7,60.0,101.0
2024-10-16,3,climatology,119.42544444444444,101.0
2024-10-16,3,gru,98.8850134233161,101.0
2024-10-17,1,naive,112.0,97.8
2024-10-17,1,naive_carry,112.0,97.8
2024-10-17,1,seasonal_naive_7,55.9,97.8
2024-10-17,1,climatology,113.98811111111112,97.8
2024-10-17,1,gru,110.03579996519008,97.8
2024-10-17,2,naive,112.0,101.0
2024-10-17,2,naive_carry,112.0,101.0
2024-10-17,2,seasonal_naive_7,60.0,101.0
2024-10-17,2,climatology,119.42544444444444,101.0
2024-10-17,2,gru,112.20502021220196,101.0
2024-10-17,3,naive,112.0,120.0
2024-10-17,3,naive_carry,112.0,120.0
2024-10-17,3,seasonal_naive_7,84.3,120.0
2024-10-17,3,climatology,125.94944444444444,120.0
2024-10-17,3,gru,101.78039878323371,120.0
2024-10-18,1,naive,97.8,101.0
2024-10-18,1,naive_carry,97.8,101.0
2024-10-18,1,seasonal_naive_7,60.0,101.0
2024-10-18,1,climatology,119.42544444444444,101.0
2024-10-18,1,gru,99.23958952683724,101.0
2024-10-18,2,naive,97.8,120.0
2024-10-18,2,naive_carry,97.8,120.0
2024-10-18,2,seasonal_naive_7,84.3,120.0
2024-10-18,2,climatology,125.94944444444444,120.0
2024-10-18,2,gru,108.30883803829607,120.0
2024-10-18,3,naive,97.8,131.0
2024-10-18,3,naive_carry,97.8,131.0
2024-10-18,3,seasonal_naive_7,85.9,131.0
2024-10-18,3,climatology,134.3661111111111,131.0
2024-10-18,3,gru,103.23494425144719,131.0
2024-10-19,1,naive,101.0,120.0
2024-10-19,1,naive_carry,101.0,120.0
2024-10-19,1,seasonal_naive_7,84.3,120.0
2024-10-19,1,climatology,125.94944444444444,120.0
2024-10-19,1,gru,100.84745520275807,120.0
2024-10-19,2,naive,101.0,131.0
2024-10-19,2,naive_carry,101.0,131.0
2024-10-19,2,seasonal_naive_7,85.9,131.0
2024-10-19,2,climatology,134.3661111111111,131.0
2024-10-19,2,gru,111.38671635021717,131.0
2024-10-19,3,naive,101.0,136.0
2024-10-19,3,naive_carry,101.0,136.0
2024-10-19,3,seasonal_naive_7,76.2,136.0
2024-10-19,3,climatology,140.9961111111111,136.0
2024-10-19,3,gru,107.81180446173741,136.0
2024-10-20,1,naive,120.0,131.0
2024-10-20,1,naive_carry,120.0,131.0
2024-10-20,1,seasonal_naive_7,85.9,131.0
2024-10-20,1,climatology,134.3661111111111,131.0
2024-10-20,1,gru,116.8231483943233,131.0
2024-10-20,2,naive,120.0,136.0
2024-10-20,2,naive_carry,120.0,136.0
2024-10-20,2,seasonal_naive_7,76.2,136.0
2024-10-20,2,climatology,140.9961111111111,136.0
2024-10-20,2,gru,122.93168751692396,136.0
2024-10-20,3,naive,120.0,194.0
2024-10-20,3,naive_carry,120.0,194.0
2024-10-20,3,seasonal_naive_7,92.2,194.0
2024-10-20,3,climatology,140.78944444444446,194.0
2024-10-20,3,gru,115.48012778874991,194.0
2024-10-21,1,naive,131.0,136.0
2024-10-21,1,naive_carry,131.0,136.0
2024-10-21,1,seasonal_naive_7,76.2,136.0
2024-10-21,1,climatology,140.9961111111111,136.0
2024-10-21,1,gru,124.79264870707428,136.0
2024-10-21,2,naive,131.0,194.0
2024-10-21,2,naive_carry,131.0,194.0
2024-10-21,2,seasonal_naive_7,92.2,194.0
2024-10-21,2,climatology,140.78944444444446,194.0
2024-10-21,2,gru,130.23260772751001,194.0
2024-10-21,3,naive,131.0,130.0
2024-10-21,3,naive_carry,131.0,130.0
2024-10-21,3,seasonal_naive_7,112.0,130.0
2024-10-21,3,climatology,149.08166666666665,130.0
2024-10-21,3,gru,122.24482336086545,130.0
2024-10-22,1,naive,136.0,194.0
2024-10-22,1,naive_carry,136.0,194.0
2024-10-22,1,seasonal_naive_7,92.2,194.0
2024-10-22,1,climatology,140.78944444444446,194.0
2024-10-22,1,gru,127.31869890188962,194.0
2024-10-22,2,naive,136.0,130.0
2024-10-22,2,naive_carry,136.0,130.0
2024-10-22,2,seasonal_naive_7,112.0,130.0
2024-10-22,2,climatology,149.08166666666665,130.0
2024-10-22,2,gru,136.67490226848258,130.0
2024-10-22,3,naive,136.0,111.0
2024-10-22,3,naive_carry,136.0,111.0
2024-10-22,3,seasonal_naive_7,97.8,111.0
2024-10-22,3,climatology,157.12944444444443,111.0
2024-10-22,3,gru,130.7984690937614,111.0
2024-10-23,1,naive,194.0,130.0
2024-10-23,1,naive_carry,194.0,130.0
2024-10-23,1,seasonal_naive_7,112.0,130.0
2024-10-23,1,climatology,149.08166666666665,130.0
2024-10-23,1,gru,151.52615086970619,130.0
2024-10-23,2,naive,194.0,111.0
2024-10-23,2,naive_carry,194.0,111.0
2024-10-23,2,seasonal_naive_7,97.8,111.0
2024-10-23,2,climatology,157.12944444444443,111.0
2024-10-23,2,gru,158.72962711036007,111.0
2024-10-23,3,naive,194.0,137.0
2024-10-23,3,naive_carry,194.0,137.0
2024-10-23,3,seasonal_naive_7,101.0,137.0
2024-10-23,3,climatology,167.63166666666666,137.0
2024-10-23,3,gru,147.1574893383236,137.0
2024-10-24,1,naive,130.0,111.0
2024-10-24,1,naive_carry,130.0,111.0
2024-10-24,1,seasonal_naive_7,97.8,111.0
2024-10-24,1,climatology,157.12944444444443,111.0
2024-10-24,1,gru,105.37192354912347,111.0
2024-10-24,2,naive,130.0,137.0
2024-10-24,2,naive_carry,130.0,137.0
2024-10-24,2,seasonal_naive_7,101.0,137.0
2024-10-24,2,climatology,167.63166666666666,137.0
2024-10-24,2,gru,136.54884478952437,137.0
2024-10-24,3,naive,130.0,157.0
2024-10-24,3,naive_carry,130.0,157.0
2024-10-24,3,seasonal_naive_7,120.0,157.0
2024-10-24,3,climatology,175.97166666666666,157.0
2024-10-24,3,gru,137.10309901238475,157.0
2024-10-25,1,naive,111.0,137.0
2024-10-25,1,naive_carry,111.0,137.0
2024-10-25,1,seasonal_naive_7,101.0,137.0
2024-10-25,1,climatology,167.63166666666666,137.0
2024-10-25,1,gru,114.90834411342028,137.0
2024-10-25,2,naive,111.0,157.0
2024-10-25,2,naive_carry,111.0,157.0
2024-10-25,2,seasonal_naive_7,120.0,157.0
2024-10-25,2,climatology,175.97166666666666,157.0
2024-10-25,2,gru,146.95715191333832,157.0
2024-10-25,3,naive,111.0,115.0
2024-10-25,3,naive_carry,111.0,115.0
2024-10-25,3,seasonal_naive_7,131.0,115.0
2024-10-25,3,climatology,185.96277777777777,115.0
2024-10-25,3,gru,142.65002176603636,115.0
2024-10-26,1,naive,137.0,157.0
2024-10-26,1,naive_carry,137.0,157.0
2024-10-26,1,seasonal_naive_7,120.0,157.0
2024-10-26,1,climatology,175.97166666666666,157.0
2024-10-26,1,gru,144.93683678958783,157.0
2024-10-26,2,naive,137.0,115.0
2024-10-26,2,naive_carry,137.0,115.0
2024-10-26,2,seasonal_naive_7,131.0,115.0
2024-10-26,2,climatology,185.96277777777777,115.0
2024-10-26,2,gru,161.80144400668604,115.0
2024-10-26,3,naive,137.0,97.7
2024-10-26,3,naive_carry,137.0,97.7
2024-10-26,3,seasonal_naive_7,136.0,97.7
2024-10-26,3,climatology,192.7505555555555,97.7
2024-10-26,3,gru,148.83660368364562,97.7
2024-10-27,1,naive,157.0,115.0
2024-10-27,1,naive_carry,157.0,115.0
2024-10-27,1,seasonal_naive_7,131.0,115.0
2024-10-27,1,climatology,185.96277777777777,115.0
2024-10-27,1,gru,172.40060597618307,115.0
2024-10-27,2,naive,157.0,97.7
2024-10-27,2,naive_carry,157.0,97.7
2024-10-27,2,seasonal_naive_7,136.0,97.7
2024-10-27,2,climatology,192.7505555555555,97.7
2024-10-27,2,gru,169.7898018650542,97.7
2024-10-27,3,naive,157.0,131.0
2024-10-27,3,naive_carry,157.0,131.0
2024-10-27,3,seasonal_naive_7,194.0,131.0
2024-10-27,3,climatology,202.96055555555552,131.0
2024-10-27,3,gru,148.60246183412633,131.0
2024-10-28,1,naive,115.0,97.7
2024-10-28,1,naive_carry,115.0,97.7
2024-10-28,1,seasonal_naive_7,136.0,97.7
2024-10-28,1,climatology,192.7505555555555,97.7
2024-10-28,1,gru,124.77722605358476,97.7
2024-10-28,2,naive,115.0,131.0
2024-10-28,2,naive_carry,115.0,131.0
2024-10-28,2,seasonal_naive_7,194.0,131.0
2024-10-28,2,climatology,202.96055555555552,131.0
2024-10-28,2,gru,138.07544881788903,131.0
2024-10-28,3,naive,115.0,176.0
2024-10-28,3,naive_carry,115.0,176.0
2024-10-28,3,seasonal_naive_7,130.0,176.0
2024-10-28,3,climatology,219.2761111111111,176.0
2024-10-28,3,gru,134.7336178595756,176.0
2024-10-29,1,naive,97.7,131.0
2024-10-29,1,naive_carry,97.7,131.0
2024-10-29,1,seasonal_naive_7,194.0,131.0
2024-10-29,1,climatology,202.96055555555552,131.0
2024-10-29,1,gru,114.81890490764276,131.0
2024-10-29,2,naive,97.7,176.0
2024-10-29,2,naive_carry,97.7,176.0
2024-10-29,2,seasonal_naive_7,130.0,176.0
2024-10-29,2,climatology,219.2761111111111,176.0
2024-10-29,2,gru,130.66559682891736,176.0
2024-10-29,3,naive,97.7,117.0
2024-10-29,3,naive_carry,97.7,117.0
2024-10-29,3,seasonal_naive_7,111.0,117.0
2024-10-29,3,climatology,227.6737777777778,117.0
2024-10-29,3,gru,127.74452843596707,117.0
2024-10-30,1,naive,131.0,176.0
2024-10-30,1,naive_carry,131.0,176.0
2024-10-30,1,seasonal_naive_7,130.0,176.0
2024-10-30,1,climatology,219.2761111111111,176.0
2024-10-30,1,gru,137.8851182513986,176.0
2024-10-30,2,naive,131.0,117.0
2024-10-30,2,naive_carry,131.0,117.0
2024-10-30,2,seasonal_naive_7,111.0,117.0
2024-10-30,2,climatology,227.6737777777778,117.0
2024-10-30,2,gru,143.27719735562516,117.0
2024-10-30,3,naive,131.0,184.0
2024-10-30,3,naive_carry,131.0,184.0
2024-10-30,3,seasonal_naive_7,137.0,184.0
2024-10-30,3,climatology,239.13244444444445,184.0
2024-10-30,3,gru,133.79205910480493,184.0
2024-10-31,1,naive,176.0,117.0
2024-10-31,1,naive_carry,176.0,117.0
2024-10-31,1,seasonal_naive_7,111.0,117.0
2024-10-31,1,climatology,227.6737777777778,117.0
2024-10-31,1,gru,139.22894496756118,117.0
2024-10-31,2,naive,176.0,184.0
2024-10-31,2,naive_carry,176.0,184.0
2024-10-31,2,seasonal_naive_7,137.0,184.0
2024-10-31,2,climatology,239.13244444444445,184.0
2024-10-31,2,gru,151.12159354186807,184.0
2024-10-31,3,naive,176.0,207.0
2024-10-31,3,naive_carry,176.0,207.0
2024-10-31,3,seasonal_naive_7,157.0,207.0
2024-10-31,3,climatology,247.86768253968253,207.0
2024-10-31,3,gru,143.4408487828354,207.0
2024-11-01,1,naive,117.0,184.0
2024-11-01,1,naive_carry,117.0,184.0
2024-11-01,1,seasonal_naive_7,137.0,184.0
2024-11-01,1,climatology,239.13244444444445,184.0
2024-11-01,1,gru,107.6714687871084,184.0
2024-11-01,2,naive,117.0,207.0
2024-11-01,2,naive_carry,117.0,207.0
2024-11-01,2,seasonal_naive_7,157.0,207.0
2024-11-01,2,climatology,247.86768253968253,207.0
2024-11-01,2,gru,146.06570159518816,207.0
2024-11-01,3,naive,117.0,218.0
2024-11-01,3,naive_carry,117.0,218.0
2024-11-01,3,seasonal_naive_7,115.0,218.0
2024-11-01,3,climatology,255.74387301587305,218.0
2024-11-01,3,gru,144.0380218083066,218.0
2024-11-02,1,naive,184.0,207.0
2024-11-02,1,naive_carry,184.0,207.0
2024-11-02,1,seasonal_naive_7,157.0,207.0
2024-11-02,1,climatology,247.86768253968253,207.0
2024-11-02,1,gru,204.18610955600582,207.0
2024-11-02,2,naive,184.0,218.0
2024-11-02,2,naive_carry,184.0,218.0
2024-11-02,2,seasonal_naive_7,115.0,218.0
2024-11-02,2,climatology,255.74387301587305,218.0
2024-11-02,2,gru,209.5518062692217,218.0
2024-11-02,3,naive,184.0,171.0
2024-11-02,3,naive_carry,184.0,171.0
2024-11-02,3,seasonal_naive_7,97.7,171.0
2024-11-02,3,climatology,260.2486349206349,171.0
2024-11-02,3,gru,175.74916496321103,171.0
2024-11-03,1,naive,207.0,218.0
2024-11-03,1,naive_carry,207.0,218.0
2024-11-03,1,seasonal_naive_7,115.0,218.0
2024-11-03,1,climatology,255.74387301587305,218.0
2024-11-03,1,gru,210.46970589042314,218.0
2024-11-03,2,naive,207.0,171.0
2024-11-03,2,naive_carry,207.0,171.0
2024-11-03,2,seasonal_naive_7,97.7,171.0
2024-11-03,2,climatology,260.2486349206349,171.0
2024-11-03,2,gru,202.66412778392657,171.0
2024-11-03,3,naive,207.0,168.0
2024-11-03,3,naive_carry,207.0,168.0
2024-11-03,3,seasonal_naive_7,131.0,168.0
2024-11-03,3,climatology,260.50863492063496,168.0
2024-11-03,3,gru,173.85846675831556,168.0
2024-11-04,1,naive,218.0,171.0
2024-11-04,1,naive_carry,218.0,171.0
2024-11-04,1,seasonal_naive_7,97.7,171.0
2024-11-04,1,climatology,260.2486349206349,171.0
2024-11-04,1,gru,196.6111694084427,171.0
2024-11-04,2,naive,218.0,168.0
2024-11-04,2,naive_carry,218.0,168.0
2024-11-04,2,seasonal_naive_7,131.0,168.0
2024-11-04,2,climatology,260.50863492063496,168.0
2024-11-04,2,gru,201.66523195463668,168.0
2024-11-04,3,naive,218.0,206.0
2024-11-04,3,naive_carry,218.0,206.0
2024-11-04,3,seasonal_naive_7,176.0,206.0
2024-11-04,3,climatology,261.3130793650794,206.0
2024-11-04,3,gru,178.907701125131,206.0
2024-11-05,1,naive,171.0,168.0
2024-11-05,1,naive_carry,171.0,168.0
2024-11-05,1,seasonal_naive_7,131.0,168.0
2024-11-05,1,climatology,260.50863492063496,168.0
2024-11-05,1,gru,176.74614269702548,168.0
2024-11-05,2,naive,171.0,206.0
2024-11-05,2,naive_carry,171.0,206.0
2024-11-05,2,seasonal_naive_7,176.0,206.0
2024-11-05,2,climatology,261.3130793650794,206.0
2024-11-05,2,gru,196.42171999954797,206.0
2024-11-05,3,naive,171.0,180.0
2024-11-05,3,naive_carry,171.0,180.0
2024-11-05,3,seasonal_naive_7,117.0,180.0
2024-11-05,3,climatology,259.1305396825397,180.0
2024-11-05,3,gru,174.64203418486883,180.0
2024-11-06,1,naive,168.0,206.0
2024-11-06,1,naive_carry,168.0,206.0
2024-11-06,1,seasonal_naive_7,176.0,206.0
2024-11-06,1,climatology,261.3130793650794,206.0
2024-11-06,1,gru,176.83674223643715,206.0
2024-11-06,2,naive,168.0,180.0
2024-11-06,2,naive_carry,168.0,180.0
2024-11-06,2,seasonal_naive_7,117.0,180.0
2024-11-06,2,climatology,259.1305396825397,180.0
2024-11-06,2,gru,193.60658251709532,180.0
2024-11-06,3,naive,168.0,164.0
2024-11-06,3,naive_carry,168.0,164.0
2024-11-06,3,seasonal_naive_7,184.0,164.0
2024-11-06,3,climatology,255.0645079365079,164.0
2024-11-06,3,gru,170.42407579776642,164.0
2024-11-07,1,naive,206.0,180.0
2024-11-07,1,naive_carry,206.0,180.0
2024-11-07,1,seasonal_naive_7,117.0,180.0
2024-11-07,1,climatology,259.1305396825397,180.0
2024-11-07,1,gru,197.94905782717515,180.0
2024-11-07,2,naive,206.0,164.0
2024-11-07,2,naive_carry,206.0,164.0
2024-11-07,2,seasonal_naive_7,184.0,164.0
2024-11-07,2,climatology,255.0645079365079,164.0
2024-11-07,2,gru,202.39521683835991,164.0
2024-11-07,3,naive,206.0,156.0
2024-11-07,3,naive_carry,206.0,156.0
2024-11-07,3,seasonal_naive_7,207.0,156.0
2024-11-07,3,climatology,248.0346666666667,156.0
2024-11-07,3,gru,172.07258776441697,156.0
2024-11-08,1,naive,180.0,164.0
2024-11-08,1,naive_carry,180.0,164.0
2024-11-08,1,seasonal_naive_7,184.0,164.0
2024-11-08,1,climatology,255.0645079365079,164.0
2024-11-08,1,gru,181.4536616329316,164.0
2024-11-08,2,naive,180.0,156.0
2024-11-08,2,naive_carry,180.0,156.0
2024-11-08,2,seasonal_naive_7,207.0,156.0
2024-11-08,2,climatology,248.0346666666667,156.0
2024-11-08,2,gru,193.94468413045732,156.0
2024-11-08,3,naive,180.0,167.0
2024-11-08,3,naive_carry,180.0,167.0
2024-11-08,3,seasonal_naive_7,218.0,167.0
2024-11-08,3,climatology,244.6871111111111,167.0
2024-11-08,3,gru,168.6576810077001,167.0
2024-11-09,1,naive,164.0,156.0
2024-11-09,1,naive_carry,164.0,156.0
2024-11-09,1,seasonal_naive_7,207.0,156.0
2024-11-09,1,climatology,248.0346666666667,156.0
2024-11-09,1,gru,167.9978585177421,156.0
2024-11-09,2,naive,164.0,167.0
2024-11-09,2,naive_carry,164.0,167.0
2024-11-09,2,seasonal_naive_7,218.0,167.0
2024-11-09,2,climatology,244.6871111111111,167.0
2024-11-09,2,gru,186.22290680350397,167.0
2024-11-09,3,naive,164.0,177.0
2024-11-09,3,naive_carry,164.0,177.0
2024-11-09,3,seasonal_naive_7,171.0,177.0
2024-11-09,3,climatology,238.28711111111113,177.0
2024-11-09,3,gru,163.26784193618755,177.0
2024-11-10,1,naive,156.0,167.0
2024-11-10,1,naive_carry,156.0,167.0
2024-11-10,1,seasonal_naive_7,218.0,167.0
2024-11-10,1,climatology,244.6871111111111,167.0
2024-11-10,1,gru,168.49653391499123,167.0
2024-11-10,2,naive,156.0,177.0
2024-11-10,2,naive_carry,156.0,177.0
2024-11-10,2,seasonal_naive_7,171.0,177.0
2024-11-10,2,climatology,238.28711111111113,177.0
2024-11-10,2,gru,184.6273232057034,177.0
2024-11-10,3,naive,156.0,385.0
2024-11-10,3,naive_carry,156.0,385.0
2024-11-10,3,seasonal_naive_7,168.0,385.0
2024-11-10,3,climatology,237.28647619047615,385.0
2024-11-10,3,gru,160.7624772674359,385.0
2024-11-11,1,naive,167.0,177.0
2024-11-11,1,naive_carry,167.0,177.0
2024-11-11,1,seasonal_naive_7,171.0,177.0
2024-11-11,1,climatology,238.28711111111113,177.0
2024-11-11,1,gru,170.6041753247552,177.0
2024-11-11,2,naive,167.0,385.0
2024-11-11,2,naive_carry,167.0,385.0
2024-11-11,2,seasonal_naive_7,168.0,385.0
2024-11-11,2,climatology,237.28647619047615,385.0
2024-11-11,2,gru,185.09333451080127,385.0
2024-11-11,3,naive,167.0,292.0
2024-11-11,3,naive_carry,167.0,292.0
2024-11-11,3,seasonal_naive_7,206.0,292.0
2024-11-11,3,climatology,230.3134603174603,292.0
2024-11-11,3,gru,162.11644321869215,292.0
2024-11-12,1,naive,177.0,385.0
2024-11-12,1,naive_carry,177.0,385.0
2024-11-12,1,seasonal_naive_7,168.0,385.0
2024-11-12,1,climatology,237.28647619047615,385.0
2024-11-12,1,gru,161.09847540908825,385.0
2024-11-12,2,naive,177.0,292.0
2024-11-12,2,naive_carry,177.0,292.0
2024-11-12,2,seasonal_naive_7,206.0,292.0
2024-11-12,2,climatology,230.3134603174603,292.0
2024-11-12,2,gru,183.1636209240515,292.0
2024-11-12,3,naive,177.0,251.0
2024-11-12,3,naive_carry,177.0,251.0
2024-11-12,3,seasonal_naive_7,180.0,251.0
2024-11-12,3,climatology,214.5912380952381,251.0
2024-11-12,3,gru,163.0224844938123,251.0
2024-11-13,1,naive,385.0,292.0
2024-11-13,1,naive_carry,385.0,292.0
2024-11-13,1,seasonal_naive_7,206.0,292.0
2024-11-13,1,climatology,230.3134603174603,292.0
2024-11-13,1,gru,284.21186757066084,292.0
2024-11-13,2,naive,385.0,251.0
2024-11-13,2,naive_carry,385.0,251.0
2024-11-13,2,seasonal_naive_7,180.0,251.0
2024-11-13,2,climatology,214.5912380952381,251.0
2024-11-13,2,gru,270.938808643749,251.0
2024-11-13,3,naive,385.0,321.0
2024-11-13,3,naive_carry,385.0,321.0
2024-11-13,3,seasonal_naive_7,164.0,321.0
2024-11-13,3,climatology,204.07746031746032,321.0
2024-11-13,3,gru,211.62342736864971,321.0
2024-11-14,1,naive,292.0,251.0
2024-11-14,1,naive_carry,292.0,251.0
2024-11-14,1,seasonal_naive_7,180.0,251.0
2024-11-14,1,climatology,214.5912380952381,251.0
2024-11-14,1,gru,278.65913024551577,251.0
2024-11-14,2,naive,292.0,321.0
2024-11-14,2,naive_carry,292.0,321.0
2024-11-14,2,seasonal_naive_7,164.0,321.0
2024-11-14,2,climatology,204.07746031746032,321.0
2024-11-14,2,gru,273.4331765010492,321.0
2024-11-14,3,naive,292.0,470.0
2024-11-14,3,naive_carry,292.0,470.0
2024-11-14,3,seasonal_naive_7,156.0,470.0
2024-11-14,3,climatology,196.2774603174603,470.0
2024-11-14,3,gru,213.71012691075626,470.0
2024-11-15,1,naive,251.0,321.0
2024-11-15,1,naive_carry,251.0,321.0
2024-11-15,1,seasonal_naive_7,164.0,321.0
2024-11-15,1,climatology,204.07746031746032,321.0
2024-11-15,1,gru,230.7629953912201,321.0
2024-11-15,2,naive,251.0,470.0
2024-11-15,2,naive_carry,251.0,470.0
2024-11-15,2,seasonal_naive_7,156.0,470.0
2024-11-15,2,climatology,196.2774603174603,470.0
2024-11-15,2,gru,248.92763576077084,470.0
2024-11-15,3,naive,251.0,665.0
2024-11-15,3,naive_carry,251.0,665.0
2024-11-15,3,seasonal_naive_7,167.0,665.0
2024-11-15,3,climatology,193.31079365079367,665.0
2024-11-15,3,gru,197.15714370887778,665.0
2024-11-16,1,naive,321.0,470.0
2024-11-16,1,naive_carry,321.0,470.0
2024-11-16,1,seasonal_naive_7,156.0,470.0
2024-11-16,1,climatology,196.2774603174603,470.0
2024-11-16,1,gru,266.6004849565768,470.0
2024-11-16,2,naive,321.0,665.0
2024-11-16,2,naive_carry,321.0,665.0
2024-11-16,2,seasonal_naive_7,167.0,665.0
2024-11-16,2,climatology,193.31079365079367,665.0
2024-11-16,2,gru,270.8902084651479,665.0
2024-11-16,3,naive,321.0,310.0
2024-11-16,3,naive_carry,321.0,310.0
2024-11-16,3,seasonal_naive_7,177.0,310.0
2024-11-16,3,climatology,183.1790476190476,310.0
2024-11-16,3,gru,204.93493419100744,310.0
2024-11-17,1,naive,470.0,665.0
2024-11-17,1,naive_carry,470.0,665.0
2024-11-17,1,seasonal_naive_7,167.0,665.0
2024-11-17,1,climatology,193.31079365079367,665.0
2024-11-17,1,gru,362.47194287935855,665.0
2024-11-17,2,naive,470.0,310.0
2024-11-17,2,naive_carry,470.0,310.0
2024-11-17,2,seasonal_naive_7,177.0,310.0
2024-11-17,2,climatology,183.1790476190476,310.0
2024-11-17,2,gru,326.6290583598963,310.0
2024-11-17,3,naive,470.0,253.0
2024-11-17,3,naive_carry,470.0,253.0
2024-11-17,3,seasonal_naive_7,385.0,253.0
2024-11-17,3,climatology,172.25650793650794,253.0
2024-11-17,3,gru,231.58865619543727,253.0
2024-11-18,1,naive,665.0,310.0
2024-11-18,1,naive_carry,665.0,310.0
2024-11-18,1,seasonal_naive_7,177.0,310.0
2024-11-18,1,climatology,183.1790476190476,310.0
2024-11-18,1,gru,409.38965320139835,310.0
2024-11-18,2,naive,665.0,253.0
2024-11-18,2,naive_carry,665.0,253.0
2024-11-18,2,seasonal_naive_7,385.0,253.0
2024-11-18,2,climatology,172.25650793650794,253.0
2024-11-18,2,gru,374.81769839996167,253.0
2024-11-18,3,naive,665.0,190.0
2024-11-18,3,naive_carry,665.0,190.0
2024-11-18,3,seasonal_naive_7,292.0,190.0
2024-11-18,3,climatology,168.41936507936506,190.0
2024-11-18,3,gru,266.1604918403069,190.0
2024-11-19,1,naive,310.0,253.0
2024-11-19,1,naive_carry,310.0,253.0
2024-11-19,1,seasonal_naive_7,385.0,253.0
2024-11-19,1,climatology,172.25650793650794,253.0
2024-11-19,1,gru,284.52944072933013,253.0
2024-11-19,2,naive,310.0,190.0
2024-11-19,2,naive_carry,310.0,190.0
2024-11-19,2,seasonal_naive_7,292.0,190.0
2024-11-19,2,climatology,168.41936507936506,190.0
2024-11-19,2,gru,318.15269809164977,190.0
2024-11-19,3,naive,310.0,264.0
2024-11-19,3,naive_carry,310.0,264.0
2024-11-19,3,seasonal_naive_7,251.0,264.0
2024-11-19,3,climatology,163.7926984126984,264.0
2024-11-19,3,gru,234.2937695403965,264.0
2024-11-20,1,naive,253.0,190.0
2024-11-20,1,naive_carry,253.0,190.0
2024-11-20,1,seasonal_naive_7,292.0,190.0
2024-11-20,1,climatology,168.41936507936506,190.0
2024-11-20,1,gru,257.16632338036067,190.0
2024-11-20,2,naive,253.0,264.0
2024-11-20,2,naive_carry,253.0,264.0
2024-11-20,2,seasonal_naive_7,251.0,264.0
2024-11-20,2,climatology,163.7926984126984,264.0
2024-11-20,2,gru,297.6346414455803,264.0
2024-11-20,3,naive,253.0,208.0
2024-11-20,3,naive_carry,253.0,208.0
2024-11-20,3,seasonal_naive_7,321.0,208.0
2024-11-20,3,climatology,162.84984126984128,208.0
2024-11-20,3,gru,217.38300852155933,208.0
2024-11-21,1,naive,190.0,264.0
2024-11-21,1,naive_carry,190.0,264.0
2024-11-21,1,seasonal_naive_7,251.0,264.0
2024-11-21,1,climatology,163.7926984126984,264.0
2024-11-21,1,gru,208.03854288773738,264.0
2024-11-21,2,naive,190.0,208.0
2024-11-21,2,naive_carry,190.0,208.0
2024-11-21,2,seasonal_naive_7,321.0,208.0
2024-11-21,2,climatology,162.84984126984128,208.0
2024-11-21,2,gru,251.8902559065997,208.0
2024-11-21,3,naive,190.0,134.0
2024-11-21,3,naive_carry,190.0,134.0
2024-11-21,3,seasonal_naive_7,470.0,134.0
2024-11-21,3,climatology,166.11587301587304,134.0
2024-11-21,3,gru,199.91091174665794,134.0
2024-11-22,1,naive,264.0,208.0
2024-11-22,1,naive_carry,264.0,208.0
2024-11-22,1,seasonal_naive_7,321.0,208.0
2024-11-22,1,climatology,162.84984126984128,208.0
2024-11-22,1,gru,264.32834050049934,208.0
2024-11-22,2,naive,264.0,134.0
2024-11-22,2,naive_carry,264.0,134.0
2024-11-22,2,seasonal_naive_7,470.0,134.0
2024-11-22,2,climatology,166.11587301587304,134.0
2024-11-22,2,gru,274.9781700271476,134.0
2024-11-22,3,naive,264.0,259.0
2024-11-22,3,naive_carry,264.0,259.0
2024-11-22,3,seasonal_naive_7,665.0,259.0
2024-11-22,3,climatology,169.94253968253966,259.0
2024-11-22,3,gru,209.6670778183535,259.0
2024-11-23,1,naive,208.0,134.0
2024-11-23,1,naive_carry,208.0,134.0
2024-11-23,1,seasonal_naive_7,470.0,134.0
2024-11-23,1,climatology,166.11587301587304,134.0
2024-11-23,1,gru,230.96793367475362,134.0
2024-11-23,2,naive,208.0,259.0
2024-11-23,2,naive_carry,208.0,259.0
2024-11-23,2,seasonal_naive_7,665.0,259.0
2024-11-23,2,climatology,169.94253968253966,259.0
2024-11-23,2,gru,245.20365966432234,259.0
2024-11-23,3,naive,208.0,154.0
2024-11-23,3,naive_carry,208.0,154.0
2024-11-23,3,seasonal_naive_7,310.0,154.0
2024-11-23,3,climatology,169.67142857142855,154.0
2024-11-23,3,gru,195.0682786164304,154.0
2024-11-24,1,naive,134.0,259.0
2024-11-24,1,naive_carry,134.0,259.0
2024-11-24,1,seasonal_naive_7,665.0,259.0
2024-11-24,1,climatology,169.94253968253966,259.0
2024-11-24,1,gru,155.86808240573498,259.0
2024-11-24,2,naive,134.0,154.0
2024-11-24,2,naive_carry,134.0,154.0
2024-11-24,2,seasonal_naive_7,310.0,154.0
2024-11-24,2,climatology,169.67142857142855,154.0
2024-11-24,2,gru,195.24578972160572,154.0
2024-11-24,3,naive,134.0,149.0
2024-11-24,3,naive_carry,134.0,149.0
2024-11-24,3,seasonal_naive_7,253.0,149.0
2024-11-24,3,climatology,171.3190476190476,149.0
2024-11-24,3,gru,167.25772622882397,149.0
2024-11-25,1,naive,259.0,154.0
2024-11-25,1,naive_carry,259.0,154.0
2024-11-25,1,seasonal_naive_7,310.0,154.0
2024-11-25,1,climatology,169.67142857142855,154.0
2024-11-25,1,gru,216.28373336462326,154.0
2024-11-25,2,naive,259.0,149.0
2024-11-25,2,naive_carry,259.0,149.0
2024-11-25,2,seasonal_naive_7,253.0,149.0
2024-11-25,2,climatology,171.3190476190476,149.0
2024-11-25,2,gru,238.18208987295543,149.0
2024-11-25,3,naive,259.0,167.0
2024-11-25,3,naive_carry,259.0,167.0
2024-11-25,3,seasonal_naive_7,190.0,167.0
2024-11-25,3,climatology,171.91523809523812,167.0
2024-11-25,3,gru,197.01996891249178,167.0
2024-11-26,1,naive,154.0,149.0
2024-11-26,1,naive_carry,154.0,149.0
2024-11-26,1,seasonal_naive_7,253.0,149.0
2024-11-26,1,climatology,171.3190476190476,149.0
2024-11-26,1,gru,174.52241484929772,149.0
2024-11-26,2,naive,154.0,167.0
2024-11-26,2,naive_carry,154.0,167.0
2024-11-26,2,seasonal_naive_7,190.0,167.0
2024-11-26,2,climatology,171.91523809523812,167.0
2024-11-26,2,gru,215.12984919487323,167.0
2024-11-26,3,naive,154.0,195.0
2024-11-26,3,naive_carry,154.0,195.0
2024-11-26,3,seasonal_naive_7,264.0,195.0
2024-11-26,3,climatology,174.6660317460317,195.0
2024-11-26,3,gru,186.8475907013173,195.0
2024-11-27,1,naive,149.0,167.0
2024-11-27,1,naive_carry,149.0,167.0
2024-11-27,1,seasonal_naive_7,190.0,167.0
2024-11-27,1,climatology,171.91523809523812,167.0
2024-11-27,1,gru,184.58790354228657,167.0
2024-11-27,2,naive,149.0,195.0
2024-11-27,2,naive_carry,149.0,195.0
2024-11-27,2,seasonal_naive_7,264.0,195.0
2024-11-27,2,climatology,174.6660317460317,195.0
2024-11-27,2,gru,221.14170226378735,195.0
2024-11-27,3,naive,149.0,186.0
2024-11-27,3,naive_carry,149.0,186.0
2024-11-27,3,seasonal_naive_7,208.0,186.0
2024-11-27,3,climatology,179.11269841269842,186.0
2024-11-27,3,gru,187.75495052790382,186.0
2024-11-28,1,naive,167.0,195.0
2024-11-28,1,naive_carry,167.0,195.0
2024-11-28,1,seasonal_naive_7,264.0,195.0
2024-11-28,1,climatology,174.6660317460317,195.0
2024-11-28,1,gru,202.45622079641052,195.0
2024-11-28,2,naive,167.0,186.0
2024-11-28,2,naive_carry,167.0,186.0
2024-11-28,2,seasonal_naive_7,208.0,186.0
2024-11-28,2,climatology,179.11269841269842,186.0
2024-11-28,2,gru,223.71577409983763,186.0
2024-11-28,3,naive,167.0,152.0
2024-11-28,3,naive_carry,167.0,152.0
2024-11-28,3,seasonal_naive_7,134.0,152.0
2024-11-28,3,climatology,182.80380952380952,152.0
2024-11-28,3,gru,191.96501805005127,152.0
2024-11-29,1,naive,195.0,186.0
2024-11-29,1,naive_carry,195.0,186.0
2024-11-29,1,seasonal_naive_7,208.0,186.0
2024-11-29,1,climatology,179.11269841269842,186.0
2024-11-29,1,gru,213.70566979423484,186.0
2024-11-29,2,naive,195.0,152.0
2024-11-29,2,naive_carry,195.0,152.0
2024-11-29,2,seasonal_naive_7,134.0,152.0
2024-11-29,2,climatology,182.80380952380952,152.0
2024-11-29,2,gru,225.23672862815337,152.0
2024-11-29,3,naive,195.0,134.0
2024-11-29,3,naive_carry,195.0,134.0
2024-11-29,3,seasonal_naive_7,259.0,134.0
2024-11-29,3,climatology,185.04825396825396,134.0
2024-11-29,3,gru,194.2690920452333,134.0
2024-11-30,1,naive,186.0,152.0
2024-11-30,1,naive_carry,186.0,152.0
2024-11-30,1,seasonal_naive_7,134.0,152.0
2024-11-30,1,climatology,182.80380952380952,152.0
2024-11-30,1,gru,193.7053628439452,152.0
2024-11-30,2,naive,186.0,134.0
2024-11-30,2,naive_carry,186.0,134.0
2024-11-30,2,seasonal_naive_7,259.0,134.0
2024-11-30,2,climatology,185.04825396825396,134.0
2024-11-30,2,gru,216.57949646678946,134.0
2024-11-30,3,naive,186.0,120.0
2024-11-30,3,naive_carry,186.0,120.0
2024-11-30,3,seasonal_naive_7,154.0,120.0
2024-11-30,3,climatology,180.6752380952381,120.0
2024-11-30,3,gru,189.69930304453686,120.0
2024-12-01,1,naive,152.0,134.0
2024-12-01,1,naive_carry,152.0,134.0
2024-12-01,1,seasonal_naive_7,259.0,134.0
2024-12-01,1,climatology,185.04825396825396,134.0
2024-12-01,1,gru,175.94377349667104,134.0
2024-12-01,2,naive,152.0,120.0
2024-12-01,2,naive_carry,152.0,120.0
2024-12-01,2,seasonal_naive_7,154.0,120.0
2024-12-01,2,climatology,180.6752380952381,120.0
2024-12-01,2,gru,206.34852482231497,120.0
2024-12-01,3,naive,152.0,82.3
2024-12-01,3,naive_carry,152.0,82.3
2024-12-01,3,seasonal_naive_7,149.0,82.3
2024-12-01,3,climatology,181.90412698412695,82.3
2024-12-01,3,gru,179.12453473643166,82.3
2024-12-02,1,naive,134.0,120.0
2024-12-02,1,naive_carry,134.0,120.0
2024-12-02,1,seasonal_naive_7,154.0,120.0
2024-12-02,1,climatology,180.6752380952381,120.0
2024-12-02,1,gru,162.30615687068055,120.0
2024-12-02,2,naive,134.0,82.3
2024-12-02,2,naive_carry,134.0,82.3
2024-12-02,2,seasonal_naive_7,149.0,82.3
2024-12-02,2,climatology,181.90412698412695,82.3
2024-12-02,2,gru,193.1632859739255,82.3
2024-12-02,3,naive,134.0,82.6
2024-12-02,3,naive_carry,134.0,82.6
2024-12-02,3,seasonal_naive_7,167.0,82.6
2024-12-02,3,climatology,182.07257142857145,82.6
2024-12-02,3,gru,170.2535166529531,82.6
2024-12-03,1,naive,120.0,82.3
2024-12-03,1,naive_carry,120.0,82.3
2024-12-03,1,seasonal_naive_7,149.0,82.3
2024-12-03,1,climatology,181.90412698412695,82.3
2024-12-03,1,gru,151.4121904566767,82.3
2024-12-03,2,naive,120.0,82.6
2024-12-03,2,naive_carry,120.0,82.6
2024-12-03,2,seasonal_naive_7,167.0,82.6
2024-12-03,2,climatology,182.07257142857145,82.6
2024-12-03,2,gru,180.83193481115518,82.6
2024-12-03,3,naive,120.0,93.9
2024-12-03,3,naive_carry,120.0,93.9
2024-12-03,3,seasonal_naive_7,195.0,93.9
2024-12-03,3,climatology,181.5330476190476,93.9
2024-12-03,3,gru,164.00279998326326,93.9
2024-12-04,1,naive,82.3,82.6
2024-12-04,1,naive_carry,82.3,82.6
2024-12-04,1,seasonal_naive_7,167.0,82.6
2024-12-04,1,climatology,182.07257142857145,82.6
2024-12-04,1,gru,91.21035339976073,82.6
2024-12-04,2,naive,82.3,93.9
2024-12-04,2,naive_carry,82.3,93.9
2024-12-04,2,seasonal_naive_7,195.0,93.9
2024-12-04,2,climatology,181.5330476190476,93.9
2024-12-04,2,gru,138.94259393327886,93.9
2024-12-04,3,naive,82.3,108.0
2024-12-04,3,naive_carry,82.3,108.0
2024-12-04,3,seasonal_naive_7,186.0,108.0
2024-12-04,3,climatology,179.23215873015872,108.0
2024-12-04,3,gru,143.90095548316935,108.0
2024-12-05,1,naive,82.6,93.9
2024-12-05,1,naive_carry,82.6,93.9
2024-12-05,1,seasonal_naive_7,195.0,93.9
2024-12-05,1,climatology,181.5330476190476,93.9
2024-12-05,1,gru,114.52247309024526,93.9
2024-12-05,2,naive,82.6,108.0
2024-12-05,2,naive_carry,82.6,108.0
2024-12-05,2,seasonal_naive_7,186.0,108.0
2024-12-05,2,climatology,179.23215873015872,108.0
2024-12-05,2,gru,161.44250173728022,108.0
2024-12-05,3,naive,82.6,148.0
2024-12-05,3,naive_carry,82.6,148.0
2024-12-05,3,seasonal_naive_7,152.0,148.0
2024-12-05,3,climatology,175.8531111111111,148.0
2024-12-05,3,gru,165.9162902130691,148.0
2024-12-06,1,naive,93.9,108.0
2024-12-06,1,naive_carry,93.9,108.0
2024-12-06,1,seasonal_naive_7,186.0,108.0
2024-12-06,1,climatology,179.23215873015872,108.0
2024-12-06,1,gru,138.80983751917995,108.0
2024-12-06,2,naive,93.9,148.0
2024-12-06,2,naive_carry,93.9,148.0
2024-12-06,2,seasonal_naive_7,152.0,148.0
2024-12-06,2,climatology,175.8531111111111,148.0
2024-12-06,2,gru,175.17297023414014,148.0
2024-12-06,3,naive,93.9,96.1
2024-12-06,3,naive_carry,93.9,96.1
2024-12-06,3,seasonal_naive_7,134.0,96.1
2024-12-06,3,climatology,172.1042222222222,96.1
2024-12-06,3,gru,177.41883690119383,96.1
2024-12-07,1,naive,108.0,148.0
2024-12-07,1,naive_carry,108.0,148.0
2024-12-07,1,seasonal_naive_7,152.0,148.0
2024-12-07,1,climatology,175.8531111111111,148.0
2024-12-07,1,gru,164.41554773158003,148.0
2024-12-07,2,naive,108.0,96.1
2024-12-07,2,naive_carry,108.0,96.1
2024-12-07,2,seasonal_naive_7,134.0,96.1
2024-12-07,2,climatology,172.1042222222222,96.1
2024-12-07,2,gru,185.78436290206818,96.1
2024-12-07,3,naive,108.0,109.0
2024-12-07,3,naive_carry,108.0,109.0
2024-12-07,3,seasonal_naive_7,120.0,109.0
2024-12-07,3,climatology,170.27184126984127,109.0
2024-12-07,3,gru,183.83966618908678,109.0
2024-12-08,1,naive,148.0,96.1
2024-12-08,1,naive_carry,148.0,96.1
2024-12-08,1,seasonal_naive_7,134.0,96.1
2024-12-08,1,climatology,172.1042222222222,96.1
2024-12-08,1,gru,148.54822323980613,96.1
2024-12-08,2,naive,148.0,109.0
2024-12-08,2,naive_carry,148.0,109.0
2024-12-08,2,seasonal_naive_7,120.0,109.0
2024-12-08,2,climatology,170.27184126984127,109.0
2024-12-08,2,gru,180.04504205604664,109.0
2024-12-08,3,naive,148.0,119.0
2024-12-08,3,naive_carry,148.0,119.0
2024-12-08,3,seasonal_naive_7,82.3,119.0
2024-12-08,3,climatology,172.4985079365079,119.0
2024-12-08,3,gru,190.39491211192464,119.0
2024-12-09,1,naive,96.1,109.0
2024-12-09,1,naive_carry,96.1,109.0
2024-12-09,1,seasonal_naive_7,120.0,109.0
2024-12-09,1,climatology,170.27184126984127,109.0
2024-12-09,1,gru,149.4948943200961,109.0
2024-12-09,2,naive,96.1,119.0
2024-12-09,2,naive_carry,96.1,119.0
2024-12-09,2,seasonal_naive_7,82.3,119.0
2024-12-09,2,climatology,172.4985079365079,119.0
2024-12-09,2,gru,184.5379395363506,119.0
2024-12-09,3,naive,96.1,164.0
2024-12-09,3,naive_carry,96.1,164.0
2024-12-09,3,seasonal_naive_7,82.6,164.0
2024-12-09,3,climatology,175.83755555555555,164.0
2024-12-09,3,gru,188.71500966841452,164.0
2024-12-10,1,naive,109.0,119.0
2024-12-10,1,naive_carry,109.0,119.0
2024-12-10,1,seasonal_naive_7,82.3,119.0
2024-12-10,1,climatology,172.4985079365079,119.0
2024-12-10,1,gru,142.47689320440062,119.0
2024-12-10,2,naive,109.0,164.0
2024-12-10,2,naive_carry,109.0,164.0
2024-12-10,2,seasonal_naive_7,82.6,164.0
2024-12-10,2,climatology,175.83755555555555,164.0
2024-12-10,2,gru,184.84220105355593,164.0
2024-12-10,3,naive,109.0,120.0
2024-12-10,3,naive_carry,109.0,120.0
2024-12-10,3,seasonal_naive_7,93.9,120.0
2024-12-10,3,climatology,177.72866666666667,120.0
2024-12-10,3,gru,194.38178556929876,120.0
2024-12-11,1,naive,119.0,164.0
2024-12-11,1,naive_carry,119.0,164.0
2024-12-11,1,seasonal_naive_7,82.6,164.0
2024-12-11,1,climatology,175.83755555555555,164.0
2024-12-11,1,gru,156.93998138073803,164.0
2024-12-11,2,naive,119.0,120.0
2024-12-11,2,naive_carry,119.0,120.0
2024-12-11,2,seasonal_naive_7,93.9,120.0
2024-12-11,2,climatology,177.72866666666667,120.0
2024-12-11,2,gru,190.52064781338942,120.0
2024-12-11,3,naive,119.0,106.0
2024-12-11,3,naive_carry,119.0,106.0
2024-12-11,3,seasonal_naive_7,108.0,106.0
2024-12-11,3,climatology,179.0397777777778,106.0
2024-12-11,3,gru,203.01822026842783,106.0
2024-12-12,1,naive,164.0,120.0
2024-12-12,1,naive_carry,164.0,120.0
2024-12-12,1,seasonal_naive_7,93.9,120.0
2024-12-12,1,climatology,177.72866666666667,120.0
2024-12-12,1,gru,189.4008994883084,120.0
2024-12-12,2,naive,164.0,106.0
2024-12-12,2,naive_carry,164.0,106.0
2024-12-12,2,seasonal_naive_7,108.0,106.0
2024-12-12,2,climatology,179.0397777777778,106.0
2024-12-12,2,gru,212.4676834247296,106.0
2024-12-12,3,naive,164.0,177.0
2024-12-12,3,naive_carry,164.0,177.0
2024-12-12,3,seasonal_naive_7,148.0,177.0
2024-12-12,3,climatology,182.8931111111111,177.0
2024-12-12,3,gru,216.990120722208,177.0
2024-12-13,1,naive,120.0,106.0
2024-12-13,1,naive_carry,120.0,106.0
2024-12-13,1,seasonal_naive_7,108.0,106.0
2024-12-13,1,climatology,179.0397777777778,106.0
2024-12-13,1,gru,137.7414450891238,106.0
2024-12-13,2,naive,120.0,177.0
2024-12-13,2,naive_carry,120.0,177.0
2024-12-13,2,seasonal_naive_7,148.0,177.0
2024-12-13,2,climatology,182.8931111111111,177.0
2024-12-13,2,gru,183.75508268121644,177.0
2024-12-13,3,naive,120.0,267.0
2024-12-13,3,naive_carry,120.0,267.0
2024-12-13,3,seasonal_naive_7,96.1,267.0
2024-12-13,3,climatology,189.6042222222222,267.0
2024-12-13,3,gru,201.8258581794672,267.0
2024-12-14,1,naive,106.0,177.0
2024-12-14,1,naive_carry,106.0,177.0
2024-12-14,1,seasonal_naive_7,148.0,177.0
2024-12-14,1,climatology,182.8931111111111,177.0
2024-12-14,1,gru,150.41868919675082,177.0
2024-12-14,2,naive,106.0,267.0
2024-12-14,2,naive_carry,106.0,267.0
2024-12-14,2,seasonal_naive_7,96.1,267.0
2024-12-14,2,climatology,189.6042222222222,267.0
2024-12-14,2,gru,190.46066225522864,267.0
2024-12-14,3,naive,106.0,298.0
2024-12-14,3,naive_carry,106.0,298.0
2024-12-14,3,seasonal_naive_7,109.0,298.0
2024-12-14,3,climatology,194.41977777777777,298.0
2024-12-14,3,gru,203.77644085992048,298.0
2024-12-15,1,naive,177.0,267.0
2024-12-15,1,naive_carry,177.0,267.0
2024-12-15,1,seasonal_naive_7,96.1,267.0
2024-12-15,1,climatology,189.6042222222222,267.0
2024-12-15,1,gru,266.5994243816544,267.0
2024-12-15,2,naive,177.0,298.0
2024-12-15,2,naive_carry,177.0,298.0
2024-12-15,2,seasonal_naive_7,109.0,298.0
2024-12-15,2,climatology,194.41977777777777,298.0
2024-12-15,2,gru,251.3932770409275,298.0
2024-12-15,3,naive,177.0,373.0
2024-12-15,3,naive_carry,177.0,373.0
2024-12-15,3,seasonal_naive_7,119.0,373.0
2024-12-15,3,climatology,199.04199999999997,373.0
2024-12-15,3,gru,232.85314794464497,373.0
2024-12-16,1,naive,267.0,298.0
2024-12-16,1,naive_carry,267.0,298.0
2024-12-16,1,seasonal_naive_7,109.0,298.0
2024-12-16,1,climatology,194.41977777777777,298.0
2024-12-16,1,gru,288.8328676600466,298.0
2024-12-16,2,naive,267.0,373.0
2024-12-16,2,naive_carry,267.0,373.0
2024-12-16,2,seasonal_naive_7,119.0,373.0
2024-12-16,2,climatology,199.04199999999997,373.0
2024-12-16,2,gru,252.18379604973126,373.0
2024-12-16,3,naive,267.0,299.0
2024-12-16,3,naive_carry,267.0,299.0
2024-12-16,3,seasonal_naive_7,164.0,299.0
2024-12-16,3,climatology,200.87977777777775,299.0
2024-12-16,3,gru,229.28479693036792,299.0
2024-12-17,1,naive,298.0,373.0
2024-12-17,1,naive_carry,298.0,373.0
2024-12-17,1,seasonal_naive_7,119.0,373.0
2024-12-17,1,climatology,199.04199999999997,373.0
2024-12-17,1,gru,285.64379955270084,373.0
2024-12-17,2,naive,298.0,299.0
2024-12-17,2,naive_carry,298.0,299.0
2024-12-17,2,seasonal_naive_7,164.0,299.0
2024-12-17,2,climatology,200.87977777777775,299.0
2024-12-17,2,gru,253.35057055107154,299.0
2024-12-17,3,naive,298.0,332.0
2024-12-17,3,naive_carry,298.0,332.0
2024-12-17,3,seasonal_naive_7,120.0,332.0
2024-12-17,3,climatology,209.2068888888889,332.0
2024-12-17,3,gru,228.18583057509883,332.0
2024-12-18,1,naive,373.0,299.0
2024-12-18,1,naive_carry,373.0,299.0
2024-12-18,1,seasonal_naive_7,164.0,299.0
2024-12-18,1,climatology,200.87977777777775,299.0
2024-12-18,1,gru,327.5259076040133,299.0
2024-12-18,2,naive,373.0,332.0
2024-12-18,2,naive_carry,373.0,332.0
2024-12-18,2,seasonal_naive_7,120.0,332.0
2024-12-18,2,climatology,209.2068888888889,332.0
2024-12-18,2,gru,285.38985865386627,332.0
2024-12-18,3,naive,373.0,226.0
2024-12-18,3,naive_carry,373.0,226.0
2024-12-18,3,seasonal_naive_7,106.0,226.0
2024-12-18,3,climatology,213.9616507936508,226.0
2024-12-18,3,gru,240.60088159227735,226.0
2024-12-19,1,naive,299.0,332.0
2024-12-19,1,naive_carry,299.0,332.0
2024-12-19,1,seasonal_naive_7,120.0,332.0
2024-12-19,1,climatology,209.2068888888889,332.0
2024-12-19,1,gru,287.7781929900808,332.0
2024-12-19,2,naive,299.0,226.0
2024-12-19,2,naive_carry,299.0,226.0
2024-12-19,2,seasonal_naive_7,106.0,226.0
2024-12-19,2,climatology,213.9616507936508,226.0
2024-12-19,2,gru,274.63500704903225,226.0
2024-12-19,3,naive,299.0,286.0
2024-12-19,3,naive_carry,299.0,286.0
2024-12-19,3,seasonal_naive_7,177.0,286.0
2024-12-19,3,climatology,222.4784126984127,286.0
2024-12-19,3,gru,231.93621542499355,286.0
2024-12-20,1,naive,332.0,226.0
2024-12-20,1,naive_carry,332.0,226.0
2024-12-20,1,seasonal_naive_7,106.0,226.0
2024-12-20,1,climatology,213.9616507936508,226.0
2024-12-20,1,gru,315.56955991509835,226.0
2024-12-20,2,naive,332.0,286.0
2024-12-20,2,naive_carry,332.0,286.0
2024-12-20,2,seasonal_naive_7,177.0,286.0
2024-12-20,2,climatology,222.4784126984127,286.0
2024-12-20,2,gru,279.5225760528303,286.0
2024-12-20,3,naive,332.0,275.0
2024-12-20,3,naive_carry,332.0,275.0
2024-12-20,3,seasonal_naive_7,267.0,275.0
2024-12-20,3,climatology,228.01619047619047,275.0
2024-12-20,3,gru,221.24587381307512,275.0
2024-12-21,1,naive,226.0,286.0
2024-12-21,1,naive_carry,226.0,286.0
2024-12-21,1,seasonal_naive_7,177.0,286.0
2024-12-21,1,climatology,222.4784126984127,286.0
2024-12-21,1,gru,237.91079859179763,286.0
2024-12-21,2,naive,226.0,275.0
2024-12-21,2,naive_carry,226.0,275.0
2024-12-21,2,seasonal_naive_7,267.0,275.0
2024-12-21,2,climatology,228.01619047619047,275.0
2024-12-21,2,gru,236.6145614578839,275.0
2024-12-21,3,naive,226.0,191.0
2024-12-21,3,naive_carry,226.0,191.0
2024-12-21,3,seasonal_naive_7,298.0,191.0
2024-12-21,3,climatology,233.8761904761905,191.0
2024-12-21,3,gru,199.07507107592699,191.0
2024-12-22,1,naive,286.0,275.0
2024-12-22,1,naive_carry,286.0,275.0
2024-12-22,1,seasonal_naive_7,267.0,275.0
2024-12-22,1,climatology,228.01619047619047,275.0
2024-12-22,1,gru,266.8389720303596,275.0
2024-12-22,2,naive,286.0,191.0
2024-12-22,2,naive_carry,286.0,191.0
2024-12-22,2,seasonal_naive_7,298.0,191.0
2024-12-22,2,climatology,233.8761904761905,191.0
2024-12-22,2,gru,251.47196307168736,191.0
2024-12-22,3,naive,286.0,212.0
2024-12-22,3,naive_carry,286.0,212.0
2024-12-22,3,seasonal_naive_7,373.0,212.0
2024-12-22,3,climatology,239.69904761904763,212.0
2024-12-22,3,gru,209.15425566452862,212.0
2024-12-23,1,naive,275.0,191.0
2024-12-23,1,naive_carry,275.0,191.0
2024-12-23,1,seasonal_naive_7,298.0,191.0
2024-12-23,1,climatology,233.8761904761905,191.0
2024-12-23,1,gru,239.9961003600293,191.0
2024-12-23,2,naive,275.0,212.0
2024-12-23,2,naive_carry,275.0,212.0
2024-12-23,2,seasonal_naive_7,373.0,212.0
2024-12-23,2,climatology,239.69904761904763,212.0
2024-12-23,2,gru,239.41003797949148,212.0
2024-12-23,3,naive,275.0,210.0
2024-12-23,3,naive_carry,275.0,210.0
2024-12-23,3,seasonal_naive_7,299.0,210.0
2024-12-23,3,climatology,244.1879365079365,210.0
2024-12-23,3,gru,210.18907149033703,210.0
2024-12-24,1,naive,191.0,212.0
2024-12-24,1,naive_carry,191.0,212.0
2024-12-24,1,seasonal_naive_7,373.0,212.0
2024-12-24,1,climatology,239.69904761904763,212.0
2024-12-24,1,gru,219.33283863460008,212.0
2024-12-24,2,naive,191.0,210.0
2024-12-24,2,naive_carry,191.0,210.0
2024-12-24,2,seasonal_naive_7,299.0,210.0
2024-12-24,2,climatology,244.1879365079365,210.0
2024-12-24,2,gru,219.07277304697428,210.0
2024-12-24,3,naive,191.0,149.0
2024-12-24,3,naive_carry,191.0,149.0
2024-12-24,3,seasonal_naive_7,332.0,149.0
2024-12-24,3,climatology,243.73460317460317,149.0
2024-12-24,3,gru,189.83478715126668,149.0
2024-12-25,1,naive,212.0,210.0
2024-12-25,1,naive_carry,212.0,210.0
2024-12-25,1,seasonal_naive_7,299.0,210.0
2024-12-25,1,climatology,244.1879365079365,210.0
2024-12-25,1,gru,219.68163933446456,210.0
2024-12-25,2,naive,212.0,149.0
2024-12-25,2,naive_carry,212.0,149.0
2024-12-25,2,seasonal_naive_7,332.0,149.0
2024-12-25,2,climatology,243.73460317460317,149.0
2024-12-25,2,gru,218.46650424997551,149.0
2024-12-25,3,naive,212.0,91.8
2024-12-25,3,naive_carry,212.0,91.8
2024-12-25,3,seasonal_naive_7,226.0,91.8
2024-12-25,3,climatology,241.96920634920633,91.8
2024-12-25,3,gru,190.95029507412556,91.8
2024-12-26,1,naive,210.0,149.0
2024-12-26,1,naive_carry,210.0,149.0
2024-12-26,1,seasonal_naive_7,332.0,149.0
2024-12-26,1,climatology,243.73460317460317,149.0
2024-12-26,1,gru,220.82236441878322,149.0
2024-12-26,2,naive,210.0,91.8
2024-12-26,2,naive_carry,210.0,91.8
2024-12-26,2,seasonal_naive_7,226.0,91.8
2024-12-26,2,climatology,241.96920634920633,91.8
2024-12-26,2,gru,205.40689363879392,91.8
2024-12-26,3,naive,210.0,109.0
2024-12-26,3,naive_carry,210.0,109.0
2024-12-26,3,seasonal_naive_7,286.0,109.0
2024-12-26,3,climatology,241.29968253968255,109.0
2024-12-26,3,gru,180.29128194884598,109.0
2024-12-27,1,naive,149.0,91.8
2024-12-27,1,naive_carry,149.0,91.8
2024-12-27,1,seasonal_naive_7,226.0,91.8
2024-12-27,1,climatology,241.96920634920633,91.8
2024-12-27,1,gru,158.0588047232171,91.8
2024-12-27,2,naive,149.0,109.0
2024-12-27,2,naive_carry,149.0,109.0
2024-12-27,2,seasonal_naive_7,286.0,109.0
2024-12-27,2,climatology,241.29968253968255,109.0
2024-12-27,2,gru,178.07117181138057,109.0
2024-12-27,3,naive,149.0,116.0
2024-12-27,3,naive_carry,149.0,116.0
2024-12-27,3,seasonal_naive_7,275.0,116.0
2024-12-27,3,climatology,235.85206349206348,116.0
2024-12-27,3,gru,172.66019133575224,116.0
2024-12-28,1,naive,91.8,109.0
2024-12-28,1,naive_carry,91.8,109.0
2024-12-28,1,seasonal_naive_7,286.0,109.0
2024-12-28,1,climatology,241.29968253968255,109.0
2024-12-28,1,gru,120.00278013587103,109.0
2024-12-28,2,naive,91.8,116.0
2024-12-28,2,naive_carry,91.8,116.0
2024-12-28,2,seasonal_naive_7,275.0,116.0
2024-12-28,2,climatology,235.85206349206348,116.0
2024-12-28,2,gru,149.5159566543785,116.0
2024-12-28,3,naive,91.8,183.0
2024-12-28,3,naive_carry,91.8,183.0
2024-12-28,3,seasonal_naive_7,191.0,183.0
2024-12-28,3,climatology,227.51809523809524,183.0
2024-12-28,3,gru,153.94655892908412,183.0
2024-12-29,1,naive,109.0,116.0
2024-12-29,1,naive_carry,109.0,116.0
2024-12-29,1,seasonal_naive_7,275.0,116.0
2024-12-29,1,climatology,235.85206349206348,116.0
2024-12-29,1,gru,118.28280879457945,116.0
2024-12-29,2,naive,109.0,183.0
2024-12-29,2,naive_carry,109.0,183.0
2024-12-29,2,seasonal_naive_7,191.0,183.0
2024-12-29,2,climatology,227.51809523809524,183.0
2024-12-29,2,gru,156.3443780380391,183.0
2024-12-29,3,naive,109.0,210.0
2024-12-29,3,naive_carry,109.0,210.0
2024-12-29,3,seasonal_naive_7,212.0,210.0
2024-12-29,3,climatology,220.09587301587305,210.0
2024-12-29,3,gru,176.76557183721673,210.0
2024-12-30,1,naive,116.0,183.0
2024-12-30,1,naive_carry,116.0,183.0
2024-12-30,1,seasonal_naive_7,191.0,183.0
2024-12-30,1,climatology,227.51809523809524,183.0
2024-12-30,1,gru,152.3199857263203,183.0
2024-12-30,2,naive,116.0,210.0
2024-12-30,2,naive_carry,116.0,210.0
2024-12-30,2,seasonal_naive_7,212.0,210.0
2024-12-30,2,climatology,220.09587301587305,210.0
2024-12-30,2,gru,175.94389153118055,210.0
2024-12-30,3,naive,116.0,199.0
2024-12-30,3,naive_carry,116.0,199.0
2024-12-30,3,seasonal_naive_7,210.0,199.0
2024-12-30,3,climatology,216.3,199.0
2024-12-30,3,gru,203.19875140159343,199.0
2024-12-31,1,naive,183.0,210.0
2024-12-31,1,naive_carry,183.0,210.0
2024-12-31,1,seasonal_naive_7,212.0,210.0
2024-12-31,1,climatology,220.09587301587305,210.0
2024-12-31,1,gru,235.88080156436365,210.0
2024-12-31,2,naive,183.0,199.0
2024-12-31,2,naive_carry,183.0,199.0
2024-12-31,2,seasonal_naive_7,210.0,199.0
2024-12-31,2,climatology,216.3,199.0
2024-12-31,2,gru,217.9254667982181,199.0
2024-12-31,3,naive,183.0,268.0
2024-12-31,3,naive_carry,183.0,268.0
2024-12-31,3,seasonal_naive_7,149.0,268.0
2024-12-31,3,climatology,214.6126984126984,268.0
2024-12-31,3,gru,224.76510231336812,268.0
2025-01-01,1,naive,210.0,199.0
2025-01-01,1,naive_carry,210.0,199.0
2025-01-01,1,seasonal_naive_7,210.0,199.0
2025-01-01,1,climatology,216.3,199.0
2025-01-01,1,gru,200.01033270758936,199.0
2025-01-01,2,naive,210.0,268.0
2025-01-01,2,naive_carry,210.0,268.0
2025-01-01,2,seasonal_naive_7,149.0,268.0
2025-01-01,2,climatology,214.6126984126984,268.0
2025-01-01,2,gru,207.08239930175588,268.0
2025-01-01,3,naive,210.0,275.0
2025-01-01,3,naive_carry,210.0,275.0
2025-01-01,3,seasonal_naive_7,91.8,275.0
2025-01-01,3,climatology,209.7253968253968,275.0
2025-01-01,3,gru,222.46944730338177,275.0
2025-01-02,1,naive,199.0,268.0
2025-01-02,1,naive_carry,199.0,268.0
2025-01-02,1,seasonal_naive_7,149.0,268.0
2025-01-02,1,climatology,214.6126984126984,268.0
2025-01-02,1,gru,220.1730964104143,268.0
2025-01-02,2,naive,199.0,275.0
2025-01-02,2,naive_carry,199.0,275.0
2025-01-02,2,seasonal_naive_7,91.8,275.0
2025-01-02,2,climatology,209.7253968253968,275.0
2025-01-02,2,gru,214.69025277461637,275.0
2025-01-02,3,naive,199.0,237.0
2025-01-02,3,naive_carry,199.0,237.0
2025-01-02,3,seasonal_naive_7,109.0,237.0
2025-01-02,3,climatology,208.85396825396825,237.0
2025-01-02,3,gru,225.36652465234855,237.0
2025-01-03,1,naive,268.0,275.0
2025-01-03,1,naive_carry,268.0,275.0
2025-01-03,1,seasonal_naive_7,91.8,275.0
2025-01-03,1,climatology,209.7253968253968,275.0
2025-01-03,1,gru,294.18878611549394,275.0
2025-01-03,2,naive,268.0,237.0
2025-01-03,2,naive_carry,268.0,237.0
2025-01-03,2,seasonal_naive_7,109.0,237.0
2025-01-03,2,climatology,208.85396825396825,237.0
2025-01-03,2,gru,239.90412753971637,237.0
2025-01-04,1,naive,275.0,237.0
2025-01-04,1,naive_carry,275.0,237.0
2025-01-04,1,seasonal_naive_7,109.0,237.0
2025-01-04,1,climatology,208.85396825396825,237.0
2025-01-04,1,gru,250.82767144831342,237.0
2025-01-05,3,naive,237.0,137.0
2025-01-05,3,naive_carry,237.0,137.0
2025-01-05,3,seasonal_naive_7,210.0,137.0
2025-01-05,3,climatology,207.67142857142855,137.0
2025-01-05,3,gru,202.5395044521848,137.0
2025-01-08,1,naive,137.0,262.0
2025-01-08,1,naive_carry,137.0,262.0
2025-01-08,1,seasonal_naive_7,199.0,262.0
2025-01-08,1,climatology,202.08095238095237,262.0
2025-01-08,1,gru,172.0375265341006,262.0
2025-01-08,2,naive,137.0,255.0
2025-01-08,2,naive_carry,137.0,255.0
2025-01-08,2,seasonal_naive_7,268.0,255.0
2025-01-08,2,climatology,197.0015873015873,255.0
2025-01-08,2,gru,201.91429196272324,255.0
2025-01-08,3,naive,137.0,164.0
2025-01-08,3,naive_carry,137.0,164.0
2025-01-08,3,seasonal_naive_7,275.0,164.0
2025-01-08,3,climatology,193.64603174603175,164.0
2025-01-08,3,gru,204.38375515771435,164.0
2025-01-09,1,naive,262.0,255.0
2025-01-09,1,naive_carry,262.0,255.0
2025-01-09,1,seasonal_naive_7,268.0,255.0
2025-01-09,1,climatology,197.0015873015873,255.0
2025-01-09,1,gru,295.5748751334435,255.0
2025-01-09,2,naive,262.0,164.0
2025-01-09,2,naive_carry,262.0,164.0
2025-01-09,2,seasonal_naive_7,275.0,164.0
2025-01-09,2,climatology,193.64603174603175,164.0
2025-01-09,2,gru,246.54657880769838,164.0
2025-01-09,3,naive,262.0,155.0
2025-01-09,3,naive_carry,262.0,155.0
2025-01-09,3,seasonal_naive_7,237.0,155.0
2025-01-09,3,climatology,195.27650793650795,155.0
2025-01-09,3,gru,221.5736154665464,155.0
2025-01-10,1,naive,255.0,164.0
2025-01-10,1,naive_carry,255.0,164.0
2025-01-10,1,seasonal_naive_7,275.0,164.0
2025-01-10,1,climatology,193.64603174603175,164.0
2025-01-10,1,gru,231.40179421864696,164.0
2025-01-10,2,naive,255.0,155.0
2025-01-10,2,naive_carry,255.0,155.0
2025-01-10,2,seasonal_naive_7,237.0,155.0
2025-01-10,2,climatology,195.27650793650795,155.0
2025-01-10,2,gru,208.47123139784279,155.0
2025-01-11,1,naive,164.0,155.0
2025-01-11,1,naive_carry,164.0,155.0
2025-01-11,1,seasonal_naive_7,237.0,155.0
2025-01-11,1,climatology,195.27650793650795,155.0
2025-01-11,1,gru,174.999883983008,155.0
2025-01-12,3,naive,155.0,264.0
2025-01-12,3,naive_carry,155.0,264.0
2025-01-12,3,seasonal_naive_7,137.0,264.0
2025-01-12,3,climatology,193.55507936507937,264.0
2025-01-12,3,gru,183.28675619660575,264.0
2025-01-13,2,naive,125.0,264.0
2025-01-13,2,naive_carry,125.0,264.0
2025-01-13,2,seasonal_naive_7,137.0,264.0
2025-01-13,2,climatology,193.55507936507937,264.0
2025-01-13,2,gru,148.6773286678758,264.0
2025-01-13,3,naive,125.0,160.0
2025-01-13,3,naive_carry,125.0,160.0
2025-01-13,3,seasonal_naive_7,262.0,160.0
2025-01-13,3,climatology,193.0984126984127,160.0
2025-01-13,3,gru,171.93306532348197,160.0
2025-01-14,1,naive,159.0,264.0
2025-01-14,1,naive_carry,159.0,264.0
2025-01-14,1,seasonal_naive_7,137.0,264.0
2025-01-14,1,climatology,193.55507936507937,264.0
2025-01-14,1,gru,188.49283501754647,264.0
2025-01-14,2,naive,159.0,160.0
2025-01-14,2,naive_carry,159.0,160.0
2025-01-14,2,seasonal_naive_7,262.0,160.0
2025-01-14,2,climatology,193.0984126984127,160.0
2025-01-14,2,gru,174.58456580228807,160.0
2025-01-14,3,naive,159.0,147.0
2025-01-14,3,naive_carry,159.0,147.0
2025-01-14,3,seasonal_naive_7,255.0,147.0
2025-01-14,3,climatology,189.59079365079367,147.0
2025-01-14,3,gru,188.86731678167914,147.0
2025-01-15,1,naive,264.0,160.0
2025-01-15,1,naive_carry,264.0,160.0
2025-01-15,1,seasonal_naive_7,262.0,160.0
2025-01-15,1,climatology,193.0984126984127,160.0
2025-01-15,1,gru,259.0431854507513,160.0
2025-01-15,2,naive,264.0,147.0
2025-01-15,2,naive_carry,264.0,147.0
2025-01-15,2,seasonal_naive_7,255.0,147.0
2025-01-15,2,climatology,189.59079365079367,147.0
2025-01-15,2,gru,209.69273287489943,147.0
2025-01-15,3,naive,264.0,166.0
2025-01-15,3,naive_carry,264.0,166.0
2025-01-15,3,seasonal_naive_7,164.0,166.0
2025-01-15,3,climatology,187.15650793650792,166.0
2025-01-15,3,gru,203.91520201975936,166.0
2025-01-16,1,naive,160.0,147.0
2025-01-16,1,naive_carry,160.0,147.0
2025-01-16,1,seasonal_naive_7,255.0,147.0
2025-01-16,1,climatology,189.59079365079367,147.0
2025-01-16,1,gru,173.83559010045494,147.0
2025-01-16,2,naive,160.0,166.0
2025-01-16,2,naive_carry,160.0,166.0
2025-01-16,2,seasonal_naive_7,164.0,166.0
2025-01-16,2,climatology,187.15650793650792,166.0
2025-01-16,2,gru,164.55840170239475,166.0
2025-01-16,3,naive,160.0,219.0
2025-01-16,3,naive_carry,160.0,219.0
2025-01-16,3,seasonal_naive_7,155.0,219.0
2025-01-16,3,climatology,185.86603174603175,219.0
2025-01-16,3,gru,174.3811072484307,219.0
2025-01-17,1,naive,147.0,166.0
2025-01-17,1,naive_carry,147.0,166.0
2025-01-17,1,seasonal_naive_7,164.0,166.0
2025-01-17,1,climatology,187.15650793650792,166.0
2025-01-17,1,gru,146.82890942847993,166.0
2025-01-17,2,naive,147.0,219.0
2025-01-17,2,naive_carry,147.0,219.0
2025-01-17,2,seasonal_naive_7,155.0,219.0
2025-01-17,2,climatology,185.86603174603175,219.0
2025-01-17,2,gru,155.406266634617,219.0
2025-01-17,3,naive,147.0,169.0
2025-01-17,3,naive_carry,147.0,169.0
2025-01-17,3,seasonal_naive_7,125.0,169.0
2025-01-17,3,climatology,182.6915873015873,169.0
2025-01-17,3,gru,171.05840836661162,169.0
2025-01-18,1,naive,166.0,219.0
2025-01-18,1,naive_carry,166.0,219.0
2025-01-18,1,seasonal_naive_7,155.0,219.0
2025-01-18,1,climatology,185.86603174603175,219.0
2025-01-18,1,gru,186.8212190385087,219.0
2025-01-18,2,naive,166.0,169.0
2025-01-18,2,naive_carry,166.0,169.0
2025-01-18,2,seasonal_naive_7,125.0,169.0
2025-01-18,2,climatology,182.6915873015873,169.0
2025-01-18,2,gru,166.35178131547843,169.0
2025-01-18,3,naive,166.0,136.0
2025-01-18,3,naive_carry,166.0,136.0
2025-01-18,3,seasonal_naive_7,159.0,136.0
2025-01-18,3,climatology,176.8515873015873,136.0
2025-01-18,3,gru,174.32418879879455,136.0
2025-01-19,1,naive,219.0,169.0
2025-01-19,1,naive_carry,219.0,169.0
2025-01-19,1,seasonal_naive_7,125.0,169.0
2025-01-19,1,climatology,182.6915873015873,169.0
2025-01-19,1,gru,204.46831564156764,169.0
2025-01-19,2,naive,219.0,136.0
2025-01-19,2,naive_carry,219.0,136.0
2025-01-19,2,seasonal_naive_7,159.0,136.0
2025-01-19,2,climatology,176.8515873015873,136.0
2025-01-19,2,gru,165.84836025772623,136.0
2025-01-19,3,naive,219.0,124.0
2025-01-19,3,naive_carry,219.0,124.0
2025-01-19,3,seasonal_naive_7,264.0,124.0
2025-01-19,3,climatology,169.80396825396826,124.0
2025-01-19,3,gru,157.13213268408015,124.0
2025-01-20,1,naive,169.0,136.0
2025-01-20,1,naive_carry,169.0,136.0
2025-01-20,1,seasonal_naive_7,159.0,136.0
2025-01-20,1,climatology,176.8515873015873,136.0
2025-01-20,1,gru,136.57100790385175,136.0
2025-01-20,2,naive,169.0,124.0
2025-01-20,2,naive_carry,169.0,124.0
2025-01-20,2,seasonal_naive_7,264.0,124.0
2025-01-20,2,climatology,169.80396825396826,124.0
2025-01-20,2,gru,137.03161637551932,124.0
2025-01-20,3,naive,169.0,111.0
2025-01-20,3,naive_carry,169.0,111.0
2025-01-20,3,seasonal_naive_7,160.0,111.0
2025-01-20,3,climatology,165.29507936507937,111.0
2025-01-20,3,gru,145.13183757023717,111.0
2025-01-21,1,naive,136.0,124.0
2025-01-21,1,naive_carry,136.0,124.0
2025-01-21,1,seasonal_naive_7,264.0,124.0
2025-01-21,1,climatology,169.80396825396826,124.0
2025-01-21,1,gru,144.16865144372025,124.0
2025-01-21,2,naive,136.0,111.0
2025-01-21,2,naive_carry,136.0,111.0
2025-01-21,2,seasonal_naive_7,160.0,111.0
2025-01-21,2,climatology,165.29507936507937,111.0
2025-01-21,2,gru,139.11443511281158,111.0
2025-01-21,3,naive,136.0,90.8
2025-01-21,3,naive_carry,136.0,90.8
2025-01-21,3,seasonal_naive_7,147.0,90.8
2025-01-21,3,climatology,163.0704761904762,90.8
2025-01-21,3,gru,148.72653266662735,90.8
2025-01-22,1,naive,124.0,111.0
2025-01-22,1,naive_carry,124.0,111.0
2025-01-22,1,seasonal_naive_7,160.0,111.0
2025-01-22,1,climatology,165.29507936507937,111.0
2025-01-22,1,gru,157.1040102164496,111.0
2025-01-22,2,naive,124.0,90.8
2025-01-22,2,naive_carry,124.0,90.8
2025-01-22,2,seasonal_naive_7,147.0,90.8
2025-01-22,2,climatology,163.0704761904762,90.8
2025-01-22,2,gru,140.57985678611362,90.8
2025-01-22,3,naive,124.0,71.7
2025-01-22,3,naive_carry,124.0,71.7
2025-01-22,3,seasonal_naive_7,166.0,71.7
2025-01-22,3,climatology,159.13206349206348,71.7
2025-01-22,3,gru,143.46298746020975,71.7
2025-01-23,1,naive,111.0,90.8
2025-01-23,1,naive_carry,111.0,90.8
2025-01-23,1,seasonal_naive_7,147.0,90.8
2025-01-23,1,climatology,163.0704761904762,90.8
2025-01-23,1,gru,118.66453154543422,90.8
2025-01-23,2,naive,111.0,71.7
2025-01-23,2,naive_carry,111.0,71.7
2025-01-23,2,seasonal_naive_7,166.0,71.7
2025-01-23,2,climatology,159.13206349206348,71.7
2025-01-23,2,gru,120.58397878621784,71.7
2025-01-23,3,naive,111.0,86.1
2025-01-23,3,naive_carry,111.0,86.1
2025-01-23,3,seasonal_naive_7,219.0,86.1
2025-01-23,3,climatology,158.3942857142857,86.1
2025-01-23,3,gru,128.6938324823463,86.1
2025-01-24,1,naive,90.8,71.7
2025-01-24,1,naive_carry,90.8,71.7
2025-01-24,1,seasonal_naive_7,166.0,71.7
2025-01-24,1,climatology,159.13206349206348,71.7
2025-01-24,1,gru,93.12454723291938,71.7
2025-01-24,2,naive,90.8,86.1
2025-01-24,2,naive_carry,90.8,86.1
2025-01-24,2,seasonal_naive_7,219.0,86.1
2025-01-24,2,climatology,158.3942857142857,86.1
2025-01-24,2,gru,108.00170600932496,86.1
2025-01-24,3,naive,90.8,113.0
2025-01-24,3,naive_carry,90.8,113.0
2025-01-24,3,seasonal_naive_7,169.0,113.0
2025-01-24,3,climatology,154.57142857142856,113.0
2025-01-24,3,gru,129.91411064441894,113.0
2025-01-25,1,naive,71.7,86.1
2025-01-25,1,naive_carry,71.7,86.1
2025-01-25,1,seasonal_naive_7,219.0,86.1
2025-01-25,1,climatology,158.3942857142857,86.1
2025-01-25,1,gru,98.0015385282982,86.1
2025-01-25,2,naive,71.7,113.0
2025-01-25,2,naive_carry,71.7,113.0
2025-01-25,2,seasonal_naive_7,169.0,113.0
2025-01-25,2,climatology,154.57142857142856,113.0
2025-01-25,2,gru,107.66435512048267,113.0
2025-01-25,3,naive,71.7,116.0
2025-01-25,3,naive_carry,71.7,116.0
2025-01-25,3,seasonal_naive_7,136.0,116.0
2025-01-25,3,climatology,152.19809523809525,116.0
2025-01-25,3,gru,133.0299174038391,116.0
2025-01-26,1,naive,86.1,113.0
2025-01-26,1,naive_carry,86.1,113.0
2025-01-26,1,seasonal_naive_7,169.0,113.0
2025-01-26,1,climatology,154.57142857142856,113.0
2025-01-26,1,gru,121.96837954607834,113.0
2025-01-26,2,naive,86.1,116.0
2025-01-26,2,naive_carry,86.1,116.0
2025-01-26,2,seasonal_naive_7,136.0,116.0
2025-01-26,2,climatology,152.19809523809525,116.0
2025-01-26,2,gru,122.42919878036759,116.0
2025-01-26,3,naive,86.1,231.0
2025-01-26,3,naive_carry,86.1,231.0
2025-01-26,3,seasonal_naive_7,124.0,231.0
2025-01-26,3,climatology,148.94396825396828,231.0
2025-01-26,3,gru,143.56749405624802,231.0
2025-01-27,1,naive,113.0,116.0
2025-01-27,1,naive_carry,113.0,116.0
2025-01-27,1,seasonal_naive_7,136.0,116.0
2025-01-27,1,climatology,152.19809523809525,116.0
2025-01-27,1,gru,133.63628861918485,116.0
2025-01-27,2,naive,113.0,231.0
2025-01-27,2,naive_carry,113.0,231.0
2025-01-27,2,seasonal_naive_7,124.0,231.0
2025-01-27,2,climatology,148.94396825396828,231.0
2025-01-27,2,gru,128.2305733593046,231.0
2025-01-27,3,naive,113.0,180.0
2025-01-27,3,naive_carry,113.0,180.0
2025-01-27,3,seasonal_naive_7,111.0,180.0
2025-01-27,3,climatology,150.03396825396828,180.0
2025-01-27,3,gru,143.6039186255233,180.0
2025-01-28,1,naive,116.0,231.0
2025-01-28,1,naive_carry,116.0,231.0
2025-01-28,1,seasonal_naive_7,124.0,231.0
2025-01-28,1,climatology,148.94396825396828,231.0
2025-01-28,1,gru,128.785441101137,231.0
2025-01-28,2,naive,116.0,180.0
2025-01-28,2,naive_carry,116.0,180.0
2025-01-28,2,seasonal_naive_7,111.0,180.0
2025-01-28,2,climatology,150.03396825396828,180.0
2025-01-28,2,gru,120.42749756921059,180.0
2025-01-28,3,naive,116.0,183.0
2025-01-28,3,naive_carry,116.0,183.0
2025-01-28,3,seasonal_naive_7,90.8,183.0
2025-01-28,3,climatology,147.10619047619048,183.0
2025-01-28,3,gru,134.13289726503018,183.0
2025-01-29,1,naive,231.0,180.0
2025-01-29,1,naive_carry,231.0,180.0
2025-01-29,1,seasonal_naive_7,111.0,180.0
2025-01-29,1,climatology,150.03396825396828,180.0
2025-01-29,1,gru,175.01117293968528,180.0
2025-01-29,2,naive,231.0,183.0
2025-01-29,2,naive_carry,231.0,183.0
2025-01-29,2,seasonal_naive_7,90.8,183.0
2025-01-29,2,climatology,147.10619047619048,183.0
2025-01-29,2,gru,143.37719241337282,183.0
2025-01-29,3,naive,231.0,221.0
2025-01-29,3,naive_carry,231.0,221.0
2025-01-29,3,seasonal_naive_7,71.7,221.0
2025-01-29,3,climatology,146.8852380952381,221.0
2025-01-29,3,gru,139.99142340394715,221.0
2025-01-30,1,naive,180.0,183.0
2025-01-30,1,naive_carry,180.0,183.0
2025-01-30,1,seasonal_naive_7,90.8,183.0
2025-01-30,1,climatology,147.10619047619048,183.0
2025-01-30,1,gru,169.03029371555036,183.0
2025-01-30,2,naive,180.0,221.0
2025-01-30,2,naive_carry,180.0,221.0
2025-01-30,2,seasonal_naive_7,71.7,221.0
2025-01-30,2,climatology,146.8852380952381,221.0
2025-01-30,2,gru,133.6763221841805,221.0
2025-01-30,3,naive,180.0,183.0
2025-01-30,3,naive_carry,180.0,183.0
2025-01-30,3,seasonal_naive_7,86.1,183.0
2025-01-30,3,climatology,146.23971428571429,183.0
2025-01-30,3,gru,134.37533574531483,183.0
2025-01-31,1,naive,183.0,221.0
2025-01-31,1,naive_carry,183.0,221.0
2025-01-31,1,seasonal_naive_7,71.7,221.0
2025-01-31,1,climatology,146.8852380952381,221.0
2025-01-31,1,gru,160.77306079966192,221.0
2025-01-31,2,naive,183.0,183.0
2025-01-31,2,naive_carry,183.0,183.0
2025-01-31,2,seasonal_naive_7,86.1,183.0
2025-01-31,2,climatology,146.23971428571429,183.0
2025-01-31,2,gru,133.70885574683018,183.0
2025-01-31,3,naive,183.0,111.0
2025-01-31,3,naive_carry,183.0,111.0
2025-01-31,3,seasonal_naive_7,113.0,111.0
2025-01-31,3,climatology,145.15038095238094,111.0
2025-01-31,3,gru,129.58688678027414,111.0
2025-02-01,1,naive,221.0,183.0
2025-02-01,1,naive_carry,221.0,183.0
2025-02-01,1,seasonal_naive_7,86.1,183.0
2025-02-01,1,climatology,146.23971428571429,183.0
2025-02-01,1,gru,171.92495073149942,183.0
2025-02-01,2,naive,221.0,111.0
2025-02-01,2,naive_carry,221.0,111.0
2025-02-01,2,seasonal_naive_7,113.0,111.0
2025-02-01,2,climatology,145.15038095238094,111.0
2025-02-01,2,gru,139.94522665010615,111.0
2025-02-01,3,naive,221.0,157.0
2025-02-01,3,naive_carry,221.0,157.0
2025-02-01,3,seasonal_naive_7,116.0,157.0
2025-02-01,3,climatology,147.46215873015873,157.0
2025-02-01,3,gru,132.60199826237283,157.0
2025-02-02,1,naive,183.0,111.0
2025-02-02,1,naive_carry,183.0,111.0
2025-02-02,1,seasonal_naive_7,113.0,111.0
2025-02-02,1,climatology,145.15038095238094,111.0
2025-02-02,1,gru,139.85451253903256,111.0
2025-02-02,2,naive,183.0,157.0
2025-02-02,2,naive_carry,183.0,157.0
2025-02-02,2,seasonal_naive_7,116.0,157.0
2025-02-02,2,climatology,147.46215873015873,157.0
2025-02-02,2,gru,130.93495738854898,157.0
2025-02-02,3,naive,183.0,109.0
2025-02-02,3,naive_carry,183.0,109.0
2025-02-02,3,seasonal_naive_7,231.0,109.0
2025-02-02,3,climatology,148.28715873015875,109.0
2025-02-02,3,gru,136.0595393887467,109.0
2025-02-03,1,naive,111.0,157.0
2025-02-03,1,naive_carry,111.0,157.0
2025-02-03,1,seasonal_naive_7,116.0,157.0
2025-02-03,1,climatology,147.46215873015873,157.0
2025-02-03,1,gru,134.57623868002082,157.0
2025-02-03,2,naive,111.0,109.0
2025-02-03,2,naive_carry,111.0,109.0
2025-02-03,2,seasonal_naive_7,231.0,109.0
2025-02-03,2,climatology,148.28715873015875,109.0
2025-02-03,2,gru,122.5416453251638,109.0
2025-02-03,3,naive,111.0,90.5
2025-02-03,3,naive_carry,111.0,90.5
2025-02-03,3,seasonal_naive_7,180.0,90.5
2025-02-03,3,climatology,146.6031111111111,90.5
2025-02-03,3,gru,131.07246976487014,90.5
2025-02-04,1,naive,157.0,109.0
2025-02-04,1,naive_carry,157.0,109.0
2025-02-04,1,seasonal_naive_7,231.0,109.0
2025-02-04,1,climatology,148.28715873015875,109.0
2025-02-04,1,gru,148.13522841513205,109.0
2025-02-04,2,naive,157.0,90.5
2025-02-04,2,naive_carry,157.0,90.5
2025-02-04,2,seasonal_naive_7,180.0,90.5
2025-02-04,2,climatology,146.6031111111111,90.5
2025-02-04,2,gru,126.2780505345163,90.5
2025-02-04,3,naive,157.0,68.4
2025-02-04,3,naive_carry,157.0,68.4
2025-02-04,3,seasonal_naive_7,183.0,68.4
2025-02-04,3,climatology,144.1231111111111,68.4
2025-02-04,3,gru,119.43278057933767,68.4
2025-02-05,1,naive,109.0,90.5
2025-02-05,1,naive_carry,109.0,90.5
2025-02-05,1,seasonal_naive_7,180.0,90.5
2025-02-05,1,climatology,146.6031111111111,90.5
2025-02-05,1,gru,96.92942972044811,90.5
2025-02-05,2,naive,109.0,68.4
2025-02-05,2,naive_carry,109.0,68.4
2025-02-05,2,seasonal_naive_7,183.0,68.4
2025-02-05,2,climatology,144.1231111111111,68.4
2025-02-05,2,gru,103.31440498615531,68.4
2025-02-05,3,naive,109.0,75.9
2025-02-05,3,naive_carry,109.0,75.9
2025-02-05,3,seasonal_naive_7,221.0,75.9
2025-02-05,3,climatology,140.11666666666667,75.9
2025-02-05,3,gru,117.54895905053577,75.9
2025-02-06,1,naive,90.5,68.4
2025-02-06,1,naive_carry,90.5,68.4
2025-02-06,1,seasonal_naive_7,183.0,68.4
2025-02-06,1,climatology,144.1231111111111,68.4
2025-02-06,1,gru,93.45264613320728,68.4
2025-02-06,2,naive,90.5,75.9
2025-02-06,2,naive_carry,90.5,75.9
2025-02-06,2,seasonal_naive_7,221.0,75.9
2025-02-06,2,climatology,140.11666666666667,75.9
2025-02-06,2,gru,102.19257873147889,75.9
2025-02-06,3,naive,90.5,108.0
2025-02-06,3,naive_carry,90.5,108.0
2025-02-06,3,seasonal_naive_7,183.0,108.0
2025-02-06,3,climatology,139.51222222222222,108.0
2025-02-06,3,gru,122.65532097076226,108.0
2025-02-07,1,naive,68.4,75.9
2025-02-07,1,naive_carry,68.4,75.9
2025-02-07,1,seasonal_naive_7,221.0,75.9
2025-02-07,1,climatology,140.11666666666667,75.9
2025-02-07,1,gru,84.68495556139034,75.9
2025-02-07,2,naive,68.4,108.0
2025-02-07,2,naive_carry,68.4,108.0
2025-02-07,2,seasonal_naive_7,183.0,108.0
2025-02-07,2,climatology,139.51222222222222,108.0
2025-02-07,2,gru,96.69428560942843,108.0
2025-02-07,3,naive,68.4,127.0
2025-02-07,3,naive_carry,68.4,127.0
2025-02-07,3,seasonal_naive_7,111.0,127.0
2025-02-07,3,climatology,136.12722222222223,127.0
2025-02-07,3,gru,122.23027264139999,127.0
2025-02-08,1,naive,75.9,108.0
2025-02-08,1,naive_carry,75.9,108.0
2025-02-08,1,seasonal_naive_7,183.0,108.0
2025-02-08,1,climatology,139.51222222222222,108.0
2025-02-08,1,gru,111.36794463651063,108.0
2025-02-08,2,naive,75.9,127.0
2025-02-08,2,naive_carry,75.9,127.0
2025-02-08,2,seasonal_naive_7,111.0,127.0
2025-02-08,2,climatology,136.12722222222223,127.0
2025-02-08,2,gru,107.62553259065113,127.0
2025-02-08,3,naive,75.9,120.0
2025-02-08,3,naive_carry,75.9,120.0
2025-02-08,3,seasonal_naive_7,157.0,120.0
2025-02-08,3,climatology,133.1238888888889,120.0
2025-02-08,3,gru,123.5576638492104,120.0
2025-02-09,1,naive,108.0,127.0
2025-02-09,1,naive_carry,108.0,127.0
2025-02-09,1,seasonal_naive_7,111.0,127.0
2025-02-09,1,climatology,136.12722222222223,127.0
2025-02-09,1,gru,131.20476150089087,127.0
2025-02-09,2,naive,108.0,120.0
2025-02-09,2,naive_carry,108.0,120.0
2025-02-09,2,seasonal_naive_7,157.0,120.0
2025-02-09,2,climatology,133.1238888888889,120.0
2025-02-09,2,gru,115.8618049742505,120.0
2025-02-09,3,naive,108.0,78.3
2025-02-09,3,naive_carry,108.0,78.3
2025-02-09,3,seasonal_naive_7,109.0,78.3
2025-02-09,3,climatology,131.14833333333334,78.3
2025-02-09,3,gru,114.87940010493486,78.3
2025-02-10,1,naive,127.0,120.0
2025-02-10,1,naive_carry,127.0,120.0
2025-02-10,1,seasonal_naive_7,157.0,120.0
2025-02-10,1,climatology,133.1238888888889,120.0
2025-02-10,1,gru,113.1985188413855,120.0
2025-02-10,2,naive,127.0,78.3
2025-02-10,2,naive_carry,127.0,78.3
2025-02-10,2,seasonal_naive_7,109.0,78.3
2025-02-10,2,climatology,131.14833333333334,78.3
2025-02-10,2,gru,101.45388141537232,78.3
2025-02-10,3,naive,127.0,57.5
2025-02-10,3,naive_carry,127.0,57.5
2025-02-10,3,seasonal_naive_7,90.5,57.5
2025-02-10,3,climatology,128.48944444444444,57.5
2025-02-10,3,gru,99.05678150049592,57.5
2025-02-11,1,naive,120.0,78.3
2025-02-11,1,naive_carry,120.0,78.3
2025-02-11,1,seasonal_naive_7,109.0,78.3
2025-02-11,1,climatology,131.14833333333334,78.3
2025-02-11,1,gru,112.49496315520379,78.3
2025-02-11,2,naive,120.0,57.5
2025-02-11,2,naive_carry,120.0,57.5
2025-02-11,2,seasonal_naive_7,90.5,57.5
2025-02-11,2,climatology,128.48944444444444,57.5
2025-02-11,2,gru,95.27542222674025,57.5
2025-02-11,3,naive,120.0,62.4
2025-02-11,3,naive_carry,120.0,62.4
2025-02-11,3,seasonal_naive_7,68.4,62.4
2025-02-11,3,climatology,119.65166666666669,62.4
2025-02-11,3,gru,93.87056507723626,62.4
2025-02-12,1,naive,78.3,57.5
2025-02-12,1,naive_carry,78.3,57.5
2025-02-12,1,seasonal_naive_7,90.5,57.5
2025-02-12,1,climatology,128.48944444444444,57.5
2025-02-12,1,gru,63.65449264389975,57.5
2025-02-12,2,naive,78.3,62.4
2025-02-12,2,naive_carry,78.3,62.4
2025-02-12,2,seasonal_naive_7,68.4,62.4
2025-02-12,2,climatology,119.65166666666669,62.4
2025-02-12,2,gru,75.99552912621265,62.4
2025-02-12,3,naive,78.3,87.0
2025-02-12,3,naive_carry,78.3,87.0
2025-02-12,3,seasonal_naive_7,75.9,87.0
2025-02-12,3,climatology,117.7338888888889,87.0
2025-02-12,3,gru,90.89471139772894,87.0
2025-02-13,1,naive,57.5,62.4
2025-02-13,1,naive_carry,57.5,62.4
2025-02-13,1,seasonal_naive_7,68.4,62.4
2025-02-13,1,climatology,119.65166666666669,62.4
2025-02-13,1,gru,74.00421021035872,62.4
2025-02-13,2,naive,57.5,87.0
2025-02-13,2,naive_carry,57.5,87.0
2025-02-13,2,seasonal_naive_7,75.9,87.0
2025-02-13,2,climatology,117.7338888888889,87.0
2025-02-13,2,gru,80.90150204451083,87.0
2025-02-13,3,naive,57.5,146.0
2025-02-13,3,naive_carry,57.5,146.0
2025-02-13,3,seasonal_naive_7,108.0,146.0
2025-02-13,3,climatology,113.85222222222224,146.0
2025-02-13,3,gru,98.00794157953007,146.0
2025-02-14,1,naive,62.4,87.0
2025-02-14,1,naive_carry,62.4,87.0
2025-02-14,1,seasonal_naive_7,75.9,87.0
2025-02-14,1,climatology,117.7338888888889,87.0
2025-02-14,1,gru,78.92229674874068,87.0
2025-02-14,2,naive,62.4,146.0
2025-02-14,2,naive_carry,62.4,146.0
2025-02-14,2,seasonal_naive_7,108.0,146.0
2025-02-14,2,climatology,113.85222222222224,146.0
2025-02-14,2,gru,86.30508701976518,146.0
2025-02-14,3,naive,62.4,92.4
2025-02-14,3,naive_carry,62.4,92.4
2025-02-14,3,seasonal_naive_7,127.0,92.4
2025-02-14,3,climatology,111.02155555555557,92.4
2025-02-14,3,gru,103.4244278710512,92.4
2025-02-15,1,naive,87.0,146.0
2025-02-15,1,naive_carry,87.0,146.0
2025-02-15,1,seasonal_naive_7,108.0,146.0
2025-02-15,1,climatology,113.85222222222224,146.0
2025-02-15,1,gru,123.04408982969592,146.0
2025-02-15,2,naive,87.0,92.4
2025-02-15,2,naive_carry,87.0,92.4
2025-02-15,2,seasonal_naive_7,127.0,92.4
2025-02-15,2,climatology,111.02155555555557,92.4
2025-02-15,2,gru,104.34282950313994,92.4
2025-02-15,3,naive,87.0,81.9
2025-02-15,3,naive_carry,87.0,81.9
2025-02-15,3,seasonal_naive_7,120.0,81.9
2025-02-15,3,climatology,110.41755555555557,81.9
2025-02-15,3,gru,102.49926179897697,81.9
2025-02-16,1,naive,146.0,92.4
2025-02-16,1,naive_carry,146.0,92.4
2025-02-16,1,seasonal_naive_7,127.0,92.4
2025-02-16,1,climatology,111.02155555555557,92.4
2025-02-16,1,gru,121.7054642698555,92.4
2025-02-16,2,naive,146.0,81.9
2025-02-16,2,naive_carry,146.0,81.9
2025-02-16,2,seasonal_naive_7,120.0,81.9
2025-02-16,2,climatology,110.41755555555557,81.9
2025-02-16,2,gru,103.36513102665613,81.9
2025-02-16,3,naive,146.0,76.6
2025-02-16,3,naive_carry,146.0,76.6
2025-02-16,3,seasonal_naive_7,78.3,76.6
2025-02-16,3,climatology,106.06355555555557,76.6
2025-02-16,3,gru,90.39663111002307,76.6
2025-02-17,1,naive,92.4,81.9
2025-02-17,1,naive_carry,92.4,81.9
2025-02-17,1,seasonal_naive_7,120.0,81.9
2025-02-17,1,climatology,110.41755555555557,81.9
2025-02-17,1,gru,91.80055807150205,81.9
2025-02-17,2,naive,92.4,76.6
2025-02-17,2,naive_carry,92.4,76.6
2025-02-17,2,seasonal_naive_7,78.3,76.6
2025-02-17,2,climatology,106.06355555555557,76.6
2025-02-17,2,gru,81.38637963066707,76.6
2025-02-17,3,naive,92.4,53.5
2025-02-17,3,naive_carry,92.4,53.5
2025-02-17,3,seasonal_naive_7,57.5,53.5
2025-02-17,3,climatology,101.38522222222224,53.5
2025-02-17,3,gru,81.3051391698932,53.5
2025-02-18,1,naive,81.9,76.6
2025-02-18,1,naive_carry,81.9,76.6
2025-02-18,1,seasonal_naive_7,78.3,76.6
2025-02-18,1,climatology,106.06355555555557,76.6
2025-02-18,1,gru,78.85431803725028,76.6
2025-02-18,2,naive,81.9,53.5
2025-02-18,2,naive_carry,81.9,53.5
2025-02-18,2,seasonal_naive_7,57.5,53.5
2025-02-18,2,climatology,101.38522222222224,53.5
2025-02-18,2,gru,75.83589175566493,53.5
2025-02-18,3,naive,81.9,83.9
2025-02-18,3,naive_carry,81.9,83.9
2025-02-18,3,seasonal_naive_7,62.4,83.9
2025-02-18,3,climatology,97.47244444444443,83.9
2025-02-18,3,gru,79.9744724646384,83.9
2025-02-19,1,naive,76.6,53.5
2025-02-19,1,naive_carry,76.6,53.5
2025-02-19,1,seasonal_naive_7,57.5,53.5
2025-02-19,1,climatology,101.38522222222224,53.5
2025-02-19,1,gru,79.42127901643676,53.5
2025-02-19,2,naive,76.6,83.9
2025-02-19,2,naive_carry,76.6,83.9
2025-02-19,2,seasonal_naive_7,62.4,83.9
2025-02-19,2,climatology,97.47244444444443,83.9
2025-02-19,2,gru,75.5390056528135,83.9
2025-02-19,3,naive,76.6,63.2
2025-02-19,3,naive_carry,76.6,63.2
2025-02-19,3,seasonal_naive_7,87.0,63.2
2025-02-19,3,climatology,95.99466666666667,63.2
2025-02-19,3,gru,79.43217359832855,63.2
2025-02-20,1,naive,53.5,83.9
2025-02-20,1,naive_carry,53.5,83.9
2025-02-20,1,seasonal_naive_7,62.4,83.9
2025-02-20,1,climatology,97.47244444444443,83.9
2025-02-20,1,gru,53.59633135160085,83.9
2025-02-20,2,naive,53.5,63.2
2025-02-20,2,naive_carry,53.5,63.2
2025-02-20,2,seasonal_naive_7,87.0,63.2
2025-02-20,2,climatology,95.99466666666667,63.2
2025-02-20,2,gru,60.01080444541048,63.2
2025-02-20,3,naive,53.5,66.6
2025-02-20,3,naive_carry,53.5,66.6
2025-02-20,3,seasonal_naive_7,146.0,66.6
2025-02-20,3,climatology,95.10166666666667,66.6
2025-02-20,3,gru,67.8522272788617,66.6
2025-02-21,1,naive,83.9,63.2
2025-02-21,1,naive_carry,83.9,63.2
2025-02-21,1,seasonal_naive_7,87.0,63.2
2025-02-21,1,climatology,95.99466666666667,63.2
2025-02-21,1,gru,95.41945112180133,63.2
2025-02-21,2,naive,83.9,66.6
2025-02-21,2,naive_carry,83.9,66.6
2025-02-21,2,seasonal_naive_7,146.0,66.6
2025-02-21,2,climatology,95.10166666666667,66.6
2025-02-21,2,gru,84.07748657149197,66.6
2025-02-21,3,naive,83.9,84.0
2025-02-21,3,naive_carry,83.9,84.0
2025-02-21,3,seasonal_naive_7,92.4,84.0
2025-02-21,3,climatology,90.67055555555557,84.0
2025-02-21,3,gru,82.48788717797157,84.0
2025-02-22,1,naive,63.2,66.6
2025-02-22,1,naive_carry,63.2,66.6
2025-02-22,1,seasonal_naive_7,146.0,66.6
2025-02-22,1,climatology,95.10166666666667,66.6
2025-02-22,1,gru,63.66518249695328,66.6
2025-02-22,2,naive,63.2,84.0
2025-02-22,2,naive_carry,63.2,84.0
2025-02-22,2,seasonal_naive_7,92.4,84.0
2025-02-22,2,climatology,90.67055555555557,84.0
2025-02-22,2,gru,70.60425496544966,84.0
2025-02-22,3,naive,63.2,87.7
2025-02-22,3,naive_carry,63.2,87.7
2025-02-22,3,seasonal_naive_7,81.9,87.7
2025-02-22,3,climatology,86.78444444444445,87.7
2025-02-22,3,gru,75.36680190928209,87.7
2025-02-23,1,naive,66.6,84.0
2025-02-23,1,naive_carry,66.6,84.0
2025-02-23,1,seasonal_naive_7,92.4,84.0
2025-02-23,1,climatology,90.67055555555557,84.0
2025-02-23,1,gru,82.26585601144782,84.0
2025-02-23,2,naive,66.6,87.7
2025-02-23,2,naive_carry,66.6,87.7
2025-02-23,2,seasonal_naive_7,81.9,87.7
2025-02-23,2,climatology,86.78444444444445,87.7
2025-02-23,2,gru,78.2320160212673,87.7
2025-02-23,3,naive,66.6,108.0
2025-02-23,3,naive_carry,66.6,108.0
2025-02-23,3,seasonal_naive_7,76.6,108.0
2025-02-23,3,climatology,83.73777777777778,108.0
2025-02-23,3,gru,79.18294790490616,108.0
2025-02-24,1,naive,84.0,87.7
2025-02-24,1,naive_carry,84.0,87.7
2025-02-24,1,seasonal_naive_7,81.9,87.7
2025-02-24,1,climatology,86.78444444444445,87.7
2025-02-24,1,gru,87.56879323351694,87.7
2025-02-24,2,naive,84.0,108.0
2025-02-24,2,naive_carry,84.0,108.0
2025-02-24,2,seasonal_naive_7,76.6,108.0
2025-02-24,2,climatology,83.73777777777778,108.0
2025-02-24,2,gru,80.09043883319542,108.0
2025-02-24,3,naive,84.0,63.0
2025-02-24,3,naive_carry,84.0,63.0
2025-02-24,3,seasonal_naive_7,53.5,63.0
2025-02-24,3,climatology,81.99333333333334,63.0
2025-02-24,3,gru,76.14025396324917,63.0
2025-02-25,1,naive,87.7,108.0
2025-02-25,1,naive_carry,87.7,108.0
2025-02-25,1,seasonal_naive_7,76.6,108.0
2025-02-25,1,climatology,83.73777777777778,108.0
2025-02-25,1,gru,82.75260499155866,108.0
2025-02-25,2,naive,87.7,63.0
2025-02-25,2,naive_carry,87.7,63.0
2025-02-25,2,seasonal_naive_7,53.5,63.0
2025-02-25,2,climatology,81.99333333333334,63.0
2025-02-25,2,gru,74.56880143740487,63.0
2025-02-25,3,naive,87.7,52.8
2025-02-25,3,naive_carry,87.7,52.8
2025-02-25,3,seasonal_naive_7,83.9,52.8
2025-02-25,3,climatology,80.55444444444444,52.8
2025-02-25,3,gru,70.04368001813324,52.8
2025-02-26,1,naive,108.0,63.0
2025-02-26,1,naive_carry,108.0,63.0
2025-02-26,1,seasonal_naive_7,53.5,63.0
2025-02-26,1,climatology,81.99333333333334,63.0
2025-02-26,1,gru,89.0656766833434,63.0
2025-02-26,2,naive,108.0,52.8
2025-02-26,2,naive_carry,108.0,52.8
2025-02-26,2,seasonal_naive_7,83.9,52.8
2025-02-26,2,climatology,80.55444444444444,52.8
2025-02-26,2,gru,74.86451575314369,52.8
2025-02-26,3,naive,108.0,58.1
2025-02-26,3,naive_carry,108.0,58.1
2025-02-26,3,seasonal_naive_7,63.2,58.1
2025-02-26,3,climatology,80.95055555555555,58.1
2025-02-26,3,gru,67.61529349685567,58.1
2025-02-27,1,naive,63.0,52.8
2025-02-27,1,naive_carry,63.0,52.8
2025-02-27,1,seasonal_naive_7,83.9,52.8
2025-02-27,1,climatology,80.55444444444444,52.8
2025-02-27,1,gru,59.09264128377896,52.8
2025-02-27,2,naive,63.0,58.1
2025-02-27,2,naive_carry,63.0,58.1
2025-02-27,2,seasonal_naive_7,63.2,58.1
2025-02-27,2,climatology,80.95055555555555,58.1
2025-02-27,2,gru,61.942920360050756,58.1
2025-02-27,3,naive,63.0,44.5
2025-02-27,3,naive_carry,63.0,44.5
2025-02-27,3,seasonal_naive_7,66.6,44.5
2025-02-27,3,climatology,80.87944444444445,44.5
2025-02-27,3,gru,62.87225739827341,44.5
2025-02-28,1,naive,52.8,58.1
2025-02-28,1,naive_carry,52.8,58.1
2025-02-28,1,seasonal_naive_7,63.2,58.1
2025-02-28,1,climatology,80.95055555555555,58.1
2025-02-28,1,gru,57.32879481271104,58.1
2025-02-28,2,naive,52.8,44.5
2025-02-28,2,naive_carry,52.8,44.5
2025-02-28,2,seasonal_naive_7,66.6,44.5
2025-02-28,2,climatology,80.87944444444445,44.5
2025-02-28,2,gru,62.309733199797726,44.5
2025-02-28,3,naive,52.8,60.0
2025-02-28,3,naive_carry,52.8,60.0
2025-02-28,3,seasonal_naive_7,84.0,60.0
2025-02-28,3,climatology,78.92444444444443,60.0
2025-02-28,3,gru,67.8534185169391,60.0
2025-03-01,1,naive,58.1,44.5
2025-03-01,1,naive_carry,58.1,44.5
2025-03-01,1,seasonal_naive_7,66.6,44.5
2025-03-01,1,climatology,80.87944444444445,44.5
2025-03-01,1,gru,70.50430783903461,44.5
2025-03-01,2,naive,58.1,60.0
2025-03-01,2,naive_carry,58.1,60.0
2025-03-01,2,seasonal_naive_7,84.0,60.0
2025-03-01,2,climatology,78.92444444444443,60.0
2025-03-01,2,gru,67.09689059785454,60.0
2025-03-01,3,naive,58.1,49.3
2025-03-01,3,naive_carry,58.1,49.3
2025-03-01,3,seasonal_naive_7,87.7,49.3
2025-03-01,3,climatology,78.64577777777778,49.3
2025-03-01,3,gru,67.45580124321516,49.3
2025-03-02,1,naive,44.5,60.0
2025-03-02,1,naive_carry,44.5,60.0
2025-03-02,1,seasonal_naive_7,84.0,60.0
2025-03-02,1,climatology,78.92444444444443,60.0
2025-03-02,1,gru,50.11828912758338,60.0
2025-03-02,2,naive,44.5,49.3
2025-03-02,2,naive_carry,44.5,49.3
2025-03-02,2,seasonal_naive_7,87.7,49.3
2025-03-02,2,climatology,78.64577777777778,49.3
2025-03-02,2,gru,57.288989829329864,49.3
2025-03-02,3,naive,44.5,30.5
2025-03-02,3,naive_carry,44.5,30.5
2025-03-02,3,seasonal_naive_7,108.0,30.5
2025-03-02,3,climatology,75.04711111111111,30.5
2025-03-02,3,gru,60.02039488291103,30.5
2025-03-03,1,naive,60.0,49.3
2025-03-03,1,naive_carry,60.0,49.3
2025-03-03,1,seasonal_naive_7,87.7,49.3
2025-03-03,1,climatology,78.64577777777778,49.3
2025-03-03,1,gru,68.0030689484192,49.3
2025-03-03,2,naive,60.0,30.5
2025-03-03,2,naive_carry,60.0,30.5
2025-03-03,2,seasonal_naive_7,108.0,30.5
2025-03-03,2,climatology,75.04711111111111,30.5
2025-03-03,2,gru,65.09207383194622,30.5
2025-03-03,3,naive,60.0,47.1
2025-03-03,3,naive_carry,60.0,47.1
2025-03-03,3,seasonal_naive_7,63.0,47.1
2025-03-03,3,climatology,71.90544444444444,47.1
2025-03-03,3,gru,62.7162975946531,47.1
2025-03-04,1,naive,49.3,30.5
2025-03-04,1,naive_carry,49.3,30.5
2025-03-04,1,seasonal_naive_7,108.0,30.5
2025-03-04,1,climatology,75.04711111111111,30.5
2025-03-04,1,gru,44.065508952131275,30.5
2025-03-04,2,naive,49.3,47.1
2025-03-04,2,naive_carry,49.3,47.1
2025-03-04,2,seasonal_naive_7,63.0,47.1
2025-03-04,2,climatology,71.90544444444444,47.1
2025-03-04,2,gru,51.524241511654175,47.1
2025-03-04,3,naive,49.3,91.4
2025-03-04,3,naive_carry,49.3,91.4
2025-03-04,3,seasonal_naive_7,52.8,91.4
2025-03-04,3,climatology,71.45544444444445,91.4
2025-03-04,3,gru,54.07451094986225,91.4
2025-03-05,1,naive,30.5,47.1
2025-03-05,1,naive_carry,30.5,47.1
2025-03-05,1,seasonal_naive_7,63.0,47.1
2025-03-05,1,climatology,71.90544444444444,47.1
2025-03-05,1,gru,35.08499821291337,47.1
2025-03-05,2,naive,30.5,91.4
2025-03-05,2,naive_carry,30.5,91.4
2025-03-05,2,seasonal_naive_7,52.8,91.4
2025-03-05,2,climatology,71.45544444444445,91.4
2025-03-05,2,gru,48.19847284230007,91.4
2025-03-05,3,naive,30.5,67.6
2025-03-05,3,naive_carry,30.5,67.6
2025-03-05,3,seasonal_naive_7,58.1,67.6
2025-03-05,3,climatology,72.98655555555555,67.6
2025-03-05,3,gru,56.71768712840491,67.6
2025-03-06,1,naive,47.1,91.4
2025-03-06,1,naive_carry,47.1,91.4
2025-03-06,1,seasonal_naive_7,52.8,91.4
2025-03-06,1,climatology,71.45544444444445,91.4
2025-03-06,1,gru,70.84506776356692,91.4
2025-03-06,2,naive,47.1,67.6
2025-03-06,2,naive_carry,47.1,67.6
2025-03-06,2,seasonal_naive_7,58.1,67.6
2025-03-06,2,climatology,72.98655555555555,67.6
2025-03-06,2,gru,77.21501017641324,67.6
2025-03-06,3,naive,47.1,81.9
2025-03-06,3,naive_carry,47.1,81.9
2025-03-06,3,seasonal_naive_7,44.5,81.9
2025-03-06,3,climatology,73.89155555555557,81.9
2025-03-06,3,gru,76.08945821050423,81.9
2025-03-07,1,naive,91.4,67.6
2025-03-07,1,naive_carry,91.4,67.6
2025-03-07,1,seasonal_naive_7,58.1,67.6
2025-03-07,1,climatology,72.98655555555555,67.6
2025-03-07,1,gru,98.20049161946784,67.6
2025-03-07,2,naive,91.4,81.9
2025-03-07,2,naive_carry,91.4,81.9
2025-03-07,2,seasonal_naive_7,44.5,81.9
2025-03-07,2,climatology,73.89155555555557,81.9
2025-03-07,2,gru,92.90797530136584,81.9
2025-03-07,3,naive,91.4,88.6
2025-03-07,3,naive_carry,91.4,88.6
2025-03-07,3,seasonal_naive_7,60.0,88.6
2025-03-07,3,climatology,74.99322222222222,88.6
2025-03-07,3,gru,76.551941024563,88.6
2025-03-08,1,naive,67.6,81.9
2025-03-08,1,naive_carry,67.6,81.9
2025-03-08,1,seasonal_naive_7,44.5,81.9
2025-03-08,1,climatology,73.89155555555557,81.9
2025-03-08,1,gru,70.33172053744796,81.9
2025-03-08,2,naive,67.6,88.6
2025-03-08,2,naive_carry,67.6,88.6
2025-03-08,2,seasonal_naive_7,60.0,88.6
2025-03-08,2,climatology,74.99322222222222,88.6
2025-03-08,2,gru,69.96441799741835,88.6
2025-03-08,3,naive,67.6,100.0
2025-03-08,3,naive_carry,67.6,100.0
2025-03-08,3,seasonal_naive_7,49.3,100.0
2025-03-08,3,climatology,76.263,100.0
2025-03-08,3,gru,63.03983459139025,100.0
2025-03-09,1,naive,81.9,88.6
2025-03-09,1,naive_carry,81.9,88.6
2025-03-09,1,seasonal_naive_7,60.0,88.6
2025-03-09,1,climatology,74.99322222222222,88.6
2025-03-09,1,gru,84.63941293550306,88.6
2025-03-09,2,naive,81.9,100.0
2025-03-09,2,naive_carry,81.9,100.0
2025-03-09,2,seasonal_naive_7,49.3,100.0
2025-03-09,2,climatology,76.263,100.0
2025-03-09,2,gru,75.26238567224483,100.0
2025-03-09,3,naive,81.9,96.0
2025-03-09,3,naive_carry,81.9,96.0
2025-03-09,3,seasonal_naive_7,30.5,96.0
2025-03-09,3,climatology,77.07744444444445,96.0
2025-03-09,3,gru,66.34214066034694,96.0
2025-03-10,1,naive,88.6,100.0
2025-03-10,1,naive_carry,88.6,100.0
2025-03-10,1,seasonal_naive_7,49.3,100.0
2025-03-10,1,climatology,76.263,100.0
2025-03-10,1,gru,76.7090861388397,100.0
2025-03-10,2,naive,88.6,96.0
2025-03-10,2,naive_carry,88.6,96.0
2025-03-10,2,seasonal_naive_7,30.5,96.0
2025-03-10,2,climatology,77.07744444444445,96.0
2025-03-10,2,gru,70.06202361037123,96.0
2025-03-10,3,naive,88.6,78.8
2025-03-10,3,naive_carry,88.6,78.8
2025-03-10,3,seasonal_naive_7,47.1,78.8
2025-03-10,3,climatology,78.70839682539683,78.8
2025-03-10,3,gru,63.75433865474995,78.8
2025-03-11,1,naive,100.0,96.0
2025-03-11,1,naive_carry,100.0,96.0
2025-03-11,1,seasonal_naive_7,30.5,96.0
2025-03-11,1,climatology,77.07744444444445,96.0
2025-03-11,1,gru,88.22306769205855,96.0
2025-03-11,2,naive,100.0,78.8
2025-03-11,2,naive_carry,100.0,78.8
2025-03-11,2,seasonal_naive_7,47.1,78.8
2025-03-11,2,climatology,78.70839682539683,78.8
2025-03-11,2,gru,76.11969505758798,78.8
2025-03-11,3,naive,100.0,71.8
2025-03-11,3,naive_carry,100.0,71.8
2025-03-11,3,seasonal_naive_7,91.4,71.8
2025-03-11,3,climatology,81.74706349206349,71.8
2025-03-11,3,gru,67.2845878212334,71.8
2025-03-12,1,naive,96.0,78.8
2025-03-12,1,naive_carry,96.0,78.8
2025-03-12,1,seasonal_naive_7,47.1,78.8
2025-03-12,1,climatology,78.70839682539683,78.8
2025-03-12,1,gru,73.45520115626158,78.8
2025-03-12,2,naive,96.0,71.8
2025-03-12,2,naive_carry,96.0,71.8
2025-03-12,2,seasonal_naive_7,91.4,71.8
2025-03-12,2,climatology,81.74706349206349,71.8
2025-03-12,2,gru,71.37860604194297,71.8
2025-03-12,3,naive,96.0,26.5
2025-03-12,3,naive_carry,96.0,26.5
2025-03-12,3,seasonal_naive_7,67.6,26.5
2025-03-12,3,climatology,81.42595238095238,26.5
2025-03-12,3,gru,69.21586660454086,26.5
2025-03-13,1,naive,78.8,71.8
2025-03-13,1,naive_carry,78.8,71.8
2025-03-13,1,seasonal_naive_7,91.4,71.8
2025-03-13,1,climatology,81.74706349206349,71.8
2025-03-13,1,gru,78.3126218424745,71.8
2025-03-13,2,naive,78.8,26.5
2025-03-13,2,naive_carry,78.8,26.5
2025-03-13,2,seasonal_naive_7,67.6,26.5
2025-03-13,2,climatology,81.42595238095238,26.5
2025-03-13,2,gru,74.4229291664182,26.5
2025-03-13,3,naive,78.8,45.7
2025-03-13,3,naive_carry,78.8,45.7
2025-03-13,3,seasonal_naive_7,81.9,45.7
2025-03-13,3,climatology,81.40761904761904,45.7
2025-03-13,3,gru,71.47408264183915,45.7
2025-03-14,1,naive,71.8,26.5
2025-03-14,1,naive_carry,71.8,26.5
2025-03-14,1,seasonal_naive_7,67.6,26.5
2025-03-14,1,climatology,81.42595238095238,26.5
2025-03-14,1,gru,71.21203364495521,26.5
2025-03-14,2,naive,71.8,45.7
2025-03-14,2,naive_carry,71.8,45.7
2025-03-14,2,seasonal_naive_7,81.9,45.7
2025-03-14,2,climatology,81.40761904761904,45.7
2025-03-14,2,gru,69.32378604610395,45.7
2025-03-14,3,naive,71.8,53.9
2025-03-14,3,naive_carry,71.8,53.9
2025-03-14,3,seasonal_naive_7,88.6,53.9
2025-03-14,3,climatology,79.82095238095239,53.9
2025-03-14,3,gru,69.44687365064472,53.9
2025-03-15,1,naive,26.5,45.7
2025-03-15,1,naive_carry,26.5,45.7
2025-03-15,1,seasonal_naive_7,81.9,45.7
2025-03-15,1,climatology,81.40761904761904,45.7
2025-03-15,1,gru,35.285619188895076,45.7
2025-03-15,2,naive,26.5,53.9
2025-03-15,2,naive_carry,26.5,53.9
2025-03-15,2,seasonal_naive_7,88.6,53.9
2025-03-15,2,climatology,79.82095238095239,53.9
2025-03-15,2,gru,42.41927984909382,53.9
2025-03-15,3,naive,26.5,59.9
2025-03-15,3,naive_carry,26.5,59.9
2025-03-15,3,seasonal_naive_7,100.0,59.9
2025-03-15,3,climatology,80.5220634920635,59.9
2025-03-15,3,gru,44.45751573092681,59.9
2025-03-16,1,naive,45.7,53.9
2025-03-16,1,naive_carry,45.7,53.9
2025-03-16,1,seasonal_naive_7,88.6,53.9
2025-03-16,1,climatology,79.82095238095239,53.9
2025-03-16,1,gru,49.68776553778581,53.9
2025-03-16,2,naive,45.7,59.9
2025-03-16,2,naive_carry,45.7,59.9
2025-03-16,2,seasonal_naive_7,100.0,59.9
2025-03-16,2,climatology,80.5220634920635,59.9
2025-03-16,2,gru,53.730615676718074,59.9
2025-03-16,3,naive,45.7,73.0
2025-03-16,3,naive_carry,45.7,73.0
2025-03-16,3,seasonal_naive_7,96.0,73.0
2025-03-16,3,climatology,80.2240634920635,73.0
2025-03-16,3,gru,58.16681667738419,73.0
2025-03-17,1,naive,53.9,59.9
2025-03-17,1,naive_carry,53.9,59.9
2025-03-17,1,seasonal_naive_7,100.0,59.9
2025-03-17,1,climatology,80.5220634920635,59.9
2025-03-17,1,gru,51.806055993543104,59.9
2025-03-17,2,naive,53.9,73.0
2025-03-17,2,naive_carry,53.9,73.0
2025-03-17,2,seasonal_naive_7,96.0,73.0
2025-03-17,2,climatology,80.2240634920635,73.0
2025-03-17,2,gru,55.17077978508905,73.0
2025-03-17,3,naive,53.9,51.6
2025-03-17,3,naive_carry,53.9,51.6
2025-03-17,3,seasonal_naive_7,78.8,51.6
2025-03-17,3,climatology,80.30673015873016,51.6
2025-03-17,3,gru,53.8722293321752,51.6
2025-03-18,1,naive,59.9,73.0
2025-03-18,1,naive_carry,59.9,73.0
2025-03-18,1,seasonal_naive_7,96.0,73.0
2025-03-18,1,climatology,80.2240634920635,73.0
2025-03-18,1,gru,58.94385957396856,73.0
2025-03-18,2,naive,59.9,51.6
2025-03-18,2,naive_carry,59.9,51.6
2025-03-18,2,seasonal_naive_7,78.8,51.6
2025-03-18,2,climatology,80.30673015873016,51.6
2025-03-18,2,gru,62.16468655780013,51.6
2025-03-18,3,naive,59.9,69.2
2025-03-18,3,naive_carry,59.9,69.2
2025-03-18,3,seasonal_naive_7,71.8,69.2
2025-03-18,3,climatology,80.7730634920635,69.2
2025-03-18,3,gru,55.583870940143115,69.2
2025-03-19,1,naive,73.0,51.6
2025-03-19,1,naive_carry,73.0,51.6
2025-03-19,1,seasonal_naive_7,78.8,51.6
2025-03-19,1,climatology,80.30673015873016,51.6
2025-03-19,1,gru,70.9826232994128,51.6
2025-03-19,2,naive,73.0,69.2
2025-03-19,2,naive_carry,73.0,69.2
2025-03-19,2,seasonal_naive_7,71.8,69.2
2025-03-19,2,climatology,80.7730634920635,69.2
2025-03-19,2,gru,70.59492930197078,69.2
2025-03-19,3,naive,73.0,61.5
2025-03-19,3,naive_carry,73.0,61.5
2025-03-19,3,seasonal_naive_7,26.5,61.5
2025-03-19,3,climatology,80.23084126984126,61.5
2025-03-19,3,gru,60.98386795720765,61.5
2025-03-20,1,naive,51.6,69.2
2025-03-20,1,naive_carry,51.6,69.2
2025-03-20,1,seasonal_naive_7,71.8,69.2
2025-03-20,1,climatology,80.7730634920635,69.2
2025-03-20,1,gru,59.63301092220646,69.2
2025-03-20,2,naive,51.6,61.5
2025-03-20,2,naive_carry,51.6,61.5
2025-03-20,2,seasonal_naive_7,26.5,61.5
2025-03-20,2,climatology,80.23084126984126,61.5
2025-03-20,2,gru,61.58065212391765,61.5
2025-03-20,3,naive,51.6,63.5
2025-03-20,3,naive_carry,51.6,63.5
2025-03-20,3,seasonal_naive_7,45.7,63.5
2025-03-20,3,climatology,78.94950793650793,63.5
2025-03-20,3,gru,54.70600404545393,63.5
2025-03-21,1,naive,69.2,61.5
2025-03-21,1,naive_carry,69.2,61.5
2025-03-21,1,seasonal_naive_7,26.5,61.5
2025-03-21,1,climatology,80.23084126984126,61.5
2025-03-21,1,gru,59.67103478050769,61.5
2025-03-21,2,naive,69.2,63.5
2025-03-21,2,naive_carry,69.2,63.5
2025-03-21,2,seasonal_naive_7,45.7,63.5
2025-03-21,2,climatology,78.94950793650793,63.5
2025-03-21,2,gru,62.00046609699927,63.5
2025-03-21,3,naive,69.2,71.4
2025-03-21,3,naive_carry,69.2,71.4
2025-03-21,3,seasonal_naive_7,53.9,71.4
2025-03-21,3,climatology,77.5591746031746,71.4
2025-03-21,3,gru,60.95722119283497,71.4
2025-03-22,1,naive,61.5,63.5
2025-03-22,1,naive_carry,61.5,63.5
2025-03-22,1,seasonal_naive_7,45.7,63.5
2025-03-22,1,climatology,78.94950793650793,63.5
2025-03-22,1,gru,63.70796786436068,63.5
2025-03-22,2,naive,61.5,71.4
2025-03-22,2,naive_carry,61.5,71.4
2025-03-22,2,seasonal_naive_7,53.9,71.4
2025-03-22,2,climatology,77.5591746031746,71.4
2025-03-22,2,gru,66.2720392668033,71.4
2025-03-22,3,naive,61.5,89.0
2025-03-22,3,naive_carry,61.5,89.0
2025-03-22,3,seasonal_naive_7,59.9,89.0
2025-03-22,3,climatology,75.26117460317461,89.0
2025-03-22,3,gru,59.311787936281675,89.0
2025-03-23,1,naive,63.5,71.4
2025-03-23,1,naive_carry,63.5,71.4
2025-03-23,1,seasonal_naive_7,53.9,71.4
2025-03-23,1,climatology,77.5591746031746,71.4
2025-03-23,1,gru,68.78380254727415,71.4
2025-03-23,2,naive,63.5,89.0
2025-03-23,2,naive_carry,63.5,89.0
2025-03-23,2,seasonal_naive_7,59.9,89.0
2025-03-23,2,climatology,75.26117460317461,89.0
2025-03-23,2,gru,67.39220215997574,89.0
2025-03-23,3,naive,63.5,81.7
2025-03-23,3,naive_carry,63.5,81.7
2025-03-23,3,seasonal_naive_7,73.0,81.7
2025-03-23,3,climatology,74.11584126984125,81.7
2025-03-23,3,gru,60.121848110739094,81.7
2025-03-24,1,naive,71.4,89.0
2025-03-24,1,naive_carry,71.4,89.0
2025-03-24,1,seasonal_naive_7,59.9,89.0
2025-03-24,1,climatology,75.26117460317461,89.0
2025-03-24,1,gru,68.02241690982918,89.0
2025-03-24,2,naive,71.4,81.7
2025-03-24,2,naive_carry,71.4,81.7
2025-03-24,2,seasonal_naive_7,73.0,81.7
2025-03-24,2,climatology,74.11584126984125,81.7
2025-03-24,2,gru,64.46207880816381,81.7
2025-03-24,3,naive,71.4,73.4
2025-03-24,3,naive_carry,71.4,73.4
2025-03-24,3,seasonal_naive_7,51.6,73.4
2025-03-24,3,climatology,72.50361904761904,73.4
2025-03-24,3,gru,59.000559547186164,73.4
2025-03-25,1,naive,89.0,81.7
2025-03-25,1,naive_carry,89.0,81.7
2025-03-25,1,seasonal_naive_7,73.0,81.7
2025-03-25,1,climatology,74.11584126984125,81.7
2025-03-25,1,gru,75.46315426182508,81.7
2025-03-25,2,naive,89.0,73.4
2025-03-25,2,naive_carry,89.0,73.4
2025-03-25,2,seasonal_naive_7,51.6,73.4
2025-03-25,2,climatology,72.50361904761904,73.4
2025-03-25,2,gru,68.58219628310805,73.4
2025-03-25,3,naive,89.0,54.0
2025-03-25,3,naive_carry,89.0,54.0
2025-03-25,3,seasonal_naive_7,69.2,54.0
2025-03-25,3,climatology,70.59266666666667,54.0
2025-03-25,3,gru,60.904135907131334,54.0
2025-03-26,1,naive,81.7,73.4
2025-03-26,1,naive_carry,81.7,73.4
2025-03-26,1,seasonal_naive_7,51.6,73.4
2025-03-26,1,climatology,72.50361904761904,73.4
2025-03-26,1,gru,69.81930886010655,73.4
2025-03-26,2,naive,81.7,54.0
2025-03-26,2,naive_carry,81.7,54.0
2025-03-26,2,seasonal_naive_7,69.2,54.0
2025-03-26,2,climatology,70.59266666666667,54.0
2025-03-26,2,gru,65.68588383342727,54.0
2025-03-26,3,naive,81.7,37.8
2025-03-26,3,naive_carry,81.7,37.8
2025-03-26,3,seasonal_naive_7,61.5,37.8
2025-03-26,3,climatology,68.01133333333333,37.8
2025-03-26,3,gru,57.51189314096212,37.8
2025-03-27,1,naive,73.4,54.0
2025-03-27,1,naive_carry,73.4,54.0
2025-03-27,1,seasonal_naive_7,69.2,54.0
2025-03-27,1,climatology,70.59266666666667,54.0
2025-03-27,1,gru,60.52121516074599,54.0
2025-03-27,2,naive,73.4,37.8
2025-03-27,2,naive_carry,73.4,37.8
2025-03-27,2,seasonal_naive_7,61.5,37.8
2025-03-27,2,climatology,68.01133333333333,37.8
2025-03-27,2,gru,62.60281594645568,37.8
2025-03-27,3,naive,73.4,41.9
2025-03-27,3,naive_carry,73.4,41.9
2025-03-27,3,seasonal_naive_7,63.5,41.9
2025-03-27,3,climatology,67.99244444444444,41.9
2025-03-27,3,gru,58.66860880873965,41.9
2025-03-28,1,naive,54.0,37.8
2025-03-28,1,naive_carry,54.0,37.8
2025-03-28,1,seasonal_naive_7,61.5,37.8
2025-03-28,1,climatology,68.01133333333333,37.8
2025-03-28,1,gru,45.91438376972806,37.8
2025-03-28,2,naive,54.0,41.9
2025-03-28,2,naive_carry,54.0,41.9
2025-03-28,2,seasonal_naive_7,63.5,41.9
2025-03-28,2,climatology,67.99244444444444,41.9
2025-03-28,2,gru,58.90899552165696,41.9
2025-03-28,3,naive,54.0,76.3
2025-03-28,3,naive_carry,54.0,76.3
2025-03-28,3,seasonal_naive_7,71.4,76.3
2025-03-28,3,climatology,69.18355555555556,76.3
2025-03-28,3,gru,61.58257666593874,76.3
2025-03-29,1,naive,37.8,41.9
2025-03-29,1,naive_carry,37.8,41.9
2025-03-29,1,seasonal_naive_7,63.5,41.9
2025-03-29,1,climatology,67.99244444444444,41.9
2025-03-29,1,gru,45.38883933574085,41.9
2025-03-29,2,naive,37.8,76.3
2025-03-29,2,naive_carry,37.8,76.3
2025-03-29,2,seasonal_naive_7,71.4,76.3
2025-03-29,2,climatology,69.18355555555556,76.3
2025-03-29,2,gru,62.94965371536302,76.3
2025-03-29,3,naive,37.8,73.0
2025-03-29,3,naive_carry,37.8,73.0
2025-03-29,3,seasonal_naive_7,89.0,73.0
2025-03-29,3,climatology,69.94044444444445,73.0
2025-03-29,3,gru,66.47765922458456,73.0
2025-03-30,1,naive,41.9,76.3
2025-03-30,1,naive_carry,41.9,76.3
2025-03-30,1,seasonal_naive_7,71.4,76.3
2025-03-30,1,climatology,69.18355555555556,76.3
2025-03-30,1,gru,59.09715486255919,76.3
2025-03-30,2,naive,41.9,73.0
2025-03-30,2,naive_carry,41.9,73.0
2025-03-30,2,seasonal_naive_7,89.0,73.0
2025-03-30,2,climatology,69.94044444444445,73.0
2025-03-30,2,gru,71.01615555442432,73.0
2025-03-30,3,naive,41.9,95.0
2025-03-30,3,naive_carry,41.9,95.0
2025-03-30,3,seasonal_naive_7,81.7,95.0
2025-03-30,3,climatology,69.08933333333334,95.0
2025-03-30,3,gru,69.10230461382206,95.0
2025-03-31,1,naive,76.3,73.0
2025-03-31,1,naive_carry,76.3,73.0
2025-03-31,1,seasonal_naive_7,89.0,73.0
2025-03-31,1,climatology,69.94044444444445,73.0
2025-03-31,1,gru,77.30054880054757,73.0
2025-03-31,2,naive,76.3,95.0
2025-03-31,2,naive_carry,76.3,95.0
2025-03-31,2,seasonal_naive_7,81.7,95.0
2025-03-31,2,climatology,69.08933333333334,95.0
2025-03-31,2,gru,78.33835282345213,95.0
2025-03-31,3,naive,76.3,60.5
2025-03-31,3,naive_carry,76.3,60.5
2025-03-31,3,seasonal_naive_7,73.4,60.5
2025-03-31,3,climatology,68.33266666666667,60.5
2025-03-31,3,gru,67.0781421827278,60.5
2025-04-01,1,naive,73.0,95.0
2025-04-01,1,naive_carry,73.0,95.0
2025-04-01,1,seasonal_naive_7,81.7,95.0
2025-04-01,1,climatology,69.08933333333334,95.0
2025-04-01,1,gru,71.13170393048496,95.0
2025-04-01,2,naive,73.0,60.5
2025-04-01,2,naive_carry,73.0,60.5
2025-04-01,2,seasonal_naive_7,73.4,60.5
2025-04-01,2,climatology,68.33266666666667,60.5
2025-04-01,2,gru,71.95476018038337,60.5
2025-04-01,3,naive,73.0,65.6
2025-04-01,3,naive_carry,73.0,65.6
2025-04-01,3,seasonal_naive_7,54.0,65.6
2025-04-01,3,climatology,68.24466666666666,65.6
2025-04-01,3,gru,61.11186683274654,65.6
2025-04-02,1,naive,95.0,60.5
2025-04-02,1,naive_carry,95.0,60.5
2025-04-02,1,seasonal_naive_7,73.4,60.5
2025-04-02,1,climatology,68.33266666666667,60.5
2025-04-02,1,gru,89.5686191852742,60.5
2025-04-02,2,naive,95.0,65.6
2025-04-02,2,naive_carry,95.0,65.6
2025-04-02,2,seasonal_naive_7,54.0,65.6
2025-04-02,2,climatology,68.24466666666666,65.6
2025-04-02,2,gru,84.31145261772456,65.6
2025-04-02,3,naive,95.0,63.7
2025-04-02,3,naive_carry,95.0,63.7
2025-04-02,3,seasonal_naive_7,37.8,63.7
2025-04-02,3,climatology,67.58,63.7
2025-04-02,3,gru,71.02890451088409,63.7
2025-04-03,1,naive,60.5,65.6
2025-04-03,1,naive_carry,60.5,65.6
2025-04-03,1,seasonal_naive_7,54.0,65.6
2025-04-03,1,climatology,68.24466666666666,65.6
2025-04-03,1,gru,65.2259041563834,65.6
2025-04-03,2,naive,60.5,63.7
2025-04-03,2,naive_carry,60.5,63.7
2025-04-03,2,seasonal_naive_7,37.8,63.7
2025-04-03,2,climatology,67.58,63.7
2025-04-03,2,gru,65.85648834903964,63.7
2025-04-03,3,naive,60.5,75.1
2025-04-03,3,naive_carry,60.5,75.1
2025-04-03,3,seasonal_naive_7,41.9,75.1
2025-04-03,3,climatology,67.80555555555556,75.1
2025-04-03,3,gru,59.42689252134191,75.1
2025-04-04,1,naive,65.6,63.7
2025-04-04,1,naive_carry,65.6,63.7
2025-04-04,1,seasonal_naive_7,37.8,63.7
2025-04-04,1,climatology,67.58,63.7
2025-04-04,1,gru,63.24531312844994,63.7
2025-04-04,2,naive,65.6,75.1
2025-04-04,2,naive_carry,65.6,75.1
2025-04-04,2,seasonal_naive_7,41.9,75.1
2025-04-04,2,climatology,67.80555555555556,75.1
2025-04-04,2,gru,62.746999575120306,75.1
2025-04-04,3,naive,65.6,87.8
2025-04-04,3,naive_carry,65.6,87.8
2025-04-04,3,seasonal_naive_7,76.3,87.8
2025-04-04,3,climatology,68.52155555555555,87.8
2025-04-04,3,gru,61.51730936337321,87.8
2025-04-05,1,naive,63.7,75.1
2025-04-05,1,naive_carry,63.7,75.1
2025-04-05,1,seasonal_naive_7,41.9,75.1
2025-04-05,1,climatology,67.80555555555556,75.1
2025-04-05,1,gru,57.92440824932101,75.1
2025-04-05,2,naive,63.7,87.8
2025-04-05,2,naive_carry,63.7,87.8
2025-04-05,2,seasonal_naive_7,76.3,87.8
2025-04-05,2,climatology,68.52155555555555,87.8
2025-04-05,2,gru,61.34058652994706,87.8
2025-04-05,3,naive,63.7,92.6
2025-04-05,3,naive_carry,63.7,92.6
2025-04-05,3,seasonal_naive_7,73.0,92.6
2025-04-05,3,climatology,68.748,92.6
2025-04-05,3,gru,58.7863437239385,92.6
2025-04-06,1,naive,75.1,87.8
2025-04-06,1,naive_carry,75.1,87.8
2025-04-06,1,seasonal_naive_7,76.3,87.8
2025-04-06,1,climatology,68.52155555555555,87.8
2025-04-06,1,gru,73.39212873109295,87.8
2025-04-06,2,naive,75.1,92.6
2025-04-06,2,naive_carry,75.1,92.6
2025-04-06,2,seasonal_naive_7,73.0,92.6
2025-04-06,2,climatology,68.748,92.6
2025-04-06,2,gru,71.66113498166577,92.6
2025-04-06,3,naive,75.1,96.3
2025-04-06,3,naive_carry,75.1,96.3
2025-04-06,3,seasonal_naive_7,95.0,96.3
2025-04-06,3,climatology,76.02266666666667,96.3
2025-04-06,3,gru,61.73534348734348,96.3
2025-04-07,1,naive,87.8,92.6
2025-04-07,1,naive_carry,87.8,92.6
2025-04-07,1,seasonal_naive_7,73.0,92.6
2025-04-07,1,climatology,68.748,92.6
2025-04-07,1,gru,77.82090400938354,92.6
2025-04-07,2,naive,87.8,96.3
2025-04-07,2,naive_carry,87.8,96.3
2025-04-07,2,seasonal_naive_7,95.0,96.3
2025-04-07,2,climatology,76.02266666666667,96.3
2025-04-07,2,gru,71.22187424986478,96.3
2025-04-07,3,naive,87.8,67.5
2025-04-07,3,naive_carry,87.8,67.5
2025-04-07,3,seasonal_naive_7,60.5,67.5
2025-04-07,3,climatology,82.366,67.5
2025-04-07,3,gru,60.9602877857123,67.5
2025-04-08,1,naive,92.6,96.3
2025-04-08,1,naive_carry,92.6,96.3
2025-04-08,1,seasonal_naive_7,95.0,96.3
2025-04-08,1,climatology,76.02266666666667,96.3
2025-04-08,1,gru,75.31131737687238,96.3
2025-04-08,2,naive,92.6,67.5
2025-04-08,2,naive_carry,92.6,67.5
2025-04-08,2,seasonal_naive_7,60.5,67.5
2025-04-08,2,climatology,82.366,67.5
2025-04-08,2,gru,70.15051210722935,67.5
2025-04-08,3,naive,92.6,46.8
2025-04-08,3,naive_carry,92.6,46.8
2025-04-08,3,seasonal_naive_7,65.6,46.8
2025-04-08,3,climatology,83.44422222222221,46.8
2025-04-08,3,gru,60.73707859539079,46.8
2025-04-09,1,naive,96.3,67.5
2025-04-09,1,naive_carry,96.3,67.5
2025-04-09,1,seasonal_naive_7,60.5,67.5
2025-04-09,1,climatology,82.366,67.5
2025-04-09,1,gru,74.41103796568609,67.5
2025-04-09,2,naive,96.3,46.8
2025-04-09,2,naive_carry,96.3,46.8
2025-04-09,2,seasonal_naive_7,65.6,46.8
2025-04-09,2,climatology,83.44422222222221,46.8
2025-04-09,2,gru,74.30088382020574,46.8
2025-04-09,3,naive,96.3,48.6
2025-04-09,3,naive_carry,96.3,48.6
2025-04-09,3,seasonal_naive_7,63.7,48.6
2025-04-09,3,climatology,83.69955555555556,48.6
2025-04-09,3,gru,66.0264607667956,48.6
2025-04-10,1,naive,67.5,46.8
2025-04-10,1,naive_carry,67.5,46.8
2025-04-10,1,seasonal_naive_7,65.6,46.8
2025-04-10,1,climatology,83.44422222222221,46.8
2025-04-10,1,gru,66.24842339526582,46.8
2025-04-10,2,naive,67.5,48.6
2025-04-10,2,naive_carry,67.5,48.6
2025-04-10,2,seasonal_naive_7,63.7,48.6
2025-04-10,2,climatology,83.69955555555556,48.6
2025-04-10,2,gru,69.8761147329629,48.6
2025-04-10,3,naive,67.5,52.6
2025-04-10,3,naive_carry,67.5,52.6
2025-04-10,3,seasonal_naive_7,75.1,52.6
2025-04-10,3,climatology,83.11955555555555,52.6
2025-04-10,3,gru,62.387945158111535,52.6
2025-04-11,1,naive,46.8,48.6
2025-04-11,1,naive_carry,46.8,48.6
2025-04-11,1,seasonal_naive_7,63.7,48.6
2025-04-11,1,climatology,83.69955555555556,48.6
2025-04-11,1,gru,47.18425656660458,48.6
2025-04-11,2,naive,46.8,52.6
2025-04-11,2,naive_carry,46.8,52.6
2025-04-11,2,seasonal_naive_7,75.1,52.6
2025-04-11,2,climatology,83.11955555555555,52.6
2025-04-11,2,gru,56.55357331699577,52.6
2025-04-11,3,naive,46.8,67.0
2025-04-11,3,naive_carry,46.8,67.0
2025-04-11,3,seasonal_naive_7,87.8,67.0
2025-04-11,3,climatology,84.46955555555556,67.0
2025-04-11,3,gru,64.94146169745956,67.0
2025-04-12,1,naive,48.6,52.6
2025-04-12,1,naive_carry,48.6,52.6
2025-04-12,1,seasonal_naive_7,75.1,52.6
2025-04-12,1,climatology,83.11955555555555,52.6
2025-04-12,1,gru,61.231265238901734,52.6
2025-04-12,2,naive,48.6,67.0
2025-04-12,2,naive_carry,48.6,67.0
2025-04-12,2,seasonal_naive_7,87.8,67.0
2025-04-12,2,climatology,84.46955555555556,67.0
2025-04-12,2,gru,67.46603090930633,67.0
2025-04-12,3,naive,48.6,63.8
2025-04-12,3,naive_carry,48.6,63.8
2025-04-12,3,seasonal_naive_7,92.6,63.8
2025-04-12,3,climatology,82.73444444444445,63.8
2025-04-12,3,gru,69.67556727303767,63.8
2025-04-13,1,naive,52.6,67.0
2025-04-13,1,naive_carry,52.6,67.0
2025-04-13,1,seasonal_naive_7,87.8,67.0
2025-04-13,1,climatology,84.46955555555556,67.0
2025-04-13,1,gru,68.62148273823732,67.0
2025-04-13,2,naive,52.6,63.8
2025-04-13,2,naive_carry,52.6,63.8
2025-04-13,2,seasonal_naive_7,92.6,63.8
2025-04-13,2,climatology,82.73444444444445,63.8
2025-04-13,2,gru,63.866803604058816,63.8
2025-04-13,3,naive,52.6,82.1
2025-04-13,3,naive_carry,52.6,82.1
2025-04-13,3,seasonal_naive_7,96.3,82.1
2025-04-13,3,climatology,83.51755555555556,82.1
2025-04-13,3,gru,60.660493359359656,82.1
2025-04-14,1,naive,67.0,63.8
2025-04-14,1,naive_carry,67.0,63.8
2025-04-14,1,seasonal_naive_7,92.6,63.8
2025-04-14,1,climatology,82.73444444444445,63.8
2025-04-14,1,gru,76.1612564200686,63.8
2025-04-14,2,naive,67.0,82.1
2025-04-14,2,naive_carry,67.0,82.1
2025-04-14,2,seasonal_naive_7,96.3,82.1
2025-04-14,2,climatology,83.51755555555556,82.1
2025-04-14,2,gru,64.98880418603075,82.1
2025-04-14,3,naive,67.0,68.5
2025-04-14,3,naive_carry,67.0,68.5
2025-04-14,3,seasonal_naive_7,67.5,68.5
2025-04-14,3,climatology,89.71255555555555,68.5
2025-04-14,3,gru,58.0904082642305,68.5
2025-04-15,1,naive,63.8,82.1
2025-04-15,1,naive_carry,63.8,82.1
2025-04-15,1,seasonal_naive_7,96.3,82.1
2025-04-15,1,climatology,83.51755555555556,82.1
2025-04-15,1,gru,70.45417136064111,82.1
2025-04-15,2,naive,63.8,68.5
2025-04-15,2,naive_carry,63.8,68.5
2025-04-15,2,seasonal_naive_7,67.5,68.5
2025-04-15,2,climatology,89.71255555555555,68.5
2025-04-15,2,gru,59.83009711715966,68.5
2025-04-15,3,naive,63.8,87.4
2025-04-15,3,naive_carry,63.8,87.4
2025-04-15,3,seasonal_naive_7,46.8,87.4
2025-04-15,3,climatology,90.2992222222222,87.4
2025-04-15,3,gru,57.447091629940005,87.4
2025-04-16,1,naive,82.1,68.5
2025-04-16,1,naive_carry,82.1,68.5
2025-04-16,1,seasonal_naive_7,67.5,68.5
2025-04-16,1,climatology,89.71255555555555,68.5
2025-04-16,1,gru,79.11503901799536,68.5
2025-04-16,2,naive,82.1,87.4
2025-04-16,2,naive_carry,82.1,87.4
2025-04-16,2,seasonal_naive_7,46.8,87.4
2025-04-16,2,climatology,90.2992222222222,87.4
2025-04-16,2,gru,67.52309047613309,87.4
2025-04-16,3,naive,82.1,52.5
2025-04-16,3,naive_carry,82.1,52.5
2025-04-16,3,seasonal_naive_7,48.6,52.5
2025-04-16,3,climatology,91.03488888888889,52.5
2025-04-16,3,gru,62.926084948907345,52.5
2025-04-17,1,naive,68.5,87.4
2025-04-17,1,naive_carry,68.5,87.4
2025-04-17,1,seasonal_naive_7,46.8,87.4
2025-04-17,1,climatology,90.2992222222222,87.4
2025-04-17,1,gru,67.57746588978051,87.4
2025-04-17,2,naive,68.5,52.5
2025-04-17,2,naive_carry,68.5,52.5
2025-04-17,2,seasonal_naive_7,48.6,52.5
2025-04-17,2,climatology,91.03488888888889,52.5
2025-04-17,2,gru,63.74582802307367,52.5
2025-04-17,3,naive,68.5,53.0
2025-04-17,3,naive_carry,68.5,53.0
2025-04-17,3,seasonal_naive_7,52.6,53.0
2025-04-17,3,climatology,90.9932222222222,53.0
2025-04-17,3,gru,59.917943521475785,53.0
2025-04-18,1,naive,87.4,52.5
2025-04-18,1,naive_carry,87.4,52.5
2025-04-18,1,seasonal_naive_7,48.6,52.5
2025-04-18,1,climatology,91.03488888888889,52.5
2025-04-18,1,gru,74.219367499025,52.5
2025-04-18,2,naive,87.4,53.0
2025-04-18,2,naive_carry,87.4,53.0
2025-04-18,2,seasonal_naive_7,52.6,53.0
2025-04-18,2,climatology,90.9932222222222,53.0
2025-04-18,2,gru,68.7055878109006,53.0
2025-04-18,3,naive,87.4,69.3
2025-04-18,3,naive_carry,87.4,69.3
2025-04-18,3,seasonal_naive_7,67.0,69.3
2025-04-18,3,climatology,92.74766666666667,69.3
2025-04-18,3,gru,66.86763697964967,69.3
2025-04-19,1,naive,52.5,53.0
2025-04-19,1,naive_carry,52.5,53.0
2025-04-19,1,seasonal_naive_7,52.6,53.0
2025-04-19,1,climatology,90.9932222222222,53.0
2025-04-19,1,gru,52.862333933685136,53.0
2025-04-19,2,naive,52.5,69.3
2025-04-19,2,naive_carry,52.5,69.3
2025-04-19,2,seasonal_naive_7,67.0,69.3
2025-04-19,2,climatology,92.74766666666667,69.3
2025-04-19,2,gru,60.46668781681976,69.3
2025-04-19,3,naive,52.5,81.7
2025-04-19,3,naive_carry,52.5,81.7
2025-04-19,3,seasonal_naive_7,63.8,81.7
2025-04-19,3,climatology,93.38188888888888,81.7
2025-04-19,3,gru,62.29517740281764,81.7
2025-04-20,1,naive,53.0,69.3
2025-04-20,1,naive_carry,53.0,69.3
2025-04-20,1,seasonal_naive_7,67.0,69.3
2025-04-20,1,climatology,92.74766666666667,69.3
2025-04-20,1,gru,61.716914139318774,69.3
2025-04-20,2,naive,53.0,81.7
2025-04-20,2,naive_carry,53.0,81.7
2025-04-20,2,seasonal_naive_7,63.8,81.7
2025-04-20,2,climatology,93.38188888888888,81.7
2025-04-20,2,gru,62.80206165581734,81.7
2025-04-20,3,naive,53.0,71.2
2025-04-20,3,naive_carry,53.0,71.2
2025-04-20,3,seasonal_naive_7,82.1,71.2
2025-04-20,3,climatology,94.31144444444443,71.2
2025-04-20,3,gru,66.59222744020877,71.2
2025-04-21,1,naive,69.3,81.7
2025-04-21,1,naive_carry,69.3,81.7
2025-04-21,1,seasonal_naive_7,63.8,81.7
2025-04-21,1,climatology,93.38188888888888,81.7
2025-04-21,1,gru,74.80632527509718,81.7
2025-04-21,2,naive,69.3,71.2
2025-04-21,2,naive_carry,69.3,71.2
2025-04-21,2,seasonal_naive_7,82.1,71.2
2025-04-21,2,climatology,94.31144444444443,71.2
2025-04-21,2,gru,68.5906118011161,71.2
2025-04-21,3,naive,69.3,90.8
2025-04-21,3,naive_carry,69.3,90.8
2025-04-21,3,seasonal_naive_7,68.5,90.8
2025-04-21,3,climatology,87.35811111111111,90.8
2025-04-21,3,gru,66.65827746314145,90.8
2025-04-22,1,naive,81.7,71.2
2025-04-22,1,naive_carry,81.7,71.2
2025-04-22,1,seasonal_naive_7,82.1,71.2
2025-04-22,1,climatology,94.31144444444443,71.2
2025-04-22,1,gru,77.63527323554077,71.2
2025-04-22,2,naive,81.7,90.8
2025-04-22,2,naive_carry,81.7,90.8
2025-04-22,2,seasonal_naive_7,68.5,90.8
2025-04-22,2,climatology,87.35811111111111,90.8
2025-04-22,2,gru,70.87655207736591,90.8
2025-04-22,3,naive,81.7,86.3
2025-04-22,3,naive_carry,81.7,86.3
2025-04-22,3,seasonal_naive_7,87.4,86.3
2025-04-22,3,climatology,81.19744444444444,86.3
2025-04-22,3,gru,66.97478875573286,86.3
2025-04-23,1,naive,71.2,90.8
2025-04-23,1,naive_carry,71.2,90.8
2025-04-23,1,seasonal_naive_7,68.5,90.8
2025-04-23,1,climatology,87.35811111111111,90.8
2025-04-23,1,gru,71.27355180314966,90.8
2025-04-23,2,naive,71.2,86.3
2025-04-23,2,naive_carry,71.2,86.3
2025-04-23,2,seasonal_naive_7,87.4,86.3
2025-04-23,2,climatology,81.19744444444444,86.3
2025-04-23,2,gru,71.789306592139,86.3
2025-04-23,3,naive,71.2,117.0
2025-04-23,3,naive_carry,71.2,117.0
2025-04-23,3,seasonal_naive_7,52.5,117.0
2025-04-23,3,climatology,81.26144444444444,117.0
2025-04-23,3,gru,70.92563614403173,117.0
2025-04-24,1,naive,90.8,86.3
2025-04-24,1,naive_carry,90.8,86.3
2025-04-24,1,seasonal_naive_7,87.4,86.3
2025-04-24,1,climatology,81.19744444444444,86.3
2025-04-24,1,gru,86.67776294627818,86.3
2025-04-24,2,naive,90.8,117.0
2025-04-24,2,naive_carry,90.8,117.0
2025-04-24,2,seasonal_naive_7,52.5,117.0
2025-04-24,2,climatology,81.26144444444444,117.0
2025-04-24,2,gru,79.12593752003278,117.0
2025-04-24,3,naive,90.8,92.0
2025-04-24,3,naive_carry,90.8,92.0
2025-04-24,3,seasonal_naive_7,53.0,92.0
2025-04-24,3,climatology,80.52833333333334,92.0
2025-04-24,3,gru,76.2488336977302,92.0
2025-04-25,1,naive,86.3,117.0
2025-04-25,1,naive_carry,86.3,117.0
2025-04-25,1,seasonal_naive_7,52.5,117.0
2025-04-25,1,climatology,81.26144444444444,117.0
2025-04-25,1,gru,88.24919880294317,117.0
2025-04-25,2,naive,86.3,92.0
2025-04-25,2,naive_carry,86.3,92.0
2025-04-25,2,seasonal_naive_7,53.0,92.0
2025-04-25,2,climatology,80.52833333333334,92.0
2025-04-25,2,gru,82.02460604116463,92.0
2025-04-25,3,naive,86.3,153.0
2025-04-25,3,naive_carry,86.3,153.0
2025-04-25,3,seasonal_naive_7,69.3,153.0
2025-04-25,3,climatology,80.38166666666666,153.0
2025-04-25,3,gru,73.22077176910807,153.0
2025-04-26,1,naive,117.0,92.0
2025-04-26,1,naive_carry,117.0,92.0
2025-04-26,1,seasonal_naive_7,53.0,92.0
2025-04-26,1,climatology,80.52833333333334,92.0
2025-04-26,1,gru,103.39965777038073,92.0
2025-04-26,2,naive,117.0,153.0
2025-04-26,2,naive_carry,117.0,153.0
2025-04-26,2,seasonal_naive_7,69.3,153.0
2025-04-26,2,climatology,80.38166666666666,153.0
2025-04-26,2,gru,86.90543536956163,153.0
2025-04-26,3,naive,117.0,86.3
2025-04-26,3,naive_carry,117.0,86.3
2025-04-26,3,seasonal_naive_7,81.7,86.3
2025-04-26,3,climatology,80.98833333333333,86.3
2025-04-26,3,gru,78.59833700018542,86.3
2025-04-27,1,naive,92.0,153.0
2025-04-27,1,naive_carry,92.0,153.0
2025-04-27,1,seasonal_naive_7,69.3,153.0
2025-04-27,1,climatology,80.38166666666666,153.0
2025-04-27,1,gru,91.41223575341733,153.0
2025-04-27,2,naive,92.0,86.3
2025-04-27,2,naive_carry,92.0,86.3
2025-04-27,2,seasonal_naive_7,81.7,86.3
2025-04-27,2,climatology,80.98833333333333,86.3
2025-04-27,2,gru,84.11623624152041,86.3
2025-04-27,3,naive,92.0,86.2
2025-04-27,3,naive_carry,92.0,86.2
2025-04-27,3,seasonal_naive_7,71.2,86.2
2025-04-27,3,climatology,82.13122222222222,86.2
2025-04-27,3,gru,74.00212784718616,86.2
2025-04-28,1,naive,153.0,86.3
2025-04-28,1,naive_carry,153.0,86.3
2025-04-28,1,seasonal_naive_7,81.7,86.3
2025-04-28,1,climatology,80.98833333333333,86.3
2025-04-28,1,gru,117.48192950022194,86.3
2025-04-28,2,naive,153.0,86.2
2025-04-28,2,naive_carry,153.0,86.2
2025-04-28,2,seasonal_naive_7,71.2,86.2
2025-04-28,2,climatology,82.13122222222222,86.2
2025-04-28,2,gru,94.52169187131533,86.2
2025-04-28,3,naive,153.0,78.1
2025-04-28,3,naive_carry,153.0,78.1
2025-04-28,3,seasonal_naive_7,90.8,78.1
2025-04-28,3,climatology,83.71477777777777,78.1
2025-04-28,3,gru,84.73497970623778,78.1
2025-04-29,1,naive,86.3,86.2
2025-04-29,1,naive_carry,86.3,86.2
2025-04-29,1,seasonal_naive_7,71.2,86.2
2025-04-29,1,climatology,82.13122222222222,86.2
2025-04-29,1,gru,74.30455085858445,86.2
2025-04-29,2,naive,86.3,78.1
2025-04-29,2,naive_carry,86.3,78.1
2025-04-29,2,seasonal_naive_7,90.8,78.1
2025-04-29,2,climatology,83.71477777777777,78.1
2025-04-29,2,gru,80.5569242365276,78.1
2025-04-29,3,naive,86.3,40.0
2025-04-29,3,naive_carry,86.3,40.0
2025-04-29,3,seasonal_naive_7,86.3,40.0
2025-04-29,3,climatology,79.34866666666667,40.0
2025-04-29,3,gru,78.86655577626094,40.0
2025-04-30,1,naive,86.2,78.1
2025-04-30,1,naive_carry,86.2,78.1
2025-04-30,1,seasonal_naive_7,90.8,78.1
2025-04-30,1,climatology,83.71477777777777,78.1
2025-04-30,1,gru,76.89565150396,78.1
2025-04-30,2,naive,86.2,40.0
2025-04-30,2,naive_carry,86.2,40.0
2025-04-30,2,seasonal_naive_7,86.3,40.0
2025-04-30,2,climatology,79.34866666666667,40.0
2025-04-30,2,gru,82.84599303574652,40.0
2025-04-30,3,naive,86.2,68.7
2025-04-30,3,naive_carry,86.2,68.7
2025-04-30,3,seasonal_naive_7,117.0,68.7
2025-04-30,3,climatology,78.69200000000001,68.7
2025-04-30,3,gru,81.21436367038349,68.7
2025-05-01,1,naive,78.1,40.0
2025-05-01,1,naive_carry,78.1,40.0
2025-05-01,1,seasonal_naive_7,86.3,40.0
2025-05-01,1,climatology,79.34866666666667,40.0
2025-05-01,1,gru,72.32936519966057,40.0
2025-05-01,2,naive,78.1,68.7
2025-05-01,2,naive_carry,78.1,68.7
2025-05-01,2,seasonal_naive_7,117.0,68.7
2025-05-01,2,climatology,78.69200000000001,68.7
2025-05-01,2,gru,78.13202755444446,68.7
2025-05-01,3,naive,78.1,81.8
2025-05-01,3,naive_carry,78.1,81.8
2025-05-01,3,seasonal_naive_7,92.0,81.8
2025-05-01,3,climatology,80.53366666666668,81.8
2025-05-01,3,gru,75.82892723551842,81.8
2025-05-02,1,naive,40.0,68.7
2025-05-02,1,naive_carry,40.0,68.7
2025-05-02,1,seasonal_naive_7,117.0,68.7
2025-05-02,1,climatology,78.69200000000001,68.7
2025-05-02,1,gru,57.645773558207644,68.7
2025-05-02,2,naive,40.0,81.8
2025-05-02,2,naive_carry,40.0,81.8
2025-05-02,2,seasonal_naive_7,92.0,81.8
2025-05-02,2,climatology,80.53366666666668,81.8
2025-05-02,2,gru,68.5671178972342,81.8
2025-05-02,3,naive,40.0,37.2
2025-05-02,3,naive_carry,40.0,37.2
2025-05-02,3,seasonal_naive_7,153.0,37.2
2025-05-02,3,climatology,85.50533333333334,37.2
2025-05-02,3,gru,77.89531708267923,37.2
2025-05-03,1,naive,68.7,81.8
2025-05-03,1,naive_carry,68.7,81.8
2025-05-03,1,seasonal_naive_7,92.0,81.8
2025-05-03,1,climatology,80.53366666666668,81.8
2025-05-03,1,gru,82.93015582358997,81.8
2025-05-03,2,naive,68.7,37.2
2025-05-03,2,naive_carry,68.7,37.2
2025-05-03,2,seasonal_naive_7,153.0,37.2
2025-05-03,2,climatology,85.50533333333334,37.2
2025-05-03,2,gru,74.54159235534286,37.2
2025-05-03,3,naive,68.7,50.2
2025-05-03,3,naive_carry,68.7,50.2
2025-05-03,3,seasonal_naive_7,86.3,50.2
2025-05-03,3,climatology,83.67533333333334,50.2
2025-05-03,3,gru,83.57151125718092,50.2
2025-05-04,1,naive,81.8,37.2
2025-05-04,1,naive_carry,81.8,37.2
2025-05-04,1,seasonal_naive_7,153.0,37.2
2025-05-04,1,climatology,85.50533333333334,37.2
2025-05-04,1,gru,85.42741458625275,37.2
2025-05-04,2,naive,81.8,50.2
2025-05-04,2,naive_carry,81.8,50.2
2025-05-04,2,seasonal_naive_7,86.3,50.2
2025-05-04,2,climatology,83.67533333333334,50.2
2025-05-04,2,gru,90.80074787365238,50.2
2025-05-04,3,naive,81.8,52.0
2025-05-04,3,naive_carry,81.8,52.0
2025-05-04,3,seasonal_naive_7,86.2,52.0
2025-05-04,3,climatology,82.9997777777778,52.0
2025-05-04,3,gru,71.82215095567881,52.0
2025-05-05,1,naive,37.2,50.2
2025-05-05,1,naive_carry,37.2,50.2
2025-05-05,1,seasonal_naive_7,86.3,50.2
2025-05-05,1,climatology,83.67533333333334,50.2
2025-05-05,1,gru,54.338625360064725,50.2
2025-05-05,2,naive,37.2,52.0
2025-05-05,2,naive_carry,37.2,52.0
2025-05-05,2,seasonal_naive_7,86.2,52.0
2025-05-05,2,climatology,82.9997777777778,52.0
2025-05-05,2,gru,61.81558235483051,52.0
2025-05-05,3,naive,37.2,70.7
2025-05-05,3,naive_carry,37.2,70.7
2025-05-05,3,seasonal_naive_7,78.1,70.7
2025-05-05,3,climatology,81.28022222222222,70.7
2025-05-05,3,gru,64.61061931167963,70.7
2025-05-06,1,naive,50.2,52.0
2025-05-06,1,naive_carry,50.2,52.0
2025-05-06,1,seasonal_naive_7,86.2,52.0
2025-05-06,1,climatology,82.9997777777778,52.0
2025-05-06,1,gru,63.29267086304093,52.0
2025-05-06,2,naive,50.2,70.7
2025-05-06,2,naive_carry,50.2,70.7
2025-05-06,2,seasonal_naive_7,78.1,70.7
2025-05-06,2,climatology,81.28022222222222,70.7
2025-05-06,2,gru,61.367472919881536,70.7
2025-05-06,3,naive,50.2,72.3
2025-05-06,3,naive_carry,50.2,72.3
2025-05-06,3,seasonal_naive_7,40.0,72.3
2025-05-06,3,climatology,81.77577777777779,72.3
2025-05-06,3,gru,67.86437744084566,72.3
2025-05-07,1,naive,52.0,70.7
2025-05-07,1,naive_carry,52.0,70.7
2025-05-07,1,seasonal_naive_7,78.1,70.7
2025-05-07,1,climatology,81.28022222222222,70.7
2025-05-07,1,gru,62.22810052638431,70.7
2025-05-07,2,naive,52.0,72.3
2025-05-07,2,naive_carry,52.0,72.3
2025-05-07,2,seasonal_naive_7,40.0,72.3
2025-05-07,2,climatology,81.77577777777779,72.3
2025-05-07,2,gru,68.97646050365836,72.3
2025-05-08,1,naive,70.7,72.3
2025-05-08,1,naive_carry,70.7,72.3
2025-05-08,1,seasonal_naive_7,40.0,72.3
2025-05-08,1,climatology,81.77577777777779,72.3
2025-05-08,1,gru,74.70402951700176,72.3
2025-05-08,3,naive,70.7,40.9
2025-05-08,3,naive_carry,70.7,40.9
2025-05-08,3,seasonal_naive_7,81.8,40.9
2025-05-08,3,climatology,80.55644444444445,40.9
2025-05-08,3,gru,66.22566253864932,40.9
2025-05-09,2,naive,72.3,40.9
2025-05-09,2,naive_carry,72.3,40.9
2025-05-09,2,seasonal_naive_7,81.8,40.9
2025-05-09,2,climatology,80.55644444444445,40.9
2025-05-09,2,gru,74.1720634545042,40.9
2025-05-09,3,naive,72.3,43.9
2025-05-09,3,naive_carry,72.3,43.9
2025-05-09,3,seasonal_naive_7,37.2,43.9
2025-05-09,3,climatology,81.50422222222223,43.9
2025-05-09,3,gru,64.83588600050112,43.9
2025-05-11,1,naive,40.9,43.9
2025-05-11,1,naive_carry,40.9,43.9
2025-05-11,1,seasonal_naive_7,37.2,43.9
2025-05-11,1,climatology,81.50422222222223,43.9
2025-05-11,1,gru,56.672196495162616,43.9
2025-05-11,2,naive,40.9,27.5
2025-05-11,2,naive_carry,40.9,27.5
2025-05-11,2,seasonal_naive_7,50.2,27.5
2025-05-11,2,climatology,81.40422222222223,27.5
2025-05-11,2,gru,66.94080192834484,27.5
2025-05-11,3,naive,40.9,66.0
2025-05-11,3,naive_carry,40.9,66.0
2025-05-11,3,seasonal_naive_7,52.0,66.0
2025-05-11,3,climatology,81.28922222222222,66.0
2025-05-11,3,gru,56.24365452795332,66.0
2025-05-12,1,naive,43.9,27.5
2025-05-12,1,naive_carry,43.9,27.5
2025-05-12,1,seasonal_naive_7,50.2,27.5
2025-05-12,1,climatology,81.40422222222223,27.5
2025-05-12,1,gru,54.5555660003294,27.5
2025-05-12,2,naive,43.9,66.0
2025-05-12,2,naive_carry,43.9,66.0
2025-05-12,2,seasonal_naive_7,52.0,66.0
2025-05-12,2,climatology,81.28922222222222,66.0
2025-05-12,2,gru,53.23672082683667,66.0
2025-05-12,3,naive,43.9,211.0
2025-05-12,3,naive_carry,43.9,211.0
2025-05-12,3,seasonal_naive_7,70.7,211.0
2025-05-12,3,climatology,92.75033333333334,211.0
2025-05-12,3,gru,54.94205626435307,211.0
2025-05-13,1,naive,27.5,66.0
2025-05-13,1,naive_carry,27.5,66.0
2025-05-13,1,seasonal_naive_7,52.0,66.0
2025-05-13,1,climatology,81.28922222222222,66.0
2025-05-13,1,gru,39.55161237193705,66.0
2025-05-13,2,naive,27.5,211.0
2025-05-13,2,naive_carry,27.5,211.0
2025-05-13,2,seasonal_naive_7,70.7,211.0
2025-05-13,2,climatology,92.75033333333334,211.0
2025-05-13,2,gru,46.85481015123133,211.0
2025-05-13,3,naive,27.5,80.9
2025-05-13,3,naive_carry,27.5,80.9
2025-05-13,3,seasonal_naive_7,72.3,80.9
2025-05-13,3,climatology,98.92011111111113,80.9
2025-05-13,3,gru,45.09802369122897,80.9
2025-05-14,1,naive,66.0,211.0
2025-05-14,1,naive_carry,66.0,211.0
2025-05-14,1,seasonal_naive_7,70.7,211.0
2025-05-14,1,climatology,92.75033333333334,211.0
2025-05-14,1,gru,61.46982159811551,211.0
2025-05-14,2,naive,66.0,80.9
2025-05-14,2,naive_carry,66.0,80.9
2025-05-14,2,seasonal_naive_7,72.3,80.9
2025-05-14,2,climatology,98.92011111111113,80.9
2025-05-14,2,gru,56.46691227269757,80.9
2025-05-15,1,naive,211.0,80.9
2025-05-15,1,naive_carry,211.0,80.9
2025-05-15,1,seasonal_naive_7,72.3,80.9
2025-05-15,1,climatology,98.92011111111113,80.9
2025-05-15,1,gru,113.75983865876815,80.9
2025-05-15,3,naive,211.0,57.2
2025-05-15,3,naive_carry,211.0,57.2
2025-05-15,3,seasonal_naive_7,40.9,57.2
2025-05-15,3,climatology,103.52055555555556,57.2
2025-05-15,3,gru,76.2503162283767,57.2
2025-05-16,2,naive,80.9,57.2
2025-05-16,2,naive_carry,80.9,57.2
2025-05-16,2,seasonal_naive_7,40.9,57.2
2025-05-16,2,climatology,103.52055555555556,57.2
2025-05-16,2,gru,76.33264604121777,57.2
2025-05-16,3,naive,80.9,74.0
2025-05-16,3,naive_carry,80.9,74.0
2025-05-16,3,seasonal_naive_7,43.9,74.0
2025-05-16,3,climatology,101.2338888888889,74.0
2025-05-16,3,gru,66.6936850948135,74.0
2025-05-17,1,naive,36.3,57.2
2025-05-17,1,naive_carry,36.3,57.2
2025-05-17,1,seasonal_naive_7,40.9,57.2
2025-05-17,1,climatology,103.52055555555556,57.2
2025-05-17,1,gru,51.42810160307909,57.2
2025-05-17,2,naive,36.3,74.0
2025-05-17,2,naive_carry,36.3,74.0
2025-05-17,2,seasonal_naive_7,43.9,74.0
2025-05-17,2,climatology,101.2338888888889,74.0
2025-05-17,2,gru,51.25051724265402,74.0
2025-05-17,3,naive,36.3,70.8
2025-05-17,3,naive_carry,36.3,70.8
2025-05-17,3,seasonal_naive_7,27.5,70.8
2025-05-17,3,climatology,95.61388888888888,70.8
2025-05-17,3,gru,55.00946561434677,70.8
2025-05-18,1,naive,57.2,74.0
2025-05-18,1,naive_carry,57.2,74.0
2025-05-18,1,seasonal_naive_7,43.9,74.0
2025-05-18,1,climatology,101.2338888888889,74.0
2025-05-18,1,gru,59.730315300396335,74.0
2025-05-18,2,naive,57.2,70.8
2025-05-18,2,naive_carry,57.2,70.8
2025-05-18,2,seasonal_naive_7,27.5,70.8
2025-05-18,2,climatology,95.61388888888888,70.8
2025-05-18,2,gru,54.385338807601116,70.8
2025-05-18,3,naive,57.2,59.5
2025-05-18,3,naive_carry,57.2,59.5
2025-05-18,3,seasonal_naive_7,66.0,59.5
2025-05-18,3,climatology,94.10444444444444,59.5
2025-05-18,3,gru,57.36871823151199,59.5
2025-05-19,1,naive,74.0,70.8
2025-05-19,1,naive_carry,74.0,70.8
2025-05-19,1,seasonal_naive_7,27.5,70.8
2025-05-19,1,climatology,95.61388888888888,70.8
2025-05-19,1,gru,70.90680043418841,70.8
2025-05-19,2,naive,74.0,59.5
2025-05-19,2,naive_carry,74.0,59.5
2025-05-19,2,seasonal_naive_7,66.0,59.5
2025-05-19,2,climatology,94.10444444444444,59.5
2025-05-19,2,gru,70.27362154228403,59.5
2025-05-19,3,naive,74.0,25.5
2025-05-19,3,naive_carry,74.0,25.5
2025-05-19,3,seasonal_naive_7,211.0,25.5
2025-05-19,3,climatology,92.32844444444444,25.5
2025-05-19,3,gru,57.04769598002301,25.5
2025-05-20,1,naive,70.8,59.5
2025-05-20,1,naive_carry,70.8,59.5
2025-05-20,1,seasonal_naive_7,66.0,59.5
2025-05-20,1,climatology,94.10444444444444,59.5
2025-05-20,1,gru,62.668326042131305,59.5
2025-05-20,2,naive,70.8,25.5
2025-05-20,2,naive_carry,70.8,25.5
2025-05-20,2,seasonal_naive_7,211.0,25.5
2025-05-20,2,climatology,92.32844444444444,25.5
2025-05-20,2,gru,64.19102902765997,25.5
2025-05-20,3,naive,70.8,41.4
2025-05-20,3,naive_carry,70.8,41.4
2025-05-20,3,seasonal_naive_7,80.9,41.4
2025-05-20,3,climatology,94.49233333333332,41.4
2025-05-20,3,gru,55.238677225957,41.4
2025-05-21,1,naive,59.5,25.5
2025-05-21,1,naive_carry,59.5,25.5
2025-05-21,1,seasonal_naive_7,211.0,25.5
2025-05-21,1,climatology,92.32844444444444,25.5
2025-05-21,1,gru,58.968182144650434,25.5
2025-05-21,2,naive,59.5,41.4
2025-05-21,2,naive_carry,59.5,41.4
2025-05-21,2,seasonal_naive_7,80.9,41.4
2025-05-21,2,climatology,94.49233333333332,41.4
2025-05-21,2,gru,60.80685037726872,41.4
2025-05-21,3,naive,59.5,53.1
2025-05-21,3,naive_carry,59.5,53.1
2025-05-21,3,seasonal_naive_7,36.3,53.1
2025-05-21,3,climatology,93.5012222222222,53.1
2025-05-21,3,gru,55.66002496148816,53.1
2025-05-22,1,naive,25.5,41.4
2025-05-22,1,naive_carry,25.5,41.4
2025-05-22,1,seasonal_naive_7,80.9,41.4
2025-05-22,1,climatology,94.49233333333332,41.4
2025-05-22,1,gru,32.37187149832747,41.4
2025-05-22,2,naive,25.5,53.1
2025-05-22,2,naive_carry,25.5,53.1
2025-05-22,2,seasonal_naive_7,36.3,53.1
2025-05-22,2,climatology,93.5012222222222,53.1
2025-05-22,2,gru,40.63421815632012,53.1
2025-05-22,3,naive,25.5,24.1
2025-05-22,3,naive_carry,25.5,24.1
2025-05-22,3,seasonal_naive_7,57.2,24.1
2025-05-22,3,climatology,92.73566666666667,24.1
2025-05-22,3,gru,45.9495844483514,24.1
2025-05-23,1,naive,41.4,53.1
2025-05-23,1,naive_carry,41.4,53.1
2025-05-23,1,seasonal_naive_7,36.3,53.1
2025-05-23,1,climatology,93.5012222222222,53.1
2025-05-23,1,gru,47.835740054144715,53.1
2025-05-23,2,naive,41.4,24.1
2025-05-23,2,naive_carry,41.4,24.1
2025-05-23,2,seasonal_naive_7,57.2,24.1
2025-05-23,2,climatology,92.73566666666667,24.1
2025-05-23,2,gru,49.42117279916206,24.1
2025-05-23,3,naive,41.4,46.7
2025-05-23,3,naive_carry,41.4,46.7
2025-05-23,3,seasonal_naive_7,74.0,46.7
2025-05-23,3,climatology,92.949,46.7
2025-05-23,3,gru,55.733737297796075,46.7
2025-05-24,1,naive,53.1,24.1
2025-05-24,1,naive_carry,53.1,24.1
2025-05-24,1,seasonal_naive_7,57.2,24.1
2025-05-24,1,climatology,92.73566666666667,24.1
2025-05-24,1,gru,50.48806137608414,24.1
2025-05-24,2,naive,53.1,46.7
2025-05-24,2,naive_carry,53.1,46.7
2025-05-24,2,seasonal_naive_7,74.0,46.7
2025-05-24,2,climatology,92.949,46.7
2025-05-24,2,gru,60.0762382103294,46.7
2025-05-24,3,naive,53.1,44.0
2025-05-24,3,naive_carry,53.1,44.0
2025-05-24,3,seasonal_naive_7,70.8,44.0
2025-05-24,3,climatology,91.62733333333334,44.0
2025-05-24,3,gru,52.82153443241227,44.0
2025-05-25,1,naive,24.1,46.7
2025-05-25,1,naive_carry,24.1,46.7
2025-05-25,1,seasonal_naive_7,74.0,46.7
2025-05-25,1,climatology,92.949,46.7
2025-05-25,1,gru,35.795494157891206,46.7
2025-05-25,2,naive,24.1,44.0
2025-05-25,2,naive_carry,24.1,44.0
2025-05-25,2,seasonal_naive_7,70.8,44.0
2025-05-25,2,climatology,91.62733333333334,44.0
2025-05-25,2,gru,43.59556720927367,44.0
2025-05-25,3,naive,24.1,53.1
2025-05-25,3,naive_carry,24.1,53.1
2025-05-25,3,seasonal_naive_7,59.5,53.1
2025-05-25,3,climatology,90.81,53.1
2025-05-25,3,gru,50.49127645955964,53.1
2025-05-26,1,naive,46.7,44.0
2025-05-26,1,naive_carry,46.7,44.0
2025-05-26,1,seasonal_naive_7,70.8,44.0
2025-05-26,1,climatology,91.62733333333334,44.0
2025-05-26,1,gru,52.06289976628817,44.0
2025-05-26,2,naive,46.7,53.1
2025-05-26,2,naive_carry,46.7,53.1
2025-05-26,2,seasonal_naive_7,59.5,53.1
2025-05-26,2,climatology,90.81,53.1
2025-05-26,2,gru,52.10497934795525,53.1
2025-05-26,3,naive,46.7,51.1
2025-05-26,3,naive_carry,46.7,51.1
2025-05-26,3,seasonal_naive_7,25.5,51.1
2025-05-26,3,climatology,88.23055555555555,51.1
2025-05-26,3,gru,60.2950472331009,51.1
2025-05-27,1,naive,44.0,53.1
2025-05-27,1,naive_carry,44.0,53.1
2025-05-27,1,seasonal_naive_7,59.5,53.1
2025-05-27,1,climatology,90.81,53.1
2025-05-27,1,gru,51.82600252973799,53.1
2025-05-27,2,naive,44.0,51.1
2025-05-27,2,naive_carry,44.0,51.1
2025-05-27,2,seasonal_naive_7,25.5,51.1
2025-05-27,2,climatology,88.23055555555555,51.1
2025-05-27,2,gru,61.38516602867575,51.1
2025-05-27,3,naive,44.0,58.5
2025-05-27,3,naive_carry,44.0,58.5
2025-05-27,3,seasonal_naive_7,41.4,58.5
2025-05-27,3,climatology,77.35322222222223,58.5
2025-05-27,3,gru,51.12560836999896,58.5
2025-05-28,1,naive,53.1,51.1
2025-05-28,1,naive_carry,53.1,51.1
2025-05-28,1,seasonal_naive_7,25.5,51.1
2025-05-28,1,climatology,88.23055555555555,51.1
2025-05-28,1,gru,53.94762126414507,51.1
2025-05-28,2,naive,53.1,58.5
2025-05-28,2,naive_carry,53.1,58.5
2025-05-28,2,seasonal_naive_7,41.4,58.5
2025-05-28,2,climatology,77.35322222222223,58.5
2025-05-28,2,gru,53.82468407355284,58.5
2025-05-28,3,naive,53.1,63.4
2025-05-28,3,naive_carry,53.1,63.4
2025-05-28,3,seasonal_naive_7,53.1,63.4
2025-05-28,3,climatology,67.28044444444444,63.4
2025-05-28,3,gru,48.78524412810454,63.4
2025-05-29,1,naive,51.1,58.5
2025-05-29,1,naive_carry,51.1,58.5
2025-05-29,1,seasonal_naive_7,41.4,58.5
2025-05-29,1,climatology,77.35322222222223,58.5
2025-05-29,1,gru,48.11417535856266,58.5
2025-05-29,2,naive,51.1,63.4
2025-05-29,2,naive_carry,51.1,63.4
2025-05-29,2,seasonal_naive_7,53.1,63.4
2025-05-29,2,climatology,67.28044444444444,63.4
2025-05-29,2,gru,55.43641498874764,63.4
2025-05-29,3,naive,51.1,46.1
2025-05-29,3,naive_carry,51.1,46.1
2025-05-29,3,seasonal_naive_7,24.1,46.1
2025-05-29,3,climatology,64.44877777777778,46.1
2025-05-29,3,gru,46.733903205910856,46.1
2025-05-30,1,naive,58.5,63.4
2025-05-30,1,naive_carry,58.5,63.4
2025-05-30,1,seasonal_naive_7,53.1,63.4
2025-05-30,1,climatology,67.28044444444444,63.4
2025-05-30,1,gru,53.25590902278312,63.4
2025-05-30,2,naive,58.5,46.1
2025-05-30,2,naive_carry,58.5,46.1
2025-05-30,2,seasonal_naive_7,24.1,46.1
2025-05-30,2,climatology,64.44877777777778,46.1
2025-05-30,2,gru,56.18811150830017,46.1
2025-05-30,3,naive,58.5,40.6
2025-05-30,3,naive_carry,58.5,40.6
2025-05-30,3,seasonal_naive_7,46.7,40.6
2025-05-30,3,climatology,60.02744444444444,40.6
2025-05-30,3,gru,54.78552905893919,40.6
2025-05-31,1,naive,63.4,46.1
2025-05-31,1,naive_carry,63.4,46.1
2025-05-31,1,seasonal_naive_7,24.1,46.1
2025-05-31,1,climatology,64.44877777777778,46.1
2025-05-31,1,gru,61.773619242821276,46.1
2025-05-31,2,naive,63.4,40.6
2025-05-31,2,naive_carry,63.4,40.6
2025-05-31,2,seasonal_naive_7,46.7,40.6
2025-05-31,2,climatology,60.02744444444444,40.6
2025-05-31,2,gru,58.96534340119288,40.6
2025-05-31,3,naive,63.4,38.2
2025-05-31,3,naive_carry,63.4,38.2
2025-05-31,3,seasonal_naive_7,44.0,38.2
2025-05-31,3,climatology,59.17277777777778,38.2
2025-05-31,3,gru,53.50892559438044,38.2
2025-06-01,1,naive,46.1,40.6
2025-06-01,1,naive_carry,46.1,40.6
2025-06-01,1,seasonal_naive_7,46.7,40.6
2025-06-01,1,climatology,60.02744444444444,40.6
2025-06-01,1,gru,39.79739750899435,40.6
2025-06-01,2,naive,46.1,38.2
2025-06-01,2,naive_carry,46.1,38.2
2025-06-01,2,seasonal_naive_7,44.0,38.2
2025-06-01,2,climatology,59.17277777777778,38.2
2025-06-01,2,gru,52.35834512896363,38.2
2025-06-01,3,naive,46.1,48.5
2025-06-01,3,naive_carry,46.1,48.5
2025-06-01,3,seasonal_naive_7,53.1,48.5
2025-06-01,3,climatology,59.47611111111111,48.5
2025-06-01,3,gru,49.949025611365826,48.5
2025-06-02,1,naive,40.6,38.2
2025-06-02,1,naive_carry,40.6,38.2
2025-06-02,1,seasonal_naive_7,44.0,38.2
2025-06-02,1,climatology,59.17277777777778,38.2
2025-06-02,1,gru,47.642275056680894,38.2
2025-06-02,2,naive,40.6,48.5
2025-06-02,2,naive_carry,40.6,48.5
2025-06-02,2,seasonal_naive_7,53.1,48.5
2025-06-02,2,climatology,59.47611111111111,48.5
2025-06-02,2,gru,49.718468230332995,48.5
2025-06-02,3,naive,40.6,42.1
2025-06-02,3,naive_carry,40.6,42.1
2025-06-02,3,seasonal_naive_7,51.1,42.1
2025-06-02,3,climatology,61.20611111111111,42.1
2025-06-02,3,gru,52.37159007589322,42.1
2025-06-03,1,naive,38.2,48.5
2025-06-03,1,naive_carry,38.2,48.5
2025-06-03,1,seasonal_naive_7,53.1,48.5
2025-06-03,1,climatology,59.47611111111111,48.5
2025-06-03,1,gru,44.38766101696223,48.5
2025-06-03,2,naive,38.2,42.1
2025-06-03,2,naive_carry,38.2,42.1
2025-06-03,2,seasonal_naive_7,51.1,42.1
2025-06-03,2,climatology,61.20611111111111,42.1
2025-06-03,2,gru,50.5292117673412,42.1
2025-06-03,3,naive,38.2,41.2
2025-06-03,3,naive_carry,38.2,41.2
2025-06-03,3,seasonal_naive_7,58.5,41.2
2025-06-03,3,climatology,63.544777777777774,41.2
2025-06-03,3,gru,52.92099049221352,41.2
2025-06-04,1,naive,48.5,42.1
2025-06-04,1,naive_carry,48.5,42.1
2025-06-04,1,seasonal_naive_7,51.1,42.1
2025-06-04,1,climatology,61.20611111111111,42.1
2025-06-04,1,gru,46.58796268202099,42.1
2025-06-04,2,naive,48.5,41.2
2025-06-04,2,naive_carry,48.5,41.2
2025-06-04,2,seasonal_naive_7,58.5,41.2
2025-06-04,2,climatology,63.544777777777774,41.2
2025-06-04,2,gru,55.32290270921375,41.2
2025-06-04,3,naive,48.5,60.2
2025-06-04,3,naive_carry,48.5,60.2
2025-06-04,3,seasonal_naive_7,63.4,60.2
2025-06-04,3,climatology,63.02977777777778,60.2
2025-06-04,3,gru,52.97767455644863,60.2
2025-06-05,1,naive,42.1,41.2
2025-06-05,1,naive_carry,42.1,41.2
2025-06-05,1,seasonal_naive_7,58.5,41.2
2025-06-05,1,climatology,63.544777777777774,41.2
2025-06-05,1,gru,49.02235380177611,41.2
2025-06-05,2,naive,42.1,60.2
2025-06-05,2,naive_carry,42.1,60.2
2025-06-05,2,seasonal_naive_7,63.4,60.2
2025-06-05,2,climatology,63.02977777777778,60.2
2025-06-05,2,gru,53.133171651916854,60.2
2025-06-05,3,naive,42.1,60.2
2025-06-05,3,naive_carry,42.1,60.2
2025-06-05,3,seasonal_naive_7,46.1,60.2
2025-06-05,3,climatology,63.94000000000001,60.2
2025-06-05,3,gru,47.85236200304793,60.2
2025-06-06,1,naive,41.2,60.2
2025-06-06,1,naive_carry,41.2,60.2
2025-06-06,1,seasonal_naive_7,63.4,60.2
2025-06-06,1,climatology,63.02977777777778,60.2
2025-06-06,1,gru,47.144889130688796,60.2
2025-06-06,2,naive,41.2,60.2
2025-06-06,2,naive_carry,41.2,60.2
2025-06-06,2,seasonal_naive_7,46.1,60.2
2025-06-06,2,climatology,63.94000000000001,60.2
2025-06-06,2,gru,46.86570486010061,60.2
2025-06-06,3,naive,41.2,64.5
2025-06-06,3,naive_carry,41.2,64.5
2025-06-06,3,seasonal_naive_7,40.6,64.5
2025-06-06,3,climatology,64.23555555555556,64.5
2025-06-06,3,gru,45.130716114808685,64.5
2025-06-07,1,naive,60.2,60.2
2025-06-07,1,naive_carry,60.2,60.2
2025-06-07,1,seasonal_naive_7,46.1,60.2
2025-06-07,1,climatology,63.94000000000001,60.2
2025-06-07,1,gru,52.22289636354328,60.2
2025-06-07,2,naive,60.2,64.5
2025-06-07,2,naive_carry,60.2,64.5
2025-06-07,2,seasonal_naive_7,40.6,64.5
2025-06-07,2,climatology,64.23555555555556,64.5
2025-06-07,2,gru,51.66690534299694,64.5
2025-06-07,3,naive,60.2,55.1
2025-06-07,3,naive_carry,60.2,55.1
2025-06-07,3,seasonal_naive_7,38.2,55.1
2025-06-07,3,climatology,66.39111111111112,55.1
2025-06-07,3,gru,45.222762045929436,55.1
2025-06-08,1,naive,60.2,64.5
2025-06-08,1,naive_carry,60.2,64.5
2025-06-08,1,seasonal_naive_7,40.6,64.5
2025-06-08,1,climatology,64.23555555555556,64.5
2025-06-08,1,gru,51.93282372211122,64.5
2025-06-08,2,naive,60.2,55.1
2025-06-08,2,naive_carry,60.2,55.1
2025-06-08,2,seasonal_naive_7,38.2,55.1
2025-06-08,2,climatology,66.39111111111112,55.1
2025-06-08,2,gru,51.46904749091776,55.1
2025-06-08,3,naive,60.2,70.4
2025-06-08,3,naive_carry,60.2,70.4
2025-06-08,3,seasonal_naive_7,48.5,70.4
2025-06-08,3,climatology,70.79011111111112,70.4
2025-06-08,3,gru,41.73877320251909,70.4
2025-06-09,1,naive,64.5,55.1
2025-06-09,1,naive_carry,64.5,55.1
2025-06-09,1,seasonal_naive_7,38.2,55.1
2025-06-09,1,climatology,66.39111111111112,55.1
2025-06-09,1,gru,45.74863509231718,55.1
2025-06-09,2,naive,64.5,70.4
2025-06-09,2,naive_carry,64.5,70.4
2025-06-09,2,seasonal_naive_7,48.5,70.4
2025-06-09,2,climatology,70.79011111111112,70.4
2025-06-09,2,gru,49.1070107295417,70.4
2025-06-09,3,naive,64.5,69.1
2025-06-09,3,naive_carry,64.5,69.1
2025-06-09,3,seasonal_naive_7,42.1,69.1
2025-06-09,3,climatology,69.8051111111111,69.1
2025-06-09,3,gru,40.81645395174138,69.1
2025-06-10,1,naive,55.1,70.4
2025-06-10,1,naive_carry,55.1,70.4
2025-06-10,1,seasonal_naive_7,48.5,70.4
2025-06-10,1,climatology,70.79011111111112,70.4
2025-06-10,1,gru,45.46282117178832,70.4
2025-06-10,2,naive,55.1,69.1
2025-06-10,2,naive_carry,55.1,69.1
2025-06-10,2,seasonal_naive_7,42.1,69.1
2025-06-10,2,climatology,69.8051111111111,69.1
2025-06-10,2,gru,46.85001117052459,69.1
2025-06-10,3,naive,55.1,54.5
2025-06-10,3,naive_carry,55.1,54.5
2025-06-10,3,seasonal_naive_7,41.2,54.5
2025-06-10,3,climatology,68.79066666666668,54.5
2025-06-10,3,gru,40.00832492830478,54.5
2025-06-11,1,naive,70.4,69.1
2025-06-11,1,naive_carry,70.4,69.1
2025-06-11,1,seasonal_naive_7,42.1,69.1
2025-06-11,1,climatology,69.8051111111111,69.1
2025-06-11,1,gru,55.13834512005992,69.1
2025-06-11,2,naive,70.4,54.5
2025-06-11,2,naive_carry,70.4,54.5
2025-06-11,2,seasonal_naive_7,41.2,54.5
2025-06-11,2,climatology,68.79066666666668,54.5
2025-06-11,2,gru,48.343568719441244,54.5
2025-06-11,3,naive,70.4,59.0
2025-06-11,3,naive_carry,70.4,59.0
2025-06-11,3,seasonal_naive_7,60.2,59.0
2025-06-11,3,climatology,66.39466666666667,59.0
2025-06-11,3,gru,43.59616584523032,59.0
2025-06-12,1,naive,69.1,54.5
2025-06-12,1,naive_carry,69.1,54.5
2025-06-12,1,seasonal_naive_7,41.2,54.5
2025-06-12,1,climatology,68.79066666666668,54.5
2025-06-12,1,gru,51.38760437030411,54.5
2025-06-12,2,naive,69.1,59.0
2025-06-12,2,naive_carry,69.1,59.0
2025-06-12,2,seasonal_naive_7,60.2,59.0
2025-06-12,2,climatology,66.39466666666667,59.0
2025-06-12,2,gru,50.02881563921581,59.0
2025-06-12,3,naive,69.1,38.3
2025-06-12,3,naive_carry,69.1,38.3
2025-06-12,3,seasonal_naive_7,60.2,38.3
2025-06-12,3,climatology,66.599,38.3
2025-06-12,3,gru,41.98791929023949,38.3
2025-06-13,1,naive,54.5,59.0
2025-06-13,1,naive_carry,54.5,59.0
2025-06-13,1,seasonal_naive_7,60.2,59.0
2025-06-13,1,climatology,66.39466666666667,59.0
2025-06-13,1,gru,42.99143280453421,59.0
2025-06-13,2,naive,54.5,38.3
2025-06-13,2,naive_carry,54.5,38.3
2025-06-13,2,seasonal_naive_7,60.2,38.3
2025-06-13,2,climatology,66.599,38.3
2025-06-13,2,gru,45.70550625997773,38.3
2025-06-13,3,naive,54.5,41.0
2025-06-13,3,naive_carry,54.5,41.0
2025-06-13,3,seasonal_naive_7,64.5,41.0
2025-06-13,3,climatology,66.51266666666666,41.0
2025-06-13,3,gru,40.928738971051956,41.0
2025-06-14,1,naive,59.0,38.3
2025-06-14,1,naive_carry,59.0,38.3
2025-06-14,1,seasonal_naive_7,60.2,38.3
2025-06-14,1,climatology,66.599,38.3
2025-06-14,1,gru,50.531186466409736,38.3
2025-06-14,2,naive,59.0,41.0
2025-06-14,2,naive_carry,59.0,41.0
2025-06-14,2,seasonal_naive_7,64.5,41.0
2025-06-14,2,climatology,66.51266666666666,41.0
2025-06-14,2,gru,44.85580827137383,41.0
2025-06-14,3,naive,59.0,32.7
2025-06-14,3,naive_carry,59.0,32.7
2025-06-14,3,seasonal_naive_7,55.1,32.7
2025-06-14,3,climatology,65.83355555555555,32.7
2025-06-14,3,gru,42.59019169410403,32.7
2025-06-15,1,naive,38.3,41.0
2025-06-15,1,naive_carry,38.3,41.0
2025-06-15,1,seasonal_naive_7,64.5,41.0
2025-06-15,1,climatology,66.51266666666666,41.0
2025-06-15,1,gru,38.10143021270146,41.0
2025-06-15,2,naive,38.3,32.7
2025-06-15,2,naive_carry,38.3,32.7
2025-06-15,2,seasonal_naive_7,55.1,32.7
2025-06-15,2,climatology,65.83355555555555,32.7
2025-06-15,2,gru,39.75912534633223,32.7
2025-06-15,3,naive,38.3,39.9
2025-06-15,3,naive_carry,38.3,39.9
2025-06-15,3,seasonal_naive_7,70.4,39.9
2025-06-15,3,climatology,65.58822222222223,39.9
2025-06-15,3,gru,40.03160559605631,39.9
2025-06-16,1,naive,41.0,32.7
2025-06-16,1,naive_carry,41.0,32.7
2025-06-16,1,seasonal_naive_7,55.1,32.7
2025-06-16,1,climatology,65.83355555555555,32.7
2025-06-16,1,gru,41.10552310779499,32.7
2025-06-16,2,naive,41.0,39.9
2025-06-16,2,naive_carry,41.0,39.9
2025-06-16,2,seasonal_naive_7,70.4,39.9
2025-06-16,2,climatology,65.58822222222223,39.9
2025-06-16,2,gru,41.60600175764795,39.9
2025-06-16,3,naive,41.0,32.2
2025-06-16,3,naive_carry,41.0,32.2
2025-06-16,3,seasonal_naive_7,69.1,32.2
2025-06-16,3,climatology,64.62488888888889,32.2
2025-06-16,3,gru,44.72731127374033,32.2
2025-06-17,1,naive,32.7,39.9
2025-06-17,1,naive_carry,32.7,39.9
2025-06-17,1,seasonal_naive_7,70.4,39.9
2025-06-17,1,climatology,65.58822222222223,39.9
2025-06-17,1,gru,39.71688221822965,39.9
2025-06-17,2,naive,32.7,32.2
2025-06-17,2,naive_carry,32.7,32.2
2025-06-17,2,seasonal_naive_7,69.1,32.2
2025-06-17,2,climatology,64.62488888888889,32.2
2025-06-17,2,gru,40.399865645217204,32.2
2025-06-17,3,naive,32.7,26.0
2025-06-17,3,naive_carry,32.7,26.0
2025-06-17,3,seasonal_naive_7,54.5,26.0
2025-06-17,3,climatology,62.68655555555555,26.0
2025-06-17,3,gru,41.79270251402946,26.0
2025-06-18,1,naive,39.9,32.2
2025-06-18,1,naive_carry,39.9,32.2
2025-06-18,1,seasonal_naive_7,69.1,32.2
2025-06-18,1,climatology,64.62488888888889,32.2
2025-06-18,1,gru,37.840878884935655,32.2
2025-06-18,2,naive,39.9,26.0
2025-06-18,2,naive_carry,39.9,26.0
2025-06-18,2,seasonal_naive_7,54.5,26.0
2025-06-18,2,climatology,62.68655555555555,26.0
2025-06-18,2,gru,42.78099946987405,26.0
2025-06-18,3,naive,39.9,29.3
2025-06-18,3,naive_carry,39.9,29.3
2025-06-18,3,seasonal_naive_7,59.0,29.3
2025-06-18,3,climatology,60.037222222222226,29.3
2025-06-18,3,gru,42.83594814001532,29.3
2025-06-19,1,naive,32.2,26.0
2025-06-19,1,naive_carry,32.2,26.0
2025-06-19,1,seasonal_naive_7,54.5,26.0
2025-06-19,1,climatology,62.68655555555555,26.0
2025-06-19,1,gru,34.662362033033,26.0
2025-06-19,2,naive,32.2,29.3
2025-06-19,2,naive_carry,32.2,29.3
2025-06-19,2,seasonal_naive_7,59.0,29.3
2025-06-19,2,climatology,60.037222222222226,29.3
2025-06-19,2,gru,41.58252986928834,29.3
2025-06-19,3,naive,32.2,33.0
2025-06-19,3,naive_carry,32.2,33.0
2025-06-19,3,seasonal_naive_7,38.3,33.0
2025-06-19,3,climatology,57.40255555555556,33.0
2025-06-19,3,gru,36.95913794230036,33.0
2025-06-20,1,naive,26.0,29.3
2025-06-20,1,naive_carry,26.0,29.3
2025-06-20,1,seasonal_naive_7,59.0,29.3
2025-06-20,1,climatology,60.037222222222226,29.3
2025-06-20,1,gru,31.4875226346366,29.3
2025-06-20,2,naive,26.0,33.0
2025-06-20,2,naive_carry,26.0,33.0
2025-06-20,2,seasonal_naive_7,38.3,33.0
2025-06-20,2,climatology,57.40255555555556,33.0
2025-06-20,2,gru,36.81410929414702,33.0
2025-06-20,3,naive,26.0,39.6
2025-06-20,3,naive_carry,26.0,39.6
2025-06-20,3,seasonal_naive_7,41.0,39.6
2025-06-20,3,climatology,55.43855555555556,39.6
2025-06-20,3,gru,35.767708614799844,39.6
2025-06-21,1,naive,29.3,33.0
2025-06-21,1,naive_carry,29.3,33.0
2025-06-21,1,seasonal_naive_7,38.3,33.0
2025-06-21,1,climatology,57.40255555555556,33.0
2025-06-21,1,gru,35.334343184677046,33.0
2025-06-21,2,naive,29.3,39.6
2025-06-21,2,naive_carry,29.3,39.6
2025-06-21,2,seasonal_naive_7,41.0,39.6
2025-06-21,2,climatology,55.43855555555556,39.6
2025-06-21,2,gru,36.408877617415996,39.6
2025-06-21,3,naive,29.3,42.0
2025-06-21,3,naive_carry,29.3,42.0
2025-06-21,3,seasonal_naive_7,32.7,42.0
2025-06-21,3,climatology,56.58522222222222,42.0
2025-06-21,3,gru,35.72728880749828,42.0
2025-06-22,1,naive,33.0,39.6
2025-06-22,1,naive_carry,33.0,39.6
2025-06-22,1,seasonal_naive_7,41.0,39.6
2025-06-22,1,climatology,55.43855555555556,39.6
2025-06-22,1,gru,31.274704576978607,39.6
2025-06-22,2,naive,33.0,42.0
2025-06-22,2,naive_carry,33.0,42.0
2025-06-22,2,seasonal_naive_7,32.7,42.0
2025-06-22,2,climatology,56.58522222222222,42.0
2025-06-22,2,gru,39.01928086064254,42.0
2025-06-22,3,naive,33.0,54.3
2025-06-22,3,naive_carry,33.0,54.3
2025-06-22,3,seasonal_naive_7,39.9,54.3
2025-06-22,3,climatology,53.02033333333333,54.3
2025-06-22,3,gru,34.71060498542668,54.3
2025-06-23,1,naive,39.6,42.0
2025-06-23,1,naive_carry,39.6,42.0
2025-06-23,1,seasonal_naive_7,32.7,42.0
2025-06-23,1,climatology,56.58522222222222,42.0
2025-06-23,1,gru,41.95004843510976,42.0
2025-06-23,2,naive,39.6,54.3
2025-06-23,2,naive_carry,39.6,54.3
2025-06-23,2,seasonal_naive_7,39.9,54.3
2025-06-23,2,climatology,53.02033333333333,54.3
2025-06-23,2,gru,40.38377682592954,54.3
2025-06-23,3,naive,39.6,29.0
2025-06-23,3,naive_carry,39.6,29.0
2025-06-23,3,seasonal_naive_7,32.2,29.0
2025-06-23,3,climatology,47.455000000000005,29.0
2025-06-23,3,gru,36.46623024148522,29.0
2025-06-24,1,naive,42.0,54.3
2025-06-24,1,naive_carry,42.0,54.3
2025-06-24,1,seasonal_naive_7,39.9,54.3
2025-06-24,1,climatology,53.02033333333333,54.3
2025-06-24,1,gru,36.15431057263308,54.3
2025-06-24,2,naive,42.0,29.0
2025-06-24,2,naive_carry,42.0,29.0
2025-06-24,2,seasonal_naive_7,32.2,29.0
2025-06-24,2,climatology,47.455000000000005,29.0
2025-06-24,2,gru,41.325292337327454,29.0
2025-06-24,3,naive,42.0,21.1
2025-06-24,3,naive_carry,42.0,21.1
2025-06-24,3,seasonal_naive_7,26.0,21.1
2025-06-24,3,climatology,47.876,21.1
2025-06-24,3,gru,35.916588353904295,21.1
2025-06-25,1,naive,54.3,29.0
2025-06-25,1,naive_carry,54.3,29.0
2025-06-25,1,seasonal_naive_7,32.2,29.0
2025-06-25,1,climatology,47.455000000000005,29.0
2025-06-25,1,gru,41.5364814679418,29.0
2025-06-25,2,naive,54.3,21.1
2025-06-25,2,naive_carry,54.3,21.1
2025-06-25,2,seasonal_naive_7,26.0,21.1
2025-06-25,2,climatology,47.876,21.1
2025-06-25,2,gru,44.611480995934166,21.1
2025-06-25,3,naive,54.3,25.8
2025-06-25,3,naive_carry,54.3,25.8
2025-06-25,3,seasonal_naive_7,29.3,25.8
2025-06-25,3,climatology,48.25266666666666,25.8
2025-06-25,3,gru,37.815786804078634,25.8
2025-06-26,1,naive,29.0,21.1
2025-06-26,1,naive_carry,29.0,21.1
2025-06-26,1,seasonal_naive_7,26.0,21.1
2025-06-26,1,climatology,47.876,21.1
2025-06-26,1,gru,31.579389306407197,21.1
2025-06-26,2,naive,29.0,25.8
2025-06-26,2,naive_carry,29.0,25.8
2025-06-26,2,seasonal_naive_7,29.3,25.8
2025-06-26,2,climatology,48.25266666666666,25.8
2025-06-26,2,gru,34.5425719247502,25.8
2025-06-26,3,naive,29.0,35.5
2025-06-26,3,naive_carry,29.0,35.5
2025-06-26,3,seasonal_naive_7,33.0,35.5
2025-06-26,3,climatology,47.14377777777778,35.5
2025-06-26,3,gru,31.972011911707174,35.5
2025-06-27,1,naive,21.1,25.8
2025-06-27,1,naive_carry,21.1,25.8
2025-06-27,1,seasonal_naive_7,29.3,25.8
2025-06-27,1,climatology,48.25266666666666,25.8
2025-06-27,1,gru,27.06135584422127,25.8
2025-06-27,2,naive,21.1,35.5
2025-06-27,2,naive_carry,21.1,35.5
2025-06-27,2,seasonal_naive_7,33.0,35.5
2025-06-27,2,climatology,47.14377777777778,35.5
2025-06-27,2,gru,28.313933773165587,35.5
2025-06-27,3,naive,21.1,28.1
2025-06-27,3,naive_carry,21.1,28.1
2025-06-27,3,seasonal_naive_7,39.6,28.1
2025-06-27,3,climatology,46.577777777777776,28.1
2025-06-27,3,gru,29.642365885065235,28.1
2025-06-28,1,naive,25.8,35.5
2025-06-28,1,naive_carry,25.8,35.5
2025-06-28,1,seasonal_naive_7,33.0,35.5
2025-06-28,1,climatology,47.14377777777778,35.5
2025-06-28,1,gru,29.873238789065645,35.5
2025-06-28,2,naive,25.8,28.1
2025-06-28,2,naive_carry,25.8,28.1
2025-06-28,2,seasonal_naive_7,39.6,28.1
2025-06-28,2,climatology,46.577777777777776,28.1
2025-06-28,2,gru,30.064505837619524,28.1
2025-06-28,3,naive,25.8,26.5
2025-06-28,3,naive_carry,25.8,26.5
2025-06-28,3,seasonal_naive_7,42.0,26.5
2025-06-28,3,climatology,46.00177777777778,26.5
2025-06-28,3,gru,32.63676992939312,26.5
2025-06-29,1,naive,35.5,28.1
2025-06-29,1,naive_carry,35.5,28.1
2025-06-29,1,seasonal_naive_7,39.6,28.1
2025-06-29,1,climatology,46.577777777777776,28.1
2025-06-29,1,gru,30.13633967299452,28.1
2025-06-29,2,naive,35.5,26.5
2025-06-29,2,naive_carry,35.5,26.5
2025-06-29,2,seasonal_naive_7,42.0,26.5
2025-06-29,2,climatology,46.00177777777778,26.5
2025-06-29,2,gru,38.410323587285355,26.5
2025-06-29,3,naive,35.5,25.0
2025-06-29,3,naive_carry,35.5,25.0
2025-06-29,3,seasonal_naive_7,54.3,25.0
2025-06-29,3,climatology,46.10844444444445,25.0
2025-06-29,3,gru,37.17755470518889,25.0
2025-06-30,1,naive,28.1,26.5
2025-06-30,1,naive_carry,28.1,26.5
2025-06-30,1,seasonal_naive_7,42.0,26.5
2025-06-30,1,climatology,46.00177777777778,26.5
2025-06-30,1,gru,34.80970484848172,26.5
2025-06-30,2,naive,28.1,25.0
2025-06-30,2,naive_carry,28.1,25.0
2025-06-30,2,seasonal_naive_7,54.3,25.0
2025-06-30,2,climatology,46.10844444444445,25.0
2025-06-30,2,gru,36.34406591116425,25.0
2025-06-30,3,naive,28.1,27.6
2025-06-30,3,naive_carry,28.1,27.6
2025-06-30,3,seasonal_naive_7,29.0,27.6
2025-06-30,3,climatology,45.199111111111115,27.6
2025-06-30,3,gru,35.369319263252486,27.6
2025-07-01,1,naive,26.5,25.0
2025-07-01,1,naive_carry,26.5,25.0
2025-07-01,1,seasonal_naive_7,54.3,25.0
2025-07-01,1,climatology,46.10844444444445,25.0
2025-07-01,1,gru,31.820486427506243,25.0
2025-07-01,2,naive,26.5,27.6
2025-07-01,2,naive_carry,26.5,27.6
2025-07-01,2,seasonal_naive_7,29.0,27.6
2025-07-01,2,climatology,45.199111111111115,27.6
2025-07-01,2,gru,31.404147275281566,27.6
2025-07-01,3,naive,26.5,25.9
2025-07-01,3,naive_carry,26.5,25.9
2025-07-01,3,seasonal_naive_7,21.1,25.9
2025-07-01,3,climatology,44.864444444444445,25.9
2025-07-01,3,gru,31.407719403829628,25.9
2025-07-02,1,naive,25.0,27.6
2025-07-02,1,naive_carry,25.0,27.6
2025-07-02,1,seasonal_naive_7,29.0,27.6
2025-07-02,1,climatology,45.199111111111115,27.6
2025-07-02,1,gru,25.54521930982148,27.6
2025-07-02,2,naive,25.0,25.9
2025-07-02,2,naive_carry,25.0,25.9
2025-07-02,2,seasonal_naive_7,21.1,25.9
2025-07-02,2,climatology,44.864444444444445,25.9
2025-07-02,2,gru,29.56285711199484,25.9
2025-07-02,3,naive,25.0,30.4
2025-07-02,3,naive_carry,25.0,30.4
2025-07-02,3,seasonal_naive_7,25.8,30.4
2025-07-02,3,climatology,43.45444444444445,30.4
2025-07-02,3,gru,28.479798260607488,30.4
2025-07-03,1,naive,27.6,25.9
2025-07-03,1,naive_carry,27.6,25.9
2025-07-03,1,seasonal_naive_7,21.1,25.9
2025-07-03,1,climatology,44.864444444444445,25.9
2025-07-03,1,gru,27.33112769245482,25.9
2025-07-03,2,naive,27.6,30.4
2025-07-03,2,naive_carry,27.6,30.4
2025-07-03,2,seasonal_naive_7,25.8,30.4
2025-07-03,2,climatology,43.45444444444445,30.4
2025-07-03,2,gru,30.829786064941132,30.4
2025-07-03,3,naive,27.6,30.4
2025-07-03,3,naive_carry,27.6,30.4
2025-07-03,3,seasonal_naive_7,35.5,30.4
2025-07-03,3,climatology,42.57111111111111,30.4
2025-07-03,3,gru,28.00254342939425,30.4
2025-07-04,1,naive,25.9,30.4
2025-07-04,1,naive_carry,25.9,30.4
2025-07-04,1,seasonal_naive_7,25.8,30.4
2025-07-04,1,climatology,43.45444444444445,30.4
2025-07-04,1,gru,30.91362881713724,30.4
2025-07-04,2,naive,25.9,30.4
2025-07-04,2,naive_carry,25.9,30.4
2025-07-04,2,seasonal_naive_7,35.5,30.4
2025-07-04,2,climatology,42.57111111111111,30.4
2025-07-04,2,gru,30.770596641767153,30.4
2025-07-04,3,naive,25.9,15.1
2025-07-04,3,naive_carry,25.9,15.1
2025-07-04,3,seasonal_naive_7,28.1,15.1
2025-07-04,3,climatology,41.880222222222216,15.1
2025-07-04,3,gru,29.12182492026909,15.1
2025-07-05,1,naive,30.4,30.4
2025-07-05,1,naive_carry,30.4,30.4
2025-07-05,1,seasonal_naive_7,35.5,30.4
2025-07-05,1,climatology,42.57111111111111,30.4
2025-07-05,1,gru,31.110184328165907,30.4
2025-07-05,2,naive,30.4,15.1
2025-07-05,2,naive_carry,30.4,15.1
2025-07-05,2,seasonal_naive_7,28.1,15.1
2025-07-05,2,climatology,41.880222222222216,15.1
2025-07-05,2,gru,29.663083815746713,15.1
2025-07-05,3,naive,30.4,28.4
2025-07-05,3,naive_carry,30.4,28.4
2025-07-05,3,seasonal_naive_7,26.5,28.4
2025-07-05,3,climatology,41.37888888888889,28.4
2025-07-05,3,gru,29.156348364133194,28.4
2025-07-06,1,naive,30.4,15.1
2025-07-06,1,naive_carry,30.4,15.1
2025-07-06,1,seasonal_naive_7,28.1,15.1
2025-07-06,1,climatology,41.880222222222216,15.1
2025-07-06,1,gru,26.7957167412783,15.1
2025-07-06,2,naive,30.4,28.4
2025-07-06,2,naive_carry,30.4,28.4
2025-07-06,2,seasonal_naive_7,26.5,28.4
2025-07-06,2,climatology,41.37888888888889,28.4
2025-07-06,2,gru,29.812205404313683,28.4
2025-07-06,3,naive,30.4,12.2
2025-07-06,3,naive_carry,30.4,12.2
2025-07-06,3,seasonal_naive_7,25.0,12.2
2025-07-06,3,climatology,40.31055555555555,12.2
2025-07-06,3,gru,27.93837147956674,12.2
2025-07-07,1,naive,15.1,28.4
2025-07-07,1,naive_carry,15.1,28.4
2025-07-07,1,seasonal_naive_7,26.5,28.4
2025-07-07,1,climatology,41.37888888888889,28.4
2025-07-07,1,gru,20.174653135381156,28.4
2025-07-07,2,naive,15.1,12.2
2025-07-07,2,naive_carry,15.1,12.2
2025-07-07,2,seasonal_naive_7,25.0,12.2
2025-07-07,2,climatology,40.31055555555555,12.2
2025-07-07,2,gru,22.40602207823129,12.2
2025-07-07,3,naive,15.1,13.6
2025-07-07,3,naive_carry,15.1,13.6
2025-07-07,3,seasonal_naive_7,27.6,13.6
2025-07-07,3,climatology,39.65322222222222,13.6
2025-07-07,3,gru,24.63162104485466,13.6
2025-07-08,1,naive,28.4,12.2
2025-07-08,1,naive_carry,28.4,12.2
2025-07-08,1,seasonal_naive_7,25.0,12.2
2025-07-08,1,climatology,40.31055555555555,12.2
2025-07-08,1,gru,26.781874188724295,12.2
2025-07-08,2,naive,28.4,13.6
2025-07-08,2,naive_carry,28.4,13.6
2025-07-08,2,seasonal_naive_7,27.6,13.6
2025-07-08,2,climatology,39.65322222222222,13.6
2025-07-08,2,gru,27.464007911825835,13.6
2025-07-08,3,naive,28.4,29.9
2025-07-08,3,naive_carry,28.4,29.9
2025-07-08,3,seasonal_naive_7,25.9,29.9
2025-07-08,3,climatology,39.27988888888888,29.9
2025-07-08,3,gru,27.454050929926684,29.9
2025-07-09,1,naive,12.2,13.6
2025-07-09,1,naive_carry,12.2,13.6
2025-07-09,1,seasonal_naive_7,27.6,13.6
2025-07-09,1,climatology,39.65322222222222,13.6
2025-07-09,1,gru,17.640861301229062,13.6
2025-07-09,2,naive,12.2,29.9
2025-07-09,2,naive_carry,12.2,29.9
2025-07-09,2,seasonal_naive_7,25.9,29.9
2025-07-09,2,climatology,39.27988888888888,29.9
2025-07-09,2,gru,20.350026670779574,29.9
2025-07-09,3,naive,12.2,30.0
2025-07-09,3,naive_carry,12.2,30.0
2025-07-09,3,seasonal_naive_7,30.4,30.0
2025-07-09,3,climatology,38.979888888888894,30.0
2025-07-09,3,gru,22.932177990699113,30.0
2025-07-10,1,naive,13.6,29.9
2025-07-10,1,naive_carry,13.6,29.9
2025-07-10,1,seasonal_naive_7,25.9,29.9
2025-07-10,1,climatology,39.27988888888888,29.9
2025-07-10,1,gru,20.294396521776125,29.9
2025-07-10,2,naive,13.6,30.0
2025-07-10,2,naive_carry,13.6,30.0
2025-07-10,2,seasonal_naive_7,30.4,30.0
2025-07-10,2,climatology,38.979888888888894,30.0
2025-07-10,2,gru,21.77952738408618,30.0
2025-07-10,3,naive,13.6,27.9
2025-07-10,3,naive_carry,13.6,27.9
2025-07-10,3,seasonal_naive_7,30.4,27.9
2025-07-10,3,climatology,37.776555555555554,27.9
2025-07-10,3,gru,25.758937710995447,27.9
2025-07-11,1,naive,29.9,30.0
2025-07-11,1,naive_carry,29.9,30.0
2025-07-11,1,seasonal_naive_7,30.4,30.0
2025-07-11,1,climatology,38.979888888888894,30.0
2025-07-11,1,gru,24.030736453853997,30.0
2025-07-11,2,naive,29.9,27.9
2025-07-11,2,naive_carry,29.9,27.9
2025-07-11,2,seasonal_naive_7,30.4,27.9
2025-07-11,2,climatology,37.776555555555554,27.9
2025-07-11,2,gru,28.329734880480867,27.9
2025-07-11,3,naive,29.9,18.1
2025-07-11,3,naive_carry,29.9,18.1
2025-07-11,3,seasonal_naive_7,15.1,18.1
2025-07-11,3,climatology,37.52144444444445,18.1
2025-07-11,3,gru,29.221378279919648,18.1
2025-07-12,1,naive,30.0,27.9
2025-07-12,1,naive_carry,30.0,27.9
2025-07-12,1,seasonal_naive_7,30.4,27.9
2025-07-12,1,climatology,37.776555555555554,27.9
2025-07-12,1,gru,30.27135858823626,27.9
2025-07-12,2,naive,30.0,18.1
2025-07-12,2,naive_carry,30.0,18.1
2025-07-12,2,seasonal_naive_7,15.1,18.1
2025-07-12,2,climatology,37.52144444444445,18.1
2025-07-12,2,gru,29.797770716624942,18.1
2025-07-12,3,naive,30.0,15.5
2025-07-12,3,naive_carry,30.0,15.5
2025-07-12,3,seasonal_naive_7,28.4,15.5
2025-07-12,3,climatology,37.04744444444445,15.5
2025-07-12,3,gru,27.30743737336692,15.5
2025-07-13,1,naive,27.9,18.1
2025-07-13,1,naive_carry,27.9,18.1
2025-07-13,1,seasonal_naive_7,15.1,18.1
2025-07-13,1,climatology,37.52144444444445,18.1
2025-07-13,1,gru,28.933135101468928,18.1
2025-07-13,2,naive,27.9,15.5
2025-07-13,2,naive_carry,27.9,15.5
2025-07-13,2,seasonal_naive_7,28.4,15.5
2025-07-13,2,climatology,37.04744444444445,15.5
2025-07-13,2,gru,28.958987937347494,15.5
2025-07-13,3,naive,27.9,25.0
2025-07-13,3,naive_carry,27.9,25.0
2025-07-13,3,seasonal_naive_7,12.2,25.0
2025-07-13,3,climatology,36.62877777777778,25.0
2025-07-13,3,gru,27.605578769326975,25.0
2025-07-14,1,naive,18.1,15.5
2025-07-14,1,naive_carry,18.1,15.5
2025-07-14,1,seasonal_naive_7,28.4,15.5
2025-07-14,1,climatology,37.04744444444445,15.5
2025-07-14,1,gru,16.780557111166463,15.5
2025-07-14,2,naive,18.1,25.0
2025-07-14,2,naive_carry,18.1,25.0
2025-07-14,2,seasonal_naive_7,12.2,25.0
2025-07-14,2,climatology,36.62877777777778,25.0
2025-07-14,2,gru,23.223244095741308,25.0
2025-07-14,3,naive,18.1,18.8
2025-07-14,3,naive_carry,18.1,18.8
2025-07-14,3,seasonal_naive_7,13.6,18.8
2025-07-14,3,climatology,36.02522222222222,18.8
2025-07-14,3,gru,24.249490956353682,18.8
2025-07-15,1,naive,15.5,25.0
2025-07-15,1,naive_carry,15.5,25.0
2025-07-15,1,seasonal_naive_7,12.2,25.0
2025-07-15,1,climatology,36.62877777777778,25.0
2025-07-15,1,gru,19.494640257770477,25.0
2025-07-15,2,naive,15.5,18.8
2025-07-15,2,naive_carry,15.5,18.8
2025-07-15,2,seasonal_naive_7,13.6,18.8
2025-07-15,2,climatology,36.02522222222222,18.8
2025-07-15,2,gru,23.336485625573005,18.8
2025-07-15,3,naive,15.5,22.2
2025-07-15,3,naive_carry,15.5,22.2
2025-07-15,3,seasonal_naive_7,29.9,22.2
2025-07-15,3,climatology,34.977888888888884,22.2
2025-07-15,3,gru,23.782791576488368,22.2
2025-07-16,1,naive,25.0,18.8
2025-07-16,1,naive_carry,25.0,18.8
2025-07-16,1,seasonal_naive_7,13.6,18.8
2025-07-16,1,climatology,36.02522222222222,18.8
2025-07-16,1,gru,29.15317448608134,18.8
2025-07-16,2,naive,25.0,22.2
2025-07-16,2,naive_carry,25.0,22.2
2025-07-16,2,seasonal_naive_7,29.9,22.2
2025-07-16,2,climatology,34.977888888888884,22.2
2025-07-16,2,gru,28.628342876391546,22.2
2025-07-16,3,naive,25.0,18.0
2025-07-16,3,naive_carry,25.0,18.0
2025-07-16,3,seasonal_naive_7,30.0,18.0
2025-07-16,3,climatology,34.239222222222224,18.0
2025-07-16,3,gru,29.52898901628754,18.0
2025-07-17,1,naive,18.8,22.2
2025-07-17,1,naive_carry,18.8,22.2
2025-07-17,1,seasonal_naive_7,29.9,22.2
2025-07-17,1,climatology,34.977888888888884,22.2
2025-07-17,1,gru,20.237767715870106,22.2
2025-07-17,2,naive,18.8,18.0
2025-07-17,2,naive_carry,18.8,18.0
2025-07-17,2,seasonal_naive_7,30.0,18.0
2025-07-17,2,climatology,34.239222222222224,18.0
2025-07-17,2,gru,24.320820938160058,18.0
2025-07-17,3,naive,18.8,21.0
2025-07-17,3,naive_carry,18.8,21.0
2025-07-17,3,seasonal_naive_7,27.9,21.0
2025-07-17,3,climatology,34.21588888888889,21.0
2025-07-17,3,gru,25.322743606907846,21.0
2025-07-18,1,naive,22.2,18.0
2025-07-18,1,naive_carry,22.2,18.0
2025-07-18,1,seasonal_naive_7,30.0,18.0
2025-07-18,1,climatology,34.239222222222224,18.0
2025-07-18,1,gru,23.2573504803545,18.0
2025-07-18,2,naive,22.2,21.0
2025-07-18,2,naive_carry,22.2,21.0
2025-07-18,2,seasonal_naive_7,27.9,21.0
2025-07-18,2,climatology,34.21588888888889,21.0
2025-07-18,2,gru,26.230163925068148,21.0
2025-07-18,3,naive,22.2,30.9
2025-07-18,3,naive_carry,22.2,30.9
2025-07-18,3,seasonal_naive_7,18.1,30.9
2025-07-18,3,climatology,34.794222222222224,30.9
2025-07-18,3,gru,26.211817126932708,30.9
2025-07-19,1,naive,18.0,21.0
2025-07-19,1,naive_carry,18.0,21.0
2025-07-19,1,seasonal_naive_7,27.9,21.0
2025-07-19,1,climatology,34.21588888888889,21.0
2025-07-19,1,gru,22.68604652531919,21.0
2025-07-19,2,naive,18.0,30.9
2025-07-19,2,naive_carry,18.0,30.9
2025-07-19,2,seasonal_naive_7,18.1,30.9
2025-07-19,2,climatology,34.794222222222224,30.9
2025-07-19,2,gru,24.568917682778356,30.9
2025-07-19,3,naive,18.0,31.0
2025-07-19,3,naive_carry,18.0,31.0
2025-07-19,3,seasonal_naive_7,15.5,31.0
2025-07-19,3,climatology,34.01811111111111,31.0
2025-07-19,3,gru,24.315288871808473,31.0
2025-07-20,1,naive,21.0,30.9
2025-07-20,1,naive_carry,21.0,30.9
2025-07-20,1,seasonal_naive_7,18.1,30.9
2025-07-20,1,climatology,34.794222222222224,30.9
2025-07-20,1,gru,25.49109271828477,30.9
2025-07-20,2,naive,21.0,31.0
2025-07-20,2,naive_carry,21.0,31.0
2025-07-20,2,seasonal_naive_7,15.5,31.0
2025-07-20,2,climatology,34.01811111111111,31.0
2025-07-20,2,gru,24.930288509618958,31.0
2025-07-20,3,naive,21.0,16.9
2025-07-20,3,naive_carry,21.0,16.9
2025-07-20,3,seasonal_naive_7,25.0,16.9
2025-07-20,3,climatology,39.56377777777778,16.9
2025-07-20,3,gru,25.396866233859825,16.9
2025-07-21,1,naive,30.9,31.0
2025-07-21,1,naive_carry,30.9,31.0
2025-07-21,1,seasonal_naive_7,15.5,31.0
2025-07-21,1,climatology,34.01811111111111,31.0
2025-07-21,1,gru,24.617393481887337,31.0
2025-07-21,2,naive,30.9,16.9
2025-07-21,2,naive_carry,30.9,16.9
2025-07-21,2,seasonal_naive_7,25.0,16.9
2025-07-21,2,climatology,39.56377777777778,16.9
2025-07-21,2,gru,27.775859602021345,16.9
2025-07-21,3,naive,30.9,28.3
2025-07-21,3,naive_carry,30.9,28.3
2025-07-21,3,seasonal_naive_7,18.8,28.3
2025-07-21,3,climatology,36.91544444444444,28.3
2025-07-21,3,gru,27.009875079533675,28.3
2025-07-22,1,naive,31.0,16.9
2025-07-22,1,naive_carry,31.0,16.9
2025-07-22,1,seasonal_naive_7,25.0,16.9
2025-07-22,1,climatology,39.56377777777778,16.9
2025-07-22,1,gru,31.127344054627383,16.9
2025-07-22,2,naive,31.0,28.3
2025-07-22,2,naive_carry,31.0,28.3
2025-07-22,2,seasonal_naive_7,18.8,28.3
2025-07-22,2,climatology,36.91544444444444,28.3
2025-07-22,2,gru,28.11123047917093,28.3
2025-07-22,3,naive,31.0,33.0
2025-07-22,3,naive_carry,31.0,33.0
2025-07-22,3,seasonal_naive_7,22.2,33.0
2025-07-22,3,climatology,36.85544444444445,33.0
2025-07-22,3,gru,26.993101814635253,33.0
2025-07-23,1,naive,16.9,28.3
2025-07-23,1,naive_carry,16.9,28.3
2025-07-23,1,seasonal_naive_7,18.8,28.3
2025-07-23,1,climatology,36.91544444444444,28.3
2025-07-23,1,gru,20.643261577174297,28.3
2025-07-23,2,naive,16.9,33.0
2025-07-23,2,naive_carry,16.9,33.0
2025-07-23,2,seasonal_naive_7,22.2,33.0
2025-07-23,2,climatology,36.85544444444445,33.0
2025-07-23,2,gru,21.247240929486395,33.0
2025-07-23,3,naive,16.9,22.9
2025-07-23,3,naive_carry,16.9,22.9
2025-07-23,3,seasonal_naive_7,18.0,22.9
2025-07-23,3,climatology,37.35677777777778,22.9
2025-07-23,3,gru,23.213903545219743,22.9
2025-07-24,1,naive,28.3,33.0
2025-07-24,1,naive_carry,28.3,33.0
2025-07-24,1,seasonal_naive_7,22.2,33.0
2025-07-24,1,climatology,36.85544444444445,33.0
2025-07-24,1,gru,21.176028903010074,33.0
2025-07-24,2,naive,28.3,22.9
2025-07-24,2,naive_carry,28.3,22.9
2025-07-24,2,seasonal_naive_7,18.0,22.9
2025-07-24,2,climatology,37.35677777777778,22.9
2025-07-24,2,gru,25.022423354213704,22.9
2025-07-24,3,naive,28.3,24.4
2025-07-24,3,naive_carry,28.3,24.4
2025-07-24,3,seasonal_naive_7,21.0,24.4
2025-07-24,3,climatology,37.358555555555554,24.4
2025-07-24,3,gru,24.322270813039136,24.4
2025-07-25,1,naive,33.0,22.9
2025-07-25,1,naive_carry,33.0,22.9
2025-07-25,1,seasonal_naive_7,18.0,22.9
2025-07-25,1,climatology,37.35677777777778,22.9
2025-07-25,1,gru,29.99376737003463,22.9
2025-07-25,2,naive,33.0,24.4
2025-07-25,2,naive_carry,33.0,24.4
2025-07-25,2,seasonal_naive_7,21.0,24.4
2025-07-25,2,climatology,37.358555555555554,24.4
2025-07-25,2,gru,27.386400956513885,24.4
2025-07-25,3,naive,33.0,32.1
2025-07-25,3,naive_carry,33.0,32.1
2025-07-25,3,seasonal_naive_7,30.9,32.1
2025-07-25,3,climatology,38.23077777777778,32.1
2025-07-25,3,gru,24.338263656211506,32.1
2025-07-26,1,naive,22.9,24.4
2025-07-26,1,naive_carry,22.9,24.4
2025-07-26,1,seasonal_naive_7,21.0,24.4
2025-07-26,1,climatology,37.358555555555554,24.4
2025-07-26,1,gru,28.785681959574553,24.4
2025-07-26,2,naive,22.9,32.1
2025-07-26,2,naive_carry,22.9,32.1
2025-07-26,2,seasonal_naive_7,30.9,32.1
2025-07-26,2,climatology,38.23077777777778,32.1
2025-07-26,2,gru,23.51105605470084,32.1
2025-07-26,3,naive,22.9,17.8
2025-07-26,3,naive_carry,22.9,17.8
2025-07-26,3,seasonal_naive_7,31.0,17.8
2025-07-26,3,climatology,38.338111111111104,17.8
2025-07-26,3,gru,23.630240398633227,17.8
2025-07-27,1,naive,24.4,32.1
2025-07-27,1,naive_carry,24.4,32.1
2025-07-27,1,seasonal_naive_7,30.9,32.1
2025-07-27,1,climatology,38.23077777777778,32.1
2025-07-27,1,gru,17.35158218810743,32.1
2025-07-27,2,naive,24.4,17.8
2025-07-27,2,naive_carry,24.4,17.8
2025-07-27,2,seasonal_naive_7,31.0,17.8
2025-07-27,2,climatology,38.338111111111104,17.8
2025-07-27,2,gru,22.415637624785727,17.8
2025-07-27,3,naive,24.4,18.9
2025-07-27,3,naive_carry,24.4,18.9
2025-07-27,3,seasonal_naive_7,16.9,18.9
2025-07-27,3,climatology,38.83877777777778,18.9
2025-07-27,3,gru,22.074409622594672,18.9
2025-07-28,1,naive,32.1,17.8
2025-07-28,1,naive_carry,32.1,17.8
2025-07-28,1,seasonal_naive_7,31.0,17.8
2025-07-28,1,climatology,38.338111111111104,17.8
2025-07-28,1,gru,33.15669378604589,17.8
2025-07-28,2,naive,32.1,18.9
2025-07-28,2,naive_carry,32.1,18.9
2025-07-28,2,seasonal_naive_7,16.9,18.9
2025-07-28,2,climatology,38.83877777777778,18.9
2025-07-28,2,gru,25.1826284672841,18.9
2025-07-28,3,naive,32.1,15.0
2025-07-28,3,naive_carry,32.1,15.0
2025-07-28,3,seasonal_naive_7,28.3,15.0
2025-07-28,3,climatology,38.80291111111111,15.0
2025-07-28,3,gru,23.848914614019197,15.0
2025-07-29,1,naive,17.8,18.9
2025-07-29,1,naive_carry,17.8,18.9
2025-07-29,1,seasonal_naive_7,16.9,18.9
2025-07-29,1,climatology,38.83877777777778,18.9
2025-07-29,1,gru,17.37391345706443,18.9
2025-07-29,2,naive,17.8,15.0
2025-07-29,2,naive_carry,17.8,15.0
2025-07-29,2,seasonal_naive_7,28.3,15.0
2025-07-29,2,climatology,38.80291111111111,15.0
2025-07-29,2,gru,20.60436989035311,15.0
2025-07-29,3,naive,17.8,16.2
2025-07-29,3,naive_carry,17.8,16.2
2025-07-29,3,seasonal_naive_7,33.0,16.2
2025-07-29,3,climatology,38.13091111111111,16.2
2025-07-29,3,gru,22.45479534848758,16.2
2025-07-30,1,naive,18.9,15.0
2025-07-30,1,naive_carry,18.9,15.0
2025-07-30,1,seasonal_naive_7,28.3,15.0
2025-07-30,1,climatology,38.80291111111111,15.0
2025-07-30,1,gru,20.289071008168055,15.0
2025-07-30,2,naive,18.9,16.2
2025-07-30,2,naive_carry,18.9,16.2
2025-07-30,2,seasonal_naive_7,33.0,16.2
2025-07-30,2,climatology,38.13091111111111,16.2
2025-07-30,2,gru,21.80377719927243,16.2
2025-07-30,3,naive,18.9,22.8
2025-07-30,3,naive_carry,18.9,22.8
2025-07-30,3,seasonal_naive_7,22.9,22.8
2025-07-30,3,climatology,38.40757777777778,22.8
2025-07-30,3,gru,22.64512569375026,22.8
2025-07-31,1,naive,15.0,16.2
2025-07-31,1,naive_carry,15.0,16.2
2025-07-31,1,seasonal_naive_7,33.0,16.2
2025-07-31,1,climatology,38.13091111111111,16.2
2025-07-31,1,gru,18.189065063027137,16.2
2025-07-31,2,naive,15.0,22.8
2025-07-31,2,naive_carry,15.0,22.8
2025-07-31,2,seasonal_naive_7,22.9,22.8
2025-07-31,2,climatology,38.40757777777778,22.8
2025-07-31,2,gru,20.115770972616765,22.8
2025-07-31,3,naive,15.0,24.9
2025-07-31,3,naive_carry,15.0,24.9
2025-07-31,3,seasonal_naive_7,24.4,24.9
2025-07-31,3,climatology,38.09557777777778,24.9
2025-07-31,3,gru,21.909209392936443,24.9
2025-08-01,1,naive,16.2,22.8
2025-08-01,1,naive_carry,16.2,22.8
2025-08-01,1,seasonal_naive_7,22.9,22.8
2025-08-01,1,climatology,38.40757777777778,22.8
2025-08-01,1,gru,17.741721973635862,22.8
2025-08-01,2,naive,16.2,24.9
2025-08-01,2,naive_carry,16.2,24.9
2025-08-01,2,seasonal_naive_7,24.4,24.9
2025-08-01,2,climatology,38.09557777777778,24.9
2025-08-01,2,gru,20.502376659002586,24.9
2025-08-01,3,naive,16.2,25.5
2025-08-01,3,naive_carry,16.2,25.5
2025-08-01,3,seasonal_naive_7,32.1,25.5
2025-08-01,3,climatology,37.79224444444445,25.5
2025-08-01,3,gru,21.299579689457712,25.5
2025-08-02,1,naive,22.8,24.9
2025-08-02,1,naive_carry,22.8,24.9
2025-08-02,1,seasonal_naive_7,24.4,24.9
2025-08-02,1,climatology,38.09557777777778,24.9
2025-08-02,1,gru,19.865393229363917,24.9
2025-08-02,2,naive,22.8,25.5
2025-08-02,2,naive_carry,22.8,25.5
2025-08-02,2,seasonal_naive_7,32.1,25.5
2025-08-02,2,climatology,37.79224444444445,25.5
2025-08-02,2,gru,23.568527746079642,25.5
2025-08-02,3,naive,22.8,23.5
2025-08-02,3,naive_carry,22.8,23.5
2025-08-02,3,seasonal_naive_7,17.8,23.5
2025-08-02,3,climatology,36.36924444444445,23.5
2025-08-02,3,gru,22.78627684513368,23.5
2025-08-03,1,naive,24.9,25.5
2025-08-03,1,naive_carry,24.9,25.5
2025-08-03,1,seasonal_naive_7,32.1,25.5
2025-08-03,1,climatology,37.79224444444445,25.5
2025-08-03,1,gru,26.021434391046096,25.5
2025-08-03,2,naive,24.9,23.5
2025-08-03,2,naive_carry,24.9,23.5
2025-08-03,2,seasonal_naive_7,17.8,23.5
2025-08-03,2,climatology,36.36924444444445,23.5
2025-08-03,2,gru,26.9745682259381,23.5
2025-08-03,3,naive,24.9,27.3
2025-08-03,3,naive_carry,24.9,27.3
2025-08-03,3,seasonal_naive_7,18.9,27.3
2025-08-03,3,climatology,36.37491111111111,27.3
2025-08-03,3,gru,24.550157367415572,27.3
2025-08-04,1,naive,25.5,23.5
2025-08-04,1,naive_carry,25.5,23.5
2025-08-04,1,seasonal_naive_7,17.8,23.5
2025-08-04,1,climatology,36.36924444444445,23.5
2025-08-04,1,gru,24.393315189570412,23.5
2025-08-04,2,naive,25.5,27.3
2025-08-04,2,naive_carry,25.5,27.3
2025-08-04,2,seasonal_naive_7,18.9,27.3
2025-08-04,2,climatology,36.37491111111111,27.3
2025-08-04,2,gru,27.272822433285032,27.3
2025-08-04,3,naive,25.5,22.7
2025-08-04,3,naive_carry,25.5,22.7
2025-08-04,3,seasonal_naive_7,15.0,22.7
2025-08-04,3,climatology,30.364355555555555,22.7
2025-08-04,3,gru,25.730585209975704,22.7
2025-08-05,1,naive,23.5,27.3
2025-08-05,1,naive_carry,23.5,27.3
2025-08-05,1,seasonal_naive_7,18.9,27.3
2025-08-05,1,climatology,36.37491111111111,27.3
2025-08-05,1,gru,23.615585326174426,27.3
2025-08-05,2,naive,23.5,22.7
2025-08-05,2,naive_carry,23.5,22.7
2025-08-05,2,seasonal_naive_7,15.0,22.7
2025-08-05,2,climatology,30.364355555555555,22.7
2025-08-05,2,gru,25.698237854684674,22.7
2025-08-05,3,naive,23.5,24.8
2025-08-05,3,naive_carry,23.5,24.8
2025-08-05,3,seasonal_naive_7,16.2,24.8
2025-08-05,3,climatology,30.433244444444444,24.8
2025-08-05,3,gru,25.578296439645303,24.8
2025-08-06,1,naive,27.3,22.7
2025-08-06,1,naive_carry,27.3,22.7
2025-08-06,1,seasonal_naive_7,15.0,22.7
2025-08-06,1,climatology,30.364355555555555,22.7
2025-08-06,1,gru,28.89139157055059,22.7
2025-08-06,2,naive,27.3,24.8
2025-08-06,2,naive_carry,27.3,24.8
2025-08-06,2,seasonal_naive_7,16.2,24.8
2025-08-06,2,climatology,30.433244444444444,24.8
2025-08-06,2,gru,26.925524382707934,24.8
2025-08-06,3,naive,27.3,17.8
2025-08-06,3,naive_carry,27.3,17.8
2025-08-06,3,seasonal_naive_7,22.8,17.8
2025-08-06,3,climatology,30.21591111111111,17.8
2025-08-06,3,gru,26.40701323032861,17.8
2025-08-07,1,naive,22.7,24.8
2025-08-07,1,naive_carry,22.7,24.8
2025-08-07,1,seasonal_naive_7,16.2,24.8
2025-08-07,1,climatology,30.433244444444444,24.8
2025-08-07,1,gru,19.228726405677182,24.8
2025-08-07,2,naive,22.7,17.8
2025-08-07,2,naive_carry,22.7,17.8
2025-08-07,2,seasonal_naive_7,22.8,17.8
2025-08-07,2,climatology,30.21591111111111,17.8
2025-08-07,2,gru,23.160091224878173,17.8
2025-08-07,3,naive,22.7,29.4
2025-08-07,3,naive_carry,22.7,29.4
2025-08-07,3,seasonal_naive_7,24.9,29.4
2025-08-07,3,climatology,29.119111111111113,29.4
2025-08-07,3,gru,23.49134981990873,29.4
2025-08-08,1,naive,24.8,17.8
2025-08-08,1,naive_carry,24.8,17.8
2025-08-08,1,seasonal_naive_7,22.8,17.8
2025-08-08,1,climatology,30.21591111111111,17.8
2025-08-08,1,gru,27.472583974006433,17.8
2025-08-08,2,naive,24.8,29.4
2025-08-08,2,naive_carry,24.8,29.4
2025-08-08,2,seasonal_naive_7,24.9,29.4
2025-08-08,2,climatology,29.119111111111113,29.4
2025-08-08,2,gru,26.230590842975968,29.4
2025-08-08,3,naive,24.8,27.1
2025-08-08,3,naive_carry,24.8,27.1
2025-08-08,3,seasonal_naive_7,25.5,27.1
2025-08-08,3,climatology,28.145777777777777,27.1
2025-08-08,3,gru,25.60569003298178,27.1
2025-08-09,1,naive,17.8,29.4
2025-08-09,1,naive_carry,17.8,29.4
2025-08-09,1,seasonal_naive_7,24.9,29.4
2025-08-09,1,climatology,29.119111111111113,29.4
2025-08-09,1,gru,22.589023238580566,29.4
2025-08-09,2,naive,17.8,27.1
2025-08-09,2,naive_carry,17.8,27.1
2025-08-09,2,seasonal_naive_7,25.5,27.1
2025-08-09,2,climatology,28.145777777777777,27.1
2025-08-09,2,gru,25.173603112955675,27.1
2025-08-09,3,naive,17.8,28.5
2025-08-09,3,naive_carry,17.8,28.5
2025-08-09,3,seasonal_naive_7,23.5,28.5
2025-08-09,3,climatology,27.35177777777778,28.5
2025-08-09,3,gru,28.24172065478804,28.5
2025-08-10,1,naive,29.4,27.1
2025-08-10,1,naive_carry,29.4,27.1
2025-08-10,1,seasonal_naive_7,25.5,27.1
2025-08-10,1,climatology,28.145777777777777,27.1
2025-08-10,1,gru,24.44810385186286,27.1
2025-08-10,2,naive,29.4,28.5
2025-08-10,2,naive_carry,29.4,28.5
2025-08-10,2,seasonal_naive_7,23.5,28.5
2025-08-10,2,climatology,27.35177777777778,28.5
2025-08-10,2,gru,26.461007620207766,28.5
2025-08-10,3,naive,29.4,31.5
2025-08-10,3,naive_carry,29.4,31.5
2025-08-10,3,seasonal_naive_7,27.3,31.5
2025-08-10,3,climatology,27.96977777777778,31.5
2025-08-10,3,gru,26.13759028887259,31.5
2025-08-11,1,naive,27.1,28.5
2025-08-11,1,naive_carry,27.1,28.5
2025-08-11,1,seasonal_naive_7,23.5,28.5
2025-08-11,1,climatology,27.35177777777778,28.5
2025-08-11,1,gru,24.235262014667686,28.5
2025-08-11,2,naive,27.1,31.5
2025-08-11,2,naive_carry,27.1,31.5
2025-08-11,2,seasonal_naive_7,27.3,31.5
2025-08-11,2,climatology,27.96977777777778,31.5
2025-08-11,2,gru,23.37219173801191,31.5
2025-08-11,3,naive,27.1,17.8
2025-08-11,3,naive_carry,27.1,17.8
2025-08-11,3,seasonal_naive_7,22.7,17.8
2025-08-11,3,climatology,27.223111111111113,17.8
2025-08-11,3,gru,23.4477921216173,17.8
2025-08-12,1,naive,28.5,31.5
2025-08-12,1,naive_carry,28.5,31.5
2025-08-12,1,seasonal_naive_7,27.3,31.5
2025-08-12,1,climatology,27.96977777777778,31.5
2025-08-12,1,gru,26.845003185189945,31.5
2025-08-12,2,naive,28.5,17.8
2025-08-12,2,naive_carry,28.5,17.8
2025-08-12,2,seasonal_naive_7,22.7,17.8
2025-08-12,2,climatology,27.223111111111113,17.8
2025-08-12,2,gru,26.9990729636451,17.8
2025-08-12,3,naive,28.5,41.4
2025-08-12,3,naive_carry,28.5,41.4
2025-08-12,3,seasonal_naive_7,24.8,41.4
2025-08-12,3,climatology,27.22664444444445,41.4
2025-08-12,3,gru,26.673574946615282,41.4
2025-08-13,1,naive,31.5,17.8
2025-08-13,1,naive_carry,31.5,17.8
2025-08-13,1,seasonal_naive_7,22.7,17.8
2025-08-13,1,climatology,27.223111111111113,17.8
2025-08-13,1,gru,25.342628587992444,17.8
2025-08-13,2,naive,31.5,41.4
2025-08-13,2,naive_carry,31.5,41.4
2025-08-13,2,seasonal_naive_7,24.8,41.4
2025-08-13,2,climatology,27.22664444444445,41.4
2025-08-13,2,gru,26.18197543369221,41.4
2025-08-13,3,naive,31.5,41.7
2025-08-13,3,naive_carry,31.5,41.7
2025-08-13,3,seasonal_naive_7,17.8,41.7
2025-08-13,3,climatology,27.79108888888889,41.7
2025-08-13,3,gru,24.721518077660953,41.7
2025-08-14,1,naive,17.8,41.4
2025-08-14,1,naive_carry,17.8,41.4
2025-08-14,1,seasonal_naive_7,24.8,41.4
2025-08-14,1,climatology,27.22664444444445,41.4
2025-08-14,1,gru,22.625851305151343,41.4
2025-08-14,2,naive,17.8,41.7
2025-08-14,2,naive_carry,17.8,41.7
2025-08-14,2,seasonal_naive_7,17.8,41.7
2025-08-14,2,climatology,27.79108888888889,41.7
2025-08-14,2,gru,22.554576030791228,41.7
2025-08-14,3,naive,17.8,29.4
2025-08-14,3,naive_carry,17.8,29.4
2025-08-14,3,seasonal_naive_7,29.4,29.4
2025-08-14,3,climatology,28.588866666666668,29.4
2025-08-14,3,gru,25.71343668834917,29.4
2025-08-15,1,naive,41.4,41.7
2025-08-15,1,naive_carry,41.4,41.7
2025-08-15,1,seasonal_naive_7,17.8,41.7
2025-08-15,1,climatology,27.79108888888889,41.7
2025-08-15,1,gru,31.31261775651017,41.7
2025-08-15,2,naive,41.4,29.4
2025-08-15,2,naive_carry,41.4,29.4
2025-08-15,2,seasonal_naive_7,29.4,29.4
2025-08-15,2,climatology,28.588866666666668,29.4
2025-08-15,2,gru,31.853502421429585,29.4
2025-08-15,3,naive,41.4,29.5
2025-08-15,3,naive_carry,41.4,29.5
2025-08-15,3,seasonal_naive_7,27.1,29.5
2025-08-15,3,climatology,28.7892,29.5
2025-08-15,3,gru,29.844605837015383,29.5
2025-08-16,1,naive,41.7,29.4
2025-08-16,1,naive_carry,41.7,29.4
2025-08-16,1,seasonal_naive_7,29.4,29.4
2025-08-16,1,climatology,28.588866666666668,29.4
2025-08-16,1,gru,29.542654214994474,29.4
2025-08-16,2,naive,41.7,29.5
2025-08-16,2,naive_carry,41.7,29.5
2025-08-16,2,seasonal_naive_7,27.1,29.5
2025-08-16,2,climatology,28.7892,29.5
2025-08-16,2,gru,27.12627998673949,29.5
2025-08-16,3,naive,41.7,24.9
2025-08-16,3,naive_carry,41.7,24.9
2025-08-16,3,seasonal_naive_7,28.5,24.9
2025-08-16,3,climatology,31.350311111111115,24.9
2025-08-16,3,gru,26.34942570645888,24.9
2025-08-17,1,naive,29.4,29.5
2025-08-17,1,naive_carry,29.4,29.5
2025-08-17,1,seasonal_naive_7,27.1,29.5
2025-08-17,1,climatology,28.7892,29.5
2025-08-17,1,gru,25.98649181121808,29.5
2025-08-17,2,naive,29.4,24.9
2025-08-17,2,naive_carry,29.4,24.9
2025-08-17,2,seasonal_naive_7,28.5,24.9
2025-08-17,2,climatology,31.350311111111115,24.9
2025-08-17,2,gru,24.98306230841324,24.9
2025-08-17,3,naive,29.4,20.0
2025-08-17,3,naive_carry,29.4,20.0
2025-08-17,3,seasonal_naive_7,31.5,20.0
2025-08-17,3,climatology,32.138311111111115,20.0
2025-08-17,3,gru,25.72913421428667,20.0
2025-08-18,1,naive,29.5,24.9
2025-08-18,1,naive_carry,29.5,24.9
2025-08-18,1,seasonal_naive_7,28.5,24.9
2025-08-18,1,climatology,31.350311111111115,24.9
2025-08-18,1,gru,24.71999557259802,24.9
2025-08-18,2,naive,29.5,20.0
2025-08-18,2,naive_carry,29.5,20.0
2025-08-18,2,seasonal_naive_7,31.5,20.0
2025-08-18,2,climatology,32.138311111111115,20.0
2025-08-18,2,gru,26.83777920499718,20.0
2025-08-18,3,naive,29.5,24.1
2025-08-18,3,naive_carry,29.5,24.1
2025-08-18,3,seasonal_naive_7,17.8,24.1
2025-08-18,3,climatology,32.644977777777775,24.1
2025-08-18,3,gru,25.03781789817156,24.1
2025-08-19,1,naive,24.9,20.0
2025-08-19,1,naive_carry,24.9,20.0
2025-08-19,1,seasonal_naive_7,31.5,20.0
2025-08-19,1,climatology,32.138311111111115,20.0
2025-08-19,1,gru,25.434394960200805,20.0
2025-08-19,2,naive,24.9,24.1
2025-08-19,2,naive_carry,24.9,24.1
2025-08-19,2,seasonal_naive_7,17.8,24.1
2025-08-19,2,climatology,32.644977777777775,24.1
2025-08-19,2,gru,25.700519585394726,24.1
2025-08-19,3,naive,24.9,41.7
2025-08-19,3,naive_carry,24.9,41.7
2025-08-19,3,seasonal_naive_7,41.4,41.7
2025-08-19,3,climatology,33.0792,41.7
2025-08-19,3,gru,25.083836629865882,41.7
2025-08-20,1,naive,20.0,24.1
2025-08-20,1,naive_carry,20.0,24.1
2025-08-20,1,seasonal_naive_7,17.8,24.1
2025-08-20,1,climatology,32.644977777777775,24.1
2025-08-20,1,gru,17.812857946401447,24.1
2025-08-20,2,naive,20.0,41.7
2025-08-20,2,naive_carry,20.0,41.7
2025-08-20,2,seasonal_naive_7,41.4,41.7
2025-08-20,2,climatology,33.0792,41.7
2025-08-20,2,gru,21.729172891804172,41.7
2025-08-20,3,naive,20.0,25.7
2025-08-20,3,naive_carry,20.0,25.7
2025-08-20,3,seasonal_naive_7,41.7,25.7
2025-08-20,3,climatology,34.56197777777778,25.7
2025-08-20,3,gru,22.28176874666914,25.7
2025-08-21,1,naive,24.1,41.7
2025-08-21,1,naive_carry,24.1,41.7
2025-08-21,1,seasonal_naive_7,41.4,41.7
2025-08-21,1,climatology,33.0792,41.7
2025-08-21,1,gru,27.742670140017278,41.7
2025-08-21,2,naive,24.1,25.7
2025-08-21,2,naive_carry,24.1,25.7
2025-08-21,2,seasonal_naive_7,41.7,25.7
2025-08-21,2,climatology,34.56197777777778,25.7
2025-08-21,2,gru,25.86467964133461,25.7
2025-08-21,3,naive,24.1,21.8
2025-08-21,3,naive_carry,24.1,21.8
2025-08-21,3,seasonal_naive_7,29.4,21.8
2025-08-21,3,climatology,35.202644444444445,21.8
2025-08-21,3,gru,24.51964211596701,21.8
2025-08-22,1,naive,41.7,25.7
2025-08-22,1,naive_carry,41.7,25.7
2025-08-22,1,seasonal_naive_7,41.7,25.7
2025-08-22,1,climatology,34.56197777777778,25.7
2025-08-22,1,gru,34.16687575664166,25.7
2025-08-22,2,naive,41.7,21.8
2025-08-22,2,naive_carry,41.7,21.8
2025-08-22,2,seasonal_naive_7,29.4,21.8
2025-08-22,2,climatology,35.202644444444445,21.8
2025-08-22,2,gru,32.283933505588465,21.8
2025-08-22,3,naive,41.7,19.0
2025-08-22,3,naive_carry,41.7,19.0
2025-08-22,3,seasonal_naive_7,29.5,19.0
2025-08-22,3,climatology,37.30531111111111,19.0
2025-08-22,3,gru,28.554045004382342,19.0
2025-08-23,1,naive,25.7,21.8
2025-08-23,1,naive_carry,25.7,21.8
2025-08-23,1,seasonal_naive_7,29.4,21.8
2025-08-23,1,climatology,35.202644444444445,21.8
2025-08-23,1,gru,22.172570219649636,21.8
2025-08-23,2,naive,25.7,19.0
2025-08-23,2,naive_carry,25.7,19.0
2025-08-23,2,seasonal_naive_7,29.5,19.0
2025-08-23,2,climatology,37.30531111111111,19.0
2025-08-23,2,gru,23.43779487949107,19.0
2025-08-23,3,naive,25.7,11.7
2025-08-23,3,naive_carry,25.7,11.7
2025-08-23,3,seasonal_naive_7,24.9,11.7
2025-08-23,3,climatology,37.47253333333333,11.7
2025-08-23,3,gru,26.306944678842473,11.7
2025-08-24,1,naive,21.8,19.0
2025-08-24,1,naive_carry,21.8,19.0
2025-08-24,1,seasonal_naive_7,29.5,19.0
2025-08-24,1,climatology,37.30531111111111,19.0
2025-08-24,1,gru,22.864407852243165,19.0
2025-08-24,2,naive,21.8,11.7
2025-08-24,2,naive_carry,21.8,11.7
2025-08-24,2,seasonal_naive_7,24.9,11.7
2025-08-24,2,climatology,37.47253333333333,11.7
2025-08-24,2,gru,24.936153843610697,11.7
2025-08-24,3,naive,21.8,26.2
2025-08-24,3,naive_carry,21.8,26.2
2025-08-24,3,seasonal_naive_7,20.0,26.2
2025-08-24,3,climatology,46.15253333333333,26.2
2025-08-24,3,gru,25.67156510786844,26.2
2025-08-25,1,naive,19.0,11.7
2025-08-25,1,naive_carry,19.0,11.7
2025-08-25,1,seasonal_naive_7,24.9,11.7
2025-08-25,1,climatology,37.47253333333333,11.7
2025-08-25,1,gru,16.03011279704107,11.7
2025-08-25,2,naive,19.0,26.2
2025-08-25,2,naive_carry,19.0,26.2
2025-08-25,2,seasonal_naive_7,20.0,26.2
2025-08-25,2,climatology,46.15253333333333,26.2
2025-08-25,2,gru,23.15475771799139,26.2
2025-08-25,3,naive,19.0,44.9
2025-08-25,3,naive_carry,19.0,44.9
2025-08-25,3,seasonal_naive_7,24.1,44.9
2025-08-25,3,climatology,48.21253333333333,44.9
2025-08-25,3,gru,25.045737332343645,44.9
2025-08-26,1,naive,11.7,26.2
2025-08-26,1,naive_carry,11.7,26.2
2025-08-26,1,seasonal_naive_7,20.0,26.2
2025-08-26,1,climatology,46.15253333333333,26.2
2025-08-26,1,gru,15.9704704348514,26.2
2025-08-26,2,naive,11.7,44.9
2025-08-26,2,naive_carry,11.7,44.9
2025-08-26,2,seasonal_naive_7,24.1,44.9
2025-08-26,2,climatology,48.21253333333333,44.9
2025-08-26,2,gru,19.875468520078314,44.9
2025-08-26,3,naive,11.7,33.9
2025-08-26,3,naive_carry,11.7,33.9
2025-08-26,3,seasonal_naive_7,41.7,33.9
2025-08-26,3,climatology,60.47253333333333,33.9
2025-08-26,3,gru,21.873401922225014,33.9
2025-08-27,1,naive,26.2,44.9
2025-08-27,1,naive_carry,26.2,44.9
2025-08-27,1,seasonal_naive_7,24.1,44.9
2025-08-27,1,climatology,48.21253333333333,44.9
2025-08-27,1,gru,32.21907151454224,44.9
2025-08-27,2,naive,26.2,33.9
2025-08-27,2,naive_carry,26.2,33.9
2025-08-27,2,seasonal_naive_7,41.7,33.9
2025-08-27,2,climatology,60.47253333333333,33.9
2025-08-27,2,gru,30.734904953537708,33.9
2025-08-27,3,naive,26.2,22.7
2025-08-27,3,naive_carry,26.2,22.7
2025-08-27,3,seasonal_naive_7,25.7,22.7
2025-08-27,3,climatology,60.38353333333334,22.7
2025-08-27,3,gru,29.657054859408646,22.7
2025-08-28,1,naive,44.9,33.9
2025-08-28,1,naive_carry,44.9,33.9
2025-08-28,1,seasonal_naive_7,41.7,33.9
2025-08-28,1,climatology,60.47253333333333,33.9
2025-08-28,1,gru,31.05507481089576,33.9
2025-08-28,2,naive,44.9,22.7
2025-08-28,2,naive_carry,44.9,22.7
2025-08-28,2,seasonal_naive_7,25.7,22.7
2025-08-28,2,climatology,60.38353333333334,22.7
2025-08-28,2,gru,32.12002950543155,22.7
2025-08-28,3,naive,44.9,20.1
2025-08-28,3,naive_carry,44.9,20.1
2025-08-28,3,seasonal_naive_7,21.8,20.1
2025-08-28,3,climatology,60.27131111111111,20.1
2025-08-28,3,gru,29.15144929692992,20.1
2025-08-29,1,naive,33.9,22.7
2025-08-29,1,naive_carry,33.9,22.7
2025-08-29,1,seasonal_naive_7,25.7,22.7
2025-08-29,1,climatology,60.38353333333334,22.7
2025-08-29,1,gru,27.56492745035218,22.7
2025-08-29,2,naive,33.9,20.1
2025-08-29,2,naive_carry,33.9,20.1
2025-08-29,2,seasonal_naive_7,21.8,20.1
2025-08-29,2,climatology,60.27131111111111,20.1
2025-08-29,2,gru,26.391952782867016,20.1
2025-08-29,3,naive,33.9,9.13
2025-08-29,3,naive_carry,33.9,9.13
2025-08-29,3,seasonal_naive_7,19.0,9.13
2025-08-29,3,climatology,59.93353333333334,9.13
2025-08-29,3,gru,29.821052907752318,9.13
2025-08-30,1,naive,22.7,20.1
2025-08-30,1,naive_carry,22.7,20.1
2025-08-30,1,seasonal_naive_7,21.8,20.1
2025-08-30,1,climatology,60.27131111111111,20.1
2025-08-30,1,gru,24.36296579821551,20.1
2025-08-30,2,naive,22.7,9.13
2025-08-30,2,naive_carry,22.7,9.13
2025-08-30,2,seasonal_naive_7,19.0,9.13
2025-08-30,2,climatology,59.93353333333334,9.13
2025-08-30,2,gru,26.49497912486326,9.13
2025-08-30,3,naive,22.7,9.29
2025-08-30,3,naive_carry,22.7,9.29
2025-08-30,3,seasonal_naive_7,11.7,9.29
2025-08-30,3,climatology,60.54742222222222,9.29
2025-08-30,3,gru,27.58114370138238,9.29
2025-08-31,1,naive,20.1,9.13
2025-08-31,1,naive_carry,20.1,9.13
2025-08-31,1,seasonal_naive_7,19.0,9.13
2025-08-31,1,climatology,59.93353333333334,9.13
2025-08-31,1,gru,19.588887821672213,9.13
2025-08-31,2,naive,20.1,9.29
2025-08-31,2,naive_carry,20.1,9.29
2025-08-31,2,seasonal_naive_7,11.7,9.29
2025-08-31,2,climatology,60.54742222222222,9.29
2025-08-31,2,gru,26.073159091291192,9.29
2025-08-31,3,naive,20.1,15.1
2025-08-31,3,naive_carry,20.1,15.1
2025-08-31,3,seasonal_naive_7,26.2,15.1
2025-08-31,3,climatology,59.766311111111115,15.1
2025-08-31,3,gru,27.628042633371123,15.1
2025-09-01,1,naive,9.13,9.29
2025-09-01,1,naive_carry,9.13,9.29
2025-09-01,1,seasonal_naive_7,11.7,9.29
2025-09-01,1,climatology,60.54742222222222,9.29
2025-09-01,1,gru,11.964767723231818,9.29
2025-09-01,2,naive,9.13,15.1
2025-09-01,2,naive_carry,9.13,15.1
2025-09-01,2,seasonal_naive_7,26.2,15.1
2025-09-01,2,climatology,59.766311111111115,15.1
2025-09-01,2,gru,17.122667334847392,15.1
2025-09-01,3,naive,9.13,19.0
2025-09-01,3,naive_carry,9.13,19.0
2025-09-01,3,seasonal_naive_7,44.9,19.0
2025-09-01,3,climatology,62.53164444444444,19.0
2025-09-01,3,gru,21.442057752944773,19.0
2025-09-02,1,naive,9.29,15.1
2025-09-02,1,naive_carry,9.29,15.1
2025-09-02,1,seasonal_naive_7,26.2,15.1
2025-09-02,1,climatology,59.766311111111115,15.1
2025-09-02,1,gru,14.158118813542893,15.1
2025-09-02,2,naive,9.29,19.0
2025-09-02,2,naive_carry,9.29,19.0
2025-09-02,2,seasonal_naive_7,44.9,19.0
2025-09-02,2,climatology,62.53164444444444,19.0
2025-09-02,2,gru,19.440814869274003,19.0
2025-09-02,3,naive,9.29,22.0
2025-09-02,3,naive_carry,9.29,22.0
2025-09-02,3,seasonal_naive_7,33.9,22.0
2025-09-02,3,climatology,63.71264444444444,22.0
2025-09-02,3,gru,22.381796419786077,22.0
2025-09-03,1,naive,15.1,19.0
2025-09-03,1,naive_carry,15.1,19.0
2025-09-03,1,seasonal_naive_7,44.9,19.0
2025-09-03,1,climatology,62.53164444444444,19.0
2025-09-03,1,gru,21.388374576193954,19.0
2025-09-03,2,naive,15.1,22.0
2025-09-03,2,naive_carry,15.1,22.0
2025-09-03,2,seasonal_naive_7,33.9,22.0
2025-09-03,2,climatology,63.71264444444444,22.0
2025-09-03,2,gru,25.74061581309029,22.0
2025-09-03,3,naive,15.1,25.5
2025-09-03,3,naive_carry,15.1,25.5
2025-09-03,3,seasonal_naive_7,22.7,25.5
2025-09-03,3,climatology,63.77397777777777,25.5
2025-09-03,3,gru,26.674857428800426,25.5
2025-09-04,1,naive,19.0,22.0
2025-09-04,1,naive_carry,19.0,22.0
2025-09-04,1,seasonal_naive_7,33.9,22.0
2025-09-04,1,climatology,63.71264444444444,22.0
2025-09-04,1,gru,25.969495979567125,22.0
2025-09-04,2,naive,19.0,25.5
2025-09-04,2,naive_carry,19.0,25.5
2025-09-04,2,seasonal_naive_7,22.7,25.5
2025-09-04,2,climatology,63.77397777777777,25.5
2025-09-04,2,gru,27.185973508219043,25.5
2025-09-04,3,naive,19.0,24.1
2025-09-04,3,naive_carry,19.0,24.1
2025-09-04,3,seasonal_naive_7,20.1,24.1
2025-09-04,3,climatology,63.81564444444444,24.1
2025-09-04,3,gru,26.576964355613402,24.1
2025-09-05,1,naive,22.0,25.5
2025-09-05,1,naive_carry,22.0,25.5
2025-09-05,1,seasonal_naive_7,22.7,25.5
2025-09-05,1,climatology,63.77397777777777,25.5
2025-09-05,1,gru,20.487378872608964,25.5
2025-09-05,2,naive,22.0,24.1
2025-09-05,2,naive_carry,22.0,24.1
2025-09-05,2,seasonal_naive_7,20.1,24.1
2025-09-05,2,climatology,63.81564444444444,24.1
2025-09-05,2,gru,23.75994050421756,24.1
2025-09-05,3,naive,22.0,18.6
2025-09-05,3,naive_carry,22.0,18.6
2025-09-05,3,seasonal_naive_7,9.13,18.6
2025-09-05,3,climatology,63.77564444444444,18.6
2025-09-05,3,gru,25.228828117062097,18.6
2025-09-06,1,naive,25.5,24.1
2025-09-06,1,naive_carry,25.5,24.1
2025-09-06,1,seasonal_naive_7,20.1,24.1
2025-09-06,1,climatology,63.81564444444444,24.1
2025-09-06,1,gru,24.420647395140087,24.1
2025-09-06,2,naive,25.5,18.6
2025-09-06,2,naive_carry,25.5,18.6
2025-09-06,2,seasonal_naive_7,9.13,18.6
2025-09-06,2,climatology,63.77564444444444,18.6
2025-09-06,2,gru,26.30448358036886,18.6
2025-09-06,3,naive,25.5,19.6
2025-09-06,3,naive_carry,25.5,19.6
2025-09-06,3,seasonal_naive_7,9.29,19.6
2025-09-06,3,climatology,62.641222222222225,19.6
2025-09-06,3,gru,26.9197190115322,19.6
2025-09-07,1,naive,24.1,18.6
2025-09-07,1,naive_carry,24.1,18.6
2025-09-07,1,seasonal_naive_7,9.13,18.6
2025-09-07,1,climatology,63.77564444444444,18.6
2025-09-07,1,gru,26.50299728627013,18.6
2025-09-07,2,naive,24.1,19.6
2025-09-07,2,naive_carry,24.1,19.6
2025-09-07,2,seasonal_naive_7,9.29,19.6
2025-09-07,2,climatology,62.641222222222225,19.6
2025-09-07,2,gru,28.76498297743104,19.6
2025-09-07,3,naive,24.1,19.4
2025-09-07,3,naive_carry,24.1,19.4
2025-09-07,3,seasonal_naive_7,15.1,19.4
2025-09-07,3,climatology,63.531777777777776,19.4
2025-09-07,3,gru,28.624391022557802,19.4
2025-09-08,1,naive,18.6,19.6
2025-09-08,1,naive_carry,18.6,19.6
2025-09-08,1,seasonal_naive_7,9.29,19.6
2025-09-08,1,climatology,62.641222222222225,19.6
2025-09-08,1,gru,22.309266928994777,19.6
2025-09-08,2,naive,18.6,19.4
2025-09-08,2,naive_carry,18.6,19.4
2025-09-08,2,seasonal_naive_7,15.1,19.4
2025-09-08,2,climatology,63.531777777777776,19.4
2025-09-08,2,gru,24.039096462230102,19.4
2025-09-08,3,naive,18.6,21.6
2025-09-08,3,naive_carry,18.6,21.6
2025-09-08,3,seasonal_naive_7,19.0,21.6
2025-09-08,3,climatology,55.44111111111111,21.6
2025-09-08,3,gru,26.19311360329712,21.6
2025-09-09,1,naive,19.6,19.4
2025-09-09,1,naive_carry,19.6,19.4
2025-09-09,1,seasonal_naive_7,15.1,19.4
2025-09-09,1,climatology,63.531777777777776,19.4
2025-09-09,1,gru,18.64095713331348,19.4
2025-09-09,2,naive,19.6,21.6
2025-09-09,2,naive_carry,19.6,21.6
2025-09-09,2,seasonal_naive_7,19.0,21.6
2025-09-09,2,climatology,55.44111111111111,21.6
2025-09-09,2,gru,21.22355682740821,21.6
2025-09-09,3,naive,19.6,21.8
2025-09-09,3,naive_carry,19.6,21.8
2025-09-09,3,seasonal_naive_7,22.0,21.8
2025-09-09,3,climatology,53.121111111111105,21.8
2025-09-09,3,gru,24.62424708101122,21.8
2025-09-10,1,naive,19.4,21.6
2025-09-10,1,naive_carry,19.4,21.6
2025-09-10,1,seasonal_naive_7,19.0,21.6
2025-09-10,1,climatology,55.44111111111111,21.6
2025-09-10,1,gru,14.937451185814098,21.6
2025-09-10,2,naive,19.4,21.8
2025-09-10,2,naive_carry,19.4,21.8
2025-09-10,2,seasonal_naive_7,22.0,21.8
2025-09-10,2,climatology,53.121111111111105,21.8
2025-09-10,2,gru,20.62995735814303,21.8
2025-09-10,3,naive,19.4,21.6
2025-09-10,3,naive_carry,19.4,21.6
2025-09-10,3,seasonal_naive_7,25.5,21.6
2025-09-10,3,climatology,42.986111111111114,21.6
2025-09-10,3,gru,25.13985377548687,21.6
2025-09-11,1,naive,21.6,21.8
2025-09-11,1,naive_carry,21.6,21.8
2025-09-11,1,seasonal_naive_7,22.0,21.8
2025-09-11,1,climatology,53.121111111111105,21.8
2025-09-11,1,gru,20.283229026312245,21.8
2025-09-11,2,naive,21.6,21.6
2025-09-11,2,naive_carry,21.6,21.6
2025-09-11,2,seasonal_naive_7,25.5,21.6
2025-09-11,2,climatology,42.986111111111114,21.6
2025-09-11,2,gru,28.133086381223496,21.6
2025-09-11,3,naive,21.6,29.0
2025-09-11,3,naive_carry,21.6,29.0
2025-09-11,3,seasonal_naive_7,24.1,29.0
2025-09-11,3,climatology,44.73544444444444,29.0
2025-09-11,3,gru,30.338674337918963,29.0
2025-09-12,1,naive,21.8,21.6
2025-09-12,1,naive_carry,21.8,21.6
2025-09-12,1,seasonal_naive_7,25.5,21.6
2025-09-12,1,climatology,42.986111111111114,21.6
2025-09-12,1,gru,27.676035049799086,21.6
2025-09-12,2,naive,21.8,29.0
2025-09-12,2,naive_carry,21.8,29.0
2025-09-12,2,seasonal_naive_7,24.1,29.0
2025-09-12,2,climatology,44.73544444444444,29.0
2025-09-12,2,gru,32.23533227331718,29.0
2025-09-12,3,naive,21.8,26.0
2025-09-12,3,naive_carry,21.8,26.0
2025-09-12,3,seasonal_naive_7,18.6,26.0
2025-09-12,3,climatology,44.75411111111111,26.0
2025-09-12,3,gru,33.55338768809531,26.0
2025-09-13,1,naive,21.6,29.0
2025-09-13,1,naive_carry,21.6,29.0
2025-09-13,1,seasonal_naive_7,24.1,29.0
2025-09-13,1,climatology,44.73544444444444,29.0
2025-09-13,1,gru,26.882721490105748,29.0
2025-09-13,2,naive,21.6,26.0
2025-09-13,2,naive_carry,21.6,26.0
2025-09-13,2,seasonal_naive_7,18.6,26.0
2025-09-13,2,climatology,44.75411111111111,26.0
2025-09-13,2,gru,29.04103843797531,26.0
2025-09-13,3,naive,21.6,31.3
2025-09-13,3,naive_carry,21.6,31.3
2025-09-13,3,seasonal_naive_7,19.6,31.3
2025-09-13,3,climatology,43.81555555555555,31.3
2025-09-13,3,gru,31.588888413091855,31.3
2025-09-14,1,naive,29.0,26.0
2025-09-14,1,naive_carry,29.0,26.0
2025-09-14,1,seasonal_naive_7,18.6,26.0
2025-09-14,1,climatology,44.75411111111111,26.0
2025-09-14,1,gru,32.0725136199428,26.0
2025-09-14,2,naive,29.0,31.3
2025-09-14,2,naive_carry,29.0,31.3
2025-09-14,2,seasonal_naive_7,19.6,31.3
2025-09-14,2,climatology,43.81555555555555,31.3
2025-09-14,2,gru,29.722516531478956,31.3
2025-09-14,3,naive,29.0,42.0
2025-09-14,3,naive_carry,29.0,42.0
2025-09-14,3,seasonal_naive_7,19.4,42.0
2025-09-14,3,climatology,42.88166666666667,42.0
2025-09-14,3,gru,31.507176277089602,42.0
2025-09-15,1,naive,26.0,31.3
2025-09-15,1,naive_carry,26.0,31.3
2025-09-15,1,seasonal_naive_7,19.6,31.3
2025-09-15,1,climatology,43.81555555555555,31.3
2025-09-15,1,gru,25.764639956356085,31.3
2025-09-15,2,naive,26.0,42.0
2025-09-15,2,naive_carry,26.0,42.0
2025-09-15,2,seasonal_naive_7,19.4,42.0
2025-09-15,2,climatology,42.88166666666667,42.0
2025-09-15,2,gru,25.461239576591776,42.0
2025-09-15,3,naive,26.0,43.6
2025-09-15,3,naive_carry,26.0,43.6
2025-09-15,3,seasonal_naive_7,21.6,43.6
2025-09-15,3,climatology,41.751666666666665,43.6
2025-09-15,3,gru,29.650054193355626,43.6
2025-09-16,1,naive,31.3,42.0
2025-09-16,1,naive_carry,31.3,42.0
2025-09-16,1,seasonal_naive_7,19.4,42.0
2025-09-16,1,climatology,42.88166666666667,42.0
2025-09-16,1,gru,34.3488983438041,42.0
2025-09-16,2,naive,31.3,43.6
2025-09-16,2,naive_carry,31.3,43.6
2025-09-16,2,seasonal_naive_7,21.6,43.6
2025-09-16,2,climatology,41.751666666666665,43.6
2025-09-16,2,gru,33.83155959069385,43.6
2025-09-16,3,naive,31.3,42.8
2025-09-16,3,naive_carry,31.3,42.8
2025-09-16,3,seasonal_naive_7,21.8,42.8
2025-09-16,3,climatology,39.64522222222222,42.8
2025-09-16,3,gru,32.98572529835416,42.8
2025-09-17,1,naive,42.0,43.6
2025-09-17,1,naive_carry,42.0,43.6
2025-09-17,1,seasonal_naive_7,21.6,43.6
2025-09-17,1,climatology,41.751666666666665,43.6
2025-09-17,1,gru,36.821519407301565,43.6
2025-09-17,2,naive,42.0,42.8
2025-09-17,2,naive_carry,42.0,42.8
2025-09-17,2,seasonal_naive_7,21.8,42.8
2025-09-17,2,climatology,39.64522222222222,42.8
2025-09-17,2,gru,35.15175767461187,42.8
2025-09-17,3,naive,42.0,34.7
2025-09-17,3,naive_carry,42.0,34.7
2025-09-17,3,seasonal_naive_7,21.6,34.7
2025-09-17,3,climatology,39.65022222222222,34.7
2025-09-17,3,gru,35.541380536664484,34.7
2025-09-18,1,naive,43.6,42.8
2025-09-18,1,naive_carry,43.6,42.8
2025-09-18,1,seasonal_naive_7,21.8,42.8
2025-09-18,1,climatology,39.64522222222222,42.8
2025-09-18,1,gru,36.588791453773034,42.8
2025-09-18,2,naive,43.6,34.7
2025-09-18,2,naive_carry,43.6,34.7
2025-09-18,2,seasonal_naive_7,21.6,34.7
2025-09-18,2,climatology,39.65022222222222,34.7
2025-09-18,2,gru,36.758939780613574,34.7
2025-09-18,3,naive,43.6,32.7
2025-09-18,3,naive_carry,43.6,32.7
2025-09-18,3,seasonal_naive_7,29.0,32.7
2025-09-18,3,climatology,40.61466666666667,32.7
2025-09-18,3,gru,38.94147562777757,32.7
2025-09-19,1,naive,42.8,34.7
2025-09-19,1,naive_carry,42.8,34.7
2025-09-19,1,seasonal_naive_7,21.6,34.7
2025-09-19,1,climatology,39.65022222222222,34.7
2025-09-19,1,gru,38.107414732708236,34.7
2025-09-19,2,naive,42.8,32.7
2025-09-19,2,naive_carry,42.8,32.7
2025-09-19,2,seasonal_naive_7,29.0,32.7
2025-09-19,2,climatology,40.61466666666667,32.7
2025-09-19,2,gru,38.371404266822104,32.7
2025-09-19,3,naive,42.8,32.0
2025-09-19,3,naive_carry,42.8,32.0
2025-09-19,3,seasonal_naive_7,26.0,32.0
2025-09-19,3,climatology,42.01133333333334,32.0
2025-09-19,3,gru,39.30622598946665,32.0
2025-09-20,1,naive,34.7,32.7
2025-09-20,1,naive_carry,34.7,32.7
2025-09-20,1,seasonal_naive_7,29.0,32.7
2025-09-20,1,climatology,40.61466666666667,32.7
2025-09-20,1,gru,27.36003472250532,32.7
2025-09-20,2,naive,34.7,32.0
2025-09-20,2,naive_carry,34.7,32.0
2025-09-20,2,seasonal_naive_7,26.0,32.0
2025-09-20,2,climatology,42.01133333333334,32.0
2025-09-20,2,gru,30.61156570183622,32.0
2025-09-20,3,naive,34.7,28.0
2025-09-20,3,naive_carry,34.7,28.0
2025-09-20,3,seasonal_naive_7,31.3,28.0
2025-09-20,3,climatology,43.37688888888889,28.0
2025-09-20,3,gru,37.513482777905686,28.0
2025-09-21,1,naive,32.7,32.0
2025-09-21,1,naive_carry,32.7,32.0
2025-09-21,1,seasonal_naive_7,26.0,32.0
2025-09-21,1,climatology,42.01133333333334,32.0
2025-09-21,1,gru,27.638570664283662,32.0
2025-09-21,2,naive,32.7,28.0
2025-09-21,2,naive_carry,32.7,28.0
2025-09-21,2,seasonal_naive_7,31.3,28.0
2025-09-21,2,climatology,43.37688888888889,28.0
2025-09-21,2,gru,35.518227128339106,28.0
2025-09-21,3,naive,32.7,27.4
2025-09-21,3,naive_carry,32.7,27.4
2025-09-21,3,seasonal_naive_7,42.0,27.4
2025-09-21,3,climatology,44.78322222222222,27.4
2025-09-21,3,gru,40.180106441607094,27.4
2025-09-22,1,naive,32.0,28.0
2025-09-22,1,naive_carry,32.0,28.0
2025-09-22,1,seasonal_naive_7,31.3,28.0
2025-09-22,1,climatology,43.37688888888889,28.0
2025-09-22,1,gru,29.284550300667966,28.0
2025-09-22,2,naive,32.0,27.4
2025-09-22,2,naive_carry,32.0,27.4
2025-09-22,2,seasonal_naive_7,42.0,27.4
2025-09-22,2,climatology,44.78322222222222,27.4
2025-09-22,2,gru,36.32072016875803,27.4
2025-09-22,3,naive,32.0,28.1
2025-09-22,3,naive_carry,32.0,28.1
2025-09-22,3,seasonal_naive_7,43.6,28.1
2025-09-22,3,climatology,46.12877777777778,28.1
2025-09-22,3,gru,41.805749836558,28.1
2025-09-23,1,naive,28.0,27.4
2025-09-23,1,naive_carry,28.0,27.4
2025-09-23,1,seasonal_naive_7,42.0,27.4
2025-09-23,1,climatology,44.78322222222222,27.4
2025-09-23,1,gru,27.885324215922388,27.4
2025-09-23,2,naive,28.0,28.1
2025-09-23,2,naive_carry,28.0,28.1
2025-09-23,2,seasonal_naive_7,43.6,28.1
2025-09-23,2,climatology,46.12877777777778,28.1
2025-09-23,2,gru,34.52179843502619,28.1
2025-09-23,3,naive,28.0,30.1
2025-09-23,3,naive_carry,28.0,30.1
2025-09-23,3,seasonal_naive_7,42.8,30.1
2025-09-23,3,climatology,47.26233333333333,30.1
2025-09-23,3,gru,41.40128999216974,30.1
2025-09-24,1,naive,27.4,28.1
2025-09-24,1,naive_carry,27.4,28.1
2025-09-24,1,seasonal_naive_7,43.6,28.1
2025-09-24,1,climatology,46.12877777777778,28.1
2025-09-24,1,gru,31.096938189930672,28.1
2025-09-24,2,naive,27.4,30.1
2025-09-24,2,naive_carry,27.4,30.1
2025-09-24,2,seasonal_naive_7,42.8,30.1
2025-09-24,2,climatology,47.26233333333333,30.1
2025-09-24,2,gru,37.316147579313764,30.1
2025-09-24,3,naive,27.4,58.3
2025-09-24,3,naive_carry,27.4,58.3
2025-09-24,3,seasonal_naive_7,34.7,58.3
2025-09-24,3,climatology,48.44322222222222,58.3
2025-09-24,3,gru,43.34341160961965,58.3
2025-09-25,1,naive,28.1,30.1
2025-09-25,1,naive_carry,28.1,30.1
2025-09-25,1,seasonal_naive_7,42.8,30.1
2025-09-25,1,climatology,47.26233333333333,30.1
2025-09-25,1,gru,35.45413255982328,30.1
2025-09-25,2,naive,28.1,58.3
2025-09-25,2,naive_carry,28.1,58.3
2025-09-25,2,seasonal_naive_7,34.7,58.3
2025-09-25,2,climatology,48.44322222222222,58.3
2025-09-25,2,gru,38.76609737335927,58.3
2025-09-25,3,naive,28.1,29.1
2025-09-25,3,naive_carry,28.1,29.1
2025-09-25,3,seasonal_naive_7,32.7,29.1
2025-09-25,3,climatology,48.54688888888889,29.1
2025-09-25,3,gru,43.88892845794864,29.1
2025-09-26,1,naive,30.1,58.3
2025-09-26,1,naive_carry,30.1,58.3
2025-09-26,1,seasonal_naive_7,34.7,58.3
2025-09-26,1,climatology,48.44322222222222,58.3
2025-09-26,1,gru,37.896815434031566,58.3
2025-09-26,2,naive,30.1,29.1
2025-09-26,2,naive_carry,30.1,29.1
2025-09-26,2,seasonal_naive_7,32.7,29.1
2025-09-26,2,climatology,48.54688888888889,29.1
2025-09-26,2,gru,38.68864244581079,29.1
2025-09-26,3,naive,30.1,34.6
2025-09-26,3,naive_carry,30.1,34.6
2025-09-26,3,seasonal_naive_7,32.0,34.6
2025-09-26,3,climatology,48.67222222222222,34.6
2025-09-26,3,gru,43.072923808280414,34.6
2025-09-27,1,naive,58.3,29.1
2025-09-27,1,naive_carry,58.3,29.1
2025-09-27,1,seasonal_naive_7,32.7,29.1
2025-09-27,1,climatology,48.54688888888889,29.1
2025-09-27,1,gru,61.07817189815645,29.1
2025-09-27,2,naive,58.3,34.6
2025-09-27,2,naive_carry,58.3,34.6
2025-09-27,2,seasonal_naive_7,32.0,34.6
2025-09-27,2,climatology,48.67222222222222,34.6
2025-09-27,2,gru,53.25172339612948,34.6
2025-09-27,3,naive,58.3,33.7
2025-09-27,3,naive_carry,58.3,33.7
2025-09-27,3,seasonal_naive_7,28.0,33.7
2025-09-27,3,climatology,50.20577777777778,33.7
2025-09-27,3,gru,49.9455079498855,33.7
2025-09-28,1,naive,29.1,34.6
2025-09-28,1,naive_carry,29.1,34.6
2025-09-28,1,seasonal_naive_7,32.0,34.6
2025-09-28,1,climatology,48.67222222222222,34.6
2025-09-28,1,gru,32.37606480835002,34.6
2025-09-28,2,naive,29.1,33.7
2025-09-28,2,naive_carry,29.1,33.7
2025-09-28,2,seasonal_naive_7,28.0,33.7
2025-09-28,2,climatology,50.20577777777778,33.7
2025-09-28,2,gru,30.106494433391447,33.7
2025-09-28,3,naive,29.1,40.6
2025-09-28,3,naive_carry,29.1,40.6
2025-09-28,3,seasonal_naive_7,27.4,40.6
2025-09-28,3,climatology,53.208222222222226,40.6
2025-09-28,3,gru,38.400961195820734,40.6
2025-09-29,1,naive,34.6,33.7
2025-09-29,1,naive_carry,34.6,33.7
2025-09-29,1,seasonal_naive_7,28.0,33.7
2025-09-29,1,climatology,50.20577777777778,33.7
2025-09-29,1,gru,37.49502065577942,33.7
2025-09-29,2,naive,34.6,40.6
2025-09-29,2,naive_carry,34.6,40.6
2025-09-29,2,seasonal_naive_7,27.4,40.6
2025-09-29,2,climatology,53.208222222222226,40.6
2025-09-29,2,gru,39.531690329706656,40.6
2025-09-29,3,naive,34.6,37.2
2025-09-29,3,naive_carry,34.6,37.2
2025-09-29,3,seasonal_naive_7,28.1,37.2
2025-09-29,3,climatology,57.230222222222224,37.2
2025-09-29,3,gru,42.45675354114206,37.2
2025-09-30,1,naive,33.7,40.6
2025-09-30,1,naive_carry,33.7,40.6
2025-09-30,1,seasonal_naive_7,27.4,40.6
2025-09-30,1,climatology,53.208222222222226,40.6
2025-09-30,1,gru,34.49560032830107,40.6
2025-09-30,2,naive,33.7,37.2
2025-09-30,2,naive_carry,33.7,37.2
2025-09-30,2,seasonal_naive_7,28.1,37.2
2025-09-30,2,climatology,57.230222222222224,37.2
2025-09-30,2,gru,38.5946751959072,37.2
2025-09-30,3,naive,33.7,26.6
2025-09-30,3,naive_carry,33.7,26.6
2025-09-30,3,seasonal_naive_7,30.1,26.6
2025-09-30,3,climatology,59.41555555555556,26.6
2025-09-30,3,gru,44.817024357415875,26.6
2025-10-01,1,naive,40.6,37.2
2025-10-01,1,naive_carry,40.6,37.2
2025-10-01,1,seasonal_naive_7,28.1,37.2
2025-10-01,1,climatology,57.230222222222224,37.2
2025-10-01,1,gru,39.5770546615795,37.2
2025-10-01,2,naive,40.6,26.6
2025-10-01,2,naive_carry,40.6,26.6
2025-10-01,2,seasonal_naive_7,30.1,26.6
2025-10-01,2,climatology,59.41555555555556,26.6
2025-10-01,2,gru,45.12263522428949,26.6
2025-10-01,3,naive,40.6,57.9
2025-10-01,3,naive_carry,40.6,57.9
2025-10-01,3,seasonal_naive_7,58.3,57.9
2025-10-01,3,climatology,61.333333333333336,57.9
2025-10-01,3,gru,49.72874580186907,57.9
2025-10-02,1,naive,37.2,26.6
2025-10-02,1,naive_carry,37.2,26.6
2025-10-02,1,seasonal_naive_7,30.1,26.6
2025-10-02,1,climatology,59.41555555555556,26.6
2025-10-02,1,gru,39.31932326707602,26.6
2025-10-02,2,naive,37.2,57.9
2025-10-02,2,naive_carry,37.2,57.9
2025-10-02,2,seasonal_naive_7,58.3,57.9
2025-10-02,2,climatology,61.333333333333336,57.9
2025-10-02,2,gru,43.74351256363905,57.9
2025-10-02,3,naive,37.2,57.0
2025-10-02,3,naive_carry,37.2,57.0
2025-10-02,3,seasonal_naive_7,29.1,57.0
2025-10-02,3,climatology,63.592666666666666,57.0
2025-10-02,3,gru,48.5210612122084,57.0
2025-10-03,1,naive,26.6,57.9
2025-10-03,1,naive_carry,26.6,57.9
2025-10-03,1,seasonal_naive_7,58.3,57.9
2025-10-03,1,climatology,61.333333333333336,57.9
2025-10-03,1,gru,33.259537933567316,57.9
2025-10-03,2,naive,26.6,57.0
2025-10-03,2,naive_carry,26.6,57.0
2025-10-03,2,seasonal_naive_7,29.1,57.0
2025-10-03,2,climatology,63.592666666666666,57.0
2025-10-03,2,gru,38.107592149954385,57.0
2025-10-03,3,naive,26.6,23.9
2025-10-03,3,naive_carry,26.6,23.9
2025-10-03,3,seasonal_naive_7,34.6,23.9
2025-10-03,3,climatology,66.37088888888889,23.9
2025-10-03,3,gru,44.148672371009006,23.9
2025-10-04,1,naive,57.9,57.0
2025-10-04,1,naive_carry,57.9,57.0
2025-10-04,1,seasonal_naive_7,29.1,57.0
2025-10-04,1,climatology,63.592666666666666,57.0
2025-10-04,1,gru,50.21536640525456,57.0
2025-10-04,2,naive,57.9,23.9
2025-10-04,2,naive_carry,57.9,23.9
2025-10-04,2,seasonal_naive_7,34.6,23.9
2025-10-04,2,climatology,66.37088888888889,23.9
2025-10-04,2,gru,49.78778459904812,23.9
2025-10-04,3,naive,57.9,19.5
2025-10-04,3,naive_carry,57.9,19.5
2025-10-04,3,seasonal_naive_7,33.7,19.5
2025-10-04,3,climatology,67.24755555555555,19.5
2025-10-04,3,gru,57.57154365201704,19.5
2025-10-05,1,naive,57.0,23.9
2025-10-05,1,naive_carry,57.0,23.9
2025-10-05,1,seasonal_naive_7,34.6,23.9
2025-10-05,1,climatology,66.37088888888889,23.9
2025-10-05,1,gru,49.910369364066625,23.9
2025-10-05,2,naive,57.0,19.5
2025-10-05,2,naive_carry,57.0,19.5
2025-10-05,2,seasonal_naive_7,33.7,19.5
2025-10-05,2,climatology,67.24755555555555,19.5
2025-10-05,2,gru,52.849891035250316,19.5
2025-10-05,3,naive,57.0,36.9
2025-10-05,3,naive_carry,57.0,36.9
2025-10-05,3,seasonal_naive_7,40.6,36.9
2025-10-05,3,climatology,70.202,36.9
2025-10-05,3,gru,57.341978608839995,36.9
2025-10-06,1,naive,23.9,19.5
2025-10-06,1,naive_carry,23.9,19.5
2025-10-06,1,seasonal_naive_7,33.7,19.5
2025-10-06,1,climatology,67.24755555555555,19.5
2025-10-06,1,gru,29.817068895301215,19.5
2025-10-06,2,naive,23.9,36.9
2025-10-06,2,naive_carry,23.9,36.9
2025-10-06,2,seasonal_naive_7,40.6,36.9
2025-10-06,2,climatology,70.202,36.9
2025-10-06,2,gru,39.63037444468525,36.9
2025-10-06,3,naive,23.9,43.2
2025-10-06,3,naive_carry,23.9,43.2
2025-10-06,3,seasonal_naive_7,37.2,43.2
2025-10-06,3,climatology,80.80866666666665,43.2
2025-10-06,3,gru,51.3157318431022,43.2
2025-10-07,1,naive,19.5,36.9
2025-10-07,1,naive_carry,19.5,36.9
2025-10-07,1,seasonal_naive_7,40.6,36.9
2025-10-07,1,climatology,70.202,36.9
2025-10-07,1,gru,28.480933263171163,36.9
2025-10-07,2,naive,19.5,43.2
2025-10-07,2,naive_carry,19.5,43.2
2025-10-07,2,seasonal_naive_7,37.2,43.2
2025-10-07,2,climatology,80.80866666666665,43.2
2025-10-07,2,gru,38.63857402301876,43.2
2025-10-07,3,naive,19.5,65.2
2025-10-07,3,naive_carry,19.5,65.2
2025-10-07,3,seasonal_naive_7,26.6,65.2
2025-10-07,3,climatology,83.93977777777779,65.2
2025-10-07,3,gru,51.2585015654683,65.2
2025-10-08,1,naive,36.9,43.2
2025-10-08,1,naive_carry,36.9,43.2
2025-10-08,1,seasonal_naive_7,37.2,43.2
2025-10-08,1,climatology,80.80866666666665,43.2
2025-10-08,1,gru,45.92590018563979,43.2
2025-10-08,2,naive,36.9,65.2
2025-10-08,2,naive_carry,36.9,65.2
2025-10-08,2,seasonal_naive_7,26.6,65.2
2025-10-08,2,climatology,83.93977777777779,65.2
2025-10-08,2,gru,62.48531308194937,65.2
2025-10-08,3,naive,36.9,68.8
2025-10-08,3,naive_carry,36.9,68.8
2025-10-08,3,seasonal_naive_7,57.9,68.8
2025-10-08,3,climatology,86.32199999999999,68.8
2025-10-08,3,gru,58.8359159378144,68.8
2025-10-09,1,naive,43.2,65.2
2025-10-09,1,naive_carry,43.2,65.2
2025-10-09,1,seasonal_naive_7,26.6,65.2
2025-10-09,1,climatology,83.93977777777779,65.2
2025-10-09,1,gru,46.65085208658779,65.2
2025-10-09,2,naive,43.2,68.8
2025-10-09,2,naive_carry,43.2,68.8
2025-10-09,2,seasonal_naive_7,57.9,68.8
2025-10-09,2,climatology,86.32199999999999,68.8
2025-10-09,2,gru,60.33995063774961,68.8
2025-10-09,3,naive,43.2,63.9
2025-10-09,3,naive_carry,43.2,63.9
2025-10-09,3,seasonal_naive_7,57.0,63.9
2025-10-09,3,climatology,88.69977777777778,63.9
2025-10-09,3,gru,54.624875737937884,63.9
2025-10-10,1,naive,65.2,68.8
2025-10-10,1,naive_carry,65.2,68.8
2025-10-10,1,seasonal_naive_7,57.9,68.8
2025-10-10,1,climatology,86.32199999999999,68.8
2025-10-10,1,gru,68.44487768969584,68.8
2025-10-10,2,naive,65.2,63.9
2025-10-10,2,naive_carry,65.2,63.9
2025-10-10,2,seasonal_naive_7,57.0,63.9
2025-10-10,2,climatology,88.69977777777778,63.9
2025-10-10,2,gru,79.08602144370155,63.9
2025-10-10,3,naive,65.2,72.3
2025-10-10,3,naive_carry,65.2,72.3
2025-10-10,3,seasonal_naive_7,23.9,72.3
2025-10-10,3,climatology,91.33977777777775,72.3
2025-10-10,3,gru,60.280712981659995,72.3
2025-10-11,1,naive,68.8,63.9
2025-10-11,1,naive_carry,68.8,63.9
2025-10-11,1,seasonal_naive_7,57.0,63.9
2025-10-11,1,climatology,88.69977777777778,63.9
2025-10-11,1,gru,67.90179009025913,63.9
2025-10-11,2,naive,68.8,72.3
2025-10-11,2,naive_carry,68.8,72.3
2025-10-11,2,seasonal_naive_7,23.9,72.3
2025-10-11,2,climatology,91.33977777777775,72.3
2025-10-11,2,gru,70.66278434047415,72.3
2025-10-11,3,naive,68.8,74.6
2025-10-11,3,naive_carry,68.8,74.6
2025-10-11,3,seasonal_naive_7,19.5,74.6
2025-10-11,3,climatology,95.41133333333332,74.6
2025-10-11,3,gru,60.477507691362646,74.6
2025-10-12,1,naive,63.9,72.3
2025-10-12,1,naive_carry,63.9,72.3
2025-10-12,1,seasonal_naive_7,23.9,72.3
2025-10-12,1,climatology,91.33977777777775,72.3
2025-10-12,1,gru,68.28104405200348,72.3
2025-10-12,2,naive,63.9,74.6
2025-10-12,2,naive_carry,63.9,74.6
2025-10-12,2,seasonal_naive_7,19.5,74.6
2025-10-12,2,climatology,95.41133333333332,74.6
2025-10-12,2,gru,70.94800121061407,74.6
2025-10-12,3,naive,63.9,76.2
2025-10-12,3,naive_carry,63.9,76.2
2025-10-12,3,seasonal_naive_7,36.9,76.2
2025-10-12,3,climatology,98.20355555555555,76.2
2025-10-12,3,gru,63.57456927665296,76.2
2025-10-13,1,naive,72.3,74.6
2025-10-13,1,naive_carry,72.3,74.6
2025-10-13,1,seasonal_naive_7,19.5,74.6
2025-10-13,1,climatology,95.41133333333332,74.6
2025-10-13,1,gru,85.08171374250142,74.6
2025-10-13,2,naive,72.3,76.2
2025-10-13,2,naive_carry,72.3,76.2
2025-10-13,2,seasonal_naive_7,36.9,76.2
2025-10-13,2,climatology,98.20355555555555,76.2
2025-10-13,2,gru,83.89486608846134,76.2
2025-10-13,3,naive,72.3,88.6
2025-10-13,3,naive_carry,72.3,88.6
2025-10-13,3,seasonal_naive_7,43.2,88.6
2025-10-13,3,climatology,100.56744444444443,88.6
2025-10-13,3,gru,71.1984989900675,88.6
2025-10-14,1,naive,74.6,76.2
2025-10-14,1,naive_carry,74.6,76.2
2025-10-14,1,seasonal_naive_7,36.9,76.2
2025-10-14,1,climatology,98.20355555555555,76.2
2025-10-14,1,gru,83.21035571930025,76.2
2025-10-14,2,naive,74.6,88.6
2025-10-14,2,naive_carry,74.6,88.6
2025-10-14,2,seasonal_naive_7,43.2,88.6
2025-10-14,2,climatology,100.56744444444443,88.6
2025-10-14,2,gru,82.76079516438729,88.6
2025-10-14,3,naive,74.6,101.0
2025-10-14,3,naive_carry,74.6,101.0
2025-10-14,3,seasonal_naive_7,65.2,101.0
2025-10-14,3,climatology,104.06377777777776,101.0
2025-10-14,3,gru,73.35911715504365,101.0
2025-10-15,1,naive,76.2,88.6
2025-10-15,1,naive_carry,76.2,88.6
2025-10-15,1,seasonal_naive_7,43.2,88.6
2025-10-15,1,climatology,100.56744444444443,88.6
2025-10-15,1,gru,85.02538717756948,88.6
2025-10-15,2,naive,76.2,101.0
2025-10-15,2,naive_carry,76.2,101.0
2025-10-15,2,seasonal_naive_7,65.2,101.0
2025-10-15,2,climatology,104.06377777777776,101.0
2025-10-15,2,gru,90.17921816360462,101.0
2025-10-15,3,naive,76.2,111.0
2025-10-15,3,naive_carry,76.2,111.0
2025-10-15,3,seasonal_naive_7,68.8,111.0
2025-10-15,3,climatology,111.00344444444444,111.0
2025-10-15,3,gru,78.79851188451525,111.0
2025-10-16,1,naive,88.6,101.0
2025-10-16,1,naive_carry,88.6,101.0
2025-10-16,1,seasonal_naive_7,65.2,101.0
2025-10-16,1,climatology,104.06377777777776,101.0
2025-10-16,1,gru,96.67938361688226,101.0
2025-10-16,2,naive,88.6,111.0
2025-10-16,2,naive_carry,88.6,111.0
2025-10-16,2,seasonal_naive_7,68.8,111.0
2025-10-16,2,climatology,111.00344444444444,111.0
2025-10-16,2,gru,99.53427589213386,111.0
2025-10-16,3,naive,88.6,129.0
2025-10-16,3,naive_carry,88.6,129.0
2025-10-16,3,seasonal_naive_7,63.9,129.0
2025-10-16,3,climatology,113.98811111111112,129.0
2025-10-16,3,gru,88.98686649478812,129.0
2025-10-17,1,naive,101.0,111.0
2025-10-17,1,naive_carry,101.0,111.0
2025-10-17,1,seasonal_naive_7,68.8,111.0
2025-10-17,1,climatology,111.00344444444444,111.0
2025-10-17,1,gru,108.64470270701086,111.0
2025-10-17,2,naive,101.0,129.0
2025-10-17,2,naive_carry,101.0,129.0
2025-10-17,2,seasonal_naive_7,63.9,129.0
2025-10-17,2,climatology,113.98811111111112,129.0
2025-10-17,2,gru,109.43017209729513,129.0
2025-10-17,3,naive,101.0,182.0
2025-10-17,3,naive_carry,101.0,182.0
2025-10-17,3,seasonal_naive_7,72.3,182.0
2025-10-17,3,climatology,119.42544444444444,182.0
2025-10-17,3,gru,97.17426383462455,182.0
2025-10-18,1,naive,111.0,129.0
2025-10-18,1,naive_carry,111.0,129.0
2025-10-18,1,seasonal_naive_7,63.9,129.0
2025-10-18,1,climatology,113.98811111111112,129.0
2025-10-18,1,gru,115.93878219019176,129.0
2025-10-18,2,naive,111.0,182.0
2025-10-18,2,naive_carry,111.0,182.0
2025-10-18,2,seasonal_naive_7,72.3,182.0
2025-10-18,2,climatology,119.42544444444444,182.0
2025-10-18,2,gru,112.19667438409982,182.0
2025-10-18,3,naive,111.0,129.0
2025-10-18,3,naive_carry,111.0,129.0
2025-10-18,3,seasonal_naive_7,74.6,129.0
2025-10-18,3,climatology,125.94944444444444,129.0
2025-10-18,3,gru,105.4569324801425,129.0
2025-10-19,1,naive,129.0,182.0
2025-10-19,1,naive_carry,129.0,182.0
2025-10-19,1,seasonal_naive_7,72.3,182.0
2025-10-19,1,climatology,119.42544444444444,182.0
2025-10-19,1,gru,129.8582853723713,182.0
2025-10-19,2,naive,129.0,129.0
2025-10-19,2,naive_carry,129.0,129.0
2025-10-19,2,seasonal_naive_7,74.6,129.0
2025-10-19,2,climatology,125.94944444444444,129.0
2025-10-19,2,gru,124.31840888081769,129.0
2025-10-19,3,naive,129.0,202.0
2025-10-19,3,naive_carry,129.0,202.0
2025-10-19,3,seasonal_naive_7,76.2,202.0
2025-10-19,3,climatology,134.3661111111111,202.0
2025-10-19,3,gru,121.39523719740642,202.0
2025-10-20,1,naive,182.0,129.0
2025-10-20,1,naive_carry,182.0,129.0
2025-10-20,1,seasonal_naive_7,74.6,129.0
2025-10-20,1,climatology,125.94944444444444,129.0
2025-10-20,1,gru,161.67995732300102,129.0
2025-10-20,2,naive,182.0,202.0
2025-10-20,2,naive_carry,182.0,202.0
2025-10-20,2,seasonal_naive_7,76.2,202.0
2025-10-20,2,climatology,134.3661111111111,202.0
2025-10-20,2,gru,144.40826095460815,202.0
2025-10-20,3,naive,182.0,123.0
2025-10-20,3,naive_carry,182.0,123.0
2025-10-20,3,seasonal_naive_7,88.6,123.0
2025-10-20,3,climatology,140.9961111111111,123.0
2025-10-20,3,gru,151.17078226906685,123.0
2025-10-21,1,naive,129.0,202.0
2025-10-21,1,naive_carry,129.0,202.0
2025-10-21,1,seasonal_naive_7,76.2,202.0
2025-10-21,1,climatology,134.3661111111111,202.0
2025-10-21,1,gru,137.61726783256577,202.0
2025-10-21,2,naive,129.0,123.0
2025-10-21,2,naive_carry,129.0,123.0
2025-10-21,2,seasonal_naive_7,88.6,123.0
2025-10-21,2,climatology,140.9961111111111,123.0
2025-10-21,2,gru,133.01155699551225,123.0
2025-10-21,3,naive,129.0,103.0
2025-10-21,3,naive_carry,129.0,103.0
2025-10-21,3,seasonal_naive_7,101.0,103.0
2025-10-21,3,climatology,140.78944444444446,103.0
2025-10-21,3,gru,147.90263146580028,103.0
2025-10-22,1,naive,202.0,123.0
2025-10-22,1,naive_carry,202.0,123.0
2025-10-22,1,seasonal_naive_7,88.6,123.0
2025-10-22,1,climatology,140.9961111111111,123.0
2025-10-22,1,gru,171.7583872172804,123.0
2025-10-22,2,naive,202.0,103.0
2025-10-22,2,naive_carry,202.0,103.0
2025-10-22,2,seasonal_naive_7,101.0,103.0
2025-10-22,2,climatology,140.78944444444446,103.0
2025-10-22,2,gru,153.36644205334343,103.0
2025-10-22,3,naive,202.0,118.0
2025-10-22,3,naive_carry,202.0,118.0
2025-10-22,3,seasonal_naive_7,111.0,118.0
2025-10-22,3,climatology,149.08166666666665,118.0
2025-10-22,3,gru,193.75908007681164,118.0
2025-10-23,1,naive,123.0,103.0
2025-10-23,1,naive_carry,123.0,103.0
2025-10-23,1,seasonal_naive_7,101.0,103.0
2025-10-23,1,climatology,140.78944444444446,103.0
2025-10-23,1,gru,132.31546513825643,103.0
2025-10-23,2,naive,123.0,118.0
2025-10-23,2,naive_carry,123.0,118.0
2025-10-23,2,seasonal_naive_7,111.0,118.0
2025-10-23,2,climatology,149.08166666666665,118.0
2025-10-23,2,gru,146.57960188054045,118.0
2025-10-23,3,naive,123.0,120.0
2025-10-23,3,naive_carry,123.0,120.0
2025-10-23,3,seasonal_naive_7,129.0,120.0
2025-10-23,3,climatology,157.12944444444443,120.0
2025-10-23,3,gru,174.53200679881684,120.0
2025-10-24,1,naive,103.0,118.0
2025-10-24,1,naive_carry,103.0,118.0
2025-10-24,1,seasonal_naive_7,111.0,118.0
2025-10-24,1,climatology,149.08166666666665,118.0
2025-10-24,1,gru,127.83769652864943,118.0
2025-10-24,2,naive,103.0,120.0
2025-10-24,2,naive_carry,103.0,120.0
2025-10-24,2,seasonal_naive_7,129.0,120.0
2025-10-24,2,climatology,157.12944444444443,120.0
2025-10-24,2,gru,145.43636587225078,120.0
2025-10-25,1,naive,118.0,120.0
2025-10-25,1,naive_carry,118.0,120.0
2025-10-25,1,seasonal_naive_7,129.0,120.0
2025-10-25,1,climatology,157.12944444444443,120.0
2025-10-25,1,gru,142.1960834125698,120.0
2025-10-26,3,naive,120.0,151.0
2025-10-26,3,naive_carry,120.0,151.0
2025-10-26,3,seasonal_naive_7,202.0,151.0
2025-10-26,3,climatology,185.96277777777777,151.0
2025-10-26,3,gru,177.34877300487443,151.0
2025-10-29,1,naive,151.0,187.0
2025-10-29,1,naive_carry,151.0,187.0
2025-10-29,1,seasonal_naive_7,123.0,187.0
2025-10-29,1,climatology,192.7505555555555,187.0
2025-10-29,1,gru,170.17673007218406,187.0
2025-10-29,2,naive,151.0,93.2
2025-10-29,2,naive_carry,151.0,93.2
2025-10-29,2,seasonal_naive_7,103.0,93.2
2025-10-29,2,climatology,202.96055555555552,93.2
2025-10-29,2,gru,188.63868156711834,93.2
2025-10-29,3,naive,151.0,213.0
2025-10-29,3,naive_carry,151.0,213.0
2025-10-29,3,seasonal_naive_7,118.0,213.0
2025-10-29,3,climatology,219.2761111111111,213.0
2025-10-29,3,gru,196.41720930475847,213.0
2025-10-30,1,naive,187.0,93.2
2025-10-30,1,naive_carry,187.0,93.2
2025-10-30,1,seasonal_naive_7,103.0,93.2
2025-10-30,1,climatology,202.96055555555552,93.2
2025-10-30,1,gru,183.1946301067546,93.2
2025-10-30,2,naive,187.0,213.0
2025-10-30,2,naive_carry,187.0,213.0
2025-10-30,2,seasonal_naive_7,118.0,213.0
2025-10-30,2,climatology,219.2761111111111,213.0
2025-10-30,2,gru,219.13453371516724,213.0
2025-10-30,3,naive,187.0,177.0
2025-10-30,3,naive_carry,187.0,177.0
2025-10-30,3,seasonal_naive_7,120.0,177.0
2025-10-30,3,climatology,227.6737777777778,177.0
2025-10-30,3,gru,200.10571041083526,177.0
2025-10-31,1,naive,93.2,213.0
2025-10-31,1,naive_carry,93.2,213.0
2025-10-31,1,seasonal_naive_7,118.0,213.0
2025-10-31,1,climatology,219.2761111111111,213.0
2025-10-31,1,gru,116.88631211096323,213.0
2025-10-31,2,naive,93.2,177.0
2025-10-31,2,naive_carry,93.2,177.0
2025-10-31,2,seasonal_naive_7,120.0,177.0
2025-10-31,2,climatology,227.6737777777778,177.0
2025-10-31,2,gru,152.29953325608886,177.0
2025-11-01,1,naive,213.0,177.0
2025-11-01,1,naive_carry,213.0,177.0
2025-11-01,1,seasonal_naive_7,120.0,177.0
2025-11-01,1,climatology,227.6737777777778,177.0
2025-11-01,1,gru,202.05492805272027,177.0
2025-11-02,3,naive,177.0,107.0
2025-11-02,3,naive_carry,177.0,107.0
2025-11-02,3,seasonal_naive_7,151.0,107.0
2025-11-02,3,climatology,255.74387301587305,107.0
2025-11-02,3,gru,209.07606511931976,107.0
2025-11-03,2,naive,124.0,107.0
2025-11-03,2,naive_carry,124.0,107.0
2025-11-03,2,seasonal_naive_7,151.0,107.0
2025-11-03,2,climatology,255.74387301587305,107.0
2025-11-03,2,gru,177.42112318252973,107.0
2025-11-03,3,naive,124.0,186.0
2025-11-03,3,naive_carry,124.0,186.0
2025-11-03,3,seasonal_naive_7,187.0,186.0
2025-11-03,3,climatology,260.2486349206349,186.0
2025-11-03,3,gru,204.69797246866418,186.0
2025-11-04,1,naive,99.2,107.0
2025-11-04,1,naive_carry,99.2,107.0
2025-11-04,1,seasonal_naive_7,151.0,107.0
2025-11-04,1,climatology,255.74387301587305,107.0
2025-11-04,1,gru,130.20915632600523,107.0
2025-11-04,2,naive,99.2,186.0
2025-11-04,2,naive_carry,99.2,186.0
2025-11-04,2,seasonal_naive_7,187.0,186.0
2025-11-04,2,climatology,260.2486349206349,186.0
2025-11-04,2,gru,167.25315974043096,186.0
2025-11-04,3,naive,99.2,215.0
2025-11-04,3,naive_carry,99.2,215.0
2025-11-04,3,seasonal_naive_7,93.2,215.0
2025-11-04,3,climatology,260.50863492063496,215.0
2025-11-04,3,gru,199.2235459555814,215.0
2025-11-05,1,naive,107.0,186.0
2025-11-05,1,naive_carry,107.0,186.0
2025-11-05,1,seasonal_naive_7,187.0,186.0
2025-11-05,1,climatology,260.2486349206349,186.0
2025-11-05,1,gru,133.57092615666238,186.0
2025-11-05,2,naive,107.0,215.0
2025-11-05,2,naive_carry,107.0,215.0
2025-11-05,2,seasonal_naive_7,93.2,215.0
2025-11-05,2,climatology,260.50863492063496,215.0
2025-11-05,2,gru,165.003708603672,215.0
2025-11-05,3,naive,107.0,251.0
2025-11-05,3,naive_carry,107.0,251.0
2025-11-05,3,seasonal_naive_7,213.0,251.0
2025-11-05,3,climatology,261.3130793650794,251.0
2025-11-05,3,gru,188.00162264376888,251.0
2025-11-06,1,naive,186.0,215.0
2025-11-06,1,naive_carry,186.0,215.0
2025-11-06,1,seasonal_naive_7,93.2,215.0
2025-11-06,1,climatology,260.50863492063496,215.0
2025-11-06,1,gru,163.33991349653596,215.0
2025-11-06,2,naive,186.0,251.0
2025-11-06,2,naive_carry,186.0,251.0
2025-11-06,2,seasonal_naive_7,213.0,251.0
2025-11-06,2,climatology,261.3130793650794,251.0
2025-11-06,2,gru,180.08861251392935,251.0
2025-11-06,3,naive,186.0,213.0
2025-11-06,3,naive_carry,186.0,213.0
2025-11-06,3,seasonal_naive_7,177.0,213.0
2025-11-06,3,climatology,259.1305396825397,213.0
2025-11-06,3,gru,223.3351586514679,213.0
2025-11-07,1,naive,215.0,251.0
2025-11-07,1,naive_carry,215.0,251.0
2025-11-07,1,seasonal_naive_7,213.0,251.0
2025-11-07,1,climatology,261.3130793650794,251.0
2025-11-07,1,gru,190.27838861444968,251.0
2025-11-07,2,naive,215.0,213.0
2025-11-07,2,naive_carry,215.0,213.0
2025-11-07,2,seasonal_naive_7,177.0,213.0
2025-11-07,2,climatology,259.1305396825397,213.0
2025-11-07,2,gru,219.49826247318327,213.0
2025-11-07,3,naive,215.0,279.0
2025-11-07,3,naive_carry,215.0,279.0
2025-11-07,3,seasonal_naive_7,124.0,279.0
2025-11-07,3,climatology,255.0645079365079,279.0
2025-11-07,3,gru,250.28134759390173,279.0
2025-11-08,1,naive,251.0,213.0
2025-11-08,1,naive_carry,251.0,213.0
2025-11-08,1,seasonal_naive_7,177.0,213.0
2025-11-08,1,climatology,259.1305396825397,213.0
2025-11-08,1,gru,230.74379140497194,213.0
2025-11-08,2,naive,251.0,279.0
2025-11-08,2,naive_carry,251.0,279.0
2025-11-08,2,seasonal_naive_7,124.0,279.0
2025-11-08,2,climatology,255.0645079365079,279.0
2025-11-08,2,gru,231.5037689496023,279.0
2025-11-08,3,naive,251.0,297.0
2025-11-08,3,naive_carry,251.0,297.0
2025-11-08,3,seasonal_naive_7,99.2,297.0
2025-11-08,3,climatology,248.0346666666667,297.0
2025-11-08,3,gru,276.5860300576051,297.0
2025-11-09,1,naive,213.0,279.0
2025-11-09,1,naive_carry,213.0,279.0
2025-11-09,1,seasonal_naive_7,124.0,279.0
2025-11-09,1,climatology,255.0645079365079,279.0
2025-11-09,1,gru,211.40205199470046,279.0
2025-11-09,2,naive,213.0,297.0
2025-11-09,2,naive_carry,213.0,297.0
2025-11-09,2,seasonal_naive_7,99.2,297.0
2025-11-09,2,climatology,248.0346666666667,297.0
2025-11-09,2,gru,235.25052963598296,297.0
2025-11-09,3,naive,213.0,326.0
2025-11-09,3,naive_carry,213.0,326.0
2025-11-09,3,seasonal_naive_7,107.0,326.0
2025-11-09,3,climatology,244.6871111111111,326.0
2025-11-09,3,gru,267.8936695509188,326.0
2025-11-10,1,naive,279.0,297.0
2025-11-10,1,naive_carry,279.0,297.0
2025-11-10,1,seasonal_naive_7,99.2,297.0
2025-11-10,1,climatology,248.0346666666667,297.0
2025-11-10,1,gru,270.2054733706055,297.0
2025-11-10,2,naive,279.0,326.0
2025-11-10,2,naive_carry,279.0,326.0
2025-11-10,2,seasonal_naive_7,107.0,326.0
2025-11-10,2,climatology,244.6871111111111,326.0
2025-11-10,2,gru,273.22568025796886,326.0
2025-11-10,3,naive,279.0,287.0
2025-11-10,3,naive_carry,279.0,287.0
2025-11-10,3,seasonal_naive_7,186.0,287.0
2025-11-10,3,climatology,238.28711111111113,287.0
2025-11-10,3,gru,282.29029433205443,287.0
2025-11-11,1,naive,297.0,326.0
2025-11-11,1,naive_carry,297.0,326.0
2025-11-11,1,seasonal_naive_7,107.0,326.0
2025-11-11,1,climatology,244.6871111111111,326.0
2025-11-11,1,gru,254.94209052180403,326.0
2025-11-11,2,naive,297.0,287.0
2025-11-11,2,naive_carry,297.0,287.0
2025-11-11,2,seasonal_naive_7,186.0,287.0
2025-11-11,2,climatology,238.28711111111113,287.0
2025-11-11,2,gru,243.06626000847615,287.0
2025-11-11,3,naive,297.0,228.0
2025-11-11,3,naive_carry,297.0,228.0
2025-11-11,3,seasonal_naive_7,215.0,228.0
2025-11-11,3,climatology,237.28647619047615,228.0
2025-11-11,3,gru,275.557681861363,228.0
2025-11-12,1,naive,326.0,287.0
2025-11-12,1,naive_carry,326.0,287.0
2025-11-12,1,seasonal_naive_7,186.0,287.0
2025-11-12,1,climatology,238.28711111111113,287.0
2025-11-12,1,gru,271.0914134815002,287.0
2025-11-12,2,naive,326.0,228.0
2025-11-12,2,naive_carry,326.0,228.0
2025-11-12,2,seasonal_naive_7,215.0,228.0
2025-11-12,2,climatology,237.28647619047615,228.0
2025-11-12,2,gru,262.1233805427488,228.0
2025-11-13,1,naive,287.0,228.0
2025-11-13,1,naive_carry,287.0,228.0
2025-11-13,1,seasonal_naive_7,215.0,228.0
2025-11-13,1,climatology,237.28647619047615,228.0
2025-11-13,1,gru,252.06501916487244,228.0
2025-11-13,3,naive,287.0,170.0
2025-11-13,3,naive_carry,287.0,170.0
2025-11-13,3,seasonal_naive_7,213.0,170.0
2025-11-13,3,climatology,214.5912380952381,170.0
2025-11-13,3,gru,270.89010517594795,170.0
2025-11-14,2,naive,228.0,170.0
2025-11-14,2,naive_carry,228.0,170.0
2025-11-14,2,seasonal_naive_7,213.0,170.0
2025-11-14,2,climatology,214.5912380952381,170.0
2025-11-14,2,gru,241.4987392842006,170.0
2025-11-16,2,naive,170.0,208.0
2025-11-16,2,naive_carry,170.0,208.0
2025-11-16,2,seasonal_naive_7,297.0,208.0
2025-11-16,2,climatology,196.2774603174603,208.0
2025-11-16,2,gru,209.4013630125899,208.0
2025-11-18,3,naive,208.0,163.0
2025-11-18,3,naive_carry,208.0,163.0
2025-11-18,3,seasonal_naive_7,228.0,163.0
2025-11-18,3,climatology,172.25650793650794,163.0
2025-11-18,3,gru,223.3786234892635,163.0
2025-11-21,2,naive,163.0,223.0
2025-11-21,2,naive_carry,163.0,223.0
2025-11-21,2,seasonal_naive_7,170.0,223.0
2025-11-21,2,climatology,163.7926984126984,223.0
2025-11-21,2,gru,224.0307123069396,223.0
2025-11-22,1,naive,180.0,223.0
2025-11-22,1,naive_carry,180.0,223.0
2025-11-22,1,seasonal_naive_7,170.0,223.0
2025-11-22,1,climatology,163.7926984126984,223.0
2025-11-22,1,gru,197.15640258447544,223.0
2025-11-22,3,naive,180.0,192.0
2025-11-22,3,naive_carry,180.0,192.0
2025-11-22,3,seasonal_naive_7,208.0,192.0
2025-11-22,3,climatology,166.11587301587304,192.0
2025-11-22,3,gru,182.9133229818872,192.0
2025-11-23,2,naive,223.0,192.0
2025-11-23,2,naive_carry,223.0,192.0
2025-11-23,2,seasonal_naive_7,208.0,192.0
2025-11-23,2,climatology,166.11587301587304,192.0
2025-11-23,2,gru,218.51964859852512,192.0
2025-11-24,1,naive,221.0,192.0
2025-11-24,1,naive_carry,221.0,192.0
2025-11-24,1,seasonal_naive_7,208.0,192.0
2025-11-24,1,climatology,166.11587301587304,192.0
2025-11-24,1,gru,224.27824412342264,192.0
2025-11-25,3,naive,192.0,221.0
2025-11-25,3,naive_carry,192.0,221.0
2025-11-25,3,seasonal_naive_7,163.0,221.0
2025-11-25,3,climatology,171.3190476190476,221.0
2025-11-25,3,gru,194.24089305567418,221.0
2025-11-26,2,naive,164.0,221.0
2025-11-26,2,naive_carry,164.0,221.0
2025-11-26,2,seasonal_naive_7,163.0,221.0
2025-11-26,2,climatology,171.3190476190476,221.0
2025-11-26,2,gru,182.61606213317413,221.0
2025-11-26,3,naive,164.0,146.0
2025-11-26,3,naive_carry,164.0,146.0
2025-11-26,3,seasonal_naive_7,180.0,146.0
2025-11-26,3,climatology,171.91523809523812,146.0
2025-11-26,3,gru,186.8646014182201,146.0
2025-11-27,1,naive,221.0,221.0
2025-11-27,1,naive_carry,221.0,221.0
2025-11-27,1,seasonal_naive_7,163.0,221.0
2025-11-27,1,climatology,171.3190476190476,221.0
2025-11-27,1,gru,226.15120771073083,221.0
2025-11-27,2,naive,221.0,146.0
2025-11-27,2,naive_carry,221.0,146.0
2025-11-27,2,seasonal_naive_7,180.0,146.0
2025-11-27,2,climatology,171.91523809523812,146.0
2025-11-27,2,gru,202.75877665886676,146.0
2025-11-27,3,naive,221.0,155.0
2025-11-27,3,naive_carry,221.0,155.0
2025-11-27,3,seasonal_naive_7,223.0,155.0
2025-11-27,3,climatology,174.6660317460317,155.0
2025-11-27,3,gru,190.43660716381333,155.0
2025-11-28,1,naive,221.0,146.0
2025-11-28,1,naive_carry,221.0,146.0
2025-11-28,1,seasonal_naive_7,180.0,146.0
2025-11-28,1,climatology,171.91523809523812,146.0
2025-11-28,1,gru,206.9869399700571,146.0
2025-11-28,2,naive,221.0,155.0
2025-11-28,2,naive_carry,221.0,155.0
2025-11-28,2,seasonal_naive_7,223.0,155.0
2025-11-28,2,climatology,174.6660317460317,155.0
2025-11-28,2,gru,191.66376031321607,155.0
2025-11-28,3,naive,221.0,152.0
2025-11-28,3,naive_carry,221.0,152.0
2025-11-28,3,seasonal_naive_7,221.0,152.0
2025-11-28,3,climatology,179.11269841269842,152.0
2025-11-28,3,gru,188.25405300159758,152.0
2025-11-29,1,naive,146.0,155.0
2025-11-29,1,naive_carry,146.0,155.0
2025-11-29,1,seasonal_naive_7,223.0,155.0
2025-11-29,1,climatology,174.6660317460317,155.0
2025-11-29,1,gru,157.93516051389375,155.0
2025-11-29,2,naive,146.0,152.0
2025-11-29,2,naive_carry,146.0,152.0
2025-11-29,2,seasonal_naive_7,221.0,152.0
2025-11-29,2,climatology,179.11269841269842,152.0
2025-11-29,2,gru,161.34147110122063,152.0
2025-11-29,3,naive,146.0,236.0
2025-11-29,3,naive_carry,146.0,236.0
2025-11-29,3,seasonal_naive_7,192.0,236.0
2025-11-29,3,climatology,182.80380952380952,236.0
2025-11-29,3,gru,176.42788517650192,236.0
2025-11-30,1,naive,155.0,152.0
2025-11-30,1,naive_carry,155.0,152.0
2025-11-30,1,seasonal_naive_7,221.0,152.0
2025-11-30,1,climatology,179.11269841269842,152.0
2025-11-30,1,gru,168.27555772117924,152.0
2025-11-30,2,naive,155.0,236.0
2025-11-30,2,naive_carry,155.0,236.0
2025-11-30,2,seasonal_naive_7,192.0,236.0
2025-11-30,2,climatology,182.80380952380952,236.0
2025-11-30,2,gru,166.96846643144377,236.0
2025-11-30,3,naive,155.0,174.0
2025-11-30,3,naive_carry,155.0,174.0
2025-11-30,3,seasonal_naive_7,164.0,174.0
2025-11-30,3,climatology,185.04825396825396,174.0
2025-11-30,3,gru,177.8184948133106,174.0
2025-12-01,1,naive,152.0,236.0
2025-12-01,1,naive_carry,152.0,236.0
2025-12-01,1,seasonal_naive_7,192.0,236.0
2025-12-01,1,climatology,182.80380952380952,236.0
2025-12-01,1,gru,169.3644106128226,236.0
2025-12-01,2,naive,152.0,174.0
2025-12-01,2,naive_carry,152.0,174.0
2025-12-01,2,seasonal_naive_7,164.0,174.0
2025-12-01,2,climatology,185.04825396825396,174.0
2025-12-01,2,gru,176.06080086535428,174.0
2025-12-01,3,naive,152.0,173.0
2025-12-01,3,naive_carry,152.0,173.0
2025-12-01,3,seasonal_naive_7,221.0,173.0
2025-12-01,3,climatology,180.6752380952381,173.0
2025-12-01,3,gru,177.9129005568658,173.0
2025-12-02,1,naive,236.0,174.0
2025-12-02,1,naive_carry,236.0,174.0
2025-12-02,1,seasonal_naive_7,164.0,174.0
2025-12-02,1,climatology,185.04825396825396,174.0
2025-12-02,1,gru,228.2974417759529,174.0
2025-12-02,2,naive,236.0,173.0
2025-12-02,2,naive_carry,236.0,173.0
2025-12-02,2,seasonal_naive_7,221.0,173.0
2025-12-02,2,climatology,180.6752380952381,173.0
2025-12-02,2,gru,216.62706284095222,173.0
2025-12-02,3,naive,236.0,178.0
2025-12-02,3,naive_carry,236.0,178.0
2025-12-02,3,seasonal_naive_7,221.0,178.0
2025-12-02,3,climatology,181.90412698412695,178.0
2025-12-02,3,gru,190.063199556387,178.0
2025-12-03,1,naive,174.0,173.0
2025-12-03,1,naive_carry,174.0,173.0
2025-12-03,1,seasonal_naive_7,221.0,173.0
2025-12-03,1,climatology,180.6752380952381,173.0
2025-12-03,1,gru,168.22136976287632,173.0
2025-12-03,2,naive,174.0,178.0
2025-12-03,2,naive_carry,174.0,178.0
2025-12-03,2,seasonal_naive_7,221.0,178.0
2025-12-03,2,climatology,181.90412698412695,178.0
2025-12-03,2,gru,176.28813121844541,178.0
2025-12-03,3,naive,174.0,169.0
2025-12-03,3,naive_carry,174.0,169.0
2025-12-03,3,seasonal_naive_7,146.0,169.0
2025-12-03,3,climatology,182.07257142857145,169.0
2025-12-03,3,gru,188.89612998611878,169.0
2025-12-04,1,naive,173.0,178.0
2025-12-04,1,naive_carry,173.0,178.0
2025-12-04,1,seasonal_naive_7,221.0,178.0
2025-12-04,1,climatology,181.90412698412695,178.0
2025-12-04,1,gru,178.86793220602385,178.0
2025-12-04,2,naive,173.0,169.0
2025-12-04,2,naive_carry,173.0,169.0
2025-12-04,2,seasonal_naive_7,146.0,169.0
2025-12-04,2,climatology,182.07257142857145,169.0
2025-12-04,2,gru,203.15294181707043,169.0
2025-12-04,3,naive,173.0,161.0
2025-12-04,3,naive_carry,173.0,161.0
2025-12-04,3,seasonal_naive_7,155.0,161.0
2025-12-04,3,climatology,181.5330476190476,161.0
2025-12-04,3,gru,205.71982994833684,161.0
2025-12-05,1,naive,178.0,169.0
2025-12-05,1,naive_carry,178.0,169.0
2025-12-05,1,seasonal_naive_7,146.0,169.0
2025-12-05,1,climatology,182.07257142857145,169.0
2025-12-05,1,gru,205.4979848546466,169.0
2025-12-05,2,naive,178.0,161.0
2025-12-05,2,naive_carry,178.0,161.0
2025-12-05,2,seasonal_naive_7,155.0,161.0
2025-12-05,2,climatology,181.5330476190476,161.0
2025-12-05,2,gru,229.4245453669301,161.0
2025-12-05,3,naive,178.0,152.0
2025-12-05,3,naive_carry,178.0,152.0
2025-12-05,3,seasonal_naive_7,152.0,152.0
2025-12-05,3,climatology,179.23215873015872,152.0
2025-12-05,3,gru,205.89115275853706,152.0
2025-12-06,1,naive,169.0,161.0
2025-12-06,1,naive_carry,169.0,161.0
2025-12-06,1,seasonal_naive_7,155.0,161.0
2025-12-06,1,climatology,181.5330476190476,161.0
2025-12-06,1,gru,150.90702508958123,161.0
2025-12-06,2,naive,169.0,152.0
2025-12-06,2,naive_carry,169.0,152.0
2025-12-06,2,seasonal_naive_7,152.0,152.0
2025-12-06,2,climatology,179.23215873015872,152.0
2025-12-06,2,gru,167.16421672723152,152.0
2025-12-06,3,naive,169.0,130.0
2025-12-06,3,naive_carry,169.0,130.0
2025-12-06,3,seasonal_naive_7,236.0,130.0
2025-12-06,3,climatology,175.8531111111111,130.0
2025-12-06,3,gru,196.58776021820498,130.0
2025-12-07,1,naive,161.0,152.0
2025-12-07,1,naive_carry,161.0,152.0
2025-12-07,1,seasonal_naive_7,152.0,152.0
2025-12-07,1,climatology,179.23215873015872,152.0
2025-12-07,1,gru,166.5813580934761,152.0
2025-12-07,2,naive,161.0,130.0
2025-12-07,2,naive_carry,161.0,130.0
2025-12-07,2,seasonal_naive_7,236.0,130.0
2025-12-07,2,climatology,175.8531111111111,130.0
2025-12-07,2,gru,198.65887891373356,130.0
2025-12-07,3,naive,161.0,129.0
2025-12-07,3,naive_carry,161.0,129.0
2025-12-07,3,seasonal_naive_7,174.0,129.0
2025-12-07,3,climatology,172.1042222222222,129.0
2025-12-07,3,gru,198.71007411723002,129.0
2025-12-08,1,naive,152.0,130.0
2025-12-08,1,naive_carry,152.0,130.0
2025-12-08,1,seasonal_naive_7,236.0,130.0
2025-12-08,1,climatology,175.8531111111111,130.0
2025-12-08,1,gru,156.36801999294835,130.0
2025-12-08,2,naive,152.0,129.0
2025-12-08,2,naive_carry,152.0,129.0
2025-12-08,2,seasonal_naive_7,174.0,129.0
2025-12-08,2,climatology,172.1042222222222,129.0
2025-12-08,2,gru,176.66738106967333,129.0
2025-12-08,3,naive,152.0,143.0
2025-12-08,3,naive_carry,152.0,143.0
2025-12-08,3,seasonal_naive_7,173.0,143.0
2025-12-08,3,climatology,170.27184126984127,143.0
2025-12-08,3,gru,189.10252230690926,143.0
2025-12-09,1,naive,130.0,129.0
2025-12-09,1,naive_carry,130.0,129.0
2025-12-09,1,seasonal_naive_7,174.0,129.0
2025-12-09,1,climatology,172.1042222222222,129.0
2025-12-09,1,gru,138.18035155455726,129.0
2025-12-09,2,naive,130.0,143.0
2025-12-09,2,naive_carry,130.0,143.0
2025-12-09,2,seasonal_naive_7,173.0,143.0
2025-12-09,2,climatology,170.27184126984127,143.0
2025-12-09,2,gru,166.67074076739843,143.0
2025-12-09,3,naive,130.0,191.0
2025-12-09,3,naive_carry,130.0,191.0
2025-12-09,3,seasonal_naive_7,178.0,191.0
2025-12-09,3,climatology,172.4985079365079,191.0
2025-12-09,3,gru,187.81417275883211,191.0
2025-12-10,1,naive,129.0,143.0
2025-12-10,1,naive_carry,129.0,143.0
2025-12-10,1,seasonal_naive_7,173.0,143.0
2025-12-10,1,climatology,170.27184126984127,143.0
2025-12-10,1,gru,165.94447824621813,143.0
2025-12-10,2,naive,129.0,191.0
2025-12-10,2,naive_carry,129.0,191.0
2025-12-10,2,seasonal_naive_7,178.0,191.0
2025-12-10,2,climatology,172.4985079365079,191.0
2025-12-10,2,gru,192.72716300183765,191.0
2025-12-10,3,naive,129.0,357.0
2025-12-10,3,naive_carry,129.0,357.0
2025-12-10,3,seasonal_naive_7,169.0,357.0
2025-12-10,3,climatology,175.83755555555555,357.0
2025-12-10,3,gru,186.46545037901203,357.0
2025-12-11,1,naive,143.0,191.0
2025-12-11,1,naive_carry,143.0,191.0
2025-12-11,1,seasonal_naive_7,178.0,191.0
2025-12-11,1,climatology,172.4985079365079,191.0
2025-12-11,1,gru,175.50250955555256,191.0
2025-12-11,2,naive,143.0,357.0
2025-12-11,2,naive_carry,143.0,357.0
2025-12-11,2,seasonal_naive_7,169.0,357.0
2025-12-11,2,climatology,175.83755555555555,357.0
2025-12-11,2,gru,191.92846327521195,357.0
2025-12-11,3,naive,143.0,384.0
2025-12-11,3,naive_carry,143.0,384.0
2025-12-11,3,seasonal_naive_7,161.0,384.0
2025-12-11,3,climatology,177.72866666666667,384.0
2025-12-11,3,gru,176.62324852590245,384.0
2025-12-12,1,naive,191.0,357.0
2025-12-12,1,naive_carry,191.0,357.0
2025-12-12,1,seasonal_naive_7,169.0,357.0
2025-12-12,1,climatology,175.83755555555555,357.0
2025-12-12,1,gru,196.54514038460664,357.0
2025-12-12,2,naive,191.0,384.0
2025-12-12,2,naive_carry,191.0,384.0
2025-12-12,2,seasonal_naive_7,161.0,384.0
2025-12-12,2,climatology,177.72866666666667,384.0
2025-12-12,2,gru,195.8607496623932,384.0
2025-12-12,3,naive,191.0,270.0
2025-12-12,3,naive_carry,191.0,270.0
2025-12-12,3,seasonal_naive_7,152.0,270.0
2025-12-12,3,climatology,179.0397777777778,270.0
2025-12-12,3,gru,175.82721311531708,270.0
2025-12-13,1,naive,357.0,384.0
2025-12-13,1,naive_carry,357.0,384.0
2025-12-13,1,seasonal_naive_7,161.0,384.0
2025-12-13,1,climatology,177.72866666666667,384.0
2025-12-13,1,gru,285.47555532248765,384.0
2025-12-13,2,naive,357.0,270.0
2025-12-13,2,naive_carry,357.0,270.0
2025-12-13,2,seasonal_naive_7,152.0,270.0
2025-12-13,2,climatology,179.0397777777778,270.0
2025-12-13,2,gru,243.84913710608564,270.0
2025-12-13,3,naive,357.0,184.0
2025-12-13,3,naive_carry,357.0,184.0
2025-12-13,3,seasonal_naive_7,130.0,184.0
2025-12-13,3,climatology,182.8931111111111,184.0
2025-12-13,3,gru,196.81787799497988,184.0
2025-12-14,1,naive,384.0,270.0
2025-12-14,1,naive_carry,384.0,270.0
2025-12-14,1,seasonal_naive_7,152.0,270.0
2025-12-14,1,climatology,179.0397777777778,270.0
2025-12-14,1,gru,294.76092798709067,270.0
2025-12-14,2,naive,384.0,184.0
2025-12-14,2,naive_carry,384.0,184.0
2025-12-14,2,seasonal_naive_7,130.0,184.0
2025-12-14,2,climatology,182.8931111111111,184.0
2025-12-14,2,gru,249.88574149861452,184.0
2025-12-14,3,naive,384.0,184.0
2025-12-14,3,naive_carry,384.0,184.0
2025-12-14,3,seasonal_naive_7,129.0,184.0
2025-12-14,3,climatology,189.6042222222222,184.0
2025-12-14,3,gru,212.40293957765462,184.0
2025-12-15,1,naive,270.0,184.0
2025-12-15,1,naive_carry,270.0,184.0
2025-12-15,1,seasonal_naive_7,130.0,184.0
2025-12-15,1,climatology,182.8931111111111,184.0
2025-12-15,1,gru,218.00882942132606,184.0
2025-12-15,2,naive,270.0,184.0
2025-12-15,2,naive_carry,270.0,184.0
2025-12-15,2,seasonal_naive_7,129.0,184.0
2025-12-15,2,climatology,189.6042222222222,184.0
2025-12-15,2,gru,199.07315116223347,184.0
2025-12-15,3,naive,270.0,301.0
2025-12-15,3,naive_carry,270.0,301.0
2025-12-15,3,seasonal_naive_7,143.0,301.0
2025-12-15,3,climatology,194.41977777777777,301.0
2025-12-15,3,gru,198.42438048004595,301.0
2025-12-16,1,naive,184.0,184.0
2025-12-16,1,naive_carry,184.0,184.0
2025-12-16,1,seasonal_naive_7,129.0,184.0
2025-12-16,1,climatology,189.6042222222222,184.0
2025-12-16,1,gru,155.4123177853351,184.0
2025-12-16,2,naive,184.0,301.0
2025-12-16,2,naive_carry,184.0,301.0
2025-12-16,2,seasonal_naive_7,143.0,301.0
2025-12-16,2,climatology,194.41977777777777,301.0
2025-12-16,2,gru,162.42317704686548,301.0
2025-12-16,3,naive,184.0,232.0
2025-12-16,3,naive_carry,184.0,232.0
2025-12-16,3,seasonal_naive_7,191.0,232.0
2025-12-16,3,climatology,199.04199999999997,232.0
2025-12-16,3,gru,190.39164994246366,232.0
2025-12-17,1,naive,184.0,301.0
2025-12-17,1,naive_carry,184.0,301.0
2025-12-17,1,seasonal_naive_7,143.0,301.0
2025-12-17,1,climatology,194.41977777777777,301.0
2025-12-17,1,gru,175.10304245822454,301.0
2025-12-17,2,naive,184.0,232.0
2025-12-17,2,naive_carry,184.0,232.0
2025-12-17,2,seasonal_naive_7,191.0,232.0
2025-12-17,2,climatology,199.04199999999997,232.0
2025-12-17,2,gru,187.6077182228426,232.0
2025-12-17,3,naive,184.0,275.0
2025-12-17,3,naive_carry,184.0,275.0
2025-12-17,3,seasonal_naive_7,357.0,275.0
2025-12-17,3,climatology,200.87977777777775,275.0
2025-12-17,3,gru,197.62935311605708,275.0
2025-12-18,1,naive,301.0,232.0
2025-12-18,1,naive_carry,301.0,232.0
2025-12-18,1,seasonal_naive_7,191.0,232.0
2025-12-18,1,climatology,199.04199999999997,232.0
2025-12-18,1,gru,275.8756378375543,232.0
2025-12-18,2,naive,301.0,275.0
2025-12-18,2,naive_carry,301.0,275.0
2025-12-18,2,seasonal_naive_7,357.0,275.0
2025-12-18,2,climatology,200.87977777777775,275.0
2025-12-18,2,gru,251.8159248747776,275.0
2025-12-18,3,naive,301.0,239.0
2025-12-18,3,naive_carry,301.0,239.0
2025-12-18,3,seasonal_naive_7,384.0,239.0
2025-12-18,3,climatology,209.2068888888889,239.0
2025-12-18,3,gru,209.65275520768273,239.0
2025-12-19,1,naive,232.0,275.0
2025-12-19,1,naive_carry,232.0,275.0
2025-12-19,1,seasonal_naive_7,357.0,275.0
2025-12-19,1,climatology,200.87977777777775,275.0
2025-12-19,1,gru,201.70394108853375,275.0
2025-12-19,2,naive,232.0,239.0
2025-12-19,2,naive_carry,232.0,239.0
2025-12-19,2,seasonal_naive_7,384.0,239.0
2025-12-19,2,climatology,209.2068888888889,239.0
2025-12-19,2,gru,216.6271564416317,239.0
2025-12-19,3,naive,232.0,290.0
2025-12-19,3,naive_carry,232.0,290.0
2025-12-19,3,seasonal_naive_7,270.0,290.0
2025-12-19,3,climatology,213.9616507936508,290.0
2025-12-19,3,gru,205.57242705416837,290.0
2025-12-20,1,naive,275.0,239.0
2025-12-20,1,naive_carry,275.0,239.0
2025-12-20,1,seasonal_naive_7,384.0,239.0
2025-12-20,1,climatology,209.2068888888889,239.0
2025-12-20,1,gru,248.17762923892613,239.0
2025-12-20,2,naive,275.0,290.0
2025-12-20,2,naive_carry,275.0,290.0
2025-12-20,2,seasonal_naive_7,270.0,290.0
2025-12-20,2,climatology,213.9616507936508,290.0
2025-12-20,2,gru,247.59324382927483,290.0
2025-12-20,3,naive,275.0,283.0
2025-12-20,3,naive_carry,275.0,283.0
2025-12-20,3,seasonal_naive_7,184.0,283.0
2025-12-20,3,climatology,222.4784126984127,283.0
2025-12-20,3,gru,213.1642735088614,283.0
2025-12-21,1,naive,239.0,290.0
2025-12-21,1,naive_carry,239.0,290.0
2025-12-21,1,seasonal_naive_7,270.0,290.0
2025-12-21,1,climatology,213.9616507936508,290.0
2025-12-21,1,gru,224.0171415603484,290.0
2025-12-21,2,naive,239.0,283.0
2025-12-21,2,naive_carry,239.0,283.0
2025-12-21,2,seasonal_naive_7,184.0,283.0
2025-12-21,2,climatology,222.4784126984127,283.0
2025-12-21,2,gru,230.6198751724241,283.0
2025-12-21,3,naive,239.0,108.0
2025-12-21,3,naive_carry,239.0,108.0
2025-12-21,3,seasonal_naive_7,184.0,108.0
2025-12-21,3,climatology,228.01619047619047,108.0
2025-12-21,3,gru,203.21390072093544,108.0
2025-12-22,1,naive,290.0,283.0
2025-12-22,1,naive_carry,290.0,283.0
2025-12-22,1,seasonal_naive_7,184.0,283.0
2025-12-22,1,climatology,222.4784126984127,283.0
2025-12-22,1,gru,249.82955136531638,283.0
2025-12-22,2,naive,290.0,108.0
2025-12-22,2,naive_carry,290.0,108.0
2025-12-22,2,seasonal_naive_7,184.0,108.0
2025-12-22,2,climatology,228.01619047619047,108.0
2025-12-22,2,gru,231.2875371729802,108.0
2025-12-22,3,naive,290.0,104.0
2025-12-22,3,naive_carry,290.0,104.0
2025-12-22,3,seasonal_naive_7,301.0,104.0
2025-12-22,3,climatology,233.8761904761905,104.0
2025-12-22,3,gru,197.95860034950448,104.0
2025-12-23,1,naive,283.0,108.0
2025-12-23,1,naive_carry,283.0,108.0
2025-12-23,1,seasonal_naive_7,184.0,108.0
2025-12-23,1,climatology,228.01619047619047,108.0
2025-12-23,1,gru,195.75781718684607,108.0
2025-12-23,2,naive,283.0,104.0
2025-12-23,2,naive_carry,283.0,104.0
2025-12-23,2,seasonal_naive_7,301.0,104.0
2025-12-23,2,climatology,233.8761904761905,104.0
2025-12-23,2,gru,191.38881370562052,104.0
2025-12-23,3,naive,283.0,173.0
2025-12-23,3,naive_carry,283.0,173.0
2025-12-23,3,seasonal_naive_7,232.0,173.0
2025-12-23,3,climatology,239.69904761904763,173.0
2025-12-23,3,gru,204.90821135802517,173.0
2025-12-24,1,naive,108.0,104.0
2025-12-24,1,naive_carry,108.0,104.0
2025-12-24,1,seasonal_naive_7,301.0,104.0
2025-12-24,1,climatology,233.8761904761905,104.0
2025-12-24,1,gru,108.96479671106033,104.0
2025-12-24,2,naive,108.0,173.0
2025-12-24,2,naive_carry,108.0,173.0
2025-12-24,2,seasonal_naive_7,232.0,173.0
2025-12-24,2,climatology,239.69904761904763,173.0
2025-12-24,2,gru,149.31029416936815,173.0
2025-12-24,3,naive,108.0,264.0
2025-12-24,3,naive_carry,108.0,264.0
2025-12-24,3,seasonal_naive_7,275.0,264.0
2025-12-24,3,climatology,244.1879365079365,264.0
2025-12-24,3,gru,180.3589599067376,264.0
2025-12-25,1,naive,104.0,173.0
2025-12-25,1,naive_carry,104.0,173.0
2025-12-25,1,seasonal_naive_7,232.0,173.0
2025-12-25,1,climatology,239.69904761904763,173.0
2025-12-25,1,gru,171.371219151342,173.0
2025-12-25,2,naive,104.0,264.0
2025-12-25,2,naive_carry,104.0,264.0
2025-12-25,2,seasonal_naive_7,275.0,264.0
2025-12-25,2,climatology,244.1879365079365,264.0
2025-12-25,2,gru,189.8946069012042,264.0
2025-12-25,3,naive,104.0,247.0
2025-12-25,3,naive_carry,104.0,247.0
2025-12-25,3,seasonal_naive_7,239.0,247.0
2025-12-25,3,climatology,243.73460317460317,247.0
2025-12-25,3,gru,184.87247455973647,247.0
2025-12-26,1,naive,173.0,264.0
2025-12-26,1,naive_carry,173.0,264.0
2025-12-26,1,seasonal_naive_7,275.0,264.0
2025-12-26,1,climatology,244.1879365079365,264.0
2025-12-26,1,gru,181.7090326510526,264.0
2025-12-26,2,naive,173.0,247.0
2025-12-26,2,naive_carry,173.0,247.0
2025-12-26,2,seasonal_naive_7,239.0,247.0
2025-12-26,2,climatology,243.73460317460317,247.0
2025-12-26,2,gru,192.23129373650903,247.0
2025-12-26,3,naive,173.0,285.0
2025-12-26,3,naive_carry,173.0,285.0
2025-12-26,3,seasonal_naive_7,290.0,285.0
2025-12-26,3,climatology,241.96920634920633,285.0
2025-12-26,3,gru,182.25490060751085,285.0
2025-12-27,1,naive,264.0,247.0
2025-12-27,1,naive_carry,264.0,247.0
2025-12-27,1,seasonal_naive_7,239.0,247.0
2025-12-27,1,climatology,243.73460317460317,247.0
2025-12-27,1,gru,210.42305172099591,247.0
2025-12-27,2,naive,264.0,285.0
2025-12-27,2,naive_carry,264.0,285.0
2025-12-27,2,seasonal_naive_7,290.0,285.0
2025-12-27,2,climatology,241.96920634920633,285.0
2025-12-27,2,gru,223.25203922038878,285.0
2025-12-27,3,naive,264.0,247.0
2025-12-27,3,naive_carry,264.0,247.0
2025-12-27,3,seasonal_naive_7,283.0,247.0
2025-12-27,3,climatology,241.29968253968255,247.0
2025-12-27,3,gru,197.9761120325567,247.0
2025-12-28,1,naive,247.0,285.0
2025-12-28,1,naive_carry,247.0,285.0
2025-12-28,1,seasonal_naive_7,290.0,285.0
2025-12-28,1,climatology,241.96920634920633,285.0
2025-12-28,1,gru,222.9034310401315,285.0
2025-12-28,2,naive,247.0,247.0
2025-12-28,2,naive_carry,247.0,247.0
2025-12-28,2,seasonal_naive_7,283.0,247.0
2025-12-28,2,climatology,241.29968253968255,247.0
2025-12-28,2,gru,235.6259909759722,247.0
2025-12-28,3,naive,247.0,275.0
2025-12-28,3,naive_carry,247.0,275.0
2025-12-28,3,seasonal_naive_7,108.0,275.0
2025-12-28,3,climatology,235.85206349206348,275.0
2025-12-28,3,gru,206.6676868241325,275.0
2025-12-29,1,naive,285.0,247.0
2025-12-29,1,naive_carry,285.0,247.0
2025-12-29,1,seasonal_naive_7,283.0,247.0
2025-12-29,1,climatology,241.29968253968255,247.0
2025-12-29,1,gru,234.56801226134533,247.0
2025-12-29,2,naive,285.0,275.0
2025-12-29,2,naive_carry,285.0,275.0
2025-12-29,2,seasonal_naive_7,108.0,275.0
2025-12-29,2,climatology,235.85206349206348,275.0
2025-12-29,2,gru,227.78277532711286,275.0
2025-12-29,3,naive,285.0,234.0
2025-12-29,3,naive_carry,285.0,234.0
2025-12-29,3,seasonal_naive_7,104.0,234.0
2025-12-29,3,climatology,220.09587301587305,234.0
2025-12-29,3,gru,206.44129195090952,234.0
2025-12-30,1,naive,247.0,275.0
2025-12-30,1,naive_carry,247.0,275.0
2025-12-30,1,seasonal_naive_7,108.0,275.0
2025-12-30,1,climatology,235.85206349206348,275.0
2025-12-30,1,gru,224.76198037174592,275.0
2025-12-30,2,naive,247.0,234.0
2025-12-30,2,naive_carry,247.0,234.0
2025-12-30,2,seasonal_naive_7,104.0,234.0
2025-12-30,2,climatology,220.09587301587305,234.0
2025-12-30,2,gru,232.75337720332422,234.0
2025-12-30,3,naive,247.0,96.1
2025-12-30,3,naive_carry,247.0,96.1
2025-12-30,3,seasonal_naive_7,173.0,96.1
2025-12-30,3,climatology,216.3,96.1
2025-12-30,3,gru,205.19770886358708,96.1
2025-12-31,1,naive,275.0,234.0
2025-12-31,1,naive_carry,275.0,234.0
2025-12-31,1,seasonal_naive_7,104.0,234.0
2025-12-31,1,climatology,220.09587301587305,234.0
2025-12-31,1,gru,219.43112100074273,234.0
2025-12-31,2,naive,275.0,96.1
2025-12-31,2,naive_carry,275.0,96.1
2025-12-31,2,seasonal_naive_7,173.0,96.1
2025-12-31,2,climatology,216.3,96.1
2025-12-31,2,gru,224.8047140689058,96.1
2025-12-31,3,naive,275.0,146.0
2025-12-31,3,naive_carry,275.0,146.0
2025-12-31,3,seasonal_naive_7,264.0,146.0
2025-12-31,3,climatology,214.6126984126984,146.0
2025-12-31,3,gru,211.57634688284793,146.0
2026-01-01,1,naive,234.0,96.1
2026-01-01,1,naive_carry,234.0,96.1
2026-01-01,1,seasonal_naive_7,173.0,96.1
2026-01-01,1,climatology,216.3,96.1
2026-01-01,1,gru,199.65510108510762,96.1
2026-01-01,2,naive,234.0,146.0
2026-01-01,2,naive_carry,234.0,146.0
2026-01-01,2,seasonal_naive_7,264.0,146.0
2026-01-01,2,climatology,214.6126984126984,146.0
2026-01-01,2,gru,220.57064986506464,146.0
2026-01-01,3,naive,234.0,139.0
2026-01-01,3,naive_carry,234.0,139.0
2026-01-01,3,seasonal_naive_7,247.0,139.0
2026-01-01,3,climatology,209.7253968253968,139.0
2026-01-01,3,gru,208.2216062950022,139.0
2026-01-02,1,naive,96.1,146.0
2026-01-02,1,naive_carry,96.1,146.0
2026-01-02,1,seasonal_naive_7,264.0,146.0
2026-01-02,1,climatology,214.6126984126984,146.0
2026-01-02,1,gru,120.19650278615444,146.0
2026-01-02,2,naive,96.1,139.0
2026-01-02,2,naive_carry,96.1,139.0
2026-01-02,2,seasonal_naive_7,247.0,139.0
2026-01-02,2,climatology,209.7253968253968,139.0
2026-01-02,2,gru,165.05621111595013,139.0
2026-01-02,3,naive,96.1,132.0
2026-01-02,3,naive_carry,96.1,132.0
2026-01-02,3,seasonal_naive_7,285.0,132.0
2026-01-02,3,climatology,208.85396825396825,132.0
2026-01-02,3,gru,174.1072357230297,132.0
2026-01-03,1,naive,146.0,139.0
2026-01-03,1,naive_carry,146.0,139.0
2026-01-03,1,seasonal_naive_7,247.0,139.0
2026-01-03,1,climatology,209.7253968253968,139.0
2026-01-03,1,gru,176.7348935260313,139.0
2026-01-03,2,naive,146.0,132.0
2026-01-03,2,naive_carry,146.0,132.0
2026-01-03,2,seasonal_naive_7,285.0,132.0
2026-01-03,2,climatology,208.85396825396825,132.0
2026-01-03,2,gru,195.69302614222553,132.0
2026-01-03,3,naive,146.0,186.0
2026-01-03,3,naive_carry,146.0,186.0
2026-01-03,3,seasonal_naive_7,247.0,186.0
2026-01-03,3,climatology,207.5892063492063,186.0
2026-01-03,3,gru,195.66250910781687,186.0
2026-01-04,1,naive,139.0,132.0
2026-01-04,1,naive_carry,139.0,132.0
2026-01-04,1,seasonal_naive_7,285.0,132.0
2026-01-04,1,climatology,208.85396825396825,132.0
2026-01-04,1,gru,156.6493154598539,132.0
2026-01-04,2,naive,139.0,186.0
2026-01-04,2,naive_carry,139.0,186.0
2026-01-04,2,seasonal_naive_7,247.0,186.0
2026-01-04,2,climatology,207.5892063492063,186.0
2026-01-04,2,gru,198.8388594922743,186.0
2026-01-04,3,naive,139.0,155.0
2026-01-04,3,naive_carry,139.0,155.0
2026-01-04,3,seasonal_naive_7,275.0,155.0
2026-01-04,3,climatology,209.6380952380952,155.0
2026-01-04,3,gru,189.76078580834042,155.0
2026-01-05,1,naive,132.0,186.0
2026-01-05,1,naive_carry,132.0,186.0
2026-01-05,1,seasonal_naive_7,247.0,186.0
2026-01-05,1,climatology,207.5892063492063,186.0
2026-01-05,1,gru,145.66455883587116,186.0
2026-01-05,2,naive,132.0,155.0
2026-01-05,2,naive_carry,132.0,155.0
2026-01-05,2,seasonal_naive_7,275.0,155.0
2026-01-05,2,climatology,209.6380952380952,155.0
2026-01-05,2,gru,178.56499434158096,155.0
2026-01-05,3,naive,132.0,168.0
2026-01-05,3,naive_carry,132.0,168.0
2026-01-05,3,seasonal_naive_7,234.0,168.0
2026-01-05,3,climatology,207.67142857142855,168.0
2026-01-05,3,gru,181.15417279787022,168.0
2026-01-06,1,naive,186.0,155.0
2026-01-06,1,naive_carry,186.0,155.0
2026-01-06,1,seasonal_naive_7,275.0,155.0
2026-01-06,1,climatology,209.6380952380952,155.0
2026-01-06,1,gru,180.05568392227954,155.0
2026-01-06,2,naive,186.0,168.0
2026-01-06,2,naive_carry,186.0,168.0
2026-01-06,2,seasonal_naive_7,234.0,168.0
2026-01-06,2,climatology,207.67142857142855,168.0
2026-01-06,2,gru,199.3880733885881,168.0
2026-01-06,3,naive,186.0,215.0
2026-01-06,3,naive_carry,186.0,215.0
2026-01-06,3,seasonal_naive_7,96.1,215.0
2026-01-06,3,climatology,202.08095238095237,215.0
2026-01-06,3,gru,188.72688820045173,215.0
2026-01-07,1,naive,155.0,168.0
2026-01-07,1,naive_carry,155.0,168.0
2026-01-07,1,seasonal_naive_7,234.0,168.0
2026-01-07,1,climatology,207.67142857142855,168.0
2026-01-07,1,gru,156.47902613829646,168.0
2026-01-07,2,naive,155.0,215.0
2026-01-07,2,naive_carry,155.0,215.0
2026-01-07,2,seasonal_naive_7,96.1,215.0
2026-01-07,2,climatology,202.08095238095237,215.0
2026-01-07,2,gru,204.427382615899,215.0
2026-01-07,3,naive,155.0,171.0
2026-01-07,3,naive_carry,155.0,171.0
2026-01-07,3,seasonal_naive_7,146.0,171.0
2026-01-07,3,climatology,197.0015873015873,171.0
2026-01-07,3,gru,204.7866444958357,171.0
2026-01-08,1,naive,168.0,215.0
2026-01-08,1,naive_carry,168.0,215.0
2026-01-08,1,seasonal_naive_7,96.1,215.0
2026-01-08,1,climatology,202.08095238095237,215.0
2026-01-08,1,gru,189.23061205042083,215.0
2026-01-08,2,naive,168.0,171.0
2026-01-08,2,naive_carry,168.0,171.0
2026-01-08,2,seasonal_naive_7,146.0,171.0
2026-01-08,2,climatology,197.0015873015873,171.0
2026-01-08,2,gru,225.3114405500686,171.0
2026-01-08,3,naive,168.0,158.0
2026-01-08,3,naive_carry,168.0,158.0
2026-01-08,3,seasonal_naive_7,139.0,158.0
2026-01-08,3,climatology,193.64603174603175,158.0
2026-01-08,3,gru,208.4984122222571,158.0
2026-01-09,1,naive,215.0,171.0
2026-01-09,1,naive_carry,215.0,171.0
2026-01-09,1,seasonal_naive_7,146.0,171.0
2026-01-09,1,climatology,197.0015873015873,171.0
2026-01-09,1,gru,207.49056508682537,171.0
2026-01-09,2,naive,215.0,158.0
2026-01-09,2,naive_carry,215.0,158.0
2026-01-09,2,seasonal_naive_7,139.0,158.0
2026-01-09,2,climatology,193.64603174603175,158.0
2026-01-09,2,gru,226.2437613654136,158.0
2026-01-09,3,naive,215.0,167.0
2026-01-09,3,naive_carry,215.0,167.0
2026-01-09,3,seasonal_naive_7,132.0,167.0
2026-01-09,3,climatology,195.27650793650795,167.0
2026-01-09,3,gru,201.84135838285076,167.0
2026-01-10,1,naive,171.0,158.0
2026-01-10,1,naive_carry,171.0,158.0
2026-01-10,1,seasonal_naive_7,139.0,158.0
2026-01-10,1,climatology,193.64603174603175,158.0
2026-01-10,1,gru,168.02343500804193,158.0
2026-01-10,2,naive,171.0,167.0
2026-01-10,2,naive_carry,171.0,167.0
2026-01-10,2,seasonal_naive_7,132.0,167.0
2026-01-10,2,climatology,195.27650793650795,167.0
2026-01-10,2,gru,203.19236475930316,167.0
2026-01-10,3,naive,171.0,260.0
2026-01-10,3,naive_carry,171.0,260.0
2026-01-10,3,seasonal_naive_7,186.0,260.0
2026-01-10,3,climatology,192.67936507936508,260.0
2026-01-10,3,gru,198.28127935728125,260.0
2026-01-11,1,naive,158.0,167.0
2026-01-11,1,naive_carry,158.0,167.0
2026-01-11,1,seasonal_naive_7,132.0,167.0
2026-01-11,1,climatology,195.27650793650795,167.0
2026-01-11,1,gru,145.4770649868959,167.0
2026-01-11,2,naive,158.0,260.0
2026-01-11,2,naive_carry,158.0,260.0
2026-01-11,2,seasonal_naive_7,186.0,260.0
2026-01-11,2,climatology,192.67936507936508,260.0
2026-01-11,2,gru,191.63012792548773,260.0
2026-01-11,3,naive,158.0,237.0
2026-01-11,3,naive_carry,158.0,237.0
2026-01-11,3,seasonal_naive_7,155.0,237.0
2026-01-11,3,climatology,192.35555555555553,237.0
2026-01-11,3,gru,207.30588927480343,237.0
2026-01-12,1,naive,167.0,260.0
2026-01-12,1,naive_carry,167.0,260.0
2026-01-12,1,seasonal_naive_7,186.0,260.0
2026-01-12,1,climatology,192.67936507936508,260.0
2026-01-12,1,gru,193.51139601974913,260.0
2026-01-12,2,naive,167.0,237.0
2026-01-12,2,naive_carry,167.0,237.0
2026-01-12,2,seasonal_naive_7,155.0,237.0
2026-01-12,2,climatology,192.35555555555553,237.0
2026-01-12,2,gru,233.2734963802799,237.0
2026-01-12,3,naive,167.0,217.0
2026-01-12,3,naive_carry,167.0,217.0
2026-01-12,3,seasonal_naive_7,168.0,217.0
2026-01-12,3,climatology,193.55507936507937,217.0
2026-01-12,3,gru,215.57190355529883,217.0
2026-01-13,1,naive,260.0,237.0
2026-01-13,1,naive_carry,260.0,237.0
2026-01-13,1,seasonal_naive_7,155.0,237.0
2026-01-13,1,climatology,192.35555555555553,237.0
2026-01-13,1,gru,234.88064633075516,237.0
2026-01-13,2,naive,260.0,217.0
2026-01-13,2,naive_carry,260.0,217.0
2026-01-13,2,seasonal_naive_7,168.0,217.0
2026-01-13,2,climatology,193.55507936507937,217.0
2026-01-13,2,gru,242.3598962332438,217.0
2026-01-13,3,naive,260.0,220.0
2026-01-13,3,naive_carry,260.0,220.0
2026-01-13,3,seasonal_naive_7,215.0,220.0
2026-01-13,3,climatology,193.0984126984127,220.0
2026-01-13,3,gru,207.30145264981294,220.0
2026-01-14,1,naive,237.0,217.0
2026-01-14,1,naive_carry,237.0,217.0
2026-01-14,1,seasonal_naive_7,168.0,217.0
2026-01-14,1,climatology,193.55507936507937,217.0
2026-01-14,1,gru,191.50331608318797,217.0
2026-01-14,2,naive,237.0,220.0
2026-01-14,2,naive_carry,237.0,220.0
2026-01-14,2,seasonal_naive_7,215.0,220.0
2026-01-14,2,climatology,193.0984126984127,220.0
2026-01-14,2,gru,229.10291245007286,220.0
2026-01-14,3,naive,237.0,368.0
2026-01-14,3,naive_carry,237.0,368.0
2026-01-14,3,seasonal_naive_7,171.0,368.0
2026-01-14,3,climatology,189.59079365079367,368.0
2026-01-14,3,gru,221.30104053278376,368.0
2026-01-15,1,naive,217.0,220.0
2026-01-15,1,naive_carry,217.0,220.0
2026-01-15,1,seasonal_naive_7,215.0,220.0
2026-01-15,1,climatology,193.0984126984127,220.0
2026-01-15,1,gru,201.1722100582314,220.0
2026-01-15,2,naive,217.0,368.0
2026-01-15,2,naive_carry,217.0,368.0
2026-01-15,2,seasonal_naive_7,171.0,368.0
2026-01-15,2,climatology,189.59079365079367,368.0
2026-01-15,2,gru,235.26724981088154,368.0
2026-01-15,3,naive,217.0,291.0
2026-01-15,3,naive_carry,217.0,291.0
2026-01-15,3,seasonal_naive_7,158.0,291.0
2026-01-15,3,climatology,187.15650793650792,291.0
2026-01-15,3,gru,220.11070907074685,291.0
2026-01-16,1,naive,220.0,368.0
2026-01-16,1,naive_carry,220.0,368.0
2026-01-16,1,seasonal_naive_7,171.0,368.0
2026-01-16,1,climatology,189.59079365079367,368.0
2026-01-16,1,gru,215.73879870791373,368.0
2026-01-16,2,naive,220.0,291.0
2026-01-16,2,naive_carry,220.0,291.0
2026-01-16,2,seasonal_naive_7,158.0,291.0
2026-01-16,2,climatology,187.15650793650792,291.0
2026-01-16,2,gru,222.80224852406707,291.0
2026-01-16,3,naive,220.0,274.0
2026-01-16,3,naive_carry,220.0,274.0
2026-01-16,3,seasonal_naive_7,167.0,274.0
2026-01-16,3,climatology,185.86603174603175,274.0
2026-01-16,3,gru,196.09425417014478,274.0
2026-01-17,1,naive,368.0,291.0
2026-01-17,1,naive_carry,368.0,291.0
2026-01-17,1,seasonal_naive_7,158.0,291.0
2026-01-17,1,climatology,187.15650793650792,291.0
2026-01-17,1,gru,286.441639506143,291.0
2026-01-17,2,naive,368.0,274.0
2026-01-17,2,naive_carry,368.0,274.0
2026-01-17,2,seasonal_naive_7,167.0,274.0
2026-01-17,2,climatology,185.86603174603175,274.0
2026-01-17,2,gru,243.20548724115457,274.0
2026-01-17,3,naive,368.0,213.0
2026-01-17,3,naive_carry,368.0,213.0
2026-01-17,3,seasonal_naive_7,260.0,213.0
2026-01-17,3,climatology,182.6915873015873,213.0
2026-01-17,3,gru,188.2418698682982,213.0
2026-01-18,1,naive,291.0,274.0
2026-01-18,1,naive_carry,291.0,274.0
2026-01-18,1,seasonal_naive_7,167.0,274.0
2026-01-18,1,climatology,185.86603174603175,274.0
2026-01-18,1,gru,228.21924570316838,274.0
2026-01-18,2,naive,291.0,213.0
2026-01-18,2,naive_carry,291.0,213.0
2026-01-18,2,seasonal_naive_7,260.0,213.0
2026-01-18,2,climatology,182.6915873015873,213.0
2026-01-18,2,gru,214.46034214213898,213.0
2026-01-18,3,naive,291.0,175.0
2026-01-18,3,naive_carry,291.0,175.0
2026-01-18,3,seasonal_naive_7,237.0,175.0
2026-01-18,3,climatology,176.8515873015873,175.0
2026-01-18,3,gru,183.6481372945624,175.0
2026-01-19,1,naive,274.0,213.0
2026-01-19,1,naive_carry,274.0,213.0
2026-01-19,1,seasonal_naive_7,260.0,213.0
2026-01-19,1,climatology,182.6915873015873,213.0
2026-01-19,1,gru,226.62579396067275,213.0
2026-01-19,2,naive,274.0,175.0
2026-01-19,2,naive_carry,274.0,175.0
2026-01-19,2,seasonal_naive_7,237.0,175.0
2026-01-19,2,climatology,176.8515873015873,175.0
2026-01-19,2,gru,200.38923039639195,175.0
2026-01-19,3,naive,274.0,178.0
2026-01-19,3,naive_carry,274.0,178.0
2026-01-19,3,seasonal_naive_7,217.0,178.0
2026-01-19,3,climatology,169.80396825396826,178.0
2026-01-19,3,gru,162.9600186593499,178.0
2026-01-20,1,naive,213.0,175.0
2026-01-20,1,naive_carry,213.0,175.0
2026-01-20,1,seasonal_naive_7,237.0,175.0
2026-01-20,1,climatology,176.8515873015873,175.0
2026-01-20,1,gru,187.71151100270106,175.0
2026-01-20,2,naive,213.0,178.0
2026-01-20,2,naive_carry,213.0,178.0
2026-01-20,2,seasonal_naive_7,217.0,178.0
2026-01-20,2,climatology,169.80396825396826,178.0
2026-01-20,2,gru,176.1247426654832,178.0
2026-01-20,3,naive,213.0,137.0
2026-01-20,3,naive_carry,213.0,137.0
2026-01-20,3,seasonal_naive_7,220.0,137.0
2026-01-20,3,climatology,165.29507936507937,137.0
2026-01-20,3,gru,154.71613853516178,137.0
2026-01-21,1,naive,175.0,178.0
2026-01-21,1,naive_carry,175.0,178.0
2026-01-21,1,seasonal_naive_7,217.0,178.0
2026-01-21,1,climatology,169.80396825396826,178.0
2026-01-21,1,gru,165.42718941268618,178.0
2026-01-21,2,naive,175.0,137.0
2026-01-21,2,naive_carry,175.0,137.0
2026-01-21,2,seasonal_naive_7,220.0,137.0
2026-01-21,2,climatology,165.29507936507937,137.0
2026-01-21,2,gru,163.25252430321984,137.0
2026-01-21,3,naive,175.0,72.4
2026-01-21,3,naive_carry,175.0,72.4
2026-01-21,3,seasonal_naive_7,368.0,72.4
2026-01-21,3,climatology,163.0704761904762,72.4
2026-01-21,3,gru,148.25436462520284,72.4
2026-01-22,1,naive,178.0,137.0
2026-01-22,1,naive_carry,178.0,137.0
2026-01-22,1,seasonal_naive_7,220.0,137.0
2026-01-22,1,climatology,165.29507936507937,137.0
2026-01-22,1,gru,152.09783979318107,137.0
2026-01-22,2,naive,178.0,72.4
2026-01-22,2,naive_carry,178.0,72.4
2026-01-22,2,seasonal_naive_7,368.0,72.4
2026-01-22,2,climatology,163.0704761904762,72.4
2026-01-22,2,gru,153.58071079738883,72.4
2026-01-22,3,naive,178.0,89.3
2026-01-22,3,naive_carry,178.0,89.3
2026-01-22,3,seasonal_naive_7,291.0,89.3
2026-01-22,3,climatology,159.13206349206348,89.3
2026-01-22,3,gru,147.56503250569253,89.3
2026-01-23,1,naive,137.0,72.4
2026-01-23,1,naive_carry,137.0,72.4
2026-01-23,1,seasonal_naive_7,368.0,72.4
2026-01-23,1,climatology,163.0704761904762,72.4
2026-01-23,1,gru,118.39090753472765,72.4
2026-01-23,2,naive,137.0,89.3
2026-01-23,2,naive_carry,137.0,89.3
2026-01-23,2,seasonal_naive_7,291.0,89.3
2026-01-23,2,climatology,159.13206349206348,89.3
2026-01-23,2,gru,145.80834363828498,89.3
2026-01-23,3,naive,137.0,112.0
2026-01-23,3,naive_carry,137.0,112.0
2026-01-23,3,seasonal_naive_7,274.0,112.0
2026-01-23,3,climatology,158.3942857142857,112.0
2026-01-23,3,gru,161.32627821811508,112.0
2026-01-24,1,naive,72.4,89.3
2026-01-24,1,naive_carry,72.4,89.3
2026-01-24,1,seasonal_naive_7,291.0,89.3
2026-01-24,1,climatology,159.13206349206348,89.3
2026-01-24,1,gru,104.41612593627495,89.3
2026-01-24,2,naive,72.4,112.0
2026-01-24,2,naive_carry,72.4,112.0
2026-01-24,2,seasonal_naive_7,274.0,112.0
2026-01-24,2,climatology,158.3942857142857,112.0
2026-01-24,2,gru,147.1742420971144,112.0
2026-01-24,3,naive,72.4,154.0
2026-01-24,3,naive_carry,72.4,154.0
2026-01-24,3,seasonal_naive_7,213.0,154.0
2026-01-24,3,climatology,154.57142857142856,154.0
2026-01-24,3,gru,154.62156872868292,154.0
2026-01-25,1,naive,89.3,112.0
2026-01-25,1,naive_carry,89.3,112.0
2026-01-25,1,seasonal_naive_7,274.0,112.0
2026-01-25,1,climatology,158.3942857142857,112.0
2026-01-25,1,gru,112.49442702470373,112.0
2026-01-25,2,naive,89.3,154.0
2026-01-25,2,naive_carry,89.3,154.0
2026-01-25,2,seasonal_naive_7,213.0,154.0
2026-01-25,2,climatology,154.57142857142856,154.0
2026-01-25,2,gru,150.33745766897357,154.0
2026-01-25,3,naive,89.3,130.0
2026-01-25,3,naive_carry,89.3,130.0
2026-01-25,3,seasonal_naive_7,175.0,130.0
2026-01-25,3,climatology,152.19809523809525,130.0
2026-01-25,3,gru,162.49756707657238,130.0
2026-01-26,1,naive,112.0,154.0
2026-01-26,1,naive_carry,112.0,154.0
2026-01-26,1,seasonal_naive_7,213.0,154.0
2026-01-26,1,climatology,154.57142857142856,154.0
2026-01-26,1,gru,143.46525780609048,154.0
2026-01-26,2,naive,112.0,130.0
2026-01-26,2,naive_carry,112.0,130.0
2026-01-26,2,seasonal_naive_7,175.0,130.0
2026-01-26,2,climatology,152.19809523809525,130.0
2026-01-26,2,gru,153.4140394490197,130.0
2026-01-26,3,naive,112.0,117.0
2026-01-26,3,naive_carry,112.0,117.0
2026-01-26,3,seasonal_naive_7,178.0,117.0
2026-01-26,3,climatology,148.94396825396828,117.0
2026-01-26,3,gru,147.36696523722944,117.0
2026-01-27,1,naive,154.0,130.0
2026-01-27,1,naive_carry,154.0,130.0
2026-01-27,1,seasonal_naive_7,175.0,130.0
2026-01-27,1,climatology,152.19809523809525,130.0
2026-01-27,1,gru,127.1803964795965,130.0
2026-01-27,2,naive,154.0,117.0
2026-01-27,2,naive_carry,154.0,117.0
2026-01-27,2,seasonal_naive_7,178.0,117.0
2026-01-27,2,climatology,148.94396825396828,117.0
2026-01-27,2,gru,136.3646636515686,117.0
2026-01-27,3,naive,154.0,125.0
2026-01-27,3,naive_carry,154.0,125.0
2026-01-27,3,seasonal_naive_7,137.0,125.0
2026-01-27,3,climatology,150.03396825396828,125.0
2026-01-27,3,gru,135.40563552642945,125.0
2026-01-28,1,naive,130.0,117.0
2026-01-28,1,naive_carry,130.0,117.0
2026-01-28,1,seasonal_naive_7,178.0,117.0
2026-01-28,1,climatology,148.94396825396828,117.0
2026-01-28,1,gru,131.07318616036494,117.0
2026-01-28,2,naive,130.0,125.0
2026-01-28,2,naive_carry,130.0,125.0
2026-01-28,2,seasonal_naive_7,137.0,125.0
2026-01-28,2,climatology,150.03396825396828,125.0
2026-01-28,2,gru,138.73725201232313,125.0
2026-01-28,3,naive,130.0,189.0
2026-01-28,3,naive_carry,130.0,189.0
2026-01-28,3,seasonal_naive_7,72.4,189.0
2026-01-28,3,climatology,147.10619047619048,189.0
2026-01-28,3,gru,143.78515268151077,189.0
2026-01-29,1,naive,117.0,125.0
2026-01-29,1,naive_carry,117.0,125.0
2026-01-29,1,seasonal_naive_7,137.0,125.0
2026-01-29,1,climatology,150.03396825396828,125.0
2026-01-29,1,gru,120.07312953243311,125.0
2026-01-29,2,naive,117.0,189.0
2026-01-29,2,naive_carry,117.0,189.0
2026-01-29,2,seasonal_naive_7,72.4,189.0
2026-01-29,2,climatology,147.10619047619048,189.0
2026-01-29,2,gru,140.41022968446055,189.0
2026-01-29,3,naive,117.0,96.0
2026-01-29,3,naive_carry,117.0,96.0
2026-01-29,3,seasonal_naive_7,89.3,96.0
2026-01-29,3,climatology,146.8852380952381,96.0
2026-01-29,3,gru,144.46434459027563,96.0
2026-01-30,1,naive,125.0,189.0
2026-01-30,1,naive_carry,125.0,189.0
2026-01-30,1,seasonal_naive_7,72.4,189.0
2026-01-30,1,climatology,147.10619047619048,189.0
2026-01-30,1,gru,137.83058081723274,189.0
2026-01-30,2,naive,125.0,96.0
2026-01-30,2,naive_carry,125.0,96.0
2026-01-30,2,seasonal_naive_7,89.3,96.0
2026-01-30,2,climatology,146.8852380952381,96.0
2026-01-30,2,gru,147.98763518793723,96.0
2026-01-30,3,naive,125.0,137.0
2026-01-30,3,naive_carry,125.0,137.0
2026-01-30,3,seasonal_naive_7,112.0,137.0
2026-01-30,3,climatology,146.23971428571429,137.0
2026-01-30,3,gru,143.65227647239934,137.0
2026-01-31,1,naive,189.0,96.0
2026-01-31,1,naive_carry,189.0,96.0
2026-01-31,1,seasonal_naive_7,89.3,96.0
2026-01-31,1,climatology,146.8852380952381,96.0
2026-01-31,1,gru,170.97238901766735,96.0
2026-01-31,2,naive,189.0,137.0
2026-01-31,2,naive_carry,189.0,137.0
2026-01-31,2,seasonal_naive_7,112.0,137.0
2026-01-31,2,climatology,146.23971428571429,137.0
2026-01-31,2,gru,158.4430227205675,137.0
2026-01-31,3,naive,189.0,134.0
2026-01-31,3,naive_carry,189.0,134.0
2026-01-31,3,seasonal_naive_7,154.0,134.0
2026-01-31,3,climatology,145.15038095238094,134.0
2026-01-31,3,gru,138.66895462575707,134.0
2026-02-01,1,naive,96.0,137.0
2026-02-01,1,naive_carry,96.0,137.0
2026-02-01,1,seasonal_naive_7,112.0,137.0
2026-02-01,1,climatology,146.23971428571429,137.0
2026-02-01,1,gru,104.39908199564215,137.0
2026-02-01,2,naive,96.0,134.0
2026-02-01,2,naive_carry,96.0,134.0
2026-02-01,2,seasonal_naive_7,154.0,134.0
2026-02-01,2,climatology,145.15038095238094,134.0
2026-02-01,2,gru,113.51451715276309,134.0
2026-02-01,3,naive,96.0,189.0
2026-02-01,3,naive_carry,96.0,189.0
2026-02-01,3,seasonal_naive_7,130.0,189.0
2026-02-01,3,climatology,147.46215873015873,189.0
2026-02-01,3,gru,125.47881373747212,189.0
2026-02-02,1,naive,137.0,134.0
2026-02-02,1,naive_carry,137.0,134.0
2026-02-02,1,seasonal_naive_7,154.0,134.0
2026-02-02,1,climatology,145.15038095238094,134.0
2026-02-02,1,gru,128.18232869596514,134.0
2026-02-02,2,naive,137.0,189.0
2026-02-02,2,naive_carry,137.0,189.0
2026-02-02,2,seasonal_naive_7,130.0,189.0
2026-02-02,2,climatology,147.46215873015873,189.0
2026-02-02,2,gru,125.14160464820519,189.0
2026-02-02,3,naive,137.0,123.0
2026-02-02,3,naive_carry,137.0,123.0
2026-02-02,3,seasonal_naive_7,117.0,123.0
2026-02-02,3,climatology,148.28715873015875,123.0
2026-02-02,3,gru,121.62333411643156,123.0
2026-02-03,1,naive,134.0,189.0
2026-02-03,1,naive_carry,134.0,189.0
2026-02-03,1,seasonal_naive_7,130.0,189.0
2026-02-03,1,climatology,147.46215873015873,189.0
2026-02-03,1,gru,127.02260380097746,189.0
2026-02-03,2,naive,134.0,123.0
2026-02-03,2,naive_carry,134.0,123.0
2026-02-03,2,seasonal_naive_7,117.0,123.0
2026-02-03,2,climatology,148.28715873015875,123.0
2026-02-03,2,gru,131.8442097140247,123.0
2026-02-03,3,naive,134.0,112.0
2026-02-03,3,naive_carry,134.0,112.0
2026-02-03,3,seasonal_naive_7,125.0,112.0
2026-02-03,3,climatology,146.6031111111111,112.0
2026-02-03,3,gru,132.4130589623281,112.0
2026-02-04,1,naive,189.0,123.0
2026-02-04,1,naive_carry,189.0,123.0
2026-02-04,1,seasonal_naive_7,117.0,123.0
2026-02-04,1,climatology,148.28715873015875,123.0
2026-02-04,1,gru,159.02319893211285,123.0
2026-02-04,2,naive,189.0,112.0
2026-02-04,2,naive_carry,189.0,112.0
2026-02-04,2,seasonal_naive_7,125.0,112.0
2026-02-04,2,climatology,146.6031111111111,112.0
2026-02-04,2,gru,151.39704136540843,112.0
2026-02-04,3,naive,189.0,107.0
2026-02-04,3,naive_carry,189.0,107.0
2026-02-04,3,seasonal_naive_7,189.0,107.0
2026-02-04,3,climatology,144.1231111111111,107.0
2026-02-04,3,gru,135.1996627504267,107.0
2026-02-05,1,naive,123.0,112.0
2026-02-05,1,naive_carry,123.0,112.0
2026-02-05,1,seasonal_naive_7,125.0,112.0
2026-02-05,1,climatology,146.6031111111111,112.0
2026-02-05,1,gru,119.45110915174587,112.0
2026-02-05,2,naive,123.0,107.0
2026-02-05,2,naive_carry,123.0,107.0
2026-02-05,2,seasonal_naive_7,189.0,107.0
2026-02-05,2,climatology,144.1231111111111,107.0
2026-02-05,2,gru,132.60038860875568,107.0
2026-02-05,3,naive,123.0,88.7
2026-02-05,3,naive_carry,123.0,88.7
2026-02-05,3,seasonal_naive_7,96.0,88.7
2026-02-05,3,climatology,140.11666666666667,88.7
2026-02-05,3,gru,138.10308886016605,88.7
2026-02-06,1,naive,112.0,107.0
2026-02-06,1,naive_carry,112.0,107.0
2026-02-06,1,seasonal_naive_7,189.0,107.0
2026-02-06,1,climatology,144.1231111111111,107.0
2026-02-06,1,gru,124.76360193182317,107.0
2026-02-06,2,naive,112.0,88.7
2026-02-06,2,naive_carry,112.0,88.7
2026-02-06,2,seasonal_naive_7,96.0,88.7
2026-02-06,2,climatology,140.11666666666667,88.7
2026-02-06,2,gru,131.79787515806603,88.7
2026-02-06,3,naive,112.0,116.0
2026-02-06,3,naive_carry,112.0,116.0
2026-02-06,3,seasonal_naive_7,137.0,116.0
2026-02-06,3,climatology,139.51222222222222,116.0
2026-02-06,3,gru,125.75216813697615,116.0
2026-02-07,1,naive,107.0,88.7
2026-02-07,1,naive_carry,107.0,88.7
2026-02-07,1,seasonal_naive_7,96.0,88.7
2026-02-07,1,climatology,140.11666666666667,88.7
2026-02-07,1,gru,110.82552138285887,88.7
2026-02-07,2,naive,107.0,116.0
2026-02-07,2,naive_carry,107.0,116.0
2026-02-07,2,seasonal_naive_7,137.0,116.0
2026-02-07,2,climatology,139.51222222222222,116.0
2026-02-07,2,gru,75.61308158481343,116.0
2026-02-07,3,naive,107.0,121.0
2026-02-07,3,naive_carry,107.0,121.0
2026-02-07,3,seasonal_naive_7,134.0,121.0
2026-02-07,3,climatology,136.12722222222223,121.0
2026-02-07,3,gru,128.61442438521655,121.0
2026-02-08,1,naive,88.7,116.0
2026-02-08,1,naive_carry,88.7,116.0
2026-02-08,1,seasonal_naive_7,137.0,116.0
2026-02-08,1,climatology,139.51222222222222,116.0
2026-02-08,1,gru,88.32860102707093,116.0
2026-02-08,2,naive,88.7,121.0
2026-02-08,2,naive_carry,88.7,121.0
2026-02-08,2,seasonal_naive_7,134.0,121.0
2026-02-08,2,climatology,136.12722222222223,121.0
2026-02-08,2,gru,69.92308637059564,121.0
2026-02-08,3,naive,88.7,140.0
2026-02-08,3,naive_carry,88.7,140.0
2026-02-08,3,seasonal_naive_7,189.0,140.0
2026-02-08,3,climatology,133.1238888888889,140.0
2026-02-08,3,gru,98.99821328053669,140.0
2026-02-09,1,naive,116.0,121.0
2026-02-09,1,naive_carry,116.0,121.0
2026-02-09,1,seasonal_naive_7,134.0,121.0
2026-02-09,1,climatology,136.12722222222223,121.0
2026-02-09,1,gru,115.09193526258137,121.0
2026-02-09,2,naive,116.0,140.0
2026-02-09,2,naive_carry,116.0,140.0
2026-02-09,2,seasonal_naive_7,189.0,140.0
2026-02-09,2,climatology,133.1238888888889,140.0
2026-02-09,2,gru,92.05556728006448,140.0
2026-02-09,3,naive,116.0,75.0
2026-02-09,3,naive_carry,116.0,75.0
2026-02-09,3,seasonal_naive_7,123.0,75.0
2026-02-09,3,climatology,131.14833333333334,75.0
2026-02-09,3,gru,127.5425949976878,75.0
2026-02-10,1,naive,121.0,140.0
2026-02-10,1,naive_carry,121.0,140.0
2026-02-10,1,seasonal_naive_7,189.0,140.0
2026-02-10,1,climatology,133.1238888888889,140.0
2026-02-10,1,gru,120.12615754869087,140.0
2026-02-10,2,naive,121.0,75.0
2026-02-10,2,naive_carry,121.0,75.0
2026-02-10,2,seasonal_naive_7,123.0,75.0
2026-02-10,2,climatology,131.14833333333334,75.0
2026-02-10,2,gru,95.99693799192501,75.0
2026-02-10,3,naive,121.0,84.6
2026-02-10,3,naive_carry,121.0,84.6
2026-02-10,3,seasonal_naive_7,112.0,84.6
2026-02-10,3,climatology,128.48944444444444,84.6
2026-02-10,3,gru,132.51460215341982,84.6
2026-02-11,1,naive,140.0,75.0
2026-02-11,1,naive_carry,140.0,75.0
2026-02-11,1,seasonal_naive_7,123.0,75.0
2026-02-11,1,climatology,131.14833333333334,75.0
2026-02-11,1,gru,139.15259546207122,75.0
2026-02-11,2,naive,140.0,84.6
2026-02-11,2,naive_carry,140.0,84.6
2026-02-11,2,seasonal_naive_7,112.0,84.6
2026-02-11,2,climatology,128.48944444444444,84.6
2026-02-11,2,gru,110.38675135738958,84.6
2026-02-11,3,naive,140.0,118.0
2026-02-11,3,naive_carry,140.0,118.0
2026-02-11,3,seasonal_naive_7,107.0,118.0
2026-02-11,3,climatology,119.65166666666669,118.0
2026-02-11,3,gru,152.43593577443426,118.0
2026-02-12,1,naive,75.0,84.6
2026-02-12,1,naive_carry,75.0,84.6
2026-02-12,1,seasonal_naive_7,112.0,84.6
2026-02-12,1,climatology,128.48944444444444,84.6
2026-02-12,1,gru,74.71103167659594,84.6
2026-02-12,2,naive,75.0,118.0
2026-02-12,2,naive_carry,75.0,118.0
2026-02-12,2,seasonal_naive_7,107.0,118.0
2026-02-12,2,climatology,119.65166666666669,118.0
2026-02-12,2,gru,59.55707239720364,118.0
2026-02-12,3,naive,75.0,90.3
2026-02-12,3,naive_carry,75.0,90.3
2026-02-12,3,seasonal_naive_7,88.7,90.3
2026-02-12,3,climatology,117.7338888888889,90.3
2026-02-12,3,gru,82.07418300288626,90.3
2026-02-13,1,naive,84.6,118.0
2026-02-13,1,naive_carry,84.6,118.0
2026-02-13,1,seasonal_naive_7,107.0,118.0
2026-02-13,1,climatology,119.65166666666669,118.0
2026-02-13,1,gru,84.4011164896065,118.0
2026-02-13,2,naive,84.6,90.3
2026-02-13,2,naive_carry,84.6,90.3
2026-02-13,2,seasonal_naive_7,88.7,90.3
2026-02-13,2,climatology,117.7338888888889,90.3
2026-02-13,2,gru,67.04117175063239,90.3
2026-02-13,3,naive,84.6,109.0
2026-02-13,3,naive_carry,84.6,109.0
2026-02-13,3,seasonal_naive_7,116.0,109.0
2026-02-13,3,climatology,113.85222222222224,109.0
2026-02-13,3,gru,92.25927203902883,109.0
2026-02-14,1,naive,118.0,90.3
2026-02-14,1,naive_carry,118.0,90.3
2026-02-14,1,seasonal_naive_7,88.7,90.3
2026-02-14,1,climatology,117.7338888888889,90.3
2026-02-14,1,gru,117.85927832554658,90.3
2026-02-14,2,naive,118.0,109.0
2026-02-14,2,naive_carry,118.0,109.0
2026-02-14,2,seasonal_naive_7,116.0,109.0
2026-02-14,2,climatology,113.85222222222224,109.0
2026-02-14,2,gru,92.89295905862276,109.0
2026-02-14,3,naive,118.0,78.4
2026-02-14,3,naive_carry,118.0,78.4
2026-02-14,3,seasonal_naive_7,121.0,78.4
2026-02-14,3,climatology,111.02155555555557,78.4
2026-02-14,3,gru,127.8010705457994,78.4
2026-02-15,1,naive,90.3,109.0
2026-02-15,1,naive_carry,90.3,109.0
2026-02-15,1,seasonal_naive_7,116.0,109.0
2026-02-15,1,climatology,113.85222222222224,109.0
2026-02-15,1,gru,90.35136729163622,109.0
2026-02-15,2,naive,90.3,78.4
2026-02-15,2,naive_carry,90.3,78.4
2026-02-15,2,seasonal_naive_7,121.0,78.4
2026-02-15,2,climatology,111.02155555555557,78.4
2026-02-15,2,gru,71.23724524258955,78.4
2026-02-15,3,naive,90.3,84.3
2026-02-15,3,naive_carry,90.3,84.3
2026-02-15,3,seasonal_naive_7,140.0,84.3
2026-02-15,3,climatology,110.41755555555557,84.3
2026-02-15,3,gru,97.87640757907843,84.3
2026-02-16,1,naive,109.0,78.4
2026-02-16,1,naive_carry,109.0,78.4
2026-02-16,1,seasonal_naive_7,121.0,78.4
2026-02-16,1,climatology,111.02155555555557,78.4
2026-02-16,1,gru,109.1970864032181,78.4
2026-02-16,2,naive,109.0,84.3
2026-02-16,2,naive_carry,109.0,84.3
2026-02-16,2,seasonal_naive_7,140.0,84.3
2026-02-16,2,climatology,110.41755555555557,84.3
2026-02-16,2,gru,85.55200024102764,84.3
2026-02-16,3,naive,109.0,90.3
2026-02-16,3,naive_carry,109.0,90.3
2026-02-16,3,seasonal_naive_7,75.0,90.3
2026-02-16,3,climatology,106.06355555555557,90.3
2026-02-16,3,gru,117.45857627433804,90.3
2026-02-17,1,naive,78.4,84.3
2026-02-17,1,naive_carry,78.4,84.3
2026-02-17,1,seasonal_naive_7,140.0,84.3
2026-02-17,1,climatology,110.41755555555557,84.3
2026-02-17,1,gru,78.68207941951722,84.3
2026-02-17,2,naive,78.4,90.3
2026-02-17,2,naive_carry,78.4,90.3
2026-02-17,2,seasonal_naive_7,75.0,90.3
2026-02-17,2,climatology,106.06355555555557,90.3
2026-02-17,2,gru,61.72543685130637,90.3
2026-02-17,3,naive,78.4,93.8
2026-02-17,3,naive_carry,78.4,93.8
2026-02-17,3,seasonal_naive_7,84.6,93.8
2026-02-17,3,climatology,101.38522222222224,93.8
2026-02-17,3,gru,84.58794864493888,93.8
2026-02-18,1,naive,84.3,90.3
2026-02-18,1,naive_carry,84.3,90.3
2026-02-18,1,seasonal_naive_7,75.0,90.3
2026-02-18,1,climatology,106.06355555555557,90.3
2026-02-18,1,gru,84.71573444140803,90.3
2026-02-18,2,naive,84.3,93.8
2026-02-18,2,naive_carry,84.3,93.8
2026-02-18,2,seasonal_naive_7,84.6,93.8
2026-02-18,2,climatology,101.38522222222224,93.8
2026-02-18,2,gru,66.14564933336784,93.8
2026-02-18,3,naive,84.3,107.0
2026-02-18,3,naive_carry,84.3,107.0
2026-02-18,3,seasonal_naive_7,118.0,107.0
2026-02-18,3,climatology,97.47244444444443,107.0
2026-02-18,3,gru,90.54147905429231,107.0
2026-02-19,1,naive,90.3,93.8
2026-02-19,1,naive_carry,90.3,93.8
2026-02-19,1,seasonal_naive_7,84.6,93.8
2026-02-19,1,climatology,101.38522222222224,93.8
2026-02-19,1,gru,90.85830124002331,93.8
2026-02-19,2,naive,90.3,107.0
2026-02-19,2,naive_carry,90.3,107.0
2026-02-19,2,seasonal_naive_7,118.0,107.0
2026-02-19,2,climatology,97.47244444444443,107.0
2026-02-19,2,gru,70.52830157106409,107.0
2026-02-19,3,naive,90.3,101.0
2026-02-19,3,naive_carry,90.3,101.0
2026-02-19,3,seasonal_naive_7,90.3,101.0
2026-02-19,3,climatology,95.99466666666667,101.0
2026-02-19,3,gru,96.50590030499683,101.0
2026-02-20,1,naive,93.8,107.0
2026-02-20,1,naive_carry,93.8,107.0
2026-02-20,1,seasonal_naive_7,118.0,107.0
2026-02-20,1,climatology,97.47244444444443,107.0
2026-02-20,1,gru,94.49330466978243,107.0
2026-02-20,2,naive,93.8,101.0
2026-02-20,2,naive_carry,93.8,101.0
2026-02-20,2,seasonal_naive_7,90.3,101.0
2026-02-20,2,climatology,95.99466666666667,101.0
2026-02-20,2,gru,72.78452779222361,101.0
2026-02-20,3,naive,93.8,89.2
2026-02-20,3,naive_carry,93.8,89.2
2026-02-20,3,seasonal_naive_7,109.0,89.2
2026-02-20,3,climatology,95.10166666666667,89.2
2026-02-20,3,gru,99.71942552599107,89.2
2026-02-21,1,naive,107.0,101.0
2026-02-21,1,naive_carry,107.0,101.0
2026-02-21,1,seasonal_naive_7,90.3,101.0
2026-02-21,1,climatology,95.99466666666667,101.0
2026-02-21,1,gru,107.90356582482653,101.0
2026-02-21,2,naive,107.0,89.2
2026-02-21,2,naive_carry,107.0,89.2
2026-02-21,2,seasonal_naive_7,109.0,89.2
2026-02-21,2,climatology,95.10166666666667,89.2
2026-02-21,2,gru,82.27971092438275,89.2
2026-02-21,3,naive,107.0,108.0
2026-02-21,3,naive_carry,107.0,108.0
2026-02-21,3,seasonal_naive_7,78.4,108.0
2026-02-21,3,climatology,90.67055555555557,108.0
2026-02-21,3,gru,113.0809245015833,108.0
2026-02-22,1,naive,101.0,89.2
2026-02-22,1,naive_carry,101.0,89.2
2026-02-22,1,seasonal_naive_7,109.0,89.2
2026-02-22,1,climatology,95.10166666666667,89.2
2026-02-22,1,gru,101.99269204239977,89.2
2026-02-22,2,naive,101.0,108.0
2026-02-22,2,naive_carry,101.0,108.0
2026-02-22,2,seasonal_naive_7,78.4,108.0
2026-02-22,2,climatology,90.67055555555557,108.0
2026-02-22,2,gru,77.80998458210273,108.0
2026-02-22,3,naive,101.0,90.0
2026-02-22,3,naive_carry,101.0,90.0
2026-02-22,3,seasonal_naive_7,84.3,90.0
2026-02-22,3,climatology,86.78444444444445,90.0
2026-02-22,3,gru,106.73158166348529,90.0
2026-02-23,1,naive,89.2,108.0
2026-02-23,1,naive_carry,89.2,108.0
2026-02-23,1,seasonal_naive_7,78.4,108.0
2026-02-23,1,climatology,90.67055555555557,108.0
2026-02-23,1,gru,90.2045518653603,108.0
2026-02-23,2,naive,89.2,90.0
2026-02-23,2,naive_carry,89.2,90.0
2026-02-23,2,seasonal_naive_7,84.3,90.0
2026-02-23,2,climatology,86.78444444444445,90.0
2026-02-23,2,gru,68.80932200552256,90.0
2026-02-23,3,naive,89.2,76.0
2026-02-23,3,naive_carry,89.2,76.0
2026-02-23,3,seasonal_naive_7,90.3,76.0
2026-02-23,3,climatology,83.73777777777778,76.0
2026-02-23,3,gru,94.25702969670361,76.0
2026-02-24,1,naive,108.0,90.0
2026-02-24,1,naive_carry,108.0,90.0
2026-02-24,1,seasonal_naive_7,84.3,90.0
2026-02-24,1,climatology,86.78444444444445,90.0
2026-02-24,1,gru,109.35342501012028,90.0
2026-02-24,2,naive,108.0,76.0
2026-02-24,2,naive_carry,108.0,76.0
2026-02-24,2,seasonal_naive_7,90.3,76.0
2026-02-24,2,climatology,83.73777777777778,76.0
2026-02-24,2,gru,83.12464429187644,76.0
2026-02-24,3,naive,108.0,69.8
2026-02-24,3,naive_carry,108.0,69.8
2026-02-24,3,seasonal_naive_7,93.8,69.8
2026-02-24,3,climatology,81.99333333333334,69.8
2026-02-24,3,gru,113.70640322766955,69.8
2026-02-25,1,naive,90.0,76.0
2026-02-25,1,naive_carry,90.0,76.0
2026-02-25,1,seasonal_naive_7,90.3,76.0
2026-02-25,1,climatology,83.73777777777778,76.0
2026-02-25,1,gru,91.21444988866754,76.0
2026-02-25,2,naive,90.0,69.8
2026-02-25,2,naive_carry,90.0,69.8
2026-02-25,2,seasonal_naive_7,93.8,69.8
2026-02-25,2,climatology,81.99333333333334,69.8
2026-02-25,2,gru,69.02639597764518,69.8
2026-02-25,3,naive,90.0,83.1
2026-02-25,3,naive_carry,90.0,83.1
2026-02-25,3,seasonal_naive_7,107.0,83.1
2026-02-25,3,climatology,80.55444444444444,83.1
2026-02-25,3,gru,94.53732854370067,83.1
2026-02-26,1,naive,76.0,69.8
2026-02-26,1,naive_carry,76.0,69.8
2026-02-26,1,seasonal_naive_7,93.8,69.8
2026-02-26,1,climatology,81.99333333333334,69.8
2026-02-26,1,gru,77.12964076426351,69.8
2026-02-26,2,naive,76.0,83.1
2026-02-26,2,naive_carry,76.0,83.1
2026-02-26,2,seasonal_naive_7,107.0,83.1
2026-02-26,2,climatology,80.55444444444444,83.1
2026-02-26,2,gru,58.35797082049724,83.1
2026-02-26,3,naive,76.0,78.8
2026-02-26,3,naive_carry,76.0,78.8
2026-02-26,3,seasonal_naive_7,101.0,78.8
2026-02-26,3,climatology,80.95055555555555,78.8
2026-02-26,3,gru,79.87252065588153,78.8
2026-02-27,1,naive,69.8,83.1
2026-02-27,1,naive_carry,69.8,83.1
2026-02-27,1,seasonal_naive_7,107.0,83.1
2026-02-27,1,climatology,80.55444444444444,83.1
2026-02-27,1,gru,70.91700151608936,83.1
2026-02-27,2,naive,69.8,78.8
2026-02-27,2,naive_carry,69.8,78.8
2026-02-27,2,seasonal_naive_7,101.0,78.8
2026-02-27,2,climatology,80.95055555555555,78.8
2026-02-27,2,gru,53.51502196789987,78.8
2026-02-27,3,naive,69.8,91.2
2026-02-27,3,naive_carry,69.8,91.2
2026-02-27,3,seasonal_naive_7,89.2,91.2
2026-02-27,3,climatology,80.87944444444445,91.2
2026-02-27,3,gru,73.26493991321611,91.2
2026-02-28,1,naive,83.1,78.8
2026-02-28,1,naive_carry,83.1,78.8
2026-02-28,1,seasonal_naive_7,101.0,78.8
2026-02-28,1,climatology,80.95055555555555,78.8
2026-02-28,1,gru,84.53541160937645,78.8
2026-02-28,2,naive,83.1,91.2
2026-02-28,2,naive_carry,83.1,91.2
2026-02-28,2,seasonal_naive_7,89.2,91.2
2026-02-28,2,climatology,80.87944444444445,91.2
2026-02-28,2,gru,63.60047968254505,91.2
2026-02-28,3,naive,83.1,83.3
2026-02-28,3,naive_carry,83.1,83.3
2026-02-28,3,seasonal_naive_7,108.0,83.3
2026-02-28,3,climatology,78.92444444444443,83.3
2026-02-28,3,gru,86.97400611695787,83.3
2026-03-01,1,naive,78.8,91.2
2026-03-01,1,naive_carry,78.8,91.2
2026-03-01,1,seasonal_naive_7,89.2,91.2
2026-03-01,1,climatology,80.87944444444445,91.2
2026-03-01,1,gru,80.24364072296098,91.2
2026-03-01,2,naive,78.8,83.3
2026-03-01,2,naive_carry,78.8,83.3
2026-03-01,2,seasonal_naive_7,108.0,83.3
2026-03-01,2,climatology,78.92444444444443,83.3
2026-03-01,2,gru,60.32477942524961,83.3
2026-03-01,3,naive,78.8,67.1
2026-03-01,3,naive_carry,78.8,67.1
2026-03-01,3,seasonal_naive_7,90.0,67.1
2026-03-01,3,climatology,78.64577777777778,67.1
2026-03-01,3,gru,82.41140670436228,67.1
2026-03-02,1,naive,91.2,83.3
2026-03-02,1,naive_carry,91.2,83.3
2026-03-02,1,seasonal_naive_7,108.0,83.3
2026-03-02,1,climatology,78.92444444444443,83.3
2026-03-02,1,gru,92.81330103009682,83.3
2026-03-02,2,naive,91.2,67.1
2026-03-02,2,naive_carry,91.2,67.1
2026-03-02,2,seasonal_naive_7,90.0,67.1
2026-03-02,2,climatology,78.64577777777778,67.1
2026-03-02,2,gru,69.42726545076849,67.1
2026-03-02,3,naive,91.2,63.1
2026-03-02,3,naive_carry,91.2,63.1
2026-03-02,3,seasonal_naive_7,76.0,63.1
2026-03-02,3,climatology,75.04711111111111,63.1
2026-03-02,3,gru,95.02167592155702,63.1
2026-03-03,1,naive,83.3,67.1
2026-03-03,1,naive_carry,83.3,67.1
2026-03-03,1,seasonal_naive_7,90.0,67.1
2026-03-03,1,climatology,78.64577777777778,67.1
2026-03-03,1,gru,84.83919342986941,67.1
2026-03-03,2,naive,83.3,63.1
2026-03-03,2,naive_carry,83.3,63.1
2026-03-03,2,seasonal_naive_7,76.0,63.1
2026-03-03,2,climatology,75.04711111111111,63.1
2026-03-03,2,gru,63.46075305516006,63.1
2026-03-03,3,naive,83.3,76.6
2026-03-03,3,naive_carry,83.3,76.6
2026-03-03,3,seasonal_naive_7,69.8,76.6
2026-03-03,3,climatology,71.90544444444444,76.6
2026-03-03,3,gru,86.74671256622283,76.6
2026-03-04,1,naive,67.1,63.1
2026-03-04,1,naive_carry,67.1,63.1
2026-03-04,1,seasonal_naive_7,76.0,63.1
2026-03-04,1,climatology,75.04711111111111,63.1
2026-03-04,1,gru,68.34424572842832,63.1
2026-03-04,2,naive,67.1,76.6
2026-03-04,2,naive_carry,67.1,76.6
2026-03-04,2,seasonal_naive_7,69.8,76.6
2026-03-04,2,climatology,71.90544444444444,76.6
2026-03-04,2,gru,51.66218405691584,76.6
2026-03-04,3,naive,67.1,97.4
2026-03-04,3,naive_carry,67.1,97.4
2026-03-04,3,seasonal_naive_7,83.1,97.4
2026-03-04,3,climatology,71.45544444444445,97.4
2026-03-04,3,gru,70.38080708179517,97.4
2026-03-05,1,naive,63.1,76.6
2026-03-05,1,naive_carry,63.1,76.6
2026-03-05,1,seasonal_naive_7,69.8,76.6
2026-03-05,1,climatology,71.90544444444444,76.6
2026-03-05,1,gru,64.00805078921603,76.6
2026-03-05,2,naive,63.1,97.4
2026-03-05,2,naive_carry,63.1,97.4
2026-03-05,2,seasonal_naive_7,83.1,97.4
2026-03-05,2,climatology,71.45544444444445,97.4
2026-03-05,2,gru,49.09752273491117,97.4
2026-03-05,3,naive,63.1,96.8
2026-03-05,3,naive_carry,63.1,96.8
2026-03-05,3,seasonal_naive_7,78.8,96.8
2026-03-05,3,climatology,72.98655555555555,96.8
2026-03-05,3,gru,66.85729559389483,96.8
2026-03-06,1,naive,76.6,97.4
2026-03-06,1,naive_carry,76.6,97.4
2026-03-06,1,seasonal_naive_7,83.1,97.4
2026-03-06,1,climatology,71.45544444444445,97.4
2026-03-06,1,gru,75.50495590026657,97.4
2026-03-06,2,naive,76.6,96.8
2026-03-06,2,naive_carry,76.6,96.8
2026-03-06,2,seasonal_naive_7,78.8,96.8
2026-03-06,2,climatology,72.98655555555555,96.8
2026-03-06,2,gru,58.19357022737369,96.8
2026-03-06,3,naive,76.6,101.0
2026-03-06,3,naive_carry,76.6,101.0
2026-03-06,3,seasonal_naive_7,91.2,101.0
2026-03-06,3,climatology,73.89155555555557,101.0
2026-03-06,3,gru,81.84686682421145,101.0
2026-03-07,1,naive,97.4,96.8
2026-03-07,1,naive_carry,97.4,96.8
2026-03-07,1,seasonal_naive_7,78.8,96.8
2026-03-07,1,climatology,72.98655555555555,96.8
2026-03-07,1,gru,92.81687762121932,96.8
2026-03-07,2,naive,97.4,101.0
2026-03-07,2,naive_carry,97.4,101.0
2026-03-07,2,seasonal_naive_7,91.2,101.0
2026-03-07,2,climatology,73.89155555555557,101.0
2026-03-07,2,gru,70.2710633417979,101.0
2026-03-07,3,naive,97.4,100.0
2026-03-07,3,naive_carry,97.4,100.0
2026-03-07,3,seasonal_naive_7,83.3,100.0
2026-03-07,3,climatology,74.99322222222222,100.0
2026-03-07,3,gru,106.22212620130435,100.0
2026-03-08,1,naive,96.8,101.0
2026-03-08,1,naive_carry,96.8,101.0
2026-03-08,1,seasonal_naive_7,91.2,101.0
2026-03-08,1,climatology,73.89155555555557,101.0
2026-03-08,1,gru,92.78476228216496,101.0
2026-03-08,2,naive,96.8,100.0
2026-03-08,2,naive_carry,96.8,100.0
2026-03-08,2,seasonal_naive_7,83.3,100.0
2026-03-08,2,climatology,74.99322222222222,100.0
2026-03-08,2,gru,63.08738369727388,100.0
2026-03-08,3,naive,96.8,86.5
2026-03-08,3,naive_carry,96.8,86.5
2026-03-08,3,seasonal_naive_7,67.1,86.5
2026-03-08,3,climatology,76.263,86.5
2026-03-08,3,gru,103.04886168823894,86.5
2026-03-09,1,naive,101.0,100.0
2026-03-09,1,naive_carry,101.0,100.0
2026-03-09,1,seasonal_naive_7,83.3,100.0
2026-03-09,1,climatology,74.99322222222222,100.0
2026-03-09,1,gru,96.77497681483707,100.0
2026-03-09,2,naive,101.0,86.5
2026-03-09,2,naive_carry,101.0,86.5
2026-03-09,2,seasonal_naive_7,67.1,86.5
2026-03-09,2,climatology,76.263,86.5
2026-03-09,2,gru,65.71388033991506,86.5
2026-03-09,3,naive,101.0,77.5
2026-03-09,3,naive_carry,101.0,77.5
2026-03-09,3,seasonal_naive_7,63.1,77.5
2026-03-09,3,climatology,77.07744444444445,77.5
2026-03-09,3,gru,107.44373759388155,77.5
2026-03-10,1,naive,100.0,86.5
2026-03-10,1,naive_carry,100.0,86.5
2026-03-10,1,seasonal_naive_7,67.1,86.5
2026-03-10,1,climatology,76.263,86.5
2026-03-10,1,gru,95.79250525444849,86.5
2026-03-10,2,naive,100.0,77.5
2026-03-10,2,naive_carry,100.0,77.5
2026-03-10,2,seasonal_naive_7,63.1,77.5
2026-03-10,2,climatology,77.07744444444445,77.5
2026-03-10,2,gru,65.00584477269605,77.5
2026-03-10,3,naive,100.0,69.2
2026-03-10,3,naive_carry,100.0,69.2
2026-03-10,3,seasonal_naive_7,76.6,69.2
2026-03-10,3,climatology,78.70839682539683,69.2
2026-03-10,3,gru,106.38257916210044,69.2
2026-03-11,1,naive,86.5,77.5
2026-03-11,1,naive_carry,86.5,77.5
2026-03-11,1,seasonal_naive_7,63.1,77.5
2026-03-11,1,climatology,77.07744444444445,77.5
2026-03-11,1,gru,82.84797943323694,77.5
2026-03-11,2,naive,86.5,69.2
2026-03-11,2,naive_carry,86.5,69.2
2026-03-11,2,seasonal_naive_7,76.6,69.2
2026-03-11,2,climatology,78.70839682539683,69.2
2026-03-11,2,gru,56.336243191272494,69.2
2026-03-11,3,naive,86.5,66.7
2026-03-11,3,naive_carry,86.5,66.7
2026-03-11,3,seasonal_naive_7,97.4,66.7
2026-03-11,3,climatology,81.74706349206349,66.7
2026-03-11,3,gru,92.22936979809877,66.7
2026-03-12,1,naive,77.5,69.2
2026-03-12,1,naive_carry,77.5,69.2
2026-03-12,1,seasonal_naive_7,76.6,69.2
2026-03-12,1,climatology,78.70839682539683,69.2
2026-03-12,1,gru,74.21521636589328,69.2
2026-03-12,2,naive,77.5,66.7
2026-03-12,2,naive_carry,77.5,66.7
2026-03-12,2,seasonal_naive_7,97.4,66.7
2026-03-12,2,climatology,81.74706349206349,66.7
2026-03-12,2,gru,50.54400416164699,66.7
2026-03-12,3,naive,77.5,44.5
2026-03-12,3,naive_carry,77.5,44.5
2026-03-12,3,seasonal_naive_7,96.8,44.5
2026-03-12,3,climatology,81.42595238095238,44.5
2026-03-12,3,gru,82.78057245826444,44.5
2026-03-13,1,naive,69.2,66.7
2026-03-13,1,naive_carry,69.2,66.7
2026-03-13,1,seasonal_naive_7,97.4,66.7
2026-03-13,1,climatology,81.74706349206349,66.7
2026-03-13,1,gru,66.24719379302948,66.7
2026-03-13,2,naive,69.2,44.5
2026-03-13,2,naive_carry,69.2,44.5
2026-03-13,2,seasonal_naive_7,96.8,44.5
2026-03-13,2,climatology,81.42595238095238,44.5
2026-03-13,2,gru,45.18831744985237,44.5
2026-03-13,3,naive,69.2,39.7
2026-03-13,3,naive_carry,69.2,39.7
2026-03-13,3,seasonal_naive_7,101.0,39.7
2026-03-13,3,climatology,81.40761904761904,39.7
2026-03-13,3,gru,74.05683403517445,39.7
2026-03-14,1,naive,66.7,44.5
2026-03-14,1,naive_carry,66.7,44.5
2026-03-14,1,seasonal_naive_7,96.8,44.5
2026-03-14,1,climatology,81.42595238095238,44.5
2026-03-14,1,gru,63.836855064766226,44.5
2026-03-14,2,naive,66.7,39.7
2026-03-14,2,naive_carry,66.7,39.7
2026-03-14,2,seasonal_naive_7,101.0,39.7
2026-03-14,2,climatology,81.40761904761904,39.7
2026-03-14,2,gru,43.53788971908625,39.7
2026-03-14,3,naive,66.7,71.2
2026-03-14,3,naive_carry,66.7,71.2
2026-03-14,3,seasonal_naive_7,100.0,71.2
2026-03-14,3,climatology,79.82095238095239,71.2
2026-03-14,3,gru,71.42788471888352,71.2
2026-03-15,1,naive,44.5,39.7
2026-03-15,1,naive_carry,44.5,39.7
2026-03-15,1,seasonal_naive_7,101.0,39.7
2026-03-15,1,climatology,81.40761904761904,39.7
2026-03-15,1,gru,42.60016122334151,39.7
2026-03-15,2,naive,44.5,71.2
2026-03-15,2,naive_carry,44.5,71.2
2026-03-15,2,seasonal_naive_7,100.0,71.2
2026-03-15,2,climatology,79.82095238095239,71.2
2026-03-15,2,gru,29.165017270454726,71.2
2026-03-15,3,naive,44.5,80.0
2026-03-15,3,naive_carry,44.5,80.0
2026-03-15,3,seasonal_naive_7,86.5,80.0
2026-03-15,3,climatology,80.5220634920635,80.0
2026-03-15,3,gru,47.87575639527196,80.0
2026-03-16,1,naive,39.7,71.2
2026-03-16,1,naive_carry,39.7,71.2
2026-03-16,1,seasonal_naive_7,100.0,71.2
2026-03-16,1,climatology,79.82095238095239,71.2
2026-03-16,1,gru,37.99719793654829,71.2
2026-03-16,2,naive,39.7,80.0
2026-03-16,2,naive_carry,39.7,80.0
2026-03-16,2,seasonal_naive_7,86.5,80.0
2026-03-16,2,climatology,80.5220634920635,80.0
2026-03-16,2,gru,26.049829648863852,80.0
2026-03-16,3,naive,39.7,50.3
2026-03-16,3,naive_carry,39.7,50.3
2026-03-16,3,seasonal_naive_7,77.5,50.3
2026-03-16,3,climatology,80.2240634920635,50.3
2026-03-16,3,gru,42.794549682613784,50.3
2026-03-17,1,naive,71.2,80.0
2026-03-17,1,naive_carry,71.2,80.0
2026-03-17,1,seasonal_naive_7,86.5,80.0
2026-03-17,1,climatology,80.5220634920635,80.0
2026-03-17,1,gru,68.06826917203685,80.0
2026-03-17,2,naive,71.2,50.3
2026-03-17,2,naive_carry,71.2,50.3
2026-03-17,2,seasonal_naive_7,77.5,50.3
2026-03-17,2,climatology,80.2240634920635,50.3
2026-03-17,2,gru,46.39366148643662,50.3
2026-03-17,3,naive,71.2,42.8
2026-03-17,3,naive_carry,71.2,42.8
2026-03-17,3,seasonal_naive_7,69.2,42.8
2026-03-17,3,climatology,80.30673015873016,42.8
2026-03-17,3,gru,76.30866268819555,42.8
2026-03-18,1,naive,80.0,50.3
2026-03-18,1,naive_carry,80.0,50.3
2026-03-18,1,seasonal_naive_7,77.5,50.3
2026-03-18,1,climatology,80.2240634920635,50.3
2026-03-18,1,gru,76.430842709084,50.3
2026-03-18,2,naive,80.0,42.8
2026-03-18,2,naive_carry,80.0,42.8
2026-03-18,2,seasonal_naive_7,69.2,42.8
2026-03-18,2,climatology,80.30673015873016,42.8
2026-03-18,2,gru,51.97681369997573,42.8
2026-03-18,3,naive,80.0,52.9
2026-03-18,3,naive_carry,80.0,52.9
2026-03-18,3,seasonal_naive_7,66.7,52.9
2026-03-18,3,climatology,80.7730634920635,52.9
2026-03-18,3,gru,85.60845591873965,52.9
2026-03-19,1,naive,50.3,42.8
2026-03-19,1,naive_carry,50.3,42.8
2026-03-19,1,seasonal_naive_7,69.2,42.8
2026-03-19,1,climatology,80.30673015873016,42.8
2026-03-19,1,gru,48.062563181588644,42.8
2026-03-19,2,naive,50.3,52.9
2026-03-19,2,naive_carry,50.3,52.9
2026-03-19,2,seasonal_naive_7,66.7,52.9
2026-03-19,2,climatology,80.7730634920635,52.9
2026-03-19,2,gru,32.83402118177802,52.9
2026-03-19,3,naive,50.3,58.3
2026-03-19,3,naive_carry,50.3,58.3
2026-03-19,3,seasonal_naive_7,44.5,58.3
2026-03-19,3,climatology,80.23084126984126,58.3
2026-03-19,3,gru,54.11236880234731,58.3
2026-03-20,1,naive,42.8,52.9
2026-03-20,1,naive_carry,42.8,52.9
2026-03-20,1,seasonal_naive_7,66.7,52.9
2026-03-20,1,climatology,80.7730634920635,52.9
2026-03-20,1,gru,40.88903912653612,52.9
2026-03-20,2,naive,42.8,58.3
2026-03-20,2,naive_carry,42.8,58.3
2026-03-20,2,seasonal_naive_7,44.5,58.3
2026-03-20,2,climatology,80.23084126984126,58.3
2026-03-20,2,gru,27.968922315537295,58.3
2026-03-20,3,naive,42.8,49.6
2026-03-20,3,naive_carry,42.8,49.6
2026-03-20,3,seasonal_naive_7,39.7,49.6
2026-03-20,3,climatology,78.94950793650793,49.6
2026-03-20,3,gru,46.14170214864406,49.6
2026-03-21,1,naive,52.9,58.3
2026-03-21,1,naive_carry,52.9,58.3
2026-03-21,1,seasonal_naive_7,44.5,58.3
2026-03-21,1,climatology,80.23084126984126,58.3
2026-03-21,1,gru,50.500536337472,58.3
2026-03-21,2,naive,52.9,49.6
2026-03-21,2,naive_carry,52.9,49.6
2026-03-21,2,seasonal_naive_7,39.7,49.6
2026-03-21,2,climatology,78.94950793650793,49.6
2026-03-21,2,gru,34.47617309300284,49.6
2026-03-21,3,naive,52.9,64.7
2026-03-21,3,naive_carry,52.9,64.7
2026-03-21,3,seasonal_naive_7,71.2,64.7
2026-03-21,3,climatology,77.5591746031746,64.7
2026-03-21,3,gru,56.943911931808294,64.7
2026-03-22,1,naive,58.3,49.6
2026-03-22,1,naive_carry,58.3,49.6
2026-03-22,1,seasonal_naive_7,39.7,49.6
2026-03-22,1,climatology,78.94950793650793,49.6
2026-03-22,1,gru,55.622072411809796,49.6
2026-03-22,2,naive,58.3,64.7
2026-03-22,2,naive_carry,58.3,64.7
2026-03-22,2,seasonal_naive_7,71.2,64.7
2026-03-22,2,climatology,77.5591746031746,64.7
2026-03-22,2,gru,37.920952591101894,64.7
2026-03-22,3,naive,58.3,79.3
2026-03-22,3,naive_carry,58.3,79.3
2026-03-22,3,seasonal_naive_7,80.0,79.3
2026-03-22,3,climatology,75.26117460317461,79.3
2026-03-22,3,gru,62.70876286720289,79.3
2026-03-23,1,naive,49.6,64.7
2026-03-23,1,naive_carry,49.6,64.7
2026-03-23,1,seasonal_naive_7,71.2,64.7
2026-03-23,1,climatology,77.5591746031746,64.7
2026-03-23,1,gru,47.307429426078976,64.7
2026-03-23,2,naive,49.6,79.3
2026-03-23,2,naive_carry,49.6,79.3
2026-03-23,2,seasonal_naive_7,80.0,79.3
2026-03-23,2,climatology,75.26117460317461,79.3
2026-03-23,2,gru,32.29356545078199,79.3
2026-03-23,3,naive,49.6,58.7
2026-03-23,3,naive_carry,49.6,58.7
2026-03-23,3,seasonal_naive_7,50.3,58.7
2026-03-23,3,climatology,74.11584126984125,58.7
2026-03-23,3,gru,53.45687947584005,58.7
2026-03-24,1,naive,64.7,79.3
2026-03-24,1,naive_carry,64.7,79.3
2026-03-24,1,seasonal_naive_7,80.0,79.3
2026-03-24,1,climatology,75.26117460317461,79.3
2026-03-24,1,gru,61.65549008001864,79.3
2026-03-24,2,naive,64.7,58.7
2026-03-24,2,naive_carry,64.7,58.7
2026-03-24,2,seasonal_naive_7,50.3,58.7
2026-03-24,2,climatology,74.11584126984125,58.7
2026-03-24,2,gru,41.96244915644082,58.7
2026-03-24,3,naive,64.7,46.7
2026-03-24,3,naive_carry,64.7,46.7
2026-03-24,3,seasonal_naive_7,42.8,46.7
2026-03-24,3,climatology,72.50361904761904,46.7
2026-03-24,3,gru,69.56763178093627,46.7
2026-03-25,1,naive,79.3,58.7
2026-03-25,1,naive_carry,79.3,58.7
2026-03-25,1,seasonal_naive_7,50.3,58.7
2026-03-25,1,climatology,74.11584126984125,58.7
2026-03-25,1,gru,75.51042697054734,58.7
2026-03-25,2,naive,79.3,46.7
2026-03-25,2,naive_carry,79.3,46.7
2026-03-25,2,seasonal_naive_7,42.8,46.7
2026-03-25,2,climatology,72.50361904761904,46.7
2026-03-25,2,gru,51.21550513895105,46.7
2026-03-25,3,naive,79.3,66.9
2026-03-25,3,naive_carry,79.3,66.9
2026-03-25,3,seasonal_naive_7,52.9,66.9
2026-03-25,3,climatology,70.59266666666667,66.9
2026-03-25,3,gru,85.06247112941841,66.9
2026-03-26,1,naive,58.7,46.7
2026-03-26,1,naive_carry,58.7,46.7
2026-03-26,1,seasonal_naive_7,42.8,46.7
2026-03-26,1,climatology,72.50361904761904,46.7
2026-03-26,1,gru,55.88180495297462,46.7
2026-03-26,2,naive,58.7,66.9
2026-03-26,2,naive_carry,58.7,66.9
2026-03-26,2,seasonal_naive_7,52.9,66.9
2026-03-26,2,climatology,70.59266666666667,66.9
2026-03-26,2,gru,38.0082651722478,66.9
2026-03-26,3,naive,58.7,73.3
2026-03-26,3,naive_carry,58.7,73.3
2026-03-26,3,seasonal_naive_7,58.3,73.3
2026-03-26,3,climatology,68.01133333333333,73.3
2026-03-26,3,gru,63.19385284139968,73.3
2026-03-27,1,naive,46.7,66.9
2026-03-27,1,naive_carry,46.7,66.9
2026-03-27,1,seasonal_naive_7,52.9,66.9
2026-03-27,1,climatology,70.59266666666667,66.9
2026-03-27,1,gru,44.44658647717343,66.9
2026-03-27,2,naive,46.7,73.3
2026-03-27,2,naive_carry,46.7,73.3
2026-03-27,2,seasonal_naive_7,58.3,73.3
2026-03-27,2,climatology,68.01133333333333,73.3
2026-03-27,2,gru,30.277978379837595,73.3
2026-03-27,3,naive,46.7,54.8
2026-03-27,3,naive_carry,46.7,54.8
2026-03-27,3,seasonal_naive_7,49.6,54.8
2026-03-27,3,climatology,67.99244444444444,54.8
2026-03-27,3,gru,50.41026427531567,54.8
2026-03-28,1,naive,66.9,73.3
2026-03-28,1,naive_carry,66.9,73.3
2026-03-28,1,seasonal_naive_7,58.3,73.3
2026-03-28,1,climatology,68.01133333333333,73.3
2026-03-28,1,gru,63.60588863135147,73.3
2026-03-28,2,naive,66.9,54.8
2026-03-28,2,naive_carry,66.9,54.8
2026-03-28,2,seasonal_naive_7,49.6,54.8
2026-03-28,2,climatology,67.99244444444444,54.8
2026-03-28,2,gru,43.1482546452697,54.8
2026-03-28,3,naive,66.9,49.0
2026-03-28,3,naive_carry,66.9,49.0
2026-03-28,3,seasonal_naive_7,64.7,49.0
2026-03-28,3,climatology,69.18355555555556,49.0
2026-03-28,3,gru,71.9824635959381,49.0
2026-03-29,1,naive,73.3,54.8
2026-03-29,1,naive_carry,73.3,54.8
2026-03-29,1,seasonal_naive_7,49.6,54.8
2026-03-29,1,climatology,67.99244444444444,54.8
2026-03-29,1,gru,69.64330445346675,54.8
2026-03-29,2,naive,73.3,49.0
2026-03-29,2,naive_carry,73.3,49.0
2026-03-29,2,seasonal_naive_7,64.7,49.0
2026-03-29,2,climatology,69.18355555555556,49.0
2026-03-29,2,gru,47.131153200444444,49.0
2026-03-29,3,naive,73.3,42.0
2026-03-29,3,naive_carry,73.3,42.0
2026-03-29,3,seasonal_naive_7,79.3,42.0
2026-03-29,3,climatology,69.94044444444445,42.0
2026-03-29,3,gru,78.78260883586141,42.0
2026-03-30,1,naive,54.8,49.0
2026-03-30,1,naive_carry,54.8,49.0
2026-03-30,1,seasonal_naive_7,64.7,49.0
2026-03-30,1,climatology,69.18355555555556,49.0
2026-03-30,1,gru,52.05374136990863,49.0
2026-03-30,2,naive,54.8,42.0
2026-03-30,2,naive_carry,54.8,42.0
2026-03-30,2,seasonal_naive_7,79.3,42.0
2026-03-30,2,climatology,69.94044444444445,42.0
2026-03-30,2,gru,35.30012076458413,42.0
2026-03-30,3,naive,54.8,71.5
2026-03-30,3,naive_carry,54.8,71.5
2026-03-30,3,seasonal_naive_7,58.7,71.5
2026-03-30,3,climatology,69.08933333333334,71.5
2026-03-30,3,gru,59.090858936099494,71.5
2026-03-31,1,naive,49.0,42.0
2026-03-31,1,naive_carry,49.0,42.0
2026-03-31,1,seasonal_naive_7,79.3,42.0
2026-03-31,1,climatology,69.94044444444445,42.0
2026-03-31,1,gru,46.52598840034073,42.0
2026-03-31,2,naive,49.0,71.5
2026-03-31,2,naive_carry,49.0,71.5
2026-03-31,2,seasonal_naive_7,58.7,71.5
2026-03-31,2,climatology,69.08933333333334,71.5
2026-03-31,2,gru,31.55983693572688,71.5
2026-03-31,3,naive,49.0,81.3
2026-03-31,3,naive_carry,49.0,81.3
2026-03-31,3,seasonal_naive_7,46.7,81.3
2026-03-31,3,climatology,68.33266666666667,81.3
2026-03-31,3,gru,52.91513313932788,81.3
2026-04-01,1,naive,42.0,71.5
2026-04-01,1,naive_carry,42.0,71.5
2026-04-01,1,seasonal_naive_7,58.7,71.5
2026-04-01,1,climatology,69.08933333333334,71.5
2026-04-01,1,gru,39.86469702908104,71.5
2026-04-01,2,naive,42.0,81.3
2026-04-01,2,naive_carry,42.0,81.3
2026-04-01,2,seasonal_naive_7,46.7,81.3
2026-04-01,2,climatology,68.33266666666667,81.3
2026-04-01,2,gru,27.059533363490793,81.3
2026-04-01,3,naive,42.0,48.7
2026-04-01,3,naive_carry,42.0,48.7
2026-04-01,3,seasonal_naive_7,66.9,48.7
2026-04-01,3,climatology,68.24466666666666,48.7
2026-04-01,3,gru,45.441996445999486,48.7
2026-04-02,1,naive,71.5,81.3
2026-04-02,1,naive_carry,71.5,81.3
2026-04-02,1,seasonal_naive_7,46.7,81.3
2026-04-02,1,climatology,68.33266666666667,81.3
2026-04-02,1,gru,67.77303299981872,81.3
2026-04-02,2,naive,71.5,48.7
2026-04-02,2,naive_carry,71.5,48.7
2026-04-02,2,seasonal_naive_7,66.9,48.7
2026-04-02,2,climatology,68.24466666666666,48.7
2026-04-02,2,gru,45.75078227369376,48.7
2026-04-02,3,naive,71.5,44.3
2026-04-02,3,naive_carry,71.5,44.3
2026-04-02,3,seasonal_naive_7,73.3,44.3
2026-04-02,3,climatology,67.58,44.3
2026-04-02,3,gru,76.9932882657478,44.3
2026-04-03,1,naive,81.3,48.7
2026-04-03,1,naive_carry,81.3,48.7
2026-04-03,1,seasonal_naive_7,66.9,48.7
2026-04-03,1,climatology,68.24466666666666,48.7
2026-04-03,1,gru,77.00000640175264,48.7
2026-04-03,2,naive,81.3,44.3
2026-04-03,2,naive_carry,81.3,44.3
2026-04-03,2,seasonal_naive_7,73.3,44.3
2026-04-03,2,climatology,67.58,44.3
2026-04-03,2,gru,51.817183508428776,44.3
2026-04-03,3,naive,81.3,37.0
2026-04-03,3,naive_carry,81.3,37.0
2026-04-03,3,seasonal_naive_7,54.8,37.0
2026-04-03,3,climatology,67.80555555555556,37.0
2026-04-03,3,gru,87.39904790115688,37.0
2026-04-04,1,naive,48.7,44.3
2026-04-04,1,naive_carry,48.7,44.3
2026-04-04,1,seasonal_naive_7,73.3,44.3
2026-04-04,1,climatology,67.58,44.3
2026-04-04,1,gru,46.126891586079985,44.3
2026-04-04,2,naive,48.7,37.0
2026-04-04,2,naive_carry,48.7,37.0
2026-04-04,2,seasonal_naive_7,54.8,37.0
2026-04-04,2,climatology,67.80555555555556,37.0
2026-04-04,2,gru,31.15793187231544,37.0
2026-04-04,3,naive,48.7,39.8
2026-04-04,3,naive_carry,48.7,39.8
2026-04-04,3,seasonal_naive_7,49.0,39.8
2026-04-04,3,climatology,68.52155555555555,39.8
2026-04-04,3,gru,52.62892113713751,39.8
2026-04-05,1,naive,44.3,37.0
2026-04-05,1,naive_carry,44.3,37.0
2026-04-05,1,seasonal_naive_7,54.8,37.0
2026-04-05,1,climatology,67.80555555555556,37.0
2026-04-05,1,gru,41.94213013558856,37.0
2026-04-05,2,naive,44.3,39.8
2026-04-05,2,naive_carry,44.3,39.8
2026-04-05,2,seasonal_naive_7,49.0,39.8
2026-04-05,2,climatology,68.52155555555555,39.8
2026-04-05,2,gru,28.33577156306448,39.8
2026-04-05,3,naive,44.3,29.9
2026-04-05,3,naive_carry,44.3,29.9
2026-04-05,3,seasonal_naive_7,42.0,29.9
2026-04-05,3,climatology,68.748,29.9
2026-04-05,3,gru,47.941494120109446,29.9
2026-04-06,1,naive,37.0,39.8
2026-04-06,1,naive_carry,37.0,39.8
2026-04-06,1,seasonal_naive_7,49.0,39.8
2026-04-06,1,climatology,68.52155555555555,39.8
2026-04-06,1,gru,42.6688771365835,39.8
2026-04-06,2,naive,37.0,29.9
2026-04-06,2,naive_carry,37.0,29.9
2026-04-06,2,seasonal_naive_7,42.0,29.9
2026-04-06,2,climatology,68.748,29.9
2026-04-06,2,gru,34.94585103301886,29.9
2026-04-06,3,naive,37.0,39.2
2026-04-06,3,naive_carry,37.0,39.2
2026-04-06,3,seasonal_naive_7,71.5,39.2
2026-04-06,3,climatology,76.02266666666667,39.2
2026-04-06,3,gru,33.92038263754727,39.2
2026-04-07,1,naive,39.8,29.9
2026-04-07,1,naive_carry,39.8,29.9
2026-04-07,1,seasonal_naive_7,42.0,29.9
2026-04-07,1,climatology,68.748,29.9
2026-04-07,1,gru,45.990408647937166,29.9
2026-04-07,2,naive,39.8,39.2
2026-04-07,2,naive_carry,39.8,39.2
2026-04-07,2,seasonal_naive_7,71.5,39.2
2026-04-07,2,climatology,76.02266666666667,39.2
2026-04-07,2,gru,36.466219446743736,39.2
2026-04-07,3,naive,39.8,46.0
2026-04-07,3,naive_carry,39.8,46.0
2026-04-07,3,seasonal_naive_7,81.3,46.0
2026-04-07,3,climatology,82.366,46.0
2026-04-07,3,gru,36.671242400909144,46.0
2026-04-08,1,naive,29.9,39.2
2026-04-08,1,naive_carry,29.9,39.2
2026-04-08,1,seasonal_naive_7,71.5,39.2
2026-04-08,1,climatology,76.02266666666667,39.2
2026-04-08,1,gru,35.55040490851775,39.2
2026-04-08,2,naive,29.9,46.0
2026-04-08,2,naive_carry,29.9,46.0
2026-04-08,2,seasonal_naive_7,81.3,46.0
2026-04-08,2,climatology,82.366,46.0
2026-04-08,2,gru,29.577424568997525,46.0
2026-04-08,3,naive,29.9,40.5
2026-04-08,3,naive_carry,29.9,40.5
2026-04-08,3,seasonal_naive_7,48.7,40.5
2026-04-08,3,climatology,83.44422222222221,40.5
2026-04-08,3,gru,28.00192595254069,40.5
2026-04-09,1,naive,39.2,46.0
2026-04-09,1,naive_carry,39.2,46.0
2026-04-09,1,seasonal_naive_7,81.3,46.0
2026-04-09,1,climatology,82.366,46.0
2026-04-09,1,gru,45.96937391346224,46.0
2026-04-09,2,naive,39.2,40.5
2026-04-09,2,naive_carry,39.2,40.5
2026-04-09,2,seasonal_naive_7,48.7,40.5
2026-04-09,2,climatology,83.44422222222221,40.5
2026-04-09,2,gru,35.88885851315915,40.5
2026-04-09,3,naive,39.2,49.8
2026-04-09,3,naive_carry,39.2,49.8
2026-04-09,3,seasonal_naive_7,44.3,49.8
2026-04-09,3,climatology,83.69955555555556,49.8
2026-04-09,3,gru,36.62739259299535,49.8
2026-04-10,1,naive,46.0,40.5
2026-04-10,1,naive_carry,46.0,40.5
2026-04-10,1,seasonal_naive_7,48.7,40.5
2026-04-10,1,climatology,83.44422222222221,40.5
2026-04-10,1,gru,53.31390028299605,40.5
2026-04-10,2,naive,46.0,49.8
2026-04-10,2,naive_carry,46.0,49.8
2026-04-10,2,seasonal_naive_7,44.3,49.8
2026-04-10,2,climatology,83.69955555555556,49.8
2026-04-10,2,gru,42.151954737439205,49.8
2026-04-10,3,naive,46.0,50.0
2026-04-10,3,naive_carry,46.0,50.0
2026-04-10,3,seasonal_naive_7,37.0,50.0
2026-04-10,3,climatology,83.11955555555555,50.0
2026-04-10,3,gru,42.81614285450057,50.0
2026-04-11,1,naive,40.5,49.8
2026-04-11,1,naive_carry,40.5,49.8
2026-04-11,1,seasonal_naive_7,44.3,49.8
2026-04-11,1,climatology,83.69955555555556,49.8
2026-04-11,1,gru,47.49569226996377,49.8
2026-04-11,2,naive,40.5,50.0
2026-04-11,2,naive_carry,40.5,50.0
2026-04-11,2,seasonal_naive_7,37.0,50.0
2026-04-11,2,climatology,83.11955555555555,50.0
2026-04-11,2,gru,38.49981032448295,50.0
2026-04-11,3,naive,40.5,50.8
2026-04-11,3,naive_carry,40.5,50.8
2026-04-11,3,seasonal_naive_7,39.8,50.8
2026-04-11,3,climatology,84.46955555555556,50.8
2026-04-11,3,gru,37.90841151873629,50.8
2026-04-12,1,naive,49.8,50.0
2026-04-12,1,naive_carry,49.8,50.0
2026-04-12,1,seasonal_naive_7,37.0,50.0
2026-04-12,1,climatology,83.11955555555555,50.0
2026-04-12,1,gru,57.45851252978521,50.0
2026-04-12,2,naive,49.8,50.8
2026-04-12,2,naive_carry,49.8,50.8
2026-04-12,2,seasonal_naive_7,39.8,50.8
2026-04-12,2,climatology,84.46955555555556,50.8
2026-04-12,2,gru,44.72802428563217,50.8
2026-04-12,3,naive,49.8,70.9
2026-04-12,3,naive_carry,49.8,70.9
2026-04-12,3,seasonal_naive_7,29.9,70.9
2026-04-12,3,climatology,82.73444444444445,70.9
2026-04-12,3,gru,46.300905385901665,70.9
2026-04-13,1,naive,50.0,50.8
2026-04-13,1,naive_carry,50.0,50.8
2026-04-13,1,seasonal_naive_7,39.8,50.8
2026-04-13,1,climatology,84.46955555555556,50.8
2026-04-13,1,gru,57.65915492729965,50.8
2026-04-13,2,naive,50.0,70.9
2026-04-13,2,naive_carry,50.0,70.9
2026-04-13,2,seasonal_naive_7,29.9,70.9
2026-04-13,2,climatology,82.73444444444445,70.9
2026-04-13,2,gru,46.389215403902476,70.9
2026-04-13,3,naive,50.0,87.9
2026-04-13,3,naive_carry,50.0,87.9
2026-04-13,3,seasonal_naive_7,39.2,87.9
2026-04-13,3,climatology,83.51755555555556,87.9
2026-04-13,3,gru,46.453715068170034,87.9
2026-04-14,1,naive,50.8,70.9
2026-04-14,1,naive_carry,50.8,70.9
2026-04-14,1,seasonal_naive_7,29.9,70.9
2026-04-14,1,climatology,82.73444444444445,70.9
2026-04-14,1,gru,58.49232956243382,70.9
2026-04-14,2,naive,50.8,87.9
2026-04-14,2,naive_carry,50.8,87.9
2026-04-14,2,seasonal_naive_7,39.2,87.9
2026-04-14,2,climatology,83.51755555555556,87.9
2026-04-14,2,gru,46.6447182087586,87.9
2026-04-14,3,naive,50.8,82.7
2026-04-14,3,naive_carry,50.8,82.7
2026-04-14,3,seasonal_naive_7,46.0,82.7
2026-04-14,3,climatology,89.71255555555555,82.7
2026-04-14,3,gru,47.124056147587616,82.7
2026-04-15,1,naive,70.9,87.9
2026-04-15,1,naive_carry,70.9,87.9
2026-04-15,1,seasonal_naive_7,39.2,87.9
2026-04-15,1,climatology,83.51755555555556,87.9
2026-04-15,1,gru,78.9111847063735,87.9
2026-04-15,2,naive,70.9,82.7
2026-04-15,2,naive_carry,70.9,82.7
2026-04-15,2,seasonal_naive_7,46.0,82.7
2026-04-15,2,climatology,89.71255555555555,82.7
2026-04-15,2,gru,60.11260327403405,82.7
2026-04-15,3,naive,70.9,63.0
2026-04-15,3,naive_carry,70.9,63.0
2026-04-15,3,seasonal_naive_7,40.5,63.0
2026-04-15,3,climatology,90.2992222222222,63.0
2026-04-15,3,gru,64.56475045261203,63.0
2026-04-16,1,naive,87.9,82.7
2026-04-16,1,naive_carry,87.9,82.7
2026-04-16,1,seasonal_naive_7,46.0,82.7
2026-04-16,1,climatology,89.71255555555555,82.7
2026-04-16,1,gru,95.17502349910389,82.7
2026-04-16,2,naive,87.9,63.0
2026-04-16,2,naive_carry,87.9,63.0
2026-04-16,2,seasonal_naive_7,40.5,63.0
2026-04-16,2,climatology,90.2992222222222,63.0
2026-04-16,2,gru,73.43943767852626,63.0
2026-04-16,3,naive,87.9,108.0
2026-04-16,3,naive_carry,87.9,108.0
2026-04-16,3,seasonal_naive_7,49.8,108.0
2026-04-16,3,climatology,91.03488888888889,108.0
2026-04-16,3,gru,78.5359475897937,108.0
2026-04-17,1,naive,82.7,63.0
2026-04-17,1,naive_carry,82.7,63.0
2026-04-17,1,seasonal_naive_7,40.5,63.0
2026-04-17,1,climatology,90.2992222222222,63.0
2026-04-17,1,gru,89.75801127226508,63.0
2026-04-17,2,naive,82.7,108.0
2026-04-17,2,naive_carry,82.7,108.0
2026-04-17,2,seasonal_naive_7,49.8,108.0
2026-04-17,2,climatology,91.03488888888889,108.0
2026-04-17,2,gru,71.81930231091691,108.0
2026-04-17,3,naive,82.7,58.8
2026-04-17,3,naive_carry,82.7,58.8
2026-04-17,3,seasonal_naive_7,50.0,58.8
2026-04-17,3,climatology,90.9932222222222,58.8
2026-04-17,3,gru,73.61534027622541,58.8
2026-04-18,1,naive,63.0,108.0
2026-04-18,1,naive_carry,63.0,108.0
2026-04-18,1,seasonal_naive_7,49.8,108.0
2026-04-18,1,climatology,91.03488888888889,108.0
2026-04-18,1,gru,70.20583806668414,108.0
2026-04-18,2,naive,63.0,58.8
2026-04-18,2,naive_carry,63.0,58.8
2026-04-18,2,seasonal_naive_7,50.0,58.8
2026-04-18,2,climatology,90.9932222222222,58.8
2026-04-18,2,gru,58.34450410216258,58.8
2026-04-18,3,naive,63.0,62.6
2026-04-18,3,naive_carry,63.0,62.6
2026-04-18,3,seasonal_naive_7,50.8,62.6
2026-04-18,3,climatology,92.74766666666667,62.6
2026-04-18,3,gru,56.70523523002808,62.6
2026-04-19,1,naive,108.0,58.8
2026-04-19,1,naive_carry,108.0,58.8
2026-04-19,1,seasonal_naive_7,50.0,58.8
2026-04-19,1,climatology,90.9932222222222,58.8
2026-04-19,1,gru,113.55915478774769,58.8
2026-04-19,2,naive,108.0,62.6
2026-04-19,2,naive_carry,108.0,62.6
2026-04-19,2,seasonal_naive_7,50.8,62.6
2026-04-19,2,climatology,92.74766666666667,62.6
2026-04-19,2,gru,84.14766320587421,62.6
2026-04-19,3,naive,108.0,78.2
2026-04-19,3,naive_carry,108.0,78.2
2026-04-19,3,seasonal_naive_7,70.9,78.2
2026-04-19,3,climatology,93.38188888888888,78.2
2026-04-19,3,gru,94.11380936008909,78.2
2026-04-20,1,naive,58.8,62.6
2026-04-20,1,naive_carry,58.8,62.6
2026-04-20,1,seasonal_naive_7,50.8,62.6
2026-04-20,1,climatology,92.74766666666667,62.6
2026-04-20,1,gru,65.72407086990904,62.6
2026-04-20,2,naive,58.8,78.2
2026-04-20,2,naive_carry,58.8,78.2
2026-04-20,2,seasonal_naive_7,70.9,78.2
2026-04-20,2,climatology,93.38188888888888,78.2
2026-04-20,2,gru,58.091043088615066,78.2
2026-04-20,3,naive,58.8,59.7
2026-04-20,3,naive_carry,58.8,59.7
2026-04-20,3,seasonal_naive_7,87.9,59.7
2026-04-20,3,climatology,94.31144444444443,59.7
2026-04-20,3,gru,52.60939548424526,59.7
2026-04-21,1,naive,62.6,78.2
2026-04-21,1,naive_carry,62.6,78.2
2026-04-21,1,seasonal_naive_7,70.9,78.2
2026-04-21,1,climatology,93.38188888888888,78.2
2026-04-21,1,gru,69.95773933224544,78.2
2026-04-21,2,naive,62.6,59.7
2026-04-21,2,naive_carry,62.6,59.7
2026-04-21,2,seasonal_naive_7,87.9,59.7
2026-04-21,2,climatology,94.31144444444443,59.7
2026-04-21,2,gru,55.542304288398796,59.7
2026-04-21,3,naive,62.6,91.9
2026-04-21,3,naive_carry,62.6,91.9
2026-04-21,3,seasonal_naive_7,82.7,91.9
2026-04-21,3,climatology,87.35811111111111,91.9
2026-04-21,3,gru,56.170013428816794,91.9
2026-04-22,1,naive,78.2,59.7
2026-04-22,1,naive_carry,78.2,59.7
2026-04-22,1,seasonal_naive_7,87.9,59.7
2026-04-22,1,climatology,94.31144444444443,59.7
2026-04-22,1,gru,85.70508842329461,59.7
2026-04-22,2,naive,78.2,91.9
2026-04-22,2,naive_carry,78.2,91.9
2026-04-22,2,seasonal_naive_7,82.7,91.9
2026-04-22,2,climatology,87.35811111111111,91.9
2026-04-22,2,gru,69.0103086235527,91.9
2026-04-22,3,naive,78.2,79.6
2026-04-22,3,naive_carry,78.2,79.6
2026-04-22,3,seasonal_naive_7,63.0,79.6
2026-04-22,3,climatology,81.19744444444444,79.6
2026-04-22,3,gru,69.51314360240555,79.6
2026-04-23,1,naive,59.7,91.9
2026-04-23,1,naive_carry,59.7,91.9
2026-04-23,1,seasonal_naive_7,82.7,91.9
2026-04-23,1,climatology,87.35811111111111,91.9
2026-04-23,1,gru,67.21198550479569,91.9
2026-04-23,2,naive,59.7,79.6
2026-04-23,2,naive_carry,59.7,79.6
2026-04-23,2,seasonal_naive_7,63.0,79.6
2026-04-23,2,climatology,81.19744444444444,79.6
2026-04-23,2,gru,56.52196907261147,79.6
2026-04-23,3,naive,59.7,84.7
2026-04-23,3,naive_carry,59.7,84.7
2026-04-23,3,seasonal_naive_7,108.0,84.7
2026-04-23,3,climatology,81.26144444444444,84.7
2026-04-23,3,gru,53.71952786979482,84.7
2026-04-24,1,naive,91.9,79.6
2026-04-24,1,naive_carry,91.9,79.6
2026-04-24,1,seasonal_naive_7,63.0,79.6
2026-04-24,1,climatology,81.19744444444444,79.6
2026-04-24,1,gru,99.20328500885884,79.6
2026-04-24,2,naive,91.9,84.7
2026-04-24,2,naive_carry,91.9,84.7
2026-04-24,2,seasonal_naive_7,108.0,84.7
2026-04-24,2,climatology,81.26144444444444,84.7
2026-04-24,2,gru,75.97095361637585,84.7
2026-04-24,3,naive,91.9,75.4
2026-04-24,3,naive_carry,91.9,75.4
2026-04-24,3,seasonal_naive_7,58.8,75.4
2026-04-24,3,climatology,80.52833333333334,75.4
2026-04-24,3,gru,81.06362377044904,75.4
2026-04-25,1,naive,79.6,84.7
2026-04-25,1,naive_carry,79.6,84.7
2026-04-25,1,seasonal_naive_7,108.0,84.7
2026-04-25,1,climatology,81.26144444444444,84.7
2026-04-25,1,gru,87.06912745365535,84.7
2026-04-25,2,naive,79.6,75.4
2026-04-25,2,naive_carry,79.6,75.4
2026-04-25,2,seasonal_naive_7,58.8,75.4
2026-04-25,2,climatology,80.52833333333334,75.4
2026-04-25,2,gru,73.41155669258745,75.4
2026-04-25,3,naive,79.6,59.6
2026-04-25,3,naive_carry,79.6,59.6
2026-04-25,3,seasonal_naive_7,62.6,59.6
2026-04-25,3,climatology,80.38166666666666,59.6
2026-04-25,3,gru,70.44470636332147,59.6
2026-04-26,1,naive,84.7,75.4
2026-04-26,1,naive_carry,84.7,75.4
2026-04-26,1,seasonal_naive_7,58.8,75.4
2026-04-26,1,climatology,80.52833333333334,75.4
2026-04-26,1,gru,91.97969367967235,75.4
2026-04-26,2,naive,84.7,59.6
2026-04-26,2,naive_carry,84.7,59.6
2026-04-26,2,seasonal_naive_7,62.6,59.6
2026-04-26,2,climatology,80.38166666666666,59.6
2026-04-26,2,gru,73.34617580626437,59.6
2026-04-27,1,naive,75.4,59.6
2026-04-27,1,naive_carry,75.4,59.6
2026-04-27,1,seasonal_naive_7,62.6,59.6
2026-04-27,1,climatology,80.38166666666666,59.6
2026-04-27,1,gru,82.87627492906114,59.6
2026-05-09,3,naive,48.0,62.0
2026-05-09,3,naive_carry,48.0,62.0
2026-05-09,3,seasonal_naive_7,33.8,62.0
2026-05-09,3,climatology,81.50422222222223,62.0
2026-05-09,3,gru,43.85788628780924,62.0
2026-05-10,2,naive,51.3,62.0
2026-05-10,2,naive_carry,51.3,62.0
2026-05-10,2,seasonal_naive_7,33.8,62.0
2026-05-10,2,climatology,81.50422222222223,62.0
2026-05-10,2,gru,48.225950145091076,62.0
2026-05-10,3,naive,51.3,57.3
2026-05-10,3,naive_carry,51.3,57.3
2026-05-10,3,seasonal_naive_7,52.5,57.3
2026-05-10,3,climatology,81.40422222222223,57.3
2026-05-10,3,gru,46.79384108141863,57.3
2026-05-11,1,naive,59.8,62.0
2026-05-11,1,naive_carry,59.8,62.0
2026-05-11,1,seasonal_naive_7,33.8,62.0
2026-05-11,1,climatology,81.50422222222223,62.0
2026-05-11,1,gru,68.70386539038155,62.0
2026-05-11,2,naive,59.8,57.3
2026-05-11,2,naive_carry,59.8,57.3
2026-05-11,2,seasonal_naive_7,52.5,57.3
2026-05-11,2,climatology,81.40422222222223,57.3
2026-05-11,2,gru,54.79668052489798,57.3
2026-05-11,3,naive,59.8,46.1
2026-05-11,3,naive_carry,59.8,46.1
2026-05-11,3,seasonal_naive_7,34.0,46.1
2026-05-11,3,climatology,81.28922222222222,46.1
2026-05-11,3,gru,54.20602853697206,46.1
2026-05-12,1,naive,62.0,57.3
2026-05-12,1,naive_carry,62.0,57.3
2026-05-12,1,seasonal_naive_7,52.5,57.3
2026-05-12,1,climatology,81.40422222222223,57.3
2026-05-12,1,gru,70.91046444565569,57.3
2026-05-12,2,naive,62.0,46.1
2026-05-12,2,naive_carry,62.0,46.1
2026-05-12,2,seasonal_naive_7,34.0,46.1
2026-05-12,2,climatology,81.28922222222222,46.1
2026-05-12,2,gru,57.270274706067035,46.1
2026-05-12,3,naive,62.0,46.5
2026-05-12,3,naive_carry,62.0,46.5
2026-05-12,3,seasonal_naive_7,36.5,46.5
2026-05-12,3,climatology,92.75033333333334,46.5
2026-05-12,3,gru,56.04388709241468,46.5
2026-05-13,1,naive,57.3,46.1
2026-05-13,1,naive_carry,57.3,46.1
2026-05-13,1,seasonal_naive_7,34.0,46.1
2026-05-13,1,climatology,81.28922222222222,46.1
2026-05-13,1,gru,65.93811003414788,46.1
2026-05-13,2,naive,57.3,46.5
2026-05-13,2,naive_carry,57.3,46.5
2026-05-13,2,seasonal_naive_7,36.5,46.5
2026-05-13,2,climatology,92.75033333333334,46.5
2026-05-13,2,gru,53.83174947878834,46.5
2026-05-13,3,naive,57.3,64.2
2026-05-13,3,naive_carry,57.3,64.2
2026-05-13,3,seasonal_naive_7,48.0,64.2
2026-05-13,3,climatology,98.92011111111113,64.2
2026-05-13,3,gru,51.9087869307243,64.2
2026-05-14,1,naive,46.1,46.5
2026-05-14,1,naive_carry,46.1,46.5
2026-05-14,1,seasonal_naive_7,36.5,46.5
2026-05-14,1,climatology,92.75033333333334,46.5
2026-05-14,1,gru,54.06666589559612,46.5
2026-05-14,2,naive,46.1,64.2
2026-05-14,2,naive_carry,46.1,64.2
2026-05-14,2,seasonal_naive_7,48.0,64.2
2026-05-14,2,climatology,98.92011111111113,64.2
2026-05-14,2,gru,44.809314410999434,64.2
2026-05-14,3,naive,46.1,62.4
2026-05-14,3,naive_carry,46.1,62.4
2026-05-14,3,seasonal_naive_7,51.3,62.4
2026-05-14,3,climatology,99.72122222222222,62.4
2026-05-14,3,gru,42.102452080525936,62.4
2026-05-15,1,naive,46.5,64.2
2026-05-15,1,naive_carry,46.5,64.2
2026-05-15,1,seasonal_naive_7,48.0,64.2
2026-05-15,1,climatology,98.92011111111113,64.2
2026-05-15,1,gru,54.713741478221856,64.2
2026-05-15,2,naive,46.5,62.4
2026-05-15,2,naive_carry,46.5,62.4
2026-05-15,2,seasonal_naive_7,51.3,62.4
2026-05-15,2,climatology,99.72122222222222,62.4
2026-05-15,2,gru,44.810127646183,62.4
2026-05-15,3,naive,46.5,57.2
2026-05-15,3,naive_carry,46.5,57.2
2026-05-15,3,seasonal_naive_7,59.8,57.2
2026-05-15,3,climatology,103.52055555555556,57.2
2026-05-15,3,gru,42.5784307136718,57.2
2026-05-16,1,naive,64.2,62.4
2026-05-16,1,naive_carry,64.2,62.4
2026-05-16,1,seasonal_naive_7,51.3,62.4
2026-05-16,1,climatology,99.72122222222222,62.4
2026-05-16,1,gru,73.63075752986195,62.4
2026-05-16,2,naive,64.2,57.2
2026-05-16,2,naive_carry,64.2,57.2
2026-05-16,2,seasonal_naive_7,59.8,57.2
2026-05-16,2,climatology,103.52055555555556,57.2
2026-05-16,2,gru,58.8214887427043,57.2
2026-05-16,3,naive,64.2,55.5
2026-05-16,3,naive_carry,64.2,55.5
2026-05-16,3,seasonal_naive_7,62.0,55.5
2026-05-16,3,climatology,101.2338888888889,55.5
2026-05-16,3,gru,58.208913690749384,55.5
2026-05-17,1,naive,62.4,57.2
2026-05-17,1,naive_carry,62.4,57.2
2026-05-17,1,seasonal_naive_7,59.8,57.2
2026-05-17,1,climatology,103.52055555555556,57.2
2026-05-17,1,gru,71.5998255053538,57.2
2026-05-17,2,naive,62.4,55.5
2026-05-17,2,naive_carry,62.4,55.5
2026-05-17,2,seasonal_naive_7,62.0,55.5
2026-05-17,2,climatology,101.2338888888889,55.5
2026-05-17,2,gru,58.93837885918979,55.5
2026-05-17,3,naive,62.4,41.6
2026-05-17,3,naive_carry,62.4,41.6
2026-05-17,3,seasonal_naive_7,57.3,41.6
2026-05-17,3,climatology,95.61388888888888,41.6
2026-05-17,3,gru,56.52788865987701,41.6
2026-05-18,1,naive,57.2,55.5
2026-05-18,1,naive_carry,57.2,55.5
2026-05-18,1,seasonal_naive_7,62.0,55.5
2026-05-18,1,climatology,101.2338888888889,55.5
2026-05-18,1,gru,66.04888699756867,55.5
2026-05-18,2,naive,57.2,41.6
2026-05-18,2,naive_carry,57.2,41.6
2026-05-18,2,seasonal_naive_7,57.3,41.6
2026-05-18,2,climatology,95.61388888888888,41.6
2026-05-18,2,gru,54.470428506585186,41.6
2026-05-18,3,naive,57.2,51.8
2026-05-18,3,naive_carry,57.2,51.8
2026-05-18,3,seasonal_naive_7,46.1,51.8
2026-05-18,3,climatology,94.10444444444444,51.8
2026-05-18,3,gru,51.890132078709094,51.8
2026-05-19,1,naive,55.5,41.6
2026-05-19,1,naive_carry,55.5,41.6
2026-05-19,1,seasonal_naive_7,57.3,41.6
2026-05-19,1,climatology,95.61388888888888,41.6
2026-05-19,1,gru,64.29048811170206,41.6
2026-05-19,2,naive,55.5,51.8
2026-05-19,2,naive_carry,55.5,51.8
2026-05-19,2,seasonal_naive_7,46.1,51.8
2026-05-19,2,climatology,94.10444444444444,51.8
2026-05-19,2,gru,53.323176268577484,51.8
2026-05-19,3,naive,55.5,74.1
2026-05-19,3,naive_carry,55.5,74.1
2026-05-19,3,seasonal_naive_7,46.5,74.1
2026-05-19,3,climatology,92.32844444444444,74.1
2026-05-19,3,gru,50.51385872741076,74.1
2026-05-20,1,naive,41.6,51.8
2026-05-20,1,naive_carry,41.6,51.8
2026-05-20,1,seasonal_naive_7,46.1,51.8
2026-05-20,1,climatology,94.10444444444444,51.8
2026-05-20,1,gru,49.35087791632923,51.8
2026-05-20,2,naive,41.6,74.1
2026-05-20,2,naive_carry,41.6,74.1
2026-05-20,2,seasonal_naive_7,46.5,74.1
2026-05-20,2,climatology,92.32844444444444,74.1
2026-05-20,2,gru,41.8368172729117,74.1
2026-05-20,3,naive,41.6,59.2
2026-05-20,3,naive_carry,41.6,59.2
2026-05-20,3,seasonal_naive_7,64.2,59.2
2026-05-20,3,climatology,94.49233333333332,59.2
2026-05-20,3,gru,38.24357471633424,59.2
2026-05-21,1,naive,51.8,74.1
2026-05-21,1,naive_carry,51.8,74.1
2026-05-21,1,seasonal_naive_7,46.5,74.1
2026-05-21,1,climatology,92.32844444444444,74.1
2026-05-21,1,gru,60.621139444620034,74.1
2026-05-21,2,naive,51.8,59.2
2026-05-21,2,naive_carry,51.8,59.2
2026-05-21,2,seasonal_naive_7,64.2,59.2
2026-05-21,2,climatology,94.49233333333332,59.2
2026-05-21,2,gru,49.74582338298092,59.2
2026-05-21,3,naive,51.8,58.6
2026-05-21,3,naive_carry,51.8,58.6
2026-05-21,3,seasonal_naive_7,62.4,58.6
2026-05-21,3,climatology,93.5012222222222,58.6
2026-05-21,3,gru,47.4076442225926,58.6
2026-05-22,1,naive,74.1,59.2
2026-05-22,1,naive_carry,74.1,59.2
2026-05-22,1,seasonal_naive_7,64.2,59.2
2026-05-22,1,climatology,94.49233333333332,59.2
2026-05-22,1,gru,83.86380812139485,59.2
2026-05-22,2,naive,74.1,58.6
2026-05-22,2,naive_carry,74.1,58.6
2026-05-22,2,seasonal_naive_7,62.4,58.6
2026-05-22,2,climatology,93.5012222222222,58.6
2026-05-22,2,gru,67.82400443269398,58.6
2026-05-22,3,naive,74.1,79.9
2026-05-22,3,naive_carry,74.1,79.9
2026-05-22,3,seasonal_naive_7,57.2,79.9
2026-05-22,3,climatology,92.73566666666667,79.9
2026-05-22,3,gru,66.82375273592511,79.9
2026-05-23,1,naive,59.2,58.6
2026-05-23,1,naive_carry,59.2,58.6
2026-05-23,1,seasonal_naive_7,62.4,58.6
2026-05-23,1,climatology,93.5012222222222,58.6
2026-05-23,1,gru,68.08902920520197,58.6
2026-05-23,2,naive,59.2,79.9
2026-05-23,2,naive_carry,59.2,79.9
2026-05-23,2,seasonal_naive_7,57.2,79.9
2026-05-23,2,climatology,92.73566666666667,79.9
2026-05-23,2,gru,57.60279206059624,79.9
2026-05-23,3,naive,59.2,65.4
2026-05-23,3,naive_carry,59.2,65.4
2026-05-23,3,seasonal_naive_7,55.5,65.4
2026-05-23,3,climatology,92.949,65.4
2026-05-23,3,gru,53.56920636235027,65.4
2026-05-24,1,naive,58.6,79.9
2026-05-24,1,naive_carry,58.6,79.9
2026-05-24,1,seasonal_naive_7,57.2,79.9
2026-05-24,1,climatology,92.73566666666667,79.9
2026-05-24,1,gru,67.40848947611838,79.9
2026-05-24,2,naive,58.6,65.4
2026-05-24,2,naive_carry,58.6,65.4
2026-05-24,2,seasonal_naive_7,55.5,65.4
2026-05-24,2,climatology,92.949,65.4
2026-05-24,2,gru,56.15703323788196,65.4
2026-05-24,3,naive,58.6,68.5
2026-05-24,3,naive_carry,58.6,68.5
2026-05-24,3,seasonal_naive_7,41.6,68.5
2026-05-24,3,climatology,91.62733333333334,68.5
2026-05-24,3,gru,53.071704763446256,68.5
2026-05-25,1,naive,79.9,65.4
2026-05-25,1,naive_carry,79.9,65.4
2026-05-25,1,seasonal_naive_7,55.5,65.4
2026-05-25,1,climatology,92.949,65.4
2026-05-25,1,gru,89.1800637998613,65.4
2026-05-25,2,naive,79.9,68.5
2026-05-25,2,naive_carry,79.9,68.5
2026-05-25,2,seasonal_naive_7,41.6,68.5
2026-05-25,2,climatology,91.62733333333334,68.5
2026-05-25,2,gru,72.67621743219478,68.5
2026-05-25,3,naive,79.9,68.3
2026-05-25,3,naive_carry,79.9,68.3
2026-05-25,3,seasonal_naive_7,51.8,68.3
2026-05-25,3,climatology,90.81,68.3
2026-05-25,3,gru,71.38922114923892,68.3
2026-05-26,1,naive,65.4,68.5
2026-05-26,1,naive_carry,65.4,68.5
2026-05-26,1,seasonal_naive_7,41.6,68.5
2026-05-26,1,climatology,91.62733333333334,68.5
2026-05-26,1,gru,74.08642404276347,68.5
2026-05-26,2,naive,65.4,68.3
2026-05-26,2,naive_carry,65.4,68.3
2026-05-26,2,seasonal_naive_7,51.8,68.3
2026-05-26,2,climatology,90.81,68.3
2026-05-26,2,gru,63.269048667634785,68.3
2026-05-26,3,naive,65.4,29.5
2026-05-26,3,naive_carry,65.4,29.5
2026-05-26,3,seasonal_naive_7,74.1,29.5
2026-05-26,3,climatology,88.23055555555555,29.5
2026-05-26,3,gru,58.72850844919306,29.5
2026-05-27,1,naive,68.5,68.3
2026-05-27,1,naive_carry,68.5,68.3
2026-05-27,1,seasonal_naive_7,51.8,68.3
2026-05-27,1,climatology,90.81,68.3
2026-05-27,1,gru,77.1664560805543,68.3
2026-05-27,2,naive,68.5,29.5
2026-05-27,2,naive_carry,68.5,29.5
2026-05-27,2,seasonal_naive_7,74.1,29.5
2026-05-27,2,climatology,88.23055555555555,29.5
2026-05-27,2,gru,64.45390374870668,29.5
2026-05-27,3,naive,68.5,27.5
2026-05-27,3,naive_carry,68.5,27.5
2026-05-27,3,seasonal_naive_7,59.2,27.5
2026-05-27,3,climatology,77.35322222222223,27.5
2026-05-27,3,gru,61.49299425322787,27.5
2026-05-28,1,naive,68.3,29.5
2026-05-28,1,naive_carry,68.3,29.5
2026-05-28,1,seasonal_naive_7,74.1,29.5
2026-05-28,1,climatology,88.23055555555555,29.5
2026-05-28,1,gru,76.88057978891653,29.5
2026-05-28,2,naive,68.3,27.5
2026-05-28,2,naive_carry,68.3,27.5
2026-05-28,2,seasonal_naive_7,59.2,27.5
2026-05-28,2,climatology,77.35322222222223,27.5
2026-05-28,2,gru,64.94928919310134,27.5
2026-05-28,3,naive,68.3,25.1
2026-05-28,3,naive_carry,68.3,25.1
2026-05-28,3,seasonal_naive_7,58.6,25.1
2026-05-28,3,climatology,67.28044444444444,25.1
2026-05-28,3,gru,61.4856972397782,25.1
2026-05-29,1,naive,29.5,27.5
2026-05-29,1,naive_carry,29.5,27.5
2026-05-29,1,seasonal_naive_7,59.2,27.5
2026-05-29,1,climatology,77.35322222222223,27.5
2026-05-29,1,gru,35.31338623848939,27.5
2026-05-29,2,naive,29.5,25.1
2026-05-29,2,naive_carry,29.5,25.1
2026-05-29,2,seasonal_naive_7,58.6,25.1
2026-05-29,2,climatology,67.28044444444444,25.1
2026-05-29,2,gru,31.395153334553275,25.1
2026-05-29,3,naive,29.5,33.9
2026-05-29,3,naive_carry,29.5,33.9
2026-05-29,3,seasonal_naive_7,79.9,33.9
2026-05-29,3,climatology,64.44877777777778,33.9
2026-05-29,3,gru,27.276395959244013,33.9
2026-05-30,1,naive,27.5,25.1
2026-05-30,1,naive_carry,27.5,25.1
2026-05-30,1,seasonal_naive_7,58.6,25.1
2026-05-30,1,climatology,67.28044444444444,25.1
2026-05-30,1,gru,33.39439246555133,25.1
2026-05-30,2,naive,27.5,33.9
2026-05-30,2,naive_carry,27.5,33.9
2026-05-30,2,seasonal_naive_7,79.9,33.9
2026-05-30,2,climatology,64.44877777777778,33.9
2026-05-30,2,gru,28.940386701001824,33.9
2026-05-30,3,naive,27.5,39.0
2026-05-30,3,naive_carry,27.5,39.0
2026-05-30,3,seasonal_naive_7,65.4,39.0
2026-05-30,3,climatology,60.02744444444444,39.0
2026-05-30,3,gru,25.716220749219815,39.0
2026-05-31,1,naive,25.1,33.9
2026-05-31,1,naive_carry,25.1,33.9
2026-05-31,1,seasonal_naive_7,79.9,33.9
2026-05-31,1,climatology,64.44877777777778,33.9
2026-05-31,1,gru,30.862234678017092,33.9
2026-05-31,2,naive,25.1,39.0
2026-05-31,2,naive_carry,25.1,39.0
2026-05-31,2,seasonal_naive_7,65.4,39.0
2026-05-31,2,climatology,60.02744444444444,39.0
2026-05-31,2,gru,26.80664599848872,39.0
2026-05-31,3,naive,25.1,59.7
2026-05-31,3,naive_carry,25.1,59.7
2026-05-31,3,seasonal_naive_7,68.5,59.7
2026-05-31,3,climatology,59.17277777777778,59.7
2026-05-31,3,gru,23.686333911635767,59.7
2026-06-01,1,naive,33.9,39.0
2026-06-01,1,naive_carry,33.9,39.0
2026-06-01,1,seasonal_naive_7,65.4,39.0
2026-06-01,1,climatology,60.02744444444444,39.0
2026-06-01,1,gru,41.04790134911234,39.0
2026-06-01,2,naive,33.9,59.7
2026-06-01,2,naive_carry,33.9,59.7
2026-06-01,2,seasonal_naive_7,68.5,59.7
2026-06-01,2,climatology,59.17277777777778,59.7
2026-06-01,2,gru,34.89338995588403,59.7
2026-06-01,3,naive,33.9,50.3
2026-06-01,3,naive_carry,33.9,50.3
2026-06-01,3,seasonal_naive_7,68.3,50.3
2026-06-01,3,climatology,59.47611111111111,50.3
2026-06-01,3,gru,31.91399525125873,50.3
2026-06-02,1,naive,39.0,59.7
2026-06-02,1,naive_carry,39.0,59.7
2026-06-02,1,seasonal_naive_7,68.5,59.7
2026-06-02,1,climatology,59.17277777777778,59.7
2026-06-02,1,gru,46.683531232854335,59.7
2026-06-02,2,naive,39.0,50.3
2026-06-02,2,naive_carry,39.0,50.3
2026-06-02,2,seasonal_naive_7,68.3,50.3
2026-06-02,2,climatology,59.47611111111111,50.3
2026-06-02,2,gru,39.86359633612572,50.3
2026-06-02,3,naive,39.0,47.7
2026-06-02,3,naive_carry,39.0,47.7
2026-06-02,3,seasonal_naive_7,29.5,47.7
2026-06-02,3,climatology,61.20611111111111,47.7
2026-06-02,3,gru,36.4993758912014,47.7
2026-06-03,1,naive,59.7,50.3
2026-06-03,1,naive_carry,59.7,50.3
2026-06-03,1,seasonal_naive_7,68.3,50.3
2026-06-03,1,climatology,59.47611111111111,50.3
2026-06-03,1,gru,68.64983979664726,50.3
2026-06-03,2,naive,59.7,47.7
2026-06-03,2,naive_carry,59.7,47.7
2026-06-03,2,seasonal_naive_7,29.5,47.7
2026-06-03,2,climatology,61.20611111111111,47.7
2026-06-03,2,gru,57.17256287933277,47.7
2026-06-03,3,naive,59.7,57.7
2026-06-03,3,naive_carry,59.7,57.7
2026-06-03,3,seasonal_naive_7,27.5,57.7
2026-06-03,3,climatology,63.544777777777774,57.7
2026-06-03,3,gru,54.66275597101031,57.7
2026-06-04,1,naive,50.3,47.7
2026-06-04,1,naive_carry,50.3,47.7
2026-06-04,1,seasonal_naive_7,29.5,47.7
2026-06-04,1,climatology,61.20611111111111,47.7
2026-06-04,1,gru,58.2938157058455,47.7
2026-06-04,2,naive,50.3,57.7
2026-06-04,2,naive_carry,50.3,57.7
2026-06-04,2,seasonal_naive_7,27.5,57.7
2026-06-04,2,climatology,63.544777777777774,57.7
2026-06-04,2,gru,50.68848670320111,57.7
2026-06-04,3,naive,50.3,36.0
2026-06-04,3,naive_carry,50.3,36.0
2026-06-04,3,seasonal_naive_7,25.1,36.0
2026-06-04,3,climatology,63.02977777777778,36.0
2026-06-04,3,gru,45.99266595148282,36.0
2026-06-05,1,naive,47.7,57.7
2026-06-05,1,naive_carry,47.7,57.7
2026-06-05,1,seasonal_naive_7,27.5,57.7
2026-06-05,1,climatology,63.544777777777774,57.7
2026-06-05,1,gru,55.32925779501828,57.7
2026-06-05,2,naive,47.7,36.0
2026-06-05,2,naive_carry,47.7,36.0
2026-06-05,2,seasonal_naive_7,25.1,36.0
2026-06-05,2,climatology,63.02977777777778,36.0
2026-06-05,2,gru,47.71254479022058,36.0
2026-06-05,3,naive,47.7,39.1
2026-06-05,3,naive_carry,47.7,39.1
2026-06-05,3,seasonal_naive_7,33.9,39.1
2026-06-05,3,climatology,63.94000000000001,39.1
2026-06-05,3,gru,43.58016111490826,39.1
2026-06-06,1,naive,57.7,36.0
2026-06-06,1,naive_carry,57.7,36.0
2026-06-06,1,seasonal_naive_7,25.1,36.0
2026-06-06,1,climatology,63.02977777777778,36.0
2026-06-06,1,gru,65.68356309687894,36.0
2026-06-06,2,naive,57.7,39.1
2026-06-06,2,naive_carry,57.7,39.1
2026-06-06,2,seasonal_naive_7,33.9,39.1
2026-06-06,2,climatology,63.94000000000001,39.1
2026-06-06,2,gru,55.83135869761842,39.1
2026-06-06,3,naive,57.7,42.0
2026-06-06,3,naive_carry,57.7,42.0
2026-06-06,3,seasonal_naive_7,39.0,42.0
2026-06-06,3,climatology,64.23555555555556,42.0
2026-06-06,3,gru,52.26192900524395,42.0
2026-06-07,1,naive,36.0,39.1
2026-06-07,1,naive_carry,36.0,39.1
2026-06-07,1,seasonal_naive_7,33.9,39.1
2026-06-07,1,climatology,63.94000000000001,39.1
2026-06-07,1,gru,42.357739297203246,39.1
2026-06-07,2,naive,36.0,42.0
2026-06-07,2,naive_carry,36.0,42.0
2026-06-07,2,seasonal_naive_7,39.0,42.0
2026-06-07,2,climatology,64.23555555555556,42.0
2026-06-07,2,gru,37.623448757290575,42.0
2026-06-07,3,naive,36.0,47.3
2026-06-07,3,naive_carry,36.0,47.3
2026-06-07,3,seasonal_naive_7,59.7,47.3
2026-06-07,3,climatology,66.39111111111112,47.3
2026-06-07,3,gru,32.9267186361463,47.3
2026-06-08,1,naive,39.1,42.0
2026-06-08,1,naive_carry,39.1,42.0
2026-06-08,1,seasonal_naive_7,39.0,42.0
2026-06-08,1,climatology,64.23555555555556,42.0
2026-06-08,1,gru,45.840342419716805,42.0
2026-06-08,2,naive,39.1,47.3
2026-06-08,2,naive_carry,39.1,47.3
2026-06-08,2,seasonal_naive_7,59.7,47.3
2026-06-08,2,climatology,66.39111111111112,47.3
2026-06-08,2,gru,39.59485239089565,47.3
2026-06-08,3,naive,39.1,38.9
2026-06-08,3,naive_carry,39.1,38.9
2026-06-08,3,seasonal_naive_7,50.3,38.9
2026-06-08,3,climatology,70.79011111111112,38.9
2026-06-08,3,gru,35.74630310861503,38.9
2026-06-09,1,naive,42.0,47.3
2026-06-09,1,naive_carry,42.0,47.3
2026-06-09,1,seasonal_naive_7,59.7,47.3
2026-06-09,1,climatology,66.39111111111112,47.3
2026-06-09,1,gru,48.961572309548636,47.3
2026-06-09,2,naive,42.0,38.9
2026-06-09,2,naive_carry,42.0,38.9
2026-06-09,2,seasonal_naive_7,50.3,38.9
2026-06-09,2,climatology,70.79011111111112,38.9
2026-06-09,2,gru,42.30289559507607,38.9
2026-06-09,3,naive,42.0,25.7
2026-06-09,3,naive_carry,42.0,25.7
2026-06-09,3,seasonal_naive_7,47.7,25.7
2026-06-09,3,climatology,69.8051111111111,25.7
2026-06-09,3,gru,38.30267862123196,25.7
2026-06-10,1,naive,47.3,38.9
2026-06-10,1,naive_carry,47.3,38.9
2026-06-10,1,seasonal_naive_7,50.3,38.9
2026-06-10,1,climatology,70.79011111111112,38.9
2026-06-10,1,gru,54.508192241677826,38.9
2026-06-10,2,naive,47.3,25.7
2026-06-10,2,naive_carry,47.3,25.7
2026-06-10,2,seasonal_naive_7,47.7,25.7
2026-06-10,2,climatology,69.8051111111111,25.7
2026-06-10,2,gru,46.72661221643062,25.7
2026-06-10,3,naive,47.3,38.3
2026-06-10,3,naive_carry,47.3,38.3
2026-06-10,3,seasonal_naive_7,57.7,38.3
2026-06-10,3,climatology,68.79066666666668,38.3
2026-06-10,3,gru,42.90886315013817,38.3
2026-06-11,1,naive,38.9,25.7
2026-06-11,1,naive_carry,38.9,25.7
2026-06-11,1,seasonal_naive_7,47.7,25.7
2026-06-11,1,climatology,69.8051111111111,25.7
2026-06-11,1,gru,45.36927596930529,25.7
2026-06-11,2,naive,38.9,38.3
2026-06-11,2,naive_carry,38.9,38.3
2026-06-11,2,seasonal_naive_7,57.7,38.3
2026-06-11,2,climatology,68.79066666666668,38.3
2026-06-11,2,gru,39.715271488298704,38.3
2026-06-11,3,naive,38.9,54.2
2026-06-11,3,naive_carry,38.9,54.2
2026-06-11,3,seasonal_naive_7,36.0,54.2
2026-06-11,3,climatology,66.39466666666667,54.2
2026-06-11,3,gru,35.38271922387362,54.2
2026-06-12,1,naive,25.7,38.3
2026-06-12,1,naive_carry,25.7,38.3
2026-06-12,1,seasonal_naive_7,57.7,38.3
2026-06-12,1,climatology,68.79066666666668,38.3
2026-06-12,1,gru,30.829865074421182,38.3
2026-06-12,2,naive,25.7,54.2
2026-06-12,2,naive_carry,25.7,54.2
2026-06-12,2,seasonal_naive_7,36.0,54.2
2026-06-12,2,climatology,66.39466666666667,54.2
2026-06-12,2,gru,27.37443351478861,54.2
2026-06-12,3,naive,25.7,34.4
2026-06-12,3,naive_carry,25.7,34.4
2026-06-12,3,seasonal_naive_7,39.1,34.4
2026-06-12,3,climatology,66.599,34.4
2026-06-12,3,gru,23.591592878571685,34.4
2026-06-13,1,naive,38.3,54.2
2026-06-13,1,naive_carry,38.3,54.2
2026-06-13,1,seasonal_naive_7,36.0,54.2
2026-06-13,1,climatology,66.39466666666667,54.2
2026-06-13,1,gru,44.86207868590971,54.2
2026-06-13,2,naive,38.3,34.4
2026-06-13,2,naive_carry,38.3,34.4
2026-06-13,2,seasonal_naive_7,39.1,34.4
2026-06-13,2,climatology,66.599,34.4
2026-06-13,2,gru,38.38591962975894,34.4
2026-06-13,3,naive,38.3,37.8
2026-06-13,3,naive_carry,38.3,37.8
2026-06-13,3,seasonal_naive_7,42.0,37.8
2026-06-13,3,climatology,66.51266666666666,37.8
2026-06-13,3,gru,34.93296144216518,37.8
2026-06-14,1,naive,54.2,34.4
2026-06-14,1,naive_carry,54.2,34.4
2026-06-14,1,seasonal_naive_7,39.1,34.4
2026-06-14,1,climatology,66.599,34.4
2026-06-14,1,gru,61.47099523533466,34.4
2026-06-14,2,naive,54.2,37.8
2026-06-14,2,naive_carry,54.2,37.8
2026-06-14,2,seasonal_naive_7,42.0,37.8
2026-06-14,2,climatology,66.51266666666666,37.8
2026-06-14,2,gru,51.92737795079067,37.8
2026-06-14,3,naive,54.2,44.7
2026-06-14,3,naive_carry,54.2,44.7
2026-06-14,3,seasonal_naive_7,47.3,44.7
2026-06-14,3,climatology,65.83355555555555,44.7
2026-06-14,3,gru,48.776079385976885,44.7
2026-06-15,1,naive,34.4,37.8
2026-06-15,1,naive_carry,34.4,37.8
2026-06-15,1,seasonal_naive_7,42.0,37.8
2026-06-15,1,climatology,66.51266666666666,37.8
2026-06-15,1,gru,40.19310337435224,37.8
2026-06-15,2,naive,34.4,44.7
2026-06-15,2,naive_carry,34.4,44.7
2026-06-15,2,seasonal_naive_7,47.3,44.7
2026-06-15,2,climatology,65.83355555555555,44.7
2026-06-15,2,gru,35.658455118112904,44.7
2026-06-15,3,naive,34.4,54.0
2026-06-15,3,naive_carry,34.4,54.0
2026-06-15,3,seasonal_naive_7,38.9,54.0
2026-06-15,3,climatology,65.58822222222223,54.0
2026-06-15,3,gru,31.16489361289374,54.0
2026-06-16,1,naive,37.8,44.7
2026-06-16,1,naive_carry,37.8,44.7
2026-06-16,1,seasonal_naive_7,47.3,44.7
2026-06-16,1,climatology,65.83355555555555,44.7
2026-06-16,1,gru,43.880612862770334,44.7
2026-06-16,2,naive,37.8,54.0
2026-06-16,2,naive_carry,37.8,54.0
2026-06-16,2,seasonal_naive_7,38.9,54.0
2026-06-16,2,climatology,65.58822222222223,54.0
2026-06-16,2,gru,37.978722862537815,54.0
2026-06-16,3,naive,37.8,40.9
2026-06-16,3,naive_carry,37.8,40.9
2026-06-16,3,seasonal_naive_7,25.7,40.9
2026-06-16,3,climatology,64.62488888888889,40.9
2026-06-16,3,gru,34.17849251146454,40.9
2026-06-17,1,naive,44.7,54.0
2026-06-17,1,naive_carry,44.7,54.0
2026-06-17,1,seasonal_naive_7,38.9,54.0
2026-06-17,1,climatology,65.58822222222223,54.0
2026-06-17,1,gru,51.109304307480805,54.0
2026-06-17,2,naive,44.7,40.9
2026-06-17,2,naive_carry,44.7,40.9
2026-06-17,2,seasonal_naive_7,25.7,40.9
2026-06-17,2,climatology,64.62488888888889,40.9
2026-06-17,2,gru,44.015307070358915,40.9
2026-06-17,3,naive,44.7,47.9
2026-06-17,3,naive_carry,44.7,47.9
2026-06-17,3,seasonal_naive_7,38.3,47.9
2026-06-17,3,climatology,62.68655555555555,47.9
2026-06-17,3,gru,40.17091734481063,47.9
2026-06-18,1,naive,54.0,40.9
2026-06-18,1,naive_carry,54.0,40.9
2026-06-18,1,seasonal_naive_7,25.7,40.9
2026-06-18,1,climatology,64.62488888888889,40.9
2026-06-18,1,gru,60.47323415557589,40.9
2026-06-18,2,naive,54.0,47.9
2026-06-18,2,naive_carry,54.0,47.9
2026-06-18,2,seasonal_naive_7,38.3,47.9
2026-06-18,2,climatology,62.68655555555555,47.9
2026-06-18,2,gru,51.71332885042073,47.9
2026-06-18,3,naive,54.0,39.2
2026-06-18,3,naive_carry,54.0,39.2
2026-06-18,3,seasonal_naive_7,54.2,39.2
2026-06-18,3,climatology,60.037222222222226,39.2
2026-06-18,3,gru,48.05747243471677,39.2
2026-06-19,1,naive,40.9,47.9
2026-06-19,1,naive_carry,40.9,47.9
2026-06-19,1,seasonal_naive_7,38.3,47.9
2026-06-19,1,climatology,62.68655555555555,47.9
2026-06-19,1,gru,46.601593960560464,47.9
2026-06-19,2,naive,40.9,39.2
2026-06-19,2,naive_carry,40.9,39.2
2026-06-19,2,seasonal_naive_7,54.2,39.2
2026-06-19,2,climatology,60.037222222222226,39.2
2026-06-19,2,gru,41.185958379146314,39.2
2026-06-19,3,naive,40.9,35.0
2026-06-19,3,naive_carry,40.9,35.0
2026-06-19,3,seasonal_naive_7,34.4,35.0
2026-06-19,3,climatology,57.40255555555556,35.0
2026-06-19,3,gru,36.493816427246294,35.0
2026-06-20,1,naive,47.9,39.2
2026-06-20,1,naive_carry,47.9,39.2
2026-06-20,1,seasonal_naive_7,54.2,39.2
2026-06-20,1,climatology,60.037222222222226,39.2
2026-06-20,1,gru,53.798712974499914,39.2
2026-06-20,2,naive,47.9,35.0
2026-06-20,2,naive_carry,47.9,35.0
2026-06-20,2,seasonal_naive_7,34.4,35.0
2026-06-20,2,climatology,57.40255555555556,35.0
2026-06-20,2,gru,46.241549948180776,35.0
2026-06-20,3,naive,47.9,47.8
2026-06-20,3,naive_carry,47.9,47.8
2026-06-20,3,seasonal_naive_7,37.8,47.8
2026-06-20,3,climatology,55.43855555555556,47.8
2026-06-20,3,gru,42.47173928908126,47.8
2026-06-21,1,naive,39.2,35.0
2026-06-21,1,naive_carry,39.2,35.0
2026-06-21,1,seasonal_naive_7,34.4,35.0
2026-06-21,1,climatology,57.40255555555556,35.0
2026-06-21,1,gru,44.583379535038645,35.0
2026-06-21,2,naive,39.2,47.8
2026-06-21,2,naive_carry,39.2,47.8
2026-06-21,2,seasonal_naive_7,37.8,47.8
2026-06-21,2,climatology,55.43855555555556,47.8
2026-06-21,2,gru,39.43850311427275,47.8
2026-06-21,3,naive,39.2,32.3
2026-06-21,3,naive_carry,39.2,32.3
2026-06-21,3,seasonal_naive_7,44.7,32.3
2026-06-21,3,climatology,56.58522222222222,32.3
2026-06-21,3,gru,34.847424505792574,32.3
2026-06-22,1,naive,35.0,47.8
2026-06-22,1,naive_carry,35.0,47.8
2026-06-22,1,seasonal_naive_7,37.8,47.8
2026-06-22,1,climatology,55.43855555555556,47.8
2026-06-22,1,gru,40.12119014364088,47.8
2026-06-22,2,naive,35.0,32.3
2026-06-22,2,naive_carry,35.0,32.3
2026-06-22,2,seasonal_naive_7,44.7,32.3
2026-06-22,2,climatology,56.58522222222222,32.3
2026-06-22,2,gru,35.39500594081451,32.3
2026-06-22,3,naive,35.0,40.2
2026-06-22,3,naive_carry,35.0,40.2
2026-06-22,3,seasonal_naive_7,54.0,40.2
2026-06-22,3,climatology,53.02033333333333,40.2
2026-06-22,3,gru,31.182340508891997,40.2
2026-06-23,1,naive,47.8,32.3
2026-06-23,1,naive_carry,47.8,32.3
2026-06-23,1,seasonal_naive_7,44.7,32.3
2026-06-23,1,climatology,56.58522222222222,32.3
2026-06-23,1,gru,53.41454129805296,32.3
2026-06-23,2,naive,47.8,40.2
2026-06-23,2,naive_carry,47.8,40.2
2026-06-23,2,seasonal_naive_7,54.0,40.2
2026-06-23,2,climatology,53.02033333333333,40.2
2026-06-23,2,gru,45.76710279778049,40.2
2026-06-23,3,naive,47.8,30.1
2026-06-23,3,naive_carry,47.8,30.1
2026-06-23,3,seasonal_naive_7,40.9,30.1
2026-06-23,3,climatology,47.455000000000005,30.1
2026-06-23,3,gru,42.202537137678384,30.1
2026-06-24,1,naive,32.3,40.2
2026-06-24,1,naive_carry,32.3,40.2
2026-06-24,1,seasonal_naive_7,54.0,40.2
2026-06-24,1,climatology,53.02033333333333,40.2
2026-06-24,1,gru,37.05361612979676,40.2
2026-06-24,2,naive,32.3,30.1
2026-06-24,2,naive_carry,32.3,30.1
2026-06-24,2,seasonal_naive_7,40.9,30.1
2026-06-24,2,climatology,47.455000000000005,30.1
2026-06-24,2,gru,33.23130755222479,30.1
2026-06-24,3,naive,32.3,49.3
2026-06-24,3,naive_carry,32.3,49.3
2026-06-24,3,seasonal_naive_7,47.9,49.3
2026-06-24,3,climatology,47.876,49.3
2026-06-24,3,gru,28.713218340452126,49.3
2026-06-25,1,naive,40.2,30.1
2026-06-25,1,naive_carry,40.2,30.1
2026-06-25,1,seasonal_naive_7,40.9,30.1
2026-06-25,1,climatology,47.455000000000005,30.1
2026-06-25,1,gru,45.39304963146594,30.1
2026-06-25,2,naive,40.2,49.3
2026-06-25,2,naive_carry,40.2,49.3
2026-06-25,2,seasonal_naive_7,47.9,49.3
2026-06-25,2,climatology,47.876,49.3
2026-06-25,2,gru,39.383174902413394,49.3
2026-06-25,3,naive,40.2,53.9
2026-06-25,3,naive_carry,40.2,53.9
2026-06-25,3,seasonal_naive_7,39.2,53.9
2026-06-25,3,climatology,48.25266666666666,53.9
2026-06-25,3,gru,35.58195058450999,53.9
2026-06-26,1,naive,30.1,49.3
2026-06-26,1,naive_carry,30.1,49.3
2026-06-26,1,seasonal_naive_7,47.9,49.3
2026-06-26,1,climatology,47.876,49.3
2026-06-26,1,gru,34.64789594905168,49.3
2026-06-26,2,naive,30.1,53.9
2026-06-26,2,naive_carry,30.1,53.9
2026-06-26,2,seasonal_naive_7,39.2,53.9
2026-06-26,2,climatology,48.25266666666666,53.9
2026-06-26,2,gru,31.045852998663825,53.9
2026-06-26,3,naive,30.1,42.6
2026-06-26,3,naive_carry,30.1,42.6
2026-06-26,3,seasonal_naive_7,35.0,42.6
2026-06-26,3,climatology,47.14377777777778,42.6
2026-06-26,3,gru,26.783993672889896,42.6
2026-06-27,1,naive,49.3,53.9
2026-06-27,1,naive_carry,49.3,53.9
2026-06-27,1,seasonal_naive_7,39.2,53.9
2026-06-27,1,climatology,48.25266666666666,53.9
2026-06-27,1,gru,54.55027057202416,53.9
2026-06-27,2,naive,49.3,42.6
2026-06-27,2,naive_carry,49.3,42.6
2026-06-27,2,seasonal_naive_7,35.0,42.6
2026-06-27,2,climatology,47.14377777777778,42.6
2026-06-27,2,gru,46.44831798006324,42.6
2026-06-27,3,naive,49.3,53.4
2026-06-27,3,naive_carry,49.3,53.4
2026-06-27,3,seasonal_naive_7,47.8,53.4
2026-06-27,3,climatology,46.577777777777776,53.4
2026-06-27,3,gru,43.36069858108183,53.4
2026-06-28,1,naive,53.9,42.6
2026-06-28,1,naive_carry,53.9,42.6
2026-06-28,1,seasonal_naive_7,35.0,42.6
2026-06-28,1,climatology,47.14377777777778,42.6
2026-06-28,1,gru,58.754918859072845,42.6
2026-06-28,2,naive,53.9,53.4
2026-06-28,2,naive_carry,53.9,53.4
2026-06-28,2,seasonal_naive_7,47.8,53.4
2026-06-28,2,climatology,46.577777777777776,53.4
2026-06-28,2,gru,51.32476495563852,53.4
2026-06-28,3,naive,53.9,39.1
2026-06-28,3,naive_carry,53.9,39.1
2026-06-28,3,seasonal_naive_7,32.3,39.1
2026-06-28,3,climatology,46.00177777777778,39.1
2026-06-28,3,gru,47.012800869545906,39.1
2026-06-29,1,naive,42.6,53.4
2026-06-29,1,naive_carry,42.6,53.4
2026-06-29,1,seasonal_naive_7,47.8,53.4
2026-06-29,1,climatology,46.577777777777776,53.4
2026-06-29,1,gru,47.105451834065235,53.4
2026-06-29,2,naive,42.6,39.1
2026-06-29,2,naive_carry,42.6,39.1
2026-06-29,2,seasonal_naive_7,32.3,39.1
2026-06-29,2,climatology,46.00177777777778,39.1
2026-06-29,2,gru,42.09394819722887,39.1
2026-06-29,3,naive,42.6,33.1
2026-06-29,3,naive_carry,42.6,33.1
2026-06-29,3,seasonal_naive_7,40.2,33.1
2026-06-29,3,climatology,46.10844444444445,33.1
2026-06-29,3,gru,37.26142642577691,33.1
2026-06-30,1,naive,53.4,39.1
2026-06-30,1,naive_carry,53.4,39.1
2026-06-30,1,seasonal_naive_7,32.3,39.1
2026-06-30,1,climatology,46.00177777777778,39.1
2026-06-30,1,gru,57.751336993672304,39.1
2026-06-30,2,naive,53.4,33.1
2026-06-30,2,naive_carry,53.4,33.1
2026-06-30,2,seasonal_naive_7,40.2,33.1
2026-06-30,2,climatology,46.10844444444445,33.1
2026-06-30,2,gru,49.91050300421351,33.1
2026-06-30,3,naive,53.4,47.6
2026-06-30,3,naive_carry,53.4,47.6
2026-06-30,3,seasonal_naive_7,30.1,47.6
2026-06-30,3,climatology,45.199111111111115,47.6
2026-06-30,3,gru,46.30421568209256,47.6
2026-07-01,1,naive,39.1,33.1
2026-07-01,1,naive_carry,39.1,33.1
2026-07-01,1,seasonal_naive_7,40.2,33.1
2026-07-01,1,climatology,46.10844444444445,33.1
2026-07-01,1,gru,43.21113661729858,33.1
2026-07-01,2,naive,39.1,47.6
2026-07-01,2,naive_carry,39.1,47.6
2026-07-01,2,seasonal_naive_7,30.1,47.6
2026-07-01,2,climatology,45.199111111111115,47.6
2026-07-01,2,gru,39.06628978221305,47.6
2026-07-01,3,naive,39.1,58.8
2026-07-01,3,naive_carry,39.1,58.8
2026-07-01,3,seasonal_naive_7,49.3,58.8
2026-07-01,3,climatology,44.864444444444445,58.8
2026-07-01,3,gru,34.091449183486446,58.8
2026-07-02,1,naive,33.1,47.6
2026-07-02,1,naive_carry,33.1,47.6
2026-07-02,1,seasonal_naive_7,30.1,47.6
2026-07-02,1,climatology,45.199111111111115,47.6
2026-07-02,1,gru,37.06712147840739,47.6
2026-07-02,2,naive,33.1,58.8
2026-07-02,2,naive_carry,33.1,58.8
2026-07-02,2,seasonal_naive_7,49.3,58.8
2026-07-02,2,climatology,44.864444444444445,58.8
2026-07-02,2,gru,33.25912579512247,58.8
2026-07-02,3,naive,33.1,54.4
2026-07-02,3,naive_carry,33.1,54.4
2026-07-02,3,seasonal_naive_7,53.9,54.4
2026-07-02,3,climatology,43.45444444444445,54.4
2026-07-02,3,gru,29.00311810221783,54.4
2026-07-03,1,naive,47.6,58.8
2026-07-03,1,naive_carry,47.6,58.8
2026-07-03,1,seasonal_naive_7,49.3,58.8
2026-07-03,1,climatology,44.864444444444445,58.8
2026-07-03,1,gru,51.76712158774748,58.8
2026-07-03,2,naive,47.6,54.4
2026-07-03,2,naive_carry,47.6,54.4
2026-07-03,2,seasonal_naive_7,53.9,54.4
2026-07-03,2,climatology,43.45444444444445,54.4
2026-07-03,2,gru,44.756014258625235,54.4
2026-07-03,3,naive,47.6,36.0
2026-07-03,3,naive_carry,47.6,36.0
2026-07-03,3,seasonal_naive_7,42.6,36.0
2026-07-03,3,climatology,42.57111111111111,36.0
2026-07-03,3,gru,41.33702594959073,36.0
2026-07-04,1,naive,58.8,54.4
2026-07-04,1,naive_carry,58.8,54.4
2026-07-04,1,seasonal_naive_7,53.9,54.4
2026-07-04,1,climatology,43.45444444444445,54.4
2026-07-04,1,gru,62.34545873103701,54.4
2026-07-04,2,naive,58.8,36.0
2026-07-04,2,naive_carry,58.8,36.0
2026-07-04,2,seasonal_naive_7,42.6,36.0
2026-07-04,2,climatology,42.57111111111111,36.0
2026-07-04,2,gru,54.074027182095115,36.0
2026-07-04,3,naive,58.8,32.5
2026-07-04,3,naive_carry,58.8,32.5
2026-07-04,3,seasonal_naive_7,53.4,32.5
2026-07-04,3,climatology,41.880222222222216,32.5
2026-07-04,3,gru,50.4269454898821,32.5
2026-07-05,1,naive,54.4,36.0
2026-07-05,1,naive_carry,54.4,36.0
2026-07-05,1,seasonal_naive_7,42.6,36.0
2026-07-05,1,climatology,42.57111111111111,36.0
2026-07-05,1,gru,57.7156640621157,36.0
2026-07-05,2,naive,54.4,32.5
2026-07-05,2,naive_carry,54.4,32.5
2026-07-05,2,seasonal_naive_7,53.4,32.5
2026-07-05,2,climatology,41.880222222222216,32.5
2026-07-05,2,gru,51.17273255987623,32.5
2026-07-05,3,naive,54.4,30.0
2026-07-05,3,naive_carry,54.4,30.0
2026-07-05,3,seasonal_naive_7,39.1,30.0
2026-07-05,3,climatology,41.37888888888889,30.0
2026-07-05,3,gru,46.47682219162306,30.0
2026-07-06,1,naive,36.0,32.5
2026-07-06,1,naive_carry,36.0,32.5
2026-07-06,1,seasonal_naive_7,53.4,32.5
2026-07-06,1,climatology,41.880222222222216,32.5
2026-07-06,1,gru,39.41297602741824,32.5
2026-07-06,2,naive,36.0,30.0
2026-07-06,2,naive_carry,36.0,30.0
2026-07-06,2,seasonal_naive_7,39.1,30.0
2026-07-06,2,climatology,41.37888888888889,30.0
2026-07-06,2,gru,36.131599459117666,30.0
2026-07-06,3,naive,36.0,6.42
2026-07-06,3,naive_carry,36.0,6.42
2026-07-06,3,seasonal_naive_7,33.1,6.42
2026-07-06,3,climatology,40.31055555555555,6.42
2026-07-06,3,gru,31.079352420901984,6.42
2026-07-07,1,naive,32.5,30.0
2026-07-07,1,naive_carry,32.5,30.0
2026-07-07,1,seasonal_naive_7,39.1,30.0
2026-07-07,1,climatology,41.37888888888889,30.0
2026-07-07,1,gru,35.95879275156745,30.0
2026-07-07,2,naive,32.5,6.42
2026-07-07,2,naive_carry,32.5,6.42
2026-07-07,2,seasonal_naive_7,33.1,6.42
2026-07-07,2,climatology,40.31055555555555,6.42
2026-07-07,2,gru,32.55286560592537,6.42
2026-07-07,3,naive,32.5,22.0
2026-07-07,3,naive_carry,32.5,22.0
2026-07-07,3,seasonal_naive_7,47.6,22.0
2026-07-07,3,climatology,39.65322222222222,22.0
2026-07-07,3,gru,28.228264737419966,22.0
2026-07-08,1,naive,30.0,6.42
2026-07-08,1,naive_carry,30.0,6.42
2026-07-08,1,seasonal_naive_7,33.1,6.42
2026-07-08,1,climatology,40.31055555555555,6.42
2026-07-08,1,gru,33.46730298963717,6.42
2026-07-08,2,naive,30.0,22.0
2026-07-08,2,naive_carry,30.0,22.0
2026-07-08,2,seasonal_naive_7,47.6,22.0
2026-07-08,2,climatology,39.65322222222222,22.0
2026-07-08,2,gru,30.34363526574043,22.0
2026-07-08,3,naive,30.0,43.5
2026-07-08,3,naive_carry,30.0,43.5
2026-07-08,3,seasonal_naive_7,58.8,43.5
2026-07-08,3,climatology,39.27988888888888,43.5
2026-07-08,3,gru,26.19207991400107,43.5
2026-07-09,1,naive,6.42,22.0
2026-07-09,1,naive_carry,6.42,22.0
2026-07-09,1,seasonal_naive_7,47.6,22.0
2026-07-09,1,climatology,39.65322222222222,22.0
2026-07-09,1,gru,7.84786834318821,22.0
2026-07-09,2,naive,6.42,43.5
2026-07-09,2,naive_carry,6.42,43.5
2026-07-09,2,seasonal_naive_7,58.8,43.5
2026-07-09,2,climatology,39.27988888888888,43.5
2026-07-09,2,gru,7.415950696363258,43.5
2026-07-09,3,naive,6.42,64.2
2026-07-09,3,naive_carry,6.42,64.2
2026-07-09,3,seasonal_naive_7,54.4,64.2
2026-07-09,3,climatology,38.979888888888894,64.2
2026-07-09,3,gru,5.727306944920192,64.2
2026-07-10,1,naive,22.0,43.5
2026-07-10,1,naive_carry,22.0,43.5
2026-07-10,1,seasonal_naive_7,58.8,43.5
2026-07-10,1,climatology,39.27988888888888,43.5
2026-07-10,1,gru,25.61798669964103,43.5
2026-07-10,2,naive,22.0,64.2
2026-07-10,2,naive_carry,22.0,64.2
2026-07-10,2,seasonal_naive_7,54.4,64.2
2026-07-10,2,climatology,38.979888888888894,64.2
2026-07-10,2,gru,22.811252818779334,64.2
2026-07-10,3,naive,22.0,39.0
2026-07-10,3,naive_carry,22.0,39.0
2026-07-10,3,seasonal_naive_7,36.0,39.0
2026-07-10,3,climatology,37.776555555555554,39.0
2026-07-10,3,gru,19.56250588227329,39.0
2026-07-11,1,naive,43.5,64.2
2026-07-11,1,naive_carry,43.5,64.2
2026-07-11,1,seasonal_naive_7,54.4,64.2
2026-07-11,1,climatology,38.979888888888894,64.2
2026-07-11,1,gru,47.74221348198163,64.2
2026-07-11,2,naive,43.5,39.0
2026-07-11,2,naive_carry,43.5,39.0
2026-07-11,2,seasonal_naive_7,36.0,39.0
2026-07-11,2,climatology,37.776555555555554,39.0
2026-07-11,2,gru,40.6430496320234,39.0
2026-07-11,3,naive,43.5,40.8
2026-07-11,3,naive_carry,43.5,40.8
2026-07-11,3,seasonal_naive_7,32.5,40.8
2026-07-11,3,climatology,37.52144444444445,40.8
2026-07-11,3,gru,38.115114668340325,40.8
2026-07-12,1,naive,64.2,39.0
2026-07-12,1,naive_carry,64.2,39.0
2026-07-12,1,seasonal_naive_7,36.0,39.0
2026-07-12,1,climatology,37.776555555555554,39.0
2026-07-12,1,gru,67.06392443609117,39.0
2026-07-12,2,naive,64.2,40.8
2026-07-12,2,naive_carry,64.2,40.8
2026-07-12,2,seasonal_naive_7,32.5,40.8
2026-07-12,2,climatology,37.52144444444445,40.8
2026-07-12,2,gru,57.15973416143261,40.8
2026-07-12,3,naive,64.2,38.5
2026-07-12,3,naive_carry,64.2,38.5
2026-07-12,3,seasonal_naive_7,30.0,38.5
2026-07-12,3,climatology,37.04744444444445,38.5
2026-07-12,3,gru,55.01127319373325,38.5
2026-07-13,1,naive,39.0,40.8
2026-07-13,1,naive_carry,39.0,40.8
2026-07-13,1,seasonal_naive_7,32.5,40.8
2026-07-13,1,climatology,37.52144444444445,40.8
2026-07-13,1,gru,42.26601582075481,40.8
2026-07-13,2,naive,39.0,38.5
2026-07-13,2,naive_carry,39.0,38.5
2026-07-13,2,seasonal_naive_7,30.0,38.5
2026-07-13,2,climatology,37.04744444444445,38.5
2026-07-13,2,gru,39.144441337672404,38.5
2026-07-13,3,naive,39.0,45.9
2026-07-13,3,naive_carry,39.0,45.9
2026-07-13,3,seasonal_naive_7,6.42,45.9
2026-07-13,3,climatology,36.62877777777778,45.9
2026-07-13,3,gru,33.72454103743976,45.9
2026-07-14,1,naive,40.8,38.5
2026-07-14,1,naive_carry,40.8,38.5
2026-07-14,1,seasonal_naive_7,30.0,38.5
2026-07-14,1,climatology,37.04744444444445,38.5
2026-07-14,1,gru,44.010459814109396,38.5
2026-07-14,2,naive,40.8,45.9
2026-07-14,2,naive_carry,40.8,45.9
2026-07-14,2,seasonal_naive_7,6.42,45.9
2026-07-14,2,climatology,36.62877777777778,45.9
2026-07-14,2,gru,39.139598680262516,45.9
2026-07-14,3,naive,40.8,50.3
2026-07-14,3,naive_carry,40.8,50.3
2026-07-14,3,seasonal_naive_7,22.0,50.3
2026-07-14,3,climatology,36.02522222222222,50.3
2026-07-14,3,gru,35.27164377074198,50.3
2026-07-15,1,naive,38.5,45.9
2026-07-15,1,naive_carry,38.5,45.9
2026-07-15,1,seasonal_naive_7,6.42,45.9
2026-07-15,1,climatology,36.62877777777778,45.9
2026-07-15,1,gru,41.63904264782121,45.9
2026-07-15,2,naive,38.5,50.3
2026-07-15,2,naive_carry,38.5,50.3
2026-07-15,2,seasonal_naive_7,22.0,50.3
2026-07-15,2,climatology,36.02522222222222,50.3
2026-07-15,2,gru,37.73241572247032,50.3
2026-07-15,3,naive,38.5,46.0
2026-07-15,3,naive_carry,38.5,46.0
2026-07-15,3,seasonal_naive_7,43.5,46.0
2026-07-15,3,climatology,34.977888888888884,46.0
2026-07-15,3,gru,33.33179178727373,46.0
2026-07-16,1,naive,45.9,50.3
2026-07-16,1,naive_carry,45.9,50.3
2026-07-16,1,seasonal_naive_7,22.0,50.3
2026-07-16,1,climatology,36.02522222222222,50.3
2026-07-16,1,gru,48.773372100624016,50.3
2026-07-16,2,naive,45.9,46.0
2026-07-16,2,naive_carry,45.9,46.0
2026-07-16,2,seasonal_naive_7,43.5,46.0
2026-07-16,2,climatology,34.977888888888884,46.0
2026-07-16,2,gru,42.99534142439753,46.0
2026-07-16,3,naive,45.9,48.8
2026-07-16,3,naive_carry,45.9,48.8
2026-07-16,3,seasonal_naive_7,64.2,48.8
2026-07-16,3,climatology,34.239222222222224,48.8
2026-07-16,3,gru,39.49329371241783,48.8
2026-07-17,1,naive,50.3,46.0
2026-07-17,1,naive_carry,50.3,46.0
2026-07-17,1,seasonal_naive_7,43.5,46.0
2026-07-17,1,climatology,34.977888888888884,46.0
2026-07-17,1,gru,52.7428738745946,46.0
2026-07-17,2,naive,50.3,48.8
2026-07-17,2,naive_carry,50.3,48.8
2026-07-17,2,seasonal_naive_7,64.2,48.8
2026-07-17,2,climatology,34.239222222222224,48.8
2026-07-17,2,gru,46.824187038000886,48.8
2026-07-17,3,naive,50.3,43.3
2026-07-17,3,naive_carry,50.3,43.3
2026-07-17,3,seasonal_naive_7,39.0,43.3
2026-07-17,3,climatology,34.21588888888889,43.3
2026-07-17,3,gru,42.97390558193952,43.3
2026-07-18,1,naive,46.0,48.8
2026-07-18,1,naive_carry,46.0,48.8
2026-07-18,1,seasonal_naive_7,64.2,48.8
2026-07-18,1,climatology,34.239222222222224,48.8
2026-07-18,1,gru,48.414678177751945,48.8
2026-07-18,2,naive,46.0,43.3
2026-07-18,2,naive_carry,46.0,43.3
2026-07-18,2,seasonal_naive_7,39.0,43.3
2026-07-18,2,climatology,34.21588888888889,43.3
2026-07-18,2,gru,43.75188541850572,43.3
2026-07-18,3,naive,46.0,26.5
2026-07-18,3,naive_carry,46.0,26.5
2026-07-18,3,seasonal_naive_7,40.8,26.5
2026-07-18,3,climatology,34.794222222222224,26.5
2026-07-18,3,gru,39.28134895653891,26.5
2026-07-19,1,naive,48.8,43.3
2026-07-19,1,naive_carry,48.8,43.3
2026-07-19,1,seasonal_naive_7,39.0,43.3
2026-07-19,1,climatology,34.21588888888889,43.3
2026-07-19,1,gru,50.94523535873942,43.3
2026-07-19,2,naive,48.8,26.5
2026-07-19,2,naive_carry,48.8,26.5
2026-07-19,2,seasonal_naive_7,40.8,26.5
2026-07-19,2,climatology,34.794222222222224,26.5
2026-07-19,2,gru,45.39128930460076,26.5
2026-07-19,3,naive,48.8,21.9
2026-07-19,3,naive_carry,48.8,21.9
2026-07-19,3,seasonal_naive_7,38.5,21.9
2026-07-19,3,climatology,34.01811111111111,21.9
2026-07-19,3,gru,41.50268475140289,21.9
2026-07-20,1,naive,43.3,26.5
2026-07-20,1,naive_carry,43.3,26.5
2026-07-20,1,seasonal_naive_7,40.8,26.5
2026-07-20,1,climatology,34.794222222222224,26.5
2026-07-20,1,gru,45.56685875461989,26.5
2026-07-20,2,naive,43.3,21.9
2026-07-20,2,naive_carry,43.3,21.9
2026-07-20,2,seasonal_naive_7,38.5,21.9
2026-07-20,2,climatology,34.01811111111111,21.9
2026-07-20,2,gru,41.556884090348895,21.9
2026-07-20,3,naive,43.3,22.7
2026-07-20,3,naive_carry,43.3,22.7
2026-07-20,3,seasonal_naive_7,45.9,22.7
2026-07-20,3,climatology,39.56377777777778,22.7
2026-07-20,3,gru,36.90830726040733,22.7
2026-07-21,1,naive,26.5,21.9
2026-07-21,1,naive_carry,26.5,21.9
2026-07-21,1,seasonal_naive_7,38.5,21.9
2026-07-21,1,climatology,34.01811111111111,21.9
2026-07-21,1,gru,29.02941633046278,21.9
2026-07-21,2,naive,26.5,22.7
2026-07-21,2,naive_carry,26.5,22.7
2026-07-21,2,seasonal_naive_7,45.9,22.7
2026-07-21,2,climatology,39.56377777777778,22.7
2026-07-21,2,gru,27.479836837267914,22.7
2026-07-21,3,naive,26.5,28.6
2026-07-21,3,naive_carry,26.5,28.6
2026-07-21,3,seasonal_naive_7,50.3,28.6
2026-07-21,3,climatology,36.91544444444444,28.6
2026-07-21,3,gru,22.935519227989076,28.6
2026-07-22,1,naive,21.9,22.7
2026-07-22,1,naive_carry,21.9,22.7
2026-07-22,1,seasonal_naive_7,45.9,22.7
2026-07-22,1,climatology,39.56377777777778,22.7
2026-07-22,1,gru,24.50209864191457,22.7
2026-07-22,2,naive,21.9,28.6
2026-07-22,2,naive_carry,21.9,28.6
2026-07-22,2,seasonal_naive_7,50.3,28.6
2026-07-22,2,climatology,36.91544444444444,28.6
2026-07-22,2,gru,22.92289573719465,28.6
2026-07-22,3,naive,21.9,30.2
2026-07-22,3,naive_carry,21.9,30.2
2026-07-22,3,seasonal_naive_7,46.0,30.2
2026-07-22,3,climatology,36.85544444444445,30.2
2026-07-22,3,gru,19.167970671307337,30.2
2026-07-23,1,naive,22.7,28.6
2026-07-23,1,naive_carry,22.7,28.6
2026-07-23,1,seasonal_naive_7,50.3,28.6
2026-07-23,1,climatology,36.91544444444444,28.6
2026-07-23,1,gru,25.498079955431766,28.6
2026-07-23,2,naive,22.7,30.2
2026-07-23,2,naive_carry,22.7,30.2
2026-07-23,2,seasonal_naive_7,46.0,30.2
2026-07-23,2,climatology,36.85544444444445,30.2
2026-07-23,2,gru,23.562885543375575,30.2
2026-07-24,1,naive,28.6,30.2
2026-07-24,1,naive_carry,28.6,30.2
2026-07-24,1,seasonal_naive_7,46.0,30.2
2026-07-24,1,climatology,36.85544444444445,30.2
2026-07-24,1,gru,31.650601462061775,30.2
2026-07-24,3,naive,28.6,29.6
2026-07-24,3,naive_carry,28.6,29.6
2026-07-24,3,seasonal_naive_7,43.3,29.6
2026-07-24,3,climatology,37.358555555555554,29.6
2026-07-24,3,gru,25.192496409289173,29.6
2026-07-25,2,naive,30.2,29.6
2026-07-25,2,naive_carry,30.2,29.6
2026-07-25,2,seasonal_naive_7,43.3,29.6
2026-07-25,2,climatology,37.358555555555554,29.6
2026-07-25,2,gru,30.134677203005452,29.6
2026-07-25,3,naive,30.2,20.6
2026-07-25,3,naive_carry,30.2,20.6
2026-07-25,3,seasonal_naive_7,26.5,20.6
2026-07-25,3,climatology,38.23077777777778,20.6
2026-07-25,3,gru,26.621167353779914,20.6
2026-07-27,1,naive,29.6,20.6
2026-07-27,1,naive_carry,29.6,20.6
2026-07-27,1,seasonal_naive_7,26.5,20.6
2026-07-27,1,climatology,38.23077777777778,20.6
2026-07-27,1,gru,32.572515052113765,20.6
2026-07-27,2,naive,29.6,36.8
2026-07-27,2,naive_carry,29.6,36.8
2026-07-27,2,seasonal_naive_7,21.9,36.8
2026-07-27,2,climatology,38.338111111111104,36.8
2026-07-27,2,gru,29.784637729135383,36.8
2026-07-27,3,naive,29.6,40.4
2026-07-27,3,naive_carry,29.6,40.4
2026-07-27,3,seasonal_naive_7,22.7,40.4
2026-07-27,3,climatology,38.83877777777778,40.4
2026-07-27,3,gru,26.45103316196584,40.4
2026-07-28,1,naive,20.6,36.8
2026-07-28,1,naive_carry,20.6,36.8
2026-07-28,1,seasonal_naive_7,21.9,36.8
2026-07-28,1,climatology,38.338111111111104,36.8
2026-07-28,1,gru,23.225795494666762,36.8
2026-07-28,2,naive,20.6,40.4
2026-07-28,2,naive_carry,20.6,40.4
2026-07-28,2,seasonal_naive_7,22.7,40.4
2026-07-28,2,climatology,38.83877777777778,40.4
2026-07-28,2,gru,22.092743283286755,40.4
2026-07-28,3,naive,20.6,21.9
2026-07-28,3,naive_carry,20.6,21.9
2026-07-28,3,seasonal_naive_7,28.6,21.9
2026-07-28,3,climatology,38.80291111111111,21.9
2026-07-28,3,gru,18.417385053504393,21.9
2026-07-29,1,naive,36.8,40.4
2026-07-29,1,naive_carry,36.8,40.4
2026-07-29,1,seasonal_naive_7,22.7,40.4
2026-07-29,1,climatology,38.83877777777778,40.4
2026-07-29,1,gru,39.71466246734578,40.4
2026-07-29,2,naive,36.8,21.9
2026-07-29,2,naive_carry,36.8,21.9
2026-07-29,2,seasonal_naive_7,28.6,21.9
2026-07-29,2,climatology,38.80291111111111,21.9
2026-07-29,2,gru,34.1720461399662,21.9
2026-07-29,3,naive,36.8,38.6
2026-07-29,3,naive_carry,36.8,38.6
2026-07-29,3,seasonal_naive_7,30.2,38.6
2026-07-29,3,climatology,38.13091111111111,38.6
2026-07-29,3,gru,32.51519388318502,38.6
2026-07-30,1,naive,40.4,21.9
2026-07-30,1,naive_carry,40.4,21.9
2026-07-30,1,seasonal_naive_7,28.6,21.9
2026-07-30,1,climatology,38.80291111111111,21.9
2026-07-30,1,gru,42.9522115451247,21.9
2026-07-30,2,naive,40.4,38.6
2026-07-30,2,naive_carry,40.4,38.6
2026-07-30,2,seasonal_naive_7,30.2,38.6
2026-07-30,2,climatology,38.13091111111111,38.6
2026-07-30,2,gru,38.917906612763886,38.6
2026-07-31,1,naive,21.9,38.6
2026-07-31,1,naive_carry,21.9,38.6
2026-07-31,1,seasonal_naive_7,30.2,38.6
2026-07-31,1,climatology,38.13091111111111,38.6
2026-07-31,1,gru,24.394931554717616,38.6
2026-07-31,3,naive,21.9,26.9
2026-07-31,3,naive_carry,21.9,26.9
2026-07-31,3,seasonal_naive_7,29.6,26.9
2026-07-31,3,climatology,38.09557777777778,26.9
2026-07-31,3,gru,19.49286776217348,26.9
2026-08-01,2,naive,38.6,26.9
2026-08-01,2,naive_carry,38.6,26.9
2026-08-01,2,seasonal_naive_7,29.6,26.9
2026-08-01,2,climatology,38.09557777777778,26.9
2026-08-01,2,gru,35.58131159731143,26.9
2026-08-01,3,naive,38.6,17.7
2026-08-01,3,naive_carry,38.6,17.7
2026-08-01,3,seasonal_naive_7,20.6,17.7
2026-08-01,3,climatology,37.79224444444445,17.7
2026-08-01,3,gru,34.002709270318064,17.7
2026-08-02,1,naive,26.7,26.9
2026-08-02,1,naive_carry,26.7,26.9
2026-08-02,1,seasonal_naive_7,29.6,26.9
2026-08-02,1,climatology,38.09557777777778,26.9
2026-08-02,1,gru,29.354838832165296,26.9
2026-08-02,2,naive,26.7,17.7
2026-08-02,2,naive_carry,26.7,17.7
2026-08-02,2,seasonal_naive_7,20.6,17.7
2026-08-02,2,climatology,37.79224444444445,17.7
2026-08-02,2,gru,28.026874820353775,17.7
2026-08-02,3,naive,26.7,35.7
2026-08-02,3,naive_carry,26.7,35.7
2026-08-02,3,seasonal_naive_7,36.8,35.7
2026-08-02,3,climatology,36.36924444444445,35.7
2026-08-02,3,gru,23.720820888077334,35.7
2026-08-03,1,naive,26.9,17.7
2026-08-03,1,naive_carry,26.9,17.7
2026-08-03,1,seasonal_naive_7,20.6,17.7
2026-08-03,1,climatology,37.79224444444445,17.7
2026-08-03,1,gru,29.676379922393256,17.7
2026-08-03,2,naive,26.9,35.7
2026-08-03,2,naive_carry,26.9,35.7
2026-08-03,2,seasonal_naive_7,36.8,35.7
2026-08-03,2,climatology,36.36924444444445,35.7
2026-08-03,2,gru,27.141276882243186,35.7
2026-08-03,3,naive,26.9,26.1
2026-08-03,3,naive_carry,26.9,26.1
2026-08-03,3,seasonal_naive_7,40.4,26.1
2026-08-03,3,climatology,36.37491111111111,26.1
2026-08-03,3,gru,23.985804389848333,26.1
2026-08-04,1,naive,17.7,35.7
2026-08-04,1,naive_carry,17.7,35.7
2026-08-04,1,seasonal_naive_7,36.8,35.7
2026-08-04,1,climatology,36.36924444444445,35.7
2026-08-04,1,gru,20.19106592606356,35.7
2026-08-04,2,naive,17.7,26.1
2026-08-04,2,naive_carry,17.7,26.1
2026-08-04,2,seasonal_naive_7,40.4,26.1
2026-08-04,2,climatology,36.37491111111111,26.1
2026-08-04,2,gru,19.488672469013412,26.1
2026-08-04,3,naive,17.7,25.0
2026-08-04,3,naive_carry,17.7,25.0
2026-08-04,3,seasonal_naive_7,21.9,25.0
2026-08-04,3,climatology,30.364355555555555,25.0
2026-08-04,3,gru,15.976144378215455,25.0
2026-08-05,1,naive,35.7,26.1
2026-08-05,1,naive_carry,35.7,26.1
2026-08-05,1,seasonal_naive_7,40.4,26.1
2026-08-05,1,climatology,36.37491111111111,26.1
2026-08-05,1,gru,38.771923522016436,26.1
2026-08-05,2,naive,35.7,25.0
2026-08-05,2,naive_carry,35.7,25.0
2026-08-05,2,seasonal_naive_7,21.9,25.0
2026-08-05,2,climatology,30.364355555555555,25.0
2026-08-05,2,gru,33.09948469980685,25.0
2026-08-05,3,naive,35.7,30.6
2026-08-05,3,naive_carry,35.7,30.6
2026-08-05,3,seasonal_naive_7,38.6,30.6
2026-08-05,3,climatology,30.433244444444444,30.6
2026-08-05,3,gru,31.84136763050169,30.6
2026-08-06,1,naive,26.1,25.0
2026-08-06,1,naive_carry,26.1,25.0
2026-08-06,1,seasonal_naive_7,21.9,25.0
2026-08-06,1,climatology,30.364355555555555,25.0
2026-08-06,1,gru,28.94079941775257,25.0
2026-08-06,2,naive,26.1,30.6
2026-08-06,2,naive_carry,26.1,30.6
2026-08-06,2,seasonal_naive_7,38.6,30.6
2026-08-06,2,climatology,30.433244444444444,30.6
2026-08-06,2,gru,27.501849624347685,30.6
2026-08-06,3,naive,26.1,32.7
2026-08-06,3,naive_carry,26.1,32.7
2026-08-06,3,seasonal_naive_7,26.7,32.7
2026-08-06,3,climatology,30.21591111111111,32.7
2026-08-06,3,gru,23.44081274822253,32.7
2026-08-07,1,naive,25.0,30.6
2026-08-07,1,naive_carry,25.0,30.6
2026-08-07,1,seasonal_naive_7,38.6,30.6
2026-08-07,1,climatology,30.433244444444444,30.6
2026-08-07,1,gru,27.886116701719388,30.6
2026-08-07,2,naive,25.0,32.7
2026-08-07,2,naive_carry,25.0,32.7
2026-08-07,2,seasonal_naive_7,26.7,32.7
2026-08-07,2,climatology,30.21591111111111,32.7
2026-08-07,2,gru,25.62200985125609,32.7
2026-08-07,3,naive,25.0,35.9
2026-08-07,3,naive_carry,25.0,35.9
2026-08-07,3,seasonal_naive_7,26.9,35.9
2026-08-07,3,climatology,29.119111111111113,35.9
2026-08-07,3,gru,22.557580790649865,35.9
2026-08-08,1,naive,30.6,32.7
2026-08-08,1,naive_carry,30.6,32.7
2026-08-08,1,seasonal_naive_7,26.7,32.7
2026-08-08,1,climatology,30.21591111111111,32.7
2026-08-08,1,gru,33.5948433981098,32.7
2026-08-08,2,naive,30.6,35.9
2026-08-08,2,naive_carry,30.6,35.9
2026-08-08,2,seasonal_naive_7,26.9,35.9
2026-08-08,2,climatology,29.119111111111113,35.9
2026-08-08,2,gru,30.175981444234786,35.9
2026-08-08,3,naive,30.6,46.2
2026-08-08,3,naive_carry,30.6,46.2
2026-08-08,3,seasonal_naive_7,17.7,46.2
2026-08-08,3,climatology,28.145777777777777,46.2
2026-08-08,3,gru,27.57462318221177,46.2
2026-08-09,1,naive,32.7,35.9
2026-08-09,1,naive_carry,32.7,35.9
2026-08-09,1,seasonal_naive_7,26.9,35.9
2026-08-09,1,climatology,29.119111111111113,35.9
2026-08-09,1,gru,35.60860849716245,35.9
2026-08-09,2,naive,32.7,46.2
2026-08-09,2,naive_carry,32.7,46.2
2026-08-09,2,seasonal_naive_7,17.7,46.2
2026-08-09,2,climatology,28.145777777777777,46.2
2026-08-09,2,gru,32.166739559337586,46.2
2026-08-09,3,naive,32.7,47.9
2026-08-09,3,naive_carry,32.7,47.9
2026-08-09,3,seasonal_naive_7,35.7,47.9
2026-08-09,3,climatology,27.35177777777778,47.9
2026-08-09,3,gru,29.404487536859584,47.9
2026-08-10,1,naive,35.9,46.2
2026-08-10,1,naive_carry,35.9,46.2
2026-08-10,1,seasonal_naive_7,17.7,46.2
2026-08-10,1,climatology,28.145777777777777,46.2
2026-08-10,1,gru,38.69331066360507,46.2
2026-08-10,2,naive,35.9,47.9
2026-08-10,2,naive_carry,35.9,47.9
2026-08-10,2,seasonal_naive_7,35.7,47.9
2026-08-10,2,climatology,27.35177777777778,47.9
2026-08-10,2,gru,34.61975617293503,47.9
2026-08-10,3,naive,35.9,32.7
2026-08-10,3,naive_carry,35.9,32.7
2026-08-10,3,seasonal_naive_7,26.1,32.7
2026-08-10,3,climatology,27.96977777777778,32.7
2026-08-10,3,gru,32.14858844733871,32.7
2026-08-11,1,naive,46.2,47.9
2026-08-11,1,naive_carry,46.2,47.9
2026-08-11,1,seasonal_naive_7,35.7,47.9
2026-08-11,1,climatology,27.35177777777778,47.9
2026-08-11,1,gru,48.4656145983364,47.9
2026-08-11,2,naive,46.2,32.7
2026-08-11,2,naive_carry,46.2,32.7
2026-08-11,2,seasonal_naive_7,26.1,32.7
2026-08-11,2,climatology,27.96977777777778,32.7
2026-08-11,2,gru,42.44546670575034,32.7
2026-08-11,3,naive,46.2,31.2
2026-08-11,3,naive_carry,46.2,31.2
2026-08-11,3,seasonal_naive_7,25.0,31.2
2026-08-11,3,climatology,27.223111111111113,31.2
2026-08-11,3,gru,40.841880072483086,31.2
2026-08-12,1,naive,47.9,32.7
2026-08-12,1,naive_carry,47.9,32.7
2026-08-12,1,seasonal_naive_7,26.1,32.7
2026-08-12,1,climatology,27.96977777777778,32.7
2026-08-12,1,gru,49.767281123136854,32.7
2026-08-12,2,naive,47.9,31.2
2026-08-12,2,naive_carry,47.9,31.2
2026-08-12,2,seasonal_naive_7,25.0,31.2
2026-08-12,2,climatology,27.223111111111113,31.2
2026-08-12,2,gru,44.607968590887786,31.2
2026-08-12,3,naive,47.9,40.4
2026-08-12,3,naive_carry,47.9,40.4
2026-08-12,3,seasonal_naive_7,30.6,40.4
2026-08-12,3,climatology,27.22664444444445,40.4
2026-08-12,3,gru,41.99055706376822,40.4
2026-08-13,1,naive,32.7,31.2
2026-08-13,1,naive_carry,32.7,31.2
2026-08-13,1,seasonal_naive_7,25.0,31.2
2026-08-13,1,climatology,27.223111111111113,31.2
2026-08-13,1,gru,35.066934187505616,31.2
2026-08-13,2,naive,32.7,40.4
2026-08-13,2,naive_carry,32.7,40.4
2026-08-13,2,seasonal_naive_7,30.6,40.4
2026-08-13,2,climatology,27.22664444444445,40.4
2026-08-13,2,gru,33.09036400733084,40.4
2026-08-13,3,naive,32.7,27.0
2026-08-13,3,naive_carry,32.7,27.0
2026-08-13,3,seasonal_naive_7,32.7,27.0
2026-08-13,3,climatology,27.79108888888889,27.0
2026-08-13,3,gru,28.965541155575316,27.0
2026-08-14,1,naive,31.2,40.4
2026-08-14,1,naive_carry,31.2,40.4
2026-08-14,1,seasonal_naive_7,30.6,40.4
2026-08-14,1,climatology,27.22664444444445,40.4
2026-08-14,1,gru,33.75610255215905,40.4
2026-08-14,2,naive,31.2,27.0
2026-08-14,2,naive_carry,31.2,27.0
2026-08-14,2,seasonal_naive_7,32.7,27.0
2026-08-14,2,climatology,27.79108888888889,27.0
2026-08-14,2,gru,30.887429042575295,27.0
2026-08-14,3,naive,31.2,26.7
2026-08-14,3,naive_carry,31.2,26.7
2026-08-14,3,seasonal_naive_7,35.9,26.7
2026-08-14,3,climatology,28.588866666666668,26.7
2026-08-14,3,gru,27.783112097589182,26.7
2026-08-15,1,naive,40.4,27.0
2026-08-15,1,naive_carry,40.4,27.0
2026-08-15,1,seasonal_naive_7,32.7,27.0
2026-08-15,1,climatology,27.79108888888889,27.0
2026-08-15,1,gru,42.8394890462529,27.0
2026-08-15,2,naive,40.4,26.7
2026-08-15,2,naive_carry,40.4,26.7
2026-08-15,2,seasonal_naive_7,35.9,26.7
2026-08-15,2,climatology,28.588866666666668,26.7
2026-08-15,2,gru,37.85673979818169,26.7
2026-08-15,3,naive,40.4,29.8
2026-08-15,3,naive_carry,40.4,29.8
2026-08-15,3,seasonal_naive_7,46.2,29.8
2026-08-15,3,climatology,28.7892,29.8
2026-08-15,3,gru,35.74092414104406,29.8
2026-08-16,1,naive,27.0,26.7
2026-08-16,1,naive_carry,27.0,26.7
2026-08-16,1,seasonal_naive_7,35.9,26.7
2026-08-16,1,climatology,28.588866666666668,26.7
2026-08-16,1,gru,29.574437829624692,26.7
2026-08-16,2,naive,27.0,29.8
2026-08-16,2,naive_carry,27.0,29.8
2026-08-16,2,seasonal_naive_7,46.2,29.8
2026-08-16,2,climatology,28.7892,29.8
2026-08-16,2,gru,28.223366165516016,29.8
2026-08-16,3,naive,27.0,33.2
2026-08-16,3,naive_carry,27.0,33.2
2026-08-16,3,seasonal_naive_7,47.9,33.2
2026-08-16,3,climatology,31.350311111111115,33.2
2026-08-16,3,gru,24.18969853500666,33.2
2026-08-17,1,naive,26.7,29.8
2026-08-17,1,naive_carry,26.7,29.8
2026-08-17,1,seasonal_naive_7,46.2,29.8
2026-08-17,1,climatology,28.7892,29.8
2026-08-17,1,gru,29.473366670141743,29.8
2026-08-17,2,naive,26.7,33.2
2026-08-17,2,naive_carry,26.7,33.2
2026-08-17,2,seasonal_naive_7,47.9,33.2
2026-08-17,2,climatology,31.350311111111115,33.2
2026-08-17,2,gru,26.944099034802974,33.2
2026-08-17,3,naive,26.7,37.1
2026-08-17,3,naive_carry,26.7,37.1
2026-08-17,3,seasonal_naive_7,32.7,37.1
2026-08-17,3,climatology,32.138311111111115,37.1
2026-08-17,3,gru,24.08156037856494,37.1
2026-08-18,1,naive,29.8,33.2
2026-08-18,1,naive_carry,29.8,33.2
2026-08-18,1,seasonal_naive_7,47.9,33.2
2026-08-18,1,climatology,31.350311111111115,33.2
2026-08-18,1,gru,32.73543275064736,33.2
2026-08-18,2,naive,29.8,37.1
2026-08-18,2,naive_carry,29.8,37.1
2026-08-18,2,seasonal_naive_7,32.7,37.1
2026-08-18,2,climatology,32.138311111111115,37.1
2026-08-18,2,gru,29.643821884062195,37.1
2026-08-18,3,naive,29.8,28.1
2026-08-18,3,naive_carry,29.8,28.1
2026-08-18,3,seasonal_naive_7,31.2,28.1
2026-08-18,3,climatology,32.644977777777775,28.1
2026-08-18,3,gru,26.927946482263874,28.1
2026-08-19,1,naive,33.2,37.1
2026-08-19,1,naive_carry,33.2,37.1
2026-08-19,1,seasonal_naive_7,32.7,37.1
2026-08-19,1,climatology,32.138311111111115,37.1
2026-08-19,1,gru,36.16666423337966,37.1
2026-08-19,2,naive,33.2,28.1
2026-08-19,2,naive_carry,33.2,28.1
2026-08-19,2,seasonal_naive_7,31.2,28.1
2026-08-19,2,climatology,32.644977777777775,28.1
2026-08-19,2,gru,32.44061983082548,28.1
2026-08-19,3,naive,33.2,29.0
2026-08-19,3,naive_carry,33.2,29.0
2026-08-19,3,seasonal_naive_7,40.4,29.0
2026-08-19,3,climatology,33.0792,29.0
2026-08-19,3,gru,29.98023338325689,29.0
2026-08-20,1,naive,37.1,28.1
2026-08-20,1,naive_carry,37.1,28.1
2026-08-20,1,seasonal_naive_7,31.2,28.1
2026-08-20,1,climatology,32.644977777777775,28.1
2026-08-20,1,gru,39.97172143560972,28.1
2026-08-20,2,naive,37.1,29.0
2026-08-20,2,naive_carry,37.1,29.0
2026-08-20,2,seasonal_naive_7,40.4,29.0
2026-08-20,2,climatology,33.0792,29.0
2026-08-20,2,gru,35.61943162861558,29.0
2026-08-20,3,naive,37.1,33.5
2026-08-20,3,naive_carry,37.1,33.5
2026-08-20,3,seasonal_naive_7,27.0,33.5
2026-08-20,3,climatology,34.56197777777778,33.5
2026-08-20,3,gru,33.407779207926986,33.5
2026-08-21,1,naive,28.1,29.0
2026-08-21,1,naive_carry,28.1,29.0
2026-08-21,1,seasonal_naive_7,40.4,29.0
2026-08-21,1,climatology,33.0792,29.0
2026-08-21,1,gru,30.927208286556837,29.0
2026-08-21,2,naive,28.1,33.5
2026-08-21,2,naive_carry,28.1,33.5
2026-08-21,2,seasonal_naive_7,27.0,33.5
2026-08-21,2,climatology,34.56197777777778,33.5
2026-08-21,2,gru,28.912790611180288,33.5
2026-08-21,3,naive,28.1,42.0
2026-08-21,3,naive_carry,28.1,42.0
2026-08-21,3,seasonal_naive_7,26.7,42.0
2026-08-21,3,climatology,35.202644444444445,42.0
2026-08-21,3,gru,25.552322289027313,42.0
2026-08-22,1,naive,29.0,33.5
2026-08-22,1,naive_carry,29.0,33.5
2026-08-22,1,seasonal_naive_7,27.0,33.5
2026-08-22,1,climatology,34.56197777777778,33.5
2026-08-22,1,gru,31.975430408690016,33.5
2026-08-22,2,naive,29.0,42.0
2026-08-22,2,naive_carry,29.0,42.0
2026-08-22,2,seasonal_naive_7,26.7,42.0
2026-08-22,2,climatology,35.202644444444445,42.0
2026-08-22,2,gru,28.860653349742467,42.0
2026-08-22,3,naive,29.0,37.0
2026-08-22,3,naive_carry,29.0,37.0
2026-08-22,3,seasonal_naive_7,29.8,37.0
2026-08-22,3,climatology,37.30531111111111,37.0
2026-08-22,3,gru,26.488642981151667,37.0
2026-08-23,1,naive,33.5,42.0
2026-08-23,1,naive_carry,33.5,42.0
2026-08-23,1,seasonal_naive_7,26.7,42.0
2026-08-23,1,climatology,35.202644444444445,42.0
2026-08-23,1,gru,36.56489150362136,42.0
2026-08-23,2,naive,33.5,37.0
2026-08-23,2,naive_carry,33.5,37.0
2026-08-23,2,seasonal_naive_7,29.8,37.0
2026-08-23,2,climatology,37.30531111111111,37.0
2026-08-23,2,gru,32.59606235999353,37.0
2026-08-23,3,naive,33.5,50.3
2026-08-23,3,naive_carry,33.5,50.3
2026-08-23,3,seasonal_naive_7,33.2,50.3
2026-08-23,3,climatology,37.47253333333333,50.3
2026-08-23,3,gru,30.57951643064772,50.3
2026-08-24,1,naive,42.0,37.0
2026-08-24,1,naive_carry,42.0,37.0
2026-08-24,1,seasonal_naive_7,29.8,37.0
2026-08-24,1,climatology,37.30531111111111,37.0
2026-08-24,1,gru,44.91834007902167,37.0
2026-08-24,2,naive,42.0,50.3
2026-08-24,2,naive_carry,42.0,50.3
2026-08-24,2,seasonal_naive_7,33.2,50.3
2026-08-24,2,climatology,37.47253333333333,50.3
2026-08-24,2,gru,39.1262274121666,50.3
2026-08-24,3,naive,42.0,50.7
2026-08-24,3,naive_carry,42.0,50.7
2026-08-24,3,seasonal_naive_7,37.1,50.7
2026-08-24,3,climatology,46.15253333333333,50.7
2026-08-24,3,gru,38.08464554280712,50.7
