model,horizon,threshold,hit_rate,false_alarm_rate,precision,csi,peirce,alarms_per_year,arm
arima_fourier,1,20.0,1.0,0.9579288025889967,0.28846153846153844,0.28846153846153844,0.04207119741100329,354.18181818181813,forecast then threshold
arima_fourier,1,22.5,1.0,0.9271844660194175,0.2952029520295203,0.2952029520295203,0.07281553398058249,346.09353146853147,forecast then threshold
arima_fourier,1,25.0,1.0,0.8818770226537217,0.3057324840764331,0.3057324840764331,0.1181229773462783,334.17395104895104,forecast then threshold
arima_fourier,1,27.5,1.0,0.8276699029126213,0.3193612774451098,0.3193612774451098,0.17233009708737868,319.9130244755244,forecast then threshold
arima_fourier,1,30.0,1.0,0.7847896440129449,0.3310344827586207,0.3310344827586207,0.21521035598705507,308.63199300699296,forecast then threshold
arima_fourier,1,32.5,1.0,0.7297734627831716,0.3473227206946454,0.3473227206946454,0.27022653721682843,294.15821678321674,forecast then threshold
arima_fourier,1,35.0,1.0,0.6820388349514563,0.36281179138321995,0.36281179138321995,0.31796116504854366,281.6000874125874,forecast then threshold
arima_fourier,1,37.5,1.0,0.6432038834951457,0.3764705882352941,0.3764705882352941,0.3567961165048543,271.38330419580416,forecast then threshold
arima_fourier,1,40.0,1.0,0.6116504854368932,0.3883495145631068,0.3883495145631068,0.38834951456310685,263.08216783216784,forecast then threshold
arima_fourier,1,42.5,0.9979166666666667,0.5800970873786407,0.4005016722408027,0.40016708437761067,0.41781957928802593,254.5681818181818,forecast then threshold
arima_fourier,1,45.0,0.9979166666666667,0.5574433656957929,0.4101027397260274,0.40975192472198463,0.4404733009708738,248.6083916083916,forecast then threshold
arima_fourier,1,47.5,0.9979166666666667,0.5315533980582524,0.4216549295774648,0.4212840809146878,0.46636326860841426,241.79720279720277,forecast then threshold
arima_fourier,1,50.0,0.9979166666666667,0.511326860841424,0.43114311431143115,0.4307553956834532,0.4865898058252427,236.47596153846152,forecast then threshold
arima_fourier,1,52.5,0.9979166666666667,0.49029126213592233,0.4414746543778802,0.44106813996316757,0.5076254045307443,230.9418706293706,forecast then threshold
arima_fourier,1,55.0,0.9979166666666667,0.4587378640776699,0.45793499043977054,0.4574976122254059,0.5391788025889968,222.64073426573424,forecast then threshold
arima_fourier,1,57.5,0.9979166666666667,0.42637540453074435,0.4761431411530815,0.4756703078450844,0.5715412621359224,214.12674825174824,forecast then threshold
arima_fourier,1,60.0,0.9979166666666667,0.39805825242718446,0.4933058702368692,0.492798353909465,0.5998584142394823,206.67701048951048,forecast then threshold
arima_fourier,1,62.5,0.9979166666666667,0.3762135922330097,0.5074152542372882,0.5068783068783069,0.6217030744336569,200.93006993006992,forecast then threshold
arima_fourier,1,65.0,0.9958333333333333,0.3422330097087379,0.5305216426193119,0.5293466223698782,0.6536003236245955,191.77753496503496,forecast then threshold
arima_fourier,1,67.5,0.9958333333333333,0.3163430420711974,0.5500575373993095,0.5487944890929966,0.6794902912621359,184.96634615384613,forecast then threshold
arima_fourier,1,70.0,0.99375,0.28802588996763756,0.5726290516206483,0.5705741626794258,0.7057241100323625,177.30375874125872,forecast then threshold
arima_fourier,1,72.5,0.9895833333333334,0.2621359223300971,0.5944931163954944,0.5907960199004975,0.7274474110032363,170.0668706293706,forecast then threshold
arima_fourier,1,75.0,0.9875,0.2354368932038835,0.6196078431372549,0.6147859922178989,0.7520631067961165,162.8299825174825,forecast then threshold
arima_fourier,1,77.5,0.9875,0.21440129449838188,0.6414073071718539,0.636241610738255,0.7730987055016182,157.2958916083916,forecast then threshold
arima_fourier,1,80.0,0.9854166666666667,0.19498381877022652,0.6624649859943977,0.6560332871012483,0.7904328478964402,151.97465034965035,forecast then threshold
arima_fourier,1,82.5,0.9833333333333333,0.17718446601941748,0.683068017366136,0.6752503576537912,0.8061488673139158,147.07910839160837,forecast then threshold
arima_fourier,1,85.0,0.9833333333333333,0.156957928802589,0.7087087087087087,0.7002967359050445,0.8263754045307443,141.75786713286712,forecast then threshold
arima_fourier,1,87.5,0.9833333333333333,0.14401294498381878,0.7261538461538461,0.7173252279635258,0.8393203883495145,138.35227272727272,forecast then threshold
arima_fourier,1,90.0,0.9770833333333333,0.13106796116504854,0.7432646592709984,0.7305295950155763,0.8460153721682848,134.30812937062936,forecast then threshold
arima_fourier,1,92.5,0.975,0.12216828478964402,0.7560581583198708,0.7416798732171157,0.852831715210356,131.75393356643355,forecast then threshold
arima_fourier,1,95.0,0.975,0.11245954692556634,0.771004942339374,0.7560581583198708,0.8625404530744336,129.19973776223776,forecast then threshold
arima_fourier,1,97.5,0.9666666666666667,0.1076051779935275,0.7772194304857621,0.7569331158238173,0.8590614886731391,127.07124125874125,forecast then threshold
arima_fourier,1,100.0,0.9666666666666667,0.09951456310679611,0.7904599659284497,0.7694859038142621,0.8671521035598706,124.94274475524475,forecast then threshold
arima_fourier,1,102.5,0.9583333333333334,0.09304207119741101,0.8,0.773109243697479,0.8652912621359223,122.38854895104895,forecast then threshold
arima_fourier,1,105.0,0.9541666666666667,0.08576051779935275,0.8120567375886525,0.7815699658703071,0.8684061488673139,120.04720279720279,forecast then threshold
arima_fourier,1,107.5,0.9479166666666666,0.08171521035598706,0.8183453237410072,0.7831325301204819,0.8662014563106796,118.34440559440559,forecast then threshold
arima_fourier,1,110.0,0.9416666666666667,0.0784789644012945,0.8233151183970856,0.7833622183708839,0.8631877022653721,116.85445804195804,forecast then threshold
arima_fourier,1,112.5,0.9291666666666667,0.06957928802588997,0.8383458646616542,0.7879858657243817,0.8595873786407767,113.23601398601397,forecast then threshold
arima_fourier,1,115.0,0.925,0.063915857605178,0.8489483747609943,0.7942754919499105,0.861084142394822,111.32036713286712,forecast then threshold
arima_fourier,1,117.5,0.9208333333333333,0.05744336569579288,0.8615984405458089,0.8021778584392014,0.8633899676375404,109.19187062937063,forecast then threshold
arima_fourier,1,120.0,0.9125,0.054207119741100325,0.8673267326732673,0.8007312614259597,0.8582928802588996,107.48907342657341,forecast then threshold
arima_fourier,1,122.5,0.9,0.05177993527508091,0.8709677419354839,0.7941176470588235,0.8482200647249191,105.57342657342656,forecast then threshold
arima_fourier,1,125.0,0.8875,0.04449838187702265,0.8856548856548857,0.7962616822429907,0.8430016181229774,102.38068181818181,forecast then threshold
arima_fourier,1,127.5,0.875,0.042071197411003236,0.8898305084745762,0.7894736842105263,0.8329288025889967,100.46503496503496,forecast then threshold
arima_fourier,1,130.0,0.8666666666666667,0.038834951456310676,0.896551724137931,0.7878787878787878,0.827831715210356,98.76223776223776,forecast then threshold
arima_fourier,1,132.5,0.8520833333333333,0.03802588996763754,0.8969298245614035,0.7760910815939279,0.8140574433656957,97.05944055944055,forecast then threshold
arima_fourier,1,135.0,0.8354166666666667,0.03478964401294499,0.9031531531531531,0.7667304015296367,0.8006270226537218,94.50524475524475,forecast then threshold
arima_fourier,1,137.5,0.825,0.03155339805825243,0.9103448275862069,0.7630057803468208,0.7934466019417475,92.58959790209789,forecast then threshold
arima_fourier,1,140.0,0.8104166666666667,0.02831715210355987,0.9174528301886793,0.7553398058252427,0.7820995145631068,90.24825174825175,forecast then threshold
arima_fourier,1,142.5,0.80625,0.02669902912621359,0.9214285714285714,0.7543859649122807,0.7795509708737864,89.39685314685315,forecast then threshold
arima_fourier,1,145.0,0.7916666666666666,0.022653721682847898,0.9313725490196079,0.7480314960629921,0.7690129449838188,86.84265734265733,forecast then threshold
arima_fourier,1,147.5,0.7729166666666667,0.020226537216828478,0.9368686868686869,0.7346534653465346,0.7526901294498383,84.28846153846153,forecast then threshold
arima_fourier,1,150.0,0.7604166666666666,0.019417475728155338,0.9383033419023136,0.7242063492063492,0.7409991909385113,82.79851398601399,forecast then threshold
arima_fourier,1,152.5,0.7479166666666667,0.01699029126213592,0.9447368421052632,0.716566866267465,0.7309263754045308,80.88286713286713,forecast then threshold
arima_fourier,1,155.0,0.7270833333333333,0.016181229773462782,0.94579945799458,0.698,0.7109021035598705,78.54152097902097,forecast then threshold
arima_fourier,1,157.5,0.7041666666666667,0.015372168284789644,0.9467787114845938,0.6773547094188377,0.6887944983818771,75.98732517482517,forecast then threshold
arima_fourier,1,160.0,0.6833333333333333,0.012944983818770227,0.9534883720930233,0.6612903225806451,0.6703883495145632,73.22027972027972,forecast then threshold
arima_fourier,1,162.5,0.6541666666666667,0.008090614886731391,0.9691358024691358,0.6408163265306123,0.6460760517799353,68.9632867132867,forecast then threshold
arima_fourier,1,165.0,0.6291666666666667,0.008090614886731391,0.967948717948718,0.6163265306122448,0.6210760517799353,66.4090909090909,forecast then threshold
arima_fourier,1,167.5,0.5895833333333333,0.007281553398058253,0.9691780821917808,0.5787321063394683,0.5823017799352751,62.1520979020979,forecast then threshold
arima_fourier,1,170.0,0.5666666666666667,0.006472491909385114,0.9714285714285714,0.5573770491803278,0.5601941747572815,59.59790209790209,forecast then threshold
arima_fourier,1,172.5,0.55,0.0056634304207119745,0.974169741697417,0.5420944558521561,0.5443365695792881,57.68225524475524,forecast then threshold
arima_fourier,1,175.0,0.5208333333333334,0.0056634304207119745,0.9727626459143969,0.5133470225872689,0.5151699029126214,54.70236013986013,forecast then threshold
arima_fourier,1,177.5,0.5041666666666667,0.0056634304207119745,0.9718875502008032,0.49691991786447637,0.49850323624595466,52.99956293706293,forecast then threshold
arima_fourier,1,180.0,0.49166666666666664,0.0056634304207119745,0.9711934156378601,0.48459958932238195,0.48600323624595465,51.72246503496503,forecast then threshold
arima_fourier,1,182.5,0.4625,0.0056634304207119745,0.9694323144104804,0.45585215605749485,0.45683656957928803,48.742569930069926,forecast then threshold
arima_fourier,1,185.0,0.44375,0.0056634304207119745,0.9681818181818181,0.43737166324435317,0.438086569579288,46.82692307692307,forecast then threshold
arima_fourier,1,187.5,0.4270833333333333,0.0048543689320388345,0.9715639810426541,0.4218106995884774,0.4222289644012945,44.91127622377622,forecast then threshold
arima_fourier,1,190.0,0.39791666666666664,0.0048543689320388345,0.9695431472081218,0.39300411522633744,0.3930622977346278,41.93138111888111,forecast then threshold
arima_fourier,1,192.5,0.3854166666666667,0.0048543689320388345,0.9685863874345549,0.38065843621399176,0.38056229773462785,40.65428321678321,forecast then threshold
arima_fourier,1,195.0,0.35833333333333334,0.0048543689320388345,0.9662921348314607,0.35390946502057613,0.3534789644012945,37.88723776223776,forecast then threshold
arima_fourier,1,197.5,0.3333333333333333,0.0040453074433656954,0.9696969696969697,0.32989690721649484,0.32928802588996764,35.12019230769231,forecast then threshold
arima_fourier,1,200.0,0.325,0.003236245954692557,0.975,0.32231404958677684,0.32176375404530744,34.05594405594405,forecast then threshold
arima_fourier,1,202.5,0.31666666666666665,0.003236245954692557,0.9743589743589743,0.3140495867768595,0.3134304207119741,33.20454545454545,forecast then threshold
arima_fourier,1,205.0,0.29583333333333334,0.003236245954692557,0.9726027397260274,0.29338842975206614,0.29259708737864076,31.07604895104895,forecast then threshold
arima_fourier,1,207.5,0.27708333333333335,0.003236245954692557,0.9708029197080292,0.27479338842975204,0.2738470873786408,29.160402097902097,forecast then threshold
arima_fourier,1,210.0,0.2625,0.0024271844660194173,0.9767441860465116,0.2608695652173913,0.2600728155339806,27.457604895104893,forecast then threshold
arima_fourier,1,212.5,0.25416666666666665,0.0024271844660194173,0.976,0.2525879917184265,0.25173948220064724,26.606206293706293,forecast then threshold
arima_fourier,1,215.0,0.23958333333333334,0.0024271844660194173,0.9745762711864406,0.23809523809523808,0.23715614886731393,25.11625874125874,forecast then threshold
arima_fourier,1,217.5,0.22708333333333333,0.0024271844660194173,0.9732142857142857,0.22567287784679088,0.22465614886731392,23.839160839160837,forecast then threshold
arima_fourier,1,220.0,0.21041666666666667,0.0016181229773462784,0.9805825242718447,0.2095435684647303,0.20879854368932038,21.923513986013983,forecast then threshold
arima_fourier,1,222.5,0.19583333333333333,0.0016181229773462784,0.9791666666666666,0.1950207468879668,0.19421521035598704,20.433566433566433,forecast then threshold
arima_fourier,1,225.0,0.17291666666666666,0.0016181229773462784,0.9764705882352941,0.17219917012448133,0.17129854368932038,18.09222027972028,forecast then threshold
arima_fourier,1,227.5,0.15833333333333333,0.0016181229773462784,0.9743589743589743,0.15767634854771784,0.15671521035598704,16.602272727272727,forecast then threshold
arima_fourier,1,230.0,0.14791666666666667,0.0016181229773462784,0.9726027397260274,0.14730290456431536,0.14629854368932038,15.538024475524475,forecast then threshold
arima_fourier,1,232.5,0.12083333333333333,0.0016181229773462784,0.9666666666666667,0.12033195020746888,0.11921521035598706,12.77097902097902,forecast then threshold
arima_fourier,1,235.0,0.1,0.0016181229773462784,0.96,0.0995850622406639,0.09838187702265373,10.642482517482517,forecast then threshold
arima_fourier,1,237.5,0.0875,0.0008090614886731392,0.9767441860465116,0.08731808731808732,0.08669093851132685,9.152534965034965,forecast then threshold
arima_fourier,1,240.0,0.08125,0.0,1.0,0.08125,0.08125,8.301136363636363,forecast then threshold
arima_fourier,1,242.5,0.07708333333333334,0.0,1.0,0.07708333333333334,0.07708333333333334,7.8754370629370625,forecast then threshold
arima_fourier,1,245.0,0.075,0.0,1.0,0.075,0.075,7.662587412587412,forecast then threshold
arima_fourier,1,247.5,0.06458333333333334,0.0,1.0,0.06458333333333334,0.06458333333333334,6.59833916083916,forecast then threshold
arima_fourier,1,250.0,0.058333333333333334,0.0,1.0,0.058333333333333334,0.058333333333333334,5.959790209790209,forecast then threshold
arima_fourier,1,252.5,0.05625,0.0,1.0,0.05625,0.05625,5.746940559440559,forecast then threshold
arima_fourier,1,255.0,0.05,0.0,1.0,0.05,0.05,5.108391608391608,forecast then threshold
arima_fourier,1,257.5,0.04583333333333333,0.0,1.0,0.04583333333333333,0.04583333333333333,4.6826923076923075,forecast then threshold
arima_fourier,1,260.0,0.041666666666666664,0.0,1.0,0.041666666666666664,0.041666666666666664,4.256993006993007,forecast then threshold
arima_fourier,1,262.5,0.041666666666666664,0.0,1.0,0.041666666666666664,0.041666666666666664,4.256993006993007,forecast then threshold
arima_fourier,1,265.0,0.035416666666666666,0.0,1.0,0.035416666666666666,0.035416666666666666,3.618444055944056,forecast then threshold
arima_fourier,1,267.5,0.029166666666666667,0.0,1.0,0.029166666666666667,0.029166666666666667,2.9798951048951046,forecast then threshold
arima_fourier,1,270.0,0.025,0.0,1.0,0.025,0.025,2.554195804195804,forecast then threshold
arima_fourier,1,272.5,0.022916666666666665,0.0,1.0,0.022916666666666665,0.022916666666666665,2.3413461538461537,forecast then threshold
arima_fourier,1,275.0,0.01875,0.0,1.0,0.01875,0.01875,1.915646853146853,forecast then threshold
arima_fourier,1,277.5,0.01875,0.0,1.0,0.01875,0.01875,1.915646853146853,forecast then threshold
arima_fourier,1,280.0,0.016666666666666666,0.0,1.0,0.016666666666666666,0.016666666666666666,1.7027972027972027,forecast then threshold
arima_fourier,1,282.5,0.014583333333333334,0.0,1.0,0.014583333333333334,0.014583333333333334,1.4899475524475523,forecast then threshold
arima_fourier,1,285.0,0.014583333333333334,0.0,1.0,0.014583333333333334,0.014583333333333334,1.4899475524475523,forecast then threshold
arima_fourier,1,287.5,0.008333333333333333,0.0,1.0,0.008333333333333333,0.008333333333333333,0.8513986013986014,forecast then threshold
arima_fourier,1,290.0,0.008333333333333333,0.0,1.0,0.008333333333333333,0.008333333333333333,0.8513986013986014,forecast then threshold
arima_fourier,1,292.5,0.008333333333333333,0.0,1.0,0.008333333333333333,0.008333333333333333,0.8513986013986014,forecast then threshold
arima_fourier,1,295.0,0.00625,0.0,1.0,0.00625,0.00625,0.638548951048951,forecast then threshold
arima_fourier,1,297.5,0.00625,0.0,1.0,0.00625,0.00625,0.638548951048951,forecast then threshold
arima_fourier,1,300.0,0.00625,0.0,1.0,0.00625,0.00625,0.638548951048951,forecast then threshold
arima_fourier,1,302.5,0.00625,0.0,1.0,0.00625,0.00625,0.638548951048951,forecast then threshold
arima_fourier,1,305.0,0.00625,0.0,1.0,0.00625,0.00625,0.638548951048951,forecast then threshold
arima_fourier,1,307.5,0.00625,0.0,1.0,0.00625,0.00625,0.638548951048951,forecast then threshold
arima_fourier,1,310.0,0.00625,0.0,1.0,0.00625,0.00625,0.638548951048951,forecast then threshold
arima_fourier,1,312.5,0.00625,0.0,1.0,0.00625,0.00625,0.638548951048951,forecast then threshold
arima_fourier,1,315.0,0.004166666666666667,0.0,1.0,0.004166666666666667,0.004166666666666667,0.4256993006993007,forecast then threshold
arima_fourier,1,317.5,0.004166666666666667,0.0,1.0,0.004166666666666667,0.004166666666666667,0.4256993006993007,forecast then threshold
arima_fourier,1,320.0,0.004166666666666667,0.0,1.0,0.004166666666666667,0.004166666666666667,0.4256993006993007,forecast then threshold
arima_fourier,1,322.5,0.0020833333333333333,0.0,1.0,0.0020833333333333333,0.0020833333333333333,0.21284965034965034,forecast then threshold
arima_fourier,1,325.0,0.0020833333333333333,0.0,1.0,0.0020833333333333333,0.0020833333333333333,0.21284965034965034,forecast then threshold
arima_fourier,1,327.5,0.0020833333333333333,0.0,1.0,0.0020833333333333333,0.0020833333333333333,0.21284965034965034,forecast then threshold
arima_fourier,1,330.0,0.0020833333333333333,0.0,1.0,0.0020833333333333333,0.0020833333333333333,0.21284965034965034,forecast then threshold
arima_fourier,1,332.5,0.0020833333333333333,0.0,1.0,0.0020833333333333333,0.0020833333333333333,0.21284965034965034,forecast then threshold
arima_fourier,1,335.0,0.0020833333333333333,0.0,1.0,0.0020833333333333333,0.0020833333333333333,0.21284965034965034,forecast then threshold
arima_fourier,1,337.5,0.0020833333333333333,0.0,1.0,0.0020833333333333333,0.0020833333333333333,0.21284965034965034,forecast then threshold
arima_fourier,1,340.0,0.0020833333333333333,0.0,1.0,0.0020833333333333333,0.0020833333333333333,0.21284965034965034,forecast then threshold
arima_fourier,1,342.5,0.0020833333333333333,0.0,1.0,0.0020833333333333333,0.0020833333333333333,0.21284965034965034,forecast then threshold
arima_fourier,1,345.0,0.0020833333333333333,0.0,1.0,0.0020833333333333333,0.0020833333333333333,0.21284965034965034,forecast then threshold
arima_fourier,1,347.5,0.0020833333333333333,0.0,1.0,0.0020833333333333333,0.0020833333333333333,0.21284965034965034,forecast then threshold
arima_fourier,1,350.0,0.0020833333333333333,0.0,1.0,0.0020833333333333333,0.0020833333333333333,0.21284965034965034,forecast then threshold
arima_fourier,1,352.5,0.0020833333333333333,0.0,1.0,0.0020833333333333333,0.0020833333333333333,0.21284965034965034,forecast then threshold
arima_fourier,1,355.0,0.0020833333333333333,0.0,1.0,0.0020833333333333333,0.0020833333333333333,0.21284965034965034,forecast then threshold
arima_fourier,1,357.5,0.0020833333333333333,0.0,1.0,0.0020833333333333333,0.0020833333333333333,0.21284965034965034,forecast then threshold
arima_fourier,1,360.0,0.0020833333333333333,0.0,1.0,0.0020833333333333333,0.0020833333333333333,0.21284965034965034,forecast then threshold
arima_fourier,1,362.5,0.0020833333333333333,0.0,1.0,0.0020833333333333333,0.0020833333333333333,0.21284965034965034,forecast then threshold
arima_fourier,1,365.0,0.0020833333333333333,0.0,1.0,0.0020833333333333333,0.0020833333333333333,0.21284965034965034,forecast then threshold
arima_fourier,1,367.5,0.0020833333333333333,0.0,1.0,0.0020833333333333333,0.0020833333333333333,0.21284965034965034,forecast then threshold
arima_fourier,1,370.0,0.0020833333333333333,0.0,1.0,0.0020833333333333333,0.0020833333333333333,0.21284965034965034,forecast then threshold
arima_fourier,1,372.5,0.0020833333333333333,0.0,1.0,0.0020833333333333333,0.0020833333333333333,0.21284965034965034,forecast then threshold
arima_fourier,1,375.0,0.0020833333333333333,0.0,1.0,0.0020833333333333333,0.0020833333333333333,0.21284965034965034,forecast then threshold
arima_fourier,1,377.5,0.0020833333333333333,0.0,1.0,0.0020833333333333333,0.0020833333333333333,0.21284965034965034,forecast then threshold
arima_fourier,1,380.0,0.0020833333333333333,0.0,1.0,0.0020833333333333333,0.0020833333333333333,0.21284965034965034,forecast then threshold
arima_fourier,1,382.5,0.0020833333333333333,0.0,1.0,0.0020833333333333333,0.0020833333333333333,0.21284965034965034,forecast then threshold
arima_fourier,1,385.0,0.0020833333333333333,0.0,1.0,0.0020833333333333333,0.0020833333333333333,0.21284965034965034,forecast then threshold
arima_fourier,1,387.5,0.0020833333333333333,0.0,1.0,0.0020833333333333333,0.0020833333333333333,0.21284965034965034,forecast then threshold
arima_fourier,1,390.0,0.0020833333333333333,0.0,1.0,0.0020833333333333333,0.0020833333333333333,0.21284965034965034,forecast then threshold
arima_fourier,1,392.5,0.0020833333333333333,0.0,1.0,0.0020833333333333333,0.0020833333333333333,0.21284965034965034,forecast then threshold
arima_fourier,1,395.0,0.0020833333333333333,0.0,1.0,0.0020833333333333333,0.0020833333333333333,0.21284965034965034,forecast then threshold
arima_fourier,1,397.5,0.0020833333333333333,0.0,1.0,0.0020833333333333333,0.0020833333333333333,0.21284965034965034,forecast then threshold
arima_fourier,1,400.0,0.0,0.0,,0.0,0.0,0.0,forecast then threshold
arima_fourier,2,20.0,1.0,0.9909688013136289,0.2802623732856291,0.2802623732856291,0.009031198686371145,362.8698163507109,forecast then threshold
arima_fourier,2,22.5,1.0,0.9556650246305419,0.2876376988984088,0.2876376988984088,0.044334975369458074,353.565462085308,forecast then threshold
arima_fourier,2,25.0,1.0,0.8940886699507389,0.3014753046824888,0.3014753046824888,0.10591133004926112,337.3369372037914,forecast then threshold
arima_fourier,2,27.5,1.0,0.8357963875205254,0.31586021505376344,0.31586021505376344,0.16420361247947457,321.97393364928905,forecast then threshold
arima_fourier,2,30.0,1.0,0.7758620689655172,0.3321554770318021,0.3321554770318021,0.22413793103448276,306.17816943127957,forecast then threshold
arima_fourier,2,32.5,1.0,0.7397372742200329,0.3428154631655726,0.3428154631655726,0.2602627257799671,296.6574348341232,forecast then threshold
arima_fourier,2,35.0,1.0,0.6929392446633826,0.3576864535768645,0.3576864535768645,0.30706075533661736,284.3237559241706,forecast then threshold
arima_fourier,2,37.5,1.0,0.6461412151067324,0.3739061256961018,0.3739061256961018,0.3538587848932676,271.990077014218,forecast then threshold
arima_fourier,2,40.0,1.0,0.6141215106732348,0.38587848932676516,0.38587848932676516,0.38587848932676516,263.55124407582935,forecast then threshold
arima_fourier,2,42.5,1.0,0.5886699507389163,0.3959561920808762,0.3959561920808762,0.41133004926108374,256.8434537914692,forecast then threshold
arima_fourier,2,45.0,1.0,0.5738916256157636,0.4020530367835757,0.4020530367835757,0.42610837438423643,252.9486078199052,forecast then threshold
arima_fourier,2,47.5,1.0,0.5533661740558292,0.41083916083916083,0.41083916083916083,0.4466338259441708,247.53909952606634,forecast then threshold
arima_fourier,2,50.0,1.0,0.5336617405582923,0.41964285714285715,0.41964285714285715,0.4663382594417077,242.345971563981,forecast then threshold
arima_fourier,2,52.5,1.0,0.5073891625615764,0.4319852941176471,0.4319852941176471,0.4926108374384236,235.42180094786727,forecast then threshold
arima_fourier,2,55.0,1.0,0.4729064039408867,0.44933078393881454,0.44933078393881454,0.5270935960591133,226.333827014218,forecast then threshold
arima_fourier,2,57.5,1.0,0.43103448275862066,0.4723618090452261,0.4723618090452261,0.5689655172413793,215.2984300947867,forecast then threshold
arima_fourier,2,60.0,1.0,0.39901477832512317,0.4916317991631799,0.4916317991631799,0.6009852216748768,206.85959715639808,forecast then threshold
arima_fourier,2,62.5,1.0,0.37110016420361247,0.5097613882863341,0.5097613882863341,0.6288998357963875,199.50266587677723,forecast then threshold
arima_fourier,2,65.0,1.0,0.33497536945812806,0.5353075170842825,0.5353075170842825,0.6650246305418719,189.98193127962082,forecast then threshold
arima_fourier,2,67.5,0.997872340425532,0.2955665024630542,0.5657418576598311,0.5650602409638554,0.7023058379624778,179.37929502369667,forecast then threshold
arima_fourier,2,70.0,0.9893617021276596,0.2619047619047619,0.5931122448979592,0.5893536121673004,0.7274569402228976,169.6421800947867,forecast then threshold
arima_fourier,2,72.5,0.9893617021276596,0.2315270935960591,0.6224899598393574,0.6183510638297872,0.7578346085316006,161.6361078199052,forecast then threshold
arima_fourier,2,75.0,0.9808510638297873,0.20853858784893267,0.6447552447552447,0.6367403314917127,0.7723124759808546,154.71193720379145,forecast then threshold
arima_fourier,2,77.5,0.9808510638297873,0.1863711001642036,0.6700581395348837,0.6614060258249641,0.7944799636655837,148.86966824644549,forecast then threshold
arima_fourier,2,80.0,0.9808510638297873,0.17077175697865354,0.6890881913303438,0.6799410029498525,0.8100793068511337,144.75844194312796,forecast then threshold
arima_fourier,2,82.5,0.9787234042553191,0.16091954022988506,0.7012195121951219,0.6906906906906907,0.817803864025434,141.94549763033174,forecast then threshold
arima_fourier,2,85.0,0.9702127659574468,0.14860426929392448,0.7158555729984302,0.7004608294930875,0.8216084966635223,137.8342713270142,forecast then threshold
arima_fourier,2,87.5,0.9659574468085106,0.14039408866995073,0.7264,0.7082683307332294,0.8255633581385599,135.23770734597156,forecast then threshold
arima_fourier,2,90.0,0.9617021276595744,0.12889983579638753,0.7422003284072249,0.7208931419457735,0.8328022918631869,131.77562203791467,forecast then threshold
arima_fourier,2,92.5,0.9553191489361702,0.11986863711001643,0.7546218487394958,0.7288961038961039,0.8354505118261538,128.74629739336493,forecast then threshold
arima_fourier,2,95.0,0.9553191489361702,0.11494252873563218,0.7623089983022071,0.7360655737704918,0.840376620200538,127.4480154028436,forecast then threshold
arima_fourier,2,97.5,0.951063829787234,0.10919540229885058,0.7706896551724138,0.7412935323383084,0.8418684274883834,125.5005924170616,forecast then threshold
arima_fourier,2,100.0,0.9404255319148936,0.10180623973727422,0.7809187279151943,0.7441077441077442,0.8386192921776194,122.47126777251184,forecast then threshold
arima_fourier,2,102.5,0.9361702127659575,0.09852216748768473,0.7857142857142857,0.7457627118644068,0.8376480452782727,121.1729857819905,forecast then threshold
arima_fourier,2,105.0,0.9340425531914893,0.09523809523809523,0.790990990990991,0.7491467576791809,0.8388044579533941,120.09108412322274,forecast then threshold
arima_fourier,2,107.5,0.9319148936170213,0.09113300492610837,0.7978142076502732,0.7538726333907056,0.8407818886909129,118.79280213270141,forecast then threshold
arima_fourier,2,110.0,0.925531914893617,0.08702791461412152,0.8040665434380776,0.7552083333333334,0.8385040002794955,117.06175947867298,forecast then threshold
arima_fourier,2,112.5,0.925531914893617,0.08456486042692939,0.8085501858736059,0.7591623036649214,0.8409670544666876,116.41261848341232,forecast then threshold
arima_fourier,2,115.0,0.9191489361702128,0.07799671592775041,0.8197343453510436,0.7646017699115044,0.8411522202424624,114.03243483412321,forecast then threshold
arima_fourier,2,117.5,0.9127659574468086,0.07142857142857142,0.8313953488372093,0.770197486535009,0.8413373860182372,111.65225118483411,forecast then threshold
arima_fourier,2,120.0,0.9042553191489362,0.0665024630541872,0.8399209486166008,0.7713248638838476,0.837752856094749,109.48844786729858,forecast then threshold
arima_fourier,2,122.5,0.8893617021276595,0.06321839080459771,0.8444444444444444,0.7641681901279708,0.8261433113230618,107.10826421800947,forecast then threshold
arima_fourier,2,125.0,0.874468085106383,0.060755336617405585,0.8474226804123711,0.7555147058823529,0.8137127484889773,104.94446090047393,forecast then threshold
arima_fourier,2,127.5,0.8617021276595744,0.060755336617405585,0.8455114822546973,0.7444852941176471,0.8009467910421688,103.6461789099526,forecast then threshold
arima_fourier,2,130.0,0.851063829787234,0.05993431855500821,0.8456659619450317,0.7366482504604052,0.7911295112322259,102.34789691943126,forecast then threshold
arima_fourier,2,132.5,0.8382978723404255,0.05582922824302135,0.8528138528138528,0.7323420074349443,0.7824686440974041,99.96771327014217,forecast then threshold
arima_fourier,2,135.0,0.8340425531914893,0.054187192118226604,0.8558951965065502,0.7313432835820896,0.7798553610732627,99.10219194312795,forecast then threshold
arima_fourier,2,137.5,0.8276595744680851,0.05172413793103448,0.8606194690265486,0.7298311444652908,0.7759354365370507,97.80390995260663,forecast then threshold
arima_fourier,2,140.0,0.8106382978723404,0.047619047619047616,0.8678815489749431,0.7215909090909091,0.7630192502532929,94.99096563981041,forecast then threshold
arima_fourier,2,142.5,0.7978723404255319,0.046798029556650245,0.8680555555555556,0.7115749525616698,0.7510743108688817,93.47630331753554,forecast then threshold
arima_fourier,2,145.0,0.7851063829787234,0.04351395730706076,0.8744075829383886,0.7055449330783938,0.7415924256716626,91.31249999999999,forecast then threshold
arima_fourier,2,147.5,0.776595744680851,0.041050903119868636,0.8795180722891566,0.7019230769230769,0.7355448415609824,89.79783767772511,forecast then threshold
arima_fourier,2,150.0,0.7595744680851064,0.03858784893267652,0.8836633663366337,0.690522243713733,0.7209866191524299,87.417654028436,forecast then threshold
arima_fourier,2,152.5,0.723404255319149,0.03776683087027915,0.8808290155440415,0.6589147286821705,0.6856374244488699,83.52280805687204,forecast then threshold
arima_fourier,2,155.0,0.7,0.034482758620689655,0.8867924528301887,0.642578125,0.6655172413793103,80.27710308056871,forecast then threshold
arima_fourier,2,157.5,0.6829787234042554,0.031198686371100164,0.8941504178272981,0.6318897637795275,0.6517800370331552,77.68053909952606,forecast then threshold
arima_fourier,2,160.0,0.6553191489361702,0.029556650246305417,0.8953488372093024,0.6086956521739131,0.6257624986898648,74.43483412322274,forecast then threshold
arima_fourier,2,162.5,0.6382978723404256,0.025451559934318555,0.9063444108761329,0.5988023952095808,0.612846312406107,71.62188981042654,forecast then threshold
arima_fourier,2,165.0,0.6127659574468085,0.024630541871921183,0.9056603773584906,0.576,0.5881354155748874,68.80894549763032,forecast then threshold
arima_fourier,2,167.5,0.5723404255319149,0.019704433497536946,0.9180887372013652,0.5445344129554656,0.552635992034378,63.399437203791464,forecast then threshold
arima_fourier,2,170.0,0.5276595744680851,0.015599343185550082,0.9288389513108615,0.5071574642126789,0.512060231282535,57.77354857819905,forecast then threshold
arima_fourier,2,172.5,0.5063829787234042,0.013957307060755337,0.9333333333333333,0.4887063655030801,0.4924256716626489,55.17698459715639,forecast then threshold
arima_fourier,2,175.0,0.474468085106383,0.012315270935960592,0.9369747899159664,0.45979381443298967,0.4621528141704224,51.498518957345965,forecast then threshold
arima_fourier,2,177.5,0.4340425531914894,0.009852216748768473,0.9444444444444444,0.42323651452282157,0.4241903364427209,46.73815165876777,forecast then threshold
arima_fourier,2,180.0,0.39361702127659576,0.009852216748768473,0.9390862944162437,0.38381742738589214,0.3837648045278273,42.62692535545023,forecast then threshold
arima_fourier,2,182.5,0.3723404255319149,0.0090311986863711,0.9408602150537635,0.36382536382536385,0.3633092268455438,40.24674170616113,forecast then threshold
arima_fourier,2,185.0,0.3382978723404255,0.0090311986863711,0.9352941176470588,0.3305613305613306,0.32926667365405443,36.78465639810426,forecast then threshold
arima_fourier,2,187.5,0.30425531914893617,0.0090311986863711,0.9285714285714286,0.2972972972972973,0.2952241204625651,33.32257109004739,forecast then threshold
arima_fourier,2,190.0,0.28297872340425534,0.007389162561576354,0.9366197183098591,0.2776617954070981,0.275589560842679,30.726007109004737,forecast then threshold
arima_fourier,2,192.5,0.2574468085106383,0.007389162561576354,0.9307692307692308,0.25260960334029225,0.25005764594906194,28.129443127962084,forecast then threshold
arima_fourier,2,195.0,0.23191489361702128,0.007389162561576354,0.923728813559322,0.22755741127348644,0.22452573105544493,25.53287914691943,forecast then threshold
arima_fourier,2,197.5,0.21063829787234042,0.006568144499178982,0.9252336448598131,0.20711297071129708,0.20407015337316145,23.15269549763033,forecast then threshold
arima_fourier,2,200.0,0.18085106382978725,0.006568144499178982,0.9139784946236559,0.17782426778242677,0.17428291933060827,20.123370853080566,forecast then threshold
arima_fourier,2,202.5,0.16170212765957448,0.005747126436781609,0.9156626506024096,0.15932914046121593,0.15595500122279288,17.959567535545023,forecast then threshold
arima_fourier,2,205.0,0.1425531914893617,0.005747126436781609,0.9054054054054054,0.14046121593291405,0.1368060650525801,16.012144549763033,forecast then threshold
arima_fourier,2,207.5,0.125531914893617,0.004105090311986864,0.921875,0.12421052631578948,0.12142682458163015,13.848341232227487,forecast then threshold
arima_fourier,2,210.0,0.09574468085106383,0.003284072249589491,0.9183673469387755,0.0949367088607595,0.09246060860147434,10.60263625592417,forecast then threshold
arima_fourier,2,212.5,0.06382978723404255,0.0024630541871921183,0.9090909090909091,0.06342494714587738,0.06136673304685043,7.140550947867298,forecast then threshold
arima_fourier,2,215.0,0.05531914893617021,0.0016420361247947454,0.9285714285714286,0.05508474576271186,0.053677112811375466,6.058649289099526,forecast then threshold
arima_fourier,2,217.5,0.04893617021276596,0.0008210180623973727,0.9583333333333334,0.04883227176220807,0.04811515215036859,5.193127962085308,forecast then threshold
arima_fourier,2,220.0,0.03829787234042553,0.0008210180623973727,0.9473684210526315,0.03821656050955414,0.03747685427802816,4.111226303317535,forecast then threshold
arima_fourier,2,222.5,0.031914893617021274,0.0008210180623973727,0.9375,0.03184713375796178,0.031093875554623902,3.4620853080568716,forecast then threshold
arima_fourier,2,225.0,0.029787234042553193,0.0008210180623973727,0.9333333333333333,0.029723991507430998,0.02896621598015582,3.2457049763033172,forecast then threshold
arima_fourier,2,227.5,0.02127659574468085,0.0008210180623973727,0.9090909090909091,0.021231422505307854,0.02045557768228348,2.3801836492890995,forecast then threshold
arima_fourier,2,230.0,0.014893617021276596,0.0008210180623973727,0.875,0.014861995753715499,0.014072598958879223,1.7310426540284358,forecast then threshold
arima_fourier,2,232.5,0.01276595744680851,0.0008210180623973727,0.8571428571428571,0.012738853503184714,0.011944939384411137,1.5146623222748814,forecast then threshold
arima_fourier,2,235.0,0.010638297872340425,0.0008210180623973727,0.8333333333333334,0.010615711252653927,0.009817279809943052,1.298281990521327,forecast then threshold
arima_fourier,2,237.5,0.00851063829787234,0.0008210180623973727,0.8,0.008492569002123142,0.007689620235474968,1.0819016587677723,forecast then threshold
arima_fourier,2,240.0,0.00851063829787234,0.0008210180623973727,0.8,0.008492569002123142,0.007689620235474968,1.0819016587677723,forecast then threshold
arima_fourier,2,242.5,0.006382978723404255,0.0008210180623973727,0.75,0.006369426751592357,0.005561960661006882,0.8655213270142179,forecast then threshold
arima_fourier,2,245.0,0.006382978723404255,0.0008210180623973727,0.75,0.006369426751592357,0.005561960661006882,0.8655213270142179,forecast then threshold
arima_fourier,2,247.5,0.006382978723404255,0.0008210180623973727,0.75,0.006369426751592357,0.005561960661006882,0.8655213270142179,forecast then threshold
arima_fourier,2,250.0,0.00425531914893617,0.0008210180623973727,0.6666666666666666,0.004246284501061571,0.0034343010865387977,0.6491409952606635,forecast then threshold
arima_fourier,2,252.5,0.00425531914893617,0.0008210180623973727,0.6666666666666666,0.004246284501061571,0.0034343010865387977,0.6491409952606635,forecast then threshold
arima_fourier,2,255.0,0.00425531914893617,0.0,1.0,0.00425531914893617,0.00425531914893617,0.43276066350710896,forecast then threshold
arima_fourier,2,257.5,0.002127659574468085,0.0,1.0,0.002127659574468085,0.002127659574468085,0.21638033175355448,forecast then threshold
arima_fourier,2,260.0,0.002127659574468085,0.0,1.0,0.002127659574468085,0.002127659574468085,0.21638033175355448,forecast then threshold
arima_fourier,2,262.5,0.002127659574468085,0.0,1.0,0.002127659574468085,0.002127659574468085,0.21638033175355448,forecast then threshold
arima_fourier,2,265.0,0.002127659574468085,0.0,1.0,0.002127659574468085,0.002127659574468085,0.21638033175355448,forecast then threshold
arima_fourier,2,267.5,0.002127659574468085,0.0,1.0,0.002127659574468085,0.002127659574468085,0.21638033175355448,forecast then threshold
arima_fourier,2,270.0,0.002127659574468085,0.0,1.0,0.002127659574468085,0.002127659574468085,0.21638033175355448,forecast then threshold
arima_fourier,2,272.5,0.002127659574468085,0.0,1.0,0.002127659574468085,0.002127659574468085,0.21638033175355448,forecast then threshold
arima_fourier,2,275.0,0.002127659574468085,0.0,1.0,0.002127659574468085,0.002127659574468085,0.21638033175355448,forecast then threshold
arima_fourier,2,277.5,0.002127659574468085,0.0,1.0,0.002127659574468085,0.002127659574468085,0.21638033175355448,forecast then threshold
arima_fourier,2,280.0,0.002127659574468085,0.0,1.0,0.002127659574468085,0.002127659574468085,0.21638033175355448,forecast then threshold
arima_fourier,2,282.5,0.002127659574468085,0.0,1.0,0.002127659574468085,0.002127659574468085,0.21638033175355448,forecast then threshold
arima_fourier,2,285.0,0.002127659574468085,0.0,1.0,0.002127659574468085,0.002127659574468085,0.21638033175355448,forecast then threshold
arima_fourier,2,287.5,0.002127659574468085,0.0,1.0,0.002127659574468085,0.002127659574468085,0.21638033175355448,forecast then threshold
arima_fourier,2,290.0,0.002127659574468085,0.0,1.0,0.002127659574468085,0.002127659574468085,0.21638033175355448,forecast then threshold
arima_fourier,2,292.5,0.002127659574468085,0.0,1.0,0.002127659574468085,0.002127659574468085,0.21638033175355448,forecast then threshold
arima_fourier,2,295.0,0.002127659574468085,0.0,1.0,0.002127659574468085,0.002127659574468085,0.21638033175355448,forecast then threshold
arima_fourier,2,297.5,0.0,0.0,,0.0,0.0,0.0,forecast then threshold
arima_fourier,2,300.0,0.0,0.0,,0.0,0.0,0.0,forecast then threshold
arima_fourier,2,302.5,0.0,0.0,,0.0,0.0,0.0,forecast then threshold
arima_fourier,2,305.0,0.0,0.0,,0.0,0.0,0.0,forecast then threshold
arima_fourier,2,307.5,0.0,0.0,,0.0,0.0,0.0,forecast then threshold
arima_fourier,2,310.0,0.0,0.0,,0.0,0.0,0.0,forecast then threshold
arima_fourier,2,312.5,0.0,0.0,,0.0,0.0,0.0,forecast then threshold
arima_fourier,2,315.0,0.0,0.0,,0.0,0.0,0.0,forecast then threshold
arima_fourier,2,317.5,0.0,0.0,,0.0,0.0,0.0,forecast then threshold
arima_fourier,2,320.0,0.0,0.0,,0.0,0.0,0.0,forecast then threshold
arima_fourier,2,322.5,0.0,0.0,,0.0,0.0,0.0,forecast then threshold
arima_fourier,2,325.0,0.0,0.0,,0.0,0.0,0.0,forecast then threshold
arima_fourier,2,327.5,0.0,0.0,,0.0,0.0,0.0,forecast then threshold
arima_fourier,2,330.0,0.0,0.0,,0.0,0.0,0.0,forecast then threshold
arima_fourier,2,332.5,0.0,0.0,,0.0,0.0,0.0,forecast then threshold
arima_fourier,2,335.0,0.0,0.0,,0.0,0.0,0.0,forecast then threshold
arima_fourier,2,337.5,0.0,0.0,,0.0,0.0,0.0,forecast then threshold
arima_fourier,2,340.0,0.0,0.0,,0.0,0.0,0.0,forecast then threshold
arima_fourier,2,342.5,0.0,0.0,,0.0,0.0,0.0,forecast then threshold
arima_fourier,2,345.0,0.0,0.0,,0.0,0.0,0.0,forecast then threshold
arima_fourier,2,347.5,0.0,0.0,,0.0,0.0,0.0,forecast then threshold
arima_fourier,2,350.0,0.0,0.0,,0.0,0.0,0.0,forecast then threshold
arima_fourier,2,352.5,0.0,0.0,,0.0,0.0,0.0,forecast then threshold
arima_fourier,2,355.0,0.0,0.0,,0.0,0.0,0.0,forecast then threshold
arima_fourier,2,357.5,0.0,0.0,,0.0,0.0,0.0,forecast then threshold
arima_fourier,2,360.0,0.0,0.0,,0.0,0.0,0.0,forecast then threshold
arima_fourier,2,362.5,0.0,0.0,,0.0,0.0,0.0,forecast then threshold
arima_fourier,2,365.0,0.0,0.0,,0.0,0.0,0.0,forecast then threshold
arima_fourier,2,367.5,0.0,0.0,,0.0,0.0,0.0,forecast then threshold
arima_fourier,2,370.0,0.0,0.0,,0.0,0.0,0.0,forecast then threshold
arima_fourier,2,372.5,0.0,0.0,,0.0,0.0,0.0,forecast then threshold
arima_fourier,2,375.0,0.0,0.0,,0.0,0.0,0.0,forecast then threshold
arima_fourier,2,377.5,0.0,0.0,,0.0,0.0,0.0,forecast then threshold
arima_fourier,2,380.0,0.0,0.0,,0.0,0.0,0.0,forecast then threshold
arima_fourier,2,382.5,0.0,0.0,,0.0,0.0,0.0,forecast then threshold
arima_fourier,2,385.0,0.0,0.0,,0.0,0.0,0.0,forecast then threshold
arima_fourier,2,387.5,0.0,0.0,,0.0,0.0,0.0,forecast then threshold
arima_fourier,2,390.0,0.0,0.0,,0.0,0.0,0.0,forecast then threshold
arima_fourier,2,392.5,0.0,0.0,,0.0,0.0,0.0,forecast then threshold
arima_fourier,2,395.0,0.0,0.0,,0.0,0.0,0.0,forecast then threshold
arima_fourier,2,397.5,0.0,0.0,,0.0,0.0,0.0,forecast then threshold
arima_fourier,2,400.0,0.0,0.0,,0.0,0.0,0.0,forecast then threshold
arima_fourier,3,20.0,1.0,0.9959250203748982,0.2790560471976401,0.2790560471976401,0.004074979625101838,364.17573529411766,forecast then threshold
arima_fourier,3,22.5,1.0,0.9771801140994295,0.28289473684210525,0.28289473684210525,0.02281988590057049,359.23411764705884,forecast then threshold
arima_fourier,3,25.0,1.0,0.9062754686226568,0.29842271293375394,0.29842271293375394,0.09372453137734316,340.5419117647059,forecast then threshold
arima_fourier,3,27.5,1.0,0.8337408312958435,0.3161764705882353,0.3161764705882353,0.16625916870415647,321.42,forecast then threshold
arima_fourier,3,30.0,1.0,0.7799511002444988,0.33076923076923076,0.33076923076923076,0.22004889975550124,307.23970588235295,forecast then threshold
arima_fourier,3,32.5,1.0,0.7375713121434393,0.3432510885341074,0.3432510885341074,0.2624286878565607,296.06735294117647,forecast then threshold
arima_fourier,3,35.0,1.0,0.6927465362673186,0.35752078609221466,0.35752078609221466,0.30725346373268136,284.2504411764706,forecast then threshold
arima_fourier,3,37.5,1.0,0.6446617766911166,0.37420886075949367,0.37420886075949367,0.3553382233088834,271.5741176470588,forecast then threshold
arima_fourier,3,40.0,1.0,0.6251018744906276,0.3814516129032258,0.3814516129032258,0.3748981255093724,266.41764705882355,forecast then threshold
arima_fourier,3,42.5,1.0,0.6022819885900571,0.39026402640264024,0.39026402640264024,0.3977180114099429,260.40176470588233,forecast then threshold
arima_fourier,3,45.0,1.0,0.5762021189894051,0.40084745762711865,0.40084745762711865,0.4237978810105949,253.5264705882353,forecast then threshold
arima_fourier,3,47.5,1.0,0.5550122249388753,0.4098786828422877,0.4098786828422877,0.44498777506112475,247.94029411764706,forecast then threshold
arima_fourier,3,50.0,1.0,0.5387123064384678,0.41710758377425045,0.41710758377425045,0.4612876935615322,243.64323529411766,forecast then threshold
arima_fourier,3,52.5,1.0,0.515077424612877,0.4280542986425339,0.4280542986425339,0.484922575387123,237.4125,forecast then threshold
arima_fourier,3,55.0,1.0,0.48573757131214346,0.4424695977549111,0.4424695977549111,0.5142624286878565,229.67779411764707,forecast then threshold
arima_fourier,3,57.5,1.0,0.45232273838630804,0.4601167315175097,0.4601167315175097,0.547677261613692,220.86882352941177,forecast then threshold
arima_fourier,3,60.0,0.9978858350951374,0.4026079869600652,0.4886128364389234,0.48810754912099275,0.5952778481350722,207.5479411764706,forecast then threshold
arima_fourier,3,62.5,0.9978858350951374,0.36837815810920943,0.5108225108225108,0.5102702702702703,0.629507676985928,198.52411764705883,forecast then threshold
arima_fourier,3,65.0,0.9936575052854123,0.3292583537082315,0.5377574370709383,0.5359179019384265,0.6643991515771808,187.7814705882353,forecast then threshold
arima_fourier,3,67.5,0.9873150105708245,0.2844335778321108,0.5723039215686274,0.5681265206812652,0.7028814327387136,175.32,forecast then threshold
arima_fourier,3,70.0,0.985200845665962,0.23879380603096984,0.613965744400527,0.608355091383812,0.7464070396349922,163.07338235294117,forecast then threshold
arima_fourier,3,72.5,0.9830866807610994,0.20945395273023634,0.6440443213296398,0.636986301369863,0.773632728030863,155.12382352941177,forecast then threshold
arima_fourier,3,75.0,0.9809725158562368,0.19233903830480847,0.6628571428571428,0.6544428772919605,0.7886334775514283,150.39705882352942,forecast then threshold
arima_fourier,3,77.5,0.9788583509513742,0.17685411572942136,0.6808823529411765,0.6710144927536232,0.8020042352219529,146.1,forecast then threshold
arima_fourier,3,80.0,0.9725158562367865,0.1687041564792176,0.6896551724137931,0.6764705882352942,0.8038116997575688,143.3069117647059,forecast then threshold
arima_fourier,3,82.5,0.9661733615221987,0.15892420537897312,0.700920245398773,0.6841317365269461,0.8072491561432256,140.08411764705883,forecast then threshold
arima_fourier,3,85.0,0.9640591966173362,0.14995925020374898,0.7125,0.6940639269406392,0.8140999464135872,137.50588235294117,forecast then threshold
arima_fourier,3,87.5,0.959830866807611,0.13691931540342298,0.729903536977492,0.7082683307332294,0.822911551404188,133.6385294117647,forecast then threshold
arima_fourier,3,90.0,0.9577167019027484,0.12876935615321924,0.7414075286415712,0.7179080824088748,0.8289473457495291,131.27514705882353,forecast then threshold
arima_fourier,3,92.5,0.9534883720930233,0.12061939690301549,0.7529215358931552,0.7262479871175523,0.8328689751900078,128.69691176470587,forecast then threshold
arima_fourier,3,95.0,0.9492600422832981,0.11491442542787286,0.7610169491525424,0.7312703583061889,0.8343456168554252,126.76323529411765,forecast then threshold
arima_fourier,3,97.5,0.9492600422832981,0.10757946210268948,0.7728055077452668,0.7421487603305785,0.8416805801806087,124.82955882352941,forecast then threshold
arima_fourier,3,100.0,0.9471458773784355,0.10187449062754686,0.7818499127399651,0.7491638795986622,0.8452713867508886,123.11073529411765,forecast then threshold
arima_fourier,3,102.5,0.9344608879492601,0.097799511002445,0.7864768683274022,0.7453625632377741,0.8366613769468151,120.74735294117647,forecast then threshold
arima_fourier,3,105.0,0.9302325581395349,0.09616951915240424,0.7885304659498208,0.7445008460236887,0.8340630389871306,119.88794117647059,forecast then threshold
arima_fourier,3,107.5,0.9281183932346723,0.0945395273023635,0.790990990990991,0.7453310696095077,0.8335788659323088,119.24338235294118,forecast then threshold
arima_fourier,3,110.0,0.9260042283298098,0.09127954360228199,0.7963636363636364,0.7487179487179487,0.8347246847275278,118.16911764705883,forecast then threshold
arima_fourier,3,112.5,0.919661733615222,0.08557457212713937,0.8055555555555556,0.7525951557093425,0.8340871614880826,116.02058823529411,forecast then threshold
arima_fourier,3,115.0,0.9090909090909091,0.08312958435207823,0.8082706766917294,0.7478260869565218,0.8259613247388309,114.30176470588235,forecast then threshold
arima_fourier,3,117.5,0.904862579281184,0.07823960880195599,0.816793893129771,0.7521968365553603,0.826622970479228,112.58294117647058,forecast then threshold
arima_fourier,3,120.0,0.8985200845665962,0.07497962510187449,0.8220502901353965,0.7522123893805309,0.8235404594647217,111.0789705882353,forecast then threshold
arima_fourier,3,122.5,0.8773784355179705,0.07008964955175224,0.8283433133732535,0.7423971377459749,0.8072887859662182,107.64132352941176,forecast then threshold
arima_fourier,3,125.0,0.8731501057082452,0.06845965770171149,0.8309859154929577,0.7414721723518851,0.8046904480065338,106.78191176470588,forecast then threshold
arima_fourier,3,127.5,0.8625792811839323,0.06764466177669112,0.8309572301425662,0.7338129496402878,0.7949346194072412,105.49279411764707,forecast then threshold
arima_fourier,3,130.0,0.854122621564482,0.06519967400162999,0.8347107438016529,0.7305605786618445,0.7889229475628521,103.98882352941176,forecast then threshold
arima_fourier,3,132.5,0.8350951374207188,0.06193969030154849,0.8386411889596603,0.7194899817850637,0.7731554471191704,101.19573529411765,forecast then threshold
arima_fourier,3,135.0,0.8202959830866807,0.059494702526487364,0.841648590021692,0.7106227106227107,0.7608012805601934,99.04720588235294,forecast then threshold
arima_fourier,3,137.5,0.813953488372093,0.05704971475142624,0.8461538461538461,0.7090239410681399,0.7569037736206667,97.75808823529412,forecast then threshold
arima_fourier,3,140.0,0.7970401691331924,0.05623471882640587,0.8452914798206278,0.6955719557195572,0.7408054503067866,95.82441176470589,forecast then threshold
arima_fourier,3,142.5,0.7928118393234672,0.05297473512632437,0.8522727272727273,0.6970260223048327,0.7398371041971429,94.53529411764706,forecast then threshold
arima_fourier,3,145.0,0.7864693446088795,0.05297473512632437,0.851258581235698,0.6914498141263941,0.7334946094825552,93.89073529411765,forecast then threshold
arima_fourier,3,147.5,0.773784355179704,0.05134474327628362,0.8531468531468531,0.6828358208955224,0.7224396119034204,92.17191176470588,forecast then threshold
arima_fourier,3,150.0,0.7568710359408034,0.0488997555012225,0.8564593301435407,0.6716697936210131,0.7079712804395809,89.80852941176471,forecast then threshold
arima_fourier,3,152.5,0.733615221987315,0.04645476772616137,0.8589108910891089,0.6547169811320754,0.6871604542611536,86.80058823529411,forecast then threshold
arima_fourier,3,155.0,0.7019027484143763,0.045639771801140996,0.8556701030927835,0.6275992438563327,0.6562629766132353,83.36294117647058,forecast then threshold
arima_fourier,3,157.5,0.678646934460888,0.042379788101059496,0.8605898123324397,0.6114285714285714,0.6362671463598285,80.14014705882353,forecast then threshold
arima_fourier,3,160.0,0.6469344608879493,0.039119804400977995,0.864406779661017,0.5873320537428023,0.6078146564869713,76.05794117647059,forecast then threshold
arima_fourier,3,162.5,0.6109936575052854,0.03015484922575387,0.8865030674846626,0.5666666666666667,0.5808388082795316,70.04205882352942,forecast then threshold
arima_fourier,3,165.0,0.5665961945031712,0.029339853300733496,0.881578947368421,0.5265225933202358,0.5372563412024377,65.31529411764706,forecast then threshold
arima_fourier,3,167.5,0.53276955602537,0.029339853300733496,0.875,0.4950884086444008,0.5034297027246365,61.87764705882353,forecast then threshold
arima_fourier,3,170.0,0.49471458773784355,0.02526487367563162,0.8830188679245283,0.4642857142857143,0.4694497140622119,56.93602941176471,forecast then threshold
arima_fourier,3,172.5,0.45665961945031713,0.020374898125509373,0.8962655601659751,0.43373493975903615,0.4362847213248078,51.77955882352941,forecast then threshold
arima_fourier,3,175.0,0.4164904862579281,0.018744906275468622,0.8954545454545455,0.3971774193548387,0.3977455799824595,47.26764705882353,forecast then threshold
arima_fourier,3,177.5,0.38266384778012685,0.017114914425427872,0.8960396039603961,0.36639676113360325,0.36554893335469896,43.40029411764706,forecast then threshold
arima_fourier,3,180.0,0.3403805496828753,0.017114914425427872,0.8846153846153846,0.3259109311740891,0.3232656352574474,39.103235294117646,forecast then threshold
arima_fourier,3,182.5,0.2938689217758985,0.016299918500407497,0.8742138364779874,0.281947261663286,0.277569003275491,34.161617647058826,forecast then threshold
arima_fourier,3,185.0,0.24312896405919662,0.013854930725346373,0.8712121212121212,0.23469387755102042,0.22927403333385024,28.360588235294117,forecast then threshold
arima_fourier,3,187.5,0.20507399577167018,0.011409942950285249,0.8738738738738738,0.19917864476386038,0.19366405282138494,23.848676470588234,forecast then threshold
arima_fourier,3,190.0,0.17970401691331925,0.010594947025264874,0.8673469387755102,0.1748971193415638,0.16910906988805438,21.055588235294117,forecast then threshold
arima_fourier,3,192.5,0.160676532769556,0.006519967400162999,0.9047619047619048,0.158004158004158,0.154156565369393,18.04764705882353,forecast then threshold
arima_fourier,3,195.0,0.13107822410147993,0.004889975550122249,0.9117647058823529,0.12943632567849686,0.12618824855135768,14.61,forecast then threshold
arima_fourier,3,197.5,0.09302325581395349,0.004074979625101874,0.8979591836734694,0.09205020920502092,0.08894827618885161,10.527794117647058,forecast then threshold
arima_fourier,3,200.0,0.05919661733615222,0.0032599837000814994,0.875,0.05870020964360587,0.055936633636070716,6.875294117647059,forecast then threshold
arima_fourier,3,202.5,0.040169133192389,0.0024449877750611247,0.8636363636363636,0.03991596638655462,0.03772414541732788,4.726764705882353,forecast then threshold
arima_fourier,3,205.0,0.02959830866807611,0.0016299918500407497,0.875,0.029473684210526315,0.027968316818035358,3.4376470588235293,forecast then threshold
arima_fourier,3,207.5,0.019027484143763214,0.0016299918500407497,0.8181818181818182,0.018947368421052633,0.017397492293722464,2.3633823529411764,forecast then threshold
arima_fourier,3,210.0,0.010570824524312896,0.0016299918500407497,0.7142857142857143,0.010526315789473684,0.008940832674272146,1.503970588235294,forecast then threshold
arima_fourier,3,212.5,0.006342494714587738,0.0016299918500407497,0.6,0.00631578947368421,0.004712502864546988,1.074264705882353,forecast then threshold
arima_fourier,3,215.0,0.006342494714587738,0.0016299918500407497,0.6,0.00631578947368421,0.004712502864546988,1.074264705882353,forecast then threshold
arima_fourier,3,217.5,0.006342494714587738,0.0016299918500407497,0.6,0.00631578947368421,0.004712502864546988,1.074264705882353,forecast then threshold
arima_fourier,3,220.0,0.004228329809725159,0.0016299918500407497,0.5,0.004210526315789474,0.0025983379596844092,0.8594117647058823,forecast then threshold
arima_fourier,3,222.5,0.004228329809725159,0.0008149959250203749,0.6666666666666666,0.004219409282700422,0.003413333884704784,0.6445588235294117,forecast then threshold
arima_fourier,3,225.0,0.004228329809725159,0.0008149959250203749,0.6666666666666666,0.004219409282700422,0.003413333884704784,0.6445588235294117,forecast then threshold
arima_fourier,3,227.5,0.0021141649048625794,0.0008149959250203749,0.5,0.002109704641350211,0.0012991689798422046,0.42970588235294116,forecast then threshold
arima_fourier,3,230.0,0.0021141649048625794,0.0,1.0,0.0021141649048625794,0.0021141649048625794,0.21485294117647058,forecast then threshold
arima_fourier,3,232.5,0.0021141649048625794,0.0,1.0,0.0021141649048625794,0.0021141649048625794,0.21485294117647058,forecast then threshold
arima_fourier,3,235.0,0.0021141649048625794,0.0,1.0,0.0021141649048625794,0.0021141649048625794,0.21485294117647058,forecast then threshold
arima_fourier,3,237.5,0.0021141649048625794,0.0,1.0,0.0021141649048625794,0.0021141649048625794,0.21485294117647058,forecast then threshold
arima_fourier,3,240.0,0.0021141649048625794,0.0,1.0,0.0021141649048625794,0.0021141649048625794,0.21485294117647058,forecast then threshold
arima_fourier,3,242.5,0.0021141649048625794,0.0,1.0,0.0021141649048625794,0.0021141649048625794,0.21485294117647058,forecast then threshold
arima_fourier,3,245.0,0.0021141649048625794,0.0,1.0,0.0021141649048625794,0.0021141649048625794,0.21485294117647058,forecast then threshold
arima_fourier,3,247.5,0.0021141649048625794,0.0,1.0,0.0021141649048625794,0.0021141649048625794,0.21485294117647058,forecast then threshold
arima_fourier,3,250.0,0.0,0.0,,0.0,0.0,0.0,forecast then threshold
arima_fourier,3,252.5,0.0,0.0,,0.0,0.0,0.0,forecast then threshold
arima_fourier,3,255.0,0.0,0.0,,0.0,0.0,0.0,forecast then threshold
arima_fourier,3,257.5,0.0,0.0,,0.0,0.0,0.0,forecast then threshold
arima_fourier,3,260.0,0.0,0.0,,0.0,0.0,0.0,forecast then threshold
arima_fourier,3,262.5,0.0,0.0,,0.0,0.0,0.0,forecast then threshold
arima_fourier,3,265.0,0.0,0.0,,0.0,0.0,0.0,forecast then threshold
arima_fourier,3,267.5,0.0,0.0,,0.0,0.0,0.0,forecast then threshold
arima_fourier,3,270.0,0.0,0.0,,0.0,0.0,0.0,forecast then threshold
arima_fourier,3,272.5,0.0,0.0,,0.0,0.0,0.0,forecast then threshold
arima_fourier,3,275.0,0.0,0.0,,0.0,0.0,0.0,forecast then threshold
arima_fourier,3,277.5,0.0,0.0,,0.0,0.0,0.0,forecast then threshold
arima_fourier,3,280.0,0.0,0.0,,0.0,0.0,0.0,forecast then threshold
arima_fourier,3,282.5,0.0,0.0,,0.0,0.0,0.0,forecast then threshold
arima_fourier,3,285.0,0.0,0.0,,0.0,0.0,0.0,forecast then threshold
arima_fourier,3,287.5,0.0,0.0,,0.0,0.0,0.0,forecast then threshold
arima_fourier,3,290.0,0.0,0.0,,0.0,0.0,0.0,forecast then threshold
arima_fourier,3,292.5,0.0,0.0,,0.0,0.0,0.0,forecast then threshold
arima_fourier,3,295.0,0.0,0.0,,0.0,0.0,0.0,forecast then threshold
arima_fourier,3,297.5,0.0,0.0,,0.0,0.0,0.0,forecast then threshold
arima_fourier,3,300.0,0.0,0.0,,0.0,0.0,0.0,forecast then threshold
arima_fourier,3,302.5,0.0,0.0,,0.0,0.0,0.0,forecast then threshold
arima_fourier,3,305.0,0.0,0.0,,0.0,0.0,0.0,forecast then threshold
arima_fourier,3,307.5,0.0,0.0,,0.0,0.0,0.0,forecast then threshold
arima_fourier,3,310.0,0.0,0.0,,0.0,0.0,0.0,forecast then threshold
arima_fourier,3,312.5,0.0,0.0,,0.0,0.0,0.0,forecast then threshold
arima_fourier,3,315.0,0.0,0.0,,0.0,0.0,0.0,forecast then threshold
arima_fourier,3,317.5,0.0,0.0,,0.0,0.0,0.0,forecast then threshold
arima_fourier,3,320.0,0.0,0.0,,0.0,0.0,0.0,forecast then threshold
arima_fourier,3,322.5,0.0,0.0,,0.0,0.0,0.0,forecast then threshold
arima_fourier,3,325.0,0.0,0.0,,0.0,0.0,0.0,forecast then threshold
arima_fourier,3,327.5,0.0,0.0,,0.0,0.0,0.0,forecast then threshold
arima_fourier,3,330.0,0.0,0.0,,0.0,0.0,0.0,forecast then threshold
arima_fourier,3,332.5,0.0,0.0,,0.0,0.0,0.0,forecast then threshold
arima_fourier,3,335.0,0.0,0.0,,0.0,0.0,0.0,forecast then threshold
arima_fourier,3,337.5,0.0,0.0,,0.0,0.0,0.0,forecast then threshold
arima_fourier,3,340.0,0.0,0.0,,0.0,0.0,0.0,forecast then threshold
arima_fourier,3,342.5,0.0,0.0,,0.0,0.0,0.0,forecast then threshold
arima_fourier,3,345.0,0.0,0.0,,0.0,0.0,0.0,forecast then threshold
arima_fourier,3,347.5,0.0,0.0,,0.0,0.0,0.0,forecast then threshold
arima_fourier,3,350.0,0.0,0.0,,0.0,0.0,0.0,forecast then threshold
arima_fourier,3,352.5,0.0,0.0,,0.0,0.0,0.0,forecast then threshold
arima_fourier,3,355.0,0.0,0.0,,0.0,0.0,0.0,forecast then threshold
arima_fourier,3,357.5,0.0,0.0,,0.0,0.0,0.0,forecast then threshold
arima_fourier,3,360.0,0.0,0.0,,0.0,0.0,0.0,forecast then threshold
arima_fourier,3,362.5,0.0,0.0,,0.0,0.0,0.0,forecast then threshold
arima_fourier,3,365.0,0.0,0.0,,0.0,0.0,0.0,forecast then threshold
arima_fourier,3,367.5,0.0,0.0,,0.0,0.0,0.0,forecast then threshold
arima_fourier,3,370.0,0.0,0.0,,0.0,0.0,0.0,forecast then threshold
arima_fourier,3,372.5,0.0,0.0,,0.0,0.0,0.0,forecast then threshold
arima_fourier,3,375.0,0.0,0.0,,0.0,0.0,0.0,forecast then threshold
arima_fourier,3,377.5,0.0,0.0,,0.0,0.0,0.0,forecast then threshold
arima_fourier,3,380.0,0.0,0.0,,0.0,0.0,0.0,forecast then threshold
arima_fourier,3,382.5,0.0,0.0,,0.0,0.0,0.0,forecast then threshold
arima_fourier,3,385.0,0.0,0.0,,0.0,0.0,0.0,forecast then threshold
arima_fourier,3,387.5,0.0,0.0,,0.0,0.0,0.0,forecast then threshold
arima_fourier,3,390.0,0.0,0.0,,0.0,0.0,0.0,forecast then threshold
arima_fourier,3,392.5,0.0,0.0,,0.0,0.0,0.0,forecast then threshold
arima_fourier,3,395.0,0.0,0.0,,0.0,0.0,0.0,forecast then threshold
arima_fourier,3,397.5,0.0,0.0,,0.0,0.0,0.0,forecast then threshold
arima_fourier,3,400.0,0.0,0.0,,0.0,0.0,0.0,forecast then threshold
climatology,1,20.0,1.0,1.0,0.27972027972027974,0.27972027972027974,0.0,365.25,forecast then threshold
climatology,1,22.5,1.0,1.0,0.27972027972027974,0.27972027972027974,0.0,365.25,forecast then threshold
climatology,1,25.0,1.0,1.0,0.27972027972027974,0.27972027972027974,0.0,365.25,forecast then threshold
climatology,1,27.5,1.0,0.9813915857605178,0.2835203780271707,0.2835203780271707,0.01860841423948223,360.354458041958,forecast then threshold
climatology,1,30.0,1.0,0.9546925566343042,0.2891566265060241,0.2891566265060241,0.04530744336569581,353.3304195804196,forecast then threshold
climatology,1,32.5,1.0,0.9344660194174758,0.29357798165137616,0.29357798165137616,0.06553398058252424,348.0091783216783,forecast then threshold
climatology,1,35.0,1.0,0.8859223300970874,0.3047619047619048,0.3047619047619048,0.11407766990291257,335.23819930069925,forecast then threshold
climatology,1,37.5,1.0,0.843042071197411,0.31537450722733246,0.31537450722733246,0.15695792880258896,323.9571678321678,forecast then threshold
climatology,1,40.0,1.0,0.8098705501618123,0.3241053342336259,0.3241053342336259,0.1901294498381877,315.23033216783216,forecast then threshold
climatology,1,42.5,1.0,0.7758899676375405,0.33356497567755383,0.33356497567755383,0.22411003236245952,306.2906468531468,forecast then threshold
climatology,1,45.0,1.0,0.7451456310679612,0.3426124197002141,0.3426124197002141,0.25485436893203883,298.2023601398601,forecast then threshold
climatology,1,47.5,1.0,0.720873786407767,0.350109409190372,0.350109409190372,0.279126213592233,291.8168706293706,forecast then threshold
climatology,1,50.0,1.0,0.6925566343042071,0.3592814371257485,0.3592814371257485,0.3074433656957929,284.36713286713285,forecast then threshold
climatology,1,52.5,1.0,0.6666666666666666,0.36809815950920244,0.36809815950920244,0.33333333333333337,277.55594405594405,forecast then threshold
climatology,1,55.0,1.0,0.6496763754045307,0.37412314886983633,0.37412314886983633,0.3503236245954693,273.0861013986014,forecast then threshold
climatology,1,57.5,1.0,0.6229773462783171,0.384,0.384,0.37702265372168287,266.06206293706293,forecast then threshold
climatology,1,60.0,1.0,0.5995145631067961,0.3931203931203931,0.3931203931203931,0.4004854368932039,259.88942307692304,forecast then threshold
climatology,1,62.5,0.9979166666666667,0.5679611650485437,0.4055884843353091,0.40524534686971236,0.429955501618123,251.37543706293704,forecast then threshold
climatology,1,65.0,0.9979166666666667,0.540453074433657,0.4176111595466434,0.4172473867595819,0.4574635922330097,244.13854895104893,forecast then threshold
climatology,1,67.5,0.9979166666666667,0.5016181229773463,0.43585077343039125,0.4354545454545454,0.49629854368932036,233.9217657342657,forecast then threshold
climatology,1,70.0,0.9979166666666667,0.47653721682847894,0.448501872659176,0.44808231992516373,0.5213794498381877,227.32342657342656,forecast then threshold
climatology,1,72.5,0.99375,0.4522653721682848,0.46042471042471045,0.4590952839268527,0.5414846278317152,220.51223776223773,forecast then threshold
climatology,1,75.0,0.9875,0.4110032362459547,0.48268839103869654,0.4797570850202429,0.5764967637540453,209.01835664335664,forecast then threshold
climatology,1,77.5,0.9875,0.37459546925566345,0.5058697972251868,0.5026511134676565,0.6129045307443366,199.44012237762237,forecast then threshold
climatology,1,80.0,0.9833333333333333,0.3244336569579288,0.5406643757159221,0.5357548240635641,0.6588996763754045,185.81774475524475,forecast then threshold
climatology,1,82.5,0.975,0.2645631067961165,0.5886792452830188,0.5799256505576208,0.7104368932038835,169.21547202797203,forecast then threshold
climatology,1,85.0,0.9729166666666667,0.23220064724919093,0.6193633952254642,0.6088657105606258,0.7407160194174758,160.48863636363635,forecast then threshold
climatology,1,87.5,0.9708333333333333,0.22006472491909385,0.6314363143631436,0.6196808510638298,0.7507686084142395,157.08304195804195,forecast then threshold
climatology,1,90.0,0.96875,0.2087378640776699,0.6431535269709544,0.6300813008130082,0.7600121359223301,153.8902972027972,forecast then threshold
climatology,1,92.5,0.9666666666666667,0.19093851132686085,0.6628571428571428,0.6480446927374302,0.7757281553398059,148.99475524475523,forecast then threshold
climatology,1,95.0,0.9666666666666667,0.1755663430420712,0.6813509544787077,0.6657101865136298,0.7911003236245955,144.95061188811187,forecast then threshold
climatology,1,97.5,0.9666666666666667,0.16262135922330098,0.6977443609022557,0.6813509544787077,0.8040453074433657,141.54501748251747,forecast then threshold
climatology,1,100.0,0.9645833333333333,0.156957928802589,0.7047184170471842,0.6869436201780416,0.8076254045307444,139.84222027972027,forecast then threshold
climatology,1,102.5,0.9604166666666667,0.14967637540453074,0.7136222910216719,0.6932330827067669,0.810740291262136,137.5008741258741,forecast then threshold
climatology,1,105.0,0.9604166666666667,0.1448220064724919,0.7203125,0.6995447647951442,0.8155946601941748,136.2237762237762,forecast then threshold
climatology,1,107.5,0.9583333333333334,0.13996763754045308,0.7266982622432859,0.7044410413476263,0.8183656957928803,134.73382867132867,forecast then threshold
climatology,1,110.0,0.9583333333333334,0.1343042071197411,0.7348242811501597,0.7120743034055728,0.8240291262135923,133.24388111888112,forecast then threshold
climatology,1,112.5,0.9541666666666667,0.12702265372168284,0.7447154471544716,0.7189952904238619,0.8271440129449839,130.90253496503496,forecast then threshold
climatology,1,115.0,0.9520833333333333,0.12135922330097088,0.7528830313014827,0.7253968253968254,0.8307241100323624,129.19973776223776,forecast then threshold
climatology,1,117.5,0.9479166666666666,0.1156957928802589,0.7608695652173914,0.7303370786516854,0.8322208737864077,127.2840909090909,forecast then threshold
climatology,1,120.0,0.9416666666666667,0.11326860841423948,0.7635135135135135,0.7290322580645161,0.8283980582524272,126.006993006993,forecast then threshold
climatology,1,122.5,0.9375,0.11003236245954692,0.7679180887372014,0.7305194805194806,0.827467637540453,124.72989510489509,forecast then threshold
climatology,1,125.0,0.9354166666666667,0.10679611650485436,0.7728055077452668,0.7336601307189542,0.8286205501618124,123.66564685314684,forecast then threshold
climatology,1,127.5,0.9333333333333333,0.10517799352750809,0.7750865051903114,0.7344262295081967,0.8281553398058252,123.02709790209789,forecast then threshold
climatology,1,130.0,0.925,0.1011326860841424,0.7803163444639719,0.7338842975206612,0.8238673139158577,121.11145104895104,forecast then threshold
climatology,1,132.5,0.91875,0.09951456310679611,0.7819148936170213,0.7313432835820896,0.8192354368932039,120.04720279720279,forecast then threshold
climatology,1,135.0,0.9145833333333333,0.09466019417475728,0.789568345323741,0.7353433835845896,0.8199231391585761,118.34440559440559,forecast then threshold
climatology,1,137.5,0.9041666666666667,0.09385113268608414,0.7890909090909091,0.7281879194630873,0.8103155339805825,117.06730769230768,forecast then threshold
climatology,1,140.0,0.9,0.0889967637540453,0.7970479704797048,0.7322033898305085,0.8110032362459547,115.36451048951048,forecast then threshold
climatology,1,142.5,0.8979166666666667,0.08818770226537216,0.7981481481481482,0.7317487266553481,0.8097289644012945,114.93881118881119,forecast then threshold
climatology,1,145.0,0.8958333333333334,0.08333333333333333,0.8067542213883677,0.7375643224699828,0.8125,113.44886363636363,forecast then threshold
climatology,1,147.5,0.88125,0.07928802588996764,0.8119001919385797,0.7318339100346021,0.8019619741100323,110.89466783216783,forecast then threshold
climatology,1,150.0,0.8708333333333333,0.07524271844660194,0.8180039138943248,0.7294938917975567,0.7955906148867314,108.76617132867132,forecast then threshold
climatology,1,152.5,0.8583333333333333,0.07119741100323625,0.824,0.7253521126760564,0.787135922330097,106.42482517482517,forecast then threshold
climatology,1,155.0,0.8416666666666667,0.06877022653721683,0.8261758691206544,0.7150442477876107,0.7728964401294498,104.08347902097901,forecast then threshold
climatology,1,157.5,0.8375,0.063915857605178,0.8357588357588358,0.7191413237924866,0.773584142394822,102.38068181818181,forecast then threshold
climatology,1,160.0,0.8208333333333333,0.05906148867313916,0.8436830835117773,0.7124773960216998,0.7617718446601941,99.4007867132867,forecast then threshold
climatology,1,162.5,0.8020833333333334,0.05825242718446602,0.8424507658643327,0.697463768115942,0.7438309061488674,97.2722902097902,forecast then threshold
climatology,1,165.0,0.7875,0.05744336569579288,0.8418708240534521,0.6860254083484574,0.7300566343042071,95.569493006993,forecast then threshold
climatology,1,167.5,0.7708333333333334,0.055825242718446605,0.8428246013667426,0.6739526411657559,0.7150080906148868,93.44099650349649,forecast then threshold
climatology,1,170.0,0.7541666666666667,0.050970873786407765,0.851764705882353,0.6666666666666666,0.7031957928802589,90.46110139860139,forecast then threshold
climatology,1,172.5,0.7229166666666667,0.04611650485436893,0.8589108910891089,0.6461824953445066,0.6768001618122977,85.99125874125873,forecast then threshold
climatology,1,175.0,0.7041666666666667,0.04449838187702265,0.8600508905852418,0.6317757009345795,0.659668284789644,83.64991258741259,forecast then threshold
climatology,1,177.5,0.6604166666666667,0.04288025889967637,0.8567567567567568,0.5947467166979362,0.6175364077669903,78.75437062937063,forecast then threshold
climatology,1,180.0,0.6270833333333333,0.03802588996763754,0.8649425287356322,0.571157495256167,0.5890574433656958,74.07167832167832,forecast then threshold
climatology,1,182.5,0.6083333333333333,0.029935275080906147,0.8875379939209727,0.5647969052224371,0.5783980582524272,70.02753496503496,forecast then threshold
climatology,1,185.0,0.5770833333333333,0.02669902912621359,0.8935483870967742,0.5399610136452242,0.5503843042071197,65.9833916083916,forecast then threshold
climatology,1,187.5,0.55,0.025080906148867314,0.8949152542372881,0.5166340508806262,0.5249190938511328,62.790646853146846,forecast then threshold
climatology,1,190.0,0.5208333333333334,0.023462783171521034,0.8960573476702509,0.4911591355599214,0.4973705501618123,59.38505244755245,forecast then threshold
climatology,1,192.5,0.49166666666666664,0.021844660194174758,0.8973384030418251,0.46548323471400394,0.4698220064724919,55.97945804195804,forecast then threshold
climatology,1,195.0,0.45416666666666666,0.019417475728155338,0.9008264462809917,0.43253968253968256,0.43474919093851133,51.50961538461538,forecast then threshold
climatology,1,197.5,0.4270833333333333,0.0186084142394822,0.8991228070175439,0.40755467196819084,0.40847491909385114,48.52972027972027,forecast then threshold
climatology,1,200.0,0.39791666666666664,0.01779935275080906,0.8967136150234741,0.3804780876494024,0.38011731391585757,45.33697552447552,forecast then threshold
climatology,1,202.5,0.37083333333333335,0.015372168284789644,0.9035532994923858,0.35671342685370744,0.3554611650485437,41.93138111888111,forecast then threshold
climatology,1,205.0,0.35208333333333336,0.014563106796116505,0.9037433155080213,0.3393574297188755,0.33752022653721686,39.80288461538461,forecast then threshold
climatology,1,207.5,0.33958333333333335,0.012944983818770227,0.9106145251396648,0.3286290322580645,0.3266383495145631,38.100087412587406,forecast then threshold
climatology,1,210.0,0.3104166666666667,0.011326860841423949,0.9141104294478528,0.3016194331983806,0.29908980582524275,34.69449300699301,forecast then threshold
climatology,1,212.5,0.3,0.011326860841423949,0.9113924050632911,0.291497975708502,0.28867313915857606,33.63024475524475,forecast then threshold
climatology,1,215.0,0.2833333333333333,0.010517799352750809,0.912751677852349,0.27586206896551724,0.2728155339805825,31.7145979020979,forecast then threshold
climatology,1,217.5,0.26458333333333334,0.010517799352750809,0.9071428571428571,0.25760649087221094,0.2540655339805825,29.798951048951047,forecast then threshold
climatology,1,220.0,0.24583333333333332,0.009708737864077669,0.9076923076923077,0.23983739837398374,0.23612459546925565,27.670454545454543,forecast then threshold
climatology,1,222.5,0.23958333333333334,0.009708737864077669,0.905511811023622,0.23373983739837398,0.22987459546925568,27.031905594405593,forecast then threshold
climatology,1,225.0,0.23125,0.009708737864077669,0.9024390243902439,0.22560975609756098,0.22154126213592235,26.18050699300699,forecast then threshold
climatology,1,227.5,0.22291666666666668,0.009708737864077669,0.8991596638655462,0.21747967479674796,0.21320792880258901,25.32910839160839,forecast then threshold
climatology,1,230.0,0.2125,0.008090614886731391,0.9107142857142857,0.20816326530612245,0.20440938511326862,23.839160839160837,forecast then threshold
climatology,1,232.5,0.2,0.007281553398058253,0.9142857142857143,0.19631901840490798,0.19271844660194176,22.349213286713287,forecast then threshold
climatology,1,235.0,0.19375,0.006472491909385114,0.9207920792079208,0.19057377049180327,0.18727750809061489,21.497814685314683,forecast then threshold
climatology,1,237.5,0.17708333333333334,0.0056634304207119745,0.9239130434782609,0.17453798767967146,0.17141990291262138,19.58216783216783,forecast then threshold
climatology,1,240.0,0.16041666666666668,0.0056634304207119745,0.9166666666666666,0.15811088295687886,0.15475323624595472,17.879370629370626,forecast then threshold
climatology,1,242.5,0.14375,0.0048543689320388345,0.92,0.1419753086419753,0.13889563106796116,15.963723776223775,forecast then threshold
climatology,1,245.0,0.13333333333333333,0.0040453074433656954,0.927536231884058,0.13195876288659794,0.12928802588996763,14.686625874125873,forecast then threshold
climatology,1,247.5,0.11458333333333333,0.003236245954692557,0.9322033898305084,0.11363636363636363,0.11134708737864077,12.55812937062937,forecast then threshold
climatology,1,250.0,0.10208333333333333,0.0024271844660194173,0.9423076923076923,0.10144927536231885,0.09965614886731392,11.068181818181817,forecast then threshold
climatology,1,252.5,0.08333333333333333,0.0016181229773462784,0.9523809523809523,0.08298755186721991,0.08171521035598706,8.939685314685313,forecast then threshold
climatology,1,255.0,0.075,0.0008090614886731392,0.972972972972973,0.07484407484407485,0.07419093851132685,7.8754370629370625,forecast then threshold
climatology,1,257.5,0.058333333333333334,0.0008090614886731392,0.9655172413793104,0.058212058212058215,0.0575242718446602,6.17263986013986,forecast then threshold
climatology,1,260.0,0.04791666666666667,0.0008090614886731392,0.9583333333333334,0.04781704781704782,0.04710760517799353,5.108391608391608,forecast then threshold
climatology,1,262.5,0.035416666666666666,0.0008090614886731392,0.9444444444444444,0.035343035343035345,0.03460760517799353,3.831293706293706,forecast then threshold
climatology,1,265.0,0.029166666666666667,0.0008090614886731392,0.9333333333333333,0.029106029106029108,0.028357605177993527,3.192744755244755,forecast then threshold
climatology,1,267.5,0.020833333333333332,0.0008090614886731392,0.9090909090909091,0.02079002079002079,0.020024271844660192,2.3413461538461537,forecast then threshold
climatology,1,270.0,0.01875,0.0008090614886731392,0.9,0.018711018711018712,0.01794093851132686,2.1284965034965033,forecast then threshold
climatology,1,272.5,0.014583333333333334,0.0008090614886731392,0.875,0.014553014553014554,0.013774271844660194,1.7027972027972027,forecast then threshold
climatology,1,275.0,0.010416666666666666,0.0,1.0,0.010416666666666666,0.010416666666666666,1.0642482517482517,forecast then threshold
climatology,1,277.5,0.00625,0.0,1.0,0.00625,0.00625,0.638548951048951,forecast then threshold
climatology,1,280.0,0.004166666666666667,0.0,1.0,0.004166666666666667,0.004166666666666667,0.4256993006993007,forecast then threshold
climatology,1,282.5,0.0,0.0,,0.0,0.0,0.0,forecast then threshold
climatology,1,285.0,0.0,0.0,,0.0,0.0,0.0,forecast then threshold
climatology,1,287.5,0.0,0.0,,0.0,0.0,0.0,forecast then threshold
climatology,1,290.0,0.0,0.0,,0.0,0.0,0.0,forecast then threshold
climatology,1,292.5,0.0,0.0,,0.0,0.0,0.0,forecast then threshold
climatology,1,295.0,0.0,0.0,,0.0,0.0,0.0,forecast then threshold
climatology,1,297.5,0.0,0.0,,0.0,0.0,0.0,forecast then threshold
climatology,1,300.0,0.0,0.0,,0.0,0.0,0.0,forecast then threshold
climatology,1,302.5,0.0,0.0,,0.0,0.0,0.0,forecast then threshold
climatology,1,305.0,0.0,0.0,,0.0,0.0,0.0,forecast then threshold
climatology,1,307.5,0.0,0.0,,0.0,0.0,0.0,forecast then threshold
climatology,1,310.0,0.0,0.0,,0.0,0.0,0.0,forecast then threshold
climatology,1,312.5,0.0,0.0,,0.0,0.0,0.0,forecast then threshold
climatology,1,315.0,0.0,0.0,,0.0,0.0,0.0,forecast then threshold
climatology,1,317.5,0.0,0.0,,0.0,0.0,0.0,forecast then threshold
climatology,1,320.0,0.0,0.0,,0.0,0.0,0.0,forecast then threshold
climatology,1,322.5,0.0,0.0,,0.0,0.0,0.0,forecast then threshold
climatology,1,325.0,0.0,0.0,,0.0,0.0,0.0,forecast then threshold
climatology,1,327.5,0.0,0.0,,0.0,0.0,0.0,forecast then threshold
climatology,1,330.0,0.0,0.0,,0.0,0.0,0.0,forecast then threshold
climatology,1,332.5,0.0,0.0,,0.0,0.0,0.0,forecast then threshold
climatology,1,335.0,0.0,0.0,,0.0,0.0,0.0,forecast then threshold
climatology,1,337.5,0.0,0.0,,0.0,0.0,0.0,forecast then threshold
climatology,1,340.0,0.0,0.0,,0.0,0.0,0.0,forecast then threshold
climatology,1,342.5,0.0,0.0,,0.0,0.0,0.0,forecast then threshold
climatology,1,345.0,0.0,0.0,,0.0,0.0,0.0,forecast then threshold
climatology,1,347.5,0.0,0.0,,0.0,0.0,0.0,forecast then threshold
climatology,1,350.0,0.0,0.0,,0.0,0.0,0.0,forecast then threshold
climatology,1,352.5,0.0,0.0,,0.0,0.0,0.0,forecast then threshold
climatology,1,355.0,0.0,0.0,,0.0,0.0,0.0,forecast then threshold
climatology,1,357.5,0.0,0.0,,0.0,0.0,0.0,forecast then threshold
climatology,1,360.0,0.0,0.0,,0.0,0.0,0.0,forecast then threshold
climatology,1,362.5,0.0,0.0,,0.0,0.0,0.0,forecast then threshold
climatology,1,365.0,0.0,0.0,,0.0,0.0,0.0,forecast then threshold
climatology,1,367.5,0.0,0.0,,0.0,0.0,0.0,forecast then threshold
climatology,1,370.0,0.0,0.0,,0.0,0.0,0.0,forecast then threshold
climatology,1,372.5,0.0,0.0,,0.0,0.0,0.0,forecast then threshold
climatology,1,375.0,0.0,0.0,,0.0,0.0,0.0,forecast then threshold
climatology,1,377.5,0.0,0.0,,0.0,0.0,0.0,forecast then threshold
climatology,1,380.0,0.0,0.0,,0.0,0.0,0.0,forecast then threshold
climatology,1,382.5,0.0,0.0,,0.0,0.0,0.0,forecast then threshold
climatology,1,385.0,0.0,0.0,,0.0,0.0,0.0,forecast then threshold
climatology,1,387.5,0.0,0.0,,0.0,0.0,0.0,forecast then threshold
climatology,1,390.0,0.0,0.0,,0.0,0.0,0.0,forecast then threshold
climatology,1,392.5,0.0,0.0,,0.0,0.0,0.0,forecast then threshold
climatology,1,395.0,0.0,0.0,,0.0,0.0,0.0,forecast then threshold
climatology,1,397.5,0.0,0.0,,0.0,0.0,0.0,forecast then threshold
climatology,1,400.0,0.0,0.0,,0.0,0.0,0.0,forecast then threshold
climatology,2,20.0,1.0,1.0,0.278436018957346,0.278436018957346,0.0,365.24999999999994,forecast then threshold
climatology,2,22.5,1.0,1.0,0.278436018957346,0.278436018957346,0.0,365.24999999999994,forecast then threshold
climatology,2,25.0,1.0,1.0,0.278436018957346,0.278436018957346,0.0,365.24999999999994,forecast then threshold
climatology,2,27.5,1.0,0.9811165845648604,0.2822822822822823,0.2822822822822823,0.018883415435139606,360.2732523696682,forecast then threshold
climatology,2,30.0,1.0,0.9548440065681445,0.2878138395590937,0.2878138395590937,0.0451559934318555,353.34908175355446,forecast then threshold
climatology,2,32.5,1.0,0.9343185550082101,0.2922885572139303,0.2922885572139303,0.06568144499178985,347.93957345971563,forecast then threshold
climatology,2,35.0,1.0,0.8842364532019704,0.3038138332255979,0.3038138332255979,0.11576354679802958,334.74037322274876,forecast then threshold
climatology,2,37.5,1.0,0.8415435139573071,0.31438127090301005,0.31438127090301005,0.1584564860426929,323.48859597156394,forecast then threshold
climatology,2,40.0,1.0,0.8078817733990148,0.32324621733149933,0.32324621733149933,0.1921182266009852,314.6170023696682,forecast then threshold
climatology,2,42.5,1.0,0.7725779967159278,0.3330970942593905,0.3330970942593905,0.22742200328407225,305.31264810426535,forecast then threshold
climatology,2,45.0,1.0,0.7430213464696224,0.3418181818181818,0.3418181818181818,0.25697865353037763,297.5229561611374,forecast then threshold
climatology,2,47.5,1.0,0.7183908045977011,0.34944237918215615,0.34944237918215615,0.2816091954022989,291.03154620853076,forecast then threshold
climatology,2,50.0,1.0,0.6904761904761905,0.35850495804729215,0.35850495804729215,0.30952380952380953,283.67461492890993,forecast then threshold
climatology,2,52.5,1.0,0.6650246305418719,0.3671875,0.3671875,0.3349753694581281,276.9668246445497,forecast then threshold
climatology,2,55.0,1.0,0.6477832512315271,0.3733121525019857,0.3733121525019857,0.35221674876847286,272.4228376777251,forecast then threshold
climatology,2,57.5,1.0,0.6198686371100164,0.3836734693877551,0.3836734693877551,0.3801313628899836,265.06590639810423,forecast then threshold
climatology,2,60.0,1.0,0.59688013136289,0.39264828738512947,0.39264828738512947,0.40311986863711,259.00725710900474,forecast then threshold
climatology,2,62.5,1.0,0.5632183908045977,0.40657439446366783,0.40657439446366783,0.4367816091954023,250.13566350710897,forecast then threshold
climatology,2,65.0,1.0,0.5361247947454844,0.41852181656277826,0.41852181656277826,0.46387520525451564,242.99511255924168,forecast then threshold
climatology,2,67.5,1.0,0.49835796387520526,0.436397400185701,0.436397400185701,0.5016420361247947,233.0416172985782,forecast then threshold
climatology,2,70.0,1.0,0.4745484400656814,0.4484732824427481,0.4484732824427481,0.5254515599343186,226.7665876777251,forecast then threshold
climatology,2,72.5,0.9957446808510638,0.4523809523809524,0.4592737978410206,0.4583741429970617,0.5433637284701114,220.491558056872,forecast then threshold
climatology,2,75.0,0.9893617021276596,0.4121510673234811,0.4808686659772492,0.4783950617283951,0.5772106348041786,209.2397808056872,forecast then threshold
climatology,2,77.5,0.9893617021276596,0.37438423645320196,0.504885993485342,0.5021598272138229,0.6149774656744577,199.28628554502367,forecast then threshold
climatology,2,80.0,0.9829787234042553,0.3251231527093596,0.5384615384615384,0.5334872979214781,0.6578555706948956,185.65432464454975,forecast then threshold
climatology,2,82.5,0.9744680851063829,0.26683087027914615,0.5849297573435505,0.5761006289308176,0.7076372148272367,169.42579976303315,forecast then threshold
climatology,2,85.0,0.9723404255319149,0.2348111658456486,0.6150740242261103,0.6044973544973545,0.7375292596862664,160.77058649289097,forecast then threshold
climatology,2,87.5,0.9702127659574468,0.22085385878489328,0.6289655172413793,0.6170500676589986,0.7493589071725535,156.875740521327,forecast then threshold
climatology,2,90.0,0.9702127659574468,0.20853858784893267,0.6422535211267606,0.6298342541436464,0.7616741781085141,153.63003554502367,forecast then threshold
climatology,2,92.5,0.9680851063829787,0.1921182266009852,0.660377358490566,0.6463068181818182,0.7759668797819935,149.08604857819904,forecast then threshold
climatology,2,95.0,0.9680851063829787,0.1748768472906404,0.6811377245508982,0.6661786237188873,0.7932082590923384,144.5420616113744,forecast then threshold
climatology,2,97.5,0.9680851063829787,0.1625615763546798,0.6967840735068913,0.6811377245508982,0.8055235300282989,141.29635663507108,forecast then threshold
climatology,2,100.0,0.9659574468085106,0.1568144499178982,0.703875968992248,0.686838124054463,0.8091429968906124,139.56531398104264,forecast then threshold
climatology,2,102.5,0.9617021276595744,0.14860426929392448,0.7140600315955766,0.6943164362519201,0.81309785836565,136.96875,forecast then threshold
climatology,2,105.0,0.9617021276595744,0.14367816091954022,0.7208931419457735,0.7007751937984497,0.8180239667400342,135.67046800947867,forecast then threshold
climatology,2,107.5,0.9595744680851064,0.13793103448275862,0.72859450726979,0.7068965517241379,0.8216434336023477,133.93942535545023,forecast then threshold
climatology,2,110.0,0.9595744680851064,0.13382594417077176,0.7345276872964169,0.7124802527646129,0.8257485239143346,132.85752369668245,forecast then threshold
climatology,2,112.5,0.9553191489361702,0.12643678160919541,0.7446102819237148,0.719551282051282,0.8288823673269747,130.47734004739334,forecast then threshold
climatology,2,115.0,0.951063829787234,0.1206896551724138,0.7525252525252525,0.7244732576985413,0.8303741746148202,128.52991706161137,forecast then threshold
climatology,2,117.5,0.9468085106382979,0.11494252873563218,0.7606837606837606,0.7295081967213115,0.8318659819026657,126.58249407582937,forecast then threshold
climatology,2,120.0,0.9404255319148936,0.11247947454844007,0.7633851468048359,0.728171334431631,0.8279460573664535,125.28421208530804,forecast then threshold
climatology,2,122.5,0.9361702127659575,0.10919540229885058,0.7678883071553229,0.7296849087893864,0.8269748104671069,123.98593009478672,forecast then threshold
climatology,2,125.0,0.9340425531914893,0.10591133004926108,0.772887323943662,0.7328881469115192,0.8281312231422282,122.90402843601895,forecast then threshold
climatology,2,127.5,0.9319148936170213,0.10426929392446634,0.7752212389380531,0.7336683417085427,0.8276455996925549,122.25488744075828,forecast then threshold
climatology,2,130.0,0.925531914893617,0.10098522167487685,0.7795698924731183,0.7335581787521079,0.8245466932187401,120.74022511848341,forecast then threshold
climatology,2,132.5,0.9191489361702128,0.0993431855500821,0.7811934900542495,0.7309644670050761,0.8198057506201306,119.65832345971563,forecast then threshold
climatology,2,135.0,0.9148936170212766,0.09441707717569786,0.7889908256880734,0.7350427350427351,0.8204765398455787,117.92728080568719,forecast then threshold
climatology,2,137.5,0.9063829787234042,0.09359605911330049,0.7888888888888889,0.7294520547945206,0.8127869196101037,116.84537914691943,forecast then threshold
climatology,2,140.0,0.902127659574468,0.08784893267651889,0.7984934086629002,0.7348353552859619,0.8142787268979492,114.89795616113743,forecast then threshold
climatology,2,142.5,0.902127659574468,0.08702791461412152,0.8,0.7361111111111112,0.8150997449603465,114.68157582938387,forecast then threshold
climatology,2,145.0,0.8978723404255319,0.0812807881773399,0.8099808061420346,0.7416520210896309,0.816591552248192,112.73415284360189,forecast then threshold
climatology,2,147.5,0.8808510638297873,0.07717569786535304,0.8149606299212598,0.7340425531914894,0.8036753659644342,109.92120853080567,forecast then threshold
climatology,2,150.0,0.8680851063829788,0.07307060755336617,0.8209255533199196,0.7298747763864043,0.7950144988296126,107.54102488151658,forecast then threshold
climatology,2,152.5,0.8574468085106383,0.07142857142857142,0.8224489795918367,0.7235188509874326,0.7860182370820669,106.02636255924169,forecast then threshold
climatology,2,155.0,0.8404255319148937,0.06896551724137931,0.824634655532359,0.7129963898916968,0.7714600146735143,103.6461789099526,forecast then threshold
climatology,2,157.5,0.8361702127659575,0.06403940886699508,0.8343949044585988,0.7171532846715328,0.7721308038989624,101.91513625592417,forecast then threshold
climatology,2,160.0,0.8191489361702128,0.05993431855500821,0.8406113537117904,0.7090239410681399,0.7592146176152046,99.10219194312795,forecast then threshold
climatology,2,162.5,0.7978723404255319,0.059113300492610835,0.8389261744966443,0.6918819188191881,0.738759039932921,96.72200829383885,forecast then threshold
climatology,2,165.0,0.7829787234042553,0.05747126436781609,0.8401826484018264,0.6814814814814815,0.7255074590364392,94.77458530805687,forecast then threshold
climatology,2,167.5,0.7638297872340426,0.05582922824302135,0.8407494145199064,0.6672862453531598,0.7080005589910212,92.39440165876776,forecast then threshold
climatology,2,170.0,0.7468085106382979,0.05090311986863711,0.8498789346246973,0.6597744360902256,0.6959053907696607,89.365077014218,forecast then threshold
climatology,2,172.5,0.7170212765957447,0.04597701149425287,0.8575063613231552,0.6406844106463878,0.6710442651014918,85.03747037914691,forecast then threshold
climatology,2,175.0,0.7,0.04433497536945813,0.8590078328981723,0.6278625954198473,0.6556650246305418,82.87366706161137,forecast then threshold
climatology,2,177.5,0.6553191489361702,0.042692939244663386,0.8555555555555555,0.5900383141762452,0.6126262096915067,77.89691943127961,forecast then threshold
climatology,2,180.0,0.6191489361702127,0.03776683087027915,0.8635014836795252,0.563953488372093,0.5813821052999336,72.92017180094786,forecast then threshold
climatology,2,182.5,0.6,0.029556650246305417,0.8867924528301887,0.5573122529644269,0.5704433497536946,68.80894549763032,forecast then threshold
climatology,2,185.0,0.5702127659574469,0.026272577996715927,0.8933333333333333,0.5338645418326693,0.543940187960731,64.91409952606635,forecast then threshold
climatology,2,187.5,0.5446808510638298,0.024630541871921183,0.8951048951048951,0.512,0.5200503091919086,61.884774881516584,forecast then threshold
climatology,2,190.0,0.5170212765957447,0.022988505747126436,0.8966789667896679,0.4879518072289157,0.4940327708486183,58.63906990521326,forecast then threshold
climatology,2,192.5,0.4829787234042553,0.022167487684729065,0.8937007874015748,0.4567404426559356,0.4608112357195262,54.960604265402836,forecast then threshold
climatology,2,195.0,0.4425531914893617,0.019704433497536946,0.896551724137931,0.42105263157894735,0.42284875799182475,50.20023696682464,forecast then threshold
climatology,2,197.5,0.41702127659574467,0.019704433497536946,0.8909090909090909,0.3967611336032389,0.39731684309820775,47.603672985781984,forecast then threshold
climatology,2,200.0,0.3851063829787234,0.018883415435139574,0.8872549019607843,0.3671399594320487,0.36622296754358385,44.14158767772511,forecast then threshold
climatology,2,202.5,0.3595744680851064,0.017241379310344827,0.8894736842105263,0.34419551934826886,0.3423330887747616,41.11226303317535,forecast then threshold
climatology,2,205.0,0.3425531914893617,0.016420361247947456,0.8895027624309392,0.32857142857142857,0.32613283024141426,39.16484004739336,forecast then threshold
climatology,2,207.5,0.32978723404255317,0.014778325123152709,0.8959537572254336,0.3176229508196721,0.3150089089194005,37.43379739336493,forecast then threshold
climatology,2,210.0,0.30425531914893617,0.011494252873563218,0.910828025477707,0.29545454545454547,0.29276106627537296,33.971712085308056,forecast then threshold
climatology,2,212.5,0.2936170212765957,0.011494252873563218,0.9078947368421053,0.28512396694214875,0.2821227684030325,32.88981042654028,forecast then threshold
climatology,2,215.0,0.2765957446808511,0.009852216748768473,0.9154929577464789,0.2697095435684647,0.2667435279320826,30.726007109004737,forecast then threshold
climatology,2,217.5,0.25957446808510637,0.009852216748768473,0.9104477611940298,0.25311203319502074,0.2497222513363379,28.9949644549763,forecast then threshold
climatology,2,220.0,0.24680851063829787,0.0090311986863711,0.9133858267716536,0.24116424116424118,0.23777731195192678,27.480302132701418,forecast then threshold
climatology,2,222.5,0.2404255319148936,0.0090311986863711,0.9112903225806451,0.23492723492723494,0.23139433322852251,26.831161137440755,forecast then threshold
climatology,2,225.0,0.2276595744680851,0.0090311986863711,0.9067796610169492,0.22245322245322247,0.218628375781714,25.53287914691943,forecast then threshold
climatology,2,227.5,0.21914893617021278,0.0090311986863711,0.9035087719298246,0.21413721413721415,0.2101177374838417,24.66735781990521,forecast then threshold
climatology,2,230.0,0.20851063829787234,0.007389162561576354,0.9158878504672897,0.2045929018789144,0.201121475736296,23.15269549763033,forecast then threshold
climatology,2,232.5,0.19574468085106383,0.006568144499178982,0.92,0.19246861924686193,0.18917653635188486,21.63803317535545,forecast then threshold
climatology,2,235.0,0.18936170212765957,0.005747126436781609,0.9270833333333334,0.18658280922431866,0.18361457569087797,20.77251184834123,forecast then threshold
climatology,2,237.5,0.1723404255319149,0.0049261083743842365,0.9310344827586207,0.17016806722689076,0.16741431715753066,18.82508886255924,forecast then threshold
climatology,2,240.0,0.15319148936170213,0.0049261083743842365,0.9230769230769231,0.15126050420168066,0.1482653809873179,16.87766587677725,forecast then threshold
climatology,2,242.5,0.13617021276595745,0.004105090311986864,0.927536231884058,0.13473684210526315,0.1320651224539706,14.93024289099526,forecast then threshold
climatology,2,245.0,0.1276595744680851,0.003284072249589491,0.9375,0.12658227848101267,0.12437550221849561,13.848341232227487,forecast then threshold
climatology,2,247.5,0.11063829787234042,0.0024630541871921183,0.9454545454545454,0.10993657505285412,0.1081752436851483,11.900918246445496,forecast then threshold
climatology,2,250.0,0.1,0.0016420361247947454,0.9591836734693877,0.09957627118644068,0.09835796387520526,10.60263625592417,forecast then threshold
climatology,2,252.5,0.07872340425531915,0.0016420361247947454,0.9487179487179487,0.07838983050847458,0.07708136813052441,8.438832938388625,forecast then threshold
climatology,2,255.0,0.07021276595744681,0.0008210180623973727,0.9705882352941176,0.07006369426751592,0.06939174789504944,7.356931279620852,forecast then threshold
climatology,2,257.5,0.05531914893617021,0.0008210180623973727,0.9629629629629629,0.055201698513800426,0.05449813087377284,5.842268957345971,forecast then threshold
climatology,2,260.0,0.04468085106382979,0.0008210180623973727,0.9545454545454546,0.044585987261146494,0.04385983300143242,4.760367298578199,forecast then threshold
climatology,2,262.5,0.029787234042553193,0.0008210180623973727,0.9333333333333333,0.029723991507430998,0.02896621598015582,3.2457049763033172,forecast then threshold
climatology,2,265.0,0.02553191489361702,0.0008210180623973727,0.9230769230769231,0.025477707006369428,0.024710896831219648,2.8129443127962084,forecast then threshold
climatology,2,267.5,0.01702127659574468,0.0008210180623973727,0.8888888888888888,0.016985138004246284,0.01620025853334731,1.9474229857819902,forecast then threshold
climatology,2,270.0,0.01702127659574468,0.0008210180623973727,0.8888888888888888,0.016985138004246284,0.01620025853334731,1.9474229857819902,forecast then threshold
climatology,2,272.5,0.01276595744680851,0.0008210180623973727,0.8571428571428571,0.012738853503184714,0.011944939384411137,1.5146623222748814,forecast then threshold
climatology,2,275.0,0.00851063829787234,0.0,1.0,0.00851063829787234,0.00851063829787234,0.8655213270142179,forecast then threshold
climatology,2,277.5,0.006382978723404255,0.0,1.0,0.006382978723404255,0.006382978723404255,0.6491409952606635,forecast then threshold
climatology,2,280.0,0.002127659574468085,0.0,1.0,0.002127659574468085,0.002127659574468085,0.21638033175355448,forecast then threshold
climatology,2,282.5,0.0,0.0,,0.0,0.0,0.0,forecast then threshold
climatology,2,285.0,0.0,0.0,,0.0,0.0,0.0,forecast then threshold
climatology,2,287.5,0.0,0.0,,0.0,0.0,0.0,forecast then threshold
climatology,2,290.0,0.0,0.0,,0.0,0.0,0.0,forecast then threshold
climatology,2,292.5,0.0,0.0,,0.0,0.0,0.0,forecast then threshold
climatology,2,295.0,0.0,0.0,,0.0,0.0,0.0,forecast then threshold
climatology,2,297.5,0.0,0.0,,0.0,0.0,0.0,forecast then threshold
climatology,2,300.0,0.0,0.0,,0.0,0.0,0.0,forecast then threshold
climatology,2,302.5,0.0,0.0,,0.0,0.0,0.0,forecast then threshold
climatology,2,305.0,0.0,0.0,,0.0,0.0,0.0,forecast then threshold
climatology,2,307.5,0.0,0.0,,0.0,0.0,0.0,forecast then threshold
climatology,2,310.0,0.0,0.0,,0.0,0.0,0.0,forecast then threshold
climatology,2,312.5,0.0,0.0,,0.0,0.0,0.0,forecast then threshold
climatology,2,315.0,0.0,0.0,,0.0,0.0,0.0,forecast then threshold
climatology,2,317.5,0.0,0.0,,0.0,0.0,0.0,forecast then threshold
climatology,2,320.0,0.0,0.0,,0.0,0.0,0.0,forecast then threshold
climatology,2,322.5,0.0,0.0,,0.0,0.0,0.0,forecast then threshold
climatology,2,325.0,0.0,0.0,,0.0,0.0,0.0,forecast then threshold
climatology,2,327.5,0.0,0.0,,0.0,0.0,0.0,forecast then threshold
climatology,2,330.0,0.0,0.0,,0.0,0.0,0.0,forecast then threshold
climatology,2,332.5,0.0,0.0,,0.0,0.0,0.0,forecast then threshold
climatology,2,335.0,0.0,0.0,,0.0,0.0,0.0,forecast then threshold
climatology,2,337.5,0.0,0.0,,0.0,0.0,0.0,forecast then threshold
climatology,2,340.0,0.0,0.0,,0.0,0.0,0.0,forecast then threshold
climatology,2,342.5,0.0,0.0,,0.0,0.0,0.0,forecast then threshold
climatology,2,345.0,0.0,0.0,,0.0,0.0,0.0,forecast then threshold
climatology,2,347.5,0.0,0.0,,0.0,0.0,0.0,forecast then threshold
climatology,2,350.0,0.0,0.0,,0.0,0.0,0.0,forecast then threshold
climatology,2,352.5,0.0,0.0,,0.0,0.0,0.0,forecast then threshold
climatology,2,355.0,0.0,0.0,,0.0,0.0,0.0,forecast then threshold
climatology,2,357.5,0.0,0.0,,0.0,0.0,0.0,forecast then threshold
climatology,2,360.0,0.0,0.0,,0.0,0.0,0.0,forecast then threshold
climatology,2,362.5,0.0,0.0,,0.0,0.0,0.0,forecast then threshold
climatology,2,365.0,0.0,0.0,,0.0,0.0,0.0,forecast then threshold
climatology,2,367.5,0.0,0.0,,0.0,0.0,0.0,forecast then threshold
climatology,2,370.0,0.0,0.0,,0.0,0.0,0.0,forecast then threshold
climatology,2,372.5,0.0,0.0,,0.0,0.0,0.0,forecast then threshold
climatology,2,375.0,0.0,0.0,,0.0,0.0,0.0,forecast then threshold
climatology,2,377.5,0.0,0.0,,0.0,0.0,0.0,forecast then threshold
climatology,2,380.0,0.0,0.0,,0.0,0.0,0.0,forecast then threshold
climatology,2,382.5,0.0,0.0,,0.0,0.0,0.0,forecast then threshold
climatology,2,385.0,0.0,0.0,,0.0,0.0,0.0,forecast then threshold
climatology,2,387.5,0.0,0.0,,0.0,0.0,0.0,forecast then threshold
climatology,2,390.0,0.0,0.0,,0.0,0.0,0.0,forecast then threshold
climatology,2,392.5,0.0,0.0,,0.0,0.0,0.0,forecast then threshold
climatology,2,395.0,0.0,0.0,,0.0,0.0,0.0,forecast then threshold
climatology,2,397.5,0.0,0.0,,0.0,0.0,0.0,forecast then threshold
climatology,2,400.0,0.0,0.0,,0.0,0.0,0.0,forecast then threshold
climatology,3,20.0,1.0,1.0,0.2782352941176471,0.2782352941176471,0.0,365.25,forecast then threshold
climatology,3,22.5,1.0,1.0,0.2782352941176471,0.2782352941176471,0.0,365.25,forecast then threshold
climatology,3,25.0,1.0,1.0,0.2782352941176471,0.2782352941176471,0.0,365.25,forecast then threshold
climatology,3,27.5,1.0,0.9812550937245313,0.28205128205128205,0.28205128205128205,0.018744906275468654,360.3083823529412,forecast then threshold
climatology,3,30.0,1.0,0.9551752241238793,0.2875379939209726,0.2875379939209726,0.04482477587612066,353.4330882352941,forecast then threshold
climatology,3,32.5,1.0,0.9356153219233904,0.2917951881554596,0.2917951881554596,0.06438467807660964,348.2766176470588,forecast then threshold
climatology,3,35.0,1.0,0.8850855745721271,0.3033996151379089,0.3033996151379089,0.11491442542787289,334.95573529411763,forecast then threshold
climatology,3,37.5,1.0,0.8418907905460473,0.3140770252324037,0.3140770252324037,0.15810920945395268,323.5685294117647,forecast then threshold
climatology,3,40.0,1.0,0.8068459657701712,0.3233082706766917,0.3233082706766917,0.1931540342298288,314.32985294117645,forecast then threshold
climatology,3,42.5,1.0,0.7726161369193154,0.33286418015482055,0.33286418015482055,0.2273838630806846,305.3060294117647,forecast then threshold
climatology,3,45.0,1.0,0.7432762836185819,0.34151624548736464,0.34151624548736464,0.2567237163814181,297.57132352941176,forecast then threshold
climatology,3,47.5,1.0,0.7180114099429503,0.34933530280649927,0.34933530280649927,0.2819885900570497,290.9108823529412,forecast then threshold
climatology,3,50.0,1.0,0.6878565607171964,0.3591495823842065,0.3591495823842065,0.31214343928280364,282.96132352941174,forecast then threshold
climatology,3,52.5,1.0,0.6634066829665851,0.36752136752136755,0.36752136752136755,0.3365933170334149,276.51573529411763,forecast then threshold
climatology,3,55.0,1.0,0.6471067644661777,0.3733228097868982,0.3733228097868982,0.35289323553382235,272.2186764705882,forecast then threshold
climatology,3,57.5,1.0,0.6193969030154849,0.38361719383617193,0.38361719383617193,0.3806030969845151,264.91367647058826,forecast then threshold
climatology,3,60.0,1.0,0.5949470252648736,0.3931837073981712,0.3931837073981712,0.40505297473512636,258.4680882352941,forecast then threshold
climatology,3,62.5,1.0,0.560717196414018,0.4074074074074074,0.4074074074074074,0.43928280358598204,249.44426470588235,forecast then threshold
climatology,3,65.0,1.0,0.5330073349633252,0.419698314108252,0.419698314108252,0.4669926650366748,242.13926470588234,forecast then threshold
climatology,3,67.5,1.0,0.49551752241238795,0.4375578168362627,0.4375578168362627,0.504482477587612,232.2560294117647,forecast then threshold
climatology,3,70.0,1.0,0.47351263243683783,0.4487666034155598,0.4487666034155598,0.5264873675631622,226.455,forecast then threshold
climatology,3,72.5,0.9957716701902748,0.45232273838630804,0.4590643274853801,0.4581712062256809,0.5434489318039668,220.43911764705882,forecast then threshold
climatology,3,75.0,0.9894291754756871,0.41401792991035047,0.47950819672131145,0.47706422018348627,0.5754112455653366,209.6964705882353,forecast then threshold
climatology,3,77.5,0.9894291754756871,0.3773431132844336,0.5026852846401718,0.5,0.6120860621912535,200.02808823529412,forecast then threshold
climatology,3,80.0,0.9830866807610994,0.3251833740831296,0.5381944444444444,0.533256880733945,0.6579033066779698,185.63294117647058,forecast then threshold
climatology,3,82.5,0.9746300211416491,0.2665036674816626,0.5850253807106599,0.57625,0.7081263536599864,169.30411764705883,forecast then threshold
climatology,3,85.0,0.9725158562367865,0.23471882640586797,0.6149732620320856,0.6044678055190539,0.7377970298309185,160.71,forecast then threshold
climatology,3,87.5,0.9704016913319239,0.22167889160554197,0.627906976744186,0.6161073825503356,0.7487227997263819,157.0575,forecast then threshold
climatology,3,90.0,0.9704016913319239,0.20863895680521596,0.641958041958042,0.6296296296296297,0.761762734526708,153.61985294117648,forecast then threshold
climatology,3,92.5,0.9682875264270613,0.1915240423797881,0.6608946608946609,0.6468926553672316,0.7767634840472732,148.89308823529413,forecast then threshold
climatology,3,95.0,0.9682875264270613,0.1752241238793806,0.6805349182763745,0.6656976744186046,0.7930634025476807,144.5960294117647,forecast then threshold
climatology,3,97.5,0.9682875264270613,0.16381418092909536,0.6949924127465857,0.6795252225519288,0.8044733454979659,141.58808823529412,forecast then threshold
climatology,3,100.0,0.9661733615221987,0.15647921760391198,0.7041602465331279,0.687218045112782,0.8096941439182868,139.4395588235294,forecast then threshold
climatology,3,102.5,0.9619450317124736,0.1491442542787286,0.713166144200627,0.6935975609756098,0.812800777433745,137.07617647058822,forecast then threshold
climatology,3,105.0,0.9619450317124736,0.14343928280358598,0.7210776545166403,0.7010785824345146,0.8185057489088876,135.57220588235293,forecast then threshold
climatology,3,107.5,0.9619450317124736,0.13773431132844335,0.7291666666666666,0.7087227414330218,0.8242107203840302,134.06823529411764,forecast then threshold
climatology,3,110.0,0.959830866807611,0.1328443357783211,0.7358184764991896,0.7138364779874213,0.8269865310292899,132.56426470588235,forecast then threshold
climatology,3,112.5,0.9556025369978859,0.12550937245313773,0.7458745874587459,0.7208931419457735,0.8300931645447481,130.20088235294116,forecast then threshold
climatology,3,115.0,0.9513742071881607,0.11898940505297473,0.7550335570469798,0.7269789983844911,0.832384802135186,128.05235294117648,forecast then threshold
climatology,3,117.5,0.9471458773784355,0.11246943765281174,0.764505119453925,0.7332242225859247,0.8346764397256238,125.90382352941177,forecast then threshold
climatology,3,120.0,0.9408033826638478,0.1100244498777506,0.7672413793103449,0.7319078947368421,0.8307789327860972,124.61470588235294,forecast then threshold
climatology,3,122.5,0.9386892177589852,0.10676446617766912,0.7721739130434783,0.7350993377483444,0.8319247515813161,123.5404411764706,forecast then threshold
climatology,3,125.0,0.9386892177589852,0.10350448247758762,0.7775831873905429,0.74,0.8351847352813976,122.68102941176471,forecast then threshold
climatology,3,127.5,0.9344608879492601,0.10268948655256724,0.778169014084507,0.7378964941569283,0.8317714013966928,122.03647058823529,forecast then threshold
climatology,3,130.0,0.9281183932346723,0.09942950285248574,0.7825311942959001,0.7378151260504202,0.8286888903821865,120.5325,forecast then threshold
climatology,3,132.5,0.9217758985200846,0.09861450692746536,0.7827648114901257,0.734006734006734,0.8231613915926193,119.67308823529412,forecast then threshold
climatology,3,135.0,0.919661733615222,0.09372453137734311,0.7909090909090909,0.7397959183673469,0.8259372022378788,118.16911764705883,forecast then threshold
climatology,3,137.5,0.9090909090909091,0.09290953545232274,0.7904411764705882,0.7325383304940375,0.8161813736385863,116.88,forecast then threshold
climatology,3,140.0,0.9069767441860465,0.08720456397718011,0.8003731343283582,0.7396551724137931,0.8197721802088663,115.16117647058823,forecast then threshold
climatology,3,142.5,0.904862579281184,0.08638956805215973,0.8014981273408239,0.7392055267702936,0.8184730112290243,114.7314705882353,forecast then threshold
climatology,3,145.0,0.9006342494714588,0.08149959250203749,0.8098859315589354,0.743455497382199,0.8191346569694212,113.01264705882353,forecast then threshold
climatology,3,147.5,0.8816067653276956,0.07660961695191525,0.8160469667318982,0.7354497354497355,0.8049971483757803,109.78985294117648,forecast then threshold
climatology,3,150.0,0.86892177589852,0.07253463732681337,0.822,0.7313167259786477,0.7963871385717067,107.42647058823529,forecast then threshold
climatology,3,152.5,0.8583509513742071,0.07008964955175224,0.8252032520325203,0.7262969588550984,0.7882613018224549,105.70764705882353,forecast then threshold
climatology,3,155.0,0.8393234672304439,0.06845965770171149,0.8253638253638254,0.7127468581687613,0.7708638095287325,103.34426470588235,forecast then threshold
climatology,3,157.5,0.8350951374207188,0.06356968215158924,0.8350951374207188,0.7168784029038112,0.7715254552691296,101.62544117647059,forecast then threshold
climatology,3,160.0,0.8160676532769556,0.06030969845150774,0.8391304347826087,0.7056672760511883,0.7557579548254478,98.83235294117647,forecast then threshold
climatology,3,162.5,0.7949260042283298,0.059494702526487364,0.8374164810690423,0.6886446886446886,0.7354313017018425,96.4689705882353,forecast then threshold
climatology,3,165.0,0.7801268498942917,0.05786471067644662,0.8386363636363636,0.6783088235294118,0.7222621392178451,94.53529411764706,forecast then threshold
climatology,3,167.5,0.7568710359408034,0.05623471882640587,0.8384074941451991,0.6605166051660517,0.7006363171143976,91.74220588235293,forecast then threshold
climatology,3,170.0,0.7399577167019028,0.05134474327628362,0.847457627118644,0.6529850746268657,0.6886129734256192,88.73426470588235,forecast then threshold
climatology,3,172.5,0.7103594080338267,0.04645476772616137,0.8549618320610687,0.6339622641509434,0.6639046403076653,84.43720588235294,forecast then threshold
climatology,3,175.0,0.6955602536997886,0.04482477587612062,0.8567708333333334,0.6231060606060606,0.6507354778236679,82.5035294117647,forecast then threshold
climatology,3,177.5,0.6490486257928119,0.04319478402607987,0.8527777777777777,0.5836501901140685,0.605853841766732,77.34705882352941,forecast then threshold
climatology,3,180.0,0.6131078224101479,0.03830480847595762,0.8605341246290801,0.5576923076923077,0.5748030139341903,72.40544117647059,forecast then threshold
climatology,3,182.5,0.5919661733615222,0.03015484922575387,0.8832807570977917,0.5490196078431373,0.5618113241357684,68.10838235294118,forecast then threshold
climatology,3,185.0,0.5623678646934461,0.02689486552567237,0.8896321070234113,0.525691699604743,0.5354729991677738,64.2410294117647,forecast then threshold
climatology,3,187.5,0.5369978858350951,0.02526487367563162,0.8912280701754386,0.503968253968254,0.5117330121594635,61.23308823529412,forecast then threshold
climatology,3,190.0,0.5095137420718816,0.02444987775061125,0.8892988929889298,0.47912524850894633,0.48506386432127035,58.22514705882353,forecast then threshold
climatology,3,192.5,0.47780126849894294,0.022819885900570498,0.889763779527559,0.45109780439121755,0.45498138259837245,54.57264705882353,forecast then threshold
climatology,3,195.0,0.4376321353065539,0.021189894050529748,0.8884120171673819,0.4148296593186373,0.4164422412560242,50.06073529411765,forecast then threshold
climatology,3,197.5,0.41014799154334036,0.020374898125509373,0.8858447488584474,0.3895582329317269,0.389773093417831,47.05279411764706,forecast then threshold
climatology,3,200.0,0.38054968287526425,0.019559902200488997,0.8823529411764706,0.36217303822937624,0.3609897806747753,43.83,forecast then threshold
climatology,3,202.5,0.35306553911205074,0.017929910350448247,0.8835978835978836,0.3373737373737374,0.3351356287616025,40.60720588235294,forecast then threshold
climatology,3,205.0,0.3361522198731501,0.017929910350448247,0.8784530386740331,0.3212121212121212,0.3182223095227018,38.88838235294118,forecast then threshold
climatology,3,207.5,0.3192389006342495,0.017114914425427872,0.877906976744186,0.305668016194332,0.3021239862088216,36.95470588235294,forecast then threshold
climatology,3,210.0,0.2959830866807611,0.013854930725346373,0.89171974522293,0.2857142857142857,0.28212815595541474,33.731911764705885,forecast then threshold
climatology,3,212.5,0.2832980972515856,0.013854930725346373,0.8874172185430463,0.27346938775510204,0.26944316652623923,32.44279411764706,forecast then threshold
climatology,3,215.0,0.266384778012685,0.012224938875305624,0.8936170212765957,0.2581967213114754,0.2541598391373794,30.29426470588235,forecast then threshold
climatology,3,217.5,0.24735729386892177,0.012224938875305624,0.8863636363636364,0.23975409836065573,0.23513235499361615,28.360588235294117,forecast then threshold
climatology,3,220.0,0.2346723044397463,0.010594947025264874,0.8951612903225806,0.22839506172839505,0.22407735741448143,26.641764705882352,forecast then threshold
climatology,3,222.5,0.22832980972515857,0.010594947025264874,0.8925619834710744,0.2222222222222222,0.2177348626998937,25.99720588235294,forecast then threshold
climatology,3,225.0,0.2156448202959831,0.010594947025264874,0.8869565217391304,0.20987654320987653,0.20504987327071822,24.708088235294117,forecast then threshold
climatology,3,227.5,0.20718816067653276,0.010594947025264874,0.8828828828828829,0.20164609053497942,0.1965932136512679,23.848676470588234,forecast then threshold
climatology,3,230.0,0.19661733615221988,0.008964955175224124,0.8942307692307693,0.1921487603305785,0.18765238097699577,22.34470588235294,forecast then threshold
climatology,3,232.5,0.1839323467230444,0.008149959250203748,0.8969072164948454,0.18012422360248448,0.17578238747284064,20.840735294117646,forecast then threshold
climatology,3,235.0,0.17547568710359407,0.007334963325183374,0.9021739130434783,0.17219917012448133,0.1681407237784107,19.766470588235293,forecast then threshold
climatology,3,237.5,0.15856236786469344,0.006519967400162999,0.9036144578313253,0.15592515592515593,0.15204240046453044,17.832794117647058,forecast then threshold
climatology,3,240.0,0.13953488372093023,0.006519967400162999,0.8918918918918919,0.13721413721413722,0.13301491632076723,15.899117647058823,forecast then threshold
climatology,3,242.5,0.12473572938689217,0.004889975550122249,0.9076923076923077,0.12317327766179541,0.11984575383676993,13.965441176470588,forecast then threshold
climatology,3,245.0,0.11627906976744186,0.004074979625101874,0.9166666666666666,0.11506276150627615,0.11220409014233998,12.891176470588235,forecast then threshold
climatology,3,247.5,0.09936575052854123,0.0032599837000814994,0.9215686274509803,0.09853249475890985,0.09610576682845973,10.9575,forecast then threshold
climatology,3,250.0,0.08879492600422834,0.0024449877750611247,0.9333333333333333,0.08823529411764706,0.08634993822916721,9.668382352941176,forecast then threshold
climatology,3,252.5,0.07399577167019028,0.0016299918500407497,0.9459459459459459,0.07368421052631578,0.07236577982014954,7.9495588235294115,forecast then threshold
climatology,3,255.0,0.06765327695560254,0.0008149959250203749,0.9696969696969697,0.06751054852320675,0.06683828103058216,7.090147058823529,forecast then threshold
climatology,3,257.5,0.05496828752642706,0.0008149959250203749,0.9629629629629629,0.05485232067510549,0.05415329160140669,5.801029411764706,forecast then threshold
climatology,3,260.0,0.04439746300211417,0.0008149959250203749,0.9545454545454546,0.04430379746835443,0.043582467077093796,4.726764705882353,forecast then threshold
climatology,3,262.5,0.03171247357293869,0.0008149959250203749,0.9375,0.03164556962025317,0.030897477647918312,3.4376470588235293,forecast then threshold
climatology,3,265.0,0.02748414376321353,0.0008149959250203749,0.9285714285714286,0.027426160337552744,0.026669147838193154,3.007941176470588,forecast then threshold
climatology,3,267.5,0.019027484143763214,0.0008149959250203749,0.9,0.0189873417721519,0.01821248821874284,2.148529411764706,forecast then threshold
climatology,3,270.0,0.019027484143763214,0.0008149959250203749,0.9,0.0189873417721519,0.01821248821874284,2.148529411764706,forecast then threshold
climatology,3,272.5,0.014799154334038054,0.0008149959250203749,0.875,0.014767932489451477,0.013984158409017679,1.7188235294117646,forecast then threshold
climatology,3,275.0,0.010570824524312896,0.0,1.0,0.010570824524312896,0.010570824524312896,1.074264705882353,forecast then threshold
climatology,3,277.5,0.008456659619450317,0.0,1.0,0.008456659619450317,0.008456659619450317,0.8594117647058823,forecast then threshold
climatology,3,280.0,0.004228329809725159,0.0,1.0,0.004228329809725159,0.004228329809725159,0.42970588235294116,forecast then threshold
climatology,3,282.5,0.0021141649048625794,0.0,1.0,0.0021141649048625794,0.0021141649048625794,0.21485294117647058,forecast then threshold
climatology,3,285.0,0.0,0.0,,0.0,0.0,0.0,forecast then threshold
climatology,3,287.5,0.0,0.0,,0.0,0.0,0.0,forecast then threshold
climatology,3,290.0,0.0,0.0,,0.0,0.0,0.0,forecast then threshold
climatology,3,292.5,0.0,0.0,,0.0,0.0,0.0,forecast then threshold
climatology,3,295.0,0.0,0.0,,0.0,0.0,0.0,forecast then threshold
climatology,3,297.5,0.0,0.0,,0.0,0.0,0.0,forecast then threshold
climatology,3,300.0,0.0,0.0,,0.0,0.0,0.0,forecast then threshold
climatology,3,302.5,0.0,0.0,,0.0,0.0,0.0,forecast then threshold
climatology,3,305.0,0.0,0.0,,0.0,0.0,0.0,forecast then threshold
climatology,3,307.5,0.0,0.0,,0.0,0.0,0.0,forecast then threshold
climatology,3,310.0,0.0,0.0,,0.0,0.0,0.0,forecast then threshold
climatology,3,312.5,0.0,0.0,,0.0,0.0,0.0,forecast then threshold
climatology,3,315.0,0.0,0.0,,0.0,0.0,0.0,forecast then threshold
climatology,3,317.5,0.0,0.0,,0.0,0.0,0.0,forecast then threshold
climatology,3,320.0,0.0,0.0,,0.0,0.0,0.0,forecast then threshold
climatology,3,322.5,0.0,0.0,,0.0,0.0,0.0,forecast then threshold
climatology,3,325.0,0.0,0.0,,0.0,0.0,0.0,forecast then threshold
climatology,3,327.5,0.0,0.0,,0.0,0.0,0.0,forecast then threshold
climatology,3,330.0,0.0,0.0,,0.0,0.0,0.0,forecast then threshold
climatology,3,332.5,0.0,0.0,,0.0,0.0,0.0,forecast then threshold
climatology,3,335.0,0.0,0.0,,0.0,0.0,0.0,forecast then threshold
climatology,3,337.5,0.0,0.0,,0.0,0.0,0.0,forecast then threshold
climatology,3,340.0,0.0,0.0,,0.0,0.0,0.0,forecast then threshold
climatology,3,342.5,0.0,0.0,,0.0,0.0,0.0,forecast then threshold
climatology,3,345.0,0.0,0.0,,0.0,0.0,0.0,forecast then threshold
climatology,3,347.5,0.0,0.0,,0.0,0.0,0.0,forecast then threshold
climatology,3,350.0,0.0,0.0,,0.0,0.0,0.0,forecast then threshold
climatology,3,352.5,0.0,0.0,,0.0,0.0,0.0,forecast then threshold
climatology,3,355.0,0.0,0.0,,0.0,0.0,0.0,forecast then threshold
climatology,3,357.5,0.0,0.0,,0.0,0.0,0.0,forecast then threshold
climatology,3,360.0,0.0,0.0,,0.0,0.0,0.0,forecast then threshold
climatology,3,362.5,0.0,0.0,,0.0,0.0,0.0,forecast then threshold
climatology,3,365.0,0.0,0.0,,0.0,0.0,0.0,forecast then threshold
climatology,3,367.5,0.0,0.0,,0.0,0.0,0.0,forecast then threshold
climatology,3,370.0,0.0,0.0,,0.0,0.0,0.0,forecast then threshold
climatology,3,372.5,0.0,0.0,,0.0,0.0,0.0,forecast then threshold
climatology,3,375.0,0.0,0.0,,0.0,0.0,0.0,forecast then threshold
climatology,3,377.5,0.0,0.0,,0.0,0.0,0.0,forecast then threshold
climatology,3,380.0,0.0,0.0,,0.0,0.0,0.0,forecast then threshold
climatology,3,382.5,0.0,0.0,,0.0,0.0,0.0,forecast then threshold
climatology,3,385.0,0.0,0.0,,0.0,0.0,0.0,forecast then threshold
climatology,3,387.5,0.0,0.0,,0.0,0.0,0.0,forecast then threshold
climatology,3,390.0,0.0,0.0,,0.0,0.0,0.0,forecast then threshold
climatology,3,392.5,0.0,0.0,,0.0,0.0,0.0,forecast then threshold
climatology,3,395.0,0.0,0.0,,0.0,0.0,0.0,forecast then threshold
climatology,3,397.5,0.0,0.0,,0.0,0.0,0.0,forecast then threshold
climatology,3,400.0,0.0,0.0,,0.0,0.0,0.0,forecast then threshold
gru,1,20.0,1.0,0.9587378640776699,0.2882882882882883,0.2882882882882883,0.04126213592233008,354.3946678321678,forecast then threshold
gru,1,22.5,1.0,0.9288025889967637,0.29484029484029484,0.29484029484029484,0.07119741100323629,346.5192307692307,forecast then threshold
gru,1,25.0,1.0,0.8883495145631068,0.3041825095057034,0.3041825095057034,0.11165048543689315,335.8767482517482,forecast then threshold
gru,1,27.5,1.0,0.8422330097087378,0.3155818540433925,0.3155818540433925,0.15776699029126218,323.74431818181813,forecast then threshold
gru,1,30.0,1.0,0.7969255663430421,0.32764505119453924,0.32764505119453924,0.20307443365695788,311.82473776223776,forecast then threshold
gru,1,32.5,1.0,0.7491909385113269,0.3413940256045519,0.3413940256045519,0.2508090614886731,299.2666083916084,forecast then threshold
gru,1,35.0,1.0,0.7038834951456311,0.35555555555555557,0.35555555555555557,0.2961165048543689,287.34702797202794,forecast then threshold
gru,1,37.5,1.0,0.6618122977346278,0.3697996918335901,0.3697996918335901,0.3381877022653722,276.27884615384613,forecast then threshold
gru,1,40.0,0.9979166666666667,0.6213592233009708,0.38412189254210105,0.3838141025641026,0.37655744336569585,265.423513986014,forecast then threshold
gru,1,42.5,0.9979166666666667,0.5906148867313916,0.39619520264681557,0.3958677685950413,0.40730177993527505,257.33522727272725,forecast then threshold
gru,1,45.0,0.9979166666666667,0.56957928802589,0.40490278951817416,0.4045608108108108,0.4283373786407767,251.80113636363635,forecast then threshold
gru,1,47.5,0.9979166666666667,0.5396440129449838,0.4179755671902269,0.4176111595466434,0.4582726537216829,243.92569930069928,forecast then threshold
gru,1,50.0,0.9979166666666667,0.5250809061488673,0.424645390070922,0.4242692648361382,0.4728357605177994,240.09440559440557,forecast then threshold
gru,1,52.5,0.9979166666666667,0.5024271844660194,0.4354545454545454,0.43505903723887374,0.49548948220064726,234.13461538461536,forecast then threshold
gru,1,55.0,0.9979166666666667,0.4741100323624595,0.4497652582159624,0.44934333958724204,0.5238066343042072,226.6848776223776,forecast then threshold
gru,1,57.5,0.9979166666666667,0.4457928802588997,0.4650485436893204,0.46459747817652763,0.552123786407767,219.23513986013984,forecast then threshold
gru,1,60.0,0.9979166666666667,0.41828478964401294,0.48092369477911645,0.48044132397191575,0.5796318770226537,211.99825174825173,forecast then threshold
gru,1,62.5,0.9958333333333333,0.3940129449838188,0.49533678756476685,0.49431230610134436,0.6018203883495146,205.39991258741256,forecast then threshold
gru,1,65.0,0.9916666666666667,0.3616504854368932,0.5157096424702059,0.5134843581445523,0.6300161812297735,196.46022727272725,forecast then threshold
gru,1,67.5,0.9916666666666667,0.33414239482200647,0.5354330708661418,0.5330347144456887,0.6575242718446602,189.22333916083915,forecast then threshold
gru,1,70.0,0.9916666666666667,0.3058252427184466,0.5573770491803278,0.5547785547785548,0.6858414239482201,181.7736013986014,forecast then threshold
gru,1,72.5,0.9916666666666667,0.27993527508090615,0.5790754257907542,0.576271186440678,0.7117313915857606,174.9624125874126,forecast then threshold
gru,1,75.0,0.9916666666666667,0.25485436893203883,0.6017699115044248,0.5987421383647799,0.7368122977346279,168.3640734265734,forecast then threshold
gru,1,77.5,0.9875,0.23462783171521034,0.6204188481675392,0.6155844155844156,0.7528721682847896,162.61713286713285,forecast then threshold
gru,1,80.0,0.9875,0.21197411003236247,0.6440217391304348,0.6388140161725068,0.7755258899676376,156.65734265734264,forecast then threshold
gru,1,82.5,0.9854166666666667,0.18932038834951456,0.669024045261669,0.6624649859943977,0.7960962783171521,150.48470279720277,forecast then threshold
gru,1,85.0,0.98125,0.16828478964401294,0.6936671575846833,0.684593023255814,0.812965210355987,144.5249125874126,forecast then threshold
gru,1,87.5,0.9770833333333333,0.15614886731391586,0.7084592145015106,0.6968796433878157,0.8209344660194174,140.90646853146853,forecast then threshold
gru,1,90.0,0.9770833333333333,0.14320388349514562,0.7260061919504643,0.7138508371385084,0.8338794498381876,137.5008741258741,forecast then threshold
gru,1,92.5,0.9708333333333333,0.12864077669902912,0.7456,0.729264475743349,0.8421925566343043,133.03103146853147,forecast then threshold
gru,1,95.0,0.96875,0.11650485436893204,0.7635467980295566,0.7451923076923077,0.852245145631068,129.62543706293707,forecast then threshold
gru,1,97.5,0.9666666666666667,0.11003236245954692,0.7733333333333333,0.7532467532467533,0.8566343042071197,127.7097902097902,forecast then threshold
gru,1,100.0,0.9625,0.10436893203883495,0.7817258883248731,0.7586206896551724,0.8581310679611651,125.79414335664335,forecast then threshold
gru,1,102.5,0.9583333333333334,0.09870550161812297,0.7903780068728522,0.7641196013289037,0.8596278317152104,123.87849650349649,forecast then threshold
gru,1,105.0,0.9520833333333333,0.09142394822006472,0.8017543859649123,0.7706576728499157,0.8606593851132686,121.3243006993007,forecast then threshold
gru,1,107.5,0.95,0.08576051779935275,0.8113879003558719,0.7781569965870307,0.8642394822006472,119.6215034965035,forecast then threshold
gru,1,110.0,0.9458333333333333,0.07766990291262135,0.8254545454545454,0.7881944444444444,0.868163430420712,117.06730769230768,forecast then threshold
gru,1,112.5,0.9395833333333333,0.0703883495145631,0.8382899628252788,0.7954144620811288,0.8691949838187703,114.51311188811188,forecast then threshold
gru,1,115.0,0.9354166666666667,0.063915857605178,0.8503787878787878,0.8032200357781754,0.8715008090614886,112.38461538461537,forecast then threshold
gru,1,117.5,0.9270833333333334,0.06229773462783172,0.8524904214559387,0.7989228007181328,0.8647855987055016,111.10751748251748,forecast then threshold
gru,1,120.0,0.9125,0.05339805825242718,0.8690476190476191,0.8021978021978022,0.8591019417475728,107.27622377622377,forecast then threshold
gru,1,122.5,0.9041666666666667,0.04854368932038835,0.8785425101214575,0.8037037037037037,0.8556229773462783,105.14772727272727,forecast then threshold
gru,1,125.0,0.8958333333333334,0.045307443365695796,0.8847736625514403,0.8022388059701493,0.8505258899676376,103.44493006993007,forecast then threshold
gru,1,127.5,0.88125,0.0412621359223301,0.8924050632911392,0.7966101694915254,0.8399878640776699,100.89073426573425,forecast then threshold
gru,1,130.0,0.8666666666666667,0.03640776699029126,0.9023861171366594,0.7923809523809524,0.8302588996763755,98.1236888111888,forecast then threshold
gru,1,132.5,0.8583333333333333,0.032362459546925564,0.911504424778761,0.7923076923076923,0.8259708737864078,96.20804195804195,forecast then threshold
gru,1,135.0,0.84375,0.02912621359223301,0.9183673469387755,0.7848837209302325,0.814623786407767,93.8666958041958,forecast then threshold
gru,1,137.5,0.8354166666666667,0.02750809061488673,0.9218390804597701,0.7801556420233463,0.80790857605178,92.58959790209789,forecast then threshold
gru,1,140.0,0.8229166666666666,0.023462783171521034,0.9316037735849056,0.7760314341846758,0.7994538834951456,90.24825174825175,forecast then threshold
gru,1,142.5,0.8145833333333333,0.022653721682847898,0.9331742243436754,0.7696850393700787,0.7919296116504855,89.1840034965035,forecast then threshold
gru,1,145.0,0.8020833333333334,0.022653721682847898,0.9322033898305084,0.7578740157480315,0.7794296116504855,87.90690559440559,forecast then threshold
gru,1,147.5,0.78125,0.021035598705501618,0.9351620947630923,0.741106719367589,0.7602144012944984,85.35270979020979,forecast then threshold
gru,1,150.0,0.7708333333333334,0.019417475728155338,0.9390862944162437,0.7341269841269841,0.751415857605178,83.86276223776223,forecast then threshold
gru,1,152.5,0.7541666666666667,0.01779935275080906,0.9427083333333334,0.7211155378486056,0.7363673139158576,81.73426573426573,forecast then threshold
gru,1,155.0,0.7333333333333333,0.01779935275080906,0.9411764705882353,0.701195219123506,0.7155339805825243,79.60576923076923,forecast then threshold
gru,1,157.5,0.7166666666666667,0.014563106796116505,0.9502762430939227,0.6907630522088354,0.7021035598705502,77.05157342657343,forecast then threshold
gru,1,160.0,0.6895833333333333,0.012944983818770227,0.9538904899135446,0.6673387096774194,0.6766383495145631,73.85882867132867,forecast then threshold
gru,1,162.5,0.675,0.010517799352750809,0.9614243323442137,0.6572008113590264,0.6644822006472493,71.73033216783216,forecast then threshold
gru,1,165.0,0.6479166666666667,0.00889967637540453,0.9658385093167702,0.6334012219959266,0.6390169902912621,68.53758741258741,forecast then threshold
gru,1,167.5,0.6270833333333333,0.008090614886731391,0.9678456591639871,0.6142857142857143,0.618992718446602,66.19624125874125,forecast then threshold
gru,1,170.0,0.60625,0.008090614886731391,0.9667774086378738,0.5938775510204082,0.5981593851132686,64.06774475524475,forecast then threshold
gru,1,172.5,0.5979166666666667,0.007281553398058253,0.9695945945945946,0.5869120654396728,0.5906351132686084,63.0034965034965,forecast then threshold
gru,1,175.0,0.58125,0.006472491909385114,0.9721254355400697,0.5717213114754098,0.5747775080906149,61.087849650349646,forecast then threshold
gru,1,177.5,0.5583333333333333,0.0056634304207119745,0.9745454545454545,0.5503080082135524,0.5526699029126214,58.53365384615384,forecast then threshold
gru,1,180.0,0.5395833333333333,0.0056634304207119745,0.9736842105263158,0.5318275154004107,0.5339199029126214,56.618006993006986,forecast then threshold
gru,1,182.5,0.5083333333333333,0.0056634304207119745,0.9721115537848606,0.5010266940451745,0.5026699029126214,53.42526223776223,forecast then threshold
gru,1,185.0,0.4895833333333333,0.0056634304207119745,0.9710743801652892,0.48254620123203285,0.4839199029126213,51.50961538461538,forecast then threshold
gru,1,187.5,0.47291666666666665,0.0056634304207119745,0.9700854700854701,0.46611909650924027,0.46725323624595466,49.80681818181818,forecast then threshold
gru,1,190.0,0.4395833333333333,0.0056634304207119745,0.9678899082568807,0.433264887063655,0.43391990291262134,46.40122377622377,forecast then threshold
gru,1,192.5,0.41875,0.0056634304207119745,0.9663461538461539,0.4127310061601643,0.413086569579288,44.272727272727266,forecast then threshold
gru,1,195.0,0.4041666666666667,0.0056634304207119745,0.9651741293532339,0.39835728952772076,0.3985032362459547,42.78277972027972,forecast then threshold
gru,1,197.5,0.3770833333333333,0.0048543689320388345,0.9679144385026738,0.3724279835390947,0.3722289644012945,39.80288461538461,forecast then threshold
gru,1,200.0,0.36666666666666664,0.0048543689320388345,0.967032967032967,0.36213991769547327,0.3618122977346278,38.73863636363636,forecast then threshold
gru,1,202.5,0.35,0.0048543689320388345,0.9655172413793104,0.345679012345679,0.34514563106796114,37.03583916083916,forecast then threshold
gru,1,205.0,0.33541666666666664,0.0048543689320388345,0.9640718562874252,0.33127572016460904,0.3305622977346278,35.54589160839161,forecast then threshold
gru,1,207.5,0.32083333333333336,0.0048543689320388345,0.9625,0.3168724279835391,0.3159789644012945,34.05594405594405,forecast then threshold
gru,1,210.0,0.3,0.0040453074433656954,0.9664429530201343,0.29690721649484536,0.2959546925566343,31.7145979020979,forecast then threshold
gru,1,212.5,0.2916666666666667,0.0040453074433656954,0.9655172413793104,0.28865979381443296,0.287621359223301,30.8631993006993,forecast then threshold
gru,1,215.0,0.2875,0.003236245954692557,0.971830985915493,0.28512396694214875,0.2842637540453074,30.224650349650346,forecast then threshold
gru,1,217.5,0.2708333333333333,0.0024271844660194173,0.9774436090225563,0.2691511387163561,0.2684061488673139,28.309003496503493,forecast then threshold
gru,1,220.0,0.2604166666666667,0.0024271844660194173,0.9765625,0.2587991718426501,0.25798948220064727,27.244755244755243,forecast then threshold
gru,1,222.5,0.24166666666666667,0.0024271844660194173,0.9747899159663865,0.2401656314699793,0.23923948220064725,25.32910839160839,forecast then threshold
gru,1,225.0,0.22291666666666668,0.0024271844660194173,0.9727272727272728,0.22153209109730848,0.22048948220064726,23.413461538461537,forecast then threshold
gru,1,227.5,0.21666666666666667,0.0024271844660194173,0.9719626168224299,0.2153209109730849,0.21423948220064726,22.774912587412587,forecast then threshold
gru,1,230.0,0.20416666666666666,0.0024271844660194173,0.9702970297029703,0.2028985507246377,0.20173948220064725,21.497814685314683,forecast then threshold
gru,1,232.5,0.20208333333333334,0.0024271844660194173,0.97,0.20082815734989648,0.19965614886731392,21.284965034965033,forecast then threshold
gru,1,235.0,0.1875,0.0024271844660194173,0.967741935483871,0.18633540372670807,0.18507281553398058,19.79501748251748,forecast then threshold
gru,1,237.5,0.17083333333333334,0.0024271844660194173,0.9647058823529412,0.16977225672877846,0.16840614886731392,18.09222027972028,forecast then threshold
gru,1,240.0,0.15208333333333332,0.0024271844660194173,0.9605263157894737,0.15113871635610765,0.1496561488673139,16.176573426573427,forecast then threshold
gru,1,242.5,0.14791666666666667,0.0024271844660194173,0.9594594594594594,0.14699792960662525,0.14548948220064725,15.750874125874125,forecast then threshold
gru,1,245.0,0.14166666666666666,0.0024271844660194173,0.9577464788732394,0.14078674948240166,0.13923948220064725,15.112325174825173,forecast then threshold
gru,1,247.5,0.13125,0.0016181229773462784,0.9692307692307692,0.13070539419087138,0.12963187702265372,13.835227272727272,forecast then threshold
gru,1,250.0,0.12291666666666666,0.0016181229773462784,0.9672131147540983,0.12240663900414937,0.12129854368932039,12.98382867132867,forecast then threshold
gru,1,252.5,0.11458333333333333,0.0008090614886731392,0.9821428571428571,0.11434511434511435,0.11377427184466019,11.919580419580418,forecast then threshold
gru,1,255.0,0.10833333333333334,0.0008090614886731392,0.9811320754716981,0.10810810810810811,0.1075242718446602,11.281031468531468,forecast then threshold
gru,1,257.5,0.09583333333333334,0.0008090614886731392,0.9787234042553191,0.09563409563409564,0.0950242718446602,10.003933566433565,forecast then threshold
gru,1,260.0,0.09166666666666666,0.0008090614886731392,0.9777777777777777,0.09147609147609148,0.09085760517799352,9.578234265734265,forecast then threshold
gru,1,262.5,0.08333333333333333,0.0008090614886731392,0.975609756097561,0.08316008316008316,0.08252427184466019,8.726835664335663,forecast then threshold
gru,1,265.0,0.08333333333333333,0.0008090614886731392,0.975609756097561,0.08316008316008316,0.08252427184466019,8.726835664335663,forecast then threshold
gru,1,267.5,0.07708333333333334,0.0008090614886731392,0.9736842105263158,0.07692307692307693,0.0762742718446602,8.088286713286713,forecast then threshold
gru,1,270.0,0.07291666666666667,0.0008090614886731392,0.9722222222222222,0.07276507276507277,0.07210760517799353,7.662587412587412,forecast then threshold
gru,1,272.5,0.06875,0.0008090614886731392,0.9705882352941176,0.06860706860706861,0.06794093851132686,7.236888111888112,forecast then threshold
gru,1,275.0,0.0625,0.0008090614886731392,0.967741935483871,0.062370062370062374,0.061690938511326864,6.59833916083916,forecast then threshold
gru,1,277.5,0.06041666666666667,0.0008090614886731392,0.9666666666666667,0.060291060291060294,0.05960760517799353,6.38548951048951,forecast then threshold
gru,1,280.0,0.05625,0.0,1.0,0.05625,0.05625,5.746940559440559,forecast then threshold
gru,1,282.5,0.05,0.0,1.0,0.05,0.05,5.108391608391608,forecast then threshold
gru,1,285.0,0.04791666666666667,0.0,1.0,0.04791666666666667,0.04791666666666667,4.8955419580419575,forecast then threshold
gru,1,287.5,0.04375,0.0,1.0,0.04375,0.04375,4.469842657342657,forecast then threshold
gru,1,290.0,0.041666666666666664,0.0,1.0,0.041666666666666664,0.041666666666666664,4.256993006993007,forecast then threshold
gru,1,292.5,0.0375,0.0,1.0,0.0375,0.0375,3.831293706293706,forecast then threshold
gru,1,295.0,0.03333333333333333,0.0,1.0,0.03333333333333333,0.03333333333333333,3.4055944055944054,forecast then threshold
gru,1,297.5,0.029166666666666667,0.0,1.0,0.029166666666666667,0.029166666666666667,2.9798951048951046,forecast then threshold
gru,1,300.0,0.027083333333333334,0.0,1.0,0.027083333333333334,0.027083333333333334,2.767045454545454,forecast then threshold
gru,1,302.5,0.025,0.0,1.0,0.025,0.025,2.554195804195804,forecast then threshold
gru,1,305.0,0.022916666666666665,0.0,1.0,0.022916666666666665,0.022916666666666665,2.3413461538461537,forecast then threshold
gru,1,307.5,0.020833333333333332,0.0,1.0,0.020833333333333332,0.020833333333333332,2.1284965034965033,forecast then threshold
gru,1,310.0,0.01875,0.0,1.0,0.01875,0.01875,1.915646853146853,forecast then threshold
gru,1,312.5,0.016666666666666666,0.0,1.0,0.016666666666666666,0.016666666666666666,1.7027972027972027,forecast then threshold
gru,1,315.0,0.014583333333333334,0.0,1.0,0.014583333333333334,0.014583333333333334,1.4899475524475523,forecast then threshold
gru,1,317.5,0.0125,0.0,1.0,0.0125,0.0125,1.277097902097902,forecast then threshold
gru,1,320.0,0.0125,0.0,1.0,0.0125,0.0125,1.277097902097902,forecast then threshold
gru,1,322.5,0.010416666666666666,0.0,1.0,0.010416666666666666,0.010416666666666666,1.0642482517482517,forecast then threshold
gru,1,325.0,0.010416666666666666,0.0,1.0,0.010416666666666666,0.010416666666666666,1.0642482517482517,forecast then threshold
gru,1,327.5,0.010416666666666666,0.0,1.0,0.010416666666666666,0.010416666666666666,1.0642482517482517,forecast then threshold
gru,1,330.0,0.008333333333333333,0.0,1.0,0.008333333333333333,0.008333333333333333,0.8513986013986014,forecast then threshold
gru,1,332.5,0.008333333333333333,0.0,1.0,0.008333333333333333,0.008333333333333333,0.8513986013986014,forecast then threshold
gru,1,335.0,0.008333333333333333,0.0,1.0,0.008333333333333333,0.008333333333333333,0.8513986013986014,forecast then threshold
gru,1,337.5,0.008333333333333333,0.0,1.0,0.008333333333333333,0.008333333333333333,0.8513986013986014,forecast then threshold
gru,1,340.0,0.008333333333333333,0.0,1.0,0.008333333333333333,0.008333333333333333,0.8513986013986014,forecast then threshold
gru,1,342.5,0.008333333333333333,0.0,1.0,0.008333333333333333,0.008333333333333333,0.8513986013986014,forecast then threshold
gru,1,345.0,0.008333333333333333,0.0,1.0,0.008333333333333333,0.008333333333333333,0.8513986013986014,forecast then threshold
gru,1,347.5,0.008333333333333333,0.0,1.0,0.008333333333333333,0.008333333333333333,0.8513986013986014,forecast then threshold
gru,1,350.0,0.00625,0.0,1.0,0.00625,0.00625,0.638548951048951,forecast then threshold
gru,1,352.5,0.004166666666666667,0.0,1.0,0.004166666666666667,0.004166666666666667,0.4256993006993007,forecast then threshold
gru,1,355.0,0.004166666666666667,0.0,1.0,0.004166666666666667,0.004166666666666667,0.4256993006993007,forecast then threshold
gru,1,357.5,0.0020833333333333333,0.0,1.0,0.0020833333333333333,0.0020833333333333333,0.21284965034965034,forecast then threshold
gru,1,360.0,0.0020833333333333333,0.0,1.0,0.0020833333333333333,0.0020833333333333333,0.21284965034965034,forecast then threshold
gru,1,362.5,0.0020833333333333333,0.0,1.0,0.0020833333333333333,0.0020833333333333333,0.21284965034965034,forecast then threshold
gru,1,365.0,0.0020833333333333333,0.0,1.0,0.0020833333333333333,0.0020833333333333333,0.21284965034965034,forecast then threshold
gru,1,367.5,0.0020833333333333333,0.0,1.0,0.0020833333333333333,0.0020833333333333333,0.21284965034965034,forecast then threshold
gru,1,370.0,0.0020833333333333333,0.0,1.0,0.0020833333333333333,0.0020833333333333333,0.21284965034965034,forecast then threshold
gru,1,372.5,0.0020833333333333333,0.0,1.0,0.0020833333333333333,0.0020833333333333333,0.21284965034965034,forecast then threshold
gru,1,375.0,0.0020833333333333333,0.0,1.0,0.0020833333333333333,0.0020833333333333333,0.21284965034965034,forecast then threshold
gru,1,377.5,0.0020833333333333333,0.0,1.0,0.0020833333333333333,0.0020833333333333333,0.21284965034965034,forecast then threshold
gru,1,380.0,0.0020833333333333333,0.0,1.0,0.0020833333333333333,0.0020833333333333333,0.21284965034965034,forecast then threshold
gru,1,382.5,0.0020833333333333333,0.0,1.0,0.0020833333333333333,0.0020833333333333333,0.21284965034965034,forecast then threshold
gru,1,385.0,0.0020833333333333333,0.0,1.0,0.0020833333333333333,0.0020833333333333333,0.21284965034965034,forecast then threshold
gru,1,387.5,0.0020833333333333333,0.0,1.0,0.0020833333333333333,0.0020833333333333333,0.21284965034965034,forecast then threshold
gru,1,390.0,0.0020833333333333333,0.0,1.0,0.0020833333333333333,0.0020833333333333333,0.21284965034965034,forecast then threshold
gru,1,392.5,0.0020833333333333333,0.0,1.0,0.0020833333333333333,0.0020833333333333333,0.21284965034965034,forecast then threshold
gru,1,395.0,0.0020833333333333333,0.0,1.0,0.0020833333333333333,0.0020833333333333333,0.21284965034965034,forecast then threshold
gru,1,397.5,0.0020833333333333333,0.0,1.0,0.0020833333333333333,0.0020833333333333333,0.21284965034965034,forecast then threshold
gru,1,400.0,0.0020833333333333333,0.0,1.0,0.0020833333333333333,0.0020833333333333333,0.21284965034965034,forecast then threshold
gru,2,20.0,1.0,0.9819376026272578,0.28211284513805523,0.28211284513805523,0.01806239737274218,360.4896327014218,forecast then threshold
gru,2,22.5,1.0,0.9605911330049262,0.2865853658536585,0.2865853658536585,0.039408866995073843,354.86374407582935,forecast then threshold
gru,2,25.0,1.0,0.9178981937602627,0.2959697732997481,0.2959697732997481,0.08210180623973728,343.6119668246445,forecast then threshold
gru,2,27.5,1.0,0.861247947454844,0.3094140882159315,0.3094140882159315,0.138752052545156,328.68172393364927,forecast then threshold
gru,2,30.0,1.0,0.812807881773399,0.3219178082191781,0.3219178082191781,0.18719211822660098,315.91528436018956,forecast then threshold
gru,2,32.5,1.0,0.7602627257799671,0.336676217765043,0.336676217765043,0.23973727422003288,302.0669431279621,forecast then threshold
gru,2,35.0,1.0,0.7110016420361248,0.35179640718562877,0.35179640718562877,0.2889983579638752,289.0841232227488,forecast then threshold
gru,2,37.5,1.0,0.6666666666666666,0.3666146645865835,0.3666146645865835,0.33333333333333337,277.3995853080568,forecast then threshold
gru,2,40.0,1.0,0.6305418719211823,0.37964458804523427,0.37964458804523427,0.3694581280788177,267.87885071090045,forecast then threshold
gru,2,42.5,1.0,0.6009852216748769,0.3910149750415973,0.3910149750415973,0.3990147783251231,260.0891587677725,forecast then threshold
gru,2,45.0,1.0,0.5804597701149425,0.39932030586236195,0.39932030586236195,0.41954022988505746,254.67965047393363,forecast then threshold
gru,2,47.5,1.0,0.5533661740558292,0.41083916083916083,0.41083916083916083,0.4466338259441708,247.53909952606634,forecast then threshold
gru,2,50.0,1.0,0.535303776683087,0.41889483065953653,0.41889483065953653,0.46469622331691296,242.77873222748812,forecast then threshold
gru,2,52.5,1.0,0.5164203612479474,0.42766151046405826,0.42766151046405826,0.48357963875205257,237.80198459715638,forecast then threshold
gru,2,55.0,1.0,0.4942528735632184,0.43843283582089554,0.43843283582089554,0.5057471264367817,231.9597156398104,forecast then threshold
gru,2,57.5,1.0,0.4638752052545156,0.45410628019323673,0.45410628019323673,0.5361247947454844,223.9536433649289,forecast then threshold
gru,2,60.0,1.0,0.4376026272577997,0.46859421734795614,0.46859421734795614,0.5623973727422003,217.02947274881515,forecast then threshold
gru,2,62.5,0.997872340425532,0.3973727422003284,0.49213011542497376,0.4916142557651992,0.6004995982252035,206.21045616113742,forecast then threshold
gru,2,65.0,0.997872340425532,0.37438423645320196,0.5070270270270271,0.5064794816414687,0.62348810397233,200.1518068720379,forecast then threshold
gru,2,67.5,0.9914893617021276,0.34072249589490966,0.52894438138479,0.5265536723163842,0.650766865807218,190.6310722748815,forecast then threshold
gru,2,70.0,0.9914893617021276,0.3160919540229885,0.5475910693301997,0.5450292397660819,0.6753974076791391,184.13966232227486,forecast then threshold
gru,2,72.5,0.9893617021276596,0.2848932676518883,0.5726600985221675,0.5691554467564259,0.7044684344757712,175.70082938388623,forecast then threshold
gru,2,75.0,0.9872340425531915,0.25287356321839083,0.6010362694300518,0.596401028277635,0.7343604793348006,167.04561611374407,forecast then threshold
gru,2,77.5,0.9851063829787234,0.22742200328407225,0.6256756756756757,0.6198125836680054,0.7576843796946512,160.1214454976303,forecast then threshold
gru,2,80.0,0.9829787234042553,0.19950738916256158,0.6553191489361702,0.6479663394109397,0.7834713342416937,152.5481338862559,forecast then threshold
gru,2,82.5,0.9765957446808511,0.17569786535303777,0.6820208023774146,0.6710526315789473,0.8008978793278133,145.62396327014216,forecast then threshold
gru,2,85.0,0.9744680851063829,0.16912972085385877,0.6897590361445783,0.6775147928994083,0.8053383642525241,143.6765402843602,forecast then threshold
gru,2,87.5,0.9659574468085106,0.1568144499178982,0.703875968992248,0.686838124054463,0.8091429968906124,139.56531398104264,forecast then threshold
gru,2,90.0,0.9638297872340426,0.1469622331691297,0.7167721518987342,0.6979969183359014,0.8168675540649128,136.75236966824644,forecast then threshold
gru,2,92.5,0.9617021276595744,0.1354679802955665,0.7325769854132901,0.7118110236220473,0.8262341473640079,133.50666469194312,forecast then threshold
gru,2,95.0,0.9595744680851064,0.1272577996715928,0.7442244224422442,0.7216,0.8323166684135136,131.126481042654,forecast then threshold
gru,2,97.5,0.9574468085106383,0.1206896551724138,0.7537688442211056,0.7293354943273906,0.8367571533382245,129.17905805687204,forecast then threshold
gru,2,100.0,0.9531914893617022,0.1174055829228243,0.7580372250423012,0.7308319738988581,0.8357859064388778,127.8807760663507,forecast then threshold
gru,2,102.5,0.951063829787234,0.11083743842364532,0.7680412371134021,0.7388429752066116,0.8402263913635887,125.93335308056871,forecast then threshold
gru,2,105.0,0.951063829787234,0.10509031198686371,0.7773913043478261,0.7474916387959866,0.8459735178003703,124.41869075829383,forecast then threshold
gru,2,107.5,0.9468085106382979,0.10344827586206896,0.7793345008756567,0.7466442953020134,0.8433602347762289,123.55316943127961,forecast then threshold
gru,2,110.0,0.9425531914893617,0.10098522167487685,0.7826855123674912,0.7470489038785835,0.8415679698144848,122.47126777251184,forecast then threshold
gru,2,112.5,0.9382978723404255,0.0960591133004926,0.7903225806451613,0.7512776831345827,0.842238759039933,120.74022511848341,forecast then threshold
gru,2,115.0,0.925531914893617,0.09359605911330049,0.7923497267759563,0.7448630136986302,0.8319358557803165,118.79280213270141,forecast then threshold
gru,2,117.5,0.9191489361702128,0.08456486042692939,0.8074766355140187,0.7539267015706806,0.8345840757432834,115.76347748815165,forecast then threshold
gru,2,120.0,0.9170212765957447,0.07881773399014778,0.8178368121442126,0.7614840989399293,0.8382035426055969,114.03243483412321,forecast then threshold
gru,2,122.5,0.9063829787234042,0.07717569786535304,0.8192307692307692,0.7553191489361702,0.8292072808580512,112.51777251184834,forecast then threshold
gru,2,125.0,0.8978723404255319,0.07307060755336617,0.8258317025440313,0.7549194991055456,0.8248017328721657,110.57034952606634,forecast then threshold
gru,2,127.5,0.8872340425531915,0.06978653530377668,0.8306772908366534,0.7513513513513513,0.8174475072494148,108.62292654028435,forecast then threshold
gru,2,130.0,0.8765957446808511,0.06732348111658457,0.8340080971659919,0.7463768115942029,0.8092722635642665,106.89188388625591,forecast then threshold
gru,2,132.5,0.8723404255319149,0.0665024630541872,0.835030549898167,0.7441016333938294,0.8058379624777278,106.24274289099525,forecast then threshold
gru,2,135.0,0.8680851063829788,0.06403940886699508,0.8395061728395061,0.7445255474452555,0.8040456975159836,105.16084123222748,forecast then threshold
gru,2,137.5,0.8531914893617021,0.06403940886699508,0.837160751565762,0.7317518248175182,0.789152080494707,103.6461789099526,forecast then threshold
gru,2,140.0,0.8425531914893617,0.05993431855500821,0.8443496801705757,0.7292817679558011,0.7826188729343535,101.48237559241706,forecast then threshold
gru,2,142.5,0.8340425531914893,0.05747126436781609,0.8484848484848485,0.725925925925926,0.7765712888236732,99.96771327014217,forecast then threshold
gru,2,145.0,0.8276595744680851,0.055008210180623976,0.8530701754385965,0.7243947858472998,0.7726513642874612,98.66943127962084,forecast then threshold
gru,2,147.5,0.8191489361702128,0.05090311986863711,0.8612975391498882,0.7236842105263158,0.7682458163015756,96.72200829383885,forecast then threshold
gru,2,150.0,0.8063829787234043,0.05090311986863711,0.8594104308390023,0.7124060150375939,0.7554798588547671,95.42372630331752,forecast then threshold
gru,2,152.5,0.7957446808510639,0.048440065681444995,0.8637413394919169,0.7069943289224953,0.7473046151696189,93.6926836492891,forecast then threshold
gru,2,155.0,0.7829787234042553,0.046798029556650245,0.8658823529411764,0.698292220113852,0.7361806938476051,91.96164099526065,forecast then threshold
gru,2,157.5,0.7680851063829788,0.0451559934318555,0.8677884615384616,0.6876190476190476,0.7229291129511233,90.01421800947867,forecast then threshold
gru,2,160.0,0.7489361702127659,0.041050903119868636,0.8756218905472637,0.676923076923077,0.7078852670928973,86.98489336492891,forecast then threshold
gru,2,162.5,0.7425531914893617,0.03858784893267652,0.8813131313131313,0.6750483558994197,0.7039653425566852,85.68661137440758,forecast then threshold
gru,2,165.0,0.7085106382978723,0.0361247947454844,0.883289124668435,0.6478599221789884,0.672385843552388,81.57538507109004,forecast then threshold
gru,2,167.5,0.6893617021276596,0.03284072249589491,0.8901098901098901,0.6352941176470588,0.6565209796317647,78.76244075829383,forecast then threshold
gru,2,170.0,0.6574468085106383,0.031198686371100164,0.8904899135446686,0.6082677165354331,0.6262481221395382,75.08397511848341,forecast then threshold
gru,2,172.5,0.6191489361702127,0.030377668308702793,0.8871951219512195,0.5739644970414202,0.5887712678615099,70.97274881516587,forecast then threshold
gru,2,175.0,0.5851063829787234,0.029556650246305417,0.8842443729903537,0.5434782608695652,0.555549732732418,67.29428317535545,forecast then threshold
gru,2,177.5,0.5617021276595745,0.025451559934318555,0.8949152542372881,0.5269461077844312,0.5362505677252559,63.832197867298575,forecast then threshold
gru,2,180.0,0.5404255319148936,0.023809523809523808,0.8975265017667845,0.5090180360721442,0.5166160081053698,61.23563388625592,forecast then threshold
gru,2,182.5,0.5148936170212766,0.022988505747126436,0.8962962962962963,0.4859437751004016,0.49190511127415015,58.422689573459714,forecast then threshold
gru,2,185.0,0.4765957446808511,0.020525451559934318,0.8995983935742972,0.45252525252525255,0.4560702931209168,53.878702606635066,forecast then threshold
gru,2,187.5,0.4425531914893617,0.018883415435139574,0.9004329004329005,0.42190669371196754,0.4236697760542221,49.983856635071085,forecast then threshold
gru,2,190.0,0.41914893617021276,0.016420361247947456,0.9078341013824884,0.4020408163265306,0.4027285749222653,46.954531990521325,forecast then threshold
gru,2,192.5,0.40425531914893614,0.014778325123152709,0.9134615384615384,0.38934426229508196,0.38947699402578345,45.007109004739334,forecast then threshold
gru,2,195.0,0.3851063829787234,0.013957307060755337,0.9141414141414141,0.37166324435318276,0.3711490759179681,42.84330568720379,forecast then threshold
gru,2,197.5,0.3574468085106383,0.011494252873563218,0.9230769230769231,0.34710743801652894,0.3459525556370751,39.38122037914692,forecast then threshold
gru,2,200.0,0.3382978723404255,0.010673234811165846,0.9244186046511628,0.32919254658385094,0.3276246375292597,37.21741706161137,forecast then threshold
gru,2,202.5,0.30851063829787234,0.009852216748768473,0.9235668789808917,0.3008298755186722,0.2986584215491039,33.971712085308056,forecast then threshold
gru,2,205.0,0.274468085106383,0.009852216748768473,0.9148936170212766,0.2676348547717842,0.2646158683576145,30.50962677725118,forecast then threshold
gru,2,207.5,0.26170212765957446,0.009852216748768473,0.9111111111111111,0.2551867219917012,0.251849910910806,29.211344786729857,forecast then threshold
gru,2,210.0,0.2425531914893617,0.008210180623973728,0.9193548387096774,0.2375,0.23434301086538797,26.831161137440755,forecast then threshold
gru,2,212.5,0.2297872340425532,0.008210180623973728,0.9152542372881356,0.225,0.22157705341857947,25.53287914691943,forecast then threshold
gru,2,215.0,0.20851063829787234,0.006568144499178982,0.9245283018867925,0.20502092050209206,0.20194249379869336,22.936315165876774,forecast then threshold
gru,2,217.5,0.19148936170212766,0.006568144499178982,0.9183673469387755,0.18828451882845187,0.18492121720294868,21.20527251184834,forecast then threshold
gru,2,220.0,0.17446808510638298,0.0049261083743842365,0.9318181818181818,0.1722689075630252,0.16954197673199875,19.041469194312796,forecast then threshold
gru,2,222.5,0.1595744680851064,0.0049261083743842365,0.9259259259259259,0.15756302521008403,0.15464835971072216,17.526806872037913,forecast then threshold
gru,2,225.0,0.14468085106382977,0.0024630541871921183,0.9577464788732394,0.14376321353065538,0.14221779687663766,15.363003554502368,forecast then threshold
gru,2,227.5,0.13829787234042554,0.0024630541871921183,0.9558823529411765,0.13742071881606766,0.13583481815323342,14.713862559241704,forecast then threshold
gru,2,230.0,0.12978723404255318,0.0016420361247947454,0.9682539682539683,0.1292372881355932,0.12814519791775844,13.631960900473933,forecast then threshold
gru,2,232.5,0.12340425531914893,0.0016420361247947454,0.9666666666666667,0.1228813559322034,0.12176221919435419,12.982819905213269,forecast then threshold
gru,2,235.0,0.10851063829787234,0.0016420361247947454,0.9622641509433962,0.10805084745762712,0.1068686021730776,11.468157582938387,forecast then threshold
gru,2,237.5,0.09361702127659574,0.0016420361247947454,0.9565217391304348,0.09322033898305085,0.091974985151801,9.953495260663507,forecast then threshold
gru,2,240.0,0.0851063829787234,0.0008210180623973727,0.975609756097561,0.08492569002123142,0.08428536491632603,8.871593601895734,forecast then threshold
gru,2,242.5,0.07659574468085106,0.0008210180623973727,0.972972972972973,0.07643312101910828,0.07577472661845369,8.006072274881516,forecast then threshold
gru,2,245.0,0.06595744680851064,0.0008210180623973727,0.96875,0.06581740976645435,0.06513642874611326,6.924170616113743,forecast then threshold
gru,2,247.5,0.059574468085106386,0.0008210180623973727,0.9655172413793104,0.059447983014861996,0.058753450022709014,6.27502962085308,forecast then threshold
gru,2,250.0,0.05319148936170213,0.0008210180623973727,0.9615384615384616,0.05307855626326964,0.052370471299304756,5.625888625592417,forecast then threshold
gru,2,252.5,0.04680851063829787,0.0008210180623973727,0.9565217391304348,0.04670912951167728,0.0459874925759005,4.9767476303317535,forecast then threshold
gru,2,255.0,0.0425531914893617,0.0008210180623973727,0.9523809523809523,0.04246284501061571,0.04173217342696433,4.543986966824644,forecast then threshold
gru,2,257.5,0.03829787234042553,0.0008210180623973727,0.9473684210526315,0.03821656050955414,0.03747685427802816,4.111226303317535,forecast then threshold
gru,2,260.0,0.029787234042553193,0.0008210180623973727,0.9333333333333333,0.029723991507430998,0.02896621598015582,3.2457049763033172,forecast then threshold
gru,2,262.5,0.029787234042553193,0.0008210180623973727,0.9333333333333333,0.029723991507430998,0.02896621598015582,3.2457049763033172,forecast then threshold
gru,2,265.0,0.029787234042553193,0.0008210180623973727,0.9333333333333333,0.029723991507430998,0.02896621598015582,3.2457049763033172,forecast then threshold
gru,2,267.5,0.027659574468085105,0.0008210180623973727,0.9285714285714286,0.027600849256900213,0.026838556405687733,3.029324644549763,forecast then threshold
gru,2,270.0,0.02553191489361702,0.0008210180623973727,0.9230769230769231,0.025477707006369428,0.024710896831219648,2.8129443127962084,forecast then threshold
gru,2,272.5,0.023404255319148935,0.0008210180623973727,0.9166666666666666,0.02335456475583864,0.022583237256751564,2.596563981042654,forecast then threshold
gru,2,275.0,0.023404255319148935,0.0008210180623973727,0.9166666666666666,0.02335456475583864,0.022583237256751564,2.596563981042654,forecast then threshold
gru,2,277.5,0.019148936170212766,0.0008210180623973727,0.9,0.01910828025477707,0.018327918107815394,2.1638033175355447,forecast then threshold
gru,2,280.0,0.014893617021276596,0.0008210180623973727,0.875,0.014861995753715499,0.014072598958879223,1.7310426540284358,forecast then threshold
gru,2,282.5,0.014893617021276596,0.0008210180623973727,0.875,0.014861995753715499,0.014072598958879223,1.7310426540284358,forecast then threshold
gru,2,285.0,0.01276595744680851,0.0008210180623973727,0.8571428571428571,0.012738853503184714,0.011944939384411137,1.5146623222748814,forecast then threshold
gru,2,287.5,0.01276595744680851,0.0008210180623973727,0.8571428571428571,0.012738853503184714,0.011944939384411137,1.5146623222748814,forecast then threshold
gru,2,290.0,0.01276595744680851,0.0008210180623973727,0.8571428571428571,0.012738853503184714,0.011944939384411137,1.5146623222748814,forecast then threshold
gru,2,292.5,0.010638297872340425,0.0008210180623973727,0.8333333333333334,0.010615711252653927,0.009817279809943052,1.298281990521327,forecast then threshold
gru,2,295.0,0.010638297872340425,0.0008210180623973727,0.8333333333333334,0.010615711252653927,0.009817279809943052,1.298281990521327,forecast then threshold
gru,2,297.5,0.00851063829787234,0.0008210180623973727,0.8,0.008492569002123142,0.007689620235474968,1.0819016587677723,forecast then threshold
gru,2,300.0,0.00851063829787234,0.0008210180623973727,0.8,0.008492569002123142,0.007689620235474968,1.0819016587677723,forecast then threshold
gru,2,302.5,0.006382978723404255,0.0008210180623973727,0.75,0.006369426751592357,0.005561960661006882,0.8655213270142179,forecast then threshold
gru,2,305.0,0.006382978723404255,0.0008210180623973727,0.75,0.006369426751592357,0.005561960661006882,0.8655213270142179,forecast then threshold
gru,2,307.5,0.006382978723404255,0.0008210180623973727,0.75,0.006369426751592357,0.005561960661006882,0.8655213270142179,forecast then threshold
gru,2,310.0,0.00425531914893617,0.0008210180623973727,0.6666666666666666,0.004246284501061571,0.0034343010865387977,0.6491409952606635,forecast then threshold
gru,2,312.5,0.00425531914893617,0.0008210180623973727,0.6666666666666666,0.004246284501061571,0.0034343010865387977,0.6491409952606635,forecast then threshold
gru,2,315.0,0.00425531914893617,0.0008210180623973727,0.6666666666666666,0.004246284501061571,0.0034343010865387977,0.6491409952606635,forecast then threshold
gru,2,317.5,0.00425531914893617,0.0008210180623973727,0.6666666666666666,0.004246284501061571,0.0034343010865387977,0.6491409952606635,forecast then threshold
gru,2,320.0,0.00425531914893617,0.0008210180623973727,0.6666666666666666,0.004246284501061571,0.0034343010865387977,0.6491409952606635,forecast then threshold
gru,2,322.5,0.00425531914893617,0.0008210180623973727,0.6666666666666666,0.004246284501061571,0.0034343010865387977,0.6491409952606635,forecast then threshold
gru,2,325.0,0.00425531914893617,0.0008210180623973727,0.6666666666666666,0.004246284501061571,0.0034343010865387977,0.6491409952606635,forecast then threshold
gru,2,327.5,0.00425531914893617,0.0008210180623973727,0.6666666666666666,0.004246284501061571,0.0034343010865387977,0.6491409952606635,forecast then threshold
gru,2,330.0,0.002127659574468085,0.0008210180623973727,0.5,0.0021231422505307855,0.0013066415120707125,0.43276066350710896,forecast then threshold
gru,2,332.5,0.002127659574468085,0.0008210180623973727,0.5,0.0021231422505307855,0.0013066415120707125,0.43276066350710896,forecast then threshold
gru,2,335.0,0.002127659574468085,0.0008210180623973727,0.5,0.0021231422505307855,0.0013066415120707125,0.43276066350710896,forecast then threshold
gru,2,337.5,0.002127659574468085,0.0008210180623973727,0.5,0.0021231422505307855,0.0013066415120707125,0.43276066350710896,forecast then threshold
gru,2,340.0,0.0,0.0008210180623973727,0.0,0.0,-0.0008210180623973727,0.21638033175355448,forecast then threshold
gru,2,342.5,0.0,0.0008210180623973727,0.0,0.0,-0.0008210180623973727,0.21638033175355448,forecast then threshold
gru,2,345.0,0.0,0.0008210180623973727,0.0,0.0,-0.0008210180623973727,0.21638033175355448,forecast then threshold
gru,2,347.5,0.0,0.0008210180623973727,0.0,0.0,-0.0008210180623973727,0.21638033175355448,forecast then threshold
gru,2,350.0,0.0,0.0008210180623973727,0.0,0.0,-0.0008210180623973727,0.21638033175355448,forecast then threshold
gru,2,352.5,0.0,0.0008210180623973727,0.0,0.0,-0.0008210180623973727,0.21638033175355448,forecast then threshold
gru,2,355.0,0.0,0.0008210180623973727,0.0,0.0,-0.0008210180623973727,0.21638033175355448,forecast then threshold
gru,2,357.5,0.0,0.0008210180623973727,0.0,0.0,-0.0008210180623973727,0.21638033175355448,forecast then threshold
gru,2,360.0,0.0,0.0008210180623973727,0.0,0.0,-0.0008210180623973727,0.21638033175355448,forecast then threshold
gru,2,362.5,0.0,0.0008210180623973727,0.0,0.0,-0.0008210180623973727,0.21638033175355448,forecast then threshold
gru,2,365.0,0.0,0.0,,0.0,0.0,0.0,forecast then threshold
gru,2,367.5,0.0,0.0,,0.0,0.0,0.0,forecast then threshold
gru,2,370.0,0.0,0.0,,0.0,0.0,0.0,forecast then threshold
gru,2,372.5,0.0,0.0,,0.0,0.0,0.0,forecast then threshold
gru,2,375.0,0.0,0.0,,0.0,0.0,0.0,forecast then threshold
gru,2,377.5,0.0,0.0,,0.0,0.0,0.0,forecast then threshold
gru,2,380.0,0.0,0.0,,0.0,0.0,0.0,forecast then threshold
gru,2,382.5,0.0,0.0,,0.0,0.0,0.0,forecast then threshold
gru,2,385.0,0.0,0.0,,0.0,0.0,0.0,forecast then threshold
gru,2,387.5,0.0,0.0,,0.0,0.0,0.0,forecast then threshold
gru,2,390.0,0.0,0.0,,0.0,0.0,0.0,forecast then threshold
gru,2,392.5,0.0,0.0,,0.0,0.0,0.0,forecast then threshold
gru,2,395.0,0.0,0.0,,0.0,0.0,0.0,forecast then threshold
gru,2,397.5,0.0,0.0,,0.0,0.0,0.0,forecast then threshold
gru,2,400.0,0.0,0.0,,0.0,0.0,0.0,forecast then threshold
gru,3,20.0,1.0,0.9853300733496333,0.2812128418549346,0.2812128418549346,0.014669926650366705,361.3826470588235,forecast then threshold
gru,3,22.5,1.0,0.9486552567237164,0.2889431887599267,0.2889431887599267,0.05134474327628358,351.71426470588233,forecast then threshold
gru,3,25.0,1.0,0.8940505297473512,0.30127388535031846,0.30127388535031846,0.10594947025264878,337.3191176470588,forecast then threshold
gru,3,27.5,1.0,0.8345558272208639,0.31596526386105545,0.31596526386105545,0.16544417277913614,321.63485294117646,forecast then threshold
gru,3,30.0,1.0,0.7929910350448248,0.32710926694329184,0.32710926694329184,0.20700896495517518,310.6773529411765,forecast then threshold
gru,3,32.5,1.0,0.7481662591687042,0.3400431344356578,0.3400431344356578,0.25183374083129584,298.8604411764706,forecast then threshold
gru,3,35.0,1.0,0.7098614506927465,0.35193452380952384,0.35193452380952384,0.29013854930725347,288.76235294117646,forecast then threshold
gru,3,37.5,1.0,0.6650366748166259,0.3669511249030256,0.3669511249030256,0.3349633251833741,276.9454411764706,forecast then threshold
gru,3,40.0,1.0,0.6299918500407498,0.3796147672552167,0.3796147672552167,0.37000814995925024,267.70676470588234,forecast then threshold
gru,3,42.5,1.0,0.6055419722901385,0.38898026315789475,0.38898026315789475,0.3944580277098615,261.2611764705882,forecast then threshold
gru,3,45.0,1.0,0.5770171149144254,0.4005080440304826,0.4005080440304826,0.4229828850855746,253.74132352941177,forecast then threshold
gru,3,47.5,1.0,0.5550122249388753,0.4098786828422877,0.4098786828422877,0.44498777506112475,247.94029411764706,forecast then threshold
gru,3,50.0,1.0,0.5354523227383863,0.41858407079646015,0.41858407079646015,0.4645476772616137,242.78382352941176,forecast then threshold
gru,3,52.5,1.0,0.5158924205378973,0.42766726943942135,0.42766726943942135,0.4841075794621027,237.62735294117647,forecast then threshold
gru,3,55.0,0.9978858350951374,0.48166259168704156,0.44402634054562556,0.44360902255639095,0.5162232434080958,228.38867647058822,forecast then threshold
gru,3,57.5,0.9957716701902748,0.4547677261613692,0.4577259475218659,0.4568380213385063,0.5410039440289056,221.08367647058824,forecast then threshold
gru,3,60.0,0.9915433403805497,0.42053789731051344,0.4761421319796954,0.474216380182002,0.5710054430700362,211.63014705882352,forecast then threshold
gru,3,62.5,0.9915433403805497,0.38875305623471884,0.49577167019027485,0.4936842105263158,0.6027902841458308,203.25088235294118,forecast then threshold
gru,3,65.0,0.9894291754756871,0.3545232273838631,0.5182724252491694,0.5154185022026432,0.634905948091824,194.01220588235293,forecast then threshold
gru,3,67.5,0.9894291754756871,0.31947840260798693,0.5441860465116279,0.5410404624277456,0.6699507728677001,184.7735294117647,forecast then threshold
gru,3,70.0,0.985200845665962,0.2828035859820701,0.5731857318573186,0.5682926829268292,0.7023972596838919,174.6754411764706,forecast then threshold
gru,3,72.5,0.9788583509513742,0.24857375713121435,0.6028645833333334,0.5951156812339332,0.7302845938201599,165.0070588235294,forecast then threshold
gru,3,75.0,0.9746300211416491,0.21678891605541972,0.6341127922971114,0.6238159675236806,0.7578411050862294,156.1980882352941,forecast then threshold
gru,3,77.5,0.9725158562367865,0.19396903015484923,0.6590257879656161,0.6469760900140648,0.7785468260819373,149.96735294117647,forecast then threshold
gru,3,80.0,0.9704016913319239,0.17685411572942136,0.6789940828402367,0.6652173913043479,0.7935475756025026,145.24058823529413,forecast then threshold
gru,3,82.5,0.9704016913319239,0.16299918500407498,0.6965098634294385,0.6820208023774146,0.8074025063278489,141.58808823529412,forecast then threshold
gru,3,85.0,0.9704016913319239,0.15484922575387122,0.7072419106317411,0.6923076923076923,0.8155524655780526,139.4395588235294,forecast then threshold
gru,3,87.5,0.9704016913319239,0.14832925835370822,0.7160686427457098,0.7007633587786259,0.8220724329782156,137.72073529411765,forecast then threshold
gru,3,90.0,0.9661733615221987,0.13773431132844335,0.7300319488817891,0.7118380062305296,0.8284390501937553,134.4979411764706,forecast then threshold
gru,3,92.5,0.959830866807611,0.13121434392828035,0.7382113821138211,0.7160883280757098,0.8286165228793306,132.1345588235294,forecast then threshold
gru,3,95.0,0.9556025369978859,0.1271393643031785,0.743421052631579,0.7186009538950715,0.8284631726947074,130.6305882352941,forecast then threshold
gru,3,97.5,0.9492600422832981,0.12061939690301549,0.7520938023450586,0.7230273752012882,0.8286406453802826,128.26720588235295,forecast then threshold
gru,3,100.0,0.9492600422832981,0.11409942950285248,0.7623089983022071,0.732463295269168,0.8351606127804456,126.54838235294118,forecast then threshold
gru,3,102.5,0.9386892177589852,0.11246943765281174,0.7628865979381443,0.7266775777414075,0.8262197801061735,125.04441176470588,forecast then threshold
gru,3,105.0,0.9344608879492601,0.10594947025264874,0.7727272727272727,0.7330016583747927,0.8285114176966113,122.89588235294117,forecast then threshold
gru,3,107.5,0.9323467230443975,0.10105949470252648,0.7805309734513274,0.7386934673366834,0.831287228341871,121.39191176470588,forecast then threshold
gru,3,110.0,0.9238900634249472,0.09698451507742462,0.7859712230215827,0.7381756756756757,0.8269055483475225,119.45823529411764,forecast then threshold
gru,3,112.5,0.9090909090909091,0.09290953545232274,0.7904411764705882,0.7325383304940375,0.8161813736385863,116.88,forecast then threshold
gru,3,115.0,0.9027484143763214,0.09127954360228199,0.7922077922077922,0.7299145299145299,0.8114688707740394,115.80573529411765,forecast then threshold
gru,3,117.5,0.8942917547568711,0.08720456397718011,0.7981132075471699,0.7293103448275862,0.8070871907796909,113.87205882352941,forecast then threshold
gru,3,120.0,0.8921775898520085,0.08557457212713937,0.8007590132827325,0.7301038062283737,0.8066030177248691,113.2275,forecast then threshold
gru,3,122.5,0.8858350951374208,0.08149959250203749,0.8073217726396917,0.731239092495637,0.8043355026353832,111.50867647058824,forecast then threshold
gru,3,125.0,0.8773784355179705,0.07823960880195599,0.812133072407045,0.7293497363796133,0.7991388267160144,109.78985294117648,forecast then threshold
gru,3,127.5,0.8710359408033826,0.07660961695191525,0.8142292490118577,0.7266313932980599,0.7944263238514674,108.71558823529412,forecast then threshold
gru,3,130.0,0.8583509513742071,0.07416462917685411,0.8169014084507042,0.7198581560283688,0.7841863221973531,106.78191176470588,forecast then threshold
gru,3,132.5,0.8583509513742071,0.07253463732681337,0.8202020202020202,0.7224199288256228,0.7858163140473937,106.35220588235295,forecast then threshold
gru,3,135.0,0.8520084566596194,0.07090464547677261,0.8224489795918367,0.7196428571428571,0.7811038111828468,105.27794117647059,forecast then threshold
gru,3,137.5,0.8456659619450317,0.06845965770171149,0.8264462809917356,0.718132854578097,0.7772063042433203,103.98882352941176,forecast then threshold
gru,3,140.0,0.8414376321353065,0.06601466992665037,0.8308977035490606,0.7184115523465704,0.7754229622086561,102.91455882352942,forecast then threshold
gru,3,142.5,0.8245243128964059,0.06438467807660962,0.8315565031982942,0.7065217391304348,0.7601396348197963,100.7660294117647,forecast then threshold
gru,3,145.0,0.8076109936575053,0.06356968215158924,0.8304347826086956,0.6932849364791288,0.7440413115059161,98.83235294117647,forecast then threshold
gru,3,147.5,0.7970401691331924,0.06030969845150774,0.835920177383592,0.6892138939670932,0.7367304706816846,96.89867647058824,forecast then threshold
gru,3,150.0,0.7822410147991543,0.05867970660146699,0.8371040723981901,0.6788990825688074,0.7235613081976873,94.965,forecast then threshold
gru,3,152.5,0.7610993657505285,0.05541972290138549,0.8411214953271028,0.6654343807763401,0.705679642849143,91.95705882352941,forecast then threshold
gru,3,155.0,0.7484143763213531,0.05460472697636512,0.8408551068883611,0.6555555555555556,0.693809649344988,90.45308823529412,forecast then threshold
gru,3,157.5,0.7272727272727273,0.05297473512632437,0.8410757946210269,0.6394052044609665,0.674297992146403,87.87485294117647,forecast then threshold
gru,3,160.0,0.7103594080338267,0.05134474327628362,0.8421052631578947,0.6268656716417911,0.6590146647575431,85.72632352941176,forecast then threshold
gru,3,162.5,0.693446088794926,0.04971475142624287,0.8431876606683805,0.6142322097378277,0.6437313373686832,83.57779411764706,forecast then threshold
gru,3,165.0,0.6765327695560254,0.0488997555012225,0.8421052631578947,0.600375234521576,0.6276330140548029,81.64411764705882,forecast then threshold
gru,3,167.5,0.6575052854122622,0.045639771801140996,0.8474114441416893,0.5879017013232514,0.6118655136111212,78.8510294117647,forecast then threshold
gru,3,170.0,0.6300211416490487,0.04319478402607987,0.8490028490028491,0.5665399239543726,0.5868263576229688,75.41338235294117,forecast then threshold
gru,3,172.5,0.6025369978858351,0.03993480032599837,0.8532934131736527,0.5459770114942529,0.5626021975598368,71.76088235294118,forecast then threshold
gru,3,175.0,0.5771670190274841,0.039119804400977995,0.8504672897196262,0.5239923224568138,0.5380472146265062,68.96779411764706,forecast then threshold
gru,3,177.5,0.5623678646934461,0.03667481662591687,0.8553054662379421,0.5135135135135135,0.5256930480675293,66.81926470588235,forecast then threshold
gru,3,180.0,0.5433403805496829,0.03504482477587612,0.8566666666666667,0.49806201550387597,0.5082955557738068,64.45588235294117,forecast then threshold
gru,3,182.5,0.5264270613107822,0.032599837000814993,0.8615916955017301,0.4853801169590643,0.4938272243099672,62.0925,forecast then threshold
gru,3,185.0,0.5137420718816068,0.030969845150774247,0.8647686832740213,0.4755381604696673,0.4827722267308326,60.37367647058824,forecast then threshold
gru,3,187.5,0.48414376321353064,0.02689486552567237,0.8740458015267175,0.4525691699604743,0.45724889768785826,56.29147058823529,forecast then threshold
gru,3,190.0,0.44820295983086683,0.026079869600651995,0.8688524590163934,0.4198019801980198,0.4221230902302148,52.42411764705882,forecast then threshold
gru,3,192.5,0.41014799154334036,0.022004889975550123,0.8778280542986425,0.388,0.38814310156779025,47.4825,forecast then threshold
gru,3,195.0,0.3657505285412262,0.020374898125509373,0.8737373737373737,0.3473895582329317,0.34537563041571684,42.540882352941175,forecast then threshold
gru,3,197.5,0.346723044397463,0.016299918500407497,0.8913043478260869,0.332657200811359,0.33042312589705547,39.53294117647059,forecast then threshold
gru,3,200.0,0.3044397463002114,0.015484922575387123,0.8834355828220859,0.2926829268292683,0.2889548237248243,35.02102941176471,forecast then threshold
gru,3,202.5,0.2854122621564482,0.012224938875305624,0.9,0.2766393442622951,0.2731873232811426,32.22794117647059,forecast then threshold
gru,3,205.0,0.266384778012685,0.011409942950285249,0.9,0.2587268993839836,0.25497483506239976,30.07941176470588,forecast then threshold
gru,3,207.5,0.23890063424947147,0.010594947025264874,0.8968253968253969,0.23251028806584362,0.2283056872242066,27.071470588235293,forecast then threshold
gru,3,210.0,0.21775898520084566,0.008964955175224124,0.9035087719298246,0.2128099173553719,0.20879403002562152,24.493235294117646,forecast then threshold
gru,3,212.5,0.20507399577167018,0.008149959250203748,0.9065420560747663,0.20082815734989648,0.19692403652146642,22.989264705882352,forecast then threshold
gru,3,215.0,0.19027484143763213,0.007334963325183374,0.9090909090909091,0.18672199170124482,0.18293987811244874,21.270441176470587,forecast then threshold
gru,3,217.5,0.17547568710359407,0.007334963325183374,0.9021739130434783,0.17219917012448133,0.1681407237784107,19.766470588235293,forecast then threshold
gru,3,220.0,0.1649048625792812,0.006519967400162999,0.9069767441860465,0.16216216216216217,0.1583848951791182,18.47735294117647,forecast then threshold
gru,3,222.5,0.14587737843551796,0.0057049714751426246,0.9078947368421053,0.14375,0.14017240696037533,16.328823529411764,forecast then threshold
gru,3,225.0,0.1331923890063425,0.004074979625101874,0.9264705882352942,0.13179916317991633,0.12911740938124064,14.61,forecast then threshold
gru,3,227.5,0.11839323467230443,0.0032599837000814994,0.9333333333333333,0.11740041928721175,0.11513325097222293,12.891176470588235,forecast then threshold
gru,3,230.0,0.10993657505285412,0.0032599837000814994,0.9285714285714286,0.1090146750524109,0.10667659135277262,12.031764705882352,forecast then threshold
gru,3,232.5,0.10782241014799154,0.0032599837000814994,0.9272727272727272,0.1069182389937107,0.10456242644791004,11.816911764705882,forecast then threshold
gru,3,235.0,0.09513742071881606,0.0024449877750611247,0.9375,0.09453781512605042,0.09269243294375494,10.312941176470588,forecast then threshold
gru,3,237.5,0.07822410147991543,0.0024449877750611247,0.925,0.07773109243697479,0.07577911370485431,8.594117647058823,forecast then threshold
gru,3,240.0,0.06553911205073996,0.0024449877750611247,0.9117647058823529,0.06512605042016807,0.06309412427567884,7.305,forecast then threshold
gru,3,242.5,0.05919661733615222,0.0024449877750611247,0.9032258064516129,0.058823529411764705,0.056751629561091095,6.660441176470588,forecast then threshold
gru,3,245.0,0.048625792811839326,0.0016299918500407497,0.92,0.04842105263157895,0.046995800961798576,5.3713235294117645,forecast then threshold
gru,3,247.5,0.03805496828752643,0.0016299918500407497,0.9,0.037894736842105266,0.03642497643748568,4.297058823529412,forecast then threshold
gru,3,250.0,0.02748414376321353,0.0016299918500407497,0.8666666666666667,0.02736842105263158,0.02585415191317278,3.2227941176470587,forecast then threshold
gru,3,252.5,0.02748414376321353,0.0016299918500407497,0.8666666666666667,0.02736842105263158,0.02585415191317278,3.2227941176470587,forecast then threshold
gru,3,255.0,0.023255813953488372,0.0016299918500407497,0.8461538461538461,0.023157894736842106,0.02162582210344762,2.7930882352941175,forecast then threshold
gru,3,257.5,0.023255813953488372,0.0008149959250203749,0.9166666666666666,0.023206751054852322,0.022440818028467997,2.578235294117647,forecast then threshold
gru,3,260.0,0.021141649048625793,0.0008149959250203749,0.9090909090909091,0.02109704641350211,0.020326653123605418,2.3633823529411764,forecast then threshold
gru,3,262.5,0.019027484143763214,0.0008149959250203749,0.9,0.0189873417721519,0.01821248821874284,2.148529411764706,forecast then threshold
gru,3,265.0,0.016913319238900635,0.0008149959250203749,0.8888888888888888,0.016877637130801686,0.01609832331388026,1.9336764705882352,forecast then threshold
gru,3,267.5,0.016913319238900635,0.0008149959250203749,0.8888888888888888,0.016877637130801686,0.01609832331388026,1.9336764705882352,forecast then threshold
gru,3,270.0,0.014799154334038054,0.0008149959250203749,0.875,0.014767932489451477,0.013984158409017679,1.7188235294117646,forecast then threshold
gru,3,272.5,0.012684989429175475,0.0008149959250203749,0.8571428571428571,0.012658227848101266,0.0118699935041551,1.503970588235294,forecast then threshold
gru,3,275.0,0.012684989429175475,0.0,1.0,0.012684989429175475,0.012684989429175475,1.2891176470588235,forecast then threshold
gru,3,277.5,0.012684989429175475,0.0,1.0,0.012684989429175475,0.012684989429175475,1.2891176470588235,forecast then threshold
gru,3,280.0,0.010570824524312896,0.0,1.0,0.010570824524312896,0.010570824524312896,1.074264705882353,forecast then threshold
gru,3,282.5,0.006342494714587738,0.0,1.0,0.006342494714587738,0.006342494714587738,0.6445588235294117,forecast then threshold
gru,3,285.0,0.006342494714587738,0.0,1.0,0.006342494714587738,0.006342494714587738,0.6445588235294117,forecast then threshold
gru,3,287.5,0.006342494714587738,0.0,1.0,0.006342494714587738,0.006342494714587738,0.6445588235294117,forecast then threshold
gru,3,290.0,0.006342494714587738,0.0,1.0,0.006342494714587738,0.006342494714587738,0.6445588235294117,forecast then threshold
gru,3,292.5,0.004228329809725159,0.0,1.0,0.004228329809725159,0.004228329809725159,0.42970588235294116,forecast then threshold
gru,3,295.0,0.004228329809725159,0.0,1.0,0.004228329809725159,0.004228329809725159,0.42970588235294116,forecast then threshold
gru,3,297.5,0.004228329809725159,0.0,1.0,0.004228329809725159,0.004228329809725159,0.42970588235294116,forecast then threshold
gru,3,300.0,0.0021141649048625794,0.0,1.0,0.0021141649048625794,0.0021141649048625794,0.21485294117647058,forecast then threshold
gru,3,302.5,0.0021141649048625794,0.0,1.0,0.0021141649048625794,0.0021141649048625794,0.21485294117647058,forecast then threshold
gru,3,305.0,0.0021141649048625794,0.0,1.0,0.0021141649048625794,0.0021141649048625794,0.21485294117647058,forecast then threshold
gru,3,307.5,0.0021141649048625794,0.0,1.0,0.0021141649048625794,0.0021141649048625794,0.21485294117647058,forecast then threshold
gru,3,310.0,0.0,0.0,,0.0,0.0,0.0,forecast then threshold
gru,3,312.5,0.0,0.0,,0.0,0.0,0.0,forecast then threshold
gru,3,315.0,0.0,0.0,,0.0,0.0,0.0,forecast then threshold
gru,3,317.5,0.0,0.0,,0.0,0.0,0.0,forecast then threshold
gru,3,320.0,0.0,0.0,,0.0,0.0,0.0,forecast then threshold
gru,3,322.5,0.0,0.0,,0.0,0.0,0.0,forecast then threshold
gru,3,325.0,0.0,0.0,,0.0,0.0,0.0,forecast then threshold
gru,3,327.5,0.0,0.0,,0.0,0.0,0.0,forecast then threshold
gru,3,330.0,0.0,0.0,,0.0,0.0,0.0,forecast then threshold
gru,3,332.5,0.0,0.0,,0.0,0.0,0.0,forecast then threshold
gru,3,335.0,0.0,0.0,,0.0,0.0,0.0,forecast then threshold
gru,3,337.5,0.0,0.0,,0.0,0.0,0.0,forecast then threshold
gru,3,340.0,0.0,0.0,,0.0,0.0,0.0,forecast then threshold
gru,3,342.5,0.0,0.0,,0.0,0.0,0.0,forecast then threshold
gru,3,345.0,0.0,0.0,,0.0,0.0,0.0,forecast then threshold
gru,3,347.5,0.0,0.0,,0.0,0.0,0.0,forecast then threshold
gru,3,350.0,0.0,0.0,,0.0,0.0,0.0,forecast then threshold
gru,3,352.5,0.0,0.0,,0.0,0.0,0.0,forecast then threshold
gru,3,355.0,0.0,0.0,,0.0,0.0,0.0,forecast then threshold
gru,3,357.5,0.0,0.0,,0.0,0.0,0.0,forecast then threshold
gru,3,360.0,0.0,0.0,,0.0,0.0,0.0,forecast then threshold
gru,3,362.5,0.0,0.0,,0.0,0.0,0.0,forecast then threshold
gru,3,365.0,0.0,0.0,,0.0,0.0,0.0,forecast then threshold
gru,3,367.5,0.0,0.0,,0.0,0.0,0.0,forecast then threshold
gru,3,370.0,0.0,0.0,,0.0,0.0,0.0,forecast then threshold
gru,3,372.5,0.0,0.0,,0.0,0.0,0.0,forecast then threshold
gru,3,375.0,0.0,0.0,,0.0,0.0,0.0,forecast then threshold
gru,3,377.5,0.0,0.0,,0.0,0.0,0.0,forecast then threshold
gru,3,380.0,0.0,0.0,,0.0,0.0,0.0,forecast then threshold
gru,3,382.5,0.0,0.0,,0.0,0.0,0.0,forecast then threshold
gru,3,385.0,0.0,0.0,,0.0,0.0,0.0,forecast then threshold
gru,3,387.5,0.0,0.0,,0.0,0.0,0.0,forecast then threshold
gru,3,390.0,0.0,0.0,,0.0,0.0,0.0,forecast then threshold
gru,3,392.5,0.0,0.0,,0.0,0.0,0.0,forecast then threshold
gru,3,395.0,0.0,0.0,,0.0,0.0,0.0,forecast then threshold
gru,3,397.5,0.0,0.0,,0.0,0.0,0.0,forecast then threshold
gru,3,400.0,0.0,0.0,,0.0,0.0,0.0,forecast then threshold
hist_gbm,1,20.0,1.0,1.0,0.27972027972027974,0.27972027972027974,0.0,365.25,forecast then threshold
hist_gbm,1,22.5,1.0,1.0,0.27972027972027974,0.27972027972027974,0.0,365.25,forecast then threshold
hist_gbm,1,25.0,1.0,0.9975728155339806,0.28021015761821366,0.28021015761821366,0.0024271844660194164,364.61145104895104,forecast then threshold
hist_gbm,1,27.5,1.0,0.9530744336569579,0.28950542822677927,0.28950542822677927,0.046925566343042124,352.90472027972027,forecast then threshold
hist_gbm,1,30.0,1.0,0.8996763754045307,0.3015075376884422,0.3015075376884422,0.10032362459546929,338.8566433566433,forecast then threshold
hist_gbm,1,32.5,1.0,0.8276699029126213,0.3193612774451098,0.3193612774451098,0.17233009708737868,319.9130244755244,forecast then threshold
hist_gbm,1,35.0,1.0,0.7402912621359223,0.34408602150537637,0.34408602150537637,0.25970873786407767,296.92526223776224,forecast then threshold
hist_gbm,1,37.5,1.0,0.7224919093851133,0.34959941733430444,0.34959941733430444,0.2775080906148867,292.2425699300699,forecast then threshold
hist_gbm,1,40.0,1.0,0.6844660194174758,0.36199095022624433,0.36199095022624433,0.31553398058252424,282.2386363636363,forecast then threshold
hist_gbm,1,42.5,1.0,0.6310679611650486,0.38095238095238093,0.38095238095238093,0.3689320388349514,268.1905594405594,forecast then threshold
hist_gbm,1,45.0,1.0,0.593042071197411,0.3957131079967024,0.3957131079967024,0.40695792880258896,258.18662587412587,forecast then threshold
hist_gbm,1,47.5,1.0,0.5703883495145631,0.4050632911392405,0.4050632911392405,0.4296116504854369,252.22683566433565,forecast then threshold
hist_gbm,1,50.0,1.0,0.5485436893203883,0.41450777202072536,0.41450777202072536,0.45145631067961167,246.4798951048951,forecast then threshold
hist_gbm,1,52.5,1.0,0.5226537216828478,0.42628774422735344,0.42628774422735344,0.47734627831715215,239.66870629370626,forecast then threshold
hist_gbm,1,55.0,1.0,0.5056634304207119,0.4343891402714932,0.4343891402714932,0.49433656957928807,235.19886363636363,forecast then threshold
hist_gbm,1,57.5,1.0,0.4919093851132686,0.4411764705882353,0.4411764705882353,0.5080906148867315,231.58041958041957,forecast then threshold
hist_gbm,1,60.0,1.0,0.4692556634304207,0.4528301886792453,0.4528301886792453,0.5307443365695793,225.62062937062936,forecast then threshold
hist_gbm,1,62.5,0.9979166666666667,0.4506472491909385,0.4623552123552124,0.46190935390549664,0.5472694174757282,220.51223776223773,forecast then threshold
hist_gbm,1,65.0,0.9958333333333333,0.43042071197411,0.47326732673267324,0.4723320158102767,0.5654126213592233,214.97814685314682,forecast then threshold
hist_gbm,1,67.5,0.9958333333333333,0.41423948220064727,0.48282828282828283,0.48185483870967744,0.5815938511326861,210.72115384615384,forecast then threshold
hist_gbm,1,70.0,0.9958333333333333,0.3859223300970874,0.5005235602094241,0.4994775339602926,0.609911003236246,203.27141608391608,forecast then threshold
hist_gbm,1,72.5,0.99375,0.3616504854368932,0.5162337662337663,0.5145631067961165,0.6320995145631068,196.6730769230769,forecast then threshold
hist_gbm,1,75.0,0.99375,0.33171521035598706,0.5377677564825254,0.5359550561797752,0.662034789644013,188.79763986013984,forecast then threshold
hist_gbm,1,77.5,0.99375,0.2961165048543689,0.5658362989323843,0.5638297872340425,0.6976334951456311,179.43225524475523,forecast then threshold
hist_gbm,1,80.0,0.99375,0.2645631067961165,0.5932835820895522,0.5910780669144982,0.7291868932038835,171.13111888111888,forecast then threshold
hist_gbm,1,82.5,0.9895833333333334,0.2354368932038835,0.6201044386422977,0.6160830090791181,0.7541464401294499,163.04283216783216,forecast then threshold
hist_gbm,1,85.0,0.9875,0.20792880258899676,0.6484268125854993,0.6431478968792401,0.7795711974110033,155.5930944055944,forecast then threshold
hist_gbm,1,87.5,0.9875,0.18770226537216828,0.6713881019830028,0.6657303370786517,0.7997977346278318,150.27185314685315,forecast then threshold
hist_gbm,1,90.0,0.98125,0.16909385113268607,0.6926470588235294,0.683599419448476,0.8121561488673139,144.73776223776224,forecast then threshold
hist_gbm,1,92.5,0.9791666666666666,0.156957928802589,0.7078313253012049,0.6973293768545994,0.8222087378640777,141.3321678321678,forecast then threshold
hist_gbm,1,95.0,0.9791666666666666,0.14563106796116504,0.7230769230769231,0.7121212121212122,0.8335355987055015,138.35227272727272,forecast then threshold
hist_gbm,1,97.5,0.9791666666666666,0.13754045307443366,0.734375,0.7230769230769231,0.841626213592233,136.2237762237762,forecast then threshold
hist_gbm,1,100.0,0.9729166666666667,0.12459546925566344,0.7520128824476651,0.7365930599369085,0.8483211974110032,132.17963286713285,forecast then threshold
hist_gbm,1,102.5,0.9708333333333333,0.1156957928802589,0.7651888341543513,0.7479935794542536,0.8551375404530744,129.62543706293707,forecast then threshold
hist_gbm,1,105.0,0.96875,0.10841423948220065,0.7762938230383973,0.757328990228013,0.8603357605177994,127.49694055944055,forecast then threshold
hist_gbm,1,107.5,0.9625,0.10679611650485436,0.7777777777777778,0.7549019607843137,0.8557038834951457,126.43269230769229,forecast then threshold
hist_gbm,1,110.0,0.95625,0.10275080906148867,0.7832764505119454,0.7561779242174629,0.8534991909385113,124.72989510489509,forecast then threshold
hist_gbm,1,112.5,0.9541666666666667,0.08980582524271845,0.804920913884007,0.7749576988155669,0.8643608414239483,121.11145104895104,forecast then threshold
hist_gbm,1,115.0,0.9541666666666667,0.08171521035598706,0.8193202146690519,0.7882960413080895,0.8724514563106797,118.98295454545453,forecast then threshold
hist_gbm,1,117.5,0.94375,0.07928802588996764,0.822141560798548,0.7837370242214533,0.8644619741100323,117.28015734265733,forecast then threshold
hist_gbm,1,120.0,0.9416666666666667,0.07686084142394822,0.8263254113345521,0.7860869565217391,0.8648058252427184,116.42875874125873,forecast then threshold
hist_gbm,1,122.5,0.9333333333333333,0.07200647249190939,0.8342644320297952,0.7873462214411248,0.861326860841424,114.30026223776223,forecast then threshold
hist_gbm,1,125.0,0.925,0.06715210355987054,0.8425047438330171,0.7886323268206039,0.8578478964401295,112.17176573426572,forecast then threshold
hist_gbm,1,127.5,0.91875,0.06229773462783172,0.8513513513513513,0.7917414721723519,0.8564522653721682,110.25611888111887,forecast then threshold
hist_gbm,1,130.0,0.90625,0.05906148867313916,0.8562992125984252,0.786618444846293,0.8471885113268608,108.12762237762237,forecast then threshold
hist_gbm,1,132.5,0.8979166666666667,0.055825242718446605,0.862,0.785063752276867,0.8420914239482201,106.42482517482517,forecast then threshold
hist_gbm,1,135.0,0.8895833333333333,0.05177993527508091,0.869653767820774,0.7849264705882353,0.8378033980582523,104.50917832167832,forecast then threshold
hist_gbm,1,137.5,0.8854166666666666,0.05016181229773463,0.8726899383983573,0.7841328413284133,0.835254854368932,103.6577797202797,forecast then threshold
hist_gbm,1,140.0,0.8791666666666667,0.04611650485436893,0.8810020876826722,0.7858472998137802,0.8330501618122977,101.9549825174825,forecast then threshold
hist_gbm,1,142.5,0.8604166666666667,0.04288025889967637,0.8862660944206009,0.774859287054409,0.8175364077669903,99.18793706293705,forecast then threshold
hist_gbm,1,145.0,0.8458333333333333,0.038834951456310676,0.8942731277533039,0.7689393939393939,0.8069983818770227,96.63374125874125,forecast then threshold
hist_gbm,1,147.5,0.83125,0.03640776699029126,0.8986486486486487,0.76,0.7948422330097088,94.50524475524475,forecast then threshold
hist_gbm,1,150.0,0.825,0.03317152103559871,0.9061784897025171,0.7600767754318618,0.7918284789644012,93.0152972027972,forecast then threshold
hist_gbm,1,152.5,0.8145833333333333,0.029935275080906147,0.9135514018691588,0.7562862669245648,0.7846480582524272,91.09965034965035,forecast then threshold
hist_gbm,1,155.0,0.8,0.029935275080906147,0.9121140142517815,0.7427466150870407,0.770064724919094,89.60970279720279,forecast then threshold
hist_gbm,1,157.5,0.7833333333333333,0.02831715210355987,0.9148418491484185,0.7300970873786408,0.7550161812297734,87.4812062937063,forecast then threshold
hist_gbm,1,160.0,0.7645833333333333,0.025889967637540454,0.9197994987468672,0.716796875,0.7386933656957928,84.92701048951048,forecast then threshold
hist_gbm,1,162.5,0.75,0.023462783171521034,0.9254498714652957,0.7072691552062869,0.7265372168284789,82.79851398601399,forecast then threshold
hist_gbm,1,165.0,0.7208333333333333,0.019417475728155338,0.9351351351351351,0.6865079365079365,0.701415857605178,78.75437062937063,forecast then threshold
hist_gbm,1,167.5,0.6958333333333333,0.0186084142394822,0.9355742296918768,0.6640159045725647,0.6772249190938511,75.98732517482517,forecast then threshold
hist_gbm,1,170.0,0.6854166666666667,0.0186084142394822,0.9346590909090909,0.6540755467196819,0.6668082524271844,74.92307692307692,forecast then threshold
hist_gbm,1,172.5,0.6666666666666666,0.01699029126213592,0.9384164222873901,0.6387225548902196,0.6496763754045307,72.58173076923076,forecast then threshold
hist_gbm,1,175.0,0.6520833333333333,0.013754045307443365,0.9484848484848485,0.6297786720321932,0.63832928802589,70.24038461538461,forecast then threshold
hist_gbm,1,177.5,0.64375,0.012944983818770227,0.9507692307692308,0.6229838709677419,0.6308050161812299,69.17613636363636,forecast then threshold
hist_gbm,1,180.0,0.6270833333333333,0.012135922330097087,0.9525316455696202,0.6080808080808081,0.6149474110032362,67.2604895104895,forecast then threshold
hist_gbm,1,182.5,0.6166666666666667,0.011326860841423949,0.9548387096774194,0.5991902834008097,0.6053398058252427,65.9833916083916,forecast then threshold
hist_gbm,1,185.0,0.5895833333333333,0.011326860841423949,0.9528619528619529,0.5728744939271255,0.5782564724919094,63.216346153846146,forecast then threshold
hist_gbm,1,187.5,0.5625,0.009708737864077669,0.9574468085106383,0.5487804878048781,0.5527912621359223,60.02360139860139,forecast then threshold
hist_gbm,1,190.0,0.5333333333333333,0.00889967637540453,0.9588014981273408,0.5213849287169042,0.5244336569579288,56.83085664335664,forecast then threshold
hist_gbm,1,192.5,0.5104166666666666,0.00889967637540453,0.95703125,0.4989816700610998,0.5015169902912621,54.48951048951049,forecast then threshold
hist_gbm,1,195.0,0.48541666666666666,0.008090614886731391,0.9588477366255144,0.47551020408163264,0.47732605177993526,51.72246503496503,forecast then threshold
hist_gbm,1,197.5,0.46875,0.008090614886731391,0.9574468085106383,0.45918367346938777,0.4606593851132686,50.019667832167826,forecast then threshold
hist_gbm,1,200.0,0.45,0.007281553398058253,0.96,0.44171779141104295,0.44271844660194176,47.89117132867133,forecast then threshold
hist_gbm,1,202.5,0.42916666666666664,0.006472491909385114,0.9626168224299065,0.42213114754098363,0.42269417475728155,45.54982517482517,forecast then threshold
hist_gbm,1,205.0,0.4125,0.0048543689320388345,0.9705882352941176,0.4074074074074074,0.40764563106796114,43.421328671328666,forecast then threshold
hist_gbm,1,207.5,0.38958333333333334,0.0040453074433656954,0.9739583333333334,0.38556701030927837,0.38553802588996766,40.86713286713287,forecast then threshold
hist_gbm,1,210.0,0.36875,0.0040453074433656954,0.9725274725274725,0.3649484536082474,0.36470469255663435,38.73863636363636,forecast then threshold
hist_gbm,1,212.5,0.3625,0.0040453074433656954,0.9720670391061452,0.35876288659793815,0.3584546925566343,38.100087412587406,forecast then threshold
hist_gbm,1,215.0,0.34375,0.0040453074433656954,0.9705882352941176,0.3402061855670103,0.3397046925566343,36.18444055944056,forecast then threshold
hist_gbm,1,217.5,0.33125,0.0040453074433656954,0.9695121951219512,0.32783505154639175,0.3272046925566343,34.90734265734265,forecast then threshold
hist_gbm,1,220.0,0.31875,0.0040453074433656954,0.9683544303797469,0.3154639175257732,0.3147046925566343,33.63024475524475,forecast then threshold
hist_gbm,1,222.5,0.30833333333333335,0.0040453074433656954,0.9673202614379085,0.30515463917525776,0.3042880258899677,32.5659965034965,forecast then threshold
hist_gbm,1,225.0,0.29583333333333334,0.0040453074433656954,0.9659863945578231,0.2927835051546392,0.29178802588996766,31.2888986013986,forecast then threshold
hist_gbm,1,227.5,0.28958333333333336,0.0040453074433656954,0.9652777777777778,0.2865979381443299,0.2855380258899677,30.650349650349646,forecast then threshold
hist_gbm,1,230.0,0.2708333333333333,0.0040453074433656954,0.9629629629629629,0.26804123711340205,0.26678802588996764,28.734702797202797,forecast then threshold
hist_gbm,1,232.5,0.26458333333333334,0.0040453074433656954,0.9621212121212122,0.2618556701030928,0.26053802588996766,28.096153846153843,forecast then threshold
hist_gbm,1,235.0,0.2520833333333333,0.0040453074433656954,0.9603174603174603,0.24948453608247423,0.24803802588996762,26.819055944055943,forecast then threshold
hist_gbm,1,237.5,0.23125,0.0040453074433656954,0.9568965517241379,0.2288659793814433,0.2272046925566343,24.69055944055944,forecast then threshold
hist_gbm,1,240.0,0.22291666666666668,0.0040453074433656954,0.9553571428571429,0.22061855670103092,0.21887135922330098,23.839160839160837,forecast then threshold
hist_gbm,1,242.5,0.20416666666666666,0.0040453074433656954,0.9514563106796117,0.2020618556701031,0.20012135922330096,21.923513986013983,forecast then threshold
hist_gbm,1,245.0,0.19166666666666668,0.0040453074433656954,0.9484536082474226,0.18969072164948453,0.18762135922330098,20.646416083916083,forecast then threshold
hist_gbm,1,247.5,0.17708333333333334,0.0040453074433656954,0.9444444444444444,0.17525773195876287,0.17303802588996764,19.15646853146853,forecast then threshold
hist_gbm,1,250.0,0.17291666666666666,0.003236245954692557,0.9540229885057471,0.17148760330578514,0.16968042071197412,18.51791958041958,forecast then threshold
hist_gbm,1,252.5,0.17291666666666666,0.003236245954692557,0.9540229885057471,0.17148760330578514,0.16968042071197412,18.51791958041958,forecast then threshold
hist_gbm,1,255.0,0.16666666666666666,0.003236245954692557,0.9523809523809523,0.1652892561983471,0.1634304207119741,17.879370629370626,forecast then threshold
hist_gbm,1,257.5,0.15416666666666667,0.0024271844660194173,0.961038961038961,0.15320910973084886,0.15173948220064726,16.389423076923077,forecast then threshold
hist_gbm,1,260.0,0.15,0.0024271844660194173,0.96,0.14906832298136646,0.14757281553398058,15.963723776223775,forecast then threshold
hist_gbm,1,262.5,0.14375,0.0024271844660194173,0.9583333333333334,0.14285714285714285,0.14132281553398057,15.325174825174823,forecast then threshold
hist_gbm,1,265.0,0.13125,0.0024271844660194173,0.9545454545454546,0.13043478260869565,0.1288228155339806,14.048076923076922,forecast then threshold
hist_gbm,1,267.5,0.125,0.0016181229773462784,0.967741935483871,0.12448132780082988,0.12338187702265373,13.19667832167832,forecast then threshold
hist_gbm,1,270.0,0.12291666666666666,0.0016181229773462784,0.9672131147540983,0.12240663900414937,0.12129854368932039,12.98382867132867,forecast then threshold
hist_gbm,1,272.5,0.11666666666666667,0.0016181229773462784,0.9655172413793104,0.11618257261410789,0.1150485436893204,12.34527972027972,forecast then threshold
hist_gbm,1,275.0,0.10833333333333334,0.0016181229773462784,0.9629629629629629,0.1078838174273859,0.10671521035598706,11.493881118881118,forecast then threshold
hist_gbm,1,277.5,0.10208333333333333,0.0016181229773462784,0.9607843137254902,0.1016597510373444,0.10046521035598706,10.855332167832167,forecast then threshold
hist_gbm,1,280.0,0.09791666666666667,0.0016181229773462784,0.9591836734693877,0.0975103734439834,0.09629854368932039,10.429632867132867,forecast then threshold
hist_gbm,1,282.5,0.09375,0.0008090614886731392,0.9782608695652174,0.09355509355509356,0.09294093851132686,9.791083916083915,forecast then threshold
hist_gbm,1,285.0,0.09166666666666666,0.0008090614886731392,0.9777777777777777,0.09147609147609148,0.09085760517799352,9.578234265734265,forecast then threshold
hist_gbm,1,287.5,0.08333333333333333,0.0008090614886731392,0.975609756097561,0.08316008316008316,0.08252427184466019,8.726835664335663,forecast then threshold
hist_gbm,1,290.0,0.08333333333333333,0.0008090614886731392,0.975609756097561,0.08316008316008316,0.08252427184466019,8.726835664335663,forecast then threshold
hist_gbm,1,292.5,0.07708333333333334,0.0008090614886731392,0.9736842105263158,0.07692307692307693,0.0762742718446602,8.088286713286713,forecast then threshold
hist_gbm,1,295.0,0.06875,0.0008090614886731392,0.9705882352941176,0.06860706860706861,0.06794093851132686,7.236888111888112,forecast then threshold
hist_gbm,1,297.5,0.0625,0.0,1.0,0.0625,0.0625,6.38548951048951,forecast then threshold
hist_gbm,1,300.0,0.05,0.0,1.0,0.05,0.05,5.108391608391608,forecast then threshold
hist_gbm,1,302.5,0.041666666666666664,0.0,1.0,0.041666666666666664,0.041666666666666664,4.256993006993007,forecast then threshold
hist_gbm,1,305.0,0.03958333333333333,0.0,1.0,0.03958333333333333,0.03958333333333333,4.044143356643357,forecast then threshold
hist_gbm,1,307.5,0.03333333333333333,0.0,1.0,0.03333333333333333,0.03333333333333333,3.4055944055944054,forecast then threshold
hist_gbm,1,310.0,0.027083333333333334,0.0,1.0,0.027083333333333334,0.027083333333333334,2.767045454545454,forecast then threshold
hist_gbm,1,312.5,0.020833333333333332,0.0,1.0,0.020833333333333332,0.020833333333333332,2.1284965034965033,forecast then threshold
hist_gbm,1,315.0,0.020833333333333332,0.0,1.0,0.020833333333333332,0.020833333333333332,2.1284965034965033,forecast then threshold
hist_gbm,1,317.5,0.01875,0.0,1.0,0.01875,0.01875,1.915646853146853,forecast then threshold
hist_gbm,1,320.0,0.014583333333333334,0.0,1.0,0.014583333333333334,0.014583333333333334,1.4899475524475523,forecast then threshold
hist_gbm,1,322.5,0.014583333333333334,0.0,1.0,0.014583333333333334,0.014583333333333334,1.4899475524475523,forecast then threshold
hist_gbm,1,325.0,0.0125,0.0,1.0,0.0125,0.0125,1.277097902097902,forecast then threshold
hist_gbm,1,327.5,0.0125,0.0,1.0,0.0125,0.0125,1.277097902097902,forecast then threshold
hist_gbm,1,330.0,0.0125,0.0,1.0,0.0125,0.0125,1.277097902097902,forecast then threshold
hist_gbm,1,332.5,0.010416666666666666,0.0,1.0,0.010416666666666666,0.010416666666666666,1.0642482517482517,forecast then threshold
hist_gbm,1,335.0,0.008333333333333333,0.0,1.0,0.008333333333333333,0.008333333333333333,0.8513986013986014,forecast then threshold
hist_gbm,1,337.5,0.008333333333333333,0.0,1.0,0.008333333333333333,0.008333333333333333,0.8513986013986014,forecast then threshold
hist_gbm,1,340.0,0.00625,0.0,1.0,0.00625,0.00625,0.638548951048951,forecast then threshold
hist_gbm,1,342.5,0.00625,0.0,1.0,0.00625,0.00625,0.638548951048951,forecast then threshold
hist_gbm,1,345.0,0.004166666666666667,0.0,1.0,0.004166666666666667,0.004166666666666667,0.4256993006993007,forecast then threshold
hist_gbm,1,347.5,0.0020833333333333333,0.0,1.0,0.0020833333333333333,0.0020833333333333333,0.21284965034965034,forecast then threshold
hist_gbm,1,350.0,0.0020833333333333333,0.0,1.0,0.0020833333333333333,0.0020833333333333333,0.21284965034965034,forecast then threshold
hist_gbm,1,352.5,0.0020833333333333333,0.0,1.0,0.0020833333333333333,0.0020833333333333333,0.21284965034965034,forecast then threshold
hist_gbm,1,355.0,0.0,0.0,,0.0,0.0,0.0,forecast then threshold
hist_gbm,1,357.5,0.0,0.0,,0.0,0.0,0.0,forecast then threshold
hist_gbm,1,360.0,0.0,0.0,,0.0,0.0,0.0,forecast then threshold
hist_gbm,1,362.5,0.0,0.0,,0.0,0.0,0.0,forecast then threshold
hist_gbm,1,365.0,0.0,0.0,,0.0,0.0,0.0,forecast then threshold
hist_gbm,1,367.5,0.0,0.0,,0.0,0.0,0.0,forecast then threshold
hist_gbm,1,370.0,0.0,0.0,,0.0,0.0,0.0,forecast then threshold
hist_gbm,1,372.5,0.0,0.0,,0.0,0.0,0.0,forecast then threshold
hist_gbm,1,375.0,0.0,0.0,,0.0,0.0,0.0,forecast then threshold
hist_gbm,1,377.5,0.0,0.0,,0.0,0.0,0.0,forecast then threshold
hist_gbm,1,380.0,0.0,0.0,,0.0,0.0,0.0,forecast then threshold
hist_gbm,1,382.5,0.0,0.0,,0.0,0.0,0.0,forecast then threshold
hist_gbm,1,385.0,0.0,0.0,,0.0,0.0,0.0,forecast then threshold
hist_gbm,1,387.5,0.0,0.0,,0.0,0.0,0.0,forecast then threshold
hist_gbm,1,390.0,0.0,0.0,,0.0,0.0,0.0,forecast then threshold
hist_gbm,1,392.5,0.0,0.0,,0.0,0.0,0.0,forecast then threshold
hist_gbm,1,395.0,0.0,0.0,,0.0,0.0,0.0,forecast then threshold
hist_gbm,1,397.5,0.0,0.0,,0.0,0.0,0.0,forecast then threshold
hist_gbm,1,400.0,0.0,0.0,,0.0,0.0,0.0,forecast then threshold
hist_gbm,2,20.0,1.0,1.0,0.278436018957346,0.278436018957346,0.0,365.24999999999994,forecast then threshold
hist_gbm,2,22.5,1.0,1.0,0.278436018957346,0.278436018957346,0.0,365.24999999999994,forecast then threshold
hist_gbm,2,25.0,1.0,1.0,0.278436018957346,0.278436018957346,0.0,365.24999999999994,forecast then threshold
hist_gbm,2,27.5,1.0,0.9844006568144499,0.28160575194727383,0.28160575194727383,0.015599343185550119,361.13877369668245,forecast then threshold
hist_gbm,2,30.0,1.0,0.9326765188834154,0.29265255292652553,0.29265255292652553,0.0673234811165846,347.5068127962085,forecast then threshold
hist_gbm,2,32.5,1.0,0.8267651888341544,0.3182125930941097,0.3182125930941097,0.1732348111658456,319.59375,forecast then threshold
hist_gbm,2,35.0,1.0,0.7495894909688013,0.3398409255242227,0.3398409255242227,0.25041050903119866,299.25399881516586,forecast then threshold
hist_gbm,2,37.5,1.0,0.6995073891625616,0.3555219364599092,0.3555219364599092,0.3004926108374384,286.05479857819904,forecast then threshold
hist_gbm,2,40.0,1.0,0.6510673234811166,0.3721298495645289,0.3721298495645289,0.3489326765188834,273.28835900473933,forecast then threshold
hist_gbm,2,42.5,1.0,0.6141215106732348,0.38587848932676516,0.38587848932676516,0.38587848932676516,263.55124407582935,forecast then threshold
hist_gbm,2,45.0,1.0,0.5927750410509032,0.39429530201342283,0.39429530201342283,0.4072249589490968,257.92535545023696,forecast then threshold
hist_gbm,2,47.5,1.0,0.577175697865353,0.40068201193520886,0.40068201193520886,0.42282430213464695,253.8141291469194,forecast then threshold
hist_gbm,2,50.0,1.0,0.5607553366174056,0.40763226366001737,0.40763226366001737,0.4392446633825944,249.4865225118483,forecast then threshold
hist_gbm,2,52.5,1.0,0.5394088669950738,0.417036379769299,0.417036379769299,0.46059113300492616,243.8606338862559,forecast then threshold
hist_gbm,2,55.0,1.0,0.513136288998358,0.4292237442922374,0.4292237442922374,0.48686371100164205,236.93646327014216,forecast then threshold
hist_gbm,2,57.5,1.0,0.4917898193760263,0.43966323666978485,0.43966323666978485,0.5082101806239737,231.31057464454975,forecast then threshold
hist_gbm,2,60.0,1.0,0.46798029556650245,0.4519230769230769,0.4519230769230769,0.5320197044334976,225.03554502369667,forecast then threshold
hist_gbm,2,62.5,1.0,0.44745484400656815,0.4630541871921182,0.4630541871921182,0.5525451559934318,219.6260367298578,forecast then threshold
hist_gbm,2,65.0,1.0,0.4178981937602627,0.48008171603677224,0.48008171603677224,0.5821018062397373,211.83634478672985,forecast then threshold
hist_gbm,2,67.5,0.997872340425532,0.39655172413793105,0.49264705882352944,0.49213011542497376,0.6013206162876009,205.99407582938386,forecast then threshold
hist_gbm,2,70.0,0.9957446808510638,0.3793103448275862,0.5032258064516129,0.5021459227467812,0.6164343360234776,201.23370853080567,forecast then threshold
hist_gbm,2,72.5,0.9957446808510638,0.35714285714285715,0.5182724252491694,0.5171270718232044,0.6386018237082067,195.3914395734597,forecast then threshold
hist_gbm,2,75.0,0.9936170212765958,0.32594417077175697,0.5405092592592593,0.538638985005767,0.6676728505048388,186.95260663507108,forecast then threshold
hist_gbm,2,77.5,0.9936170212765958,0.30049261083743845,0.56062424969988,0.5586124401913876,0.6931244104391574,180.2448163507109,forecast then threshold
hist_gbm,2,80.0,0.9893617021276596,0.2799671592775041,0.5769230769230769,0.5733662145499383,0.7093945428501556,174.40254739336493,forecast then threshold
hist_gbm,2,82.5,0.9893617021276596,0.2545155993431856,0.6,0.5961538461538461,0.734846102784474,167.6947571090047,forecast then threshold
hist_gbm,2,85.0,0.9829787234042553,0.22660098522167488,0.6260162601626016,0.6193029490616622,0.7563777381825805,159.68868483412322,forecast then threshold
hist_gbm,2,87.5,0.9829787234042553,0.20032840722495895,0.6543909348441926,0.6470588235294118,0.7826503161792964,152.76451421800945,forecast then threshold
hist_gbm,2,90.0,0.9808510638297873,0.1863711001642036,0.6700581395348837,0.6614060258249641,0.7944799636655837,148.86966824644549,forecast then threshold
hist_gbm,2,92.5,0.9787234042553191,0.1724137931034483,0.6865671641791045,0.6764705882352942,0.8063096111518708,144.97482227488152,forecast then threshold
hist_gbm,2,95.0,0.9787234042553191,0.1568144499178982,0.706605222734255,0.6959152798789713,0.821908954337421,140.86359597156397,forecast then threshold
hist_gbm,2,97.5,0.9787234042553191,0.15024630541871922,0.7153965785381027,0.7044410413476263,0.8284770988365999,139.13255331753552,forecast then threshold
hist_gbm,2,100.0,0.9723404255319149,0.1444991789819376,0.721958925750395,0.7074303405572755,0.8278412465499774,136.96875,forecast then threshold
hist_gbm,2,102.5,0.9680851063829787,0.13793103448275862,0.7303370786516854,0.713166144200627,0.8301540719002201,134.80494668246445,forecast then threshold
hist_gbm,2,105.0,0.9617021276595744,0.12889983579638753,0.7422003284072249,0.7208931419457735,0.8328022918631869,131.77562203791467,forecast then threshold
hist_gbm,2,107.5,0.9574468085106383,0.12397372742200329,0.7487520798668885,0.7246376811594203,0.833473081088635,130.04457938388626,forecast then threshold
hist_gbm,2,110.0,0.9553191489361702,0.1174055829228243,0.7584459459459459,0.732463295269168,0.8379135660133459,128.09715639810426,forecast then threshold
hist_gbm,2,112.5,0.951063829787234,0.1116584564860427,0.7667238421955404,0.7376237623762376,0.8394053733011914,126.14973341232226,forecast then threshold
hist_gbm,2,115.0,0.948936170212766,0.10755336617405582,0.7729636048526863,0.7420965058236273,0.8413828040387101,124.85145142180093,forecast then threshold
hist_gbm,2,117.5,0.9468085106382979,0.10591133004926108,0.7752613240418118,0.7429048414023373,0.8408971805890367,124.20231042654028,forecast then threshold
hist_gbm,2,120.0,0.9425531914893617,0.10180623973727422,0.781305114638448,0.7457912457912458,0.8407469517520875,122.68764810426539,forecast then threshold
hist_gbm,2,122.5,0.9404255319148936,0.09852216748768473,0.7864768683274022,0.7491525423728813,0.8419033644272089,121.60574644549762,forecast then threshold
hist_gbm,2,125.0,0.9361702127659575,0.09523809523809523,0.7913669064748201,0.7508532423208191,0.8409321175278622,120.3074644549763,forecast then threshold
hist_gbm,2,127.5,0.9319148936170213,0.09441707717569786,0.7920433996383364,0.7487179487179487,0.8374978164413234,119.65832345971563,forecast then threshold
hist_gbm,2,130.0,0.9234042553191489,0.09359605911330049,0.791970802919708,0.7431506849315068,0.8298081962058484,118.57642180094786,forecast then threshold
hist_gbm,2,132.5,0.9191489361702128,0.08949096880131363,0.7985212569316081,0.7461139896373057,0.8296579673688991,117.06175947867298,forecast then threshold
hist_gbm,2,135.0,0.9127659574468086,0.08620689655172414,0.8033707865168539,0.7460869565217392,0.8265590608950844,115.5470971563981,forecast then threshold
hist_gbm,2,137.5,0.9063829787234042,0.08456486042692939,0.8052930056710775,0.743455497382199,0.8218181182964749,114.46519549763032,forecast then threshold
hist_gbm,2,140.0,0.8978723404255319,0.08374384236453201,0.8053435114503816,0.7377622377622378,0.8141284980609999,113.38329383886256,forecast then threshold
hist_gbm,2,142.5,0.8872340425531915,0.07635467980295567,0.8176470588235294,0.7406749555950266,0.8108793627502359,110.35396919431278,forecast then threshold
hist_gbm,2,145.0,0.8787234042553191,0.0722495894909688,0.8243512974051896,0.7401433691756273,0.8064738147643503,108.4065462085308,forecast then threshold
hist_gbm,2,147.5,0.8723404255319149,0.06568144499178982,0.8367346938775511,0.7454545454545455,0.8066589805401251,106.02636255924169,forecast then threshold
hist_gbm,2,150.0,0.8659574468085106,0.06321839080459771,0.8409090909090909,0.7440585009140768,0.8027390560039129,104.72808056872037,forecast then threshold
hist_gbm,2,152.5,0.8617021276595744,0.060755336617405585,0.8455114822546973,0.7444852941176471,0.8009467910421688,103.6461789099526,forecast then threshold
hist_gbm,2,155.0,0.8553191489361702,0.05829228243021346,0.8498942917547568,0.7430683918669131,0.7970268665059568,102.34789691943126,forecast then threshold
hist_gbm,2,157.5,0.8361702127659575,0.05665024630541872,0.8506493506493507,0.7291280148423006,0.7795199664605388,99.96771327014217,forecast then threshold
hist_gbm,2,160.0,0.8212765957446808,0.05665024630541872,0.8483516483516483,0.7161410018552876,0.7646263494392621,98.4530509478673,forecast then threshold
hist_gbm,2,162.5,0.7893617021276595,0.054187192118226604,0.8489702517162472,0.6921641791044776,0.7351745100094329,94.55820497630332,forecast then threshold
hist_gbm,2,165.0,0.7723404255319148,0.05172413793103448,0.852112676056338,0.6810506566604128,0.7206162876008804,92.1780213270142,forecast then threshold
hist_gbm,2,167.5,0.7468085106382979,0.047619047619047616,0.8581907090464548,0.6647727272727273,0.6991894630192503,88.49955568720378,forecast then threshold
hist_gbm,2,170.0,0.7276595744680852,0.0451559934318555,0.8614609571788413,0.6514285714285715,0.6825035810362297,85.90299170616113,forecast then threshold
hist_gbm,2,172.5,0.7106382978723405,0.04351395730706076,0.8630490956072352,0.638623326959847,0.6671243405652797,83.73918838862558,forecast then threshold
hist_gbm,2,175.0,0.6872340425531915,0.040229885057471264,0.8682795698924731,0.6223506743737958,0.6470041574957203,80.49348341232226,forecast then threshold
hist_gbm,2,177.5,0.6531914893617021,0.03694581280788178,0.8721590909090909,0.596116504854369,0.6162456765538203,76.16587677725119,forecast then threshold
hist_gbm,2,180.0,0.6319148936170212,0.03201970443349754,0.8839285714285714,0.5834970530451866,0.5998951891835237,72.7037914691943,forecast then threshold
hist_gbm,2,182.5,0.5936170212765958,0.030377668308702793,0.8829113924050633,0.5502958579881657,0.563239352967893,68.37618483412322,forecast then threshold
hist_gbm,2,185.0,0.5617021276595745,0.028735632183908046,0.882943143812709,0.5227722772277228,0.5329664954756664,64.6977191943128,forecast then threshold
hist_gbm,2,187.5,0.5382978723404256,0.026272577996715927,0.887719298245614,0.5039840637450199,0.5120252943437097,61.66839454976303,forecast then threshold
hist_gbm,2,190.0,0.5106382978723404,0.024630541871921183,0.8888888888888888,0.48,0.4860077560004192,58.422689573459714,forecast then threshold
hist_gbm,2,192.5,0.48936170212765956,0.022167487684729065,0.8949416342412452,0.46277665995975853,0.4671942144429305,55.6097452606635,forecast then threshold
hist_gbm,2,195.0,0.4531914893617021,0.018883415435139574,0.902542372881356,0.43204868154158216,0.43430807392656257,51.06575829383886,forecast then threshold
hist_gbm,2,197.5,0.4340425531914894,0.016420361247947456,0.9107142857142857,0.4163265306122449,0.41762219194354194,48.469194312796205,forecast then threshold
hist_gbm,2,200.0,0.39361702127659576,0.015599343185550082,0.9068627450980392,0.3783231083844581,0.3780176780910457,44.14158767772511,forecast then threshold
hist_gbm,2,202.5,0.38085106382978723,0.014778325123152709,0.9086294416243654,0.3668032786885246,0.36607273870663454,42.62692535545023,forecast then threshold
hist_gbm,2,205.0,0.3595744680851064,0.014778325123152709,0.9037433155080213,0.3463114754098361,0.3447961429619537,40.46312203791469,forecast then threshold
hist_gbm,2,207.5,0.3468085106382979,0.010673234811165846,0.9261363636363636,0.33747412008281574,0.33613527582713204,38.08293838862559,forecast then threshold
hist_gbm,2,210.0,0.3276595744680851,0.009852216748768473,0.927710843373494,0.31950207468879666,0.3178073577193166,35.91913507109005,forecast then threshold
hist_gbm,2,212.5,0.3127659574468085,0.008210180623973728,0.9363057324840764,0.30625,0.3045557768228348,33.971712085308056,forecast then threshold
hist_gbm,2,215.0,0.28936170212765955,0.008210180623973728,0.9315068493150684,0.2833333333333333,0.28115152150368583,31.591528436018955,forecast then threshold
hist_gbm,2,217.5,0.26595744680851063,0.008210180623973728,0.9259259259259259,0.2604166666666667,0.2577472661845369,29.211344786729857,forecast then threshold
hist_gbm,2,220.0,0.26382978723404255,0.007389162561576354,0.9323308270676691,0.2588726513569937,0.2564406246724662,28.778584123222746,forecast then threshold
hist_gbm,2,222.5,0.25957446808510637,0.007389162561576354,0.9312977099236641,0.2546972860125261,0.25218530552353,28.34582345971564,forecast then threshold
hist_gbm,2,225.0,0.23829787234042554,0.007389162561576354,0.9256198347107438,0.23382045929018788,0.2309087097788492,26.182020142180093,forecast then threshold
hist_gbm,2,227.5,0.2276595744680851,0.007389162561576354,0.9224137931034483,0.22338204592901878,0.22027041190650876,25.10011848341232,forecast then threshold
hist_gbm,2,230.0,0.2127659574468085,0.007389162561576354,0.9174311926605505,0.20876826722338204,0.20537679488523217,23.58545616113744,forecast then threshold
hist_gbm,2,232.5,0.2,0.007389162561576354,0.912621359223301,0.19624217118997914,0.19261083743842367,22.28717417061611,forecast then threshold
hist_gbm,2,235.0,0.1851063829787234,0.007389162561576354,0.90625,0.18162839248434237,0.17771722041714705,20.77251184834123,forecast then threshold
hist_gbm,2,237.5,0.17872340425531916,0.005747126436781609,0.9230769230769231,0.1761006289308176,0.17297627781853755,19.69061018957346,forecast then threshold
hist_gbm,2,240.0,0.16170212765957448,0.0049261083743842365,0.926829268292683,0.15966386554621848,0.15677601928519025,17.743187203791468,forecast then threshold
hist_gbm,2,242.5,0.14680851063829786,0.0049261083743842365,0.92,0.14495798319327732,0.14188240226391363,16.228524881516588,forecast then threshold
hist_gbm,2,245.0,0.13404255319148936,0.0049261083743842365,0.9130434782608695,0.1323529411764706,0.12911644481710513,14.93024289099526,forecast then threshold
hist_gbm,2,247.5,0.125531914893617,0.0049261083743842365,0.9076923076923077,0.12394957983193278,0.12060580651923278,14.064721563981042,forecast then threshold
hist_gbm,2,250.0,0.11063829787234042,0.0049261083743842365,0.896551724137931,0.1092436974789916,0.10571218949795619,12.55005924170616,forecast then threshold
hist_gbm,2,252.5,0.09574468085106383,0.004105090311986864,0.9,0.09473684210526316,0.09163959053907697,10.819016587677725,forecast then threshold
hist_gbm,2,255.0,0.08936170212765958,0.003284072249589491,0.9130434782608695,0.08860759493670886,0.08607762987807009,9.953495260663507,forecast then threshold
hist_gbm,2,257.5,0.08936170212765958,0.0024630541871921183,0.9333333333333333,0.08879492600422834,0.08689864794046746,9.737114928909952,forecast then threshold
hist_gbm,2,260.0,0.08297872340425531,0.0024630541871921183,0.9285714285714286,0.0824524312896406,0.0805156692170632,9.087973933649288,forecast then threshold
hist_gbm,2,262.5,0.07659574468085106,0.0024630541871921183,0.9230769230769231,0.07610993657505286,0.07413269049365895,8.438832938388625,forecast then threshold
hist_gbm,2,265.0,0.06595744680851064,0.0024630541871921183,0.9117647058823529,0.06553911205073996,0.06349439262131852,7.356931279620852,forecast then threshold
hist_gbm,2,267.5,0.059574468085106386,0.0024630541871921183,0.9032258064516129,0.05919661733615222,0.05711141389791427,6.707790284360189,forecast then threshold
hist_gbm,2,270.0,0.0574468085106383,0.0024630541871921183,0.9,0.05708245243128964,0.05498375432344618,6.4914099526066344,forecast then threshold
hist_gbm,2,272.5,0.0574468085106383,0.0024630541871921183,0.9,0.05708245243128964,0.05498375432344618,6.4914099526066344,forecast then threshold
hist_gbm,2,275.0,0.05106382978723404,0.0024630541871921183,0.8888888888888888,0.0507399577167019,0.048600775600041925,5.842268957345971,forecast then threshold
hist_gbm,2,277.5,0.04042553191489362,0.0016420361247947454,0.9047619047619048,0.04025423728813559,0.038783495790098876,4.543986966824644,forecast then threshold
hist_gbm,2,280.0,0.03829787234042553,0.0016420361247947454,0.9,0.038135593220338986,0.03665583621563079,4.327606635071089,forecast then threshold
hist_gbm,2,282.5,0.03829787234042553,0.0016420361247947454,0.9,0.038135593220338986,0.03665583621563079,4.327606635071089,forecast then threshold
hist_gbm,2,285.0,0.029787234042553193,0.0008210180623973727,0.9333333333333333,0.029723991507430998,0.02896621598015582,3.2457049763033172,forecast then threshold
hist_gbm,2,287.5,0.02553191489361702,0.0008210180623973727,0.9230769230769231,0.025477707006369428,0.024710896831219648,2.8129443127962084,forecast then threshold
hist_gbm,2,290.0,0.019148936170212766,0.0008210180623973727,0.9,0.01910828025477707,0.018327918107815394,2.1638033175355447,forecast then threshold
hist_gbm,2,292.5,0.014893617021276596,0.0008210180623973727,0.875,0.014861995753715499,0.014072598958879223,1.7310426540284358,forecast then threshold
hist_gbm,2,295.0,0.010638297872340425,0.0008210180623973727,0.8333333333333334,0.010615711252653927,0.009817279809943052,1.298281990521327,forecast then threshold
hist_gbm,2,297.5,0.010638297872340425,0.0,1.0,0.010638297872340425,0.010638297872340425,1.0819016587677723,forecast then threshold
hist_gbm,2,300.0,0.00425531914893617,0.0,1.0,0.00425531914893617,0.00425531914893617,0.43276066350710896,forecast then threshold
hist_gbm,2,302.5,0.002127659574468085,0.0,1.0,0.002127659574468085,0.002127659574468085,0.21638033175355448,forecast then threshold
hist_gbm,2,305.0,0.0,0.0,,0.0,0.0,0.0,forecast then threshold
hist_gbm,2,307.5,0.0,0.0,,0.0,0.0,0.0,forecast then threshold
hist_gbm,2,310.0,0.0,0.0,,0.0,0.0,0.0,forecast then threshold
hist_gbm,2,312.5,0.0,0.0,,0.0,0.0,0.0,forecast then threshold
hist_gbm,2,315.0,0.0,0.0,,0.0,0.0,0.0,forecast then threshold
hist_gbm,2,317.5,0.0,0.0,,0.0,0.0,0.0,forecast then threshold
hist_gbm,2,320.0,0.0,0.0,,0.0,0.0,0.0,forecast then threshold
hist_gbm,2,322.5,0.0,0.0,,0.0,0.0,0.0,forecast then threshold
hist_gbm,2,325.0,0.0,0.0,,0.0,0.0,0.0,forecast then threshold
hist_gbm,2,327.5,0.0,0.0,,0.0,0.0,0.0,forecast then threshold
hist_gbm,2,330.0,0.0,0.0,,0.0,0.0,0.0,forecast then threshold
hist_gbm,2,332.5,0.0,0.0,,0.0,0.0,0.0,forecast then threshold
hist_gbm,2,335.0,0.0,0.0,,0.0,0.0,0.0,forecast then threshold
hist_gbm,2,337.5,0.0,0.0,,0.0,0.0,0.0,forecast then threshold
hist_gbm,2,340.0,0.0,0.0,,0.0,0.0,0.0,forecast then threshold
hist_gbm,2,342.5,0.0,0.0,,0.0,0.0,0.0,forecast then threshold
hist_gbm,2,345.0,0.0,0.0,,0.0,0.0,0.0,forecast then threshold
hist_gbm,2,347.5,0.0,0.0,,0.0,0.0,0.0,forecast then threshold
hist_gbm,2,350.0,0.0,0.0,,0.0,0.0,0.0,forecast then threshold
hist_gbm,2,352.5,0.0,0.0,,0.0,0.0,0.0,forecast then threshold
hist_gbm,2,355.0,0.0,0.0,,0.0,0.0,0.0,forecast then threshold
hist_gbm,2,357.5,0.0,0.0,,0.0,0.0,0.0,forecast then threshold
hist_gbm,2,360.0,0.0,0.0,,0.0,0.0,0.0,forecast then threshold
hist_gbm,2,362.5,0.0,0.0,,0.0,0.0,0.0,forecast then threshold
hist_gbm,2,365.0,0.0,0.0,,0.0,0.0,0.0,forecast then threshold
hist_gbm,2,367.5,0.0,0.0,,0.0,0.0,0.0,forecast then threshold
hist_gbm,2,370.0,0.0,0.0,,0.0,0.0,0.0,forecast then threshold
hist_gbm,2,372.5,0.0,0.0,,0.0,0.0,0.0,forecast then threshold
hist_gbm,2,375.0,0.0,0.0,,0.0,0.0,0.0,forecast then threshold
hist_gbm,2,377.5,0.0,0.0,,0.0,0.0,0.0,forecast then threshold
hist_gbm,2,380.0,0.0,0.0,,0.0,0.0,0.0,forecast then threshold
hist_gbm,2,382.5,0.0,0.0,,0.0,0.0,0.0,forecast then threshold
hist_gbm,2,385.0,0.0,0.0,,0.0,0.0,0.0,forecast then threshold
hist_gbm,2,387.5,0.0,0.0,,0.0,0.0,0.0,forecast then threshold
hist_gbm,2,390.0,0.0,0.0,,0.0,0.0,0.0,forecast then threshold
hist_gbm,2,392.5,0.0,0.0,,0.0,0.0,0.0,forecast then threshold
hist_gbm,2,395.0,0.0,0.0,,0.0,0.0,0.0,forecast then threshold
hist_gbm,2,397.5,0.0,0.0,,0.0,0.0,0.0,forecast then threshold
hist_gbm,2,400.0,0.0,0.0,,0.0,0.0,0.0,forecast then threshold
hist_gbm,3,20.0,1.0,1.0,0.2782352941176471,0.2782352941176471,0.0,365.25,forecast then threshold
hist_gbm,3,22.5,1.0,1.0,0.2782352941176471,0.2782352941176471,0.0,365.25,forecast then threshold
hist_gbm,3,25.0,1.0,1.0,0.2782352941176471,0.2782352941176471,0.0,365.25,forecast then threshold
hist_gbm,3,27.5,1.0,0.9755501222493888,0.2832335329341317,0.2832335329341317,0.02444987775061125,358.8044117647059,forecast then threshold
hist_gbm,3,30.0,1.0,0.9176854115729421,0.2958098811757348,0.2958098811757348,0.08231458842705786,343.5498529411765,forecast then threshold
hist_gbm,3,32.5,1.0,0.8361858190709046,0.31554369579719815,0.31554369579719815,0.1638141809290954,322.0645588235294,forecast then threshold
hist_gbm,3,35.0,1.0,0.7636511817440913,0.3354609929078014,0.3354609929078014,0.2363488182559087,302.9426470588235,forecast then threshold
hist_gbm,3,37.5,1.0,0.7204563977180114,0.3485630066322771,0.3485630066322771,0.2795436022819886,291.5554411764706,forecast then threshold
hist_gbm,3,40.0,1.0,0.680521597392013,0.36162079510703365,0.36162079510703365,0.319478402607987,281.0276470588235,forecast then threshold
hist_gbm,3,42.5,1.0,0.6479217603911981,0.37302839116719244,0.37302839116719244,0.3520782396088019,272.4335294117647,forecast then threshold
hist_gbm,3,45.0,1.0,0.6145069274653626,0.3854930725346373,0.3854930725346373,0.3854930725346374,263.6245588235294,forecast then threshold
hist_gbm,3,47.5,1.0,0.5941320293398533,0.3935108153078203,0.3935108153078203,0.4058679706601467,258.25323529411764,forecast then threshold
hist_gbm,3,50.0,1.0,0.5680521597392013,0.4042735042735043,0.4042735042735043,0.4319478402607987,251.37794117647059,forecast then threshold
hist_gbm,3,52.5,1.0,0.5493072534637327,0.41238012205754143,0.41238012205754143,0.45069274653626734,246.43632352941177,forecast then threshold
hist_gbm,3,55.0,1.0,0.5199674001629991,0.42574257425742573,0.42574257425742573,0.48003259983700086,238.7016176470588,forecast then threshold
hist_gbm,3,57.5,1.0,0.4906275468622657,0.44,0.44,0.5093724531377344,230.96691176470588,forecast then threshold
hist_gbm,3,60.0,0.9978858350951374,0.4588427057864711,0.45603864734299515,0.4555984555984556,0.5390431293086664,222.37279411764706,forecast then threshold
hist_gbm,3,62.5,0.9936575052854123,0.4400977995110024,0.46534653465346537,0.46396841066140176,0.5535597057744099,217.0014705882353,forecast then threshold
hist_gbm,3,65.0,0.9915433403805497,0.4123879380603097,0.48102564102564105,0.4790602655771195,0.57915540232024,209.4816176470588,forecast then threshold
hist_gbm,3,67.5,0.9894291754756871,0.3797881010594947,0.5010706638115632,0.4984025559105431,0.6096410744161924,200.67264705882354,forecast then threshold
hist_gbm,3,70.0,0.9894291754756871,0.36185819070904646,0.5131578947368421,0.5103598691384951,0.6275709847666406,195.94588235294117,forecast then threshold
hist_gbm,3,72.5,0.9894291754756871,0.33496332518337407,0.5324232081911263,0.5294117647058824,0.6544658502923131,188.85573529411764,forecast then threshold
hist_gbm,3,75.0,0.9873150105708245,0.3154034229828851,0.5468384074941453,0.5430232558139535,0.6719115875879393,183.48441176470587,forecast then threshold
hist_gbm,3,77.5,0.9873150105708245,0.29502852485737574,0.5633293124246079,0.5592814371257485,0.6922864857134488,178.11308823529413,forecast then threshold
hist_gbm,3,80.0,0.9873150105708245,0.28117359413202936,0.5751231527093597,0.5709046454767727,0.7061414164387951,174.46058823529413,forecast then threshold
hist_gbm,3,82.5,0.985200845665962,0.26405867970660146,0.589873417721519,0.5846925972396487,0.7211421659593605,169.73382352941175,forecast then threshold
hist_gbm,3,85.0,0.9809725158562368,0.24123879380603097,0.6105263157894737,0.6033810143042913,0.7397337220502058,163.28823529411764,forecast then threshold
hist_gbm,3,87.5,0.9767441860465116,0.2265688671556642,0.6243243243243243,0.6151797603195739,0.7501753188908473,158.99117647058824,forecast then threshold
hist_gbm,3,90.0,0.9725158562367865,0.20619396903015486,0.6451612903225806,0.6336088154269972,0.7663218872066316,153.19014705882353,forecast then threshold
hist_gbm,3,92.5,0.9682875264270613,0.17603911980440098,0.6795252225519288,0.6647314949201741,0.7922484066226603,144.81088235294118,forecast then threshold
hist_gbm,3,95.0,0.9619450317124736,0.1621841890790546,0.6957186544342507,0.6770833333333334,0.799760842633419,140.51382352941175,forecast then threshold
hist_gbm,3,97.5,0.9577167019027484,0.15158924205378974,0.7089201877934272,0.6874051593323217,0.8061274598489586,137.2910294117647,forecast then threshold
hist_gbm,3,100.0,0.9577167019027484,0.1401792991035045,0.7248,0.7023255813953488,0.8175374027992439,134.28308823529412,forecast then threshold
hist_gbm,3,102.5,0.9577167019027484,0.13121434392828035,0.737785016286645,0.7145110410094637,0.826502357974468,131.91970588235293,forecast then threshold
hist_gbm,3,105.0,0.9556025369978859,0.12795436022819887,0.7422003284072249,0.7174603174603175,0.827648176769687,130.8454411764706,forecast then threshold
hist_gbm,3,107.5,0.9492600422832981,0.12143439282803586,0.7508361204013378,0.7218649517684887,0.8278256494552623,128.4820588235294,forecast then threshold
hist_gbm,3,110.0,0.945031712473573,0.11735941320293398,0.7563451776649747,0.7244732576985413,0.827672299270639,126.97808823529412,forecast then threshold
hist_gbm,3,112.5,0.9429175475687104,0.11246943765281174,0.7636986301369864,0.7299509001636661,0.8304481099158987,125.47411764705882,forecast then threshold
hist_gbm,3,115.0,0.9408033826638478,0.10920945395273024,0.768566493955095,0.7331136738056013,0.8315939287111176,124.39985294117648,forecast then threshold
hist_gbm,3,117.5,0.9386892177589852,0.10676446617766912,0.7721739130434783,0.7350993377483444,0.8319247515813161,123.5404411764706,forecast then threshold
hist_gbm,3,120.0,0.9323467230443975,0.10513447432762836,0.7736842105263158,0.7325581395348837,0.8272122487167691,122.46617647058824,forecast then threshold
hist_gbm,3,122.5,0.9238900634249472,0.10268948655256724,0.7761989342806395,0.7295492487479132,0.8212005768723799,120.96220588235295,forecast then threshold
hist_gbm,3,125.0,0.9175475687103594,0.10105949470252648,0.7777777777777778,0.7269681742043551,0.8164880740078329,119.88794117647059,forecast then threshold
hist_gbm,3,127.5,0.9090909090909091,0.09861450692746536,0.7803992740471869,0.7239057239057239,0.8104764021634437,118.3839705882353,forecast then threshold
hist_gbm,3,130.0,0.9006342494714588,0.09616951915240424,0.7830882352941176,0.7208121827411168,0.8044647303190545,116.88,forecast then threshold
hist_gbm,3,132.5,0.8964059196617337,0.09290953545232274,0.7881040892193308,0.7223168654173765,0.8034963842094109,115.59088235294118,forecast then threshold
hist_gbm,3,135.0,0.8900634249471459,0.09127954360228199,0.7898686679174484,0.7196581196581197,0.7987838813448639,114.51661764705882,forecast then threshold
hist_gbm,3,137.5,0.879492600422833,0.08964955175224124,0.7908745247148289,0.7135506003430532,0.7898430486705917,113.01264705882353,forecast then threshold
hist_gbm,3,140.0,0.8668076109936576,0.08638956805215973,0.7945736434108527,0.7081174438687392,0.7804180429414979,110.86411764705882,forecast then threshold
hist_gbm,3,142.5,0.8625792811839323,0.08394458027709861,0.7984344422700587,0.7083333333333334,0.7786347009068337,109.78985294117648,forecast then threshold
hist_gbm,3,145.0,0.8498942917547568,0.07905460472697637,0.8056112224448898,0.7052631578947368,0.7708396870277805,107.21161764705883,forecast then threshold
hist_gbm,3,147.5,0.8393234672304439,0.07823960880195599,0.8052738336713996,0.6977152899824253,0.7610838584284879,105.9225,forecast then threshold
hist_gbm,3,150.0,0.8308668076109936,0.07008964955175224,0.8204592901878914,0.7030411449016101,0.7607771580592414,102.91455882352942,forecast then threshold
hist_gbm,3,152.5,0.8202959830866807,0.06682966585167074,0.825531914893617,0.6990990990990991,0.75346631723501,100.98088235294118,forecast then threshold
hist_gbm,3,155.0,0.8097251585623678,0.06438467807660962,0.829004329004329,0.6938405797101449,0.7453404804857582,99.26205882352942,forecast then threshold
hist_gbm,3,157.5,0.8033826638477801,0.05704971475142624,0.8444444444444444,0.6998158379373849,0.7463329490963538,96.68382352941177,forecast then threshold
hist_gbm,3,160.0,0.7906976744186046,0.05623471882640587,0.8442437923250564,0.6900369003690037,0.7344629555921988,95.17985294117648,forecast then threshold
hist_gbm,3,162.5,0.7843551797040169,0.05541972290138549,0.8451025056947609,0.6857670979667283,0.7289354568026314,94.3204411764706,forecast then threshold
hist_gbm,3,165.0,0.7674418604651163,0.05052974735126324,0.8541176470588235,0.6785046728971963,0.7169121131138531,91.3125,forecast then threshold
hist_gbm,3,167.5,0.7420718816067653,0.0488997555012225,0.8540145985401459,0.6585365853658537,0.6931721261055428,88.3045588235294,forecast then threshold
hist_gbm,3,170.0,0.7230443974630021,0.04482477587612062,0.8614609571788413,0.6477272727272727,0.6782196215868814,85.29661764705882,forecast then threshold
hist_gbm,3,172.5,0.6871035940803383,0.04319478402607987,0.8597883597883598,0.6178707224334601,0.6439088100542584,81.21441176470589,forecast then threshold
hist_gbm,3,175.0,0.6659619450317125,0.040749796251018745,0.863013698630137,0.6022944550669216,0.6252121487806938,78.42132352941177,forecast then threshold
hist_gbm,3,177.5,0.6490486257928119,0.03667481662591687,0.8721590909090909,0.5926640926640927,0.612373809166895,75.62823529411764,forecast then threshold
hist_gbm,3,180.0,0.6173361522198731,0.03341483292583537,0.8768768768768769,0.5680933852140078,0.5839213192940378,71.5460294117647,forecast then threshold
hist_gbm,3,182.5,0.5708245243128964,0.030969845150774247,0.8766233766233766,0.5283757338551859,0.5398546791621222,66.17470588235294,forecast then threshold
hist_gbm,3,185.0,0.5285412262156448,0.026079869600651995,0.8865248226950354,0.49504950495049505,0.5024613566149928,60.5885294117647,forecast then threshold
hist_gbm,3,187.5,0.492600422832981,0.022819885900570498,0.89272030651341,0.46506986027944114,0.4697805369324105,56.076617647058825,forecast then threshold
hist_gbm,3,190.0,0.45665961945031713,0.021189894050529748,0.8925619834710744,0.43286573146292584,0.4354697253997874,51.99441176470588,forecast then threshold
hist_gbm,3,192.5,0.4164904862579281,0.021189894050529748,0.8834080717488789,0.39478957915831664,0.3953005922073984,47.91220588235294,forecast then threshold
hist_gbm,3,195.0,0.386892177589852,0.020374898125509373,0.8798076923076923,0.3674698795180723,0.36651727946434265,44.68941176470588,forecast then threshold
hist_gbm,3,197.5,0.3699788583509514,0.020374898125509373,0.875,0.3514056224899598,0.34960396022544205,42.970588235294116,forecast then threshold
hist_gbm,3,200.0,0.35306553911205074,0.017114914425427872,0.8882978723404256,0.33805668016194335,0.33595062468662285,40.39235294117647,forecast then threshold
hist_gbm,3,202.5,0.3403805496828753,0.016299918500407497,0.8895027624309392,0.3265720081135903,0.32408063118246777,38.88838235294118,forecast then threshold
hist_gbm,3,205.0,0.3150105708245243,0.014669926650366748,0.8922155688622755,0.3034623217922607,0.30034064417415757,35.88044117647059,forecast then threshold
hist_gbm,3,207.5,0.3044397463002114,0.014669926650366748,0.8888888888888888,0.29327902240325865,0.28976981964984466,34.806176470588234,forecast then threshold
hist_gbm,3,210.0,0.28752642706131076,0.013039934800325998,0.8947368421052632,0.278118609406953,0.27448649226098476,32.65764705882353,forecast then threshold
hist_gbm,3,212.5,0.27061310782241016,0.013039934800325998,0.8888888888888888,0.261758691206544,0.25757317302208416,30.938823529411764,forecast then threshold
hist_gbm,3,215.0,0.266384778012685,0.012224938875305624,0.8936170212765957,0.2581967213114754,0.2541598391373794,30.29426470588235,forecast then threshold
hist_gbm,3,217.5,0.25158562367864695,0.010594947025264874,0.9015151515151515,0.2448559670781893,0.24099067665338209,28.360588235294117,forecast then threshold
hist_gbm,3,220.0,0.24312896405919662,0.009779951100244499,0.905511811023622,0.23711340206185566,0.23334901295895213,27.286323529411764,forecast then threshold
hist_gbm,3,222.5,0.23255813953488372,0.009779951100244499,0.9016393442622951,0.2268041237113402,0.22277818843463923,26.21205882352941,forecast then threshold
hist_gbm,3,225.0,0.21775898520084566,0.008964955175224124,0.9035087719298246,0.2128099173553719,0.20879403002562152,24.493235294117646,forecast then threshold
hist_gbm,3,227.5,0.20084566596194503,0.008149959250203748,0.9047619047619048,0.19668737060041408,0.19269570671174127,22.55955882352941,forecast then threshold
hist_gbm,3,230.0,0.1839323467230444,0.007334963325183374,0.90625,0.18049792531120332,0.17659738339786102,20.625882352941176,forecast then threshold
hist_gbm,3,232.5,0.17124735729386892,0.006519967400162999,0.9101123595505618,0.1683991683991684,0.16472738989370592,19.12191176470588,forecast then threshold
hist_gbm,3,235.0,0.15644820295983086,0.006519967400162999,0.9024390243902439,0.15384615384615385,0.14992823555966786,17.617941176470588,forecast then threshold
hist_gbm,3,237.5,0.14587737843551796,0.004889975550122249,0.92,0.1440501043841336,0.1409874028853957,16.113970588235293,forecast then threshold
hist_gbm,3,240.0,0.13107822410147993,0.004074979625101874,0.9253731343283582,0.1297071129707113,0.12700324447637806,14.395147058823529,forecast then threshold
hist_gbm,3,242.5,0.12473572938689217,0.0024449877750611247,0.9516129032258065,0.12394957983193278,0.12229074161183105,13.320882352941176,forecast then threshold
hist_gbm,3,245.0,0.11416490486257928,0.0016299918500407497,0.9642857142857143,0.11368421052631579,0.11253491301253854,12.031764705882352,forecast then threshold
hist_gbm,3,247.5,0.09725158562367865,0.0016299918500407497,0.9583333333333334,0.0968421052631579,0.09562159377363791,10.312941176470588,forecast then threshold
hist_gbm,3,250.0,0.08668076109936575,0.0016299918500407497,0.9534883720930233,0.0863157894736842,0.085050769249325,9.238676470588235,forecast then threshold
hist_gbm,3,252.5,0.07399577167019028,0.0016299918500407497,0.9459459459459459,0.07368421052631578,0.07236577982014954,7.9495588235294115,forecast then threshold
hist_gbm,3,255.0,0.06553911205073996,0.0016299918500407497,0.9393939393939394,0.06526315789473684,0.06390912020069922,7.090147058823529,forecast then threshold
hist_gbm,3,257.5,0.05496828752642706,0.0016299918500407497,0.9285714285714286,0.05473684210526316,0.05333829567638631,6.015882352941176,forecast then threshold
hist_gbm,3,260.0,0.0507399577167019,0.0016299918500407497,0.9230769230769231,0.05052631578947368,0.04910996586666115,5.586176470588235,forecast then threshold
hist_gbm,3,262.5,0.046511627906976744,0.0016299918500407497,0.9166666666666666,0.04631578947368421,0.04488163605693599,5.156470588235294,forecast then threshold
hist_gbm,3,265.0,0.03805496828752643,0.0016299918500407497,0.9,0.037894736842105266,0.03642497643748568,4.297058823529412,forecast then threshold
hist_gbm,3,267.5,0.02959830866807611,0.0016299918500407497,0.875,0.029473684210526315,0.027968316818035358,3.4376470588235293,forecast then threshold
hist_gbm,3,270.0,0.021141649048625793,0.0008149959250203749,0.9090909090909091,0.02109704641350211,0.020326653123605418,2.3633823529411764,forecast then threshold
hist_gbm,3,272.5,0.019027484143763214,0.0008149959250203749,0.9,0.0189873417721519,0.01821248821874284,2.148529411764706,forecast then threshold
hist_gbm,3,275.0,0.016913319238900635,0.0008149959250203749,0.8888888888888888,0.016877637130801686,0.01609832331388026,1.9336764705882352,forecast then threshold
hist_gbm,3,277.5,0.012684989429175475,0.0,1.0,0.012684989429175475,0.012684989429175475,1.2891176470588235,forecast then threshold
hist_gbm,3,280.0,0.010570824524312896,0.0,1.0,0.010570824524312896,0.010570824524312896,1.074264705882353,forecast then threshold
hist_gbm,3,282.5,0.010570824524312896,0.0,1.0,0.010570824524312896,0.010570824524312896,1.074264705882353,forecast then threshold
hist_gbm,3,285.0,0.008456659619450317,0.0,1.0,0.008456659619450317,0.008456659619450317,0.8594117647058823,forecast then threshold
hist_gbm,3,287.5,0.006342494714587738,0.0,1.0,0.006342494714587738,0.006342494714587738,0.6445588235294117,forecast then threshold
hist_gbm,3,290.0,0.006342494714587738,0.0,1.0,0.006342494714587738,0.006342494714587738,0.6445588235294117,forecast then threshold
hist_gbm,3,292.5,0.0021141649048625794,0.0,1.0,0.0021141649048625794,0.0021141649048625794,0.21485294117647058,forecast then threshold
hist_gbm,3,295.0,0.0021141649048625794,0.0,1.0,0.0021141649048625794,0.0021141649048625794,0.21485294117647058,forecast then threshold
hist_gbm,3,297.5,0.0021141649048625794,0.0,1.0,0.0021141649048625794,0.0021141649048625794,0.21485294117647058,forecast then threshold
hist_gbm,3,300.0,0.0021141649048625794,0.0,1.0,0.0021141649048625794,0.0021141649048625794,0.21485294117647058,forecast then threshold
hist_gbm,3,302.5,0.0,0.0,,0.0,0.0,0.0,forecast then threshold
hist_gbm,3,305.0,0.0,0.0,,0.0,0.0,0.0,forecast then threshold
hist_gbm,3,307.5,0.0,0.0,,0.0,0.0,0.0,forecast then threshold
hist_gbm,3,310.0,0.0,0.0,,0.0,0.0,0.0,forecast then threshold
hist_gbm,3,312.5,0.0,0.0,,0.0,0.0,0.0,forecast then threshold
hist_gbm,3,315.0,0.0,0.0,,0.0,0.0,0.0,forecast then threshold
hist_gbm,3,317.5,0.0,0.0,,0.0,0.0,0.0,forecast then threshold
hist_gbm,3,320.0,0.0,0.0,,0.0,0.0,0.0,forecast then threshold
hist_gbm,3,322.5,0.0,0.0,,0.0,0.0,0.0,forecast then threshold
hist_gbm,3,325.0,0.0,0.0,,0.0,0.0,0.0,forecast then threshold
hist_gbm,3,327.5,0.0,0.0,,0.0,0.0,0.0,forecast then threshold
hist_gbm,3,330.0,0.0,0.0,,0.0,0.0,0.0,forecast then threshold
hist_gbm,3,332.5,0.0,0.0,,0.0,0.0,0.0,forecast then threshold
hist_gbm,3,335.0,0.0,0.0,,0.0,0.0,0.0,forecast then threshold
hist_gbm,3,337.5,0.0,0.0,,0.0,0.0,0.0,forecast then threshold
hist_gbm,3,340.0,0.0,0.0,,0.0,0.0,0.0,forecast then threshold
hist_gbm,3,342.5,0.0,0.0,,0.0,0.0,0.0,forecast then threshold
hist_gbm,3,345.0,0.0,0.0,,0.0,0.0,0.0,forecast then threshold
hist_gbm,3,347.5,0.0,0.0,,0.0,0.0,0.0,forecast then threshold
hist_gbm,3,350.0,0.0,0.0,,0.0,0.0,0.0,forecast then threshold
hist_gbm,3,352.5,0.0,0.0,,0.0,0.0,0.0,forecast then threshold
hist_gbm,3,355.0,0.0,0.0,,0.0,0.0,0.0,forecast then threshold
hist_gbm,3,357.5,0.0,0.0,,0.0,0.0,0.0,forecast then threshold
hist_gbm,3,360.0,0.0,0.0,,0.0,0.0,0.0,forecast then threshold
hist_gbm,3,362.5,0.0,0.0,,0.0,0.0,0.0,forecast then threshold
hist_gbm,3,365.0,0.0,0.0,,0.0,0.0,0.0,forecast then threshold
hist_gbm,3,367.5,0.0,0.0,,0.0,0.0,0.0,forecast then threshold
hist_gbm,3,370.0,0.0,0.0,,0.0,0.0,0.0,forecast then threshold
hist_gbm,3,372.5,0.0,0.0,,0.0,0.0,0.0,forecast then threshold
hist_gbm,3,375.0,0.0,0.0,,0.0,0.0,0.0,forecast then threshold
hist_gbm,3,377.5,0.0,0.0,,0.0,0.0,0.0,forecast then threshold
hist_gbm,3,380.0,0.0,0.0,,0.0,0.0,0.0,forecast then threshold
hist_gbm,3,382.5,0.0,0.0,,0.0,0.0,0.0,forecast then threshold
hist_gbm,3,385.0,0.0,0.0,,0.0,0.0,0.0,forecast then threshold
hist_gbm,3,387.5,0.0,0.0,,0.0,0.0,0.0,forecast then threshold
hist_gbm,3,390.0,0.0,0.0,,0.0,0.0,0.0,forecast then threshold
hist_gbm,3,392.5,0.0,0.0,,0.0,0.0,0.0,forecast then threshold
hist_gbm,3,395.0,0.0,0.0,,0.0,0.0,0.0,forecast then threshold
hist_gbm,3,397.5,0.0,0.0,,0.0,0.0,0.0,forecast then threshold
hist_gbm,3,400.0,0.0,0.0,,0.0,0.0,0.0,forecast then threshold
hist_gbm_delta,1,20.0,1.0,0.9749190938511327,0.28486646884273,0.28486646884273,0.025080906148867266,358.6516608391608,forecast then threshold
hist_gbm_delta,1,22.5,1.0,0.9449838187702265,0.2912621359223301,0.2912621359223301,0.055016181229773475,350.77622377622373,forecast then threshold
hist_gbm_delta,1,25.0,1.0,0.9118122977346278,0.29869321717485997,0.29869321717485997,0.0881877022653722,342.0493881118881,forecast then threshold
hist_gbm_delta,1,27.5,1.0,0.877831715210356,0.30670926517571884,0.30670926517571884,0.12216828478964403,333.1097027972028,forecast then threshold
hist_gbm_delta,1,30.0,1.0,0.8414239482200647,0.3157894736842105,0.3157894736842105,0.15857605177993528,323.53146853146853,forecast then threshold
hist_gbm_delta,1,32.5,1.0,0.7928802588996764,0.3287671232876712,0.3287671232876712,0.2071197411003236,310.7604895104895,forecast then threshold
hist_gbm_delta,1,35.0,1.0,0.7443365695792881,0.34285714285714286,0.34285714285714286,0.25566343042071193,297.98951048951045,forecast then threshold
hist_gbm_delta,1,37.5,1.0,0.7063106796116505,0.35476718403547675,0.35476718403547675,0.2936893203883495,287.9855769230769,forecast then threshold
hist_gbm_delta,1,40.0,1.0,0.6674757281553398,0.367816091954023,0.367816091954023,0.33252427184466016,277.7687937062937,forecast then threshold
hist_gbm_delta,1,42.5,1.0,0.6375404530744336,0.3785488958990536,0.3785488958990536,0.36245954692556637,269.89335664335664,forecast then threshold
hist_gbm_delta,1,45.0,1.0,0.6011326860841424,0.39247751430907607,0.39247751430907607,0.3988673139158576,260.31512237762234,forecast then threshold
hist_gbm_delta,1,47.5,1.0,0.5752427184466019,0.40302267002518893,0.40302267002518893,0.4247572815533981,253.50393356643355,forecast then threshold
hist_gbm_delta,1,50.0,0.9979166666666667,0.5477346278317152,0.4143598615916955,0.4140017286084702,0.45018203883495145,246.05419580419579,forecast then threshold
hist_gbm_delta,1,52.5,0.9979166666666667,0.517799352750809,0.4280607685433423,0.4276785714285714,0.48011731391585766,238.17875874125872,forecast then threshold
hist_gbm_delta,1,55.0,0.9979166666666667,0.49514563106796117,0.4390467461044913,0.43864468864468864,0.5027710355987055,232.2189685314685,forecast then threshold
hist_gbm_delta,1,57.5,0.9979166666666667,0.47572815533980584,0.44892221180880976,0.448501872659176,0.5221885113268608,227.1105769230769,forecast then threshold
hist_gbm_delta,1,60.0,0.9979166666666667,0.4538834951456311,0.46057692307692305,0.4601344860710855,0.5440331715210356,221.36363636363635,forecast then threshold
hist_gbm_delta,1,62.5,0.9979166666666667,0.43042071197411,0.47378832838773494,0.4733201581027668,0.5674959546925566,215.19099650349648,forecast then threshold
hist_gbm_delta,1,65.0,0.9979166666666667,0.406957928802589,0.48778004073319753,0.4872838250254323,0.5909587378640777,209.01835664335664,forecast then threshold
hist_gbm_delta,1,67.5,0.9979166666666667,0.38915857605177995,0.49895833333333334,0.4984391259105099,0.6087580906148867,204.33566433566432,forecast then threshold
hist_gbm_delta,1,70.0,0.9979166666666667,0.36084142394822005,0.5178378378378379,0.5172786177105831,0.6370752427184466,196.88592657342656,forecast then threshold
hist_gbm_delta,1,72.5,0.9958333333333333,0.33414239482200647,0.5364758698092031,0.5352743561030235,0.6616909385113269,189.64903846153845,forecast then threshold
hist_gbm_delta,1,75.0,0.99375,0.30906148867313915,0.5552968568102444,0.5533642691415314,0.6846885113268608,182.83784965034963,forecast then threshold
hist_gbm_delta,1,77.5,0.9916666666666667,0.290453074433657,0.5700598802395209,0.567342073897497,0.7012135922330097,177.72945804195803,forecast then threshold
hist_gbm_delta,1,80.0,0.9916666666666667,0.26375404530744334,0.5935162094763092,0.5905707196029777,0.7279126213592233,170.70541958041957,forecast then threshold
hist_gbm_delta,1,82.5,0.9875,0.25,0.6053639846743295,0.6007604562737643,0.7375,166.6612762237762,forecast then threshold
hist_gbm_delta,1,85.0,0.9833333333333333,0.2273462783171521,0.6268260292164675,0.6202365308804205,0.7559870550161811,160.2757867132867,forecast then threshold
hist_gbm_delta,1,87.5,0.9833333333333333,0.21035598705501618,0.644808743169399,0.6378378378378379,0.7729773462783172,155.80594405594405,forecast then threshold
hist_gbm_delta,1,90.0,0.98125,0.19174757281553398,0.6652542372881356,0.6569037656903766,0.789502427184466,150.69755244755243,forecast then threshold
hist_gbm_delta,1,92.5,0.9791666666666666,0.17475728155339806,0.685131195335277,0.6752873563218391,0.8044093851132685,146.01486013986013,forecast then threshold
hist_gbm_delta,1,95.0,0.9770833333333333,0.16262135922330098,0.7,0.6886930983847284,0.8144619741100323,142.60926573426573,forecast then threshold
hist_gbm_delta,1,97.5,0.975,0.14724919093851133,0.72,0.7069486404833837,0.8277508090614887,138.35227272727272,forecast then threshold
hist_gbm_delta,1,100.0,0.9708333333333333,0.13754045307443366,0.7327044025157232,0.7169230769230769,0.8332928802588997,135.3723776223776,forecast then threshold
hist_gbm_delta,1,102.5,0.9666666666666667,0.12378640776699029,0.7520259319286872,0.7330173775671406,0.8428802588996764,131.32823426573427,forecast then threshold
hist_gbm_delta,1,105.0,0.9645833333333333,0.11245954692556634,0.7691029900332226,0.7479806138933764,0.852123786407767,128.1354895104895,forecast then threshold
hist_gbm_delta,1,107.5,0.9583333333333334,0.10355987055016182,0.782312925170068,0.756578947368421,0.8547734627831716,125.1555944055944,forecast then threshold
hist_gbm_delta,1,110.0,0.95,0.09142394822006472,0.8014059753954306,0.7689713322091062,0.8585760517799352,121.11145104895104,forecast then threshold
hist_gbm_delta,1,112.5,0.9458333333333333,0.08737864077669903,0.8078291814946619,0.7721088435374149,0.8584546925566343,119.6215034965035,forecast then threshold
hist_gbm_delta,1,115.0,0.9416666666666667,0.08090614886731391,0.8188405797101449,0.7793103448275862,0.8607605177993527,117.49300699300699,forecast then threshold
hist_gbm_delta,1,117.5,0.9375,0.07605177993527508,0.8272058823529411,0.7839721254355401,0.8614482200647249,115.79020979020979,forecast then threshold
hist_gbm_delta,1,120.0,0.9270833333333334,0.06877022653721683,0.839622641509434,0.7876106194690266,0.8583131067961165,112.81031468531468,forecast then threshold
hist_gbm_delta,1,122.5,0.9270833333333334,0.06472491909385113,0.8476190476190476,0.7946428571428571,0.8623584142394822,111.74606643356643,forecast then threshold
hist_gbm_delta,1,125.0,0.9083333333333333,0.061488673139158574,0.8515625,0.7841726618705036,0.8468446601941747,108.97902097902097,forecast then threshold
hist_gbm_delta,1,127.5,0.90625,0.05744336569579288,0.8596837944664032,0.7894736842105263,0.8488066343042071,107.70192307692307,forecast then threshold
hist_gbm_delta,1,130.0,0.8958333333333334,0.055825242718446605,0.8617234468937875,0.7832422586520947,0.8400080906148868,106.21197552447552,forecast then threshold
hist_gbm_delta,1,132.5,0.8854166666666666,0.05339805825242718,0.8655804480651731,0.7783882783882784,0.8320186084142395,104.50917832167832,forecast then threshold
hist_gbm_delta,1,135.0,0.8833333333333333,0.05016181229773463,0.8724279835390947,0.7822878228782287,0.8331715210355987,103.44493006993007,forecast then threshold
hist_gbm_delta,1,137.5,0.8625,0.04692556634304207,0.8771186440677966,0.7695167286245354,0.8155744336569579,100.46503496503496,forecast then threshold
hist_gbm_delta,1,140.0,0.8541666666666666,0.043689320388349516,0.8836206896551724,0.7677902621722846,0.8104773462783171,98.76223776223776,forecast then threshold
hist_gbm_delta,1,142.5,0.8458333333333333,0.03964401294498382,0.8923076923076924,0.7674858223062382,0.8061893203883495,96.8465909090909,forecast then threshold
hist_gbm_delta,1,145.0,0.8333333333333334,0.0372168284789644,0.8968609865470852,0.7604562737642585,0.796116504854369,94.93094405594405,forecast then threshold
hist_gbm_delta,1,147.5,0.8229166666666666,0.03317152103559871,0.9059633027522935,0.7581573896353166,0.7897451456310679,92.80244755244755,forecast then threshold
hist_gbm_delta,1,150.0,0.8041666666666667,0.02750809061488673,0.919047619047619,0.7509727626459144,0.77665857605178,89.39685314685315,forecast then threshold
hist_gbm_delta,1,152.5,0.7979166666666667,0.02669902912621359,0.9206730769230769,0.746588693957115,0.7712176375404531,88.54545454545453,forecast then threshold
hist_gbm_delta,1,155.0,0.7854166666666667,0.02669902912621359,0.9195121951219513,0.7348927875243665,0.7587176375404531,87.26835664335664,forecast then threshold
hist_gbm_delta,1,157.5,0.76875,0.024271844660194174,0.924812030075188,0.7235294117647059,0.7444781553398059,84.92701048951048,forecast then threshold
hist_gbm_delta,1,160.0,0.7604166666666666,0.023462783171521034,0.9263959390862944,0.7170923379174853,0.7369538834951456,83.86276223776223,forecast then threshold
hist_gbm_delta,1,162.5,0.74375,0.021035598705501618,0.9321148825065274,0.7055335968379447,0.7227144012944984,81.52141608391608,forecast then threshold
hist_gbm_delta,1,165.0,0.7270833333333333,0.019417475728155338,0.935656836461126,0.6924603174603174,0.707665857605178,79.39291958041957,forecast then threshold
hist_gbm_delta,1,167.5,0.7125,0.01779935275080906,0.9395604395604396,0.6812749003984063,0.694700647249191,77.47727272727272,forecast then threshold
hist_gbm_delta,1,170.0,0.6958333333333333,0.016181229773462782,0.943502824858757,0.668,0.6796521035598705,75.34877622377621,forecast then threshold
hist_gbm_delta,1,172.5,0.68125,0.015372168284789644,0.9450867052023122,0.655310621242485,0.6658778317152104,73.64597902097901,forecast then threshold
hist_gbm_delta,1,175.0,0.6645833333333333,0.014563106796116505,0.9465875370919882,0.6405622489959839,0.6500202265372168,71.73033216783216,forecast then threshold
hist_gbm_delta,1,177.5,0.6416666666666667,0.012944983818770227,0.9506172839506173,0.6209677419354839,0.6287216828478965,68.9632867132867,forecast then threshold
hist_gbm_delta,1,180.0,0.6166666666666667,0.012135922330097087,0.9517684887459807,0.597979797979798,0.6045307443365696,66.19624125874125,forecast then threshold
hist_gbm_delta,1,182.5,0.5916666666666667,0.010517799352750809,0.9562289562289562,0.5760649087221096,0.5811488673139159,63.216346153846146,forecast then threshold
hist_gbm_delta,1,185.0,0.5729166666666666,0.009708737864077669,0.9581881533101045,0.5589430894308943,0.563207928802589,61.087849650349646,forecast then threshold
hist_gbm_delta,1,187.5,0.55625,0.007281553398058253,0.967391304347826,0.5460122699386503,0.5489684466019418,58.74650349650349,forecast then threshold
hist_gbm_delta,1,190.0,0.525,0.006472491909385114,0.9692307692307692,0.5163934426229508,0.5185275080906149,55.340909090909086,forecast then threshold
hist_gbm_delta,1,192.5,0.5020833333333333,0.0056634304207119745,0.9717741935483871,0.4948665297741273,0.49641990291262134,52.78671328671328,forecast then threshold
hist_gbm_delta,1,195.0,0.475,0.0056634304207119745,0.9702127659574468,0.4681724845995893,0.469336569579288,50.019667832167826,forecast then threshold
hist_gbm_delta,1,197.5,0.46041666666666664,0.0056634304207119745,0.9692982456140351,0.4537987679671458,0.45475323624595465,48.52972027972027,forecast then threshold
hist_gbm_delta,1,200.0,0.45,0.0048543689320388345,0.972972972972973,0.4444444444444444,0.4451456310679612,47.25262237762237,forecast then threshold
hist_gbm_delta,1,202.5,0.42291666666666666,0.0048543689320388345,0.9712918660287081,0.4176954732510288,0.41806229773462783,44.48557692307692,forecast then threshold
hist_gbm_delta,1,205.0,0.40625,0.0048543689320388345,0.9701492537313433,0.4012345679012346,0.40139563106796117,42.78277972027972,forecast then threshold
hist_gbm_delta,1,207.5,0.3770833333333333,0.0040453074433656954,0.9731182795698925,0.3731958762886598,0.37303802588996765,39.59003496503496,forecast then threshold
hist_gbm_delta,1,210.0,0.3645833333333333,0.0040453074433656954,0.9722222222222222,0.36082474226804123,0.36053802588996764,38.31293706293706,forecast then threshold
hist_gbm_delta,1,212.5,0.3458333333333333,0.003236245954692557,0.9764705882352941,0.34297520661157027,0.34259708737864075,36.18444055944056,forecast then threshold
hist_gbm_delta,1,215.0,0.33125,0.003236245954692557,0.9754601226993865,0.3285123966942149,0.3280137540453074,34.69449300699301,forecast then threshold
hist_gbm_delta,1,217.5,0.31666666666666665,0.003236245954692557,0.9743589743589743,0.3140495867768595,0.3134304207119741,33.20454545454545,forecast then threshold
hist_gbm_delta,1,220.0,0.30416666666666664,0.003236245954692557,0.9733333333333334,0.30165289256198347,0.30093042071197407,31.92744755244755,forecast then threshold
hist_gbm_delta,1,222.5,0.3,0.003236245954692557,0.972972972972973,0.2975206611570248,0.2967637540453074,31.50174825174825,forecast then threshold
hist_gbm_delta,1,225.0,0.2833333333333333,0.003236245954692557,0.9714285714285714,0.2809917355371901,0.28009708737864075,29.798951048951047,forecast then threshold
hist_gbm_delta,1,227.5,0.26875,0.003236245954692557,0.9699248120300752,0.2665289256198347,0.2655137540453074,28.309003496503493,forecast then threshold
hist_gbm_delta,1,230.0,0.25625,0.003236245954692557,0.968503937007874,0.25413223140495866,0.2530137540453074,27.031905594405593,forecast then threshold
hist_gbm_delta,1,232.5,0.23333333333333334,0.003236245954692557,0.9655172413793104,0.23140495867768596,0.2300970873786408,24.69055944055944,forecast then threshold
hist_gbm_delta,1,235.0,0.22083333333333333,0.003236245954692557,0.9636363636363636,0.2190082644628099,0.21759708737864078,23.413461538461537,forecast then threshold
hist_gbm_delta,1,237.5,0.20625,0.0016181229773462784,0.9801980198019802,0.2053941908713693,0.2046318770226537,21.497814685314683,forecast then threshold
hist_gbm_delta,1,240.0,0.19375,0.0016181229773462784,0.9789473684210527,0.19294605809128632,0.19213187702265372,20.220716783216783,forecast then threshold
hist_gbm_delta,1,242.5,0.17708333333333334,0.0016181229773462784,0.9770114942528736,0.17634854771784234,0.17546521035598706,18.51791958041958,forecast then threshold
hist_gbm_delta,1,245.0,0.17083333333333334,0.0016181229773462784,0.9761904761904762,0.17012448132780084,0.16921521035598705,17.879370629370626,forecast then threshold
hist_gbm_delta,1,247.5,0.15625,0.0008090614886731392,0.9868421052631579,0.15592515592515593,0.15544093851132687,16.176573426573427,forecast then threshold
hist_gbm_delta,1,250.0,0.15416666666666667,0.0008090614886731392,0.9866666666666667,0.15384615384615385,0.15335760517799354,15.963723776223775,forecast then threshold
hist_gbm_delta,1,252.5,0.14583333333333334,0.0008090614886731392,0.9859154929577465,0.14553014553014554,0.1450242718446602,15.112325174825173,forecast then threshold
hist_gbm_delta,1,255.0,0.1375,0.0008090614886731392,0.9850746268656716,0.13721413721413722,0.13669093851132688,14.260926573426572,forecast then threshold
hist_gbm_delta,1,257.5,0.12291666666666666,0.0,1.0,0.12291666666666666,0.12291666666666666,12.55812937062937,forecast then threshold
hist_gbm_delta,1,260.0,0.12083333333333333,0.0,1.0,0.12083333333333333,0.12083333333333333,12.34527972027972,forecast then threshold
hist_gbm_delta,1,262.5,0.11458333333333333,0.0,1.0,0.11458333333333333,0.11458333333333333,11.706730769230768,forecast then threshold
hist_gbm_delta,1,265.0,0.10833333333333334,0.0,1.0,0.10833333333333334,0.10833333333333334,11.068181818181817,forecast then threshold
hist_gbm_delta,1,267.5,0.10208333333333333,0.0,1.0,0.10208333333333333,0.10208333333333333,10.429632867132867,forecast then threshold
hist_gbm_delta,1,270.0,0.0875,0.0,1.0,0.0875,0.0875,8.939685314685313,forecast then threshold
hist_gbm_delta,1,272.5,0.075,0.0,1.0,0.075,0.075,7.662587412587412,forecast then threshold
hist_gbm_delta,1,275.0,0.07083333333333333,0.0,1.0,0.07083333333333333,0.07083333333333333,7.236888111888112,forecast then threshold
hist_gbm_delta,1,277.5,0.05625,0.0,1.0,0.05625,0.05625,5.746940559440559,forecast then threshold
hist_gbm_delta,1,280.0,0.05,0.0,1.0,0.05,0.05,5.108391608391608,forecast then threshold
hist_gbm_delta,1,282.5,0.041666666666666664,0.0,1.0,0.041666666666666664,0.041666666666666664,4.256993006993007,forecast then threshold
hist_gbm_delta,1,285.0,0.03958333333333333,0.0,1.0,0.03958333333333333,0.03958333333333333,4.044143356643357,forecast then threshold
hist_gbm_delta,1,287.5,0.03958333333333333,0.0,1.0,0.03958333333333333,0.03958333333333333,4.044143356643357,forecast then threshold
hist_gbm_delta,1,290.0,0.0375,0.0,1.0,0.0375,0.0375,3.831293706293706,forecast then threshold
hist_gbm_delta,1,292.5,0.03333333333333333,0.0,1.0,0.03333333333333333,0.03333333333333333,3.4055944055944054,forecast then threshold
hist_gbm_delta,1,295.0,0.027083333333333334,0.0,1.0,0.027083333333333334,0.027083333333333334,2.767045454545454,forecast then threshold
hist_gbm_delta,1,297.5,0.025,0.0,1.0,0.025,0.025,2.554195804195804,forecast then threshold
hist_gbm_delta,1,300.0,0.022916666666666665,0.0,1.0,0.022916666666666665,0.022916666666666665,2.3413461538461537,forecast then threshold
hist_gbm_delta,1,302.5,0.022916666666666665,0.0,1.0,0.022916666666666665,0.022916666666666665,2.3413461538461537,forecast then threshold
hist_gbm_delta,1,305.0,0.016666666666666666,0.0,1.0,0.016666666666666666,0.016666666666666666,1.7027972027972027,forecast then threshold
hist_gbm_delta,1,307.5,0.016666666666666666,0.0,1.0,0.016666666666666666,0.016666666666666666,1.7027972027972027,forecast then threshold
hist_gbm_delta,1,310.0,0.014583333333333334,0.0,1.0,0.014583333333333334,0.014583333333333334,1.4899475524475523,forecast then threshold
hist_gbm_delta,1,312.5,0.014583333333333334,0.0,1.0,0.014583333333333334,0.014583333333333334,1.4899475524475523,forecast then threshold
hist_gbm_delta,1,315.0,0.0125,0.0,1.0,0.0125,0.0125,1.277097902097902,forecast then threshold
hist_gbm_delta,1,317.5,0.010416666666666666,0.0,1.0,0.010416666666666666,0.010416666666666666,1.0642482517482517,forecast then threshold
hist_gbm_delta,1,320.0,0.010416666666666666,0.0,1.0,0.010416666666666666,0.010416666666666666,1.0642482517482517,forecast then threshold
hist_gbm_delta,1,322.5,0.010416666666666666,0.0,1.0,0.010416666666666666,0.010416666666666666,1.0642482517482517,forecast then threshold
hist_gbm_delta,1,325.0,0.008333333333333333,0.0,1.0,0.008333333333333333,0.008333333333333333,0.8513986013986014,forecast then threshold
hist_gbm_delta,1,327.5,0.008333333333333333,0.0,1.0,0.008333333333333333,0.008333333333333333,0.8513986013986014,forecast then threshold
hist_gbm_delta,1,330.0,0.008333333333333333,0.0,1.0,0.008333333333333333,0.008333333333333333,0.8513986013986014,forecast then threshold
hist_gbm_delta,1,332.5,0.00625,0.0,1.0,0.00625,0.00625,0.638548951048951,forecast then threshold
hist_gbm_delta,1,335.0,0.004166666666666667,0.0,1.0,0.004166666666666667,0.004166666666666667,0.4256993006993007,forecast then threshold
hist_gbm_delta,1,337.5,0.004166666666666667,0.0,1.0,0.004166666666666667,0.004166666666666667,0.4256993006993007,forecast then threshold
hist_gbm_delta,1,340.0,0.004166666666666667,0.0,1.0,0.004166666666666667,0.004166666666666667,0.4256993006993007,forecast then threshold
hist_gbm_delta,1,342.5,0.004166666666666667,0.0,1.0,0.004166666666666667,0.004166666666666667,0.4256993006993007,forecast then threshold
hist_gbm_delta,1,345.0,0.004166666666666667,0.0,1.0,0.004166666666666667,0.004166666666666667,0.4256993006993007,forecast then threshold
hist_gbm_delta,1,347.5,0.004166666666666667,0.0,1.0,0.004166666666666667,0.004166666666666667,0.4256993006993007,forecast then threshold
hist_gbm_delta,1,350.0,0.004166666666666667,0.0,1.0,0.004166666666666667,0.004166666666666667,0.4256993006993007,forecast then threshold
hist_gbm_delta,1,352.5,0.004166666666666667,0.0,1.0,0.004166666666666667,0.004166666666666667,0.4256993006993007,forecast then threshold
hist_gbm_delta,1,355.0,0.004166666666666667,0.0,1.0,0.004166666666666667,0.004166666666666667,0.4256993006993007,forecast then threshold
hist_gbm_delta,1,357.5,0.004166666666666667,0.0,1.0,0.004166666666666667,0.004166666666666667,0.4256993006993007,forecast then threshold
hist_gbm_delta,1,360.0,0.004166666666666667,0.0,1.0,0.004166666666666667,0.004166666666666667,0.4256993006993007,forecast then threshold
hist_gbm_delta,1,362.5,0.004166666666666667,0.0,1.0,0.004166666666666667,0.004166666666666667,0.4256993006993007,forecast then threshold
hist_gbm_delta,1,365.0,0.004166666666666667,0.0,1.0,0.004166666666666667,0.004166666666666667,0.4256993006993007,forecast then threshold
hist_gbm_delta,1,367.5,0.0020833333333333333,0.0,1.0,0.0020833333333333333,0.0020833333333333333,0.21284965034965034,forecast then threshold
hist_gbm_delta,1,370.0,0.0020833333333333333,0.0,1.0,0.0020833333333333333,0.0020833333333333333,0.21284965034965034,forecast then threshold
hist_gbm_delta,1,372.5,0.0020833333333333333,0.0,1.0,0.0020833333333333333,0.0020833333333333333,0.21284965034965034,forecast then threshold
hist_gbm_delta,1,375.0,0.0020833333333333333,0.0,1.0,0.0020833333333333333,0.0020833333333333333,0.21284965034965034,forecast then threshold
hist_gbm_delta,1,377.5,0.0020833333333333333,0.0,1.0,0.0020833333333333333,0.0020833333333333333,0.21284965034965034,forecast then threshold
hist_gbm_delta,1,380.0,0.0020833333333333333,0.0,1.0,0.0020833333333333333,0.0020833333333333333,0.21284965034965034,forecast then threshold
hist_gbm_delta,1,382.5,0.0020833333333333333,0.0,1.0,0.0020833333333333333,0.0020833333333333333,0.21284965034965034,forecast then threshold
hist_gbm_delta,1,385.0,0.0020833333333333333,0.0,1.0,0.0020833333333333333,0.0020833333333333333,0.21284965034965034,forecast then threshold
hist_gbm_delta,1,387.5,0.0020833333333333333,0.0,1.0,0.0020833333333333333,0.0020833333333333333,0.21284965034965034,forecast then threshold
hist_gbm_delta,1,390.0,0.0020833333333333333,0.0,1.0,0.0020833333333333333,0.0020833333333333333,0.21284965034965034,forecast then threshold
hist_gbm_delta,1,392.5,0.0020833333333333333,0.0,1.0,0.0020833333333333333,0.0020833333333333333,0.21284965034965034,forecast then threshold
hist_gbm_delta,1,395.0,0.0020833333333333333,0.0,1.0,0.0020833333333333333,0.0020833333333333333,0.21284965034965034,forecast then threshold
hist_gbm_delta,1,397.5,0.0020833333333333333,0.0,1.0,0.0020833333333333333,0.0020833333333333333,0.21284965034965034,forecast then threshold
hist_gbm_delta,1,400.0,0.0020833333333333333,0.0,1.0,0.0020833333333333333,0.0020833333333333333,0.21284965034965034,forecast then threshold
hist_gbm_delta,2,20.0,1.0,0.9811165845648604,0.2822822822822823,0.2822822822822823,0.018883415435139606,360.2732523696682,forecast then threshold
hist_gbm_delta,2,22.5,1.0,0.9614121510673235,0.28641072516758076,0.28641072516758076,0.03858784893267653,355.0801244075829,forecast then threshold
hist_gbm_delta,2,25.0,1.0,0.9220032840722496,0.2950408035153798,0.2950408035153798,0.07799671592775037,344.6938684834123,forecast then threshold
hist_gbm_delta,2,27.5,1.0,0.8850574712643678,0.30361757105943155,0.30361757105943155,0.11494252873563215,334.9567535545023,forecast then threshold
hist_gbm_delta,2,30.0,1.0,0.8456486042692939,0.31333333333333335,0.31333333333333335,0.1543513957307061,324.5704976303317,forecast then threshold
hist_gbm_delta,2,32.5,1.0,0.7955665024630542,0.32661570535093815,0.32661570535093815,0.20443349753694584,311.3712973933649,forecast then threshold
hist_gbm_delta,2,35.0,1.0,0.7454844006568144,0.34107402031930334,0.34107402031930334,0.2545155993431856,298.1720971563981,forecast then threshold
hist_gbm_delta,2,37.5,1.0,0.7011494252873564,0.3549848942598187,0.3549848942598187,0.29885057471264365,286.48755924170615,forecast then threshold
hist_gbm_delta,2,40.0,1.0,0.6699507389162561,0.3654743390357698,0.3654743390357698,0.3300492610837439,278.26510663507105,forecast then threshold
hist_gbm_delta,2,42.5,1.0,0.638752052545156,0.3766025641025641,0.3766025641025641,0.361247947454844,270.042654028436,forecast then threshold
hist_gbm_delta,2,45.0,1.0,0.6100164203612479,0.38746908491343773,0.38746908491343773,0.3899835796387521,262.46934241706157,forecast then threshold
hist_gbm_delta,2,47.5,1.0,0.5763546798029556,0.40102389078498296,0.40102389078498296,0.4236453201970444,253.59774881516586,forecast then threshold
hist_gbm_delta,2,50.0,1.0,0.5574712643678161,0.4090513489991297,0.4090513489991297,0.44252873563218387,248.6210011848341,forecast then threshold
hist_gbm_delta,2,52.5,1.0,0.5336617405582923,0.41964285714285715,0.41964285714285715,0.4663382594417077,242.345971563981,forecast then threshold
hist_gbm_delta,2,55.0,1.0,0.506568144499179,0.43238270469181234,0.43238270469181234,0.493431855500821,235.2054206161137,forecast then threshold
hist_gbm_delta,2,57.5,0.997872340425532,0.49014778325123154,0.4399624765478424,0.4395501405810684,0.5077245571743004,230.66143364928908,forecast then threshold
hist_gbm_delta,2,60.0,0.997872340425532,0.4671592775041051,0.45183044315992293,0.45139557266602504,0.530713062921427,224.60278436018956,forecast then threshold
hist_gbm_delta,2,62.5,0.9957446808510638,0.43842364532019706,0.46706586826347307,0.46613545816733065,0.5573210355308668,216.8130924170616,forecast then threshold
hist_gbm_delta,2,65.0,0.9957446808510638,0.41379310344827586,0.48148148148148145,0.4804928131416838,0.5819515774027879,210.32168246445497,forecast then threshold
hist_gbm_delta,2,67.5,0.9936170212765958,0.3891625615763547,0.4962805526036132,0.4947033898305085,0.604454459700241,203.61389218009478,forecast then threshold
hist_gbm_delta,2,70.0,0.9936170212765958,0.3645320197044335,0.5126234906695939,0.5109409190371991,0.6290850015721623,197.12248222748812,forecast then threshold
hist_gbm_delta,2,72.5,0.9936170212765958,0.3390804597701149,0.5306818181818181,0.5288788221970555,0.6545365615064809,190.41469194312793,forecast then threshold
hist_gbm_delta,2,75.0,0.9936170212765958,0.3218390804597701,0.5436554132712457,0.5417633410672854,0.6717779408168256,185.8707049763033,forecast then threshold
hist_gbm_delta,2,77.5,0.9914893617021276,0.3045977011494253,0.5567502986857825,0.5541022592152199,0.6868916605527023,181.1103376777251,forecast then threshold
hist_gbm_delta,2,80.0,0.9851063829787234,0.2799671592775041,0.5758706467661692,0.5709001233045623,0.7051392237012193,173.96978672985782,forecast then threshold
hist_gbm_delta,2,82.5,0.9851063829787234,0.26354679802955666,0.5905612244897959,0.5853350189633375,0.7215595849491667,169.6421800947867,forecast then threshold
hist_gbm_delta,2,85.0,0.9829787234042553,0.2438423645320197,0.6086956521739131,0.6023468057366362,0.7391363588722356,164.23267180094786,forecast then threshold
hist_gbm_delta,2,87.5,0.9765957446808511,0.2233169129720854,0.627906976744186,0.6185983827493261,0.7532788317087658,158.17402251184834,forecast then threshold
hist_gbm_delta,2,90.0,0.9765957446808511,0.20607553366174056,0.6464788732394366,0.636615811373093,0.7705202110191105,153.63003554502367,forecast then threshold
hist_gbm_delta,2,92.5,0.9765957446808511,0.19129720853858784,0.6632947976878613,0.6529160739687055,0.7852985361422633,149.7351895734597,forecast then threshold
hist_gbm_delta,2,95.0,0.9680851063829787,0.17569786535303777,0.680119581464873,0.6652046783625731,0.792387241029941,144.75844194312796,forecast then threshold
hist_gbm_delta,2,97.5,0.9638297872340426,0.16174055829228243,0.696923076923077,0.679160419790105,0.8020892289417602,140.6472156398104,forecast then threshold
hist_gbm_delta,2,100.0,0.9617021276595744,0.15270935960591134,0.7084639498432602,0.6890243902439024,0.808992768053663,138.05065165876775,forecast then threshold
hist_gbm_delta,2,102.5,0.9595744680851064,0.13957307060755336,0.7262479871175523,0.7046875,0.8200013974775531,134.37218601895734,forecast then threshold
hist_gbm_delta,2,105.0,0.9574468085106383,0.13382594417077176,0.734094616639478,0.7109004739336493,0.8236208643398666,132.6411433649289,forecast then threshold
hist_gbm_delta,2,107.5,0.9553191489361702,0.12315270935960591,0.7495826377295493,0.7241935483870968,0.8321664395765643,129.61181872037915,forecast then threshold
hist_gbm_delta,2,110.0,0.948936170212766,0.11494252873563218,0.7610921501706485,0.7311475409836066,0.8339936414771338,126.79887440758293,forecast then threshold
hist_gbm_delta,2,112.5,0.9404255319148936,0.10509031198686371,0.775438596491228,0.7391304347826086,0.83533521992803,123.33678909952606,forecast then threshold
hist_gbm_delta,2,115.0,0.9404255319148936,0.10262725779967159,0.7795414462081128,0.7428571428571429,0.837798274115222,122.68764810426539,forecast then threshold
hist_gbm_delta,2,117.5,0.9340425531914893,0.0993431855500821,0.7839285714285714,0.7428087986463621,0.8346993676414072,121.1729857819905,forecast then threshold
hist_gbm_delta,2,120.0,0.9276595744680851,0.09441707717569786,0.7912885662431942,0.7452991452991453,0.8332424972923873,119.22556279620852,forecast then threshold
hist_gbm_delta,2,122.5,0.925531914893617,0.09113300492610837,0.7967032967032966,0.7487091222030982,0.8343989099675087,118.14366113744074,forecast then threshold
hist_gbm_delta,2,125.0,0.9191489361702128,0.090311986863711,0.7970479704797048,0.7448275862068966,0.8288369493065018,117.27813981042652,forecast then threshold
hist_gbm_delta,2,127.5,0.9170212765957447,0.08620689655172414,0.8041044776119403,0.7495652173913043,0.8308143800440206,115.9798578199052,forecast then threshold
hist_gbm_delta,2,130.0,0.9106382978723404,0.08292282430213464,0.8090737240075614,0.7495621716287215,0.8277154735702058,114.46519549763032,forecast then threshold
hist_gbm_delta,2,132.5,0.9085106382978724,0.07799671592775041,0.8180076628352491,0.7557522123893805,0.830513922370122,112.95053317535545,forecast then threshold
hist_gbm_delta,2,135.0,0.9,0.07307060755336617,0.826171875,0.7567084078711985,0.8269293924466339,110.78672985781989,forecast then threshold
hist_gbm_delta,2,137.5,0.8957446808510638,0.0722495894909688,0.8271119842829077,0.7544802867383512,0.823495091360095,110.13758886255923,forecast then threshold
hist_gbm_delta,2,140.0,0.8787234042553191,0.06978653530377668,0.8293172690763052,0.7441441441441441,0.8089368689515425,107.75740521327013,forecast then threshold
hist_gbm_delta,2,142.5,0.8765957446808511,0.0665024630541872,0.8356997971602435,0.7477313974591652,0.8100932816266639,106.67550355450236,forecast then threshold
hist_gbm_delta,2,145.0,0.874468085106383,0.06486042692939245,0.8387755102040816,0.7486338797814208,0.8096076581769905,106.02636255924169,forecast then threshold
hist_gbm_delta,2,147.5,0.8595744680851064,0.05993431855500821,0.8469601677148847,0.7440147329650092,0.7996401495300982,103.21341824644549,forecast then threshold
hist_gbm_delta,2,150.0,0.8531914893617021,0.05665024630541872,0.8531914893617021,0.7439703153988868,0.7965412430562834,101.69875592417061,forecast then threshold
hist_gbm_delta,2,152.5,0.8297872340425532,0.05582922824302135,0.851528384279476,0.724907063197026,0.7739580057995318,99.10219194312795,forecast then threshold
hist_gbm_delta,2,155.0,0.8191489361702128,0.053366174055829226,0.8555555555555555,0.719626168224299,0.7657827621143836,97.37114928909952,forecast then threshold
hist_gbm_delta,2,157.5,0.8063829787234043,0.052545155993431854,0.8555304740406321,0.7097378277153558,0.7538378227299724,95.85648696682463,forecast then threshold
hist_gbm_delta,2,160.0,0.7957446808510639,0.05008210180623974,0.8597701149425288,0.704331450094162,0.7456625790448241,94.1254443127962,forecast then threshold
hist_gbm_delta,2,162.5,0.7723404255319148,0.04597701149425287,0.8663484486873508,0.6901140684410646,0.726363414037662,90.66335900473933,forecast then threshold
hist_gbm_delta,2,165.0,0.7553191489361702,0.0451559934318555,0.8658536585365854,0.6761904761904762,0.7101631555043147,88.71593601895734,forecast then threshold
hist_gbm_delta,2,167.5,0.7446808510638298,0.042692939244663386,0.8706467661691543,0.6704980842911877,0.7019879118191663,86.98489336492891,forecast then threshold
hist_gbm_delta,2,170.0,0.7127659574468085,0.041050903119868636,0.8701298701298701,0.6442307692307693,0.6717150543269399,83.30642772511848,forecast then threshold
hist_gbm_delta,2,172.5,0.7063829787234043,0.03776683087027915,0.8783068783068783,0.6434108527131783,0.6686161478531252,81.7917654028436,forecast then threshold
hist_gbm_delta,2,175.0,0.6702127659574468,0.03366174055829228,0.8848314606741573,0.6164383561643836,0.6365510253991545,77.03139810426539,forecast then threshold
hist_gbm_delta,2,177.5,0.648936170212766,0.031198686371100164,0.8892128279883382,0.6003937007874016,0.6177374838416658,74.21845379146919,forecast then threshold
hist_gbm_delta,2,180.0,0.6276595744680851,0.028735632183908046,0.8939393939393939,0.5841584158415841,0.598923942284177,71.40550947867298,forecast then threshold
hist_gbm_delta,2,182.5,0.5808510638297872,0.025451559934318555,0.8980263157894737,0.5449101796407185,0.5553995038954687,65.77962085308056,forecast then threshold
hist_gbm_delta,2,185.0,0.5574468085106383,0.023809523809523808,0.9003436426116839,0.5250501002004008,0.5336372847011145,62.966676540284354,forecast then threshold
hist_gbm_delta,2,187.5,0.5297872340425532,0.019704433497536946,0.9120879120879121,0.5040485829959515,0.5100828005450163,59.07183056872037,forecast then threshold
hist_gbm_delta,2,190.0,0.5085106382978724,0.018883415435139574,0.9122137404580153,0.4847870182555781,0.4896272228627328,56.69164691943128,forecast then threshold
hist_gbm_delta,2,192.5,0.4723404255319149,0.018883415435139574,0.9061224489795918,0.45030425963488846,0.45345701009677536,53.013181279620845,forecast then threshold
hist_gbm_delta,2,195.0,0.44893617021276594,0.017241379310344827,0.9094827586206896,0.42973523421588594,0.43169479090242113,50.20023696682464,forecast then threshold
hist_gbm_delta,2,197.5,0.42127659574468085,0.016420361247947456,0.908256880733945,0.40408163265306124,0.4048562344967334,47.17091232227488,forecast then threshold
hist_gbm_delta,2,200.0,0.37872340425531914,0.014778325123152709,0.9081632653061225,0.36475409836065575,0.36394507913216645,42.41054502369668,forecast then threshold
hist_gbm_delta,2,202.5,0.3595744680851064,0.013957307060755337,0.9086021505376344,0.3470225872689938,0.3456171610243511,40.24674170616113,forecast then threshold
hist_gbm_delta,2,205.0,0.3468085106382979,0.013957307060755337,0.9055555555555556,0.3347022587268994,0.33285120357754255,38.94845971563981,forecast then threshold
hist_gbm_delta,2,207.5,0.32978723404255317,0.012315270935960592,0.9117647058823529,0.31958762886597936,0.3174719631065926,36.78465639810426,forecast then threshold
hist_gbm_delta,2,210.0,0.3127659574468085,0.012315270935960592,0.9074074074074074,0.3030927835051546,0.30045068651084794,35.053613744075825,forecast then threshold
hist_gbm_delta,2,212.5,0.3021276595744681,0.011494252873563218,0.9102564102564102,0.29338842975206614,0.2906334067009049,33.7553317535545,forecast then threshold
hist_gbm_delta,2,215.0,0.28297872340425534,0.009852216748768473,0.9172413793103448,0.27593360995850624,0.2731265066554869,31.3751481042654,forecast then threshold
hist_gbm_delta,2,217.5,0.2553191489361702,0.008210180623973728,0.9230769230769231,0.25,0.24710896831219648,28.129443127962084,forecast then threshold
hist_gbm_delta,2,220.0,0.2425531914893617,0.006568144499178982,0.9344262295081968,0.2384937238493724,0.23598504699018272,26.39840047393365,forecast then threshold
hist_gbm_delta,2,222.5,0.225531914893617,0.005747126436781609,0.9380530973451328,0.2222222222222222,0.2197847884568354,24.450977488151658,forecast then threshold
hist_gbm_delta,2,225.0,0.225531914893617,0.005747126436781609,0.9380530973451328,0.2222222222222222,0.2197847884568354,24.450977488151658,forecast then threshold
hist_gbm_delta,2,227.5,0.21914893617021278,0.005747126436781609,0.9363636363636364,0.21593291404612158,0.21340180973343117,23.801836492890992,forecast then threshold
hist_gbm_delta,2,230.0,0.2,0.0049261083743842365,0.94,0.19747899159663865,0.19507389162561578,21.63803317535545,forecast then threshold
hist_gbm_delta,2,232.5,0.18723404255319148,0.0049261083743842365,0.9361702127659575,0.18487394957983194,0.18230793417880725,20.33975118483412,forecast then threshold
hist_gbm_delta,2,235.0,0.1723404255319149,0.0049261083743842365,0.9310344827586207,0.17016806722689076,0.16741431715753066,18.82508886255924,forecast then threshold
hist_gbm_delta,2,237.5,0.1574468085106383,0.0049261083743842365,0.925,0.15546218487394958,0.15252070013625407,17.310426540284357,forecast then threshold
hist_gbm_delta,2,240.0,0.13617021276595745,0.0049261083743842365,0.9142857142857143,0.13445378151260504,0.13124410439157322,15.146623222748813,forecast then threshold
hist_gbm_delta,2,242.5,0.125531914893617,0.0049261083743842365,0.9076923076923077,0.12394957983193278,0.12060580651923278,14.064721563981042,forecast then threshold
hist_gbm_delta,2,245.0,0.1127659574468085,0.0049261083743842365,0.8983050847457628,0.11134453781512606,0.10783984907242428,12.766439573459715,forecast then threshold
hist_gbm_delta,2,247.5,0.10425531914893617,0.004105090311986864,0.9074074074074074,0.1031578947368421,0.10015022883694931,11.684537914691942,forecast then threshold
hist_gbm_delta,2,250.0,0.1,0.004105090311986864,0.9038461538461539,0.09894736842105263,0.09589490968801315,11.251777251184834,forecast then threshold
hist_gbm_delta,2,252.5,0.08936170212765958,0.004105090311986864,0.8936170212765957,0.08842105263157894,0.08525661181567272,10.16987559241706,forecast then threshold
hist_gbm_delta,2,255.0,0.08297872340425531,0.004105090311986864,0.8863636363636364,0.08210526315789474,0.07887363309226846,9.520734597156398,forecast then threshold
hist_gbm_delta,2,257.5,0.06808510638297872,0.004105090311986864,0.8648648648648649,0.06736842105263158,0.06398001607099187,8.006072274881516,forecast then threshold
hist_gbm_delta,2,260.0,0.059574468085106386,0.004105090311986864,0.8484848484848485,0.05894736842105263,0.05546937777311952,7.140550947867298,forecast then threshold
hist_gbm_delta,2,262.5,0.0574468085106383,0.004105090311986864,0.84375,0.056842105263157895,0.05334171819865143,6.924170616113743,forecast then threshold
hist_gbm_delta,2,265.0,0.05319148936170213,0.004105090311986864,0.8333333333333334,0.05263157894736842,0.04908639904971526,6.4914099526066344,forecast then threshold
hist_gbm_delta,2,267.5,0.04680851063829787,0.004105090311986864,0.8148148148148148,0.04631578947368421,0.042703420326311005,5.842268957345971,forecast then threshold
hist_gbm_delta,2,270.0,0.04680851063829787,0.004105090311986864,0.8148148148148148,0.04631578947368421,0.042703420326311005,5.842268957345971,forecast then threshold
hist_gbm_delta,2,272.5,0.04468085106382979,0.004105090311986864,0.8076923076923077,0.04421052631578947,0.040575760751842924,5.625888625592417,forecast then threshold
hist_gbm_delta,2,275.0,0.04042553191489362,0.0024630541871921183,0.8636363636363636,0.040169133192389,0.037962477727701505,4.760367298578199,forecast then threshold
hist_gbm_delta,2,277.5,0.031914893617021274,0.0024630541871921183,0.8333333333333334,0.03171247357293869,0.029451839429829155,3.8948459715639805,forecast then threshold
hist_gbm_delta,2,280.0,0.027659574468085105,0.0024630541871921183,0.8125,0.02748414376321353,0.025196520280892986,3.4620853080568716,forecast then threshold
hist_gbm_delta,2,282.5,0.023404255319148935,0.0024630541871921183,0.7857142857142857,0.023255813953488372,0.020941201131956817,3.029324644549763,forecast then threshold
hist_gbm_delta,2,285.0,0.023404255319148935,0.0024630541871921183,0.7857142857142857,0.023255813953488372,0.020941201131956817,3.029324644549763,forecast then threshold
hist_gbm_delta,2,287.5,0.023404255319148935,0.0016420361247947454,0.8461538461538461,0.023305084745762712,0.02176221919435419,2.8129443127962084,forecast then threshold
hist_gbm_delta,2,290.0,0.023404255319148935,0.0016420361247947454,0.8461538461538461,0.023305084745762712,0.02176221919435419,2.8129443127962084,forecast then threshold
hist_gbm_delta,2,292.5,0.023404255319148935,0.0016420361247947454,0.8461538461538461,0.023305084745762712,0.02176221919435419,2.8129443127962084,forecast then threshold
hist_gbm_delta,2,295.0,0.02127659574468085,0.0016420361247947454,0.8333333333333334,0.0211864406779661,0.019634559619886104,2.596563981042654,forecast then threshold
hist_gbm_delta,2,297.5,0.019148936170212766,0.0016420361247947454,0.8181818181818182,0.019067796610169493,0.01750690004541802,2.3801836492890995,forecast then threshold
hist_gbm_delta,2,300.0,0.019148936170212766,0.0016420361247947454,0.8181818181818182,0.019067796610169493,0.01750690004541802,2.3801836492890995,forecast then threshold
hist_gbm_delta,2,302.5,0.019148936170212766,0.0016420361247947454,0.8181818181818182,0.019067796610169493,0.01750690004541802,2.3801836492890995,forecast then threshold
hist_gbm_delta,2,305.0,0.01702127659574468,0.0016420361247947454,0.8,0.01694915254237288,0.015379240470949936,2.1638033175355447,forecast then threshold
hist_gbm_delta,2,307.5,0.00851063829787234,0.0016420361247947454,0.6666666666666666,0.00847457627118644,0.006868602173077595,1.298281990521327,forecast then threshold
hist_gbm_delta,2,310.0,0.00851063829787234,0.0008210180623973727,0.8,0.008492569002123142,0.007689620235474968,1.0819016587677723,forecast then threshold
hist_gbm_delta,2,312.5,0.00851063829787234,0.0,1.0,0.00851063829787234,0.00851063829787234,0.8655213270142179,forecast then threshold
hist_gbm_delta,2,315.0,0.00851063829787234,0.0,1.0,0.00851063829787234,0.00851063829787234,0.8655213270142179,forecast then threshold
hist_gbm_delta,2,317.5,0.00851063829787234,0.0,1.0,0.00851063829787234,0.00851063829787234,0.8655213270142179,forecast then threshold
hist_gbm_delta,2,320.0,0.00851063829787234,0.0,1.0,0.00851063829787234,0.00851063829787234,0.8655213270142179,forecast then threshold
hist_gbm_delta,2,322.5,0.006382978723404255,0.0,1.0,0.006382978723404255,0.006382978723404255,0.6491409952606635,forecast then threshold
hist_gbm_delta,2,325.0,0.006382978723404255,0.0,1.0,0.006382978723404255,0.006382978723404255,0.6491409952606635,forecast then threshold
hist_gbm_delta,2,327.5,0.006382978723404255,0.0,1.0,0.006382978723404255,0.006382978723404255,0.6491409952606635,forecast then threshold
hist_gbm_delta,2,330.0,0.00425531914893617,0.0,1.0,0.00425531914893617,0.00425531914893617,0.43276066350710896,forecast then threshold
hist_gbm_delta,2,332.5,0.002127659574468085,0.0,1.0,0.002127659574468085,0.002127659574468085,0.21638033175355448,forecast then threshold
hist_gbm_delta,2,335.0,0.002127659574468085,0.0,1.0,0.002127659574468085,0.002127659574468085,0.21638033175355448,forecast then threshold
hist_gbm_delta,2,337.5,0.002127659574468085,0.0,1.0,0.002127659574468085,0.002127659574468085,0.21638033175355448,forecast then threshold
hist_gbm_delta,2,340.0,0.002127659574468085,0.0,1.0,0.002127659574468085,0.002127659574468085,0.21638033175355448,forecast then threshold
hist_gbm_delta,2,342.5,0.002127659574468085,0.0,1.0,0.002127659574468085,0.002127659574468085,0.21638033175355448,forecast then threshold
hist_gbm_delta,2,345.0,0.002127659574468085,0.0,1.0,0.002127659574468085,0.002127659574468085,0.21638033175355448,forecast then threshold
hist_gbm_delta,2,347.5,0.002127659574468085,0.0,1.0,0.002127659574468085,0.002127659574468085,0.21638033175355448,forecast then threshold
hist_gbm_delta,2,350.0,0.002127659574468085,0.0,1.0,0.002127659574468085,0.002127659574468085,0.21638033175355448,forecast then threshold
hist_gbm_delta,2,352.5,0.002127659574468085,0.0,1.0,0.002127659574468085,0.002127659574468085,0.21638033175355448,forecast then threshold
hist_gbm_delta,2,355.0,0.0,0.0,,0.0,0.0,0.0,forecast then threshold
hist_gbm_delta,2,357.5,0.0,0.0,,0.0,0.0,0.0,forecast then threshold
hist_gbm_delta,2,360.0,0.0,0.0,,0.0,0.0,0.0,forecast then threshold
hist_gbm_delta,2,362.5,0.0,0.0,,0.0,0.0,0.0,forecast then threshold
hist_gbm_delta,2,365.0,0.0,0.0,,0.0,0.0,0.0,forecast then threshold
hist_gbm_delta,2,367.5,0.0,0.0,,0.0,0.0,0.0,forecast then threshold
hist_gbm_delta,2,370.0,0.0,0.0,,0.0,0.0,0.0,forecast then threshold
hist_gbm_delta,2,372.5,0.0,0.0,,0.0,0.0,0.0,forecast then threshold
hist_gbm_delta,2,375.0,0.0,0.0,,0.0,0.0,0.0,forecast then threshold
hist_gbm_delta,2,377.5,0.0,0.0,,0.0,0.0,0.0,forecast then threshold
hist_gbm_delta,2,380.0,0.0,0.0,,0.0,0.0,0.0,forecast then threshold
hist_gbm_delta,2,382.5,0.0,0.0,,0.0,0.0,0.0,forecast then threshold
hist_gbm_delta,2,385.0,0.0,0.0,,0.0,0.0,0.0,forecast then threshold
hist_gbm_delta,2,387.5,0.0,0.0,,0.0,0.0,0.0,forecast then threshold
hist_gbm_delta,2,390.0,0.0,0.0,,0.0,0.0,0.0,forecast then threshold
hist_gbm_delta,2,392.5,0.0,0.0,,0.0,0.0,0.0,forecast then threshold
hist_gbm_delta,2,395.0,0.0,0.0,,0.0,0.0,0.0,forecast then threshold
hist_gbm_delta,2,397.5,0.0,0.0,,0.0,0.0,0.0,forecast then threshold
hist_gbm_delta,2,400.0,0.0,0.0,,0.0,0.0,0.0,forecast then threshold
hist_gbm_delta,3,20.0,1.0,0.9788101059494703,0.28255675029868577,0.28255675029868577,0.021189894050529734,359.6638235294118,forecast then threshold
hist_gbm_delta,3,22.5,1.0,0.9511002444987775,0.28841463414634144,0.28841463414634144,0.0488997555012225,352.3588235294118,forecast then threshold
hist_gbm_delta,3,25.0,1.0,0.9201303993480032,0.29525593008739076,0.29525593008739076,0.07986960065199677,344.1944117647059,forecast then threshold
hist_gbm_delta,3,27.5,1.0,0.882640586797066,0.30398457583547556,0.30398457583547556,0.11735941320293397,334.31117647058824,forecast then threshold
hist_gbm_delta,3,30.0,1.0,0.8386308068459658,0.31491344873502,0.31491344873502,0.1613691931540342,322.7091176470588,forecast then threshold
hist_gbm_delta,3,32.5,1.0,0.7872860635696821,0.32870048644892286,0.32870048644892286,0.21271393643031788,309.1733823529412,forecast then threshold
hist_gbm_delta,3,35.0,1.0,0.7383863080684596,0.34300217548948514,0.34300217548948514,0.2616136919315404,296.28220588235297,forecast then threshold
hist_gbm_delta,3,37.5,1.0,0.7033414832925835,0.35404191616766467,0.35404191616766467,0.2966585167074165,287.0435294117647,forecast then threshold
hist_gbm_delta,3,40.0,1.0,0.6634066829665851,0.36752136752136755,0.36752136752136755,0.3365933170334149,276.51573529411763,forecast then threshold
hist_gbm_delta,3,42.5,1.0,0.6291768541157294,0.37991967871485943,0.37991967871485943,0.37082314588427057,267.4919117647059,forecast then threshold
hist_gbm_delta,3,45.0,1.0,0.6063569682151589,0.3886606409202958,0.3886606409202958,0.39364303178484106,261.4760294117647,forecast then threshold
hist_gbm_delta,3,47.5,1.0,0.5778321108394459,0.40016920473773265,0.40016920473773265,0.42216788916055414,253.95617647058825,forecast then threshold
hist_gbm_delta,3,50.0,1.0,0.5525672371638142,0.4109470026064292,0.4109470026064292,0.4474327628361858,247.29573529411763,forecast then threshold
hist_gbm_delta,3,52.5,1.0,0.5354523227383863,0.41858407079646015,0.41858407079646015,0.4645476772616137,242.78382352941176,forecast then threshold
hist_gbm_delta,3,55.0,0.9978858350951374,0.5101874490627547,0.42987249544626593,0.4294813466787989,0.4876983860323827,235.9085294117647,forecast then threshold
hist_gbm_delta,3,57.5,0.9978858350951374,0.4873675631621842,0.4411214953271028,0.4407096171802054,0.5105182719329532,229.89264705882354,forecast then threshold
hist_gbm_delta,3,60.0,0.9978858350951374,0.46862265688671556,0.45081184336198665,0.45038167938931295,0.5292631782084218,224.9510294117647,forecast then threshold
hist_gbm_delta,3,62.5,0.9936575052854123,0.44580277098614507,0.46214355948869223,0.46078431372549017,0.5478547342992672,218.50544117647058,forecast then threshold
hist_gbm_delta,3,65.0,0.9936575052854123,0.41646291768541155,0.47910295616717635,0.47764227642276424,0.5771945876000008,210.77073529411766,forecast then threshold
hist_gbm_delta,3,67.5,0.9894291754756871,0.38793806030969846,0.4957627118644068,0.4931506849315068,0.6014911151659886,202.82117647058823,forecast then threshold
hist_gbm_delta,3,70.0,0.985200845665962,0.3724531377343113,0.504875406283857,0.5010752688172043,0.6127477079316507,198.30926470588236,forecast then threshold
hist_gbm_delta,3,72.5,0.985200845665962,0.3480032599837001,0.5218365061590146,0.5177777777777778,0.6371975856822619,191.86367647058825,forecast then threshold
hist_gbm_delta,3,75.0,0.985200845665962,0.3276283618581907,0.5368663594470046,0.5325714285714286,0.6575724838077712,186.49235294117648,forecast then threshold
hist_gbm_delta,3,77.5,0.985200845665962,0.29991850040749796,0.5587529976019184,0.5541022592152199,0.685282345258464,179.18735294117647,forecast then threshold
hist_gbm_delta,3,80.0,0.9830866807610994,0.28117359413202936,0.5740740740740741,0.5684596577017115,0.70191308662907,174.03088235294118,forecast then threshold
hist_gbm_delta,3,82.5,0.9809725158562368,0.25998370008149957,0.5925925925925926,0.5858585858585859,0.7209888157747373,168.22985294117646,forecast then threshold
hist_gbm_delta,3,85.0,0.9767441860465116,0.23634881825590873,0.6143617021276596,0.6055045871559633,0.7403953677906029,161.56941176470588,forecast then threshold
hist_gbm_delta,3,87.5,0.9682875264270613,0.21678891605541972,0.6325966850828729,0.6197564276048715,0.7514986103716416,155.5535294117647,forecast then threshold
hist_gbm_delta,3,90.0,0.9661733615221987,0.19885900570497148,0.651925820256776,0.6373779637377964,0.7673143558172272,150.6119117647059,forecast then threshold
hist_gbm_delta,3,92.5,0.9619450317124736,0.18663406682966585,0.6652046783625731,0.6481481481481481,0.7753109648828077,146.9594117647059,forecast then threshold
hist_gbm_delta,3,95.0,0.9556025369978859,0.1719641401792991,0.6817496229260935,0.6608187134502924,0.7836383968185868,142.4475,forecast then threshold
hist_gbm_delta,3,97.5,0.9492600422832981,0.15892420537897312,0.6972049689440993,0.6721556886227545,0.790335836904325,138.36529411764707,forecast then threshold
hist_gbm_delta,3,100.0,0.945031712473573,0.15077424612876936,0.7072784810126582,0.6793313069908815,0.7942574663448037,135.7870588235294,forecast then threshold
hist_gbm_delta,3,102.5,0.9429175475687104,0.14099429502852487,0.7205169628432956,0.6904024767801857,0.8019232525401855,132.9939705882353,forecast then threshold
hist_gbm_delta,3,105.0,0.9429175475687104,0.13202933985330073,0.7335526315789473,0.7023622047244095,0.8108882077154096,130.6305882352941,forecast then threshold
hist_gbm_delta,3,107.5,0.9386892177589852,0.12143439282803586,0.7487352445193929,0.7138263665594855,0.8172548249309493,127.40779411764706,forecast then threshold
hist_gbm_delta,3,110.0,0.9323467230443975,0.11817440912795436,0.7525597269624573,0.7135922330097088,0.8141723139164431,125.90382352941177,forecast then threshold
hist_gbm_delta,3,112.5,0.9281183932346723,0.11409942950285248,0.7582037996545768,0.7161500815660685,0.8140189637318198,124.39985294117648,forecast then threshold
hist_gbm_delta,3,115.0,0.9281183932346723,0.11083944580277098,0.7634782608695653,0.7208538587848933,0.8172789474319013,123.5404411764706,forecast then threshold
hist_gbm_delta,3,117.5,0.9238900634249472,0.10594947025264874,0.7707231040564374,0.724709784411277,0.8179405931722984,121.82161764705883,forecast then threshold
hist_gbm_delta,3,120.0,0.9175475687103594,0.10105949470252648,0.7777777777777778,0.7269681742043551,0.8164880740078329,119.88794117647059,forecast then threshold
hist_gbm_delta,3,122.5,0.9069767441860465,0.09861450692746536,0.78,0.7222222222222222,0.8083622372585811,118.16911764705883,forecast then threshold
hist_gbm_delta,3,125.0,0.9006342494714588,0.0945395273023635,0.7859778597785978,0.7232597623089984,0.8060947221690953,116.45029411764706,forecast then threshold
hist_gbm_delta,3,127.5,0.8921775898520085,0.09046454767726161,0.7917448405253283,0.7226027397260274,0.8017130421747468,114.51661764705882,forecast then threshold
hist_gbm_delta,3,130.0,0.8879492600422833,0.08720456397718011,0.7969639468690702,0.7241379310344828,0.8007446960651031,113.2275,forecast then threshold
hist_gbm_delta,3,132.5,0.8837209302325582,0.08312958435207823,0.8038461538461539,0.7269565217391304,0.8005913458804799,111.7235294117647,forecast then threshold
hist_gbm_delta,3,135.0,0.879492600422833,0.07905460472697637,0.8109161793372319,0.7298245614035088,0.8004379956958566,110.21955882352941,forecast then threshold
hist_gbm_delta,3,137.5,0.86892177589852,0.07742461287693561,0.8122529644268774,0.7235915492957746,0.7914971630215845,108.71558823529412,forecast then threshold
hist_gbm_delta,3,140.0,0.8583509513742071,0.07742461287693561,0.810379241516966,0.7147887323943662,0.7809263384972716,107.64132352941176,forecast then threshold
hist_gbm_delta,3,142.5,0.8477801268498943,0.07334963325183375,0.8167006109979633,0.7122557726465364,0.7744304935980606,105.49279411764707,forecast then threshold
hist_gbm_delta,3,145.0,0.8308668076109936,0.07090464547677261,0.81875,0.7017857142857142,0.759962162134221,103.12941176470588,forecast then threshold
hist_gbm_delta,3,147.5,0.813953488372093,0.07008964955175224,0.8174097664543525,0.6887298747763864,0.7438638388203408,101.19573529411765,forecast then threshold
hist_gbm_delta,3,150.0,0.7928118393234672,0.06682966585167074,0.8205689277899344,0.6756756756756757,0.7259821734717965,98.18779411764706,forecast then threshold
hist_gbm_delta,3,152.5,0.7822410147991543,0.061124694376528114,0.8314606741573034,0.6751824817518248,0.7211163204226262,95.60955882352941,forecast then threshold
hist_gbm_delta,3,155.0,0.7780126849894292,0.05623471882640587,0.8421052631578947,0.6789667896678967,0.7217779661630234,93.89073529411765,forecast then threshold
hist_gbm_delta,3,157.5,0.7674418604651163,0.05378973105134474,0.8461538461538461,0.673469387755102,0.7136521294137715,92.17191176470588,forecast then threshold
hist_gbm_delta,3,160.0,0.758985200845666,0.05215973920130399,0.8486997635933806,0.6685288640595903,0.706825461644362,90.88279411764705,forecast then threshold
hist_gbm_delta,3,162.5,0.7463002114164905,0.0488997555012225,0.8547215496368039,0.6622889305816135,0.697400455915268,88.73426470588235,forecast then threshold
hist_gbm_delta,3,165.0,0.7293868921775899,0.04645476772616137,0.8582089552238806,0.6509433962264151,0.6829321244514285,86.37088235294118,forecast then threshold
hist_gbm_delta,3,167.5,0.6997885835095138,0.04319478402607987,0.8619791666666666,0.629277566539924,0.6565937994834339,82.5035294117647,forecast then threshold
hist_gbm_delta,3,170.0,0.6723044397463002,0.040749796251018745,0.8641304347826086,0.6080305927342257,0.6315546434952815,79.06588235294117,forecast then threshold
hist_gbm_delta,3,172.5,0.6363636363636364,0.039119804400977995,0.8624641833810889,0.5777351247600768,0.5972438319626584,74.98367647058824,forecast then threshold
hist_gbm_delta,3,175.0,0.6152219873150105,0.03667481662591687,0.8660714285714286,0.5617760617760618,0.5785471706890937,72.19058823529411,forecast then threshold
hist_gbm_delta,3,177.5,0.6025369978858351,0.03178484107579462,0.8796296296296297,0.556640625,0.5707521568100405,69.61235294117647,forecast then threshold
hist_gbm_delta,3,180.0,0.5771670190274841,0.03015484922575387,0.8806451612903226,0.5352941176470588,0.5470121698017303,66.60441176470589,forecast then threshold
hist_gbm_delta,3,182.5,0.5602536997885835,0.02526487367563162,0.8952702702702703,0.5257936507936508,0.534988826112952,63.59647058823529,forecast then threshold
hist_gbm_delta,3,185.0,0.5285412262156448,0.023634881825590873,0.8960573476702509,0.49800796812749004,0.5049063443900539,59.943970588235295,forecast then threshold
hist_gbm_delta,3,187.5,0.5010570824524313,0.022819885900570498,0.8943396226415095,0.47305389221556887,0.4782371965518608,56.93602941176471,forecast then threshold
hist_gbm_delta,3,190.0,0.4714587737843552,0.022819885900570498,0.8884462151394422,0.44510978043912175,0.4486388878837847,53.92808823529412,forecast then threshold
hist_gbm_delta,3,192.5,0.4418604651162791,0.021189894050529748,0.8893617021276595,0.4188376753507014,0.42067057106574934,50.49044117647059,forecast then threshold
hist_gbm_delta,3,195.0,0.41226215644820297,0.018744906275468622,0.8944954128440367,0.39314516129032256,0.39351725017273437,46.837941176470586,forecast then threshold
hist_gbm_delta,3,197.5,0.3890063424947146,0.017929910350448247,0.8932038834951457,0.3717171717171717,0.37107643214426633,44.25970588235294,forecast then threshold
hist_gbm_delta,3,200.0,0.3678646934460888,0.016299918500407497,0.8969072164948454,0.35294117647058826,0.3515647749456813,41.68147058823529,forecast then threshold
hist_gbm_delta,3,202.5,0.35517970401691334,0.014669926650366748,0.9032258064516129,0.3421588594704684,0.3405097773665466,39.96264705882353,forecast then threshold
hist_gbm_delta,3,205.0,0.33403805496828753,0.013854930725346373,0.9028571428571428,0.3224489795918367,0.32018312424294115,37.599264705882355,forecast then threshold
hist_gbm_delta,3,207.5,0.3086680761099366,0.012224938875305624,0.906832298136646,0.29918032786885246,0.29644313723463095,34.59132352941177,forecast then threshold
hist_gbm_delta,3,210.0,0.2832980972515856,0.009779951100244499,0.9178082191780822,0.27628865979381445,0.2735181461513411,31.368529411764705,forecast then threshold
hist_gbm_delta,3,212.5,0.266384778012685,0.007334963325183374,0.9333333333333333,0.26141078838174275,0.25904981468750166,29.00514705882353,forecast then threshold
hist_gbm_delta,3,215.0,0.25158562367864695,0.007334963325183374,0.9296875,0.24688796680497926,0.24425066035346357,27.501176470588234,forecast then threshold
hist_gbm_delta,3,217.5,0.24101479915433405,0.007334963325183374,0.926829268292683,0.23651452282157676,0.23367983582915067,26.42691176470588,forecast then threshold
hist_gbm_delta,3,220.0,0.21987315010570824,0.007334963325183374,0.9203539823008849,0.2157676348547718,0.21253818678052486,24.278382352941176,forecast then threshold
hist_gbm_delta,3,222.5,0.20930232558139536,0.006519967400162999,0.9252336448598131,0.20582120582120583,0.20278235818123236,22.989264705882352,forecast then threshold
hist_gbm_delta,3,225.0,0.2029598308668076,0.006519967400162999,0.9230769230769231,0.1995841995841996,0.1964398634666446,22.34470588235294,forecast then threshold
hist_gbm_delta,3,227.5,0.18181818181818182,0.0057049714751426246,0.9247311827956989,0.17916666666666667,0.1761132103430392,19.981323529411764,forecast then threshold
hist_gbm_delta,3,230.0,0.1649048625792812,0.004074979625101874,0.9397590361445783,0.16317991631799164,0.16082988295417933,17.832794117647058,forecast then threshold
hist_gbm_delta,3,232.5,0.16279069767441862,0.004074979625101874,0.9390243902439024,0.16108786610878661,0.15871571804931675,17.617941176470588,forecast then threshold
hist_gbm_delta,3,235.0,0.14376321353065538,0.004074979625101874,0.9315068493150684,0.14225941422594143,0.13968823390555352,15.684264705882352,forecast then threshold
hist_gbm_delta,3,237.5,0.13530655391120508,0.004074979625101874,0.927536231884058,0.13389121338912133,0.13123157428610321,14.82485294117647,forecast then threshold
hist_gbm_delta,3,240.0,0.12050739957716702,0.004074979625101874,0.9193548387096774,0.1192468619246862,0.11643241995206514,13.320882352941176,forecast then threshold
hist_gbm_delta,3,242.5,0.11416490486257928,0.004074979625101874,0.9152542372881356,0.11297071129707113,0.1100899252374774,12.676323529411764,forecast then threshold
hist_gbm_delta,3,245.0,0.09725158562367865,0.004074979625101874,0.9019607843137255,0.09623430962343096,0.09317660599857677,10.9575,forecast then threshold
hist_gbm_delta,3,247.5,0.09302325581395349,0.004074979625101874,0.8979591836734694,0.09205020920502092,0.08894827618885161,10.527794117647058,forecast then threshold
hist_gbm_delta,3,250.0,0.07822410147991543,0.004074979625101874,0.8809523809523809,0.07740585774058577,0.07414912185481355,9.023823529411764,forecast then threshold
hist_gbm_delta,3,252.5,0.07399577167019028,0.0032599837000814994,0.8974358974358975,0.07337526205450734,0.07073578797010878,8.379264705882353,forecast then threshold
hist_gbm_delta,3,255.0,0.06976744186046512,0.0032599837000814994,0.8918918918918919,0.06918238993710692,0.06650745816038361,7.9495588235294115,forecast then threshold
hist_gbm_delta,3,257.5,0.06342494714587738,0.0032599837000814994,0.8823529411764706,0.06289308176100629,0.060164963445795874,7.305,forecast then threshold
hist_gbm_delta,3,260.0,0.0613107822410148,0.0032599837000814994,0.8787878787878788,0.06079664570230608,0.0580507985409333,7.090147058823529,forecast then threshold
hist_gbm_delta,3,262.5,0.0613107822410148,0.0032599837000814994,0.8787878787878788,0.06079664570230608,0.0580507985409333,7.090147058823529,forecast then threshold
hist_gbm_delta,3,265.0,0.0613107822410148,0.0032599837000814994,0.8787878787878788,0.06079664570230608,0.0580507985409333,7.090147058823529,forecast then threshold
hist_gbm_delta,3,267.5,0.05919661733615222,0.0032599837000814994,0.875,0.05870020964360587,0.055936633636070716,6.875294117647059,forecast then threshold
hist_gbm_delta,3,270.0,0.052854122621564484,0.0024449877750611247,0.8928571428571429,0.052521008403361345,0.05040913484650336,6.015882352941176,forecast then threshold
hist_gbm_delta,3,272.5,0.04439746300211417,0.0024449877750611247,0.875,0.04411764705882353,0.041952475227053046,5.156470588235294,forecast then threshold
hist_gbm_delta,3,275.0,0.040169133192389,0.0016299918500407497,0.9047619047619048,0.04,0.03853914134234825,4.511911764705882,forecast then threshold
hist_gbm_delta,3,277.5,0.035940803382663845,0.0008149959250203749,0.9444444444444444,0.035864978902953586,0.035125807457643474,3.8673529411764704,forecast then threshold
hist_gbm_delta,3,280.0,0.03382663847780127,0.0008149959250203749,0.9411764705882353,0.03375527426160337,0.0330116425527809,3.6525,forecast then threshold
hist_gbm_delta,3,282.5,0.02959830866807611,0.0008149959250203749,0.9333333333333333,0.029535864978902954,0.028783312743055733,3.2227941176470587,forecast then threshold
hist_gbm_delta,3,285.0,0.02748414376321353,0.0008149959250203749,0.9285714285714286,0.027426160337552744,0.026669147838193154,3.007941176470588,forecast then threshold
hist_gbm_delta,3,287.5,0.02536997885835095,0.0008149959250203749,0.9230769230769231,0.02531645569620253,0.024554982933330576,2.7930882352941175,forecast then threshold
hist_gbm_delta,3,290.0,0.021141649048625793,0.0008149959250203749,0.9090909090909091,0.02109704641350211,0.020326653123605418,2.3633823529411764,forecast then threshold
hist_gbm_delta,3,292.5,0.019027484143763214,0.0008149959250203749,0.9,0.0189873417721519,0.01821248821874284,2.148529411764706,forecast then threshold
hist_gbm_delta,3,295.0,0.016913319238900635,0.0008149959250203749,0.8888888888888888,0.016877637130801686,0.01609832331388026,1.9336764705882352,forecast then threshold
hist_gbm_delta,3,297.5,0.014799154334038054,0.0008149959250203749,0.875,0.014767932489451477,0.013984158409017679,1.7188235294117646,forecast then threshold
hist_gbm_delta,3,300.0,0.012684989429175475,0.0008149959250203749,0.8571428571428571,0.012658227848101266,0.0118699935041551,1.503970588235294,forecast then threshold
hist_gbm_delta,3,302.5,0.006342494714587738,0.0,1.0,0.006342494714587738,0.006342494714587738,0.6445588235294117,forecast then threshold
hist_gbm_delta,3,305.0,0.004228329809725159,0.0,1.0,0.004228329809725159,0.004228329809725159,0.42970588235294116,forecast then threshold
hist_gbm_delta,3,307.5,0.004228329809725159,0.0,1.0,0.004228329809725159,0.004228329809725159,0.42970588235294116,forecast then threshold
hist_gbm_delta,3,310.0,0.0021141649048625794,0.0,1.0,0.0021141649048625794,0.0021141649048625794,0.21485294117647058,forecast then threshold
hist_gbm_delta,3,312.5,0.0021141649048625794,0.0,1.0,0.0021141649048625794,0.0021141649048625794,0.21485294117647058,forecast then threshold
hist_gbm_delta,3,315.0,0.0,0.0,,0.0,0.0,0.0,forecast then threshold
hist_gbm_delta,3,317.5,0.0,0.0,,0.0,0.0,0.0,forecast then threshold
hist_gbm_delta,3,320.0,0.0,0.0,,0.0,0.0,0.0,forecast then threshold
hist_gbm_delta,3,322.5,0.0,0.0,,0.0,0.0,0.0,forecast then threshold
hist_gbm_delta,3,325.0,0.0,0.0,,0.0,0.0,0.0,forecast then threshold
hist_gbm_delta,3,327.5,0.0,0.0,,0.0,0.0,0.0,forecast then threshold
hist_gbm_delta,3,330.0,0.0,0.0,,0.0,0.0,0.0,forecast then threshold
hist_gbm_delta,3,332.5,0.0,0.0,,0.0,0.0,0.0,forecast then threshold
hist_gbm_delta,3,335.0,0.0,0.0,,0.0,0.0,0.0,forecast then threshold
hist_gbm_delta,3,337.5,0.0,0.0,,0.0,0.0,0.0,forecast then threshold
hist_gbm_delta,3,340.0,0.0,0.0,,0.0,0.0,0.0,forecast then threshold
hist_gbm_delta,3,342.5,0.0,0.0,,0.0,0.0,0.0,forecast then threshold
hist_gbm_delta,3,345.0,0.0,0.0,,0.0,0.0,0.0,forecast then threshold
hist_gbm_delta,3,347.5,0.0,0.0,,0.0,0.0,0.0,forecast then threshold
hist_gbm_delta,3,350.0,0.0,0.0,,0.0,0.0,0.0,forecast then threshold
hist_gbm_delta,3,352.5,0.0,0.0,,0.0,0.0,0.0,forecast then threshold
hist_gbm_delta,3,355.0,0.0,0.0,,0.0,0.0,0.0,forecast then threshold
hist_gbm_delta,3,357.5,0.0,0.0,,0.0,0.0,0.0,forecast then threshold
hist_gbm_delta,3,360.0,0.0,0.0,,0.0,0.0,0.0,forecast then threshold
hist_gbm_delta,3,362.5,0.0,0.0,,0.0,0.0,0.0,forecast then threshold
hist_gbm_delta,3,365.0,0.0,0.0,,0.0,0.0,0.0,forecast then threshold
hist_gbm_delta,3,367.5,0.0,0.0,,0.0,0.0,0.0,forecast then threshold
hist_gbm_delta,3,370.0,0.0,0.0,,0.0,0.0,0.0,forecast then threshold
hist_gbm_delta,3,372.5,0.0,0.0,,0.0,0.0,0.0,forecast then threshold
hist_gbm_delta,3,375.0,0.0,0.0,,0.0,0.0,0.0,forecast then threshold
hist_gbm_delta,3,377.5,0.0,0.0,,0.0,0.0,0.0,forecast then threshold
hist_gbm_delta,3,380.0,0.0,0.0,,0.0,0.0,0.0,forecast then threshold
hist_gbm_delta,3,382.5,0.0,0.0,,0.0,0.0,0.0,forecast then threshold
hist_gbm_delta,3,385.0,0.0,0.0,,0.0,0.0,0.0,forecast then threshold
hist_gbm_delta,3,387.5,0.0,0.0,,0.0,0.0,0.0,forecast then threshold
hist_gbm_delta,3,390.0,0.0,0.0,,0.0,0.0,0.0,forecast then threshold
hist_gbm_delta,3,392.5,0.0,0.0,,0.0,0.0,0.0,forecast then threshold
hist_gbm_delta,3,395.0,0.0,0.0,,0.0,0.0,0.0,forecast then threshold
hist_gbm_delta,3,397.5,0.0,0.0,,0.0,0.0,0.0,forecast then threshold
hist_gbm_delta,3,400.0,0.0,0.0,,0.0,0.0,0.0,forecast then threshold
naive_carry,1,20.0,1.0,0.9158576051779935,0.2977667493796526,0.2977667493796526,0.08414239482200647,343.1136363636363,forecast then threshold
naive_carry,1,22.5,1.0,0.8802588996763754,0.30612244897959184,0.30612244897959184,0.11974110032362462,333.74825174825173,forecast then threshold
naive_carry,1,25.0,1.0,0.8398058252427184,0.31620553359683795,0.31620553359683795,0.1601941747572816,323.1057692307692,forecast then threshold
naive_carry,1,27.5,1.0,0.8058252427184466,0.3252032520325203,0.3252032520325203,0.19417475728155342,314.1660839160839,forecast then threshold
naive_carry,1,30.0,1.0,0.7548543689320388,0.33970276008492567,0.33970276008492567,0.24514563106796117,300.75655594405595,forecast then threshold
naive_carry,1,32.5,0.9979166666666667,0.7168284789644013,0.3509157509157509,0.3506588579795022,0.2810881877022654,290.5397727272727,forecast then threshold
naive_carry,1,35.0,0.9979166666666667,0.6820388349514563,0.36232980332829046,0.36205593348450493,0.31587783171521033,281.38723776223776,forecast then threshold
naive_carry,1,37.5,0.9979166666666667,0.6472491909385113,0.3745113369820172,0.37421875,0.3506674757281554,272.2347027972028,forecast then threshold
naive_carry,1,40.0,0.9979166666666667,0.6092233009708737,0.3887987012987013,0.3884833738848337,0.38869336569579294,262.2307692307692,forecast then threshold
naive_carry,1,42.5,0.9979166666666667,0.5752427184466019,0.40252100840336136,0.40218303946263645,0.42267394822006477,253.2910839160839,forecast then threshold
naive_carry,1,45.0,0.9979166666666667,0.5485436893203883,0.4140017286084702,0.41364421416234887,0.44937297734627835,246.26704545454544,forecast then threshold
naive_carry,1,47.5,0.9979166666666667,0.5218446601941747,0.4261565836298932,0.42577777777777776,0.4760720064724919,239.243006993007,forecast then threshold
naive_carry,1,50.0,0.9979166666666667,0.4975728155339806,0.43784277879341865,0.4374429223744292,0.5003438511326861,232.85751748251747,forecast then threshold
naive_carry,1,52.5,0.9979166666666667,0.47006472491909385,0.4518867924528302,0.4514608859566447,0.5278519417475729,225.62062937062936,forecast then threshold
naive_carry,1,55.0,0.9979166666666667,0.44336569579288027,0.4664070107108082,0.4659533073929961,0.5545509708737864,218.5965909090909,forecast then threshold
naive_carry,1,57.5,0.9979166666666667,0.42637540453074435,0.4761431411530815,0.4756703078450844,0.5715412621359224,214.12674825174824,forecast then threshold
naive_carry,1,60.0,0.9979166666666667,0.39239482200647247,0.49688796680497926,0.49637305699481865,0.6055218446601942,205.18706293706293,forecast then threshold
naive_carry,1,62.5,0.9979166666666667,0.3705501618122977,0.5112059765208111,0.5106609808102346,0.627366504854369,199.44012237762237,forecast then threshold
naive_carry,1,65.0,0.9958333333333333,0.35032362459546923,0.5246981339187706,0.5235487404162102,0.6455097087378641,193.90603146853147,forecast then threshold
naive_carry,1,67.5,0.9916666666666667,0.3268608414239482,0.5409090909090909,0.5384615384615384,0.6648058252427185,187.3076923076923,forecast then threshold
naive_carry,1,70.0,0.9895833333333334,0.3042071197411003,0.5581668625146886,0.5549065420560748,0.685376213592233,181.13505244755243,forecast then threshold
naive_carry,1,72.5,0.9895833333333334,0.2815533980582524,0.5771567436208992,0.5736714975845411,0.708029935275081,175.1752622377622,forecast then threshold
naive_carry,1,75.0,0.9895833333333334,0.2621359223300971,0.5944931163954944,0.5907960199004975,0.7274474110032363,170.0668706293706,forecast then threshold
naive_carry,1,77.5,0.9875,0.24271844660194175,0.6124031007751938,0.6076923076923076,0.7447815533980583,164.74562937062936,forecast then threshold
naive_carry,1,80.0,0.9875,0.22006472491909385,0.6353887399463807,0.6303191489361702,0.7674352750809061,158.78583916083915,forecast then threshold
naive_carry,1,82.5,0.9833333333333333,0.2022653721682848,0.6537396121883656,0.6465753424657534,0.7810679611650485,153.67744755244755,forecast then threshold
naive_carry,1,85.0,0.98125,0.18527508090614886,0.6728571428571428,0.6643159379407616,0.7959749190938511,148.99475524475523,forecast then threshold
naive_carry,1,87.5,0.9791666666666666,0.17313915857605178,0.6871345029239766,0.6772334293948127,0.8060275080906149,145.58916083916083,forecast then threshold
naive_carry,1,90.0,0.9791666666666666,0.1593851132686084,0.704647676161919,0.6942392909896603,0.8197815533980582,141.97071678321677,forecast then threshold
naive_carry,1,92.5,0.9729166666666667,0.14320388349514562,0.7251552795031055,0.710806697108067,0.829712783171521,137.07517482517483,forecast then threshold
naive_carry,1,95.0,0.96875,0.13268608414239483,0.739268680445151,0.7220496894409938,0.8360639158576052,133.88243006993005,forecast then threshold
naive_carry,1,97.5,0.9604166666666667,0.11731391585760517,0.7607260726072608,0.7376,0.8431027508090615,128.9868881118881,forecast then threshold
naive_carry,1,100.0,0.9541666666666667,0.11003236245954692,0.7710437710437711,0.7435064935064936,0.8441343042071198,126.43269230769229,forecast then threshold
naive_carry,1,102.5,0.9479166666666666,0.10032362459546926,0.7858376511226253,0.7533112582781457,0.8475930420711973,123.23994755244755,forecast then threshold
naive_carry,1,105.0,0.9458333333333333,0.09385113268608414,0.7964912280701755,0.761744966442953,0.8519822006472492,121.3243006993007,forecast then threshold
naive_carry,1,107.5,0.9375,0.0889967637540453,0.8035714285714286,0.7627118644067796,0.8485032362459547,119.19580419580419,forecast then threshold
naive_carry,1,110.0,0.9291666666666667,0.07119741100323625,0.8352059925093633,0.7852112676056338,0.8579692556634304,113.66171328671328,forecast then threshold
naive_carry,1,112.5,0.9145833333333333,0.06715210355987054,0.8409961685823755,0.7797513321492007,0.8474312297734627,111.10751748251748,forecast then threshold
naive_carry,1,115.0,0.9104166666666667,0.061488673139158574,0.8518518518518519,0.7859712230215827,0.848927993527508,109.19187062937063,forecast then threshold
naive_carry,1,117.5,0.9,0.054207119741100325,0.8657314629258517,0.7897623400365631,0.8457928802588996,106.21197552447552,forecast then threshold
naive_carry,1,120.0,0.8854166666666666,0.045307443365695796,0.8835758835758836,0.792910447761194,0.8401092233009708,102.38068181818181,forecast then threshold
naive_carry,1,122.5,0.88125,0.043689320388349516,0.8867924528301887,0.7921348314606742,0.8375606796116505,101.52928321678321,forecast then threshold
naive_carry,1,125.0,0.8729166666666667,0.03802588996763754,0.8991416309012875,0.7950664136622391,0.8348907766990291,99.18793706293705,forecast then threshold
naive_carry,1,127.5,0.8645833333333334,0.03559870550161812,0.9041394335511983,0.7919847328244275,0.8289846278317152,97.6979895104895,forecast then threshold
naive_carry,1,130.0,0.83125,0.03155339805825243,0.910958904109589,0.7687861271676301,0.7996966019417476,93.22814685314684,forecast then threshold
naive_carry,1,132.5,0.8145833333333333,0.030744336569579287,0.9114219114219114,0.7548262548262549,0.783838996763754,91.3125,forecast then threshold
naive_carry,1,135.0,0.7979166666666667,0.02831715210355987,0.916267942583732,0.7436893203883496,0.7695995145631068,88.97115384615384,forecast then threshold
naive_carry,1,137.5,0.7708333333333334,0.025889967637540454,0.9203980099502488,0.72265625,0.7449433656957929,85.56555944055944,forecast then threshold
naive_carry,1,140.0,0.7604166666666666,0.025080906148867314,0.9217171717171717,0.7142857142857143,0.7353357605177994,84.28846153846153,forecast then threshold
naive_carry,1,142.5,0.75625,0.024271844660194174,0.9236641221374046,0.711764705882353,0.7319781553398058,83.64991258741259,forecast then threshold
naive_carry,1,145.0,0.7520833333333333,0.024271844660194174,0.9232736572890026,0.707843137254902,0.7278114886731392,83.22421328671328,forecast then threshold
naive_carry,1,147.5,0.7333333333333333,0.022653721682847898,0.9263157894736842,0.6929133858267716,0.7106796116504854,80.88286713286713,forecast then threshold
naive_carry,1,150.0,0.7229166666666667,0.020226537216828478,0.9327956989247311,0.6871287128712872,0.7026901294498382,79.18006993006992,forecast then threshold
naive_carry,1,152.5,0.7104166666666667,0.01779935275080906,0.9393939393939394,0.6792828685258964,0.6926173139158577,77.26442307692307,forecast then threshold
naive_carry,1,155.0,0.69375,0.015372168284789644,0.9460227272727273,0.6673346693386774,0.6783778317152104,74.92307692307692,forecast then threshold
naive_carry,1,157.5,0.6854166666666667,0.012944983818770227,0.9536231884057971,0.6633064516129032,0.6724716828478965,73.43312937062936,forecast then threshold
naive_carry,1,160.0,0.6708333333333333,0.012135922330097087,0.9554896142433235,0.6505050505050505,0.6586974110032362,71.73033216783216,forecast then threshold
naive_carry,1,162.5,0.6604166666666667,0.012135922330097087,0.9548192771084337,0.6404040404040404,0.6482807443365696,70.6660839160839,forecast then threshold
naive_carry,1,165.0,0.6416666666666667,0.011326860841423949,0.9565217391304348,0.6234817813765182,0.6303398058252427,68.53758741258741,forecast then threshold
naive_carry,1,167.5,0.6291666666666667,0.011326860841423949,0.9556962025316456,0.611336032388664,0.6178398058252427,67.2604895104895,forecast then threshold
naive_carry,1,170.0,0.60625,0.011326860841423949,0.9540983606557377,0.5890688259109311,0.594923139158576,64.91914335664335,forecast then threshold
naive_carry,1,172.5,0.6,0.011326860841423949,0.9536423841059603,0.582995951417004,0.588673139158576,64.2805944055944,forecast then threshold
naive_carry,1,175.0,0.5854166666666667,0.011326860841423949,0.9525423728813559,0.5688259109311741,0.5740898058252427,62.790646853146846,forecast then threshold
naive_carry,1,177.5,0.5791666666666667,0.010517799352750809,0.9553264604810997,0.563894523326572,0.568648867313916,61.939248251748246,forecast then threshold
naive_carry,1,180.0,0.5583333333333333,0.010517799352750809,0.9537366548042705,0.5436105476673428,0.5478155339805826,59.81075174825175,forecast then threshold
naive_carry,1,182.5,0.55,0.010517799352750809,0.9530685920577617,0.5354969574036511,0.5394822006472493,58.95935314685314,forecast then threshold
naive_carry,1,185.0,0.5291666666666667,0.009708737864077669,0.9548872180451128,0.516260162601626,0.519457928802589,56.618006993006986,forecast then threshold
naive_carry,1,187.5,0.5166666666666667,0.009708737864077669,0.9538461538461539,0.5040650406504065,0.506957928802589,55.340909090909086,forecast then threshold
naive_carry,1,190.0,0.5020833333333333,0.00889967637540453,0.9563492063492064,0.4908350305498982,0.4931836569579288,53.63811188811189,forecast then threshold
naive_carry,1,192.5,0.49375,0.00889967637540453,0.9556451612903226,0.48268839103869654,0.4848503236245955,52.78671328671328,forecast then threshold
naive_carry,1,195.0,0.4708333333333333,0.008090614886731391,0.9576271186440678,0.46122448979591835,0.4627427184466019,50.23251748251748,forecast then threshold
naive_carry,1,197.5,0.4583333333333333,0.008090614886731391,0.9565217391304348,0.4489795918367347,0.4502427184466019,48.95541958041958,forecast then threshold
naive_carry,1,200.0,0.45416666666666666,0.007281553398058253,0.960352422907489,0.4458077709611452,0.4468851132686084,48.31687062937063,forecast then threshold
naive_carry,1,202.5,0.44583333333333336,0.007281553398058253,0.9596412556053812,0.4376278118609407,0.4385517799352751,47.46547202797203,forecast then threshold
naive_carry,1,205.0,0.42916666666666664,0.007281553398058253,0.958139534883721,0.4212678936605317,0.4218851132686084,45.76267482517482,forecast then threshold
naive_carry,1,207.5,0.4125,0.007281553398058253,0.9565217391304348,0.4049079754601227,0.40521844660194173,44.05987762237762,forecast then threshold
naive_carry,1,210.0,0.40208333333333335,0.007281553398058253,0.9554455445544554,0.3946830265848671,0.3948017799352751,42.995629370629366,forecast then threshold
naive_carry,1,212.5,0.38958333333333334,0.006472491909385114,0.958974358974359,0.3831967213114754,0.38311084142394825,41.50568181818181,forecast then threshold
naive_carry,1,215.0,0.37083333333333335,0.006472491909385114,0.956989247311828,0.36475409836065575,0.36436084142394826,39.59003496503496,forecast then threshold
naive_carry,1,217.5,0.3645833333333333,0.0056634304207119745,0.9615384615384616,0.3593429158110883,0.3589199029126213,38.73863636363636,forecast then threshold
naive_carry,1,220.0,0.35208333333333336,0.0048543689320388345,0.9657142857142857,0.3477366255144033,0.3472289644012945,37.248688811188806,forecast then threshold
naive_carry,1,222.5,0.34375,0.0040453074433656954,0.9705882352941176,0.3402061855670103,0.3397046925566343,36.18444055944056,forecast then threshold
naive_carry,1,225.0,0.32708333333333334,0.0040453074433656954,0.9691358024691358,0.3237113402061856,0.32303802588996766,34.48164335664335,forecast then threshold
naive_carry,1,227.5,0.3125,0.0040453074433656954,0.967741935483871,0.30927835051546393,0.3084546925566343,32.9916958041958,forecast then threshold
naive_carry,1,230.0,0.3,0.0040453074433656954,0.9664429530201343,0.29690721649484536,0.2959546925566343,31.7145979020979,forecast then threshold
naive_carry,1,232.5,0.2916666666666667,0.0040453074433656954,0.9655172413793104,0.28865979381443296,0.287621359223301,30.8631993006993,forecast then threshold
naive_carry,1,235.0,0.2875,0.003236245954692557,0.971830985915493,0.28512396694214875,0.2842637540453074,30.224650349650346,forecast then threshold
naive_carry,1,237.5,0.28125,0.003236245954692557,0.9712230215827338,0.27892561983471076,0.2780137540453074,29.586101398601397,forecast then threshold
naive_carry,1,240.0,0.275,0.003236245954692557,0.9705882352941176,0.2727272727272727,0.27176375404530745,28.947552447552447,forecast then threshold
naive_carry,1,242.5,0.26875,0.003236245954692557,0.9699248120300752,0.2665289256198347,0.2655137540453074,28.309003496503493,forecast then threshold
naive_carry,1,245.0,0.2625,0.0024271844660194173,0.9767441860465116,0.2608695652173913,0.2600728155339806,27.457604895104893,forecast then threshold
naive_carry,1,247.5,0.25625,0.0024271844660194173,0.9761904761904762,0.2546583850931677,0.25382281553398056,26.819055944055943,forecast then threshold
naive_carry,1,250.0,0.24791666666666667,0.0024271844660194173,0.9754098360655737,0.2463768115942029,0.24548948220064726,25.96765734265734,forecast then threshold
naive_carry,1,252.5,0.24166666666666667,0.0024271844660194173,0.9747899159663865,0.2401656314699793,0.23923948220064725,25.32910839160839,forecast then threshold
naive_carry,1,255.0,0.22708333333333333,0.0024271844660194173,0.9732142857142857,0.22567287784679088,0.22465614886731392,23.839160839160837,forecast then threshold
naive_carry,1,257.5,0.22083333333333333,0.0024271844660194173,0.9724770642201835,0.2194616977225673,0.2184061488673139,23.200611888111887,forecast then threshold
naive_carry,1,260.0,0.20833333333333334,0.0024271844660194173,0.970873786407767,0.2070393374741201,0.20590614886731393,21.923513986013983,forecast then threshold
naive_carry,1,262.5,0.20416666666666666,0.0024271844660194173,0.9702970297029703,0.2028985507246377,0.20173948220064725,21.497814685314683,forecast then threshold
naive_carry,1,265.0,0.19583333333333333,0.0024271844660194173,0.9690721649484536,0.19461697722567287,0.19340614886731392,20.646416083916083,forecast then threshold
naive_carry,1,267.5,0.19375,0.0024271844660194173,0.96875,0.19254658385093168,0.1913228155339806,20.433566433566433,forecast then threshold
naive_carry,1,270.0,0.17916666666666667,0.0016181229773462784,0.9772727272727273,0.17842323651452283,0.17754854368932038,18.73076923076923,forecast then threshold
naive_carry,1,272.5,0.17708333333333334,0.0016181229773462784,0.9770114942528736,0.17634854771784234,0.17546521035598706,18.51791958041958,forecast then threshold
naive_carry,1,275.0,0.1625,0.0016181229773462784,0.975,0.16182572614107885,0.16088187702265372,17.027972027972027,forecast then threshold
naive_carry,1,277.5,0.16041666666666668,0.0016181229773462784,0.9746835443037974,0.15975103734439833,0.1587985436893204,16.815122377622377,forecast then threshold
naive_carry,1,280.0,0.14375,0.0016181229773462784,0.971830985915493,0.14315352697095435,0.1421318770226537,15.112325174825173,forecast then threshold
naive_carry,1,282.5,0.13958333333333334,0.0016181229773462784,0.9710144927536232,0.13900414937759337,0.13796521035598705,14.686625874125873,forecast then threshold
naive_carry,1,285.0,0.1375,0.0008090614886731392,0.9850746268656716,0.13721413721413722,0.13669093851132688,14.260926573426572,forecast then threshold
naive_carry,1,287.5,0.12916666666666668,0.0008090614886731392,0.9841269841269841,0.1288981288981289,0.12835760517799355,13.409527972027972,forecast then threshold
naive_carry,1,290.0,0.125,0.0008090614886731392,0.9836065573770492,0.12474012474012475,0.12419093851132686,12.98382867132867,forecast then threshold
naive_carry,1,292.5,0.11875,0.0008090614886731392,0.9827586206896551,0.11850311850311851,0.11794093851132685,12.34527972027972,forecast then threshold
naive_carry,1,295.0,0.1125,0.0008090614886731392,0.9818181818181818,0.11226611226611227,0.11169093851132686,11.706730769230768,forecast then threshold
naive_carry,1,297.5,0.10416666666666667,0.0008090614886731392,0.9803921568627451,0.10395010395010396,0.10335760517799353,10.855332167832167,forecast then threshold
naive_carry,1,300.0,0.09375,0.0008090614886731392,0.9782608695652174,0.09355509355509356,0.09294093851132686,9.791083916083915,forecast then threshold
naive_carry,1,302.5,0.08958333333333333,0.0008090614886731392,0.9772727272727273,0.0893970893970894,0.08877427184466019,9.365384615384615,forecast then threshold
naive_carry,1,305.0,0.0875,0.0008090614886731392,0.9767441860465116,0.08731808731808732,0.08669093851132685,9.152534965034965,forecast then threshold
naive_carry,1,307.5,0.08333333333333333,0.0,1.0,0.08333333333333333,0.08333333333333333,8.513986013986013,forecast then threshold
naive_carry,1,310.0,0.08125,0.0,1.0,0.08125,0.08125,8.301136363636363,forecast then threshold
naive_carry,1,312.5,0.07708333333333334,0.0,1.0,0.07708333333333334,0.07708333333333334,7.8754370629370625,forecast then threshold
naive_carry,1,315.0,0.07291666666666667,0.0,1.0,0.07291666666666667,0.07291666666666667,7.449737762237762,forecast then threshold
naive_carry,1,317.5,0.07083333333333333,0.0,1.0,0.07083333333333333,0.07083333333333333,7.236888111888112,forecast then threshold
naive_carry,1,320.0,0.06875,0.0,1.0,0.06875,0.06875,7.024038461538461,forecast then threshold
naive_carry,1,322.5,0.06666666666666667,0.0,1.0,0.06666666666666667,0.06666666666666667,6.811188811188811,forecast then threshold
naive_carry,1,325.0,0.06666666666666667,0.0,1.0,0.06666666666666667,0.06666666666666667,6.811188811188811,forecast then threshold
naive_carry,1,327.5,0.06458333333333334,0.0,1.0,0.06458333333333334,0.06458333333333334,6.59833916083916,forecast then threshold
naive_carry,1,330.0,0.06458333333333334,0.0,1.0,0.06458333333333334,0.06458333333333334,6.59833916083916,forecast then threshold
naive_carry,1,332.5,0.06041666666666667,0.0,1.0,0.06041666666666667,0.06041666666666667,6.17263986013986,forecast then threshold
naive_carry,1,335.0,0.05416666666666667,0.0,1.0,0.05416666666666667,0.05416666666666667,5.534090909090908,forecast then threshold
naive_carry,1,337.5,0.05416666666666667,0.0,1.0,0.05416666666666667,0.05416666666666667,5.534090909090908,forecast then threshold
naive_carry,1,340.0,0.05416666666666667,0.0,1.0,0.05416666666666667,0.05416666666666667,5.534090909090908,forecast then threshold
naive_carry,1,342.5,0.05416666666666667,0.0,1.0,0.05416666666666667,0.05416666666666667,5.534090909090908,forecast then threshold
naive_carry,1,345.0,0.05,0.0,1.0,0.05,0.05,5.108391608391608,forecast then threshold
naive_carry,1,347.5,0.05,0.0,1.0,0.05,0.05,5.108391608391608,forecast then threshold
naive_carry,1,350.0,0.04791666666666667,0.0,1.0,0.04791666666666667,0.04791666666666667,4.8955419580419575,forecast then threshold
naive_carry,1,352.5,0.04583333333333333,0.0,1.0,0.04583333333333333,0.04583333333333333,4.6826923076923075,forecast then threshold
naive_carry,1,355.0,0.04375,0.0,1.0,0.04375,0.04375,4.469842657342657,forecast then threshold
naive_carry,1,357.5,0.041666666666666664,0.0,1.0,0.041666666666666664,0.041666666666666664,4.256993006993007,forecast then threshold
naive_carry,1,360.0,0.0375,0.0,1.0,0.0375,0.0375,3.831293706293706,forecast then threshold
naive_carry,1,362.5,0.0375,0.0,1.0,0.0375,0.0375,3.831293706293706,forecast then threshold
naive_carry,1,365.0,0.0375,0.0,1.0,0.0375,0.0375,3.831293706293706,forecast then threshold
naive_carry,1,367.5,0.0375,0.0,1.0,0.0375,0.0375,3.831293706293706,forecast then threshold
naive_carry,1,370.0,0.03125,0.0,1.0,0.03125,0.03125,3.192744755244755,forecast then threshold
naive_carry,1,372.5,0.03125,0.0,1.0,0.03125,0.03125,3.192744755244755,forecast then threshold
naive_carry,1,375.0,0.027083333333333334,0.0,1.0,0.027083333333333334,0.027083333333333334,2.767045454545454,forecast then threshold
naive_carry,1,377.5,0.027083333333333334,0.0,1.0,0.027083333333333334,0.027083333333333334,2.767045454545454,forecast then threshold
naive_carry,1,380.0,0.025,0.0,1.0,0.025,0.025,2.554195804195804,forecast then threshold
naive_carry,1,382.5,0.025,0.0,1.0,0.025,0.025,2.554195804195804,forecast then threshold
naive_carry,1,385.0,0.020833333333333332,0.0,1.0,0.020833333333333332,0.020833333333333332,2.1284965034965033,forecast then threshold
naive_carry,1,387.5,0.020833333333333332,0.0,1.0,0.020833333333333332,0.020833333333333332,2.1284965034965033,forecast then threshold
naive_carry,1,390.0,0.020833333333333332,0.0,1.0,0.020833333333333332,0.020833333333333332,2.1284965034965033,forecast then threshold
naive_carry,1,392.5,0.020833333333333332,0.0,1.0,0.020833333333333332,0.020833333333333332,2.1284965034965033,forecast then threshold
naive_carry,1,395.0,0.020833333333333332,0.0,1.0,0.020833333333333332,0.020833333333333332,2.1284965034965033,forecast then threshold
naive_carry,1,397.5,0.01875,0.0,1.0,0.01875,0.01875,1.915646853146853,forecast then threshold
naive_carry,1,400.0,0.01875,0.0,1.0,0.01875,0.01875,1.915646853146853,forecast then threshold
naive_carry,2,20.0,1.0,0.9187192118226601,0.29578351164254246,0.29578351164254246,0.08128078817733986,343.8283471563981,forecast then threshold
naive_carry,2,22.5,1.0,0.8866995073891626,0.3032258064516129,0.3032258064516129,0.11330049261083741,335.3895142180094,forecast then threshold
naive_carry,2,25.0,1.0,0.8448275862068966,0.3135423615743829,0.3135423615743829,0.15517241379310343,324.35411729857816,forecast then threshold
naive_carry,2,27.5,1.0,0.8103448275862069,0.3225806451612903,0.3225806451612903,0.18965517241379315,315.2661433649289,forecast then threshold
naive_carry,2,30.0,1.0,0.7610837438423645,0.3364352183249821,0.3364352183249821,0.23891625615763545,302.28332345971563,forecast then threshold
naive_carry,2,32.5,1.0,0.7192118226600985,0.3491827637444279,0.3491827637444279,0.28078817733990147,291.2479265402843,forecast then threshold
naive_carry,2,35.0,1.0,0.6830870279146142,0.36098310291858676,0.36098310291858676,0.3169129720853858,281.72719194312793,forecast then threshold
naive_carry,2,37.5,1.0,0.6461412151067324,0.3739061256961018,0.3739061256961018,0.3538587848932676,271.990077014218,forecast then threshold
naive_carry,2,40.0,1.0,0.6059113300492611,0.3890728476821192,0.3890728476821192,0.3940886699507389,261.3874407582938,forecast then threshold
naive_carry,2,42.5,1.0,0.5747126436781609,0.4017094017094017,0.4017094017094017,0.4252873563218391,253.16498815165875,forecast then threshold
naive_carry,2,45.0,0.997872340425532,0.5492610837438424,0.4121265377855888,0.4117647058823529,0.44861125668168955,246.240817535545,forecast then threshold
naive_carry,2,47.5,0.997872340425532,0.5205254515599343,0.4252039891205802,0.42481884057971014,0.4773468888655976,238.6675059241706,forecast then threshold
naive_carry,2,50.0,0.997872340425532,0.4975369458128079,0.43627906976744185,0.4358736059479554,0.500335394612724,232.60885663507108,forecast then threshold
naive_carry,2,52.5,0.997872340425532,0.4688013136288998,0.45096153846153847,0.4505283381364073,0.5290710267966321,225.03554502369667,forecast then threshold
naive_carry,2,55.0,0.9957446808510638,0.4408866995073892,0.46567164179104475,0.464746772591857,0.5548579813436747,217.46223341232226,forecast then threshold
naive_carry,2,57.5,0.9957446808510638,0.4211822660098522,0.47706422018348627,0.4760935910478128,0.5745624148412116,212.26910545023694,forecast then threshold
naive_carry,2,60.0,0.9936170212765958,0.3891625615763547,0.4962805526036132,0.4947033898305085,0.604454459700241,203.61389218009478,forecast then threshold
naive_carry,2,62.5,0.9893617021276596,0.37192118226600984,0.5065359477124183,0.5037919826652221,0.6174405198616497,198.637144549763,forecast then threshold
naive_carry,2,65.0,0.9872340425531915,0.3522167487684729,0.5195968645016797,0.5161290322580645,0.6350172937847185,193.22763625592415,forecast then threshold
naive_carry,2,67.5,0.9851063829787234,0.3308702791461412,0.5346420323325635,0.5303550973654066,0.6542361038325822,187.3853672985782,forecast then threshold
naive_carry,2,70.0,0.9787234042553191,0.30870279146141216,0.5502392344497608,0.5437352245862884,0.670020612793907,180.89395734597156,forecast then threshold
naive_carry,2,72.5,0.9787234042553191,0.2857142857142857,0.5693069306930693,0.5623471882640587,0.6930091185410334,174.835308056872,forecast then threshold
naive_carry,2,75.0,0.9765957446808511,0.26683087027914615,0.5854591836734694,0.5773584905660377,0.7097648744017049,169.6421800947867,forecast then threshold
naive_carry,2,77.5,0.9723404255319149,0.24958949096880131,0.6005256241787122,0.5904392764857881,0.7227509345631136,164.66543246445497,forecast then threshold
naive_carry,2,80.0,0.9723404255319149,0.2257799671592775,0.6243169398907104,0.6134228187919463,0.7465604583726374,158.3904028436019,forecast then threshold
naive_carry,2,82.5,0.9680851063829787,0.20689655172413793,0.6435643564356436,0.6301939058171745,0.7611885546588408,152.980894549763,forecast then threshold
naive_carry,2,85.0,0.9659574468085106,0.1896551724137931,0.6627737226277373,0.6476462196861626,0.7763022743947174,148.22052725118482,forecast then threshold
naive_carry,2,87.5,0.9638297872340426,0.17733990147783252,0.6771300448430493,0.6603498542274052,0.78648988575621,144.75844194312796,forecast then threshold
naive_carry,2,90.0,0.9553191489361702,0.16666666666666666,0.6886503067484663,0.6671619613670133,0.7886524822695036,141.07997630331752,forecast then threshold
naive_carry,2,92.5,0.951063829787234,0.15024630541871922,0.7095238095238096,0.6845329249617151,0.8008175243685148,136.31960900473933,forecast then threshold
naive_carry,2,95.0,0.9425531914893617,0.1412151067323481,0.7203252032520325,0.6900311526479751,0.8013380847570135,133.073904028436,forecast then threshold
naive_carry,2,97.5,0.9340425531914893,0.12643678160919541,0.7403035413153457,0.7035256410256411,0.807605771582294,128.31353672985782,forecast then threshold
naive_carry,2,100.0,0.9234042553191489,0.11904761904761904,0.7495682210708118,0.7056910569105691,0.8043566362715299,125.28421208530804,forecast then threshold
naive_carry,2,102.5,0.9127659574468086,0.1116584564860427,0.7592920353982301,0.7079207920792079,0.8011075009607659,122.25488744075828,forecast then threshold
naive_carry,2,105.0,0.9106382978723404,0.10509031198686371,0.7697841726618705,0.7157190635451505,0.8055479858854767,120.3074644549763,forecast then threshold
naive_carry,2,107.5,0.902127659574468,0.10098522167487685,0.7751371115173674,0.715008431703204,0.8011424378995912,118.3600414691943,forecast then threshold
naive_carry,2,110.0,0.8893617021276595,0.08538587848932677,0.8007662835249042,0.7282229965156795,0.8039758236383328,112.95053317535545,forecast then threshold
naive_carry,2,112.5,0.8787234042553191,0.07963875205254516,0.8098039215686275,0.7283950617283951,0.799084652202774,110.35396919431278,forecast then threshold
naive_carry,2,115.0,0.8659574468085106,0.07635467980295567,0.814,0.7229129662522202,0.789602767005555,108.19016587677724,forecast then threshold
naive_carry,2,117.5,0.8446808510638298,0.07307060755336617,0.8168724279835391,0.7101967799642218,0.7716102435104637,105.16084123222748,forecast then threshold
naive_carry,2,120.0,0.8297872340425532,0.06486042692939245,0.8315565031982942,0.7103825136612022,0.7649268071131607,101.48237559241706,forecast then threshold
naive_carry,2,122.5,0.825531914893617,0.06239737274220033,0.8362068965517241,0.7106227106227107,0.7631345421514166,100.40047393364928,forecast then threshold
naive_carry,2,125.0,0.8191489361702128,0.055008210180623976,0.8517699115044248,0.7169459962756052,0.7641407259895888,97.80390995260663,forecast then threshold
naive_carry,2,127.5,0.8085106382978723,0.053366174055829226,0.8539325842696629,0.7102803738317757,0.7551444642420431,96.28924763033174,forecast then threshold
naive_carry,2,130.0,0.774468085106383,0.05090311986863711,0.8544600938967136,0.6842105263157895,0.7235649652377458,92.1780213270142,forecast then threshold
naive_carry,2,132.5,0.7617021276595745,0.047619047619047616,0.8605769230769231,0.678030303030303,0.7140830800405269,90.01421800947867,forecast then threshold
naive_carry,2,135.0,0.7446808510638298,0.0451559934318555,0.8641975308641975,0.6666666666666666,0.6995248576319743,87.63403436018956,forecast then threshold
naive_carry,2,137.5,0.723404255319149,0.041050903119868636,0.8717948717948718,0.6538461538461539,0.6823533521992804,84.38832938388624,forecast then threshold
naive_carry,2,140.0,0.7106382978723405,0.040229885057471264,0.8720626631853786,0.6435452793834296,0.6704084128148692,82.87366706161137,forecast then threshold
naive_carry,2,142.5,0.7063829787234043,0.03940886699507389,0.8736842105263158,0.640926640926641,0.6669741117283304,82.2245260663507,forecast then threshold
naive_carry,2,145.0,0.7021276595744681,0.03940886699507389,0.873015873015873,0.637065637065637,0.6627187925793943,81.7917654028436,forecast then threshold
naive_carry,2,147.5,0.6851063829787234,0.03776683087027915,0.875,0.624031007751938,0.6473395521084443,79.62796208530806,forecast then threshold
naive_carry,2,150.0,0.6787234042553192,0.035303776683087026,0.8812154696132597,0.621832358674464,0.6434196275722321,78.32968009478672,forecast then threshold
naive_carry,2,152.5,0.6680851063829787,0.03284072249589491,0.8870056497175142,0.615686274509804,0.6352443838870838,76.59863744075828,forecast then threshold
naive_carry,2,155.0,0.6531914893617021,0.029556650246305417,0.8950437317784257,0.6067193675889329,0.6236348391153967,74.21845379146919,forecast then threshold
naive_carry,2,157.5,0.6468085106382979,0.026272577996715927,0.9047619047619048,0.6055776892430279,0.620535932641582,72.7037914691943,forecast then threshold
naive_carry,2,160.0,0.6297872340425532,0.025451559934318555,0.9051987767584098,0.590818363273453,0.6043356741082346,70.75636848341232,forecast then threshold
naive_carry,2,162.5,0.6212765957446809,0.023809523809523808,0.9096573208722741,0.5851703406813628,0.597467071935157,69.45808649289098,forecast then threshold
naive_carry,2,165.0,0.6063829787234043,0.022988505747126436,0.9105431309904153,0.572289156626506,0.5833944729762779,67.72704383886256,forecast then threshold
naive_carry,2,167.5,0.5936170212765958,0.022167487684729065,0.9117647058823529,0.5613682092555332,0.5714495335918667,66.21238151658767,forecast then threshold
naive_carry,2,170.0,0.574468085106383,0.021346469622331693,0.9121621621621622,0.5443548387096774,0.5531216154840514,64.04857819905213,forecast then threshold
naive_carry,2,172.5,0.5680851063829787,0.021346469622331693,0.9112627986348123,0.5383064516129032,0.546738636760647,63.399437203791464,forecast then threshold
naive_carry,2,175.0,0.5531914893617021,0.021346469622331693,0.9090909090909091,0.5241935483870968,0.5318450197393705,61.884774881516584,forecast then threshold
naive_carry,2,177.5,0.5468085106382978,0.020525451559934318,0.9113475177304965,0.5191919191919192,0.5262830590783635,61.01925355450236,forecast then threshold
naive_carry,2,180.0,0.5297872340425532,0.019704433497536946,0.9120879120879121,0.5040485829959515,0.5100828005450163,59.07183056872037,forecast then threshold
naive_carry,2,182.5,0.5212765957446809,0.019704433497536946,0.9107806691449815,0.4959514170040486,0.501572162247144,58.20630924170616,forecast then threshold
naive_carry,2,185.0,0.4978723404255319,0.019704433497536946,0.9069767441860465,0.47368421052631576,0.478167906927995,55.82612559241706,forecast then threshold
naive_carry,2,187.5,0.4851063829787234,0.019704433497536946,0.9047619047619048,0.46153846153846156,0.46540194948118646,54.52784360189573,forecast then threshold
naive_carry,2,190.0,0.46808510638297873,0.018883415435139574,0.9053497942386831,0.4462474645030426,0.4492016909478392,52.58042061611374,forecast then threshold
naive_carry,2,192.5,0.4574468085106383,0.018883415435139574,0.9033613445378151,0.43610547667342797,0.43856339307549874,51.498518957345965,forecast then threshold
naive_carry,2,195.0,0.4425531914893617,0.016420361247947456,0.9122807017543859,0.42448979591836733,0.42613283024141424,49.33471563981042,forecast then threshold
naive_carry,2,197.5,0.4297872340425532,0.016420361247947456,0.9099099099099099,0.4122448979591837,0.41336687279460577,48.036433649289094,forecast then threshold
naive_carry,2,200.0,0.425531914893617,0.015599343185550082,0.91324200913242,0.40899795501022496,0.40993257170806696,47.387292654028435,forecast then threshold
naive_carry,2,202.5,0.42127659574468085,0.013957307060755337,0.9209302325581395,0.406570841889117,0.40731928868392553,46.521771327014214,forecast then threshold
naive_carry,2,205.0,0.40638297872340423,0.013136288998357963,0.9227053140096618,0.39300411522633744,0.3932466897250463,44.79072867298578,forecast then threshold
naive_carry,2,207.5,0.39574468085106385,0.010673234811165846,0.9346733668341709,0.38509316770186336,0.385071446039898,43.05968601895734,forecast then threshold
naive_carry,2,210.0,0.3872340425531915,0.009852216748768473,0.9381443298969072,0.3775933609958506,0.37738182580442303,41.97778436018957,forecast then threshold
naive_carry,2,212.5,0.3723404255319149,0.009852216748768473,0.9358288770053476,0.3630705394190871,0.3624882087831464,40.46312203791469,forecast then threshold
naive_carry,2,215.0,0.3574468085106383,0.009852216748768473,0.9333333333333333,0.34854771784232363,0.34759459176186985,38.94845971563981,forecast then threshold
naive_carry,2,217.5,0.3468085106382979,0.0090311986863711,0.9367816091954023,0.3388773388773389,0.3377773119519268,37.65017772511848,forecast then threshold
naive_carry,2,220.0,0.33617021276595743,0.008210180623973728,0.9404761904761905,0.32916666666666666,0.3279600321419837,36.35189573459715,forecast then threshold
naive_carry,2,222.5,0.32978723404255317,0.007389162561576354,0.9451219512195121,0.3235908141962422,0.3223980714809768,35.486374407582936,forecast then threshold
naive_carry,2,225.0,0.3148936170212766,0.007389162561576354,0.9426751592356688,0.3089770354906054,0.30750445445970026,33.971712085308056,forecast then threshold
naive_carry,2,227.5,0.30425531914893617,0.007389162561576354,0.9407894736842105,0.2985386221294363,0.2968661565873598,32.88981042654028,forecast then threshold
naive_carry,2,230.0,0.2872340425531915,0.007389162561576354,0.9375,0.2818371607515658,0.27984487999161517,31.158767772511844,forecast then threshold
naive_carry,2,232.5,0.27872340425531916,0.007389162561576354,0.9357142857142857,0.27348643006263046,0.2713342416937428,30.293246445497626,forecast then threshold
naive_carry,2,235.0,0.2723404255319149,0.007389162561576354,0.9343065693430657,0.267223382045929,0.26495126297033855,29.644105450236964,forecast then threshold
naive_carry,2,237.5,0.26595744680851063,0.007389162561576354,0.9328358208955224,0.2609603340292276,0.2585682842469343,28.9949644549763,forecast then threshold
naive_carry,2,240.0,0.25957446808510637,0.007389162561576354,0.9312977099236641,0.2546972860125261,0.25218530552353,28.34582345971564,forecast then threshold
naive_carry,2,242.5,0.2531914893617021,0.007389162561576354,0.9296875,0.24843423799582465,0.24580232680012576,27.696682464454973,forecast then threshold
naive_carry,2,245.0,0.24468085106382978,0.007389162561576354,0.9274193548387096,0.24008350730688935,0.23729168850225343,26.831161137440755,forecast then threshold
naive_carry,2,247.5,0.23829787234042554,0.007389162561576354,0.9256198347107438,0.23382045929018788,0.2309087097788492,26.182020142180093,forecast then threshold
naive_carry,2,250.0,0.2276595744680851,0.007389162561576354,0.9224137931034483,0.22338204592901878,0.22027041190650876,25.10011848341232,forecast then threshold
naive_carry,2,252.5,0.22127659574468084,0.007389162561576354,0.9203539823008849,0.21711899791231734,0.2138874331831045,24.450977488151658,forecast then threshold
naive_carry,2,255.0,0.20851063829787234,0.006568144499178982,0.9245283018867925,0.20502092050209206,0.20194249379869336,22.936315165876774,forecast then threshold
naive_carry,2,257.5,0.20212765957446807,0.006568144499178982,0.9223300970873787,0.19874476987447698,0.1955595150752891,22.28717417061611,forecast then threshold
naive_carry,2,260.0,0.19148936170212766,0.006568144499178982,0.9183673469387755,0.18828451882845187,0.18492121720294868,21.20527251184834,forecast then threshold
naive_carry,2,262.5,0.18723404255319148,0.006568144499178982,0.9166666666666666,0.18410041841004185,0.1806658980540125,20.77251184834123,forecast then threshold
naive_carry,2,265.0,0.17872340425531916,0.006568144499178982,0.9130434782608695,0.17573221757322174,0.17215525975614018,19.906990521327014,forecast then threshold
naive_carry,2,267.5,0.17446808510638298,0.006568144499178982,0.9111111111111111,0.17154811715481172,0.167899940607204,19.474229857819903,forecast then threshold
naive_carry,2,270.0,0.1595744680851064,0.006568144499178982,0.9036144578313253,0.15690376569037656,0.15300632358592742,17.959567535545023,forecast then threshold
naive_carry,2,272.5,0.1574468085106383,0.006568144499178982,0.9024390243902439,0.15481171548117154,0.15087866401145933,17.743187203791468,forecast then threshold
naive_carry,2,275.0,0.14680851063829786,0.005747126436781609,0.9078947368421053,0.14465408805031446,0.14106138420151626,16.44490521327014,forecast then threshold
naive_carry,2,277.5,0.14468085106382977,0.005747126436781609,0.9066666666666666,0.14255765199161424,0.13893372462704817,16.228524881516588,forecast then threshold
naive_carry,2,280.0,0.13191489361702127,0.0049261083743842365,0.9117647058823529,0.13025210084033614,0.12698878524263704,14.713862559241704,forecast then threshold
naive_carry,2,282.5,0.1276595744680851,0.0049261083743842365,0.9090909090909091,0.12605042016806722,0.12273346609370087,14.281101895734595,forecast then threshold
naive_carry,2,285.0,0.125531914893617,0.004105090311986864,0.921875,0.12421052631578948,0.12142682458163015,13.848341232227487,forecast then threshold
naive_carry,2,287.5,0.11914893617021277,0.004105090311986864,0.9180327868852459,0.11789473684210526,0.11504384585822591,13.199200236966824,forecast then threshold
naive_carry,2,290.0,0.11702127659574468,0.003284072249589491,0.9322033898305084,0.1160337552742616,0.1137372043461552,12.766439573459715,forecast then threshold
naive_carry,2,292.5,0.11063829787234042,0.003284072249589491,0.9285714285714286,0.10970464135021098,0.10735422562275093,12.117298578199051,forecast then threshold
naive_carry,2,295.0,0.10425531914893617,0.003284072249589491,0.9245283018867925,0.10337552742616034,0.10097124689934668,11.468157582938387,forecast then threshold
naive_carry,2,297.5,0.09787234042553192,0.0024630541871921183,0.9387755102040817,0.09725158562367865,0.0954092862383398,10.60263625592417,forecast then threshold
naive_carry,2,300.0,0.08936170212765958,0.0024630541871921183,0.9333333333333333,0.08879492600422834,0.08689864794046746,9.737114928909952,forecast then threshold
naive_carry,2,302.5,0.0851063829787234,0.0024630541871921183,0.9302325581395349,0.08456659619450317,0.08264332879153129,9.304354265402843,forecast then threshold
naive_carry,2,305.0,0.08085106382978724,0.0024630541871921183,0.926829268292683,0.080338266384778,0.07838800964259512,8.871593601895734,forecast then threshold
naive_carry,2,307.5,0.07872340425531915,0.0016420361247947454,0.9487179487179487,0.07838983050847458,0.07708136813052441,8.438832938388625,forecast then threshold
naive_carry,2,310.0,0.07659574468085106,0.0016420361247947454,0.9473684210526315,0.07627118644067797,0.07495370855605632,8.22245260663507,forecast then threshold
naive_carry,2,312.5,0.07234042553191489,0.0016420361247947454,0.9444444444444444,0.07203389830508475,0.07069838940712014,7.789691943127961,forecast then threshold
naive_carry,2,315.0,0.06808510638297872,0.0016420361247947454,0.9411764705882353,0.06779661016949153,0.06644307025818398,7.356931279620852,forecast then threshold
naive_carry,2,317.5,0.06595744680851064,0.0016420361247947454,0.9393939393939394,0.06567796610169492,0.06431541068371589,7.140550947867298,forecast then threshold
naive_carry,2,320.0,0.06382978723404255,0.0016420361247947454,0.9375,0.0635593220338983,0.062187751109247805,6.924170616113743,forecast then threshold
naive_carry,2,322.5,0.06170212765957447,0.0016420361247947454,0.9354838709677419,0.0614406779661017,0.06006009153477972,6.707790284360189,forecast then threshold
naive_carry,2,325.0,0.06170212765957447,0.0016420361247947454,0.9354838709677419,0.0614406779661017,0.06006009153477972,6.707790284360189,forecast then threshold
naive_carry,2,327.5,0.059574468085106386,0.0016420361247947454,0.9333333333333333,0.059322033898305086,0.05793243196031164,6.4914099526066344,forecast then threshold
naive_carry,2,330.0,0.059574468085106386,0.0016420361247947454,0.9333333333333333,0.059322033898305086,0.05793243196031164,6.4914099526066344,forecast then threshold
naive_carry,2,332.5,0.05531914893617021,0.0016420361247947454,0.9285714285714286,0.05508474576271186,0.053677112811375466,6.058649289099526,forecast then threshold
naive_carry,2,335.0,0.05106382978723404,0.0016420361247947454,0.9230769230769231,0.05084745762711865,0.049421793662439296,5.625888625592417,forecast then threshold
naive_carry,2,337.5,0.05106382978723404,0.0016420361247947454,0.9230769230769231,0.05084745762711865,0.049421793662439296,5.625888625592417,forecast then threshold
naive_carry,2,340.0,0.05106382978723404,0.0016420361247947454,0.9230769230769231,0.05084745762711865,0.049421793662439296,5.625888625592417,forecast then threshold
naive_carry,2,342.5,0.05106382978723404,0.0016420361247947454,0.9230769230769231,0.05084745762711865,0.049421793662439296,5.625888625592417,forecast then threshold
naive_carry,2,345.0,0.04680851063829787,0.0016420361247947454,0.9166666666666666,0.046610169491525424,0.04516647451350313,5.193127962085308,forecast then threshold
naive_carry,2,347.5,0.04680851063829787,0.0016420361247947454,0.9166666666666666,0.046610169491525424,0.04516647451350313,5.193127962085308,forecast then threshold
naive_carry,2,350.0,0.04468085106382979,0.0016420361247947454,0.9130434782608695,0.04449152542372881,0.043038814939035046,4.9767476303317535,forecast then threshold
naive_carry,2,352.5,0.0425531914893617,0.0016420361247947454,0.9090909090909091,0.0423728813559322,0.04091115536456696,4.760367298578199,forecast then threshold
naive_carry,2,355.0,0.04042553191489362,0.0016420361247947454,0.9047619047619048,0.04025423728813559,0.038783495790098876,4.543986966824644,forecast then threshold
naive_carry,2,357.5,0.03829787234042553,0.0016420361247947454,0.9,0.038135593220338986,0.03665583621563079,4.327606635071089,forecast then threshold
naive_carry,2,360.0,0.036170212765957444,0.0008210180623973727,0.9444444444444444,0.036093418259023353,0.03534919470356007,3.8948459715639805,forecast then threshold
naive_carry,2,362.5,0.036170212765957444,0.0008210180623973727,0.9444444444444444,0.036093418259023353,0.03534919470356007,3.8948459715639805,forecast then threshold
naive_carry,2,365.0,0.036170212765957444,0.0008210180623973727,0.9444444444444444,0.036093418259023353,0.03534919470356007,3.8948459715639805,forecast then threshold
naive_carry,2,367.5,0.036170212765957444,0.0008210180623973727,0.9444444444444444,0.036093418259023353,0.03534919470356007,3.8948459715639805,forecast then threshold
naive_carry,2,370.0,0.031914893617021274,0.0008210180623973727,0.9375,0.03184713375796178,0.031093875554623902,3.4620853080568716,forecast then threshold
naive_carry,2,372.5,0.031914893617021274,0.0008210180623973727,0.9375,0.03184713375796178,0.031093875554623902,3.4620853080568716,forecast then threshold
naive_carry,2,375.0,0.027659574468085105,0.0008210180623973727,0.9285714285714286,0.027600849256900213,0.026838556405687733,3.029324644549763,forecast then threshold
naive_carry,2,377.5,0.027659574468085105,0.0008210180623973727,0.9285714285714286,0.027600849256900213,0.026838556405687733,3.029324644549763,forecast then threshold
naive_carry,2,380.0,0.02553191489361702,0.0008210180623973727,0.9230769230769231,0.025477707006369428,0.024710896831219648,2.8129443127962084,forecast then threshold
naive_carry,2,382.5,0.02553191489361702,0.0008210180623973727,0.9230769230769231,0.025477707006369428,0.024710896831219648,2.8129443127962084,forecast then threshold
naive_carry,2,385.0,0.02127659574468085,0.0008210180623973727,0.9090909090909091,0.021231422505307854,0.02045557768228348,2.3801836492890995,forecast then threshold
naive_carry,2,387.5,0.02127659574468085,0.0008210180623973727,0.9090909090909091,0.021231422505307854,0.02045557768228348,2.3801836492890995,forecast then threshold
naive_carry,2,390.0,0.02127659574468085,0.0008210180623973727,0.9090909090909091,0.021231422505307854,0.02045557768228348,2.3801836492890995,forecast then threshold
naive_carry,2,392.5,0.019148936170212766,0.0008210180623973727,0.9,0.01910828025477707,0.018327918107815394,2.1638033175355447,forecast then threshold
naive_carry,2,395.0,0.019148936170212766,0.0008210180623973727,0.9,0.01910828025477707,0.018327918107815394,2.1638033175355447,forecast then threshold
naive_carry,2,397.5,0.01702127659574468,0.0008210180623973727,0.8888888888888888,0.016985138004246284,0.01620025853334731,1.9474229857819902,forecast then threshold
naive_carry,2,400.0,0.01702127659574468,0.0008210180623973727,0.8888888888888888,0.016985138004246284,0.01620025853334731,1.9474229857819902,forecast then threshold
naive_carry,3,20.0,1.0,0.9144254278728606,0.296551724137931,0.296551724137931,0.08557457212713937,342.6904411764706,forecast then threshold
naive_carry,3,22.5,1.0,0.8834555827220864,0.3037893384714194,0.3037893384714194,0.11654441727791365,334.5260294117647,forecast then threshold
naive_carry,3,25.0,1.0,0.8427057864710676,0.31386861313868614,0.31386861313868614,0.15729421352893236,323.7833823529412,forecast then threshold
naive_carry,3,27.5,1.0,0.8076609616951915,0.32308743169398907,0.32308743169398907,0.19233903830480847,314.54470588235296,forecast then threshold
naive_carry,3,30.0,1.0,0.7603911980440098,0.3364153627311522,0.3364153627311522,0.2396088019559902,302.0832352941176,forecast then threshold
naive_carry,3,32.5,0.9978858350951374,0.7196414017929911,0.34833948339483395,0.3480825958702065,0.2782444333021463,291.12573529411765,forecast then threshold
naive_carry,3,35.0,0.9978858350951374,0.6837815810920945,0.36003051106025935,0.3597560975609756,0.31410425400304287,281.67220588235296,forecast then threshold
naive_carry,3,37.5,0.9978858350951374,0.6495517522412388,0.37194641449960597,0.3716535433070866,0.34833408285389855,272.64838235294116,forecast then threshold
naive_carry,3,40.0,0.9957716701902748,0.6096169519152405,0.3863822805578343,0.3857493857493858,0.38615471827503434,261.9057352941176,forecast then threshold
naive_carry,3,42.5,0.9957716701902748,0.5753871230643847,0.4001699235344095,0.3994910941475827,0.42038454712589013,252.88191176470588,forecast then threshold
naive_carry,3,45.0,0.9936575052854123,0.5484922575387123,0.4111986001749781,0.41012216404886565,0.44516524774669997,245.57691176470587,forecast then threshold
naive_carry,3,47.5,0.9915433403805497,0.5224123879380603,0.42252252252252254,0.42100538599640935,0.46913095244248937,238.48676470588236,forecast then threshold
naive_carry,3,50.0,0.9915433403805497,0.49877750611246946,0.4338575393154487,0.432258064516129,0.49276583426808024,232.2560294117647,forecast then threshold
naive_carry,3,52.5,0.985200845665962,0.4743276283618582,0.4446564885496183,0.44170616113744077,0.5108732173041037,225.16588235294117,forecast then threshold
naive_carry,3,55.0,0.9830866807610994,0.4474327628361858,0.45857988165680474,0.45499021526418787,0.5356539179249136,217.8608823529412,forecast then threshold
naive_carry,3,57.5,0.9809725158562368,0.43031784841075793,0.46774193548387094,0.46353646353646355,0.5506546674454789,213.13411764705882,forecast then threshold
naive_carry,3,60.0,0.9788583509513742,0.39690301548492257,0.48736842105263156,0.4822916666666667,0.5819553354664516,204.11029411764707,forecast then threshold
naive_carry,3,62.5,0.9788583509513742,0.37571312143439284,0.5010822510822511,0.49571734475374735,0.6031452295169814,198.52411764705883,forecast then threshold
naive_carry,3,65.0,0.9746300211416491,0.3561532192339038,0.5133630289532294,0.5065934065934066,0.6184768019077453,192.9379411764706,forecast then threshold
naive_carry,3,67.5,0.9725158562367865,0.3341483292583537,0.5287356321839081,0.5209513023782559,0.6383675269784328,186.92205882352943,forecast then threshold
naive_carry,3,70.0,0.9640591966173362,0.3154034229828851,0.5409252669039146,0.5302325581395348,0.6486557736344511,181.1210294117647,forecast then threshold
naive_carry,3,72.5,0.9619450317124736,0.2917685411572942,0.5596555965559655,0.5475330926594465,0.6701764905551794,174.6754411764706,forecast then threshold
naive_carry,3,75.0,0.9619450317124736,0.27383863080684595,0.5752212389380531,0.5624227441285538,0.6881064009056277,169.94867647058823,forecast then threshold
naive_carry,3,77.5,0.959830866807611,0.25509372453137735,0.5919165580182529,0.5776081424936387,0.7047371422762336,164.79220588235293,forecast then threshold
naive_carry,3,80.0,0.959830866807611,0.23145884270578648,0.6151761517615176,0.5997357992073976,0.7283720241018246,158.5614705882353,forecast then threshold
naive_carry,3,82.5,0.9513742071881607,0.21597392013039934,0.6293706293706294,0.6097560975609756,0.7354002870577614,153.61985294117648,forecast then threshold
naive_carry,3,85.0,0.945031712473573,0.20211898940505296,0.6431654676258993,0.6199722607489597,0.74291272306852,149.32279411764705,forecast then threshold
naive_carry,3,87.5,0.9365750528541226,0.1915240423797881,0.6533923303834809,0.6257062146892656,0.7450510104743344,145.67029411764705,forecast then threshold
naive_carry,3,90.0,0.9281183932346723,0.18092909535452323,0.6641452344931922,0.6316546762589929,0.7471892978801491,142.01779411764707,forecast then threshold
naive_carry,3,92.5,0.9238900634249472,0.16381418092909536,0.6849529780564263,0.6483679525222552,0.7600758824958518,137.07617647058822,forecast then threshold
naive_carry,3,95.0,0.9154334038054969,0.15403422982885084,0.6961414790996785,0.6540785498489426,0.761399173976646,133.6385294117647,forecast then threshold
naive_carry,3,97.5,0.9006342494714588,0.14099429502852487,0.7111853088480802,0.6594427244582043,0.7596399544429339,128.69691176470587,forecast then threshold
naive_carry,3,100.0,0.8900634249471459,0.13447432762836187,0.7184300341296929,0.6598746081504702,0.755589097318784,125.90382352941177,forecast then threshold
naive_carry,3,102.5,0.8773784355179705,0.1263243683781581,0.7280701754385965,0.660828025477707,0.7510540671398124,122.46617647058824,forecast then threshold
naive_carry,3,105.0,0.8752642706131079,0.12224938875305623,0.7340425531914894,0.6645264847512039,0.7530148818600516,121.1770588235294,forecast then threshold
naive_carry,3,107.5,0.864693446088795,0.11898940505297473,0.736936936936937,0.6607431340872375,0.7457040410358202,119.24338235294118,forecast then threshold
naive_carry,3,110.0,0.8583509513742071,0.10105949470252648,0.7660377358490567,0.6800670016750419,0.7572914566716806,113.87205882352941,forecast then threshold
naive_carry,3,112.5,0.8498942917547568,0.0945395273023635,0.7760617760617761,0.6825127334465195,0.7553547644523934,111.29382352941177,forecast then threshold
naive_carry,3,115.0,0.8350951374207188,0.09127954360228199,0.7790927021696252,0.6752136752136753,0.7438155938184369,108.9304411764706,forecast then threshold
naive_carry,3,117.5,0.8245243128964059,0.08394458027709861,0.7910750507099391,0.6770833333333334,0.7405797326193073,105.9225,forecast then threshold
naive_carry,3,120.0,0.8076109936575053,0.07497962510187449,0.8059071729957806,0.6761061946902654,0.7326313685556308,101.84029411764706,forecast then threshold
naive_carry,3,122.5,0.8012684989429175,0.07253463732681337,0.8098290598290598,0.6743772241992882,0.7287338616161041,100.55117647058823,forecast then threshold
naive_carry,3,125.0,0.7906976744186046,0.06764466177669112,0.8183807439824945,0.6726618705035972,0.7230530126419135,98.18779411764706,forecast then threshold
naive_carry,3,127.5,0.7864693446088795,0.06438467807660962,0.8248337028824834,0.6739130434782609,0.7220846665322699,96.89867647058824,forecast then threshold
naive_carry,3,130.0,0.7547568710359408,0.061124694376528114,0.8263888888888888,0.6514598540145985,0.6936321766594127,92.81647058823529,forecast then threshold
naive_carry,3,132.5,0.7378435517970402,0.059494702526487364,0.8270142180094787,0.6391941391941391,0.6783488492705528,90.66794117647059,forecast then threshold
naive_carry,3,135.0,0.7251585623678647,0.05541972290138549,0.8345498783454988,0.634011090573013,0.6697388394664792,88.3045588235294,forecast then threshold
naive_carry,3,137.5,0.7061310782241015,0.0488997555012225,0.8477157360406091,0.626641651031895,0.657231322722879,84.65205882352942,forecast then threshold
naive_carry,3,140.0,0.693446088794926,0.04808475957620212,0.8475452196382429,0.6165413533834586,0.6453613292187239,83.14808823529411,forecast then threshold
naive_carry,3,142.5,0.6913319238900634,0.04726976365118175,0.8493506493506493,0.615819209039548,0.6440621602388816,82.71838235294118,forecast then threshold
naive_carry,3,145.0,0.6871035940803383,0.04645476772616137,0.8507853403141361,0.6132075471698113,0.6406488263541769,82.07382352941177,forecast then threshold
naive_carry,3,147.5,0.6680761099365751,0.04482477587612062,0.8517520215633423,0.5984848484848485,0.6232513340604544,79.71044117647058,forecast then threshold
naive_carry,3,150.0,0.6617336152219874,0.040749796251018745,0.8622589531680441,0.5984703632887189,0.6209838189709687,77.99161764705882,forecast then threshold
naive_carry,3,152.5,0.6469344608879493,0.039119804400977995,0.864406779661017,0.5873320537428023,0.6078146564869713,76.05794117647059,forecast then threshold
naive_carry,3,155.0,0.6236786469344608,0.03830480847595762,0.8625730994152047,0.5673076923076923,0.5853738384585032,73.47970588235295,forecast then threshold
naive_carry,3,157.5,0.6152219873150105,0.03667481662591687,0.8660714285714286,0.5617760617760618,0.5785471706890937,72.19058823529411,forecast then threshold
naive_carry,3,160.0,0.6025369978858351,0.03504482477587612,0.8689024390243902,0.5523255813953488,0.567492173109959,70.47176470588235,forecast then threshold
naive_carry,3,162.5,0.5940803382663847,0.034229828850855744,0.8699690402476781,0.545631067961165,0.5598505094155289,69.3975,forecast then threshold
naive_carry,3,165.0,0.5771670190274841,0.03341483292583537,0.8694267515923567,0.5311284046692607,0.5437521861016488,67.46382352941177,forecast then threshold
naive_carry,3,167.5,0.5665961945031712,0.032599837000814993,0.8701298701298701,0.5224171539961013,0.5339963575023562,66.17470588235294,forecast then threshold
naive_carry,3,170.0,0.5496828752642706,0.030969845150774247,0.87248322147651,0.5088062622309197,0.5187130301134963,64.02617647058824,forecast then threshold
naive_carry,3,172.5,0.5433403805496829,0.030969845150774247,0.8711864406779661,0.50293542074364,0.5123705353989086,63.381617647058825,forecast then threshold
naive_carry,3,175.0,0.5306553911205074,0.029339853300733496,0.8745644599303136,0.4931237721021611,0.5013155378197739,61.66279411764706,forecast then threshold
naive_carry,3,177.5,0.5243128964059197,0.027709861450692746,0.8794326241134752,0.4891518737672584,0.49660303495522695,60.5885294117647,forecast then threshold
naive_carry,3,180.0,0.507399577167019,0.02689486552567237,0.8791208791208791,0.4743083003952569,0.4805047116413466,58.65485294117647,forecast then threshold
naive_carry,3,182.5,0.4989429175475687,0.02689486552567237,0.8773234200743495,0.466403162055336,0.4720480520218963,57.79544117647059,forecast then threshold
naive_carry,3,185.0,0.4799154334038055,0.02526487367563162,0.8798449612403101,0.4503968253968254,0.45465055972817386,55.43205882352941,forecast then threshold
naive_carry,3,187.5,0.4693446088794926,0.02444987775061125,0.8809523809523809,0.441351888667992,0.44489473112888134,54.142941176470586,forecast then threshold
naive_carry,3,190.0,0.452431289640592,0.023634881825590873,0.8806584362139918,0.4262948207171315,0.4287964078150011,52.209264705882354,forecast then threshold
naive_carry,3,192.5,0.4418604651162791,0.023634881825590873,0.8781512605042017,0.4163346613545817,0.4182255832906882,51.135,forecast then threshold
naive_carry,3,195.0,0.42283298097251587,0.022004889975550123,0.8810572687224669,0.4,0.40082809099696576,48.771617647058825,forecast then threshold
naive_carry,3,197.5,0.41014799154334036,0.022004889975550123,0.8778280542986425,0.388,0.38814310156779025,47.4825,forecast then threshold
naive_carry,3,200.0,0.4080338266384778,0.020374898125509373,0.8853211009174312,0.38755020080321284,0.38765892851296846,46.837941176470586,forecast then threshold
naive_carry,3,202.5,0.40380549682875266,0.018744906275468622,0.8925233644859814,0.3850806451612903,0.38506059055328407,45.978529411764704,forecast then threshold
naive_carry,3,205.0,0.3890063424947146,0.017929910350448247,0.8932038834951457,0.3717171717171717,0.37107643214426633,44.25970588235294,forecast then threshold
naive_carry,3,207.5,0.3784355179704017,0.016299918500407497,0.8994974874371859,0.3630831643002028,0.3621355994699942,42.75573529411765,forecast then threshold
naive_carry,3,210.0,0.3699788583509514,0.015484922575387123,0.9020618556701031,0.3556910569105691,0.35449393577556426,41.68147058823529,forecast then threshold
naive_carry,3,212.5,0.3594080338266385,0.013039934800325998,0.9139784946236559,0.3476482617586912,0.3463680990263125,39.96264705882353,forecast then threshold
naive_carry,3,215.0,0.3403805496828753,0.013039934800325998,0.9096045197740112,0.3292433537832311,0.3273406148825493,38.028970588235296,forecast then threshold
naive_carry,3,217.5,0.33192389006342493,0.012224938875305624,0.9127906976744186,0.32172131147540983,0.3196989511881193,36.95470588235294,forecast then threshold
naive_carry,3,220.0,0.3192389006342495,0.012224938875305624,0.9096385542168675,0.3094262295081967,0.30701396175894385,35.665588235294116,forecast then threshold
naive_carry,3,222.5,0.3086680761099366,0.012224938875305624,0.906832298136646,0.29918032786885246,0.29644313723463095,34.59132352941177,forecast then threshold
naive_carry,3,225.0,0.2938689217758985,0.012224938875305624,0.9025974025974026,0.2848360655737705,0.2816439829005929,33.08735294117647,forecast then threshold
naive_carry,3,227.5,0.2832980972515856,0.012224938875305624,0.8993288590604027,0.27459016393442626,0.27107315837628,32.01308823529412,forecast then threshold
naive_carry,3,230.0,0.2727272727272727,0.011409942950285249,0.9020979020979021,0.2648870636550308,0.26131732977698746,30.723970588235293,forecast then threshold
naive_carry,3,232.5,0.2642706131078224,0.011409942950285249,0.8992805755395683,0.25667351129363447,0.25286067015753716,29.86455882352941,forecast then threshold
naive_carry,3,235.0,0.26004228329809725,0.011409942950285249,0.8978102189781022,0.25256673511293637,0.248632340347812,29.43485294117647,forecast then threshold
naive_carry,3,237.5,0.25158562367864695,0.011409942950285249,0.8947368421052632,0.24435318275154005,0.2401756807283617,28.575441176470587,forecast then threshold
naive_carry,3,240.0,0.24735729386892177,0.010594947025264874,0.9,0.24074074074074073,0.2367623468436569,27.930882352941175,forecast then threshold
naive_carry,3,242.5,0.24101479915433405,0.010594947025264874,0.8976377952755905,0.2345679012345679,0.23041985212906918,27.286323529411764,forecast then threshold
naive_carry,3,245.0,0.23255813953488372,0.010594947025264874,0.8943089430894309,0.22633744855967078,0.22196319250961885,26.42691176470588,forecast then threshold
naive_carry,3,247.5,0.22832980972515857,0.009779951100244499,0.9,0.22268041237113403,0.21854985862491408,25.78235294117647,forecast then threshold
naive_carry,3,250.0,0.21987315010570824,0.009779951100244499,0.896551724137931,0.21443298969072164,0.21009319900546375,24.922941176470587,forecast then threshold
naive_carry,3,252.5,0.2135306553911205,0.009779951100244499,0.8938053097345132,0.20824742268041238,0.20375070429087602,24.278382352941176,forecast then threshold
naive_carry,3,255.0,0.20084566596194503,0.008964955175224124,0.8962264150943396,0.1962809917355372,0.19188071078672092,22.77441176470588,forecast then threshold
naive_carry,3,257.5,0.1945031712473573,0.008964955175224124,0.8932038834951457,0.19008264462809918,0.18553821607213317,22.12985294117647,forecast then threshold
naive_carry,3,260.0,0.1839323467230444,0.008149959250203748,0.8969072164948454,0.18012422360248448,0.17578238747284064,20.840735294117646,forecast then threshold
naive_carry,3,262.5,0.17970401691331925,0.008149959250203748,0.8947368421052632,0.17598343685300208,0.1715540576631155,20.411029411764705,forecast then threshold
naive_carry,3,265.0,0.17124735729386892,0.008149959250203748,0.8901098901098901,0.16770186335403728,0.16309739804366516,19.551617647058823,forecast then threshold
naive_carry,3,267.5,0.16913319238900634,0.008149959250203748,0.8888888888888888,0.16563146997929606,0.16098323313880258,19.336764705882352,forecast then threshold
naive_carry,3,270.0,0.1543340380549683,0.008149959250203748,0.8795180722891566,0.15113871635610765,0.14618407880476453,17.832794117647058,forecast then threshold
naive_carry,3,272.5,0.1522198731501057,0.008149959250203748,0.8780487804878049,0.14906832298136646,0.14406991389990195,17.617941176470588,forecast then threshold
naive_carry,3,275.0,0.1416490486257928,0.007334963325183374,0.881578947368421,0.13900414937759337,0.13431408530060943,16.328823529411764,forecast then threshold
naive_carry,3,277.5,0.13953488372093023,0.007334963325183374,0.88,0.13692946058091288,0.13219992039574685,16.113970588235293,forecast then threshold
naive_carry,3,280.0,0.12684989429175475,0.0057049714751426246,0.8955223880597015,0.125,0.12114492281661213,14.395147058823529,forecast then threshold
naive_carry,3,282.5,0.1226215644820296,0.0057049714751426246,0.8923076923076924,0.12083333333333333,0.11691659300688698,13.965441176470588,forecast then threshold
naive_carry,3,285.0,0.11839323467230443,0.0057049714751426246,0.8888888888888888,0.11666666666666667,0.11268826319716181,13.535735294117647,forecast then threshold
naive_carry,3,287.5,0.10993657505285412,0.0057049714751426246,0.8813559322033898,0.10833333333333334,0.1042316035777115,12.676323529411764,forecast then threshold
naive_carry,3,290.0,0.10782241014799154,0.004889975550122249,0.8947368421052632,0.10647181628392484,0.1029324345978693,12.246617647058823,forecast then threshold
naive_carry,3,292.5,0.1014799154334038,0.004889975550122249,0.8888888888888888,0.10020876826722339,0.09658993988328156,11.602058823529411,forecast then threshold
naive_carry,3,295.0,0.09513742071881606,0.004889975550122249,0.8823529411764706,0.09394572025052192,0.09024744516869382,10.9575,forecast then threshold
naive_carry,3,297.5,0.08668076109936575,0.004889975550122249,0.8723404255319149,0.08559498956158663,0.0817907855492435,10.098088235294117,forecast then threshold
naive_carry,3,300.0,0.080338266384778,0.004074979625101874,0.8837209302325582,0.0794979079497908,0.07626328675967613,9.238676470588235,forecast then threshold
naive_carry,3,302.5,0.07822410147991543,0.004074979625101874,0.8809523809523809,0.07740585774058577,0.07414912185481355,9.023823529411764,forecast then threshold
naive_carry,3,305.0,0.07399577167019028,0.004074979625101874,0.875,0.07322175732217573,0.0699207920450884,8.594117647058823,forecast then threshold
naive_carry,3,307.5,0.07188160676532769,0.0032599837000814994,0.8947368421052632,0.07127882599580712,0.06862162306524619,8.164411764705882,forecast then threshold
naive_carry,3,310.0,0.06976744186046512,0.0032599837000814994,0.8918918918918919,0.06918238993710692,0.06650745816038361,7.9495588235294115,forecast then threshold
naive_carry,3,312.5,0.06553911205073996,0.0032599837000814994,0.8857142857142857,0.0649895178197065,0.062279128350658464,7.51985294117647,forecast then threshold
naive_carry,3,315.0,0.0613107822410148,0.0032599837000814994,0.8787878787878788,0.06079664570230608,0.0580507985409333,7.090147058823529,forecast then threshold
naive_carry,3,317.5,0.05919661733615222,0.0032599837000814994,0.875,0.05870020964360587,0.055936633636070716,6.875294117647059,forecast then threshold
naive_carry,3,320.0,0.05708245243128964,0.0032599837000814994,0.8709677419354839,0.05660377358490566,0.05382246873120814,6.660441176470588,forecast then threshold
naive_carry,3,322.5,0.05496828752642706,0.0032599837000814994,0.8666666666666667,0.05450733752620545,0.05170830382634556,6.445588235294117,forecast then threshold
naive_carry,3,325.0,0.05496828752642706,0.0032599837000814994,0.8666666666666667,0.05450733752620545,0.05170830382634556,6.445588235294117,forecast then threshold
naive_carry,3,327.5,0.05496828752642706,0.0032599837000814994,0.8666666666666667,0.05450733752620545,0.05170830382634556,6.445588235294117,forecast then threshold
naive_carry,3,330.0,0.05496828752642706,0.0032599837000814994,0.8666666666666667,0.05450733752620545,0.05170830382634556,6.445588235294117,forecast then threshold
naive_carry,3,332.5,0.0507399577167019,0.0032599837000814994,0.8571428571428571,0.050314465408805034,0.0474799740166204,6.015882352941176,forecast then threshold
naive_carry,3,335.0,0.04439746300211417,0.0032599837000814994,0.84,0.0440251572327044,0.04113747930203267,5.3713235294117645,forecast then threshold
naive_carry,3,337.5,0.04439746300211417,0.0032599837000814994,0.84,0.0440251572327044,0.04113747930203267,5.3713235294117645,forecast then threshold
naive_carry,3,340.0,0.04439746300211417,0.0032599837000814994,0.84,0.0440251572327044,0.04113747930203267,5.3713235294117645,forecast then threshold
naive_carry,3,342.5,0.04439746300211417,0.0032599837000814994,0.84,0.0440251572327044,0.04113747930203267,5.3713235294117645,forecast then threshold
naive_carry,3,345.0,0.040169133192389,0.0032599837000814994,0.8260869565217391,0.039832285115303984,0.0369091494923075,4.941617647058823,forecast then threshold
naive_carry,3,347.5,0.040169133192389,0.0032599837000814994,0.8260869565217391,0.039832285115303984,0.0369091494923075,4.941617647058823,forecast then threshold
naive_carry,3,350.0,0.040169133192389,0.0032599837000814994,0.8260869565217391,0.039832285115303984,0.0369091494923075,4.941617647058823,forecast then threshold
naive_carry,3,352.5,0.040169133192389,0.0032599837000814994,0.8260869565217391,0.039832285115303984,0.0369091494923075,4.941617647058823,forecast then threshold
naive_carry,3,355.0,0.03805496828752643,0.0032599837000814994,0.8181818181818182,0.03773584905660377,0.03479498458744493,4.726764705882353,forecast then threshold
naive_carry,3,357.5,0.035940803382663845,0.0032599837000814994,0.8095238095238095,0.03563941299790356,0.032680819682582345,4.511911764705882,forecast then threshold
naive_carry,3,360.0,0.03382663847780127,0.0024449877750611247,0.8421052631578947,0.03361344537815126,0.03138165070274015,4.082205882352941,forecast then threshold
naive_carry,3,362.5,0.03382663847780127,0.0024449877750611247,0.8421052631578947,0.03361344537815126,0.03138165070274015,4.082205882352941,forecast then threshold
naive_carry,3,365.0,0.03382663847780127,0.0024449877750611247,0.8421052631578947,0.03361344537815126,0.03138165070274015,4.082205882352941,forecast then threshold
naive_carry,3,367.5,0.03382663847780127,0.0024449877750611247,0.8421052631578947,0.03361344537815126,0.03138165070274015,4.082205882352941,forecast then threshold
naive_carry,3,370.0,0.02748414376321353,0.0024449877750611247,0.8125,0.0273109243697479,0.025039155988152404,3.4376470588235293,forecast then threshold
naive_carry,3,372.5,0.02748414376321353,0.0024449877750611247,0.8125,0.0273109243697479,0.025039155988152404,3.4376470588235293,forecast then threshold
naive_carry,3,375.0,0.023255813953488372,0.0024449877750611247,0.7857142857142857,0.023109243697478993,0.020810826178427246,3.007941176470588,forecast then threshold
naive_carry,3,377.5,0.023255813953488372,0.0024449877750611247,0.7857142857142857,0.023109243697478993,0.020810826178427246,3.007941176470588,forecast then threshold
naive_carry,3,380.0,0.021141649048625793,0.0024449877750611247,0.7692307692307693,0.02100840336134454,0.018696661273564667,2.7930882352941175,forecast then threshold
naive_carry,3,382.5,0.021141649048625793,0.0024449877750611247,0.7692307692307693,0.02100840336134454,0.018696661273564667,2.7930882352941175,forecast then threshold
naive_carry,3,385.0,0.016913319238900635,0.0024449877750611247,0.7272727272727273,0.01680672268907563,0.01446833146383951,2.3633823529411764,forecast then threshold
naive_carry,3,387.5,0.016913319238900635,0.0024449877750611247,0.7272727272727273,0.01680672268907563,0.01446833146383951,2.3633823529411764,forecast then threshold
naive_carry,3,390.0,0.016913319238900635,0.0024449877750611247,0.7272727272727273,0.01680672268907563,0.01446833146383951,2.3633823529411764,forecast then threshold
naive_carry,3,392.5,0.016913319238900635,0.0016299918500407497,0.8,0.016842105263157894,0.015283327388859885,2.148529411764706,forecast then threshold
naive_carry,3,395.0,0.016913319238900635,0.0016299918500407497,0.8,0.016842105263157894,0.015283327388859885,2.148529411764706,forecast then threshold
naive_carry,3,397.5,0.014799154334038054,0.0016299918500407497,0.7777777777777778,0.014736842105263158,0.013169162483997304,1.9336764705882352,forecast then threshold
naive_carry,3,400.0,0.014799154334038054,0.0016299918500407497,0.7777777777777778,0.014736842105263158,0.013169162483997304,1.9336764705882352,forecast then threshold
random_forest,1,20.0,1.0,0.9870550161812298,0.2823529411764706,0.2823529411764706,0.012944983818770184,361.84440559440554,forecast then threshold
random_forest,1,22.5,1.0,0.9555016181229773,0.2889825406381698,0.2889825406381698,0.04449838187702271,353.5432692307692,forecast then threshold
random_forest,1,25.0,1.0,0.9118122977346278,0.29869321717485997,0.29869321717485997,0.0881877022653722,342.0493881118881,forecast then threshold
random_forest,1,27.5,1.0,0.8624595469255664,0.31047865459249674,0.31047865459249674,0.13754045307443363,329.0655594405594,forecast then threshold
random_forest,1,30.0,1.0,0.8203883495145631,0.321285140562249,0.321285140562249,0.17961165048543692,317.9973776223776,forecast then threshold
random_forest,1,32.5,1.0,0.7872168284789643,0.33035099793530626,0.33035099793530626,0.21278317152103565,309.2705419580419,forecast then threshold
random_forest,1,35.0,1.0,0.7419093851132686,0.3435934144595562,0.3435934144595562,0.25809061488673135,297.3509615384615,forecast then threshold
random_forest,1,37.5,1.0,0.7030744336569579,0.3558191252779837,0.3558191252779837,0.2969255663430421,287.1341783216783,forecast then threshold
random_forest,1,40.0,1.0,0.6618122977346278,0.3697996918335901,0.3697996918335901,0.3381877022653722,276.27884615384613,forecast then threshold
random_forest,1,42.5,1.0,0.6270226537216829,0.38247011952191234,0.38247011952191234,0.37297734627831713,267.12631118881114,forecast then threshold
random_forest,1,45.0,1.0,0.5995145631067961,0.3931203931203931,0.3931203931203931,0.4004854368932039,259.88942307692304,forecast then threshold
random_forest,1,47.5,1.0,0.5687702265372169,0.4057480980557904,0.4057480980557904,0.43122977346278313,251.80113636363635,forecast then threshold
random_forest,1,50.0,1.0,0.5436893203883495,0.4166666666666667,0.4166666666666667,0.4563106796116505,245.20279720279717,forecast then threshold
random_forest,1,52.5,1.0,0.5242718446601942,0.425531914893617,0.425531914893617,0.47572815533980584,240.09440559440557,forecast then threshold
random_forest,1,55.0,1.0,0.4967637540453074,0.43875685557586835,0.43875685557586835,0.5032362459546926,232.85751748251747,forecast then threshold
random_forest,1,57.5,0.9979166666666667,0.46763754045307443,0.4531693472090823,0.45274102079395084,0.5302791262135922,224.9820804195804,forecast then threshold
random_forest,1,60.0,0.9979166666666667,0.43851132686084143,0.4691478942213516,0.46868884540117417,0.5594053398058252,217.31949300699299,forecast then threshold
random_forest,1,62.5,0.9979166666666667,0.4223300970873786,0.4785214785214785,0.4780439121756487,0.5755865695792881,213.06249999999997,forecast then threshold
random_forest,1,65.0,0.9979166666666667,0.4045307443365696,0.48927477017364657,0.4887755102040816,0.593385922330097,208.37980769230768,forecast then threshold
random_forest,1,67.5,0.9979166666666667,0.38754045307443363,0.5,0.4994786235662148,0.610376213592233,203.909965034965,forecast then threshold
random_forest,1,70.0,0.9979166666666667,0.37297734627831713,0.5095744680851064,0.5090329436769394,0.6249393203883495,200.0786713286713,forecast then threshold
random_forest,1,72.5,0.99375,0.35275080906148865,0.5224534501642936,0.5207423580786026,0.6409991909385113,194.33173076923075,forecast then threshold
random_forest,1,75.0,0.99375,0.3325242718446602,0.5371621621621622,0.5353535353535354,0.6612257281553398,189.0104895104895,forecast then threshold
random_forest,1,77.5,0.99375,0.3017799352750809,0.5611764705882353,0.5592028135990621,0.6919700647249192,180.92220279720277,forecast then threshold
random_forest,1,80.0,0.99375,0.26779935275080907,0.5903465346534653,0.5881627620221949,0.725950647249191,171.98251748251747,forecast then threshold
random_forest,1,82.5,0.9875,0.24271844660194175,0.6124031007751938,0.6076923076923076,0.7447815533980583,164.74562937062936,forecast then threshold
random_forest,1,85.0,0.9875,0.22815533980582525,0.626984126984127,0.6220472440944882,0.7593446601941748,160.91433566433565,forecast then threshold
random_forest,1,87.5,0.9875,0.20954692556634305,0.6466575716234653,0.6414073071718539,0.777953074433657,156.0187937062937,forecast then threshold
random_forest,1,90.0,0.9854166666666667,0.18851132686084143,0.669971671388102,0.6633941093969145,0.7969053398058252,150.27185314685315,forecast then threshold
random_forest,1,92.5,0.98125,0.16990291262135923,0.6916299559471366,0.6826086956521739,0.8113470873786407,144.95061188811187,forecast then threshold
random_forest,1,95.0,0.9791666666666666,0.16019417475728157,0.7035928143712575,0.6932153392330384,0.818972491909385,142.18356643356643,forecast then threshold
random_forest,1,97.5,0.9791666666666666,0.15453074433656958,0.7110438729198184,0.7004470938897168,0.8246359223300971,140.69361888111888,forecast then threshold
random_forest,1,100.0,0.975,0.14401294498381878,0.7244582043343654,0.7112462006079028,0.8309870550161812,137.5008741258741,forecast then threshold
random_forest,1,102.5,0.975,0.1383495145631068,0.7323943661971831,0.7188940092165899,0.8366504854368932,136.01092657342656,forecast then threshold
random_forest,1,105.0,0.9729166666666667,0.13187702265372167,0.7412698412698413,0.7262830482115086,0.841039644012945,134.0952797202797,forecast then threshold
random_forest,1,107.5,0.96875,0.12297734627831715,0.7536466774716369,0.7357594936708861,0.8457726537216829,131.32823426573427,forecast then threshold
random_forest,1,110.0,0.9645833333333333,0.11326860841423948,0.7678275290215588,0.7467741935483871,0.8513147249190939,128.34833916083915,forecast then threshold
random_forest,1,112.5,0.9583333333333334,0.10032362459546926,0.7876712328767124,0.7615894039735099,0.8580097087378641,124.3041958041958,forecast then threshold
random_forest,1,115.0,0.95625,0.09385113268608414,0.7982608695652174,0.7701342281879194,0.8623988673139159,122.38854895104895,forecast then threshold
random_forest,1,117.5,0.9520833333333333,0.0889967637540453,0.8059964726631393,0.7745762711864407,0.863086569579288,120.68575174825173,forecast then threshold
random_forest,1,120.0,0.9479166666666666,0.08495145631067962,0.8125,0.7777777777777778,0.8629652103559871,119.19580419580419,forecast then threshold
random_forest,1,122.5,0.9416666666666667,0.08333333333333333,0.8144144144144144,0.7753001715265866,0.8583333333333333,118.13155594405593,forecast then threshold
random_forest,1,125.0,0.9354166666666667,0.0784789644012945,0.8223443223443223,0.7781629116117851,0.8569377022653721,116.21590909090908,forecast then threshold
random_forest,1,127.5,0.9291666666666667,0.0703883495145631,0.8367729831144465,0.7865961199294532,0.8587783171521036,113.44886363636363,forecast then threshold
random_forest,1,130.0,0.9270833333333334,0.06634304207119741,0.8444022770398482,0.791814946619217,0.8607402912621359,112.17176573426572,forecast then threshold
random_forest,1,132.5,0.9125,0.06229773462783172,0.8504854368932039,0.7863554757630161,0.8502022653721683,109.61756993006992,forecast then threshold
random_forest,1,135.0,0.8958333333333334,0.05906148867313916,0.8548707753479126,0.7775768535262206,0.8367718446601942,107.06337412587412,forecast then threshold
random_forest,1,137.5,0.8916666666666667,0.05339805825242718,0.8663967611336032,0.7838827838827839,0.8382686084142396,105.14772727272727,forecast then threshold
random_forest,1,140.0,0.8791666666666667,0.050970873786407765,0.8701030927835052,0.7771639042357275,0.8281957928802589,103.23208041958041,forecast then threshold
random_forest,1,142.5,0.8770833333333333,0.04449838187702265,0.884453781512605,0.7869158878504673,0.8325849514563106,101.31643356643356,forecast then threshold
random_forest,1,145.0,0.86875,0.040453074433656956,0.892933618843683,0.7867924528301887,0.828296925566343,99.4007867132867,forecast then threshold
random_forest,1,147.5,0.8604166666666667,0.03802588996763754,0.8978260869565218,0.7836812144212524,0.8223907766990292,97.91083916083916,forecast then threshold
random_forest,1,150.0,0.85,0.0372168284789644,0.8986784140969163,0.7756653992395437,0.8127831715210356,96.63374125874125,forecast then threshold
random_forest,1,152.5,0.84375,0.03398058252427184,0.9060402684563759,0.7758620689655172,0.8097694174757282,95.14379370629369,forecast then threshold
random_forest,1,155.0,0.81875,0.03155339805825243,0.9097222222222222,0.7572254335260116,0.7871966019417476,91.95104895104895,forecast then threshold
random_forest,1,157.5,0.8083333333333333,0.029935275080906147,0.9129411764705883,0.7504835589941973,0.7783980582524272,90.46110139860139,forecast then threshold
random_forest,1,160.0,0.8,0.02831715210355987,0.9164677804295943,0.7456310679611651,0.7716828478964401,89.1840034965035,forecast then threshold
random_forest,1,162.5,0.7791666666666667,0.025889967637540454,0.9211822660098522,0.73046875,0.7532766990291262,86.41695804195804,forecast then threshold
random_forest,1,165.0,0.7541666666666667,0.023462783171521034,0.9258312020460358,0.7111984282907662,0.7307038834951456,83.22421328671328,forecast then threshold
random_forest,1,167.5,0.725,0.020226537216828478,0.9329758713136729,0.689108910891089,0.7047734627831715,79.39291958041957,forecast then threshold
random_forest,1,170.0,0.7083333333333334,0.0186084142394822,0.9366391184573003,0.6759443339960238,0.6897249190938511,77.26442307692307,forecast then threshold
random_forest,1,172.5,0.6875,0.0186084142394822,0.9348441926345609,0.6560636182902585,0.6688915857605178,75.13592657342657,forecast then threshold
random_forest,1,175.0,0.6625,0.016181229773462782,0.9408284023668639,0.636,0.6463187702265372,71.94318181818181,forecast then threshold
random_forest,1,177.5,0.6520833333333333,0.016181229773462782,0.93993993993994,0.626,0.6359021035598705,70.87893356643356,forecast then threshold
random_forest,1,180.0,0.6354166666666666,0.016181229773462782,0.9384615384615385,0.61,0.6192354368932038,69.17613636363636,forecast then threshold
random_forest,1,182.5,0.61875,0.013754045307443365,0.945859872611465,0.5975855130784709,0.6049959546925566,66.8347902097902,forecast then threshold
random_forest,1,185.0,0.6083333333333333,0.013754045307443365,0.9449838187702265,0.5875251509054326,0.5945792880258899,65.77054195804196,forecast then threshold
random_forest,1,187.5,0.59375,0.012135922330097087,0.95,0.5757575757575758,0.5816140776699029,63.8548951048951,forecast then threshold
random_forest,1,190.0,0.5604166666666667,0.012135922330097087,0.9471830985915493,0.5434343434343434,0.5482807443365696,60.44930069930069,forecast then threshold
random_forest,1,192.5,0.54375,0.010517799352750809,0.9525547445255474,0.5294117647058824,0.5332322006472492,58.32080419580419,forecast then threshold
random_forest,1,195.0,0.5354166666666667,0.008090614886731391,0.9625468164794008,0.5244897959183673,0.5273260517799353,56.83085664335664,forecast then threshold
random_forest,1,197.5,0.5166666666666667,0.007281553398058253,0.9649805447470817,0.5071574642126789,0.5093851132686085,54.70236013986013,forecast then threshold
random_forest,1,200.0,0.4791666666666667,0.007281553398058253,0.9623430962343096,0.4703476482617587,0.47188511326860844,50.871066433566426,forecast then threshold
random_forest,1,202.5,0.45208333333333334,0.006472491909385114,0.9644444444444444,0.444672131147541,0.44561084142394825,47.89117132867133,forecast then threshold
random_forest,1,205.0,0.41875,0.0056634304207119745,0.9663461538461539,0.4127310061601643,0.413086569579288,44.272727272727266,forecast then threshold
random_forest,1,207.5,0.40208333333333335,0.0048543689320388345,0.9698492462311558,0.39711934156378603,0.3972289644012945,42.35708041958041,forecast then threshold
random_forest,1,210.0,0.38958333333333334,0.0048543689320388345,0.9689119170984456,0.38477366255144035,0.3847289644012945,41.07998251748251,forecast then threshold
random_forest,1,212.5,0.3625,0.0040453074433656954,0.9720670391061452,0.35876288659793815,0.3584546925566343,38.100087412587406,forecast then threshold
random_forest,1,215.0,0.34375,0.0040453074433656954,0.9705882352941176,0.3402061855670103,0.3397046925566343,36.18444055944056,forecast then threshold
random_forest,1,217.5,0.3333333333333333,0.0040453074433656954,0.9696969696969697,0.32989690721649484,0.32928802588996764,35.12019230769231,forecast then threshold
random_forest,1,220.0,0.3229166666666667,0.0040453074433656954,0.96875,0.31958762886597936,0.318871359223301,34.05594405594405,forecast then threshold
random_forest,1,222.5,0.3145833333333333,0.0040453074433656954,0.967948717948718,0.311340206185567,0.31053802588996765,33.20454545454545,forecast then threshold
random_forest,1,225.0,0.3,0.0040453074433656954,0.9664429530201343,0.29690721649484536,0.2959546925566343,31.7145979020979,forecast then threshold
random_forest,1,227.5,0.2875,0.0040453074433656954,0.965034965034965,0.2845360824742268,0.2834546925566343,30.437499999999996,forecast then threshold
random_forest,1,230.0,0.26666666666666666,0.0040453074433656954,0.9624060150375939,0.2639175257731959,0.262621359223301,28.309003496503493,forecast then threshold
random_forest,1,232.5,0.25625,0.0040453074433656954,0.9609375,0.2536082474226804,0.2522046925566343,27.244755244755243,forecast then threshold
random_forest,1,235.0,0.24375,0.0040453074433656954,0.9590163934426229,0.24123711340206186,0.2397046925566343,25.96765734265734,forecast then threshold
random_forest,1,237.5,0.22916666666666666,0.0040453074433656954,0.9565217391304348,0.2268041237113402,0.22512135922330095,24.47770979020979,forecast then threshold
random_forest,1,240.0,0.21041666666666667,0.003236245954692557,0.9619047619047619,0.20867768595041322,0.20718042071197412,22.349213286713287,forecast then threshold
random_forest,1,242.5,0.20208333333333334,0.003236245954692557,0.9603960396039604,0.20041322314049587,0.1988470873786408,21.497814685314683,forecast then threshold
random_forest,1,245.0,0.19583333333333333,0.0024271844660194173,0.9690721649484536,0.19461697722567287,0.19340614886731392,20.646416083916083,forecast then threshold
random_forest,1,247.5,0.18333333333333332,0.0024271844660194173,0.967032967032967,0.18219461697722567,0.1809061488673139,19.36931818181818,forecast then threshold
random_forest,1,250.0,0.17083333333333334,0.0016181229773462784,0.9761904761904762,0.17012448132780084,0.16921521035598705,17.879370629370626,forecast then threshold
random_forest,1,252.5,0.16041666666666668,0.0008090614886731392,0.9871794871794872,0.1600831600831601,0.15960760517799355,16.602272727272727,forecast then threshold
random_forest,1,255.0,0.14791666666666667,0.0008090614886731392,0.9861111111111112,0.14760914760914762,0.14710760517799354,15.325174825174823,forecast then threshold
random_forest,1,257.5,0.1375,0.0008090614886731392,0.9850746268656716,0.13721413721413722,0.13669093851132688,14.260926573426572,forecast then threshold
random_forest,1,260.0,0.12708333333333333,0.0008090614886731392,0.9838709677419355,0.12681912681912683,0.1262742718446602,13.19667832167832,forecast then threshold
random_forest,1,262.5,0.12083333333333333,0.0008090614886731392,0.9830508474576272,0.12058212058212059,0.12002427184466019,12.55812937062937,forecast then threshold
random_forest,1,265.0,0.11666666666666667,0.0008090614886731392,0.9824561403508771,0.11642411642411643,0.11585760517799353,12.132430069930068,forecast then threshold
random_forest,1,267.5,0.1125,0.0008090614886731392,0.9818181818181818,0.11226611226611227,0.11169093851132686,11.706730769230768,forecast then threshold
random_forest,1,270.0,0.10833333333333334,0.0008090614886731392,0.9811320754716981,0.10810810810810811,0.1075242718446602,11.281031468531468,forecast then threshold
random_forest,1,272.5,0.10625,0.0008090614886731392,0.9807692307692307,0.10602910602910603,0.10544093851132685,11.068181818181817,forecast then threshold
random_forest,1,275.0,0.09583333333333334,0.0008090614886731392,0.9787234042553191,0.09563409563409564,0.0950242718446602,10.003933566433565,forecast then threshold
random_forest,1,277.5,0.0875,0.0,1.0,0.0875,0.0875,8.939685314685313,forecast then threshold
random_forest,1,280.0,0.0875,0.0,1.0,0.0875,0.0875,8.939685314685313,forecast then threshold
random_forest,1,282.5,0.08125,0.0,1.0,0.08125,0.08125,8.301136363636363,forecast then threshold
random_forest,1,285.0,0.07708333333333334,0.0,1.0,0.07708333333333334,0.07708333333333334,7.8754370629370625,forecast then threshold
random_forest,1,287.5,0.075,0.0,1.0,0.075,0.075,7.662587412587412,forecast then threshold
random_forest,1,290.0,0.06666666666666667,0.0,1.0,0.06666666666666667,0.06666666666666667,6.811188811188811,forecast then threshold
random_forest,1,292.5,0.06041666666666667,0.0,1.0,0.06041666666666667,0.06041666666666667,6.17263986013986,forecast then threshold
random_forest,1,295.0,0.05416666666666667,0.0,1.0,0.05416666666666667,0.05416666666666667,5.534090909090908,forecast then threshold
random_forest,1,297.5,0.04791666666666667,0.0,1.0,0.04791666666666667,0.04791666666666667,4.8955419580419575,forecast then threshold
random_forest,1,300.0,0.04583333333333333,0.0,1.0,0.04583333333333333,0.04583333333333333,4.6826923076923075,forecast then threshold
random_forest,1,302.5,0.04375,0.0,1.0,0.04375,0.04375,4.469842657342657,forecast then threshold
random_forest,1,305.0,0.041666666666666664,0.0,1.0,0.041666666666666664,0.041666666666666664,4.256993006993007,forecast then threshold
random_forest,1,307.5,0.035416666666666666,0.0,1.0,0.035416666666666666,0.035416666666666666,3.618444055944056,forecast then threshold
random_forest,1,310.0,0.03125,0.0,1.0,0.03125,0.03125,3.192744755244755,forecast then threshold
random_forest,1,312.5,0.027083333333333334,0.0,1.0,0.027083333333333334,0.027083333333333334,2.767045454545454,forecast then threshold
random_forest,1,315.0,0.027083333333333334,0.0,1.0,0.027083333333333334,0.027083333333333334,2.767045454545454,forecast then threshold
random_forest,1,317.5,0.022916666666666665,0.0,1.0,0.022916666666666665,0.022916666666666665,2.3413461538461537,forecast then threshold
random_forest,1,320.0,0.022916666666666665,0.0,1.0,0.022916666666666665,0.022916666666666665,2.3413461538461537,forecast then threshold
random_forest,1,322.5,0.020833333333333332,0.0,1.0,0.020833333333333332,0.020833333333333332,2.1284965034965033,forecast then threshold
random_forest,1,325.0,0.016666666666666666,0.0,1.0,0.016666666666666666,0.016666666666666666,1.7027972027972027,forecast then threshold
random_forest,1,327.5,0.016666666666666666,0.0,1.0,0.016666666666666666,0.016666666666666666,1.7027972027972027,forecast then threshold
random_forest,1,330.0,0.014583333333333334,0.0,1.0,0.014583333333333334,0.014583333333333334,1.4899475524475523,forecast then threshold
random_forest,1,332.5,0.0125,0.0,1.0,0.0125,0.0125,1.277097902097902,forecast then threshold
random_forest,1,335.0,0.010416666666666666,0.0,1.0,0.010416666666666666,0.010416666666666666,1.0642482517482517,forecast then threshold
random_forest,1,337.5,0.010416666666666666,0.0,1.0,0.010416666666666666,0.010416666666666666,1.0642482517482517,forecast then threshold
random_forest,1,340.0,0.00625,0.0,1.0,0.00625,0.00625,0.638548951048951,forecast then threshold
random_forest,1,342.5,0.0020833333333333333,0.0,1.0,0.0020833333333333333,0.0020833333333333333,0.21284965034965034,forecast then threshold
random_forest,1,345.0,0.0020833333333333333,0.0,1.0,0.0020833333333333333,0.0020833333333333333,0.21284965034965034,forecast then threshold
random_forest,1,347.5,0.0020833333333333333,0.0,1.0,0.0020833333333333333,0.0020833333333333333,0.21284965034965034,forecast then threshold
random_forest,1,350.0,0.0020833333333333333,0.0,1.0,0.0020833333333333333,0.0020833333333333333,0.21284965034965034,forecast then threshold
random_forest,1,352.5,0.0,0.0,,0.0,0.0,0.0,forecast then threshold
random_forest,1,355.0,0.0,0.0,,0.0,0.0,0.0,forecast then threshold
random_forest,1,357.5,0.0,0.0,,0.0,0.0,0.0,forecast then threshold
random_forest,1,360.0,0.0,0.0,,0.0,0.0,0.0,forecast then threshold
random_forest,1,362.5,0.0,0.0,,0.0,0.0,0.0,forecast then threshold
random_forest,1,365.0,0.0,0.0,,0.0,0.0,0.0,forecast then threshold
random_forest,1,367.5,0.0,0.0,,0.0,0.0,0.0,forecast then threshold
random_forest,1,370.0,0.0,0.0,,0.0,0.0,0.0,forecast then threshold
random_forest,1,372.5,0.0,0.0,,0.0,0.0,0.0,forecast then threshold
random_forest,1,375.0,0.0,0.0,,0.0,0.0,0.0,forecast then threshold
random_forest,1,377.5,0.0,0.0,,0.0,0.0,0.0,forecast then threshold
random_forest,1,380.0,0.0,0.0,,0.0,0.0,0.0,forecast then threshold
random_forest,1,382.5,0.0,0.0,,0.0,0.0,0.0,forecast then threshold
random_forest,1,385.0,0.0,0.0,,0.0,0.0,0.0,forecast then threshold
random_forest,1,387.5,0.0,0.0,,0.0,0.0,0.0,forecast then threshold
random_forest,1,390.0,0.0,0.0,,0.0,0.0,0.0,forecast then threshold
random_forest,1,392.5,0.0,0.0,,0.0,0.0,0.0,forecast then threshold
random_forest,1,395.0,0.0,0.0,,0.0,0.0,0.0,forecast then threshold
random_forest,1,397.5,0.0,0.0,,0.0,0.0,0.0,forecast then threshold
random_forest,1,400.0,0.0,0.0,,0.0,0.0,0.0,forecast then threshold
random_forest,2,20.0,1.0,1.0,0.278436018957346,0.278436018957346,0.0,365.24999999999994,forecast then threshold
random_forest,2,22.5,1.0,1.0,0.278436018957346,0.278436018957346,0.0,365.24999999999994,forecast then threshold
random_forest,2,25.0,1.0,0.9802955665024631,0.2824519230769231,0.2824519230769231,0.019704433497536922,360.0568720379147,forecast then threshold
random_forest,2,27.5,1.0,0.8866995073891626,0.3032258064516129,0.3032258064516129,0.11330049261083741,335.3895142180094,forecast then threshold
random_forest,2,30.0,1.0,0.8374384236453202,0.31543624161073824,0.31543624161073824,0.16256157635467983,322.40669431279616,forecast then threshold
random_forest,2,32.5,1.0,0.7848932676518884,0.32959326788218796,0.32959326788218796,0.21510673234811162,308.5583530805687,forecast then threshold
random_forest,2,35.0,1.0,0.7454844006568144,0.34107402031930334,0.34107402031930334,0.2545155993431856,298.1720971563981,forecast then threshold
random_forest,2,37.5,1.0,0.6978653530377669,0.3560606060606061,0.3560606060606061,0.30213464696223313,285.62203791469193,forecast then threshold
random_forest,2,40.0,1.0,0.6658456486042693,0.3669008587041374,0.3669008587041374,0.3341543513957307,277.1832049763033,forecast then threshold
random_forest,2,42.5,1.0,0.6239737274220033,0.3821138211382114,0.3821138211382114,0.3760262725779967,266.147808056872,forecast then threshold
random_forest,2,45.0,1.0,0.59688013136289,0.39264828738512947,0.39264828738512947,0.40311986863711,259.00725710900474,forecast then threshold
random_forest,2,47.5,1.0,0.5747126436781609,0.4017094017094017,0.4017094017094017,0.4252873563218391,253.16498815165875,forecast then threshold
random_forest,2,50.0,1.0,0.5525451559934319,0.4111986001749781,0.4111986001749781,0.4474548440065681,247.32271919431278,forecast then threshold
random_forest,2,52.5,1.0,0.5336617405582923,0.41964285714285715,0.41964285714285715,0.4663382594417077,242.345971563981,forecast then threshold
random_forest,2,55.0,0.997872340425532,0.5057471264367817,0.432258064516129,0.43186003683241253,0.4921252139887503,234.7726599526066,forecast then threshold
random_forest,2,57.5,0.997872340425532,0.47865353037766833,0.4458174904942966,0.4453941120607787,0.5192188100478636,227.6321090047393,forecast then threshold
random_forest,2,60.0,0.997872340425532,0.4573070607553366,0.4571150097465887,0.45666991236611487,0.5405652796701954,222.0062203791469,forecast then threshold
random_forest,2,62.5,0.9957446808510638,0.43349753694581283,0.46987951807228917,0.46893787575150303,0.562247143905251,215.51481042654027,forecast then threshold
random_forest,2,65.0,0.9957446808510638,0.40804597701149425,0.48497409326424873,0.483971044467425,0.5876987038395696,208.80702014218008,forecast then threshold
random_forest,2,67.5,0.9936170212765958,0.3916256157635468,0.4947033898305085,0.4931362196409715,0.601991405513049,204.26303317535545,forecast then threshold
random_forest,2,70.0,0.9936170212765958,0.3669950738916256,0.5109409190371991,0.5092693565976009,0.6266219473849701,197.7716232227488,forecast then threshold
random_forest,2,72.5,0.9936170212765958,0.34811165845648606,0.5241301907968574,0.5223713646532439,0.6455053628201097,192.79487559241704,forecast then threshold
random_forest,2,75.0,0.9936170212765958,0.32101806239737274,0.5442890442890443,0.5423925667828107,0.672598958879223,185.65432464454975,forecast then threshold
random_forest,2,77.5,0.9914893617021276,0.2988505747126437,0.5614457831325301,0.5587529976019184,0.6926387869894839,179.59567535545023,forecast then threshold
random_forest,2,80.0,0.9893617021276596,0.2717569786535304,0.5841708542713567,0.5805243445692884,0.7176047234741292,172.23874407582937,forecast then threshold
random_forest,2,82.5,0.9872340425531915,0.2504105090311987,0.6033810143042913,0.5987096774193549,0.7368235335219928,166.3964751184834,forecast then threshold
random_forest,2,85.0,0.9829787234042553,0.23891625615763548,0.6135458167330677,0.607095926412615,0.7440624672466198,162.93438981042652,forecast then threshold
random_forest,2,87.5,0.9829787234042553,0.22167487684729065,0.6311475409836066,0.6243243243243243,0.7613038465569646,158.3904028436019,forecast then threshold
random_forest,2,90.0,0.9808510638297873,0.2077175697865353,0.6456582633053222,0.6376210235131397,0.7731334940432519,154.4955568720379,forecast then threshold
random_forest,2,92.5,0.9765957446808511,0.18555008210180624,0.67007299270073,0.6594827586206896,0.7910456625790449,148.22052725118482,forecast then threshold
random_forest,2,95.0,0.9765957446808511,0.1781609195402299,0.6789940828402367,0.6681222707423581,0.7984348251406213,146.27310426540282,forecast then threshold
random_forest,2,97.5,0.9765957446808511,0.16502463054187191,0.6954545454545454,0.684053651266766,0.8115711141389792,142.81101895734596,forecast then threshold
random_forest,2,100.0,0.9680851063829787,0.15599343185550082,0.7054263565891473,0.6893939393939394,0.8120916745274779,139.56531398104264,forecast then threshold
random_forest,2,102.5,0.9659574468085106,0.1469622331691297,0.717219589257504,0.699537750385208,0.8189952136393809,136.96875,forecast then threshold
random_forest,2,105.0,0.9659574468085106,0.138752052545156,0.7287319422150883,0.7104851330203443,0.8272053942633546,134.80494668246445,forecast then threshold
random_forest,2,107.5,0.9617021276595744,0.1354679802955665,0.7325769854132901,0.7118110236220473,0.8262341473640079,133.50666469194312,forecast then threshold
random_forest,2,110.0,0.9574468085106383,0.12807881773399016,0.7425742574257426,0.7188498402555911,0.8293679907766482,131.126481042654,forecast then threshold
random_forest,2,112.5,0.9531914893617022,0.12315270935960591,0.7491638795986622,0.7225806451612903,0.8300387800020963,129.3954383886256,forecast then threshold
random_forest,2,115.0,0.948936170212766,0.11904761904761904,0.754653130287648,0.7252032520325203,0.8298885511651469,127.8807760663507,forecast then threshold
random_forest,2,117.5,0.9468085106382979,0.1116584564860427,0.76592082616179,0.7343234323432343,0.8351500541522552,125.71697274881515,forecast then threshold
random_forest,2,120.0,0.9425531914893617,0.10919540229885058,0.7690972222222222,0.7346600331674958,0.8333577891905111,124.63507109004738,forecast then threshold
random_forest,2,122.5,0.9404255319148936,0.10673234811165845,0.7727272727272727,0.7366666666666667,0.8336931838032352,123.76954976303317,forecast then threshold
random_forest,2,125.0,0.9382978723404255,0.10098522167487685,0.7819148936170213,0.7436762225969646,0.8373126506655486,122.03850710900473,forecast then threshold
random_forest,2,127.5,0.9340425531914893,0.0960591133004926,0.789568345323741,0.747870528109029,0.8379834398909967,120.3074644549763,forecast then threshold
random_forest,2,130.0,0.9276595744680851,0.08949096880131363,0.8,0.7530224525043178,0.8381686056667714,117.92728080568719,forecast then threshold
random_forest,2,132.5,0.9212765957446809,0.08620689655172414,0.8048327137546468,0.7530434782608696,0.8350696991929567,116.41261848341232,forecast then threshold
random_forest,2,135.0,0.9127659574468086,0.08456486042692939,0.806390977443609,0.7486910994764397,0.8282010970198792,115.11433649289098,forecast then threshold
random_forest,2,137.5,0.8978723404255319,0.08374384236453201,0.8053435114503816,0.7377622377622378,0.8141284980609999,113.38329383886256,forecast then threshold
random_forest,2,140.0,0.8936170212765957,0.07881773399014778,0.813953488372093,0.7420494699646644,0.8147992872864479,111.65225118483411,forecast then threshold
random_forest,2,142.5,0.8851063829787233,0.0755336617405583,0.8188976377952756,0.7402135231316725,0.809572721238165,109.92120853080567,forecast then threshold
random_forest,2,145.0,0.874468085106383,0.06978653530377668,0.8286290322580645,0.7405405405405405,0.8046815498026063,107.32464454976302,forecast then threshold
random_forest,2,147.5,0.8659574468085106,0.06486042692939245,0.8374485596707819,0.7413479052823315,0.8010970198791182,105.16084123222748,forecast then threshold
random_forest,2,150.0,0.8659574468085106,0.06157635467980296,0.8443983402489627,0.7467889908256881,0.8043810921287077,104.29531990521326,forecast then threshold
random_forest,2,152.5,0.8489361702127659,0.05747126436781609,0.8507462686567164,0.7388888888888889,0.7914649058449498,101.48237559241706,forecast then threshold
random_forest,2,155.0,0.8382978723404255,0.05747126436781609,0.8491379310344828,0.7296296296296296,0.7808266079726094,100.40047393364928,forecast then threshold
random_forest,2,157.5,0.8170212765957446,0.05665024630541872,0.847682119205298,0.712430426716141,0.7603710302903259,98.02029028436019,forecast then threshold
random_forest,2,160.0,0.8148936170212766,0.055008210180623976,0.8511111111111112,0.7132216014897579,0.7598854068406526,97.37114928909952,forecast then threshold
random_forest,2,162.5,0.8106382978723404,0.052545155993431854,0.8561797752808988,0.7134831460674157,0.7580931418789085,96.28924763033174,forecast then threshold
random_forest,2,165.0,0.7936170212765957,0.046798029556650245,0.8674418604651163,0.7077798861480076,0.7468189917199455,93.04354265402843,forecast then threshold
random_forest,2,167.5,0.7808510638297872,0.04433497536945813,0.8717339667458432,0.700381679389313,0.736516088460329,91.09611966824643,forecast then threshold
random_forest,2,170.0,0.7723404255319148,0.04351395730706076,0.8725961538461539,0.6940726577437859,0.7288264682248541,90.01421800947867,forecast then threshold
random_forest,2,172.5,0.7595744680851064,0.041050903119868636,0.8771498771498771,0.6865384615384615,0.7185235649652378,88.06679502369667,forecast then threshold
random_forest,2,175.0,0.7319148936170212,0.03940886699507389,0.8775510204081632,0.6640926640926641,0.6925060266219474,84.82109004739335,forecast then threshold
random_forest,2,177.5,0.6978723404255319,0.0361247947454844,0.8817204301075269,0.6381322957198443,0.6617475456800476,80.49348341232226,forecast then threshold
random_forest,2,180.0,0.6702127659574468,0.034482758620689655,0.8823529411764706,0.615234375,0.6357300073367572,77.24777843601895,forecast then threshold
random_forest,2,182.5,0.6276595744680851,0.029556650246305417,0.8912386706948641,0.5830039525691699,0.5981029242217797,71.62188981042654,forecast then threshold
random_forest,2,185.0,0.5957446808510638,0.027093596059113302,0.8945686900958466,0.5566600397614314,0.5686510847919505,67.72704383886256,forecast then threshold
random_forest,2,187.5,0.5702127659574469,0.023809523809523808,0.9023569023569024,0.5370741482965932,0.546403242147923,64.26495853080569,forecast then threshold
random_forest,2,190.0,0.5468085106382978,0.022988505747126436,0.9017543859649123,0.5160642570281124,0.5238200048911714,61.66839454976303,forecast then threshold
random_forest,2,192.5,0.5170212765957447,0.020525451559934318,0.9067164179104478,0.4909090909090909,0.4964958250358104,57.9899289099526,forecast then threshold
random_forest,2,195.0,0.4829787234042553,0.020525451559934318,0.9007936507936508,0.4585858585858586,0.462453271844321,54.52784360189573,forecast then threshold
random_forest,2,197.5,0.4531914893617021,0.0180623973727422,0.9063829787234042,0.4329268292682927,0.43512909198895994,50.849377962085306,forecast then threshold
random_forest,2,200.0,0.4319148936170213,0.016420361247947456,0.9103139013452914,0.4142857142857143,0.41549453236907385,48.25281398104265,forecast then threshold
random_forest,2,202.5,0.42127659574468085,0.014778325123152709,0.9166666666666666,0.4057377049180328,0.40649827062152816,46.73815165876777,forecast then threshold
random_forest,2,205.0,0.4,0.013136288998357963,0.9215686274509803,0.3868312757201646,0.3868637110016421,44.14158767772511,forecast then threshold
random_forest,2,207.5,0.37659574468085105,0.013136288998357963,0.917098445595855,0.36419753086419754,0.3634594556824931,41.76140402843602,forecast then threshold
random_forest,2,210.0,0.3446808510638298,0.013136288998357963,0.9101123595505618,0.3333333333333333,0.33154456206547184,38.515699052132696,forecast then threshold
random_forest,2,212.5,0.3127659574468085,0.010673234811165846,0.91875,0.30434782608695654,0.3020927226356427,34.620853080568715,forecast then threshold
random_forest,2,215.0,0.2957446808510638,0.010673234811165846,0.9144736842105263,0.28778467908902694,0.285071446039898,32.88981042654028,forecast then threshold
random_forest,2,217.5,0.2680851063829787,0.009852216748768473,0.9130434782608695,0.26141078838174275,0.25823288963421026,29.86048578199052,forecast then threshold
random_forest,2,220.0,0.251063829787234,0.0090311986863711,0.9147286821705426,0.24532224532224534,0.24203263110086293,27.91306279620853,forecast then threshold
random_forest,2,222.5,0.2297872340425532,0.0090311986863711,0.907563025210084,0.22453222453222454,0.2207560353561821,25.749259478672982,forecast then threshold
random_forest,2,225.0,0.20425531914893616,0.0090311986863711,0.897196261682243,0.1995841995841996,0.19522412046256507,23.15269549763033,forecast then threshold
random_forest,2,227.5,0.18723404255319148,0.0090311986863711,0.8888888888888888,0.18295218295218296,0.1782028438668204,21.421652843601894,forecast then threshold
random_forest,2,230.0,0.18085106382978725,0.0090311986863711,0.8854166666666666,0.17671517671517672,0.17181986514341616,20.77251184834123,forecast then threshold
random_forest,2,232.5,0.1595744680851064,0.008210180623973728,0.8823529411764706,0.15625,0.15136428746113267,18.39232819905213,forecast then threshold
random_forest,2,235.0,0.14468085106382977,0.007389162561576354,0.8831168831168831,0.1419624217118998,0.13729168850225343,16.661285545023695,forecast then threshold
random_forest,2,237.5,0.11914893617021277,0.0049261083743842365,0.9032258064516129,0.11764705882352941,0.11422282779582854,13.415580568720378,forecast then threshold
random_forest,2,240.0,0.10212765957446808,0.004105090311986864,0.9056603773584906,0.10105263157894737,0.09802256926248122,11.468157582938387,forecast then threshold
random_forest,2,242.5,0.09361702127659574,0.0024630541871921183,0.9361702127659575,0.09302325581395349,0.09115396708940363,10.16987559241706,forecast then threshold
random_forest,2,245.0,0.07234042553191489,0.0024630541871921183,0.918918918918919,0.07188160676532769,0.06987737134472277,8.006072274881516,forecast then threshold
random_forest,2,247.5,0.06170212765957447,0.0024630541871921183,0.90625,0.0613107822410148,0.05923907347238235,6.924170616113743,forecast then threshold
random_forest,2,250.0,0.06170212765957447,0.0024630541871921183,0.90625,0.0613107822410148,0.05923907347238235,6.924170616113743,forecast then threshold
random_forest,2,252.5,0.05531914893617021,0.0024630541871921183,0.896551724137931,0.05496828752642706,0.052856094748978094,6.27502962085308,forecast then threshold
random_forest,2,255.0,0.04680851063829787,0.0024630541871921183,0.88,0.046511627906976744,0.044345456451105755,5.409508293838862,forecast then threshold
random_forest,2,257.5,0.03404255319148936,0.0016420361247947454,0.8888888888888888,0.03389830508474576,0.03240051706669462,3.8948459715639805,forecast then threshold
random_forest,2,260.0,0.027659574468085105,0.0008210180623973727,0.9285714285714286,0.027600849256900213,0.026838556405687733,3.029324644549763,forecast then threshold
random_forest,2,262.5,0.023404255319148935,0.0,1.0,0.023404255319148935,0.023404255319148935,2.3801836492890995,forecast then threshold
random_forest,2,265.0,0.010638297872340425,0.0,1.0,0.010638297872340425,0.010638297872340425,1.0819016587677723,forecast then threshold
random_forest,2,267.5,0.00851063829787234,0.0,1.0,0.00851063829787234,0.00851063829787234,0.8655213270142179,forecast then threshold
random_forest,2,270.0,0.006382978723404255,0.0,1.0,0.006382978723404255,0.006382978723404255,0.6491409952606635,forecast then threshold
random_forest,2,272.5,0.00425531914893617,0.0,1.0,0.00425531914893617,0.00425531914893617,0.43276066350710896,forecast then threshold
random_forest,2,275.0,0.002127659574468085,0.0,1.0,0.002127659574468085,0.002127659574468085,0.21638033175355448,forecast then threshold
random_forest,2,277.5,0.002127659574468085,0.0,1.0,0.002127659574468085,0.002127659574468085,0.21638033175355448,forecast then threshold
random_forest,2,280.0,0.002127659574468085,0.0,1.0,0.002127659574468085,0.002127659574468085,0.21638033175355448,forecast then threshold
random_forest,2,282.5,0.002127659574468085,0.0,1.0,0.002127659574468085,0.002127659574468085,0.21638033175355448,forecast then threshold
random_forest,2,285.0,0.002127659574468085,0.0,1.0,0.002127659574468085,0.002127659574468085,0.21638033175355448,forecast then threshold
random_forest,2,287.5,0.002127659574468085,0.0,1.0,0.002127659574468085,0.002127659574468085,0.21638033175355448,forecast then threshold
random_forest,2,290.0,0.002127659574468085,0.0,1.0,0.002127659574468085,0.002127659574468085,0.21638033175355448,forecast then threshold
random_forest,2,292.5,0.0,0.0,,0.0,0.0,0.0,forecast then threshold
random_forest,2,295.0,0.0,0.0,,0.0,0.0,0.0,forecast then threshold
random_forest,2,297.5,0.0,0.0,,0.0,0.0,0.0,forecast then threshold
random_forest,2,300.0,0.0,0.0,,0.0,0.0,0.0,forecast then threshold
random_forest,2,302.5,0.0,0.0,,0.0,0.0,0.0,forecast then threshold
random_forest,2,305.0,0.0,0.0,,0.0,0.0,0.0,forecast then threshold
random_forest,2,307.5,0.0,0.0,,0.0,0.0,0.0,forecast then threshold
random_forest,2,310.0,0.0,0.0,,0.0,0.0,0.0,forecast then threshold
random_forest,2,312.5,0.0,0.0,,0.0,0.0,0.0,forecast then threshold
random_forest,2,315.0,0.0,0.0,,0.0,0.0,0.0,forecast then threshold
random_forest,2,317.5,0.0,0.0,,0.0,0.0,0.0,forecast then threshold
random_forest,2,320.0,0.0,0.0,,0.0,0.0,0.0,forecast then threshold
random_forest,2,322.5,0.0,0.0,,0.0,0.0,0.0,forecast then threshold
random_forest,2,325.0,0.0,0.0,,0.0,0.0,0.0,forecast then threshold
random_forest,2,327.5,0.0,0.0,,0.0,0.0,0.0,forecast then threshold
random_forest,2,330.0,0.0,0.0,,0.0,0.0,0.0,forecast then threshold
random_forest,2,332.5,0.0,0.0,,0.0,0.0,0.0,forecast then threshold
random_forest,2,335.0,0.0,0.0,,0.0,0.0,0.0,forecast then threshold
random_forest,2,337.5,0.0,0.0,,0.0,0.0,0.0,forecast then threshold
random_forest,2,340.0,0.0,0.0,,0.0,0.0,0.0,forecast then threshold
random_forest,2,342.5,0.0,0.0,,0.0,0.0,0.0,forecast then threshold
random_forest,2,345.0,0.0,0.0,,0.0,0.0,0.0,forecast then threshold
random_forest,2,347.5,0.0,0.0,,0.0,0.0,0.0,forecast then threshold
random_forest,2,350.0,0.0,0.0,,0.0,0.0,0.0,forecast then threshold
random_forest,2,352.5,0.0,0.0,,0.0,0.0,0.0,forecast then threshold
random_forest,2,355.0,0.0,0.0,,0.0,0.0,0.0,forecast then threshold
random_forest,2,357.5,0.0,0.0,,0.0,0.0,0.0,forecast then threshold
random_forest,2,360.0,0.0,0.0,,0.0,0.0,0.0,forecast then threshold
random_forest,2,362.5,0.0,0.0,,0.0,0.0,0.0,forecast then threshold
random_forest,2,365.0,0.0,0.0,,0.0,0.0,0.0,forecast then threshold
random_forest,2,367.5,0.0,0.0,,0.0,0.0,0.0,forecast then threshold
random_forest,2,370.0,0.0,0.0,,0.0,0.0,0.0,forecast then threshold
random_forest,2,372.5,0.0,0.0,,0.0,0.0,0.0,forecast then threshold
random_forest,2,375.0,0.0,0.0,,0.0,0.0,0.0,forecast then threshold
random_forest,2,377.5,0.0,0.0,,0.0,0.0,0.0,forecast then threshold
random_forest,2,380.0,0.0,0.0,,0.0,0.0,0.0,forecast then threshold
random_forest,2,382.5,0.0,0.0,,0.0,0.0,0.0,forecast then threshold
random_forest,2,385.0,0.0,0.0,,0.0,0.0,0.0,forecast then threshold
random_forest,2,387.5,0.0,0.0,,0.0,0.0,0.0,forecast then threshold
random_forest,2,390.0,0.0,0.0,,0.0,0.0,0.0,forecast then threshold
random_forest,2,392.5,0.0,0.0,,0.0,0.0,0.0,forecast then threshold
random_forest,2,395.0,0.0,0.0,,0.0,0.0,0.0,forecast then threshold
random_forest,2,397.5,0.0,0.0,,0.0,0.0,0.0,forecast then threshold
random_forest,2,400.0,0.0,0.0,,0.0,0.0,0.0,forecast then threshold
random_forest,3,20.0,1.0,1.0,0.2782352941176471,0.2782352941176471,0.0,365.25,forecast then threshold
random_forest,3,22.5,1.0,0.9975550122249389,0.2787271655863288,0.2787271655863288,0.0024449877750610804,364.6054411764706,forecast then threshold
random_forest,3,25.0,1.0,0.9902200488997555,0.2802132701421801,0.2802132701421801,0.009779951100244544,362.67176470588237,forecast then threshold
random_forest,3,27.5,1.0,0.9372453137734311,0.2914356130622304,0.2914356130622304,0.06275468622656888,348.70632352941175,forecast then threshold
random_forest,3,30.0,1.0,0.8288508557457213,0.3174496644295302,0.3174496644295302,0.17114914425427874,320.13088235294117,forecast then threshold
random_forest,3,32.5,1.0,0.7734311328443357,0.33263009845288327,0.33263009845288327,0.22656886715566427,305.52088235294116,forecast then threshold
random_forest,3,35.0,1.0,0.7147514262428688,0.3503703703703704,0.3503703703703704,0.2852485737571312,290.0514705882353,forecast then threshold
random_forest,3,37.5,1.0,0.6854115729421353,0.3599695585996956,0.3599695585996956,0.3145884270578647,282.31676470588235,forecast then threshold
random_forest,3,40.0,1.0,0.6617766911165445,0.3680933852140078,0.3680933852140078,0.33822330888345553,276.0860294117647,forecast then threshold
random_forest,3,42.5,1.0,0.6308068459657702,0.3793103448275862,0.3793103448275862,0.3691931540342298,267.92161764705884,forecast then threshold
random_forest,3,45.0,1.0,0.6104319478402608,0.38707037643207853,0.38707037643207853,0.3895680521597392,262.55029411764707,forecast then threshold
random_forest,3,47.5,1.0,0.5851670741646292,0.3971452560873216,0.3971452560873216,0.4148329258353708,255.88985294117646,forecast then threshold
random_forest,3,50.0,1.0,0.563162184189079,0.4063573883161512,0.4063573883161512,0.43683781581092096,250.08882352941177,forecast then threshold
random_forest,3,52.5,1.0,0.5297473512632437,0.42119323241317896,0.42119323241317896,0.4702526487367563,241.27985294117647,forecast then threshold
random_forest,3,55.0,1.0,0.5061124694376528,0.4323583180987203,0.4323583180987203,0.49388753056234724,235.04911764705884,forecast then threshold
random_forest,3,57.5,1.0,0.48573757131214346,0.4424695977549111,0.4424695977549111,0.5142624286878565,229.67779411764707,forecast then threshold
random_forest,3,60.0,0.9978858350951374,0.4669926650366748,0.45167464114832534,0.45124282982791586,0.5308931700584626,224.52132352941177,forecast then threshold
random_forest,3,62.5,0.9957716701902748,0.4490627546862266,0.4608610567514677,0.4599609375,0.5467089155040482,219.57970588235295,forecast then threshold
random_forest,3,65.0,0.9936575052854123,0.43276283618581907,0.4695304695304695,0.4681274900398406,0.5608946690995933,215.06779411764705,forecast then threshold
random_forest,3,67.5,0.9894291754756871,0.4083129584352078,0.48297213622291024,0.4804928131416838,0.5811162170404793,208.1925,forecast then threshold
random_forest,3,70.0,0.9894291754756871,0.38060309698451505,0.5005347593582887,0.4978723404255319,0.6088260784911721,200.8875,forecast then threshold
random_forest,3,72.5,0.9873150105708245,0.3561532192339038,0.5165929203539823,0.5131868131868131,0.6311617913369207,194.2270588235294,forecast then threshold
random_forest,3,75.0,0.985200845665962,0.33659331703341483,0.5301478953356087,0.5259593679458239,0.6486075286325472,188.85573529411764,forecast then threshold
random_forest,3,77.5,0.9809725158562368,0.31295843520782396,0.5471698113207547,0.5414235705950992,0.6680140806484128,182.19529411764705,forecast then threshold
random_forest,3,80.0,0.9788583509513742,0.2844335778321108,0.5701970443349754,0.5632603406326034,0.6944247731192634,174.46058823529413,forecast then threshold
random_forest,3,82.5,0.9788583509513742,0.2575387123064385,0.5943517329910141,0.5868187579214195,0.7213196386449356,167.3704411764706,forecast then threshold
random_forest,3,85.0,0.9767441860465116,0.2396088019559902,0.6111111111111112,0.6023468057366362,0.7371353840905214,162.42882352941177,forecast then threshold
random_forest,3,87.5,0.9767441860465116,0.22493887530562348,0.6260162601626016,0.616822429906542,0.7518053107408881,158.5614705882353,forecast then threshold
random_forest,3,90.0,0.9725158562367865,0.20700896495517523,0.6442577030812325,0.6327372764786795,0.7655068912816112,153.405,forecast then threshold
random_forest,3,92.5,0.9682875264270613,0.19396903015484923,0.6580459770114943,0.6441631504922645,0.774318496272212,149.53764705882352,forecast then threshold
random_forest,3,95.0,0.9661733615221987,0.1817440912795436,0.6720588235294118,0.6566091954022989,0.7844292702426551,146.1,forecast then threshold
random_forest,3,97.5,0.9661733615221987,0.17114914425427874,0.6851574212893553,0.6691068814055637,0.7950242172679199,143.3069117647059,forecast then threshold
random_forest,3,100.0,0.9661733615221987,0.16055419722901385,0.6987767584097859,0.682089552238806,0.8056191642931848,140.51382352941175,forecast then threshold
random_forest,3,102.5,0.9619450317124736,0.15077424612876936,0.7109375,0.6914893617021277,0.8111707855837043,137.50588235294117,forecast then threshold
random_forest,3,105.0,0.9577167019027484,0.1401792991035045,0.7248,0.7023255813953488,0.8175374027992439,134.28308823529412,forecast then threshold
random_forest,3,107.5,0.9556025369978859,0.1336593317033415,0.7337662337662337,0.7095761381475667,0.8219432052945443,132.34941176470588,forecast then threshold
random_forest,3,110.0,0.9492600422832981,0.13121434392828035,0.7360655737704918,0.7082018927444795,0.8180456983550177,131.06029411764706,forecast then threshold
random_forest,3,112.5,0.9429175475687104,0.12387938060309699,0.745819397993311,0.7136,0.8190381669656134,128.4820588235294,forecast then threshold
random_forest,3,115.0,0.9365750528541226,0.11898940505297473,0.7521222410865874,0.715670436187399,0.8175856478011478,126.54838235294118,forecast then threshold
random_forest,3,117.5,0.9302325581395349,0.11246943765281174,0.7612456747404844,0.7201309328968903,0.8177631204867232,124.185,forecast then threshold
random_forest,3,120.0,0.9302325581395349,0.11246943765281174,0.7612456747404844,0.7201309328968903,0.8177631204867232,124.185,forecast then threshold
random_forest,3,122.5,0.9281183932346723,0.11083944580277098,0.7634782608695653,0.7208538587848933,0.8172789474319013,123.5404411764706,forecast then threshold
random_forest,3,125.0,0.9175475687103594,0.10513447432762836,0.7708703374777975,0.7209302325581395,0.812413094382731,120.96220588235295,forecast then threshold
random_forest,3,127.5,0.9133192389006343,0.10024449877750612,0.7783783783783784,0.7248322147651006,0.8130747401231282,119.24338235294118,forecast then threshold
random_forest,3,130.0,0.9112050739957717,0.09698451507742462,0.7836363636363637,0.7280405405405406,0.8142205589183471,118.16911764705883,forecast then threshold
random_forest,3,132.5,0.904862579281184,0.09290953545232274,0.7896678966789668,0.7291311754684838,0.8119530438288612,116.45029411764706,forecast then threshold
random_forest,3,135.0,0.8985200845665962,0.08720456397718011,0.7988721804511278,0.7327586206896551,0.811315520589416,114.30176470588235,forecast then threshold
random_forest,3,137.5,0.8816067653276956,0.08149959250203749,0.8065764023210832,0.7277486910994765,0.800107172825658,111.0789705882353,forecast then threshold
random_forest,3,140.0,0.8668076109936576,0.07823960880195599,0.8102766798418972,0.7205623901581723,0.7885680021917015,108.71558823529412,forecast then threshold
random_forest,3,142.5,0.8583509513742071,0.07579462102689487,0.8136272545090181,0.7173144876325088,0.7825563303473123,107.21161764705883,forecast then threshold
random_forest,3,145.0,0.8414376321353065,0.07171964140179299,0.8189300411522634,0.7094474153297683,0.7697179907335135,104.41852941176471,forecast then threshold
random_forest,3,147.5,0.8350951374207188,0.06682966585167074,0.8280922431865828,0.7117117117117117,0.7682654715690481,102.48485294117647,forecast then threshold
random_forest,3,150.0,0.8266384778012685,0.06275468622656886,0.8354700854700855,0.7109090909090909,0.7638837915746997,100.55117647058823,forecast then threshold
random_forest,3,152.5,0.813953488372093,0.059494702526487364,0.8406113537117904,0.7051282051282052,0.7544587858456057,98.40264705882353,forecast then threshold
random_forest,3,155.0,0.8033826638477801,0.05623471882640587,0.8463251670378619,0.7011070110701108,0.7471479450213743,96.4689705882353,forecast then threshold
random_forest,3,157.5,0.8012684989429175,0.05623471882640587,0.8459821428571429,0.6992619926199262,0.7450337801165117,96.25411764705882,forecast then threshold
random_forest,3,160.0,0.7885835095137421,0.05297473512632437,0.8515981735159818,0.6933085501858736,0.7356087743874178,94.10558823529412,forecast then threshold
random_forest,3,162.5,0.7758985200845666,0.05297473512632437,0.8495370370370371,0.6821561338289963,0.7229237849582423,92.81647058823529,forecast then threshold
random_forest,3,165.0,0.7632135306553911,0.04726976365118175,0.8615751789976134,0.67984934086629,0.7159437670042094,90.02338235294117,forecast then threshold
random_forest,3,167.5,0.7378435517970402,0.04319478402607987,0.8681592039800995,0.6634980988593155,0.6946487677709603,86.37088235294118,forecast then threshold
random_forest,3,170.0,0.7124735729386892,0.04156479217603912,0.8685567010309279,0.6431297709923665,0.67090878076265,83.36294117647058,forecast then threshold
random_forest,3,172.5,0.6997885835095138,0.040749796251018745,0.868766404199475,0.6328871892925431,0.6590387872584951,81.8589705882353,forecast then threshold
random_forest,3,175.0,0.6828752642706131,0.039119804400977995,0.8706199460916442,0.6199616122840691,0.6437554598696351,79.71044117647058,forecast then threshold
random_forest,3,177.5,0.6575052854122622,0.037489812550937245,0.8711484593837535,0.5992292870905588,0.620015472861325,76.7025,forecast then threshold
random_forest,3,180.0,0.6405919661733616,0.035859820700896494,0.8731988472622478,0.586073500967118,0.604732145472465,74.55397058823529,forecast then threshold
random_forest,3,182.5,0.6131078224101479,0.03341483292583537,0.8761329305135952,0.5642023346303502,0.5796929894843126,71.11632352941176,forecast then threshold
random_forest,3,185.0,0.5708245243128964,0.030969845150774247,0.8766233766233766,0.5283757338551859,0.5398546791621222,66.17470588235294,forecast then threshold
random_forest,3,187.5,0.5391120507399577,0.03015484922575387,0.8732876712328768,0.5,0.5089572015142039,62.73705882352941,forecast then threshold
random_forest,3,190.0,0.5116279069767442,0.029339853300733496,0.8705035971223022,0.47544204322200395,0.4822880536760107,59.72911764705882,forecast then threshold
random_forest,3,192.5,0.47568710359408034,0.02444987775061125,0.8823529411764706,0.44731610337972166,0.4512372258434691,54.7875,forecast then threshold
random_forest,3,195.0,0.4312896405919662,0.023634881825590873,0.8755364806866953,0.4063745019920319,0.4076547587663753,50.06073529411765,forecast then threshold
random_forest,3,197.5,0.3953488372093023,0.022004889975550123,0.8738317757009346,0.374,0.3733439472337522,45.978529411764704,forecast then threshold
random_forest,3,200.0,0.3657505285412262,0.021189894050529748,0.8693467336683417,0.3466933867735471,0.34456063449069646,42.75573529411765,forecast then threshold
random_forest,3,202.5,0.34249471458773784,0.021189894050529748,0.8617021276595744,0.3246492985971944,0.3213048205372081,40.39235294117647,forecast then threshold
random_forest,3,205.0,0.3150105708245243,0.018744906275468622,0.8662790697674418,0.3004032258064516,0.29626566454905573,36.95470588235294,forecast then threshold
random_forest,3,207.5,0.2917547568710359,0.017114914425427872,0.8679245283018868,0.2793522267206478,0.274639842445608,34.161617647058826,forecast then threshold
random_forest,3,210.0,0.26215644820295986,0.013854930725346373,0.8794326241134752,0.2530612244897959,0.24830151747761348,30.29426470588235,forecast then threshold
random_forest,3,212.5,0.24312896405919662,0.012224938875305624,0.8846153846153846,0.23565573770491804,0.230904025183891,27.930882352941175,forecast then threshold
random_forest,3,215.0,0.23044397463002114,0.010594947025264874,0.8934426229508197,0.2242798353909465,0.21984902760475628,26.21205882352941,forecast then threshold
random_forest,3,217.5,0.20718816067653276,0.008964955175224124,0.8990825688073395,0.2024793388429752,0.19822320550130862,23.418970588235293,forecast then threshold
random_forest,3,220.0,0.19238900634249473,0.008964955175224124,0.8921568627450981,0.18801652892561985,0.18342405116727062,21.915,forecast then threshold
random_forest,3,222.5,0.17124735729386892,0.008964955175224124,0.8804347826086957,0.16735537190082644,0.1622824021186448,19.766470588235293,forecast then threshold
random_forest,3,225.0,0.15010570824524314,0.008149959250203748,0.8765432098765432,0.14699792960662525,0.14195574899503938,17.403088235294117,forecast then threshold
random_forest,3,227.5,0.11627906976744186,0.0057049714751426246,0.8870967741935484,0.11458333333333333,0.11057409829229924,13.320882352941176,forecast then threshold
random_forest,3,230.0,0.09302325581395349,0.0057049714751426246,0.8627450980392157,0.09166666666666666,0.08731828433881086,10.9575,forecast then threshold
random_forest,3,232.5,0.08668076109936575,0.0057049714751426246,0.8541666666666666,0.08541666666666667,0.08097578962422312,10.312941176470588,forecast then threshold
random_forest,3,235.0,0.07188160676532769,0.004889975550122249,0.85,0.0709812108559499,0.06699163121520545,8.594117647058823,forecast then threshold
random_forest,3,237.5,0.05919661733615222,0.0024449877750611247,0.9032258064516129,0.058823529411764705,0.056751629561091095,6.660441176470588,forecast then threshold
random_forest,3,240.0,0.048625792811839326,0.0016299918500407497,0.92,0.04842105263157895,0.046995800961798576,5.3713235294117645,forecast then threshold
random_forest,3,242.5,0.042283298097251586,0.0016299918500407497,0.9090909090909091,0.042105263157894736,0.040653306247210835,4.726764705882353,forecast then threshold
random_forest,3,245.0,0.023255813953488372,0.0008149959250203749,0.9166666666666666,0.023206751054852322,0.022440818028467997,2.578235294117647,forecast then threshold
random_forest,3,247.5,0.014799154334038054,0.0,1.0,0.014799154334038054,0.014799154334038054,1.503970588235294,forecast then threshold
random_forest,3,250.0,0.010570824524312896,0.0,1.0,0.010570824524312896,0.010570824524312896,1.074264705882353,forecast then threshold
random_forest,3,252.5,0.008456659619450317,0.0,1.0,0.008456659619450317,0.008456659619450317,0.8594117647058823,forecast then threshold
random_forest,3,255.0,0.008456659619450317,0.0,1.0,0.008456659619450317,0.008456659619450317,0.8594117647058823,forecast then threshold
random_forest,3,257.5,0.0021141649048625794,0.0,1.0,0.0021141649048625794,0.0021141649048625794,0.21485294117647058,forecast then threshold
random_forest,3,260.0,0.0,0.0,,0.0,0.0,0.0,forecast then threshold
random_forest,3,262.5,0.0,0.0,,0.0,0.0,0.0,forecast then threshold
random_forest,3,265.0,0.0,0.0,,0.0,0.0,0.0,forecast then threshold
random_forest,3,267.5,0.0,0.0,,0.0,0.0,0.0,forecast then threshold
random_forest,3,270.0,0.0,0.0,,0.0,0.0,0.0,forecast then threshold
random_forest,3,272.5,0.0,0.0,,0.0,0.0,0.0,forecast then threshold
random_forest,3,275.0,0.0,0.0,,0.0,0.0,0.0,forecast then threshold
random_forest,3,277.5,0.0,0.0,,0.0,0.0,0.0,forecast then threshold
random_forest,3,280.0,0.0,0.0,,0.0,0.0,0.0,forecast then threshold
random_forest,3,282.5,0.0,0.0,,0.0,0.0,0.0,forecast then threshold
random_forest,3,285.0,0.0,0.0,,0.0,0.0,0.0,forecast then threshold
random_forest,3,287.5,0.0,0.0,,0.0,0.0,0.0,forecast then threshold
random_forest,3,290.0,0.0,0.0,,0.0,0.0,0.0,forecast then threshold
random_forest,3,292.5,0.0,0.0,,0.0,0.0,0.0,forecast then threshold
random_forest,3,295.0,0.0,0.0,,0.0,0.0,0.0,forecast then threshold
random_forest,3,297.5,0.0,0.0,,0.0,0.0,0.0,forecast then threshold
random_forest,3,300.0,0.0,0.0,,0.0,0.0,0.0,forecast then threshold
random_forest,3,302.5,0.0,0.0,,0.0,0.0,0.0,forecast then threshold
random_forest,3,305.0,0.0,0.0,,0.0,0.0,0.0,forecast then threshold
random_forest,3,307.5,0.0,0.0,,0.0,0.0,0.0,forecast then threshold
random_forest,3,310.0,0.0,0.0,,0.0,0.0,0.0,forecast then threshold
random_forest,3,312.5,0.0,0.0,,0.0,0.0,0.0,forecast then threshold
random_forest,3,315.0,0.0,0.0,,0.0,0.0,0.0,forecast then threshold
random_forest,3,317.5,0.0,0.0,,0.0,0.0,0.0,forecast then threshold
random_forest,3,320.0,0.0,0.0,,0.0,0.0,0.0,forecast then threshold
random_forest,3,322.5,0.0,0.0,,0.0,0.0,0.0,forecast then threshold
random_forest,3,325.0,0.0,0.0,,0.0,0.0,0.0,forecast then threshold
random_forest,3,327.5,0.0,0.0,,0.0,0.0,0.0,forecast then threshold
random_forest,3,330.0,0.0,0.0,,0.0,0.0,0.0,forecast then threshold
random_forest,3,332.5,0.0,0.0,,0.0,0.0,0.0,forecast then threshold
random_forest,3,335.0,0.0,0.0,,0.0,0.0,0.0,forecast then threshold
random_forest,3,337.5,0.0,0.0,,0.0,0.0,0.0,forecast then threshold
random_forest,3,340.0,0.0,0.0,,0.0,0.0,0.0,forecast then threshold
random_forest,3,342.5,0.0,0.0,,0.0,0.0,0.0,forecast then threshold
random_forest,3,345.0,0.0,0.0,,0.0,0.0,0.0,forecast then threshold
random_forest,3,347.5,0.0,0.0,,0.0,0.0,0.0,forecast then threshold
random_forest,3,350.0,0.0,0.0,,0.0,0.0,0.0,forecast then threshold
random_forest,3,352.5,0.0,0.0,,0.0,0.0,0.0,forecast then threshold
random_forest,3,355.0,0.0,0.0,,0.0,0.0,0.0,forecast then threshold
random_forest,3,357.5,0.0,0.0,,0.0,0.0,0.0,forecast then threshold
random_forest,3,360.0,0.0,0.0,,0.0,0.0,0.0,forecast then threshold
random_forest,3,362.5,0.0,0.0,,0.0,0.0,0.0,forecast then threshold
random_forest,3,365.0,0.0,0.0,,0.0,0.0,0.0,forecast then threshold
random_forest,3,367.5,0.0,0.0,,0.0,0.0,0.0,forecast then threshold
random_forest,3,370.0,0.0,0.0,,0.0,0.0,0.0,forecast then threshold
random_forest,3,372.5,0.0,0.0,,0.0,0.0,0.0,forecast then threshold
random_forest,3,375.0,0.0,0.0,,0.0,0.0,0.0,forecast then threshold
random_forest,3,377.5,0.0,0.0,,0.0,0.0,0.0,forecast then threshold
random_forest,3,380.0,0.0,0.0,,0.0,0.0,0.0,forecast then threshold
random_forest,3,382.5,0.0,0.0,,0.0,0.0,0.0,forecast then threshold
random_forest,3,385.0,0.0,0.0,,0.0,0.0,0.0,forecast then threshold
random_forest,3,387.5,0.0,0.0,,0.0,0.0,0.0,forecast then threshold
random_forest,3,390.0,0.0,0.0,,0.0,0.0,0.0,forecast then threshold
random_forest,3,392.5,0.0,0.0,,0.0,0.0,0.0,forecast then threshold
random_forest,3,395.0,0.0,0.0,,0.0,0.0,0.0,forecast then threshold
random_forest,3,397.5,0.0,0.0,,0.0,0.0,0.0,forecast then threshold
random_forest,3,400.0,0.0,0.0,,0.0,0.0,0.0,forecast then threshold
random_forest_delta,1,20.0,1.0,0.9635922330097088,0.2872531418312388,0.2872531418312388,0.036407766990291246,355.6717657342657,forecast then threshold
random_forest_delta,1,22.5,1.0,0.9401294498381877,0.292326431181486,0.292326431181486,0.05987055016181231,349.49912587412587,forecast then threshold
random_forest_delta,1,25.0,1.0,0.9061488673139159,0.3,0.3,0.09385113268608414,340.55944055944053,forecast then threshold
random_forest_delta,1,27.5,1.0,0.8624595469255664,0.31047865459249674,0.31047865459249674,0.13754045307443363,329.0655594405594,forecast then threshold
random_forest_delta,1,30.0,1.0,0.8163430420711975,0.32236400268636667,0.32236400268636667,0.18365695792880254,316.93312937062933,forecast then threshold
random_forest_delta,1,32.5,1.0,0.7726537216828478,0.3344947735191638,0.3344947735191638,0.22734627831715215,305.4392482517482,forecast then threshold
random_forest_delta,1,35.0,1.0,0.7338187702265372,0.3460706560922855,0.3460706560922855,0.2661812297734628,295.222465034965,forecast then threshold
random_forest_delta,1,37.5,1.0,0.698220064724919,0.3574087862993299,0.3574087862993299,0.30177993527508096,285.85708041958037,forecast then threshold
random_forest_delta,1,40.0,1.0,0.6585760517799353,0.37094281298299847,0.37094281298299847,0.3414239482200647,275.4274475524475,forecast then threshold
random_forest_delta,1,42.5,1.0,0.6229773462783171,0.384,0.384,0.37702265372168287,266.06206293706293,forecast then threshold
random_forest_delta,1,45.0,1.0,0.5954692556634305,0.39473684210526316,0.39473684210526316,0.40453074433656955,258.8251748251748,forecast then threshold
random_forest_delta,1,47.5,0.9979166666666667,0.5679611650485437,0.4055884843353091,0.40524534686971236,0.429955501618123,251.37543706293704,forecast then threshold
random_forest_delta,1,50.0,0.9979166666666667,0.540453074433657,0.4176111595466434,0.4172473867595819,0.4574635922330097,244.13854895104893,forecast then threshold
random_forest_delta,1,52.5,0.9979166666666667,0.5186084142394822,0.4276785714285714,0.4272970561998216,0.47930825242718444,238.39160839160837,forecast then threshold
random_forest_delta,1,55.0,0.9979166666666667,0.49919093851132684,0.43704379562043794,0.4366453965360073,0.49872572815533983,233.28321678321677,forecast then threshold
random_forest_delta,1,57.5,0.9979166666666667,0.46682847896440127,0.45359848484848486,0.4531693472090823,0.5310881877022654,224.76923076923075,forecast then threshold
random_forest_delta,1,60.0,0.9979166666666667,0.4401294498381877,0.4682306940371456,0.4677734375,0.557787216828479,217.7451923076923,forecast then threshold
random_forest_delta,1,62.5,0.9979166666666667,0.4215210355987055,0.479,0.4785214785214785,0.5763956310679612,212.84965034965035,forecast then threshold
random_forest_delta,1,65.0,0.9979166666666667,0.39724919093851135,0.49381443298969074,0.4933058702368692,0.6006674757281554,206.46416083916083,forecast then threshold
random_forest_delta,1,67.5,0.9979166666666667,0.37459546925566345,0.5084925690021231,0.5079533404029692,0.6233211974110032,200.5043706293706,forecast then threshold
random_forest_delta,1,70.0,0.9958333333333333,0.3559870550161812,0.5206971677559913,0.5195652173913043,0.6398462783171521,195.395979020979,forecast then threshold
random_forest_delta,1,72.5,0.99375,0.3325242718446602,0.5371621621621622,0.5353535353535354,0.6612257281553398,189.0104895104895,forecast then threshold
random_forest_delta,1,75.0,0.99375,0.3050161812297735,0.5585480093676815,0.5565927654609102,0.6887338187702265,181.7736013986014,forecast then threshold
random_forest_delta,1,77.5,0.99375,0.28398058252427183,0.5760869565217391,0.5740072202166066,0.7097694174757282,176.23951048951048,forecast then threshold
random_forest_delta,1,80.0,0.9875,0.2580906148867314,0.5977301387137453,0.5932415519399249,0.7294093851132686,168.78977272727272,forecast then threshold
random_forest_delta,1,82.5,0.9875,0.23462783171521034,0.6204188481675392,0.6155844155844156,0.7528721682847896,162.61713286713285,forecast then threshold
random_forest_delta,1,85.0,0.9875,0.21440129449838188,0.6414073071718539,0.636241610738255,0.7730987055016182,157.2958916083916,forecast then threshold
random_forest_delta,1,87.5,0.9854166666666667,0.19983818770226539,0.6569444444444444,0.6506189821182944,0.7855784789644014,153.25174825174824,forecast then threshold
random_forest_delta,1,90.0,0.98125,0.18284789644012944,0.6757532281205165,0.6671388101983002,0.7984021035598705,148.3562062937063,forecast then threshold
random_forest_delta,1,92.5,0.9791666666666666,0.17233009708737865,0.6881405563689604,0.6782106782106783,0.806836569579288,145.37631118881117,forecast then threshold
random_forest_delta,1,95.0,0.9791666666666666,0.16262135922330098,0.7004470938897168,0.6901615271659325,0.8165453074433656,142.8221153846154,forecast then threshold
random_forest_delta,1,97.5,0.9770833333333333,0.14724919093851133,0.7204301075268817,0.7084592145015106,0.829834142394822,138.56512237762237,forecast then threshold
random_forest_delta,1,100.0,0.9770833333333333,0.13592233009708737,0.7362637362637363,0.7237654320987654,0.841161003236246,135.58522727272725,forecast then threshold
random_forest_delta,1,102.5,0.9770833333333333,0.12135922330097088,0.7576736672051696,0.7444444444444445,0.8557241100323625,131.75393356643355,forecast then threshold
random_forest_delta,1,105.0,0.9708333333333333,0.1156957928802589,0.7651888341543513,0.7479935794542536,0.8551375404530744,129.62543706293707,forecast then threshold
random_forest_delta,1,107.5,0.9666666666666667,0.10922330097087378,0.7746243739565943,0.7544715447154472,0.8574433656957929,127.49694055944055,forecast then threshold
random_forest_delta,1,110.0,0.9625,0.1011326860841424,0.787052810902896,0.7636363636363637,0.8613673139158576,124.94274475524475,forecast then threshold
random_forest_delta,1,112.5,0.95625,0.0970873786407767,0.7927461139896373,0.765,0.8591626213592234,123.23994755244755,forecast then threshold
random_forest_delta,1,115.0,0.95,0.08576051779935275,0.8113879003558719,0.7781569965870307,0.8642394822006472,119.6215034965035,forecast then threshold
random_forest_delta,1,117.5,0.9458333333333333,0.07928802588996764,0.822463768115942,0.7854671280276817,0.8665453074433657,117.49300699300699,forecast then threshold
random_forest_delta,1,120.0,0.9375,0.07605177993527508,0.8272058823529411,0.7839721254355401,0.8614482200647249,115.79020979020979,forecast then threshold
random_forest_delta,1,122.5,0.9333333333333333,0.06796116504854369,0.8421052631578947,0.7943262411347518,0.8653721682847897,113.23601398601397,forecast then threshold
random_forest_delta,1,125.0,0.9291666666666667,0.063915857605178,0.8495238095238096,0.7978533094812165,0.8652508090614887,111.74606643356643,forecast then threshold
random_forest_delta,1,127.5,0.9125,0.05744336569579288,0.8605108055009824,0.79491833030853,0.8550566343042071,108.34047202797203,forecast then threshold
random_forest_delta,1,130.0,0.8979166666666667,0.05663430420711974,0.8602794411177644,0.7836363636363637,0.8412823624595469,106.63767482517481,forecast then threshold
random_forest_delta,1,132.5,0.8916666666666667,0.05177993527508091,0.8699186991869918,0.7867647058823529,0.8398867313915858,104.72202797202796,forecast then threshold
random_forest_delta,1,135.0,0.8854166666666666,0.04611650485436893,0.8817427385892116,0.7914338919925512,0.8393001618122977,102.59353146853147,forecast then threshold
random_forest_delta,1,137.5,0.875,0.043689320388349516,0.8860759493670886,0.7865168539325843,0.8313106796116505,100.89073426573425,forecast then threshold
random_forest_delta,1,140.0,0.8625,0.040453074433656956,0.8922413793103449,0.7811320754716982,0.8220469255663431,98.76223776223776,forecast then threshold
random_forest_delta,1,142.5,0.85,0.03640776699029126,0.9006622516556292,0.7771428571428571,0.8135922330097087,96.4208916083916,forecast then threshold
random_forest_delta,1,145.0,0.8416666666666667,0.03317152103559871,0.9078651685393259,0.7754318618042226,0.808495145631068,94.7180944055944,forecast then threshold
random_forest_delta,1,147.5,0.8270833333333333,0.02831715210355987,0.9189814814814815,0.7708737864077669,0.7987661812297734,91.95104895104895,forecast then threshold
random_forest_delta,1,150.0,0.80625,0.024271844660194174,0.9280575539568345,0.7588235294117647,0.7819781553398059,88.75830419580419,forecast then threshold
random_forest_delta,1,152.5,0.7958333333333333,0.024271844660194174,0.9271844660194175,0.7490196078431373,0.7715614886731391,87.69405594405593,forecast then threshold
random_forest_delta,1,155.0,0.7854166666666667,0.023462783171521034,0.9285714285714286,0.7406679764243614,0.7619538834951456,86.41695804195804,forecast then threshold
random_forest_delta,1,157.5,0.7729166666666667,0.023462783171521034,0.9275,0.7288801571709234,0.7494538834951456,85.13986013986013,forecast then threshold
random_forest_delta,1,160.0,0.76875,0.022653721682847898,0.929471032745592,0.7263779527559056,0.7460962783171522,84.50131118881119,forecast then threshold
random_forest_delta,1,162.5,0.75625,0.019417475728155338,0.937984496124031,0.7202380952380952,0.7368325242718446,82.37281468531468,forecast then threshold
random_forest_delta,1,165.0,0.7270833333333333,0.01779935275080906,0.9407008086253369,0.6952191235059761,0.7092839805825243,78.96722027972028,forecast then threshold
random_forest_delta,1,167.5,0.7208333333333333,0.01699029126213592,0.9427792915531336,0.6906187624750499,0.7038430420711974,78.11582167832167,forecast then threshold
random_forest_delta,1,170.0,0.70625,0.014563106796116505,0.9495798319327731,0.6807228915662651,0.6916868932038835,75.98732517482517,forecast then threshold
random_forest_delta,1,172.5,0.6875,0.014563106796116505,0.9482758620689655,0.6626506024096386,0.6729368932038835,74.07167832167832,forecast then threshold
random_forest_delta,1,175.0,0.65625,0.012135922330097087,0.9545454545454546,0.6363636363636364,0.6441140776699029,70.24038461538461,forecast then threshold
random_forest_delta,1,177.5,0.6354166666666666,0.009708737864077669,0.9621451104100947,0.6199186991869918,0.625707928802589,67.47333916083916,forecast then threshold
random_forest_delta,1,180.0,0.6125,0.008090614886731391,0.9671052631578947,0.6,0.6044093851132687,64.7062937062937,forecast then threshold
random_forest_delta,1,182.5,0.59375,0.007281553398058253,0.9693877551020408,0.5828220858895705,0.5864684466019418,62.5777972027972,forecast then threshold
random_forest_delta,1,185.0,0.5708333333333333,0.0056634304207119745,0.9750889679715302,0.5626283367556468,0.5651699029126214,59.81075174825175,forecast then threshold
random_forest_delta,1,187.5,0.54375,0.0056634304207119745,0.9738805970149254,0.5359342915811088,0.538086569579288,57.043706293706286,forecast then threshold
random_forest_delta,1,190.0,0.5229166666666667,0.0056634304207119745,0.9728682170542635,0.5154004106776181,0.5172532362459548,54.915209790209786,forecast then threshold
random_forest_delta,1,192.5,0.50625,0.0056634304207119745,0.972,0.4989733059548255,0.500586569579288,53.21241258741259,forecast then threshold
random_forest_delta,1,195.0,0.48125,0.0056634304207119745,0.9705882352941176,0.47433264887063653,0.475586569579288,50.65821678321678,forecast then threshold
random_forest_delta,1,197.5,0.46875,0.0040453074433656954,0.9782608695652174,0.4639175257731959,0.4647046925566343,48.95541958041958,forecast then threshold
random_forest_delta,1,200.0,0.45208333333333334,0.0040453074433656954,0.9774774774774775,0.44742268041237115,0.44803802588996766,47.25262237762237,forecast then threshold
random_forest_delta,1,202.5,0.4354166666666667,0.0040453074433656954,0.9766355140186916,0.4309278350515464,0.431371359223301,45.54982517482517,forecast then threshold
random_forest_delta,1,205.0,0.425,0.0040453074433656954,0.9760765550239234,0.42061855670103093,0.4209546925566343,44.48557692307692,forecast then threshold
random_forest_delta,1,207.5,0.39375,0.0040453074433656954,0.9742268041237113,0.38969072164948454,0.3897046925566343,41.29283216783217,forecast then threshold
random_forest_delta,1,210.0,0.37083333333333335,0.0040453074433656954,0.9726775956284153,0.3670103092783505,0.3667880258899677,38.95148601398601,forecast then threshold
random_forest_delta,1,212.5,0.3458333333333333,0.0040453074433656954,0.9707602339181286,0.3422680412371134,0.34178802588996765,36.39729020979021,forecast then threshold
random_forest_delta,1,215.0,0.32916666666666666,0.0040453074433656954,0.9693251533742331,0.32577319587628867,0.325121359223301,34.69449300699301,forecast then threshold
random_forest_delta,1,217.5,0.3145833333333333,0.0040453074433656954,0.967948717948718,0.311340206185567,0.31053802588996765,33.20454545454545,forecast then threshold
random_forest_delta,1,220.0,0.3,0.0040453074433656954,0.9664429530201343,0.29690721649484536,0.2959546925566343,31.7145979020979,forecast then threshold
random_forest_delta,1,222.5,0.28541666666666665,0.0040453074433656954,0.9647887323943662,0.2824742268041237,0.281371359223301,30.224650349650346,forecast then threshold
random_forest_delta,1,225.0,0.26666666666666666,0.0040453074433656954,0.9624060150375939,0.2639175257731959,0.262621359223301,28.309003496503493,forecast then threshold
random_forest_delta,1,227.5,0.24791666666666667,0.0040453074433656954,0.9596774193548387,0.24536082474226803,0.24387135922330097,26.39335664335664,forecast then threshold
random_forest_delta,1,230.0,0.23958333333333334,0.0040453074433656954,0.9583333333333334,0.23711340206185566,0.23553802588996764,25.54195804195804,forecast then threshold
random_forest_delta,1,232.5,0.22083333333333333,0.003236245954692557,0.9636363636363636,0.2190082644628099,0.21759708737864078,23.413461538461537,forecast then threshold
random_forest_delta,1,235.0,0.21666666666666667,0.0024271844660194173,0.9719626168224299,0.2153209109730849,0.21423948220064726,22.774912587412587,forecast then threshold
random_forest_delta,1,237.5,0.20208333333333334,0.0016181229773462784,0.9797979797979798,0.2012448132780083,0.20046521035598705,21.072115384615383,forecast then threshold
random_forest_delta,1,240.0,0.18333333333333332,0.0016181229773462784,0.9777777777777777,0.1825726141078838,0.18171521035598703,19.15646853146853,forecast then threshold
random_forest_delta,1,242.5,0.1625,0.0016181229773462784,0.975,0.16182572614107885,0.16088187702265372,17.027972027972027,forecast then threshold
random_forest_delta,1,245.0,0.15416666666666667,0.0016181229773462784,0.9736842105263158,0.15352697095435686,0.1525485436893204,16.176573426573427,forecast then threshold
random_forest_delta,1,247.5,0.14583333333333334,0.0016181229773462784,0.9722222222222222,0.14522821576763487,0.14421521035598706,15.325174825174823,forecast then threshold
random_forest_delta,1,250.0,0.13541666666666666,0.0008090614886731392,0.9848484848484849,0.13513513513513514,0.13460760517799353,14.048076923076922,forecast then threshold
random_forest_delta,1,252.5,0.12083333333333333,0.0008090614886731392,0.9830508474576272,0.12058212058212059,0.12002427184466019,12.55812937062937,forecast then threshold
random_forest_delta,1,255.0,0.10625,0.0008090614886731392,0.9807692307692307,0.10602910602910603,0.10544093851132685,11.068181818181817,forecast then threshold
random_forest_delta,1,257.5,0.1,0.0008090614886731392,0.9795918367346939,0.0997920997920998,0.09919093851132686,10.429632867132867,forecast then threshold
random_forest_delta,1,260.0,0.09583333333333334,0.0008090614886731392,0.9787234042553191,0.09563409563409564,0.0950242718446602,10.003933566433565,forecast then threshold
random_forest_delta,1,262.5,0.0875,0.0008090614886731392,0.9767441860465116,0.08731808731808732,0.08669093851132685,9.152534965034965,forecast then threshold
random_forest_delta,1,265.0,0.07916666666666666,0.0008090614886731392,0.9743589743589743,0.079002079002079,0.07835760517799352,8.301136363636363,forecast then threshold
random_forest_delta,1,267.5,0.07708333333333334,0.0,1.0,0.07708333333333334,0.07708333333333334,7.8754370629370625,forecast then threshold
random_forest_delta,1,270.0,0.075,0.0,1.0,0.075,0.075,7.662587412587412,forecast then threshold
random_forest_delta,1,272.5,0.07083333333333333,0.0,1.0,0.07083333333333333,0.07083333333333333,7.236888111888112,forecast then threshold
random_forest_delta,1,275.0,0.07083333333333333,0.0,1.0,0.07083333333333333,0.07083333333333333,7.236888111888112,forecast then threshold
random_forest_delta,1,277.5,0.0625,0.0,1.0,0.0625,0.0625,6.38548951048951,forecast then threshold
random_forest_delta,1,280.0,0.06041666666666667,0.0,1.0,0.06041666666666667,0.06041666666666667,6.17263986013986,forecast then threshold
random_forest_delta,1,282.5,0.052083333333333336,0.0,1.0,0.052083333333333336,0.052083333333333336,5.321241258741258,forecast then threshold
random_forest_delta,1,285.0,0.052083333333333336,0.0,1.0,0.052083333333333336,0.052083333333333336,5.321241258741258,forecast then threshold
random_forest_delta,1,287.5,0.04375,0.0,1.0,0.04375,0.04375,4.469842657342657,forecast then threshold
random_forest_delta,1,290.0,0.04375,0.0,1.0,0.04375,0.04375,4.469842657342657,forecast then threshold
random_forest_delta,1,292.5,0.04375,0.0,1.0,0.04375,0.04375,4.469842657342657,forecast then threshold
random_forest_delta,1,295.0,0.041666666666666664,0.0,1.0,0.041666666666666664,0.041666666666666664,4.256993006993007,forecast then threshold
random_forest_delta,1,297.5,0.03958333333333333,0.0,1.0,0.03958333333333333,0.03958333333333333,4.044143356643357,forecast then threshold
random_forest_delta,1,300.0,0.035416666666666666,0.0,1.0,0.035416666666666666,0.035416666666666666,3.618444055944056,forecast then threshold
random_forest_delta,1,302.5,0.035416666666666666,0.0,1.0,0.035416666666666666,0.035416666666666666,3.618444055944056,forecast then threshold
random_forest_delta,1,305.0,0.035416666666666666,0.0,1.0,0.035416666666666666,0.035416666666666666,3.618444055944056,forecast then threshold
random_forest_delta,1,307.5,0.03125,0.0,1.0,0.03125,0.03125,3.192744755244755,forecast then threshold
random_forest_delta,1,310.0,0.025,0.0,1.0,0.025,0.025,2.554195804195804,forecast then threshold
random_forest_delta,1,312.5,0.020833333333333332,0.0,1.0,0.020833333333333332,0.020833333333333332,2.1284965034965033,forecast then threshold
random_forest_delta,1,315.0,0.020833333333333332,0.0,1.0,0.020833333333333332,0.020833333333333332,2.1284965034965033,forecast then threshold
random_forest_delta,1,317.5,0.020833333333333332,0.0,1.0,0.020833333333333332,0.020833333333333332,2.1284965034965033,forecast then threshold
random_forest_delta,1,320.0,0.020833333333333332,0.0,1.0,0.020833333333333332,0.020833333333333332,2.1284965034965033,forecast then threshold
random_forest_delta,1,322.5,0.020833333333333332,0.0,1.0,0.020833333333333332,0.020833333333333332,2.1284965034965033,forecast then threshold
random_forest_delta,1,325.0,0.020833333333333332,0.0,1.0,0.020833333333333332,0.020833333333333332,2.1284965034965033,forecast then threshold
random_forest_delta,1,327.5,0.01875,0.0,1.0,0.01875,0.01875,1.915646853146853,forecast then threshold
random_forest_delta,1,330.0,0.01875,0.0,1.0,0.01875,0.01875,1.915646853146853,forecast then threshold
random_forest_delta,1,332.5,0.01875,0.0,1.0,0.01875,0.01875,1.915646853146853,forecast then threshold
random_forest_delta,1,335.0,0.01875,0.0,1.0,0.01875,0.01875,1.915646853146853,forecast then threshold
random_forest_delta,1,337.5,0.01875,0.0,1.0,0.01875,0.01875,1.915646853146853,forecast then threshold
random_forest_delta,1,340.0,0.01875,0.0,1.0,0.01875,0.01875,1.915646853146853,forecast then threshold
random_forest_delta,1,342.5,0.01875,0.0,1.0,0.01875,0.01875,1.915646853146853,forecast then threshold
random_forest_delta,1,345.0,0.01875,0.0,1.0,0.01875,0.01875,1.915646853146853,forecast then threshold
random_forest_delta,1,347.5,0.01875,0.0,1.0,0.01875,0.01875,1.915646853146853,forecast then threshold
random_forest_delta,1,350.0,0.016666666666666666,0.0,1.0,0.016666666666666666,0.016666666666666666,1.7027972027972027,forecast then threshold
random_forest_delta,1,352.5,0.0125,0.0,1.0,0.0125,0.0125,1.277097902097902,forecast then threshold
random_forest_delta,1,355.0,0.0125,0.0,1.0,0.0125,0.0125,1.277097902097902,forecast then threshold
random_forest_delta,1,357.5,0.0125,0.0,1.0,0.0125,0.0125,1.277097902097902,forecast then threshold
random_forest_delta,1,360.0,0.010416666666666666,0.0,1.0,0.010416666666666666,0.010416666666666666,1.0642482517482517,forecast then threshold
random_forest_delta,1,362.5,0.010416666666666666,0.0,1.0,0.010416666666666666,0.010416666666666666,1.0642482517482517,forecast then threshold
random_forest_delta,1,365.0,0.010416666666666666,0.0,1.0,0.010416666666666666,0.010416666666666666,1.0642482517482517,forecast then threshold
random_forest_delta,1,367.5,0.008333333333333333,0.0,1.0,0.008333333333333333,0.008333333333333333,0.8513986013986014,forecast then threshold
random_forest_delta,1,370.0,0.008333333333333333,0.0,1.0,0.008333333333333333,0.008333333333333333,0.8513986013986014,forecast then threshold
random_forest_delta,1,372.5,0.008333333333333333,0.0,1.0,0.008333333333333333,0.008333333333333333,0.8513986013986014,forecast then threshold
random_forest_delta,1,375.0,0.008333333333333333,0.0,1.0,0.008333333333333333,0.008333333333333333,0.8513986013986014,forecast then threshold
random_forest_delta,1,377.5,0.00625,0.0,1.0,0.00625,0.00625,0.638548951048951,forecast then threshold
random_forest_delta,1,380.0,0.00625,0.0,1.0,0.00625,0.00625,0.638548951048951,forecast then threshold
random_forest_delta,1,382.5,0.00625,0.0,1.0,0.00625,0.00625,0.638548951048951,forecast then threshold
random_forest_delta,1,385.0,0.00625,0.0,1.0,0.00625,0.00625,0.638548951048951,forecast then threshold
random_forest_delta,1,387.5,0.004166666666666667,0.0,1.0,0.004166666666666667,0.004166666666666667,0.4256993006993007,forecast then threshold
random_forest_delta,1,390.0,0.004166666666666667,0.0,1.0,0.004166666666666667,0.004166666666666667,0.4256993006993007,forecast then threshold
random_forest_delta,1,392.5,0.0020833333333333333,0.0,1.0,0.0020833333333333333,0.0020833333333333333,0.21284965034965034,forecast then threshold
random_forest_delta,1,395.0,0.0020833333333333333,0.0,1.0,0.0020833333333333333,0.0020833333333333333,0.21284965034965034,forecast then threshold
random_forest_delta,1,397.5,0.0020833333333333333,0.0,1.0,0.0020833333333333333,0.0020833333333333333,0.21284965034965034,forecast then threshold
random_forest_delta,1,400.0,0.0020833333333333333,0.0,1.0,0.0020833333333333333,0.0020833333333333333,0.21284965034965034,forecast then threshold
random_forest_delta,2,20.0,1.0,0.9885057471264368,0.2807646356033453,0.2807646356033453,0.011494252873563204,362.2206753554502,forecast then threshold
random_forest_delta,2,22.5,1.0,0.9655172413793104,0.28554070473876064,0.28554070473876064,0.03448275862068961,356.1620260663507,forecast then threshold
random_forest_delta,2,25.0,1.0,0.9285714285714286,0.29356652092442226,0.29356652092442226,0.0714285714285714,346.42491113744074,forecast then threshold
random_forest_delta,2,27.5,1.0,0.8784893267651889,0.3051948051948052,0.3051948051948052,0.12151067323481113,333.2257109004739,forecast then threshold
random_forest_delta,2,30.0,1.0,0.8308702791461412,0.31713900134952766,0.31713900134952766,0.1691297208538588,320.6756516587677,forecast then threshold
random_forest_delta,2,32.5,1.0,0.784072249589491,0.3298245614035088,0.3298245614035088,0.21592775041050905,308.3419727488151,forecast then threshold
random_forest_delta,2,35.0,1.0,0.735632183908046,0.3440702781844802,0.3440702781844802,0.26436781609195403,295.5755331753554,forecast then threshold
random_forest_delta,2,37.5,1.0,0.6970443349753694,0.35633055344958303,0.35633055344958303,0.30295566502463056,285.4056575829384,forecast then threshold
random_forest_delta,2,40.0,1.0,0.6600985221674877,0.36891679748822603,0.36891679748822603,0.33990147783251234,275.6685426540284,forecast then threshold
random_forest_delta,2,42.5,1.0,0.6297208538587848,0.3799514955537591,0.3799514955537591,0.37027914614121515,267.6624703791469,forecast then threshold
random_forest_delta,2,45.0,1.0,0.6050903119868637,0.38939519469759737,0.38939519469759737,0.3949096880131363,261.17106042654024,forecast then threshold
random_forest_delta,2,47.5,1.0,0.5804597701149425,0.39932030586236195,0.39932030586236195,0.41954022988505746,254.67965047393363,forecast then threshold
random_forest_delta,2,50.0,1.0,0.5541871921182266,0.4104803493449782,0.4104803493449782,0.44581280788177335,247.7554798578199,forecast then threshold
random_forest_delta,2,52.5,1.0,0.5410509031198686,0.4162976085031001,0.4162976085031001,0.4589490968801314,244.293394549763,forecast then threshold
random_forest_delta,2,55.0,1.0,0.513136288998358,0.4292237442922374,0.4292237442922374,0.48686371100164205,236.93646327014216,forecast then threshold
random_forest_delta,2,57.5,0.997872340425532,0.49589490968801314,0.43709226467847156,0.4366852886405959,0.5019774307375189,232.17609597156397,forecast then threshold
random_forest_delta,2,60.0,0.997872340425532,0.4638752052545156,0.45357833655706,0.45314009661835747,0.5339971351710164,223.73726303317534,forecast then threshold
random_forest_delta,2,62.5,0.997872340425532,0.4367816091954023,0.46853146853146854,0.468063872255489,0.5610907312301296,216.59671208530804,forecast then threshold
random_forest_delta,2,65.0,0.9957446808510638,0.41050903119868637,0.4834710743801653,0.4824742268041237,0.5852356496523774,209.45616113744074,forecast then threshold
random_forest_delta,2,67.5,0.9936170212765958,0.3825944170771757,0.5005359056806002,0.49893162393162394,0.6110226041994201,201.88284952606634,forecast then threshold
random_forest_delta,2,70.0,0.9936170212765958,0.3620689655172414,0.51431718061674,0.5126234906695939,0.6315480557593545,196.47334123222748,forecast then threshold
random_forest_delta,2,72.5,0.9936170212765958,0.33169129720853857,0.5361653272101033,0.534324942791762,0.6619257240680572,188.46726895734596,forecast then threshold
random_forest_delta,2,75.0,0.9914893617021276,0.312807881773399,0.5501770956316411,0.5475910693301997,0.6786814799287286,183.27414099526064,forecast then threshold
random_forest_delta,2,77.5,0.9893617021276596,0.2889983579638752,0.5691554467564259,0.5656934306569343,0.7003633441637844,176.782731042654,forecast then threshold
random_forest_delta,2,80.0,0.9872340425531915,0.2676518883415435,0.5873417721518988,0.5829145728643216,0.719582154211648,170.94046208530804,forecast then threshold
random_forest_delta,2,82.5,0.9851063829787234,0.24630541871921183,0.6068152031454783,0.6012987012987013,0.7388009642595116,165.09819312796208,forecast then threshold
random_forest_delta,2,85.0,0.9808510638297873,0.2257799671592775,0.626358695652174,0.6187919463087248,0.7550710966705098,159.2559241706161,forecast then threshold
random_forest_delta,2,87.5,0.9787234042553191,0.2110016420361248,0.6415620641562064,0.6327372764786795,0.7677217622191943,155.14469786729856,forecast then threshold
random_forest_delta,2,90.0,0.9787234042553191,0.18472906403940886,0.6715328467153284,0.6618705035971223,0.7939943402159102,148.22052725118482,forecast then threshold
random_forest_delta,2,92.5,0.9765957446808511,0.16912972085385877,0.6902255639097744,0.6789940828402367,0.8074660238269923,143.89292061611374,forecast then threshold
random_forest_delta,2,95.0,0.9765957446808511,0.1568144499178982,0.7061538461538461,0.6944024205748865,0.8197812947629529,140.6472156398104,forecast then threshold
random_forest_delta,2,97.5,0.9744680851063829,0.1469622331691297,0.7189952904238619,0.7057010785824345,0.8275058519372532,137.8342713270142,forecast then threshold
random_forest_delta,2,100.0,0.9659574468085106,0.14285714285714285,0.7229299363057324,0.7049689440993789,0.8231003039513678,135.88684834123222,forecast then threshold
random_forest_delta,2,102.5,0.9638297872340426,0.13382594417077176,0.7353896103896104,0.7156398104265402,0.8300038430632708,133.29028436018956,forecast then threshold
random_forest_delta,2,105.0,0.9574468085106383,0.12889983579638753,0.7413509060955519,0.7177033492822966,0.8285469727142508,131.34286137440756,forecast then threshold
random_forest_delta,2,107.5,0.9553191489361702,0.12397372742200329,0.7483333333333333,0.7230273752012882,0.8313454215141669,129.8281990521327,forecast then threshold
random_forest_delta,2,110.0,0.948936170212766,0.1206896551724138,0.7521079258010118,0.7228525121555915,0.8282465150403522,128.31353672985782,forecast then threshold
random_forest_delta,2,112.5,0.9425531914893617,0.11658456486042693,0.7572649572649572,0.7238562091503268,0.8259686266289348,126.58249407582937,forecast then threshold
random_forest_delta,2,115.0,0.9404255319148936,0.10837438423645321,0.7700348432055749,0.7342192691029901,0.8320511476784405,124.20231042654028,forecast then threshold
random_forest_delta,2,117.5,0.9404255319148936,0.10344827586206896,0.778169014084507,0.7416107382550335,0.8369772560528247,122.90402843601895,forecast then threshold
random_forest_delta,2,120.0,0.9404255319148936,0.0993431855500821,0.7850799289520426,0.7478849407783418,0.8410823463648115,121.82212677725117,forecast then threshold
random_forest_delta,2,122.5,0.9361702127659575,0.09688013136288999,0.7885304659498208,0.7482993197278912,0.8392900814030675,120.74022511848341,forecast then threshold
random_forest_delta,2,125.0,0.9276595744680851,0.09441707717569786,0.7912885662431942,0.7452991452991453,0.8332424972923873,119.22556279620852,forecast then threshold
random_forest_delta,2,127.5,0.9212765957446809,0.09277504105090312,0.793040293040293,0.7427101200686106,0.8285015546937777,118.14366113744074,forecast then threshold
random_forest_delta,2,130.0,0.9127659574468086,0.08949096880131363,0.7973977695167286,0.7409326424870466,0.8232749886454949,116.41261848341232,forecast then threshold
random_forest_delta,2,132.5,0.9085106382978724,0.08784893267651889,0.799625468164794,0.7400346620450606,0.8206617056213534,115.5470971563981,forecast then threshold
random_forest_delta,2,135.0,0.9063829787234042,0.08292282430213464,0.8083491461100569,0.7460595446584939,0.8234601544212696,114.03243483412321,forecast then threshold
random_forest_delta,2,137.5,0.8978723404255319,0.08045977011494253,0.8115384615384615,0.7429577464788732,0.8174125703105893,112.51777251184834,forecast then threshold
random_forest_delta,2,140.0,0.8978723404255319,0.07635467980295567,0.8194174757281554,0.7495559502664298,0.8215176606225763,111.43587085308056,forecast then threshold
random_forest_delta,2,142.5,0.8893617021276595,0.07307060755336617,0.8244575936883629,0.7477638640429338,0.8162910945742934,109.70482819905212,forecast then threshold
random_forest_delta,2,145.0,0.8851063829787233,0.06896551724137931,0.832,0.7509025270758123,0.816140865737344,108.19016587677724,forecast then threshold
random_forest_delta,2,147.5,0.8765957446808511,0.06403940886699508,0.8408163265306122,0.7518248175182481,0.812556335813856,106.02636255924169,forecast then threshold
random_forest_delta,2,150.0,0.8702127659574468,0.060755336617405585,0.8467908902691511,0.7518382352941176,0.8094574293400412,104.51170023696682,forecast then threshold
random_forest_delta,2,152.5,0.851063829787234,0.05665024630541872,0.8528784648187633,0.7421150278293135,0.7944135834818153,101.48237559241706,forecast then threshold
random_forest_delta,2,155.0,0.8382978723404255,0.054187192118226604,0.8565217391304348,0.7350746268656716,0.7841106802221989,99.53495260663506,forecast then threshold
random_forest_delta,2,157.5,0.823404255319149,0.05172413793103448,0.86,0.726078799249531,0.7716801173881145,97.37114928909952,forecast then threshold
random_forest_delta,2,160.0,0.8148936170212766,0.048440065681444995,0.8665158371040724,0.724007561436673,0.7664535513398316,95.64010663507108,forecast then threshold
random_forest_delta,2,162.5,0.7936170212765957,0.0451559934318555,0.8714953271028038,0.7104761904761905,0.7484610278447402,92.61078199052132,forecast then threshold
random_forest_delta,2,165.0,0.776595744680851,0.04351395730706076,0.8732057416267942,0.6978967495219885,0.7330817873737903,90.44697867298578,forecast then threshold
random_forest_delta,2,167.5,0.7638297872340426,0.040229885057471264,0.8799019607843137,0.6917148362235067,0.7235999021765713,88.28317535545023,forecast then threshold
random_forest_delta,2,170.0,0.7446808510638298,0.040229885057471264,0.8771929824561403,0.674373795761079,0.7044509660063585,86.33575236966824,forecast then threshold
random_forest_delta,2,172.5,0.7170212765957447,0.03940886699507389,0.8753246753246753,0.6505791505791506,0.6776124096006708,83.30642772511848,forecast then threshold
random_forest_delta,2,175.0,0.6936170212765957,0.03694581280788178,0.8787061994609164,0.6330097087378641,0.656671208468714,80.27710308056871,forecast then threshold
random_forest_delta,2,177.5,0.6659574468085107,0.0361247947454844,0.876750700280112,0.6089494163424124,0.6298326520630263,77.24777843601895,forecast then threshold
random_forest_delta,2,180.0,0.6446808510638298,0.034482758620689655,0.8782608695652174,0.591796875,0.6101980924431402,74.6512144549763,forecast then threshold
random_forest_delta,2,182.5,0.6148936170212767,0.029556650246305417,0.8892307692307693,0.5711462450592886,0.5853369667749713,70.3236078199052,forecast then threshold
random_forest_delta,2,185.0,0.5914893617021276,0.027093596059113302,0.8938906752411575,0.5526838966202783,0.5643957656430143,67.29428317535545,forecast then threshold
random_forest_delta,2,187.5,0.5617021276595745,0.026272577996715927,0.8918918918918919,0.5258964143426295,0.5354295496628586,64.04857819905213,forecast then threshold
random_forest_delta,2,190.0,0.5446808510638298,0.022167487684729065,0.9045936395759717,0.5150905432595574,0.5225133633791007,61.23563388625592,forecast then threshold
random_forest_delta,2,192.5,0.5212765957446809,0.020525451559934318,0.9074074074074074,0.494949494949495,0.5007511441847465,58.422689573459714,forecast then threshold
random_forest_delta,2,195.0,0.4957446808510638,0.019704433497536946,0.9066147859922179,0.4716599190283401,0.4760402473535269,55.6097452606635,forecast then threshold
random_forest_delta,2,197.5,0.46808510638297873,0.017241379310344827,0.9128630705394191,0.4480651731160896,0.4508437270726339,52.14765995260663,forecast then threshold
random_forest_delta,2,200.0,0.44042553191489364,0.016420361247947456,0.9118942731277533,0.42244897959183675,0.4240051706669462,49.11833530805687,forecast then threshold
random_forest_delta,2,202.5,0.4148936170212766,0.015599343185550082,0.9112149532710281,0.3987730061349693,0.3992942738357265,46.30539099526066,forecast then threshold
random_forest_delta,2,205.0,0.3851063829787234,0.014778325123152709,0.9095477386934674,0.3709016393442623,0.3703280578555707,43.05968601895734,forecast then threshold
random_forest_delta,2,207.5,0.3446808510638298,0.014778325123152709,0.9,0.3319672131147541,0.3299025259406771,38.94845971563981,forecast then threshold
random_forest_delta,2,210.0,0.3170212765957447,0.012315270935960592,0.9085365853658537,0.30721649484536084,0.3047060056597841,35.486374407582936,forecast then threshold
random_forest_delta,2,212.5,0.3,0.012315270935960592,0.9038461538461539,0.2907216494845361,0.2876847290640394,33.7553317535545,forecast then threshold
random_forest_delta,2,215.0,0.2702127659574468,0.010673234811165846,0.9071428571428571,0.2629399585921325,0.259539531146281,30.293246445497626,forecast then threshold
random_forest_delta,2,217.5,0.2531914893617021,0.009852216748768473,0.9083969465648855,0.24688796680497926,0.24333927261293364,28.34582345971564,forecast then threshold
random_forest_delta,2,220.0,0.23617021276595745,0.0090311986863711,0.9098360655737705,0.23076923076923078,0.22713901407958637,26.39840047393365,forecast then threshold
random_forest_delta,2,222.5,0.2127659574468085,0.008210180623973728,0.9090909090909091,0.20833333333333334,0.2045557768228348,23.801836492890992,forecast then threshold
random_forest_delta,2,225.0,0.19148936170212766,0.008210180623973728,0.9,0.1875,0.18327918107815394,21.63803317535545,forecast then threshold
random_forest_delta,2,227.5,0.17872340425531916,0.007389162561576354,0.9032258064516129,0.17536534446764093,0.1713342416937428,20.123370853080566,forecast then threshold
random_forest_delta,2,230.0,0.15319148936170213,0.006568144499178982,0.9,0.1506276150627615,0.14662334486252315,17.310426540284357,forecast then threshold
random_forest_delta,2,232.5,0.14893617021276595,0.006568144499178982,0.8974358974358975,0.14644351464435146,0.14236802571358698,16.87766587677725,forecast then threshold
random_forest_delta,2,235.0,0.11914893617021277,0.006568144499178982,0.875,0.11715481171548117,0.11258079167103378,13.848341232227487,forecast then threshold
random_forest_delta,2,237.5,0.10425531914893617,0.0049261083743842365,0.8909090909090909,0.10294117647058823,0.09932921077455194,11.900918246445496,forecast then threshold
random_forest_delta,2,240.0,0.09148936170212765,0.004105090311986864,0.8958333333333334,0.09052631578947369,0.0873842713901408,10.386255924170616,forecast then threshold
random_forest_delta,2,242.5,0.08297872340425531,0.004105090311986864,0.8863636363636364,0.08210526315789474,0.07887363309226846,9.520734597156398,forecast then threshold
random_forest_delta,2,245.0,0.06382978723404255,0.004105090311986864,0.8571428571428571,0.06315789473684211,0.05972469692205568,7.573311611374407,forecast then threshold
random_forest_delta,2,247.5,0.05106382978723404,0.0024630541871921183,0.8888888888888888,0.0507399577167019,0.048600775600041925,5.842268957345971,forecast then threshold
random_forest_delta,2,250.0,0.04468085106382979,0.0024630541871921183,0.875,0.04439746300211417,0.042217796876637674,5.193127962085308,forecast then threshold
random_forest_delta,2,252.5,0.0425531914893617,0.0024630541871921183,0.8695652173913043,0.042283298097251586,0.040090137302169586,4.9767476303317535,forecast then threshold
random_forest_delta,2,255.0,0.03404255319148936,0.0024630541871921183,0.8421052631578947,0.03382663847780127,0.03157949900429725,4.111226303317535,forecast then threshold
random_forest_delta,2,257.5,0.031914893617021274,0.0024630541871921183,0.8333333333333334,0.03171247357293869,0.029451839429829155,3.8948459715639805,forecast then threshold
random_forest_delta,2,260.0,0.031914893617021274,0.0024630541871921183,0.8333333333333334,0.03171247357293869,0.029451839429829155,3.8948459715639805,forecast then threshold
random_forest_delta,2,262.5,0.029787234042553193,0.0024630541871921183,0.8235294117647058,0.02959830866807611,0.027324179855361074,3.678465639810426,forecast then threshold
random_forest_delta,2,265.0,0.02553191489361702,0.0024630541871921183,0.8,0.02536997885835095,0.0230688607064249,3.2457049763033172,forecast then threshold
random_forest_delta,2,267.5,0.019148936170212766,0.0016420361247947454,0.8181818181818182,0.019067796610169493,0.01750690004541802,2.3801836492890995,forecast then threshold
random_forest_delta,2,270.0,0.01702127659574468,0.0016420361247947454,0.8,0.01694915254237288,0.015379240470949936,2.1638033175355447,forecast then threshold
random_forest_delta,2,272.5,0.014893617021276596,0.0016420361247947454,0.7777777777777778,0.014830508474576272,0.013251580896481851,1.9474229857819902,forecast then threshold
random_forest_delta,2,275.0,0.014893617021276596,0.0016420361247947454,0.7777777777777778,0.014830508474576272,0.013251580896481851,1.9474229857819902,forecast then threshold
random_forest_delta,2,277.5,0.014893617021276596,0.0016420361247947454,0.7777777777777778,0.014830508474576272,0.013251580896481851,1.9474229857819902,forecast then threshold
random_forest_delta,2,280.0,0.010638297872340425,0.0016420361247947454,0.7142857142857143,0.01059322033898305,0.00899626174754568,1.5146623222748814,forecast then threshold
random_forest_delta,2,282.5,0.010638297872340425,0.0016420361247947454,0.7142857142857143,0.01059322033898305,0.00899626174754568,1.5146623222748814,forecast then threshold
random_forest_delta,2,285.0,0.010638297872340425,0.0016420361247947454,0.7142857142857143,0.01059322033898305,0.00899626174754568,1.5146623222748814,forecast then threshold
random_forest_delta,2,287.5,0.010638297872340425,0.0008210180623973727,0.8333333333333334,0.010615711252653927,0.009817279809943052,1.298281990521327,forecast then threshold
random_forest_delta,2,290.0,0.010638297872340425,0.0008210180623973727,0.8333333333333334,0.010615711252653927,0.009817279809943052,1.298281990521327,forecast then threshold
random_forest_delta,2,292.5,0.00851063829787234,0.0008210180623973727,0.8,0.008492569002123142,0.007689620235474968,1.0819016587677723,forecast then threshold
random_forest_delta,2,295.0,0.00851063829787234,0.0008210180623973727,0.8,0.008492569002123142,0.007689620235474968,1.0819016587677723,forecast then threshold
random_forest_delta,2,297.5,0.00851063829787234,0.0008210180623973727,0.8,0.008492569002123142,0.007689620235474968,1.0819016587677723,forecast then threshold
random_forest_delta,2,300.0,0.00851063829787234,0.0008210180623973727,0.8,0.008492569002123142,0.007689620235474968,1.0819016587677723,forecast then threshold
random_forest_delta,2,302.5,0.00851063829787234,0.0008210180623973727,0.8,0.008492569002123142,0.007689620235474968,1.0819016587677723,forecast then threshold
random_forest_delta,2,305.0,0.00851063829787234,0.0008210180623973727,0.8,0.008492569002123142,0.007689620235474968,1.0819016587677723,forecast then threshold
random_forest_delta,2,307.5,0.00851063829787234,0.0008210180623973727,0.8,0.008492569002123142,0.007689620235474968,1.0819016587677723,forecast then threshold
random_forest_delta,2,310.0,0.00851063829787234,0.0008210180623973727,0.8,0.008492569002123142,0.007689620235474968,1.0819016587677723,forecast then threshold
random_forest_delta,2,312.5,0.006382978723404255,0.0008210180623973727,0.75,0.006369426751592357,0.005561960661006882,0.8655213270142179,forecast then threshold
random_forest_delta,2,315.0,0.006382978723404255,0.0008210180623973727,0.75,0.006369426751592357,0.005561960661006882,0.8655213270142179,forecast then threshold
random_forest_delta,2,317.5,0.006382978723404255,0.0008210180623973727,0.75,0.006369426751592357,0.005561960661006882,0.8655213270142179,forecast then threshold
random_forest_delta,2,320.0,0.006382978723404255,0.0008210180623973727,0.75,0.006369426751592357,0.005561960661006882,0.8655213270142179,forecast then threshold
random_forest_delta,2,322.5,0.00425531914893617,0.0008210180623973727,0.6666666666666666,0.004246284501061571,0.0034343010865387977,0.6491409952606635,forecast then threshold
random_forest_delta,2,325.0,0.002127659574468085,0.0008210180623973727,0.5,0.0021231422505307855,0.0013066415120707125,0.43276066350710896,forecast then threshold
random_forest_delta,2,327.5,0.002127659574468085,0.0008210180623973727,0.5,0.0021231422505307855,0.0013066415120707125,0.43276066350710896,forecast then threshold
random_forest_delta,2,330.0,0.002127659574468085,0.0008210180623973727,0.5,0.0021231422505307855,0.0013066415120707125,0.43276066350710896,forecast then threshold
random_forest_delta,2,332.5,0.002127659574468085,0.0008210180623973727,0.5,0.0021231422505307855,0.0013066415120707125,0.43276066350710896,forecast then threshold
random_forest_delta,2,335.0,0.002127659574468085,0.0008210180623973727,0.5,0.0021231422505307855,0.0013066415120707125,0.43276066350710896,forecast then threshold
random_forest_delta,2,337.5,0.002127659574468085,0.0008210180623973727,0.5,0.0021231422505307855,0.0013066415120707125,0.43276066350710896,forecast then threshold
random_forest_delta,2,340.0,0.002127659574468085,0.0008210180623973727,0.5,0.0021231422505307855,0.0013066415120707125,0.43276066350710896,forecast then threshold
random_forest_delta,2,342.5,0.002127659574468085,0.0008210180623973727,0.5,0.0021231422505307855,0.0013066415120707125,0.43276066350710896,forecast then threshold
random_forest_delta,2,345.0,0.002127659574468085,0.0008210180623973727,0.5,0.0021231422505307855,0.0013066415120707125,0.43276066350710896,forecast then threshold
random_forest_delta,2,347.5,0.002127659574468085,0.0008210180623973727,0.5,0.0021231422505307855,0.0013066415120707125,0.43276066350710896,forecast then threshold
random_forest_delta,2,350.0,0.002127659574468085,0.0008210180623973727,0.5,0.0021231422505307855,0.0013066415120707125,0.43276066350710896,forecast then threshold
random_forest_delta,2,352.5,0.002127659574468085,0.0008210180623973727,0.5,0.0021231422505307855,0.0013066415120707125,0.43276066350710896,forecast then threshold
random_forest_delta,2,355.0,0.002127659574468085,0.0008210180623973727,0.5,0.0021231422505307855,0.0013066415120707125,0.43276066350710896,forecast then threshold
random_forest_delta,2,357.5,0.002127659574468085,0.0008210180623973727,0.5,0.0021231422505307855,0.0013066415120707125,0.43276066350710896,forecast then threshold
random_forest_delta,2,360.0,0.002127659574468085,0.0008210180623973727,0.5,0.0021231422505307855,0.0013066415120707125,0.43276066350710896,forecast then threshold
random_forest_delta,2,362.5,0.002127659574468085,0.0008210180623973727,0.5,0.0021231422505307855,0.0013066415120707125,0.43276066350710896,forecast then threshold
random_forest_delta,2,365.0,0.002127659574468085,0.0008210180623973727,0.5,0.0021231422505307855,0.0013066415120707125,0.43276066350710896,forecast then threshold
random_forest_delta,2,367.5,0.002127659574468085,0.0008210180623973727,0.5,0.0021231422505307855,0.0013066415120707125,0.43276066350710896,forecast then threshold
random_forest_delta,2,370.0,0.002127659574468085,0.0008210180623973727,0.5,0.0021231422505307855,0.0013066415120707125,0.43276066350710896,forecast then threshold
random_forest_delta,2,372.5,0.002127659574468085,0.0008210180623973727,0.5,0.0021231422505307855,0.0013066415120707125,0.43276066350710896,forecast then threshold
random_forest_delta,2,375.0,0.002127659574468085,0.0,1.0,0.002127659574468085,0.002127659574468085,0.21638033175355448,forecast then threshold
random_forest_delta,2,377.5,0.002127659574468085,0.0,1.0,0.002127659574468085,0.002127659574468085,0.21638033175355448,forecast then threshold
random_forest_delta,2,380.0,0.002127659574468085,0.0,1.0,0.002127659574468085,0.002127659574468085,0.21638033175355448,forecast then threshold
random_forest_delta,2,382.5,0.002127659574468085,0.0,1.0,0.002127659574468085,0.002127659574468085,0.21638033175355448,forecast then threshold
random_forest_delta,2,385.0,0.002127659574468085,0.0,1.0,0.002127659574468085,0.002127659574468085,0.21638033175355448,forecast then threshold
random_forest_delta,2,387.5,0.002127659574468085,0.0,1.0,0.002127659574468085,0.002127659574468085,0.21638033175355448,forecast then threshold
random_forest_delta,2,390.0,0.002127659574468085,0.0,1.0,0.002127659574468085,0.002127659574468085,0.21638033175355448,forecast then threshold
random_forest_delta,2,392.5,0.002127659574468085,0.0,1.0,0.002127659574468085,0.002127659574468085,0.21638033175355448,forecast then threshold
random_forest_delta,2,395.0,0.002127659574468085,0.0,1.0,0.002127659574468085,0.002127659574468085,0.21638033175355448,forecast then threshold
random_forest_delta,2,397.5,0.002127659574468085,0.0,1.0,0.002127659574468085,0.002127659574468085,0.21638033175355448,forecast then threshold
random_forest_delta,2,400.0,0.002127659574468085,0.0,1.0,0.002127659574468085,0.002127659574468085,0.21638033175355448,forecast then threshold
random_forest_delta,3,20.0,1.0,1.0,0.2782352941176471,0.2782352941176471,0.0,365.25,forecast then threshold
random_forest_delta,3,22.5,1.0,0.9926650366748166,0.27971614429331754,0.27971614429331754,0.007334963325183352,363.31632352941176,forecast then threshold
random_forest_delta,3,25.0,1.0,0.9665851670741646,0.28511151295961423,0.28511151295961423,0.03341483292583536,356.4410294117647,forecast then threshold
random_forest_delta,3,27.5,1.0,0.9176854115729421,0.2958098811757348,0.2958098811757348,0.08231458842705786,343.5498529411765,forecast then threshold
random_forest_delta,3,30.0,1.0,0.863080684596577,0.3087467362924282,0.3087467362924282,0.13691931540342295,329.1547058823529,forecast then threshold
random_forest_delta,3,32.5,1.0,0.8052159739201304,0.32375085557837097,0.32375085557837097,0.19478402607986955,313.9001470588235,forecast then threshold
random_forest_delta,3,35.0,1.0,0.7603911980440098,0.3364153627311522,0.3364153627311522,0.2396088019559902,302.0832352941176,forecast then threshold
random_forest_delta,3,37.5,1.0,0.7098614506927465,0.35193452380952384,0.35193452380952384,0.29013854930725347,288.76235294117646,forecast then threshold
random_forest_delta,3,40.0,1.0,0.6723716381418093,0.3644067796610169,0.3644067796610169,0.32762836185819066,278.8791176470588,forecast then threshold
random_forest_delta,3,42.5,1.0,0.6365118174409128,0.37719298245614036,0.37719298245614036,0.3634881825590872,269.42558823529413,forecast then threshold
random_forest_delta,3,45.0,1.0,0.615321923390383,0.38517915309446255,0.38517915309446255,0.38467807660961695,263.83941176470586,forecast then threshold
random_forest_delta,3,47.5,1.0,0.5876120619396903,0.3961474036850921,0.3961474036850921,0.4123879380603097,256.5344117647059,forecast then threshold
random_forest_delta,3,50.0,1.0,0.5672371638141809,0.40461933276304535,0.40461933276304535,0.4327628361858191,251.1630882352941,forecast then threshold
random_forest_delta,3,52.5,0.9978858350951374,0.5419722901385493,0.415127528583993,0.4147627416520211,0.4559135449565881,244.28779411764705,forecast then threshold
random_forest_delta,3,55.0,0.9978858350951374,0.5158924205378973,0.4271493212669683,0.4267631103074141,0.4819934145572401,237.4125,forecast then threshold
random_forest_delta,3,57.5,0.9978858350951374,0.49877750611246946,0.4354243542435424,0.43502304147465437,0.49910832898266794,232.90058823529412,forecast then threshold
random_forest_delta,3,60.0,0.9978858350951374,0.46291768541157297,0.45384615384615384,0.45341018251681076,0.5349681496835644,223.4470588235294,forecast then threshold
random_forest_delta,3,62.5,0.9936575052854123,0.44580277098614507,0.46214355948869223,0.46078431372549017,0.5478547342992672,218.50544117647058,forecast then threshold
random_forest_delta,3,65.0,0.9915433403805497,0.4254278728606357,0.47325933400605447,0.471356783919598,0.566115467519914,212.91926470588234,forecast then threshold
random_forest_delta,3,67.5,0.9873150105708245,0.39690301548492257,0.48951781970649894,0.4864583333333333,0.5904119950859019,204.96970588235294,forecast then threshold
random_forest_delta,3,70.0,0.985200845665962,0.3765281173594132,0.5021551724137931,0.4983957219251337,0.6086727283065487,199.3835294117647,forecast then threshold
random_forest_delta,3,72.5,0.9809725158562368,0.3439282803585982,0.5237020316027088,0.5184357541899441,0.6370442354976387,190.35970588235296,forecast then threshold
random_forest_delta,3,75.0,0.9788583509513742,0.3235533822330888,0.5383720930232558,0.532183908045977,0.6553049687182854,184.7735294117647,forecast then threshold
random_forest_delta,3,77.5,0.9767441860465116,0.30073349633251834,0.555956678700361,0.5486935866983373,0.6760106897139933,178.54279411764705,forecast then threshold
random_forest_delta,3,80.0,0.9725158562367865,0.28198859005704974,0.5707196029776674,0.5616605616605617,0.6905272661797368,173.17147058823528,forecast then threshold
random_forest_delta,3,82.5,0.9704016913319239,0.2567237163814181,0.5930232558139535,0.5824873096446701,0.7136779749505058,166.29617647058822,forecast then threshold
random_forest_delta,3,85.0,0.9682875264270613,0.23797881010594946,0.6106666666666667,0.5986928104575163,0.7303087163211118,161.13970588235293,forecast then threshold
random_forest_delta,3,87.5,0.959830866807611,0.21597392013039934,0.631432545201669,0.6151761517615176,0.7438569466772116,154.47926470588234,forecast then threshold
random_forest_delta,3,90.0,0.959830866807611,0.20211898940505296,0.6467236467236467,0.6296809986130375,0.757711877402558,150.82676470588234,forecast then threshold
random_forest_delta,3,92.5,0.959830866807611,0.18989405052974734,0.660844250363901,0.6430594900849859,0.7699368162778637,147.60397058823528,forecast then threshold
random_forest_delta,3,95.0,0.9577167019027484,0.17359413202933985,0.6801801801801802,0.6603498542274052,0.7841225698734086,143.0920588235294,forecast then threshold
random_forest_delta,3,97.5,0.9534883720930233,0.16381418092909536,0.691717791411043,0.6691394658753709,0.7896741911639279,140.08411764705883,forecast then threshold
random_forest_delta,3,100.0,0.9471458773784355,0.15240423797881011,0.705511811023622,0.6787878787878788,0.7947416393996254,136.43161764705883,forecast then threshold
random_forest_delta,3,102.5,0.945031712473573,0.14751426242868787,0.7117834394904459,0.6834862385321101,0.7975174500448852,134.92764705882354,forecast then threshold
random_forest_delta,3,105.0,0.9429175475687104,0.1393643031784841,0.7228525121555915,0.6925465838509317,0.8035532443902262,132.56426470588235,forecast then threshold
random_forest_delta,3,107.5,0.9365750528541226,0.1328443357783211,0.731023102310231,0.6965408805031447,0.8037307170758015,130.20088235294116,forecast then threshold
random_forest_delta,3,110.0,0.9260042283298098,0.1271393643031785,0.7373737373737373,0.6963434022257552,0.7988648640266313,127.62264705882353,forecast then threshold
random_forest_delta,3,112.5,0.9217758985200846,0.12224938875305623,0.7440273037542662,0.6998394863563403,0.7995265097670283,125.90382352941177,forecast then threshold
random_forest_delta,3,115.0,0.9217758985200846,0.11572942135289324,0.754325259515571,0.7089430894308943,0.8060464771671914,124.185,forecast then threshold
random_forest_delta,3,117.5,0.919661733615222,0.11165444172779136,0.7604895104895105,0.7131147540983607,0.8080072918874306,122.89588235294117,forecast then threshold
random_forest_delta,3,120.0,0.919661733615222,0.10757946210268948,0.7671957671957672,0.71900826446281,0.8120822715125324,121.82161764705883,forecast then threshold
random_forest_delta,3,122.5,0.919661733615222,0.10594947025264874,0.7699115044247787,0.7213930348258707,0.8137122633625732,121.39191176470588,forecast then threshold
random_forest_delta,3,125.0,0.9112050739957717,0.10105949470252648,0.7765765765765765,0.7219430485762144,0.8101455792932452,119.24338235294118,forecast then threshold
random_forest_delta,3,127.5,0.904862579281184,0.09861450692746536,0.7795992714025501,0.7205387205387206,0.8062480723537186,117.95426470588235,forecast then threshold
random_forest_delta,3,130.0,0.8964059196617337,0.09535452322738386,0.7837338262476895,0.7186440677966102,0.8010513964343497,116.23544117647059,forecast then threshold
random_forest_delta,3,132.5,0.8942917547568711,0.09127954360228199,0.7906542056074767,0.7230769230769231,0.8030122111545891,114.94632352941177,forecast then threshold
random_forest_delta,3,135.0,0.8837209302325582,0.08801955990220049,0.7946768060836502,0.7194492254733219,0.7957013703303577,113.01264705882353,forecast then threshold
random_forest_delta,3,137.5,0.8752642706131079,0.08394458027709861,0.8007736943907157,0.71875,0.7913196903360092,111.0789705882353,forecast then threshold
random_forest_delta,3,140.0,0.86892177589852,0.08149959250203749,0.8043052837573386,0.7172774869109948,0.7874221833964825,109.78985294117648,forecast then threshold
random_forest_delta,3,142.5,0.864693446088795,0.07579462102689487,0.8147410358565738,0.7226148409893993,0.7888988250619001,107.85617647058824,forecast then threshold
random_forest_delta,3,145.0,0.8520084566596194,0.07090464547677261,0.8224489795918367,0.7196428571428571,0.7811038111828468,105.27794117647059,forecast then threshold
random_forest_delta,3,147.5,0.8435517970401691,0.06845965770171149,0.8260869565217391,0.7163375224416517,0.7750921393384577,103.7739705882353,forecast then threshold
random_forest_delta,3,150.0,0.8308668076109936,0.06601466992665037,0.8291139240506329,0.7093862815884476,0.7648521376843432,101.84029411764706,forecast then threshold
random_forest_delta,3,152.5,0.8202959830866807,0.06030969845150774,0.8398268398268398,0.7093235831809872,0.759986284635173,99.26205882352942,forecast then threshold
random_forest_delta,3,155.0,0.8012684989429175,0.05623471882640587,0.8459821428571429,0.6992619926199262,0.7450337801165117,96.25411764705882,forecast then threshold
random_forest_delta,3,157.5,0.7906976744186046,0.05215973920130399,0.8538812785388128,0.6964618249534451,0.7385379352173006,94.10558823529412,forecast then threshold
random_forest_delta,3,160.0,0.7758985200845666,0.0488997555012225,0.8594847775175644,0.6885553470919324,0.7269987645833441,91.74220588235293,forecast then threshold
random_forest_delta,3,162.5,0.7547568710359408,0.04808475957620212,0.8581730769230769,0.6710526315789473,0.7066721114597387,89.37882352941176,forecast then threshold
random_forest_delta,3,165.0,0.7251585623678647,0.04645476772616137,0.8575,0.6471698113207547,0.6787037946417033,85.94117647058823,forecast then threshold
random_forest_delta,3,167.5,0.6913319238900634,0.044009779951100246,0.8582677165354331,0.6204933586337761,0.6473221439389631,81.8589705882353,forecast then threshold
random_forest_delta,3,170.0,0.6723044397463002,0.04319478402607987,0.8571428571428571,0.6045627376425855,0.6291096557202203,79.71044117647058,forecast then threshold
random_forest_delta,3,172.5,0.6553911205073996,0.03993480032599837,0.8635097493036211,0.5938697318007663,0.6154563201814012,77.13220588235293,forecast then threshold
random_forest_delta,3,175.0,0.6131078224101479,0.037489812550937245,0.8630952380952381,0.558766859344894,0.5756180098592107,72.19058823529411,forecast then threshold
random_forest_delta,3,177.5,0.5792811839323467,0.034229828850855744,0.8670886075949367,0.5320388349514563,0.5450513550814909,67.8935294117647,forecast then threshold
random_forest_delta,3,180.0,0.547568710359408,0.03178484107579462,0.8691275167785235,0.505859375,0.5157838692836134,64.02617647058824,forecast then threshold
random_forest_delta,3,182.5,0.5221987315010571,0.030969845150774247,0.8666666666666667,0.48336594911937375,0.4912288863502829,61.23308823529412,forecast then threshold
random_forest_delta,3,185.0,0.48414376321353064,0.02852485737571312,0.8674242424242424,0.4507874015748031,0.4556189058378175,56.72117647058823,forecast then threshold
random_forest_delta,3,187.5,0.4376321353065539,0.027709861450692746,0.8589211618257261,0.40828402366863903,0.40992227385586116,51.77955882352941,forecast then threshold
random_forest_delta,3,190.0,0.42071881606765327,0.023634881825590873,0.8728070175438597,0.39641434262948205,0.3970839342420624,48.98647058823529,forecast then threshold
random_forest_delta,3,192.5,0.386892177589852,0.022819885900570498,0.8672985781990521,0.3652694610778443,0.3640722916892815,45.333970588235296,forecast then threshold
random_forest_delta,3,195.0,0.3763213530655391,0.020374898125509373,0.8768472906403941,0.357429718875502,0.35594645494002974,43.61514705882353,forecast then threshold
random_forest_delta,3,197.5,0.3361522198731501,0.017929910350448247,0.8784530386740331,0.3212121212121212,0.3182223095227018,38.88838235294118,forecast then threshold
random_forest_delta,3,200.0,0.2938689217758985,0.015484922575387123,0.879746835443038,0.28252032520325204,0.2783839992005114,33.94676470588235,forecast then threshold
random_forest_delta,3,202.5,0.2769556025369979,0.013854930725346373,0.8851351351351351,0.2673469387755102,0.26310067181165153,31.798235294117646,forecast then threshold
random_forest_delta,3,205.0,0.2558139534883721,0.013039934800325998,0.8832116788321168,0.2474437627811861,0.2427740186880461,29.43485294117647,forecast then threshold
random_forest_delta,3,207.5,0.23255813953488372,0.012224938875305624,0.88,0.22540983606557377,0.2203332006595781,26.856617647058822,forecast then threshold
random_forest_delta,3,210.0,0.19873150105708245,0.008964955175224124,0.8952380952380953,0.19421487603305784,0.18976654588185832,22.55955882352941,forecast then threshold
random_forest_delta,3,212.5,0.17970401691331925,0.008964955175224124,0.8854166666666666,0.1756198347107438,0.1707390617380951,20.625882352941176,forecast then threshold
random_forest_delta,3,215.0,0.1522198731501057,0.008964955175224124,0.8674698795180723,0.1487603305785124,0.1432549179748816,17.832794117647058,forecast then threshold
random_forest_delta,3,217.5,0.12896405919661733,0.006519967400162999,0.8840579710144928,0.12681912681912683,0.12244409179645432,14.82485294117647,forecast then threshold
random_forest_delta,3,220.0,0.10993657505285412,0.006519967400162999,0.8666666666666667,0.10810810810810811,0.10341660765269112,12.891176470588235,forecast then threshold
random_forest_delta,3,222.5,0.09090909090909091,0.004074979625101874,0.8958333333333334,0.0899581589958159,0.08683411128398903,10.312941176470588,forecast then threshold
random_forest_delta,3,225.0,0.080338266384778,0.004074979625101874,0.8837209302325582,0.0794979079497908,0.07626328675967613,9.238676470588235,forecast then threshold
random_forest_delta,3,227.5,0.07188160676532769,0.004074979625101874,0.8717948717948718,0.07112970711297072,0.06780662714022581,8.379264705882353,forecast then threshold
random_forest_delta,3,230.0,0.0613107822410148,0.004074979625101874,0.8529411764705882,0.060669456066945605,0.05723580261591293,7.305,forecast then threshold
random_forest_delta,3,232.5,0.052854122621564484,0.004074979625101874,0.8333333333333334,0.05230125523012552,0.04877914299646261,6.445588235294117,forecast then threshold
random_forest_delta,3,235.0,0.04439746300211417,0.0032599837000814994,0.84,0.0440251572327044,0.04113747930203267,5.3713235294117645,forecast then threshold
random_forest_delta,3,237.5,0.042283298097251586,0.0032599837000814994,0.8333333333333334,0.041928721174004195,0.039023314397170085,5.156470588235294,forecast then threshold
random_forest_delta,3,240.0,0.03382663847780127,0.0032599837000814994,0.8,0.033542976939203356,0.03056665477771977,4.297058823529412,forecast then threshold
random_forest_delta,3,242.5,0.03171247357293869,0.0024449877750611247,0.8333333333333334,0.031512605042016806,0.029267485797877562,3.8673529411764704,forecast then threshold
random_forest_delta,3,245.0,0.03171247357293869,0.0024449877750611247,0.8333333333333334,0.031512605042016806,0.029267485797877562,3.8673529411764704,forecast then threshold
random_forest_delta,3,247.5,0.02748414376321353,0.0024449877750611247,0.8125,0.0273109243697479,0.025039155988152404,3.4376470588235293,forecast then threshold
random_forest_delta,3,250.0,0.02748414376321353,0.0024449877750611247,0.8125,0.0273109243697479,0.025039155988152404,3.4376470588235293,forecast then threshold
random_forest_delta,3,252.5,0.02536997885835095,0.0024449877750611247,0.8,0.025210084033613446,0.022924991083289825,3.2227941176470587,forecast then threshold
random_forest_delta,3,255.0,0.023255813953488372,0.0024449877750611247,0.7857142857142857,0.023109243697478993,0.020810826178427246,3.007941176470588,forecast then threshold
random_forest_delta,3,257.5,0.021141649048625793,0.0024449877750611247,0.7692307692307693,0.02100840336134454,0.018696661273564667,2.7930882352941175,forecast then threshold
random_forest_delta,3,260.0,0.016913319238900635,0.0024449877750611247,0.7272727272727273,0.01680672268907563,0.01446833146383951,2.3633823529411764,forecast then threshold
random_forest_delta,3,262.5,0.016913319238900635,0.0024449877750611247,0.7272727272727273,0.01680672268907563,0.01446833146383951,2.3633823529411764,forecast then threshold
random_forest_delta,3,265.0,0.014799154334038054,0.0024449877750611247,0.7,0.014705882352941176,0.01235416655897693,2.148529411764706,forecast then threshold
random_forest_delta,3,267.5,0.014799154334038054,0.0024449877750611247,0.7,0.014705882352941176,0.01235416655897693,2.148529411764706,forecast then threshold
random_forest_delta,3,270.0,0.012684989429175475,0.0016299918500407497,0.75,0.01263157894736842,0.011054997579134725,1.7188235294117646,forecast then threshold
random_forest_delta,3,272.5,0.012684989429175475,0.0016299918500407497,0.75,0.01263157894736842,0.011054997579134725,1.7188235294117646,forecast then threshold
random_forest_delta,3,275.0,0.012684989429175475,0.0016299918500407497,0.75,0.01263157894736842,0.011054997579134725,1.7188235294117646,forecast then threshold
random_forest_delta,3,277.5,0.012684989429175475,0.0016299918500407497,0.75,0.01263157894736842,0.011054997579134725,1.7188235294117646,forecast then threshold
random_forest_delta,3,280.0,0.012684989429175475,0.0016299918500407497,0.75,0.01263157894736842,0.011054997579134725,1.7188235294117646,forecast then threshold
random_forest_delta,3,282.5,0.012684989429175475,0.0016299918500407497,0.75,0.01263157894736842,0.011054997579134725,1.7188235294117646,forecast then threshold
random_forest_delta,3,285.0,0.012684989429175475,0.0016299918500407497,0.75,0.01263157894736842,0.011054997579134725,1.7188235294117646,forecast then threshold
random_forest_delta,3,287.5,0.012684989429175475,0.0016299918500407497,0.75,0.01263157894736842,0.011054997579134725,1.7188235294117646,forecast then threshold
random_forest_delta,3,290.0,0.012684989429175475,0.0016299918500407497,0.75,0.01263157894736842,0.011054997579134725,1.7188235294117646,forecast then threshold
random_forest_delta,3,292.5,0.012684989429175475,0.0016299918500407497,0.75,0.01263157894736842,0.011054997579134725,1.7188235294117646,forecast then threshold
random_forest_delta,3,295.0,0.012684989429175475,0.0016299918500407497,0.75,0.01263157894736842,0.011054997579134725,1.7188235294117646,forecast then threshold
random_forest_delta,3,297.5,0.012684989429175475,0.0016299918500407497,0.75,0.01263157894736842,0.011054997579134725,1.7188235294117646,forecast then threshold
random_forest_delta,3,300.0,0.010570824524312896,0.0016299918500407497,0.7142857142857143,0.010526315789473684,0.008940832674272146,1.503970588235294,forecast then threshold
random_forest_delta,3,302.5,0.008456659619450317,0.0016299918500407497,0.6666666666666666,0.008421052631578947,0.006826667769409568,1.2891176470588235,forecast then threshold
random_forest_delta,3,305.0,0.008456659619450317,0.0016299918500407497,0.6666666666666666,0.008421052631578947,0.006826667769409568,1.2891176470588235,forecast then threshold
random_forest_delta,3,307.5,0.008456659619450317,0.0016299918500407497,0.6666666666666666,0.008421052631578947,0.006826667769409568,1.2891176470588235,forecast then threshold
random_forest_delta,3,310.0,0.004228329809725159,0.0016299918500407497,0.5,0.004210526315789474,0.0025983379596844092,0.8594117647058823,forecast then threshold
random_forest_delta,3,312.5,0.004228329809725159,0.0016299918500407497,0.5,0.004210526315789474,0.0025983379596844092,0.8594117647058823,forecast then threshold
random_forest_delta,3,315.0,0.004228329809725159,0.0016299918500407497,0.5,0.004210526315789474,0.0025983379596844092,0.8594117647058823,forecast then threshold
random_forest_delta,3,317.5,0.004228329809725159,0.0016299918500407497,0.5,0.004210526315789474,0.0025983379596844092,0.8594117647058823,forecast then threshold
random_forest_delta,3,320.0,0.004228329809725159,0.0016299918500407497,0.5,0.004210526315789474,0.0025983379596844092,0.8594117647058823,forecast then threshold
random_forest_delta,3,322.5,0.004228329809725159,0.0016299918500407497,0.5,0.004210526315789474,0.0025983379596844092,0.8594117647058823,forecast then threshold
random_forest_delta,3,325.0,0.004228329809725159,0.0016299918500407497,0.5,0.004210526315789474,0.0025983379596844092,0.8594117647058823,forecast then threshold
random_forest_delta,3,327.5,0.004228329809725159,0.0016299918500407497,0.5,0.004210526315789474,0.0025983379596844092,0.8594117647058823,forecast then threshold
random_forest_delta,3,330.0,0.004228329809725159,0.0016299918500407497,0.5,0.004210526315789474,0.0025983379596844092,0.8594117647058823,forecast then threshold
random_forest_delta,3,332.5,0.004228329809725159,0.0016299918500407497,0.5,0.004210526315789474,0.0025983379596844092,0.8594117647058823,forecast then threshold
random_forest_delta,3,335.0,0.004228329809725159,0.0016299918500407497,0.5,0.004210526315789474,0.0025983379596844092,0.8594117647058823,forecast then threshold
random_forest_delta,3,337.5,0.004228329809725159,0.0008149959250203749,0.6666666666666666,0.004219409282700422,0.003413333884704784,0.6445588235294117,forecast then threshold
random_forest_delta,3,340.0,0.004228329809725159,0.0008149959250203749,0.6666666666666666,0.004219409282700422,0.003413333884704784,0.6445588235294117,forecast then threshold
random_forest_delta,3,342.5,0.004228329809725159,0.0008149959250203749,0.6666666666666666,0.004219409282700422,0.003413333884704784,0.6445588235294117,forecast then threshold
random_forest_delta,3,345.0,0.004228329809725159,0.0008149959250203749,0.6666666666666666,0.004219409282700422,0.003413333884704784,0.6445588235294117,forecast then threshold
random_forest_delta,3,347.5,0.004228329809725159,0.0008149959250203749,0.6666666666666666,0.004219409282700422,0.003413333884704784,0.6445588235294117,forecast then threshold
random_forest_delta,3,350.0,0.004228329809725159,0.0008149959250203749,0.6666666666666666,0.004219409282700422,0.003413333884704784,0.6445588235294117,forecast then threshold
random_forest_delta,3,352.5,0.004228329809725159,0.0008149959250203749,0.6666666666666666,0.004219409282700422,0.003413333884704784,0.6445588235294117,forecast then threshold
random_forest_delta,3,355.0,0.004228329809725159,0.0008149959250203749,0.6666666666666666,0.004219409282700422,0.003413333884704784,0.6445588235294117,forecast then threshold
random_forest_delta,3,357.5,0.004228329809725159,0.0008149959250203749,0.6666666666666666,0.004219409282700422,0.003413333884704784,0.6445588235294117,forecast then threshold
random_forest_delta,3,360.0,0.004228329809725159,0.0008149959250203749,0.6666666666666666,0.004219409282700422,0.003413333884704784,0.6445588235294117,forecast then threshold
random_forest_delta,3,362.5,0.004228329809725159,0.0008149959250203749,0.6666666666666666,0.004219409282700422,0.003413333884704784,0.6445588235294117,forecast then threshold
random_forest_delta,3,365.0,0.004228329809725159,0.0008149959250203749,0.6666666666666666,0.004219409282700422,0.003413333884704784,0.6445588235294117,forecast then threshold
random_forest_delta,3,367.5,0.004228329809725159,0.0008149959250203749,0.6666666666666666,0.004219409282700422,0.003413333884704784,0.6445588235294117,forecast then threshold
random_forest_delta,3,370.0,0.004228329809725159,0.0008149959250203749,0.6666666666666666,0.004219409282700422,0.003413333884704784,0.6445588235294117,forecast then threshold
random_forest_delta,3,372.5,0.004228329809725159,0.0008149959250203749,0.6666666666666666,0.004219409282700422,0.003413333884704784,0.6445588235294117,forecast then threshold
random_forest_delta,3,375.0,0.004228329809725159,0.0008149959250203749,0.6666666666666666,0.004219409282700422,0.003413333884704784,0.6445588235294117,forecast then threshold
random_forest_delta,3,377.5,0.004228329809725159,0.0,1.0,0.004228329809725159,0.004228329809725159,0.42970588235294116,forecast then threshold
random_forest_delta,3,380.0,0.004228329809725159,0.0,1.0,0.004228329809725159,0.004228329809725159,0.42970588235294116,forecast then threshold
random_forest_delta,3,382.5,0.004228329809725159,0.0,1.0,0.004228329809725159,0.004228329809725159,0.42970588235294116,forecast then threshold
random_forest_delta,3,385.0,0.004228329809725159,0.0,1.0,0.004228329809725159,0.004228329809725159,0.42970588235294116,forecast then threshold
random_forest_delta,3,387.5,0.004228329809725159,0.0,1.0,0.004228329809725159,0.004228329809725159,0.42970588235294116,forecast then threshold
random_forest_delta,3,390.0,0.004228329809725159,0.0,1.0,0.004228329809725159,0.004228329809725159,0.42970588235294116,forecast then threshold
random_forest_delta,3,392.5,0.004228329809725159,0.0,1.0,0.004228329809725159,0.004228329809725159,0.42970588235294116,forecast then threshold
random_forest_delta,3,395.0,0.004228329809725159,0.0,1.0,0.004228329809725159,0.004228329809725159,0.42970588235294116,forecast then threshold
random_forest_delta,3,397.5,0.004228329809725159,0.0,1.0,0.004228329809725159,0.004228329809725159,0.42970588235294116,forecast then threshold
random_forest_delta,3,400.0,0.004228329809725159,0.0,1.0,0.004228329809725159,0.004228329809725159,0.42970588235294116,forecast then threshold
ridge,1,20.0,1.0,0.9555016181229773,0.2889825406381698,0.2889825406381698,0.04449838187702271,353.5432692307692,forecast then threshold
ridge,1,22.5,1.0,0.936084142394822,0.29321930360415394,0.29321930360415394,0.06391585760517804,348.4348776223776,forecast then threshold
ridge,1,25.0,1.0,0.9101941747572816,0.29906542056074764,0.29906542056074764,0.0898058252427184,341.6236888111888,forecast then threshold
ridge,1,27.5,1.0,0.883495145631068,0.3053435114503817,0.3053435114503817,0.11650485436893199,334.59965034965035,forecast then threshold
ridge,1,30.0,1.0,0.8454692556634305,0.31475409836065577,0.31475409836065577,0.15453074433656955,324.59571678321674,forecast then threshold
ridge,1,32.5,1.0,0.8106796116504854,0.32388663967611336,0.32388663967611336,0.1893203883495146,315.4431818181818,forecast then threshold
ridge,1,35.0,1.0,0.767799352750809,0.3358992302309307,0.3358992302309307,0.23220064724919098,304.16215034965035,forecast then threshold
ridge,1,37.5,1.0,0.7233009708737864,0.34934497816593885,0.34934497816593885,0.2766990291262136,292.4554195804196,forecast then threshold
ridge,1,40.0,1.0,0.6788025889967637,0.3639120545868082,0.3639120545868082,0.3211974110032363,280.7486888111888,forecast then threshold
ridge,1,42.5,1.0,0.6440129449838188,0.3761755485893417,0.3761755485893417,0.3559870550161812,271.5961538461538,forecast then threshold
ridge,1,45.0,1.0,0.6140776699029126,0.387409200968523,0.387409200968523,0.38592233009708743,263.72071678321674,forecast then threshold
ridge,1,47.5,1.0,0.5825242718446602,0.4,0.4,0.41747572815533984,255.4195804195804,forecast then threshold
ridge,1,50.0,1.0,0.5501618122977346,0.41379310344827586,0.41379310344827586,0.44983818770226536,246.9055944055944,forecast then threshold
ridge,1,52.5,1.0,0.5275080906148867,0.42402826855123676,0.42402826855123676,0.4724919093851133,240.9458041958042,forecast then threshold
ridge,1,55.0,0.9979166666666667,0.49919093851132684,0.43704379562043794,0.4366453965360073,0.49872572815533983,233.28321678321677,forecast then threshold
ridge,1,57.5,0.9979166666666667,0.4716828478964401,0.4510357815442561,0.4506114769520226,0.5262338187702266,226.04632867132867,forecast then threshold
ridge,1,60.0,0.9979166666666667,0.4506472491909385,0.4623552123552124,0.46190935390549664,0.5472694174757282,220.51223776223773,forecast then threshold
ridge,1,62.5,0.9979166666666667,0.4231391585760518,0.4780439121756487,0.47756729810568294,0.5747775080906149,213.27534965034963,forecast then threshold
ridge,1,65.0,0.9979166666666667,0.39158576051779936,0.4974039460020768,0.49688796680497926,0.6063309061488673,204.97421328671328,forecast then threshold
ridge,1,67.5,0.9979166666666667,0.3681229773462783,0.512847965738758,0.5122994652406417,0.6297936893203884,198.8015734265734,forecast then threshold
ridge,1,70.0,0.9979166666666667,0.33576051779935273,0.5357941834451901,0.535195530726257,0.662156148867314,190.28758741258738,forecast then threshold
ridge,1,72.5,0.99375,0.3155339805825243,0.5501730103806228,0.5482758620689655,0.6782160194174758,184.54064685314685,forecast then threshold
ridge,1,75.0,0.99375,0.2936893203883495,0.5678571428571428,0.5658362989323843,0.7000606796116505,178.7937062937063,forecast then threshold
ridge,1,77.5,0.9895833333333334,0.26941747572815533,0.5878712871287128,0.5842558425584256,0.720165857605178,171.98251748251747,forecast then threshold
ridge,1,80.0,0.9875,0.2540453074433657,0.6015228426395939,0.5969773299748111,0.7334546925566343,167.72552447552445,forecast then threshold
ridge,1,82.5,0.9875,0.23624595469255663,0.618798955613577,0.6139896373056994,0.7512540453074434,163.04283216783216,forecast then threshold
ridge,1,85.0,0.9854166666666667,0.2127831715210356,0.6426630434782609,0.6366083445491252,0.7726334951456311,156.65734265734264,forecast then threshold
ridge,1,87.5,0.9833333333333333,0.18527508090614886,0.6733238231098431,0.6657263751763046,0.7980582524271844,149.20760489510488,forecast then threshold
ridge,1,90.0,0.9833333333333333,0.17313915857605178,0.6880466472303207,0.6801152737752162,0.8101941747572815,146.01486013986013,forecast then threshold
ridge,1,92.5,0.98125,0.1610032362459547,0.7029850746268657,0.6936671575846833,0.8202467637540453,142.60926573426573,forecast then threshold
ridge,1,95.0,0.9770833333333333,0.15129449838187703,0.7149390243902439,0.7031484257871065,0.8257888349514563,139.6293706293706,forecast then threshold
ridge,1,97.5,0.9708333333333333,0.13754045307443366,0.7327044025157232,0.7169230769230769,0.8332928802588997,135.3723776223776,forecast then threshold
ridge,1,100.0,0.9708333333333333,0.12702265372168284,0.7479935794542536,0.7315541601255887,0.8438106796116505,132.60533216783216,forecast then threshold
ridge,1,102.5,0.9708333333333333,0.12135922330097088,0.7564935064935064,0.7396825396825397,0.8494741100323624,131.1153846153846,forecast then threshold
ridge,1,105.0,0.9708333333333333,0.11488673139158576,0.7664473684210527,0.7491961414790996,0.8559466019417475,129.4125874125874,forecast then threshold
ridge,1,107.5,0.9708333333333333,0.11003236245954692,0.7740863787375415,0.7564935064935064,0.8608009708737864,128.1354895104895,forecast then threshold
ridge,1,110.0,0.9666666666666667,0.10436893203883495,0.7824620573355818,0.7619047619047619,0.8622977346278318,126.21984265734265,forecast then threshold
ridge,1,112.5,0.9666666666666667,0.09951456310679611,0.7904599659284497,0.7694859038142621,0.8671521035598706,124.94274475524475,forecast then threshold
ridge,1,115.0,0.9645833333333333,0.09789644012944984,0.7928082191780822,0.7703826955074875,0.8666868932038835,124.3041958041958,forecast then threshold
ridge,1,117.5,0.9583333333333334,0.09142394822006472,0.8027923211169284,0.7757166947723441,0.8669093851132686,121.96284965034964,forecast then threshold
ridge,1,120.0,0.9520833333333333,0.08737864077669903,0.8088495575221238,0.7772108843537415,0.8647046925566343,120.26005244755244,forecast then threshold
ridge,1,122.5,0.9479166666666666,0.08009708737864078,0.8212996389891697,0.7858376511226253,0.8678195792880259,117.91870629370628,forecast then threshold
ridge,1,125.0,0.9333333333333333,0.07686084142394822,0.8250460405156538,0.7791304347826087,0.8564724919093851,115.57736013986013,forecast then threshold
ridge,1,127.5,0.9291666666666667,0.0703883495145631,0.8367729831144465,0.7865961199294532,0.8587783171521036,113.44886363636363,forecast then threshold
ridge,1,130.0,0.925,0.063915857605178,0.8489483747609943,0.7942754919499105,0.861084142394822,111.32036713286712,forecast then threshold
ridge,1,132.5,0.9104166666666667,0.06229773462783172,0.8501945525291829,0.7845601436265709,0.8481189320388349,109.40472027972027,forecast then threshold
ridge,1,135.0,0.9020833333333333,0.05906148867313916,0.8557312252964426,0.783001808318264,0.8430218446601941,107.70192307692307,forecast then threshold
ridge,1,137.5,0.8895833333333333,0.05663430420711974,0.8591549295774648,0.7763636363636364,0.8329490291262135,105.78627622377621,forecast then threshold
ridge,1,140.0,0.8791666666666667,0.05016181229773463,0.871900826446281,0.7785977859778598,0.829004854368932,103.01923076923076,forecast then threshold
ridge,1,142.5,0.86875,0.04611650485436893,0.879746835443038,0.776536312849162,0.8226334951456311,100.89073426573425,forecast then threshold
ridge,1,145.0,0.85,0.0412621359223301,0.8888888888888888,0.768361581920904,0.8087378640776699,97.6979895104895,forecast then threshold
ridge,1,147.5,0.8395833333333333,0.03964401294498382,0.8915929203539823,0.7618147448015122,0.7999393203883496,96.20804195804195,forecast then threshold
ridge,1,150.0,0.8333333333333334,0.03802588996763754,0.8948545861297539,0.7590132827324478,0.7953074433656958,95.14379370629369,forecast then threshold
ridge,1,152.5,0.81875,0.03559870550161812,0.8993135011441648,0.75,0.7831512944983818,93.0152972027972,forecast then threshold
ridge,1,155.0,0.80625,0.03155339805825243,0.9084507042253521,0.7456647398843931,0.7746966019417476,90.67395104895104,forecast then threshold
ridge,1,157.5,0.7895833333333333,0.029935275080906147,0.9110576923076923,0.7330754352030948,0.7596480582524272,88.54545454545453,forecast then threshold
ridge,1,160.0,0.78125,0.02912621359223301,0.9124087591240876,0.7267441860465116,0.752123786407767,87.4812062937063,forecast then threshold
ridge,1,162.5,0.7708333333333334,0.02669902912621359,0.9181141439205955,0.7212475633528265,0.7441343042071198,85.77840909090908,forecast then threshold
ridge,1,165.0,0.7604166666666666,0.024271844660194174,0.9240506329113924,0.7156862745098039,0.7361448220064725,84.07561188811188,forecast then threshold
ridge,1,167.5,0.7395833333333334,0.021844660194174758,0.9293193717277487,0.7001972386587771,0.7177386731391586,81.30856643356643,forecast then threshold
ridge,1,170.0,0.7229166666666667,0.021844660194174758,0.9278074866310161,0.6844181459566075,0.7010720064724919,79.60576923076923,forecast then threshold
ridge,1,172.5,0.70625,0.019417475728155338,0.9338842975206612,0.6726190476190477,0.6868325242718447,77.26442307692307,forecast then threshold
ridge,1,175.0,0.6791666666666667,0.014563106796116505,0.9476744186046512,0.6546184738955824,0.6646035598705502,73.22027972027972,forecast then threshold
ridge,1,177.5,0.6666666666666666,0.012135922330097087,0.9552238805970149,0.6464646464646465,0.6545307443365695,71.30463286713287,forecast then threshold
ridge,1,180.0,0.6479166666666667,0.010517799352750809,0.9598765432098766,0.6308316430020284,0.6373988673139159,68.9632867132867,forecast then threshold
ridge,1,182.5,0.6270833333333333,0.009708737864077669,0.9616613418530351,0.6117886178861789,0.6173745954692557,66.62194055944056,forecast then threshold
ridge,1,185.0,0.59375,0.00889967637540453,0.9628378378378378,0.5804480651731161,0.5848503236245954,63.0034965034965,forecast then threshold
ridge,1,187.5,0.5541666666666667,0.00889967637540453,0.9602888086642599,0.5417515274949084,0.5452669902912621,58.95935314685314,forecast then threshold
ridge,1,190.0,0.5375,0.006472491909385114,0.9699248120300752,0.5286885245901639,0.5310275080906148,56.618006993006986,forecast then threshold
ridge,1,192.5,0.525,0.0056634304207119745,0.972972972972973,0.5174537987679672,0.5193365695792881,55.12805944055943,forecast then threshold
ridge,1,195.0,0.5083333333333333,0.0048543689320388345,0.976,0.5020576131687243,0.5034789644012945,53.21241258741259,forecast then threshold
ridge,1,197.5,0.4791666666666667,0.0048543689320388345,0.9745762711864406,0.4732510288065844,0.47431229773462785,50.23251748251748,forecast then threshold
ridge,1,200.0,0.46041666666666664,0.0040453074433656954,0.9778761061946902,0.4556701030927835,0.45637135922330097,48.10402097902097,forecast then threshold
ridge,1,202.5,0.44166666666666665,0.0040453074433656954,0.9769585253456221,0.43711340206185567,0.437621359223301,46.18837412587412,forecast then threshold
ridge,1,205.0,0.42291666666666666,0.0040453074433656954,0.9759615384615384,0.41855670103092785,0.418871359223301,44.272727272727266,forecast then threshold
ridge,1,207.5,0.3958333333333333,0.0040453074433656954,0.9743589743589743,0.3917525773195876,0.39178802588996764,41.50568181818181,forecast then threshold
ridge,1,210.0,0.3770833333333333,0.0040453074433656954,0.9731182795698925,0.3731958762886598,0.37303802588996765,39.59003496503496,forecast then threshold
ridge,1,212.5,0.35208333333333336,0.0040453074433656954,0.9712643678160919,0.34845360824742266,0.3480380258899677,37.03583916083916,forecast then threshold
ridge,1,215.0,0.34375,0.0040453074433656954,0.9705882352941176,0.3402061855670103,0.3397046925566343,36.18444055944056,forecast then threshold
ridge,1,217.5,0.3229166666666667,0.0040453074433656954,0.96875,0.31958762886597936,0.318871359223301,34.05594405594405,forecast then threshold
ridge,1,220.0,0.30625,0.0040453074433656954,0.9671052631578947,0.3030927835051546,0.30220469255663435,32.35314685314685,forecast then threshold
ridge,1,222.5,0.2833333333333333,0.0040453074433656954,0.9645390070921985,0.2804123711340206,0.27928802588996765,30.011800699300696,forecast then threshold
ridge,1,225.0,0.2708333333333333,0.003236245954692557,0.9701492537313433,0.26859504132231404,0.26759708737864074,28.521853146853143,forecast then threshold
ridge,1,227.5,0.24583333333333332,0.003236245954692557,0.9672131147540983,0.24380165289256198,0.24259708737864077,25.96765734265734,forecast then threshold
ridge,1,230.0,0.23333333333333334,0.003236245954692557,0.9655172413793104,0.23140495867768596,0.2300970873786408,24.69055944055944,forecast then threshold
ridge,1,232.5,0.22708333333333333,0.003236245954692557,0.9646017699115044,0.22520661157024793,0.22384708737864079,24.052010489510486,forecast then threshold
ridge,1,235.0,0.21458333333333332,0.003236245954692557,0.9626168224299065,0.2128099173553719,0.21134708737864077,22.774912587412587,forecast then threshold
ridge,1,237.5,0.20208333333333334,0.003236245954692557,0.9603960396039604,0.20041322314049587,0.1988470873786408,21.497814685314683,forecast then threshold
ridge,1,240.0,0.19375,0.0024271844660194173,0.96875,0.19254658385093168,0.1913228155339806,20.433566433566433,forecast then threshold
ridge,1,242.5,0.18125,0.0024271844660194173,0.9666666666666667,0.18012422360248448,0.17882281553398058,19.15646853146853,forecast then threshold
ridge,1,245.0,0.16875,0.0024271844660194173,0.9642857142857143,0.16770186335403728,0.1663228155339806,17.879370629370626,forecast then threshold
ridge,1,247.5,0.14791666666666667,0.0016181229773462784,0.9726027397260274,0.14730290456431536,0.14629854368932038,15.538024475524475,forecast then threshold
ridge,1,250.0,0.13333333333333333,0.0016181229773462784,0.9696969696969697,0.13278008298755187,0.13171521035598704,14.048076923076922,forecast then threshold
ridge,1,252.5,0.12708333333333333,0.0016181229773462784,0.9682539682539683,0.12655601659751037,0.12546521035598704,13.409527972027972,forecast then threshold
ridge,1,255.0,0.11458333333333333,0.0016181229773462784,0.9649122807017544,0.11410788381742738,0.11296521035598706,12.132430069930068,forecast then threshold
ridge,1,257.5,0.10625,0.0008090614886731392,0.9807692307692307,0.10602910602910603,0.10544093851132685,11.068181818181817,forecast then threshold
ridge,1,260.0,0.10208333333333333,0.0008090614886731392,0.98,0.10187110187110188,0.10127427184466019,10.642482517482517,forecast then threshold
ridge,1,262.5,0.09791666666666667,0.0008090614886731392,0.9791666666666666,0.09771309771309772,0.09710760517799352,10.216783216783217,forecast then threshold
ridge,1,265.0,0.09166666666666666,0.0008090614886731392,0.9777777777777777,0.09147609147609148,0.09085760517799352,9.578234265734265,forecast then threshold
ridge,1,267.5,0.07708333333333334,0.0008090614886731392,0.9736842105263158,0.07692307692307693,0.0762742718446602,8.088286713286713,forecast then threshold
ridge,1,270.0,0.07083333333333333,0.0008090614886731392,0.9714285714285714,0.07068607068607069,0.07002427184466019,7.449737762237762,forecast then threshold
ridge,1,272.5,0.06875,0.0,1.0,0.06875,0.06875,7.024038461538461,forecast then threshold
ridge,1,275.0,0.0625,0.0,1.0,0.0625,0.0625,6.38548951048951,forecast then threshold
ridge,1,277.5,0.052083333333333336,0.0,1.0,0.052083333333333336,0.052083333333333336,5.321241258741258,forecast then threshold
ridge,1,280.0,0.052083333333333336,0.0,1.0,0.052083333333333336,0.052083333333333336,5.321241258741258,forecast then threshold
ridge,1,282.5,0.04791666666666667,0.0,1.0,0.04791666666666667,0.04791666666666667,4.8955419580419575,forecast then threshold
ridge,1,285.0,0.04375,0.0,1.0,0.04375,0.04375,4.469842657342657,forecast then threshold
ridge,1,287.5,0.0375,0.0,1.0,0.0375,0.0375,3.831293706293706,forecast then threshold
ridge,1,290.0,0.035416666666666666,0.0,1.0,0.035416666666666666,0.035416666666666666,3.618444055944056,forecast then threshold
ridge,1,292.5,0.035416666666666666,0.0,1.0,0.035416666666666666,0.035416666666666666,3.618444055944056,forecast then threshold
ridge,1,295.0,0.03125,0.0,1.0,0.03125,0.03125,3.192744755244755,forecast then threshold
ridge,1,297.5,0.027083333333333334,0.0,1.0,0.027083333333333334,0.027083333333333334,2.767045454545454,forecast then threshold
ridge,1,300.0,0.022916666666666665,0.0,1.0,0.022916666666666665,0.022916666666666665,2.3413461538461537,forecast then threshold
ridge,1,302.5,0.022916666666666665,0.0,1.0,0.022916666666666665,0.022916666666666665,2.3413461538461537,forecast then threshold
ridge,1,305.0,0.020833333333333332,0.0,1.0,0.020833333333333332,0.020833333333333332,2.1284965034965033,forecast then threshold
ridge,1,307.5,0.016666666666666666,0.0,1.0,0.016666666666666666,0.016666666666666666,1.7027972027972027,forecast then threshold
ridge,1,310.0,0.014583333333333334,0.0,1.0,0.014583333333333334,0.014583333333333334,1.4899475524475523,forecast then threshold
ridge,1,312.5,0.014583333333333334,0.0,1.0,0.014583333333333334,0.014583333333333334,1.4899475524475523,forecast then threshold
ridge,1,315.0,0.014583333333333334,0.0,1.0,0.014583333333333334,0.014583333333333334,1.4899475524475523,forecast then threshold
ridge,1,317.5,0.014583333333333334,0.0,1.0,0.014583333333333334,0.014583333333333334,1.4899475524475523,forecast then threshold
ridge,1,320.0,0.014583333333333334,0.0,1.0,0.014583333333333334,0.014583333333333334,1.4899475524475523,forecast then threshold
ridge,1,322.5,0.0125,0.0,1.0,0.0125,0.0125,1.277097902097902,forecast then threshold
ridge,1,325.0,0.0125,0.0,1.0,0.0125,0.0125,1.277097902097902,forecast then threshold
ridge,1,327.5,0.008333333333333333,0.0,1.0,0.008333333333333333,0.008333333333333333,0.8513986013986014,forecast then threshold
ridge,1,330.0,0.008333333333333333,0.0,1.0,0.008333333333333333,0.008333333333333333,0.8513986013986014,forecast then threshold
ridge,1,332.5,0.00625,0.0,1.0,0.00625,0.00625,0.638548951048951,forecast then threshold
ridge,1,335.0,0.00625,0.0,1.0,0.00625,0.00625,0.638548951048951,forecast then threshold
ridge,1,337.5,0.00625,0.0,1.0,0.00625,0.00625,0.638548951048951,forecast then threshold
ridge,1,340.0,0.004166666666666667,0.0,1.0,0.004166666666666667,0.004166666666666667,0.4256993006993007,forecast then threshold
ridge,1,342.5,0.004166666666666667,0.0,1.0,0.004166666666666667,0.004166666666666667,0.4256993006993007,forecast then threshold
ridge,1,345.0,0.004166666666666667,0.0,1.0,0.004166666666666667,0.004166666666666667,0.4256993006993007,forecast then threshold
ridge,1,347.5,0.004166666666666667,0.0,1.0,0.004166666666666667,0.004166666666666667,0.4256993006993007,forecast then threshold
ridge,1,350.0,0.004166666666666667,0.0,1.0,0.004166666666666667,0.004166666666666667,0.4256993006993007,forecast then threshold
ridge,1,352.5,0.004166666666666667,0.0,1.0,0.004166666666666667,0.004166666666666667,0.4256993006993007,forecast then threshold
ridge,1,355.0,0.004166666666666667,0.0,1.0,0.004166666666666667,0.004166666666666667,0.4256993006993007,forecast then threshold
ridge,1,357.5,0.004166666666666667,0.0,1.0,0.004166666666666667,0.004166666666666667,0.4256993006993007,forecast then threshold
ridge,1,360.0,0.0020833333333333333,0.0,1.0,0.0020833333333333333,0.0020833333333333333,0.21284965034965034,forecast then threshold
ridge,1,362.5,0.0020833333333333333,0.0,1.0,0.0020833333333333333,0.0020833333333333333,0.21284965034965034,forecast then threshold
ridge,1,365.0,0.0020833333333333333,0.0,1.0,0.0020833333333333333,0.0020833333333333333,0.21284965034965034,forecast then threshold
ridge,1,367.5,0.0020833333333333333,0.0,1.0,0.0020833333333333333,0.0020833333333333333,0.21284965034965034,forecast then threshold
ridge,1,370.0,0.0020833333333333333,0.0,1.0,0.0020833333333333333,0.0020833333333333333,0.21284965034965034,forecast then threshold
ridge,1,372.5,0.0020833333333333333,0.0,1.0,0.0020833333333333333,0.0020833333333333333,0.21284965034965034,forecast then threshold
ridge,1,375.0,0.0020833333333333333,0.0,1.0,0.0020833333333333333,0.0020833333333333333,0.21284965034965034,forecast then threshold
ridge,1,377.5,0.0020833333333333333,0.0,1.0,0.0020833333333333333,0.0020833333333333333,0.21284965034965034,forecast then threshold
ridge,1,380.0,0.0020833333333333333,0.0,1.0,0.0020833333333333333,0.0020833333333333333,0.21284965034965034,forecast then threshold
ridge,1,382.5,0.0020833333333333333,0.0,1.0,0.0020833333333333333,0.0020833333333333333,0.21284965034965034,forecast then threshold
ridge,1,385.0,0.0020833333333333333,0.0,1.0,0.0020833333333333333,0.0020833333333333333,0.21284965034965034,forecast then threshold
ridge,1,387.5,0.0020833333333333333,0.0,1.0,0.0020833333333333333,0.0020833333333333333,0.21284965034965034,forecast then threshold
ridge,1,390.0,0.0020833333333333333,0.0,1.0,0.0020833333333333333,0.0020833333333333333,0.21284965034965034,forecast then threshold
ridge,1,392.5,0.0020833333333333333,0.0,1.0,0.0020833333333333333,0.0020833333333333333,0.21284965034965034,forecast then threshold
ridge,1,395.0,0.0020833333333333333,0.0,1.0,0.0020833333333333333,0.0020833333333333333,0.21284965034965034,forecast then threshold
ridge,1,397.5,0.0020833333333333333,0.0,1.0,0.0020833333333333333,0.0020833333333333333,0.21284965034965034,forecast then threshold
ridge,1,400.0,0.0020833333333333333,0.0,1.0,0.0020833333333333333,0.0020833333333333333,0.21284965034965034,forecast then threshold
ridge,2,20.0,1.0,0.9827586206896551,0.2819436112777445,0.2819436112777445,0.017241379310344862,360.70601303317534,forecast then threshold
ridge,2,22.5,1.0,0.9597701149425287,0.2867602196461257,0.2867602196461257,0.04022988505747127,354.6473637440758,forecast then threshold
ridge,2,25.0,1.0,0.9392446633825944,0.29120198265179675,0.29120198265179675,0.06075533661740562,349.23785545023696,forecast then threshold
ridge,2,27.5,1.0,0.9154351395730707,0.29652996845425866,0.29652996845425866,0.08456486042692934,342.96282582938386,forecast then threshold
ridge,2,30.0,1.0,0.8817733990147784,0.30440414507772023,0.30440414507772023,0.11822660098522164,334.09123222748815,forecast then threshold
ridge,2,32.5,1.0,0.8456486042692939,0.31333333333333335,0.31333333333333335,0.1543513957307061,324.5704976303317,forecast then threshold
ridge,2,35.0,1.0,0.8119868637110016,0.32213845099383137,0.32213845099383137,0.1880131362889984,315.698904028436,forecast then threshold
ridge,2,37.5,1.0,0.7684729064039408,0.33428165007112376,0.33428165007112376,0.23152709359605916,304.23074644549763,forecast then threshold
ridge,2,40.0,1.0,0.7192118226600985,0.3491827637444279,0.3491827637444279,0.28078817733990147,291.2479265402843,forecast then threshold
ridge,2,42.5,1.0,0.6830870279146142,0.36098310291858676,0.36098310291858676,0.3169129720853858,281.72719194312793,forecast then threshold
ridge,2,45.0,1.0,0.6469622331691297,0.37360890302066774,0.37360890302066774,0.3530377668308703,272.20645734597156,forecast then threshold
ridge,2,47.5,1.0,0.6149425287356322,0.3855619360131255,0.3855619360131255,0.38505747126436785,263.7676244075829,forecast then threshold
ridge,2,50.0,1.0,0.5853858784893268,0.3972950126796281,0.3972950126796281,0.41461412151067323,255.97793246445497,forecast then threshold
ridge,2,52.5,1.0,0.5533661740558292,0.41083916083916083,0.41083916083916083,0.4466338259441708,247.53909952606634,forecast then threshold
ridge,2,55.0,1.0,0.5262725779967159,0.42304230423042305,0.42304230423042305,0.4737274220032841,240.39854857819904,forecast then threshold
ridge,2,57.5,1.0,0.5,0.4355885078776645,0.4355885078776645,0.5,233.4743779620853,forecast then threshold
ridge,2,60.0,1.0,0.4819376026272578,0.4446546830652791,0.4446546830652791,0.5180623973727422,228.71401066350708,forecast then threshold
ridge,2,62.5,1.0,0.45073891625615764,0.46123650637880276,0.46123650637880276,0.5492610837438423,220.491558056872,forecast then threshold
ridge,2,65.0,1.0,0.42282430213464695,0.47715736040609136,0.47715736040609136,0.577175697865353,213.13462677725116,forecast then threshold
ridge,2,67.5,0.997872340425532,0.39983579638752054,0.4905857740585774,0.49007314524555906,0.5980365440380114,206.85959715639808,forecast then threshold
ridge,2,70.0,0.997872340425532,0.36617405582922824,0.512568306010929,0.5120087336244541,0.6316982845963037,197.98800355450234,forecast then threshold
ridge,2,72.5,0.9957446808510638,0.33251231527093594,0.5360824742268041,0.5348571428571428,0.6632323655801279,188.90002962085308,forecast then threshold
ridge,2,75.0,0.9914893617021276,0.31444991789819376,0.5488810365135454,0.5463071512309496,0.6770394438039339,183.70690165876775,forecast then threshold
ridge,2,77.5,0.9914893617021276,0.28653530377668307,0.5717791411042945,0.568986568986569,0.7049540579254445,176.3499703791469,forecast then threshold
ridge,2,80.0,0.9893617021276596,0.2536945812807882,0.6007751937984496,0.5969191270860077,0.7356671208468715,167.47837677725116,forecast then threshold
ridge,2,82.5,0.9851063829787234,0.23809523809523808,0.6148738379814077,0.6092105263157894,0.7470111448834853,162.93438981042652,forecast then threshold
ridge,2,85.0,0.9851063829787234,0.21921182266009853,0.6342465753424658,0.6282225237449118,0.7658945603186249,157.95764218009478,forecast then threshold
ridge,2,87.5,0.9787234042553191,0.20689655172413793,0.6460674157303371,0.6371191135734072,0.7718268525311812,154.06279620853078,forecast then threshold
ridge,2,90.0,0.9787234042553191,0.18883415435139572,0.6666666666666666,0.6571428571428571,0.7898892499039234,149.3024289099526,forecast then threshold
ridge,2,92.5,0.9787234042553191,0.17898193760262726,0.6784660766961652,0.6686046511627907,0.7997414666526919,146.70586492890993,forecast then threshold
ridge,2,95.0,0.9744680851063829,0.16502463054187191,0.6949924127465857,0.6825633383010432,0.8094434545645111,142.5946386255924,forecast then threshold
ridge,2,97.5,0.9744680851063829,0.1510673234811166,0.7133956386292835,0.7003058103975535,0.8234007616252663,138.91617298578197,forecast then threshold
ridge,2,100.0,0.9723404255319149,0.14039408866995073,0.7277070063694268,0.7129485179407177,0.8319463368619642,135.88684834123222,forecast then threshold
ridge,2,102.5,0.9659574468085106,0.13382594417077176,0.7358184764991896,0.717219589257504,0.8321315026377388,133.50666469194312,forecast then threshold
ridge,2,105.0,0.9659574468085106,0.12643678160919541,0.7467105263157895,0.7275641025641025,0.8395206651993152,131.55924170616112,forecast then threshold
ridge,2,107.5,0.9659574468085106,0.1206896551724138,0.7554076539101497,0.7358184764991896,0.8452677916360968,130.04457938388626,forecast then threshold
ridge,2,110.0,0.9595744680851064,0.11822660098522167,0.7579831932773109,0.7345276872964169,0.8413478670998847,128.74629739336493,forecast then threshold
ridge,2,112.5,0.9553191489361702,0.11494252873563218,0.7623089983022071,0.7360655737704918,0.840376620200538,127.4480154028436,forecast then threshold
ridge,2,115.0,0.9553191489361702,0.1116584564860427,0.7675213675213676,0.740924092409241,0.8436606924501275,126.58249407582937,forecast then threshold
ridge,2,117.5,0.9468085106382979,0.10673234811165845,0.7739130434782608,0.7416666666666667,0.8400761625266394,124.41869075829383,forecast then threshold
ridge,2,120.0,0.9425531914893617,0.10426929392446634,0.7771929824561403,0.7420435510887772,0.8382838975648953,123.33678909952606,forecast then threshold
ridge,2,122.5,0.9404255319148936,0.10180623973727422,0.7809187279151943,0.7441077441077442,0.8386192921776194,122.47126777251184,forecast then threshold
ridge,2,125.0,0.9319148936170213,0.09523809523809523,0.7906137184115524,0.7474402730375427,0.8366767983789261,119.87470379146919,forecast then threshold
ridge,2,127.5,0.925531914893617,0.09195402298850575,0.7952468007312614,0.7474226804123711,0.8335778919051112,118.3600414691943,forecast then threshold
ridge,2,130.0,0.9170212765957447,0.08702791461412152,0.8026070763500931,0.7482638888888888,0.8299933619816232,116.19623815165876,forecast then threshold
ridge,2,132.5,0.9106382978723404,0.08456486042692939,0.8060263653483992,0.7469458987783595,0.8260734374454111,114.89795616113743,forecast then threshold
ridge,2,135.0,0.8978723404255319,0.08292282430213464,0.8068833652007649,0.7390542907180385,0.8149495161233973,113.166913507109,forecast then threshold
ridge,2,137.5,0.8914893617021277,0.07881773399014778,0.8135922330097087,0.7402826855123675,0.8126716277119799,111.43587085308056,forecast then threshold
ridge,2,140.0,0.8872340425531915,0.0755336617405583,0.8192534381139489,0.7419928825622776,0.8117003808126332,110.13758886255923,forecast then threshold
ridge,2,142.5,0.874468085106383,0.07471264367816093,0.8187250996015937,0.732620320855615,0.7997554414282221,108.62292654028435,forecast then threshold
ridge,2,145.0,0.8659574468085106,0.06896551724137931,0.8289205702647657,0.7346570397111913,0.7969919295671313,106.24274289099525,forecast then threshold
ridge,2,147.5,0.851063829787234,0.06239737274220033,0.8403361344537815,0.7326007326007326,0.7886664570450337,102.99703791469193,forecast then threshold
ridge,2,150.0,0.8382978723404255,0.059113300492610835,0.8454935622317596,0.7269372693726938,0.7791845718478146,100.83323459715639,forecast then threshold
ridge,2,152.5,0.825531914893617,0.05665024630541872,0.849015317286652,0.7198515769944341,0.7688816685881983,98.8858116113744,forecast then threshold
ridge,2,155.0,0.8170212765957446,0.052545155993431854,0.8571428571428571,0.7191011235955056,0.7644761206023127,96.93838862559241,forecast then threshold
ridge,2,157.5,0.8021276595744681,0.05172413793103448,0.8568181818181818,0.7073170731707317,0.7504035216434336,95.20734597156397,forecast then threshold
ridge,2,160.0,0.7872340425531915,0.04926108374384237,0.8604651162790697,0.6981132075471698,0.7379729588093491,93.04354265402843,forecast then threshold
ridge,2,162.5,0.776595744680851,0.0451559934318555,0.8690476190476191,0.6952380952380952,0.7314397512489955,90.87973933649289,forecast then threshold
ridge,2,165.0,0.7595744680851064,0.042692939244663386,0.8728606356968215,0.6839080459770115,0.7168815288404431,88.49955568720378,forecast then threshold
ridge,2,167.5,0.7531914893617021,0.040229885057471264,0.8784119106699751,0.6820809248554913,0.7129616043042308,87.20127369668246,forecast then threshold
ridge,2,170.0,0.7340425531914894,0.03694581280788178,0.8846153846153846,0.6699029126213593,0.6970967403836076,84.38832938388624,forecast then threshold
ridge,2,172.5,0.7170212765957447,0.03284072249589491,0.8938992042440318,0.6607843137254902,0.6841805540998498,81.57538507109004,forecast then threshold
ridge,2,175.0,0.6914893617021277,0.03284072249589491,0.8904109589041096,0.6372549019607843,0.6586486392062328,78.97882109004739,forecast then threshold
ridge,2,177.5,0.6702127659574468,0.031198686371100164,0.8923512747875354,0.6200787401574803,0.6390140795863467,76.38225710900473,forecast then threshold
ridge,2,180.0,0.6510638297872341,0.029556650246305417,0.8947368421052632,0.6047430830039525,0.6215071795409287,74.00207345971563,forecast then threshold
ridge,2,182.5,0.6340425531914894,0.027093596059113302,0.9003021148036254,0.5924453280318092,0.6069489571323761,71.62188981042654,forecast then threshold
ridge,2,185.0,0.6127659574468085,0.027093596059113302,0.897196261682243,0.5725646123260437,0.5856723613876952,69.45808649289098,forecast then threshold
ridge,2,187.5,0.5851063829787234,0.024630541871921183,0.9016393442622951,0.55,0.5604758411068023,65.99600118483411,forecast then threshold
ridge,2,190.0,0.5723404255319149,0.022167487684729065,0.9087837837837838,0.5412474849094567,0.5501729378471858,64.04857819905213,forecast then threshold
ridge,2,192.5,0.5382978723404256,0.020525451559934318,0.9100719424460432,0.5111111111111111,0.5177724207804912,60.15373222748815,forecast then threshold
ridge,2,195.0,0.5148936170212766,0.018883415435139574,0.9132075471698113,0.4908722109533469,0.496010201586137,57.34078791469194,forecast then threshold
ridge,2,197.5,0.4787234042553192,0.016420361247947456,0.9183673469387755,0.45918367346938777,0.46230304300737174,53.013181279620845,forecast then threshold
ridge,2,200.0,0.4574468085106383,0.016420361247947456,0.9148936170212766,0.4387755102040816,0.44102644726269086,50.849377962085306,forecast then threshold
ridge,2,202.5,0.4297872340425532,0.015599343185550082,0.9140271493212669,0.4130879345603272,0.41418789085700314,47.82005331753554,forecast then threshold
ridge,2,205.0,0.4021276595744681,0.013957307060755337,0.9174757281553398,0.38809034907597534,0.3881703525137128,44.57434834123222,forecast then threshold
ridge,2,207.5,0.37659574468085105,0.012315270935960592,0.921875,0.3649484536082474,0.3642804737448905,41.54502369668246,forecast then threshold
ridge,2,210.0,0.33617021276595743,0.012315270935960592,0.9132947976878613,0.32577319587628867,0.32385494182999686,37.43379739336493,forecast then threshold
ridge,2,212.5,0.30425531914893617,0.011494252873563218,0.910828025477707,0.29545454545454547,0.29276106627537296,33.971712085308056,forecast then threshold
ridge,2,215.0,0.2872340425531915,0.009852216748768473,0.9183673469387755,0.2800829875518672,0.27738182580442305,31.80790876777251,forecast then threshold
ridge,2,217.5,0.26382978723404255,0.008210180623973728,0.9253731343283582,0.25833333333333336,0.25561960661006883,28.9949644549763,forecast then threshold
ridge,2,220.0,0.24468085106382978,0.008210180623973728,0.92,0.23958333333333334,0.23647067043985606,27.04754146919431,forecast then threshold
ridge,2,222.5,0.2276595744680851,0.006568144499178982,0.9304347826086956,0.22384937238493724,0.22109142996890613,24.883738151658765,forecast then threshold
ridge,2,225.0,0.2127659574468085,0.006568144499178982,0.9259259259259259,0.20920502092050208,0.20619781294762954,23.369075829383885,forecast then threshold
ridge,2,227.5,0.19574468085106383,0.006568144499178982,0.92,0.19246861924686193,0.18917653635188486,21.63803317535545,forecast then threshold
ridge,2,230.0,0.16808510638297872,0.006568144499178982,0.9080459770114943,0.16527196652719664,0.16151696188379974,18.82508886255924,forecast then threshold
ridge,2,232.5,0.1425531914893617,0.006568144499178982,0.8933333333333333,0.1401673640167364,0.13598504699018274,16.228524881516588,forecast then threshold
ridge,2,235.0,0.12340425531914893,0.005747126436781609,0.8923076923076924,0.12159329140461216,0.11765712888236732,14.064721563981042,forecast then threshold
ridge,2,237.5,0.11063829787234042,0.0049261083743842365,0.896551724137931,0.1092436974789916,0.10571218949795619,12.55005924170616,forecast then threshold
ridge,2,240.0,0.0851063829787234,0.0049261083743842365,0.8695652173913043,0.08403361344537816,0.08018027460433917,9.953495260663507,forecast then threshold
ridge,2,242.5,0.08085106382978724,0.0049261083743842365,0.8636363636363636,0.07983193277310924,0.07592495545540301,9.520734597156398,forecast then threshold
ridge,2,245.0,0.07234042553191489,0.003284072249589491,0.8947368421052632,0.07172995780590717,0.0690563532823254,8.22245260663507,forecast then threshold
ridge,2,247.5,0.05531914893617021,0.003284072249589491,0.8666666666666667,0.05485232067510549,0.052035076686580715,6.4914099526066344,forecast then threshold
ridge,2,250.0,0.04680851063829787,0.003284072249589491,0.8461538461538461,0.046413502109704644,0.04352443838870838,5.625888625592417,forecast then threshold
ridge,2,252.5,0.0425531914893617,0.0024630541871921183,0.8695652173913043,0.042283298097251586,0.040090137302169586,4.9767476303317535,forecast then threshold
ridge,2,255.0,0.03829787234042553,0.0024630541871921183,0.8571428571428571,0.03805496828752643,0.035834818153233416,4.543986966824644,forecast then threshold
ridge,2,257.5,0.02553191489361702,0.0016420361247947454,0.8571428571428571,0.025423728813559324,0.023889878768822273,3.029324644549763,forecast then threshold
ridge,2,260.0,0.02127659574468085,0.0008210180623973727,0.9090909090909091,0.021231422505307854,0.02045557768228348,2.3801836492890995,forecast then threshold
ridge,2,262.5,0.019148936170212766,0.0008210180623973727,0.9,0.01910828025477707,0.018327918107815394,2.1638033175355447,forecast then threshold
ridge,2,265.0,0.014893617021276596,0.0008210180623973727,0.875,0.014861995753715499,0.014072598958879223,1.7310426540284358,forecast then threshold
ridge,2,267.5,0.014893617021276596,0.0008210180623973727,0.875,0.014861995753715499,0.014072598958879223,1.7310426540284358,forecast then threshold
ridge,2,270.0,0.010638297872340425,0.0008210180623973727,0.8333333333333334,0.010615711252653927,0.009817279809943052,1.298281990521327,forecast then threshold
ridge,2,272.5,0.00851063829787234,0.0008210180623973727,0.8,0.008492569002123142,0.007689620235474968,1.0819016587677723,forecast then threshold
ridge,2,275.0,0.00851063829787234,0.0008210180623973727,0.8,0.008492569002123142,0.007689620235474968,1.0819016587677723,forecast then threshold
ridge,2,277.5,0.006382978723404255,0.0008210180623973727,0.75,0.006369426751592357,0.005561960661006882,0.8655213270142179,forecast then threshold
ridge,2,280.0,0.00425531914893617,0.0008210180623973727,0.6666666666666666,0.004246284501061571,0.0034343010865387977,0.6491409952606635,forecast then threshold
ridge,2,282.5,0.00425531914893617,0.0008210180623973727,0.6666666666666666,0.004246284501061571,0.0034343010865387977,0.6491409952606635,forecast then threshold
ridge,2,285.0,0.00425531914893617,0.0008210180623973727,0.6666666666666666,0.004246284501061571,0.0034343010865387977,0.6491409952606635,forecast then threshold
ridge,2,287.5,0.00425531914893617,0.0008210180623973727,0.6666666666666666,0.004246284501061571,0.0034343010865387977,0.6491409952606635,forecast then threshold
ridge,2,290.0,0.00425531914893617,0.0008210180623973727,0.6666666666666666,0.004246284501061571,0.0034343010865387977,0.6491409952606635,forecast then threshold
ridge,2,292.5,0.002127659574468085,0.0008210180623973727,0.5,0.0021231422505307855,0.0013066415120707125,0.43276066350710896,forecast then threshold
ridge,2,295.0,0.002127659574468085,0.0008210180623973727,0.5,0.0021231422505307855,0.0013066415120707125,0.43276066350710896,forecast then threshold
ridge,2,297.5,0.002127659574468085,0.0008210180623973727,0.5,0.0021231422505307855,0.0013066415120707125,0.43276066350710896,forecast then threshold
ridge,2,300.0,0.002127659574468085,0.0008210180623973727,0.5,0.0021231422505307855,0.0013066415120707125,0.43276066350710896,forecast then threshold
ridge,2,302.5,0.002127659574468085,0.0008210180623973727,0.5,0.0021231422505307855,0.0013066415120707125,0.43276066350710896,forecast then threshold
ridge,2,305.0,0.002127659574468085,0.0008210180623973727,0.5,0.0021231422505307855,0.0013066415120707125,0.43276066350710896,forecast then threshold
ridge,2,307.5,0.002127659574468085,0.0008210180623973727,0.5,0.0021231422505307855,0.0013066415120707125,0.43276066350710896,forecast then threshold
ridge,2,310.0,0.002127659574468085,0.0008210180623973727,0.5,0.0021231422505307855,0.0013066415120707125,0.43276066350710896,forecast then threshold
ridge,2,312.5,0.002127659574468085,0.0008210180623973727,0.5,0.0021231422505307855,0.0013066415120707125,0.43276066350710896,forecast then threshold
ridge,2,315.0,0.002127659574468085,0.0008210180623973727,0.5,0.0021231422505307855,0.0013066415120707125,0.43276066350710896,forecast then threshold
ridge,2,317.5,0.002127659574468085,0.0008210180623973727,0.5,0.0021231422505307855,0.0013066415120707125,0.43276066350710896,forecast then threshold
ridge,2,320.0,0.002127659574468085,0.0,1.0,0.002127659574468085,0.002127659574468085,0.21638033175355448,forecast then threshold
ridge,2,322.5,0.002127659574468085,0.0,1.0,0.002127659574468085,0.002127659574468085,0.21638033175355448,forecast then threshold
ridge,2,325.0,0.002127659574468085,0.0,1.0,0.002127659574468085,0.002127659574468085,0.21638033175355448,forecast then threshold
ridge,2,327.5,0.002127659574468085,0.0,1.0,0.002127659574468085,0.002127659574468085,0.21638033175355448,forecast then threshold
ridge,2,330.0,0.002127659574468085,0.0,1.0,0.002127659574468085,0.002127659574468085,0.21638033175355448,forecast then threshold
ridge,2,332.5,0.002127659574468085,0.0,1.0,0.002127659574468085,0.002127659574468085,0.21638033175355448,forecast then threshold
ridge,2,335.0,0.002127659574468085,0.0,1.0,0.002127659574468085,0.002127659574468085,0.21638033175355448,forecast then threshold
ridge,2,337.5,0.002127659574468085,0.0,1.0,0.002127659574468085,0.002127659574468085,0.21638033175355448,forecast then threshold
ridge,2,340.0,0.002127659574468085,0.0,1.0,0.002127659574468085,0.002127659574468085,0.21638033175355448,forecast then threshold
ridge,2,342.5,0.0,0.0,,0.0,0.0,0.0,forecast then threshold
ridge,2,345.0,0.0,0.0,,0.0,0.0,0.0,forecast then threshold
ridge,2,347.5,0.0,0.0,,0.0,0.0,0.0,forecast then threshold
ridge,2,350.0,0.0,0.0,,0.0,0.0,0.0,forecast then threshold
ridge,2,352.5,0.0,0.0,,0.0,0.0,0.0,forecast then threshold
ridge,2,355.0,0.0,0.0,,0.0,0.0,0.0,forecast then threshold
ridge,2,357.5,0.0,0.0,,0.0,0.0,0.0,forecast then threshold
ridge,2,360.0,0.0,0.0,,0.0,0.0,0.0,forecast then threshold
ridge,2,362.5,0.0,0.0,,0.0,0.0,0.0,forecast then threshold
ridge,2,365.0,0.0,0.0,,0.0,0.0,0.0,forecast then threshold
ridge,2,367.5,0.0,0.0,,0.0,0.0,0.0,forecast then threshold
ridge,2,370.0,0.0,0.0,,0.0,0.0,0.0,forecast then threshold
ridge,2,372.5,0.0,0.0,,0.0,0.0,0.0,forecast then threshold
ridge,2,375.0,0.0,0.0,,0.0,0.0,0.0,forecast then threshold
ridge,2,377.5,0.0,0.0,,0.0,0.0,0.0,forecast then threshold
ridge,2,380.0,0.0,0.0,,0.0,0.0,0.0,forecast then threshold
ridge,2,382.5,0.0,0.0,,0.0,0.0,0.0,forecast then threshold
ridge,2,385.0,0.0,0.0,,0.0,0.0,0.0,forecast then threshold
ridge,2,387.5,0.0,0.0,,0.0,0.0,0.0,forecast then threshold
ridge,2,390.0,0.0,0.0,,0.0,0.0,0.0,forecast then threshold
ridge,2,392.5,0.0,0.0,,0.0,0.0,0.0,forecast then threshold
ridge,2,395.0,0.0,0.0,,0.0,0.0,0.0,forecast then threshold
ridge,2,397.5,0.0,0.0,,0.0,0.0,0.0,forecast then threshold
ridge,2,400.0,0.0,0.0,,0.0,0.0,0.0,forecast then threshold
ridge,3,20.0,1.0,0.9877750611246944,0.2807121661721068,0.2807121661721068,0.012224938875305624,362.0272058823529,forecast then threshold
ridge,3,22.5,1.0,0.9682151589242054,0.2847682119205298,0.2847682119205298,0.0317848410757946,356.87073529411765,forecast then threshold
ridge,3,25.0,1.0,0.9405052974735126,0.29071911493546404,0.29071911493546404,0.059494702526487364,349.56573529411764,forecast then threshold
ridge,3,27.5,1.0,0.9160554197229014,0.29618033813400124,0.29618033813400124,0.08394458027709861,343.12014705882353,forecast then threshold
ridge,3,30.0,1.0,0.8818255908720456,0.30418006430868166,0.30418006430868166,0.1181744091279544,334.0963235294118,forecast then threshold
ridge,3,32.5,1.0,0.8337408312958435,0.3161764705882353,0.3161764705882353,0.16625916870415647,321.42,forecast then threshold
ridge,3,35.0,1.0,0.8084759576202118,0.3228668941979522,0.3228668941979522,0.19152404237978815,314.7595588235294,forecast then threshold
ridge,3,37.5,1.0,0.7734311328443357,0.33263009845288327,0.33263009845288327,0.22656886715566427,305.52088235294116,forecast then threshold
ridge,3,40.0,1.0,0.732681336593317,0.34475218658892126,0.34475218658892126,0.267318663406683,294.7782352941176,forecast then threshold
ridge,3,42.5,1.0,0.6748166259168704,0.3635664873174481,0.3635664873174481,0.3251833740831296,279.5236764705882,forecast then threshold
ridge,3,45.0,1.0,0.6471067644661777,0.3733228097868982,0.3733228097868982,0.35289323553382235,272.2186764705882,forecast then threshold
ridge,3,47.5,1.0,0.6104319478402608,0.38707037643207853,0.38707037643207853,0.3895680521597392,262.55029411764707,forecast then threshold
ridge,3,50.0,1.0,0.58679706601467,0.3964794635373009,0.3964794635373009,0.41320293398533003,256.3195588235294,forecast then threshold
ridge,3,52.5,1.0,0.5696821515892421,0.4035836177474403,0.4035836177474403,0.43031784841075793,251.80764705882353,forecast then threshold
ridge,3,55.0,1.0,0.5493072534637327,0.41238012205754143,0.41238012205754143,0.45069274653626734,246.43632352941177,forecast then threshold
ridge,3,57.5,1.0,0.5232273838630807,0.4242152466367713,0.4242152466367713,0.47677261613691935,239.5610294117647,forecast then threshold
ridge,3,60.0,0.9978858350951374,0.49225753871230643,0.43866171003717475,0.4382544103992572,0.5056282963828309,231.18176470588236,forecast then threshold
ridge,3,62.5,0.9978858350951374,0.4669926650366748,0.45167464114832534,0.45124282982791586,0.5308931700584626,224.52132352941177,forecast then threshold
ridge,3,65.0,0.9978858350951374,0.43683781581092096,0.46825396825396826,0.46778989098116946,0.5610480192842164,216.57176470588234,forecast then threshold
ridge,3,67.5,0.9978858350951374,0.4132029339853301,0.4821246169560776,0.4816326530612245,0.5846829011098074,210.3410294117647,forecast then threshold
ridge,3,70.0,0.9978858350951374,0.3797881010594947,0.5031982942430704,0.5026624068157615,0.6180977340356427,201.5320588235294,forecast then threshold
ridge,3,72.5,0.9957716701902748,0.35207823960880197,0.521594684385382,0.5204419889502763,0.6436934305814728,194.01220588235293,forecast then threshold
ridge,3,75.0,0.9957716701902748,0.31947840260798693,0.5457705677867902,0.5445086705202312,0.6762932675822879,185.4180882352941,forecast then threshold
ridge,3,77.5,0.9936575052854123,0.29013854930725347,0.5690072639225182,0.5669481302774427,0.7035189559781588,177.4685294117647,forecast then threshold
ridge,3,80.0,0.9873150105708245,0.2624286878565607,0.5918884664131813,0.5874213836477987,0.7248863227142638,169.5189705882353,forecast then threshold
ridge,3,82.5,0.9809725158562368,0.23145884270578648,0.6203208556149733,0.6129458388375165,0.7495136731504504,160.71,forecast then threshold
ridge,3,85.0,0.9746300211416491,0.21271393643031786,0.6385041551246537,0.6280653950953679,0.7619160847113312,155.12382352941177,forecast then threshold
ridge,3,87.5,0.9746300211416491,0.1980440097799511,0.6548295454545454,0.6438547486033519,0.776586011361698,151.2564705882353,forecast then threshold
ridge,3,90.0,0.9746300211416491,0.18092909535452323,0.6749633967789166,0.6633093525179856,0.7937009257871259,146.74455882352942,forecast then threshold
ridge,3,92.5,0.9704016913319239,0.16951915240423798,0.6881559220389805,0.6740088105726872,0.8008825389276859,143.3069117647059,forecast then threshold
ridge,3,95.0,0.9661733615221987,0.1556642216788916,0.7052469135802469,0.6882530120481928,0.8105091398433071,139.22470588235294,forecast then threshold
ridge,3,97.5,0.9640591966173362,0.1458842705786471,0.7181102362204724,0.6993865030674846,0.818174926038689,136.43161764705883,forecast then threshold
ridge,3,100.0,0.9619450317124736,0.1426242868785656,0.7222222222222222,0.7021604938271605,0.8193207448339079,135.35735294117646,forecast then threshold
ridge,3,102.5,0.959830866807611,0.13447432762836187,0.7334410339256866,0.7115987460815048,0.8253565391792491,132.9939705882353,forecast then threshold
ridge,3,105.0,0.9534883720930233,0.12876935615321924,0.7405582922824302,0.7147385103011094,0.824719015939804,130.8454411764706,forecast then threshold
ridge,3,107.5,0.9492600422832981,0.12061939690301549,0.7520938023450586,0.7230273752012882,0.8286406453802826,128.26720588235295,forecast then threshold
ridge,3,110.0,0.945031712473573,0.11735941320293398,0.7563451776649747,0.7244732576985413,0.827672299270639,126.97808823529412,forecast then threshold
ridge,3,112.5,0.9386892177589852,0.11572942135289324,0.757679180887372,0.7219512195121951,0.822959796406092,125.90382352941177,forecast then threshold
ridge,3,115.0,0.9344608879492601,0.11165444172779136,0.7633851468048359,0.7245901639344262,0.8228064462214687,124.39985294117648,forecast then threshold
ridge,3,117.5,0.9302325581395349,0.10920945395273024,0.7665505226480837,0.7248764415156508,0.8210231041868046,123.32558823529412,forecast then threshold
ridge,3,120.0,0.9302325581395349,0.10513447432762836,0.773286467486819,0.7308970099667774,0.8250980838119065,122.25132352941176,forecast then threshold
ridge,3,122.5,0.9260042283298098,0.10105949470252648,0.7793594306049823,0.7336683417085427,0.8249447336272833,120.74735294117647,forecast then threshold
ridge,3,125.0,0.919661733615222,0.09535452322738386,0.7880434782608695,0.7372881355932204,0.8243072103878382,118.59882352941176,forecast then threshold
ridge,3,127.5,0.9090909090909091,0.09372453137734311,0.7889908256880734,0.7312925170068028,0.8153663777135659,117.09485294117647,forecast then threshold
ridge,3,130.0,0.9006342494714588,0.08720456397718011,0.799249530956848,0.7344827586206897,0.8134296854942786,114.51661764705882,forecast then threshold
ridge,3,132.5,0.8985200845665962,0.08312958435207823,0.8064516129032258,0.7391304347826086,0.8153905002145179,113.2275,forecast then threshold
ridge,3,135.0,0.8964059196617337,0.07986960065199673,0.8122605363984674,0.7425569176882661,0.8165363190097369,112.15323529411765,forecast then threshold
ridge,3,137.5,0.8858350951374208,0.07742461287693561,0.8151750972762646,0.7376760563380281,0.8084104822604852,110.43441176470589,forecast then threshold
ridge,3,140.0,0.8773784355179705,0.07579462102689487,0.8169291338582677,0.7332155477031802,0.8015838144910756,109.14529411764705,forecast then threshold
ridge,3,142.5,0.8731501057082452,0.07497962510187449,0.8178217821782178,0.7309734513274336,0.7981704806063707,108.50073529411765,forecast then threshold
ridge,3,145.0,0.8583509513742071,0.07253463732681337,0.8202020202020202,0.7224199288256228,0.7858163140473937,106.35220588235295,forecast then threshold
ridge,3,147.5,0.8372093023255814,0.06845965770171149,0.825,0.7109515260323159,0.76874964462387,103.12941176470588,forecast then threshold
ridge,3,150.0,0.828752642706131,0.06356968215158924,0.8340425531914893,0.7114337568058077,0.7651829605545418,100.98088235294118,forecast then threshold
ridge,3,152.5,0.8118393234672304,0.06193969030154849,0.8347826086956521,0.6994535519125683,0.749899633165682,98.83235294117647,forecast then threshold
ridge,3,155.0,0.7991543340380549,0.059494702526487364,0.8381374722838137,0.6923076923076923,0.7396596315115676,96.89867647058824,forecast then threshold
ridge,3,157.5,0.7906976744186046,0.05623471882640587,0.8442437923250564,0.6900369003690037,0.7344629555921988,95.17985294117648,forecast then threshold
ridge,3,160.0,0.7780126849894292,0.05297473512632437,0.8498845265588915,0.6840148698884758,0.7250379498631049,93.03132352941176,forecast then threshold
ridge,3,162.5,0.7653276955602537,0.0488997555012225,0.8578199052132701,0.6791744840525328,0.7164279400590312,90.66794117647059,forecast then threshold
ridge,3,165.0,0.7484143763213531,0.04645476772616137,0.8613138686131386,0.6679245283018868,0.7019596085951917,88.3045588235294,forecast then threshold
ridge,3,167.5,0.7378435517970402,0.04482477587612062,0.8638613861386139,0.6609848484848485,0.6930187759209195,86.80058823529411,forecast then threshold
ridge,3,170.0,0.7103594080338267,0.04319478402607987,0.8637532133676092,0.6387832699619772,0.6671646240077468,83.57779411764706,forecast then threshold
ridge,3,172.5,0.6955602536997886,0.042379788101059496,0.863517060367454,0.6266666666666667,0.6531804655987291,81.8589705882353,forecast then threshold
ridge,3,175.0,0.6680761099365751,0.039119804400977995,0.8681318681318682,0.6065259117082533,0.6289563055355971,78.20647058823529,forecast then threshold
ridge,3,177.5,0.642706131078224,0.03830480847595762,0.8660968660968661,0.5846153846153846,0.6044013226022664,75.41338235294117,forecast then threshold
ridge,3,180.0,0.6194503171247357,0.035859820700896494,0.8694362017804155,0.5667311411992263,0.5835904964238392,72.40544117647059,forecast then threshold
ridge,3,182.5,0.6004228329809725,0.034229828850855744,0.8711656441717791,0.5514563106796116,0.5661930041301168,70.04205882352942,forecast then threshold
ridge,3,185.0,0.5813953488372093,0.034229828850855744,0.8675078864353313,0.5339805825242718,0.5471655199863535,68.10838235294118,forecast then threshold
ridge,3,187.5,0.5539112050739958,0.03178484107579462,0.8704318936877077,0.51171875,0.5221263639982012,64.67073529411765,forecast then threshold
ridge,3,190.0,0.5348837209302325,0.029339853300733496,0.8754325259515571,0.49705304518664045,0.505543867629499,62.0925,forecast then threshold
ridge,3,192.5,0.5052854122621564,0.02689486552567237,0.8786764705882353,0.4723320158102767,0.478390546736484,58.44,forecast then threshold
ridge,3,195.0,0.46511627906976744,0.02444987775061125,0.88,0.43737574552683894,0.4406664013191562,53.713235294117645,forecast then threshold
ridge,3,197.5,0.4312896405919662,0.021189894050529748,0.8869565217391304,0.4088176352705411,0.41009974654143644,49.41617647058823,forecast then threshold
ridge,3,200.0,0.386892177589852,0.019559902200488997,0.8840579710144928,0.3682092555331992,0.367332275389363,44.474558823529414,forecast then threshold
ridge,3,202.5,0.34249471458773784,0.017929910350448247,0.8804347826086957,0.32727272727272727,0.3245648042372896,39.53294117647059,forecast then threshold
ridge,3,205.0,0.3128964059196617,0.013854930725346373,0.896969696969697,0.3020408163265306,0.29904147519431534,35.45073529411765,forecast then threshold
ridge,3,207.5,0.2854122621564482,0.013039934800325998,0.8940397350993378,0.27607361963190186,0.2723723273561222,32.44279411764706,forecast then threshold
ridge,3,210.0,0.2558139534883721,0.012224938875305624,0.8897058823529411,0.24795081967213115,0.24358901461306648,29.22,forecast then threshold
ridge,3,212.5,0.226215644820296,0.011409942950285249,0.8842975206611571,0.21971252566735114,0.21480570187001075,25.99720588235294,forecast then threshold
ridge,3,215.0,0.1945031712473573,0.010594947025264874,0.8761904761904762,0.18930041152263374,0.18390822422209244,22.55955882352941,forecast then threshold
ridge,3,217.5,0.1649048625792812,0.008964955175224124,0.8764044943820225,0.16115702479338842,0.15593990740405705,19.12191176470588,forecast then threshold
ridge,3,220.0,0.14376321353065538,0.007334963325183374,0.8831168831168831,0.14107883817427386,0.136428250205472,16.543676470588235,forecast then threshold
ridge,3,222.5,0.12896405919661733,0.007334963325183374,0.8714285714285714,0.12655601659751037,0.12162909587143395,15.03970588235294,forecast then threshold
ridge,3,225.0,0.10993657505285412,0.006519967400162999,0.8666666666666667,0.10810810810810811,0.10341660765269112,12.891176470588235,forecast then threshold
ridge,3,227.5,0.08456659619450317,0.004074979625101874,0.8888888888888888,0.08368200836820083,0.08049161656940129,9.668382352941176,forecast then threshold
ridge,3,230.0,0.07399577167019028,0.004074979625101874,0.875,0.07322175732217573,0.0699207920450884,8.594117647058823,forecast then threshold
ridge,3,232.5,0.05496828752642706,0.0032599837000814994,0.8666666666666667,0.05450733752620545,0.05170830382634556,6.445588235294117,forecast then threshold
ridge,3,235.0,0.040169133192389,0.0024449877750611247,0.8636363636363636,0.03991596638655462,0.03772414541732788,4.726764705882353,forecast then threshold
ridge,3,237.5,0.023255813953488372,0.0016299918500407497,0.8461538461538461,0.023157894736842106,0.02162582210344762,2.7930882352941175,forecast then threshold
ridge,3,240.0,0.019027484143763214,0.0016299918500407497,0.8181818181818182,0.018947368421052633,0.017397492293722464,2.3633823529411764,forecast then threshold
ridge,3,242.5,0.012684989429175475,0.0016299918500407497,0.75,0.01263157894736842,0.011054997579134725,1.7188235294117646,forecast then threshold
ridge,3,245.0,0.010570824524312896,0.0016299918500407497,0.7142857142857143,0.010526315789473684,0.008940832674272146,1.503970588235294,forecast then threshold
ridge,3,247.5,0.010570824524312896,0.0016299918500407497,0.7142857142857143,0.010526315789473684,0.008940832674272146,1.503970588235294,forecast then threshold
ridge,3,250.0,0.010570824524312896,0.0016299918500407497,0.7142857142857143,0.010526315789473684,0.008940832674272146,1.503970588235294,forecast then threshold
ridge,3,252.5,0.008456659619450317,0.0016299918500407497,0.6666666666666666,0.008421052631578947,0.006826667769409568,1.2891176470588235,forecast then threshold
ridge,3,255.0,0.004228329809725159,0.0016299918500407497,0.5,0.004210526315789474,0.0025983379596844092,0.8594117647058823,forecast then threshold
ridge,3,257.5,0.0021141649048625794,0.0016299918500407497,0.3333333333333333,0.002105263157894737,0.00048417305482182965,0.6445588235294117,forecast then threshold
ridge,3,260.0,0.0021141649048625794,0.0016299918500407497,0.3333333333333333,0.002105263157894737,0.00048417305482182965,0.6445588235294117,forecast then threshold
ridge,3,262.5,0.0021141649048625794,0.0016299918500407497,0.3333333333333333,0.002105263157894737,0.00048417305482182965,0.6445588235294117,forecast then threshold
ridge,3,265.0,0.0021141649048625794,0.0016299918500407497,0.3333333333333333,0.002105263157894737,0.00048417305482182965,0.6445588235294117,forecast then threshold
ridge,3,267.5,0.0021141649048625794,0.0016299918500407497,0.3333333333333333,0.002105263157894737,0.00048417305482182965,0.6445588235294117,forecast then threshold
ridge,3,270.0,0.0021141649048625794,0.0016299918500407497,0.3333333333333333,0.002105263157894737,0.00048417305482182965,0.6445588235294117,forecast then threshold
ridge,3,272.5,0.0021141649048625794,0.0016299918500407497,0.3333333333333333,0.002105263157894737,0.00048417305482182965,0.6445588235294117,forecast then threshold
ridge,3,275.0,0.0021141649048625794,0.0016299918500407497,0.3333333333333333,0.002105263157894737,0.00048417305482182965,0.6445588235294117,forecast then threshold
ridge,3,277.5,0.0021141649048625794,0.0016299918500407497,0.3333333333333333,0.002105263157894737,0.00048417305482182965,0.6445588235294117,forecast then threshold
ridge,3,280.0,0.0021141649048625794,0.0016299918500407497,0.3333333333333333,0.002105263157894737,0.00048417305482182965,0.6445588235294117,forecast then threshold
ridge,3,282.5,0.0021141649048625794,0.0016299918500407497,0.3333333333333333,0.002105263157894737,0.00048417305482182965,0.6445588235294117,forecast then threshold
ridge,3,285.0,0.0021141649048625794,0.0016299918500407497,0.3333333333333333,0.002105263157894737,0.00048417305482182965,0.6445588235294117,forecast then threshold
ridge,3,287.5,0.0021141649048625794,0.0016299918500407497,0.3333333333333333,0.002105263157894737,0.00048417305482182965,0.6445588235294117,forecast then threshold
ridge,3,290.0,0.0021141649048625794,0.0008149959250203749,0.5,0.002109704641350211,0.0012991689798422046,0.42970588235294116,forecast then threshold
ridge,3,292.5,0.0,0.0008149959250203749,0.0,0.0,-0.0008149959250203749,0.21485294117647058,forecast then threshold
ridge,3,295.0,0.0,0.0008149959250203749,0.0,0.0,-0.0008149959250203749,0.21485294117647058,forecast then threshold
ridge,3,297.5,0.0,0.0008149959250203749,0.0,0.0,-0.0008149959250203749,0.21485294117647058,forecast then threshold
ridge,3,300.0,0.0,0.0008149959250203749,0.0,0.0,-0.0008149959250203749,0.21485294117647058,forecast then threshold
ridge,3,302.5,0.0,0.0,,0.0,0.0,0.0,forecast then threshold
ridge,3,305.0,0.0,0.0,,0.0,0.0,0.0,forecast then threshold
ridge,3,307.5,0.0,0.0,,0.0,0.0,0.0,forecast then threshold
ridge,3,310.0,0.0,0.0,,0.0,0.0,0.0,forecast then threshold
ridge,3,312.5,0.0,0.0,,0.0,0.0,0.0,forecast then threshold
ridge,3,315.0,0.0,0.0,,0.0,0.0,0.0,forecast then threshold
ridge,3,317.5,0.0,0.0,,0.0,0.0,0.0,forecast then threshold
ridge,3,320.0,0.0,0.0,,0.0,0.0,0.0,forecast then threshold
ridge,3,322.5,0.0,0.0,,0.0,0.0,0.0,forecast then threshold
ridge,3,325.0,0.0,0.0,,0.0,0.0,0.0,forecast then threshold
ridge,3,327.5,0.0,0.0,,0.0,0.0,0.0,forecast then threshold
ridge,3,330.0,0.0,0.0,,0.0,0.0,0.0,forecast then threshold
ridge,3,332.5,0.0,0.0,,0.0,0.0,0.0,forecast then threshold
ridge,3,335.0,0.0,0.0,,0.0,0.0,0.0,forecast then threshold
ridge,3,337.5,0.0,0.0,,0.0,0.0,0.0,forecast then threshold
ridge,3,340.0,0.0,0.0,,0.0,0.0,0.0,forecast then threshold
ridge,3,342.5,0.0,0.0,,0.0,0.0,0.0,forecast then threshold
ridge,3,345.0,0.0,0.0,,0.0,0.0,0.0,forecast then threshold
ridge,3,347.5,0.0,0.0,,0.0,0.0,0.0,forecast then threshold
ridge,3,350.0,0.0,0.0,,0.0,0.0,0.0,forecast then threshold
ridge,3,352.5,0.0,0.0,,0.0,0.0,0.0,forecast then threshold
ridge,3,355.0,0.0,0.0,,0.0,0.0,0.0,forecast then threshold
ridge,3,357.5,0.0,0.0,,0.0,0.0,0.0,forecast then threshold
ridge,3,360.0,0.0,0.0,,0.0,0.0,0.0,forecast then threshold
ridge,3,362.5,0.0,0.0,,0.0,0.0,0.0,forecast then threshold
ridge,3,365.0,0.0,0.0,,0.0,0.0,0.0,forecast then threshold
ridge,3,367.5,0.0,0.0,,0.0,0.0,0.0,forecast then threshold
ridge,3,370.0,0.0,0.0,,0.0,0.0,0.0,forecast then threshold
ridge,3,372.5,0.0,0.0,,0.0,0.0,0.0,forecast then threshold
ridge,3,375.0,0.0,0.0,,0.0,0.0,0.0,forecast then threshold
ridge,3,377.5,0.0,0.0,,0.0,0.0,0.0,forecast then threshold
ridge,3,380.0,0.0,0.0,,0.0,0.0,0.0,forecast then threshold
ridge,3,382.5,0.0,0.0,,0.0,0.0,0.0,forecast then threshold
ridge,3,385.0,0.0,0.0,,0.0,0.0,0.0,forecast then threshold
ridge,3,387.5,0.0,0.0,,0.0,0.0,0.0,forecast then threshold
ridge,3,390.0,0.0,0.0,,0.0,0.0,0.0,forecast then threshold
ridge,3,392.5,0.0,0.0,,0.0,0.0,0.0,forecast then threshold
ridge,3,395.0,0.0,0.0,,0.0,0.0,0.0,forecast then threshold
ridge,3,397.5,0.0,0.0,,0.0,0.0,0.0,forecast then threshold
ridge,3,400.0,0.0,0.0,,0.0,0.0,0.0,forecast then threshold
seasonal_naive_7,1,20.0,1.0,0.9150485436893204,0.297951582867784,0.297951582867784,0.08495145631067957,342.90078671328666,forecast then threshold
seasonal_naive_7,1,22.5,1.0,0.8802588996763754,0.30612244897959184,0.30612244897959184,0.11974110032362462,333.74825174825173,forecast then threshold
seasonal_naive_7,1,25.0,1.0,0.8365695792880259,0.31704095112285335,0.31704095112285335,0.1634304207119741,322.2543706293706,forecast then threshold
seasonal_naive_7,1,27.5,1.0,0.7977346278317152,0.3274215552523875,0.3274215552523875,0.20226537216828477,312.0375874125874,forecast then threshold
seasonal_naive_7,1,30.0,1.0,0.7516181229773463,0.340667139815472,0.340667139815472,0.24838187702265369,299.90515734265733,forecast then threshold
seasonal_naive_7,1,32.5,0.9979166666666667,0.7152103559870551,0.35143066764490094,0.35117302052785926,0.2827063106796116,290.1140734265734,forecast then threshold
seasonal_naive_7,1,35.0,0.9979166666666667,0.6844660194174758,0.36150943396226415,0.361236802413273,0.3134506472491909,282.02578671328666,forecast then threshold
seasonal_naive_7,1,37.5,0.9979166666666667,0.651294498381877,0.37305295950155765,0.3727626459143969,0.34662216828478964,273.29895104895104,forecast then threshold
seasonal_naive_7,1,40.0,0.9979166666666667,0.6116504854368932,0.38785425101214577,0.38754045307443363,0.3862661812297735,262.8693181818182,forecast then threshold
seasonal_naive_7,1,42.5,0.9979166666666667,0.5752427184466019,0.40252100840336136,0.40218303946263645,0.42267394822006477,253.2910839160839,forecast then threshold
seasonal_naive_7,1,45.0,0.9979166666666667,0.5469255663430421,0.4147186147186147,0.4143598615916955,0.45099110032362455,245.84134615384613,forecast then threshold
seasonal_naive_7,1,47.5,0.99375,0.5218446601941747,0.42513368983957217,0.424,0.4719053398058253,238.81730769230768,forecast then threshold
seasonal_naive_7,1,50.0,0.9916666666666667,0.49838187702265374,0.4358974358974359,0.4343065693430657,0.49328478964401296,232.43181818181816,forecast then threshold
seasonal_naive_7,1,52.5,0.9833333333333333,0.47006472491909385,0.4482431149097816,0.4448633364750236,0.5132686084142395,224.1306818181818,forecast then threshold
seasonal_naive_7,1,55.0,0.9791666666666666,0.44336569579288027,0.46168958742632615,0.4571984435797665,0.5358009708737863,216.68094405594405,forecast then threshold
seasonal_naive_7,1,57.5,0.9791666666666666,0.42637540453074435,0.47141424272818455,0.4667328699106256,0.5527912621359223,212.2111013986014,forecast then threshold
seasonal_naive_7,1,60.0,0.9791666666666666,0.39158576051779936,0.49266247379454925,0.487551867219917,0.5875809061488673,203.05856643356643,forecast then threshold
seasonal_naive_7,1,62.5,0.9770833333333333,0.37216828478964403,0.5048439181916039,0.498936170212766,0.6049150485436893,197.73732517482517,forecast then threshold
seasonal_naive_7,1,65.0,0.9729166666666667,0.35760517799352753,0.5137513751375138,0.5065075921908894,0.6153114886731391,193.48033216783216,forecast then threshold
seasonal_naive_7,1,67.5,0.9666666666666667,0.33818770226537215,0.5260770975056689,0.5167037861915368,0.6284789644012945,187.7333916083916,forecast then threshold
seasonal_naive_7,1,70.0,0.9604166666666667,0.31957928802589,0.5385514018691588,0.5268571428571428,0.6408373786407767,182.1993006993007,forecast then threshold
seasonal_naive_7,1,72.5,0.9479166666666666,0.2993527508090615,0.5515151515151515,0.5352941176470588,0.6485639158576051,175.60096153846152,forecast then threshold
seasonal_naive_7,1,75.0,0.9395833333333333,0.28236245954692557,0.56375,0.5440289505428226,0.6572208737864078,170.27972027972027,forecast then threshold
seasonal_naive_7,1,77.5,0.9333333333333333,0.26779935275080907,0.5750962772785623,0.5524044389642416,0.6655339805825242,165.8098776223776,forecast then threshold
seasonal_naive_7,1,80.0,0.93125,0.25,0.5912698412698413,0.5665399239543726,0.68125,160.91433566433565,forecast then threshold
seasonal_naive_7,1,82.5,0.9270833333333334,0.23220064724919093,0.6079234972677595,0.5801825293350718,0.6948826860841424,155.80594405594405,forecast then threshold
seasonal_naive_7,1,85.0,0.925,0.2168284789644013,0.6235955056179775,0.5935828877005348,0.7081715210355988,151.54895104895104,forecast then threshold
seasonal_naive_7,1,87.5,0.9166666666666666,0.20631067961165048,0.6330935251798561,0.5986394557823129,0.7103559870550161,147.930506993007,forecast then threshold
seasonal_naive_7,1,90.0,0.9145833333333333,0.1901294498381877,0.6513353115727003,0.6139860139860139,0.7244538834951456,143.46066433566432,forecast then threshold
seasonal_naive_7,1,92.5,0.9041666666666667,0.17475728155339806,0.6676923076923077,0.6235632183908046,0.7294093851132686,138.35227272727272,forecast then threshold
seasonal_naive_7,1,95.0,0.8958333333333334,0.16585760517799353,0.6771653543307087,0.6277372262773723,0.7299757281553398,135.15952797202797,forecast then threshold
seasonal_naive_7,1,97.5,0.8854166666666666,0.15210355987055016,0.6933115823817292,0.6362275449101796,0.7333131067961165,130.47683566433565,forecast then threshold
seasonal_naive_7,1,100.0,0.8770833333333333,0.14401294498381878,0.7028380634390651,0.6398176291793313,0.7330703883495145,127.49694055944055,forecast then threshold
seasonal_naive_7,1,102.5,0.86875,0.13592233009708737,0.7128205128205128,0.6435185185185185,0.7328276699029126,124.51704545454544,forecast then threshold
seasonal_naive_7,1,105.0,0.8604166666666667,0.13187702265372167,0.7170138888888888,0.6423017107309487,0.728539644012945,122.60139860139859,forecast then threshold
seasonal_naive_7,1,107.5,0.8520833333333333,0.12864077669902912,0.7200704225352113,0.6400625978090767,0.7234425566343041,120.89860139860139,forecast then threshold
seasonal_naive_7,1,110.0,0.8395833333333333,0.11326860841423948,0.7421731123388582,0.65,0.7263147249190939,115.57736013986013,forecast then threshold
seasonal_naive_7,1,112.5,0.825,0.1076051779935275,0.7485822306238186,0.6460032626427407,0.7173948220064724,112.59746503496503,forecast then threshold
seasonal_naive_7,1,115.0,0.8104166666666667,0.10517799352750809,0.7495183044315993,0.6377049180327868,0.7052386731391586,110.46896853146852,forecast then threshold
seasonal_naive_7,1,117.5,0.7979166666666667,0.09951456310679611,0.7569169960474308,0.6351575456053068,0.6984021035598706,107.70192307692307,forecast then threshold
seasonal_naive_7,1,120.0,0.7770833333333333,0.09304207119741101,0.764344262295082,0.626890756302521,0.6840412621359223,103.87062937062936,forecast then threshold
seasonal_naive_7,1,122.5,0.7708333333333334,0.08980582524271845,0.7692307692307693,0.626057529610829,0.681027508090615,102.38068181818181,forecast then threshold
seasonal_naive_7,1,125.0,0.7583333333333333,0.08414239482200647,0.7777777777777778,0.6232876712328768,0.6741909385113268,99.61363636363636,forecast then threshold
seasonal_naive_7,1,127.5,0.7520833333333333,0.0825242718446602,0.7796976241900648,0.6202749140893471,0.6695590614886732,98.5493881118881,forecast then threshold
seasonal_naive_7,1,130.0,0.7270833333333333,0.0784789644012945,0.7825112107623319,0.6048526863084922,0.6486043689320388,94.93094405594405,forecast then threshold
seasonal_naive_7,1,132.5,0.7145833333333333,0.07686084142394822,0.7831050228310502,0.5965217391304348,0.6377224919093851,93.22814685314684,forecast then threshold
seasonal_naive_7,1,135.0,0.6979166666666666,0.0744336569579288,0.7845433255269321,0.5856643356643356,0.6234830097087378,90.8868006993007,forecast then threshold
seasonal_naive_7,1,137.5,0.6791666666666667,0.06877022653721683,0.7931873479318735,0.5769911504424778,0.6103964401294498,87.4812062937063,forecast then threshold
seasonal_naive_7,1,140.0,0.675,0.06634304207119741,0.7980295566502463,0.5765124555160143,0.6086569579288026,86.41695804195804,forecast then threshold
seasonal_naive_7,1,142.5,0.6729166666666667,0.06553398058252427,0.7995049504950495,0.5757575757575758,0.6073826860841425,85.99125874125873,forecast then threshold
seasonal_naive_7,1,145.0,0.6666666666666666,0.06553398058252427,0.7980049875311721,0.5704099821746881,0.6011326860841424,85.35270979020979,forecast then threshold
seasonal_naive_7,1,147.5,0.65,0.06310679611650485,0.8,0.5591397849462365,0.5868932038834952,83.01136363636363,forecast then threshold
seasonal_naive_7,1,150.0,0.6333333333333333,0.061488673139158574,0.8,0.5467625899280576,0.5718446601941747,80.88286713286713,forecast then threshold
seasonal_naive_7,1,152.5,0.6208333333333333,0.05906148867313916,0.8032345013477089,0.538878842676311,0.5617718446601941,78.96722027972028,forecast then threshold
seasonal_naive_7,1,155.0,0.6,0.055825242718446605,0.8067226890756303,0.5245901639344263,0.5441747572815534,75.98732517482517,forecast then threshold
seasonal_naive_7,1,157.5,0.5916666666666667,0.054207119741100325,0.8091168091168092,0.5191956124314442,0.5374595469255663,74.71022727272727,forecast then threshold
seasonal_naive_7,1,160.0,0.575,0.052588996763754045,0.8093841642228738,0.5064220183486239,0.5224110032362459,72.58173076923076,forecast then threshold
seasonal_naive_7,1,162.5,0.5625,0.050970873786407765,0.8108108108108109,0.4972375690607735,0.5115291262135923,70.87893356643356,forecast then threshold
seasonal_naive_7,1,165.0,0.5395833333333333,0.05016181229773463,0.8068535825545171,0.477859778597786,0.48942152103559866,68.32473776223776,forecast then threshold
seasonal_naive_7,1,167.5,0.5333333333333333,0.04773462783171521,0.8126984126984127,0.4749536178107607,0.4855987055016181,67.04763986013985,forecast then threshold
seasonal_naive_7,1,170.0,0.5208333333333334,0.045307443365695796,0.8169934640522876,0.4664179104477612,0.47552588996763756,65.131993006993,forecast then threshold
seasonal_naive_7,1,172.5,0.5145833333333333,0.045307443365695796,0.8151815181518152,0.4608208955223881,0.46927588996763747,64.49344405594405,forecast then threshold
seasonal_naive_7,1,175.0,0.5041666666666667,0.04288025889967637,0.8203389830508474,0.4540337711069418,0.46128640776699026,62.790646853146846,forecast then threshold
seasonal_naive_7,1,177.5,0.49583333333333335,0.042071197411003236,0.8206896551724138,0.4473684210526316,0.4537621359223301,61.7263986013986,forecast then threshold
seasonal_naive_7,1,180.0,0.47708333333333336,0.038834951456310676,0.8267148014440433,0.4337121212121212,0.4382483818770227,58.95935314685314,forecast then threshold
seasonal_naive_7,1,182.5,0.4708333333333333,0.0372168284789644,0.8308823529411765,0.4296577946768061,0.4336165048543689,57.89510489510489,forecast then threshold
seasonal_naive_7,1,185.0,0.45625,0.03478964401294499,0.8358778625954199,0.4187380497131931,0.421460355987055,55.766608391608386,forecast then threshold
seasonal_naive_7,1,187.5,0.44375,0.03398058252427184,0.8352941176470589,0.40804597701149425,0.40976941747572815,54.27666083916083,forecast then threshold
seasonal_naive_7,1,190.0,0.4270833333333333,0.03317152103559871,0.8333333333333334,0.3934740882917466,0.3939118122977346,52.36101398601398,forecast then threshold
seasonal_naive_7,1,192.5,0.41458333333333336,0.03317152103559871,0.8291666666666667,0.381957773512476,0.38141181229773463,51.08391608391608,forecast then threshold
seasonal_naive_7,1,195.0,0.4,0.03155339805825243,0.8311688311688312,0.3699421965317919,0.3684466019417476,49.168269230769226,forecast then threshold
seasonal_naive_7,1,197.5,0.38958333333333334,0.030744336569579287,0.8311111111111111,0.361003861003861,0.358838996763754,47.89117132867133,forecast then threshold
seasonal_naive_7,1,200.0,0.3875,0.02912621359223301,0.8378378378378378,0.36046511627906974,0.358373786407767,47.25262237762237,forecast then threshold
seasonal_naive_7,1,202.5,0.38125,0.02831715210355987,0.8394495412844036,0.3553398058252427,0.3529328478964401,46.40122377622377,forecast then threshold
seasonal_naive_7,1,205.0,0.36666666666666664,0.02669902912621359,0.8421052631578947,0.34307992202729043,0.33996763754045306,44.48557692307692,forecast then threshold
seasonal_naive_7,1,207.5,0.35833333333333334,0.025889967637540454,0.8431372549019608,0.3359375,0.33244336569579286,43.421328671328666,forecast then threshold
seasonal_naive_7,1,210.0,0.35,0.025889967637540454,0.84,0.328125,0.3241100323624595,42.56993006993007,forecast then threshold
seasonal_naive_7,1,212.5,0.3375,0.024271844660194174,0.84375,0.3176470588235294,0.31322815533980586,40.86713286713287,forecast then threshold
seasonal_naive_7,1,215.0,0.3229166666666667,0.023462783171521034,0.842391304347826,0.3045186640471513,0.2994538834951457,39.16433566433566,forecast then threshold
seasonal_naive_7,1,217.5,0.3145833333333333,0.022653721682847898,0.8435754189944135,0.297244094488189,0.2919296116504854,38.100087412587406,forecast then threshold
seasonal_naive_7,1,220.0,0.3020833333333333,0.020226537216828478,0.8529411764705882,0.2871287128712871,0.2818567961165048,36.18444055944056,forecast then threshold
seasonal_naive_7,1,222.5,0.28958333333333336,0.019417475728155338,0.852760736196319,0.2757936507936508,0.27016585760517803,34.69449300699301,forecast then threshold
seasonal_naive_7,1,225.0,0.26875,0.0186084142394822,0.8486842105263158,0.25646123260437376,0.2501415857605178,32.35314685314685,forecast then threshold
seasonal_naive_7,1,227.5,0.26458333333333334,0.015372168284789644,0.8698630136986302,0.2545090180360721,0.24921116504854368,31.07604895104895,forecast then threshold
seasonal_naive_7,1,230.0,0.25416666666666665,0.014563106796116505,0.8714285714285714,0.24497991967871485,0.23960355987055015,29.798951048951047,forecast then threshold
seasonal_naive_7,1,232.5,0.25,0.013754045307443365,0.8759124087591241,0.2414486921529175,0.23624595469255663,29.160402097902097,forecast then threshold
seasonal_naive_7,1,235.0,0.24583333333333332,0.013754045307443365,0.8740740740740741,0.23742454728370221,0.23207928802588995,28.734702797202797,forecast then threshold
seasonal_naive_7,1,237.5,0.23541666666666666,0.013754045307443365,0.8692307692307693,0.22736418511066397,0.2216626213592233,27.670454545454543,forecast then threshold
seasonal_naive_7,1,240.0,0.23125,0.012944983818770227,0.8740157480314961,0.22379032258064516,0.21830501618122977,27.031905594405593,forecast then threshold
seasonal_naive_7,1,242.5,0.225,0.012944983818770227,0.8709677419354839,0.21774193548387097,0.21205501618122977,26.39335664335664,forecast then threshold
seasonal_naive_7,1,245.0,0.22291666666666668,0.012135922330097087,0.8770491803278688,0.21616161616161617,0.2107807443365696,25.96765734265734,forecast then threshold
seasonal_naive_7,1,247.5,0.21666666666666667,0.011326860841423949,0.8813559322033898,0.21052631578947367,0.20533980582524272,25.11625874125874,forecast then threshold
seasonal_naive_7,1,250.0,0.21041666666666667,0.010517799352750809,0.8859649122807017,0.20486815415821502,0.19989886731391587,24.264860139860136,forecast then threshold
seasonal_naive_7,1,252.5,0.20625,0.010517799352750809,0.8839285714285714,0.20081135902636918,0.19573220064724917,23.839160839160837,forecast then threshold
seasonal_naive_7,1,255.0,0.18958333333333333,0.009708737864077669,0.883495145631068,0.18495934959349594,0.17987459546925566,21.923513986013983,forecast then threshold
seasonal_naive_7,1,257.5,0.18333333333333332,0.009708737864077669,0.88,0.17886178861788618,0.17362459546925565,21.284965034965033,forecast then threshold
seasonal_naive_7,1,260.0,0.17291666666666666,0.009708737864077669,0.8736842105263158,0.16869918699186992,0.163207928802589,20.220716783216783,forecast then threshold
seasonal_naive_7,1,262.5,0.16666666666666666,0.009708737864077669,0.8695652173913043,0.16260162601626016,0.156957928802589,19.58216783216783,forecast then threshold
seasonal_naive_7,1,265.0,0.15625,0.009708737864077669,0.8620689655172413,0.1524390243902439,0.14654126213592233,18.51791958041958,forecast then threshold
seasonal_naive_7,1,267.5,0.15416666666666667,0.009708737864077669,0.8604651162790697,0.15040650406504066,0.144457928802589,18.30506993006993,forecast then threshold
seasonal_naive_7,1,270.0,0.14583333333333334,0.00889967637540453,0.8641975308641975,0.1425661914460285,0.1369336569579288,17.240821678321677,forecast then threshold
seasonal_naive_7,1,272.5,0.14375,0.00889967637540453,0.8625,0.14052953156822812,0.13485032362459545,17.027972027972027,forecast then threshold
seasonal_naive_7,1,275.0,0.1375,0.007281553398058253,0.88,0.13496932515337423,0.13021844660194176,15.963723776223775,forecast then threshold
seasonal_naive_7,1,277.5,0.13541666666666666,0.007281553398058253,0.8783783783783784,0.1329243353783231,0.1281351132686084,15.750874125874125,forecast then threshold
seasonal_naive_7,1,280.0,0.125,0.006472491909385114,0.8823529411764706,0.12295081967213115,0.11852750809061488,14.473776223776223,forecast then threshold
seasonal_naive_7,1,282.5,0.12083333333333333,0.006472491909385114,0.8787878787878788,0.11885245901639344,0.11436084142394821,14.048076923076922,forecast then threshold
seasonal_naive_7,1,285.0,0.11666666666666667,0.006472491909385114,0.875,0.11475409836065574,0.11019417475728155,13.622377622377622,forecast then threshold
seasonal_naive_7,1,287.5,0.11458333333333333,0.0056634304207119745,0.8870967741935484,0.11293634496919917,0.10891990291262135,13.19667832167832,forecast then threshold
seasonal_naive_7,1,290.0,0.11041666666666666,0.0056634304207119745,0.8833333333333333,0.10882956878850103,0.10475323624595469,12.77097902097902,forecast then threshold
seasonal_naive_7,1,292.5,0.10625,0.0048543689320388345,0.8947368421052632,0.10493827160493827,0.10139563106796116,12.132430069930068,forecast then threshold
seasonal_naive_7,1,295.0,0.1,0.0048543689320388345,0.8888888888888888,0.09876543209876543,0.09514563106796117,11.493881118881118,forecast then threshold
seasonal_naive_7,1,297.5,0.09375,0.0048543689320388345,0.8823529411764706,0.09259259259259259,0.08889563106796117,10.855332167832167,forecast then threshold
seasonal_naive_7,1,300.0,0.08541666666666667,0.0048543689320388345,0.8723404255319149,0.08436213991769548,0.08056229773462784,10.003933566433565,forecast then threshold
seasonal_naive_7,1,302.5,0.08333333333333333,0.0040453074433656954,0.8888888888888888,0.08247422680412371,0.07928802588996764,9.578234265734265,forecast then threshold
seasonal_naive_7,1,305.0,0.07916666666666666,0.0040453074433656954,0.8837209302325582,0.07835051546391752,0.07512135922330097,9.152534965034965,forecast then threshold
seasonal_naive_7,1,307.5,0.07291666666666667,0.0040453074433656954,0.875,0.07216494845360824,0.06887135922330098,8.513986013986013,forecast then threshold
seasonal_naive_7,1,310.0,0.07083333333333333,0.0040453074433656954,0.8717948717948718,0.07010309278350516,0.06678802588996764,8.301136363636363,forecast then threshold
seasonal_naive_7,1,312.5,0.07083333333333333,0.0040453074433656954,0.8717948717948718,0.07010309278350516,0.06678802588996764,8.301136363636363,forecast then threshold
seasonal_naive_7,1,315.0,0.06666666666666667,0.0040453074433656954,0.8648648648648649,0.06597938144329897,0.06262135922330098,7.8754370629370625,forecast then threshold
seasonal_naive_7,1,317.5,0.06458333333333334,0.0040453074433656954,0.8611111111111112,0.06391752577319587,0.060538025889967644,7.662587412587412,forecast then threshold
seasonal_naive_7,1,320.0,0.06041666666666667,0.0040453074433656954,0.8529411764705882,0.05979381443298969,0.05637135922330097,7.236888111888112,forecast then threshold
seasonal_naive_7,1,322.5,0.058333333333333334,0.0040453074433656954,0.8484848484848485,0.0577319587628866,0.05428802588996764,7.024038461538461,forecast then threshold
seasonal_naive_7,1,325.0,0.058333333333333334,0.0040453074433656954,0.8484848484848485,0.0577319587628866,0.05428802588996764,7.024038461538461,forecast then threshold
seasonal_naive_7,1,327.5,0.058333333333333334,0.0040453074433656954,0.8484848484848485,0.0577319587628866,0.05428802588996764,7.024038461538461,forecast then threshold
seasonal_naive_7,1,330.0,0.058333333333333334,0.0040453074433656954,0.8484848484848485,0.0577319587628866,0.05428802588996764,7.024038461538461,forecast then threshold
seasonal_naive_7,1,332.5,0.05625,0.0040453074433656954,0.84375,0.05567010309278351,0.052204692556634305,6.811188811188811,forecast then threshold
seasonal_naive_7,1,335.0,0.05,0.0040453074433656954,0.8275862068965517,0.049484536082474224,0.045954692556634306,6.17263986013986,forecast then threshold
seasonal_naive_7,1,337.5,0.05,0.0040453074433656954,0.8275862068965517,0.049484536082474224,0.045954692556634306,6.17263986013986,forecast then threshold
seasonal_naive_7,1,340.0,0.05,0.0040453074433656954,0.8275862068965517,0.049484536082474224,0.045954692556634306,6.17263986013986,forecast then threshold
seasonal_naive_7,1,342.5,0.05,0.0040453074433656954,0.8275862068965517,0.049484536082474224,0.045954692556634306,6.17263986013986,forecast then threshold
seasonal_naive_7,1,345.0,0.04583333333333333,0.0040453074433656954,0.8148148148148148,0.04536082474226804,0.041788025889967634,5.746940559440559,forecast then threshold
seasonal_naive_7,1,347.5,0.04583333333333333,0.0040453074433656954,0.8148148148148148,0.04536082474226804,0.041788025889967634,5.746940559440559,forecast then threshold
seasonal_naive_7,1,350.0,0.04375,0.0040453074433656954,0.8076923076923077,0.04329896907216495,0.0397046925566343,5.534090909090908,forecast then threshold
seasonal_naive_7,1,352.5,0.04375,0.0040453074433656954,0.8076923076923077,0.04329896907216495,0.0397046925566343,5.534090909090908,forecast then threshold
seasonal_naive_7,1,355.0,0.041666666666666664,0.0040453074433656954,0.8,0.041237113402061855,0.03762135922330097,5.321241258741258,forecast then threshold
seasonal_naive_7,1,357.5,0.03958333333333333,0.0040453074433656954,0.7916666666666666,0.03917525773195876,0.035538025889967635,5.108391608391608,forecast then threshold
seasonal_naive_7,1,360.0,0.0375,0.003236245954692557,0.8181818181818182,0.0371900826446281,0.03426375404530744,4.6826923076923075,forecast then threshold
seasonal_naive_7,1,362.5,0.0375,0.003236245954692557,0.8181818181818182,0.0371900826446281,0.03426375404530744,4.6826923076923075,forecast then threshold
seasonal_naive_7,1,365.0,0.0375,0.003236245954692557,0.8181818181818182,0.0371900826446281,0.03426375404530744,4.6826923076923075,forecast then threshold
seasonal_naive_7,1,367.5,0.0375,0.003236245954692557,0.8181818181818182,0.0371900826446281,0.03426375404530744,4.6826923076923075,forecast then threshold
seasonal_naive_7,1,370.0,0.03333333333333333,0.0024271844660194173,0.8421052631578947,0.033126293995859216,0.030906148867313916,4.044143356643357,forecast then threshold
seasonal_naive_7,1,372.5,0.03333333333333333,0.0024271844660194173,0.8421052631578947,0.033126293995859216,0.030906148867313916,4.044143356643357,forecast then threshold
seasonal_naive_7,1,375.0,0.03125,0.0024271844660194173,0.8333333333333334,0.031055900621118012,0.028822815533980584,3.831293706293706,forecast then threshold
seasonal_naive_7,1,377.5,0.03125,0.0024271844660194173,0.8333333333333334,0.031055900621118012,0.028822815533980584,3.831293706293706,forecast then threshold
seasonal_naive_7,1,380.0,0.029166666666666667,0.0016181229773462784,0.875,0.029045643153526972,0.027548543689320387,3.4055944055944054,forecast then threshold
seasonal_naive_7,1,382.5,0.029166666666666667,0.0016181229773462784,0.875,0.029045643153526972,0.027548543689320387,3.4055944055944054,forecast then threshold
seasonal_naive_7,1,385.0,0.022916666666666665,0.0016181229773462784,0.8461538461538461,0.022821576763485476,0.021298543689320385,2.767045454545454,forecast then threshold
seasonal_naive_7,1,387.5,0.022916666666666665,0.0016181229773462784,0.8461538461538461,0.022821576763485476,0.021298543689320385,2.767045454545454,forecast then threshold
seasonal_naive_7,1,390.0,0.022916666666666665,0.0016181229773462784,0.8461538461538461,0.022821576763485476,0.021298543689320385,2.767045454545454,forecast then threshold
seasonal_naive_7,1,392.5,0.020833333333333332,0.0016181229773462784,0.8333333333333334,0.02074688796680498,0.019215210355987052,2.554195804195804,forecast then threshold
seasonal_naive_7,1,395.0,0.020833333333333332,0.0016181229773462784,0.8333333333333334,0.02074688796680498,0.019215210355987052,2.554195804195804,forecast then threshold
seasonal_naive_7,1,397.5,0.01875,0.0016181229773462784,0.8181818181818182,0.01867219917012448,0.01713187702265372,2.3413461538461537,forecast then threshold
seasonal_naive_7,1,400.0,0.01875,0.0016181229773462784,0.8181818181818182,0.01867219917012448,0.01713187702265372,2.3413461538461537,forecast then threshold
seasonal_naive_7,2,20.0,1.0,0.9154351395730707,0.29652996845425866,0.29652996845425866,0.08456486042692934,342.96282582938386,forecast then threshold
seasonal_naive_7,2,22.5,1.0,0.8809523809523809,0.304601425793908,0.304601425793908,0.11904761904761907,333.8748518957346,forecast then threshold
seasonal_naive_7,2,25.0,1.0,0.8390804597701149,0.31501340482573725,0.31501340482573725,0.16091954022988508,322.8394549763033,forecast then threshold
seasonal_naive_7,2,27.5,1.0,0.7996715927750411,0.3254847645429363,0.3254847645429363,0.20032840722495893,312.4531990521327,forecast then threshold
seasonal_naive_7,2,30.0,1.0,0.7512315270935961,0.33935018050541516,0.33935018050541516,0.24876847290640391,299.68675947867297,forecast then threshold
seasonal_naive_7,2,32.5,0.997872340425532,0.7134646962233169,0.3505231689088191,0.3502613890963405,0.2844076442022151,289.5168838862559,forecast then threshold
seasonal_naive_7,2,35.0,0.997872340425532,0.680623973727422,0.3613251155624037,0.3610469591993841,0.31724836669810996,280.8616706161137,forecast then threshold
seasonal_naive_7,2,37.5,0.997872340425532,0.6469622331691297,0.3731105807478122,0.3728139904610493,0.35091010725640226,271.990077014218,forecast then threshold
seasonal_naive_7,2,40.0,0.997872340425532,0.6067323481116584,0.3882450331125828,0.3879239040529363,0.39113999231387353,261.3874407582938,forecast then threshold
seasonal_naive_7,2,42.5,0.997872340425532,0.5714285714285714,0.4025751072961373,0.40222984562607206,0.42644376899696057,252.08308649289097,forecast then threshold
seasonal_naive_7,2,45.0,0.997872340425532,0.5443349753694581,0.41431095406360424,0.41394527802294795,0.4535373650560739,244.94253554502367,forecast then threshold
seasonal_naive_7,2,47.5,0.9936170212765958,0.5188834154351396,0.4249317561419472,0.4237749546279492,0.4747336058414562,237.80198459715638,forecast then threshold
seasonal_naive_7,2,50.0,0.9914893617021276,0.49589490968801314,0.4355140186915888,0.4338919925512104,0.4955944520141145,231.5269549763033,forecast then threshold
seasonal_naive_7,2,52.5,0.9829787234042553,0.4688013136288998,0.44724104549854793,0.4438040345821326,0.5141774097753555,223.52088270142178,forecast then threshold
seasonal_naive_7,2,55.0,0.9787234042553191,0.44170771756978655,0.46092184368737477,0.45634920634920634,0.5370156866855326,215.94757109004738,forecast then threshold
seasonal_naive_7,2,57.5,0.9787234042553191,0.4244663382594417,0.47082906857727735,0.46605876393110435,0.5542570659958774,211.40358412322274,forecast then threshold
seasonal_naive_7,2,60.0,0.9787234042553191,0.3899835796387521,0.4919786096256685,0.48677248677248675,0.588739824616567,202.31561018957345,forecast then threshold
seasonal_naive_7,2,62.5,0.9765957446808511,0.37110016420361247,0.5038419319429198,0.49783080260303686,0.6054955804772386,197.12248222748812,forecast then threshold
seasonal_naive_7,2,65.0,0.9723404255319149,0.3555008210180624,0.5134831460674157,0.5060908084163898,0.6168396045138524,192.5784952606635,forecast then threshold
seasonal_naive_7,2,67.5,0.9680851063829787,0.3366174055829228,0.5260115606936416,0.5170454545454546,0.631467700800056,187.16898696682463,forecast then threshold
seasonal_naive_7,2,70.0,0.9617021276595744,0.31773399014778325,0.5387365911799762,0.5274212368728122,0.6439681375117912,181.54309834123222,forecast then threshold
seasonal_naive_7,2,72.5,0.951063829787234,0.2963875205254516,0.5532178217821783,0.5379061371841155,0.6546763092617824,174.835308056872,forecast then threshold
seasonal_naive_7,2,75.0,0.9425531914893617,0.2766830870279146,0.5679487179487179,0.5489467162329615,0.665870104461447,168.7766587677725,forecast then threshold
seasonal_naive_7,2,77.5,0.9361702127659575,0.2619047619047619,0.5797101449275363,0.5576679340937896,0.6742654508611956,164.23267180094786,forecast then threshold
seasonal_naive_7,2,80.0,0.9340425531914893,0.24302134646962234,0.5972789115646259,0.5731070496083551,0.691021206721867,159.03954383886256,forecast then threshold
seasonal_naive_7,2,82.5,0.925531914893617,0.2257799671592775,0.6126760563380281,0.5838926174496645,0.6997519477343395,153.63003554502367,forecast then threshold
seasonal_naive_7,2,85.0,0.9234042553191489,0.2110016420361248,0.6280752532561505,0.5969738651994498,0.7124026132830241,149.51880924170615,forecast then threshold
seasonal_naive_7,2,87.5,0.9148936170212766,0.20114942528735633,0.6370370370370371,0.6013986013986014,0.7137441917339202,146.05672393364927,forecast then threshold
seasonal_naive_7,2,90.0,0.9127659574468086,0.1863711001642036,0.6539634146341463,0.6154949784791965,0.7263948572826049,141.94549763033174,forecast then threshold
seasonal_naive_7,2,92.5,0.9042553191489362,0.17323481116584566,0.6682389937106918,0.6240822320117474,0.7310205079830905,137.61789099526064,forecast then threshold
seasonal_naive_7,2,95.0,0.8957446808510638,0.16502463054187191,0.6768488745980707,0.6274217585692996,0.730720050309192,134.5885663507109,forecast then threshold
seasonal_naive_7,2,97.5,0.8851063829787233,0.15188834154351397,0.6921797004991681,0.6351145038167939,0.7332180414352094,130.04457938388626,forecast then threshold
seasonal_naive_7,2,100.0,0.8765957446808511,0.14367816091954022,0.7018739352640545,0.6387596899224807,0.7329175837613109,127.01525473933648,forecast then threshold
seasonal_naive_7,2,102.5,0.8617021276595744,0.1354679802955665,0.7105263157894737,0.6377952755905512,0.7262341473640079,123.33678909952606,forecast then threshold
seasonal_naive_7,2,105.0,0.8531914893617021,0.13136288998357964,0.714795008912656,0.6365079365079365,0.7218285993781224,121.38936611374406,forecast then threshold
seasonal_naive_7,2,107.5,0.8404255319148937,0.12807881773399016,0.7168784029038112,0.6309904153354633,0.7123467141809035,119.22556279620852,forecast then threshold
seasonal_naive_7,2,110.0,0.8297872340425532,0.11330049261083744,0.7386363636363636,0.6414473684210527,0.7164867414317158,114.24881516587676,forecast then threshold
seasonal_naive_7,2,112.5,0.8148936170212766,0.10755336617405582,0.745136186770428,0.6372712146422629,0.7073402508472207,111.219490521327,forecast then threshold
seasonal_naive_7,2,115.0,0.8021276595744681,0.10426929392446634,0.748015873015873,0.6314907872696818,0.6978583656500017,109.05568720379146,forecast then threshold
seasonal_naive_7,2,117.5,0.7893617021276595,0.09852216748768473,0.7556008146639511,0.6288135593220339,0.6908395346399748,106.24274289099525,forecast then threshold
seasonal_naive_7,2,120.0,0.7702127659574468,0.09195402298850575,0.7637130801687764,0.6219931271477663,0.6782587429689411,102.56427725118482,forecast then threshold
seasonal_naive_7,2,122.5,0.7659574468085106,0.08949096880131363,0.767590618336887,0.6217616580310881,0.676466478007197,101.48237559241706,forecast then threshold
seasonal_naive_7,2,125.0,0.7510638297872341,0.08374384236453201,0.7758241758241758,0.6171328671328671,0.667319987422702,98.4530509478673,forecast then threshold
seasonal_naive_7,2,127.5,0.7425531914893617,0.08210180623973727,0.77728285077951,0.612280701754386,0.6604513852496244,97.15476895734596,forecast then threshold
seasonal_naive_7,2,130.0,0.7191489361702128,0.07799671592775041,0.7806004618937644,0.5982300884955752,0.6411522202424624,93.6926836492891,forecast then threshold
seasonal_naive_7,2,132.5,0.7063829787234043,0.0755336617405583,0.7830188679245284,0.5907473309608541,0.630849316982846,91.7452606635071,forecast then threshold
seasonal_naive_7,2,135.0,0.6914893617021277,0.07307060755336617,0.785024154589372,0.5813953488372093,0.6184187541487616,89.58145734597156,forecast then threshold
seasonal_naive_7,2,137.5,0.674468085106383,0.06732348111658457,0.7944862155388471,0.5742753623188406,0.6071446039897984,86.33575236966824,forecast then threshold
seasonal_naive_7,2,140.0,0.6702127659574468,0.06486042692939245,0.799492385786802,0.5737704918032787,0.6053523390280544,85.25385071090047,forecast then threshold
seasonal_naive_7,2,142.5,0.6680851063829787,0.06403940886699508,0.8010204081632653,0.572992700729927,0.6040456975159836,84.82109004739335,forecast then threshold
seasonal_naive_7,2,145.0,0.6617021276595745,0.06403940886699508,0.7994858611825193,0.5675182481751825,0.5976627187925794,84.17194905213269,forecast then threshold
seasonal_naive_7,2,147.5,0.6446808510638298,0.06157635467980296,0.8015873015873016,0.5559633027522936,0.5831044963840268,81.7917654028436,forecast then threshold
seasonal_naive_7,2,150.0,0.6340425531914894,0.05993431855500821,0.8032345013477089,0.5488029465930019,0.5741082346364812,80.27710308056871,forecast then threshold
seasonal_naive_7,2,152.5,0.6212765957446809,0.05829228243021346,0.8044077134986226,0.5397412199630314,0.5629843133144674,78.54606042654028,forecast then threshold
seasonal_naive_7,2,155.0,0.6,0.05582922824302135,0.8057142857142857,0.5241635687732342,0.5441707717569786,75.73311611374407,forecast then threshold
seasonal_naive_7,2,157.5,0.5914893617021276,0.054187192118226604,0.8081395348837209,0.5186567164179104,0.537302169583901,74.43483412322274,forecast then threshold
seasonal_naive_7,2,160.0,0.574468085106383,0.052545155993431854,0.8083832335329342,0.5056179775280899,0.5219229291129511,72.2710308056872,forecast then threshold
seasonal_naive_7,2,162.5,0.5638297872340425,0.05008210180623974,0.8128834355828221,0.4990583804143126,0.5137476854278028,70.53998815165876,forecast then threshold
seasonal_naive_7,2,165.0,0.5404255319148936,0.04926108374384237,0.8089171974522293,0.47924528301886793,0.49116444817105126,67.94342417061611,forecast then threshold
seasonal_naive_7,2,167.5,0.5340425531914894,0.046798029556650245,0.814935064935065,0.476280834914611,0.48724452363483917,66.64514218009478,forecast then threshold
seasonal_naive_7,2,170.0,0.5191489361702127,0.04433497536945813,0.8187919463087249,0.46564885496183206,0.4748139608007546,64.48133886255924,forecast then threshold
seasonal_naive_7,2,172.5,0.5127659574468085,0.04433497536945813,0.8169491525423729,0.4599236641221374,0.4684309820773504,63.832197867298575,forecast then threshold
seasonal_naive_7,2,175.0,0.5,0.04187192118226601,0.8216783216783217,0.4510556621880998,0.458128078817734,61.884774881516584,forecast then threshold
seasonal_naive_7,2,177.5,0.49148936170212765,0.041050903119868636,0.8220640569395018,0.4442307692307692,0.450438458582259,60.80287322274881,forecast then threshold
seasonal_naive_7,2,180.0,0.4765957446808511,0.03776683087027915,0.8296296296296296,0.43410852713178294,0.43882891381057193,58.422689573459714,forecast then threshold
seasonal_naive_7,2,182.5,0.4702127659574468,0.03776683087027915,0.8277153558052435,0.42829457364341084,0.43244593508716767,57.77354857819905,forecast then threshold
seasonal_naive_7,2,185.0,0.451063829787234,0.035303776683087026,0.8313725490196079,0.41325536062378165,0.415760053104147,55.17698459715639,forecast then threshold
seasonal_naive_7,2,187.5,0.44042553191489364,0.034482758620689655,0.8313253012048193,0.404296875,0.405942773294204,53.878702606635066,forecast then threshold
seasonal_naive_7,2,190.0,0.42340425531914894,0.03366174055829228,0.8291666666666667,0.38943248532289626,0.38974251476085664,51.931279620853076,forecast then threshold
seasonal_naive_7,2,192.5,0.4106382978723404,0.03366174055829228,0.8247863247863247,0.3776908023483366,0.3769765573140481,50.63299763033175,forecast then threshold
seasonal_naive_7,2,195.0,0.39574468085106385,0.03201970443349754,0.8266666666666667,0.3654223968565815,0.3637249764175663,48.68557464454976,forecast then threshold
seasonal_naive_7,2,197.5,0.3872340425531915,0.031198686371100164,0.8272727272727273,0.35826771653543305,0.3560353561820913,47.603672985781984,forecast then threshold
seasonal_naive_7,2,200.0,0.3851063829787234,0.029556650246305417,0.8341013824884793,0.3577075098814229,0.35554973273241797,46.954531990521325,forecast then threshold
seasonal_naive_7,2,202.5,0.38085106382978723,0.028735632183908046,0.8364485981308412,0.35445544554455444,0.35211543164587916,46.30539099526066,forecast then threshold
seasonal_naive_7,2,205.0,0.3638297872340426,0.026272577996715927,0.8423645320197044,0.34063745019920316,0.3375572092373266,43.92520734597156,forecast then threshold
seasonal_naive_7,2,207.5,0.3553191489361702,0.025451559934318555,0.8434343434343434,0.3333333333333333,0.32986758900185165,42.84330568720379,forecast then threshold
seasonal_naive_7,2,210.0,0.3468085106382979,0.025451559934318555,0.8402061855670103,0.3253493013972056,0.3213569507039793,41.97778436018957,forecast then threshold
seasonal_naive_7,2,212.5,0.33404255319148934,0.023809523809523808,0.8440860215053764,0.31462925851703405,0.3102330293819655,40.24674170616113,forecast then threshold
seasonal_naive_7,2,215.0,0.3148936170212766,0.022988505747126436,0.8409090909090909,0.2971887550200803,0.2919051112741502,38.08293838862559,forecast then threshold
seasonal_naive_7,2,217.5,0.30638297872340425,0.022167487684729065,0.8421052631578947,0.289738430583501,0.28421549103867516,37.001036729857816,forecast then threshold
seasonal_naive_7,2,220.0,0.2936170212765957,0.019704433497536946,0.8518518518518519,0.2793522267206478,0.2739125877790588,35.053613744075825,forecast then threshold
seasonal_naive_7,2,222.5,0.28085106382978725,0.018883415435139574,0.8516129032258064,0.26774847870182555,0.2619676483946477,33.538951421800945,forecast then threshold
seasonal_naive_7,2,225.0,0.26382978723404255,0.0180623973727422,0.8493150684931506,0.25203252032520324,0.24576738986130034,31.591528436018955,forecast then threshold
seasonal_naive_7,2,227.5,0.25957446808510637,0.015599343185550082,0.8652482269503546,0.24948875255623723,0.24397512489955628,30.50962677725118,forecast then threshold
seasonal_naive_7,2,230.0,0.24893617021276596,0.014778325123152709,0.8666666666666667,0.23975409836065573,0.23415784508961324,29.211344786729857,forecast then threshold
seasonal_naive_7,2,232.5,0.24468085106382978,0.013957307060755337,0.8712121212121212,0.23613963039014374,0.23072354400307443,28.56220379146919,forecast then threshold
seasonal_naive_7,2,235.0,0.2404255319148936,0.013957307060755337,0.8692307692307693,0.23203285420944558,0.22646822485413826,28.129443127962084,forecast then threshold
seasonal_naive_7,2,237.5,0.23191489361702128,0.013957307060755337,0.8650793650793651,0.22381930184804927,0.21795758655626593,27.263921800947866,forecast then threshold
seasonal_naive_7,2,240.0,0.2276595744680851,0.013136288998357963,0.8699186991869918,0.22016460905349794,0.21452328546972713,26.6147808056872,forecast then threshold
seasonal_naive_7,2,242.5,0.22127659574468084,0.013136288998357963,0.8666666666666667,0.2139917695473251,0.20814030674632286,25.965639810426538,forecast then threshold
seasonal_naive_7,2,245.0,0.21914893617021278,0.012315270935960592,0.8728813559322034,0.21237113402061855,0.20683366523425217,25.53287914691943,forecast then threshold
seasonal_naive_7,2,247.5,0.2127659574468085,0.012315270935960592,0.8695652173913043,0.20618556701030927,0.2004506865108479,24.883738151658765,forecast then threshold
seasonal_naive_7,2,250.0,0.20638297872340425,0.011494252873563218,0.8738738738738738,0.20041322314049587,0.19488872584984102,24.018216824644547,forecast then threshold
seasonal_naive_7,2,252.5,0.20212765957446807,0.011494252873563218,0.8715596330275229,0.1962809917355372,0.19063340670090484,23.58545616113744,forecast then threshold
seasonal_naive_7,2,255.0,0.18936170212765957,0.010673234811165846,0.8725490196078431,0.18426501035196688,0.17868846731649374,22.070793838862556,forecast then threshold
seasonal_naive_7,2,257.5,0.1829787234042553,0.010673234811165846,0.8686868686868687,0.17805383022774326,0.17230548859308947,21.421652843601894,forecast then threshold
seasonal_naive_7,2,260.0,0.17446808510638298,0.010673234811165846,0.8631578947368421,0.16977225672877846,0.16379485029521712,20.556131516587676,forecast then threshold
seasonal_naive_7,2,262.5,0.1702127659574468,0.010673234811165846,0.8602150537634409,0.16563146997929606,0.15953953114628094,20.123370853080566,forecast then threshold
seasonal_naive_7,2,265.0,0.1595744680851064,0.010673234811165846,0.8522727272727273,0.15527950310559005,0.14890123327394056,19.041469194312796,forecast then threshold
seasonal_naive_7,2,267.5,0.1574468085106383,0.010673234811165846,0.8505747126436781,0.15320910973084886,0.14677357369947247,18.82508886255924,forecast then threshold
seasonal_naive_7,2,270.0,0.14468085106382977,0.009852216748768473,0.85,0.14107883817427386,0.1348286343150613,17.310426540284357,forecast then threshold
seasonal_naive_7,2,272.5,0.14468085106382977,0.009852216748768473,0.85,0.14107883817427386,0.1348286343150613,17.310426540284357,forecast then threshold
seasonal_naive_7,2,275.0,0.13829787234042554,0.008210180623973728,0.8666666666666667,0.13541666666666666,0.13008769171645182,16.228524881516588,forecast then threshold
seasonal_naive_7,2,277.5,0.13617021276595745,0.008210180623973728,0.8648648648648649,0.13333333333333333,0.12796003214198373,16.012144549763033,forecast then threshold
seasonal_naive_7,2,280.0,0.125531914893617,0.008210180623973728,0.855072463768116,0.12291666666666666,0.11732173426964328,14.93024289099526,forecast then threshold
seasonal_naive_7,2,282.5,0.12127659574468085,0.008210180623973728,0.8507462686567164,0.11875,0.11306641512070711,14.49748222748815,forecast then threshold
seasonal_naive_7,2,285.0,0.11702127659574468,0.008210180623973728,0.8461538461538461,0.11458333333333333,0.10881109597177095,14.064721563981042,forecast then threshold
seasonal_naive_7,2,287.5,0.1148936170212766,0.006568144499178982,0.8709677419354839,0.11297071129707113,0.10832547252209761,13.415580568720378,forecast then threshold
seasonal_naive_7,2,290.0,0.11063829787234042,0.006568144499178982,0.8666666666666667,0.1087866108786611,0.10407015337316143,12.982819905213269,forecast then threshold
seasonal_naive_7,2,292.5,0.10638297872340426,0.005747126436781609,0.8771929824561403,0.10482180293501048,0.10063585228662264,12.333678909952605,forecast then threshold
seasonal_naive_7,2,295.0,0.1,0.005747126436781609,0.8703703703703703,0.09853249475890985,0.0942528735632184,11.684537914691942,forecast then threshold
seasonal_naive_7,2,297.5,0.09361702127659574,0.005747126436781609,0.8627450980392157,0.09224318658280922,0.08786989483981414,11.035396919431278,forecast then threshold
seasonal_naive_7,2,300.0,0.0851063829787234,0.005747126436781609,0.851063829787234,0.08385744234800839,0.07935925654194179,10.16987559241706,forecast then threshold
seasonal_naive_7,2,302.5,0.08297872340425531,0.0049261083743842365,0.8666666666666667,0.0819327731092437,0.07805261502987108,9.737114928909952,forecast then threshold
seasonal_naive_7,2,305.0,0.07872340425531915,0.0049261083743842365,0.8604651162790697,0.07773109243697479,0.07379729588093492,9.304354265402843,forecast then threshold
seasonal_naive_7,2,307.5,0.07234042553191489,0.0049261083743842365,0.85,0.07142857142857142,0.06741431715753066,8.655213270142179,forecast then threshold
seasonal_naive_7,2,310.0,0.07021276595744681,0.0049261083743842365,0.8461538461538461,0.06932773109243698,0.06528665758306258,8.438832938388625,forecast then threshold
seasonal_naive_7,2,312.5,0.07021276595744681,0.0049261083743842365,0.8461538461538461,0.06932773109243698,0.06528665758306258,8.438832938388625,forecast then threshold
seasonal_naive_7,2,315.0,0.06595744680851064,0.0049261083743842365,0.8378378378378378,0.06512605042016807,0.0610313384341264,8.006072274881516,forecast then threshold
seasonal_naive_7,2,317.5,0.06382978723404255,0.0049261083743842365,0.8333333333333334,0.06302521008403361,0.05890367885965831,7.789691943127961,forecast then threshold
seasonal_naive_7,2,320.0,0.059574468085106386,0.0049261083743842365,0.8235294117647058,0.058823529411764705,0.05464835971072215,7.356931279620852,forecast then threshold
seasonal_naive_7,2,322.5,0.0574468085106383,0.0049261083743842365,0.8181818181818182,0.05672268907563025,0.05252070013625406,7.140550947867298,forecast then threshold
seasonal_naive_7,2,325.0,0.0574468085106383,0.0049261083743842365,0.8181818181818182,0.05672268907563025,0.05252070013625406,7.140550947867298,forecast then threshold
seasonal_naive_7,2,327.5,0.0574468085106383,0.0049261083743842365,0.8181818181818182,0.05672268907563025,0.05252070013625406,7.140550947867298,forecast then threshold
seasonal_naive_7,2,330.0,0.0574468085106383,0.0049261083743842365,0.8181818181818182,0.05672268907563025,0.05252070013625406,7.140550947867298,forecast then threshold
seasonal_naive_7,2,332.5,0.05531914893617021,0.0049261083743842365,0.8125,0.0546218487394958,0.05039304056178597,6.924170616113743,forecast then threshold
seasonal_naive_7,2,335.0,0.04893617021276596,0.0049261083743842365,0.7931034482758621,0.04831932773109244,0.04401006183838172,6.27502962085308,forecast then threshold
seasonal_naive_7,2,337.5,0.04893617021276596,0.0049261083743842365,0.7931034482758621,0.04831932773109244,0.04401006183838172,6.27502962085308,forecast then threshold
seasonal_naive_7,2,340.0,0.04893617021276596,0.0049261083743842365,0.7931034482758621,0.04831932773109244,0.04401006183838172,6.27502962085308,forecast then threshold
seasonal_naive_7,2,342.5,0.04893617021276596,0.0049261083743842365,0.7931034482758621,0.04831932773109244,0.04401006183838172,6.27502962085308,forecast then threshold
seasonal_naive_7,2,345.0,0.04468085106382979,0.0049261083743842365,0.7777777777777778,0.04411764705882353,0.03975474268944555,5.842268957345971,forecast then threshold
seasonal_naive_7,2,347.5,0.04468085106382979,0.0049261083743842365,0.7777777777777778,0.04411764705882353,0.03975474268944555,5.842268957345971,forecast then threshold
seasonal_naive_7,2,350.0,0.0425531914893617,0.0049261083743842365,0.7692307692307693,0.04201680672268908,0.037627083114977464,5.625888625592417,forecast then threshold
seasonal_naive_7,2,352.5,0.0425531914893617,0.0049261083743842365,0.7692307692307693,0.04201680672268908,0.037627083114977464,5.625888625592417,forecast then threshold
seasonal_naive_7,2,355.0,0.04042553191489362,0.0049261083743842365,0.76,0.03991596638655462,0.03549942354050938,5.409508293838862,forecast then threshold
seasonal_naive_7,2,357.5,0.03829787234042553,0.0049261083743842365,0.75,0.037815126050420166,0.033371763966041294,5.193127962085308,forecast then threshold
seasonal_naive_7,2,360.0,0.036170212765957444,0.004105090311986864,0.7727272727272727,0.035789473684210524,0.03206512245397058,4.760367298578199,forecast then threshold
seasonal_naive_7,2,362.5,0.036170212765957444,0.004105090311986864,0.7727272727272727,0.035789473684210524,0.03206512245397058,4.760367298578199,forecast then threshold
seasonal_naive_7,2,365.0,0.036170212765957444,0.004105090311986864,0.7727272727272727,0.035789473684210524,0.03206512245397058,4.760367298578199,forecast then threshold
seasonal_naive_7,2,367.5,0.036170212765957444,0.004105090311986864,0.7727272727272727,0.035789473684210524,0.03206512245397058,4.760367298578199,forecast then threshold
seasonal_naive_7,2,370.0,0.03404255319148936,0.003284072249589491,0.8,0.03375527426160337,0.030758480941899872,4.327606635071089,forecast then threshold
seasonal_naive_7,2,372.5,0.03404255319148936,0.003284072249589491,0.8,0.03375527426160337,0.030758480941899872,4.327606635071089,forecast then threshold
seasonal_naive_7,2,375.0,0.031914893617021274,0.0024630541871921183,0.8333333333333334,0.03171247357293869,0.029451839429829155,3.8948459715639805,forecast then threshold
seasonal_naive_7,2,377.5,0.031914893617021274,0.0024630541871921183,0.8333333333333334,0.03171247357293869,0.029451839429829155,3.8948459715639805,forecast then threshold
seasonal_naive_7,2,380.0,0.029787234042553193,0.0016420361247947454,0.875,0.029661016949152543,0.028145197917758446,3.4620853080568716,forecast then threshold
seasonal_naive_7,2,382.5,0.029787234042553193,0.0016420361247947454,0.875,0.029661016949152543,0.028145197917758446,3.4620853080568716,forecast then threshold
seasonal_naive_7,2,385.0,0.023404255319148935,0.0016420361247947454,0.8461538461538461,0.023305084745762712,0.02176221919435419,2.8129443127962084,forecast then threshold
seasonal_naive_7,2,387.5,0.023404255319148935,0.0016420361247947454,0.8461538461538461,0.023305084745762712,0.02176221919435419,2.8129443127962084,forecast then threshold
seasonal_naive_7,2,390.0,0.023404255319148935,0.0016420361247947454,0.8461538461538461,0.023305084745762712,0.02176221919435419,2.8129443127962084,forecast then threshold
seasonal_naive_7,2,392.5,0.02127659574468085,0.0016420361247947454,0.8333333333333334,0.0211864406779661,0.019634559619886104,2.596563981042654,forecast then threshold
seasonal_naive_7,2,395.0,0.02127659574468085,0.0016420361247947454,0.8333333333333334,0.0211864406779661,0.019634559619886104,2.596563981042654,forecast then threshold
seasonal_naive_7,2,397.5,0.019148936170212766,0.0016420361247947454,0.8181818181818182,0.019067796610169493,0.01750690004541802,2.3801836492890995,forecast then threshold
seasonal_naive_7,2,400.0,0.019148936170212766,0.0016420361247947454,0.8181818181818182,0.019067796610169493,0.01750690004541802,2.3801836492890995,forecast then threshold
seasonal_naive_7,3,20.0,1.0,0.9127954360228199,0.29692404268675454,0.29692404268675454,0.08720456397718013,342.26073529411764,forecast then threshold
seasonal_naive_7,3,22.5,1.0,0.876120619396903,0.3055555555555556,0.3055555555555556,0.123879380603097,332.59235294117644,forecast then threshold
seasonal_naive_7,3,25.0,1.0,0.8337408312958435,0.3161764705882353,0.3161764705882353,0.16625916870415647,321.42,forecast then threshold
seasonal_naive_7,3,27.5,1.0,0.7946210268948656,0.3266574585635359,0.3266574585635359,0.20537897310513442,311.1070588235294,forecast then threshold
seasonal_naive_7,3,30.0,1.0,0.7473512632436837,0.3402877697841727,0.3402877697841727,0.2526487367563163,298.6455882352941,forecast then threshold
seasonal_naive_7,3,32.5,0.9978858350951374,0.7098614506927465,0.351451973194341,0.35119047619047616,0.28802438440239087,288.5475,forecast then threshold
seasonal_naive_7,3,35.0,0.9978858350951374,0.6788916055419723,0.36168582375478925,0.3614088820826952,0.31899422955316514,280.3830882352941,forecast then threshold
seasonal_naive_7,3,37.5,0.9978858350951374,0.6422167889160554,0.3746031746031746,0.37430610626486915,0.355669046179082,270.7147058823529,forecast then threshold
seasonal_naive_7,3,40.0,0.9978858350951374,0.5998370008149959,0.39072847682119205,0.3904052936311001,0.3980488342801415,259.5423529411765,forecast then threshold
seasonal_naive_7,3,42.5,0.9978858350951374,0.5647921760391198,0.4051502145922747,0.40480274442538594,0.4330936590560176,250.30367647058824,forecast then threshold
seasonal_naive_7,3,45.0,0.9978858350951374,0.537082314588427,0.41732979664014147,0.4169611307420495,0.46080352050671036,242.99867647058824,forecast then threshold
seasonal_naive_7,3,47.5,0.9936575052854123,0.5134474327628362,0.42727272727272725,0.42611060743427015,0.4802100725225761,236.33823529411765,forecast then threshold
seasonal_naive_7,3,50.0,0.9915433403805497,0.49225753871230643,0.43709226467847156,0.43546889507892295,0.49928580166824327,230.53720588235294,forecast then threshold
seasonal_naive_7,3,52.5,0.9830866807610994,0.4678076609616952,0.4475457170356112,0.44412607449856734,0.5152790197994042,223.23220588235293,forecast then threshold
seasonal_naive_7,3,55.0,0.9788583509513742,0.44254278728606355,0.4602385685884692,0.45570866141732286,0.5363155636653106,216.14205882352942,forecast then threshold
seasonal_naive_7,3,57.5,0.9788583509513742,0.4254278728606357,0.4700507614213198,0.4653266331658292,0.5534304780907384,211.63014705882352,forecast then threshold
seasonal_naive_7,3,60.0,0.9767441860465116,0.3928280358598207,0.4894067796610169,0.4837696335078534,0.583916150186691,202.82117647058823,forecast then threshold
seasonal_naive_7,3,62.5,0.9746300211416491,0.37489812550937246,0.500542888165038,0.4941050375133976,0.5997318956322766,197.8795588235294,forecast then threshold
seasonal_naive_7,3,65.0,0.9704016913319239,0.3569682151589242,0.5117056856187291,0.5038419319429198,0.6134334761729997,192.7230882352941,forecast then threshold
seasonal_naive_7,3,67.5,0.9661733615221987,0.33659331703341483,0.5252873563218391,0.5158013544018059,0.6295800444887838,186.92205882352943,forecast then threshold
seasonal_naive_7,3,70.0,0.9619450317124736,0.3154034229828851,0.5403800475059383,0.5290697674418605,0.6465416087295885,180.90617647058824,forecast then threshold
seasonal_naive_7,3,72.5,0.9513742071881607,0.29584352078239606,0.5535055350553506,0.5382775119617225,0.6555306864057646,174.6754411764706,forecast then threshold
seasonal_naive_7,3,75.0,0.9429175475687104,0.2762836185819071,0.5681528662420382,0.5492610837438424,0.6666339289868033,168.6595588235294,forecast then threshold
seasonal_naive_7,3,77.5,0.9365750528541226,0.2616136919315403,0.5798429319371727,0.5579345088161209,0.6749613609225822,164.14764705882354,forecast then threshold
seasonal_naive_7,3,80.0,0.9344608879492601,0.24286878565607173,0.5972972972972973,0.5732814526588845,0.6915921022931883,158.99117647058824,forecast then threshold
seasonal_naive_7,3,82.5,0.9260042283298098,0.22575387123064386,0.6125874125874126,0.584,0.7002503570991659,153.61985294117648,forecast then threshold
seasonal_naive_7,3,85.0,0.9238900634249472,0.2110839445802771,0.6278735632183908,0.5969945355191257,0.71280611884467,149.53764705882352,forecast then threshold
seasonal_naive_7,3,87.5,0.9133192389006343,0.19967400162999185,0.638109305760709,0.6016713091922006,0.7136452372706424,145.4554411764706,forecast then threshold
seasonal_naive_7,3,90.0,0.9112050739957717,0.18418907905460472,0.6560121765601218,0.6165951359084406,0.727015994941167,141.15838235294117,forecast then threshold
seasonal_naive_7,3,92.5,0.9006342494714588,0.1687041564792176,0.6729857819905213,0.6264705882352941,0.7319300929922412,136.00191176470588,forecast then threshold
seasonal_naive_7,3,95.0,0.8921775898520085,0.16136919315403422,0.6806451612903226,0.6289120715350224,0.7308083966979743,133.20882352941177,forecast then threshold
seasonal_naive_7,3,97.5,0.8816067653276956,0.14832925835370822,0.6961602671118531,0.6366412213740458,0.7332775069739873,128.69691176470587,forecast then threshold
seasonal_naive_7,3,100.0,0.8710359408033826,0.1393643031784841,0.7066895368782161,0.639751552795031,0.7316716376248985,125.25926470588236,forecast then threshold
seasonal_naive_7,3,102.5,0.8562367864693446,0.13202933985330073,0.7142857142857143,0.6377952755905512,0.724207446616044,121.82161764705883,forecast then threshold
seasonal_naive_7,3,105.0,0.8477801268498943,0.1295843520782396,0.7160714285714286,0.634493670886076,0.7181957747716547,120.31764705882352,forecast then threshold
seasonal_naive_7,3,107.5,0.8350951374207188,0.1263243683781581,0.7181818181818181,0.6289808917197452,0.7087707690425608,118.16911764705883,forecast then threshold
seasonal_naive_7,3,110.0,0.8245243128964059,0.11246943765281174,0.7386363636363636,0.6382978723404256,0.7120548752435942,113.44235294117647,forecast then threshold
seasonal_naive_7,3,112.5,0.8097251585623678,0.10676446617766912,0.745136186770428,0.6341059602649006,0.7029606923846987,110.43441176470589,forecast then threshold
seasonal_naive_7,3,115.0,0.7991543340380549,0.10350448247758762,0.7485148514851485,0.63,0.6956498515604673,108.50073529411765,forecast then threshold
seasonal_naive_7,3,117.5,0.7864693446088795,0.097799511002445,0.7560975609756098,0.627318718381113,0.6886698336064345,105.70764705882353,forecast then threshold
seasonal_naive_7,3,120.0,0.7695560253699789,0.09046454767726161,0.7663157894736842,0.6232876712328768,0.6790914776927173,102.05514705882354,forecast then threshold
seasonal_naive_7,3,122.5,0.7653276955602537,0.08801955990220049,0.7702127659574468,0.6230636833046471,0.6773081356580533,100.98088235294118,forecast then threshold
seasonal_naive_7,3,125.0,0.7526427061310782,0.08312958435207823,0.777292576419214,0.6191304347826087,0.669513121779,98.40264705882353,forecast then threshold
seasonal_naive_7,3,127.5,0.7420718816067653,0.08068459657701711,0.78,0.6136363636363636,0.6613872850297482,96.68382352941177,forecast then threshold
seasonal_naive_7,3,130.0,0.7124735729386892,0.07660961695191525,0.7819025522041764,0.5943562610229277,0.6358639559867739,92.60161764705883,forecast then threshold
seasonal_naive_7,3,132.5,0.7019027484143763,0.07416462917685411,0.7848699763593381,0.5886524822695035,0.6277381192375222,90.88279411764705,forecast then threshold
seasonal_naive_7,3,135.0,0.6871035940803383,0.07171964140179299,0.7869249394673123,0.5793226381461676,0.6153839526785453,88.73426470588235,forecast then threshold
seasonal_naive_7,3,137.5,0.6680761099365751,0.06601466992665037,0.7959697732997482,0.5703971119133574,0.6020614400099247,85.29661764705882,forecast then threshold
seasonal_naive_7,3,140.0,0.6617336152219874,0.06356968215158924,0.8005115089514067,0.5680580762250453,0.5981639330703982,84.0075,forecast then threshold
seasonal_naive_7,3,142.5,0.6596194503171248,0.06193969030154849,0.8041237113402062,0.5683060109289617,0.5976797600155763,83.36294117647058,forecast then threshold
seasonal_naive_7,3,145.0,0.653276955602537,0.06193969030154849,0.8025974025974026,0.5628415300546448,0.5913372653009885,82.71838235294118,forecast then threshold
seasonal_naive_7,3,147.5,0.6363636363636364,0.059494702526487364,0.8048128342245989,0.5512820512820513,0.576868933837149,80.355,forecast then threshold
seasonal_naive_7,3,150.0,0.6257928118393234,0.05786471067644662,0.8065395095367848,0.5441176470588235,0.5679281011628768,78.8510294117647,forecast then threshold
seasonal_naive_7,3,152.5,0.6131078224101479,0.05541972290138549,0.8100558659217877,0.5360443622920518,0.5576880995087624,76.91735294117647,forecast then threshold
seasonal_naive_7,3,155.0,0.5919661733615222,0.05297473512632437,0.8115942028985508,0.5204460966542751,0.5389914382351979,74.12426470588235,forecast then threshold
seasonal_naive_7,3,157.5,0.5835095137420718,0.05134474327628362,0.8141592920353983,0.5149253731343284,0.5321647704657883,72.83514705882352,forecast then threshold
seasonal_naive_7,3,160.0,0.5665961945031712,0.05052974735126324,0.8121212121212121,0.5009345794392523,0.516066447151908,70.9014705882353,forecast then threshold
seasonal_naive_7,3,162.5,0.5581395348837209,0.04726976365118175,0.8198757763975155,0.4971751412429379,0.5108697712325392,69.18264705882353,forecast then threshold
seasonal_naive_7,3,165.0,0.53276955602537,0.04645476772616137,0.8155339805825242,0.47547169811320755,0.48631478829920866,66.38955882352941,forecast then threshold
seasonal_naive_7,3,167.5,0.5264270613107822,0.044009779951100246,0.8217821782178217,0.47248576850094876,0.482417281359682,65.10044117647058,forecast then threshold
seasonal_naive_7,3,170.0,0.5116279069767442,0.04156479217603912,0.825938566552901,0.4618320610687023,0.47006311480070506,62.95191176470588,forecast then threshold
seasonal_naive_7,3,172.5,0.5052854122621564,0.04156479217603912,0.8241379310344827,0.45610687022900764,0.46372062008611725,62.30735294117647,forecast then threshold
seasonal_naive_7,3,175.0,0.492600422832981,0.039119804400977995,0.8291814946619217,0.4472168905950096,0.453480618432003,60.37367647058824,forecast then threshold
seasonal_naive_7,3,177.5,0.48414376321353064,0.03830480847595762,0.8297101449275363,0.4403846153846154,0.445838954737573,59.29941176470588,forecast then threshold
seasonal_naive_7,3,180.0,0.4693446088794926,0.03504482477587612,0.8377358490566038,0.43023255813953487,0.43429978410361647,56.93602941176471,forecast then threshold
seasonal_naive_7,3,182.5,0.4630021141649049,0.03341483292583537,0.8423076923076923,0.4260700389105058,0.42958728123906953,55.86176470588235,forecast then threshold
seasonal_naive_7,3,185.0,0.4439746300211416,0.030969845150774247,0.8467741935483871,0.410958904109589,0.4130047848703674,53.283529411764704,forecast then threshold
seasonal_naive_7,3,187.5,0.4334038054968288,0.03015484922575387,0.8471074380165289,0.4019607843137255,0.40324895627107493,51.99441176470588,forecast then threshold
seasonal_naive_7,3,190.0,0.4164904862579281,0.029339853300733496,0.8454935622317596,0.38703339882121807,0.3871506329571946,50.06073529411765,forecast then threshold
seasonal_naive_7,3,192.5,0.4059196617336152,0.029339853300733496,0.8421052631578947,0.37721021611001965,0.3765798084328817,48.98647058823529,forecast then threshold
seasonal_naive_7,3,195.0,0.39112050739957716,0.02689486552567237,0.8486238532110092,0.36561264822134387,0.36422564187390477,46.837941176470586,forecast then threshold
seasonal_naive_7,3,197.5,0.38266384778012685,0.026079869600651995,0.8497652582159625,0.3584158415841584,0.35658397817947485,45.76367647058824,forecast then threshold
seasonal_naive_7,3,200.0,0.38054968287526425,0.02526487367563162,0.8530805687203792,0.35714285714285715,0.3552848091996326,45.333970588235296,forecast then threshold
seasonal_naive_7,3,202.5,0.37209302325581395,0.02444987775061125,0.8543689320388349,0.3499005964214712,0.3476431455052027,44.25970588235294,forecast then threshold
seasonal_naive_7,3,205.0,0.35517970401691334,0.022819885900570498,0.8571428571428571,0.33532934131736525,0.33235981811634285,42.111176470588234,forecast then threshold
seasonal_naive_7,3,207.5,0.346723044397463,0.022004889975550123,0.8586387434554974,0.328,0.3247181544219129,41.036911764705884,forecast then threshold
seasonal_naive_7,3,210.0,0.3361522198731501,0.022004889975550123,0.8548387096774194,0.318,0.31414732989759997,39.96264705882353,forecast then threshold
seasonal_naive_7,3,212.5,0.32346723044397463,0.020374898125509373,0.8595505617977528,0.3072289156626506,0.3030923323184653,38.24382352941176,forecast then threshold
seasonal_naive_7,3,215.0,0.30655391120507397,0.019559902200488997,0.8579881656804734,0.2917505030181087,0.286994009004585,36.31014705882353,forecast then threshold
seasonal_naive_7,3,217.5,0.29809725158562367,0.018744906275468622,0.8597560975609756,0.2842741935483871,0.27935234531015507,35.235882352941175,forecast then threshold
seasonal_naive_7,3,220.0,0.2854122621564482,0.017114914425427872,0.8653846153846154,0.2732793522267207,0.2682973477310203,33.51705882352941,forecast then threshold
seasonal_naive_7,3,222.5,0.2727272727272727,0.016299918500407497,0.8657718120805369,0.2616632860040568,0.2564273542268652,32.01308823529412,forecast then threshold
seasonal_naive_7,3,225.0,0.25792811839323465,0.016299918500407497,0.8591549295774648,0.24746450304259635,0.24162819989282716,30.509117647058822,forecast then threshold
seasonal_naive_7,3,227.5,0.2536997885835095,0.013854930725346373,0.8759124087591241,0.24489795918367346,0.23984485785816312,29.43485294117647,forecast then threshold
seasonal_naive_7,3,230.0,0.24101479915433405,0.013854930725346373,0.8702290076335878,0.23265306122448978,0.22715986842898767,28.145735294117646,forecast then threshold
seasonal_naive_7,3,232.5,0.23678646934460887,0.013039934800325998,0.875,0.22903885480572597,0.22374653454428287,27.501176470588234,forecast then threshold
seasonal_naive_7,3,235.0,0.23255813953488372,0.013039934800325998,0.873015873015873,0.2249488752556237,0.21951820473455771,27.071470588235293,forecast then threshold
seasonal_naive_7,3,237.5,0.226215644820296,0.013039934800325998,0.8699186991869918,0.21881390593047034,0.21317571001997,26.42691176470588,forecast then threshold
seasonal_naive_7,3,240.0,0.2219873150105708,0.012224938875305624,0.875,0.2151639344262295,0.2097623761352652,25.78235294117647,forecast then threshold
seasonal_naive_7,3,242.5,0.2156448202959831,0.012224938875305624,0.8717948717948718,0.20901639344262296,0.20341988142067746,25.137794117647058,forecast then threshold
seasonal_naive_7,3,245.0,0.2135306553911205,0.011409942950285249,0.8782608695652174,0.20739219712525667,0.20212071244083527,24.708088235294117,forecast then threshold
seasonal_naive_7,3,247.5,0.20718816067653276,0.010594947025264874,0.8828828828828829,0.20164609053497942,0.1965932136512679,23.848676470588234,forecast then threshold
seasonal_naive_7,3,250.0,0.20084566596194503,0.009779951100244499,0.8878504672897196,0.1958762886597938,0.19106571486170054,22.989264705882352,forecast then threshold
seasonal_naive_7,3,252.5,0.19661733615221988,0.009779951100244499,0.8857142857142857,0.19175257731958764,0.1868373850519754,22.55955882352941,forecast then threshold
seasonal_naive_7,3,255.0,0.1839323467230444,0.009779951100244499,0.8787878787878788,0.17938144329896907,0.1741523956227999,21.270441176470587,forecast then threshold
seasonal_naive_7,3,257.5,0.17758985200845667,0.009779951100244499,0.875,0.1731958762886598,0.16780990090821218,20.625882352941176,forecast then threshold
seasonal_naive_7,3,260.0,0.16913319238900634,0.009779951100244499,0.8695652173913043,0.16494845360824742,0.15935324128876185,19.766470588235293,forecast then threshold
seasonal_naive_7,3,262.5,0.1649048625792812,0.009779951100244499,0.8666666666666667,0.16082474226804125,0.1551249114790367,19.336764705882352,forecast then threshold
seasonal_naive_7,3,265.0,0.15644820295983086,0.009779951100244499,0.8604651162790697,0.15257731958762888,0.14666825185958637,18.47735294117647,forecast then threshold
seasonal_naive_7,3,267.5,0.1543340380549683,0.009779951100244499,0.8588235294117647,0.15051546391752577,0.1445540869547238,18.2625,forecast then threshold
seasonal_naive_7,3,270.0,0.1416490486257928,0.008964955175224124,0.8589743589743589,0.1384297520661157,0.1326840934505687,16.758529411764705,forecast then threshold
seasonal_naive_7,3,272.5,0.1416490486257928,0.008964955175224124,0.8589743589743589,0.1384297520661157,0.1326840934505687,16.758529411764705,forecast then threshold
seasonal_naive_7,3,275.0,0.1331923890063425,0.007334963325183374,0.875,0.13070539419087138,0.12585742568115912,15.469411764705882,forecast then threshold
seasonal_naive_7,3,277.5,0.13107822410147993,0.007334963325183374,0.8732394366197183,0.12863070539419086,0.12374326077629655,15.254558823529411,forecast then threshold
seasonal_naive_7,3,280.0,0.12050739957716702,0.007334963325183374,0.8636363636363636,0.11825726141078838,0.11317243625198364,14.180294117647058,forecast then threshold
seasonal_naive_7,3,282.5,0.11627906976744186,0.007334963325183374,0.859375,0.11410788381742738,0.10894410644225848,13.750588235294117,forecast then threshold
seasonal_naive_7,3,285.0,0.11205073995771671,0.007334963325183374,0.8548387096774194,0.10995850622406639,0.10471577663253333,13.320882352941176,forecast then threshold
seasonal_naive_7,3,287.5,0.10993657505285412,0.0057049714751426246,0.8813559322033898,0.10833333333333334,0.1042316035777115,12.676323529411764,forecast then threshold
seasonal_naive_7,3,290.0,0.10570824524312897,0.0057049714751426246,0.8771929824561403,0.10416666666666667,0.10000327376798634,12.246617647058823,forecast then threshold
seasonal_naive_7,3,292.5,0.1014799154334038,0.004889975550122249,0.8888888888888888,0.10020876826722339,0.09658993988328156,11.602058823529411,forecast then threshold
seasonal_naive_7,3,295.0,0.09725158562367865,0.004889975550122249,0.8846153846153846,0.09603340292275574,0.09236161007355641,11.17235294117647,forecast then threshold
seasonal_naive_7,3,297.5,0.09090909090909091,0.004889975550122249,0.8775510204081632,0.08977035490605428,0.08601911535896867,10.527794117647058,forecast then threshold
seasonal_naive_7,3,300.0,0.0824524312896406,0.004889975550122249,0.8666666666666667,0.081419624217119,0.07756245573951835,9.668382352941176,forecast then threshold
seasonal_naive_7,3,302.5,0.080338266384778,0.004074979625101874,0.8837209302325582,0.0794979079497908,0.07626328675967613,9.238676470588235,forecast then threshold
seasonal_naive_7,3,305.0,0.07610993657505286,0.004074979625101874,0.8780487804878049,0.07531380753138076,0.07203495694995098,8.808970588235294,forecast then threshold
seasonal_naive_7,3,307.5,0.06976744186046512,0.004074979625101874,0.868421052631579,0.06903765690376569,0.06569246223536324,8.164411764705882,forecast then threshold
seasonal_naive_7,3,310.0,0.06765327695560254,0.004074979625101874,0.8648648648648649,0.06694560669456066,0.06357829733050066,7.9495588235294115,forecast then threshold
seasonal_naive_7,3,312.5,0.06765327695560254,0.004074979625101874,0.8648648648648649,0.06694560669456066,0.06357829733050066,7.9495588235294115,forecast then threshold
seasonal_naive_7,3,315.0,0.06342494714587738,0.004074979625101874,0.8571428571428571,0.06276150627615062,0.0593499675207755,7.51985294117647,forecast then threshold
seasonal_naive_7,3,317.5,0.0613107822410148,0.004074979625101874,0.8529411764705882,0.060669456066945605,0.05723580261591293,7.305,forecast then threshold
seasonal_naive_7,3,320.0,0.05919661733615222,0.004074979625101874,0.8484848484848485,0.058577405857740586,0.055121637711050345,7.090147058823529,forecast then threshold
seasonal_naive_7,3,322.5,0.05708245243128964,0.004074979625101874,0.84375,0.056485355648535567,0.05300747280618777,6.875294117647059,forecast then threshold
seasonal_naive_7,3,325.0,0.05708245243128964,0.004074979625101874,0.84375,0.056485355648535567,0.05300747280618777,6.875294117647059,forecast then threshold
seasonal_naive_7,3,327.5,0.05708245243128964,0.004074979625101874,0.84375,0.056485355648535567,0.05300747280618777,6.875294117647059,forecast then threshold
seasonal_naive_7,3,330.0,0.05708245243128964,0.004074979625101874,0.84375,0.056485355648535567,0.05300747280618777,6.875294117647059,forecast then threshold
seasonal_naive_7,3,332.5,0.052854122621564484,0.004074979625101874,0.8333333333333334,0.05230125523012552,0.04877914299646261,6.445588235294117,forecast then threshold
seasonal_naive_7,3,335.0,0.046511627906976744,0.004074979625101874,0.8148148148148148,0.04602510460251046,0.04243664828187487,5.801029411764706,forecast then threshold
seasonal_naive_7,3,337.5,0.046511627906976744,0.004074979625101874,0.8148148148148148,0.04602510460251046,0.04243664828187487,5.801029411764706,forecast then threshold
seasonal_naive_7,3,340.0,0.046511627906976744,0.004074979625101874,0.8148148148148148,0.04602510460251046,0.04243664828187487,5.801029411764706,forecast then threshold
seasonal_naive_7,3,342.5,0.046511627906976744,0.004074979625101874,0.8148148148148148,0.04602510460251046,0.04243664828187487,5.801029411764706,forecast then threshold
seasonal_naive_7,3,345.0,0.042283298097251586,0.004074979625101874,0.8,0.04184100418410042,0.03820831847214971,5.3713235294117645,forecast then threshold
seasonal_naive_7,3,347.5,0.042283298097251586,0.004074979625101874,0.8,0.04184100418410042,0.03820831847214971,5.3713235294117645,forecast then threshold
seasonal_naive_7,3,350.0,0.040169133192389,0.004074979625101874,0.7916666666666666,0.0397489539748954,0.03609415356728713,5.156470588235294,forecast then threshold
seasonal_naive_7,3,352.5,0.040169133192389,0.004074979625101874,0.7916666666666666,0.0397489539748954,0.03609415356728713,5.156470588235294,forecast then threshold
seasonal_naive_7,3,355.0,0.03805496828752643,0.004074979625101874,0.782608695652174,0.03765690376569038,0.033979988662424555,4.941617647058823,forecast then threshold
seasonal_naive_7,3,357.5,0.035940803382663845,0.004074979625101874,0.7727272727272727,0.03556485355648536,0.03186582375756197,4.726764705882353,forecast then threshold
seasonal_naive_7,3,360.0,0.03382663847780127,0.0032599837000814994,0.8,0.033542976939203356,0.03056665477771977,4.297058823529412,forecast then threshold
seasonal_naive_7,3,362.5,0.03382663847780127,0.0032599837000814994,0.8,0.033542976939203356,0.03056665477771977,4.297058823529412,forecast then threshold
seasonal_naive_7,3,365.0,0.03382663847780127,0.0032599837000814994,0.8,0.033542976939203356,0.03056665477771977,4.297058823529412,forecast then threshold
seasonal_naive_7,3,367.5,0.03382663847780127,0.0032599837000814994,0.8,0.033542976939203356,0.03056665477771977,4.297058823529412,forecast then threshold
seasonal_naive_7,3,370.0,0.03171247357293869,0.0024449877750611247,0.8333333333333334,0.031512605042016806,0.029267485797877562,3.8673529411764704,forecast then threshold
seasonal_naive_7,3,372.5,0.03171247357293869,0.0024449877750611247,0.8333333333333334,0.031512605042016806,0.029267485797877562,3.8673529411764704,forecast then threshold
seasonal_naive_7,3,375.0,0.02959830866807611,0.0016299918500407497,0.875,0.029473684210526315,0.027968316818035358,3.4376470588235293,forecast then threshold
seasonal_naive_7,3,377.5,0.02959830866807611,0.0016299918500407497,0.875,0.029473684210526315,0.027968316818035358,3.4376470588235293,forecast then threshold
seasonal_naive_7,3,380.0,0.02748414376321353,0.0016299918500407497,0.8666666666666667,0.02736842105263158,0.02585415191317278,3.2227941176470587,forecast then threshold
seasonal_naive_7,3,382.5,0.02748414376321353,0.0016299918500407497,0.8666666666666667,0.02736842105263158,0.02585415191317278,3.2227941176470587,forecast then threshold
seasonal_naive_7,3,385.0,0.021141649048625793,0.0016299918500407497,0.8333333333333334,0.021052631578947368,0.019511657198585042,2.578235294117647,forecast then threshold
seasonal_naive_7,3,387.5,0.021141649048625793,0.0016299918500407497,0.8333333333333334,0.021052631578947368,0.019511657198585042,2.578235294117647,forecast then threshold
seasonal_naive_7,3,390.0,0.021141649048625793,0.0016299918500407497,0.8333333333333334,0.021052631578947368,0.019511657198585042,2.578235294117647,forecast then threshold
seasonal_naive_7,3,392.5,0.021141649048625793,0.0016299918500407497,0.8333333333333334,0.021052631578947368,0.019511657198585042,2.578235294117647,forecast then threshold
seasonal_naive_7,3,395.0,0.021141649048625793,0.0016299918500407497,0.8333333333333334,0.021052631578947368,0.019511657198585042,2.578235294117647,forecast then threshold
seasonal_naive_7,3,397.5,0.019027484143763214,0.0016299918500407497,0.8181818181818182,0.018947368421052633,0.017397492293722464,2.3633823529411764,forecast then threshold
seasonal_naive_7,3,400.0,0.019027484143763214,0.0016299918500407497,0.8181818181818182,0.018947368421052633,0.017397492293722464,2.3633823529411764,forecast then threshold
forest_clf,1,0.005,1.0,0.656957928802589,0.3715170278637771,0.3715170278637771,0.34304207119741104,275.0017482517482,direct classification
forest_clf,1,0.01,1.0,0.5720064724919094,0.4043807919123842,0.4043807919123842,0.4279935275080906,252.65253496503496,direct classification
forest_clf,1,0.015,1.0,0.5331715210355987,0.42142230026338895,0.42142230026338895,0.46682847896440127,242.43575174825173,direct classification
forest_clf,1,0.02,0.9979166666666667,0.4894822006472492,0.4418819188191882,0.4414746543778802,0.5084344660194176,230.72902097902096,direct classification
forest_clf,1,0.025,0.9979166666666667,0.46601941747572817,0.45402843601895737,0.45359848484848486,0.5318972491909385,224.5563811188811,direct classification
forest_clf,1,0.03,0.9979166666666667,0.43284789644012944,0.4723865877712032,0.4719211822660099,0.5650687702265372,215.82954545454544,direct classification
forest_clf,1,0.035,0.9979166666666667,0.4045307443365696,0.48927477017364657,0.4887755102040816,0.593385922330097,208.37980769230768,direct classification
forest_clf,1,0.04,0.9979166666666667,0.3826860841423948,0.5031512605042017,0.5026232948583421,0.6152305825242719,202.63286713286712,direct classification
forest_clf,1,0.045,0.9979166666666667,0.36650485436893204,0.5139484978540773,0.5133976420150054,0.6314118122977346,198.3758741258741,direct classification
forest_clf,1,0.05,0.99375,0.35436893203883496,0.521311475409836,0.5196078431372549,0.6393810679611651,194.75743006993005,direct classification
forest_clf,1,0.055,0.9916666666666667,0.33576051779935273,0.5342312008978676,0.5318435754189944,0.6559061488673139,189.64903846153845,direct classification
forest_clf,1,0.06,0.9916666666666667,0.3268608414239482,0.5409090909090909,0.5384615384615384,0.6648058252427185,187.3076923076923,direct classification
forest_clf,1,0.065,0.9916666666666667,0.3155339805825243,0.5496535796766744,0.5471264367816092,0.6761326860841423,184.3277972027972,direct classification
forest_clf,1,0.07,0.9916666666666667,0.2993527508090615,0.5626477541371159,0.56,0.6923139158576053,180.0708041958042,direct classification
forest_clf,1,0.075,0.9916666666666667,0.29449838187702265,0.5666666666666667,0.5639810426540285,0.6971682847896441,178.7937062937063,direct classification
forest_clf,1,0.08,0.9916666666666667,0.2896440129449838,0.5707434052757794,0.568019093078759,0.7020226537216829,177.51660839160837,direct classification
forest_clf,1,0.085,0.9895833333333334,0.2815533980582524,0.5771567436208992,0.5736714975845411,0.708029935275081,175.1752622377622,direct classification
forest_clf,1,0.09,0.9895833333333334,0.27346278317152106,0.5842558425584256,0.5806845965770171,0.7161205501618123,173.04676573426573,direct classification
forest_clf,1,0.095,0.9895833333333334,0.2669902912621359,0.5900621118012422,0.5864197530864198,0.7225930420711975,171.3439685314685,direct classification
forest_clf,1,0.1,0.9895833333333334,0.2621359223300971,0.5944931163954944,0.5907960199004975,0.7274474110032363,170.0668706293706,direct classification
forest_clf,1,0.105,0.9895833333333334,0.255663430420712,0.6005056890012642,0.5967336683417085,0.7339199029126213,168.3640734265734,direct classification
forest_clf,1,0.11,0.9875,0.2483818770226537,0.6069142125480154,0.602287166454892,0.7391181229773464,166.2355769230769,direct classification
forest_clf,1,0.115,0.9875,0.24190938511326862,0.6131953428201811,0.6084724005134788,0.7455906148867314,164.5327797202797,direct classification
forest_clf,1,0.12,0.9875,0.23786407766990292,0.6171875,0.6124031007751938,0.7496359223300971,163.46853146853147,direct classification
forest_clf,1,0.125,0.9875,0.2297734627831715,0.6253298153034301,0.6204188481675392,0.7577265372168285,161.34003496503496,direct classification
forest_clf,1,0.13,0.9854166666666667,0.2273462783171521,0.6273209549071618,0.621550591327201,0.7580703883495146,160.48863636363635,direct classification
forest_clf,1,0.135,0.9854166666666667,0.22330097087378642,0.6315086782376502,0.6256613756613757,0.7621156957928803,159.4243881118881,direct classification
forest_clf,1,0.14,0.9854166666666667,0.21925566343042072,0.635752688172043,0.62982689747004,0.766161003236246,158.36013986013984,direct classification
forest_clf,1,0.145,0.9854166666666667,0.21359223300970873,0.6417910447761194,0.635752688172043,0.771824433656958,156.8701923076923,direct classification
forest_clf,1,0.15,0.9854166666666667,0.2087378640776699,0.6470588235294118,0.6409214092140921,0.7766788025889968,155.5930944055944,direct classification
forest_clf,1,0.155,0.9854166666666667,0.20388349514563106,0.6524137931034483,0.6461748633879781,0.7815331715210356,154.31599650349648,direct classification
forest_clf,1,0.16,0.9854166666666667,0.20064724919093851,0.6560332871012483,0.6497252747252747,0.7847694174757283,153.4645979020979,direct classification
forest_clf,1,0.165,0.9854166666666667,0.19741100323624594,0.6596931659693166,0.6533149171270718,0.7880056634304208,152.61319930069928,direct classification
forest_clf,1,0.17,0.9833333333333333,0.19579288025889968,0.6610644257703081,0.6537396121883656,0.7875404530744337,151.97465034965035,direct classification
forest_clf,1,0.175,0.9833333333333333,0.1941747572815534,0.6629213483146067,0.6555555555555556,0.7891585760517799,151.54895104895104,direct classification
forest_clf,1,0.18,0.9833333333333333,0.18932038834951456,0.6685552407932012,0.6610644257703081,0.7940129449838187,150.27185314685315,direct classification
forest_clf,1,0.185,0.9833333333333333,0.18527508090614886,0.6733238231098431,0.6657263751763046,0.7980582524271844,149.20760489510488,direct classification
forest_clf,1,0.19,0.98125,0.1820388349514563,0.6767241379310345,0.6680851063829787,0.7992111650485436,148.14335664335664,direct classification
forest_clf,1,0.195,0.98125,0.1796116504854369,0.6796536796536796,0.6709401709401709,0.801638349514563,147.50480769230768,direct classification
forest_clf,1,0.2,0.98125,0.1755663430420712,0.684593023255814,0.6757532281205165,0.8056836569579288,146.44055944055944,direct classification
forest_clf,1,0.205,0.98125,0.17475728155339806,0.6855895196506551,0.6767241379310345,0.8064927184466019,146.2277097902098,direct classification
forest_clf,1,0.21,0.98125,0.17313915857605178,0.6875912408759124,0.6786743515850144,0.8081108414239482,145.80201048951048,direct classification
forest_clf,1,0.215,0.9791666666666666,0.17313915857605178,0.6871345029239766,0.6772334293948127,0.8060275080906149,145.58916083916083,direct classification
forest_clf,1,0.22,0.9791666666666666,0.1650485436893204,0.6973293768545994,0.6871345029239766,0.8141181229773462,143.46066433566432,direct classification
forest_clf,1,0.225,0.9791666666666666,0.16181229773462782,0.7014925373134329,0.6911764705882353,0.8173543689320388,142.60926573426573,direct classification
forest_clf,1,0.23,0.9770833333333333,0.1610032362459547,0.7020958083832335,0.6907216494845361,0.8160800970873786,142.18356643356643,direct classification
forest_clf,1,0.235,0.9770833333333333,0.1593851132686084,0.7042042042042042,0.6927621861152142,0.8176982200647249,141.75786713286712,direct classification
forest_clf,1,0.24,0.9770833333333333,0.156957928802589,0.7073906485671192,0.6958456973293768,0.8201254045307443,141.11931818181816,direct classification
forest_clf,1,0.245,0.975,0.1553398058252427,0.7090909090909091,0.6964285714285714,0.8196601941747572,140.48076923076923,direct classification
forest_clf,1,0.25,0.975,0.15048543689320387,0.7155963302752294,0.7027027027027027,0.824514563106796,139.2036713286713,direct classification
forest_clf,1,0.255,0.975,0.15048543689320387,0.7155963302752294,0.7027027027027027,0.824514563106796,139.2036713286713,direct classification
forest_clf,1,0.26,0.9729166666666667,0.14967637540453074,0.7162576687116564,0.7022556390977444,0.8232402912621359,138.77797202797203,direct classification
forest_clf,1,0.265,0.9729166666666667,0.14967637540453074,0.7162576687116564,0.7022556390977444,0.8232402912621359,138.77797202797203,direct classification
forest_clf,1,0.27,0.9729166666666667,0.14805825242718446,0.7184615384615385,0.7043740573152338,0.8248584142394821,138.35227272727272,direct classification
forest_clf,1,0.275,0.9729166666666667,0.14724919093851133,0.7195685670261941,0.7054380664652568,0.8256674757281554,138.13942307692307,direct classification
forest_clf,1,0.28,0.9729166666666667,0.1464401294498382,0.720679012345679,0.7065052950075643,0.8264765372168285,137.9265734265734,direct classification
forest_clf,1,0.285,0.9708333333333333,0.14563106796116504,0.7213622291021672,0.706060606060606,0.8252022653721682,137.5008741258741,direct classification
forest_clf,1,0.29,0.9708333333333333,0.1423948220064725,0.7258566978193146,0.7103658536585366,0.8284385113268609,136.64947552447552,direct classification
forest_clf,1,0.295,0.9708333333333333,0.13996763754045308,0.729264475743349,0.7136294027565084,0.8308656957928803,136.01092657342656,direct classification
forest_clf,1,0.3,0.96875,0.1383495145631068,0.7311320754716981,0.7142857142857143,0.8304004854368932,135.3723776223776,direct classification
forest_clf,1,0.305,0.96875,0.13754045307443366,0.7322834645669292,0.7153846153846154,0.8312095469255664,135.15952797202797,direct classification
forest_clf,1,0.31,0.96875,0.13511326860841424,0.7357594936708861,0.7187017001545595,0.8336367313915858,134.520979020979,direct classification
forest_clf,1,0.315,0.96875,0.13511326860841424,0.7357594936708861,0.7187017001545595,0.8336367313915858,134.520979020979,direct classification
forest_clf,1,0.32,0.96875,0.13349514563106796,0.7380952380952381,0.7209302325581395,0.835254854368932,134.0952797202797,direct classification
forest_clf,1,0.325,0.96875,0.13349514563106796,0.7380952380952381,0.7209302325581395,0.835254854368932,134.0952797202797,direct classification
forest_clf,1,0.33,0.96875,0.1302588996763754,0.7428115015974441,0.7254290171606864,0.8384911003236246,133.24388111888112,direct classification
forest_clf,1,0.335,0.9666666666666667,0.1262135922330097,0.7483870967741936,0.7295597484276729,0.8404530744336569,131.9667832167832,direct classification
forest_clf,1,0.34,0.9666666666666667,0.1262135922330097,0.7483870967741936,0.7295597484276729,0.8404530744336569,131.9667832167832,direct classification
forest_clf,1,0.345,0.9666666666666667,0.12459546925566344,0.7508090614886731,0.7318611987381703,0.8420711974110032,131.54108391608392,direct classification
forest_clf,1,0.35,0.9666666666666667,0.12297734627831715,0.7532467532467533,0.7341772151898734,0.8436893203883495,131.1153846153846,direct classification
forest_clf,1,0.355,0.9666666666666667,0.12135922330097088,0.755700325732899,0.7365079365079366,0.8453074433656957,130.6896853146853,direct classification
forest_clf,1,0.36,0.9666666666666667,0.12055016181229773,0.7569331158238173,0.7376788553259142,0.846116504854369,130.47683566433565,direct classification
forest_clf,1,0.365,0.9666666666666667,0.11893203883495146,0.7594108019639935,0.7400318979266348,0.8477346278317153,130.05113636363635,direct classification
forest_clf,1,0.37,0.9645833333333333,0.11731391585760517,0.7615131578947368,0.7408,0.8472694174757281,129.4125874125874,direct classification
forest_clf,1,0.375,0.9645833333333333,0.11731391585760517,0.7615131578947368,0.7408,0.8472694174757281,129.4125874125874,direct classification
forest_clf,1,0.38,0.9645833333333333,0.11407766990291263,0.7665562913907285,0.7455716586151369,0.8505056634304207,128.5611888111888,direct classification
forest_clf,1,0.385,0.9625,0.11407766990291263,0.7661691542288557,0.7439613526570048,0.8484223300970875,128.34833916083915,direct classification
forest_clf,1,0.39,0.9625,0.11245954692556634,0.7687188019966722,0.7463651050080775,0.8500404530744337,127.92263986013985,direct classification
forest_clf,1,0.395,0.9625,0.11245954692556634,0.7687188019966722,0.7463651050080775,0.8500404530744337,127.92263986013985,direct classification
forest_clf,1,0.4,0.9625,0.11165048543689321,0.77,0.7475728155339806,0.8508495145631068,127.7097902097902,direct classification
forest_clf,1,0.405,0.9625,0.10679611650485436,0.7777777777777778,0.7549019607843137,0.8557038834951457,126.43269230769229,direct classification
forest_clf,1,0.41,0.9604166666666667,0.1011326860841424,0.7866894197952219,0.7619834710743801,0.8592839805825243,124.72989510489509,direct classification
forest_clf,1,0.415,0.9583333333333334,0.09870550161812297,0.7903780068728522,0.7641196013289037,0.8596278317152104,123.87849650349649,direct classification
forest_clf,1,0.42,0.9541666666666667,0.0970873786407767,0.7923875432525952,0.7633333333333333,0.8570792880258901,123.02709790209789,direct classification
forest_clf,1,0.425,0.9541666666666667,0.09385113268608414,0.7979094076655052,0.7684563758389261,0.8603155339805826,122.17569930069929,direct classification
forest_clf,1,0.43,0.9541666666666667,0.09142394822006472,0.8021015761821366,0.7723440134907251,0.862742718446602,121.53715034965035,direct classification
forest_clf,1,0.435,0.9541666666666667,0.09061488673139159,0.8035087719298246,0.7736486486486487,0.8635517799352751,121.3243006993007,direct classification
forest_clf,1,0.44,0.9541666666666667,0.0889967637540453,0.8063380281690141,0.7762711864406779,0.8651699029126214,120.89860139860139,direct classification
forest_clf,1,0.445,0.9541666666666667,0.08818770226537216,0.8077601410934744,0.7775891341256367,0.8659789644012945,120.68575174825173,direct classification
forest_clf,1,0.45,0.9541666666666667,0.08737864077669903,0.8091872791519434,0.7789115646258503,0.8667880258899677,120.4729020979021,direct classification
forest_clf,1,0.455,0.9541666666666667,0.08576051779935275,0.8120567375886525,0.7815699658703071,0.8684061488673139,120.04720279720279,direct classification
forest_clf,1,0.46,0.95,0.08414239482200647,0.8142857142857143,0.7808219178082192,0.8658576051779935,119.19580419580419,direct classification
forest_clf,1,0.465,0.9458333333333333,0.0825242718446602,0.8165467625899281,0.7800687285223368,0.8633090614886731,118.34440559440559,direct classification
forest_clf,1,0.47,0.94375,0.08090614886731391,0.8191681735985533,0.7810344827586206,0.862843851132686,117.70585664335664,direct classification
forest_clf,1,0.475,0.9416666666666667,0.08009708737864078,0.8203266787658802,0.7806563039723662,0.8615695792880259,117.28015734265733,direct classification
forest_clf,1,0.48,0.9416666666666667,0.07605177993527508,0.8278388278388278,0.7874564459930313,0.8656148867313915,116.21590909090908,direct classification
forest_clf,1,0.485,0.9416666666666667,0.07605177993527508,0.8278388278388278,0.7874564459930313,0.8656148867313915,116.21590909090908,direct classification
forest_clf,1,0.49,0.9395833333333333,0.07605177993527508,0.8275229357798165,0.7857142857142857,0.8635315533980582,116.00305944055943,direct classification
forest_clf,1,0.495,0.9375,0.07524271844660194,0.8287292817679558,0.7853403141361257,0.8622572815533981,115.57736013986013,direct classification
forest_clf,1,0.5,0.9375,0.07524271844660194,0.8287292817679558,0.7853403141361257,0.8622572815533981,115.57736013986013,direct classification
forest_clf,1,0.505,0.9354166666666667,0.07524271844660194,0.8284132841328413,0.7835951134380453,0.8601739482200648,115.36451048951048,direct classification
forest_clf,1,0.51,0.93125,0.0744336569579288,0.8293135435992579,0.7814685314685315,0.8568163430420712,114.72596153846153,direct classification
forest_clf,1,0.515,0.93125,0.07362459546925566,0.8308550185873605,0.7828371278458844,0.8576254045307443,114.51311188811188,direct classification
forest_clf,1,0.52,0.93125,0.07362459546925566,0.8308550185873605,0.7828371278458844,0.8576254045307443,114.51311188811188,direct classification
forest_clf,1,0.525,0.93125,0.07281553398058252,0.8324022346368715,0.7842105263157895,0.8584344660194175,114.30026223776223,direct classification
forest_clf,1,0.53,0.9291666666666667,0.07200647249190939,0.8336448598130841,0.7838312829525483,0.8571601941747573,113.87456293706293,direct classification
forest_clf,1,0.535,0.9270833333333334,0.0703883495145631,0.8364661654135338,0.7848324514991182,0.8566949838187703,113.23601398601397,direct classification
forest_clf,1,0.54,0.925,0.06796116504854369,0.8409090909090909,0.7872340425531915,0.8570388349514564,112.38461538461537,direct classification
forest_clf,1,0.545,0.9229166666666667,0.06715210355987054,0.8422053231939164,0.7868561278863233,0.8557645631067962,111.95891608391608,direct classification
forest_clf,1,0.55,0.9208333333333333,0.06553398058252427,0.8451242829827916,0.7878787878787878,0.855299352750809,111.32036713286712,direct classification
forest_clf,1,0.555,0.91875,0.06472491909385113,0.8464491362763915,0.7875,0.8540250809061488,110.89466783216783,direct classification
forest_clf,1,0.56,0.9166666666666666,0.063915857605178,0.8477842003853564,0.7871198568872988,0.8527508090614886,110.46896853146852,direct classification
forest_clf,1,0.565,0.9125,0.06310679611650485,0.8488372093023255,0.7849462365591398,0.8493932038834952,109.83041958041957,direct classification
forest_clf,1,0.57,0.9083333333333333,0.06310679611650485,0.8482490272373541,0.7813620071684588,0.8452265372168285,109.40472027972027,direct classification
forest_clf,1,0.575,0.9020833333333333,0.06310679611650485,0.8473581213307241,0.7759856630824373,0.8389765372168285,108.76617132867132,direct classification
forest_clf,1,0.58,0.89375,0.061488673139158574,0.8495049504950495,0.7715827338129496,0.8322613268608414,107.48907342657341,direct classification
forest_clf,1,0.585,0.89375,0.06067961165048544,0.8511904761904762,0.772972972972973,0.8330703883495146,107.27622377622377,direct classification
forest_clf,1,0.59,0.8916666666666667,0.059870550161812294,0.852589641434263,0.7725631768953068,0.8317961165048544,106.85052447552447,direct classification
forest_clf,1,0.595,0.8916666666666667,0.05906148867313916,0.8542914171656687,0.7739602169981917,0.8326051779935275,106.63767482517481,direct classification
forest_clf,1,0.6,0.8875,0.05663430420711974,0.8588709677419355,0.7745454545454545,0.8308656957928802,105.57342657342656,direct classification
forest_clf,1,0.605,0.8833333333333333,0.055825242718446605,0.8600405679513184,0.7723132969034608,0.8275080906148867,104.93487762237761,direct classification
forest_clf,1,0.61,0.8791666666666667,0.05501618122977346,0.8612244897959184,0.7700729927007299,0.8241504854368932,104.29632867132867,direct classification
forest_clf,1,0.615,0.8791666666666667,0.054207119741100325,0.8629856850715747,0.7714808043875686,0.8249595469255663,104.08347902097901,direct classification
forest_clf,1,0.62,0.8770833333333333,0.05339805825242718,0.864476386036961,0.7710622710622711,0.8236852750809062,103.6577797202797,direct classification
forest_clf,1,0.625,0.8729166666666667,0.05339805825242718,0.8639175257731959,0.7673992673992674,0.8195186084142395,103.23208041958041,direct classification
forest_clf,1,0.63,0.8729166666666667,0.052588996763754045,0.8657024793388429,0.7688073394495413,0.8203276699029126,103.01923076923076,direct classification
forest_clf,1,0.635,0.8729166666666667,0.052588996763754045,0.8657024793388429,0.7688073394495413,0.8203276699029126,103.01923076923076,direct classification
forest_clf,1,0.64,0.8729166666666667,0.05177993527508091,0.8674948240165632,0.7702205882352942,0.8211367313915857,102.8063811188811,direct classification
forest_clf,1,0.645,0.8708333333333333,0.05177993527508091,0.8672199170124482,0.7683823529411765,0.8190533980582524,102.59353146853147,direct classification
forest_clf,1,0.65,0.86875,0.049352750809061485,0.8723849372384938,0.7707948243992606,0.8193972491909385,101.74213286713285,direct classification
forest_clf,1,0.655,0.8645833333333334,0.04773462783171521,0.8755274261603375,0.7699443413729128,0.8168487055016181,100.89073426573425,direct classification
forest_clf,1,0.66,0.8604166666666667,0.04611650485436893,0.8787234042553191,0.7690875232774674,0.8143001618122978,100.03933566433565,direct classification
forest_clf,1,0.665,0.85625,0.045307443365695796,0.880085653104925,0.7667910447761194,0.8109425566343041,99.4007867132867,direct classification
forest_clf,1,0.67,0.85,0.04449838187702265,0.8812095032397408,0.7626168224299066,0.8055016181229773,98.5493881118881,direct classification
forest_clf,1,0.675,0.8479166666666667,0.04449838187702265,0.8809523809523809,0.7607476635514019,0.803418284789644,98.33653846153845,direct classification
forest_clf,1,0.68,0.8479166666666667,0.04449838187702265,0.8809523809523809,0.7607476635514019,0.803418284789644,98.33653846153845,direct classification
forest_clf,1,0.685,0.8458333333333333,0.04288025889967637,0.8845315904139434,0.7617260787992496,0.8029530744336569,97.6979895104895,direct classification
forest_clf,1,0.69,0.84375,0.04288025889967637,0.8842794759825328,0.7598499061913696,0.8008697411003236,97.48513986013985,direct classification
forest_clf,1,0.695,0.8395833333333333,0.042071197411003236,0.8857142857142857,0.7575187969924813,0.7975121359223301,96.8465909090909,direct classification
forest_clf,1,0.7,0.8333333333333334,0.042071197411003236,0.8849557522123894,0.7518796992481203,0.7912621359223302,96.20804195804195,direct classification
forest_clf,1,0.705,0.83125,0.040453074433656956,0.888641425389755,0.7528301886792453,0.7907969255663431,95.569493006993,direct classification
forest_clf,1,0.71,0.8270833333333333,0.038834951456310676,0.8921348314606742,0.7518939393939394,0.7882483818770226,94.7180944055944,direct classification
forest_clf,1,0.715,0.825,0.038834951456310676,0.8918918918918919,0.75,0.7861650485436893,94.50524475524475,direct classification
forest_clf,1,0.72,0.8229166666666666,0.038834951456310676,0.891647855530474,0.7481060606060606,0.784081715210356,94.29239510489509,direct classification
forest_clf,1,0.725,0.8229166666666666,0.0372168284789644,0.8956916099773242,0.7509505703422054,0.7856998381877023,93.8666958041958,direct classification
forest_clf,1,0.73,0.8166666666666667,0.03640776699029126,0.897025171624714,0.7466666666666667,0.7802588996763754,93.0152972027972,direct classification
forest_clf,1,0.735,0.8166666666666667,0.03559870550161812,0.8990825688073395,0.7480916030534351,0.7810679611650485,92.80244755244755,direct classification
forest_clf,1,0.74,0.8145833333333333,0.03559870550161812,0.8988505747126436,0.7461832061068703,0.7789846278317152,92.58959790209789,direct classification
forest_clf,1,0.745,0.8125,0.03317152103559871,0.9048723897911833,0.7485604606525912,0.7793284789644013,91.73819930069929,direct classification
forest_clf,1,0.75,0.8104166666666667,0.03317152103559871,0.9046511627906977,0.746641074856046,0.777245145631068,91.52534965034964,direct classification
forest_clf,1,0.755,0.80625,0.03317152103559871,0.9042056074766355,0.7428023032629558,0.7730784789644013,91.09965034965035,direct classification
forest_clf,1,0.76,0.8041666666666667,0.032362459546925564,0.9061032863849765,0.7423076923076923,0.7718042071197412,90.67395104895104,direct classification
forest_clf,1,0.765,0.8041666666666667,0.03155339805825243,0.908235294117647,0.74373795761079,0.7726132686084143,90.46110139860139,direct classification
forest_clf,1,0.77,0.8,0.029935275080906147,0.9121140142517815,0.7427466150870407,0.770064724919094,89.60970279720279,direct classification
forest_clf,1,0.775,0.79375,0.029935275080906147,0.9114832535885168,0.7369439071566731,0.7638147249190939,88.97115384615384,direct classification
forest_clf,1,0.78,0.7916666666666666,0.029935275080906147,0.9112709832134293,0.7350096711798839,0.7617313915857605,88.75830419580419,direct classification
forest_clf,1,0.785,0.7875,0.029935275080906147,0.9108433734939759,0.7311411992263056,0.7575647249190939,88.3326048951049,direct classification
forest_clf,1,0.79,0.7833333333333333,0.02912621359223301,0.912621359223301,0.7286821705426356,0.7542071197411003,87.69405594405593,direct classification
forest_clf,1,0.795,0.7833333333333333,0.02831715210355987,0.9148418491484185,0.7300970873786408,0.7550161812297734,87.4812062937063,direct classification
forest_clf,1,0.8,0.78125,0.02750809061488673,0.9168704156479217,0.7295719844357976,0.7537419093851133,87.05550699300699,direct classification
forest_clf,1,0.805,0.78125,0.02750809061488673,0.9168704156479217,0.7295719844357976,0.7537419093851133,87.05550699300699,direct classification
forest_clf,1,0.81,0.7770833333333333,0.02750809061488673,0.9164619164619164,0.72568093385214,0.7495752427184467,86.62980769230768,direct classification
forest_clf,1,0.815,0.7729166666666667,0.025080906148867314,0.9228855721393034,0.726027397260274,0.7478357605177994,85.56555944055944,direct classification
forest_clf,1,0.82,0.7708333333333334,0.024271844660194174,0.925,0.7254901960784313,0.7465614886731392,85.13986013986013,direct classification
forest_clf,1,0.825,0.7708333333333334,0.023462783171521034,0.9273182957393483,0.7269155206286837,0.7473705501618123,84.92701048951048,direct classification
forest_clf,1,0.83,0.7666666666666667,0.023462783171521034,0.9269521410579346,0.7229862475442044,0.7432038834951457,84.50131118881119,direct classification
forest_clf,1,0.835,0.7645833333333333,0.023462783171521034,0.9267676767676768,0.7210216110019646,0.7411205501618122,84.28846153846153,direct classification
forest_clf,1,0.84,0.75625,0.023462783171521034,0.9260204081632653,0.7131630648330058,0.7327872168284789,83.43706293706293,direct classification
forest_clf,1,0.845,0.7479166666666667,0.023462783171521034,0.9252577319587629,0.7053045186640472,0.7244538834951456,82.58566433566433,direct classification
forest_clf,1,0.85,0.7375,0.023462783171521034,0.9242819843342036,0.6954813359528488,0.714037216828479,81.52141608391608,direct classification
forest_clf,1,0.855,0.73125,0.023462783171521034,0.9236842105263158,0.6895874263261297,0.7077872168284789,80.88286713286713,direct classification
forest_clf,1,0.86,0.71875,0.021844660194174758,0.9274193548387096,0.6804733727810651,0.6969053398058253,79.18006993006992,direct classification
forest_clf,1,0.865,0.7145833333333333,0.021844660194174758,0.927027027027027,0.6765285996055227,0.6927386731391586,78.75437062937063,direct classification
forest_clf,1,0.87,0.6979166666666666,0.020226537216828478,0.9305555555555556,0.6633663366336634,0.6776901294498382,76.62587412587412,direct classification
forest_clf,1,0.875,0.6770833333333334,0.019417475728155338,0.9312320916905444,0.6448412698412699,0.657665857605178,74.28452797202797,direct classification
forest_clf,1,0.88,0.6708333333333333,0.01699029126213592,0.9387755102040817,0.6427145708582834,0.6538430420711974,73.00743006993007,direct classification
forest_clf,1,0.885,0.6583333333333333,0.015372168284789644,0.9432835820895522,0.6332665330661322,0.6429611650485437,71.30463286713287,direct classification
forest_clf,1,0.89,0.6416666666666667,0.015372168284789644,0.9418960244648318,0.6172344689378757,0.6262944983818771,69.60183566433565,direct classification
forest_clf,1,0.895,0.6229166666666667,0.012135922330097087,0.9522292993630573,0.604040404040404,0.6107807443365696,66.8347902097902,direct classification
forest_clf,1,0.9,0.6125,0.011326860841423949,0.9545454545454546,0.5951417004048583,0.6011731391585761,65.5576923076923,direct classification
forest_clf,1,0.905,0.60625,0.010517799352750809,0.9572368421052632,0.59026369168357,0.5957322006472492,64.7062937062937,direct classification
forest_clf,1,0.91,0.5916666666666667,0.010517799352750809,0.9562289562289562,0.5760649087221096,0.5811488673139159,63.216346153846146,direct classification
forest_clf,1,0.915,0.58125,0.00889967637540453,0.9620689655172414,0.5682281059063137,0.5723503236245955,61.7263986013986,direct classification
forest_clf,1,0.92,0.5708333333333333,0.008090614886731391,0.9647887323943662,0.5591836734693878,0.562742718446602,60.44930069930069,direct classification
forest_clf,1,0.925,0.55,0.008090614886731391,0.9635036496350365,0.5387755102040817,0.5419093851132687,58.32080419580419,direct classification
forest_clf,1,0.93,0.53125,0.008090614886731391,0.9622641509433962,0.5204081632653061,0.5231593851132686,56.40515734265734,direct classification
forest_clf,1,0.935,0.5229166666666667,0.006472491909385114,0.9691119691119691,0.514344262295082,0.5164441747572815,55.12805944055943,direct classification
forest_clf,1,0.94,0.50625,0.0056634304207119745,0.972,0.4989733059548255,0.500586569579288,53.21241258741259,direct classification
forest_clf,1,0.945,0.48541666666666666,0.0056634304207119745,0.9708333333333333,0.4784394250513347,0.4797532362459547,51.08391608391608,direct classification
forest_clf,1,0.95,0.46041666666666664,0.0056634304207119745,0.9692982456140351,0.4537987679671458,0.45475323624595465,48.52972027972027,direct classification
forest_clf,1,0.955,0.43333333333333335,0.0048543689320388345,0.9719626168224299,0.4279835390946502,0.4284789644012945,45.54982517482517,direct classification
forest_clf,1,0.96,0.3875,0.0040453074433656954,0.9738219895287958,0.3835051546391753,0.38345469255663434,40.65428321678321,direct classification
forest_clf,1,0.965,0.33125,0.003236245954692557,0.9754601226993865,0.3285123966942149,0.3280137540453074,34.69449300699301,direct classification
forest_clf,1,0.97,0.275,0.003236245954692557,0.9705882352941176,0.2727272727272727,0.27176375404530745,28.947552447552447,direct classification
forest_clf,1,0.975,0.23958333333333334,0.003236245954692557,0.9663865546218487,0.23760330578512398,0.2363470873786408,25.32910839160839,direct classification
forest_clf,1,0.98,0.16458333333333333,0.003236245954692557,0.9518072289156626,0.16322314049586778,0.16134708737864079,17.666520979020977,direct classification
forest_clf,1,0.985,0.11666666666666667,0.003236245954692557,0.9333333333333333,0.11570247933884298,0.11343042071197411,12.77097902097902,direct classification
forest_clf,1,0.99,0.06458333333333334,0.0024271844660194173,0.9117647058823529,0.06418219461697723,0.06215614886731392,7.236888111888112,direct classification
forest_clf,1,0.995,0.01875,0.0016181229773462784,0.8181818181818182,0.01867219917012448,0.01713187702265372,2.3413461538461537,direct classification
forest_clf,2,0.005,1.0,0.6346469622331691,0.37811745776347544,0.37811745776347544,0.3653530377668309,268.9607523696682,direct classification
forest_clf,2,0.01,1.0,0.5927750410509032,0.39429530201342283,0.39429530201342283,0.4072249589490968,257.92535545023696,direct classification
forest_clf,2,0.015,1.0,0.5566502463054187,0.4094076655052265,0.4094076655052265,0.4433497536945813,248.40462085308056,direct classification
forest_clf,2,0.02,1.0,0.5262725779967159,0.42304230423042305,0.42304230423042305,0.4737274220032841,240.39854857819904,direct classification
forest_clf,2,0.025,0.9957446808510638,0.4967159277504105,0.4361602982292637,0.43534883720930234,0.4990287531006533,232.17609597156397,direct classification
forest_clf,2,0.03,0.9957446808510638,0.4794745484400657,0.4448669201520912,0.444022770398482,0.5162701324109982,227.6321090047393,direct classification
forest_clf,2,0.035,0.9957446808510638,0.4630541871921182,0.45348837209302323,0.4526112185686654,0.5326904936589456,223.30450236966823,direct classification
forest_clf,2,0.04,0.9957446808510638,0.44991789819376027,0.46062992125984253,0.45972495088408644,0.5458267826573036,219.84241706161134,direct classification
forest_clf,2,0.045,0.9936170212765958,0.43349753694581283,0.46934673366834173,0.467935871743487,0.560119484330783,215.2984300947867,direct classification
forest_clf,2,0.05,0.9936170212765958,0.4178981937602627,0.47848360655737704,0.4770173646578141,0.5757188275163331,211.1872037914692,direct classification
forest_clf,2,0.055,0.9936170212765958,0.4006568144499179,0.48900523560209425,0.48747390396659707,0.5929602068266779,206.64321682464453,direct classification
forest_clf,2,0.06,0.9936170212765958,0.38834154351395733,0.4968085106382979,0.49522799575821846,0.6052754777626385,203.39751184834122,direct classification
forest_clf,2,0.065,0.9936170212765958,0.38095238095238093,0.5016111707841031,0.5,0.6126646403242149,201.45008886255923,direct classification
forest_clf,2,0.07,0.9936170212765958,0.36617405582922824,0.511500547645126,0.509825327510917,0.6274429654473676,197.55524289099523,direct classification
forest_clf,2,0.075,0.9914893617021276,0.3587848932676519,0.5160575858250277,0.5137816979051819,0.6327044684344758,195.3914395734597,direct classification
forest_clf,2,0.08,0.9893617021276596,0.34318555008210183,0.5266138165345413,0.5236486486486487,0.6461761520455578,191.0638329383886,direct classification
forest_clf,2,0.085,0.9893617021276596,0.33497536945812806,0.5326460481099656,0.5296127562642369,0.6543863326695316,188.90002962085308,direct classification
forest_clf,2,0.09,0.9893617021276596,0.3251231527093596,0.5400696864111498,0.5369515011547344,0.6642385494183001,186.3034656398104,direct classification
forest_clf,2,0.095,0.9872340425531915,0.31198686371100165,0.5497630331753555,0.5458823529411765,0.6752471788421899,182.62499999999997,direct classification
forest_clf,2,0.1,0.9872340425531915,0.2996715927750411,0.5597104945717732,0.555688622754491,0.6875624497781504,179.37929502369667,direct classification
forest_clf,2,0.105,0.9872340425531915,0.29064039408866993,0.5672371638141809,0.5631067961165048,0.6965936484645215,176.99911137440756,direct classification
forest_clf,2,0.11,0.9872340425531915,0.2848932676518883,0.5721331689272503,0.5679314565483476,0.7023407749013031,175.48444905213267,direct classification
forest_clf,2,0.115,0.9851063829787234,0.2824302134646962,0.573729863692689,0.5687960687960688,0.7026761695140272,174.61892772511848,direct classification
forest_clf,2,0.12,0.9851063829787234,0.27586206896551724,0.5794743429286608,0.5744416873449132,0.7092443140132062,172.88788507109004,direct classification
forest_clf,2,0.125,0.9851063829787234,0.26929392446633826,0.5853350189633375,0.5802005012531328,0.7158124585123852,171.1568424170616,direct classification
forest_clf,2,0.13,0.9851063829787234,0.25862068965517243,0.5951156812339332,0.5898089171974522,0.7264856933235511,168.34389810426538,direct classification
forest_clf,2,0.135,0.9851063829787234,0.2545155993431856,0.5989650711513583,0.5935897435897436,0.7305907836355379,167.26199644549763,direct classification
forest_clf,2,0.14,0.9851063829787234,0.24958949096880131,0.6036505867014341,0.5981912144702842,0.7355168920099221,165.9637144549763,direct classification
forest_clf,2,0.145,0.9851063829787234,0.23891625615763548,0.6140583554376657,0.6084099868593955,0.746190126821088,163.15077014218008,direct classification
forest_clf,2,0.15,0.9829787234042553,0.23234811165845648,0.6201342281879194,0.6135458167330677,0.7506306117457988,161.20334715639808,direct classification
forest_clf,2,0.155,0.9829787234042553,0.22660098522167488,0.6260162601626016,0.6193029490616622,0.7563777381825805,159.68868483412322,direct classification
forest_clf,2,0.16,0.9829787234042553,0.2200328407224959,0.6328767123287671,0.6260162601626016,0.7629458826817594,157.95764218009478,direct classification
forest_clf,2,0.165,0.9829787234042553,0.21674876847290642,0.6363636363636364,0.6294277929155313,0.7662299549313489,157.09212085308056,direct classification
forest_clf,2,0.17,0.9808510638297873,0.21018062397372742,0.6429567642956764,0.6349862258953168,0.7706704398560599,155.14469786729856,direct classification
forest_clf,2,0.175,0.9808510638297873,0.2044334975369458,0.6492957746478873,0.6411682892906815,0.7764175662928414,153.63003554502367,direct classification
forest_clf,2,0.18,0.9787234042553191,0.20032840722495895,0.6534090909090909,0.6442577030812325,0.7783949970303602,152.33175355450237,direct classification
forest_clf,2,0.185,0.9787234042553191,0.1962233169129721,0.6580829756795422,0.6488011283497884,0.782500087342347,151.2498518957346,direct classification
forest_clf,2,0.19,0.9787234042553191,0.19129720853858784,0.6637806637806638,0.6543385490753911,0.7874261957167312,149.95156990521326,direct classification
forest_clf,2,0.195,0.9787234042553191,0.1863711001642036,0.6695778748180495,0.6599713055954088,0.7923523040911156,148.65328791469193,direct classification
forest_clf,2,0.2,0.9765957446808511,0.1839080459770115,0.6720351390922401,0.6613832853025937,0.7926876987038396,147.7877665876777,direct classification
forest_clf,2,0.205,0.9744680851063829,0.18226600985221675,0.6735294117647059,0.661849710982659,0.7922020752541662,147.13862559241704,direct classification
forest_clf,2,0.21,0.9723404255319149,0.17898193760262726,0.677037037037037,0.6642441860465116,0.7933584879292876,146.05672393364927,direct classification
forest_clf,2,0.215,0.9723404255319149,0.1748768472906404,0.682089552238806,0.6691068814055637,0.7974635782412745,144.97482227488152,direct classification
forest_clf,2,0.22,0.9723404255319149,0.17405582922824303,0.6831091180866966,0.6700879765395894,0.7982845963036719,144.75844194312796,direct classification
forest_clf,2,0.225,0.9723404255319149,0.16995073891625614,0.6882530120481928,0.6750369276218612,0.8023896866156588,143.6765402843602,direct classification
forest_clf,2,0.23,0.9723404255319149,0.1683087027914614,0.6903323262839879,0.677037037037037,0.8040317227404535,143.24377962085308,direct classification
forest_clf,2,0.235,0.9723404255319149,0.16502463054187191,0.6945288753799392,0.6810730253353204,0.807315794990043,142.37825829383885,direct classification
forest_clf,2,0.24,0.9723404255319149,0.16420361247947454,0.69558599695586,0.682089552238806,0.8081368130524403,142.1618779620853,direct classification
forest_clf,2,0.245,0.9723404255319149,0.1592775041050903,0.7019969278033794,0.6882530120481928,0.8130629214268246,140.86359597156397,direct classification
forest_clf,2,0.25,0.9723404255319149,0.1592775041050903,0.7019969278033794,0.6882530120481928,0.8130629214268246,140.86359597156397,direct classification
forest_clf,2,0.255,0.9680851063829787,0.15435139573070608,0.7076205287713841,0.6914893617021277,0.8137337106522726,139.13255331753552,direct classification
forest_clf,2,0.26,0.9659574468085106,0.15188834154351397,0.7104851330203443,0.6931297709923664,0.8140691052649967,138.2670319905213,direct classification
forest_clf,2,0.265,0.9659574468085106,0.14860426929392448,0.7149606299212599,0.6973886328725039,0.8173531775145861,137.4015106635071,direct classification
forest_clf,2,0.27,0.9638297872340426,0.1469622331691297,0.7167721518987342,0.6979969183359014,0.8168675540649128,136.75236966824644,direct classification
forest_clf,2,0.275,0.9638297872340426,0.1469622331691297,0.7167721518987342,0.6979969183359014,0.8168675540649128,136.75236966824644,direct classification
forest_clf,2,0.28,0.9638297872340426,0.14203612479474548,0.7236421725239617,0.7045101088646968,0.8217936624392971,135.4540876777251,direct classification
forest_clf,2,0.285,0.9638297872340426,0.13957307060755336,0.7271268057784912,0.7078125,0.8242567166264891,134.80494668246445,direct classification
forest_clf,2,0.29,0.9638297872340426,0.13957307060755336,0.7271268057784912,0.7078125,0.8242567166264891,134.80494668246445,direct classification
forest_clf,2,0.295,0.9638297872340426,0.13628899835796388,0.7318255250403877,0.7122641509433962,0.8275407888760786,133.93942535545023,direct classification
forest_clf,2,0.3,0.9617021276595744,0.13136288998357964,0.738562091503268,0.7174603174603175,0.8303392376759948,132.42476303317534,direct classification
forest_clf,2,0.305,0.9617021276595744,0.12889983579638753,0.7422003284072249,0.7208931419457735,0.8328022918631869,131.77562203791467,direct classification
forest_clf,2,0.31,0.9617021276595744,0.1272577996715928,0.7446457990115322,0.7232,0.8344443279879816,131.34286137440756,direct classification
forest_clf,2,0.315,0.9617021276595744,0.12479474548440066,0.7483443708609272,0.7266881028938906,0.8369073821751738,130.6937203791469,direct classification
forest_clf,2,0.32,0.9617021276595744,0.12315270935960591,0.7508305647840532,0.7290322580645161,0.8385494182999685,130.26095971563979,direct classification
forest_clf,2,0.325,0.9595744680851064,0.12233169129720854,0.7516666666666667,0.72859450726979,0.8372427767878978,129.8281990521327,direct classification
forest_clf,2,0.33,0.9595744680851064,0.12151067323481117,0.7529215358931552,0.7297734627831716,0.8380637948502953,129.61181872037915,direct classification
forest_clf,2,0.335,0.9574468085106383,0.1206896551724138,0.7537688442211056,0.7293354943273906,0.8367571533382245,129.17905805687204,direct classification
forest_clf,2,0.34,0.9553191489361702,0.1206896551724138,0.7533557046979866,0.7277147487844409,0.8346294937637564,128.96267772511848,direct classification
forest_clf,2,0.345,0.9553191489361702,0.11986863711001643,0.7546218487394958,0.7288961038961039,0.8354505118261538,128.74629739336493,direct classification
forest_clf,2,0.35,0.951063829787234,0.11904761904761904,0.7550675675675675,0.7268292682926829,0.832016210739615,128.09715639810426,direct classification
forest_clf,2,0.355,0.951063829787234,0.11904761904761904,0.7550675675675675,0.7268292682926829,0.832016210739615,128.09715639810426,direct classification
forest_clf,2,0.36,0.951063829787234,0.1174055829228243,0.7576271186440678,0.7292006525285482,0.8336582468644097,127.66439573459715,direct classification
forest_clf,2,0.365,0.951063829787234,0.1174055829228243,0.7576271186440678,0.7292006525285482,0.8336582468644097,127.66439573459715,direct classification
forest_clf,2,0.37,0.951063829787234,0.11658456486042693,0.7589134125636672,0.7303921568627451,0.8344792649268071,127.4480154028436,direct classification
forest_clf,2,0.375,0.948936170212766,0.11576354679802955,0.7597955706984668,0.7299509001636661,0.8331726234147364,127.01525473933648,direct classification
forest_clf,2,0.38,0.9468085106382979,0.11494252873563218,0.7606837606837606,0.7295081967213115,0.8318659819026657,126.58249407582937,direct classification
forest_clf,2,0.385,0.9446808510638298,0.11494252873563218,0.7602739726027398,0.7278688524590164,0.8297383223281977,126.36611374407582,direct classification
forest_clf,2,0.39,0.9425531914893617,0.11494252873563218,0.7598627787307033,0.7262295081967213,0.8276106627537295,126.14973341232226,direct classification
forest_clf,2,0.395,0.9425531914893617,0.11494252873563218,0.7598627787307033,0.7262295081967213,0.8276106627537295,126.14973341232226,direct classification
forest_clf,2,0.4,0.9404255319148936,0.11412151067323481,0.7607573149741824,0.7257799671592775,0.8263040212416588,125.71697274881515,direct classification
forest_clf,2,0.405,0.9361702127659575,0.11330049261083744,0.7612456747404844,0.7236842105263158,0.82286972015512,125.06783175355449,direct classification
forest_clf,2,0.41,0.9361702127659575,0.11330049261083744,0.7612456747404844,0.7236842105263158,0.82286972015512,125.06783175355449,direct classification
forest_clf,2,0.415,0.9340425531914893,0.11083743842364532,0.764808362369338,0.7256198347107438,0.823205114767844,124.20231042654028,direct classification
forest_clf,2,0.42,0.9319148936170213,0.10919540229885058,0.7670753064798599,0.7263681592039801,0.8227194913181707,123.55316943127961,direct classification
forest_clf,2,0.425,0.9319148936170213,0.10919540229885058,0.7670753064798599,0.7263681592039801,0.8227194913181707,123.55316943127961,direct classification
forest_clf,2,0.43,0.9319148936170213,0.10919540229885058,0.7670753064798599,0.7263681592039801,0.8227194913181707,123.55316943127961,direct classification
forest_clf,2,0.435,0.9297872340425531,0.10919540229885058,0.7666666666666667,0.724709784411277,0.8205918317437025,123.33678909952606,direct classification
forest_clf,2,0.44,0.9212765957446809,0.10755336617405582,0.7677304964539007,0.7204658901830283,0.813723229570625,122.03850710900473,direct classification
forest_clf,2,0.445,0.9212765957446809,0.10344827586206896,0.774597495527728,0.7265100671140939,0.817828319882612,120.95660545023695,direct classification
forest_clf,2,0.45,0.9191489361702128,0.10180623973727422,0.7769784172661871,0.7272727272727273,0.8173426964329386,120.3074644549763,direct classification
forest_clf,2,0.455,0.9191489361702128,0.0993431855500821,0.7811934900542495,0.7309644670050761,0.8198057506201306,119.65832345971563,direct classification
forest_clf,2,0.46,0.9191489361702128,0.09852216748768473,0.782608695652174,0.7322033898305085,0.820626768682528,119.44194312796208,direct classification
forest_clf,2,0.465,0.9191489361702128,0.09523809523809523,0.7883211678832117,0.7372013651877133,0.8239108409321175,118.57642180094786,direct classification
forest_clf,2,0.47,0.9191489361702128,0.09523809523809523,0.7883211678832117,0.7372013651877133,0.8239108409321175,118.57642180094786,direct classification
forest_clf,2,0.475,0.9191489361702128,0.09523809523809523,0.7883211678832117,0.7372013651877133,0.8239108409321175,118.57642180094786,direct classification
forest_clf,2,0.48,0.9170212765957447,0.09441707717569786,0.7893772893772893,0.7367521367521368,0.8226041994200468,118.14366113744074,direct classification
forest_clf,2,0.485,0.9170212765957447,0.09359605911330049,0.7908256880733945,0.738013698630137,0.8234252174824442,117.92728080568719,direct classification
forest_clf,2,0.49,0.9170212765957447,0.09359605911330049,0.7908256880733945,0.738013698630137,0.8234252174824442,117.92728080568719,direct classification
forest_clf,2,0.495,0.9170212765957447,0.09277504105090312,0.7922794117647058,0.7392795883361921,0.8242462355448417,117.71090047393363,direct classification
forest_clf,2,0.5,0.9170212765957447,0.09277504105090312,0.7922794117647058,0.7392795883361921,0.8242462355448417,117.71090047393363,direct classification
forest_clf,2,0.505,0.9170212765957447,0.09113300492610837,0.7952029520295203,0.7418244406196214,0.8258882716696363,117.27813981042652,direct classification
forest_clf,2,0.51,0.9170212765957447,0.09113300492610837,0.7952029520295203,0.7418244406196214,0.8258882716696363,117.27813981042652,direct classification
forest_clf,2,0.515,0.9127659574468086,0.090311986863711,0.7959183673469388,0.7396551724137931,0.8224539705830975,116.62899881516587,direct classification
forest_clf,2,0.52,0.9106382978723404,0.08784893267651889,0.8,0.7417677642980935,0.8227893651958216,115.76347748815165,direct classification
forest_clf,2,0.525,0.9106382978723404,0.08456486042692939,0.8060263653483992,0.7469458987783595,0.8260734374454111,114.89795616113743,direct classification
forest_clf,2,0.53,0.9042553191489362,0.08456486042692939,0.8049242424242424,0.7417102966841187,0.8196904587220069,114.24881516587676,direct classification
forest_clf,2,0.535,0.9,0.08210180623973727,0.8087954110898662,0.7421052631578947,0.8178981937602627,113.166913507109,direct classification
forest_clf,2,0.54,0.9,0.08045977011494253,0.8119001919385797,0.7447183098591549,0.8195402298850575,112.73415284360189,direct classification
forest_clf,2,0.545,0.8978723404255319,0.07963875205254516,0.8131021194605009,0.7442680776014109,0.8182335883729868,112.30139218009478,direct classification
forest_clf,2,0.55,0.8978723404255319,0.07963875205254516,0.8131021194605009,0.7442680776014109,0.8182335883729868,112.30139218009478,direct classification
forest_clf,2,0.555,0.8978723404255319,0.07963875205254516,0.8131021194605009,0.7442680776014109,0.8182335883729868,112.30139218009478,direct classification
forest_clf,2,0.56,0.8978723404255319,0.07881773399014778,0.8146718146718147,0.7455830388692579,0.8190546064353841,112.08501184834122,direct classification
forest_clf,2,0.565,0.8957446808510638,0.07881773399014778,0.8143133462282398,0.7438162544169611,0.816926946860916,111.86863151658767,direct classification
forest_clf,2,0.57,0.8914893617021277,0.07881773399014778,0.8135922330097087,0.7402826855123675,0.8126716277119799,111.43587085308056,direct classification
forest_clf,2,0.575,0.8829787234042553,0.07717569786535304,0.8153241650294696,0.7358156028368794,0.8058030255389023,110.13758886255923,direct classification
forest_clf,2,0.58,0.8829787234042553,0.07717569786535304,0.8153241650294696,0.7358156028368794,0.8058030255389023,110.13758886255923,direct classification
forest_clf,2,0.585,0.8787234042553191,0.07717569786535304,0.814595660749507,0.7322695035460993,0.8015477063899661,109.70482819905212,direct classification
forest_clf,2,0.59,0.8787234042553191,0.07717569786535304,0.814595660749507,0.7322695035460993,0.8015477063899661,109.70482819905212,direct classification
forest_clf,2,0.595,0.874468085106383,0.07635467980295567,0.8154761904761905,0.7300177619893428,0.7981134053034273,109.05568720379146,direct classification
forest_clf,2,0.6,0.8723404255319149,0.07471264367816093,0.8183632734530938,0.7308377896613191,0.797627781853754,108.4065462085308,direct classification
forest_clf,2,0.605,0.8723404255319149,0.07307060755336617,0.8216432865731463,0.7334525939177102,0.7992698179785488,107.97378554502369,direct classification
forest_clf,2,0.61,0.8723404255319149,0.0722495894909688,0.8232931726907631,0.7347670250896058,0.8000908360409461,107.75740521327013,direct classification
forest_clf,2,0.615,0.8702127659574468,0.0722495894909688,0.8229376257545271,0.7329749103942652,0.797963176466478,107.54102488151658,direct classification
forest_clf,2,0.62,0.8702127659574468,0.07142857142857142,0.8245967741935484,0.7342908438061041,0.7987841945288754,107.32464454976302,direct classification
forest_clf,2,0.625,0.8659574468085106,0.06814449917898194,0.8306122448979592,0.7359855334538878,0.7978129476295287,106.02636255924169,direct classification
forest_clf,2,0.63,0.8638297872340426,0.0665024630541872,0.8336755646817249,0.7368421052631579,0.7973273241798554,105.37722156398104,direct classification
forest_clf,2,0.635,0.8574468085106383,0.06568144499178982,0.8343685300207039,0.7327272727272728,0.7917653635188484,104.51170023696682,direct classification
forest_clf,2,0.64,0.8531914893617021,0.06321839080459771,0.8389121338912134,0.7330895795246801,0.7899730985571044,103.42979857819904,direct classification
forest_clf,2,0.645,0.8425531914893617,0.06321839080459771,0.8372093023255814,0.7239488117001828,0.779334800684764,102.34789691943126,direct classification
forest_clf,2,0.65,0.8425531914893617,0.06321839080459771,0.8372093023255814,0.7239488117001828,0.779334800684764,102.34789691943126,direct classification
forest_clf,2,0.655,0.8382978723404255,0.06157635467980296,0.8400852878464818,0.7229357798165138,0.7767215176606226,101.48237559241706,direct classification
forest_clf,2,0.66,0.8382978723404255,0.06157635467980296,0.8400852878464818,0.7229357798165138,0.7767215176606226,101.48237559241706,direct classification
forest_clf,2,0.665,0.8361702127659575,0.06157635467980296,0.8397435897435898,0.7211009174311926,0.7745938580861546,101.2659952606635,direct classification
forest_clf,2,0.67,0.8340425531914893,0.06157635467980296,0.8394004282655246,0.7192660550458716,0.7724661985116864,101.04961492890995,direct classification
forest_clf,2,0.675,0.8340425531914893,0.059113300492610835,0.8448275862068966,0.7232472324723247,0.7749292526988785,100.40047393364928,direct classification
forest_clf,2,0.68,0.8340425531914893,0.059113300492610835,0.8448275862068966,0.7232472324723247,0.7749292526988785,100.40047393364928,direct classification
forest_clf,2,0.685,0.8276595744680851,0.059113300492610835,0.8438177874186551,0.7177121771217713,0.7685462739754743,99.75133293838861,direct classification
forest_clf,2,0.69,0.823404255319149,0.05829228243021346,0.8449781659388647,0.7153419593345656,0.7651119728889355,99.10219194312795,direct classification
forest_clf,2,0.695,0.8191489361702128,0.05747126436781609,0.8461538461538461,0.7129629629629629,0.7616776718023966,98.4530509478673,direct classification
forest_clf,2,0.7,0.8106382978723404,0.05665024630541872,0.8466666666666667,0.7068645640074211,0.7539880515669217,97.37114928909952,direct classification
forest_clf,2,0.705,0.8106382978723404,0.05665024630541872,0.8466666666666667,0.7068645640074211,0.7539880515669217,97.37114928909952,direct classification
forest_clf,2,0.71,0.8106382978723404,0.054187192118226604,0.8523489932885906,0.710820895522388,0.7564511057541138,96.72200829383885,direct classification
forest_clf,2,0.715,0.8063829787234043,0.054187192118226604,0.851685393258427,0.707089552238806,0.7521957866051776,96.28924763033174,direct classification
forest_clf,2,0.72,0.8021276595744681,0.054187192118226604,0.8510158013544018,0.7033582089552238,0.7479404674562414,95.85648696682463,direct classification
forest_clf,2,0.725,0.8021276595744681,0.052545155993431854,0.854875283446712,0.7059925093632958,0.7495825035810362,95.42372630331752,direct classification
forest_clf,2,0.73,0.7978723404255319,0.052545155993431854,0.8542141230068337,0.702247191011236,0.7453271844321,94.99096563981041,direct classification
forest_clf,2,0.735,0.7957446808510639,0.052545155993431854,0.8538812785388128,0.700374531835206,0.743199524857632,94.77458530805687,direct classification
forest_clf,2,0.74,0.7936170212765957,0.05008210180623974,0.8594470046082949,0.7024482109227872,0.743534919470356,93.90906398104265,direct classification
forest_clf,2,0.745,0.7851063829787234,0.04926108374384237,0.8601398601398601,0.6962264150943396,0.735845299234881,92.82716232227487,direct classification
forest_clf,2,0.75,0.7829787234042553,0.048440065681444995,0.8618266978922716,0.6956521739130435,0.7345386577228104,92.39440165876776,direct classification
forest_clf,2,0.755,0.7787234042553192,0.047619047619047616,0.8632075471698113,0.6931818181818182,0.7311043566362716,91.7452606635071,direct classification
forest_clf,2,0.76,0.7787234042553192,0.047619047619047616,0.8632075471698113,0.6931818181818182,0.7311043566362716,91.7452606635071,direct classification
forest_clf,2,0.765,0.7787234042553192,0.046798029556650245,0.8652482269503546,0.6944971537001897,0.7319253746986689,91.52888033175354,direct classification
forest_clf,2,0.77,0.7787234042553192,0.046798029556650245,0.8652482269503546,0.6944971537001897,0.7319253746986689,91.52888033175354,direct classification
forest_clf,2,0.775,0.774468085106383,0.0451559934318555,0.8687350835322196,0.6933333333333334,0.7293120916745275,90.66335900473933,direct classification
forest_clf,2,0.78,0.7617021276595745,0.0451559934318555,0.8668280871670703,0.6819047619047619,0.716546134227719,89.365077014218,direct classification
forest_clf,2,0.785,0.7574468085106383,0.0451559934318555,0.8661800486618005,0.6780952380952381,0.7122908150787828,88.93231635071089,direct classification
forest_clf,2,0.79,0.7489361702127659,0.0451559934318555,0.8648648648648649,0.6704761904761904,0.7037801767809104,88.06679502369667,direct classification
forest_clf,2,0.795,0.7382978723404255,0.0451559934318555,0.8631840796019901,0.660952380952381,0.69314187890857,86.98489336492891,direct classification
forest_clf,2,0.8,0.7319148936170212,0.04187192118226601,0.8708860759493671,0.6602687140115163,0.6900429724347552,85.47023104265402,direct classification
forest_clf,2,0.805,0.7297872340425532,0.041050903119868636,0.8727735368956743,0.6596153846153846,0.6887363309226846,85.03747037914691,direct classification
forest_clf,2,0.81,0.7212765957446808,0.040229885057471264,0.8737113402061856,0.653179190751445,0.6810467106872096,83.95556872037913,direct classification
forest_clf,2,0.815,0.7148936170212766,0.03940886699507389,0.875,0.6486486486486487,0.6754847500262028,83.09004739336493,direct classification
forest_clf,2,0.82,0.7063829787234043,0.03694581280788178,0.8806366047745358,0.6446601941747573,0.6694371659155225,81.57538507109004,direct classification
forest_clf,2,0.825,0.6936170212765957,0.035303776683087026,0.8834688346883469,0.6354775828460039,0.6583132445935087,79.84434241706161,direct classification
forest_clf,2,0.83,0.6872340425531915,0.035303776683087026,0.8825136612021858,0.6296296296296297,0.6519302658701045,79.19520142180095,direct classification
forest_clf,2,0.835,0.6702127659574468,0.03284072249589491,0.8873239436619719,0.6176470588235294,0.637372043461552,76.81501777251184,direct classification
forest_clf,2,0.84,0.6510638297872341,0.031198686371100164,0.8895348837209303,0.6023622047244095,0.619865143416134,74.43483412322274,direct classification
forest_clf,2,0.845,0.6382978723404256,0.029556650246305417,0.8928571428571429,0.5928853754940712,0.6087412220941202,72.7037914691943,direct classification
forest_clf,2,0.85,0.625531914893617,0.027914614121510674,0.8963414634146342,0.5833333333333334,0.5976173007721064,70.97274881516587,direct classification
forest_clf,2,0.855,0.6042553191489362,0.027093596059113302,0.8958990536277602,0.5646123260437376,0.5771617230898228,68.59256516587678,direct classification
forest_clf,2,0.86,0.5914893617021276,0.024630541871921183,0.9025974025974026,0.556,0.5668588198302065,66.64514218009478,direct classification
forest_clf,2,0.865,0.5723404255319149,0.024630541871921183,0.8996655518394648,0.538,0.5477098836599937,64.6977191943128,direct classification
forest_clf,2,0.87,0.5553191489361702,0.022988505747126436,0.903114186851211,0.5240963855421686,0.5323306431890438,62.53391587677724,direct classification
forest_clf,2,0.875,0.5297872340425532,0.022988505747126436,0.8989169675090253,0.5,0.5067987282954268,59.937351895734594,direct classification
forest_clf,2,0.88,0.5191489361702127,0.022988505747126436,0.8970588235294118,0.4899598393574297,0.49616043042308633,58.85545023696682,direct classification
forest_clf,2,0.885,0.5127659574468085,0.022988505747126436,0.895910780669145,0.4839357429718876,0.4897774516996821,58.20630924170616,direct classification
forest_clf,2,0.89,0.5042553191489362,0.020525451559934318,0.9045801526717557,0.47878787878787876,0.4837298675890019,56.69164691943128,direct classification
forest_clf,2,0.895,0.4851063829787234,0.020525451559934318,0.9011857707509882,0.46060606060606063,0.4645809314187891,54.74422393364929,direct classification
forest_clf,2,0.9,0.46170212765957447,0.020525451559934318,0.8966942148760331,0.4383838383838384,0.4411766760996402,52.364040284360186,direct classification
forest_clf,2,0.905,0.4553191489361702,0.019704433497536946,0.8991596638655462,0.4331983805668016,0.4356147154386333,51.498518957345965,direct classification
forest_clf,2,0.91,0.43829787234042555,0.0180623973727422,0.9035087719298246,0.4186991869918699,0.4202354749676834,49.33471563981042,direct classification
forest_clf,2,0.915,0.4127659574468085,0.017241379310344827,0.9023255813953488,0.395112016293279,0.3955245781364637,46.521771327014214,direct classification
forest_clf,2,0.92,0.3893617021276596,0.013957307060755337,0.915,0.3757700205338809,0.37540439506690426,43.2760663507109,direct classification
forest_clf,2,0.925,0.3723404255319149,0.011494252873563218,0.9259259259259259,0.3615702479338843,0.36084617265835167,40.8958827014218,direct classification
forest_clf,2,0.93,0.3468085106382979,0.010673234811165846,0.9261363636363636,0.33747412008281574,0.33613527582713204,38.08293838862559,direct classification
forest_clf,2,0.935,0.3191489361702128,0.009852216748768473,0.9259259259259259,0.3112033195020747,0.3092967194214443,35.053613744075825,direct classification
forest_clf,2,0.94,0.2978723404255319,0.009852216748768473,0.9210526315789473,0.29045643153526973,0.28802012367676344,32.88981042654028,direct classification
forest_clf,2,0.945,0.2680851063829787,0.007389162561576354,0.9333333333333333,0.2630480167014614,0.2606959438214024,29.211344786729857,direct classification
forest_clf,2,0.95,0.2425531914893617,0.007389162561576354,0.926829268292683,0.23799582463465555,0.23516402892778535,26.6147808056872,direct classification
forest_clf,2,0.955,0.22340425531914893,0.006568144499178982,0.9292035398230089,0.2196652719665272,0.21683611081996995,24.450977488151658,direct classification
forest_clf,2,0.96,0.2,0.006568144499178982,0.9215686274509803,0.19665271966527198,0.19343185550082104,22.070793838862556,direct classification
forest_clf,2,0.965,0.18936170212765957,0.005747126436781609,0.9270833333333334,0.18658280922431866,0.18361457569087797,20.77251184834123,direct classification
forest_clf,2,0.97,0.16382978723404254,0.005747126436781609,0.9166666666666666,0.16142557651991615,0.15808266079726094,18.175947867298575,direct classification
forest_clf,2,0.975,0.13191489361702127,0.004105090311986864,0.9253731343283582,0.13052631578947368,0.12780980330503441,14.49748222748815,direct classification
forest_clf,2,0.98,0.10851063829787234,0.0008210180623973727,0.9807692307692307,0.10828025477707007,0.10768962023547497,11.251777251184834,direct classification
forest_clf,2,0.985,0.07446808510638298,0.0008210180623973727,0.9722222222222222,0.07430997876857749,0.0736470670439856,7.789691943127961,direct classification
forest_clf,2,0.99,0.05531914893617021,0.0,1.0,0.05531914893617021,0.05531914893617021,5.625888625592417,direct classification
forest_clf,2,0.995,0.014893617021276596,0.0,1.0,0.014893617021276596,0.014893617021276596,1.5146623222748814,direct classification
forest_clf,3,0.005,1.0,0.7229013854930725,0.3477941176470588,0.3477941176470588,0.2770986145069275,292.2,direct classification
forest_clf,3,0.01,1.0,0.6414017929910351,0.3753968253968254,0.3753968253968254,0.35859820700896494,270.7147058823529,direct classification
forest_clf,3,0.015,1.0,0.5965770171149144,0.3925311203319502,0.3925311203319502,0.4034229828850856,258.89779411764704,direct classification
forest_clf,3,0.02,1.0,0.5664221678891606,0.4049657534246575,0.4049657534246575,0.43357783211083945,250.94823529411764,direct classification
forest_clf,3,0.025,0.9957716701902748,0.5427872860635696,0.41424802110817943,0.4135206321334504,0.45298438412670516,244.28779411764705,direct classification
forest_clf,3,0.03,0.9957716701902748,0.5248573757131214,0.4224215246636771,0.42166517457475383,0.4709142944771534,239.5610294117647,direct classification
forest_clf,3,0.035,0.9936575052854123,0.5101874490627547,0.42883211678832117,0.42766151046405826,0.4834700562226576,235.47882352941176,direct classification
forest_clf,3,0.04,0.9936575052854123,0.4963325183374083,0.4355885078776645,0.4343807763401109,0.497324986948004,231.82632352941175,direct classification
forest_clf,3,0.045,0.9936575052854123,0.4792176039119804,0.444234404536862,0.4429783223374175,0.5144399013734319,227.31441176470588,direct classification
forest_clf,3,0.05,0.9915433403805497,0.4621026894865526,0.4527027027027027,0.45096153846153847,0.5294406508939971,222.58764705882353,direct classification
forest_clf,3,0.055,0.9915433403805497,0.44580277098614507,0.46161417322834647,0.4598039215686274,0.5457405693944046,218.2905882352941,direct classification
forest_clf,3,0.06,0.9915433403805497,0.42705786471067647,0.47230614300100704,0.4704112337011033,0.5644854756698732,213.3489705882353,direct classification
forest_clf,3,0.065,0.9894291754756871,0.4189079054604727,0.47657841140529533,0.47416413373860183,0.5705212700152145,210.98558823529413,direct classification
forest_clf,3,0.07,0.985200845665962,0.4034229828850856,0.48491155046826223,0.48140495867768596,0.5817778627808764,206.47367647058823,direct classification
forest_clf,3,0.075,0.985200845665962,0.3895680521597392,0.4936440677966102,0.4900105152471083,0.5956327935062228,202.82117647058823,direct classification
forest_clf,3,0.08,0.9830866807610994,0.3797881010594947,0.49946294307196565,0.4952076677316294,0.6032985797016047,200.02808823529412,direct classification
forest_clf,3,0.085,0.9809725158562368,0.3691931540342298,0.5059978189749182,0.5010799136069114,0.611779361822007,197.02014705882354,direct classification
forest_clf,3,0.09,0.9809725158562368,0.36185819070904646,0.5110132158590308,0.5059978189749182,0.6191143251471903,195.0864705882353,direct classification
forest_clf,3,0.095,0.9809725158562368,0.35289323553382235,0.5172798216276477,0.5121412803532008,0.6280792803224144,192.7230882352941,direct classification
forest_clf,3,0.1,0.9809725158562368,0.3414832925835371,0.5254813137032842,0.5201793721973094,0.6394892232726996,189.71514705882353,direct classification
forest_clf,3,0.105,0.9809725158562368,0.3251833740831296,0.5376593279258401,0.5321100917431193,0.6557891417731072,185.4180882352941,direct classification
forest_clf,3,0.11,0.9809725158562368,0.31377343113284434,0.5465253239104829,0.5407925407925408,0.6671990847233924,182.41014705882353,direct classification
forest_clf,3,0.115,0.9809725158562368,0.30480847595762023,0.5536992840095465,0.5478158205430933,0.6761640398986166,180.04676470588234,direct classification
forest_clf,3,0.12,0.9809725158562368,0.29665851670741644,0.5603864734299517,0.5543608124253285,0.6843139991488203,177.89823529411765,direct classification
forest_clf,3,0.125,0.9809725158562368,0.2828035859820701,0.5721331689272503,0.5658536585365853,0.6981689298741667,174.24573529411765,direct classification
forest_clf,3,0.13,0.9788583509513742,0.2754686226568867,0.5780274656679151,0.5709001233045623,0.7033897282944874,172.09720588235294,direct classification
forest_clf,3,0.135,0.9788583509513742,0.2665036674816626,0.5860759493670886,0.57875,0.7123546834697116,169.73382352941175,direct classification
forest_clf,3,0.14,0.9788583509513742,0.26079869600651995,0.5913154533844189,0.5838587641866331,0.7180596549448542,168.22985294117646,direct classification
forest_clf,3,0.145,0.9788583509513742,0.254278728606357,0.5974193548387097,0.5898089171974522,0.7245796223450172,166.5110294117647,direct classification
forest_clf,3,0.15,0.9788583509513742,0.24857375713121435,0.6028645833333334,0.5951156812339332,0.7302845938201599,165.0070588235294,direct classification
forest_clf,3,0.155,0.9767441860465116,0.24123879380603097,0.6094986807387863,0.6007802340702211,0.7355053922404806,162.8585294117647,direct classification
forest_clf,3,0.16,0.9767441860465116,0.23634881825590873,0.6143617021276596,0.6055045871559633,0.7403953677906029,161.56941176470588,direct classification
forest_clf,3,0.165,0.9746300211416491,0.2306438467807661,0.6196236559139785,0.6097883597883598,0.743986174360883,159.8505882352941,direct classification
forest_clf,3,0.17,0.9746300211416491,0.22330888345558272,0.6272108843537415,0.6171352074966533,0.7513211376860663,157.91691176470587,direct classification
forest_clf,3,0.175,0.9746300211416491,0.21923390383048086,0.6315068493150685,0.6212938005390836,0.7553961173111683,156.84264705882353,direct classification
forest_clf,3,0.18,0.9746300211416491,0.21678891605541972,0.6341127922971114,0.6238159675236806,0.7578411050862294,156.1980882352941,direct classification
forest_clf,3,0.185,0.9746300211416491,0.21597392013039934,0.6349862258953168,0.6246612466124661,0.7586561010112498,155.98323529411763,direct classification
forest_clf,3,0.19,0.9746300211416491,0.21026894865525672,0.6411682892906815,0.6306429548563611,0.7643610724863924,154.47926470588234,direct classification
forest_clf,3,0.195,0.9725158562367865,0.20293398533007334,0.6488011283497884,0.6371191135734072,0.7695818709067132,152.33073529411766,direct classification
forest_clf,3,0.2,0.9725158562367865,0.19967400162999185,0.6524822695035462,0.6406685236768802,0.7728418546067947,151.47132352941176,direct classification
forest_clf,3,0.205,0.9725158562367865,0.1980440097799511,0.6543385490753911,0.6424581005586593,0.7744718464568354,151.0416176470588,direct classification
forest_clf,3,0.21,0.9725158562367865,0.18989405052974734,0.6637806637806638,0.6515580736543909,0.7826218057070391,148.89308823529413,direct classification
forest_clf,3,0.215,0.9725158562367865,0.1850040749796251,0.6695778748180495,0.6571428571428571,0.7875117812571614,147.60397058823528,direct classification
forest_clf,3,0.22,0.9725158562367865,0.18337408312958436,0.6715328467153284,0.6590257879656161,0.7891417731072021,147.17426470588236,direct classification
forest_clf,3,0.225,0.9704016913319239,0.18011409942950285,0.675,0.6613832853025937,0.790287591902421,146.1,direct classification
forest_clf,3,0.23,0.9682875264270613,0.17440912795436023,0.6815476190476191,0.6666666666666666,0.793878398472701,144.38117647058823,direct classification
forest_clf,3,0.235,0.9661733615221987,0.1719641401792991,0.6841317365269461,0.6681286549707602,0.7942092213428996,143.52176470588236,direct classification
forest_clf,3,0.24,0.9661733615221987,0.17033414832925836,0.6861861861861862,0.6700879765395894,0.7958392131929404,143.0920588235294,direct classification
forest_clf,3,0.245,0.9640591966173362,0.16625916870415647,0.6909090909090909,0.6735598227474151,0.7978000279131797,141.8029411764706,direct classification
forest_clf,3,0.25,0.9619450317124736,0.16299918500407498,0.6946564885496184,0.6760772659732541,0.7989458467083986,140.72867647058823,direct classification
forest_clf,3,0.255,0.959830866807611,0.16055419722901385,0.6973886328725039,0.6776119402985075,0.7992766695785971,139.86926470588236,direct classification
forest_clf,3,0.26,0.9577167019027484,0.1556642216788916,0.703416149068323,0.6822289156626506,0.8020524802238568,138.36529411764707,direct classification
forest_clf,3,0.265,0.9577167019027484,0.15403422982885084,0.705607476635514,0.6842900302114804,0.8036824720738975,137.93558823529412,direct classification
forest_clf,3,0.27,0.9577167019027484,0.15240423797881011,0.7078125,0.6863636363636364,0.8053124639239383,137.50588235294117,direct classification
forest_clf,3,0.275,0.9577167019027484,0.14995925020374898,0.7111459968602826,0.6894977168949772,0.8077574516989994,136.86132352941178,direct classification
forest_clf,3,0.28,0.9577167019027484,0.14751426242868787,0.7145110410094637,0.6926605504587156,0.8102024394740606,136.21676470588235,direct classification
forest_clf,3,0.285,0.9577167019027484,0.1458842705786471,0.7167721518987342,0.6947852760736196,0.8118324313241012,135.7870588235294,direct classification
forest_clf,3,0.29,0.9556025369978859,0.14180929095354522,0.7220447284345048,0.6986089644513137,0.8137932460443407,134.4979411764706,direct classification
forest_clf,3,0.295,0.9534883720930233,0.14099429502852487,0.7227564102564102,0.6981424148606811,0.8124940770644984,134.06823529411764,direct classification
forest_clf,3,0.3,0.9534883720930233,0.1393643031784841,0.72508038585209,0.7003105590062112,0.8141240689145391,133.6385294117647,direct classification
forest_clf,3,0.305,0.9534883720930233,0.13854930725346373,0.7262479871175523,0.7013996889580093,0.8149390648395596,133.42367647058825,direct classification
forest_clf,3,0.31,0.9534883720930233,0.1336593317033415,0.7333333333333333,0.7080062794348508,0.8198290403896817,132.1345588235294,direct classification
forest_clf,3,0.315,0.9534883720930233,0.13039934800325997,0.7381342062193126,0.7124802527646129,0.8230890240897633,131.27514705882353,direct classification
forest_clf,3,0.32,0.9492600422832981,0.12876935615321924,0.7397034596375618,0.7115689381933439,0.8204906861300788,130.41573529411764,direct classification
forest_clf,3,0.325,0.9492600422832981,0.12469437652811736,0.7458471760797342,0.7172523961661342,0.8245656657551808,129.3414705882353,direct classification
forest_clf,3,0.33,0.9492600422832981,0.12061939690301549,0.7520938023450586,0.7230273752012882,0.8286406453802826,128.26720588235295,direct classification
forest_clf,3,0.335,0.945031712473573,0.11817440912795436,0.7550675675675675,0.7233009708737864,0.8268573033456186,127.19294117647058,direct classification
forest_clf,3,0.34,0.945031712473573,0.11817440912795436,0.7550675675675675,0.7233009708737864,0.8268573033456186,127.19294117647058,direct classification
forest_clf,3,0.345,0.945031712473573,0.11572942135289324,0.7589134125636672,0.7268292682926829,0.8293022911206798,126.54838235294118,direct classification
forest_clf,3,0.35,0.945031712473573,0.1132844335778321,0.7627986348122867,0.7303921568627451,0.8317472788957408,125.90382352941177,direct classification
forest_clf,3,0.355,0.945031712473573,0.11246943765281174,0.764102564102564,0.7315875613747954,0.8325622748207613,125.68897058823529,direct classification
forest_clf,3,0.36,0.9429175475687104,0.11246943765281174,0.7636986301369864,0.7299509001636661,0.8304481099158987,125.47411764705882,direct classification
forest_clf,3,0.365,0.9429175475687104,0.11083944580277098,0.7663230240549829,0.7323481116584565,0.8320781017659394,125.04441176470588,direct classification
forest_clf,3,0.37,0.9429175475687104,0.1100244498777506,0.7676419965576592,0.7335526315789473,0.8328930976909598,124.82955882352941,direct classification
forest_clf,3,0.375,0.9429175475687104,0.10920945395273024,0.7689655172413793,0.7347611202635914,0.8337080936159802,124.61470588235294,direct classification
forest_clf,3,0.38,0.9429175475687104,0.10920945395273024,0.7689655172413793,0.7347611202635914,0.8337080936159802,124.61470588235294,direct classification
forest_clf,3,0.385,0.9408033826638478,0.10920945395273024,0.768566493955095,0.7331136738056013,0.8315939287111176,124.39985294117648,direct classification
forest_clf,3,0.39,0.9408033826638478,0.10839445802770986,0.7698961937716263,0.7343234323432343,0.8324089246361379,124.185,direct classification
forest_clf,3,0.395,0.9408033826638478,0.10757946210268948,0.7712305025996534,0.7355371900826446,0.8332239205611582,123.97014705882353,direct classification
forest_clf,3,0.4,0.9408033826638478,0.10594947025264874,0.7739130434782608,0.7379767827529021,0.834853912411199,123.5404411764706,direct classification
forest_clf,3,0.405,0.9408033826638478,0.10513447432762836,0.7752613240418118,0.739202657807309,0.8356689083362194,123.32558823529412,direct classification
forest_clf,3,0.41,0.9408033826638478,0.10431947840260798,0.7766143106457243,0.740432612312812,0.8364839042612398,123.11073529411765,direct classification
forest_clf,3,0.415,0.9408033826638478,0.10431947840260798,0.7766143106457243,0.740432612312812,0.8364839042612398,123.11073529411765,direct classification
forest_clf,3,0.42,0.9386892177589852,0.10350448247758762,0.7775831873905429,0.74,0.8351847352813976,122.68102941176471,direct classification
forest_clf,3,0.425,0.9365750528541226,0.10268948655256724,0.7785588752196837,0.7395659432387313,0.8338855663015553,122.25132352941176,direct classification
forest_clf,3,0.43,0.9344608879492601,0.10268948655256724,0.778169014084507,0.7378964941569283,0.8317714013966928,122.03647058823529,direct classification
forest_clf,3,0.435,0.9344608879492601,0.10268948655256724,0.778169014084507,0.7378964941569283,0.8317714013966928,122.03647058823529,direct classification
forest_clf,3,0.44,0.9323467230443975,0.10187449062754686,0.7791519434628975,0.7374581939799331,0.8304722324168506,121.60676470588236,direct classification
forest_clf,3,0.445,0.9323467230443975,0.10105949470252648,0.7805309734513274,0.7386934673366834,0.831287228341871,121.39191176470588,direct classification
forest_clf,3,0.45,0.9323467230443975,0.10024449877750612,0.7819148936170213,0.7399328859060402,0.8321022242668914,121.1770588235294,direct classification
forest_clf,3,0.455,0.9323467230443975,0.10024449877750612,0.7819148936170213,0.7399328859060402,0.8321022242668914,121.1770588235294,direct classification
forest_clf,3,0.46,0.9281183932346723,0.10024449877750612,0.7811387900355872,0.7365771812080537,0.8278738944571662,120.74735294117647,direct classification
forest_clf,3,0.465,0.9281183932346723,0.09942950285248574,0.7825311942959001,0.7378151260504202,0.8286888903821865,120.5325,direct classification
forest_clf,3,0.47,0.9281183932346723,0.09861450692746536,0.7839285714285714,0.7390572390572391,0.829503886307207,120.31764705882352,direct classification
forest_clf,3,0.475,0.9260042283298098,0.09861450692746536,0.7835420393559929,0.7373737373737373,0.8273897214023445,120.10279411764706,direct classification
forest_clf,3,0.48,0.9238900634249472,0.09698451507742462,0.7859712230215827,0.7381756756756757,0.8269055483475225,119.45823529411764,direct classification
forest_clf,3,0.485,0.9217758985200846,0.09698451507742462,0.7855855855855856,0.7364864864864865,0.8247913834426599,119.24338235294118,direct classification
forest_clf,3,0.49,0.9217758985200846,0.09698451507742462,0.7855855855855856,0.7364864864864865,0.8247913834426599,119.24338235294118,direct classification
forest_clf,3,0.495,0.9217758985200846,0.09616951915240424,0.7870036101083032,0.7377326565143824,0.8256063793676803,119.02852941176471,direct classification
forest_clf,3,0.5,0.9217758985200846,0.09616951915240424,0.7870036101083032,0.7377326565143824,0.8256063793676803,119.02852941176471,direct classification
forest_clf,3,0.505,0.919661733615222,0.09290953545232274,0.7923497267759563,0.7410562180579217,0.8267521981628992,117.95426470588235,direct classification
forest_clf,3,0.51,0.919661733615222,0.09127954360228199,0.7952468007312614,0.7435897435897436,0.82838219001294,117.52455882352942,direct classification
forest_clf,3,0.515,0.9154334038054969,0.09046454767726161,0.7959558823529411,0.7414383561643836,0.8249688561282352,116.88,direct classification
forest_clf,3,0.52,0.9154334038054969,0.08964955175224124,0.7974217311233885,0.7427101200686106,0.8257838520532557,116.66514705882354,direct classification
forest_clf,3,0.525,0.9069767441860465,0.08964955175224124,0.7959183673469388,0.7358490566037735,0.8173271924338052,115.80573529411765,direct classification
forest_clf,3,0.53,0.9069767441860465,0.08720456397718011,0.8003731343283582,0.7396551724137931,0.8197721802088663,115.16117647058823,direct classification
forest_clf,3,0.535,0.904862579281184,0.08638956805215973,0.8014981273408239,0.7392055267702936,0.8184730112290243,114.7314705882353,direct classification
forest_clf,3,0.54,0.9027484143763214,0.08557457212713937,0.8026315789473685,0.7387543252595156,0.817173842249182,114.30176470588235,direct classification
forest_clf,3,0.545,0.9006342494714588,0.08394458027709861,0.8052930056710775,0.7395833333333334,0.8166896691943601,113.65720588235294,direct classification
forest_clf,3,0.55,0.9006342494714588,0.08312958435207823,0.8068181818181818,0.7408695652173913,0.8175046651193805,113.44235294117647,direct classification
forest_clf,3,0.555,0.8985200845665962,0.08068459657701711,0.8110687022900763,0.743006993006993,0.8178354879895791,112.58294117647058,direct classification
forest_clf,3,0.56,0.8985200845665962,0.08068459657701711,0.8110687022900763,0.743006993006993,0.8178354879895791,112.58294117647058,direct classification
forest_clf,3,0.565,0.8964059196617337,0.07905460472697637,0.8138195777351248,0.743859649122807,0.8173513149347573,111.93838235294118,direct classification
forest_clf,3,0.57,0.8921775898520085,0.07905460472697637,0.8131021194605009,0.7403508771929824,0.8131229851250321,111.50867647058824,direct classification
forest_clf,3,0.575,0.8900634249471459,0.07823960880195599,0.8143133462282398,0.7398945518453427,0.8118238161451898,111.0789705882353,direct classification
forest_clf,3,0.58,0.8837209302325582,0.07823960880195599,0.8132295719844358,0.7346221441124781,0.8054813214306021,110.43441176470589,direct classification
forest_clf,3,0.585,0.8752642706131079,0.07742461287693561,0.8133595284872298,0.7288732394366197,0.7978396577361723,109.36014705882353,direct classification
forest_clf,3,0.59,0.8752642706131079,0.07660961695191525,0.8149606299212598,0.7301587301587301,0.7986546536611926,109.14529411764705,direct classification
forest_clf,3,0.595,0.8731501057082452,0.07660961695191525,0.814595660749507,0.7283950617283951,0.79654048875633,108.9304411764706,direct classification
forest_clf,3,0.6,0.8731501057082452,0.07660961695191525,0.814595660749507,0.7283950617283951,0.79654048875633,108.9304411764706,direct classification
forest_clf,3,0.605,0.8668076109936576,0.07660961695191525,0.8134920634920635,0.7231040564373897,0.7901979940417423,108.28588235294117,direct classification
forest_clf,3,0.61,0.8668076109936576,0.07497962510187449,0.8167330677290837,0.7256637168141593,0.791827985891783,107.85617647058824,direct classification
forest_clf,3,0.615,0.864693446088795,0.07334963325183375,0.8196392785571143,0.7264653641207816,0.7913438128369612,107.21161764705883,direct classification
forest_clf,3,0.62,0.8625792811839323,0.07253463732681337,0.8209255533199196,0.7259786476868327,0.7900446438571189,106.78191176470588,direct classification
forest_clf,3,0.625,0.8625792811839323,0.07253463732681337,0.8209255533199196,0.7259786476868327,0.7900446438571189,106.78191176470588,direct classification
forest_clf,3,0.63,0.8625792811839323,0.07253463732681337,0.8209255533199196,0.7259786476868327,0.7900446438571189,106.78191176470588,direct classification
forest_clf,3,0.635,0.8604651162790697,0.07253463732681337,0.8205645161290323,0.7241992882562278,0.7879304789522563,106.56705882352941,direct classification
forest_clf,3,0.64,0.8562367864693446,0.07253463732681337,0.819838056680162,0.7206405693950177,0.7837021491425313,106.13735294117647,direct classification
forest_clf,3,0.645,0.8520084566596194,0.07253463732681337,0.8191056910569106,0.7170818505338078,0.7794738193328061,105.70764705882353,direct classification
forest_clf,3,0.65,0.8520084566596194,0.07171964140179299,0.8207739307535642,0.7183600713012478,0.7802888152578265,105.49279411764707,direct classification
forest_clf,3,0.655,0.8477801268498943,0.07171964140179299,0.820040899795501,0.714795008912656,0.7760604854481014,105.06308823529412,direct classification
forest_clf,3,0.66,0.8477801268498943,0.07171964140179299,0.820040899795501,0.714795008912656,0.7760604854481014,105.06308823529412,direct classification
forest_clf,3,0.665,0.8435517970401691,0.07008964955175224,0.822680412371134,0.7137745974955277,0.7734621474884169,104.20367647058823,direct classification
forest_clf,3,0.67,0.8414376321353065,0.07008964955175224,0.8223140495867769,0.7119856887298748,0.7713479825835543,103.98882352941176,direct classification
forest_clf,3,0.675,0.8393234672304439,0.07008964955175224,0.8219461697722568,0.7101967799642218,0.7692338176786917,103.7739705882353,direct classification
forest_clf,3,0.68,0.8372093023255814,0.06927465362673187,0.8232848232848233,0.7096774193548387,0.7679346486988495,103.34426470588235,direct classification
forest_clf,3,0.685,0.8350951374207188,0.06845965770171149,0.824634655532359,0.7091561938958707,0.7666354797190074,102.91455882352942,direct classification
forest_clf,3,0.69,0.8350951374207188,0.06764466177669112,0.8263598326359832,0.710431654676259,0.7674504756440277,102.69970588235294,direct classification
forest_clf,3,0.695,0.8350951374207188,0.06764466177669112,0.8263598326359832,0.710431654676259,0.7674504756440277,102.69970588235294,direct classification
forest_clf,3,0.7,0.8350951374207188,0.06682966585167074,0.8280922431865828,0.7117117117117117,0.7682654715690481,102.48485294117647,direct classification
forest_clf,3,0.705,0.828752642706131,0.06601466992665037,0.828752642706131,0.7075812274368231,0.7627379727794806,101.62544117647059,direct classification
forest_clf,3,0.71,0.828752642706131,0.06519967400162999,0.8305084745762712,0.7088607594936709,0.7635529687045011,101.41058823529411,direct classification
forest_clf,3,0.715,0.828752642706131,0.06356968215158924,0.8340425531914893,0.7114337568058077,0.7651829605545418,100.98088235294118,direct classification
forest_clf,3,0.72,0.828752642706131,0.06356968215158924,0.8340425531914893,0.7114337568058077,0.7651829605545418,100.98088235294118,direct classification
forest_clf,3,0.725,0.8224101479915433,0.06275468622656886,0.8347639484978541,0.7072727272727273,0.7596554617649744,100.1214705882353,direct classification
forest_clf,3,0.73,0.8224101479915433,0.06275468622656886,0.8347639484978541,0.7072727272727273,0.7596554617649744,100.1214705882353,direct classification
forest_clf,3,0.735,0.8160676532769556,0.061124694376528114,0.8373101952277657,0.7043795620437956,0.7549429589004275,99.04720588235294,direct classification
forest_clf,3,0.74,0.813953488372093,0.06030969845150774,0.8387799564270153,0.7038391224862889,0.7536437899205852,98.6175,direct classification
forest_clf,3,0.745,0.8097251585623678,0.06030969845150774,0.838074398249453,0.70018281535649,0.74941546011086,98.18779411764706,direct classification
forest_clf,3,0.75,0.8054968287526427,0.06030969845150774,0.8373626373626374,0.696526508226691,0.745187130301135,97.75808823529412,direct classification
forest_clf,3,0.755,0.8033826638477801,0.06030969845150774,0.8370044052863436,0.6946983546617916,0.7430729653962724,97.54323529411765,direct classification
forest_clf,3,0.76,0.7991543340380549,0.059494702526487364,0.8381374722838137,0.6923076923076923,0.7396596315115676,96.89867647058824,direct classification
forest_clf,3,0.765,0.7906976744186046,0.05704971475142624,0.8423423423423423,0.6887661141804788,0.7336479596671783,95.39470588235294,direct classification
forest_clf,3,0.77,0.7843551797040169,0.05623471882640587,0.8431818181818181,0.6845018450184502,0.7281204608776111,94.53529411764706,direct classification
forest_clf,3,0.775,0.7822410147991543,0.05460472697636512,0.8466819221967964,0.6851851851851852,0.7276362878227892,93.89073529411765,direct classification
forest_clf,3,0.78,0.7695560253699789,0.05378973105134474,0.8465116279069768,0.6753246753246753,0.7157662943186341,92.38676470588236,direct classification
forest_clf,3,0.785,0.7653276955602537,0.05134474327628362,0.851764705882353,0.6753731343283582,0.7139829522839701,91.3125,direct classification
forest_clf,3,0.79,0.7547568710359408,0.05052974735126324,0.8520286396181385,0.6672897196261682,0.7042271236846775,90.02338235294117,direct classification
forest_clf,3,0.795,0.7505285412262156,0.0488997555012225,0.8554216867469879,0.6660412757973734,0.7016287857249931,89.16397058823529,direct classification
forest_clf,3,0.8,0.7441860465116279,0.04645476772616137,0.8606356968215159,0.6641509433962264,0.6977312787854665,87.87485294117647,direct classification
forest_clf,3,0.805,0.7357293868921776,0.045639771801140996,0.8613861386138614,0.6578449905482041,0.6900896150910366,86.80058823529411,direct classification
forest_clf,3,0.81,0.718816067653277,0.044009779951100246,0.8629441624365483,0.6451612903225806,0.6748062877021768,84.65205882352942,direct classification
forest_clf,3,0.815,0.7019027484143763,0.044009779951100246,0.8601036269430051,0.6299810246679317,0.657892968463276,82.93323529411765,direct classification
forest_clf,3,0.82,0.6913319238900634,0.04319478402607987,0.8605263157894737,0.6216730038022814,0.6481371398639835,81.64411764705882,direct classification
forest_clf,3,0.825,0.6849894291754757,0.04319478402607987,0.8594164456233422,0.6159695817490495,0.6417946451493958,80.99955882352941,direct classification
forest_clf,3,0.83,0.6828752642706131,0.040749796251018745,0.8659517426273459,0.6175908221797323,0.6421254680195944,80.14014705882353,direct classification
forest_clf,3,0.835,0.678646934460888,0.03993480032599837,0.8675675675675676,0.6149425287356322,0.6387121341348896,79.49558823529412,direct classification
forest_clf,3,0.84,0.653276955602537,0.039119804400977995,0.865546218487395,0.5930902111324377,0.614157151201559,76.7025,direct classification
forest_clf,3,0.845,0.6363636363636364,0.03667481662591687,0.869942196531792,0.581081081081081,0.5996888197377195,74.33911764705883,direct classification
forest_clf,3,0.85,0.6194503171247357,0.03667481662591687,0.8668639053254438,0.5656370656370656,0.5827755004988189,72.62029411764706,direct classification
forest_clf,3,0.855,0.5961945031712473,0.035859820700896494,0.8650306748466258,0.5454545454545454,0.5603346824703508,70.04205882352942,direct classification
forest_clf,3,0.86,0.5771670190274841,0.03341483292583537,0.8694267515923567,0.5311284046692607,0.5437521861016488,67.46382352941177,direct classification
forest_clf,3,0.865,0.5623678646934461,0.03341483292583537,0.8664495114006515,0.5175097276264592,0.5289530317676108,65.95985294117646,direct classification
forest_clf,3,0.87,0.5412262156448203,0.032599837000814993,0.8648648648648649,0.49902534113060426,0.5086263786440053,63.59647058823529,direct classification
forest_clf,3,0.875,0.5179704016913319,0.03178484107579462,0.8626760563380281,0.478515625,0.4861855606155373,61.018235294117645,direct classification
forest_clf,3,0.88,0.492600422832981,0.030969845150774247,0.8597785977859779,0.45596868884540115,0.4616305776822068,58.22514705882353,direct classification
forest_clf,3,0.885,0.47568710359408034,0.029339853300733496,0.8620689655172413,0.44204322200392926,0.4463472502933468,56.076617647058825,direct classification
forest_clf,3,0.89,0.45454545454545453,0.027709861450692746,0.8634538152610441,0.4240631163708087,0.42683559309476177,53.49838235294118,direct classification
forest_clf,3,0.895,0.4334038054968288,0.026079869600651995,0.8649789029535865,0.40594059405940597,0.40732393589617677,50.92014705882353,direct classification
forest_clf,3,0.9,0.4143763213530655,0.022819885900570498,0.875,0.3912175648702595,0.391556435452495,48.12705882352941,direct classification
forest_clf,3,0.905,0.39112050739957716,0.021189894050529748,0.8767772511848341,0.37074148296593185,0.3699306133490474,45.333970588235296,direct classification
forest_clf,3,0.91,0.3678646934460888,0.020374898125509373,0.8743718592964824,0.3493975903614458,0.34748979532057944,42.75573529411765,direct classification
forest_clf,3,0.915,0.35306553911205074,0.019559902200488997,0.8743455497382199,0.33601609657947684,0.33350563691156176,41.036911764705884,direct classification
forest_clf,3,0.92,0.32346723044397463,0.016299918500407497,0.884393063583815,0.3103448275862069,0.3071673119435671,37.169558823529414,direct classification
forest_clf,3,0.925,0.30021141649048627,0.015484922575387123,0.8819875776397516,0.2886178861788618,0.28472649391509913,34.59132352941177,direct classification
forest_clf,3,0.93,0.2748414376321353,0.014669926650366748,0.8783783783783784,0.26476578411405294,0.26017151098176855,31.798235294117646,direct classification
forest_clf,3,0.935,0.2452431289640592,0.013039934800325998,0.8787878787878788,0.23721881390593047,0.2322031941637332,28.360588235294117,direct classification
forest_clf,3,0.94,0.22410147991543342,0.012224938875305624,0.8760330578512396,0.21721311475409835,0.2118765410401278,25.99720588235294,direct classification
forest_clf,3,0.945,0.20718816067653276,0.010594947025264874,0.8828828828828829,0.20164609053497942,0.1965932136512679,23.848676470588234,direct classification
forest_clf,3,0.95,0.17758985200845667,0.008149959250203748,0.8936170212765957,0.17391304347826086,0.1694398927582529,20.196176470588235,direct classification
forest_clf,3,0.955,0.14799154334038056,0.0057049714751426246,0.9090909090909091,0.14583333333333334,0.14228657186523794,16.543676470588235,direct classification
forest_clf,3,0.96,0.11416490486257928,0.004889975550122249,0.9,0.1127348643006263,0.10927492931245704,12.891176470588235,direct classification
forest_clf,3,0.965,0.08668076109936575,0.004074979625101874,0.8913043478260869,0.08577405857740586,0.08260578147426387,9.883235294117647,direct classification
forest_clf,3,0.97,0.06765327695560254,0.0024449877750611247,0.9142857142857143,0.06722689075630252,0.06520828918054142,7.51985294117647,direct classification
forest_clf,3,0.975,0.048625792811839326,0.0008149959250203749,0.9583333333333334,0.04852320675105485,0.047810796886818954,5.156470588235294,direct classification
forest_clf,3,0.98,0.02959830866807611,0.0,1.0,0.02959830866807611,0.02959830866807611,3.007941176470588,direct classification
forest_clf,3,0.985,0.012684989429175475,0.0,1.0,0.012684989429175475,0.012684989429175475,1.2891176470588235,direct classification
forest_clf,3,0.99,0.006342494714587738,0.0,1.0,0.006342494714587738,0.006342494714587738,0.6445588235294117,direct classification
forest_clf,3,0.995,0.0,0.0,,0.0,0.0,0.0,direct classification
hgb_clf,1,0.005,1.0,0.7135922330097088,0.3524229074889868,0.3524229074889868,0.28640776699029125,289.90122377622373,direct classification
hgb_clf,1,0.01,0.9958333333333333,0.6132686084142395,0.38673139158576053,0.3861066235864297,0.3825647249190939,263.08216783216784,direct classification
hgb_clf,1,0.015,0.9958333333333333,0.5857605177993528,0.39767054908485855,0.39700996677740863,0.41007281553398056,255.8452797202797,direct classification
hgb_clf,1,0.02,0.9958333333333333,0.540453074433657,0.41710296684118675,0.4163763066202091,0.45538025889967637,243.92569930069928,direct classification
hgb_clf,1,0.025,0.9958333333333333,0.5064724919093851,0.4329710144927536,0.4321880650994575,0.4893608414239482,234.98601398601397,direct classification
hgb_clf,1,0.03,0.9958333333333333,0.47815533980582525,0.4471468662301216,0.446311858076564,0.5176779935275081,227.5362762237762,direct classification
hgb_clf,1,0.035,0.99375,0.44741100323624594,0.46310679611650485,0.4617618586640852,0.5463389967637541,219.23513986013984,direct classification
hgb_clf,1,0.04,0.99375,0.42637540453074435,0.4750996015936255,0.47368421052631576,0.5673745954692557,213.70104895104893,direct classification
hgb_clf,1,0.045,0.99375,0.39724919093851135,0.4927685950413223,0.49124613800205974,0.5965008090614887,206.03846153846152,direct classification
hgb_clf,1,0.05,0.99375,0.3794498381877023,0.5042283298097252,0.5026343519494204,0.6143001618122977,201.35576923076923,direct classification
hgb_clf,1,0.055,0.99375,0.36245954692556637,0.5156756756756756,0.5140086206896551,0.6312904530744337,196.88592657342656,direct classification
hgb_clf,1,0.06,0.99375,0.34870550161812297,0.525330396475771,0.5236004390779363,0.645044498381877,193.2674825174825,direct classification
hgb_clf,1,0.065,0.99375,0.3325242718446602,0.5371621621621622,0.5353535353535354,0.6612257281553398,189.0104895104895,direct classification
hgb_clf,1,0.07,0.9916666666666667,0.3187702265372168,0.5471264367816092,0.5446224256292906,0.6728964401294499,185.17919580419579,direct classification
hgb_clf,1,0.075,0.9916666666666667,0.308252427184466,0.5554259043173863,0.5528455284552846,0.6834142394822007,182.41215034965035,direct classification
hgb_clf,1,0.08,0.9895833333333334,0.2912621359223301,0.5688622754491018,0.5654761904761905,0.6983211974110033,177.72945804195803,direct classification
hgb_clf,1,0.085,0.9895833333333334,0.27993527508090615,0.5785627283800243,0.5750605326876513,0.7096480582524272,174.74956293706293,direct classification
hgb_clf,1,0.09,0.9875,0.27184466019417475,0.5851851851851851,0.5808823529411765,0.7156553398058253,172.40821678321677,direct classification
hgb_clf,1,0.095,0.9854166666666667,0.2621359223300971,0.5934755332496863,0.5883084577114428,0.7232807443365696,169.6411713286713,direct classification
hgb_clf,1,0.1,0.9854166666666667,0.24919093851132687,0.6056338028169014,0.600253807106599,0.7362257281553398,166.2355769230769,direct classification
hgb_clf,1,0.105,0.9854166666666667,0.24110032362459546,0.6134889753566797,0.6079691516709511,0.7443163430420713,164.1070804195804,direct classification
hgb_clf,1,0.11,0.9854166666666667,0.23624595469255663,0.6183006535947713,0.6126943005181347,0.7491707119741101,162.8299825174825,direct classification
hgb_clf,1,0.115,0.9854166666666667,0.23058252427184467,0.6240105540897097,0.6183006535947713,0.754834142394822,161.34003496503496,direct classification
hgb_clf,1,0.12,0.9833333333333333,0.22330097087378642,0.6310160427807486,0.6243386243386243,0.7600323624595469,159.21153846153845,direct classification
hgb_clf,1,0.125,0.9833333333333333,0.21763754045307443,0.6369770580296896,0.630173564753004,0.7656957928802588,157.7215909090909,direct classification
hgb_clf,1,0.13,0.98125,0.2111650485436893,0.6434426229508197,0.6356275303643725,0.7700849514563106,155.80594405594405,direct classification
hgb_clf,1,0.135,0.98125,0.20469255663430422,0.6505524861878453,0.6425648021828103,0.7765574433656958,154.10314685314685,direct classification
hgb_clf,1,0.14,0.98125,0.20145631067961164,0.6541666666666667,0.6460905349794238,0.7797936893203883,153.25174825174824,direct classification
hgb_clf,1,0.145,0.98125,0.19336569579288027,0.6633802816901408,0.655076495132128,0.7878843042071197,151.12325174825173,direct classification
hgb_clf,1,0.15,0.98125,0.18689320388349515,0.6709401709401709,0.6624472573839663,0.7943567961165048,149.42045454545453,direct classification
hgb_clf,1,0.155,0.98125,0.1820388349514563,0.6767241379310345,0.6680851063829787,0.7992111650485436,148.14335664335664,direct classification
hgb_clf,1,0.16,0.98125,0.18122977346278318,0.6776978417266187,0.6690340909090909,0.8000202265372167,147.930506993007,direct classification
hgb_clf,1,0.165,0.98125,0.1796116504854369,0.6796536796536796,0.6709401709401709,0.801638349514563,147.50480769230768,direct classification
hgb_clf,1,0.17,0.98125,0.17718446601941748,0.6826086956521739,0.6738197424892703,0.8040655339805824,146.86625874125872,direct classification
hgb_clf,1,0.175,0.98125,0.1739482200647249,0.6865889212827988,0.6776978417266187,0.8073017799352751,146.01486013986013,direct classification
hgb_clf,1,0.18,0.9791666666666666,0.16990291262135923,0.6911764705882353,0.6811594202898551,0.8092637540453074,144.73776223776224,direct classification
hgb_clf,1,0.185,0.9791666666666666,0.16828478964401294,0.6932153392330384,0.6831395348837209,0.8108818770226537,144.31206293706293,direct classification
hgb_clf,1,0.19,0.9770833333333333,0.16666666666666666,0.6948148148148148,0.6836734693877551,0.8104166666666667,143.67351398601397,direct classification
hgb_clf,1,0.195,0.9770833333333333,0.16181229773462782,0.7010463378176383,0.6897058823529412,0.8152710355987055,142.39641608391608,direct classification
hgb_clf,1,0.2,0.9770833333333333,0.1593851132686084,0.7042042042042042,0.6927621861152142,0.8176982200647249,141.75786713286712,direct classification
hgb_clf,1,0.205,0.9729166666666667,0.15776699029126215,0.7054380664652568,0.6918518518518518,0.8151496763754045,140.90646853146853,direct classification
hgb_clf,1,0.21,0.9708333333333333,0.156957928802589,0.706060606060606,0.6913946587537092,0.8138754045307444,140.48076923076923,direct classification
hgb_clf,1,0.215,0.9666666666666667,0.15614886731391586,0.7062404870624048,0.6894502228826151,0.8105177993527508,139.84222027972027,direct classification
hgb_clf,1,0.22,0.9666666666666667,0.15453074433656958,0.7083969465648855,0.6915052160953801,0.8121359223300971,139.41652097902096,direct classification
hgb_clf,1,0.225,0.9666666666666667,0.15372168284789645,0.709480122324159,0.6925373134328359,0.8129449838187702,139.2036713286713,direct classification
hgb_clf,1,0.23,0.9666666666666667,0.15210355987055016,0.7116564417177914,0.6946107784431138,0.8145631067961165,138.77797202797203,direct classification
hgb_clf,1,0.235,0.9666666666666667,0.15129449838187703,0.7127496159754224,0.6956521739130435,0.8153721682847896,138.56512237762237,direct classification
hgb_clf,1,0.24,0.9645833333333333,0.15048543689320387,0.7134052388289677,0.6951951951951952,0.8140978964401295,138.13942307692307,direct classification
hgb_clf,1,0.245,0.9645833333333333,0.14805825242718446,0.7167182662538699,0.698340874811463,0.8165250809061488,137.5008741258741,direct classification
hgb_clf,1,0.25,0.9645833333333333,0.14401294498381878,0.7223088923556942,0.7036474164133738,0.8205703883495146,136.43662587412587,direct classification
hgb_clf,1,0.255,0.9645833333333333,0.14401294498381878,0.7223088923556942,0.7036474164133738,0.8205703883495146,136.43662587412587,direct classification
hgb_clf,1,0.26,0.9645833333333333,0.14158576051779936,0.725705329153605,0.7068702290076336,0.822997572815534,135.7980769230769,direct classification
hgb_clf,1,0.265,0.9645833333333333,0.13915857605177995,0.7291338582677165,0.7101226993865031,0.8254247572815534,135.15952797202797,direct classification
hgb_clf,1,0.27,0.9645833333333333,0.13754045307443366,0.731437598736177,0.7123076923076923,0.8270428802588997,134.73382867132867,direct classification
hgb_clf,1,0.275,0.9645833333333333,0.13592233009708737,0.7337559429477021,0.7145061728395061,0.828661003236246,134.30812937062936,direct classification
hgb_clf,1,0.28,0.9645833333333333,0.1343042071197411,0.7360890302066773,0.7167182662538699,0.8302791262135922,133.88243006993005,direct classification
hgb_clf,1,0.285,0.9645833333333333,0.13268608414239483,0.7384370015948963,0.718944099378882,0.8318972491909385,133.45673076923075,direct classification
hgb_clf,1,0.29,0.9645833333333333,0.13106796116504854,0.7408,0.721183800623053,0.8335153721682849,133.03103146853147,direct classification
hgb_clf,1,0.295,0.9625,0.12944983818770225,0.7427652733118971,0.721875,0.8330501618122977,132.3924825174825,direct classification
hgb_clf,1,0.3,0.9625,0.127831715210356,0.7451612903225806,0.7241379310344828,0.834668284789644,131.9667832167832,direct classification
hgb_clf,1,0.305,0.9625,0.127831715210356,0.7451612903225806,0.7241379310344828,0.834668284789644,131.9667832167832,direct classification
hgb_clf,1,0.31,0.9625,0.127831715210356,0.7451612903225806,0.7241379310344828,0.834668284789644,131.9667832167832,direct classification
hgb_clf,1,0.315,0.9604166666666667,0.1262135922330097,0.747163695299838,0.7248427672955975,0.834203074433657,131.32823426573427,direct classification
hgb_clf,1,0.32,0.9604166666666667,0.1262135922330097,0.747163695299838,0.7248427672955975,0.834203074433657,131.32823426573427,direct classification
hgb_clf,1,0.325,0.9604166666666667,0.12459546925566344,0.7495934959349594,0.7271293375394322,0.8358211974110032,130.90253496503496,direct classification
hgb_clf,1,0.33,0.9583333333333334,0.12459546925566344,0.749185667752443,0.7255520504731862,0.8337378640776699,130.6896853146853,direct classification
hgb_clf,1,0.335,0.9583333333333334,0.12378640776699029,0.7504078303425775,0.7266982622432859,0.8345469255663431,130.47683566433565,direct classification
hgb_clf,1,0.34,0.9583333333333334,0.12297734627831715,0.7516339869281046,0.7278481012658228,0.8353559870550162,130.263986013986,direct classification
hgb_clf,1,0.345,0.9583333333333334,0.12297734627831715,0.7516339869281046,0.7278481012658228,0.8353559870550162,130.263986013986,direct classification
hgb_clf,1,0.35,0.95625,0.12135922330097088,0.7536945812807881,0.7285714285714285,0.8348907766990292,129.62543706293707,direct classification
hgb_clf,1,0.355,0.95625,0.11812297734627832,0.7586776859504132,0.7332268370607029,0.8381270226537217,128.77403846153845,direct classification
hgb_clf,1,0.36,0.95625,0.11731391585760517,0.7599337748344371,0.7344,0.8389360841423948,128.5611888111888,direct classification
hgb_clf,1,0.365,0.95625,0.1156957928802589,0.7624584717607974,0.7367576243980738,0.8405542071197412,128.1354895104895,direct classification
hgb_clf,1,0.37,0.95625,0.11488673139158576,0.7637271214642263,0.7379421221864951,0.8413632686084143,127.92263986013985,direct classification
hgb_clf,1,0.375,0.9541666666666667,0.11245954692556634,0.7671691792294807,0.7399030694668821,0.8417071197411004,127.07124125874125,direct classification
hgb_clf,1,0.38,0.9541666666666667,0.11165048543689321,0.7684563758389261,0.7411003236245954,0.8425161812297735,126.8583916083916,direct classification
hgb_clf,1,0.385,0.95,0.11084142394822007,0.7689713322091062,0.7390599675850892,0.8391585760517799,126.21984265734265,direct classification
hgb_clf,1,0.39,0.95,0.10841423948220065,0.7728813559322034,0.742671009771987,0.8415857605177993,125.58129370629369,direct classification
hgb_clf,1,0.395,0.95,0.10841423948220065,0.7728813559322034,0.742671009771987,0.8415857605177993,125.58129370629369,direct classification
hgb_clf,1,0.4,0.95,0.1076051779935275,0.7741935483870968,0.7438825448613376,0.8423948220064724,125.36844405594405,direct classification
hgb_clf,1,0.405,0.95,0.10679611650485436,0.7755102040816326,0.7450980392156863,0.8432038834951456,125.1555944055944,direct classification
hgb_clf,1,0.41,0.9479166666666666,0.10598705501618123,0.7764505119453925,0.7446808510638298,0.8419296116504854,124.72989510489509,direct classification
hgb_clf,1,0.415,0.9479166666666666,0.10598705501618123,0.7764505119453925,0.7446808510638298,0.8419296116504854,124.72989510489509,direct classification
hgb_clf,1,0.42,0.94375,0.10517799352750809,0.7770154373927959,0.7426229508196721,0.8385720064724919,124.09134615384615,direct classification
hgb_clf,1,0.425,0.9416666666666667,0.10355987055016182,0.7793103448275862,0.743421052631579,0.8381067961165048,123.4527972027972,direct classification
hgb_clf,1,0.43,0.9395833333333333,0.10355987055016182,0.7789291882556131,0.7417763157894737,0.8360234627831715,123.23994755244755,direct classification
hgb_clf,1,0.435,0.9395833333333333,0.10194174757281553,0.7816291161178509,0.7442244224422442,0.8376415857605178,122.81424825174824,direct classification
hgb_clf,1,0.44,0.9395833333333333,0.10032362459546926,0.7843478260869565,0.7466887417218543,0.839259708737864,122.38854895104895,direct classification
hgb_clf,1,0.445,0.9395833333333333,0.0970873786407767,0.7898423817863398,0.7516666666666667,0.8424959546925567,121.53715034965035,direct classification
hgb_clf,1,0.45,0.9395833333333333,0.09546925566343042,0.7926186291739895,0.754180602006689,0.8441140776699029,121.11145104895104,direct classification
hgb_clf,1,0.455,0.9375,0.09304207119741101,0.7964601769911505,0.7563025210084033,0.844457928802589,120.26005244755244,direct classification
hgb_clf,1,0.46,0.9375,0.09223300970873786,0.7978723404255319,0.7575757575757576,0.8452669902912622,120.04720279720279,direct classification
hgb_clf,1,0.465,0.9375,0.09061488673139159,0.800711743772242,0.7601351351351351,0.8468851132686084,119.6215034965035,direct classification
hgb_clf,1,0.47,0.9375,0.08980582524271845,0.8021390374331551,0.7614213197969543,0.8476941747572816,119.40865384615384,direct classification
hgb_clf,1,0.475,0.9375,0.08980582524271845,0.8021390374331551,0.7614213197969543,0.8476941747572816,119.40865384615384,direct classification
hgb_clf,1,0.48,0.9375,0.08737864077669903,0.8064516129032258,0.7653061224489796,0.850121359223301,118.7701048951049,direct classification
hgb_clf,1,0.485,0.9354166666666667,0.08656957928802589,0.8075539568345323,0.7649063032367973,0.8488470873786408,118.34440559440559,direct classification
hgb_clf,1,0.49,0.9354166666666667,0.08576051779935275,0.809009009009009,0.7662116040955631,0.8496561488673139,118.13155594405593,direct classification
hgb_clf,1,0.495,0.9354166666666667,0.08576051779935275,0.809009009009009,0.7662116040955631,0.8496561488673139,118.13155594405593,direct classification
hgb_clf,1,0.5,0.9333333333333333,0.08414239482200647,0.8115942028985508,0.7671232876712328,0.8491909385113269,117.49300699300699,direct classification
hgb_clf,1,0.505,0.9333333333333333,0.08333333333333333,0.8130671506352087,0.7684391080617495,0.85,117.28015734265733,direct classification
hgb_clf,1,0.51,0.9333333333333333,0.0825242718446602,0.8145454545454546,0.7697594501718213,0.8508090614886732,117.06730769230768,direct classification
hgb_clf,1,0.515,0.9333333333333333,0.0825242718446602,0.8145454545454546,0.7697594501718213,0.8508090614886732,117.06730769230768,direct classification
hgb_clf,1,0.52,0.93125,0.08171521035598706,0.8156934306569343,0.7693631669535284,0.849534789644013,116.64160839160839,direct classification
hgb_clf,1,0.525,0.93125,0.08090614886731391,0.8171846435100548,0.7706896551724138,0.8503438511326861,116.42875874125873,direct classification
hgb_clf,1,0.53,0.93125,0.08090614886731391,0.8171846435100548,0.7706896551724138,0.8503438511326861,116.42875874125873,direct classification
hgb_clf,1,0.535,0.9291666666666667,0.07928802588996764,0.8198529411764706,0.7716262975778547,0.8498786407766991,115.79020979020979,direct classification
hgb_clf,1,0.54,0.9270833333333334,0.0784789644012945,0.8210332103321033,0.7712305025996534,0.8486043689320388,115.36451048951048,direct classification
hgb_clf,1,0.545,0.925,0.07766990291262135,0.8222222222222222,0.7708333333333334,0.8473300970873787,114.93881118881119,direct classification
hgb_clf,1,0.55,0.925,0.07766990291262135,0.8222222222222222,0.7708333333333334,0.8473300970873787,114.93881118881119,direct classification
hgb_clf,1,0.555,0.925,0.07686084142394822,0.8237476808905381,0.7721739130434783,0.8481391585760518,114.72596153846153,direct classification
hgb_clf,1,0.56,0.925,0.07524271844660194,0.8268156424581006,0.774869109947644,0.8497572815533981,114.30026223776223,direct classification
hgb_clf,1,0.565,0.91875,0.07362459546925566,0.8289473684210527,0.7723292469352014,0.8451254045307443,113.23601398601397,direct classification
hgb_clf,1,0.57,0.91875,0.07362459546925566,0.8289473684210527,0.7723292469352014,0.8451254045307443,113.23601398601397,direct classification
hgb_clf,1,0.575,0.91875,0.07200647249190939,0.8320754716981132,0.7750439367311072,0.8467435275080906,112.81031468531468,direct classification
hgb_clf,1,0.58,0.9166666666666666,0.06957928802588997,0.8365019011406845,0.7773851590106007,0.8470873786407767,111.95891608391608,direct classification
hgb_clf,1,0.585,0.9166666666666666,0.06957928802588997,0.8365019011406845,0.7773851590106007,0.8470873786407767,111.95891608391608,direct classification
hgb_clf,1,0.59,0.9166666666666666,0.06796116504854369,0.8396946564885496,0.7801418439716312,0.848705501618123,111.53321678321677,direct classification
hgb_clf,1,0.595,0.9145833333333333,0.06715210355987054,0.8409961685823755,0.7797513321492007,0.8474312297734627,111.10751748251748,direct classification
hgb_clf,1,0.6,0.9145833333333333,0.06553398058252427,0.8442307692307692,0.7825311942959001,0.8490493527508091,110.68181818181817,direct classification
hgb_clf,1,0.605,0.9145833333333333,0.06472491909385113,0.8458574181117534,0.7839285714285714,0.8498584142394822,110.46896853146852,direct classification
hgb_clf,1,0.61,0.9145833333333333,0.063915857605178,0.8474903474903475,0.7853309481216458,0.8506674757281553,110.25611888111887,direct classification
hgb_clf,1,0.615,0.9145833333333333,0.063915857605178,0.8474903474903475,0.7853309481216458,0.8506674757281553,110.25611888111887,direct classification
hgb_clf,1,0.62,0.9145833333333333,0.063915857605178,0.8474903474903475,0.7853309481216458,0.8506674757281553,110.25611888111887,direct classification
hgb_clf,1,0.625,0.9145833333333333,0.063915857605178,0.8474903474903475,0.7853309481216458,0.8506674757281553,110.25611888111887,direct classification
hgb_clf,1,0.63,0.90625,0.063915857605178,0.8463035019455253,0.778175313059034,0.842334142394822,109.40472027972027,direct classification
hgb_clf,1,0.635,0.9041666666666667,0.06310679611650485,0.84765625,0.7777777777777778,0.8410598705501618,108.97902097902097,direct classification
hgb_clf,1,0.64,0.9041666666666667,0.06229773462783172,0.8493150684931506,0.7791741472172352,0.841868932038835,108.76617132867132,direct classification
hgb_clf,1,0.645,0.9041666666666667,0.061488673139158574,0.8509803921568627,0.7805755395683454,0.842677993527508,108.55332167832167,direct classification
hgb_clf,1,0.65,0.9,0.061488673139158574,0.8503937007874016,0.7769784172661871,0.8385113268608414,108.12762237762237,direct classification
hgb_clf,1,0.655,0.9,0.061488673139158574,0.8503937007874016,0.7769784172661871,0.8385113268608414,108.12762237762237,direct classification
hgb_clf,1,0.66,0.8958333333333334,0.06067961165048544,0.8514851485148515,0.7747747747747747,0.835153721682848,107.48907342657341,direct classification
hgb_clf,1,0.665,0.89375,0.059870550161812294,0.852882703777336,0.7743682310469314,0.8338794498381877,107.06337412587412,direct classification
hgb_clf,1,0.67,0.89375,0.05906148867313916,0.8545816733067729,0.7757685352622061,0.8346885113268608,106.85052447552447,direct classification
hgb_clf,1,0.675,0.89375,0.05825242718446602,0.8562874251497006,0.7771739130434783,0.835497572815534,106.63767482517481,direct classification
hgb_clf,1,0.68,0.8854166666666666,0.05744336569579288,0.8568548387096774,0.7713248638838476,0.8279733009708737,105.57342657342656,direct classification
hgb_clf,1,0.685,0.8854166666666666,0.05663430420711974,0.8585858585858586,0.7727272727272727,0.8287823624595468,105.36057692307692,direct classification
hgb_clf,1,0.69,0.8854166666666666,0.05663430420711974,0.8585858585858586,0.7727272727272727,0.8287823624595468,105.36057692307692,direct classification
hgb_clf,1,0.695,0.8854166666666666,0.05663430420711974,0.8585858585858586,0.7727272727272727,0.8287823624595468,105.36057692307692,direct classification
hgb_clf,1,0.7,0.8791666666666667,0.055825242718446605,0.8594704684317719,0.7686703096539163,0.8233414239482201,104.50917832167832,direct classification
hgb_clf,1,0.705,0.8791666666666667,0.055825242718446605,0.8594704684317719,0.7686703096539163,0.8233414239482201,104.50917832167832,direct classification
hgb_clf,1,0.71,0.8791666666666667,0.05501618122977346,0.8612244897959184,0.7700729927007299,0.8241504854368932,104.29632867132867,direct classification
hgb_clf,1,0.715,0.8791666666666667,0.05339805825242718,0.8647540983606558,0.7728937728937729,0.8257686084142395,103.87062937062936,direct classification
hgb_clf,1,0.72,0.8791666666666667,0.05339805825242718,0.8647540983606558,0.7728937728937729,0.8257686084142395,103.87062937062936,direct classification
hgb_clf,1,0.725,0.8791666666666667,0.05177993527508091,0.8683127572016461,0.7757352941176471,0.8273867313915857,103.44493006993007,direct classification
hgb_clf,1,0.73,0.8729166666666667,0.05177993527508091,0.8674948240165632,0.7702205882352942,0.8211367313915857,102.8063811188811,direct classification
hgb_clf,1,0.735,0.8729166666666667,0.05016181229773463,0.8711018711018711,0.7730627306273062,0.822754854368932,102.38068181818181,direct classification
hgb_clf,1,0.74,0.86875,0.05016181229773463,0.8705636743215032,0.7693726937269373,0.8185881877022654,101.9549825174825,direct classification
hgb_clf,1,0.745,0.86875,0.049352750809061485,0.8723849372384938,0.7707948243992606,0.8193972491909385,101.74213286713285,direct classification
hgb_clf,1,0.75,0.86875,0.04773462783171521,0.8760504201680672,0.7736549165120594,0.8210153721682848,101.31643356643356,direct classification
hgb_clf,1,0.755,0.86875,0.04773462783171521,0.8760504201680672,0.7736549165120594,0.8210153721682848,101.31643356643356,direct classification
hgb_clf,1,0.76,0.86875,0.04773462783171521,0.8760504201680672,0.7736549165120594,0.8210153721682848,101.31643356643356,direct classification
hgb_clf,1,0.765,0.8645833333333334,0.04692556634304207,0.8773784355179705,0.7713754646840149,0.8176577669902914,100.67788461538461,direct classification
hgb_clf,1,0.77,0.8645833333333334,0.045307443365695796,0.881104033970276,0.7742537313432836,0.8192758899676376,100.2521853146853,direct classification
hgb_clf,1,0.775,0.8645833333333334,0.043689320388349516,0.8848614072494669,0.7771535580524345,0.8208940129449839,99.82648601398601,direct classification
hgb_clf,1,0.78,0.8604166666666667,0.043689320388349516,0.8843683083511777,0.7734082397003745,0.8167273462783172,99.4007867132867,direct classification
hgb_clf,1,0.785,0.8520833333333333,0.043689320388349516,0.8833693304535637,0.7659176029962547,0.8083940129449838,98.5493881118881,direct classification
hgb_clf,1,0.79,0.8479166666666667,0.0412621359223301,0.888646288209607,0.7664783427495292,0.8066545307443366,97.48513986013985,direct classification
hgb_clf,1,0.795,0.8479166666666667,0.0412621359223301,0.888646288209607,0.7664783427495292,0.8066545307443366,97.48513986013985,direct classification
hgb_clf,1,0.8,0.8479166666666667,0.0412621359223301,0.888646288209607,0.7664783427495292,0.8066545307443366,97.48513986013985,direct classification
hgb_clf,1,0.805,0.84375,0.040453074433656956,0.8901098901098901,0.7641509433962265,0.803296925566343,96.8465909090909,direct classification
hgb_clf,1,0.81,0.8416666666666667,0.03964401294498382,0.891832229580574,0.7637051039697542,0.8020226537216828,96.4208916083916,direct classification
hgb_clf,1,0.815,0.8354166666666667,0.038834951456310676,0.8930957683741648,0.759469696969697,0.796581715210356,95.569493006993,direct classification
hgb_clf,1,0.82,0.8291666666666667,0.0372168284789644,0.8963963963963963,0.7566539923954373,0.7919498381877024,94.50524475524475,direct classification
hgb_clf,1,0.825,0.825,0.0372168284789644,0.8959276018099548,0.752851711026616,0.7877831715210355,94.07954545454545,direct classification
hgb_clf,1,0.83,0.81875,0.03640776699029126,0.8972602739726028,0.7485714285714286,0.7823422330097087,93.22814685314684,direct classification
hgb_clf,1,0.835,0.8166666666666667,0.03559870550161812,0.8990825688073395,0.7480916030534351,0.7810679611650485,92.80244755244755,direct classification
hgb_clf,1,0.84,0.8125,0.03478964401294499,0.9006928406466512,0.745697896749522,0.7777103559870551,92.1638986013986,direct classification
hgb_clf,1,0.845,0.8020833333333334,0.03317152103559871,0.903755868544601,0.7389635316698656,0.7689118122977346,90.67395104895104,direct classification
hgb_clf,1,0.85,0.8020833333333334,0.032362459546925564,0.9058823529411765,0.7403846153846154,0.7697208737864079,90.46110139860139,direct classification
hgb_clf,1,0.855,0.7979166666666667,0.032362459546925564,0.9054373522458629,0.7365384615384616,0.7655542071197412,90.0354020979021,direct classification
hgb_clf,1,0.86,0.7916666666666666,0.030744336569579287,0.9090909090909091,0.7335907335907336,0.7609223300970873,88.97115384615384,direct classification
hgb_clf,1,0.865,0.7875,0.02912621359223301,0.9130434782608695,0.7325581395348837,0.758373786407767,88.11975524475524,direct classification
hgb_clf,1,0.87,0.7854166666666667,0.02831715210355987,0.9150485436893204,0.7320388349514563,0.7570995145631068,87.69405594405593,direct classification
hgb_clf,1,0.875,0.7833333333333333,0.02750809061488673,0.9170731707317074,0.7315175097276264,0.7558252427184466,87.26835664335664,direct classification
hgb_clf,1,0.88,0.7708333333333334,0.025889967637540454,0.9203980099502488,0.72265625,0.7449433656957929,85.56555944055944,direct classification
hgb_clf,1,0.885,0.7541666666666667,0.023462783171521034,0.9258312020460358,0.7111984282907662,0.7307038834951456,83.22421328671328,direct classification
hgb_clf,1,0.89,0.7416666666666667,0.022653721682847898,0.9270833333333334,0.7007874015748031,0.7190129449838188,81.73426573426573,direct classification
hgb_clf,1,0.895,0.7354166666666667,0.022653721682847898,0.926509186351706,0.6948818897637795,0.7127629449838189,81.09571678321677,direct classification
hgb_clf,1,0.9,0.7270833333333333,0.021035598705501618,0.9306666666666666,0.6897233201581028,0.7060477346278317,79.81861888111888,direct classification
hgb_clf,1,0.905,0.7083333333333334,0.021035598705501618,0.9289617486338798,0.6719367588932806,0.6872977346278317,77.90297202797203,direct classification
hgb_clf,1,0.91,0.7,0.0186084142394822,0.935933147632312,0.6679920477137177,0.6813915857605177,76.41302447552447,direct classification
hgb_clf,1,0.915,0.6895833333333333,0.01779935275080906,0.9376770538243626,0.6593625498007968,0.6717839805825243,75.13592657342657,direct classification
hgb_clf,1,0.92,0.6791666666666667,0.015372168284789644,0.9449275362318841,0.6533066132264529,0.6637944983818771,73.43312937062936,direct classification
hgb_clf,1,0.925,0.6645833333333333,0.015372168284789644,0.9437869822485208,0.6392785571142284,0.6492111650485437,71.94318181818181,direct classification
hgb_clf,1,0.93,0.6520833333333333,0.014563106796116505,0.945619335347432,0.6285140562248996,0.6375202265372168,70.45323426573427,direct classification
hgb_clf,1,0.935,0.6354166666666666,0.014563106796116505,0.9442724458204335,0.6124497991967871,0.6208535598705501,68.75043706293705,direct classification
hgb_clf,1,0.94,0.61875,0.013754045307443365,0.945859872611465,0.5975855130784709,0.6049959546925566,66.8347902097902,direct classification
hgb_clf,1,0.945,0.6020833333333333,0.012135922330097087,0.9506578947368421,0.5838383838383838,0.5899474110032362,64.7062937062937,direct classification
hgb_clf,1,0.95,0.575,0.010517799352750809,0.9550173010380623,0.5598377281947262,0.5644822006472492,61.513548951048946,direct classification
hgb_clf,1,0.955,0.5458333333333333,0.009708737864077669,0.9562043795620438,0.532520325203252,0.5361245954692556,58.32080419580419,direct classification
hgb_clf,1,0.96,0.5,0.00889967637540453,0.9561752988047809,0.48879837067209775,0.4911003236245955,53.42526223776223,direct classification
hgb_clf,1,0.965,0.4666666666666667,0.007281553398058253,0.9613733905579399,0.45807770961145194,0.4593851132686084,49.593968531468526,direct classification
hgb_clf,1,0.97,0.40208333333333335,0.006472491909385114,0.9601990049751243,0.39549180327868855,0.39561084142394826,42.78277972027972,direct classification
hgb_clf,1,0.975,0.3229166666666667,0.0048543689320388345,0.9627329192546584,0.31893004115226337,0.31806229773462785,34.26879370629371,direct classification
hgb_clf,1,0.98,0.2125,0.0016181229773462784,0.9807692307692307,0.21161825726141079,0.2108818770226537,22.136363636363633,direct classification
hgb_clf,1,0.985,0.10208333333333333,0.0008090614886731392,0.98,0.10187110187110188,0.10127427184466019,10.642482517482517,direct classification
hgb_clf,1,0.99,0.0375,0.0,1.0,0.0375,0.0375,3.831293706293706,direct classification
hgb_clf,1,0.995,0.008333333333333333,0.0,1.0,0.008333333333333333,0.008333333333333333,0.8513986013986014,direct classification
hgb_clf,2,0.005,1.0,0.7799671592775042,0.33098591549295775,0.33098591549295775,0.22003284072249585,307.26007109004735,direct classification
hgb_clf,2,0.01,1.0,0.6362889983579638,0.37751004016064255,0.37751004016064255,0.3637110016420362,269.39351303317534,direct classification
hgb_clf,2,0.015,1.0,0.6141215106732348,0.38587848932676516,0.38587848932676516,0.38587848932676516,263.55124407582935,direct classification
hgb_clf,2,0.02,1.0,0.5640394088669951,0.4062229904926534,0.4062229904926534,0.4359605911330049,250.35204383886253,direct classification
hgb_clf,2,0.025,0.9957446808510638,0.5467980295566502,0.4126984126984127,0.4119718309859155,0.4489466512944136,245.37529620853078,direct classification
hgb_clf,2,0.03,0.9957446808510638,0.5295566502463054,0.42048517520215634,0.41973094170403585,0.46618803060475844,240.83130924170615,direct classification
hgb_clf,2,0.035,0.9957446808510638,0.513136288998358,0.4281793229643184,0.4273972602739726,0.4826083918527059,236.50370260663504,direct classification
hgb_clf,2,0.04,0.9936170212765958,0.48111658456486045,0.44349477682811017,0.4422348484848485,0.5125004367117354,227.84848933649286,direct classification
hgb_clf,2,0.045,0.9936170212765958,0.45977011494252873,0.45472249269717624,0.4533980582524272,0.5338469063340671,222.22260071090045,direct classification
hgb_clf,2,0.05,0.9936170212765958,0.4458128078817734,0.4623762376237624,0.46100691016781836,0.5478042133948224,218.54413507109004,direct classification
hgb_clf,2,0.055,0.9936170212765958,0.4302134646962233,0.47124117053481335,0.46981891348088534,0.5634035565803726,214.4329087677725,direct classification
hgb_clf,2,0.06,0.9914893617021276,0.41379310344827586,0.48041237113402063,0.4784394250513347,0.5776962582538518,209.88892180094786,direct classification
hgb_clf,2,0.065,0.9893617021276596,0.4072249589490969,0.4838709677419355,0.4813664596273292,0.5821367431785627,207.94149881516586,direct classification
hgb_clf,2,0.07,0.9893617021276596,0.3916256157635468,0.49363057324840764,0.4910242872228089,0.5977360863641128,203.83027251184834,direct classification
hgb_clf,2,0.075,0.9893617021276596,0.38341543513957305,0.4989270386266094,0.49626467449306294,0.6059462669880866,201.66646919431278,direct classification
hgb_clf,2,0.08,0.9893617021276596,0.3669950738916256,0.5098684210526315,0.5070883315158125,0.6223666282360341,197.33886255924168,direct classification
hgb_clf,2,0.085,0.9893617021276596,0.3587848932676519,0.5155210643015521,0.5126791620727673,0.6305768088600077,195.17505924170615,direct classification
hgb_clf,2,0.09,0.9893617021276596,0.3464696223316913,0.52423900789177,0.5213004484304933,0.6428920797959683,191.92935426540282,direct classification
hgb_clf,2,0.095,0.9893617021276596,0.3341543513957307,0.533256880733945,0.5302166476624858,0.6552073507319289,188.68364928909952,direct classification
hgb_clf,2,0.1,0.9893617021276596,0.32101806239737274,0.5432242990654206,0.5400696864111498,0.6683436397302869,185.22156398104264,direct classification
hgb_clf,2,0.105,0.9893617021276596,0.312807881773399,0.549645390070922,0.5464159811985899,0.6765538203542606,183.05776066350708,direct classification
hgb_clf,2,0.11,0.9893617021276596,0.3045977011494253,0.55622009569378,0.5529131985731273,0.6847640009782343,180.89395734597156,direct classification
hgb_clf,2,0.115,0.9893617021276596,0.29802955665024633,0.5615942028985508,0.5582232893157263,0.6913321454774133,179.16291469194312,direct classification
hgb_clf,2,0.12,0.9893617021276596,0.2939244663382594,0.5650060753341434,0.5615942028985508,0.6954372357894002,178.08101303317534,direct classification
hgb_clf,2,0.125,0.9893617021276596,0.28981937602627256,0.5684596577017115,0.5650060753341434,0.6995423261013871,176.99911137440756,direct classification
hgb_clf,2,0.13,0.9872340425531915,0.2848932676518883,0.5721331689272503,0.5679314565483476,0.7023407749013031,175.48444905213267,direct classification
hgb_clf,2,0.135,0.9872340425531915,0.2733990147783251,0.5821831869510665,0.5778331257783312,0.7138350277748664,172.45512440758293,direct classification
hgb_clf,2,0.14,0.9851063829787234,0.2627257799671593,0.5913154533844189,0.5860759493670886,0.7223806030115641,169.42579976303315,direct classification
hgb_clf,2,0.145,0.9851063829787234,0.25533661740558294,0.5981912144702842,0.5928297055057619,0.7297697655731405,167.47837677725116,direct classification
hgb_clf,2,0.15,0.9851063829787234,0.24466338259441708,0.6084099868593955,0.6028645833333334,0.7404430003843063,164.66543246445497,direct classification
hgb_clf,2,0.155,0.9851063829787234,0.23563218390804597,0.6173333333333333,0.6116248348745046,0.7494741990706775,162.28524881516586,direct classification
hgb_clf,2,0.16,0.9829787234042553,0.22660098522167488,0.6260162601626016,0.6193029490616622,0.7563777381825805,159.68868483412322,direct classification
hgb_clf,2,0.165,0.9808510638297873,0.21839080459770116,0.6341127922971114,0.626358695652174,0.7624602592320862,157.3085011848341,direct classification
hgb_clf,2,0.17,0.9808510638297873,0.21510673234811165,0.6376210235131397,0.6297814207650273,0.7657443314816756,156.4429798578199,direct classification
hgb_clf,2,0.175,0.9808510638297873,0.21182266009852216,0.6411682892906815,0.6332417582417582,0.7690284037312651,155.57745853080567,direct classification
hgb_clf,2,0.18,0.9808510638297873,0.20361247947454844,0.6502115655853314,0.6420612813370473,0.7772385843552388,153.41365521327012,direct classification
hgb_clf,2,0.185,0.9808510638297873,0.19704433497536947,0.6576319543509273,0.6492957746478873,0.7838067288544178,151.6826125592417,direct classification
hgb_clf,2,0.19,0.9787234042553191,0.19129720853858784,0.6637806637806638,0.6543385490753911,0.7874261957167312,149.95156990521326,direct classification
hgb_clf,2,0.195,0.9787234042553191,0.1863711001642036,0.6695778748180495,0.6599713055954088,0.7923523040911156,148.65328791469193,direct classification
hgb_clf,2,0.2,0.9787234042553191,0.17898193760262726,0.6784660766961652,0.6686046511627907,0.7997414666526919,146.70586492890993,direct classification
hgb_clf,2,0.205,0.9765957446808511,0.17651888341543515,0.6810089020771514,0.67007299270073,0.8000768612654159,145.8403436018957,direct classification
hgb_clf,2,0.21,0.9765957446808511,0.17159277504105092,0.687125748502994,0.6759941089837997,0.8050029696398002,144.5420616113744,direct classification
hgb_clf,2,0.215,0.9765957446808511,0.16748768472906403,0.6923076923076923,0.6810089020771514,0.809108059951787,143.46015995260663,direct classification
hgb_clf,2,0.22,0.9723404255319149,0.16666666666666666,0.6924242424242424,0.6790490341753344,0.8056737588652483,142.81101895734596,direct classification
hgb_clf,2,0.225,0.9723404255319149,0.16420361247947454,0.69558599695586,0.682089552238806,0.8081368130524403,142.1618779620853,direct classification
hgb_clf,2,0.23,0.9702127659574468,0.16174055829228243,0.6983154670750383,0.6836581709145427,0.8084722076651644,141.29635663507108,direct classification
hgb_clf,2,0.235,0.9702127659574468,0.16009852216748768,0.7004608294930875,0.6857142857142857,0.8101142437899591,140.86359597156397,direct classification
hgb_clf,2,0.24,0.9702127659574468,0.15845648604269294,0.7026194144838213,0.6877828054298643,0.8117562799147539,140.43083530805686,direct classification
hgb_clf,2,0.245,0.9680851063829787,0.15599343185550082,0.7054263565891473,0.6893939393939394,0.8120916745274779,139.56531398104264,direct classification
hgb_clf,2,0.25,0.9680851063829787,0.15599343185550082,0.7054263565891473,0.6893939393939394,0.8120916745274779,139.56531398104264,direct classification
hgb_clf,2,0.255,0.9659574468085106,0.1535303776683087,0.7082683307332294,0.6910197869101978,0.8124270691402019,138.6997926540284,direct classification
hgb_clf,2,0.26,0.9638297872340426,0.15024630541871922,0.7122641509433962,0.6937212863705973,0.8135834818153234,137.61789099526064,direct classification
hgb_clf,2,0.265,0.9638297872340426,0.14860426929392448,0.7145110410094637,0.695852534562212,0.8152255179401181,137.18513033175356,direct classification
hgb_clf,2,0.27,0.9638297872340426,0.1469622331691297,0.7167721518987342,0.6979969183359014,0.8168675540649128,136.75236966824644,direct classification
hgb_clf,2,0.275,0.9638297872340426,0.14532019704433496,0.719047619047619,0.7001545595054096,0.8185095901897076,136.31960900473933,direct classification
hgb_clf,2,0.28,0.9595744680851064,0.14285714285714285,0.7216,0.7003105590062112,0.8167173252279636,135.23770734597156,direct classification
hgb_clf,2,0.285,0.9595744680851064,0.14039408866995073,0.72508038585209,0.7035881435257411,0.8191803794151556,134.5885663507109,direct classification
hgb_clf,2,0.29,0.9574468085106383,0.13711001642036125,0.7293354943273906,0.706436420722135,0.8203367920902771,133.50666469194312,direct classification
hgb_clf,2,0.295,0.9531914893617022,0.1354679802955665,0.7308319738988581,0.705511811023622,0.8177235090661357,132.6411433649289,direct classification
hgb_clf,2,0.3,0.9531914893617022,0.13464696223316913,0.7320261437908496,0.7066246056782335,0.818544527128533,132.42476303317534,direct classification
hgb_clf,2,0.305,0.9531914893617022,0.13382594417077176,0.7332242225859247,0.707740916271722,0.8193655451909304,132.20838270142178,direct classification
hgb_clf,2,0.31,0.948936170212766,0.1330049261083744,0.7335526315789473,0.7056962025316456,0.8159312441043916,131.55924170616112,direct classification
hgb_clf,2,0.315,0.948936170212766,0.13218390804597702,0.7347611202635914,0.7068145800316957,0.816752262166789,131.34286137440756,direct classification
hgb_clf,2,0.32,0.948936170212766,0.13136288998357964,0.735973597359736,0.707936507936508,0.8175732802291864,131.126481042654,direct classification
hgb_clf,2,0.325,0.9468085106382979,0.13136288998357964,0.7355371900826446,0.7063492063492064,0.8154456206547183,130.91010071090045,direct classification
hgb_clf,2,0.33,0.9425531914893617,0.1297208538587849,0.7371048252911814,0.7054140127388535,0.8128323376305768,130.04457938388626,direct classification
hgb_clf,2,0.335,0.9425531914893617,0.12643678160919541,0.7420435510887772,0.7099358974358975,0.8161164098801663,129.17905805687204,direct classification
hgb_clf,2,0.34,0.9404255319148936,0.12397372742200329,0.7453625632377741,0.711755233494364,0.8164518044928903,128.31353672985782,direct classification
hgb_clf,2,0.345,0.9404255319148936,0.12233169129720854,0.7478849407783418,0.7140549273021002,0.8180938406176851,127.8807760663507,direct classification
hgb_clf,2,0.35,0.9382978723404255,0.12233169129720854,0.747457627118644,0.7124394184168013,0.8159661810432169,127.66439573459715,direct classification
hgb_clf,2,0.355,0.9361702127659575,0.1206896551724138,0.7495741056218058,0.713128038897893,0.8154805575935437,127.01525473933648,direct classification
hgb_clf,2,0.36,0.9361702127659575,0.11904761904761904,0.7521367521367521,0.7154471544715447,0.8171225937183384,126.58249407582937,direct classification
hgb_clf,2,0.365,0.9361702127659575,0.11904761904761904,0.7521367521367521,0.7154471544715447,0.8171225937183384,126.58249407582937,direct classification
hgb_clf,2,0.37,0.9361702127659575,0.11822660098522167,0.7534246575342466,0.7166123778501629,0.8179436117807358,126.36611374407582,direct classification
hgb_clf,2,0.375,0.9361702127659575,0.1174055829228243,0.7547169811320755,0.7177814029363785,0.8187646298431331,126.14973341232226,direct classification
hgb_clf,2,0.38,0.9340425531914893,0.1174055829228243,0.7542955326460481,0.7161500815660685,0.816636970268665,125.93335308056871,direct classification
hgb_clf,2,0.385,0.9340425531914893,0.11658456486042693,0.7555938037865749,0.7173202614379085,0.8174579883310624,125.71697274881515,direct classification
hgb_clf,2,0.39,0.9340425531914893,0.11658456486042693,0.7555938037865749,0.7173202614379085,0.8174579883310624,125.71697274881515,direct classification
hgb_clf,2,0.395,0.9319148936170213,0.11658456486042693,0.7551724137931034,0.7156862745098039,0.8153303287565944,125.5005924170616,direct classification
hgb_clf,2,0.4,0.9319148936170213,0.11658456486042693,0.7551724137931034,0.7156862745098039,0.8153303287565944,125.5005924170616,direct classification
hgb_clf,2,0.405,0.9319148936170213,0.11576354679802955,0.7564766839378239,0.7168576104746317,0.8161513468189917,125.28421208530804,direct classification
hgb_clf,2,0.41,0.9319148936170213,0.11494252873563218,0.7577854671280276,0.7180327868852459,0.8169723648813891,125.06783175355449,direct classification
hgb_clf,2,0.415,0.9319148936170213,0.11412151067323481,0.7590987868284229,0.7192118226600985,0.8177933829437865,124.85145142180093,direct classification
hgb_clf,2,0.42,0.9297872340425531,0.11412151067323481,0.7586805555555556,0.7175697865353038,0.8156657233693183,124.63507109004738,direct classification
hgb_clf,2,0.425,0.9297872340425531,0.11330049261083744,0.76,0.71875,0.8164867414317157,124.41869075829383,direct classification
hgb_clf,2,0.43,0.9297872340425531,0.1116584564860427,0.7626527050610821,0.7211221122112211,0.8181287775565105,123.98593009478672,direct classification
hgb_clf,2,0.435,0.9276595744680851,0.11083743842364532,0.7635726795096323,0.7206611570247934,0.8168221360444398,123.55316943127961,direct classification
hgb_clf,2,0.44,0.9276595744680851,0.10919540229885058,0.7662565905096661,0.7230514096185738,0.8184641721692345,123.1204087677725,direct classification
hgb_clf,2,0.445,0.9276595744680851,0.10755336617405582,0.7689594356261023,0.7254575707154742,0.8201062082940292,122.68764810426539,direct classification
hgb_clf,2,0.45,0.9276595744680851,0.10673234811165845,0.7703180212014135,0.7266666666666667,0.8209272263564267,122.47126777251184,direct classification
hgb_clf,2,0.455,0.9276595744680851,0.10673234811165845,0.7703180212014135,0.7266666666666667,0.8209272263564267,122.47126777251184,direct classification
hgb_clf,2,0.46,0.925531914893617,0.10591133004926108,0.7712765957446809,0.7262103505843072,0.8196205848443558,122.03850710900473,direct classification
hgb_clf,2,0.465,0.9234042553191489,0.10509031198686371,0.7722419928825622,0.725752508361204,0.8183139433322852,121.60574644549762,direct classification
hgb_clf,2,0.47,0.9191489361702128,0.10426929392446634,0.7728085867620751,0.7236180904522613,0.8148796422457464,120.95660545023695,direct classification
hgb_clf,2,0.475,0.9170212765957447,0.10426929392446634,0.7724014336917563,0.7219430485762144,0.8127519826712784,120.74022511848341,direct classification
hgb_clf,2,0.48,0.9170212765957447,0.10426929392446634,0.7724014336917563,0.7219430485762144,0.8127519826712784,120.74022511848341,direct classification
hgb_clf,2,0.485,0.9170212765957447,0.10426929392446634,0.7724014336917563,0.7219430485762144,0.8127519826712784,120.74022511848341,direct classification
hgb_clf,2,0.49,0.9170212765957447,0.10426929392446634,0.7724014336917563,0.7219430485762144,0.8127519826712784,120.74022511848341,direct classification
hgb_clf,2,0.495,0.9170212765957447,0.10344827586206896,0.7737881508078994,0.7231543624161074,0.8135730007336758,120.52384478672985,direct classification
hgb_clf,2,0.5,0.9170212765957447,0.10262725779967159,0.7751798561151079,0.7243697478991596,0.8143940187960731,120.3074644549763,direct classification
hgb_clf,2,0.505,0.9170212765957447,0.10180623973727422,0.7765765765765765,0.7255892255892256,0.8152150368584705,120.09108412322274,direct classification
hgb_clf,2,0.51,0.9170212765957447,0.10180623973727422,0.7765765765765765,0.7255892255892256,0.8152150368584705,120.09108412322274,direct classification
hgb_clf,2,0.515,0.9148936170212766,0.10180623973727422,0.776173285198556,0.7239057239057239,0.8130873772840024,119.87470379146919,direct classification
hgb_clf,2,0.52,0.9148936170212766,0.10098522167487685,0.7775768535262206,0.7251264755480608,0.8139083953463997,119.65832345971563,direct classification
hgb_clf,2,0.525,0.9106382978723404,0.10098522167487685,0.7767695099818511,0.7217537942664418,0.8096530761974635,119.22556279620852,direct classification
hgb_clf,2,0.53,0.9106382978723404,0.10016420361247948,0.7781818181818182,0.722972972972973,0.8104740942598609,119.00918246445497,direct classification
hgb_clf,2,0.535,0.9106382978723404,0.0993431855500821,0.7795992714025501,0.7241962774957699,0.8112951123222583,118.79280213270141,direct classification
hgb_clf,2,0.54,0.9085106382978724,0.09852216748768473,0.7806215722120659,0.7237288135593221,0.8099884708101877,118.3600414691943,direct classification
hgb_clf,2,0.545,0.9085106382978724,0.09688013136288999,0.7834862385321101,0.7261904761904762,0.8116305069349824,117.92728080568719,direct classification
hgb_clf,2,0.55,0.9085106382978724,0.0960591133004926,0.7849264705882353,0.727427597955707,0.8124515249973798,117.71090047393363,direct classification
hgb_clf,2,0.555,0.9085106382978724,0.09523809523809523,0.7863720073664825,0.7286689419795221,0.8132725430597771,117.49452014218008,direct classification
hgb_clf,2,0.56,0.9063829787234042,0.09441707717569786,0.7874306839186691,0.7282051282051282,0.8119659015477063,117.06175947867298,direct classification
hgb_clf,2,0.565,0.9063829787234042,0.09359605911330049,0.7888888888888889,0.7294520547945206,0.8127869196101037,116.84537914691943,direct classification
hgb_clf,2,0.57,0.902127659574468,0.09359605911330049,0.7881040892193308,0.726027397260274,0.8085316004611676,116.41261848341232,direct classification
hgb_clf,2,0.575,0.902127659574468,0.09277504105090312,0.7895716945996276,0.7272727272727273,0.8093526185235649,116.19623815165876,direct classification
hgb_clf,2,0.58,0.902127659574468,0.09277504105090312,0.7895716945996276,0.7272727272727273,0.8093526185235649,116.19623815165876,direct classification
hgb_clf,2,0.585,0.902127659574468,0.09195402298850575,0.7910447761194029,0.7285223367697594,0.8101736365859623,115.9798578199052,direct classification
hgb_clf,2,0.59,0.9,0.09195402298850575,0.7906542056074767,0.7268041237113402,0.8080459770114943,115.76347748815165,direct classification
hgb_clf,2,0.595,0.9,0.090311986863711,0.7936210131332082,0.7293103448275862,0.809688013136289,115.33071682464454,direct classification
hgb_clf,2,0.6,0.8978723404255319,0.08866995073891626,0.7962264150943397,0.7301038062283737,0.8092023896866156,114.68157582938387,direct classification
hgb_clf,2,0.605,0.8978723404255319,0.08784893267651889,0.7977315689981096,0.7313691507798961,0.8100234077490129,114.46519549763032,direct classification
hgb_clf,2,0.61,0.8978723404255319,0.08702791461412152,0.7992424242424242,0.7326388888888888,0.8108444258114104,114.24881516587676,direct classification
hgb_clf,2,0.615,0.8957446808510638,0.08620689655172414,0.8003802281368821,0.7321739130434782,0.8095377842993396,113.81605450236965,direct classification
hgb_clf,2,0.62,0.8957446808510638,0.08538587848932677,0.8019047619047619,0.7334494773519163,0.8103588023617371,113.5996741706161,direct classification
hgb_clf,2,0.625,0.8957446808510638,0.08456486042692939,0.8034351145038168,0.7347294938917975,0.8111798204241345,113.38329383886256,direct classification
hgb_clf,2,0.63,0.8914893617021277,0.08374384236453201,0.8042226487523992,0.7325174825174825,0.8077455193375956,112.73415284360189,direct classification
hgb_clf,2,0.635,0.8893617021276595,0.0812807881773399,0.8085106382978723,0.7346221441124781,0.8080809139503197,111.86863151658767,direct classification
hgb_clf,2,0.64,0.8872340425531915,0.08045977011494253,0.8097087378640777,0.7341549295774648,0.806774272438249,111.43587085308056,direct classification
hgb_clf,2,0.645,0.8872340425531915,0.07963875205254516,0.811284046692607,0.7354497354497355,0.8075952905006464,111.219490521327,direct classification
hgb_clf,2,0.65,0.8872340425531915,0.07963875205254516,0.811284046692607,0.7354497354497355,0.8075952905006464,111.219490521327,direct classification
hgb_clf,2,0.655,0.8872340425531915,0.07881773399014778,0.8128654970760234,0.7367491166077739,0.8084163085630437,111.00311018957345,direct classification
hgb_clf,2,0.66,0.8851063829787233,0.07881773399014778,0.8125,0.734982332155477,0.8062886489885756,110.78672985781989,direct classification
hgb_clf,2,0.665,0.8851063829787233,0.07717569786535304,0.8156862745098039,0.7375886524822695,0.8079306851133703,110.35396919431278,direct classification
hgb_clf,2,0.67,0.8808510638297873,0.07635467980295567,0.8165680473372781,0.7353463587921847,0.8044963840268317,109.70482819905212,direct classification
hgb_clf,2,0.675,0.8808510638297873,0.07635467980295567,0.8165680473372781,0.7353463587921847,0.8044963840268317,109.70482819905212,direct classification
hgb_clf,2,0.68,0.8808510638297873,0.0755336617405583,0.8181818181818182,0.7366548042704626,0.805317402089229,109.48844786729858,direct classification
hgb_clf,2,0.685,0.8787234042553191,0.0755336617405583,0.8178217821782178,0.7348754448398577,0.8031897425147608,109.27206753554502,direct classification
hgb_clf,2,0.69,0.8787234042553191,0.07471264367816093,0.8194444444444444,0.7361853832442068,0.8040107605771583,109.05568720379146,direct classification
hgb_clf,2,0.695,0.8765957446808511,0.07471264367816093,0.8190854870775348,0.7344028520499108,0.8018831010026902,108.83930687203791,direct classification
hgb_clf,2,0.7,0.874468085106383,0.07307060755336617,0.822,0.7352415026833632,0.8013974775530168,108.19016587677724,direct classification
hgb_clf,2,0.705,0.874468085106383,0.07307060755336617,0.822,0.7352415026833632,0.8013974775530168,108.19016587677724,direct classification
hgb_clf,2,0.71,0.8702127659574468,0.07307060755336617,0.821285140562249,0.7316636851520573,0.7971421584040806,107.75740521327013,direct classification
hgb_clf,2,0.715,0.8702127659574468,0.06978653530377668,0.8279352226720648,0.736936936936937,0.8004262306536701,106.89188388625591,direct classification
hgb_clf,2,0.72,0.8680851063829788,0.06814449917898194,0.8309572301425662,0.7377938517179023,0.7999406072039968,106.24274289099525,direct classification
hgb_clf,2,0.725,0.8659574468085106,0.06814449917898194,0.8306122448979592,0.7359855334538878,0.7978129476295287,106.02636255924169,direct classification
hgb_clf,2,0.73,0.8638297872340426,0.06814449917898194,0.8302658486707567,0.7341772151898734,0.7956852880550607,105.80998222748815,direct classification
hgb_clf,2,0.735,0.8638297872340426,0.06814449917898194,0.8302658486707567,0.7341772151898734,0.7956852880550607,105.80998222748815,direct classification
hgb_clf,2,0.74,0.8638297872340426,0.06732348111658457,0.8319672131147541,0.7355072463768116,0.796506306117458,105.5936018957346,direct classification
hgb_clf,2,0.745,0.8638297872340426,0.06732348111658457,0.8319672131147541,0.7355072463768116,0.796506306117458,105.5936018957346,direct classification
hgb_clf,2,0.75,0.8617021276595744,0.06732348111658457,0.8316221765913757,0.7336956521739131,0.7943786465429898,105.37722156398104,direct classification
hgb_clf,2,0.755,0.8617021276595744,0.0665024630541872,0.8333333333333334,0.73502722323049,0.7951996646053873,105.16084123222748,direct classification
hgb_clf,2,0.76,0.8553191489361702,0.06403940886699508,0.8375,0.7335766423357665,0.7912797400691751,103.86255924170615,direct classification
hgb_clf,2,0.765,0.8531914893617021,0.06239737274220033,0.8406708595387841,0.7344322344322345,0.7907941166195017,103.21341824644549,direct classification
hgb_clf,2,0.77,0.8468085106382979,0.06157635467980296,0.8414376321353065,0.7302752293577982,0.7852321559584949,102.34789691943126,direct classification
hgb_clf,2,0.775,0.8425531914893617,0.060755336617405585,0.8425531914893617,0.7279411764705882,0.7817978548719561,101.69875592417061,direct classification
hgb_clf,2,0.78,0.8340425531914893,0.05993431855500821,0.843010752688172,0.7219152854511971,0.7741082346364812,100.61685426540284,direct classification
hgb_clf,2,0.785,0.8340425531914893,0.05993431855500821,0.843010752688172,0.7219152854511971,0.7741082346364812,100.61685426540284,direct classification
hgb_clf,2,0.79,0.8276595744680851,0.059113300492610835,0.8438177874186551,0.7177121771217713,0.7685462739754743,99.75133293838861,direct classification
hgb_clf,2,0.795,0.825531914893617,0.05747126436781609,0.8471615720524017,0.7185185185185186,0.7680606505258009,99.10219194312795,direct classification
hgb_clf,2,0.8,0.8212765957446808,0.054187192118226604,0.8539823008849557,0.7201492537313433,0.7670894036264542,97.80390995260663,direct classification
hgb_clf,2,0.805,0.8212765957446808,0.05090311986863711,0.8616071428571429,0.7255639097744361,0.7703734758760437,96.93838862559241,direct classification
hgb_clf,2,0.81,0.8148936170212766,0.05008210180623974,0.8626126126126126,0.7212806026365348,0.7648115152150369,96.07286729857819,direct classification
hgb_clf,2,0.815,0.8127659574468085,0.04926108374384237,0.8642533936651584,0.720754716981132,0.763504873702966,95.64010663507108,direct classification
hgb_clf,2,0.82,0.8085106382978723,0.04926108374384237,0.8636363636363636,0.7169811320754716,0.7592495545540299,95.20734597156397,direct classification
hgb_clf,2,0.825,0.8021276595744681,0.048440065681444995,0.8646788990825688,0.7126654064272212,0.7536875938930231,94.34182464454976,direct classification
hgb_clf,2,0.83,0.8021276595744681,0.048440065681444995,0.8646788990825688,0.7126654064272212,0.7536875938930231,94.34182464454976,direct classification
hgb_clf,2,0.835,0.8021276595744681,0.046798029556650245,0.868663594470046,0.715370018975332,0.7553296300178178,93.90906398104265,direct classification
hgb_clf,2,0.84,0.7914893617021277,0.046798029556650245,0.8671328671328671,0.7058823529411765,0.7446913321454774,92.82716232227487,direct classification
hgb_clf,2,0.845,0.776595744680851,0.04433497536945813,0.8711217183770883,0.6965648854961832,0.732260769311393,90.66335900473933,direct classification
hgb_clf,2,0.85,0.7680851063829788,0.042692939244663386,0.87409200968523,0.6915708812260536,0.7253921671383154,89.365077014218,direct classification
hgb_clf,2,0.855,0.7659574468085106,0.04187192118226601,0.8759124087591241,0.690978886756238,0.7240855256262446,88.93231635071089,direct classification
hgb_clf,2,0.86,0.7553191489361702,0.04187192118226601,0.874384236453202,0.6813819577735125,0.7134472277539042,87.85041469194312,direct classification
hgb_clf,2,0.865,0.7382978723404255,0.040229885057471264,0.8762626262626263,0.6685934489402697,0.6980679872829543,85.68661137440758,direct classification
hgb_clf,2,0.87,0.7191489361702128,0.040229885057471264,0.8733850129198967,0.651252408477842,0.6789190511127415,83.73918838862558,direct classification
hgb_clf,2,0.875,0.7106382978723405,0.03940886699507389,0.8743455497382199,0.6447876447876448,0.6712294308772666,82.65728672985782,direct classification
hgb_clf,2,0.88,0.7,0.035303776683087026,0.8844086021505376,0.6413255360623782,0.6646962233169129,80.49348341232226,direct classification
hgb_clf,2,0.885,0.6872340425531915,0.03284072249589491,0.8898071625344353,0.6333333333333333,0.6543933200572967,78.54606042654028,direct classification
hgb_clf,2,0.89,0.6808510638297872,0.031198686371100164,0.8938547486033519,0.6299212598425197,0.6496523774586871,77.4641587677725,direct classification
hgb_clf,2,0.895,0.6638297872340425,0.030377668308702793,0.8939828080229226,0.6153846153846154,0.6334521189253397,75.51673578199052,direct classification
hgb_clf,2,0.9,0.6382978723404256,0.028735632183908046,0.8955223880597015,0.594059405940594,0.6095622401565175,72.48741113744076,direct classification
hgb_clf,2,0.905,0.6170212765957447,0.027093596059113302,0.8978328173374613,0.5765407554671969,0.5899276805366314,69.8908471563981,direct classification
hgb_clf,2,0.91,0.6,0.024630541871921183,0.9038461538461539,0.564,0.5753694581280788,67.510663507109,direct classification
hgb_clf,2,0.915,0.574468085106383,0.024630541871921183,0.9,0.54,0.5498375432344619,64.91409952606635,direct classification
hgb_clf,2,0.92,0.5553191489361702,0.022988505747126436,0.903114186851211,0.5240963855421686,0.5323306431890438,62.53391587677724,direct classification
hgb_clf,2,0.925,0.5276595744680851,0.021346469622331693,0.9051094890510949,0.5,0.5063131048457534,59.28821090047393,direct classification
hgb_clf,2,0.93,0.4851063829787234,0.019704433497536946,0.9047619047619048,0.46153846153846156,0.46540194948118646,54.52784360189573,direct classification
hgb_clf,2,0.935,0.4553191489361702,0.016420361247947456,0.9145299145299145,0.43673469387755104,0.43889878768822277,50.63299763033175,direct classification
hgb_clf,2,0.94,0.4127659574468085,0.013136288998357963,0.9238095238095239,0.3991769547325103,0.39962966844845055,45.439869668246445,direct classification
hgb_clf,2,0.945,0.3617021276595745,0.011494252873563218,0.9239130434782609,0.3512396694214876,0.3502078747860113,39.81398104265403,direct classification
hgb_clf,2,0.95,0.3170212765957447,0.009852216748768473,0.9254658385093167,0.3091286307053942,0.30716905984697623,34.83723341232227,direct classification
hgb_clf,2,0.955,0.2680851063829787,0.009852216748768473,0.9130434782608695,0.26141078838174275,0.25823288963421026,29.86048578199052,direct classification
hgb_clf,2,0.96,0.2276595744680851,0.0090311986863711,0.9067796610169492,0.22245322245322247,0.218628375781714,25.53287914691943,direct classification
hgb_clf,2,0.965,0.18936170212765957,0.007389162561576354,0.9081632653061225,0.18580375782881003,0.18197253956608322,21.20527251184834,direct classification
hgb_clf,2,0.97,0.15531914893617021,0.005747126436781609,0.9125,0.1530398322851153,0.1495720224993886,17.310426540284357,direct classification
hgb_clf,2,0.975,0.10425531914893617,0.0049261083743842365,0.8909090909090909,0.10294117647058823,0.09932921077455194,11.900918246445496,direct classification
hgb_clf,2,0.98,0.07659574468085106,0.003284072249589491,0.9,0.0759493670886076,0.07331167243126158,8.655213270142179,direct classification
hgb_clf,2,0.985,0.05319148936170213,0.0024630541871921183,0.8928571428571429,0.052854122621564484,0.05072843517451001,6.058649289099526,direct classification
hgb_clf,2,0.99,0.010638297872340425,0.0008210180623973727,0.8333333333333334,0.010615711252653927,0.009817279809943052,1.298281990521327,direct classification
hgb_clf,2,0.995,0.0,0.0,,0.0,0.0,0.0,direct classification
hgb_clf,3,0.005,1.0,0.7815810920945395,0.3303072625698324,0.3303072625698324,0.21841890790546048,307.6694117647059,direct classification
hgb_clf,3,0.01,1.0,0.7025264873675632,0.3543071161048689,0.3543071161048689,0.2974735126324368,286.8286764705882,direct classification
hgb_clf,3,0.015,1.0,0.6275468622656887,0.3805309734513274,0.3805309734513274,0.3724531377343113,267.06220588235294,direct classification
hgb_clf,3,0.02,0.9957716701902748,0.5786471067644662,0.3988145639288738,0.3981403212172443,0.4171245634258086,253.74132352941177,direct classification
hgb_clf,3,0.025,0.9894291754756871,0.5387123064384678,0.4145261293179805,0.4126984126984127,0.4507168690372193,242.5689705882353,direct classification
hgb_clf,3,0.03,0.9894291754756871,0.5199674001629991,0.4231464737793852,0.42124212421242124,0.46946177531268796,237.62735294117647,direct classification
hgb_clf,3,0.035,0.9873150105708245,0.4963325183374083,0.4340148698884758,0.4316081330868762,0.49098249223341617,231.18176470588236,direct classification
hgb_clf,3,0.04,0.9873150105708245,0.46373268133659334,0.45077220077220076,0.44817658349328215,0.5235823292342312,222.58764705882353,direct classification
hgb_clf,3,0.045,0.9873150105708245,0.4515077424612877,0.4573947110675808,0.45472249269717624,0.5358072681095367,219.36485294117648,direct classification
hgb_clf,3,0.05,0.9873150105708245,0.43031784841075793,0.46934673366834173,0.46653346653346656,0.5569971621600666,213.77867647058824,direct classification
hgb_clf,3,0.055,0.9873150105708245,0.41075794621026895,0.48094747682801237,0.4779938587512794,0.5765570643605555,208.62220588235294,direct classification
hgb_clf,3,0.06,0.985200845665962,0.3952730236348818,0.4900105152471083,0.48643006263048016,0.5899278220310802,204.32514705882352,direct classification
hgb_clf,3,0.065,0.985200845665962,0.38467807660961695,0.4968017057569296,0.4931216931216931,0.600522769056345,201.5320588235294,direct classification
hgb_clf,3,0.07,0.985200845665962,0.3700081499592502,0.5065217391304347,0.5026968716289104,0.6151926957067118,197.66470588235293,direct classification
hgb_clf,3,0.075,0.9809725158562368,0.35778321108394456,0.5138427464008859,0.5087719298245614,0.6231893047722923,194.01220588235293,direct classification
hgb_clf,3,0.08,0.9809725158562368,0.34555827220863894,0.5225225225225225,0.5172798216276477,0.6354142436475978,190.78941176470587,direct classification
hgb_clf,3,0.085,0.9809725158562368,0.33659331703341483,0.5290763968072976,0.5237020316027088,0.644379198822822,188.42602941176472,direct classification
hgb_clf,3,0.09,0.9809725158562368,0.32599837000814996,0.5370370370370371,0.5315005727376861,0.6549741458480869,185.63294117647058,direct classification
hgb_clf,3,0.095,0.9809725158562368,0.3145884270578647,0.5458823529411765,0.540162980209546,0.6663840887983721,182.625,direct classification
hgb_clf,3,0.1,0.9809725158562368,0.3072534637326813,0.5517241379310345,0.5458823529411765,0.6737190521235554,180.69132352941176,direct classification
hgb_clf,3,0.105,0.9809725158562368,0.293398533007335,0.5631067961165048,0.5570228091236494,0.6875739828489018,177.03882352941176,direct classification
hgb_clf,3,0.11,0.9809725158562368,0.29095354523227385,0.5651644336175395,0.5590361445783133,0.690018970623963,176.39426470588236,direct classification
hgb_clf,3,0.115,0.9809725158562368,0.2852485737571312,0.5700245700245701,0.5637910085054678,0.6957239420991056,174.89029411764704,direct classification
hgb_clf,3,0.12,0.9809725158562368,0.28198859005704974,0.5728395061728395,0.5665445665445665,0.698983925799187,174.03088235294118,direct classification
hgb_clf,3,0.125,0.9767441860465116,0.27383863080684595,0.5789473684210527,0.5710754017305315,0.7029055552396657,171.45264705882352,direct classification
hgb_clf,3,0.13,0.9725158562367865,0.267318663406683,0.583756345177665,0.5742821473158551,0.7051971928301035,169.30411764705883,direct classification
hgb_clf,3,0.135,0.9725158562367865,0.26079869600651995,0.5897435897435898,0.5800756620428752,0.7117171602302665,167.58529411764707,direct classification
hgb_clf,3,0.14,0.9725158562367865,0.2567237163814181,0.5935483870967742,0.583756345177665,0.7157921398553684,166.5110294117647,direct classification
hgb_clf,3,0.145,0.9704016913319239,0.2526487367563162,0.5968790637191157,0.5862068965517241,0.7177529545756076,165.22191176470588,direct classification
hgb_clf,3,0.15,0.9704016913319239,0.24775876120619397,0.601572739187418,0.5907335907335908,0.7226429301257299,163.93279411764706,direct classification
hgb_clf,3,0.155,0.9704016913319239,0.24286878565607173,0.6063408190224571,0.5953307392996109,0.7275329056758522,162.64367647058825,direct classification
hgb_clf,3,0.16,0.9682875264270613,0.23879380603096984,0.6098535286284953,0.597911227154047,0.7294937203960914,161.3545588235294,direct classification
hgb_clf,3,0.165,0.9682875264270613,0.2339038304808476,0.614765100671141,0.6026315789473684,0.7343836959462137,160.06544117647059,direct classification
hgb_clf,3,0.17,0.9682875264270613,0.22330888345558272,0.6256830601092896,0.6131191432396251,0.7449786429714785,157.27235294117648,direct classification
hgb_clf,3,0.175,0.9661733615221987,0.21923390383048086,0.6294765840220385,0.6159029649595688,0.7469394576917179,155.98323529411763,direct classification
hgb_clf,3,0.18,0.9661733615221987,0.21271393643031786,0.6364902506963789,0.6226158038147139,0.7534594250918808,154.26441176470587,direct classification
hgb_clf,3,0.185,0.9661733615221987,0.20700896495517523,0.6427566807313643,0.6286107290233838,0.7591643965670234,152.76044117647058,direct classification
hgb_clf,3,0.19,0.9619450317124736,0.20048899755501223,0.6490727532097005,0.6328233657858137,0.7614560341574613,150.6119117647059,direct classification
hgb_clf,3,0.195,0.959830866807611,0.19396903015484923,0.6560693641618497,0.6385372714486639,0.7658618366527618,148.67823529411766,direct classification
hgb_clf,3,0.2,0.959830866807611,0.1915240423797881,0.6589259796806967,0.6412429378531074,0.7683068244278228,148.03367647058823,direct classification
hgb_clf,3,0.205,0.959830866807611,0.189079054604727,0.6618075801749271,0.6439716312056738,0.770751812202884,147.3891176470588,direct classification
hgb_clf,3,0.21,0.959830866807611,0.18255908720456399,0.6696165191740413,0.6513629842180775,0.777271779603047,145.67029411764705,direct classification
hgb_clf,3,0.215,0.959830866807611,0.18011409942950285,0.6725925925925926,0.654178674351585,0.7797167673781081,145.02573529411765,direct classification
hgb_clf,3,0.22,0.959830866807611,0.17766911165444174,0.6755952380952381,0.6570188133140377,0.7821617551531692,144.38117647058823,direct classification
hgb_clf,3,0.225,0.959830866807611,0.17440912795436023,0.6796407185628742,0.660844250363901,0.7854217388532507,143.52176470588236,direct classification
hgb_clf,3,0.23,0.9577167019027484,0.16951915240423798,0.6853252647503782,0.6651982378854625,0.7881975494985104,142.01779411764707,direct classification
hgb_clf,3,0.235,0.9534883720930233,0.16625916870415647,0.6885496183206107,0.6661742983751846,0.7872292033888668,140.72867647058823,direct classification
hgb_clf,3,0.24,0.9534883720930233,0.1621841890790546,0.6938461538461539,0.6711309523809523,0.7913041830139687,139.65441176470588,direct classification
hgb_clf,3,0.245,0.9513742071881607,0.15973920130399347,0.6965944272445821,0.672645739910314,0.7916350058841672,138.795,direct classification
hgb_clf,3,0.25,0.9513742071881607,0.15810920945395274,0.6987577639751553,0.6746626686656672,0.7932649977342079,138.36529411764707,direct classification
hgb_clf,3,0.255,0.9513742071881607,0.15647921760391198,0.7009345794392523,0.6766917293233082,0.7948949895842488,137.93558823529412,direct classification
hgb_clf,3,0.26,0.9492600422832981,0.15158924205378974,0.7070866141732284,0.6813353566009105,0.7976708002295083,136.43161764705883,direct classification
hgb_clf,3,0.265,0.9471458773784355,0.14832925835370822,0.7111111111111111,0.683969465648855,0.7988166190247272,135.35735294117646,direct classification
hgb_clf,3,0.27,0.9471458773784355,0.1458842705786471,0.7145135566188198,0.6871165644171779,0.8012616067997884,134.71279411764706,direct classification
hgb_clf,3,0.275,0.9471458773784355,0.14506927465362673,0.7156549520766773,0.6881720430107527,0.8020766027248087,134.4979411764706,direct classification
hgb_clf,3,0.28,0.9471458773784355,0.14343928280358598,0.717948717948718,0.6902927580893683,0.8037065945748495,134.06823529411764,direct classification
hgb_clf,3,0.285,0.9471458773784355,0.14343928280358598,0.717948717948718,0.6902927580893683,0.8037065945748495,134.06823529411764,direct classification
hgb_clf,3,0.29,0.9429175475687104,0.1401792991035045,0.7216828478964401,0.6914728682170542,0.8027382484652059,132.77911764705883,direct classification
hgb_clf,3,0.295,0.9429175475687104,0.13854930725346373,0.724025974025974,0.6936236391912908,0.8043682403152467,132.34941176470588,direct classification
hgb_clf,3,0.3,0.9386892177589852,0.13854930725346373,0.7231270358306189,0.6905132192846034,0.8001399105055215,131.91970588235293,direct classification
hgb_clf,3,0.305,0.9386892177589852,0.1361043194784026,0.7266775777414075,0.69375,0.8025848982805825,131.27514705882353,direct classification
hgb_clf,3,0.31,0.9386892177589852,0.13528932355338225,0.7278688524590164,0.6948356807511737,0.8033998942056029,131.06029411764706,direct classification
hgb_clf,3,0.315,0.9365750528541226,0.13447432762836187,0.7286184210526315,0.6943573667711599,0.8021007252257607,130.6305882352941,direct classification
hgb_clf,3,0.32,0.9344608879492601,0.1336593317033415,0.7293729372937293,0.6938775510204082,0.8008015562459185,130.20088235294116,direct classification
hgb_clf,3,0.325,0.9323467230443975,0.13202933985330073,0.7313432835820896,0.694488188976378,0.8003173831910968,129.55632352941177,direct classification
hgb_clf,3,0.33,0.9323467230443975,0.13121434392828035,0.7325581395348837,0.695583596214511,0.8011323791161171,129.3414705882353,direct classification
hgb_clf,3,0.335,0.9323467230443975,0.12876935615321924,0.7362270450751253,0.6988906497622821,0.8035773668911782,128.69691176470587,direct classification
hgb_clf,3,0.34,0.9323467230443975,0.12876935615321924,0.7362270450751253,0.6988906497622821,0.8035773668911782,128.69691176470587,direct classification
hgb_clf,3,0.345,0.9323467230443975,0.1271393643031785,0.7386934673366834,0.7011128775834659,0.805207358741219,128.26720588235295,direct classification
hgb_clf,3,0.35,0.9323467230443975,0.12387938060309699,0.7436762225969646,0.7056,0.8084673424413005,127.40779411764706,direct classification
hgb_clf,3,0.355,0.9323467230443975,0.12306438467807661,0.7449324324324325,0.7067307692307693,0.8092823383663209,127.19294117647058,direct classification
hgb_clf,3,0.36,0.9323467230443975,0.12061939690301549,0.7487266553480475,0.7101449275362319,0.811727326141382,126.54838235294118,direct classification
hgb_clf,3,0.365,0.9323467230443975,0.1198044009779951,0.75,0.7112903225806452,0.8125423220664023,126.3335294117647,direct classification
hgb_clf,3,0.37,0.9323467230443975,0.11898940505297473,0.7512776831345827,0.7124394184168013,0.8133573179914227,126.11867647058824,direct classification
hgb_clf,3,0.375,0.9323467230443975,0.11898940505297473,0.7512776831345827,0.7124394184168013,0.8133573179914227,126.11867647058824,direct classification
hgb_clf,3,0.38,0.9323467230443975,0.1165444172779136,0.7551369863013698,0.7159090909090909,0.8158023057664838,125.47411764705882,direct classification
hgb_clf,3,0.385,0.9323467230443975,0.1165444172779136,0.7551369863013698,0.7159090909090909,0.8158023057664838,125.47411764705882,direct classification
hgb_clf,3,0.39,0.9323467230443975,0.11409942950285248,0.7590361445783133,0.7194127243066885,0.818247293541545,124.82955882352941,direct classification
hgb_clf,3,0.395,0.9323467230443975,0.1132844335778321,0.7603448275862069,0.7205882352941176,0.8190622894665653,124.61470588235294,direct classification
hgb_clf,3,0.4,0.9323467230443975,0.11165444172779136,0.7629757785467128,0.7229508196721312,0.8206922813166061,124.185,direct classification
hgb_clf,3,0.405,0.9323467230443975,0.11083944580277098,0.7642980935875217,0.7241379310344828,0.8215072772416265,123.97014705882353,direct classification
hgb_clf,3,0.41,0.9323467230443975,0.1100244498777506,0.765625,0.725328947368421,0.8223222731666469,123.75529411764705,direct classification
hgb_clf,3,0.415,0.9323467230443975,0.1100244498777506,0.765625,0.725328947368421,0.8223222731666469,123.75529411764705,direct classification
hgb_clf,3,0.42,0.9302325581395349,0.1100244498777506,0.7652173913043478,0.7236842105263158,0.8202081082617843,123.5404411764706,direct classification
hgb_clf,3,0.425,0.9302325581395349,0.1100244498777506,0.7652173913043478,0.7236842105263158,0.8202081082617843,123.5404411764706,direct classification
hgb_clf,3,0.43,0.9302325581395349,0.10676446617766912,0.7705779334500875,0.7284768211920529,0.8234680919618658,122.68102941176471,direct classification
hgb_clf,3,0.435,0.9302325581395349,0.10676446617766912,0.7705779334500875,0.7284768211920529,0.8234680919618658,122.68102941176471,direct classification
hgb_clf,3,0.44,0.9302325581395349,0.10513447432762836,0.773286467486819,0.7308970099667774,0.8250980838119065,122.25132352941176,direct classification
hgb_clf,3,0.445,0.9302325581395349,0.10513447432762836,0.773286467486819,0.7308970099667774,0.8250980838119065,122.25132352941176,direct classification
hgb_clf,3,0.45,0.9302325581395349,0.10513447432762836,0.773286467486819,0.7308970099667774,0.8250980838119065,122.25132352941176,direct classification
hgb_clf,3,0.455,0.9281183932346723,0.10513447432762836,0.772887323943662,0.729235880398671,0.8229839189070439,122.03647058823529,direct classification
hgb_clf,3,0.46,0.9281183932346723,0.10431947840260798,0.7742504409171076,0.7304492512479202,0.8237989148320642,121.82161764705883,direct classification
hgb_clf,3,0.465,0.9238900634249472,0.10350448247758762,0.774822695035461,0.7283333333333334,0.8203855809473596,121.1770588235294,direct classification
hgb_clf,3,0.47,0.919661733615222,0.10268948655256724,0.7754010695187166,0.7262103505843072,0.8169722470626547,120.5325,direct classification
hgb_clf,3,0.475,0.919661733615222,0.10187449062754686,0.7767857142857143,0.7274247491638796,0.8177872429876751,120.31764705882352,direct classification
hgb_clf,3,0.48,0.9175475687103594,0.10187449062754686,0.776386404293381,0.725752508361204,0.8156730780828125,120.10279411764706,direct classification
hgb_clf,3,0.485,0.9175475687103594,0.10187449062754686,0.776386404293381,0.725752508361204,0.8156730780828125,120.10279411764706,direct classification
hgb_clf,3,0.49,0.9133192389006343,0.10187449062754686,0.7755834829443446,0.7224080267558528,0.8114447482730874,119.67308823529412,direct classification
hgb_clf,3,0.495,0.9133192389006343,0.10187449062754686,0.7755834829443446,0.7224080267558528,0.8114447482730874,119.67308823529412,direct classification
hgb_clf,3,0.5,0.9133192389006343,0.10187449062754686,0.7755834829443446,0.7224080267558528,0.8114447482730874,119.67308823529412,direct classification
hgb_clf,3,0.505,0.9112050739957717,0.10187449062754686,0.7751798561151079,0.7207357859531772,0.8093305833682248,119.45823529411764,direct classification
hgb_clf,3,0.51,0.9112050739957717,0.10105949470252648,0.7765765765765765,0.7219430485762144,0.8101455792932452,119.24338235294118,direct classification
hgb_clf,3,0.515,0.9112050739957717,0.10105949470252648,0.7765765765765765,0.7219430485762144,0.8101455792932452,119.24338235294118,direct classification
hgb_clf,3,0.52,0.9090909090909091,0.10105949470252648,0.776173285198556,0.7202680067001676,0.8080314143883826,119.02852941176471,direct classification
hgb_clf,3,0.525,0.9090909090909091,0.10024449877750612,0.7775768535262206,0.7214765100671141,0.808846410313403,118.81367647058823,direct classification
hgb_clf,3,0.53,0.9090909090909091,0.10024449877750612,0.7775768535262206,0.7214765100671141,0.808846410313403,118.81367647058823,direct classification
hgb_clf,3,0.535,0.9090909090909091,0.09942950285248574,0.7789855072463768,0.7226890756302521,0.8096614062384233,118.59882352941176,direct classification
hgb_clf,3,0.54,0.904862579281184,0.09942950285248574,0.7781818181818182,0.719327731092437,0.8054330764286982,118.16911764705883,direct classification
hgb_clf,3,0.545,0.9027484143763214,0.09861450692746536,0.7791970802919708,0.7188552188552189,0.804133907448856,117.73941176470588,direct classification
hgb_clf,3,0.55,0.9006342494714588,0.09861450692746536,0.7787934186471663,0.7171717171717171,0.8020197425439934,117.52455882352942,direct classification
hgb_clf,3,0.555,0.9006342494714588,0.09861450692746536,0.7787934186471663,0.7171717171717171,0.8020197425439934,117.52455882352942,direct classification
hgb_clf,3,0.56,0.9006342494714588,0.09698451507742462,0.781651376146789,0.7195945945945946,0.8036497343940341,117.09485294117647,direct classification
hgb_clf,3,0.565,0.8985200845665962,0.09698451507742462,0.78125,0.7179054054054054,0.8015355694891715,116.88,direct classification
hgb_clf,3,0.57,0.8942917547568711,0.09535452322738386,0.7833333333333333,0.7169491525423729,0.7989372315294871,116.02058823529411,direct classification
hgb_clf,3,0.575,0.8942917547568711,0.09535452322738386,0.7833333333333333,0.7169491525423729,0.7989372315294871,116.02058823529411,direct classification
hgb_clf,3,0.58,0.8942917547568711,0.0945395273023635,0.7847866419294991,0.7181663837011885,0.7997522274545076,115.80573529411765,direct classification
hgb_clf,3,0.585,0.8900634249471459,0.09372453137734311,0.7854477611940298,0.7159863945578231,0.7963388935698027,115.16117647058823,direct classification
hgb_clf,3,0.59,0.8900634249471459,0.09209453952730236,0.7883895131086143,0.7184300341296929,0.7979688854198435,114.7314705882353,direct classification
hgb_clf,3,0.595,0.8900634249471459,0.08883455582722087,0.7943396226415095,0.7233676975945017,0.801228869119925,113.87205882352941,direct classification
hgb_clf,3,0.6,0.8879492600422833,0.08801955990220049,0.7954545454545454,0.7228915662650602,0.7999297001400828,113.44235294117647,direct classification
hgb_clf,3,0.605,0.8879492600422833,0.08720456397718011,0.7969639468690702,0.7241379310344828,0.8007446960651031,113.2275,direct classification
hgb_clf,3,0.61,0.8858350951374208,0.08720456397718011,0.7965779467680608,0.7224137931034482,0.7986305311602406,113.01264705882353,direct classification
hgb_clf,3,0.615,0.8858350951374208,0.08557457212713937,0.799618320610687,0.7249134948096886,0.8002605230102814,112.58294117647058,direct classification
hgb_clf,3,0.62,0.8858350951374208,0.08557457212713937,0.799618320610687,0.7249134948096886,0.8002605230102814,112.58294117647058,direct classification
hgb_clf,3,0.625,0.8858350951374208,0.08557457212713937,0.799618320610687,0.7249134948096886,0.8002605230102814,112.58294117647058,direct classification
hgb_clf,3,0.63,0.8858350951374208,0.08557457212713937,0.799618320610687,0.7249134948096886,0.8002605230102814,112.58294117647058,direct classification
hgb_clf,3,0.635,0.8858350951374208,0.08394458027709861,0.8026819923371648,0.7274305555555556,0.8018905148603221,112.15323529411765,direct classification
hgb_clf,3,0.64,0.8858350951374208,0.08312958435207823,0.8042226487523992,0.7286956521739131,0.8027055107853425,111.93838235294118,direct classification
hgb_clf,3,0.645,0.8858350951374208,0.08231458842705787,0.8057692307692308,0.7299651567944251,0.8035205067103629,111.7235294117647,direct classification
hgb_clf,3,0.65,0.8837209302325582,0.08149959250203749,0.806949806949807,0.7294938917975567,0.8022213377305206,111.29382352941177,direct classification
hgb_clf,3,0.655,0.8837209302325582,0.08149959250203749,0.806949806949807,0.7294938917975567,0.8022213377305206,111.29382352941177,direct classification
hgb_clf,3,0.66,0.8816067653276956,0.07986960065199673,0.8097087378640777,0.7302977232924693,0.8017371646756988,110.64926470588236,direct classification
hgb_clf,3,0.665,0.8773784355179705,0.07986960065199673,0.8089668615984406,0.7267950963222417,0.7975088348659737,110.21955882352941,direct classification
hgb_clf,3,0.67,0.8710359408033826,0.07905460472697637,0.8094302554027505,0.7228070175438597,0.7919813360764063,109.36014705882353,direct classification
hgb_clf,3,0.675,0.86892177589852,0.07905460472697637,0.8090551181102362,0.7210526315789474,0.7898671711715437,109.14529411764705,direct classification
hgb_clf,3,0.68,0.86892177589852,0.07823960880195599,0.8106508875739645,0.7223198594024605,0.790682167096564,108.9304411764706,direct classification
hgb_clf,3,0.685,0.86892177589852,0.07742461287693561,0.8122529644268774,0.7235915492957746,0.7914971630215845,108.71558823529412,direct classification
hgb_clf,3,0.69,0.864693446088795,0.07742461287693561,0.8115079365079365,0.7200704225352113,0.7872688332118594,108.28588235294117,direct classification
hgb_clf,3,0.695,0.8625792811839323,0.07742461287693561,0.8111332007952287,0.7183098591549296,0.7851546683069968,108.07102941176471,direct classification
hgb_clf,3,0.7,0.8604651162790697,0.07742461287693561,0.8107569721115537,0.7165492957746479,0.7830405034021342,107.85617647058824,direct classification
hgb_clf,3,0.705,0.8604651162790697,0.07742461287693561,0.8107569721115537,0.7165492957746479,0.7830405034021342,107.85617647058824,direct classification
hgb_clf,3,0.71,0.8562367864693446,0.07660961695191525,0.811623246492986,0.7142857142857143,0.7796271695174294,107.21161764705883,direct classification
hgb_clf,3,0.715,0.854122621564482,0.07579462102689487,0.8128772635814889,0.7137809187279152,0.7783280005375872,106.78191176470588,direct classification
hgb_clf,3,0.72,0.8477801268498943,0.07579462102689487,0.8117408906882592,0.7084805653710248,0.7719855058229995,106.13735294117647,direct classification
hgb_clf,3,0.725,0.8456659619450317,0.07579462102689487,0.8113590263691683,0.7067137809187279,0.7698713409181369,105.9225,direct classification
hgb_clf,3,0.73,0.8393234672304439,0.07579462102689487,0.810204081632653,0.7014134275618374,0.7635288462035491,105.27794117647059,direct classification
hgb_clf,3,0.735,0.8393234672304439,0.07579462102689487,0.810204081632653,0.7014134275618374,0.7635288462035491,105.27794117647059,direct classification
hgb_clf,3,0.74,0.8393234672304439,0.07497962510187449,0.8118609406952966,0.7026548672566372,0.7643438421285694,105.06308823529412,direct classification
hgb_clf,3,0.745,0.8350951374207188,0.07497962510187449,0.811088295687885,0.6991150442477876,0.7601155123188443,104.63338235294118,direct classification
hgb_clf,3,0.75,0.8308668076109936,0.07416462917685411,0.8119834710743802,0.6968085106382979,0.7567021784341396,103.98882352941176,direct classification
hgb_clf,3,0.755,0.828752642706131,0.07416462917685411,0.8115942028985508,0.6950354609929078,0.754588013529277,103.7739705882353,direct classification
hgb_clf,3,0.76,0.8266384778012685,0.07253463732681337,0.8145833333333333,0.6957295373665481,0.7541038404744551,103.12941176470588,direct classification
hgb_clf,3,0.765,0.8202959830866807,0.07090464547677261,0.8168421052631579,0.6928571428571428,0.7493913376099082,102.05514705882354,direct classification
hgb_clf,3,0.77,0.8181818181818182,0.07090464547677261,0.8164556962025317,0.6910714285714286,0.7472771727050456,101.84029411764706,direct classification
hgb_clf,3,0.775,0.813953488372093,0.07008964955175224,0.8174097664543525,0.6887298747763864,0.7438638388203408,101.19573529411765,direct classification
hgb_clf,3,0.78,0.813953488372093,0.06927465362673187,0.8191489361702128,0.6899641577060932,0.7446788347453611,100.98088235294118,direct classification
hgb_clf,3,0.785,0.8076109936575053,0.06927465362673187,0.8179871520342612,0.6845878136200717,0.7383363400307734,100.33632352941177,direct classification
hgb_clf,3,0.79,0.8054968287526427,0.06845965770171149,0.8193548387096774,0.6840215439856373,0.7370371710509313,99.90661764705882,direct classification
hgb_clf,3,0.795,0.8012684989429175,0.06682966585167074,0.8221258134490239,0.6828828828828829,0.7344388330912468,99.04720588235294,direct classification
hgb_clf,3,0.8,0.7949260042283298,0.06601466992665037,0.8227571115973742,0.6787003610108303,0.7289113343016794,98.18779411764706,direct classification
hgb_clf,3,0.805,0.7949260042283298,0.06438467807660962,0.8263736263736263,0.6811594202898551,0.7305413261517202,97.75808823529412,direct classification
hgb_clf,3,0.81,0.7906976744186046,0.06356968215158924,0.827433628318584,0.6787658802177858,0.7271279922670154,97.1135294117647,direct classification
hgb_clf,3,0.815,0.7801268498942917,0.06275468622656886,0.827354260089686,0.6709090909090909,0.7173721636677228,95.82441176470589,direct classification
hgb_clf,3,0.82,0.7780126849894292,0.06275468622656886,0.8269662921348314,0.6690909090909091,0.7152579987628603,95.60955882352941,direct classification
hgb_clf,3,0.825,0.7758985200845666,0.06030969845150774,0.8321995464852607,0.6709323583180987,0.7155888216330588,94.75014705882353,direct classification
hgb_clf,3,0.83,0.773784355179704,0.06030969845150774,0.8318181818181818,0.6691042047531993,0.7134746567281962,94.53529411764706,direct classification
hgb_clf,3,0.835,0.7716701902748414,0.05867970660146699,0.8352402745995423,0.6697247706422018,0.7129904836733744,93.89073529411765,direct classification
hgb_clf,3,0.84,0.7653276955602537,0.05623471882640587,0.839907192575406,0.6678966789667896,0.7090929767338479,92.60161764705883,direct classification
hgb_clf,3,0.845,0.758985200845666,0.05541972290138549,0.8407494145199064,0.6635859519408502,0.7035654779442805,91.74220588235293,direct classification
hgb_clf,3,0.85,0.7547568710359408,0.05460472697636512,0.8419811320754716,0.6611111111111111,0.7001521440595757,91.09764705882353,direct classification
hgb_clf,3,0.855,0.7399577167019028,0.05134474327628362,0.847457627118644,0.6529850746268657,0.6886129734256192,88.73426470588235,direct classification
hgb_clf,3,0.86,0.7293868921775899,0.0488997555012225,0.8518518518518519,0.6472795497185742,0.6804871366763674,87.01544117647059,direct classification
hgb_clf,3,0.865,0.7145877378435518,0.04808475957620212,0.8513853904282116,0.6353383458646616,0.6665029782673497,85.29661764705882,direct classification
hgb_clf,3,0.87,0.7040169133192389,0.04726976365118175,0.8516624040920716,0.6271186440677966,0.6567471496680571,84.0075,direct classification
hgb_clf,3,0.875,0.6913319238900634,0.04726976365118175,0.8493506493506493,0.615819209039548,0.6440621602388816,82.71838235294118,direct classification
hgb_clf,3,0.88,0.6849894291754757,0.045639771801140996,0.8526315789473684,0.6124763705103969,0.6393496573743347,81.64411764705882,direct classification
hgb_clf,3,0.885,0.6828752642706131,0.04319478402607987,0.8590425531914894,0.6140684410646388,0.6396804802445332,80.78470588235294,direct classification
hgb_clf,3,0.89,0.6680761099365751,0.04156479217603912,0.8610354223433242,0.6030534351145038,0.6265113177605359,78.8510294117647,direct classification
hgb_clf,3,0.895,0.6617336152219874,0.040749796251018745,0.8622589531680441,0.5984703632887189,0.6209838189709687,77.99161764705882,direct classification
hgb_clf,3,0.9,0.653276955602537,0.039119804400977995,0.865546218487395,0.5930902111324377,0.614157151201559,76.7025,direct classification
hgb_clf,3,0.905,0.6448202959830867,0.035859820700896494,0.8739255014326648,0.5899419729206963,0.6089604752821902,74.98367647058824,direct classification
hgb_clf,3,0.91,0.6215644820295984,0.030969845150774247,0.8855421686746988,0.5753424657534246,0.5905946368788241,71.33117647058823,direct classification
hgb_clf,3,0.915,0.5898520084566596,0.029339853300733496,0.8857142857142857,0.5481335952848723,0.5605121551559261,67.67867647058823,direct classification
hgb_clf,3,0.92,0.5581395348837209,0.027709861450692746,0.8859060402684564,0.5207100591715976,0.5304296734330282,64.02617647058824,direct classification
hgb_clf,3,0.925,0.5116279069767442,0.02444987775061125,0.8897058823529411,0.48111332007952284,0.48717802922613296,58.44,direct classification
hgb_clf,3,0.93,0.47568710359408034,0.022004889975550123,0.8928571428571429,0.45,0.45368221361853023,54.142941176470586,direct classification
hgb_clf,3,0.935,0.42283298097251587,0.019559902200488997,0.8928571428571429,0.4024144869215292,0.4032730787720269,48.12705882352941,direct classification
hgb_clf,3,0.94,0.38477801268498946,0.019559902200488997,0.883495145631068,0.36619718309859156,0.3652181104845005,44.25970588235294,direct classification
hgb_clf,3,0.945,0.34249471458773784,0.017929910350448247,0.8804347826086957,0.32727272727272727,0.3245648042372896,39.53294117647059,direct classification
hgb_clf,3,0.95,0.3086680761099366,0.017114914425427872,0.874251497005988,0.29554655870445345,0.2915531616845087,35.88044117647059,direct classification
hgb_clf,3,0.955,0.26849894291754756,0.013039934800325998,0.8881118881118881,0.25971370143149286,0.25545900811722155,30.723970588235293,direct classification
hgb_clf,3,0.96,0.21775898520084566,0.012224938875305624,0.8728813559322034,0.21106557377049182,0.20553404632554004,25.35264705882353,direct classification
hgb_clf,3,0.965,0.160676532769556,0.008149959250203748,0.8837209302325582,0.15734989648033126,0.15252657351935225,18.47735294117647,direct classification
hgb_clf,3,0.97,0.12050739957716702,0.004889975550122249,0.9047619047619048,0.11899791231732777,0.11561742402704478,13.535735294117647,direct classification
hgb_clf,3,0.975,0.080338266384778,0.0024449877750611247,0.926829268292683,0.07983193277310924,0.07789327860971688,8.808970588235294,direct classification
hgb_clf,3,0.98,0.05496828752642706,0.0008149959250203749,0.9629629629629629,0.05485232067510549,0.05415329160140669,5.801029411764706,direct classification
hgb_clf,3,0.985,0.02748414376321353,0.0008149959250203749,0.9285714285714286,0.027426160337552744,0.026669147838193154,3.007941176470588,direct classification
hgb_clf,3,0.99,0.0021141649048625794,0.0,1.0,0.0021141649048625794,0.0021141649048625794,0.21485294117647058,direct classification
hgb_clf,3,0.995,0.0,0.0,,0.0,0.0,0.0,direct classification
logistic,1,0.005,1.0,0.9627831715210357,0.2874251497005988,0.2874251497005988,0.03721682847896435,355.45891608391605,direct classification
logistic,1,0.01,1.0,0.8276699029126213,0.3193612774451098,0.3193612774451098,0.17233009708737868,319.9130244755244,direct classification
logistic,1,0.015,1.0,0.7071197411003236,0.35450516986706054,0.35450516986706054,0.2928802588996764,288.19842657342656,direct classification
logistic,1,0.02,1.0,0.6407766990291263,0.37735849056603776,0.37735849056603776,0.35922330097087374,270.7447552447552,direct classification
logistic,1,0.025,1.0,0.5898058252427184,0.3970223325062035,0.3970223325062035,0.4101941747572816,257.33522727272725,direct classification
logistic,1,0.03,1.0,0.5420711974110033,0.41739130434782606,0.41739130434782606,0.4579288025889967,244.7770979020979,direct classification
logistic,1,0.035,1.0,0.5016181229773463,0.43636363636363634,0.43636363636363634,0.4983818770226537,234.13461538461536,direct classification
logistic,1,0.04,1.0,0.46682847896440127,0.45411542100283825,0.45411542100283825,0.5331715210355987,224.9820804195804,direct classification
logistic,1,0.045,1.0,0.43284789644012944,0.4729064039408867,0.4729064039408867,0.5671521035598706,216.0423951048951,direct classification
logistic,1,0.05,0.9958333333333333,0.4085760517799353,0.4862665310274669,0.4852791878172589,0.5872572815533981,209.23120629370626,direct classification
logistic,1,0.055,0.9958333333333333,0.3826860841423948,0.5026288117770767,0.5015739769150053,0.6131472491909385,202.42001748251747,direct classification
logistic,1,0.06,0.99375,0.3616504854368932,0.5162337662337663,0.5145631067961165,0.6320995145631068,196.6730769230769,direct classification
logistic,1,0.065,0.99375,0.3414239482200647,0.5305895439377085,0.5288248337028825,0.6523260517799353,191.35183566433565,direct classification
logistic,1,0.07,0.99375,0.3300970873786408,0.5389830508474577,0.5371621621621622,0.6636529126213593,188.37194055944053,direct classification
logistic,1,0.075,0.99375,0.3187702265372168,0.547646383467279,0.545766590389016,0.6749797734627832,185.39204545454544,direct classification
logistic,1,0.08,0.99375,0.30016181229773464,0.5625,0.5605170387779084,0.6935881877022654,180.4965034965035,direct classification
logistic,1,0.085,0.9916666666666667,0.2872168284789644,0.5728038507821901,0.5700598802395209,0.7044498381877022,176.87805944055944,direct classification
logistic,1,0.09,0.9875,0.27346278317152106,0.583743842364532,0.5794621026894865,0.714037216828479,172.83391608391608,direct classification
logistic,1,0.095,0.9875,0.2580906148867314,0.5977301387137453,0.5932415519399249,0.7294093851132686,168.78977272727272,direct classification
logistic,1,0.1,0.9875,0.25,0.6053639846743295,0.6007604562737643,0.7375,166.6612762237762,direct classification
logistic,1,0.105,0.9875,0.24110032362459546,0.6139896373056994,0.609254498714653,0.7463996763754046,164.31993006993005,direct classification
logistic,1,0.11,0.9875,0.23381877022653721,0.6212319790301442,0.6163849154746424,0.7536812297734629,162.4042832167832,direct classification
logistic,1,0.115,0.9854166666666667,0.2273462783171521,0.6273209549071618,0.621550591327201,0.7580703883495146,160.48863636363635,direct classification
logistic,1,0.12,0.9854166666666667,0.220873786407767,0.6340482573726541,0.6281540504648074,0.7645428802588997,158.78583916083915,direct classification
logistic,1,0.125,0.9854166666666667,0.21440129449838188,0.6409214092140921,0.6348993288590604,0.7710153721682849,157.08304195804195,direct classification
logistic,1,0.13,0.9854166666666667,0.20631067961165048,0.6497252747252747,0.6435374149659864,0.7791059870550162,154.95454545454544,direct classification
logistic,1,0.135,0.9854166666666667,0.20307443365695793,0.6533149171270718,0.6470588235294118,0.7823422330097087,154.10314685314685,direct classification
logistic,1,0.14,0.9854166666666667,0.19498381877022652,0.6624649859943977,0.6560332871012483,0.7904328478964402,151.97465034965035,direct classification
logistic,1,0.145,0.9833333333333333,0.19093851132686085,0.6666666666666666,0.659217877094972,0.7923948220064725,150.69755244755243,direct classification
logistic,1,0.15,0.9833333333333333,0.18689320388349515,0.6714082503556188,0.6638537271448663,0.7964401294498381,149.6333041958042,direct classification
logistic,1,0.155,0.9833333333333333,0.17880258899676377,0.6810966810966811,0.6733238231098431,0.8045307443365695,147.50480769230768,direct classification
logistic,1,0.16,0.9833333333333333,0.1779935275080906,0.6820809248554913,0.6742857142857143,0.8053398058252427,147.29195804195803,direct classification
logistic,1,0.165,0.98125,0.17233009708737865,0.6885964912280702,0.6796536796536796,0.8089199029126213,145.58916083916083,direct classification
logistic,1,0.17,0.9791666666666666,0.1650485436893204,0.6973293768545994,0.6871345029239766,0.8141181229773462,143.46066433566432,direct classification
logistic,1,0.175,0.9791666666666666,0.16262135922330098,0.7004470938897168,0.6901615271659325,0.8165453074433656,142.8221153846154,direct classification
logistic,1,0.18,0.9791666666666666,0.1610032362459547,0.70254110612855,0.6921944035346097,0.8181634304207119,142.39641608391608,direct classification
logistic,1,0.185,0.9791666666666666,0.15857605177993528,0.7057057057057057,0.6952662721893491,0.8205906148867314,141.75786713286712,direct classification
logistic,1,0.19,0.9791666666666666,0.15372168284789645,0.7121212121212122,0.7014925373134329,0.8254449838187702,140.48076923076923,direct classification
logistic,1,0.195,0.9770833333333333,0.1464401294498382,0.7215384615384616,0.7095310136157338,0.8306432038834951,138.35227272727272,direct classification
logistic,1,0.2,0.9770833333333333,0.14563106796116504,0.7226502311248074,0.7106060606060606,0.8314522653721683,138.13942307692307,direct classification
logistic,1,0.205,0.9770833333333333,0.14401294498381878,0.7248840803709428,0.7127659574468085,0.8330703883495145,137.71372377622376,direct classification
logistic,1,0.21,0.9770833333333333,0.14158576051779936,0.7282608695652174,0.716030534351145,0.8354975728155339,137.07517482517483,direct classification
logistic,1,0.215,0.9770833333333333,0.14158576051779936,0.7282608695652174,0.716030534351145,0.8354975728155339,137.07517482517483,direct classification
logistic,1,0.22,0.9770833333333333,0.13996763754045308,0.7305295950155763,0.7182235834609495,0.8371156957928803,136.64947552447552,direct classification
logistic,1,0.225,0.9770833333333333,0.13915857605177995,0.7316692667706708,0.7193251533742331,0.8379247572815534,136.43662587412587,direct classification
logistic,1,0.23,0.9770833333333333,0.1383495145631068,0.7328125,0.7204301075268817,0.8387338187702265,136.2237762237762,direct classification
logistic,1,0.235,0.9770833333333333,0.13511326860841424,0.7374213836477987,0.7248840803709428,0.8419700647249191,135.3723776223776,direct classification
logistic,1,0.24,0.9770833333333333,0.13349514563106796,0.7397476340694006,0.7271317829457364,0.8435881877022653,134.94667832167832,direct classification
logistic,1,0.245,0.9770833333333333,0.13187702265372167,0.7420886075949367,0.7293934681181959,0.8452063106796116,134.520979020979,direct classification
logistic,1,0.25,0.9770833333333333,0.1302588996763754,0.7444444444444445,0.7316692667706708,0.8468244336569579,134.0952797202797,direct classification
logistic,1,0.255,0.9770833333333333,0.127831715210356,0.748006379585327,0.7351097178683386,0.8492516181229773,133.45673076923075,direct classification
logistic,1,0.26,0.975,0.12540453074433658,0.7512038523274478,0.7370078740157481,0.8495954692556634,132.60533216783216,direct classification
logistic,1,0.265,0.975,0.12378640776699029,0.7536231884057971,0.7393364928909952,0.8512135922330097,132.17963286713285,direct classification
logistic,1,0.27,0.975,0.12378640776699029,0.7536231884057971,0.7393364928909952,0.8512135922330097,132.17963286713285,direct classification
logistic,1,0.275,0.975,0.12216828478964402,0.7560581583198708,0.7416798732171157,0.852831715210356,131.75393356643355,direct classification
logistic,1,0.28,0.9729166666666667,0.12216828478964402,0.7556634304207119,0.7400950871632329,0.8507483818770226,131.54108391608392,direct classification
logistic,1,0.285,0.9708333333333333,0.12135922330097088,0.7564935064935064,0.7396825396825397,0.8494741100323624,131.1153846153846,direct classification
logistic,1,0.29,0.9708333333333333,0.11893203883495146,0.7601957585644372,0.7432216905901117,0.8519012944983819,130.47683566433565,direct classification
logistic,1,0.295,0.9708333333333333,0.11812297734627832,0.761437908496732,0.744408945686901,0.852710355987055,130.263986013986,direct classification
logistic,1,0.3,0.9708333333333333,0.11812297734627832,0.761437908496732,0.744408945686901,0.852710355987055,130.263986013986,direct classification
logistic,1,0.305,0.96875,0.11731391585760517,0.7622950819672131,0.744,0.8514360841423948,129.8382867132867,direct classification
logistic,1,0.31,0.96875,0.1156957928802589,0.7648026315789473,0.7463884430176565,0.8530542071197411,129.4125874125874,direct classification
logistic,1,0.315,0.96875,0.1156957928802589,0.7648026315789473,0.7463884430176565,0.8530542071197411,129.4125874125874,direct classification
logistic,1,0.32,0.9666666666666667,0.11407766990291263,0.7669421487603306,0.7471819645732689,0.8525889967637541,128.77403846153845,direct classification
logistic,1,0.325,0.9666666666666667,0.11326860841423948,0.7682119205298014,0.7483870967741936,0.8533980582524272,128.5611888111888,direct classification
logistic,1,0.33,0.9666666666666667,0.11165048543689321,0.770764119601329,0.7508090614886731,0.8550161812297734,128.1354895104895,direct classification
logistic,1,0.335,0.9666666666666667,0.11165048543689321,0.770764119601329,0.7508090614886731,0.8550161812297734,128.1354895104895,direct classification
logistic,1,0.34,0.9645833333333333,0.11165048543689321,0.7703826955074875,0.7491909385113269,0.8529328478964402,127.92263986013985,direct classification
logistic,1,0.345,0.9625,0.11084142394822007,0.7712854757929883,0.7487844408427877,0.85165857605178,127.49694055944055,direct classification
logistic,1,0.35,0.9625,0.11084142394822007,0.7712854757929883,0.7487844408427877,0.85165857605178,127.49694055944055,direct classification
logistic,1,0.355,0.9625,0.11084142394822007,0.7712854757929883,0.7487844408427877,0.85165857605178,127.49694055944055,direct classification
logistic,1,0.36,0.9604166666666667,0.11084142394822007,0.7709030100334449,0.747163695299838,0.8495752427184466,127.2840909090909,direct classification
logistic,1,0.365,0.9604166666666667,0.11003236245954692,0.7721943048576214,0.7483766233766234,0.8503843042071197,127.07124125874125,direct classification
logistic,1,0.37,0.9583333333333334,0.10922330097087378,0.773109243697479,0.7479674796747967,0.8491100323624596,126.64554195804195,direct classification
logistic,1,0.375,0.9583333333333334,0.10841423948220065,0.7744107744107744,0.749185667752443,0.8499190938511327,126.43269230769229,direct classification
logistic,1,0.38,0.95625,0.10598705501618123,0.7779661016949152,0.7512274959083469,0.8502629449838188,125.58129370629369,direct classification
logistic,1,0.385,0.95625,0.10436893203883495,0.7806122448979592,0.7536945812807881,0.8518810679611651,125.1555944055944,direct classification
logistic,1,0.39,0.95625,0.10436893203883495,0.7806122448979592,0.7536945812807881,0.8518810679611651,125.1555944055944,direct classification
logistic,1,0.395,0.95625,0.10436893203883495,0.7806122448979592,0.7536945812807881,0.8518810679611651,125.1555944055944,direct classification
logistic,1,0.4,0.9541666666666667,0.10355987055016182,0.7815699658703071,0.7532894736842105,0.8506067961165049,124.72989510489509,direct classification
logistic,1,0.405,0.9541666666666667,0.10194174757281553,0.7842465753424658,0.7557755775577558,0.8522249190938512,124.3041958041958,direct classification
logistic,1,0.41,0.9541666666666667,0.1011326860841424,0.7855917667238422,0.7570247933884298,0.8530339805825243,124.09134615384615,direct classification
logistic,1,0.415,0.95,0.1011326860841424,0.7848537005163512,0.7537190082644628,0.8488673139158576,123.66564685314684,direct classification
logistic,1,0.42,0.95,0.10032362459546926,0.7862068965517242,0.7549668874172185,0.8496763754045307,123.4527972027972,direct classification
logistic,1,0.425,0.95,0.09951456310679611,0.7875647668393783,0.7562189054726368,0.8504854368932039,123.23994755244755,direct classification
logistic,1,0.43,0.95,0.09951456310679611,0.7875647668393783,0.7562189054726368,0.8504854368932039,123.23994755244755,direct classification
logistic,1,0.435,0.9479166666666666,0.09951456310679611,0.78719723183391,0.7545605306799337,0.8484021035598706,123.02709790209789,direct classification
logistic,1,0.44,0.9479166666666666,0.09951456310679611,0.78719723183391,0.7545605306799337,0.8484021035598706,123.02709790209789,direct classification
logistic,1,0.445,0.9458333333333333,0.0970873786407767,0.7909407665505227,0.7566666666666667,0.8487459546925566,122.17569930069929,direct classification
logistic,1,0.45,0.94375,0.09627831715210355,0.791958041958042,0.7562604340567612,0.8474716828478964,121.74999999999999,direct classification
logistic,1,0.455,0.9416666666666667,0.09627831715210355,0.7915936952714536,0.7545909849749582,0.8453883495145631,121.53715034965035,direct classification
logistic,1,0.46,0.9416666666666667,0.09627831715210355,0.7915936952714536,0.7545909849749582,0.8453883495145631,121.53715034965035,direct classification
logistic,1,0.465,0.9416666666666667,0.09627831715210355,0.7915936952714536,0.7545909849749582,0.8453883495145631,121.53715034965035,direct classification
logistic,1,0.47,0.9416666666666667,0.09627831715210355,0.7915936952714536,0.7545909849749582,0.8453883495145631,121.53715034965035,direct classification
logistic,1,0.475,0.9395833333333333,0.09546925566343042,0.7926186291739895,0.754180602006689,0.8441140776699029,121.11145104895104,direct classification
logistic,1,0.48,0.9395833333333333,0.09546925566343042,0.7926186291739895,0.754180602006689,0.8441140776699029,121.11145104895104,direct classification
logistic,1,0.485,0.9395833333333333,0.09466019417475728,0.7940140845070423,0.7554438860971524,0.8449231391585761,120.89860139860139,direct classification
logistic,1,0.49,0.9395833333333333,0.09304207119741101,0.7968197879858657,0.7579831932773109,0.8465412621359223,120.4729020979021,direct classification
logistic,1,0.495,0.9395833333333333,0.08980582524271845,0.802491103202847,0.7631133671742809,0.8497775080906149,119.6215034965035,direct classification
logistic,1,0.5,0.9395833333333333,0.08818770226537216,0.8053571428571429,0.765704584040747,0.8513956310679611,119.19580419580419,direct classification
logistic,1,0.505,0.9395833333333333,0.08656957928802589,0.8082437275985663,0.768313458262351,0.8530137540453074,118.7701048951049,direct classification
logistic,1,0.51,0.9395833333333333,0.08576051779935275,0.8096947935368043,0.7696245733788396,0.8538228155339805,118.55725524475524,direct classification
logistic,1,0.515,0.9395833333333333,0.08495145631067962,0.8111510791366906,0.770940170940171,0.8546318770226538,118.34440559440559,direct classification
logistic,1,0.52,0.9395833333333333,0.08495145631067962,0.8111510791366906,0.770940170940171,0.8546318770226538,118.34440559440559,direct classification
logistic,1,0.525,0.9354166666666667,0.0825242718446602,0.8148820326678766,0.7714776632302406,0.8528923948220065,117.28015734265733,direct classification
logistic,1,0.53,0.9354166666666667,0.08171521035598706,0.8163636363636364,0.7728055077452668,0.8537014563106796,117.06730769230768,direct classification
logistic,1,0.535,0.9354166666666667,0.08171521035598706,0.8163636363636364,0.7728055077452668,0.8537014563106796,117.06730769230768,direct classification
logistic,1,0.54,0.93125,0.08090614886731391,0.8171846435100548,0.7706896551724138,0.8503438511326861,116.42875874125873,direct classification
logistic,1,0.545,0.9291666666666667,0.08009708737864078,0.818348623853211,0.770293609671848,0.849069579288026,116.00305944055943,direct classification
logistic,1,0.55,0.9291666666666667,0.0784789644012945,0.8213627992633518,0.7729636048526863,0.8506877022653722,115.57736013986013,direct classification
logistic,1,0.555,0.9270833333333334,0.07766990291262135,0.822550831792976,0.7725694444444444,0.849413430420712,115.15166083916083,direct classification
logistic,1,0.56,0.9270833333333334,0.07766990291262135,0.822550831792976,0.7725694444444444,0.849413430420712,115.15166083916083,direct classification
logistic,1,0.565,0.925,0.07766990291262135,0.8222222222222222,0.7708333333333334,0.8473300970873787,114.93881118881119,direct classification
logistic,1,0.57,0.9208333333333333,0.07686084142394822,0.8230912476722533,0.768695652173913,0.8439724919093851,114.30026223776223,direct classification
logistic,1,0.575,0.9208333333333333,0.07686084142394822,0.8230912476722533,0.768695652173913,0.8439724919093851,114.30026223776223,direct classification
logistic,1,0.58,0.9166666666666666,0.07686084142394822,0.822429906542056,0.7652173913043478,0.8398058252427184,113.87456293706293,direct classification
logistic,1,0.585,0.9166666666666666,0.07524271844660194,0.8255159474671669,0.7678883071553229,0.8414239482200647,113.44886363636363,direct classification
logistic,1,0.59,0.9166666666666666,0.07524271844660194,0.8255159474671669,0.7678883071553229,0.8414239482200647,113.44886363636363,direct classification
logistic,1,0.595,0.9125,0.0744336569579288,0.8264150943396227,0.7657342657342657,0.8380663430420712,112.81031468531468,direct classification
logistic,1,0.6,0.9125,0.07119741100323625,0.8326996197718631,0.7711267605633803,0.8413025889967637,111.95891608391608,direct classification
logistic,1,0.605,0.9125,0.07119741100323625,0.8326996197718631,0.7711267605633803,0.8413025889967637,111.95891608391608,direct classification
logistic,1,0.61,0.9104166666666667,0.07119741100323625,0.8323809523809523,0.7693661971830986,0.8392192556634304,111.74606643356643,direct classification
logistic,1,0.615,0.9083333333333333,0.0703883495145631,0.8336520076481836,0.7689594356261023,0.8379449838187703,111.32036713286712,direct classification
logistic,1,0.62,0.9083333333333333,0.06957928802588997,0.8352490421455939,0.7703180212014135,0.8387540453074434,111.10751748251748,direct classification
logistic,1,0.625,0.90625,0.06796116504854369,0.838150289017341,0.7712765957446809,0.8382888349514563,110.46896853146852,direct classification
logistic,1,0.63,0.90625,0.06796116504854369,0.838150289017341,0.7712765957446809,0.8382888349514563,110.46896853146852,direct classification
logistic,1,0.635,0.90625,0.06634304207119741,0.8413926499032882,0.7740213523131673,0.8399069579288025,110.04326923076923,direct classification
logistic,1,0.64,0.90625,0.06634304207119741,0.8413926499032882,0.7740213523131673,0.8399069579288025,110.04326923076923,direct classification
logistic,1,0.645,0.9041666666666667,0.06634304207119741,0.8410852713178295,0.7722419928825622,0.8378236245954692,109.83041958041957,direct classification
logistic,1,0.65,0.9,0.063915857605178,0.8454011741682974,0.7728085867620751,0.836084142394822,108.76617132867132,direct classification
logistic,1,0.655,0.8979166666666667,0.063915857605178,0.8450980392156863,0.7710196779964222,0.8340008090614887,108.55332167832167,direct classification
logistic,1,0.66,0.8979166666666667,0.06310679611650485,0.8467583497053045,0.7724014336917563,0.8348098705501619,108.34047202797203,direct classification
logistic,1,0.665,0.89375,0.06229773462783172,0.8478260869565217,0.770197486535009,0.8314522653721683,107.70192307692307,direct classification
logistic,1,0.67,0.8895833333333333,0.061488673139158574,0.8489065606361829,0.7679856115107914,0.8280946601941747,107.06337412587412,direct classification
logistic,1,0.675,0.8895833333333333,0.06067961165048544,0.850597609561753,0.7693693693693694,0.8289037216828479,106.85052447552447,direct classification
logistic,1,0.68,0.8854166666666666,0.059870550161812294,0.8517034068136272,0.7671480144404332,0.8255461165048543,106.21197552447552,direct classification
logistic,1,0.685,0.8833333333333333,0.059870550161812294,0.8514056224899599,0.7653429602888087,0.823462783171521,105.99912587412587,direct classification
logistic,1,0.69,0.8833333333333333,0.059870550161812294,0.8514056224899599,0.7653429602888087,0.823462783171521,105.99912587412587,direct classification
logistic,1,0.695,0.88125,0.05906148867313916,0.8528225806451613,0.7649186256781193,0.8221885113268608,105.57342657342656,direct classification
logistic,1,0.7,0.875,0.05825242718446602,0.8536585365853658,0.7608695652173914,0.816747572815534,104.72202797202796,direct classification
logistic,1,0.705,0.875,0.05825242718446602,0.8536585365853658,0.7608695652173914,0.816747572815534,104.72202797202796,direct classification
logistic,1,0.71,0.875,0.05663430420711974,0.8571428571428571,0.7636363636363637,0.8183656957928802,104.29632867132867,direct classification
logistic,1,0.715,0.8708333333333333,0.05501618122977346,0.8600823045267489,0.7627737226277372,0.8158171521035599,103.44493006993007,direct classification
logistic,1,0.72,0.8666666666666667,0.052588996763754045,0.8648648648648649,0.763302752293578,0.8140776699029126,102.38068181818181,direct classification
logistic,1,0.725,0.8666666666666667,0.052588996763754045,0.8648648648648649,0.763302752293578,0.8140776699029126,102.38068181818181,direct classification
logistic,1,0.73,0.8666666666666667,0.05016181229773463,0.8702928870292888,0.7675276752767528,0.816504854368932,101.74213286713285,direct classification
logistic,1,0.735,0.8645833333333334,0.05016181229773463,0.870020964360587,0.7656826568265682,0.8144215210355987,101.52928321678321,direct classification
logistic,1,0.74,0.8645833333333334,0.04773462783171521,0.8755274261603375,0.7699443413729128,0.8168487055016181,100.89073426573425,direct classification
logistic,1,0.745,0.8583333333333333,0.04692556634304207,0.8765957446808511,0.7657992565055762,0.8114077669902913,100.03933566433565,direct classification
logistic,1,0.75,0.8541666666666666,0.045307443365695796,0.8798283261802575,0.7649253731343284,0.8088592233009708,99.18793706293705,direct classification
logistic,1,0.755,0.8541666666666666,0.045307443365695796,0.8798283261802575,0.7649253731343284,0.8088592233009708,99.18793706293705,direct classification
logistic,1,0.76,0.8541666666666666,0.045307443365695796,0.8798283261802575,0.7649253731343284,0.8088592233009708,99.18793706293705,direct classification
logistic,1,0.765,0.8479166666666667,0.045307443365695796,0.8790496760259179,0.7593283582089553,0.8026092233009708,98.5493881118881,direct classification
logistic,1,0.77,0.8479166666666667,0.045307443365695796,0.8790496760259179,0.7593283582089553,0.8026092233009708,98.5493881118881,direct classification
logistic,1,0.775,0.8479166666666667,0.04449838187702265,0.8809523809523809,0.7607476635514019,0.803418284789644,98.33653846153845,direct classification
logistic,1,0.78,0.8458333333333333,0.043689320388349516,0.8826086956521739,0.7602996254681648,0.8021440129449838,97.91083916083916,direct classification
logistic,1,0.785,0.8416666666666667,0.043689320388349516,0.8820960698689956,0.7565543071161048,0.7979773462783172,97.48513986013985,direct classification
logistic,1,0.79,0.8375,0.04288025889967637,0.8835164835164835,0.7542213883677298,0.7946197411003236,96.8465909090909,direct classification
logistic,1,0.795,0.83125,0.042071197411003236,0.88470066518847,0.75,0.7891788025889968,95.9951923076923,direct classification
logistic,1,0.8,0.8270833333333333,0.042071197411003236,0.8841870824053452,0.7462406015037594,0.7850121359223301,95.569493006993,direct classification
logistic,1,0.805,0.8229166666666666,0.0412621359223301,0.8856502242152466,0.743879472693032,0.7816545307443366,94.93094405594405,direct classification
logistic,1,0.81,0.8166666666666667,0.040453074433656956,0.8868778280542986,0.7396226415094339,0.7762135922330097,94.07954545454545,direct classification
logistic,1,0.815,0.8104166666666667,0.038834951456310676,0.8901601830663616,0.7367424242424242,0.771581715210356,93.0152972027972,direct classification
logistic,1,0.82,0.8020833333333334,0.0372168284789644,0.8932714617169374,0.7319391634980988,0.764866504854369,91.73819930069929,direct classification
logistic,1,0.825,0.8020833333333334,0.03478964401294499,0.8995327102803738,0.7361376673040153,0.7672936893203883,91.09965034965035,direct classification
logistic,1,0.83,0.7979166666666667,0.03398058252427184,0.9011764705882352,0.7337164750957854,0.7639360841423949,90.46110139860139,direct classification
logistic,1,0.835,0.7979166666666667,0.03317152103559871,0.9033018867924528,0.7351247600767754,0.764745145631068,90.24825174825175,direct classification
logistic,1,0.84,0.79375,0.032362459546925564,0.9049881235154394,0.7326923076923076,0.7613875404530744,89.60970279720279,direct classification
logistic,1,0.845,0.7895833333333333,0.032362459546925564,0.9045346062052506,0.7288461538461538,0.7572208737864078,89.1840034965035,direct classification
logistic,1,0.85,0.7854166666666667,0.032362459546925564,0.9040767386091128,0.725,0.7530542071197411,88.75830419580419,direct classification
logistic,1,0.855,0.7791666666666667,0.03155339805825243,0.9055690072639225,0.720616570327553,0.7476132686084143,87.90690559440559,direct classification
logistic,1,0.86,0.775,0.03155339805825243,0.9051094890510949,0.7167630057803468,0.7434466019417476,87.4812062937063,direct classification
logistic,1,0.865,0.76875,0.029935275080906147,0.9088669950738916,0.7137330754352031,0.738814724919094,86.41695804195804,direct classification
logistic,1,0.87,0.7583333333333333,0.02912621359223301,0.91,0.7054263565891473,0.7292071197411003,85.13986013986013,direct classification
logistic,1,0.875,0.74375,0.02669902912621359,0.9153846153846154,0.695906432748538,0.7170509708737864,83.01136363636363,direct classification
logistic,1,0.88,0.73125,0.025889967637540454,0.9164490861618799,0.685546875,0.7053600323624595,81.52141608391608,direct classification
logistic,1,0.885,0.7208333333333333,0.022653721682847898,0.9251336898395722,0.6811023622047244,0.6981796116504855,79.60576923076923,direct classification
logistic,1,0.89,0.7145833333333333,0.021844660194174758,0.927027027027027,0.6765285996055227,0.6927386731391586,78.75437062937063,direct classification
logistic,1,0.895,0.7020833333333333,0.021035598705501618,0.928374655647383,0.66600790513834,0.6810477346278316,77.26442307692307,direct classification
logistic,1,0.9,0.6958333333333333,0.019417475728155338,0.9329608938547486,0.6626984126984127,0.676415857605178,76.20017482517481,direct classification
logistic,1,0.905,0.6895833333333333,0.015372168284789644,0.9457142857142857,0.6633266533066132,0.6742111650485437,74.49737762237761,direct classification
logistic,1,0.91,0.6791666666666667,0.015372168284789644,0.9449275362318841,0.6533066132264529,0.6637944983818771,73.43312937062936,direct classification
logistic,1,0.915,0.6583333333333333,0.015372168284789644,0.9432835820895522,0.6332665330661322,0.6429611650485437,71.30463286713287,direct classification
logistic,1,0.92,0.6479166666666667,0.014563106796116505,0.9452887537993921,0.6244979919678715,0.6333535598705502,70.02753496503496,direct classification
logistic,1,0.925,0.6354166666666666,0.012135922330097087,0.953125,0.6161616161616161,0.6232807443365695,68.1118881118881,direct classification
logistic,1,0.93,0.60625,0.010517799352750809,0.9572368421052632,0.59026369168357,0.5957322006472492,64.7062937062937,direct classification
logistic,1,0.935,0.5916666666666667,0.00889967637540453,0.9627118644067797,0.5784114052953157,0.5827669902912621,62.790646853146846,direct classification
logistic,1,0.94,0.5708333333333333,0.008090614886731391,0.9647887323943662,0.5591836734693878,0.562742718446602,60.44930069930069,direct classification
logistic,1,0.945,0.55,0.008090614886731391,0.9635036496350365,0.5387755102040817,0.5419093851132687,58.32080419580419,direct classification
logistic,1,0.95,0.51875,0.0056634304207119745,0.97265625,0.5112936344969199,0.5130865695792881,54.48951048951049,direct classification
logistic,1,0.955,0.4979166666666667,0.0040453074433656954,0.9795081967213115,0.4927835051546392,0.493871359223301,51.93531468531468,direct classification
logistic,1,0.96,0.47708333333333336,0.0040453074433656954,0.9786324786324786,0.47216494845360824,0.4730380258899677,49.80681818181818,direct classification
logistic,1,0.965,0.43125,0.0040453074433656954,0.9764150943396226,0.4268041237113402,0.42720469255663435,45.12412587412587,direct classification
logistic,1,0.97,0.4,0.0040453074433656954,0.9746192893401016,0.3958762886597938,0.39595469255663435,41.93138111888111,direct classification
logistic,1,0.975,0.35833333333333334,0.0040453074433656954,0.9717514124293786,0.354639175257732,0.35428802588996766,37.674388111888106,direct classification
logistic,1,0.98,0.30833333333333335,0.0040453074433656954,0.9673202614379085,0.30515463917525776,0.3042880258899677,32.5659965034965,direct classification
logistic,1,0.985,0.2604166666666667,0.003236245954692557,0.9689922480620154,0.25826446280991733,0.2571804207119741,27.457604895104893,direct classification
logistic,1,0.99,0.20625,0.0024271844660194173,0.9705882352941176,0.20496894409937888,0.20382281553398057,21.710664335664333,direct classification
logistic,1,0.995,0.11041666666666666,0.0008090614886731392,0.9814814814814815,0.1101871101871102,0.10960760517799352,11.493881118881118,direct classification
logistic,2,0.005,1.0,0.8834154351395731,0.3040103492884864,0.3040103492884864,0.1165845648604269,334.52399289099526,direct classification
logistic,2,0.01,1.0,0.8333333333333334,0.3164983164983165,0.3164983164983165,0.16666666666666663,321.3247926540284,direct classification
logistic,2,0.015,1.0,0.7635467980295566,0.3357142857142857,0.3357142857142857,0.2364532019704434,302.9324644549763,direct classification
logistic,2,0.02,1.0,0.7068965517241379,0.35311795642374155,0.35311795642374155,0.2931034482758621,288.00222156398104,direct classification
logistic,2,0.025,1.0,0.6371100164203612,0.37720706260032105,0.37720706260032105,0.36288998357963875,269.6098933649289,direct classification
logistic,2,0.03,1.0,0.5779967159277504,0.40034071550255534,0.40034071550255534,0.42200328407224963,254.03050947867297,direct classification
logistic,2,0.035,0.997872340425532,0.5467980295566502,0.413215859030837,0.4128521126760563,0.4510743108688817,245.59167654028434,direct classification
logistic,2,0.04,0.997872340425532,0.5164203612479474,0.42714025500910746,0.4267515923566879,0.48145197917758453,237.58560426540282,direct classification
logistic,2,0.045,0.997872340425532,0.48686371100164205,0.4416195856873823,0.4412041392285983,0.5110086294238899,229.79591232227486,direct classification
logistic,2,0.05,0.9957446808510638,0.4605911330049261,0.45481049562682213,0.4539282250242483,0.5351535478461378,222.65536137440756,direct classification
logistic,2,0.055,0.9957446808510638,0.43349753694581283,0.46987951807228917,0.46893787575150303,0.562247143905251,215.51481042654027,direct classification
logistic,2,0.06,0.9957446808510638,0.41133004926108374,0.48297213622291024,0.4819773429454171,0.5844146315899801,209.6725414691943,direct classification
logistic,2,0.065,0.9957446808510638,0.3850574712643678,0.4994663820704376,0.4984025559105431,0.610687209586696,202.74837085308056,direct classification
logistic,2,0.07,0.9957446808510638,0.35960591133004927,0.5165562913907285,0.5154185022026432,0.6361387695210146,196.04058056872037,direct classification
logistic,2,0.075,0.9936170212765958,0.3399014778325123,0.5300794551645857,0.5282805429864253,0.6537155434440836,190.6310722748815,direct classification
logistic,2,0.08,0.9914893617021276,0.32019704433497537,0.544392523364486,0.541860465116279,0.6712923173671523,185.22156398104264,direct classification
logistic,2,0.085,0.9914893617021276,0.3070607553366174,0.5547619047619048,0.5521327014218009,0.6844286063655103,181.75947867298578,direct classification
logistic,2,0.09,0.9914893617021276,0.2955665024630542,0.5641646489104116,0.5614457831325301,0.6959228592390734,178.730154028436,direct classification
logistic,2,0.095,0.9914893617021276,0.2824302134646962,0.5753086419753086,0.5724815724815725,0.7090591482374314,175.26806872037912,direct classification
logistic,2,0.1,0.9914893617021276,0.2733990147783251,0.5832290362953693,0.5803237858032378,0.7180903469238025,172.88788507109004,direct classification
logistic,2,0.105,0.9914893617021276,0.2627257799671593,0.5928753180661578,0.589873417721519,0.7287635817349684,170.07494075829382,direct classification
logistic,2,0.11,0.9914893617021276,0.2561576354679803,0.5989717223650386,0.5959079283887468,0.7353317262341473,168.34389810426538,direct classification
logistic,2,0.115,0.9914893617021276,0.24630541871921183,0.608355091383812,0.6051948051948052,0.7451839429829158,165.74733412322274,direct classification
logistic,2,0.12,0.9914893617021276,0.2413793103448276,0.6131578947368421,0.6099476439790575,0.7501100513573,164.4490521327014,direct classification
logistic,2,0.125,0.9914893617021276,0.23563218390804597,0.6188579017264276,0.6155878467635403,0.7558571777940817,162.93438981042652,direct classification
logistic,2,0.13,0.9893617021276596,0.23070607553366174,0.6233243967828418,0.6191744340878829,0.7586556265939979,161.41972748815164,direct classification
logistic,2,0.135,0.9893617021276596,0.22249589490968802,0.6317934782608695,0.6275303643724697,0.7668658072179716,159.2559241706161,direct classification
logistic,2,0.14,0.9851063829787234,0.2175697865353038,0.635989010989011,0.6299319727891156,0.7675365964434196,157.52488151658767,direct classification
logistic,2,0.145,0.9851063829787234,0.21018062397372742,0.6439499304589708,0.6377410468319559,0.774925759004996,155.57745853080567,direct classification
logistic,2,0.15,0.9851063829787234,0.20279146141215107,0.652112676056338,0.6457461645746164,0.7823149215665723,153.63003554502367,direct classification
logistic,2,0.155,0.9829787234042553,0.19786535303776684,0.6571834992887624,0.6497890295358649,0.7851133703664884,152.11537322274881,direct classification
logistic,2,0.16,0.9829787234042553,0.19293924466338258,0.6628407460545194,0.6553191489361702,0.7900394787408727,150.81709123222748,direct classification
logistic,2,0.165,0.9787234042553191,0.18883415435139572,0.6666666666666666,0.6571428571428571,0.7898892499039234,149.3024289099526,direct classification
logistic,2,0.17,0.9787234042553191,0.18472906403940886,0.6715328467153284,0.6618705035971223,0.7939943402159102,148.22052725118482,direct classification
logistic,2,0.175,0.9787234042553191,0.17980295566502463,0.6774668630338734,0.6676342525399129,0.7989204485902945,146.9222452606635,direct classification
logistic,2,0.18,0.9787234042553191,0.1748768472906404,0.6835066864784547,0.6734992679355783,0.8038465569646787,145.62396327014216,direct classification
logistic,2,0.185,0.9765957446808511,0.17323481116584566,0.6850746268656717,0.6740088105726872,0.8033609335150054,144.97482227488152,direct classification
logistic,2,0.19,0.9765957446808511,0.16912972085385877,0.6902255639097744,0.6789940828402367,0.8074660238269923,143.89292061611374,direct classification
logistic,2,0.195,0.9765957446808511,0.16584564860426929,0.6944024205748865,0.6830357142857143,0.8107500960765818,143.02739928909952,direct classification
logistic,2,0.2,0.9765957446808511,0.16174055829228243,0.6996951219512195,0.6881559220389805,0.8148551863885687,141.94549763033174,direct classification
logistic,2,0.205,0.9744680851063829,0.1592775041050903,0.7024539877300614,0.6897590361445783,0.8151905810012926,141.07997630331752,direct classification
logistic,2,0.21,0.9744680851063829,0.15599343185550082,0.7067901234567902,0.693939393939394,0.8184746532508821,140.2144549763033,direct classification
logistic,2,0.215,0.9744680851063829,0.15517241379310345,0.7078825347758887,0.6949924127465857,0.8192956713132795,139.99807464454975,direct classification
logistic,2,0.22,0.9723404255319149,0.15270935960591134,0.7107309486780715,0.6966463414634146,0.8196310659260035,139.13255331753552,direct classification
logistic,2,0.225,0.9723404255319149,0.1510673234811166,0.7129485179407177,0.6987767584097859,0.8212731020507983,138.6997926540284,direct classification
logistic,2,0.23,0.9723404255319149,0.15024630541871922,0.7140625,0.6998468606431854,0.8220941201131957,138.48341232227486,direct classification
logistic,2,0.235,0.9723404255319149,0.1477832512315271,0.717425431711146,0.703076923076923,0.8245571743003878,137.8342713270142,direct classification
logistic,2,0.24,0.9723404255319149,0.1444991789819376,0.721958925750395,0.7074303405572755,0.8278412465499774,136.96875,direct classification
logistic,2,0.245,0.9723404255319149,0.14285714285714285,0.7242472266244057,0.7096273291925466,0.829483282674772,136.5359893364929,direct classification
logistic,2,0.25,0.9702127659574468,0.14203612479474548,0.724960254372019,0.7091757387247278,0.8281766411627013,136.10322867298578,direct classification
logistic,2,0.255,0.9702127659574468,0.14039408866995073,0.7272727272727273,0.7113884555382215,0.829818677287496,135.67046800947867,direct classification
logistic,2,0.26,0.9702127659574468,0.13793103448275862,0.7307692307692307,0.7147335423197492,0.8322817314746882,135.021327014218,direct classification
logistic,2,0.265,0.9680851063829787,0.1354679802955665,0.7338709677419355,0.7165354330708661,0.8326171260874122,134.15580568720378,direct classification
logistic,2,0.27,0.9680851063829787,0.13382594417077176,0.7362459546925566,0.7187993680884676,0.834259162212207,133.72304502369667,direct classification
logistic,2,0.275,0.9680851063829787,0.13218390804597702,0.7386363636363636,0.7210776545166403,0.8359011983370017,133.29028436018956,direct classification
logistic,2,0.28,0.9659574468085106,0.13054187192118227,0.7406199021207178,0.7217806041335453,0.8354155748873283,132.6411433649289,direct classification
logistic,2,0.285,0.9638297872340426,0.12889983579638753,0.7426229508196721,0.722488038277512,0.834929951437655,131.99200236966823,direct classification
logistic,2,0.29,0.9638297872340426,0.12889983579638753,0.7426229508196721,0.722488038277512,0.834929951437655,131.99200236966823,direct classification
logistic,2,0.295,0.9617021276595744,0.1272577996715928,0.7446457990115322,0.7232,0.8344443279879816,131.34286137440756,direct classification
logistic,2,0.3,0.9617021276595744,0.12479474548440066,0.7483443708609272,0.7266881028938906,0.8369073821751738,130.6937203791469,direct classification
logistic,2,0.305,0.9617021276595744,0.12397372742200329,0.7495854063018242,0.7278582930756844,0.8377284002375711,130.47734004739334,direct classification
logistic,2,0.31,0.9617021276595744,0.12315270935960591,0.7508305647840532,0.7290322580645161,0.8385494182999685,130.26095971563979,direct classification
logistic,2,0.315,0.9617021276595744,0.12233169129720854,0.7520798668885191,0.7302100161550888,0.8393704363623659,130.04457938388626,direct classification
logistic,2,0.32,0.9617021276595744,0.12233169129720854,0.7520798668885191,0.7302100161550888,0.8393704363623659,130.04457938388626,direct classification
logistic,2,0.325,0.9617021276595744,0.12233169129720854,0.7520798668885191,0.7302100161550888,0.8393704363623659,130.04457938388626,direct classification
logistic,2,0.33,0.9617021276595744,0.12151067323481117,0.7533333333333333,0.7313915857605178,0.8401914544247633,129.8281990521327,direct classification
logistic,2,0.335,0.9617021276595744,0.11904761904761904,0.7571189279731994,0.734959349593496,0.8426545086119553,129.17905805687204,direct classification
logistic,2,0.34,0.9617021276595744,0.11904761904761904,0.7571189279731994,0.734959349593496,0.8426545086119553,129.17905805687204,direct classification
logistic,2,0.345,0.9617021276595744,0.11822660098522167,0.7583892617449665,0.7361563517915309,0.8434755266743528,128.96267772511848,direct classification
logistic,2,0.35,0.9617021276595744,0.11822660098522167,0.7583892617449665,0.7361563517915309,0.8434755266743528,128.96267772511848,direct classification
logistic,2,0.355,0.9617021276595744,0.1174055829228243,0.7596638655462185,0.7373572593800979,0.8442965447367501,128.74629739336493,direct classification
logistic,2,0.36,0.9617021276595744,0.11658456486042693,0.7609427609427609,0.738562091503268,0.8451175627991475,128.52991706161137,direct classification
logistic,2,0.365,0.9617021276595744,0.11576354679802955,0.7622259696458684,0.7397708674304418,0.8459385808615448,128.31353672985782,direct classification
logistic,2,0.37,0.9617021276595744,0.11576354679802955,0.7622259696458684,0.7397708674304418,0.8459385808615448,128.31353672985782,direct classification
logistic,2,0.375,0.9617021276595744,0.11412151067323481,0.7648054145516074,0.7422003284072249,0.8475806169863396,127.8807760663507,direct classification
logistic,2,0.38,0.9617021276595744,0.11412151067323481,0.7648054145516074,0.7422003284072249,0.8475806169863396,127.8807760663507,direct classification
logistic,2,0.385,0.9595744680851064,0.11247947454844007,0.7670068027210885,0.742998352553542,0.8470949935366663,127.23163507109004,direct classification
logistic,2,0.39,0.9574468085106383,0.11247947454844007,0.7666098807495741,0.7413509060955519,0.8449673339621983,127.01525473933648,direct classification
logistic,2,0.395,0.9553191489361702,0.11247947454844007,0.7662116040955631,0.7397034596375618,0.8428396743877301,126.79887440758293,direct classification
logistic,2,0.4,0.9531914893617022,0.1116584564860427,0.7671232876712328,0.7392739273927392,0.8415330328756595,126.36611374407582,direct classification
logistic,2,0.405,0.9531914893617022,0.1116584564860427,0.7671232876712328,0.7392739273927392,0.8415330328756595,126.36611374407582,direct classification
logistic,2,0.41,0.9531914893617022,0.11083743842364532,0.7684391080617495,0.740495867768595,0.8423540509380568,126.14973341232226,direct classification
logistic,2,0.415,0.9531914893617022,0.11001642036124795,0.7697594501718213,0.7417218543046358,0.8431750690004542,125.93335308056871,direct classification
logistic,2,0.42,0.9531914893617022,0.10919540229885058,0.7710843373493976,0.7429519071310116,0.8439960870628516,125.71697274881515,direct classification
logistic,2,0.425,0.9531914893617022,0.10919540229885058,0.7710843373493976,0.7429519071310116,0.8439960870628516,125.71697274881515,direct classification
logistic,2,0.43,0.9531914893617022,0.10919540229885058,0.7710843373493976,0.7429519071310116,0.8439960870628516,125.71697274881515,direct classification
logistic,2,0.435,0.9531914893617022,0.10919540229885058,0.7710843373493976,0.7429519071310116,0.8439960870628516,125.71697274881515,direct classification
logistic,2,0.44,0.9531914893617022,0.10919540229885058,0.7710843373493976,0.7429519071310116,0.8439960870628516,125.71697274881515,direct classification
logistic,2,0.445,0.9531914893617022,0.10673234811165845,0.7750865051903114,0.7466666666666667,0.8464591412500437,125.06783175355449,direct classification
logistic,2,0.45,0.948936170212766,0.10673234811165845,0.7743055555555556,0.7433333333333333,0.8422038221011076,124.63507109004738,direct classification
logistic,2,0.455,0.948936170212766,0.10344827586206896,0.7797202797202797,0.7483221476510067,0.845487894350697,123.76954976303317,direct classification
logistic,2,0.46,0.948936170212766,0.10262725779967159,0.7810858143607706,0.7495798319327731,0.8463089124130944,123.55316943127961,direct classification
logistic,2,0.465,0.9468085106382979,0.10262725779967159,0.7807017543859649,0.7478991596638656,0.8441812528386262,123.33678909952606,direct classification
logistic,2,0.47,0.9446808510638298,0.10180623973727422,0.7816901408450704,0.7474747474747475,0.8428746113265556,122.90402843601895,direct classification
logistic,2,0.475,0.9425531914893617,0.10098522167487685,0.7826855123674912,0.7470489038785835,0.8415679698144848,122.47126777251184,direct classification
logistic,2,0.48,0.9425531914893617,0.10098522167487685,0.7826855123674912,0.7470489038785835,0.8415679698144848,122.47126777251184,direct classification
logistic,2,0.485,0.9425531914893617,0.10098522167487685,0.7826855123674912,0.7470489038785835,0.8415679698144848,122.47126777251184,direct classification
logistic,2,0.49,0.9404255319148936,0.10016420361247948,0.7836879432624113,0.7466216216216216,0.8402613283024142,122.03850710900473,direct classification
logistic,2,0.495,0.9382978723404255,0.09852216748768473,0.786096256684492,0.747457627118644,0.8397757048527408,121.38936611374406,direct classification
logistic,2,0.5,0.9361702127659575,0.09852216748768473,0.7857142857142857,0.7457627118644068,0.8376480452782727,121.1729857819905,direct classification
logistic,2,0.505,0.9361702127659575,0.09688013136288999,0.7885304659498208,0.7482993197278912,0.8392900814030675,120.74022511848341,direct classification
logistic,2,0.51,0.9361702127659575,0.09688013136288999,0.7885304659498208,0.7482993197278912,0.8392900814030675,120.74022511848341,direct classification
logistic,2,0.515,0.9340425531914893,0.09523809523809523,0.790990990990991,0.7491467576791809,0.8388044579533941,120.09108412322274,direct classification
logistic,2,0.52,0.9340425531914893,0.09523809523809523,0.790990990990991,0.7491467576791809,0.8388044579533941,120.09108412322274,direct classification
logistic,2,0.525,0.9340425531914893,0.09441707717569786,0.7924187725631769,0.7504273504273504,0.8396254760157915,119.87470379146919,direct classification
logistic,2,0.53,0.9319148936170213,0.09359605911330049,0.7934782608695652,0.75,0.8383188345037208,119.44194312796208,direct classification
logistic,2,0.535,0.9319148936170213,0.09277504105090312,0.79491833030853,0.7512864493996569,0.8391398525661182,119.22556279620852,direct classification
logistic,2,0.54,0.9319148936170213,0.09113300492610837,0.7978142076502732,0.7538726333907056,0.8407818886909129,118.79280213270141,direct classification
logistic,2,0.545,0.9319148936170213,0.09113300492610837,0.7978142076502732,0.7538726333907056,0.8407818886909129,118.79280213270141,direct classification
logistic,2,0.55,0.9319148936170213,0.08866995073891626,0.8021978021978022,0.7577854671280276,0.843244942878105,118.14366113744074,direct classification
logistic,2,0.555,0.9319148936170213,0.08784893267651889,0.8036697247706422,0.7590987868284229,0.8440659609405023,117.92728080568719,direct classification
logistic,2,0.56,0.9319148936170213,0.08784893267651889,0.8036697247706422,0.7590987868284229,0.8440659609405023,117.92728080568719,direct classification
logistic,2,0.565,0.9319148936170213,0.08784893267651889,0.8036697247706422,0.7590987868284229,0.8440659609405023,117.92728080568719,direct classification
logistic,2,0.57,0.9319148936170213,0.08702791461412152,0.8051470588235294,0.7604166666666666,0.8448869790028998,117.71090047393363,direct classification
logistic,2,0.575,0.9276595744680851,0.08620689655172414,0.8059149722735675,0.7582608695652174,0.8414526779163609,117.06175947867298,direct classification
logistic,2,0.58,0.925531914893617,0.08538587848932677,0.8070500927643784,0.7578397212543554,0.8401460364042902,116.62899881516587,direct classification
logistic,2,0.585,0.925531914893617,0.08538587848932677,0.8070500927643784,0.7578397212543554,0.8401460364042902,116.62899881516587,direct classification
logistic,2,0.59,0.9212765957446809,0.08456486042692939,0.8078358208955224,0.7556719022687609,0.8367117353177516,115.9798578199052,direct classification
logistic,2,0.595,0.9191489361702128,0.08456486042692939,0.8074766355140187,0.7539267015706806,0.8345840757432834,115.76347748815165,direct classification
logistic,2,0.6,0.9191489361702128,0.08456486042692939,0.8074766355140187,0.7539267015706806,0.8345840757432834,115.76347748815165,direct classification
logistic,2,0.605,0.9191489361702128,0.08456486042692939,0.8074766355140187,0.7539267015706806,0.8345840757432834,115.76347748815165,direct classification
logistic,2,0.61,0.9191489361702128,0.08374384236453201,0.8089887640449438,0.7552447552447552,0.8354050938056807,115.5470971563981,direct classification
logistic,2,0.615,0.9170212765957447,0.08374384236453201,0.8086303939962477,0.7534965034965035,0.8332774342312127,115.33071682464454,direct classification
logistic,2,0.62,0.9170212765957447,0.08292282430213464,0.8101503759398496,0.7548161120840631,0.8340984522936101,115.11433649289098,direct classification
logistic,2,0.625,0.9170212765957447,0.0812807881773399,0.8132075471698114,0.7574692442882249,0.8357404884184049,114.68157582938387,direct classification
logistic,2,0.63,0.9170212765957447,0.0812807881773399,0.8132075471698114,0.7574692442882249,0.8357404884184049,114.68157582938387,direct classification
logistic,2,0.635,0.9148936170212766,0.07963875205254516,0.8159392789373814,0.7583774250440917,0.8352548649687315,114.03243483412321,direct classification
logistic,2,0.64,0.9106382978723404,0.07963875205254516,0.8152380952380952,0.7548500881834215,0.8309995458197953,113.5996741706161,direct classification
logistic,2,0.645,0.9085106382978724,0.07963875205254516,0.8148854961832062,0.7530864197530864,0.8288718862453273,113.38329383886256,direct classification
logistic,2,0.65,0.9063829787234042,0.07881773399014778,0.8160919540229885,0.7526501766784452,0.8275652447332564,112.95053317535545,direct classification
logistic,2,0.655,0.9063829787234042,0.07799671592775041,0.817658349328215,0.7539823008849558,0.8283862627956539,112.73415284360189,direct classification
logistic,2,0.66,0.9042553191489362,0.07717569786535304,0.8188824662813102,0.7535460992907801,0.8270796212835831,112.30139218009478,direct classification
logistic,2,0.665,0.902127659574468,0.07717569786535304,0.8185328185328186,0.75177304964539,0.824951961709115,112.08501184834122,direct classification
logistic,2,0.67,0.9,0.0755336617405583,0.8213592233009709,0.7526690391459074,0.8244663382594417,111.43587085308056,direct classification
logistic,2,0.675,0.9,0.07389162561576355,0.8245614035087719,0.7553571428571428,0.8261083743842365,111.00311018957345,direct classification
logistic,2,0.68,0.8978723404255319,0.0722495894909688,0.8274509803921568,0.7562724014336918,0.825622750934563,110.35396919431278,direct classification
logistic,2,0.685,0.8914893617021277,0.0722495894909688,0.8264299802761341,0.7508960573476703,0.8192397722111588,109.70482819905212,direct classification
logistic,2,0.69,0.8914893617021277,0.0722495894909688,0.8264299802761341,0.7508960573476703,0.8192397722111588,109.70482819905212,direct classification
logistic,2,0.695,0.8893617021276595,0.0722495894909688,0.8260869565217391,0.7491039426523297,0.8171121126366907,109.48844786729858,direct classification
logistic,2,0.7,0.8872340425531915,0.0722495894909688,0.8257425742574257,0.7473118279569892,0.8149844530622227,109.27206753554502,direct classification
logistic,2,0.705,0.8851063829787233,0.07142857142857142,0.827037773359841,0.7468581687612208,0.813677811550152,108.83930687203791,direct classification
logistic,2,0.71,0.8808510638297873,0.07060755336617405,0.828,0.7446043165467626,0.8102435104636132,108.19016587677724,direct classification
logistic,2,0.715,0.8787234042553191,0.06978653530377668,0.8293172690763052,0.7441441441441441,0.8089368689515425,107.75740521327013,direct classification
logistic,2,0.72,0.8787234042553191,0.06814449917898194,0.8326612903225806,0.7468354430379747,0.8105789050763372,107.32464454976302,direct classification
logistic,2,0.725,0.8765957446808511,0.06732348111658457,0.8340080971659919,0.7463768115942029,0.8092722635642665,106.89188388625591,direct classification
logistic,2,0.73,0.874468085106383,0.0665024630541872,0.8353658536585366,0.7459165154264973,0.8079656220521958,106.4591232227488,direct classification
logistic,2,0.735,0.8723404255319149,0.0665024630541872,0.835030549898167,0.7441016333938294,0.8058379624777278,106.24274289099525,direct classification
logistic,2,0.74,0.8702127659574468,0.06568144499178982,0.83640081799591,0.7436363636363637,0.8045313209656569,105.80998222748815,direct classification
logistic,2,0.745,0.8659574468085106,0.06568144499178982,0.8357289527720739,0.74,0.8002760018167208,105.37722156398104,direct classification
logistic,2,0.75,0.8617021276595744,0.06403940886699508,0.8385093167701864,0.7390510948905109,0.7976627187925793,104.51170023696682,direct classification
logistic,2,0.755,0.8553191489361702,0.06403940886699508,0.8375,0.7335766423357665,0.7912797400691751,103.86255924170615,direct classification
logistic,2,0.76,0.8531914893617021,0.06321839080459771,0.8389121338912134,0.7330895795246801,0.7899730985571044,103.42979857819904,direct classification
logistic,2,0.765,0.8531914893617021,0.06321839080459771,0.8389121338912134,0.7330895795246801,0.7899730985571044,103.42979857819904,direct classification
logistic,2,0.77,0.8489361702127659,0.06321839080459771,0.8382352941176471,0.7294332723948812,0.7857177794081682,102.99703791469193,direct classification
logistic,2,0.775,0.8425531914893617,0.06239737274220033,0.8389830508474576,0.7252747252747253,0.7801558187471613,102.13151658767772,direct classification
logistic,2,0.78,0.8382978723404255,0.06239737274220033,0.8382978723404255,0.7216117216117216,0.7759004995982252,101.69875592417061,direct classification
logistic,2,0.785,0.8319148936170213,0.060755336617405585,0.8408602150537634,0.71875,0.7711595569996157,100.61685426540284,direct classification
logistic,2,0.79,0.8297872340425532,0.060755336617405585,0.8405172413793104,0.7169117647058824,0.7690318974251475,100.40047393364928,direct classification
logistic,2,0.795,0.8276595744680851,0.059113300492610835,0.8438177874186551,0.7177121771217713,0.7685462739754743,99.75133293838861,direct classification
logistic,2,0.8,0.825531914893617,0.059113300492610835,0.8434782608695652,0.7158671586715867,0.7664186144010061,99.53495260663506,direct classification
logistic,2,0.805,0.8148936170212766,0.05829228243021346,0.8436123348017621,0.7079482439926063,0.7566013345910632,98.23667061611374,direct classification
logistic,2,0.81,0.8127659574468085,0.05829228243021346,0.8432671081677704,0.7060998151571165,0.754473675016595,98.02029028436019,direct classification
logistic,2,0.815,0.8106382978723404,0.05665024630541872,0.8466666666666667,0.7068645640074211,0.7539880515669217,97.37114928909952,direct classification
logistic,2,0.82,0.8021276595744681,0.05582922824302135,0.8471910112359551,0.7007434944237918,0.7462984313314467,96.28924763033174,direct classification
logistic,2,0.825,0.7978723404255319,0.05582922824302135,0.8465011286681715,0.6970260223048327,0.7420431121825105,95.85648696682463,direct classification
logistic,2,0.83,0.7957446808510639,0.05582922824302135,0.8461538461538461,0.6951672862453532,0.7399154526080425,95.64010663507108,direct classification
logistic,2,0.835,0.7957446808510639,0.05582922824302135,0.8461538461538461,0.6951672862453532,0.7399154526080425,95.64010663507108,direct classification
logistic,2,0.84,0.7936170212765957,0.05582922824302135,0.8458049886621315,0.6933085501858736,0.7377877930335743,95.42372630331752,direct classification
logistic,2,0.845,0.7914893617021277,0.054187192118226604,0.8493150684931506,0.6940298507462687,0.737302169583901,94.77458530805687,direct classification
logistic,2,0.85,0.776595744680851,0.053366174055829226,0.8488372093023255,0.6822429906542056,0.7232295706250218,93.04354265402843,direct classification
logistic,2,0.855,0.7723404255319148,0.053366174055829226,0.8481308411214953,0.6785046728971963,0.7189742514760856,92.61078199052132,direct classification
logistic,2,0.86,0.7659574468085106,0.05172413793103448,0.851063829787234,0.6754221388367729,0.7142333088774762,91.52888033175354,direct classification
logistic,2,0.865,0.7595744680851064,0.05090311986863711,0.8520286396181385,0.6710526315789473,0.7086713482164693,90.66335900473933,direct classification
logistic,2,0.87,0.7468085106382979,0.04926108374384237,0.8540145985401459,0.6622641509433962,0.6975474268944555,88.93231635071089,direct classification
logistic,2,0.875,0.7340425531914894,0.048440065681444995,0.8539603960396039,0.6521739130434783,0.6856024875100444,87.417654028436,direct classification
logistic,2,0.88,0.7276595744680852,0.048440065681444995,0.8528678304239401,0.6465028355387523,0.6792195087866402,86.76851303317535,direct classification
logistic,2,0.885,0.723404255319149,0.04597701149425287,0.8585858585858586,0.6463878326996197,0.677427243824896,85.68661137440758,direct classification
logistic,2,0.89,0.7085106382978723,0.04597701149425287,0.8560411311053985,0.6330798479087453,0.6625336268036195,84.17194905213269,direct classification
logistic,2,0.895,0.6936170212765957,0.04433497536945813,0.8578947368421053,0.6221374045801527,0.6492820459071376,82.2245260663507,direct classification
logistic,2,0.9,0.674468085106383,0.04433497536945813,0.8544474393530997,0.6049618320610687,0.6301331097369249,80.27710308056871,direct classification
logistic,2,0.905,0.648936170212766,0.04187192118226601,0.8567415730337079,0.5854126679462572,0.6070642490304999,77.03139810426539,direct classification
logistic,2,0.91,0.6297872340425532,0.041050903119868636,0.8554913294797688,0.5692307692307692,0.5887363309226846,74.86759478672985,direct classification
logistic,2,0.915,0.6148936170212767,0.03858784893267652,0.8601190476190477,0.5589941972920697,0.5763057680886001,72.7037914691943,direct classification
logistic,2,0.92,0.597872340425532,0.03694581280788178,0.8619631901840491,0.545631067961165,0.5609265276176502,70.53998815165876,direct classification
logistic,2,0.925,0.5659574468085107,0.035303776683087026,0.86084142394822,0.5185185185185185,0.5306536701254236,66.86152251184834,direct classification
logistic,2,0.93,0.5382978723404256,0.03284072249589491,0.863481228668942,0.49607843137254903,0.5054571498445307,63.399437203791464,direct classification
logistic,2,0.935,0.502127659574468,0.031198686371100164,0.8613138686131386,0.4645669291338583,0.47092897320336785,59.28821090047393,direct classification
logistic,2,0.94,0.4787234042553192,0.027093596059113302,0.872093023255814,0.44731610337972166,0.45162980819620585,55.82612559241706,direct classification
logistic,2,0.945,0.44680851063829785,0.022988505747126436,0.8823529411764706,0.42168674698795183,0.42382000489117144,51.498518957345965,direct classification
logistic,2,0.95,0.4,0.020525451559934318,0.8826291079812206,0.3797979797979798,0.37947454844006573,46.0890106635071,direct classification
logistic,2,0.955,0.3680851063829787,0.019704433497536946,0.8781725888324873,0.35020242914979755,0.3483806728854418,42.62692535545023,direct classification
logistic,2,0.96,0.32127659574468087,0.0180623973727422,0.8728323699421965,0.30691056910569103,0.3032141983719387,37.43379739336493,direct classification
logistic,2,0.965,0.2680851063829787,0.014778325123152709,0.875,0.2581967213114754,0.25330678125982603,31.158767772511844,direct classification
logistic,2,0.97,0.22340425531914893,0.013957307060755337,0.860655737704918,0.21560574948665298,0.20944694825839358,26.39840047393365,direct classification
logistic,2,0.975,0.17446808510638298,0.010673234811165846,0.8631578947368421,0.16977225672877846,0.16379485029521712,20.556131516587676,direct classification
logistic,2,0.98,0.12340425531914893,0.008210180623973728,0.8529411764705882,0.12083333333333333,0.1151940746951752,14.713862559241704,direct classification
logistic,2,0.985,0.0851063829787234,0.003284072249589491,0.9090909090909091,0.08438818565400844,0.08182231072913392,9.520734597156398,direct classification
logistic,2,0.99,0.0574468085106383,0.0008210180623973727,0.9642857142857143,0.05732484076433121,0.056625790448240926,6.058649289099526,direct classification
logistic,2,0.995,0.006382978723404255,0.0,1.0,0.006382978723404255,0.006382978723404255,0.6491409952606635,direct classification
logistic,3,0.005,1.0,0.9551752241238793,0.2875379939209726,0.2875379939209726,0.04482477587612066,353.4330882352941,direct classification
logistic,3,0.01,1.0,0.8598207008964955,0.30955497382198954,0.30955497382198954,0.14017929910350446,328.2952941176471,direct classification
logistic,3,0.015,1.0,0.7946210268948656,0.3266574585635359,0.3266574585635359,0.20537897310513442,311.1070588235294,direct classification
logistic,3,0.02,1.0,0.73920130399348,0.3427536231884058,0.3427536231884058,0.26079869600651995,296.4970588235294,direct classification
logistic,3,0.025,0.9978858350951374,0.6829665851670742,0.3603053435114504,0.36003051106025935,0.3149192499280632,281.45735294117645,direct classification
logistic,3,0.03,0.9978858350951374,0.6234718826405868,0.38156831042845596,0.38126009693053314,0.37441395245455056,265.7730882352941,direct classification
logistic,3,0.035,0.9978858350951374,0.5770171149144254,0.4,0.39966130397967825,0.420868720180712,253.5264705882353,direct classification
logistic,3,0.04,0.9978858350951374,0.5387123064384678,0.4165931156222418,0.41622574955908287,0.4591735286566696,243.42838235294118,direct classification
logistic,3,0.045,0.9978858350951374,0.5093724531377343,0.43026435733819507,0.42987249544626593,0.4885133819574031,235.69367647058823,direct classification
logistic,3,0.05,0.9957716701902748,0.48573757131214346,0.4414245548266167,0.44059869036482696,0.5100340988781313,229.24808823529412,direct classification
logistic,3,0.055,0.9957716701902748,0.46943765281173594,0.4498567335243553,0.4489990467111535,0.5263340173785389,224.9510294117647,direct classification
logistic,3,0.06,0.9936575052854123,0.4515077424612877,0.458984375,0.45764362220058424,0.5421497628241245,220.00941176470587,direct classification
logistic,3,0.065,0.9936575052854123,0.4311328443357783,0.47047047047047047,0.469061876247505,0.5625246609496339,214.6380882352941,direct classification
logistic,3,0.07,0.9936575052854123,0.4083129584352078,0.4840370751802266,0.48254620123203285,0.5853445468502045,208.62220588235294,direct classification
logistic,3,0.075,0.9915433403805497,0.3952730236348818,0.4916142557651992,0.48956158663883087,0.5962703167456679,204.96970588235294,direct classification
logistic,3,0.08,0.9915433403805497,0.37571312143439284,0.5043010752688172,0.5021413276231264,0.6158302189461569,199.81323529411765,direct classification
logistic,3,0.085,0.9915433403805497,0.35859820700896494,0.5159515951595159,0.5136911281489595,0.6329451333715848,195.30132352941177,direct classification
logistic,3,0.09,0.9915433403805497,0.3406682966585167,0.5287485907553551,0.5263748597081931,0.650875043722033,190.5745588235294,direct classification
logistic,3,0.095,0.9915433403805497,0.3243683781581092,0.5409457900807382,0.5384615384615384,0.6671749622224405,186.2775,direct classification
logistic,3,0.1,0.9894291754756871,0.3105134474327628,0.5512367491166078,0.5480093676814989,0.6789157280429243,182.41014705882353,direct classification
logistic,3,0.105,0.9894291754756871,0.29095354523227385,0.5672727272727273,0.563855421686747,0.6984756302434132,177.25367647058823,direct classification
logistic,3,0.11,0.9894291754756871,0.28198859005704974,0.5749385749385749,0.5714285714285714,0.7074405854186374,174.89029411764704,direct classification
logistic,3,0.115,0.9873150105708245,0.26813365933170336,0.5866834170854272,0.5822942643391521,0.7191813512391212,171.0229411764706,direct classification
logistic,3,0.12,0.9873150105708245,0.2624286878565607,0.5918884664131813,0.5874213836477987,0.7248863227142638,169.5189705882353,direct classification
logistic,3,0.125,0.9873150105708245,0.25590872045639773,0.5979513444302177,0.5933926302414231,0.7314062901144267,167.80014705882354,direct classification
logistic,3,0.13,0.985200845665962,0.24857375713121435,0.6044098573281452,0.5989717223650386,0.7366270885347477,165.65161764705883,direct classification
logistic,3,0.135,0.985200845665962,0.23634881825590873,0.6164021164021164,0.6107470511140236,0.7488520274100533,162.42882352941177,direct classification
logistic,3,0.14,0.985200845665962,0.2273838630806846,0.625503355704698,0.6196808510638298,0.7578169825852774,160.06544117647059,direct classification
logistic,3,0.145,0.985200845665962,0.22249388753056235,0.6305818673883626,0.6246648793565683,0.7627069581353997,158.77632352941177,direct classification
logistic,3,0.15,0.9830866807610994,0.21352893235533824,0.6396148555708391,0.6326530612244898,0.7695577484057612,156.1980882352941,direct classification
logistic,3,0.155,0.9809725158562368,0.21271393643031786,0.64,0.6321525885558583,0.7682585794259189,155.7683823529412,direct classification
logistic,3,0.16,0.9809725158562368,0.2078239608801956,0.6453407510431154,0.6373626373626373,0.7731485549760412,154.47926470588234,direct classification
logistic,3,0.165,0.9767441860465116,0.2045639771801141,0.6479663394109397,0.638121546961326,0.7721802088663975,153.19014705882353,direct classification
logistic,3,0.17,0.9725158562367865,0.20048899755501223,0.6515580736543909,0.6397774687065368,0.7720268586817742,151.68617647058824,direct classification
logistic,3,0.175,0.9704016913319239,0.19641401792991034,0.6557142857142857,0.6428571428571429,0.7739876734020136,150.39705882352942,direct classification
logistic,3,0.18,0.9704016913319239,0.19396903015484923,0.6585365853658537,0.6455696202531646,0.7764326611770747,149.7525,direct classification
logistic,3,0.185,0.9704016913319239,0.18744906275468623,0.6661828737300436,0.6529160739687055,0.7829526285772377,148.03367647058823,direct classification
logistic,3,0.19,0.9704016913319239,0.18418907905460472,0.67007299270073,0.6566523605150214,0.7862126122773192,147.17426470588236,direct classification
logistic,3,0.195,0.9704016913319239,0.18092909535452323,0.6740088105726872,0.660431654676259,0.7894725959774007,146.31485294117647,direct classification
logistic,3,0.2,0.9704016913319239,0.17440912795436023,0.6820208023774146,0.6681222707423581,0.7959925633775636,144.5960294117647,direct classification
logistic,3,0.205,0.9704016913319239,0.17033414832925836,0.687125748502994,0.6730205278592375,0.8000675430026656,143.52176470588236,direct classification
logistic,3,0.21,0.9704016913319239,0.16707416462917685,0.6912650602409639,0.6769911504424779,0.8033275267027471,142.66235294117647,direct classification
logistic,3,0.215,0.9704016913319239,0.16625916870415647,0.6923076923076923,0.6779911373707533,0.8041425226277674,142.4475,direct classification
logistic,3,0.22,0.9704016913319239,0.16299918500407498,0.6965098634294385,0.6820208023774146,0.8074025063278489,141.58808823529412,direct classification
logistic,3,0.225,0.9682875264270613,0.15892420537897312,0.7013782542113323,0.6856287425149701,0.8093633210480882,140.2989705882353,direct classification
logistic,3,0.23,0.9682875264270613,0.1556642216788916,0.7057010785824345,0.6897590361445783,0.8126233047481697,139.4395588235294,direct classification
logistic,3,0.235,0.9682875264270613,0.15240423797881011,0.710077519379845,0.693939393939394,0.8158832884482512,138.58014705882354,direct classification
logistic,3,0.24,0.9682875264270613,0.15158924205378974,0.7111801242236024,0.6949924127465857,0.8166982843732715,138.36529411764707,direct classification
logistic,3,0.245,0.9682875264270613,0.1491442542787286,0.7145085803432137,0.698170731707317,0.8191432721483327,137.72073529411765,direct classification
logistic,3,0.25,0.9682875264270613,0.1466992665036675,0.7178683385579937,0.7013782542113323,0.8215882599233938,137.07617647058822,direct classification
logistic,3,0.255,0.9682875264270613,0.14343928280358598,0.722397476340694,0.7057010785824345,0.8248482436234753,136.21676470588235,direct classification
logistic,3,0.26,0.9661733615221987,0.1401792991035045,0.7265500794912559,0.7085271317829457,0.8259940624186942,135.1425,direct classification
logistic,3,0.265,0.9661733615221987,0.13854930725346373,0.7288676236044657,0.7107309486780715,0.827624054268735,134.71279411764706,direct classification
logistic,3,0.27,0.9640591966173362,0.13691931540342298,0.7307692307692307,0.7113884555382215,0.8271398812139132,134.06823529411764,direct classification
logistic,3,0.275,0.9619450317124736,0.13447432762836187,0.7338709677419355,0.713166144200627,0.8274707040841117,133.20882352941177,direct classification
logistic,3,0.28,0.9619450317124736,0.1328443357783211,0.7362459546925566,0.7154088050314465,0.8291006959341525,132.77911764705883,direct classification
logistic,3,0.285,0.959830866807611,0.1328443357783211,0.7358184764991896,0.7138364779874213,0.8269865310292899,132.56426470588235,direct classification
logistic,3,0.29,0.959830866807611,0.13039934800325997,0.739413680781759,0.717219589257504,0.8294315188043511,131.91970588235293,direct classification
logistic,3,0.295,0.959830866807611,0.12876935615321924,0.7418300653594772,0.7194928684627575,0.8310615106543917,131.49,direct classification
logistic,3,0.3,0.959830866807611,0.12795436022819887,0.7430441898527005,0.7206349206349206,0.8318765065794121,131.27514705882353,direct classification
logistic,3,0.305,0.9577167019027484,0.12795436022819887,0.7426229508196721,0.719047619047619,0.8297623416745495,131.06029411764706,direct classification
logistic,3,0.31,0.9577167019027484,0.1271393643031785,0.7438423645320197,0.7201907790143084,0.8305773375995699,130.8454411764706,direct classification
logistic,3,0.315,0.9577167019027484,0.1263243683781581,0.7450657894736842,0.7213375796178344,0.8313923335245903,130.6305882352941,direct classification
logistic,3,0.32,0.9577167019027484,0.12550937245313773,0.7462932454695222,0.722488038277512,0.8322073294496106,130.41573529411764,direct classification
logistic,3,0.325,0.9556025369978859,0.12550937245313773,0.7458745874587459,0.7208931419457735,0.8300931645447481,130.20088235294116,direct classification
logistic,3,0.33,0.9534883720930233,0.12469437652811736,0.7466887417218543,0.7204472843450479,0.828793995564906,129.77117647058824,direct classification
logistic,3,0.335,0.9513742071881607,0.12306438467807661,0.7487520798668885,0.7211538461538461,0.8283098225100841,129.12661764705882,direct classification
logistic,3,0.34,0.9513742071881607,0.12143439282803586,0.7512520868113522,0.7234726688102894,0.8299398143601249,128.69691176470587,direct classification
logistic,3,0.345,0.9513742071881607,0.1198044009779951,0.7537688442211056,0.7258064516129032,0.8315698062101655,128.26720588235295,direct classification
logistic,3,0.35,0.9492600422832981,0.1198044009779951,0.7533557046979866,0.7241935483870968,0.8294556413053029,128.05235294117648,direct classification
logistic,3,0.355,0.9471458773784355,0.11735941320293398,0.7567567567567568,0.7260940032414911,0.8297864641755015,127.19294117647058,direct classification
logistic,3,0.36,0.9471458773784355,0.1165444172779136,0.7580372250423012,0.7272727272727273,0.8306014601005218,126.97808823529412,direct classification
logistic,3,0.365,0.9471458773784355,0.11572942135289324,0.7593220338983051,0.7284552845528456,0.8314164560255423,126.76323529411765,direct classification
logistic,3,0.37,0.945031712473573,0.11491442542787286,0.7602040816326531,0.7280130293159609,0.8301172870457001,126.3335294117647,direct classification
logistic,3,0.375,0.945031712473573,0.11491442542787286,0.7602040816326531,0.7280130293159609,0.8301172870457001,126.3335294117647,direct classification
logistic,3,0.38,0.945031712473573,0.11491442542787286,0.7602040816326531,0.7280130293159609,0.8301172870457001,126.3335294117647,direct classification
logistic,3,0.385,0.945031712473573,0.11491442542787286,0.7602040816326531,0.7280130293159609,0.8301172870457001,126.3335294117647,direct classification
logistic,3,0.39,0.945031712473573,0.1132844335778321,0.7627986348122867,0.7303921568627451,0.8317472788957408,125.90382352941177,direct classification
logistic,3,0.395,0.945031712473573,0.11246943765281174,0.764102564102564,0.7315875613747954,0.8325622748207613,125.68897058823529,direct classification
logistic,3,0.4,0.945031712473573,0.11083944580277098,0.7667238421955404,0.7339901477832512,0.834192266670802,125.25926470588236,direct classification
logistic,3,0.405,0.945031712473573,0.11083944580277098,0.7667238421955404,0.7339901477832512,0.834192266670802,125.25926470588236,direct classification
logistic,3,0.41,0.9408033826638478,0.10920945395273024,0.768566493955095,0.7331136738056013,0.8315939287111176,124.39985294117648,direct classification
logistic,3,0.415,0.9408033826638478,0.10920945395273024,0.768566493955095,0.7331136738056013,0.8315939287111176,124.39985294117648,direct classification
logistic,3,0.42,0.9408033826638478,0.10757946210268948,0.7712305025996534,0.7355371900826446,0.8332239205611582,123.97014705882353,direct classification
logistic,3,0.425,0.9408033826638478,0.10676446617766912,0.7725694444444444,0.7367549668874173,0.8340389164861787,123.75529411764705,direct classification
logistic,3,0.43,0.9408033826638478,0.10594947025264874,0.7739130434782608,0.7379767827529021,0.834853912411199,123.5404411764706,direct classification
logistic,3,0.435,0.9408033826638478,0.10513447432762836,0.7752613240418118,0.739202657807309,0.8356689083362194,123.32558823529412,direct classification
logistic,3,0.44,0.9386892177589852,0.10513447432762836,0.774869109947644,0.7375415282392026,0.8335547434313568,123.11073529411765,direct classification
logistic,3,0.445,0.9386892177589852,0.10350448247758762,0.7775831873905429,0.74,0.8351847352813976,122.68102941176471,direct classification
logistic,3,0.45,0.9365750528541226,0.10268948655256724,0.7785588752196837,0.7395659432387313,0.8338855663015553,122.25132352941176,direct classification
logistic,3,0.455,0.9365750528541226,0.10268948655256724,0.7785588752196837,0.7395659432387313,0.8338855663015553,122.25132352941176,direct classification
logistic,3,0.46,0.9365750528541226,0.10105949470252648,0.781305114638448,0.7420435510887772,0.8355155581515961,121.82161764705883,direct classification
logistic,3,0.465,0.9344608879492601,0.10105949470252648,0.7809187279151943,0.7403685092127303,0.8334013932467336,121.60676470588236,direct classification
logistic,3,0.47,0.9323467230443975,0.09861450692746536,0.7846975088967971,0.7424242424242424,0.8337322161169322,120.74735294117647,direct classification
logistic,3,0.475,0.9323467230443975,0.09861450692746536,0.7846975088967971,0.7424242424242424,0.8337322161169322,120.74735294117647,direct classification
logistic,3,0.48,0.9323467230443975,0.097799511002445,0.786096256684492,0.7436762225969646,0.8345472120419525,120.5325,direct classification
logistic,3,0.485,0.9323467230443975,0.097799511002445,0.786096256684492,0.7436762225969646,0.8345472120419525,120.5325,direct classification
logistic,3,0.49,0.9302325581395349,0.09698451507742462,0.7871198568872988,0.7432432432432432,0.8332480430621103,120.10279411764706,direct classification
logistic,3,0.495,0.9281183932346723,0.09698451507742462,0.7867383512544803,0.7415540540540541,0.8311338781572477,119.88794117647059,direct classification
logistic,3,0.5,0.9260042283298098,0.09535452322738386,0.7891891891891892,0.7423728813559322,0.830649705102426,119.24338235294118,direct classification
logistic,3,0.505,0.9260042283298098,0.0945395273023635,0.7906137184115524,0.7436332767402377,0.8314647010274463,119.02852941176471,direct classification
logistic,3,0.51,0.9238900634249472,0.0945395273023635,0.7902350813743219,0.7419354838709677,0.8293505361225837,118.81367647058823,direct classification
logistic,3,0.515,0.9238900634249472,0.09372453137734311,0.7916666666666666,0.7431972789115646,0.830165532047604,118.59882352941176,direct classification
logistic,3,0.52,0.9238900634249472,0.09209453952730236,0.7945454545454546,0.7457337883959044,0.8317955238976448,118.16911764705883,direct classification
logistic,3,0.525,0.9238900634249472,0.09209453952730236,0.7945454545454546,0.7457337883959044,0.8317955238976448,118.16911764705883,direct classification
logistic,3,0.53,0.9217758985200846,0.09209453952730236,0.7941712204007286,0.7440273037542662,0.8296813589927822,117.95426470588235,direct classification
logistic,3,0.535,0.9217758985200846,0.09209453952730236,0.7941712204007286,0.7440273037542662,0.8296813589927822,117.95426470588235,direct classification
logistic,3,0.54,0.9217758985200846,0.09046454767726161,0.7970749542961609,0.7465753424657534,0.8313113508428229,117.52455882352942,direct classification
logistic,3,0.545,0.919661733615222,0.09046454767726161,0.7967032967032966,0.7448630136986302,0.8291971859379603,117.30970588235294,direct classification
logistic,3,0.55,0.9175475687103594,0.08964955175224124,0.7977941176470589,0.7444253859348199,0.8278980169581182,116.88,direct classification
logistic,3,0.555,0.9154334038054969,0.08964955175224124,0.7974217311233885,0.7427101200686106,0.8257838520532557,116.66514705882354,direct classification
logistic,3,0.56,0.9090909090909091,0.08883455582722087,0.7977736549165121,0.738831615120275,0.8202563532636882,115.80573529411765,direct classification
logistic,3,0.565,0.9069767441860465,0.08720456397718011,0.8003731343283582,0.7396551724137931,0.8197721802088663,115.16117647058823,direct classification
logistic,3,0.57,0.9069767441860465,0.08557457212713937,0.8033707865168539,0.7422145328719724,0.8214021720589071,114.7314705882353,direct classification
logistic,3,0.575,0.9069767441860465,0.08475957620211899,0.8048780487804879,0.7435008665511266,0.8222171679839274,114.51661764705882,direct classification
logistic,3,0.58,0.9069767441860465,0.08475957620211899,0.8048780487804879,0.7435008665511266,0.8222171679839274,114.51661764705882,direct classification
logistic,3,0.585,0.904862579281184,0.08475957620211899,0.8045112781954887,0.7417677642980935,0.820103003079065,114.30176470588235,direct classification
logistic,3,0.59,0.904862579281184,0.08475957620211899,0.8045112781954887,0.7417677642980935,0.820103003079065,114.30176470588235,direct classification
logistic,3,0.595,0.904862579281184,0.08475957620211899,0.8045112781954887,0.7417677642980935,0.820103003079065,114.30176470588235,direct classification
logistic,3,0.6,0.9027484143763214,0.08394458027709861,0.8056603773584906,0.7413194444444444,0.8188038340992227,113.87205882352941,direct classification
logistic,3,0.605,0.9027484143763214,0.08312958435207823,0.8071833648393195,0.7426086956521739,0.8196188300242431,113.65720588235294,direct classification
logistic,3,0.61,0.9027484143763214,0.08312958435207823,0.8071833648393195,0.7426086956521739,0.8196188300242431,113.65720588235294,direct classification
logistic,3,0.615,0.9027484143763214,0.08312958435207823,0.8071833648393195,0.7426086956521739,0.8196188300242431,113.65720588235294,direct classification
logistic,3,0.62,0.9006342494714588,0.08231458842705787,0.8083491461100569,0.7421602787456446,0.8183196610444009,113.2275,direct classification
logistic,3,0.625,0.9006342494714588,0.08149959250203749,0.8098859315589354,0.743455497382199,0.8191346569694212,113.01264705882353,direct classification
logistic,3,0.63,0.8985200845665962,0.07986960065199673,0.8126195028680688,0.7443082311733801,0.8186504839145994,112.36808823529412,direct classification
logistic,3,0.635,0.8964059196617337,0.07905460472697637,0.8138195777351248,0.743859649122807,0.8173513149347573,111.93838235294118,direct classification
logistic,3,0.64,0.8964059196617337,0.07905460472697637,0.8138195777351248,0.743859649122807,0.8173513149347573,111.93838235294118,direct classification
logistic,3,0.645,0.8942917547568711,0.07905460472697637,0.8134615384615385,0.7421052631578947,0.8152371500298947,111.7235294117647,direct classification
logistic,3,0.65,0.8921775898520085,0.07823960880195599,0.8146718146718147,0.7416520210896309,0.8139379810500524,111.29382352941177,direct classification
logistic,3,0.655,0.8921775898520085,0.07742461287693561,0.816247582205029,0.7429577464788732,0.8147529769750729,111.0789705882353,direct classification
logistic,3,0.66,0.8900634249471459,0.07742461287693561,0.8158914728682171,0.7411971830985915,0.8126388120702103,110.86411764705882,direct classification
logistic,3,0.665,0.8879492600422833,0.07660961695191525,0.8171206225680934,0.7407407407407407,0.811339643090368,110.43441176470589,direct classification
logistic,3,0.67,0.8858350951374208,0.07579462102689487,0.818359375,0.7402826855123675,0.8100404741105259,110.00470588235294,direct classification
logistic,3,0.675,0.8858350951374208,0.07497962510187449,0.8199608610567515,0.7415929203539823,0.8108554700355463,109.78985294117648,direct classification
logistic,3,0.68,0.8837209302325582,0.07497962510187449,0.8196078431372549,0.7398230088495575,0.8087413051306837,109.575,direct classification
logistic,3,0.685,0.8837209302325582,0.07497962510187449,0.8196078431372549,0.7398230088495575,0.8087413051306837,109.575,direct classification
logistic,3,0.69,0.8752642706131079,0.07416462917685411,0.8198019801980198,0.7340425531914894,0.8010996414362538,108.50073529411765,direct classification
logistic,3,0.695,0.8710359408033826,0.07416462917685411,0.8190854870775348,0.7304964539007093,0.7968713116265286,108.07102941176471,direct classification
logistic,3,0.7,0.8668076109936576,0.07416462917685411,0.8183632734530938,0.7269503546099291,0.7926429818168035,107.64132352941176,direct classification
logistic,3,0.705,0.864693446088795,0.07416462917685411,0.818,0.725177304964539,0.7905288169119409,107.42647058823529,direct classification
logistic,3,0.71,0.8625792811839323,0.07334963325183375,0.8192771084337349,0.7246891651865008,0.7892296479320986,106.99676470588236,direct classification
logistic,3,0.715,0.8562367864693446,0.07334963325183375,0.8181818181818182,0.7193605683836589,0.7828871532175109,106.35220588235295,direct classification
logistic,3,0.72,0.854122621564482,0.07334963325183375,0.8178137651821862,0.7175843694493783,0.7807729883126483,106.13735294117647,direct classification
logistic,3,0.725,0.854122621564482,0.07008964955175224,0.8244897959183674,0.7227191413237924,0.7840329720127298,105.27794117647059,direct classification
logistic,3,0.73,0.8520084566596194,0.07008964955175224,0.8241308793456033,0.7209302325581395,0.7819188071078672,105.06308823529412,direct classification
logistic,3,0.735,0.8520084566596194,0.07008964955175224,0.8241308793456033,0.7209302325581395,0.7819188071078672,105.06308823529412,direct classification
logistic,3,0.74,0.8520084566596194,0.07008964955175224,0.8241308793456033,0.7209302325581395,0.7819188071078672,105.06308823529412,direct classification
logistic,3,0.745,0.8498942917547568,0.06764466177669112,0.8288659793814434,0.7230215827338129,0.7822496299780657,104.20367647058823,direct classification
logistic,3,0.75,0.8456659619450317,0.06601466992665037,0.8316008316008316,0.7220216606498195,0.7796512920183813,103.34426470588235,direct classification
logistic,3,0.755,0.8435517970401691,0.06601466992665037,0.83125,0.720216606498195,0.7775371271135187,103.12941176470588,direct classification
logistic,3,0.76,0.8414376321353065,0.06519967400162999,0.8326359832635983,0.7197106690777577,0.7762379581336766,102.69970588235294,direct classification
logistic,3,0.765,0.8414376321353065,0.06356968215158924,0.8361344537815126,0.7223230490018149,0.7778679499837173,102.27,direct classification
logistic,3,0.77,0.8350951374207188,0.06356968215158924,0.8350951374207188,0.7168784029038112,0.7715254552691296,101.62544117647059,direct classification
logistic,3,0.775,0.828752642706131,0.06193969030154849,0.8376068376068376,0.7140255009107468,0.7668129524045826,100.55117647058823,direct classification
logistic,3,0.78,0.8224101479915433,0.061124694376528114,0.8383620689655172,0.7098540145985401,0.7612854536150152,99.69176470588235,direct classification
logistic,3,0.785,0.8181818181818182,0.06030969845150774,0.8394793926247288,0.7074954296160878,0.7578721197303104,99.04720588235294,direct classification
logistic,3,0.79,0.8118393234672304,0.06030969845150774,0.8384279475982532,0.7020109689213894,0.7515296250157226,98.40264705882353,direct classification
logistic,3,0.795,0.8097251585623678,0.06030969845150774,0.838074398249453,0.70018281535649,0.74941546011086,98.18779411764706,direct classification
logistic,3,0.8,0.8033826638477801,0.059494702526487364,0.8388520971302428,0.6959706959706959,0.7438879613212928,97.32838235294118,direct classification
logistic,3,0.805,0.8033826638477801,0.05867970660146699,0.8407079646017699,0.6972477064220184,0.7447029572463131,97.1135294117647,direct classification
logistic,3,0.81,0.7991543340380549,0.05786471067644662,0.8418708240534521,0.6948529411764706,0.7412896233616083,96.4689705882353,direct classification
logistic,3,0.815,0.7928118393234672,0.05704971475142624,0.8426966292134831,0.6906077348066298,0.7357621245720409,95.60955882352941,direct classification
logistic,3,0.82,0.7885835095137421,0.05704971475142624,0.8419864559819413,0.6869244935543278,0.7315337947623158,95.17985294117648,direct classification
logistic,3,0.825,0.7801268498942917,0.05623471882640587,0.8424657534246576,0.6808118081180812,0.7238921310678859,94.10558823529412,direct classification
logistic,3,0.83,0.7801268498942917,0.05378973105134474,0.8482758620689655,0.6846011131725418,0.7263371188429469,93.46102941176471,direct classification
logistic,3,0.835,0.773784355179704,0.05378973105134474,0.8472222222222222,0.6790352504638218,0.7199946241283592,92.81647058823529,direct classification
logistic,3,0.84,0.7674418604651163,0.05215973920130399,0.8501170960187353,0.6759776536312849,0.7152821212638123,91.74220588235293,direct classification
logistic,3,0.845,0.7610993657505285,0.05052974735126324,0.8530805687203792,0.6728971962616822,0.7105696183992652,90.66794117647059,direct classification
logistic,3,0.85,0.7463002114164905,0.0488997555012225,0.8547215496368039,0.6622889305816135,0.697400455915268,88.73426470588235,direct classification
logistic,3,0.855,0.7441860465116279,0.04808475957620212,0.8564476885644768,0.6616541353383458,0.6961012869354257,88.3045588235294,direct classification
logistic,3,0.86,0.7293868921775899,0.04808475957620212,0.8539603960396039,0.6484962406015038,0.6813021326013877,86.80058823529411,direct classification
logistic,3,0.865,0.7167019027484144,0.04726976365118175,0.853904282115869,0.6384180790960452,0.6694321390972326,85.29661764705882,direct classification
logistic,3,0.87,0.7103594080338267,0.04645476772616137,0.8549618320610687,0.6339622641509434,0.6639046403076653,84.43720588235294,direct classification
logistic,3,0.875,0.7019027484143763,0.04645476772616137,0.8534704370179949,0.6264150943396226,0.6554479806882149,83.57779411764706,direct classification
logistic,3,0.88,0.6871035940803383,0.04645476772616137,0.8507853403141361,0.6132075471698113,0.6406488263541769,82.07382352941177,direct classification
logistic,3,0.885,0.6638477801268499,0.045639771801140996,0.8486486486486486,0.5935727788279773,0.6182080083257089,79.49558823529412,direct classification
logistic,3,0.89,0.6511627906976745,0.04482477587612062,0.8484848484848485,0.5833333333333334,0.6063380148215538,77.99161764705882,direct classification
logistic,3,0.895,0.6469344608879493,0.04482477587612062,0.8476454293628809,0.5795454545454546,0.6021096850118286,77.56191176470588,direct classification
logistic,3,0.9,0.6215644820295984,0.042379788101059496,0.8497109826589595,0.56,0.5791846939285389,74.33911764705883,direct classification
logistic,3,0.905,0.5919661733615222,0.040749796251018745,0.8484848484848485,0.5353728489483748,0.5512163771105035,70.9014705882353,direct classification
logistic,3,0.91,0.5750528541226215,0.037489812550937245,0.8553459119496856,0.5240847784200385,0.5375630415716843,68.32323529411765,direct classification
logistic,3,0.915,0.5539112050739958,0.037489812550937245,0.8506493506493507,0.5048169556840078,0.5164213925230586,66.17470588235294,direct classification
logistic,3,0.92,0.5306553911205074,0.03667481662591687,0.847972972972973,0.48455598455598453,0.49398057449459054,63.59647058823529,direct classification
logistic,3,0.925,0.492600422832981,0.03341483292583537,0.8503649635036497,0.45330739299610895,0.45918558990714564,58.86970588235294,direct classification
logistic,3,0.93,0.46511627906976744,0.03178484107579462,0.8494208494208494,0.4296875,0.43333143799397283,55.646911764705884,direct classification
logistic,3,0.935,0.4143763213530655,0.029339853300733496,0.8448275862068966,0.3850687622789784,0.385036468052332,49.845882352941175,direct classification
logistic,3,0.94,0.3699788583509514,0.02444987775061125,0.8536585365853658,0.34791252485089463,0.34552898060034015,44.04485294117647,direct classification
logistic,3,0.945,0.32346723044397463,0.022819885900570498,0.8453038674033149,0.30538922155688625,0.30064734454340414,38.88838235294118,direct classification
logistic,3,0.95,0.27061310782241016,0.022004889975550123,0.8258064516129032,0.256,0.24860821784686005,33.30220588235294,direct classification
logistic,3,0.955,0.23044397463002114,0.020374898125509373,0.8134328358208955,0.21887550200803213,0.21006907650451176,28.790294117647058,direct classification
logistic,3,0.96,0.18604651162790697,0.017114914425427872,0.8073394495412844,0.17813765182186234,0.1689315972024791,23.418970588235293,direct classification
logistic,3,0.965,0.14799154334038056,0.013854930725346373,0.8045977011494253,0.14285714285714285,0.13413661261503418,18.69220588235294,direct classification
logistic,3,0.97,0.10359408033826638,0.010594947025264874,0.7903225806451613,0.10082304526748971,0.0929991333130015,13.320882352941176,direct classification
logistic,3,0.975,0.06976744186046512,0.008149959250203748,0.7674418604651163,0.06832298136645963,0.06161748261026137,9.238676470588235,direct classification
logistic,3,0.98,0.035940803382663845,0.0032599837000814994,0.8095238095238095,0.03563941299790356,0.032680819682582345,4.511911764705882,direct classification
logistic,3,0.985,0.016913319238900635,0.0016299918500407497,0.8,0.016842105263157894,0.015283327388859885,2.148529411764706,direct classification
logistic,3,0.99,0.0,0.0,,0.0,0.0,0.0,direct classification
logistic,3,0.995,0.0,0.0,,0.0,0.0,0.0,direct classification
