date,PM2.5,PM2.5_raw,pct_complete,n_obs,location_id,cadence,true_cov,clean_reason
2016-11-09,,270.0,4.0,1,8118,48.0,2.0833333333333335,low_coverage
2016-11-10,259.0,259.0,142.0,34,8118,48.0,70.83333333333333,
2016-11-11,274.0,274.0,163.0,39,8118,48.0,81.25,
2016-11-12,238.0,238.0,163.0,39,8118,48.0,81.25,
2016-11-13,175.0,175.0,146.0,35,8118,48.0,72.91666666666667,
2016-11-14,167.0,167.0,175.0,42,8118,48.0,87.5,
2016-11-15,202.0,202.0,129.0,31,8118,48.0,64.58333333333333,
2016-11-16,250.0,250.0,133.0,32,8118,48.0,66.66666666666667,
2016-11-17,215.0,215.0,129.0,31,8118,48.0,64.58333333333333,
2016-11-18,195.0,195.0,163.0,39,8118,48.0,81.25,
2016-11-19,201.0,201.0,188.0,45,8118,48.0,93.75,
2016-11-20,211.0,211.0,200.0,48,8118,48.0,100.0,
2016-11-21,198.0,198.0,200.0,48,8118,48.0,100.0,
2016-11-22,113.0,113.0,200.0,48,8118,48.0,100.0,
2016-11-23,144.0,144.0,200.0,48,8118,48.0,100.0,
2016-11-24,,231.0,54.0,13,8118,48.0,27.083333333333332,low_coverage
2016-11-25,90.5,90.5,146.0,35,8118,48.0,72.91666666666667,
2016-11-26,80.1,80.1,200.0,48,8118,48.0,100.0,
2016-11-27,99.7,99.7,200.0,48,8118,48.0,100.0,
2016-11-28,78.1,78.1,196.0,47,8118,48.0,97.91666666666667,
2016-11-29,169.0,169.0,188.0,45,8118,48.0,93.75,
2016-11-30,248.0,248.0,200.0,48,8118,48.0,100.0,
2016-12-01,276.0,276.0,179.0,43,8118,48.0,89.58333333333333,
2016-12-02,283.0,283.0,146.0,35,8118,48.0,72.91666666666667,
2016-12-03,188.0,188.0,158.0,38,8118,48.0,79.16666666666667,
2016-12-04,149.0,149.0,121.0,29,8118,48.0,60.416666666666664,
2016-12-05,168.0,168.0,129.0,31,8118,48.0,64.58333333333333,
2016-12-06,278.0,278.0,133.0,32,8118,48.0,66.66666666666667,
2016-12-07,271.0,271.0,117.0,28,8118,48.0,58.333333333333336,
2016-12-08,261.0,261.0,154.0,37,8118,48.0,77.08333333333333,
2016-12-09,230.0,230.0,158.0,38,8118,48.0,79.16666666666667,
2016-12-10,219.0,219.0,142.0,34,8118,48.0,70.83333333333333,
2016-12-11,188.0,188.0,138.0,33,8118,48.0,68.75,
2016-12-12,164.0,164.0,129.0,31,8118,48.0,64.58333333333333,
2016-12-13,173.0,173.0,142.0,34,8118,48.0,70.83333333333333,
2016-12-14,142.0,142.0,129.0,31,8118,48.0,64.58333333333333,
2016-12-15,146.0,146.0,113.0,27,8118,48.0,56.25,
2016-12-16,152.0,152.0,154.0,37,8118,48.0,77.08333333333333,
2016-12-17,228.0,228.0,133.0,32,8118,48.0,66.66666666666667,
2016-12-18,225.0,225.0,154.0,37,8118,48.0,77.08333333333333,
2016-12-19,245.0,245.0,146.0,35,8118,48.0,72.91666666666667,
2016-12-20,157.0,157.0,171.0,41,8118,48.0,85.41666666666667,
2016-12-21,119.0,119.0,188.0,45,8118,48.0,93.75,
2016-12-22,165.0,165.0,183.0,44,8118,48.0,91.66666666666667,
2016-12-23,342.0,342.0,188.0,45,8118,48.0,93.75,
2016-12-24,,443.0,42.0,10,8118,48.0,20.833333333333332,low_coverage
2016-12-25,279.0,279.0,129.0,31,8118,48.0,64.58333333333333,
2016-12-26,186.0,186.0,188.0,45,8118,48.0,93.75,
2016-12-27,185.0,185.0,179.0,43,8118,48.0,89.58333333333333,
2016-12-28,201.0,201.0,138.0,33,8118,48.0,68.75,
2016-12-29,262.0,262.0,113.0,27,8118,48.0,56.25,
2016-12-30,208.0,208.0,125.0,30,8118,48.0,62.5,
2016-12-31,210.0,210.0,133.0,32,8118,48.0,66.66666666666667,
2017-01-01,162.0,162.0,129.0,31,8118,47.0,65.95744680851064,
2017-01-02,162.0,162.0,125.0,30,8118,47.0,63.829787234042556,
2017-01-03,216.0,216.0,171.0,41,8118,47.0,87.23404255319149,
2017-01-04,174.0,174.0,138.0,33,8118,47.0,70.2127659574468,
2017-01-05,156.0,156.0,158.0,38,8118,47.0,80.85106382978724,
2017-01-06,154.0,154.0,158.0,38,8118,47.0,80.85106382978724,
2017-01-07,134.0,134.0,163.0,39,8118,47.0,82.97872340425532,
2017-01-08,125.0,125.0,150.0,36,8118,47.0,76.59574468085107,
2017-01-09,145.0,145.0,200.0,48,8118,47.0,102.12765957446808,
2017-01-10,102.0,102.0,200.0,48,8118,47.0,102.12765957446808,
2017-01-11,137.0,137.0,179.0,43,8118,47.0,91.48936170212765,
2017-01-12,217.0,217.0,200.0,48,8118,47.0,102.12765957446808,
2017-01-13,229.0,229.0,200.0,48,8118,47.0,102.12765957446808,
2017-01-14,297.0,297.0,200.0,48,8118,47.0,102.12765957446808,
2017-01-15,178.0,178.0,200.0,48,8118,47.0,102.12765957446808,
2017-01-16,165.0,165.0,200.0,48,8118,47.0,102.12765957446808,
2017-01-17,129.0,129.0,200.0,48,8118,47.0,102.12765957446808,
2017-01-18,169.0,169.0,188.0,45,8118,47.0,95.74468085106383,
2017-01-19,160.0,160.0,183.0,44,8118,47.0,93.61702127659575,
2017-01-20,106.0,106.0,192.0,46,8118,47.0,97.87234042553192,
2017-01-21,224.0,224.0,192.0,46,8118,47.0,97.87234042553192,
2017-01-22,269.0,269.0,158.0,38,8118,47.0,80.85106382978724,
2017-01-23,,219.0,33.0,8,8118,47.0,17.02127659574468,low_coverage
2017-01-24,190.0,190.0,138.0,33,8118,47.0,70.2127659574468,
2017-01-25,218.0,218.0,146.0,35,8118,47.0,74.46808510638297,
2017-01-26,134.0,134.0,183.0,44,8118,47.0,93.61702127659575,
2017-01-27,54.3,54.3,158.0,38,8118,47.0,80.85106382978724,
2017-01-28,116.0,116.0,158.0,38,8118,47.0,80.85106382978724,
2017-01-29,110.0,110.0,183.0,44,8118,47.0,93.61702127659575,
2017-01-30,153.0,153.0,183.0,44,8118,47.0,93.61702127659575,
2017-01-31,149.0,149.0,192.0,46,8118,47.0,97.87234042553192,
2017-02-01,116.0,116.0,175.0,42,8118,47.0,89.36170212765957,
2017-02-02,180.0,180.0,179.0,43,8118,47.0,91.48936170212765,
2017-02-03,191.0,191.0,192.0,46,8118,47.0,97.87234042553192,
2017-02-04,149.0,149.0,200.0,48,8118,47.0,102.12765957446808,
2017-02-05,136.0,136.0,200.0,48,8118,47.0,102.12765957446808,
2017-02-06,165.0,165.0,188.0,45,8118,47.0,95.74468085106383,
2017-02-07,70.2,70.2,163.0,39,8118,47.0,82.97872340425532,
2017-02-08,118.0,118.0,171.0,41,8118,47.0,87.23404255319149,
2017-02-09,110.0,110.0,179.0,43,8118,47.0,91.48936170212765,
2017-02-10,105.0,105.0,167.0,40,8118,47.0,85.1063829787234,
2017-02-11,111.0,111.0,179.0,43,8118,47.0,91.48936170212765,
2017-02-12,123.0,123.0,167.0,40,8118,47.0,85.1063829787234,
2017-02-13,104.0,104.0,171.0,41,8118,47.0,87.23404255319149,
2017-02-14,121.0,121.0,183.0,44,8118,47.0,93.61702127659575,
2017-02-15,126.0,126.0,200.0,48,8118,47.0,102.12765957446808,
2017-02-16,121.0,121.0,158.0,38,8118,47.0,80.85106382978724,
2017-02-17,99.3,99.3,117.0,28,8118,47.0,59.57446808510638,
2017-02-18,97.0,97.0,117.0,28,8118,47.0,59.57446808510638,
2017-02-19,103.0,103.0,125.0,30,8118,47.0,63.829787234042556,
2017-02-20,98.7,98.7,113.0,27,8118,47.0,57.4468085106383,
2017-02-21,89.2,89.2,138.0,33,8118,47.0,70.2127659574468,
2017-02-22,,91.3,42.0,10,8118,47.0,21.27659574468085,low_coverage
2017-02-23,40.8,40.8,142.0,34,8118,47.0,72.34042553191489,
2017-02-24,44.3,44.3,142.0,34,8118,47.0,72.34042553191489,
2017-02-25,53.4,53.4,150.0,36,8118,47.0,76.59574468085107,
2017-02-26,98.5,98.5,175.0,42,8118,47.0,89.36170212765957,
2017-02-27,70.4,70.4,175.0,42,8118,47.0,89.36170212765957,
2017-02-28,60.6,60.6,163.0,39,8118,47.0,82.97872340425532,
2017-03-01,89.1,89.1,167.0,40,8118,47.0,85.1063829787234,
2017-03-02,95.2,95.2,171.0,41,8118,47.0,87.23404255319149,
2017-03-03,43.8,43.8,200.0,48,8118,47.0,102.12765957446808,
2017-03-04,65.6,65.6,192.0,46,8118,47.0,97.87234042553192,
2017-03-05,68.5,68.5,192.0,46,8118,47.0,97.87234042553192,
2017-03-06,86.7,86.7,158.0,38,8118,47.0,80.85106382978724,
2017-03-07,79.9,79.9,142.0,34,8118,47.0,72.34042553191489,
2017-03-08,44.5,44.5,158.0,38,8118,47.0,80.85106382978724,
2017-03-09,47.2,47.2,108.0,26,8118,47.0,55.319148936170215,
2017-03-10,33.5,33.5,167.0,40,8118,47.0,85.1063829787234,
2017-03-11,22.1,22.1,167.0,40,8118,47.0,85.1063829787234,
2017-03-12,32.3,32.3,188.0,45,8118,47.0,95.74468085106383,
2017-03-13,60.5,60.5,150.0,36,8118,47.0,76.59574468085107,
2017-03-14,52.5,52.5,125.0,30,8118,47.0,63.829787234042556,
2017-03-15,110.0,110.0,129.0,31,8118,47.0,65.95744680851064,
2017-03-16,87.0,87.0,133.0,32,8118,47.0,68.08510638297872,
2017-03-17,83.2,83.2,167.0,40,8118,47.0,85.1063829787234,
2017-03-18,74.9,74.9,150.0,36,8118,47.0,76.59574468085107,
2017-03-19,70.7,70.7,138.0,33,8118,47.0,70.2127659574468,
2017-03-20,109.0,109.0,117.0,28,8118,47.0,59.57446808510638,
2017-03-21,169.0,169.0,133.0,32,8118,47.0,68.08510638297872,
2017-03-22,87.1,87.1,146.0,35,8118,47.0,74.46808510638297,
2017-03-23,132.0,132.0,133.0,32,8118,47.0,68.08510638297872,
2017-03-24,,103.0,50.0,12,8118,47.0,25.53191489361702,low_coverage
2017-03-25,49.1,49.1,125.0,30,8118,47.0,63.829787234042556,
2017-03-26,82.2,82.2,158.0,38,8118,47.0,80.85106382978724,
2017-03-27,61.0,61.0,142.0,34,8118,47.0,72.34042553191489,
2017-03-28,110.0,110.0,154.0,37,8118,47.0,78.72340425531915,
2017-03-29,96.1,96.1,167.0,40,8118,47.0,85.1063829787234,
2017-03-30,48.2,48.2,158.0,38,8118,47.0,80.85106382978724,
2017-03-31,66.0,66.0,158.0,38,8118,47.0,80.85106382978724,
2017-04-01,78.6,78.6,163.0,39,8118,47.0,82.97872340425532,
2017-04-02,72.1,72.1,146.0,35,8118,47.0,74.46808510638297,
2017-04-03,52.7,52.7,154.0,37,8118,47.0,78.72340425531915,
2017-04-04,43.2,43.2,171.0,41,8118,47.0,87.23404255319149,
2017-04-05,27.5,27.5,163.0,39,8118,47.0,82.97872340425532,
2017-04-06,49.3,49.3,163.0,39,8118,47.0,82.97872340425532,
2017-04-07,161.0,161.0,129.0,31,8118,47.0,65.95744680851064,
2017-04-08,107.0,107.0,138.0,33,8118,47.0,70.2127659574468,
2017-04-09,26.9,26.9,125.0,30,8118,47.0,63.829787234042556,
2017-04-10,35.9,35.9,117.0,28,8118,47.0,59.57446808510638,
2017-04-11,58.2,58.2,138.0,33,8118,47.0,70.2127659574468,
2017-04-12,77.9,77.9,142.0,34,8118,47.0,72.34042553191489,
2017-04-13,85.0,85.0,142.0,34,8118,47.0,72.34042553191489,
2017-04-14,121.0,121.0,192.0,46,8118,47.0,97.87234042553192,
2017-04-15,108.0,108.0,175.0,42,8118,47.0,89.36170212765957,
2017-04-16,559.0,559.0,142.0,34,8118,47.0,72.34042553191489,
2017-04-17,700.0,700.0,188.0,45,8118,47.0,95.74468085106383,
2017-04-18,174.0,174.0,163.0,39,8118,47.0,82.97872340425532,
2017-04-19,75.9,75.9,171.0,41,8118,47.0,87.23404255319149,
2017-04-20,78.4,78.4,146.0,35,8118,47.0,74.46808510638297,
2017-04-21,98.4,98.4,138.0,33,8118,47.0,70.2127659574468,
2017-04-22,102.0,102.0,163.0,39,8118,47.0,82.97872340425532,
2017-04-23,,94.3,33.0,8,8118,47.0,17.02127659574468,low_coverage
2017-04-24,243.0,243.0,113.0,27,8118,47.0,57.4468085106383,
2017-04-25,63.6,63.6,133.0,32,8118,47.0,68.08510638297872,
2017-04-26,32.7,32.7,113.0,27,8118,47.0,57.4468085106383,
2017-04-27,54.7,54.7,121.0,29,8118,47.0,61.702127659574465,
2017-04-28,64.4,64.4,133.0,32,8118,47.0,68.08510638297872,
2017-04-29,34.6,34.6,183.0,44,8118,47.0,93.61702127659575,
2017-04-30,,,200.0,48,8118,47.0,102.12765957446808,
2017-05-01,38.5,38.5,200.0,48,8118,47.0,102.12765957446808,
2017-05-02,88.9,88.9,171.0,41,8118,47.0,87.23404255319149,
2017-05-03,112.0,112.0,113.0,27,8118,47.0,57.4468085106383,
2017-05-04,74.3,74.3,129.0,31,8118,47.0,65.95744680851064,
2017-05-05,142.0,142.0,150.0,36,8118,47.0,76.59574468085107,
2017-05-06,151.0,151.0,163.0,39,8118,47.0,82.97872340425532,
2017-05-07,128.0,128.0,150.0,36,8118,47.0,76.59574468085107,
2017-05-08,120.0,120.0,154.0,37,8118,47.0,78.72340425531915,
2017-05-09,68.2,68.2,142.0,34,8118,47.0,72.34042553191489,
2017-05-10,52.6,52.6,158.0,38,8118,47.0,80.85106382978724,
2017-05-11,167.0,167.0,167.0,40,8118,47.0,85.1063829787234,
2017-05-12,146.0,146.0,158.0,38,8118,47.0,80.85106382978724,
2017-05-13,98.6,98.6,200.0,48,8118,47.0,102.12765957446808,
2017-05-14,86.8,86.8,200.0,48,8118,47.0,102.12765957446808,
2017-05-15,64.5,64.5,200.0,48,8118,47.0,102.12765957446808,
2017-05-16,92.0,92.0,200.0,48,8118,47.0,102.12765957446808,
2017-05-17,58.5,58.5,200.0,48,8118,47.0,102.12765957446808,
2017-05-18,71.6,71.6,200.0,48,8118,47.0,102.12765957446808,
2017-05-19,52.6,52.6,200.0,48,8118,47.0,102.12765957446808,
2017-05-20,66.6,66.6,200.0,48,8118,47.0,102.12765957446808,
2017-05-21,110.0,110.0,200.0,48,8118,47.0,102.12765957446808,
2017-05-22,124.0,124.0,200.0,48,8118,47.0,102.12765957446808,
2017-05-23,,117.0,54.0,13,8118,47.0,27.659574468085108,low_coverage
2017-05-24,71.8,71.8,146.0,35,8118,47.0,74.46808510638297,
2017-05-25,59.8,59.8,200.0,48,8118,47.0,102.12765957446808,
2017-05-26,76.0,76.0,183.0,44,8118,47.0,93.61702127659575,
2017-05-27,48.8,48.8,129.0,31,8118,47.0,65.95744680851064,
2017-05-28,29.5,29.5,142.0,34,8118,47.0,72.34042553191489,
2017-05-29,39.6,39.6,154.0,37,8118,47.0,78.72340425531915,
2017-05-30,49.9,49.9,158.0,38,8118,47.0,80.85106382978724,
2017-05-31,43.1,43.1,183.0,44,8118,47.0,93.61702127659575,
2017-06-01,72.7,72.7,133.0,32,8118,47.0,68.08510638297872,
2017-06-02,97.8,97.8,125.0,30,8118,47.0,63.829787234042556,
2017-06-03,74.6,74.6,175.0,42,8118,47.0,89.36170212765957,
2017-06-04,80.5,80.5,167.0,40,8118,47.0,85.1063829787234,
2017-06-05,41.4,41.4,142.0,34,8118,47.0,72.34042553191489,
2017-06-06,45.0,45.0,150.0,36,8118,47.0,76.59574468085107,
2017-06-07,27.8,27.8,171.0,41,8118,47.0,87.23404255319149,
2017-06-08,35.6,35.6,167.0,40,8118,47.0,85.1063829787234,
2017-06-09,57.0,57.0,158.0,38,8118,47.0,80.85106382978724,
2017-06-10,61.5,61.5,171.0,41,8118,47.0,87.23404255319149,
2017-06-11,34.3,34.3,188.0,45,8118,47.0,95.74468085106383,
2017-06-12,46.5,46.5,163.0,39,8118,47.0,82.97872340425532,
2017-06-13,39.4,39.4,138.0,33,8118,47.0,70.2127659574468,
2017-06-14,42.6,42.6,154.0,37,8118,47.0,78.72340425531915,
2017-06-15,57.9,57.9,129.0,31,8118,47.0,65.95744680851064,
2017-06-16,44.0,44.0,146.0,35,8118,47.0,74.46808510638297,
2017-06-17,94.7,94.7,142.0,34,8118,47.0,72.34042553191489,
2017-06-18,50.9,50.9,150.0,36,8118,47.0,76.59574468085107,
2017-06-19,53.6,53.6,171.0,41,8118,47.0,87.23404255319149,
2017-06-20,28.1,28.1,171.0,41,8118,47.0,87.23404255319149,
2017-06-21,106.0,106.0,163.0,39,8118,47.0,82.97872340425532,
2017-06-22,,59.4,42.0,10,8118,47.0,21.27659574468085,low_coverage
2017-06-23,38.8,38.8,100.0,24,8118,47.0,51.06382978723404,
2017-06-24,51.3,51.3,150.0,36,8118,47.0,76.59574468085107,
2017-06-25,65.6,65.6,175.0,42,8118,47.0,89.36170212765957,
2017-06-26,45.6,45.6,188.0,45,8118,47.0,95.74468085106383,
2017-06-27,34.5,34.5,163.0,39,8118,47.0,82.97872340425532,
2017-06-28,24.0,24.0,179.0,43,8118,47.0,91.48936170212765,
2017-06-29,20.7,20.7,192.0,46,8118,47.0,97.87234042553192,
2017-06-30,19.1,19.1,188.0,45,8118,47.0,95.74468085106383,
2017-07-01,36.2,36.2,196.0,47,8118,47.0,100.0,
2017-07-02,20.5,20.5,196.0,47,8118,47.0,100.0,
2017-07-03,39.4,39.4,183.0,44,8118,47.0,93.61702127659575,
2017-07-04,43.6,43.6,179.0,43,8118,47.0,91.48936170212765,
2017-07-05,48.3,48.3,188.0,45,8118,47.0,95.74468085106383,
2017-07-06,46.3,46.3,196.0,47,8118,47.0,100.0,
2017-07-07,42.0,42.0,179.0,43,8118,47.0,91.48936170212765,
2017-07-08,41.1,41.1,167.0,40,8118,47.0,85.1063829787234,
2017-07-09,52.5,52.5,171.0,41,8118,47.0,87.23404255319149,
2017-07-10,39.3,39.3,196.0,47,8118,47.0,100.0,
2017-07-11,33.1,33.1,167.0,40,8118,47.0,85.1063829787234,
2017-07-12,21.0,21.0,171.0,41,8118,47.0,87.23404255319149,
2017-07-13,21.1,21.1,142.0,34,8118,47.0,72.34042553191489,
2017-07-14,24.2,24.2,150.0,36,8118,47.0,76.59574468085107,
2017-07-15,26.1,26.1,192.0,46,8118,47.0,97.87234042553192,
2017-07-16,,,200.0,48,8118,47.0,102.12765957446808,
2017-07-17,,,200.0,48,8118,47.0,102.12765957446808,
2017-07-18,27.8,27.8,200.0,48,8118,47.0,102.12765957446808,
2017-07-19,47.3,47.3,179.0,43,8118,47.0,91.48936170212765,
2017-07-20,30.2,30.2,200.0,48,8118,47.0,102.12765957446808,
2017-07-21,,27.7,29.0,7,8118,47.0,14.893617021276595,low_coverage
2017-08-11,,21.8,88.0,21,8118,47.0,44.680851063829785,low_coverage
2017-08-12,14.5,14.5,146.0,35,8118,47.0,74.46808510638297,
2017-08-13,17.8,17.8,121.0,29,8118,47.0,61.702127659574465,
2017-08-14,23.6,23.6,133.0,32,8118,47.0,68.08510638297872,
2017-08-15,29.0,29.0,138.0,33,8118,47.0,70.2127659574468,
2017-08-16,30.4,30.4,163.0,39,8118,47.0,82.97872340425532,
2017-08-17,34.9,34.9,138.0,33,8118,47.0,70.2127659574468,
2017-08-18,38.4,38.4,108.0,26,8118,47.0,55.319148936170215,
2017-08-19,34.6,34.6,133.0,32,8118,47.0,68.08510638297872,
2017-08-20,23.8,23.8,163.0,39,8118,47.0,82.97872340425532,
2017-08-21,,27.8,25.0,6,8118,47.0,12.76595744680851,low_coverage
2017-08-22,,-5.41,142.0,34,8118,47.0,72.34042553191489,below_min
2017-08-23,,-6.27,200.0,48,8118,47.0,102.12765957446808,below_min
2017-08-24,104.0,104.0,183.0,44,8118,47.0,93.61702127659575,
2017-08-25,56.7,56.7,125.0,30,8118,47.0,63.829787234042556,
2017-08-26,,,183.0,44,8118,47.0,93.61702127659575,
2017-08-27,,,183.0,44,8118,47.0,93.61702127659575,
2017-08-28,,,183.0,44,8118,47.0,93.61702127659575,
2017-08-29,,,183.0,44,8118,47.0,93.61702127659575,
2017-08-30,,,175.0,42,8118,47.0,89.36170212765957,
2017-08-31,,,183.0,44,8118,47.0,93.61702127659575,
2017-09-01,,,167.0,40,8118,47.0,85.1063829787234,
2017-09-02,,,200.0,48,8118,47.0,102.12765957446808,
2017-09-03,,,183.0,44,8118,47.0,93.61702127659575,
2017-09-04,,,183.0,44,8118,47.0,93.61702127659575,
2017-09-05,,,183.0,44,8118,47.0,93.61702127659575,
2017-09-06,,,158.0,38,8118,47.0,80.85106382978724,
2017-09-07,39.0,39.0,167.0,40,8118,47.0,85.1063829787234,
2017-09-08,57.7,57.7,129.0,31,8118,47.0,65.95744680851064,
2017-09-09,50.5,50.5,108.0,26,8118,47.0,55.319148936170215,
2017-09-10,55.9,55.9,179.0,43,8118,47.0,91.48936170212765,
2017-09-11,58.0,58.0,129.0,31,8118,47.0,65.95744680851064,
2017-09-12,96.2,96.2,150.0,36,8118,47.0,76.59574468085107,
2017-09-13,50.9,50.9,150.0,36,8118,47.0,76.59574468085107,
2017-09-14,64.6,64.6,142.0,34,8118,47.0,72.34042553191489,
2017-09-15,,55.9,88.0,21,8118,47.0,44.680851063829785,low_coverage
2017-09-16,50.3,50.3,125.0,30,8118,47.0,63.829787234042556,
2017-09-17,44.4,44.4,133.0,32,8118,47.0,68.08510638297872,
2017-09-18,43.8,43.8,129.0,31,8118,47.0,65.95744680851064,
2017-09-19,54.0,54.0,104.0,25,8118,47.0,53.191489361702125,
2017-09-20,,50.9,29.0,7,8118,47.0,14.893617021276595,low_coverage
2017-09-21,,39.6,50.0,12,8118,47.0,25.53191489361702,low_coverage
2017-09-22,9.78,9.78,138.0,33,8118,47.0,70.2127659574468,
2017-09-23,8.83,8.83,121.0,29,8118,47.0,61.702127659574465,
2017-09-24,,30.3,96.0,23,8118,47.0,48.93617021276596,low_coverage
2017-09-25,48.5,48.5,125.0,30,8118,47.0,63.829787234042556,
2017-09-26,64.7,64.7,129.0,31,8118,47.0,65.95744680851064,
2017-09-27,79.0,79.0,121.0,29,8118,47.0,61.702127659574465,
2017-09-28,71.4,71.4,146.0,35,8118,47.0,74.46808510638297,
2017-09-29,138.0,138.0,163.0,39,8118,47.0,82.97872340425532,
2017-09-30,80.4,80.4,163.0,39,8118,47.0,82.97872340425532,
2017-10-01,86.8,86.8,125.0,30,8118,47.0,63.829787234042556,
2017-10-02,54.8,54.8,129.0,31,8118,47.0,65.95744680851064,
2017-10-03,54.4,54.4,117.0,28,8118,47.0,59.57446808510638,
2017-10-04,76.3,76.3,183.0,44,8118,47.0,93.61702127659575,
2017-10-05,63.7,63.7,188.0,45,8118,47.0,95.74468085106383,
2017-10-06,57.1,57.1,125.0,30,8118,47.0,63.829787234042556,
2017-10-07,66.1,66.1,163.0,39,8118,47.0,82.97872340425532,
2017-10-08,108.0,108.0,171.0,41,8118,47.0,87.23404255319149,
2017-10-09,94.5,94.5,142.0,34,8118,47.0,72.34042553191489,
2017-10-10,99.7,99.7,129.0,31,8118,47.0,65.95744680851064,
2017-10-11,104.0,104.0,150.0,36,8118,47.0,76.59574468085107,
2017-10-12,128.0,128.0,138.0,33,8118,47.0,70.2127659574468,
2017-10-13,113.0,113.0,104.0,25,8118,47.0,53.191489361702125,
2017-10-14,114.0,114.0,108.0,26,8118,47.0,55.319148936170215,
2017-10-15,,1120.0,121.0,29,8118,47.0,61.702127659574465,above_max
2017-10-16,695.0,695.0,142.0,34,8118,47.0,72.34042553191489,
2017-10-17,138.0,138.0,163.0,39,8118,47.0,82.97872340425532,
2017-10-18,146.0,146.0,117.0,28,8118,47.0,59.57446808510638,
2017-10-19,158.0,158.0,108.0,26,8118,47.0,55.319148936170215,
2017-10-20,,612.0,42.0,10,8118,47.0,21.27659574468085,low_coverage
2017-10-21,226.0,226.0,125.0,30,8118,47.0,63.829787234042556,
2017-10-22,150.0,150.0,129.0,31,8118,47.0,65.95744680851064,
2017-10-23,132.0,132.0,113.0,27,8118,47.0,57.4468085106383,
2017-10-24,162.0,162.0,125.0,30,8118,47.0,63.829787234042556,
2017-10-25,,291.0,79.0,19,8118,47.0,40.42553191489362,low_coverage
2017-10-26,158.0,158.0,121.0,29,8118,47.0,61.702127659574465,
2017-10-27,,162.0,96.0,23,8118,47.0,48.93617021276596,low_coverage
2017-10-28,,178.0,88.0,21,8118,47.0,44.680851063829785,low_coverage
2017-10-29,188.0,188.0,138.0,33,8118,47.0,70.2127659574468,
2017-10-30,191.0,191.0,104.0,25,8118,47.0,53.191489361702125,
2017-10-31,231.0,231.0,129.0,31,8118,47.0,65.95744680851064,
2017-11-01,209.0,209.0,129.0,31,8118,47.0,65.95744680851064,
2017-11-02,171.0,171.0,138.0,33,8118,47.0,70.2127659574468,
2017-11-03,194.0,194.0,167.0,40,8118,47.0,85.1063829787234,
2017-11-04,188.0,188.0,104.0,25,8118,47.0,53.191489361702125,
2017-11-05,190.0,190.0,113.0,27,8118,47.0,57.4468085106383,
2017-11-06,171.0,171.0,138.0,33,8118,47.0,70.2127659574468,
2017-11-07,566.0,566.0,100.0,24,8118,47.0,51.06382978723404,
2017-11-08,896.0,896.0,129.0,31,8118,47.0,65.95744680851064,
2017-11-09,534.0,534.0,129.0,31,8118,47.0,65.95744680851064,
2017-11-10,408.0,408.0,146.0,35,8118,47.0,74.46808510638297,
2017-11-11,354.0,354.0,158.0,38,8118,47.0,80.85106382978724,
2017-11-12,505.0,505.0,117.0,28,8118,47.0,59.57446808510638,
2017-11-13,446.0,446.0,142.0,34,8118,47.0,72.34042553191489,
2017-11-14,,298.0,96.0,23,8118,47.0,48.93617021276596,low_coverage
2017-11-15,,213.0,96.0,23,8118,47.0,48.93617021276596,low_coverage
2017-11-16,205.0,205.0,117.0,28,8118,47.0,59.57446808510638,
2017-11-17,164.0,164.0,158.0,38,8118,47.0,80.85106382978724,
2017-11-18,179.0,179.0,129.0,31,8118,47.0,65.95744680851064,
2017-11-19,,166.0,38.0,9,8118,47.0,19.148936170212767,low_coverage
2017-11-20,,182.0,92.0,22,8118,47.0,46.808510638297875,low_coverage
2017-11-21,186.0,186.0,113.0,27,8118,47.0,57.4468085106383,
2017-11-22,190.0,190.0,121.0,29,8118,47.0,61.702127659574465,
2017-11-23,182.0,182.0,113.0,27,8118,47.0,57.4468085106383,
2017-11-24,176.0,176.0,113.0,27,8118,47.0,57.4468085106383,
2017-11-25,185.0,185.0,113.0,27,8118,47.0,57.4468085106383,
2017-11-26,218.0,218.0,113.0,27,8118,47.0,57.4468085106383,
2017-11-27,240.0,240.0,125.0,30,8118,47.0,63.829787234042556,
2017-11-28,141.0,141.0,104.0,25,8118,47.0,53.191489361702125,
2017-11-29,169.0,169.0,133.0,32,8118,47.0,68.08510638297872,
2017-11-30,,245.0,96.0,23,8118,47.0,48.93617021276596,low_coverage
2017-12-01,205.0,205.0,108.0,26,8118,47.0,55.319148936170215,
2017-12-02,,172.0,88.0,21,8118,47.0,44.680851063829785,low_coverage
2017-12-03,240.0,240.0,117.0,28,8118,47.0,59.57446808510638,
2017-12-04,,270.0,88.0,21,8118,47.0,44.680851063829785,low_coverage
2017-12-05,280.0,280.0,100.0,24,8118,47.0,51.06382978723404,
2017-12-06,,157.0,79.0,19,8118,47.0,40.42553191489362,low_coverage
2017-12-27,,202.0,75.0,18,8118,47.0,38.297872340425535,low_coverage
2017-12-28,277.0,277.0,146.0,35,8118,47.0,74.46808510638297,
2017-12-29,252.0,252.0,146.0,35,8118,47.0,74.46808510638297,
2017-12-30,305.0,305.0,108.0,26,8118,47.0,55.319148936170215,
2017-12-31,,273.0,88.0,21,8118,47.0,44.680851063829785,low_coverage
2018-01-01,370.0,370.0,133.0,32,8118,46.0,69.56521739130434,
2018-01-02,383.0,383.0,96.0,23,8118,46.0,50.0,
2018-01-03,,306.0,67.0,16,8118,46.0,34.78260869565217,low_coverage
2018-01-04,243.0,243.0,96.0,23,8118,46.0,50.0,
2018-01-05,289.0,289.0,100.0,24,8118,46.0,52.17391304347826,
2018-01-06,274.0,274.0,142.0,34,8118,46.0,73.91304347826087,
2018-01-07,235.0,235.0,150.0,36,8118,46.0,78.26086956521739,
2018-01-08,169.0,169.0,108.0,26,8118,46.0,56.52173913043478,
2018-01-09,329.0,329.0,100.0,24,8118,46.0,52.17391304347826,
2018-01-10,189.0,189.0,113.0,27,8118,46.0,58.69565217391305,
2018-01-11,180.0,180.0,108.0,26,8118,46.0,56.52173913043478,
2018-01-12,196.0,196.0,96.0,23,8118,46.0,50.0,
2018-01-13,209.0,209.0,104.0,25,8118,46.0,54.34782608695652,
2018-01-14,195.0,195.0,113.0,27,8118,46.0,58.69565217391305,
2018-01-15,238.0,238.0,167.0,40,8118,46.0,86.95652173913044,
2018-01-16,141.0,141.0,125.0,30,8118,46.0,65.21739130434783,
2018-01-17,242.0,242.0,100.0,24,8118,46.0,52.17391304347826,
2018-01-18,,364.0,29.0,7,8118,46.0,15.217391304347826,low_coverage
2018-01-19,298.0,298.0,100.0,24,8118,46.0,52.17391304347826,
2018-01-20,169.0,169.0,117.0,28,8118,46.0,60.869565217391305,
2018-01-21,152.0,152.0,138.0,33,8118,46.0,71.73913043478261,
2018-01-22,206.0,206.0,142.0,34,8118,46.0,73.91304347826087,
2018-01-23,203.0,203.0,125.0,30,8118,46.0,65.21739130434783,
2018-01-24,180.0,180.0,104.0,25,8118,46.0,54.34782608695652,
2018-01-25,137.0,137.0,125.0,30,8118,46.0,65.21739130434783,
2018-01-26,,201.0,92.0,22,8118,46.0,47.82608695652174,low_coverage
2018-01-27,200.0,200.0,138.0,33,8118,46.0,71.73913043478261,
2018-01-28,,208.0,71.0,17,8118,46.0,36.95652173913044,low_coverage
2018-01-29,198.0,198.0,96.0,23,8118,46.0,50.0,
2018-01-30,,155.0,88.0,21,8118,46.0,45.65217391304348,low_coverage
2018-01-31,,145.0,75.0,18,8118,46.0,39.130434782608695,low_coverage
2018-02-01,137.0,137.0,125.0,30,8118,46.0,65.21739130434783,
2018-02-02,,167.0,92.0,22,8118,46.0,47.82608695652174,low_coverage
2018-02-03,,89.8,92.0,22,8118,46.0,47.82608695652174,low_coverage
2018-02-04,,150.0,92.0,22,8118,46.0,47.82608695652174,low_coverage
2018-02-05,166.0,166.0,133.0,32,8118,46.0,69.56521739130434,
2018-02-06,,161.0,79.0,19,8118,46.0,41.30434782608695,low_coverage
2018-02-07,126.0,126.0,108.0,26,8118,46.0,56.52173913043478,
2018-02-08,146.0,146.0,113.0,27,8118,46.0,58.69565217391305,
2018-02-09,,167.0,71.0,17,8118,46.0,36.95652173913044,low_coverage
2018-02-10,,141.0,63.0,15,8118,46.0,32.608695652173914,low_coverage
2018-02-11,,111.0,71.0,17,8118,46.0,36.95652173913044,low_coverage
2018-02-12,,81.3,25.0,6,8118,46.0,13.043478260869565,low_coverage
2018-02-13,,84.3,17.0,4,8118,46.0,8.695652173913043,low_coverage
2018-02-14,65.8,65.8,96.0,23,8118,46.0,50.0,
2018-02-15,67.0,67.0,167.0,40,8118,46.0,86.95652173913044,
2018-02-16,,871.0,75.0,18,8118,46.0,39.130434782608695,low_coverage
2018-02-17,,1990.0,54.0,13,8118,46.0,28.26086956521739,low_coverage
2018-02-18,,1990.0,104.0,25,8118,46.0,54.34782608695652,above_max
2018-02-19,,1990.0,183.0,44,8118,46.0,95.65217391304348,above_max
2018-02-20,,1080.0,117.0,28,8118,46.0,60.869565217391305,above_max
2018-02-21,,513.0,75.0,18,8118,46.0,39.130434782608695,low_coverage
2018-02-22,,144.0,21.0,5,8118,46.0,10.869565217391305,low_coverage
2018-02-23,,124.0,88.0,21,8118,46.0,45.65217391304348,low_coverage
2018-02-24,,138.0,71.0,17,8118,46.0,36.95652173913044,low_coverage
2018-02-25,,99.4,75.0,18,8118,46.0,39.130434782608695,low_coverage
2018-02-26,,68.8,25.0,6,8118,46.0,13.043478260869565,low_coverage
2018-02-27,,66.6,29.0,7,8118,46.0,15.217391304347826,low_coverage
2018-02-28,,150.0,33.0,8,8118,46.0,17.391304347826086,low_coverage
2018-03-01,,107.0,25.0,6,8118,46.0,13.043478260869565,low_coverage
2018-03-02,,118.0,33.0,8,8118,46.0,17.391304347826086,low_coverage
2018-03-03,,106.0,29.0,7,8118,46.0,15.217391304347826,low_coverage
2018-03-04,,66.3,54.0,13,8118,46.0,28.26086956521739,low_coverage
2018-03-05,,80.6,83.0,20,8118,46.0,43.47826086956522,low_coverage
2018-03-06,,78.2,88.0,21,8118,46.0,45.65217391304348,low_coverage
2018-03-07,,80.8,50.0,12,8118,46.0,26.08695652173913,low_coverage
2018-03-08,,71.5,50.0,12,8118,46.0,26.08695652173913,low_coverage
2018-03-09,,141.0,71.0,17,8118,46.0,36.95652173913044,low_coverage
2018-03-10,,85.4,88.0,21,8118,46.0,45.65217391304348,low_coverage
2018-03-11,104.0,104.0,100.0,24,8118,46.0,52.17391304347826,
2018-03-12,118.0,118.0,96.0,23,8118,46.0,50.0,
2018-03-13,,90.5,63.0,15,8118,46.0,32.608695652173914,low_coverage
2018-03-14,,81.4,88.0,21,8118,46.0,45.65217391304348,low_coverage
2018-03-15,76.3,76.3,113.0,27,8118,46.0,58.69565217391305,
2018-03-16,,80.3,54.0,13,8118,46.0,28.26086956521739,low_coverage
2018-03-17,,58.1,63.0,15,8118,46.0,32.608695652173914,low_coverage
2018-03-18,,106.0,63.0,15,8118,46.0,32.608695652173914,low_coverage
2018-03-19,,62.9,33.0,8,8118,46.0,17.391304347826086,low_coverage
2018-03-20,176.0,176.0,96.0,23,8118,46.0,50.0,
2018-03-21,,127.0,50.0,12,8118,46.0,26.08695652173913,low_coverage
2018-03-22,70.4,70.4,117.0,28,8118,46.0,60.869565217391305,
2018-03-23,54.3,54.3,100.0,24,8118,46.0,52.17391304347826,
2018-03-24,,75.0,75.0,18,8118,46.0,39.130434782608695,low_coverage
2018-03-25,98.0,98.0,121.0,29,8118,46.0,63.04347826086956,
2018-03-26,99.3,99.3,108.0,26,8118,46.0,56.52173913043478,
2018-03-27,92.8,92.8,108.0,26,8118,46.0,56.52173913043478,
2018-03-28,85.7,85.7,117.0,28,8118,46.0,60.869565217391305,
2018-03-29,73.2,73.2,121.0,29,8118,46.0,63.04347826086956,
2018-03-30,,73.7,83.0,20,8118,46.0,43.47826086956522,low_coverage
2018-03-31,,92.5,92.0,22,8118,46.0,47.82608695652174,low_coverage
2018-04-01,,59.1,88.0,21,8118,46.0,45.65217391304348,low_coverage
2018-04-02,69.7,69.7,146.0,35,8118,46.0,76.08695652173913,
2018-04-03,82.0,82.0,104.0,25,8118,46.0,54.34782608695652,
2018-04-04,78.9,78.9,129.0,31,8118,46.0,67.3913043478261,
2018-04-05,157.0,157.0,104.0,25,8118,46.0,54.34782608695652,
2018-04-06,,76.3,71.0,17,8118,46.0,36.95652173913044,low_coverage
2018-04-07,27.8,27.8,125.0,30,8118,46.0,65.21739130434783,
2018-04-08,41.3,41.3,142.0,34,8118,46.0,73.91304347826087,
2018-04-09,44.8,44.8,179.0,43,8118,46.0,93.47826086956522,
2018-04-10,58.2,58.2,96.0,23,8118,46.0,50.0,
2018-04-11,,37.3,88.0,21,8118,46.0,45.65217391304348,low_coverage
2018-04-12,25.3,25.3,117.0,28,8118,46.0,60.869565217391305,
2018-04-13,57.1,57.1,96.0,23,8118,46.0,50.0,
2018-04-14,63.3,63.3,113.0,27,8118,46.0,58.69565217391305,
2018-04-15,83.2,83.2,154.0,37,8118,46.0,80.43478260869566,
2018-04-16,76.7,76.7,125.0,30,8118,46.0,65.21739130434783,
2018-04-17,53.8,53.8,150.0,36,8118,46.0,78.26086956521739,
2018-04-18,,48.7,50.0,12,8118,46.0,26.08695652173913,low_coverage
2018-04-19,,85.4,88.0,21,8118,46.0,45.65217391304348,low_coverage
2018-04-20,,79.8,92.0,22,8118,46.0,47.82608695652174,low_coverage
2018-04-21,132.0,132.0,96.0,23,8118,46.0,50.0,
2018-04-22,,43.8,92.0,22,8118,46.0,47.82608695652174,low_coverage
2018-04-23,,69.2,83.0,20,8118,46.0,43.47826086956522,low_coverage
2018-04-24,,216.0,88.0,21,8118,46.0,45.65217391304348,low_coverage
2018-04-25,68.0,68.0,133.0,32,8118,46.0,69.56521739130434,
2018-04-26,111.0,111.0,171.0,41,8118,46.0,89.1304347826087,
2018-04-27,88.3,88.3,150.0,36,8118,46.0,78.26086956521739,
2018-04-28,81.8,81.8,133.0,32,8118,46.0,69.56521739130434,
2018-04-29,77.3,77.3,158.0,38,8118,46.0,82.6086956521739,
2018-04-30,68.5,68.5,200.0,48,8118,46.0,104.34782608695652,
2018-05-01,44.0,44.0,175.0,42,8118,46.0,91.30434782608695,
2018-05-02,53.6,53.6,183.0,44,8118,46.0,95.65217391304348,
2018-05-03,42.6,42.6,175.0,42,8118,46.0,91.30434782608695,
2018-05-04,33.8,33.8,142.0,34,8118,46.0,73.91304347826087,
2018-05-05,49.7,49.7,129.0,31,8118,46.0,67.3913043478261,
2018-05-06,81.5,81.5,133.0,32,8118,46.0,69.56521739130434,
2018-05-07,81.9,81.9,138.0,33,8118,46.0,71.73913043478261,
2018-05-08,52.8,52.8,138.0,33,8118,46.0,71.73913043478261,
2018-05-09,83.7,83.7,113.0,27,8118,46.0,58.69565217391305,
2018-05-10,81.4,81.4,121.0,29,8118,46.0,63.04347826086956,
2018-05-11,118.0,118.0,100.0,24,8118,46.0,52.17391304347826,
2018-05-12,141.0,141.0,100.0,24,8118,46.0,52.17391304347826,
2018-05-13,86.9,86.9,108.0,26,8118,46.0,56.52173913043478,
2018-05-14,,40.4,88.0,21,8118,46.0,45.65217391304348,low_coverage
2018-05-15,,57.7,79.0,19,8118,46.0,41.30434782608695,low_coverage
2018-05-16,,175.0,75.0,18,8118,46.0,39.130434782608695,low_coverage
2018-05-17,,86.7,63.0,15,8118,46.0,32.608695652173914,low_coverage
2018-05-18,,87.2,25.0,6,8118,46.0,13.043478260869565,low_coverage
2018-05-19,73.2,73.2,133.0,32,8118,46.0,69.56521739130434,
2018-05-20,61.8,61.8,171.0,41,8118,46.0,89.1304347826087,
2018-05-21,52.7,52.7,167.0,40,8118,46.0,86.95652173913044,
2018-05-22,802.0,802.0,121.0,29,8118,46.0,63.04347826086956,
2018-05-23,443.0,443.0,108.0,26,8118,46.0,56.52173913043478,
2018-05-24,188.0,188.0,117.0,28,8118,46.0,60.869565217391305,
2018-05-25,410.0,410.0,108.0,26,8118,46.0,56.52173913043478,
2018-05-26,99.5,99.5,108.0,26,8118,46.0,56.52173913043478,
2018-05-27,63.8,63.8,146.0,35,8118,46.0,76.08695652173913,
2018-05-28,81.0,81.0,125.0,30,8118,46.0,65.21739130434783,
2018-05-29,89.2,89.2,142.0,34,8118,46.0,73.91304347826087,
2018-05-30,47.5,47.5,117.0,28,8118,46.0,60.869565217391305,
2018-05-31,51.5,51.5,158.0,38,8118,46.0,82.6086956521739,
2018-06-01,,59.0,88.0,21,8118,46.0,45.65217391304348,low_coverage
2018-06-02,37.1,37.1,96.0,23,8118,46.0,50.0,
2018-06-03,44.0,44.0,179.0,43,8118,46.0,93.47826086956522,
2018-06-04,53.5,53.5,167.0,40,8118,46.0,86.95652173913044,
2018-06-05,38.3,38.3,150.0,36,8118,46.0,78.26086956521739,
2018-06-06,47.8,47.8,121.0,29,8118,46.0,63.04347826086956,
2018-06-07,58.6,58.6,183.0,44,8118,46.0,95.65217391304348,
2018-06-08,59.6,59.6,175.0,42,8118,46.0,91.30434782608695,
2018-06-09,47.6,47.6,175.0,42,8118,46.0,91.30434782608695,
2018-06-10,47.2,47.2,179.0,43,8118,46.0,93.47826086956522,
2018-06-11,60.8,60.8,175.0,42,8118,46.0,91.30434782608695,
2018-06-12,146.0,146.0,183.0,44,8118,46.0,95.65217391304348,
2018-06-13,237.0,237.0,188.0,45,8118,46.0,97.82608695652173,
2018-06-14,286.0,286.0,146.0,35,8118,46.0,76.08695652173913,
2018-06-15,124.0,124.0,179.0,43,8118,46.0,93.47826086956522,
2018-06-16,155.0,155.0,167.0,40,8118,46.0,86.95652173913044,
2018-06-17,,,54.0,13,8118,46.0,28.26086956521739,
2018-06-18,36.3,36.3,138.0,33,8118,46.0,71.73913043478261,
2018-06-19,41.2,41.2,183.0,44,8118,46.0,95.65217391304348,
2018-06-20,56.6,56.6,183.0,44,8118,46.0,95.65217391304348,
2018-06-21,64.6,64.6,200.0,48,8118,46.0,104.34782608695652,
2018-06-22,60.9,60.9,200.0,48,8118,46.0,104.34782608695652,
2018-06-23,66.4,66.4,175.0,42,8118,46.0,91.30434782608695,
2018-06-24,47.4,47.4,200.0,48,8118,46.0,104.34782608695652,
2018-06-25,65.5,65.5,200.0,48,8118,46.0,104.34782608695652,
2018-06-26,43.6,43.6,171.0,41,8118,46.0,89.1304347826087,
2018-06-27,38.3,38.3,167.0,40,8118,46.0,86.95652173913044,
2018-06-28,20.4,20.4,175.0,42,8118,46.0,91.30434782608695,
2018-06-29,33.3,33.3,192.0,46,8118,46.0,100.0,
2018-06-30,38.3,38.3,100.0,24,8118,46.0,52.17391304347826,
2018-07-01,25.7,25.7,100.0,24,8118,46.0,52.17391304347826,
2018-07-02,27.5,27.5,121.0,29,8118,46.0,63.04347826086956,
2018-07-03,,36.0,92.0,22,8118,46.0,47.82608695652174,low_coverage
2018-07-04,,41.8,88.0,21,8118,46.0,45.65217391304348,low_coverage
2018-07-05,46.8,46.8,96.0,23,8118,46.0,50.0,
2018-07-06,50.2,50.2,100.0,24,8118,46.0,52.17391304347826,
2018-07-07,56.3,56.3,121.0,29,8118,46.0,63.04347826086956,
2018-07-08,59.5,59.5,129.0,31,8118,46.0,67.3913043478261,
2018-07-09,70.3,70.3,96.0,23,8118,46.0,50.0,
2018-07-10,43.0,43.0,100.0,24,8118,46.0,52.17391304347826,
2018-07-11,36.8,36.8,104.0,25,8118,46.0,54.34782608695652,
2018-07-12,48.1,48.1,104.0,25,8118,46.0,54.34782608695652,
2018-07-13,29.4,29.4,121.0,29,8118,46.0,63.04347826086956,
2018-07-14,33.4,33.4,104.0,25,8118,46.0,54.34782608695652,
2018-07-15,30.8,30.8,100.0,24,8118,46.0,52.17391304347826,
2018-07-16,116.0,116.0,104.0,25,8118,46.0,54.34782608695652,
2018-07-17,,50.5,33.0,8,8118,46.0,17.391304347826086,low_coverage
2018-07-18,,29.9,88.0,21,8118,46.0,45.65217391304348,low_coverage
2018-07-19,34.3,34.3,100.0,24,8118,46.0,52.17391304347826,
2018-07-20,36.4,36.4,104.0,25,8118,46.0,54.34782608695652,
2018-07-21,55.4,55.4,100.0,24,8118,46.0,52.17391304347826,
2018-07-22,27.7,27.7,100.0,24,8118,46.0,52.17391304347826,
2018-07-23,29.7,29.7,96.0,23,8118,46.0,50.0,
2018-07-24,37.4,37.4,113.0,27,8118,46.0,58.69565217391305,
2018-07-25,30.2,30.2,96.0,23,8118,46.0,50.0,
2018-07-26,30.7,30.7,125.0,30,8118,46.0,65.21739130434783,
2018-07-27,26.1,26.1,104.0,25,8118,46.0,54.34782608695652,
2018-07-28,95.0,95.0,138.0,33,8118,46.0,71.73913043478261,
2018-07-29,35.0,35.0,125.0,30,8118,46.0,65.21739130434783,
2018-07-30,397.0,397.0,188.0,45,8118,46.0,97.82608695652173,
2018-07-31,40.1,40.1,179.0,43,8118,46.0,93.47826086956522,
2018-08-01,35.7,35.7,150.0,36,8118,46.0,78.26086956521739,
2018-08-02,63.8,63.8,146.0,35,8118,46.0,76.08695652173913,
2018-08-03,54.2,54.2,163.0,39,8118,46.0,84.78260869565217,
2018-08-04,54.4,54.4,150.0,36,8118,46.0,78.26086956521739,
2018-08-05,53.9,53.9,179.0,43,8118,46.0,93.47826086956522,
2018-08-06,48.5,48.5,167.0,40,8118,46.0,86.95652173913044,
2018-08-07,41.6,41.6,188.0,45,8118,46.0,97.82608695652173,
2018-08-08,26.0,26.0,121.0,29,8118,46.0,63.04347826086956,
2018-08-09,26.8,26.8,108.0,26,8118,46.0,56.52173913043478,
2018-08-10,34.9,34.9,117.0,28,8118,46.0,60.869565217391305,
2018-08-11,22.3,22.3,146.0,35,8118,46.0,76.08695652173913,
2018-08-12,13.2,13.2,154.0,37,8118,46.0,80.43478260869566,
2018-08-13,21.7,21.7,167.0,40,8118,46.0,86.95652173913044,
2018-08-14,35.3,35.3,175.0,42,8118,46.0,91.30434782608695,
2018-08-15,35.7,35.7,188.0,45,8118,46.0,97.82608695652173,
2018-08-16,,25.0,54.0,13,8118,46.0,28.26086956521739,low_coverage
2018-08-17,,19.6,75.0,18,8118,46.0,39.130434782608695,low_coverage
2018-08-18,20.5,20.5,163.0,39,8118,46.0,84.78260869565217,
2018-08-19,41.2,41.2,167.0,40,8118,46.0,86.95652173913044,
2018-08-20,103.0,103.0,133.0,32,8118,46.0,69.56521739130434,
2018-08-21,,,133.0,32,8118,46.0,69.56521739130434,
2018-08-22,,,38.0,9,8118,46.0,19.565217391304348,
2018-08-23,,127.0,79.0,19,8118,46.0,41.30434782608695,low_coverage
2018-08-24,11.5,11.5,154.0,37,8118,46.0,80.43478260869566,
2018-08-25,11.9,11.9,121.0,29,8118,46.0,63.04347826086956,
2018-08-26,135.0,135.0,171.0,41,8118,46.0,89.1304347826087,
2018-08-27,14.8,14.8,129.0,31,8118,46.0,67.3913043478261,
2018-08-28,23.0,23.0,200.0,48,8118,46.0,104.34782608695652,
2018-08-29,17.1,17.1,150.0,36,8118,46.0,78.26086956521739,
2018-08-30,91.5,91.5,150.0,36,8118,46.0,78.26086956521739,
2018-08-31,42.6,42.6,142.0,34,8118,46.0,73.91304347826087,
2018-09-01,178.0,178.0,192.0,46,8118,46.0,100.0,
2018-09-02,,1990.0,196.0,47,8118,46.0,102.17391304347827,above_max
2018-09-03,668.0,668.0,154.0,37,8118,46.0,80.43478260869566,
2018-09-04,248.0,248.0,183.0,44,8118,46.0,95.65217391304348,
2018-09-05,780.0,780.0,192.0,46,8118,46.0,100.0,
2018-09-06,34.6,34.6,196.0,47,8118,46.0,102.17391304347827,
2018-09-07,29.3,29.3,183.0,44,8118,46.0,95.65217391304348,
2018-09-08,17.0,17.0,154.0,37,8118,46.0,80.43478260869566,
2018-09-09,12.7,12.7,179.0,43,8118,46.0,93.47826086956522,
2018-09-10,62.3,62.3,200.0,48,8118,46.0,104.34782608695652,
2018-09-11,182.0,182.0,175.0,42,8118,46.0,91.30434782608695,
2018-09-12,,-7.26,179.0,43,8118,46.0,93.47826086956522,below_min
2018-09-13,,-4.83,183.0,44,8118,46.0,95.65217391304348,below_min
2018-09-14,103.0,103.0,192.0,46,8118,46.0,100.0,
2018-09-15,,1990.0,54.0,13,8118,46.0,28.26086956521739,low_coverage
2018-09-16,34.4,34.4,146.0,35,8118,46.0,76.08695652173913,
2018-09-17,52.6,52.6,183.0,44,8118,46.0,95.65217391304348,
2018-09-18,48.2,48.2,192.0,46,8118,46.0,100.0,
2018-09-19,53.0,53.0,192.0,46,8118,46.0,100.0,
2018-09-20,153.0,153.0,183.0,44,8118,46.0,95.65217391304348,
2018-09-21,124.0,124.0,200.0,48,8118,46.0,104.34782608695652,
2018-09-22,61.5,61.5,192.0,46,8118,46.0,100.0,
2018-09-23,25.5,25.5,200.0,48,8118,46.0,104.34782608695652,
2018-09-24,14.9,14.9,200.0,48,8118,46.0,104.34782608695652,
2018-09-25,18.4,18.4,200.0,48,8118,46.0,104.34782608695652,
2018-09-26,34.4,34.4,192.0,46,8118,46.0,100.0,
2018-09-27,59.5,59.5,200.0,48,8118,46.0,104.34782608695652,
2018-09-28,66.8,66.8,183.0,44,8118,46.0,95.65217391304348,
2018-09-29,72.3,72.3,150.0,36,8118,46.0,78.26086956521739,
2018-09-30,50.3,50.3,183.0,44,8118,46.0,95.65217391304348,
2018-10-01,64.7,64.7,192.0,46,8118,46.0,100.0,
2018-10-02,124.0,124.0,183.0,44,8118,46.0,95.65217391304348,
2018-10-03,95.2,95.2,183.0,44,8118,46.0,95.65217391304348,
2018-10-04,86.1,86.1,175.0,42,8118,46.0,91.30434782608695,
2018-10-05,101.0,101.0,192.0,46,8118,46.0,100.0,
2018-10-06,121.0,121.0,171.0,41,8118,46.0,89.1304347826087,
2018-10-07,69.8,69.8,188.0,45,8118,46.0,97.82608695652173,
2018-10-08,101.0,101.0,196.0,47,8118,46.0,102.17391304347827,
2018-10-09,184.0,184.0,183.0,44,8118,46.0,95.65217391304348,
2018-10-10,77.3,77.3,154.0,37,8118,46.0,80.43478260869566,
2018-10-11,,51.5,54.0,13,8118,46.0,28.26086956521739,low_coverage
2018-10-12,,63.0,88.0,21,8118,46.0,45.65217391304348,low_coverage
2018-10-13,115.0,115.0,167.0,40,8118,46.0,86.95652173913044,
2018-10-14,79.0,79.0,158.0,38,8118,46.0,82.6086956521739,
2018-10-15,,133.0,42.0,10,8118,46.0,21.73913043478261,low_coverage
2018-10-16,96.4,96.4,104.0,25,8118,46.0,54.34782608695652,
2018-10-17,101.0,101.0,167.0,40,8118,46.0,86.95652173913044,
2018-10-18,96.1,96.1,196.0,47,8118,46.0,102.17391304347827,
2018-10-19,115.0,115.0,192.0,46,8118,46.0,100.0,
2018-10-20,139.0,139.0,200.0,48,8118,46.0,104.34782608695652,
2018-10-21,111.0,111.0,200.0,48,8118,46.0,104.34782608695652,
2018-10-22,102.0,102.0,200.0,48,8118,46.0,104.34782608695652,
2018-10-23,82.7,82.7,200.0,48,8118,46.0,104.34782608695652,
2018-10-24,125.0,125.0,200.0,48,8118,46.0,104.34782608695652,
2018-10-25,358.0,358.0,200.0,48,8118,46.0,104.34782608695652,
2018-10-26,91.5,91.5,200.0,48,8118,46.0,104.34782608695652,
2018-10-27,192.0,192.0,200.0,48,8118,46.0,104.34782608695652,
2018-10-28,192.0,192.0,200.0,48,8118,46.0,104.34782608695652,
2018-10-29,214.0,214.0,196.0,47,8118,46.0,102.17391304347827,
2018-10-30,259.0,259.0,200.0,48,8118,46.0,104.34782608695652,
2018-10-31,200.0,200.0,196.0,47,8118,46.0,102.17391304347827,
2018-11-01,205.0,205.0,192.0,46,8118,46.0,100.0,
2018-11-02,191.0,191.0,192.0,46,8118,46.0,100.0,
2018-11-03,146.0,146.0,200.0,48,8118,46.0,104.34782608695652,
2018-11-04,77.4,77.4,167.0,40,8118,46.0,86.95652173913044,
2018-11-05,374.0,374.0,158.0,38,8118,46.0,82.6086956521739,
2018-11-06,167.0,167.0,133.0,32,8118,46.0,69.56521739130434,
2018-11-07,143.0,143.0,175.0,42,8118,46.0,91.30434782608695,
2018-11-08,430.0,430.0,167.0,40,8118,46.0,86.95652173913044,
2018-11-09,284.0,284.0,142.0,34,8118,46.0,73.91304347826087,
2018-11-10,255.0,255.0,138.0,33,8118,46.0,71.73913043478261,
2018-11-11,206.0,206.0,142.0,34,8118,46.0,73.91304347826087,
2018-11-12,239.0,239.0,175.0,42,8118,46.0,91.30434782608695,
2018-11-13,235.0,235.0,154.0,37,8118,46.0,80.43478260869566,
2018-11-14,,438.0,38.0,9,8118,46.0,19.565217391304348,low_coverage
2018-11-15,96.8,96.8,121.0,29,8118,46.0,63.04347826086956,
2018-11-16,148.0,148.0,150.0,36,8118,46.0,78.26086956521739,
2018-11-17,125.0,125.0,146.0,35,8118,46.0,76.08695652173913,
2018-11-18,136.0,136.0,158.0,38,8118,46.0,82.6086956521739,
2018-11-19,285.0,285.0,158.0,38,8118,46.0,82.6086956521739,
2018-11-20,197.0,197.0,100.0,24,8118,46.0,52.17391304347826,
2018-11-21,216.0,216.0,113.0,27,8118,46.0,58.69565217391305,
2018-11-22,101.0,101.0,100.0,24,8118,46.0,52.17391304347826,
2018-11-23,166.0,166.0,100.0,24,8118,46.0,52.17391304347826,
2018-11-24,96.8,96.8,104.0,25,8118,46.0,54.34782608695652,
2018-11-25,100.0,100.0,100.0,24,8118,46.0,52.17391304347826,
2018-11-26,620.0,620.0,125.0,30,8118,46.0,65.21739130434783,
2018-11-27,138.0,138.0,96.0,23,8118,46.0,50.0,
2018-11-28,145.0,145.0,133.0,32,8118,46.0,69.56521739130434,
2018-11-29,166.0,166.0,183.0,44,8118,46.0,95.65217391304348,
2018-11-30,187.0,187.0,138.0,33,8118,46.0,71.73913043478261,
2018-12-01,144.0,144.0,100.0,24,8118,46.0,52.17391304347826,
2018-12-02,107.0,107.0,154.0,37,8118,46.0,80.43478260869566,
2018-12-03,165.0,165.0,142.0,34,8118,46.0,73.91304347826087,
2018-12-04,168.0,168.0,100.0,24,8118,46.0,52.17391304347826,
2018-12-05,154.0,154.0,100.0,24,8118,46.0,52.17391304347826,
2018-12-06,178.0,178.0,100.0,24,8118,46.0,52.17391304347826,
2018-12-07,180.0,180.0,100.0,24,8118,46.0,52.17391304347826,
2018-12-08,,202.0,88.0,21,8118,46.0,45.65217391304348,low_coverage
2018-12-09,186.0,186.0,100.0,24,8118,46.0,52.17391304347826,
2018-12-10,238.0,238.0,100.0,24,8118,46.0,52.17391304347826,
2018-12-11,247.0,247.0,108.0,26,8118,46.0,56.52173913043478,
2018-12-12,192.0,192.0,100.0,24,8118,46.0,52.17391304347826,
2018-12-13,84.0,84.0,100.0,24,8118,46.0,52.17391304347826,
2018-12-14,,122.0,17.0,4,8118,46.0,8.695652173913043,low_coverage
2018-12-17,171.0,171.0,158.0,38,8118,46.0,82.6086956521739,
2018-12-18,211.0,211.0,175.0,42,8118,46.0,91.30434782608695,
2018-12-19,230.0,230.0,196.0,47,8118,46.0,102.17391304347827,
2018-12-20,231.0,231.0,200.0,48,8118,46.0,104.34782608695652,
2018-12-21,261.0,261.0,183.0,44,8118,46.0,95.65217391304348,
2018-12-22,320.0,320.0,125.0,30,8118,46.0,65.21739130434783,
2018-12-23,363.0,363.0,133.0,32,8118,46.0,69.56521739130434,
2018-12-24,323.0,323.0,121.0,29,8118,46.0,63.04347826086956,
2018-12-25,303.0,303.0,108.0,26,8118,46.0,56.52173913043478,
2018-12-26,220.0,220.0,138.0,33,8118,46.0,71.73913043478261,
2018-12-27,241.0,241.0,138.0,33,8118,46.0,71.73913043478261,
2018-12-28,247.0,247.0,104.0,25,8118,46.0,54.34782608695652,
2018-12-29,215.0,215.0,129.0,31,8118,46.0,67.3913043478261,
2018-12-30,252.0,252.0,100.0,24,8118,46.0,52.17391304347826,
2018-12-31,323.0,323.0,100.0,24,8118,46.0,52.17391304347826,
2019-01-01,273.0,273.0,100.0,24,8118,48.0,50.0,
2019-01-02,281.0,281.0,100.0,24,8118,48.0,50.0,
2019-01-03,348.0,348.0,133.0,32,8118,48.0,66.66666666666667,
2019-01-04,242.0,242.0,100.0,24,8118,48.0,50.0,
2019-01-05,228.0,228.0,100.0,24,8118,48.0,50.0,
2019-01-06,170.0,170.0,100.0,24,8118,48.0,50.0,
2019-01-07,180.0,180.0,100.0,24,8118,48.0,50.0,
2019-01-08,179.0,179.0,100.0,24,8118,48.0,50.0,
2019-01-09,139.0,139.0,100.0,24,8118,48.0,50.0,
2019-01-10,225.0,225.0,108.0,26,8118,48.0,54.166666666666664,
2019-01-11,247.0,247.0,104.0,25,8118,48.0,52.083333333333336,
2019-01-12,236.0,236.0,100.0,24,8118,48.0,50.0,
2019-01-13,,292.0,29.0,7,8118,48.0,14.583333333333334,low_coverage
2019-01-14,,71.7,67.0,16,8118,48.0,33.333333333333336,low_coverage
2019-01-15,112.0,112.0,150.0,36,8118,48.0,75.0,
2019-01-16,238.0,238.0,150.0,36,8118,48.0,75.0,
2019-01-17,304.0,304.0,154.0,37,8118,48.0,77.08333333333333,
2019-01-18,223.0,223.0,113.0,27,8118,48.0,56.25,
2019-01-19,223.0,223.0,100.0,24,8118,48.0,50.0,
2019-01-20,201.0,201.0,167.0,40,8118,48.0,83.33333333333333,
2019-01-21,146.0,146.0,200.0,48,8118,48.0,100.0,
2019-01-22,44.9,44.9,188.0,45,8118,48.0,93.75,
2019-01-23,225.0,225.0,200.0,48,8118,48.0,100.0,
2019-01-24,133.0,133.0,192.0,46,8118,48.0,95.83333333333333,
2019-01-25,76.3,76.3,179.0,43,8118,48.0,89.58333333333333,
2019-01-26,104.0,104.0,200.0,48,8118,48.0,100.0,
2019-01-27,141.0,141.0,200.0,48,8118,48.0,100.0,
2019-01-28,112.0,112.0,200.0,48,8118,48.0,100.0,
2019-01-29,127.0,127.0,150.0,36,8118,48.0,75.0,
2019-01-30,183.0,183.0,117.0,28,8118,48.0,58.333333333333336,
2019-01-31,220.0,220.0,125.0,30,8118,48.0,62.5,
2019-02-01,173.0,173.0,108.0,26,8118,48.0,54.166666666666664,
2019-02-02,196.0,196.0,196.0,47,8118,48.0,97.91666666666667,
2019-02-03,144.0,144.0,200.0,48,8118,48.0,100.0,
2019-02-04,118.0,118.0,175.0,42,8118,48.0,87.5,
2019-02-05,171.0,171.0,133.0,32,8118,48.0,66.66666666666667,
2019-02-06,510.0,510.0,175.0,42,8118,48.0,87.5,
2019-02-07,,1540.0,175.0,42,8118,48.0,87.5,above_max
2019-02-08,,1450.0,167.0,40,8118,48.0,83.33333333333333,above_max
2019-02-09,70.6,70.6,121.0,29,8118,48.0,60.416666666666664,
2019-02-10,152.0,152.0,108.0,26,8118,48.0,54.166666666666664,
2019-02-11,366.0,366.0,200.0,48,8118,48.0,100.0,
2019-02-12,,,54.0,13,8118,48.0,27.083333333333332,
2019-02-13,,,146.0,35,8118,48.0,72.91666666666667,
2019-02-14,,,200.0,48,8118,48.0,100.0,
2019-02-15,,,200.0,48,8118,48.0,100.0,
2019-02-16,,,192.0,46,8118,48.0,95.83333333333333,
2019-02-17,,,167.0,40,8118,48.0,83.33333333333333,
2019-02-18,,,200.0,48,8118,48.0,100.0,
2019-02-19,,,175.0,42,8118,48.0,87.5,
2019-02-20,,,192.0,46,8118,48.0,95.83333333333333,
2019-02-21,,,192.0,46,8118,48.0,95.83333333333333,
2019-02-22,,,200.0,48,8118,48.0,100.0,
2019-02-23,,,192.0,46,8118,48.0,95.83333333333333,
2019-02-24,,,183.0,44,8118,48.0,91.66666666666667,
2019-02-25,,,183.0,44,8118,48.0,91.66666666666667,
2019-02-26,,,192.0,46,8118,48.0,95.83333333333333,
2019-02-27,,,192.0,46,8118,48.0,95.83333333333333,
2019-02-28,,,200.0,48,8118,48.0,100.0,
2019-03-01,,,192.0,46,8118,48.0,95.83333333333333,
2019-03-02,,,200.0,48,8118,48.0,100.0,
2019-03-03,,,200.0,48,8118,48.0,100.0,
2019-03-04,,,200.0,48,8118,48.0,100.0,
2019-03-05,,,200.0,48,8118,48.0,100.0,
2019-03-06,,,200.0,48,8118,48.0,100.0,
2019-03-07,,,200.0,48,8118,48.0,100.0,
2019-03-08,,,200.0,48,8118,48.0,100.0,
2019-03-09,,,200.0,48,8118,48.0,100.0,
2019-03-10,,,192.0,46,8118,48.0,95.83333333333333,
2019-03-11,,,200.0,48,8118,48.0,100.0,
2019-03-12,,,200.0,48,8118,48.0,100.0,
2019-03-13,,,200.0,48,8118,48.0,100.0,
2019-03-14,,,54.0,13,8118,48.0,27.083333333333332,
2019-03-15,,-2.0,146.0,35,8118,48.0,72.91666666666667,below_min
2019-03-16,,,200.0,48,8118,48.0,100.0,
2019-03-17,,,200.0,48,8118,48.0,100.0,
2019-03-18,45.0,45.0,200.0,48,8118,48.0,100.0,
2019-03-19,90.3,90.3,146.0,35,8118,48.0,72.91666666666667,
2019-03-20,71.1,71.1,100.0,24,8118,48.0,50.0,
2019-03-21,118.0,118.0,104.0,25,8118,48.0,52.083333333333336,
2019-03-22,34.8,34.8,100.0,24,8118,48.0,50.0,
2019-03-23,48.7,48.7,100.0,24,8118,48.0,50.0,
2019-03-24,57.4,57.4,100.0,24,8118,48.0,50.0,
2019-03-25,64.4,64.4,100.0,24,8118,48.0,50.0,
2019-03-26,81.0,81.0,121.0,29,8118,48.0,60.416666666666664,
2019-03-27,,66.0,96.0,23,8118,48.0,47.916666666666664,low_coverage
2019-03-28,82.6,82.6,129.0,31,8118,48.0,64.58333333333333,
2019-03-29,83.3,83.3,100.0,24,8118,48.0,50.0,
2019-03-30,83.0,83.0,100.0,24,8118,48.0,50.0,
2019-03-31,53.8,53.8,100.0,24,8118,48.0,50.0,
2019-04-01,65.4,65.4,100.0,24,8118,48.0,50.0,
2019-04-02,64.2,64.2,100.0,24,8118,48.0,50.0,
2019-04-03,72.0,72.0,100.0,24,8118,48.0,50.0,
2019-04-04,92.5,92.5,100.0,24,8118,48.0,50.0,
2019-04-05,,68.5,17.0,4,8118,48.0,8.333333333333334,low_coverage
2019-04-06,73.9,73.9,100.0,24,8118,48.0,50.0,
2019-04-07,135.0,135.0,100.0,24,8118,48.0,50.0,
2019-04-08,71.4,71.4,100.0,24,8118,48.0,50.0,
2019-04-09,67.3,67.3,100.0,24,8118,48.0,50.0,
2019-04-10,88.1,88.1,100.0,24,8118,48.0,50.0,
2019-04-11,58.4,58.4,100.0,24,8118,48.0,50.0,
2019-04-12,58.7,58.7,104.0,25,8118,48.0,52.083333333333336,
2019-04-13,,57.3,29.0,7,8118,48.0,14.583333333333334,low_coverage
2019-04-14,,48.7,71.0,17,8118,48.0,35.416666666666664,low_coverage
2019-04-15,48.9,48.9,113.0,27,8118,48.0,56.25,
2019-04-16,62.9,62.9,100.0,24,8118,48.0,50.0,
2019-04-17,18.9,18.9,100.0,24,8118,48.0,50.0,
2019-04-18,34.8,34.8,100.0,24,8118,48.0,50.0,
2019-04-19,77.0,77.0,100.0,24,8118,48.0,50.0,
2019-04-20,92.5,92.5,100.0,24,8118,48.0,50.0,
2019-04-21,81.7,81.7,100.0,24,8118,48.0,50.0,
2019-04-22,97.8,97.8,100.0,24,8118,48.0,50.0,
2019-04-23,93.6,93.6,100.0,24,8118,48.0,50.0,
2019-04-24,157.0,157.0,104.0,25,8118,48.0,52.083333333333336,
2019-04-25,87.3,87.3,100.0,24,8118,48.0,50.0,
2019-04-26,77.8,77.8,146.0,35,8118,48.0,72.91666666666667,
2019-04-27,75.8,75.8,196.0,47,8118,48.0,97.91666666666667,
2019-04-28,98.6,98.6,200.0,48,8118,48.0,100.0,
2019-04-29,95.6,95.6,200.0,48,8118,48.0,100.0,
2019-04-30,88.6,88.6,196.0,47,8118,48.0,97.91666666666667,
2019-05-01,104.0,104.0,179.0,43,8118,48.0,89.58333333333333,
2019-05-02,80.5,80.5,200.0,48,8118,48.0,100.0,
2019-05-03,99.8,99.8,138.0,33,8118,48.0,68.75,
2019-05-04,87.8,87.8,100.0,24,8118,48.0,50.0,
2019-05-05,,131.0,92.0,22,8118,48.0,45.833333333333336,low_coverage
2019-05-06,,116.0,92.0,22,8118,48.0,45.833333333333336,low_coverage
2019-05-07,117.0,117.0,100.0,24,8118,48.0,50.0,
2019-05-08,226.0,226.0,108.0,26,8118,48.0,54.166666666666664,
2019-05-09,157.0,157.0,100.0,24,8118,48.0,50.0,
2019-05-10,,130.0,96.0,23,8118,48.0,47.916666666666664,low_coverage
2019-05-11,97.9,97.9,125.0,30,8118,48.0,62.5,
2019-05-12,227.0,227.0,100.0,24,8118,48.0,50.0,
2019-05-13,,247.0,29.0,7,8118,48.0,14.583333333333334,low_coverage
2019-05-14,,49.1,71.0,17,8118,48.0,35.416666666666664,low_coverage
2019-05-15,68.7,68.7,100.0,24,8118,48.0,50.0,
2019-05-16,65.3,65.3,100.0,24,8118,48.0,50.0,
2019-05-17,74.7,74.7,108.0,26,8118,48.0,54.166666666666664,
2019-05-18,40.3,40.3,100.0,24,8118,48.0,50.0,
2019-05-19,85.0,85.0,100.0,24,8118,48.0,50.0,
2019-05-20,92.3,92.3,100.0,24,8118,48.0,50.0,
2019-05-21,158.0,158.0,104.0,25,8118,48.0,52.083333333333336,
2019-05-22,55.2,55.2,188.0,45,8118,48.0,93.75,
2019-05-23,82.6,82.6,192.0,46,8118,48.0,95.83333333333333,
2019-05-24,41.9,41.9,142.0,34,8118,48.0,70.83333333333333,
2019-05-25,41.8,41.8,100.0,24,8118,48.0,50.0,
2019-05-26,53.1,53.1,100.0,24,8118,48.0,50.0,
2019-05-27,51.1,51.1,100.0,24,8118,48.0,50.0,
2019-05-28,62.2,62.2,100.0,24,8118,48.0,50.0,
2019-05-29,60.8,60.8,100.0,24,8118,48.0,50.0,
2019-05-30,246.0,246.0,117.0,28,8118,48.0,58.333333333333336,
2019-05-31,70.0,70.0,117.0,28,8118,48.0,58.333333333333336,
2019-06-01,83.0,83.0,104.0,25,8118,48.0,52.083333333333336,
2019-06-02,65.5,65.5,108.0,26,8118,48.0,54.166666666666664,
2019-06-03,59.6,59.6,113.0,27,8118,48.0,56.25,
2019-06-04,53.0,53.0,100.0,24,8118,48.0,50.0,
2019-06-05,61.9,61.9,100.0,24,8118,48.0,50.0,
2019-06-06,301.0,301.0,113.0,27,8118,48.0,56.25,
2019-06-07,47.9,47.9,100.0,24,8118,48.0,50.0,
2019-06-08,44.7,44.7,138.0,33,8118,48.0,68.75,
2019-06-09,60.2,60.2,183.0,44,8118,48.0,91.66666666666667,
2019-06-10,53.2,53.2,192.0,46,8118,48.0,95.83333333333333,
2019-06-11,113.0,113.0,142.0,34,8118,48.0,70.83333333333333,
2019-06-12,,62.5,33.0,8,8118,48.0,16.666666666666668,low_coverage
2019-06-13,,44.1,83.0,20,8118,48.0,41.666666666666664,low_coverage
2019-06-14,41.8,41.8,117.0,28,8118,48.0,58.333333333333336,
2019-06-15,71.1,71.1,100.0,24,8118,48.0,50.0,
2019-06-16,43.2,43.2,146.0,35,8118,48.0,72.91666666666667,
2019-06-17,157.0,157.0,179.0,43,8118,48.0,89.58333333333333,
2019-06-18,463.0,463.0,146.0,35,8118,48.0,72.91666666666667,
2019-06-19,,25.0,67.0,16,8118,48.0,33.333333333333336,low_coverage
2019-06-20,38.3,38.3,200.0,48,8118,48.0,100.0,
2019-06-21,64.1,64.1,200.0,48,8118,48.0,100.0,
2019-06-22,62.5,62.5,200.0,48,8118,48.0,100.0,
2019-06-23,36.5,36.5,200.0,48,8118,48.0,100.0,
2019-06-24,23.9,23.9,200.0,48,8118,48.0,100.0,
2019-06-25,53.3,53.3,196.0,47,8118,48.0,97.91666666666667,
2019-06-26,64.3,64.3,200.0,48,8118,48.0,100.0,
2019-06-27,55.7,55.7,175.0,42,8118,48.0,87.5,
2019-06-28,58.2,58.2,200.0,48,8118,48.0,100.0,
2019-06-29,57.0,57.0,200.0,48,8118,48.0,100.0,
2019-06-30,68.6,68.6,200.0,48,8118,48.0,100.0,
2019-07-01,281.0,281.0,200.0,48,8118,48.0,100.0,
2019-07-02,62.7,62.7,117.0,28,8118,48.0,58.333333333333336,
2019-07-03,33.6,33.6,167.0,40,8118,48.0,83.33333333333333,
2019-07-04,31.8,31.8,200.0,48,8118,48.0,100.0,
2019-07-05,45.5,45.5,200.0,48,8118,48.0,100.0,
2019-07-06,32.1,32.1,196.0,47,8118,48.0,97.91666666666667,
2019-07-07,34.3,34.3,200.0,48,8118,48.0,100.0,
2019-07-08,50.0,50.0,200.0,48,8118,48.0,100.0,
2019-07-09,44.7,44.7,200.0,48,8118,48.0,100.0,
2019-07-10,74.5,74.5,196.0,47,8118,48.0,97.91666666666667,
2019-07-11,76.1,76.1,196.0,47,8118,48.0,97.91666666666667,
2019-07-12,,57.0,54.0,13,8118,48.0,27.083333333333332,low_coverage
2019-07-13,60.9,60.9,113.0,27,8118,48.0,56.25,
2019-07-14,65.5,65.5,183.0,44,8118,48.0,91.66666666666667,
2019-07-15,42.7,42.7,167.0,40,8118,48.0,83.33333333333333,
2019-07-16,83.0,83.0,171.0,41,8118,48.0,85.41666666666667,
2019-07-17,34.5,34.5,200.0,48,8118,48.0,100.0,
2019-07-18,28.7,28.7,192.0,46,8118,48.0,95.83333333333333,
2019-07-19,58.0,58.0,179.0,43,8118,48.0,89.58333333333333,
2019-07-20,43.7,43.7,200.0,48,8118,48.0,100.0,
2019-07-21,43.6,43.6,200.0,48,8118,48.0,100.0,
2019-07-22,51.5,51.5,200.0,48,8118,48.0,100.0,
2019-07-23,65.0,65.0,200.0,48,8118,48.0,100.0,
2019-07-24,60.0,60.0,192.0,46,8118,48.0,95.83333333333333,
2019-07-25,20.8,20.8,171.0,41,8118,48.0,85.41666666666667,
2019-07-26,29.5,29.5,192.0,46,8118,48.0,95.83333333333333,
2019-07-27,23.3,23.3,196.0,47,8118,48.0,97.91666666666667,
2019-07-28,19.3,19.3,183.0,44,8118,48.0,91.66666666666667,
2019-07-29,18.3,18.3,175.0,42,8118,48.0,87.5,
2019-07-30,25.0,25.0,175.0,42,8118,48.0,87.5,
2019-07-31,26.1,26.1,183.0,44,8118,48.0,91.66666666666667,
2019-08-01,29.5,29.5,171.0,41,8118,48.0,85.41666666666667,
2019-08-02,32.8,32.8,200.0,48,8118,48.0,100.0,
2019-08-03,35.3,35.3,200.0,48,8118,48.0,100.0,
2019-08-04,50.5,50.5,200.0,48,8118,48.0,100.0,
2019-08-05,48.6,48.6,196.0,47,8118,48.0,97.91666666666667,
2019-08-06,28.0,28.0,200.0,48,8118,48.0,100.0,
2019-08-07,30.8,30.8,200.0,48,8118,48.0,100.0,
2019-08-08,22.0,22.0,196.0,47,8118,48.0,97.91666666666667,
2019-08-09,13.0,13.0,188.0,45,8118,48.0,93.75,
2019-08-10,14.4,14.4,200.0,48,8118,48.0,100.0,
2019-08-11,,25.7,54.0,13,8118,48.0,27.083333333333332,low_coverage
2019-08-12,19.5,19.5,125.0,30,8118,48.0,62.5,
2019-08-13,21.3,21.3,200.0,48,8118,48.0,100.0,
2019-08-14,30.2,30.2,200.0,48,8118,48.0,100.0,
2019-08-15,29.9,29.9,200.0,48,8118,48.0,100.0,
2019-08-16,16.7,16.7,192.0,46,8118,48.0,95.83333333333333,
2019-08-17,9.91,9.91,179.0,43,8118,48.0,89.58333333333333,
2019-08-18,14.0,14.0,163.0,39,8118,48.0,81.25,
2019-08-19,36.1,36.1,192.0,46,8118,48.0,95.83333333333333,
2019-08-20,45.6,45.6,200.0,48,8118,48.0,100.0,
2019-08-21,44.7,44.7,200.0,48,8118,48.0,100.0,
2019-08-22,47.9,47.9,167.0,40,8118,48.0,83.33333333333333,
2019-08-23,54.2,54.2,183.0,44,8118,48.0,91.66666666666667,
2019-08-24,68.0,68.0,192.0,46,8118,48.0,95.83333333333333,
2019-08-25,,,200.0,48,8118,48.0,100.0,
2019-08-26,18.4,18.4,146.0,35,8118,48.0,72.91666666666667,
2019-08-27,38.2,38.2,196.0,47,8118,48.0,97.91666666666667,
2019-08-28,37.0,37.0,200.0,48,8118,48.0,100.0,
2019-08-29,32.0,32.0,200.0,48,8118,48.0,100.0,
2019-08-30,33.3,33.3,200.0,48,8118,48.0,100.0,
2019-08-31,42.3,42.3,175.0,42,8118,48.0,87.5,
2019-09-01,30.2,30.2,175.0,42,8118,48.0,87.5,
2019-09-02,46.3,46.3,196.0,47,8118,48.0,97.91666666666667,
2019-09-03,67.1,67.1,188.0,45,8118,48.0,93.75,
2019-09-04,74.6,74.6,200.0,48,8118,48.0,100.0,
2019-09-05,30.5,30.5,188.0,45,8118,48.0,93.75,
2019-09-06,28.5,28.5,175.0,42,8118,48.0,87.5,
2019-09-07,28.3,28.3,167.0,40,8118,48.0,83.33333333333333,
2019-09-08,32.7,32.7,175.0,42,8118,48.0,87.5,
2019-09-09,51.4,51.4,171.0,41,8118,48.0,85.41666666666667,
2019-09-10,,52.8,50.0,12,8118,48.0,25.0,low_coverage
2019-09-11,72.6,72.6,129.0,31,8118,48.0,64.58333333333333,
2019-09-12,55.4,55.4,183.0,44,8118,48.0,91.66666666666667,
2019-09-13,31.0,31.0,171.0,41,8118,48.0,85.41666666666667,
2019-09-14,25.7,25.7,167.0,40,8118,48.0,83.33333333333333,
2019-09-15,35.8,35.8,171.0,41,8118,48.0,85.41666666666667,
2019-09-16,55.2,55.2,171.0,41,8118,48.0,85.41666666666667,
2019-09-17,57.0,57.0,183.0,44,8118,48.0,91.66666666666667,
2019-09-18,33.1,33.1,171.0,41,8118,48.0,85.41666666666667,
2019-09-19,20.0,20.0,175.0,42,8118,48.0,87.5,
2019-09-20,29.8,29.8,167.0,40,8118,48.0,83.33333333333333,
2019-09-21,34.6,34.6,200.0,48,8118,48.0,100.0,
2019-09-22,22.9,22.9,200.0,48,8118,48.0,100.0,
2019-09-23,30.9,30.9,200.0,48,8118,48.0,100.0,
2019-09-24,32.7,32.7,200.0,48,8118,48.0,100.0,
2019-09-25,29.8,29.8,200.0,48,8118,48.0,100.0,
2019-09-26,17.0,17.0,200.0,48,8118,48.0,100.0,
2019-09-27,11.6,11.6,175.0,42,8118,48.0,87.5,
2019-09-28,17.1,17.1,196.0,47,8118,48.0,97.91666666666667,
2019-09-29,13.6,13.6,192.0,46,8118,48.0,95.83333333333333,
2019-09-30,27.7,27.7,183.0,44,8118,48.0,91.66666666666667,
2019-10-01,29.4,29.4,188.0,45,8118,48.0,93.75,
2019-10-02,36.4,36.4,200.0,48,8118,48.0,100.0,
2019-10-03,50.2,50.2,200.0,48,8118,48.0,100.0,
2019-10-04,45.7,45.7,200.0,48,8118,48.0,100.0,
2019-10-05,35.6,35.6,183.0,44,8118,48.0,91.66666666666667,
2019-10-06,53.9,53.9,200.0,48,8118,48.0,100.0,
2019-10-07,54.7,54.7,192.0,46,8118,48.0,95.83333333333333,
2019-10-08,39.4,39.4,200.0,48,8118,48.0,100.0,
2019-10-09,73.2,73.2,200.0,48,8118,48.0,100.0,
2019-10-10,,84.4,54.0,13,8118,48.0,27.083333333333332,low_coverage
2019-10-11,,129.0,17.0,4,8118,48.0,8.333333333333334,low_coverage
2019-10-12,59.0,59.0,163.0,39,8118,48.0,81.25,
2019-10-13,59.0,59.0,200.0,48,8118,48.0,100.0,
2019-10-14,59.0,59.0,200.0,48,8118,48.0,100.0,
2019-10-15,101.0,101.0,192.0,46,8118,48.0,95.83333333333333,
2019-10-16,133.0,133.0,192.0,46,8118,48.0,95.83333333333333,
2019-10-17,108.0,108.0,192.0,46,8118,48.0,95.83333333333333,
2019-10-18,83.0,83.0,183.0,44,8118,48.0,91.66666666666667,
2019-10-19,74.5,74.5,192.0,46,8118,48.0,95.83333333333333,
2019-10-20,95.1,95.1,196.0,47,8118,48.0,97.91666666666667,
2019-10-21,109.0,109.0,200.0,48,8118,48.0,100.0,
2019-10-22,89.3,89.3,200.0,48,8118,48.0,100.0,
2019-10-23,101.0,101.0,188.0,45,8118,48.0,93.75,
2019-10-24,138.0,138.0,188.0,45,8118,48.0,93.75,
2019-10-25,115.0,115.0,188.0,45,8118,48.0,93.75,
2019-10-26,125.0,125.0,183.0,44,8118,48.0,91.66666666666667,
2019-10-27,170.0,170.0,171.0,41,8118,48.0,85.41666666666667,
2019-10-28,256.0,256.0,163.0,39,8118,48.0,81.25,
2019-10-29,265.0,265.0,163.0,39,8118,48.0,81.25,
2019-10-30,241.0,241.0,142.0,34,8118,48.0,70.83333333333333,
2019-10-31,286.0,286.0,108.0,26,8118,48.0,54.166666666666664,
2019-11-01,389.0,389.0,108.0,26,8118,48.0,54.166666666666664,
2019-11-02,328.0,328.0,100.0,24,8118,48.0,50.0,
2019-11-03,525.0,525.0,154.0,37,8118,48.0,77.08333333333333,
2019-11-04,263.0,263.0,200.0,48,8118,48.0,100.0,
2019-11-05,209.0,209.0,175.0,42,8118,48.0,87.5,
2019-11-06,88.2,88.2,154.0,37,8118,48.0,77.08333333333333,
2019-11-07,197.0,197.0,158.0,38,8118,48.0,79.16666666666667,
2019-11-08,152.0,152.0,200.0,48,8118,48.0,100.0,
2019-11-09,,193.0,54.0,13,8118,48.0,27.083333333333332,low_coverage
2019-11-10,162.0,162.0,146.0,35,8118,48.0,72.91666666666667,
2019-11-11,246.0,246.0,200.0,48,8118,48.0,100.0,
2019-11-12,380.0,380.0,183.0,44,8118,48.0,91.66666666666667,
2019-11-13,408.0,408.0,200.0,48,8118,48.0,100.0,
2019-11-14,401.0,401.0,200.0,48,8118,48.0,100.0,
2019-11-15,460.0,460.0,200.0,48,8118,48.0,100.0,
2019-11-16,189.0,189.0,179.0,43,8118,48.0,89.58333333333333,
2019-11-17,101.0,101.0,200.0,48,8118,48.0,100.0,
2019-11-18,100.0,100.0,200.0,48,8118,48.0,100.0,
2019-11-19,119.0,119.0,200.0,48,8118,48.0,100.0,
2019-11-20,139.0,139.0,200.0,48,8118,48.0,100.0,
2019-11-21,199.0,199.0,200.0,48,8118,48.0,100.0,
2019-11-22,176.0,176.0,183.0,44,8118,48.0,91.66666666666667,
2019-11-23,130.0,130.0,196.0,47,8118,48.0,97.91666666666667,
2019-11-24,108.0,108.0,171.0,41,8118,48.0,85.41666666666667,
2019-11-25,114.0,114.0,179.0,43,8118,48.0,89.58333333333333,
2019-11-26,100.0,100.0,196.0,47,8118,48.0,97.91666666666667,
2019-11-27,60.9,60.9,192.0,46,8118,48.0,95.83333333333333,
2019-11-28,31.5,31.5,183.0,44,8118,48.0,91.66666666666667,
2019-11-29,54.8,54.8,200.0,48,8118,48.0,100.0,
2019-11-30,106.0,106.0,200.0,48,8118,48.0,100.0,
2019-12-01,129.0,129.0,171.0,41,8118,48.0,85.41666666666667,
2019-12-02,132.0,132.0,200.0,48,8118,48.0,100.0,
2019-12-03,129.0,129.0,196.0,47,8118,48.0,97.91666666666667,
2019-12-04,128.0,128.0,196.0,47,8118,48.0,97.91666666666667,
2019-12-05,243.0,243.0,192.0,46,8118,48.0,95.83333333333333,
2019-12-06,254.0,254.0,179.0,43,8118,48.0,89.58333333333333,
2019-12-07,227.0,227.0,171.0,41,8118,48.0,85.41666666666667,
2019-12-08,230.0,230.0,200.0,48,8118,48.0,100.0,
2019-12-09,,239.0,54.0,13,8118,48.0,27.083333333333332,low_coverage
2019-12-10,203.0,203.0,146.0,35,8118,48.0,72.91666666666667,
2019-12-11,255.0,255.0,200.0,48,8118,48.0,100.0,
2019-12-12,263.0,263.0,200.0,48,8118,48.0,100.0,
2019-12-13,105.0,105.0,200.0,48,8118,48.0,100.0,
2019-12-14,85.1,85.1,196.0,47,8118,48.0,97.91666666666667,
2019-12-15,99.6,99.6,200.0,48,8118,48.0,100.0,
2019-12-16,101.0,101.0,200.0,48,8118,48.0,100.0,
2019-12-17,102.0,102.0,200.0,48,8118,48.0,100.0,
2019-12-18,149.0,149.0,200.0,48,8118,48.0,100.0,
2019-12-19,280.0,280.0,192.0,46,8118,48.0,95.83333333333333,
2019-12-20,335.0,335.0,188.0,45,8118,48.0,93.75,
2019-12-21,282.0,282.0,192.0,46,8118,48.0,95.83333333333333,
2019-12-22,157.0,157.0,154.0,37,8118,48.0,77.08333333333333,
2019-12-23,192.0,192.0,200.0,48,8118,48.0,100.0,
2019-12-24,293.0,293.0,200.0,48,8118,48.0,100.0,
2019-12-25,181.0,181.0,200.0,48,8118,48.0,100.0,
2019-12-26,219.0,219.0,200.0,48,8118,48.0,100.0,
2019-12-27,242.0,242.0,196.0,47,8118,48.0,97.91666666666667,
2019-12-28,297.0,297.0,200.0,48,8118,48.0,100.0,
2019-12-29,368.0,368.0,158.0,38,8118,48.0,79.16666666666667,
2019-12-30,354.0,354.0,171.0,41,8118,48.0,85.41666666666667,
2019-12-31,228.0,228.0,188.0,45,8118,48.0,93.75,
2020-01-01,311.0,311.0,188.0,45,8118,48.0,93.75,
2020-01-02,287.0,287.0,200.0,48,8118,48.0,100.0,
2020-01-03,228.0,228.0,200.0,48,8118,48.0,100.0,
2020-01-04,206.0,206.0,200.0,48,8118,48.0,100.0,
2020-01-05,160.0,160.0,200.0,48,8118,48.0,100.0,
2020-01-06,150.0,150.0,196.0,47,8118,48.0,97.91666666666667,
2020-01-07,123.0,123.0,175.0,42,8118,48.0,87.5,
2020-01-08,,104.0,54.0,13,8118,48.0,27.083333333333332,low_coverage
2020-01-09,106.0,106.0,125.0,30,8118,48.0,62.5,
2020-01-10,142.0,142.0,183.0,44,8118,48.0,91.66666666666667,
2020-01-11,157.0,157.0,200.0,48,8118,48.0,100.0,
2020-01-12,193.0,193.0,200.0,48,8118,48.0,100.0,
2020-01-13,221.0,221.0,192.0,46,8118,48.0,95.83333333333333,
2020-01-14,116.0,116.0,179.0,43,8118,48.0,89.58333333333333,
2020-01-15,112.0,112.0,183.0,44,8118,48.0,91.66666666666667,
2020-01-16,152.0,152.0,163.0,39,8118,48.0,81.25,
2020-01-17,111.0,111.0,129.0,31,8118,48.0,64.58333333333333,
2020-01-18,135.0,135.0,129.0,31,8118,48.0,64.58333333333333,
2020-01-19,136.0,136.0,175.0,42,8118,48.0,87.5,
2020-01-20,158.0,158.0,150.0,36,8118,48.0,75.0,
2020-01-21,206.0,206.0,200.0,48,8118,48.0,100.0,
2020-01-22,220.0,220.0,200.0,48,8118,48.0,100.0,
2020-01-23,68.3,68.3,200.0,48,8118,48.0,100.0,
2020-01-24,77.2,77.2,188.0,45,8118,48.0,93.75,
2020-01-25,123.0,123.0,171.0,41,8118,48.0,85.41666666666667,
2020-01-26,193.0,193.0,179.0,43,8118,48.0,89.58333333333333,
2020-01-27,199.0,199.0,150.0,36,8118,48.0,75.0,
2020-01-28,113.0,113.0,200.0,48,8118,48.0,100.0,
2020-01-29,75.8,75.8,200.0,48,8118,48.0,100.0,
2020-01-30,96.0,96.0,179.0,43,8118,48.0,89.58333333333333,
2020-01-31,95.3,95.3,171.0,41,8118,48.0,85.41666666666667,
2020-02-01,101.0,101.0,175.0,42,8118,48.0,87.5,
2020-02-02,134.0,134.0,167.0,40,8118,48.0,83.33333333333333,
2020-02-03,126.0,126.0,192.0,46,8118,48.0,95.83333333333333,
2020-02-04,167.0,167.0,196.0,47,8118,48.0,97.91666666666667,
2020-02-05,137.0,137.0,158.0,38,8118,48.0,79.16666666666667,
2020-02-06,110.0,110.0,183.0,44,8118,48.0,91.66666666666667,
2020-02-07,,149.0,50.0,12,8118,48.0,25.0,low_coverage
2020-02-08,142.0,142.0,125.0,30,8118,48.0,62.5,
2020-02-09,162.0,162.0,146.0,35,8118,48.0,72.91666666666667,
2020-02-10,180.0,180.0,154.0,37,8118,48.0,77.08333333333333,
2020-02-11,162.0,162.0,167.0,40,8118,48.0,83.33333333333333,
2020-02-12,194.0,194.0,171.0,41,8118,48.0,85.41666666666667,
2020-02-13,99.7,99.7,129.0,31,8118,48.0,64.58333333333333,
2020-02-14,70.3,70.3,167.0,40,8118,48.0,83.33333333333333,
2020-02-15,82.2,82.2,188.0,45,8118,48.0,93.75,
2020-02-16,118.0,118.0,183.0,44,8118,48.0,91.66666666666667,
2020-02-17,157.0,157.0,183.0,44,8118,48.0,91.66666666666667,
2020-02-18,133.0,133.0,196.0,47,8118,48.0,97.91666666666667,
2020-02-19,120.0,120.0,196.0,47,8118,48.0,97.91666666666667,
2020-02-20,101.0,101.0,188.0,45,8118,48.0,93.75,
2020-02-21,54.2,54.2,200.0,48,8118,48.0,100.0,
2020-02-22,64.5,64.5,192.0,46,8118,48.0,95.83333333333333,
2020-02-23,98.4,98.4,179.0,43,8118,48.0,89.58333333333333,
2020-02-24,63.9,63.9,200.0,48,8118,48.0,100.0,
2020-02-25,152.0,152.0,200.0,48,8118,48.0,100.0,
2020-02-26,133.0,133.0,200.0,48,8118,48.0,100.0,
2020-02-27,102.0,102.0,188.0,45,8118,48.0,93.75,
2020-02-28,85.2,85.2,167.0,40,8118,48.0,83.33333333333333,
2020-02-29,58.0,58.0,179.0,43,8118,48.0,89.58333333333333,
2020-03-01,36.6,36.6,192.0,46,8118,48.0,95.83333333333333,
2020-03-02,82.5,82.5,192.0,46,8118,48.0,95.83333333333333,
2020-03-03,67.7,67.7,179.0,43,8118,48.0,89.58333333333333,
2020-03-04,70.6,70.6,163.0,39,8118,48.0,81.25,
2020-03-05,27.6,27.6,200.0,48,8118,48.0,100.0,
2020-03-06,19.7,19.7,200.0,48,8118,48.0,100.0,
2020-03-07,42.0,42.0,200.0,48,8118,48.0,100.0,
2020-03-08,,87.5,54.0,13,8118,48.0,27.083333333333332,low_coverage
2020-03-09,45.2,45.2,133.0,32,8118,48.0,66.66666666666667,
2020-03-10,85.2,85.2,196.0,47,8118,48.0,97.91666666666667,
2020-03-11,54.7,54.7,196.0,47,8118,48.0,97.91666666666667,
2020-03-12,52.1,52.1,200.0,48,8118,48.0,100.0,
2020-03-13,59.3,59.3,196.0,47,8118,48.0,97.91666666666667,
2020-03-14,38.1,38.1,171.0,41,8118,48.0,85.41666666666667,
2020-03-15,58.9,58.9,196.0,47,8118,48.0,97.91666666666667,
2020-03-16,68.6,68.6,138.0,33,8118,48.0,68.75,
2020-03-17,70.0,70.0,138.0,33,8118,48.0,68.75,
2020-03-18,65.3,65.3,163.0,39,8118,48.0,81.25,
2020-03-19,81.2,81.2,171.0,41,8118,48.0,85.41666666666667,
2020-03-20,91.9,91.9,163.0,39,8118,48.0,81.25,
2020-03-21,66.7,66.7,163.0,39,8118,48.0,81.25,
2020-03-22,69.4,69.4,163.0,39,8118,48.0,81.25,
2020-03-23,60.0,60.0,121.0,29,8118,48.0,60.416666666666664,
2020-03-24,45.9,45.9,183.0,44,8118,48.0,91.66666666666667,
2020-03-25,29.6,29.6,167.0,40,8118,48.0,83.33333333333333,
2020-03-26,42.2,42.2,196.0,47,8118,48.0,97.91666666666667,
2020-03-27,25.2,25.2,200.0,48,8118,48.0,100.0,
2020-03-28,18.1,18.1,200.0,48,8118,48.0,100.0,
2020-03-29,24.5,24.5,200.0,48,8118,48.0,100.0,
2020-03-30,36.6,36.6,196.0,47,8118,48.0,97.91666666666667,
2020-03-31,31.5,31.5,175.0,42,8118,48.0,87.5,
2020-04-01,30.4,30.4,192.0,46,8118,48.0,95.83333333333333,
2020-04-02,23.9,23.9,200.0,48,8118,48.0,100.0,
2020-04-03,36.6,36.6,200.0,48,8118,48.0,100.0,
2020-04-04,37.4,37.4,200.0,48,8118,48.0,100.0,
2020-04-05,44.0,44.0,200.0,48,8118,48.0,100.0,
2020-04-06,51.0,51.0,200.0,48,8118,48.0,100.0,
2020-04-07,,33.1,54.0,13,8118,48.0,27.083333333333332,low_coverage
2020-04-08,33.2,33.2,146.0,35,8118,48.0,72.91666666666667,
2020-04-09,35.8,35.8,196.0,47,8118,48.0,97.91666666666667,
2020-04-10,59.9,59.9,200.0,48,8118,48.0,100.0,
2020-04-11,44.8,44.8,200.0,48,8118,48.0,100.0,
2020-04-12,41.8,41.8,200.0,48,8118,48.0,100.0,
2020-04-13,60.6,60.6,200.0,48,8118,48.0,100.0,
2020-04-14,45.0,45.0,200.0,48,8118,48.0,100.0,
2020-04-15,49.6,49.6,200.0,48,8118,48.0,100.0,
2020-04-16,65.1,65.1,200.0,48,8118,48.0,100.0,
2020-04-17,23.7,23.7,200.0,48,8118,48.0,100.0,
2020-04-18,27.8,27.8,200.0,48,8118,48.0,100.0,
2020-04-19,32.6,32.6,200.0,48,8118,48.0,100.0,
2020-04-20,38.1,38.1,200.0,48,8118,48.0,100.0,
2020-04-21,33.7,33.7,200.0,48,8118,48.0,100.0,
2020-04-22,49.7,49.7,200.0,48,8118,48.0,100.0,
2020-04-23,47.7,47.7,200.0,48,8118,48.0,100.0,
2020-04-24,52.5,52.5,125.0,30,8118,48.0,62.5,
2020-04-26,41.3,41.3,192.0,46,8118,48.0,95.83333333333333,
2020-04-27,27.3,27.3,196.0,47,8118,48.0,97.91666666666667,
2020-04-28,36.9,36.9,188.0,45,8118,48.0,93.75,
2020-04-29,53.2,53.2,163.0,39,8118,48.0,81.25,
2020-04-30,52.0,52.0,175.0,42,8118,48.0,87.5,
2020-05-01,56.6,56.6,142.0,34,8118,48.0,70.83333333333333,
2020-05-02,35.8,35.8,196.0,47,8118,48.0,97.91666666666667,
2020-05-03,33.7,33.7,167.0,40,8118,48.0,83.33333333333333,
2020-05-04,26.5,26.5,158.0,38,8118,48.0,79.16666666666667,
2020-05-05,44.1,44.1,171.0,41,8118,48.0,85.41666666666667,
2020-05-06,53.6,53.6,154.0,37,8118,48.0,77.08333333333333,
2020-05-07,,30.2,42.0,10,8118,48.0,20.833333333333332,low_coverage
2020-05-08,44.3,44.3,100.0,24,8118,48.0,50.0,
2020-05-09,54.7,54.7,146.0,35,8118,48.0,72.91666666666667,
2020-05-10,43.9,43.9,192.0,46,8118,48.0,95.83333333333333,
2020-05-11,44.4,44.4,175.0,42,8118,48.0,87.5,
2020-05-12,,42.6,96.0,23,8118,48.0,47.916666666666664,low_coverage
2020-05-13,64.4,64.4,100.0,24,8118,48.0,50.0,
2020-05-14,44.6,44.6,100.0,24,8118,48.0,50.0,
2020-05-15,,54.1,79.0,19,8118,48.0,39.583333333333336,low_coverage
2020-05-16,74.8,74.8,167.0,40,8118,48.0,83.33333333333333,
2020-05-17,89.9,89.9,192.0,46,8118,48.0,95.83333333333333,
2020-05-18,88.8,88.8,158.0,38,8118,48.0,79.16666666666667,
2020-05-19,92.6,92.6,188.0,45,8118,48.0,93.75,
2020-05-20,58.0,58.0,179.0,43,8118,48.0,89.58333333333333,
2020-05-21,42.8,42.8,183.0,44,8118,48.0,91.66666666666667,
2020-05-22,68.6,68.6,188.0,45,8118,48.0,93.75,
2020-05-23,60.1,60.1,200.0,48,8118,48.0,100.0,
2020-05-24,46.5,46.5,200.0,48,8118,48.0,100.0,
2020-05-25,61.0,61.0,200.0,48,8118,48.0,100.0,
2020-05-26,57.5,57.5,104.0,25,8118,48.0,52.083333333333336,
2020-05-27,,43.8,92.0,22,8118,48.0,45.833333333333336,low_coverage
2020-05-28,37.1,37.1,146.0,35,8118,48.0,72.91666666666667,
2020-05-29,23.5,23.5,125.0,30,8118,48.0,62.5,
2020-05-30,,23.3,88.0,21,8118,48.0,43.75,low_coverage
2020-05-31,20.9,20.9,167.0,40,8118,48.0,83.33333333333333,
2020-06-01,37.2,37.2,167.0,40,8118,48.0,83.33333333333333,
2020-06-02,42.1,42.1,133.0,32,8118,48.0,66.66666666666667,
2020-06-03,47.3,47.3,171.0,41,8118,48.0,85.41666666666667,
2020-06-04,65.8,65.8,171.0,41,8118,48.0,85.41666666666667,
2020-06-05,34.4,34.4,167.0,40,8118,48.0,83.33333333333333,
2020-06-06,,27.2,46.0,11,8118,48.0,22.916666666666668,low_coverage
2020-06-07,,27.0,33.0,8,8118,48.0,16.666666666666668,low_coverage
2020-06-08,39.0,39.0,188.0,45,8118,48.0,93.75,
2020-06-09,57.2,57.2,163.0,39,8118,48.0,81.25,
2020-06-10,48.3,48.3,179.0,43,8118,48.0,89.58333333333333,
2020-06-11,45.0,45.0,175.0,42,8118,48.0,87.5,
2020-06-12,61.1,61.1,146.0,35,8118,48.0,72.91666666666667,
2020-06-13,46.2,46.2,138.0,33,8118,48.0,68.75,
2020-06-14,61.8,61.8,146.0,35,8118,48.0,72.91666666666667,
2020-06-15,47.0,47.0,154.0,37,8118,48.0,77.08333333333333,
2020-06-16,,38.3,88.0,21,8118,48.0,43.75,low_coverage
2020-06-17,27.2,27.2,138.0,33,8118,48.0,68.75,
2020-06-18,35.8,35.8,171.0,41,8118,48.0,85.41666666666667,
2020-06-19,61.2,61.2,171.0,41,8118,48.0,85.41666666666667,
2020-06-20,36.0,36.0,167.0,40,8118,48.0,83.33333333333333,
2020-06-21,39.5,39.5,167.0,40,8118,48.0,83.33333333333333,
2020-06-22,40.4,40.4,154.0,37,8118,48.0,77.08333333333333,
2020-06-23,26.4,26.4,196.0,47,8118,48.0,97.91666666666667,
2020-06-24,28.4,28.4,158.0,38,8118,48.0,79.16666666666667,
2020-06-25,32.2,32.2,167.0,40,8118,48.0,83.33333333333333,
2020-06-26,40.5,40.5,163.0,39,8118,48.0,81.25,
2020-06-27,37.0,37.0,192.0,46,8118,48.0,95.83333333333333,
2020-06-28,56.1,56.1,188.0,45,8118,48.0,93.75,
2020-06-29,37.2,37.2,183.0,44,8118,48.0,91.66666666666667,
2020-06-30,36.7,36.7,125.0,30,8118,48.0,62.5,
2020-07-01,49.0,49.0,171.0,41,8118,48.0,85.41666666666667,
2020-07-02,57.4,57.4,196.0,47,8118,48.0,97.91666666666667,
2020-07-03,60.3,60.3,133.0,32,8118,48.0,66.66666666666667,
2020-07-04,42.4,42.4,200.0,48,8118,48.0,100.0,
2020-07-05,27.5,27.5,192.0,46,8118,48.0,95.83333333333333,
2020-07-06,,40.2,54.0,13,8118,48.0,27.083333333333332,low_coverage
2020-07-07,11.1,11.1,125.0,30,8118,48.0,62.5,
2020-07-08,21.1,21.1,192.0,46,8118,48.0,95.83333333333333,
2020-07-09,27.5,27.5,200.0,48,8118,48.0,100.0,
2020-07-10,21.8,21.8,200.0,48,8118,48.0,100.0,
2020-07-11,17.2,17.2,200.0,48,8118,48.0,100.0,
2020-07-12,18.5,18.5,192.0,46,8118,48.0,95.83333333333333,
2020-07-13,27.7,27.7,200.0,48,8118,48.0,100.0,
2020-07-14,36.4,36.4,200.0,48,8118,48.0,100.0,
2020-07-15,38.4,38.4,200.0,48,8118,48.0,100.0,
2020-07-16,27.7,27.7,200.0,48,8118,48.0,100.0,
2020-07-17,42.2,42.2,200.0,48,8118,48.0,100.0,
2020-07-18,38.6,38.6,200.0,48,8118,48.0,100.0,
2020-07-19,21.2,21.2,200.0,48,8118,48.0,100.0,
2020-07-20,16.8,16.8,200.0,48,8118,48.0,100.0,
2020-07-21,20.1,20.1,200.0,48,8118,48.0,100.0,
2020-07-22,15.4,15.4,200.0,48,8118,48.0,100.0,
2020-07-23,30.3,30.3,200.0,48,8118,48.0,100.0,
2020-07-24,35.7,35.7,200.0,48,8118,48.0,100.0,
2020-07-25,27.7,27.7,200.0,48,8118,48.0,100.0,
2020-07-26,34.0,34.0,200.0,48,8118,48.0,100.0,
2020-07-27,28.7,28.7,200.0,48,8118,48.0,100.0,
2020-07-28,21.6,21.6,200.0,48,8118,48.0,100.0,
2020-07-29,21.4,21.4,200.0,48,8118,48.0,100.0,
2020-07-30,14.4,14.4,200.0,48,8118,48.0,100.0,
2020-07-31,,30.5,88.0,21,8118,48.0,43.75,low_coverage
2020-08-03,19.8,19.8,171.0,41,8118,48.0,85.41666666666667,
2020-08-04,21.4,21.4,200.0,48,8118,48.0,100.0,
2020-08-05,,35.8,54.0,13,8118,48.0,27.083333333333332,low_coverage
2020-08-06,9.11,9.11,146.0,35,8118,48.0,72.91666666666667,
2020-08-07,22.2,22.2,192.0,46,8118,48.0,95.83333333333333,
2020-08-08,45.8,45.8,200.0,48,8118,48.0,100.0,
2020-08-09,20.6,20.6,117.0,28,8118,48.0,58.333333333333336,
2020-08-10,25.0,25.0,175.0,42,8118,48.0,87.5,
2020-08-11,,35.7,96.0,23,8118,48.0,47.916666666666664,low_coverage
2020-08-12,,21.1,79.0,19,8118,48.0,39.583333333333336,low_coverage
2020-08-13,12.1,12.1,196.0,47,8118,48.0,97.91666666666667,
2020-08-14,16.9,16.9,179.0,43,8118,48.0,89.58333333333333,
2020-08-15,27.0,27.0,125.0,30,8118,48.0,62.5,
2020-08-16,18.1,18.1,113.0,27,8118,48.0,56.25,
2020-08-17,25.3,25.3,158.0,38,8118,48.0,79.16666666666667,
2020-08-18,23.0,23.0,133.0,32,8118,48.0,66.66666666666667,
2020-08-19,,16.9,96.0,23,8118,48.0,47.916666666666664,low_coverage
2020-08-20,18.4,18.4,108.0,26,8118,48.0,54.166666666666664,
2020-08-21,16.1,16.1,121.0,29,8118,48.0,60.416666666666664,
2020-08-22,,14.9,83.0,20,8118,48.0,41.666666666666664,low_coverage
2020-08-23,16.5,16.5,196.0,47,8118,48.0,97.91666666666667,
2020-08-24,11.4,11.4,175.0,42,8118,48.0,87.5,
2020-08-25,,15.2,63.0,15,8118,48.0,31.25,low_coverage
2020-08-26,,12.5,88.0,21,8118,48.0,43.75,low_coverage
2020-08-27,14.3,14.3,138.0,33,8118,48.0,68.75,
2020-08-28,22.1,22.1,192.0,46,8118,48.0,95.83333333333333,
2020-08-29,26.8,26.8,200.0,48,8118,48.0,100.0,
2020-08-30,12.7,12.7,167.0,40,8118,48.0,83.33333333333333,
2020-08-31,7.44,7.44,200.0,48,8118,48.0,100.0,
2020-09-01,14.8,14.8,188.0,45,8118,48.0,93.75,
2020-09-02,16.7,16.7,179.0,43,8118,48.0,89.58333333333333,
2020-09-03,30.3,30.3,142.0,34,8118,48.0,70.83333333333333,
2020-09-04,,39.6,33.0,8,8118,48.0,16.666666666666668,low_coverage
2020-09-05,17.0,17.0,146.0,35,8118,48.0,72.91666666666667,
2020-09-06,23.8,23.8,171.0,41,8118,48.0,85.41666666666667,
2020-09-07,45.0,45.0,175.0,42,8118,48.0,87.5,
2020-09-08,28.2,28.2,200.0,48,8118,48.0,100.0,
2020-09-09,,49.6,92.0,22,8118,48.0,45.833333333333336,low_coverage
2020-09-10,,50.8,58.0,14,8118,48.0,29.166666666666668,low_coverage
2020-09-11,,56.8,71.0,17,8118,48.0,35.416666666666664,low_coverage
2020-09-12,,52.2,75.0,18,8118,48.0,37.5,low_coverage
2020-09-13,59.9,59.9,142.0,34,8118,48.0,70.83333333333333,
2020-09-14,67.9,67.9,113.0,27,8118,48.0,56.25,
2020-09-15,57.2,57.2,125.0,30,8118,48.0,62.5,
2020-09-16,60.3,60.3,138.0,33,8118,48.0,68.75,
2020-09-17,,41.1,58.0,14,8118,48.0,29.166666666666668,low_coverage
2020-09-18,,37.3,96.0,23,8118,48.0,47.916666666666664,low_coverage
2020-09-19,,51.7,92.0,22,8118,48.0,45.833333333333336,low_coverage
2020-09-20,59.5,59.5,171.0,41,8118,48.0,85.41666666666667,
2020-09-21,58.8,58.8,142.0,34,8118,48.0,70.83333333333333,
2020-09-22,29.3,29.3,138.0,33,8118,48.0,68.75,
2020-09-23,22.9,22.9,117.0,28,8118,48.0,58.333333333333336,
2020-09-24,32.4,32.4,117.0,28,8118,48.0,58.333333333333336,
2020-09-25,50.7,50.7,108.0,26,8118,48.0,54.166666666666664,
2020-09-26,53.3,53.3,167.0,40,8118,48.0,83.33333333333333,
2020-09-27,32.1,32.1,200.0,48,8118,48.0,100.0,
2020-09-28,66.3,66.3,163.0,39,8118,48.0,81.25,
2020-09-29,64.9,64.9,129.0,31,8118,48.0,64.58333333333333,
2020-09-30,54.6,54.6,129.0,31,8118,48.0,64.58333333333333,
2020-10-01,56.1,56.1,133.0,32,8118,48.0,66.66666666666667,
2020-10-02,66.3,66.3,104.0,25,8118,48.0,52.083333333333336,
2020-10-03,75.8,75.8,125.0,30,8118,48.0,62.5,
2020-10-04,,78.8,38.0,9,8118,48.0,18.75,low_coverage
2020-10-05,,67.0,92.0,22,8118,48.0,45.833333333333336,low_coverage
2020-10-06,67.9,67.9,129.0,31,8118,48.0,64.58333333333333,
2020-10-07,82.4,82.4,113.0,27,8118,48.0,56.25,
2020-10-08,74.2,74.2,129.0,31,8118,48.0,64.58333333333333,
2020-10-09,82.2,82.2,129.0,31,8118,48.0,64.58333333333333,
2020-10-10,92.4,92.4,113.0,27,8118,48.0,56.25,
2020-10-11,90.0,90.0,142.0,34,8118,48.0,70.83333333333333,
2020-10-12,110.0,110.0,117.0,28,8118,48.0,58.333333333333336,
2020-10-13,116.0,116.0,150.0,36,8118,48.0,75.0,
2020-10-14,112.0,112.0,133.0,32,8118,48.0,66.66666666666667,
2020-10-15,132.0,132.0,133.0,32,8118,48.0,66.66666666666667,
2020-10-16,95.3,95.3,129.0,31,8118,48.0,64.58333333333333,
2020-10-17,119.0,119.0,125.0,30,8118,48.0,62.5,
2020-10-18,108.0,108.0,150.0,36,8118,48.0,75.0,
2020-10-19,106.0,106.0,133.0,32,8118,48.0,66.66666666666667,
2020-10-20,97.8,97.8,150.0,36,8118,48.0,75.0,
2020-10-21,91.7,91.7,142.0,34,8118,48.0,70.83333333333333,
2020-10-22,141.0,141.0,150.0,36,8118,48.0,75.0,
2020-10-23,193.0,193.0,146.0,35,8118,48.0,72.91666666666667,
2020-10-24,161.0,161.0,129.0,31,8118,48.0,64.58333333333333,
2020-10-25,,163.0,88.0,21,8118,48.0,43.75,low_coverage
2020-10-26,185.0,185.0,129.0,31,8118,48.0,64.58333333333333,
2020-10-27,166.0,166.0,129.0,31,8118,48.0,64.58333333333333,
2020-10-28,160.0,160.0,133.0,32,8118,48.0,66.66666666666667,
2020-10-29,223.0,223.0,175.0,42,8118,48.0,87.5,
2020-10-30,223.0,223.0,129.0,31,8118,48.0,64.58333333333333,
2020-10-31,266.0,266.0,129.0,31,8118,48.0,64.58333333333333,
2020-11-01,242.0,242.0,117.0,28,8118,48.0,58.333333333333336,
2020-11-02,135.0,135.0,121.0,29,8118,48.0,60.416666666666664,
2020-11-03,,156.0,46.0,11,8118,48.0,22.916666666666668,low_coverage
2020-11-04,,354.0,88.0,21,8118,48.0,43.75,low_coverage
2020-11-05,273.0,273.0,158.0,38,8118,48.0,79.16666666666667,
2020-11-06,224.0,224.0,146.0,35,8118,48.0,72.91666666666667,
2020-11-07,320.0,320.0,163.0,39,8118,48.0,81.25,
2020-11-08,307.0,307.0,142.0,34,8118,48.0,70.83333333333333,
2020-11-09,549.0,549.0,150.0,36,8118,48.0,75.0,
2020-11-10,487.0,487.0,183.0,44,8118,48.0,91.66666666666667,
2020-11-11,120.0,120.0,175.0,42,8118,48.0,87.5,
2020-11-12,159.0,159.0,183.0,44,8118,48.0,91.66666666666667,
2020-11-13,161.0,161.0,158.0,38,8118,48.0,79.16666666666667,
2020-11-14,360.0,360.0,129.0,31,8118,48.0,64.58333333333333,
2020-11-15,306.0,306.0,154.0,37,8118,48.0,77.08333333333333,
2020-11-16,93.9,93.9,138.0,33,8118,48.0,68.75,
2020-11-17,80.2,80.2,125.0,30,8118,48.0,62.5,
2020-11-18,112.0,112.0,154.0,37,8118,48.0,77.08333333333333,
2020-11-19,127.0,127.0,150.0,36,8118,48.0,75.0,
2020-11-20,135.0,135.0,146.0,35,8118,48.0,72.91666666666667,
2020-11-21,130.0,130.0,133.0,32,8118,48.0,66.66666666666667,
2020-11-22,138.0,138.0,104.0,25,8118,48.0,52.083333333333336,
2020-11-23,,147.0,88.0,21,8118,48.0,43.75,low_coverage
2020-11-24,235.0,235.0,146.0,35,8118,48.0,72.91666666666667,
2020-11-25,272.0,272.0,100.0,24,8118,48.0,50.0,
2020-11-26,,167.0,79.0,19,8118,48.0,39.583333333333336,low_coverage
2020-11-27,81.2,81.2,104.0,25,8118,48.0,52.083333333333336,
2020-11-28,118.0,118.0,129.0,31,8118,48.0,64.58333333333333,
2020-11-29,118.0,118.0,163.0,39,8118,48.0,81.25,
2020-11-30,163.0,163.0,167.0,40,8118,48.0,83.33333333333333,
2020-12-01,215.0,215.0,142.0,34,8118,48.0,70.83333333333333,
2020-12-02,216.0,216.0,133.0,32,8118,48.0,66.66666666666667,
2020-12-03,,214.0,42.0,10,8118,48.0,20.833333333333332,low_coverage
2020-12-04,232.0,232.0,113.0,27,8118,48.0,56.25,
2020-12-05,,254.0,92.0,22,8118,48.0,45.833333333333336,low_coverage
2020-12-06,224.0,224.0,108.0,26,8118,48.0,54.166666666666664,
2020-12-07,299.0,299.0,142.0,34,8118,48.0,70.83333333333333,
2020-12-08,195.0,195.0,133.0,32,8118,48.0,66.66666666666667,
2020-12-09,181.0,181.0,117.0,28,8118,48.0,58.333333333333336,
2020-12-10,128.0,128.0,100.0,24,8118,48.0,50.0,
2020-12-11,,146.0,71.0,17,8118,48.0,35.416666666666664,low_coverage
2020-12-13,,86.5,63.0,15,8118,48.0,31.25,low_coverage
2020-12-14,87.0,87.0,133.0,32,8118,48.0,66.66666666666667,
2020-12-15,128.0,128.0,125.0,30,8118,48.0,62.5,
2020-12-16,130.0,130.0,133.0,32,8118,48.0,66.66666666666667,
2020-12-17,148.0,148.0,138.0,33,8118,48.0,68.75,
2020-12-18,134.0,134.0,154.0,37,8118,48.0,77.08333333333333,
2020-12-19,,197.0,75.0,18,8118,48.0,37.5,low_coverage
2020-12-20,183.0,183.0,163.0,39,8118,48.0,81.25,
2020-12-21,181.0,181.0,150.0,36,8118,48.0,75.0,
2020-12-22,293.0,293.0,117.0,28,8118,48.0,58.333333333333336,
2020-12-23,349.0,349.0,129.0,31,8118,48.0,64.58333333333333,
2020-12-24,335.0,335.0,171.0,41,8118,48.0,85.41666666666667,
2020-12-25,212.0,212.0,171.0,41,8118,48.0,85.41666666666667,
2020-12-26,205.0,205.0,163.0,39,8118,48.0,81.25,
2020-12-27,270.0,270.0,179.0,43,8118,48.0,89.58333333333333,
2020-12-28,96.5,96.5,138.0,33,8118,48.0,68.75,
2020-12-29,128.0,128.0,150.0,36,8118,48.0,75.0,
2020-12-30,168.0,168.0,133.0,32,8118,48.0,66.66666666666667,
2020-12-31,253.0,253.0,158.0,38,8118,48.0,79.16666666666667,
2021-01-01,392.0,392.0,154.0,37,8118,48.0,77.08333333333333,
2021-01-02,,401.0,38.0,9,8118,48.0,18.75,low_coverage
2021-01-03,125.0,125.0,100.0,24,8118,48.0,50.0,
2021-01-04,85.8,85.8,179.0,43,8118,48.0,89.58333333333333,
2021-01-05,68.2,68.2,171.0,41,8118,48.0,85.41666666666667,
2021-01-06,129.0,129.0,167.0,40,8118,48.0,83.33333333333333,
2021-01-07,128.0,128.0,188.0,45,8118,48.0,93.75,
2021-01-08,159.0,159.0,200.0,48,8118,48.0,100.0,
2021-01-09,163.0,163.0,200.0,48,8118,48.0,100.0,
2021-01-10,145.0,145.0,142.0,34,8118,48.0,70.83333333333333,
2021-01-11,135.0,135.0,188.0,45,8118,48.0,93.75,
2021-01-12,197.0,197.0,179.0,43,8118,48.0,89.58333333333333,
2021-01-13,250.0,250.0,175.0,42,8118,48.0,87.5,
2021-01-14,423.0,423.0,183.0,44,8118,48.0,91.66666666666667,
2021-01-15,410.0,410.0,188.0,45,8118,48.0,93.75,
2021-01-16,291.0,291.0,200.0,48,8118,48.0,100.0,
2021-01-17,254.0,254.0,188.0,45,8118,48.0,93.75,
2021-01-18,223.0,223.0,158.0,38,8118,48.0,79.16666666666667,
2021-01-19,297.0,297.0,167.0,40,8118,48.0,83.33333333333333,
2021-01-20,147.0,147.0,179.0,43,8118,48.0,89.58333333333333,
2021-01-21,147.0,147.0,150.0,36,8118,48.0,75.0,
2021-01-22,223.0,223.0,117.0,28,8118,48.0,58.333333333333336,
2021-01-23,185.0,185.0,146.0,35,8118,48.0,72.91666666666667,
2021-01-24,240.0,240.0,133.0,32,8118,48.0,66.66666666666667,
2021-01-25,182.0,182.0,183.0,44,8118,48.0,91.66666666666667,
2021-01-26,175.0,175.0,188.0,45,8118,48.0,93.75,
2021-01-27,183.0,183.0,188.0,45,8118,48.0,93.75,
2021-01-28,258.0,258.0,192.0,46,8118,48.0,95.83333333333333,
2021-01-29,206.0,206.0,163.0,39,8118,48.0,81.25,
2021-01-30,152.0,152.0,129.0,31,8118,48.0,64.58333333333333,
2021-01-31,114.0,114.0,167.0,40,8118,48.0,83.33333333333333,
2021-02-01,,308.0,54.0,13,8118,48.0,27.083333333333332,low_coverage
2021-02-02,213.0,213.0,146.0,35,8118,48.0,72.91666666666667,
2021-02-03,179.0,179.0,200.0,48,8118,48.0,100.0,
2021-02-04,155.0,155.0,200.0,48,8118,48.0,100.0,
2021-02-05,73.7,73.7,200.0,48,8118,48.0,100.0,
2021-02-06,119.0,119.0,175.0,42,8118,48.0,87.5,
2021-02-07,137.0,137.0,192.0,46,8118,48.0,95.83333333333333,
2021-02-08,183.0,183.0,192.0,46,8118,48.0,95.83333333333333,
2021-02-09,195.0,195.0,175.0,42,8118,48.0,87.5,
2021-02-10,141.0,141.0,113.0,27,8118,48.0,56.25,
2021-02-11,188.0,188.0,129.0,31,8118,48.0,64.58333333333333,
2021-02-12,229.0,229.0,142.0,34,8118,48.0,70.83333333333333,
2021-02-13,169.0,169.0,129.0,31,8118,48.0,64.58333333333333,
2021-02-14,191.0,191.0,133.0,32,8118,48.0,66.66666666666667,
2021-02-15,,199.0,50.0,12,8118,48.0,25.0,low_coverage
2021-02-16,175.0,175.0,129.0,31,8118,48.0,64.58333333333333,
2021-02-17,157.0,157.0,129.0,31,8118,48.0,64.58333333333333,
2021-02-18,136.0,136.0,121.0,29,8118,48.0,60.416666666666664,
2021-02-19,,182.0,79.0,19,8118,48.0,39.583333333333336,low_coverage
2021-02-20,,,21.0,5,8118,48.0,10.416666666666666,
2021-02-21,,,200.0,48,8118,48.0,100.0,
2021-02-22,100.0,100.0,196.0,47,8118,48.0,97.91666666666667,
2021-02-23,81.1,81.1,121.0,29,8118,48.0,60.416666666666664,
2021-02-24,92.6,92.6,121.0,29,8118,48.0,60.416666666666664,
2021-02-25,147.0,147.0,121.0,29,8118,48.0,60.416666666666664,
2021-02-26,,159.0,75.0,18,8118,48.0,37.5,low_coverage
2021-02-27,,55.0,21.0,5,8118,48.0,10.416666666666666,low_coverage
2021-02-28,,47.7,29.0,7,8118,48.0,14.583333333333334,low_coverage
2021-03-01,71.1,71.1,113.0,27,8118,48.0,56.25,
2021-03-02,65.9,65.9,121.0,29,8118,48.0,60.416666666666664,
2021-03-03,,91.3,25.0,6,8118,48.0,12.5,low_coverage
2021-03-04,,106.0,92.0,22,8118,48.0,45.833333333333336,low_coverage
2021-03-05,98.2,98.2,138.0,33,8118,48.0,68.75,
2021-03-06,109.0,109.0,138.0,33,8118,48.0,68.75,
2021-03-07,101.0,101.0,163.0,39,8118,48.0,81.25,
2021-03-08,107.0,107.0,158.0,38,8118,48.0,79.16666666666667,
2021-03-09,145.0,145.0,125.0,30,8118,48.0,62.5,
2021-03-10,74.8,74.8,100.0,24,8118,48.0,50.0,
2021-03-11,111.0,111.0,117.0,28,8118,48.0,58.333333333333336,
2021-03-12,60.9,60.9,133.0,32,8118,48.0,66.66666666666667,
2021-03-13,80.7,80.7,146.0,35,8118,48.0,72.91666666666667,
2021-03-14,102.0,102.0,163.0,39,8118,48.0,81.25,
2021-03-15,91.1,91.1,154.0,37,8118,48.0,77.08333333333333,
2021-03-16,122.0,122.0,129.0,31,8118,48.0,64.58333333333333,
2021-03-17,110.0,110.0,113.0,27,8118,48.0,56.25,
2021-03-18,109.0,109.0,125.0,30,8118,48.0,62.5,
2021-03-19,96.6,96.6,117.0,28,8118,48.0,58.333333333333336,
2021-03-20,114.0,114.0,158.0,38,8118,48.0,79.16666666666667,
2021-03-21,97.5,97.5,146.0,35,8118,48.0,72.91666666666667,
2021-03-22,73.1,73.1,146.0,35,8118,48.0,72.91666666666667,
2021-03-23,71.1,71.1,150.0,36,8118,48.0,75.0,
2021-03-24,58.6,58.6,113.0,27,8118,48.0,56.25,
2021-03-25,48.3,48.3,133.0,32,8118,48.0,66.66666666666667,
2021-03-26,76.2,76.2,113.0,27,8118,48.0,56.25,
2021-03-27,79.4,79.4,108.0,26,8118,48.0,54.166666666666664,
2021-03-28,74.6,74.6,100.0,24,8118,48.0,50.0,
2021-03-29,84.3,84.3,108.0,26,8118,48.0,54.166666666666664,
2021-03-30,80.0,80.0,142.0,34,8118,48.0,70.83333333333333,
2021-03-31,61.2,61.2,167.0,40,8118,48.0,83.33333333333333,
2021-04-01,39.2,39.2,154.0,37,8118,48.0,77.08333333333333,
2021-04-02,,62.3,50.0,12,8118,48.0,25.0,low_coverage
2021-04-03,33.9,33.9,133.0,32,8118,48.0,66.66666666666667,
2021-04-04,59.2,59.2,133.0,32,8118,48.0,66.66666666666667,
2021-04-05,76.9,76.9,104.0,25,8118,48.0,52.083333333333336,
2021-04-06,,124.0,96.0,23,8118,48.0,47.916666666666664,low_coverage
2021-04-07,65.0,65.0,117.0,28,8118,48.0,58.333333333333336,
2021-04-08,47.4,47.4,196.0,47,8118,48.0,97.91666666666667,
2021-04-09,,79.4,58.0,14,8118,48.0,29.166666666666668,low_coverage
2021-04-10,72.5,72.5,196.0,47,8118,48.0,97.91666666666667,
2021-04-11,69.3,69.3,138.0,33,8118,48.0,68.75,
2021-04-12,112.0,112.0,200.0,48,8118,48.0,100.0,
2021-04-13,96.8,96.8,146.0,35,8118,48.0,72.91666666666667,
2021-04-14,64.9,64.9,183.0,44,8118,48.0,91.66666666666667,
2021-04-15,79.5,79.5,163.0,39,8118,48.0,81.25,
2021-04-16,,66.8,54.0,13,8118,48.0,27.083333333333332,low_coverage
2021-04-17,36.2,36.2,104.0,25,8118,48.0,52.083333333333336,
2021-04-18,49.7,49.7,117.0,28,8118,48.0,58.333333333333336,
2021-04-19,66.7,66.7,104.0,25,8118,48.0,52.083333333333336,
2021-04-20,57.3,57.3,104.0,25,8118,48.0,52.083333333333336,
2021-04-21,,38.3,33.0,8,8118,48.0,16.666666666666668,low_coverage
2021-04-22,41.1,41.1,175.0,42,8118,48.0,87.5,
2021-04-23,,40.6,67.0,16,8118,48.0,33.333333333333336,low_coverage
2021-04-24,,30.2,50.0,12,8118,48.0,25.0,low_coverage
2021-04-27,,97.1,88.0,21,8118,48.0,43.75,low_coverage
2021-04-28,173.0,173.0,183.0,44,8118,48.0,91.66666666666667,
2021-04-29,149.0,149.0,138.0,33,8118,48.0,68.75,
2021-04-30,110.0,110.0,142.0,34,8118,48.0,70.83333333333333,
2021-05-01,,96.8,54.0,13,8118,48.0,27.083333333333332,low_coverage
2021-05-02,,77.3,13.0,3,8118,48.0,6.25,low_coverage
2021-05-03,,120.0,75.0,18,8118,48.0,37.5,low_coverage
2021-05-04,62.8,62.8,113.0,27,8118,48.0,56.25,
2021-05-05,63.5,63.5,129.0,31,8118,48.0,64.58333333333333,
2021-05-06,,61.4,96.0,23,8118,48.0,47.916666666666664,low_coverage
2021-05-07,56.2,56.2,125.0,30,8118,48.0,62.5,
2021-05-08,52.0,52.0,129.0,31,8118,48.0,64.58333333333333,
2021-05-09,55.5,55.5,121.0,29,8118,48.0,60.416666666666664,
2021-05-10,,49.8,75.0,18,8118,48.0,37.5,low_coverage
2021-05-11,,45.6,58.0,14,8118,48.0,29.166666666666668,low_coverage
2021-05-12,,35.4,71.0,17,8118,48.0,35.416666666666664,low_coverage
2021-05-13,35.2,35.2,125.0,30,8118,48.0,62.5,
2021-05-14,,55.5,8.0,2,8118,48.0,4.166666666666667,low_coverage
2021-05-15,,45.0,83.0,20,8118,48.0,41.666666666666664,low_coverage
2021-05-16,51.9,51.9,100.0,24,8118,48.0,50.0,
2021-05-17,73.4,73.4,146.0,35,8118,48.0,72.91666666666667,
2021-05-18,23.0,23.0,158.0,38,8118,48.0,79.16666666666667,
2021-05-19,,20.6,29.0,7,8118,48.0,14.583333333333334,low_coverage
2021-05-20,24.5,24.5,100.0,24,8118,48.0,50.0,
2021-05-21,,23.7,71.0,17,8118,48.0,35.416666666666664,low_coverage
2021-05-22,,20.4,63.0,15,8118,48.0,31.25,low_coverage
2021-05-25,42.6,42.6,100.0,24,8118,48.0,50.0,
2021-05-26,,60.3,13.0,3,8118,48.0,6.25,low_coverage
2021-05-27,,39.6,67.0,16,8118,48.0,33.333333333333336,low_coverage
2021-05-28,31.0,31.0,125.0,30,8118,48.0,62.5,
2021-05-29,18.1,18.1,121.0,29,8118,48.0,60.416666666666664,
2021-05-30,,18.7,29.0,7,8118,48.0,14.583333333333334,low_coverage
2021-05-31,,38.8,58.0,14,8118,48.0,29.166666666666668,low_coverage
2021-06-01,,23.0,17.0,4,8118,48.0,8.333333333333334,low_coverage
2021-06-02,,48.1,58.0,14,8118,48.0,29.166666666666668,low_coverage
2021-06-03,,57.3,88.0,21,8118,48.0,43.75,low_coverage
2021-06-04,,44.5,79.0,19,8118,48.0,39.583333333333336,low_coverage
2021-06-05,42.5,42.5,117.0,28,8118,48.0,58.333333333333336,
2021-06-06,36.0,36.0,125.0,30,8118,48.0,62.5,
2021-06-07,53.6,53.6,138.0,33,8118,48.0,68.75,
2021-06-08,,61.6,96.0,23,8118,48.0,47.916666666666664,low_coverage
2021-06-10,,33.0,21.0,5,8118,48.0,10.416666666666666,low_coverage
2021-06-11,38.6,38.6,100.0,24,8118,48.0,50.0,
2021-06-12,,34.8,83.0,20,8118,48.0,41.666666666666664,low_coverage
2021-06-13,36.7,36.7,100.0,24,8118,48.0,50.0,
2021-06-14,34.0,34.0,117.0,28,8118,48.0,58.333333333333336,
2021-06-15,,29.1,79.0,19,8118,48.0,39.583333333333336,low_coverage
2021-06-16,,28.3,17.0,4,8118,48.0,8.333333333333334,low_coverage
2021-06-17,,35.8,83.0,20,8118,48.0,41.666666666666664,low_coverage
2021-06-18,,29.3,33.0,8,8118,48.0,16.666666666666668,low_coverage
2021-06-19,,21.8,67.0,16,8118,48.0,33.333333333333336,low_coverage
2021-06-20,25.2,25.2,104.0,25,8118,48.0,52.083333333333336,
2021-06-21,35.5,35.5,117.0,28,8118,48.0,58.333333333333336,
2021-06-22,41.8,41.8,108.0,26,8118,48.0,54.166666666666664,
2021-06-23,,75.2,58.0,14,8118,48.0,29.166666666666668,low_coverage
2021-06-24,51.2,51.2,104.0,25,8118,48.0,52.083333333333336,
2021-06-25,,47.1,75.0,18,8118,48.0,37.5,low_coverage
2021-06-26,41.3,41.3,121.0,29,8118,48.0,60.416666666666664,
2021-06-27,70.0,70.0,129.0,31,8118,48.0,64.58333333333333,
2021-06-28,63.4,63.4,104.0,25,8118,48.0,52.083333333333336,
2021-06-29,,74.2,88.0,21,8118,48.0,43.75,low_coverage
2021-06-30,,68.0,13.0,3,8118,48.0,6.25,low_coverage
2021-07-01,,27.0,25.0,6,8118,48.0,12.5,low_coverage
2021-07-02,,57.4,71.0,17,8118,48.0,35.416666666666664,low_coverage
2021-07-03,37.1,37.1,108.0,26,8118,48.0,54.166666666666664,
2021-07-04,46.9,46.9,104.0,25,8118,48.0,52.083333333333336,
2021-07-05,41.4,41.4,113.0,27,8118,48.0,56.25,
2021-07-06,41.5,41.5,113.0,27,8118,48.0,56.25,
2021-07-07,,55.1,38.0,9,8118,48.0,18.75,low_coverage
2021-07-08,,45.2,63.0,15,8118,48.0,31.25,low_coverage
2021-07-09,46.1,46.1,133.0,32,8118,48.0,66.66666666666667,
2021-07-10,,36.7,38.0,9,8118,48.0,18.75,low_coverage
2021-07-13,26.4,26.4,154.0,37,8118,48.0,77.08333333333333,
2021-07-14,28.6,28.6,175.0,42,8118,48.0,87.5,
2021-07-15,,44.5,46.0,11,8118,48.0,22.916666666666668,low_coverage
2021-07-16,,35.3,83.0,20,8118,48.0,41.666666666666664,low_coverage
2021-07-17,,40.7,79.0,19,8118,48.0,39.583333333333336,low_coverage
2021-07-18,28.2,28.2,121.0,29,8118,48.0,60.416666666666664,
2021-07-19,,11.4,79.0,19,8118,48.0,39.583333333333336,low_coverage
2021-07-20,27.6,27.6,146.0,35,8118,48.0,72.91666666666667,
2021-07-21,34.0,34.0,133.0,32,8118,48.0,66.66666666666667,
2021-07-22,26.4,26.4,146.0,35,8118,48.0,72.91666666666667,
2021-07-23,26.4,26.4,100.0,24,8118,48.0,50.0,
2021-07-24,33.8,33.8,104.0,25,8118,48.0,52.083333333333336,
2021-07-25,,33.7,75.0,18,8118,48.0,37.5,low_coverage
2021-08-03,,19.5,54.0,13,8118,48.0,27.083333333333332,low_coverage
2021-08-04,,17.3,67.0,16,8118,48.0,33.333333333333336,low_coverage
2021-08-05,,29.4,54.0,13,8118,48.0,27.083333333333332,low_coverage
2021-08-06,46.0,46.0,113.0,27,8118,48.0,56.25,
2021-08-07,39.0,39.0,146.0,35,8118,48.0,72.91666666666667,
2021-08-08,,51.4,58.0,14,8118,48.0,29.166666666666668,low_coverage
2021-08-09,,49.2,83.0,20,8118,48.0,41.666666666666664,low_coverage
2021-08-10,34.4,34.4,104.0,25,8118,48.0,52.083333333333336,
2021-08-11,26.3,26.3,117.0,28,8118,48.0,58.333333333333336,
2021-08-12,28.1,28.1,129.0,31,8118,48.0,64.58333333333333,
2021-08-13,28.4,28.4,200.0,48,8118,48.0,100.0,
2021-08-14,26.8,26.8,133.0,32,8118,48.0,66.66666666666667,
2021-08-15,28.1,28.1,125.0,30,8118,48.0,62.5,
2021-08-16,33.7,33.7,154.0,37,8118,48.0,77.08333333333333,
2021-08-17,43.1,43.1,121.0,29,8118,48.0,60.416666666666664,
2021-08-18,51.2,51.2,117.0,28,8118,48.0,58.333333333333336,
2021-08-19,,68.6,92.0,22,8118,48.0,45.833333333333336,low_coverage
2021-08-20,37.9,37.9,200.0,48,8118,48.0,100.0,
2021-08-21,20.1,20.1,200.0,48,8118,48.0,100.0,
2021-08-22,31.6,31.6,200.0,48,8118,48.0,100.0,
2021-08-23,28.4,28.4,200.0,48,8118,48.0,100.0,
2021-08-24,40.2,40.2,167.0,40,8118,48.0,83.33333333333333,
2021-08-25,30.5,30.5,133.0,32,8118,48.0,66.66666666666667,
2021-08-26,27.1,27.1,129.0,31,8118,48.0,64.58333333333333,
2021-08-27,39.4,39.4,146.0,35,8118,48.0,72.91666666666667,
2021-08-28,44.4,44.4,125.0,30,8118,48.0,62.5,
2021-08-29,44.5,44.5,125.0,30,8118,48.0,62.5,
2021-08-30,,16.0,46.0,11,8118,48.0,22.916666666666668,low_coverage
2021-08-31,,18.4,71.0,17,8118,48.0,35.416666666666664,low_coverage
2021-09-01,20.0,20.0,146.0,35,8118,48.0,72.91666666666667,
2021-09-02,24.5,24.5,200.0,48,8118,48.0,100.0,
2021-09-03,20.4,20.4,167.0,40,8118,48.0,83.33333333333333,
2021-09-04,20.2,20.2,188.0,45,8118,48.0,93.75,
2021-09-05,33.7,33.7,196.0,47,8118,48.0,97.91666666666667,
2021-09-06,40.7,40.7,196.0,47,8118,48.0,97.91666666666667,
2021-09-07,39.8,39.8,192.0,46,8118,48.0,95.83333333333333,
2021-09-08,21.1,21.1,146.0,35,8118,48.0,72.91666666666667,
2021-09-09,26.1,26.1,138.0,33,8118,48.0,68.75,
2021-09-10,28.9,28.9,154.0,37,8118,48.0,77.08333333333333,
2021-09-11,17.7,17.7,142.0,34,8118,48.0,70.83333333333333,
2021-09-12,22.5,22.5,163.0,39,8118,48.0,81.25,
2021-09-13,33.2,33.2,133.0,32,8118,48.0,66.66666666666667,
2021-09-14,26.1,26.1,158.0,38,8118,48.0,79.16666666666667,
2021-09-15,16.0,16.0,150.0,36,8118,48.0,75.0,
2021-09-16,18.7,18.7,192.0,46,8118,48.0,95.83333333333333,
2021-09-17,19.6,19.6,192.0,46,8118,48.0,95.83333333333333,
2021-09-18,30.3,30.3,183.0,44,8118,48.0,91.66666666666667,
2021-09-19,24.9,24.9,200.0,48,8118,48.0,100.0,
2021-09-20,25.5,25.5,196.0,47,8118,48.0,97.91666666666667,
2021-09-21,27.9,27.9,200.0,48,8118,48.0,100.0,
2021-09-22,24.4,24.4,200.0,48,8118,48.0,100.0,
2021-09-23,21.6,21.6,200.0,48,8118,48.0,100.0,
2021-09-24,20.8,20.8,200.0,48,8118,48.0,100.0,
2021-09-25,39.0,39.0,200.0,48,8118,48.0,100.0,
2021-09-26,31.3,31.3,200.0,48,8118,48.0,100.0,
2021-09-27,49.1,49.1,200.0,48,8118,48.0,100.0,
2021-09-28,45.0,45.0,196.0,47,8118,48.0,97.91666666666667,
2021-09-29,,30.2,54.0,13,8118,48.0,27.083333333333332,low_coverage
2021-09-30,29.1,29.1,133.0,32,8118,48.0,66.66666666666667,
2021-10-01,42.1,42.1,142.0,34,8118,48.0,70.83333333333333,
2021-10-02,49.7,49.7,133.0,32,8118,48.0,66.66666666666667,
2021-10-03,30.0,30.0,158.0,38,8118,48.0,79.16666666666667,
2021-10-04,28.5,28.5,158.0,38,8118,48.0,79.16666666666667,
2021-10-05,36.9,36.9,138.0,33,8118,48.0,68.75,
2021-10-06,46.2,46.2,192.0,46,8118,48.0,95.83333333333333,
2021-10-07,64.0,64.0,188.0,45,8118,48.0,93.75,
2021-10-08,70.9,70.9,200.0,48,8118,48.0,100.0,
2021-10-09,66.8,66.8,200.0,48,8118,48.0,100.0,
2021-10-10,51.3,51.3,196.0,47,8118,48.0,97.91666666666667,
2021-10-11,50.4,50.4,154.0,37,8118,48.0,77.08333333333333,
2021-10-12,73.6,73.6,192.0,46,8118,48.0,95.83333333333333,
2021-10-13,,,200.0,48,8118,48.0,100.0,
2021-10-14,61.9,61.9,200.0,48,8118,48.0,100.0,
2021-10-15,91.8,91.8,200.0,48,8118,48.0,100.0,
2021-10-16,158.0,158.0,200.0,48,8118,48.0,100.0,
2021-10-17,125.0,125.0,200.0,48,8118,48.0,100.0,
2021-10-18,12.3,12.3,200.0,48,8118,48.0,100.0,
2021-10-19,52.3,52.3,200.0,48,8118,48.0,100.0,
2021-10-20,99.0,99.0,200.0,48,8118,48.0,100.0,
2021-10-21,66.0,66.0,200.0,48,8118,48.0,100.0,
2021-10-22,45.3,45.3,200.0,48,8118,48.0,100.0,
2021-10-23,53.4,53.4,200.0,48,8118,48.0,100.0,
2021-10-24,60.0,60.0,200.0,48,8118,48.0,100.0,
2021-10-25,39.5,39.5,200.0,48,8118,48.0,100.0,
2021-10-26,67.6,67.6,200.0,48,8118,48.0,100.0,
2021-10-27,108.0,108.0,200.0,48,8118,48.0,100.0,
2021-10-28,131.0,131.0,200.0,48,8118,48.0,100.0,
2021-10-29,,142.0,54.0,13,8118,48.0,27.083333333333332,low_coverage
2021-10-30,102.0,102.0,146.0,35,8118,48.0,72.91666666666667,
2021-10-31,130.0,130.0,200.0,48,8118,48.0,100.0,
2021-11-01,112.0,112.0,200.0,48,8118,48.0,100.0,
2021-11-02,127.0,127.0,200.0,48,8118,48.0,100.0,
2021-11-03,147.0,147.0,200.0,48,8118,48.0,100.0,
2021-11-04,303.0,303.0,196.0,47,8118,48.0,97.91666666666667,
2021-11-05,383.0,383.0,200.0,48,8118,48.0,100.0,
2021-11-06,335.0,335.0,200.0,48,8118,48.0,100.0,
2021-11-07,252.0,252.0,200.0,48,8118,48.0,100.0,
2021-11-08,241.0,241.0,200.0,48,8118,48.0,100.0,
2021-11-09,263.0,263.0,200.0,48,8118,48.0,100.0,
2021-11-10,217.0,217.0,200.0,48,8118,48.0,100.0,
2021-11-11,280.0,280.0,200.0,48,8118,48.0,100.0,
2021-11-12,409.0,409.0,200.0,48,8118,48.0,100.0,
2021-11-13,290.0,290.0,200.0,48,8118,48.0,100.0,
2021-11-14,158.0,158.0,200.0,48,8118,48.0,100.0,
2021-11-15,187.0,187.0,200.0,48,8118,48.0,100.0,
2021-11-16,253.0,253.0,200.0,48,8118,48.0,100.0,
2021-11-17,190.0,190.0,200.0,48,8118,48.0,100.0,
2021-11-18,175.0,175.0,200.0,48,8118,48.0,100.0,
2021-11-19,225.0,225.0,200.0,48,8118,48.0,100.0,
2021-11-20,204.0,204.0,200.0,48,8118,48.0,100.0,
2021-11-21,197.0,197.0,200.0,48,8118,48.0,100.0,
2021-11-22,153.0,153.0,200.0,48,8118,48.0,100.0,
2021-11-23,138.0,138.0,200.0,48,8118,48.0,100.0,
2021-11-24,194.0,194.0,200.0,48,8118,48.0,100.0,
2021-11-25,249.0,249.0,200.0,48,8118,48.0,100.0,
2021-11-26,258.0,258.0,200.0,48,8118,48.0,100.0,
2021-11-27,215.0,215.0,200.0,48,8118,48.0,100.0,
2021-11-28,,288.0,54.0,13,8118,48.0,27.083333333333332,low_coverage
2021-11-29,204.0,204.0,146.0,35,8118,48.0,72.91666666666667,
2021-11-30,182.0,182.0,200.0,48,8118,48.0,100.0,
2021-12-01,220.0,220.0,200.0,48,8118,48.0,100.0,
2021-12-02,301.0,301.0,200.0,48,8118,48.0,100.0,
2021-12-03,215.0,215.0,200.0,48,8118,48.0,100.0,
2021-12-04,166.0,166.0,200.0,48,8118,48.0,100.0,
2021-12-05,148.0,148.0,200.0,48,8118,48.0,100.0,
2021-12-06,154.0,154.0,200.0,48,8118,48.0,100.0,
2021-12-07,116.0,116.0,200.0,48,8118,48.0,100.0,
2021-12-08,119.0,119.0,200.0,48,8118,48.0,100.0,
2021-12-09,149.0,149.0,200.0,48,8118,48.0,100.0,
2021-12-10,155.0,155.0,200.0,48,8118,48.0,100.0,
2021-12-11,115.0,115.0,200.0,48,8118,48.0,100.0,
2021-12-12,117.0,117.0,200.0,48,8118,48.0,100.0,
2021-12-13,154.0,154.0,200.0,48,8118,48.0,100.0,
2021-12-14,203.0,203.0,200.0,48,8118,48.0,100.0,
2021-12-15,196.0,196.0,200.0,48,8118,48.0,100.0,
2021-12-16,211.0,211.0,200.0,48,8118,48.0,100.0,
2021-12-17,163.0,163.0,200.0,48,8118,48.0,100.0,
2021-12-18,158.0,158.0,200.0,48,8118,48.0,100.0,
2021-12-19,146.0,146.0,200.0,48,8118,48.0,100.0,
2021-12-20,181.0,181.0,200.0,48,8118,48.0,100.0,
2021-12-21,227.0,227.0,200.0,48,8118,48.0,100.0,
2021-12-22,268.0,268.0,200.0,48,8118,48.0,100.0,
2021-12-23,332.0,332.0,200.0,48,8118,48.0,100.0,
2021-12-24,280.0,280.0,200.0,48,8118,48.0,100.0,
2021-12-25,351.0,351.0,200.0,48,8118,48.0,100.0,
2021-12-26,369.0,369.0,200.0,48,8118,48.0,100.0,
2021-12-27,123.0,123.0,200.0,48,8118,48.0,100.0,
2021-12-28,,128.0,50.0,12,8118,48.0,25.0,low_coverage
2021-12-29,127.0,127.0,146.0,35,8118,48.0,72.91666666666667,
2021-12-30,154.0,154.0,200.0,48,8118,48.0,100.0,
2021-12-31,204.0,204.0,200.0,48,8118,48.0,100.0,
2022-01-01,227.0,227.0,200.0,48,8118,48.0,100.0,
2022-01-02,270.0,270.0,200.0,48,8118,48.0,100.0,
2022-01-03,248.0,248.0,200.0,48,8118,48.0,100.0,
2022-01-04,205.0,205.0,200.0,48,8118,48.0,100.0,
2022-01-05,278.0,278.0,200.0,48,8118,48.0,100.0,
2022-01-06,123.0,123.0,200.0,48,8118,48.0,100.0,
2022-01-07,78.6,78.6,200.0,48,8118,48.0,100.0,
2022-01-08,47.4,47.4,200.0,48,8118,48.0,100.0,
2022-01-09,46.1,46.1,200.0,48,8118,48.0,100.0,
2022-01-10,107.0,107.0,200.0,48,8118,48.0,100.0,
2022-01-11,115.0,115.0,200.0,48,8118,48.0,100.0,
2022-01-12,125.0,125.0,183.0,44,8118,48.0,91.66666666666667,
2022-01-13,249.0,249.0,200.0,48,8118,48.0,100.0,
2022-01-14,226.0,226.0,200.0,48,8118,48.0,100.0,
2022-01-15,162.0,162.0,200.0,48,8118,48.0,100.0,
2022-01-16,163.0,163.0,200.0,48,8118,48.0,100.0,
2022-01-17,201.0,201.0,200.0,48,8118,48.0,100.0,
2022-01-18,219.0,219.0,200.0,48,8118,48.0,100.0,
2022-01-19,204.0,204.0,200.0,48,8118,48.0,100.0,
2022-01-20,274.0,274.0,200.0,48,8118,48.0,100.0,
2022-01-21,204.0,204.0,183.0,44,8118,48.0,91.66666666666667,
2022-01-22,151.0,151.0,150.0,36,8118,48.0,75.0,
2022-01-23,120.0,120.0,108.0,26,8118,48.0,54.166666666666664,
2022-01-24,99.5,99.5,138.0,33,8118,48.0,68.75,
2022-01-25,123.0,123.0,133.0,32,8118,48.0,66.66666666666667,
2022-01-26,122.0,122.0,129.0,31,8118,48.0,64.58333333333333,
2022-01-27,,168.0,29.0,7,8118,48.0,14.583333333333334,low_coverage
2022-01-28,,104.0,79.0,19,8118,48.0,39.583333333333336,low_coverage
2022-01-29,127.0,127.0,133.0,32,8118,48.0,66.66666666666667,
2022-01-30,154.0,154.0,196.0,47,8118,48.0,97.91666666666667,
2022-01-31,225.0,225.0,163.0,39,8118,48.0,81.25,
2022-02-01,226.0,226.0,138.0,33,8118,48.0,68.75,
2022-02-02,175.0,175.0,200.0,48,8118,48.0,100.0,
2022-02-03,174.0,174.0,138.0,33,8118,48.0,68.75,
2022-02-04,55.5,55.5,175.0,42,8118,48.0,87.5,
2022-02-05,118.0,118.0,150.0,36,8118,48.0,75.0,
2022-02-06,106.0,106.0,150.0,36,8118,48.0,75.0,
2022-02-07,116.0,116.0,100.0,24,8118,48.0,50.0,
2022-02-08,115.0,115.0,100.0,24,8118,48.0,50.0,
2022-02-09,95.7,95.7,100.0,24,8118,48.0,50.0,
2022-02-10,77.8,77.8,100.0,24,8118,48.0,50.0,
2022-02-11,78.3,78.3,100.0,24,8118,48.0,50.0,
2022-02-12,79.5,79.5,100.0,24,8118,48.0,50.0,
2022-02-13,109.0,109.0,100.0,24,8118,48.0,50.0,
2022-02-14,76.5,76.5,163.0,39,8118,48.0,81.25,
2022-02-15,77.9,77.9,200.0,48,8118,48.0,100.0,
2022-02-16,110.0,110.0,200.0,48,8118,48.0,100.0,
2022-02-17,102.0,102.0,200.0,48,8118,48.0,100.0,
2022-02-18,105.0,105.0,200.0,48,8118,48.0,100.0,
2022-02-19,74.8,74.8,200.0,48,8118,48.0,100.0,
2022-02-20,81.5,81.5,200.0,48,8118,48.0,100.0,
2022-02-21,64.9,64.9,200.0,48,8118,48.0,100.0,
2022-02-22,86.1,86.1,179.0,43,8118,48.0,89.58333333333333,
2022-02-23,110.0,110.0,104.0,25,8118,48.0,52.083333333333336,
2022-02-24,136.0,136.0,113.0,27,8118,48.0,56.25,
2022-02-25,136.0,136.0,158.0,38,8118,48.0,79.16666666666667,
2022-02-26,,28.7,29.0,7,8118,48.0,14.583333333333334,low_coverage
2022-02-27,,30.0,75.0,18,8118,48.0,37.5,low_coverage
2022-02-28,39.4,39.4,100.0,24,8118,48.0,50.0,
2022-03-01,81.8,81.8,100.0,24,8118,48.0,50.0,
2022-03-02,104.0,104.0,104.0,25,8118,48.0,52.083333333333336,
2022-03-03,67.3,67.3,100.0,24,8118,48.0,50.0,
2022-03-04,78.3,78.3,100.0,24,8118,48.0,50.0,
2022-03-05,50.9,50.9,100.0,24,8118,48.0,50.0,
2022-03-06,69.1,69.1,100.0,24,8118,48.0,50.0,
2022-03-07,88.0,88.0,100.0,24,8118,48.0,50.0,
2022-03-08,108.0,108.0,100.0,24,8118,48.0,50.0,
2022-03-09,55.2,55.2,100.0,24,8118,48.0,50.0,
2022-03-10,59.5,59.5,100.0,24,8118,48.0,50.0,
2022-03-11,77.8,77.8,100.0,24,8118,48.0,50.0,
2022-03-12,74.7,74.7,108.0,26,8118,48.0,54.166666666666664,
2022-03-13,81.2,81.2,100.0,24,8118,48.0,50.0,
2022-03-14,104.0,104.0,100.0,24,8118,48.0,50.0,
2022-03-15,108.0,108.0,146.0,35,8118,48.0,72.91666666666667,
2022-03-16,86.4,86.4,100.0,24,8118,48.0,50.0,
2022-03-17,106.0,106.0,100.0,24,8118,48.0,50.0,
2022-03-18,119.0,119.0,100.0,24,8118,48.0,50.0,
2022-03-19,92.7,92.7,100.0,24,8118,48.0,50.0,
2022-03-20,83.2,83.2,100.0,24,8118,48.0,50.0,
2022-03-21,117.0,117.0,100.0,24,8118,48.0,50.0,
2022-03-22,71.9,71.9,100.0,24,8118,48.0,50.0,
2022-03-23,,77.0,4.0,1,8118,48.0,2.0833333333333335,low_coverage
2022-03-24,,71.8,71.0,17,8118,48.0,35.416666666666664,low_coverage
2022-03-25,76.9,76.9,192.0,46,8118,48.0,95.83333333333333,
2022-03-26,85.0,85.0,200.0,48,8118,48.0,100.0,
2022-03-27,71.4,71.4,200.0,48,8118,48.0,100.0,
2022-03-28,,115.0,54.0,13,8118,48.0,27.083333333333332,low_coverage
2022-03-29,72.9,72.9,142.0,34,8118,48.0,70.83333333333333,
2022-03-30,91.7,91.7,200.0,48,8118,48.0,100.0,
2022-03-31,121.0,121.0,200.0,48,8118,48.0,100.0,
2022-04-01,72.7,72.7,192.0,46,8118,48.0,95.83333333333333,
2022-04-02,95.6,95.6,200.0,48,8118,48.0,100.0,
2022-04-03,86.9,86.9,200.0,48,8118,48.0,100.0,
2022-04-04,96.7,96.7,200.0,48,8118,48.0,100.0,
2022-04-05,101.0,101.0,200.0,48,8118,48.0,100.0,
2022-04-06,101.0,101.0,200.0,48,8118,48.0,100.0,
2022-04-07,118.0,118.0,200.0,48,8118,48.0,100.0,
2022-04-08,83.0,83.0,200.0,48,8118,48.0,100.0,
2022-04-09,82.8,82.8,200.0,48,8118,48.0,100.0,
2022-04-10,94.7,94.7,200.0,48,8118,48.0,100.0,
2022-04-11,94.4,94.4,200.0,48,8118,48.0,100.0,
2022-04-12,75.2,75.2,200.0,48,8118,48.0,100.0,
2022-04-13,92.8,92.8,200.0,48,8118,48.0,100.0,
2022-04-14,71.3,71.3,200.0,48,8118,48.0,100.0,
2022-04-15,62.1,62.1,200.0,48,8118,48.0,100.0,
2022-04-16,84.8,84.8,200.0,48,8118,48.0,100.0,
2022-04-17,95.3,95.3,200.0,48,8118,48.0,100.0,
2022-04-18,91.5,91.5,200.0,48,8118,48.0,100.0,
2022-04-19,111.0,111.0,200.0,48,8118,48.0,100.0,
2022-04-20,95.5,95.5,200.0,48,8118,48.0,100.0,
2022-04-21,86.3,86.3,200.0,48,8118,48.0,100.0,
2022-04-22,60.1,60.1,200.0,48,8118,48.0,100.0,
2022-04-23,102.0,102.0,200.0,48,8118,48.0,100.0,
2022-04-24,128.0,128.0,200.0,48,8118,48.0,100.0,
2022-04-25,93.6,93.6,200.0,48,8118,48.0,100.0,
2022-04-26,94.8,94.8,200.0,48,8118,48.0,100.0,
2022-04-27,,150.0,54.0,13,8118,48.0,27.083333333333332,low_coverage
2022-04-28,161.0,161.0,146.0,35,8118,48.0,72.91666666666667,
2022-04-29,121.0,121.0,200.0,48,8118,48.0,100.0,
2022-04-30,105.0,105.0,200.0,48,8118,48.0,100.0,
2022-05-01,73.0,73.0,200.0,48,8118,48.0,100.0,
2022-05-02,66.1,66.1,200.0,48,8118,48.0,100.0,
2022-05-03,88.3,88.3,200.0,48,8118,48.0,100.0,
2022-05-04,71.7,71.7,200.0,48,8118,48.0,100.0,
2022-05-05,63.6,63.6,200.0,48,8118,48.0,100.0,
2022-05-06,109.0,109.0,200.0,48,8118,48.0,100.0,
2022-05-07,67.8,67.8,200.0,48,8118,48.0,100.0,
2022-05-08,76.8,76.8,200.0,48,8118,48.0,100.0,
2022-05-09,61.9,61.9,200.0,48,8118,48.0,100.0,
2022-05-10,63.9,63.9,200.0,48,8118,48.0,100.0,
2022-05-11,,,200.0,48,8118,48.0,100.0,
2022-05-12,,,200.0,48,8118,48.0,100.0,
2022-05-13,,,200.0,48,8118,48.0,100.0,
2022-05-14,,,200.0,48,8118,48.0,100.0,
2022-05-15,,,200.0,48,8118,48.0,100.0,
2022-05-16,,,200.0,48,8118,48.0,100.0,
2022-05-17,,,200.0,48,8118,48.0,100.0,
2022-05-18,,,200.0,48,8118,48.0,100.0,
2022-05-19,,,200.0,48,8118,48.0,100.0,
2022-05-20,,,200.0,48,8118,48.0,100.0,
2022-05-21,,,200.0,48,8118,48.0,100.0,
2022-05-22,,,200.0,48,8118,48.0,100.0,
2022-05-23,,,200.0,48,8118,48.0,100.0,
2022-05-24,,,200.0,48,8118,48.0,100.0,
2022-05-25,,,200.0,48,8118,48.0,100.0,
2022-05-26,,,200.0,48,8118,48.0,100.0,
2022-05-27,,,54.0,13,8118,48.0,27.083333333333332,
2022-05-28,,,146.0,35,8118,48.0,72.91666666666667,
2022-05-29,,,200.0,48,8118,48.0,100.0,
2022-05-30,,,200.0,48,8118,48.0,100.0,
2022-05-31,,,200.0,48,8118,48.0,100.0,
2022-06-01,,,200.0,48,8118,48.0,100.0,
2022-06-02,,,200.0,48,8118,48.0,100.0,
2022-06-03,,,200.0,48,8118,48.0,100.0,
2022-06-04,42.2,42.2,183.0,44,8118,48.0,91.66666666666667,
2022-06-05,86.0,86.0,200.0,48,8118,48.0,100.0,
2022-06-06,,,200.0,48,8118,48.0,100.0,
2022-06-07,,,200.0,48,8118,48.0,100.0,
2022-06-08,52.0,52.0,200.0,48,8118,48.0,100.0,
2022-06-09,65.3,65.3,200.0,48,8118,48.0,100.0,
2022-06-10,78.8,78.8,192.0,46,8118,48.0,95.83333333333333,
2022-06-11,64.1,64.1,175.0,42,8118,48.0,87.5,
2022-06-12,70.0,70.0,183.0,44,8118,48.0,91.66666666666667,
2022-06-13,46.0,46.0,192.0,46,8118,48.0,95.83333333333333,
2022-06-14,53.4,53.4,171.0,41,8118,48.0,85.41666666666667,
2022-06-15,27.8,27.8,200.0,48,8118,48.0,100.0,
2022-06-16,27.3,27.3,200.0,48,8118,48.0,100.0,
2022-06-17,23.5,23.5,200.0,48,8118,48.0,100.0,
2022-06-18,27.9,27.9,196.0,47,8118,48.0,97.91666666666667,
2022-06-19,31.5,31.5,154.0,37,8118,48.0,77.08333333333333,
2022-06-20,35.2,35.2,188.0,45,8118,48.0,93.75,
2022-06-21,35.2,35.2,183.0,44,8118,48.0,91.66666666666667,
2022-06-22,45.5,45.5,158.0,38,8118,48.0,79.16666666666667,
2022-06-23,51.3,51.3,100.0,24,8118,48.0,50.0,
2022-06-24,61.6,61.6,117.0,28,8118,48.0,58.333333333333336,
2022-06-25,66.7,66.7,100.0,24,8118,48.0,50.0,
2022-06-26,,69.1,29.0,7,8118,48.0,14.583333333333334,low_coverage
2022-06-27,,48.6,71.0,17,8118,48.0,35.416666666666664,low_coverage
2022-06-28,62.8,62.8,100.0,24,8118,48.0,50.0,
2022-06-29,55.3,55.3,100.0,24,8118,48.0,50.0,
2022-06-30,32.1,32.1,100.0,24,8118,48.0,50.0,
2022-07-01,22.9,22.9,142.0,34,8118,48.0,70.83333333333333,
2022-07-02,31.6,31.6,108.0,26,8118,48.0,54.166666666666664,
2022-07-03,20.4,20.4,100.0,24,8118,48.0,50.0,
2022-07-04,51.6,51.6,150.0,36,8118,48.0,75.0,
2022-07-05,54.1,54.1,200.0,48,8118,48.0,100.0,
2022-07-06,44.0,44.0,200.0,48,8118,48.0,100.0,
2022-07-07,33.6,33.6,196.0,47,8118,48.0,97.91666666666667,
2022-07-08,28.5,28.5,200.0,48,8118,48.0,100.0,
2022-07-09,36.7,36.7,200.0,48,8118,48.0,100.0,
2022-07-10,27.0,27.0,200.0,48,8118,48.0,100.0,
2022-07-11,34.1,34.1,200.0,48,8118,48.0,100.0,
2022-07-12,20.3,20.3,200.0,48,8118,48.0,100.0,
2022-07-13,30.0,30.0,192.0,46,8118,48.0,95.83333333333333,
2022-07-14,25.3,25.3,171.0,41,8118,48.0,85.41666666666667,
2022-07-15,21.7,21.7,196.0,47,8118,48.0,97.91666666666667,
2022-07-16,20.5,20.5,188.0,45,8118,48.0,93.75,
2022-07-17,23.0,23.0,192.0,46,8118,48.0,95.83333333333333,
2022-07-18,33.0,33.0,196.0,47,8118,48.0,97.91666666666667,
2022-07-19,33.5,33.5,200.0,48,8118,48.0,100.0,
2022-07-20,11.1,11.1,200.0,48,8118,48.0,100.0,
2022-07-21,32.4,32.4,192.0,46,8118,48.0,95.83333333333333,
2022-07-22,46.5,46.5,192.0,46,8118,48.0,95.83333333333333,
2022-07-23,22.3,22.3,171.0,41,8118,48.0,85.41666666666667,
2022-07-24,19.4,19.4,154.0,37,8118,48.0,77.08333333333333,
2022-07-25,19.5,19.5,171.0,41,8118,48.0,85.41666666666667,
2022-07-26,,23.4,38.0,9,8118,48.0,18.75,low_coverage
2022-07-27,21.8,21.8,129.0,31,8118,48.0,64.58333333333333,
2022-07-28,15.9,15.9,200.0,48,8118,48.0,100.0,
2022-07-29,15.0,15.0,192.0,46,8118,48.0,95.83333333333333,
2022-07-30,15.5,15.5,192.0,46,8118,48.0,95.83333333333333,
2022-07-31,18.4,18.4,200.0,48,8118,48.0,100.0,
2022-08-01,17.3,17.3,183.0,44,8118,48.0,91.66666666666667,
2022-08-02,21.9,21.9,196.0,47,8118,48.0,97.91666666666667,
2022-08-03,37.6,37.6,171.0,41,8118,48.0,85.41666666666667,
2022-08-04,41.1,41.1,100.0,24,8118,48.0,50.0,
2022-08-05,28.3,28.3,108.0,26,8118,48.0,54.166666666666664,
2022-08-06,45.3,45.3,113.0,27,8118,48.0,56.25,
2022-08-07,35.6,35.6,129.0,31,8118,48.0,64.58333333333333,
2022-08-08,34.2,34.2,154.0,37,8118,48.0,77.08333333333333,
2022-08-09,37.2,37.2,104.0,25,8118,48.0,52.083333333333336,
2022-08-10,18.8,18.8,100.0,24,8118,48.0,50.0,
2022-08-11,13.4,13.4,100.0,24,8118,48.0,50.0,
2022-08-12,16.6,16.6,100.0,24,8118,48.0,50.0,
2022-08-13,23.6,23.6,108.0,26,8118,48.0,54.166666666666664,
2022-08-14,19.4,19.4,100.0,24,8118,48.0,50.0,
2022-08-15,15.1,15.1,100.0,24,8118,48.0,50.0,
2022-08-16,13.4,13.4,100.0,24,8118,48.0,50.0,
2022-08-17,9.23,9.23,108.0,26,8118,48.0,54.166666666666664,
2022-08-18,17.2,17.2,100.0,24,8118,48.0,50.0,
2022-08-19,12.8,12.8,146.0,35,8118,48.0,72.91666666666667,
2022-08-20,26.3,26.3,108.0,26,8118,48.0,54.166666666666664,
2022-08-21,39.8,39.8,100.0,24,8118,48.0,50.0,
2022-08-22,29.5,29.5,113.0,27,8118,48.0,56.25,
2022-08-23,21.1,21.1,117.0,28,8118,48.0,58.333333333333336,
2022-08-24,15.8,15.8,108.0,26,8118,48.0,54.166666666666664,
2022-08-25,,24.0,29.0,7,8118,48.0,14.583333333333334,low_coverage
2022-08-26,,26.1,71.0,17,8118,48.0,35.416666666666664,low_coverage
2022-08-27,28.4,28.4,108.0,26,8118,48.0,54.166666666666664,
2022-08-28,32.1,32.1,108.0,26,8118,48.0,54.166666666666664,
2022-08-29,39.7,39.7,108.0,26,8118,48.0,54.166666666666664,
2022-08-30,40.5,40.5,104.0,25,8118,48.0,52.083333333333336,
2022-08-31,37.8,37.8,104.0,25,8118,48.0,52.083333333333336,
2022-09-01,37.3,37.3,100.0,24,8118,48.0,50.0,
2022-09-02,35.5,35.5,100.0,24,8118,48.0,50.0,
2022-09-03,26.5,26.5,100.0,24,8118,48.0,50.0,
2022-09-04,18.0,18.0,100.0,24,8118,48.0,50.0,
2022-09-05,14.4,14.4,100.0,24,8118,48.0,50.0,
2022-09-06,28.9,28.9,125.0,30,8118,48.0,62.5,
2022-09-07,37.1,37.1,100.0,24,8118,48.0,50.0,
2022-09-08,52.1,52.1,100.0,24,8118,48.0,50.0,
2022-09-09,52.1,52.1,108.0,26,8118,48.0,54.166666666666664,
2022-09-10,46.7,46.7,100.0,24,8118,48.0,50.0,
2022-09-11,28.1,28.1,108.0,26,8118,48.0,54.166666666666664,
2022-09-12,17.4,17.4,108.0,26,8118,48.0,54.166666666666664,
2022-09-13,12.9,12.9,133.0,32,8118,48.0,66.66666666666667,
2022-09-14,12.6,12.6,196.0,47,8118,48.0,97.91666666666667,
2022-09-15,13.3,13.3,183.0,44,8118,48.0,91.66666666666667,
2022-09-16,9.63,9.63,171.0,41,8118,48.0,85.41666666666667,
2022-09-17,27.9,27.9,167.0,40,8118,48.0,83.33333333333333,
2022-09-18,36.5,36.5,183.0,44,8118,48.0,91.66666666666667,
2022-09-19,65.2,65.2,188.0,45,8118,48.0,93.75,
2022-09-20,42.2,42.2,183.0,44,8118,48.0,91.66666666666667,
2022-09-21,34.9,34.9,200.0,48,8118,48.0,100.0,
2022-09-22,21.6,21.6,200.0,48,8118,48.0,100.0,
2022-09-23,25.0,25.0,200.0,48,8118,48.0,100.0,
2022-09-24,,25.1,54.0,13,8118,48.0,27.083333333333332,low_coverage
2022-09-25,20.9,20.9,142.0,34,8118,48.0,70.83333333333333,
2022-09-26,42.4,42.4,200.0,48,8118,48.0,100.0,
2022-09-27,35.2,35.2,200.0,48,8118,48.0,100.0,
2022-09-28,46.4,46.4,200.0,48,8118,48.0,100.0,
2022-09-29,57.8,57.8,200.0,48,8118,48.0,100.0,
2022-09-30,70.0,70.0,200.0,48,8118,48.0,100.0,
2022-10-01,74.4,74.4,196.0,47,8118,48.0,97.91666666666667,
2022-10-02,61.9,61.9,200.0,48,8118,48.0,100.0,
2022-10-03,36.2,36.2,196.0,47,8118,48.0,97.91666666666667,
2022-10-04,54.4,54.4,196.0,47,8118,48.0,97.91666666666667,
2022-10-05,83.7,83.7,200.0,48,8118,48.0,100.0,
2022-10-06,12.1,12.1,200.0,48,8118,48.0,100.0,
2022-10-07,14.5,14.5,196.0,47,8118,48.0,97.91666666666667,
2022-10-08,9.65,9.65,200.0,48,8118,48.0,100.0,
2022-10-09,6.23,6.23,200.0,48,8118,48.0,100.0,
2022-10-10,10.9,10.9,196.0,47,8118,48.0,97.91666666666667,
2022-10-11,28.6,28.6,196.0,47,8118,48.0,97.91666666666667,
2022-10-12,58.6,58.6,192.0,46,8118,48.0,95.83333333333333,
2022-10-13,43.7,43.7,196.0,47,8118,48.0,97.91666666666667,
2022-10-14,66.6,66.6,188.0,45,8118,48.0,93.75,
2022-10-15,87.4,87.4,196.0,47,8118,48.0,97.91666666666667,
2022-10-16,92.2,92.2,192.0,46,8118,48.0,95.83333333333333,
2022-10-17,97.4,97.4,200.0,48,8118,48.0,100.0,
2022-10-18,90.3,90.3,200.0,48,8118,48.0,100.0,
2022-10-19,73.0,73.0,200.0,48,8118,48.0,100.0,
2022-10-20,79.8,79.8,188.0,45,8118,48.0,93.75,
2022-10-21,105.0,105.0,100.0,24,8118,48.0,50.0,
2022-10-22,110.0,110.0,100.0,24,8118,48.0,50.0,
2022-10-23,114.0,114.0,100.0,24,8118,48.0,50.0,
2022-10-24,,203.0,29.0,7,8118,48.0,14.583333333333334,low_coverage
2022-10-25,,106.0,71.0,17,8118,48.0,35.416666666666664,low_coverage
2022-10-26,126.0,126.0,183.0,44,8118,48.0,91.66666666666667,
2022-10-27,162.0,162.0,200.0,48,8118,48.0,100.0,
2022-10-28,185.0,185.0,196.0,47,8118,48.0,97.91666666666667,
2022-10-29,218.0,218.0,200.0,48,8118,48.0,100.0,
2022-10-30,169.0,169.0,200.0,48,8118,48.0,100.0,
2022-10-31,218.0,218.0,200.0,48,8118,48.0,100.0,
2022-11-01,230.0,230.0,200.0,48,8118,48.0,100.0,
2022-11-02,212.0,212.0,200.0,48,8118,48.0,100.0,
2022-11-03,379.0,379.0,196.0,47,8118,48.0,97.91666666666667,
2022-11-04,313.0,313.0,200.0,48,8118,48.0,100.0,
2022-11-05,189.0,189.0,200.0,48,8118,48.0,100.0,
2022-11-06,165.0,165.0,200.0,48,8118,48.0,100.0,
2022-11-07,161.0,161.0,200.0,48,8118,48.0,100.0,
2022-11-08,243.0,243.0,200.0,48,8118,48.0,100.0,
2022-11-09,83.7,83.7,200.0,48,8118,48.0,100.0,
2022-11-10,122.0,122.0,200.0,48,8118,48.0,100.0,
2022-11-11,229.0,229.0,200.0,48,8118,48.0,100.0,
2022-11-12,202.0,202.0,200.0,48,8118,48.0,100.0,
2022-11-13,160.0,160.0,200.0,48,8118,48.0,100.0,
2022-11-14,112.0,112.0,200.0,48,8118,48.0,100.0,
2022-11-15,89.6,89.6,200.0,48,8118,48.0,100.0,
2022-11-16,114.0,114.0,200.0,48,8118,48.0,100.0,
2022-11-17,132.0,132.0,196.0,47,8118,48.0,97.91666666666667,
2022-11-18,157.0,157.0,200.0,48,8118,48.0,100.0,
2022-11-19,136.0,136.0,200.0,48,8118,48.0,100.0,
2022-11-20,170.0,170.0,200.0,48,8118,48.0,100.0,
2022-11-21,150.0,150.0,200.0,48,8118,48.0,100.0,
2022-11-22,120.0,120.0,200.0,48,8118,48.0,100.0,
2022-11-23,,121.0,50.0,12,8118,48.0,25.0,low_coverage
2022-11-24,101.0,101.0,146.0,35,8118,48.0,72.91666666666667,
2022-11-25,128.0,128.0,200.0,48,8118,48.0,100.0,
2022-11-26,191.0,191.0,200.0,48,8118,48.0,100.0,
2022-11-27,179.0,179.0,200.0,48,8118,48.0,100.0,
2022-11-28,178.0,178.0,200.0,48,8118,48.0,100.0,
2022-11-29,217.0,217.0,200.0,48,8118,48.0,100.0,
2022-11-30,182.0,182.0,200.0,48,8118,48.0,100.0,
2022-12-01,209.0,209.0,200.0,48,8118,48.0,100.0,
2022-12-02,168.0,168.0,200.0,48,8118,48.0,100.0,
2022-12-03,196.0,196.0,200.0,48,8118,48.0,100.0,
2022-12-04,223.0,223.0,196.0,47,8118,48.0,97.91666666666667,
2022-12-05,178.0,178.0,192.0,46,8118,48.0,95.83333333333333,
2022-12-06,215.0,215.0,188.0,45,8118,48.0,93.75,
2022-12-07,138.0,138.0,200.0,48,8118,48.0,100.0,
2022-12-08,137.0,137.0,200.0,48,8118,48.0,100.0,
2022-12-09,169.0,169.0,196.0,47,8118,48.0,97.91666666666667,
2022-12-10,206.0,206.0,196.0,47,8118,48.0,97.91666666666667,
2022-12-11,142.0,142.0,196.0,47,8118,48.0,97.91666666666667,
2022-12-12,93.0,93.0,196.0,47,8118,48.0,97.91666666666667,
2022-12-13,69.3,69.3,196.0,47,8118,48.0,97.91666666666667,
2022-12-14,81.9,81.9,196.0,47,8118,48.0,97.91666666666667,
2022-12-15,89.5,89.5,200.0,48,8118,48.0,100.0,
2022-12-16,102.0,102.0,196.0,47,8118,48.0,97.91666666666667,
2022-12-17,,,200.0,48,8118,48.0,100.0,
2022-12-18,,,200.0,48,8118,48.0,100.0,
2022-12-19,233.0,233.0,200.0,48,8118,48.0,100.0,
2022-12-20,247.0,247.0,200.0,48,8118,48.0,100.0,
2022-12-21,223.0,223.0,192.0,46,8118,48.0,95.83333333333333,
2022-12-22,236.0,236.0,196.0,47,8118,48.0,97.91666666666667,
2022-12-23,,289.0,50.0,12,8118,48.0,25.0,low_coverage
2022-12-24,169.0,169.0,146.0,35,8118,48.0,72.91666666666667,
2022-12-25,202.0,202.0,200.0,48,8118,48.0,100.0,
2022-12-26,223.0,223.0,200.0,48,8118,48.0,100.0,
2022-12-27,192.0,192.0,200.0,48,8118,48.0,100.0,
2022-12-28,165.0,165.0,200.0,48,8118,48.0,100.0,
2022-12-29,190.0,190.0,192.0,46,8118,48.0,95.83333333333333,
2022-12-30,299.0,299.0,196.0,47,8118,48.0,97.91666666666667,
2022-12-31,193.0,193.0,200.0,48,8118,48.0,100.0,
2023-01-01,128.0,128.0,196.0,47,8118,48.0,97.91666666666667,
2023-01-02,269.0,269.0,200.0,48,8118,48.0,100.0,
2023-01-03,281.0,281.0,158.0,38,8118,48.0,79.16666666666667,
2023-01-04,214.0,214.0,200.0,48,8118,48.0,100.0,
2023-01-05,245.0,245.0,200.0,48,8118,48.0,100.0,
2023-01-06,311.0,311.0,200.0,48,8118,48.0,100.0,
2023-01-07,295.0,295.0,200.0,48,8118,48.0,100.0,
2023-01-08,299.0,299.0,200.0,48,8118,48.0,100.0,
2023-01-09,449.0,449.0,200.0,48,8118,48.0,100.0,
2023-01-10,300.0,300.0,200.0,48,8118,48.0,100.0,
2023-01-11,197.0,197.0,200.0,48,8118,48.0,100.0,
2023-01-12,,202.0,13.0,3,8118,48.0,6.25,low_coverage
2023-01-16,126.0,126.0,146.0,35,8118,48.0,72.91666666666667,
2023-01-17,153.0,153.0,200.0,48,8118,48.0,100.0,
2023-01-18,175.0,175.0,200.0,48,8118,48.0,100.0,
2023-01-19,223.0,223.0,200.0,48,8118,48.0,100.0,
2023-01-20,96.5,96.5,200.0,48,8118,48.0,100.0,
2023-01-21,198.0,198.0,200.0,48,8118,48.0,100.0,
2023-01-22,,353.0,54.0,13,8118,48.0,27.083333333333332,low_coverage
2023-01-23,136.0,136.0,146.0,35,8118,48.0,72.91666666666667,
2023-01-24,89.1,89.1,200.0,48,8118,48.0,100.0,
2023-01-25,95.1,95.1,200.0,48,8118,48.0,100.0,
2023-01-26,157.0,157.0,200.0,48,8118,48.0,100.0,
2023-01-27,101.0,101.0,200.0,48,8118,48.0,100.0,
2023-01-28,121.0,121.0,200.0,48,8118,48.0,100.0,
2023-01-29,176.0,176.0,200.0,48,8118,48.0,100.0,
2023-01-30,68.2,68.2,200.0,48,8118,48.0,100.0,
2023-01-31,90.2,90.2,200.0,48,8118,48.0,100.0,
2023-02-01,87.4,87.4,200.0,48,8118,48.0,100.0,
2023-02-02,,102.0,54.0,13,8118,48.0,27.083333333333332,low_coverage
2023-02-14,58.4,58.4,146.0,35,8118,48.0,72.91666666666667,
2023-02-15,91.0,91.0,200.0,48,8118,48.0,100.0,
2023-02-16,,144.0,54.0,13,8118,48.0,27.083333333333332,low_coverage
2023-03-19,80.9,80.9,146.0,35,8118,48.0,72.91666666666667,
2023-03-20,41.1,41.1,196.0,47,8118,48.0,97.91666666666667,
2023-03-21,49.3,49.3,146.0,35,8118,48.0,72.91666666666667,
2023-03-22,94.6,94.6,200.0,48,8118,48.0,100.0,
2023-03-23,,39.7,54.0,13,8118,48.0,27.083333333333332,low_coverage
2023-03-24,68.8,68.8,146.0,35,8118,48.0,72.91666666666667,
2023-03-25,31.4,31.4,200.0,48,8118,48.0,100.0,
2023-03-26,56.5,56.5,200.0,48,8118,48.0,100.0,
2023-03-27,51.2,51.2,200.0,48,8118,48.0,100.0,
2023-03-28,60.6,60.6,200.0,48,8118,48.0,100.0,
2023-03-29,69.8,69.8,200.0,48,8118,48.0,100.0,
2023-03-30,61.1,61.1,200.0,48,8118,48.0,100.0,
2023-03-31,26.9,26.9,200.0,48,8118,48.0,100.0,
2023-04-01,40.0,40.0,200.0,48,8118,48.0,100.0,
2023-04-02,46.0,46.0,200.0,48,8118,48.0,100.0,
2023-04-03,58.1,58.1,200.0,48,8118,48.0,100.0,
2023-04-04,36.0,36.0,200.0,48,8118,48.0,100.0,
2023-04-05,43.8,43.8,200.0,48,8118,48.0,100.0,
2023-04-06,33.6,33.6,200.0,48,8118,48.0,100.0,
2023-04-07,38.5,38.5,200.0,48,8118,48.0,100.0,
2023-04-08,65.7,65.7,200.0,48,8118,48.0,100.0,
2023-04-09,91.6,91.6,200.0,48,8118,48.0,100.0,
2023-04-10,70.2,70.2,200.0,48,8118,48.0,100.0,
2023-04-11,117.0,117.0,200.0,48,8118,48.0,100.0,
2023-04-12,88.9,88.9,200.0,48,8118,48.0,100.0,
2023-04-13,91.9,91.9,200.0,48,8118,48.0,100.0,
2023-04-14,96.9,96.9,200.0,48,8118,48.0,100.0,
2023-04-15,79.1,79.1,200.0,48,8118,48.0,100.0,
2023-04-16,75.6,75.6,200.0,48,8118,48.0,100.0,
2023-04-17,65.2,65.2,200.0,48,8118,48.0,100.0,
2023-04-18,68.0,68.0,200.0,48,8118,48.0,100.0,
2023-04-19,68.4,68.4,200.0,48,8118,48.0,100.0,
2023-04-20,40.9,40.9,200.0,48,8118,48.0,100.0,
2023-04-21,54.5,54.5,200.0,48,8118,48.0,100.0,
2023-04-22,,59.7,54.0,13,8118,48.0,27.083333333333332,low_coverage
2023-04-23,25.0,25.0,146.0,35,8118,48.0,72.91666666666667,
2023-04-24,52.6,52.6,200.0,48,8118,48.0,100.0,
2023-04-25,,51.0,4.0,1,8118,48.0,2.0833333333333335,low_coverage
2023-04-26,73.2,73.2,146.0,35,8118,48.0,72.91666666666667,
2023-04-27,79.5,79.5,200.0,48,8118,48.0,100.0,
2023-04-28,61.9,61.9,200.0,48,8118,48.0,100.0,
2023-04-29,67.9,67.9,200.0,48,8118,48.0,100.0,
2023-04-30,50.2,50.2,200.0,48,8118,48.0,100.0,
2023-05-01,44.2,44.2,200.0,48,8118,48.0,100.0,
2023-05-02,37.8,37.8,200.0,48,8118,48.0,100.0,
2023-05-03,37.7,37.7,200.0,48,8118,48.0,100.0,
2023-05-04,50.5,50.5,200.0,48,8118,48.0,100.0,
2023-05-05,66.8,66.8,200.0,48,8118,48.0,100.0,
2023-05-06,103.0,103.0,200.0,48,8118,48.0,100.0,
2023-05-07,56.9,56.9,200.0,48,8118,48.0,100.0,
2023-05-08,51.9,51.9,200.0,48,8118,48.0,100.0,
2023-05-09,90.2,90.2,200.0,48,8118,48.0,100.0,
2023-05-10,80.8,80.8,200.0,48,8118,48.0,100.0,
2023-05-11,125.0,125.0,200.0,48,8118,48.0,100.0,
2023-05-12,74.3,74.3,200.0,48,8118,48.0,100.0,
2023-05-13,84.6,84.6,200.0,48,8118,48.0,100.0,
2023-05-14,87.8,87.8,200.0,48,8118,48.0,100.0,
2023-05-15,30.9,30.9,192.0,46,8118,48.0,95.83333333333333,
2023-05-16,129.0,129.0,200.0,48,8118,48.0,100.0,
2023-05-17,87.2,87.2,200.0,48,8118,48.0,100.0,
2023-05-18,34.5,34.5,200.0,48,8118,48.0,100.0,
2023-05-19,57.4,57.4,200.0,48,8118,48.0,100.0,
2023-05-20,56.8,56.8,200.0,48,8118,48.0,100.0,
2023-05-21,68.0,68.0,200.0,48,8118,48.0,100.0,
2023-05-22,68.3,68.3,200.0,48,8118,48.0,100.0,
2023-05-23,52.9,52.9,200.0,48,8118,48.0,100.0,
2023-05-24,29.3,29.3,200.0,48,8118,48.0,100.0,
2023-05-25,21.6,21.6,200.0,48,8118,48.0,100.0,
2023-05-26,20.3,20.3,200.0,48,8118,48.0,100.0,
2023-05-27,30.2,30.2,192.0,46,8118,48.0,95.83333333333333,
2023-05-28,39.7,39.7,200.0,48,8118,48.0,100.0,
2023-05-29,29.0,29.0,200.0,48,8118,48.0,100.0,
2023-05-30,32.0,32.0,200.0,48,8118,48.0,100.0,
2023-05-31,29.6,29.6,200.0,48,8118,48.0,100.0,
2023-06-01,37.4,37.4,200.0,48,8118,48.0,100.0,
2023-06-02,34.0,34.0,200.0,48,8118,48.0,100.0,
2023-06-03,41.3,41.3,200.0,48,8118,48.0,100.0,
2023-06-04,58.0,58.0,200.0,48,8118,48.0,100.0,
2023-06-05,,,200.0,48,8118,48.0,100.0,
2023-06-06,60.9,60.9,200.0,48,8118,48.0,100.0,
2023-06-07,90.6,90.6,200.0,48,8118,48.0,100.0,
2023-06-08,42.0,42.0,200.0,48,8118,48.0,100.0,
2023-06-09,24.8,24.8,200.0,48,8118,48.0,100.0,
2023-06-10,28.4,28.4,200.0,48,8118,48.0,100.0,
2023-06-11,37.0,37.0,200.0,48,8118,48.0,100.0,
2023-06-12,40.4,40.4,200.0,48,8118,48.0,100.0,
2023-06-13,57.7,57.7,200.0,48,8118,48.0,100.0,
2023-06-14,36.7,36.7,200.0,48,8118,48.0,100.0,
2023-06-15,33.8,33.8,200.0,48,8118,48.0,100.0,
2023-06-16,29.2,29.2,200.0,48,8118,48.0,100.0,
2023-06-17,35.0,35.0,200.0,48,8118,48.0,100.0,
2023-06-18,20.9,20.9,200.0,48,8118,48.0,100.0,
2023-06-19,14.0,14.0,200.0,48,8118,48.0,100.0,
2023-06-20,36.9,36.9,200.0,48,8118,48.0,100.0,
2023-06-21,29.6,29.6,200.0,48,8118,48.0,100.0,
2023-06-22,31.8,31.8,200.0,48,8118,48.0,100.0,
2023-06-23,46.5,46.5,200.0,48,8118,48.0,100.0,
2023-06-24,58.4,58.4,200.0,48,8118,48.0,100.0,
2023-06-25,18.8,18.8,200.0,48,8118,48.0,100.0,
2023-06-26,37.3,37.3,200.0,48,8118,48.0,100.0,
2023-06-27,30.5,30.5,200.0,48,8118,48.0,100.0,
2023-06-28,24.9,24.9,200.0,48,8118,48.0,100.0,
2023-06-29,42.8,42.8,200.0,48,8118,48.0,100.0,
2023-06-30,26.9,26.9,200.0,48,8118,48.0,100.0,
2023-07-01,22.3,22.3,200.0,48,8118,48.0,100.0,
2023-07-02,35.7,35.7,200.0,48,8118,48.0,100.0,
2023-07-03,48.6,48.6,200.0,48,8118,48.0,100.0,
2023-07-04,40.1,40.1,200.0,48,8118,48.0,100.0,
2023-07-05,33.1,33.1,200.0,48,8118,48.0,100.0,
2023-07-06,24.7,24.7,200.0,48,8118,48.0,100.0,
2023-07-07,29.0,29.0,200.0,48,8118,48.0,100.0,
2023-07-08,12.2,12.2,200.0,48,8118,48.0,100.0,
2023-07-09,22.0,22.0,200.0,48,8118,48.0,100.0,
2023-07-10,16.7,16.7,200.0,48,8118,48.0,100.0,
2023-07-11,38.4,38.4,200.0,48,8118,48.0,100.0,
2023-07-12,24.9,24.9,200.0,48,8118,48.0,100.0,
2023-07-13,27.9,27.9,200.0,48,8118,48.0,100.0,
2023-07-14,25.0,25.0,183.0,44,8118,48.0,91.66666666666667,
2023-07-15,26.3,26.3,146.0,35,8118,48.0,72.91666666666667,
2023-07-16,20.4,20.4,200.0,48,8118,48.0,100.0,
2023-07-17,31.0,31.0,200.0,48,8118,48.0,100.0,
2023-07-18,36.4,36.4,200.0,48,8118,48.0,100.0,
2023-07-19,27.7,27.7,200.0,48,8118,48.0,100.0,
2023-07-20,30.1,30.1,200.0,48,8118,48.0,100.0,
2023-07-21,38.9,38.9,200.0,48,8118,48.0,100.0,
2023-07-22,30.6,30.6,200.0,48,8118,48.0,100.0,
2023-07-23,18.9,18.9,200.0,48,8118,48.0,100.0,
2023-07-24,23.2,23.2,200.0,48,8118,48.0,100.0,
2023-07-25,30.4,30.4,200.0,48,8118,48.0,100.0,
2023-07-26,24.6,24.6,200.0,48,8118,48.0,100.0,
2023-07-27,32.4,32.4,200.0,48,8118,48.0,100.0,
2023-07-28,23.3,23.3,200.0,48,8118,48.0,100.0,
2023-07-29,9.13,9.13,200.0,48,8118,48.0,100.0,
2023-07-30,11.1,11.1,200.0,48,8118,48.0,100.0,
2023-07-31,33.5,33.5,200.0,48,8118,48.0,100.0,
2023-08-01,,,200.0,48,8118,48.0,100.0,
2023-08-02,18.2,18.2,200.0,48,8118,48.0,100.0,
2023-08-03,23.9,23.9,200.0,48,8118,48.0,100.0,
2023-08-04,29.2,29.2,200.0,48,8118,48.0,100.0,
2023-08-05,28.0,28.0,200.0,48,8118,48.0,100.0,
2023-08-06,25.9,25.9,200.0,48,8118,48.0,100.0,
2023-08-07,22.8,22.8,200.0,48,8118,48.0,100.0,
2023-08-08,23.5,23.5,200.0,48,8118,48.0,100.0,
2023-08-09,27.8,27.8,200.0,48,8118,48.0,100.0,
2023-08-10,32.0,32.0,200.0,48,8118,48.0,100.0,
2023-08-11,33.6,33.6,200.0,48,8118,48.0,100.0,
2023-08-12,28.7,28.7,200.0,48,8118,48.0,100.0,
2023-08-13,22.7,22.7,200.0,48,8118,48.0,100.0,
2023-08-14,28.7,28.7,200.0,48,8118,48.0,100.0,
2023-08-15,39.3,39.3,200.0,48,8118,48.0,100.0,
2023-08-16,40.4,40.4,200.0,48,8118,48.0,100.0,
2023-08-17,35.4,35.4,200.0,48,8118,48.0,100.0,
2023-08-18,41.2,41.2,200.0,48,8118,48.0,100.0,
2023-08-19,35.8,35.8,200.0,48,8118,48.0,100.0,
2023-08-20,30.6,30.6,200.0,48,8118,48.0,100.0,
2023-08-21,31.5,31.5,200.0,48,8118,48.0,100.0,
2023-08-22,29.0,29.0,200.0,48,8118,48.0,100.0,
2023-08-23,18.8,18.8,200.0,48,8118,48.0,100.0,
2023-08-24,20.1,20.1,200.0,48,8118,48.0,100.0,
2023-08-25,27.8,27.8,200.0,48,8118,48.0,100.0,
2023-08-26,37.7,37.7,200.0,48,8118,48.0,100.0,
2023-08-27,47.2,47.2,200.0,48,8118,48.0,100.0,
2023-08-28,42.2,42.2,200.0,48,8118,48.0,100.0,
2023-08-29,37.8,37.8,200.0,48,8118,48.0,100.0,
2023-08-30,38.7,38.7,200.0,48,8118,48.0,100.0,
2023-08-31,40.7,40.7,200.0,48,8118,48.0,100.0,
2023-09-01,36.2,36.2,200.0,48,8118,48.0,100.0,
2023-09-02,34.6,34.6,200.0,48,8118,48.0,100.0,
2023-09-03,34.7,34.7,200.0,48,8118,48.0,100.0,
2023-09-04,31.7,31.7,200.0,48,8118,48.0,100.0,
2023-09-05,35.2,35.2,200.0,48,8118,48.0,100.0,
2023-09-06,21.5,21.5,200.0,48,8118,48.0,100.0,
2023-09-07,27.2,27.2,200.0,48,8118,48.0,100.0,
2023-09-08,18.5,18.5,200.0,48,8118,48.0,100.0,
2023-09-09,9.58,9.58,200.0,48,8118,48.0,100.0,
2023-09-10,6.98,6.98,200.0,48,8118,48.0,100.0,
2023-09-11,23.4,23.4,200.0,48,8118,48.0,100.0,
2023-09-12,31.8,31.8,200.0,48,8118,48.0,100.0,
2023-09-13,45.4,45.4,200.0,48,8118,48.0,100.0,
2023-09-14,52.1,52.1,200.0,48,8118,48.0,100.0,
2023-09-15,30.0,30.0,200.0,48,8118,48.0,100.0,
2023-09-16,23.3,23.3,200.0,48,8118,48.0,100.0,
2023-09-17,18.9,18.9,200.0,48,8118,48.0,100.0,
2023-09-18,11.2,11.2,200.0,48,8118,48.0,100.0,
2023-09-19,19.7,19.7,200.0,48,8118,48.0,100.0,
2023-09-20,34.2,34.2,200.0,48,8118,48.0,100.0,
2023-09-21,32.3,32.3,200.0,48,8118,48.0,100.0,
2023-09-22,46.3,46.3,200.0,48,8118,48.0,100.0,
2023-09-23,41.2,41.2,200.0,48,8118,48.0,100.0,
2023-09-24,48.6,48.6,200.0,48,8118,48.0,100.0,
2023-09-25,57.0,57.0,200.0,48,8118,48.0,100.0,
2023-09-26,72.2,72.2,200.0,48,8118,48.0,100.0,
2023-09-27,42.9,42.9,200.0,48,8118,48.0,100.0,
2023-09-28,51.0,51.0,200.0,48,8118,48.0,100.0,
2023-09-29,61.6,61.6,200.0,48,8118,48.0,100.0,
2023-09-30,55.6,55.6,200.0,48,8118,48.0,100.0,
2023-10-01,56.8,56.8,200.0,48,8118,48.0,100.0,
2023-10-02,48.7,48.7,200.0,48,8118,48.0,100.0,
2023-10-03,51.2,51.2,200.0,48,8118,48.0,100.0,
2023-10-04,58.9,58.9,200.0,48,8118,48.0,100.0,
2023-10-05,74.5,74.5,200.0,48,8118,48.0,100.0,
2023-10-06,77.7,77.7,200.0,48,8118,48.0,100.0,
2023-10-07,60.0,60.0,200.0,48,8118,48.0,100.0,
2023-10-08,51.4,51.4,200.0,48,8118,48.0,100.0,
2023-10-09,54.3,54.3,200.0,48,8118,48.0,100.0,
2023-10-10,51.3,51.3,200.0,48,8118,48.0,100.0,
2023-10-11,83.8,83.8,200.0,48,8118,48.0,100.0,
2023-10-12,105.0,105.0,200.0,48,8118,48.0,100.0,
2023-10-13,110.0,110.0,200.0,48,8118,48.0,100.0,
2023-10-14,93.7,93.7,200.0,48,8118,48.0,100.0,
2023-10-15,72.3,72.3,200.0,48,8118,48.0,100.0,
2023-10-16,62.7,62.7,200.0,48,8118,48.0,100.0,
2023-10-17,39.2,39.2,200.0,48,8118,48.0,100.0,
2023-10-18,51.5,51.5,200.0,48,8118,48.0,100.0,
2023-10-19,43.9,43.9,200.0,48,8118,48.0,100.0,
2023-10-20,94.0,94.0,200.0,48,8118,48.0,100.0,
2023-10-21,133.0,133.0,200.0,48,8118,48.0,100.0,
2023-10-22,137.0,137.0,200.0,48,8118,48.0,100.0,
2023-10-23,127.0,127.0,200.0,48,8118,48.0,100.0,
2023-10-24,97.1,97.1,200.0,48,8118,48.0,100.0,
2023-10-25,126.0,126.0,200.0,48,8118,48.0,100.0,
2023-10-26,119.0,119.0,200.0,48,8118,48.0,100.0,
2023-10-27,129.0,129.0,200.0,48,8118,48.0,100.0,
2023-10-28,136.0,136.0,200.0,48,8118,48.0,100.0,
2023-10-29,146.0,146.0,200.0,48,8118,48.0,100.0,
2023-10-30,151.0,151.0,200.0,48,8118,48.0,100.0,
2023-10-31,189.0,189.0,200.0,48,8118,48.0,100.0,
2023-11-01,187.0,187.0,200.0,48,8118,48.0,100.0,
2023-11-02,294.0,294.0,200.0,48,8118,48.0,100.0,
2023-11-03,319.0,319.0,192.0,46,8118,48.0,95.83333333333333,
2023-11-04,358.0,358.0,192.0,46,8118,48.0,95.83333333333333,
2023-11-05,314.0,314.0,192.0,46,8118,48.0,95.83333333333333,
2023-11-06,260.0,260.0,192.0,46,8118,48.0,95.83333333333333,
2023-11-07,249.0,249.0,192.0,46,8118,48.0,95.83333333333333,
2023-11-08,300.0,300.0,192.0,46,8118,48.0,95.83333333333333,
2023-11-09,297.0,297.0,192.0,46,8118,48.0,95.83333333333333,
2023-11-10,122.0,122.0,192.0,46,8118,48.0,95.83333333333333,
2023-11-11,94.4,94.4,192.0,46,8118,48.0,95.83333333333333,
2023-11-12,132.0,132.0,188.0,45,8118,48.0,93.75,
2023-11-13,286.0,286.0,154.0,37,8118,48.0,77.08333333333333,
2023-11-14,257.0,257.0,192.0,46,8118,48.0,95.83333333333333,
2023-11-15,269.0,269.0,192.0,46,8118,48.0,95.83333333333333,
2023-11-16,345.0,345.0,192.0,46,8118,48.0,95.83333333333333,
2023-11-17,236.0,236.0,192.0,46,8118,48.0,95.83333333333333,
2023-11-18,153.0,153.0,192.0,46,8118,48.0,95.83333333333333,
2023-11-19,136.0,136.0,192.0,46,8118,48.0,95.83333333333333,
2023-11-20,187.0,187.0,192.0,46,8118,48.0,95.83333333333333,
2023-11-21,259.0,259.0,192.0,46,8118,48.0,95.83333333333333,
2023-11-22,257.0,257.0,192.0,46,8118,48.0,95.83333333333333,
2023-11-23,242.0,242.0,192.0,46,8118,48.0,95.83333333333333,
2023-11-24,269.0,269.0,192.0,46,8118,48.0,95.83333333333333,
2023-11-25,243.0,243.0,192.0,46,8118,48.0,95.83333333333333,
2023-11-26,216.0,216.0,192.0,46,8118,48.0,95.83333333333333,
2023-11-27,211.0,211.0,192.0,46,8118,48.0,95.83333333333333,
2023-11-28,132.0,132.0,192.0,46,8118,48.0,95.83333333333333,
2023-11-29,183.0,183.0,192.0,46,8118,48.0,95.83333333333333,
2023-11-30,231.0,231.0,192.0,46,8118,48.0,95.83333333333333,
2023-12-01,233.0,233.0,192.0,46,8118,48.0,95.83333333333333,
2023-12-02,174.0,174.0,171.0,41,8118,48.0,85.41666666666667,
2023-12-03,129.0,129.0,113.0,27,8118,48.0,56.25,
2023-12-04,151.0,151.0,192.0,46,8118,48.0,95.83333333333333,
2023-12-05,134.0,134.0,192.0,46,8118,48.0,95.83333333333333,
2023-12-06,140.0,140.0,192.0,46,8118,48.0,95.83333333333333,
2023-12-07,164.0,164.0,192.0,46,8118,48.0,95.83333333333333,
2023-12-08,150.0,150.0,192.0,46,8118,48.0,95.83333333333333,
2023-12-09,167.0,167.0,192.0,46,8118,48.0,95.83333333333333,
2023-12-10,168.0,168.0,192.0,46,8118,48.0,95.83333333333333,
2023-12-11,164.0,164.0,192.0,46,8118,48.0,95.83333333333333,
2023-12-12,206.0,206.0,192.0,46,8118,48.0,95.83333333333333,
2023-12-13,223.0,223.0,192.0,46,8118,48.0,95.83333333333333,
2023-12-14,172.0,172.0,192.0,46,8118,48.0,95.83333333333333,
2023-12-15,184.0,184.0,192.0,46,8118,48.0,95.83333333333333,
2023-12-16,195.0,195.0,192.0,46,8118,48.0,95.83333333333333,
2023-12-17,203.0,203.0,192.0,46,8118,48.0,95.83333333333333,
2023-12-18,178.0,178.0,192.0,46,8118,48.0,95.83333333333333,
2023-12-19,137.0,137.0,192.0,46,8118,48.0,95.83333333333333,
2023-12-20,146.0,146.0,192.0,46,8118,48.0,95.83333333333333,
2023-12-21,255.0,255.0,192.0,46,8118,48.0,95.83333333333333,
2023-12-22,343.0,343.0,192.0,46,8118,48.0,95.83333333333333,
2023-12-23,307.0,307.0,192.0,46,8118,48.0,95.83333333333333,
2023-12-24,278.0,278.0,192.0,46,8118,48.0,95.83333333333333,
2023-12-25,230.0,230.0,192.0,46,8118,48.0,95.83333333333333,
2023-12-26,247.0,247.0,192.0,46,8118,48.0,95.83333333333333,
2023-12-27,273.0,273.0,192.0,46,8118,48.0,95.83333333333333,
2023-12-28,230.0,230.0,192.0,46,8118,48.0,95.83333333333333,
2023-12-29,279.0,279.0,192.0,46,8118,48.0,95.83333333333333,
2023-12-30,303.0,303.0,192.0,46,8118,48.0,95.83333333333333,
2023-12-31,262.0,262.0,192.0,46,8118,48.0,95.83333333333333,
2024-01-01,211.0,211.0,192.0,46,8118,48.0,95.83333333333333,
2024-01-02,207.0,207.0,192.0,46,8118,48.0,95.83333333333333,
2024-01-03,222.0,222.0,192.0,46,8118,48.0,95.83333333333333,
2024-01-04,257.0,257.0,192.0,46,8118,48.0,95.83333333333333,
2024-01-05,204.0,204.0,192.0,46,8118,48.0,95.83333333333333,
2024-01-06,196.0,196.0,192.0,46,8118,48.0,95.83333333333333,
2024-01-07,193.0,193.0,192.0,46,8118,48.0,95.83333333333333,
2024-01-08,277.0,277.0,192.0,46,8118,48.0,95.83333333333333,
2024-01-09,165.0,165.0,192.0,46,8118,48.0,95.83333333333333,
2024-01-10,189.0,189.0,192.0,46,8118,48.0,95.83333333333333,
2024-01-11,221.0,221.0,192.0,46,8118,48.0,95.83333333333333,
2024-01-12,203.0,203.0,192.0,46,8118,48.0,95.83333333333333,
2024-01-13,460.0,460.0,192.0,46,8118,48.0,95.83333333333333,
2024-01-14,396.0,396.0,192.0,46,8118,48.0,95.83333333333333,
2024-01-15,208.0,208.0,192.0,46,8118,48.0,95.83333333333333,
2024-01-16,261.0,261.0,183.0,44,8118,48.0,91.66666666666667,
2024-01-17,240.0,240.0,192.0,46,8118,48.0,95.83333333333333,
2024-01-18,185.0,185.0,192.0,46,8118,48.0,95.83333333333333,
2024-01-19,202.0,202.0,192.0,46,8118,48.0,95.83333333333333,
2024-01-20,212.0,212.0,192.0,46,8118,48.0,95.83333333333333,
2024-01-21,205.0,205.0,192.0,46,8118,48.0,95.83333333333333,
2024-01-22,225.0,225.0,192.0,46,8118,48.0,95.83333333333333,
2024-01-23,253.0,253.0,192.0,46,8118,48.0,95.83333333333333,
2024-01-24,316.0,316.0,192.0,46,8118,48.0,95.83333333333333,
2024-01-25,232.0,232.0,192.0,46,8118,48.0,95.83333333333333,
2024-01-26,375.0,375.0,192.0,46,8118,48.0,95.83333333333333,
2024-01-27,194.0,194.0,192.0,46,8118,48.0,95.83333333333333,
2024-01-28,272.0,272.0,192.0,46,8118,48.0,95.83333333333333,
2024-01-29,233.0,233.0,192.0,46,8118,48.0,95.83333333333333,
2024-01-30,279.0,279.0,192.0,46,8118,48.0,95.83333333333333,
2024-01-31,253.0,253.0,192.0,46,8118,48.0,95.83333333333333,
2024-02-01,,41.3,54.0,13,8118,48.0,27.083333333333332,low_coverage
2024-02-02,115.0,115.0,188.0,45,8118,48.0,93.75,
2024-02-03,91.1,91.1,192.0,46,8118,48.0,95.83333333333333,
2024-02-04,142.0,142.0,192.0,46,8118,48.0,95.83333333333333,
2024-02-05,80.6,80.6,167.0,40,8118,48.0,83.33333333333333,
2024-02-06,74.9,74.9,133.0,32,8118,48.0,66.66666666666667,
2024-02-07,82.4,82.4,192.0,46,8118,48.0,95.83333333333333,
2024-02-08,71.5,71.5,192.0,46,8118,48.0,95.83333333333333,
2024-02-09,66.6,66.6,192.0,46,8118,48.0,95.83333333333333,
2024-02-10,179.0,179.0,192.0,46,8118,48.0,95.83333333333333,
2024-02-11,169.0,169.0,192.0,46,8118,48.0,95.83333333333333,
2024-02-12,179.0,179.0,192.0,46,8118,48.0,95.83333333333333,
2024-02-13,227.0,227.0,192.0,46,8118,48.0,95.83333333333333,
2024-02-14,196.0,196.0,192.0,46,8118,48.0,95.83333333333333,
2024-02-15,137.0,137.0,192.0,46,8118,48.0,95.83333333333333,
2024-02-16,127.0,127.0,192.0,46,8118,48.0,95.83333333333333,
2024-02-17,123.0,123.0,192.0,46,8118,48.0,95.83333333333333,
2024-02-18,109.0,109.0,192.0,46,8118,48.0,95.83333333333333,
2024-02-19,99.4,99.4,192.0,46,8118,48.0,95.83333333333333,
2024-02-20,136.0,136.0,192.0,46,8118,48.0,95.83333333333333,
2024-02-21,94.1,94.1,192.0,46,8118,48.0,95.83333333333333,
2024-02-22,58.4,58.4,192.0,46,8118,48.0,95.83333333333333,
2024-02-23,62.3,62.3,192.0,46,8118,48.0,95.83333333333333,
2024-02-24,81.2,81.2,192.0,46,8118,48.0,95.83333333333333,
2024-02-25,76.5,76.5,192.0,46,8118,48.0,95.83333333333333,
2024-02-26,72.0,72.0,192.0,46,8118,48.0,95.83333333333333,
2024-02-27,65.0,65.0,192.0,46,8118,48.0,95.83333333333333,
2024-02-28,63.7,63.7,192.0,46,8118,48.0,95.83333333333333,
2024-02-29,70.5,70.5,192.0,46,8118,48.0,95.83333333333333,
2024-03-01,90.7,90.7,192.0,46,8118,48.0,95.83333333333333,
2024-03-02,32.3,32.3,192.0,46,8118,48.0,95.83333333333333,
2024-03-03,51.2,51.2,192.0,46,8118,48.0,95.83333333333333,
2024-03-04,42.9,42.9,192.0,46,8118,48.0,95.83333333333333,
2024-03-05,54.3,54.3,192.0,46,8118,48.0,95.83333333333333,
2024-03-06,65.8,65.8,192.0,46,8118,48.0,95.83333333333333,
2024-03-07,79.3,79.3,192.0,46,8118,48.0,95.83333333333333,
2024-03-08,60.5,60.5,192.0,46,8118,48.0,95.83333333333333,
2024-03-09,57.5,57.5,192.0,46,8118,48.0,95.83333333333333,
2024-03-10,96.7,96.7,200.0,48,8118,48.0,100.0,
2024-03-11,77.5,77.5,192.0,46,8118,48.0,95.83333333333333,
2024-03-12,79.4,79.4,192.0,46,8118,48.0,95.83333333333333,
2024-03-13,71.3,71.3,192.0,46,8118,48.0,95.83333333333333,
2024-03-14,80.0,80.0,192.0,46,8118,48.0,95.83333333333333,
2024-03-15,39.4,39.4,192.0,46,8118,48.0,95.83333333333333,
2024-03-16,72.7,72.7,192.0,46,8118,48.0,95.83333333333333,
2024-03-17,96.3,96.3,192.0,46,8118,48.0,95.83333333333333,
2024-03-18,103.0,103.0,192.0,46,8118,48.0,95.83333333333333,
2024-03-19,96.5,96.5,200.0,48,8118,48.0,100.0,
2024-03-20,117.0,117.0,200.0,48,8118,48.0,100.0,
2024-03-21,73.7,73.7,158.0,38,8118,48.0,79.16666666666667,
2024-03-22,69.5,69.5,200.0,48,8118,48.0,100.0,
2024-03-23,89.6,89.6,200.0,48,8118,48.0,100.0,
2024-03-24,80.1,80.1,200.0,48,8118,48.0,100.0,
2024-03-25,217.0,217.0,200.0,48,8118,48.0,100.0,
2024-03-26,61.9,61.9,200.0,48,8118,48.0,100.0,
2024-03-27,53.7,53.7,200.0,48,8118,48.0,100.0,
2024-03-28,59.8,59.8,200.0,48,8118,48.0,100.0,
2024-03-29,61.1,61.1,200.0,48,8118,48.0,100.0,
2024-03-30,78.1,78.1,200.0,48,8118,48.0,100.0,
2024-03-31,75.7,75.7,200.0,48,8118,48.0,100.0,
2024-04-01,64.3,64.3,200.0,48,8118,48.0,100.0,
2024-04-02,59.0,59.0,200.0,48,8118,48.0,100.0,
2024-04-03,54.7,54.7,200.0,48,8118,48.0,100.0,
2024-04-04,42.5,42.5,200.0,48,8118,48.0,100.0,
2024-04-05,,,200.0,48,8118,48.0,100.0,
2024-04-06,,,200.0,48,8118,48.0,100.0,
2024-04-07,,,200.0,48,8118,48.0,100.0,
2024-04-08,,,200.0,48,8118,48.0,100.0,
2024-04-09,58.2,58.2,200.0,48,8118,48.0,100.0,
2024-04-10,82.1,82.1,200.0,48,8118,48.0,100.0,
2024-04-11,71.7,71.7,200.0,48,8118,48.0,100.0,
2024-04-12,86.6,86.6,200.0,48,8118,48.0,100.0,
2024-04-13,57.6,57.6,200.0,48,8118,48.0,100.0,
2024-04-14,44.6,44.6,200.0,48,8118,48.0,100.0,
2024-04-15,85.5,85.5,200.0,48,8118,48.0,100.0,
2024-04-16,40.0,40.0,200.0,48,8118,48.0,100.0,
2024-04-17,36.5,36.5,200.0,48,8118,48.0,100.0,
2024-04-18,60.9,60.9,200.0,48,8118,48.0,100.0,
2024-04-19,46.6,46.6,200.0,48,8118,48.0,100.0,
2024-04-20,,,200.0,48,8118,48.0,100.0,
2024-04-21,17.0,17.0,200.0,48,8118,48.0,100.0,
2024-04-22,38.0,38.0,200.0,48,8118,48.0,100.0,
2024-04-23,47.6,47.6,200.0,48,8118,48.0,100.0,
2024-04-24,51.1,51.1,200.0,48,8118,48.0,100.0,
2024-04-25,77.2,77.2,200.0,48,8118,48.0,100.0,
2024-04-26,53.7,53.7,200.0,48,8118,48.0,100.0,
2024-04-27,50.9,50.9,200.0,48,8118,48.0,100.0,
2024-04-28,48.5,48.5,200.0,48,8118,48.0,100.0,
2024-04-29,69.9,69.9,200.0,48,8118,48.0,100.0,
2024-04-30,51.9,51.9,200.0,48,8118,48.0,100.0,
2024-05-01,59.9,59.9,200.0,48,8118,48.0,100.0,
2024-05-02,69.9,69.9,200.0,48,8118,48.0,100.0,
2024-05-03,155.0,155.0,200.0,48,8118,48.0,100.0,
2024-05-04,130.0,130.0,200.0,48,8118,48.0,100.0,
2024-05-05,130.0,130.0,200.0,48,8118,48.0,100.0,
2024-05-06,132.0,132.0,200.0,48,8118,48.0,100.0,
2024-05-07,146.0,146.0,200.0,48,8118,48.0,100.0,
2024-05-08,84.5,84.5,200.0,48,8118,48.0,100.0,
2024-05-09,57.7,57.7,200.0,48,8118,48.0,100.0,
2024-05-10,70.8,70.8,200.0,48,8118,48.0,100.0,
2024-05-11,65.5,65.5,200.0,48,8118,48.0,100.0,
2024-05-12,74.7,74.7,200.0,48,8118,48.0,100.0,
2024-05-13,77.4,77.4,200.0,48,8118,48.0,100.0,
2024-05-14,98.9,98.9,200.0,48,8118,48.0,100.0,
2024-05-15,108.0,108.0,200.0,48,8118,48.0,100.0,
2024-05-16,99.4,99.4,200.0,48,8118,48.0,100.0,
2024-05-17,83.1,83.1,200.0,48,8118,48.0,100.0,
2024-05-18,88.7,88.7,200.0,48,8118,48.0,100.0,
2024-05-19,74.7,74.7,200.0,48,8118,48.0,100.0,
2024-05-20,74.3,74.3,200.0,48,8118,48.0,100.0,
2024-05-21,78.9,78.9,200.0,48,8118,48.0,100.0,
2024-05-22,75.9,75.9,200.0,48,8118,48.0,100.0,
2024-05-23,53.6,53.6,200.0,48,8118,48.0,100.0,
2024-05-24,50.5,50.5,200.0,48,8118,48.0,100.0,
2024-05-25,55.0,55.0,200.0,48,8118,48.0,100.0,
2024-05-26,67.0,67.0,200.0,48,8118,48.0,100.0,
2024-05-27,80.5,80.5,200.0,48,8118,48.0,100.0,
2024-05-28,82.0,82.0,200.0,48,8118,48.0,100.0,
2024-05-29,72.2,72.2,200.0,48,8118,48.0,100.0,
2024-05-30,54.2,54.2,200.0,48,8118,48.0,100.0,
2024-05-31,49.6,49.6,200.0,48,8118,48.0,100.0,
2024-06-01,70.9,70.9,200.0,48,8118,48.0,100.0,
2024-06-02,37.7,37.7,200.0,48,8118,48.0,100.0,
2024-06-03,48.5,48.5,200.0,48,8118,48.0,100.0,
2024-06-04,71.1,71.1,200.0,48,8118,48.0,100.0,
2024-06-05,66.2,66.2,200.0,48,8118,48.0,100.0,
2024-06-06,57.2,57.2,200.0,48,8118,48.0,100.0,
2024-06-07,109.0,109.0,200.0,48,8118,48.0,100.0,
2024-06-08,59.8,59.8,200.0,48,8118,48.0,100.0,
2024-06-09,46.2,46.2,200.0,48,8118,48.0,100.0,
2024-06-10,40.4,40.4,200.0,48,8118,48.0,100.0,
2024-06-11,83.3,83.3,200.0,48,8118,48.0,100.0,
2024-06-12,87.5,87.5,200.0,48,8118,48.0,100.0,
2024-06-13,79.2,79.2,200.0,48,8118,48.0,100.0,
2024-06-14,67.4,67.4,200.0,48,8118,48.0,100.0,
2024-06-15,42.8,42.8,200.0,48,8118,48.0,100.0,
2024-06-16,75.4,75.4,200.0,48,8118,48.0,100.0,
2024-06-17,69.6,69.6,200.0,48,8118,48.0,100.0,
2024-06-18,116.0,116.0,200.0,48,8118,48.0,100.0,
2024-06-19,76.3,76.3,200.0,48,8118,48.0,100.0,
2024-06-20,46.0,46.0,200.0,48,8118,48.0,100.0,
2024-06-21,61.2,61.2,200.0,48,8118,48.0,100.0,
2024-06-22,80.0,80.0,200.0,48,8118,48.0,100.0,
2024-06-23,55.7,55.7,200.0,48,8118,48.0,100.0,
2024-06-24,52.0,52.0,200.0,48,8118,48.0,100.0,
2024-06-25,60.7,60.7,200.0,48,8118,48.0,100.0,
2024-06-26,47.4,47.4,200.0,48,8118,48.0,100.0,
2024-06-27,27.1,27.1,200.0,48,8118,48.0,100.0,
2024-06-28,29.5,29.5,200.0,48,8118,48.0,100.0,
2024-06-29,39.1,39.1,200.0,48,8118,48.0,100.0,
2024-06-30,47.8,47.8,200.0,48,8118,48.0,100.0,
2024-07-01,29.9,29.9,200.0,48,8118,48.0,100.0,
2024-07-02,32.3,32.3,200.0,48,8118,48.0,100.0,
2024-07-03,30.3,30.3,200.0,48,8118,48.0,100.0,
2024-07-04,18.5,18.5,200.0,48,8118,48.0,100.0,
2024-07-05,25.0,25.0,200.0,48,8118,48.0,100.0,
2024-07-06,22.9,22.9,200.0,48,8118,48.0,100.0,
2024-07-07,7.19,7.19,200.0,48,8118,48.0,100.0,
2024-07-08,20.8,20.8,200.0,48,8118,48.0,100.0,
2024-07-09,38.1,38.1,200.0,48,8118,48.0,100.0,
2024-07-10,51.0,51.0,200.0,48,8118,48.0,100.0,
2024-07-11,45.4,45.4,200.0,48,8118,48.0,100.0,
2024-07-12,24.6,24.6,200.0,48,8118,48.0,100.0,
2024-07-13,34.9,34.9,200.0,48,8118,48.0,100.0,
2024-07-14,44.1,44.1,200.0,48,8118,48.0,100.0,
2024-07-15,40.9,40.9,200.0,48,8118,48.0,100.0,
2024-07-16,39.5,39.5,200.0,48,8118,48.0,100.0,
2024-07-17,32.0,32.0,200.0,48,8118,48.0,100.0,
2024-07-18,39.8,39.8,200.0,48,8118,48.0,100.0,
2024-07-19,58.0,58.0,200.0,48,8118,48.0,100.0,
2024-07-20,47.2,47.2,200.0,48,8118,48.0,100.0,
2024-07-21,36.9,36.9,200.0,48,8118,48.0,100.0,
2024-07-22,34.6,34.6,200.0,48,8118,48.0,100.0,
2024-07-23,44.7,44.7,200.0,48,8118,48.0,100.0,
2024-07-24,47.7,47.7,200.0,48,8118,48.0,100.0,
2024-07-25,33.4,33.4,200.0,48,8118,48.0,100.0,
2024-07-26,50.3,50.3,200.0,48,8118,48.0,100.0,
2024-07-27,37.9,37.9,200.0,48,8118,48.0,100.0,
2024-07-28,23.4,23.4,200.0,48,8118,48.0,100.0,
2024-07-29,27.4,27.4,200.0,48,8118,48.0,100.0,
2024-07-30,31.3,31.3,196.0,47,8118,48.0,97.91666666666667,
2024-07-31,23.7,23.7,179.0,43,8118,48.0,89.58333333333333,
2024-08-01,9.64,9.64,183.0,44,8118,48.0,91.66666666666667,
2024-08-02,21.7,21.7,192.0,46,8118,48.0,95.83333333333333,
2024-08-03,14.8,14.8,100.0,24,8118,48.0,50.0,
2024-08-04,11.4,11.4,113.0,27,8118,48.0,56.25,
2024-08-05,14.8,14.8,179.0,43,8118,48.0,89.58333333333333,
2024-08-06,12.2,12.2,192.0,46,8118,48.0,95.83333333333333,
2024-08-07,11.3,11.3,188.0,45,8118,48.0,93.75,
2024-08-08,12.8,12.8,183.0,44,8118,48.0,91.66666666666667,
2024-08-09,18.5,18.5,188.0,45,8118,48.0,93.75,
2024-08-10,24.5,24.5,179.0,43,8118,48.0,89.58333333333333,
2024-08-11,16.5,16.5,179.0,43,8118,48.0,89.58333333333333,
2024-08-12,23.7,23.7,192.0,46,8118,48.0,95.83333333333333,
2024-08-13,12.8,12.8,188.0,45,8118,48.0,93.75,
2024-08-14,24.6,24.6,192.0,46,8118,48.0,95.83333333333333,
2024-08-15,15.4,15.4,200.0,48,8118,48.0,100.0,
2024-08-16,12.7,12.7,163.0,39,8118,48.0,81.25,
2024-08-17,24.1,24.1,158.0,38,8118,48.0,79.16666666666667,
2024-08-18,21.9,21.9,163.0,39,8118,48.0,81.25,
2024-08-19,18.7,18.7,163.0,39,8118,48.0,81.25,
2024-08-20,16.9,16.9,188.0,45,8118,48.0,93.75,
2024-08-21,22.4,22.4,196.0,47,8118,48.0,97.91666666666667,
2024-08-22,20.9,20.9,200.0,48,8118,48.0,100.0,
2024-08-23,24.9,24.9,188.0,45,8118,48.0,93.75,
2024-08-24,49.6,49.6,183.0,44,8118,48.0,91.66666666666667,
2024-08-25,17.1,17.1,171.0,41,8118,48.0,85.41666666666667,
2024-08-26,21.2,21.2,188.0,45,8118,48.0,93.75,
2024-08-27,16.1,16.1,188.0,45,8118,48.0,93.75,
2024-08-28,15.3,15.3,188.0,45,8118,48.0,93.75,
2024-08-29,17.9,17.9,183.0,44,8118,48.0,91.66666666666667,
2024-08-30,33.7,33.7,171.0,41,8118,48.0,85.41666666666667,
2024-08-31,32.2,32.2,196.0,47,8118,48.0,97.91666666666667,
2024-09-01,33.7,33.7,200.0,48,8118,48.0,100.0,
2024-09-02,26.1,26.1,200.0,48,8118,48.0,100.0,
2024-09-03,22.0,22.0,200.0,48,8118,48.0,100.0,
2024-09-04,16.5,16.5,200.0,48,8118,48.0,100.0,
2024-09-05,25.0,25.0,192.0,46,8118,48.0,95.83333333333333,
2024-09-06,16.9,16.9,163.0,39,8118,48.0,81.25,
2024-09-07,23.4,23.4,175.0,42,8118,48.0,87.5,
2024-09-08,43.4,43.4,183.0,44,8118,48.0,91.66666666666667,
2024-09-09,41.6,41.6,163.0,39,8118,48.0,81.25,
2024-09-10,36.2,36.2,175.0,42,8118,48.0,87.5,
2024-09-11,26.9,26.9,188.0,45,8118,48.0,93.75,
2024-09-12,9.91,9.91,192.0,46,8118,48.0,95.83333333333333,
2024-09-13,11.4,11.4,200.0,48,8118,48.0,100.0,
2024-09-14,21.6,21.6,192.0,46,8118,48.0,95.83333333333333,
2024-09-15,30.8,30.8,183.0,44,8118,48.0,91.66666666666667,
2024-09-16,39.0,39.0,192.0,46,8118,48.0,95.83333333333333,
2024-09-17,46.6,46.6,200.0,48,8118,48.0,100.0,
2024-09-18,29.6,29.6,200.0,48,8118,48.0,100.0,
2024-09-19,26.0,26.0,200.0,48,8118,48.0,100.0,
2024-09-20,26.7,26.7,200.0,48,8118,48.0,100.0,
2024-09-21,32.7,32.7,200.0,48,8118,48.0,100.0,
2024-09-22,61.5,61.5,200.0,48,8118,48.0,100.0,
2024-09-23,70.8,70.8,200.0,48,8118,48.0,100.0,
2024-09-24,81.0,81.0,200.0,48,8118,48.0,100.0,
2024-09-25,71.0,71.0,200.0,48,8118,48.0,100.0,
2024-09-26,23.2,23.2,192.0,46,8118,48.0,95.83333333333333,
2024-09-27,11.3,11.3,167.0,40,8118,48.0,83.33333333333333,
2024-09-28,16.1,16.1,142.0,34,8118,48.0,70.83333333333333,
2024-09-29,23.1,23.1,183.0,44,8118,48.0,91.66666666666667,
2024-09-30,52.9,52.9,200.0,48,8118,48.0,100.0,
2024-10-01,58.9,58.9,163.0,39,8118,48.0,81.25,
2024-10-02,59.0,59.0,163.0,39,8118,48.0,81.25,
2024-10-03,45.0,45.0,188.0,45,8118,48.0,93.75,
2024-10-04,50.8,50.8,183.0,44,8118,48.0,91.66666666666667,
2024-10-05,36.8,36.8,146.0,35,8118,48.0,72.91666666666667,
2024-10-06,39.1,39.1,163.0,39,8118,48.0,81.25,
2024-10-07,43.7,43.7,133.0,32,8118,48.0,66.66666666666667,
2024-10-08,62.7,62.7,146.0,35,8118,48.0,72.91666666666667,
2024-10-09,60.0,60.0,163.0,39,8118,48.0,81.25,
2024-10-10,43.3,43.3,183.0,44,8118,48.0,91.66666666666667,
2024-10-11,55.9,55.9,146.0,35,8118,48.0,72.91666666666667,
2024-10-12,60.0,60.0,150.0,36,8118,48.0,75.0,
2024-10-13,84.3,84.3,167.0,40,8118,48.0,83.33333333333333,
2024-10-14,85.9,85.9,154.0,37,8118,48.0,77.08333333333333,
2024-10-15,76.2,76.2,188.0,45,8118,48.0,93.75,
2024-10-16,92.2,92.2,192.0,46,8118,48.0,95.83333333333333,
2024-10-17,112.0,112.0,179.0,43,8118,48.0,89.58333333333333,
2024-10-18,97.8,97.8,188.0,45,8118,48.0,93.75,
2024-10-19,101.0,101.0,175.0,42,8118,48.0,87.5,
2024-10-20,120.0,120.0,183.0,44,8118,48.0,91.66666666666667,
2024-10-21,131.0,131.0,188.0,45,8118,48.0,93.75,
2024-10-22,136.0,136.0,167.0,40,8118,48.0,83.33333333333333,
2024-10-23,194.0,194.0,188.0,45,8118,48.0,93.75,
2024-10-24,130.0,130.0,100.0,24,8118,48.0,50.0,
2024-10-25,111.0,111.0,100.0,24,8118,48.0,50.0,
2024-10-26,137.0,137.0,100.0,24,8118,48.0,50.0,
2024-10-27,157.0,157.0,100.0,24,8118,48.0,50.0,
2024-10-28,115.0,115.0,100.0,24,8118,48.0,50.0,
2024-10-29,97.7,97.7,100.0,24,8118,48.0,50.0,
2024-10-30,131.0,131.0,100.0,24,8118,48.0,50.0,
2024-10-31,176.0,176.0,100.0,24,8118,48.0,50.0,
2024-11-01,117.0,117.0,100.0,24,8118,48.0,50.0,
2024-11-02,184.0,184.0,100.0,24,8118,48.0,50.0,
2024-11-03,207.0,207.0,100.0,24,8118,48.0,50.0,
2024-11-04,218.0,218.0,100.0,24,8118,48.0,50.0,
2024-11-05,171.0,171.0,100.0,24,8118,48.0,50.0,
2024-11-06,168.0,168.0,100.0,24,8118,48.0,50.0,
2024-11-07,206.0,206.0,100.0,24,8118,48.0,50.0,
2024-11-08,180.0,180.0,100.0,24,8118,48.0,50.0,
2024-11-09,164.0,164.0,100.0,24,8118,48.0,50.0,
2024-11-10,156.0,156.0,100.0,24,8118,48.0,50.0,
2024-11-11,167.0,167.0,100.0,24,8118,48.0,50.0,
2024-11-12,177.0,177.0,100.0,24,8118,48.0,50.0,
2024-11-13,385.0,385.0,100.0,24,8118,48.0,50.0,
2024-11-14,292.0,292.0,100.0,24,8118,48.0,50.0,
2024-11-15,251.0,251.0,100.0,24,8118,48.0,50.0,
2024-11-16,321.0,321.0,100.0,24,8118,48.0,50.0,
2024-11-17,470.0,470.0,100.0,24,8118,48.0,50.0,
2024-11-18,665.0,665.0,100.0,24,8118,48.0,50.0,
2024-11-19,310.0,310.0,100.0,24,8118,48.0,50.0,
2024-11-20,253.0,253.0,100.0,24,8118,48.0,50.0,
2024-11-21,190.0,190.0,100.0,24,8118,48.0,50.0,
2024-11-22,264.0,264.0,100.0,24,8118,48.0,50.0,
2024-11-23,208.0,208.0,100.0,24,8118,48.0,50.0,
2024-11-24,134.0,134.0,100.0,24,8118,48.0,50.0,
2024-11-25,259.0,259.0,100.0,24,8118,48.0,50.0,
2024-11-26,154.0,154.0,100.0,24,8118,48.0,50.0,
2024-11-27,149.0,149.0,100.0,24,8118,48.0,50.0,
2024-11-28,167.0,167.0,100.0,24,8118,48.0,50.0,
2024-11-29,195.0,195.0,100.0,24,8118,48.0,50.0,
2024-11-30,186.0,186.0,100.0,24,8118,48.0,50.0,
2024-12-01,152.0,152.0,100.0,24,8118,48.0,50.0,
2024-12-02,134.0,134.0,100.0,24,8118,48.0,50.0,
2024-12-03,120.0,120.0,100.0,24,8118,48.0,50.0,
2024-12-04,82.3,82.3,100.0,24,8118,48.0,50.0,
2024-12-05,82.6,82.6,100.0,24,8118,48.0,50.0,
2024-12-06,93.9,93.9,100.0,24,8118,48.0,50.0,
2024-12-07,108.0,108.0,100.0,24,8118,48.0,50.0,
2024-12-08,148.0,148.0,100.0,24,8118,48.0,50.0,
2024-12-09,96.1,96.1,100.0,24,8118,48.0,50.0,
2024-12-10,109.0,109.0,100.0,24,8118,48.0,50.0,
2024-12-11,119.0,119.0,100.0,24,8118,48.0,50.0,
2024-12-12,164.0,164.0,100.0,24,8118,48.0,50.0,
2024-12-13,120.0,120.0,100.0,24,8118,48.0,50.0,
2024-12-14,106.0,106.0,100.0,24,8118,48.0,50.0,
2024-12-15,177.0,177.0,100.0,24,8118,48.0,50.0,
2024-12-16,267.0,267.0,100.0,24,8118,48.0,50.0,
2024-12-17,298.0,298.0,100.0,24,8118,48.0,50.0,
2024-12-18,373.0,373.0,100.0,24,8118,48.0,50.0,
2024-12-19,299.0,299.0,100.0,24,8118,48.0,50.0,
2024-12-20,332.0,332.0,100.0,24,8118,48.0,50.0,
2024-12-21,226.0,226.0,100.0,24,8118,48.0,50.0,
2024-12-22,286.0,286.0,100.0,24,8118,48.0,50.0,
2024-12-23,275.0,275.0,100.0,24,8118,48.0,50.0,
2024-12-24,191.0,191.0,100.0,24,8118,48.0,50.0,
2024-12-25,212.0,212.0,100.0,24,8118,48.0,50.0,
2024-12-26,210.0,210.0,100.0,24,8118,48.0,50.0,
2024-12-27,149.0,149.0,100.0,24,8118,48.0,50.0,
2024-12-28,91.8,91.8,100.0,24,8118,48.0,50.0,
2024-12-29,109.0,109.0,100.0,24,8118,48.0,50.0,
2024-12-30,116.0,116.0,100.0,24,8118,48.0,50.0,
2024-12-31,183.0,183.0,100.0,24,8118,48.0,50.0,
2025-01-01,210.0,210.0,100.0,24,8118,24.0,100.0,
2025-01-02,199.0,199.0,100.0,24,8118,24.0,100.0,
2025-01-03,268.0,268.0,100.0,24,8118,24.0,100.0,
2025-01-04,275.0,275.0,100.0,24,8118,24.0,100.0,
2025-01-05,237.0,237.0,100.0,24,8118,24.0,100.0,
2025-01-06,,,100.0,24,8118,24.0,100.0,
2025-01-07,,,100.0,24,8118,24.0,100.0,
2025-01-08,137.0,137.0,100.0,24,8118,24.0,100.0,
2025-01-09,262.0,262.0,100.0,24,8118,24.0,100.0,
2025-01-10,255.0,255.0,100.0,24,8118,24.0,100.0,
2025-01-11,164.0,164.0,100.0,24,8118,24.0,100.0,
2025-01-12,155.0,155.0,100.0,24,8118,24.0,100.0,
2025-01-13,125.0,125.0,100.0,24,8118,24.0,100.0,
2025-01-14,159.0,159.0,100.0,24,8118,24.0,100.0,
2025-01-15,264.0,264.0,100.0,24,8118,24.0,100.0,
2025-01-16,160.0,160.0,100.0,24,8118,24.0,100.0,
2025-01-17,147.0,147.0,100.0,24,8118,24.0,100.0,
2025-01-18,166.0,166.0,100.0,24,8118,24.0,100.0,
2025-01-19,219.0,219.0,100.0,24,8118,24.0,100.0,
2025-01-20,169.0,169.0,100.0,24,8118,24.0,100.0,
2025-01-21,136.0,136.0,100.0,24,8118,24.0,100.0,
2025-01-22,124.0,124.0,100.0,24,8118,24.0,100.0,
2025-01-23,111.0,111.0,100.0,24,8118,24.0,100.0,
2025-01-24,90.8,90.8,100.0,24,8118,24.0,100.0,
2025-01-25,71.7,71.7,100.0,24,8118,24.0,100.0,
2025-01-26,86.1,86.1,100.0,24,8118,24.0,100.0,
2025-01-27,113.0,113.0,100.0,24,8118,24.0,100.0,
2025-01-28,116.0,116.0,100.0,24,8118,24.0,100.0,
2025-01-29,231.0,231.0,100.0,24,8118,24.0,100.0,
2025-01-30,180.0,180.0,100.0,24,8118,24.0,100.0,
2025-01-31,183.0,183.0,100.0,24,8118,24.0,100.0,
2025-02-01,221.0,221.0,100.0,24,8118,24.0,100.0,
2025-02-02,183.0,183.0,100.0,24,8118,24.0,100.0,
2025-02-03,111.0,111.0,100.0,24,8118,24.0,100.0,
2025-02-04,157.0,157.0,100.0,24,8118,24.0,100.0,
2025-02-05,109.0,109.0,100.0,24,8118,24.0,100.0,
2025-02-06,90.5,90.5,100.0,24,8118,24.0,100.0,
2025-02-07,68.4,68.4,100.0,24,8118,24.0,100.0,
2025-02-08,75.9,75.9,100.0,24,8118,24.0,100.0,
2025-02-09,108.0,108.0,100.0,24,8118,24.0,100.0,
2025-02-10,127.0,127.0,100.0,24,8118,24.0,100.0,
2025-02-11,120.0,120.0,100.0,24,8118,24.0,100.0,
2025-02-12,78.3,78.3,100.0,24,8118,24.0,100.0,
2025-02-13,57.5,57.5,100.0,24,8118,24.0,100.0,
2025-02-14,62.4,62.4,100.0,24,8118,24.0,100.0,
2025-02-15,87.0,87.0,100.0,24,8118,24.0,100.0,
2025-02-16,146.0,146.0,100.0,24,8118,24.0,100.0,
2025-02-17,92.4,92.4,100.0,24,8118,24.0,100.0,
2025-02-18,81.9,81.9,100.0,24,8118,24.0,100.0,
2025-02-19,76.6,76.6,100.0,24,8118,24.0,100.0,
2025-02-20,53.5,53.5,100.0,24,8118,24.0,100.0,
2025-02-21,83.9,83.9,100.0,24,8118,24.0,100.0,
2025-02-22,63.2,63.2,100.0,24,8118,24.0,100.0,
2025-02-23,66.6,66.6,100.0,24,8118,24.0,100.0,
2025-02-24,84.0,84.0,100.0,24,8118,24.0,100.0,
2025-02-25,87.7,87.7,100.0,24,8118,24.0,100.0,
2025-02-26,108.0,108.0,100.0,24,8118,24.0,100.0,
2025-02-27,63.0,63.0,100.0,24,8118,24.0,100.0,
2025-02-28,52.8,52.8,100.0,24,8118,24.0,100.0,
2025-03-01,58.1,58.1,100.0,24,8118,24.0,100.0,
2025-03-02,44.5,44.5,100.0,24,8118,24.0,100.0,
2025-03-03,60.0,60.0,100.0,24,8118,24.0,100.0,
2025-03-04,49.3,49.3,100.0,24,8118,24.0,100.0,
2025-03-05,30.5,30.5,100.0,24,8118,24.0,100.0,
2025-03-06,47.1,47.1,100.0,24,8118,24.0,100.0,
2025-03-07,91.4,91.4,100.0,24,8118,24.0,100.0,
2025-03-08,67.6,67.6,100.0,24,8118,24.0,100.0,
2025-03-09,81.9,81.9,100.0,24,8118,24.0,100.0,
2025-03-10,88.6,88.6,100.0,24,8118,24.0,100.0,
2025-03-11,100.0,100.0,100.0,24,8118,24.0,100.0,
2025-03-12,96.0,96.0,100.0,24,8118,24.0,100.0,
2025-03-13,78.8,78.8,100.0,24,8118,24.0,100.0,
2025-03-14,71.8,71.8,100.0,24,8118,24.0,100.0,
2025-03-15,26.5,26.5,100.0,24,8118,24.0,100.0,
2025-03-16,45.7,45.7,100.0,24,8118,24.0,100.0,
2025-03-17,53.9,53.9,100.0,24,8118,24.0,100.0,
2025-03-18,59.9,59.9,100.0,24,8118,24.0,100.0,
2025-03-19,73.0,73.0,100.0,24,8118,24.0,100.0,
2025-03-20,51.6,51.6,100.0,24,8118,24.0,100.0,
2025-03-21,69.2,69.2,100.0,24,8118,24.0,100.0,
2025-03-22,61.5,61.5,100.0,24,8118,24.0,100.0,
2025-03-23,63.5,63.5,100.0,24,8118,24.0,100.0,
2025-03-24,71.4,71.4,100.0,24,8118,24.0,100.0,
2025-03-25,89.0,89.0,100.0,24,8118,24.0,100.0,
2025-03-26,81.7,81.7,100.0,24,8118,24.0,100.0,
2025-03-27,73.4,73.4,100.0,24,8118,24.0,100.0,
2025-03-28,54.0,54.0,100.0,24,8118,24.0,100.0,
2025-03-29,37.8,37.8,100.0,24,8118,24.0,100.0,
2025-03-30,41.9,41.9,100.0,24,8118,24.0,100.0,
2025-03-31,76.3,76.3,100.0,24,8118,24.0,100.0,
2025-04-01,73.0,73.0,100.0,24,8118,24.0,100.0,
2025-04-02,95.0,95.0,100.0,24,8118,24.0,100.0,
2025-04-03,60.5,60.5,100.0,24,8118,24.0,100.0,
2025-04-04,65.6,65.6,100.0,24,8118,24.0,100.0,
2025-04-05,63.7,63.7,100.0,24,8118,24.0,100.0,
2025-04-06,75.1,75.1,100.0,24,8118,24.0,100.0,
2025-04-07,87.8,87.8,100.0,24,8118,24.0,100.0,
2025-04-08,92.6,92.6,100.0,24,8118,24.0,100.0,
2025-04-09,96.3,96.3,100.0,24,8118,24.0,100.0,
2025-04-10,67.5,67.5,100.0,24,8118,24.0,100.0,
2025-04-11,46.8,46.8,100.0,24,8118,24.0,100.0,
2025-04-12,48.6,48.6,100.0,24,8118,24.0,100.0,
2025-04-13,52.6,52.6,100.0,24,8118,24.0,100.0,
2025-04-14,67.0,67.0,100.0,24,8118,24.0,100.0,
2025-04-15,63.8,63.8,100.0,24,8118,24.0,100.0,
2025-04-16,82.1,82.1,100.0,24,8118,24.0,100.0,
2025-04-17,68.5,68.5,100.0,24,8118,24.0,100.0,
2025-04-18,87.4,87.4,100.0,24,8118,24.0,100.0,
2025-04-19,52.5,52.5,100.0,24,8118,24.0,100.0,
2025-04-20,53.0,53.0,100.0,24,8118,24.0,100.0,
2025-04-21,69.3,69.3,100.0,24,8118,24.0,100.0,
2025-04-22,81.7,81.7,100.0,24,8118,24.0,100.0,
2025-04-23,71.2,71.2,100.0,24,8118,24.0,100.0,
2025-04-24,90.8,90.8,100.0,24,8118,24.0,100.0,
2025-04-25,86.3,86.3,100.0,24,8118,24.0,100.0,
2025-04-26,117.0,117.0,100.0,24,8118,24.0,100.0,
2025-04-27,92.0,92.0,100.0,24,8118,24.0,100.0,
2025-04-28,153.0,153.0,100.0,24,8118,24.0,100.0,
2025-04-29,86.3,86.3,100.0,24,8118,24.0,100.0,
2025-04-30,86.2,86.2,100.0,24,8118,24.0,100.0,
2025-05-01,78.1,78.1,100.0,24,8118,24.0,100.0,
2025-05-02,40.0,40.0,100.0,24,8118,24.0,100.0,
2025-05-03,68.7,68.7,100.0,24,8118,24.0,100.0,
2025-05-04,81.8,81.8,100.0,24,8118,24.0,100.0,
2025-05-05,37.2,37.2,100.0,24,8118,24.0,100.0,
2025-05-06,50.2,50.2,100.0,24,8118,24.0,100.0,
2025-05-07,52.0,52.0,100.0,24,8118,24.0,100.0,
2025-05-08,70.7,70.7,100.0,24,8118,24.0,100.0,
2025-05-09,72.3,72.3,58.0,14,8118,24.0,58.333333333333336,
2025-05-11,40.9,40.9,58.0,14,8118,24.0,58.333333333333336,
2025-05-12,43.9,43.9,100.0,24,8118,24.0,100.0,
2025-05-13,27.5,27.5,100.0,24,8118,24.0,100.0,
2025-05-14,66.0,66.0,100.0,24,8118,24.0,100.0,
2025-05-15,211.0,211.0,100.0,24,8118,24.0,100.0,
2025-05-16,80.9,80.9,100.0,24,8118,24.0,100.0,
2025-05-17,36.3,36.3,100.0,24,8118,24.0,100.0,
2025-05-18,57.2,57.2,100.0,24,8118,24.0,100.0,
2025-05-19,74.0,74.0,100.0,24,8118,24.0,100.0,
2025-05-20,70.8,70.8,100.0,24,8118,24.0,100.0,
2025-05-21,59.5,59.5,100.0,24,8118,24.0,100.0,
2025-05-22,25.5,25.5,100.0,24,8118,24.0,100.0,
2025-05-23,41.4,41.4,100.0,24,8118,24.0,100.0,
2025-05-24,53.1,53.1,100.0,24,8118,24.0,100.0,
2025-05-25,24.1,24.1,100.0,24,8118,24.0,100.0,
2025-05-26,46.7,46.7,100.0,24,8118,24.0,100.0,
2025-05-27,44.0,44.0,100.0,24,8118,24.0,100.0,
2025-05-28,53.1,53.1,100.0,24,8118,24.0,100.0,
2025-05-29,51.1,51.1,100.0,24,8118,24.0,100.0,
2025-05-30,58.5,58.5,100.0,24,8118,24.0,100.0,
2025-05-31,63.4,63.4,100.0,24,8118,24.0,100.0,
2025-06-01,46.1,46.1,100.0,24,8118,24.0,100.0,
2025-06-02,40.6,40.6,100.0,24,8118,24.0,100.0,
2025-06-03,38.2,38.2,100.0,24,8118,24.0,100.0,
2025-06-04,48.5,48.5,100.0,24,8118,24.0,100.0,
2025-06-05,42.1,42.1,100.0,24,8118,24.0,100.0,
2025-06-06,41.2,41.2,100.0,24,8118,24.0,100.0,
2025-06-07,60.2,60.2,100.0,24,8118,24.0,100.0,
2025-06-08,60.2,60.2,100.0,24,8118,24.0,100.0,
2025-06-09,64.5,64.5,100.0,24,8118,24.0,100.0,
2025-06-10,55.1,55.1,100.0,24,8118,24.0,100.0,
2025-06-11,70.4,70.4,100.0,24,8118,24.0,100.0,
2025-06-12,69.1,69.1,100.0,24,8118,24.0,100.0,
2025-06-13,54.5,54.5,100.0,24,8118,24.0,100.0,
2025-06-14,59.0,59.0,100.0,24,8118,24.0,100.0,
2025-06-15,38.3,38.3,100.0,24,8118,24.0,100.0,
2025-06-16,41.0,41.0,100.0,24,8118,24.0,100.0,
2025-06-17,32.7,32.7,100.0,24,8118,24.0,100.0,
2025-06-18,39.9,39.9,100.0,24,8118,24.0,100.0,
2025-06-19,32.2,32.2,100.0,24,8118,24.0,100.0,
2025-06-20,26.0,26.0,100.0,24,8118,24.0,100.0,
2025-06-21,29.3,29.3,100.0,24,8118,24.0,100.0,
2025-06-22,33.0,33.0,100.0,24,8118,24.0,100.0,
2025-06-23,39.6,39.6,100.0,24,8118,24.0,100.0,
2025-06-24,42.0,42.0,100.0,24,8118,24.0,100.0,
2025-06-25,54.3,54.3,100.0,24,8118,24.0,100.0,
2025-06-26,29.0,29.0,100.0,24,8118,24.0,100.0,
2025-06-27,21.1,21.1,100.0,24,8118,24.0,100.0,
2025-06-28,25.8,25.8,100.0,24,8118,24.0,100.0,
2025-06-29,35.5,35.5,100.0,24,8118,24.0,100.0,
2025-06-30,28.1,28.1,100.0,24,8118,24.0,100.0,
2025-07-01,26.5,26.5,100.0,24,8118,24.0,100.0,
2025-07-02,25.0,25.0,100.0,24,8118,24.0,100.0,
2025-07-03,27.6,27.6,100.0,24,8118,24.0,100.0,
2025-07-04,25.9,25.9,100.0,24,8118,24.0,100.0,
2025-07-05,30.4,30.4,100.0,24,8118,24.0,100.0,
2025-07-06,30.4,30.4,100.0,24,8118,24.0,100.0,
2025-07-07,15.1,15.1,100.0,24,8118,24.0,100.0,
2025-07-08,28.4,28.4,100.0,24,8118,24.0,100.0,
2025-07-09,12.2,12.2,100.0,24,8118,24.0,100.0,
2025-07-10,13.6,13.6,100.0,24,8118,24.0,100.0,
2025-07-11,29.9,29.9,100.0,24,8118,24.0,100.0,
2025-07-12,30.0,30.0,100.0,24,8118,24.0,100.0,
2025-07-13,27.9,27.9,100.0,24,8118,24.0,100.0,
2025-07-14,18.1,18.1,100.0,24,8118,24.0,100.0,
2025-07-15,15.5,15.5,100.0,24,8118,24.0,100.0,
2025-07-16,25.0,25.0,100.0,24,8118,24.0,100.0,
2025-07-17,18.8,18.8,100.0,24,8118,24.0,100.0,
2025-07-18,22.2,22.2,100.0,24,8118,24.0,100.0,
2025-07-19,18.0,18.0,100.0,24,8118,24.0,100.0,
2025-07-20,21.0,21.0,100.0,24,8118,24.0,100.0,
2025-07-21,30.9,30.9,100.0,24,8118,24.0,100.0,
2025-07-22,31.0,31.0,100.0,24,8118,24.0,100.0,
2025-07-23,16.9,16.9,100.0,24,8118,24.0,100.0,
2025-07-24,28.3,28.3,100.0,24,8118,24.0,100.0,
2025-07-25,33.0,33.0,100.0,24,8118,24.0,100.0,
2025-07-26,22.9,22.9,100.0,24,8118,24.0,100.0,
2025-07-27,24.4,24.4,100.0,24,8118,24.0,100.0,
2025-07-28,32.1,32.1,100.0,24,8118,24.0,100.0,
2025-07-29,17.8,17.8,100.0,24,8118,24.0,100.0,
2025-07-30,18.9,18.9,100.0,24,8118,24.0,100.0,
2025-07-31,15.0,15.0,100.0,24,8118,24.0,100.0,
2025-08-01,16.2,16.2,100.0,24,8118,24.0,100.0,
2025-08-02,22.8,22.8,100.0,24,8118,24.0,100.0,
2025-08-03,24.9,24.9,100.0,24,8118,24.0,100.0,
2025-08-04,25.5,25.5,100.0,24,8118,24.0,100.0,
2025-08-05,23.5,23.5,100.0,24,8118,24.0,100.0,
2025-08-06,27.3,27.3,100.0,24,8118,24.0,100.0,
2025-08-07,22.7,22.7,100.0,24,8118,24.0,100.0,
2025-08-08,24.8,24.8,100.0,24,8118,24.0,100.0,
2025-08-09,17.8,17.8,100.0,24,8118,24.0,100.0,
2025-08-10,29.4,29.4,100.0,24,8118,24.0,100.0,
2025-08-11,27.1,27.1,100.0,24,8118,24.0,100.0,
2025-08-12,28.5,28.5,100.0,24,8118,24.0,100.0,
2025-08-13,31.5,31.5,100.0,24,8118,24.0,100.0,
2025-08-14,17.8,17.8,100.0,24,8118,24.0,100.0,
2025-08-15,41.4,41.4,100.0,24,8118,24.0,100.0,
2025-08-16,41.7,41.7,100.0,24,8118,24.0,100.0,
2025-08-17,29.4,29.4,100.0,24,8118,24.0,100.0,
2025-08-18,29.5,29.5,100.0,24,8118,24.0,100.0,
2025-08-19,24.9,24.9,100.0,24,8118,24.0,100.0,
2025-08-20,20.0,20.0,100.0,24,8118,24.0,100.0,
2025-08-21,24.1,24.1,100.0,24,8118,24.0,100.0,
2025-08-22,41.7,41.7,100.0,24,8118,24.0,100.0,
2025-08-23,25.7,25.7,100.0,24,8118,24.0,100.0,
2025-08-24,21.8,21.8,100.0,24,8118,24.0,100.0,
2025-08-25,19.0,19.0,100.0,24,8118,24.0,100.0,
2025-08-26,11.7,11.7,100.0,24,8118,24.0,100.0,
2025-08-27,26.2,26.2,100.0,24,8118,24.0,100.0,
2025-08-28,44.9,44.9,100.0,24,8118,24.0,100.0,
2025-08-29,33.9,33.9,100.0,24,8118,24.0,100.0,
2025-08-30,22.7,22.7,100.0,24,8118,24.0,100.0,
2025-08-31,20.1,20.1,100.0,24,8118,24.0,100.0,
2025-09-01,9.13,9.13,100.0,24,8118,24.0,100.0,
2025-09-02,9.29,9.29,100.0,24,8118,24.0,100.0,
2025-09-03,15.1,15.1,100.0,24,8118,24.0,100.0,
2025-09-04,19.0,19.0,100.0,24,8118,24.0,100.0,
2025-09-05,22.0,22.0,100.0,24,8118,24.0,100.0,
2025-09-06,25.5,25.5,100.0,24,8118,24.0,100.0,
2025-09-07,24.1,24.1,100.0,24,8118,24.0,100.0,
2025-09-08,18.6,18.6,100.0,24,8118,24.0,100.0,
2025-09-09,19.6,19.6,100.0,24,8118,24.0,100.0,
2025-09-10,19.4,19.4,100.0,24,8118,24.0,100.0,
2025-09-11,21.6,21.6,100.0,24,8118,24.0,100.0,
2025-09-12,21.8,21.8,100.0,24,8118,24.0,100.0,
2025-09-13,21.6,21.6,100.0,24,8118,24.0,100.0,
2025-09-14,29.0,29.0,100.0,24,8118,24.0,100.0,
2025-09-15,26.0,26.0,100.0,24,8118,24.0,100.0,
2025-09-16,31.3,31.3,100.0,24,8118,24.0,100.0,
2025-09-17,42.0,42.0,100.0,24,8118,24.0,100.0,
2025-09-18,43.6,43.6,100.0,24,8118,24.0,100.0,
2025-09-19,42.8,42.8,100.0,24,8118,24.0,100.0,
2025-09-20,34.7,34.7,100.0,24,8118,24.0,100.0,
2025-09-21,32.7,32.7,100.0,24,8118,24.0,100.0,
2025-09-22,32.0,32.0,100.0,24,8118,24.0,100.0,
2025-09-23,28.0,28.0,100.0,24,8118,24.0,100.0,
2025-09-24,27.4,27.4,100.0,24,8118,24.0,100.0,
2025-09-25,28.1,28.1,100.0,24,8118,24.0,100.0,
2025-09-26,30.1,30.1,100.0,24,8118,24.0,100.0,
2025-09-27,58.3,58.3,100.0,24,8118,24.0,100.0,
2025-09-28,29.1,29.1,100.0,24,8118,24.0,100.0,
2025-09-29,34.6,34.6,100.0,24,8118,24.0,100.0,
2025-09-30,33.7,33.7,100.0,24,8118,24.0,100.0,
2025-10-01,40.6,40.6,100.0,24,8118,24.0,100.0,
2025-10-02,37.2,37.2,100.0,24,8118,24.0,100.0,
2025-10-03,26.6,26.6,100.0,24,8118,24.0,100.0,
2025-10-04,57.9,57.9,100.0,24,8118,24.0,100.0,
2025-10-05,57.0,57.0,100.0,24,8118,24.0,100.0,
2025-10-06,23.9,23.9,100.0,24,8118,24.0,100.0,
2025-10-07,19.5,19.5,100.0,24,8118,24.0,100.0,
2025-10-08,36.9,36.9,100.0,24,8118,24.0,100.0,
2025-10-09,43.2,43.2,100.0,24,8118,24.0,100.0,
2025-10-10,65.2,65.2,100.0,24,8118,24.0,100.0,
2025-10-11,68.8,68.8,100.0,24,8118,24.0,100.0,
2025-10-12,63.9,63.9,100.0,24,8118,24.0,100.0,
2025-10-13,72.3,72.3,100.0,24,8118,24.0,100.0,
2025-10-14,74.6,74.6,100.0,24,8118,24.0,100.0,
2025-10-15,76.2,76.2,96.0,23,8118,24.0,95.83333333333333,
2025-10-16,88.6,88.6,100.0,24,8118,24.0,100.0,
2025-10-17,101.0,101.0,100.0,24,8118,24.0,100.0,
2025-10-18,111.0,111.0,100.0,24,8118,24.0,100.0,
2025-10-19,129.0,129.0,100.0,24,8118,24.0,100.0,
2025-10-20,182.0,182.0,96.0,23,8118,24.0,95.83333333333333,
2025-10-21,129.0,129.0,63.0,15,8118,24.0,62.5,
2025-10-22,202.0,202.0,100.0,24,8118,24.0,100.0,
2025-10-23,123.0,123.0,100.0,24,8118,24.0,100.0,
2025-10-24,103.0,103.0,100.0,24,8118,24.0,100.0,
2025-10-25,118.0,118.0,92.0,22,8118,24.0,91.66666666666667,
2025-10-26,120.0,120.0,100.0,24,8118,24.0,100.0,
2025-10-27,,137.0,46.0,11,8118,24.0,45.833333333333336,low_coverage
2025-10-28,,127.0,33.0,8,8118,24.0,33.333333333333336,low_coverage
2025-10-29,151.0,151.0,100.0,24,8118,24.0,100.0,
2025-10-30,187.0,187.0,100.0,24,8118,24.0,100.0,
2025-10-31,93.2,93.2,96.0,23,8118,24.0,95.83333333333333,
2025-11-01,213.0,213.0,100.0,24,8118,24.0,100.0,
2025-11-02,177.0,177.0,100.0,24,8118,24.0,100.0,
2025-11-03,124.0,124.0,100.0,24,8118,24.0,100.0,
2025-11-04,99.2,99.2,100.0,24,8118,24.0,100.0,
2025-11-05,107.0,107.0,100.0,24,8118,24.0,100.0,
2025-11-06,186.0,186.0,100.0,24,8118,24.0,100.0,
2025-11-07,215.0,215.0,92.0,22,8118,24.0,91.66666666666667,
2025-11-08,251.0,251.0,100.0,24,8118,24.0,100.0,
2025-11-09,213.0,213.0,100.0,24,8118,24.0,100.0,
2025-11-10,279.0,279.0,100.0,24,8118,24.0,100.0,
2025-11-11,297.0,297.0,100.0,24,8118,24.0,100.0,
2025-11-12,326.0,326.0,100.0,24,8118,24.0,100.0,
2025-11-13,287.0,287.0,92.0,22,8118,24.0,91.66666666666667,
2025-11-14,228.0,228.0,67.0,16,8118,24.0,66.66666666666667,
2025-11-16,170.0,170.0,58.0,14,8118,24.0,58.333333333333336,
2025-11-17,,156.0,8.0,2,8118,24.0,8.333333333333334,low_coverage
2025-11-18,208.0,208.0,71.0,17,8118,24.0,70.83333333333333,
2025-11-19,,239.0,25.0,6,8118,24.0,25.0,low_coverage
2025-11-20,,220.0,21.0,5,8118,24.0,20.833333333333332,low_coverage
2025-11-21,163.0,163.0,100.0,24,8118,24.0,100.0,
2025-11-22,180.0,180.0,100.0,24,8118,24.0,100.0,
2025-11-23,223.0,223.0,100.0,24,8118,24.0,100.0,
2025-11-24,221.0,221.0,100.0,24,8118,24.0,100.0,
2025-11-25,192.0,192.0,100.0,24,8118,24.0,100.0,
2025-11-26,164.0,164.0,100.0,24,8118,24.0,100.0,
2025-11-27,221.0,221.0,100.0,24,8118,24.0,100.0,
2025-11-28,221.0,221.0,100.0,24,8118,24.0,100.0,
2025-11-29,146.0,146.0,100.0,24,8118,24.0,100.0,
2025-11-30,155.0,155.0,100.0,24,8118,24.0,100.0,
2025-12-01,152.0,152.0,100.0,24,8118,24.0,100.0,
2025-12-02,236.0,236.0,100.0,24,8118,24.0,100.0,
2025-12-03,174.0,174.0,100.0,24,8118,24.0,100.0,
2025-12-04,173.0,173.0,100.0,24,8118,24.0,100.0,
2025-12-05,178.0,178.0,100.0,24,8118,24.0,100.0,
2025-12-06,169.0,169.0,100.0,24,8118,24.0,100.0,
2025-12-07,161.0,161.0,100.0,24,8118,24.0,100.0,
2025-12-08,152.0,152.0,92.0,22,8118,24.0,91.66666666666667,
2025-12-09,130.0,130.0,100.0,24,8118,24.0,100.0,
2025-12-10,129.0,129.0,100.0,24,8118,24.0,100.0,
2025-12-11,143.0,143.0,100.0,24,8118,24.0,100.0,
2025-12-12,191.0,191.0,100.0,24,8118,24.0,100.0,
2025-12-13,357.0,357.0,100.0,24,8118,24.0,100.0,
2025-12-14,384.0,384.0,100.0,24,8118,24.0,100.0,
2025-12-15,270.0,270.0,100.0,24,8118,24.0,100.0,
2025-12-16,184.0,184.0,100.0,24,8118,24.0,100.0,
2025-12-17,184.0,184.0,92.0,22,8118,24.0,91.66666666666667,
2025-12-18,301.0,301.0,100.0,24,8118,24.0,100.0,
2025-12-19,232.0,232.0,88.0,21,8118,24.0,87.5,
2025-12-20,275.0,275.0,100.0,24,8118,24.0,100.0,
2025-12-21,239.0,239.0,100.0,24,8118,24.0,100.0,
2025-12-22,290.0,290.0,100.0,24,8118,24.0,100.0,
2025-12-23,283.0,283.0,100.0,24,8118,24.0,100.0,
2025-12-24,108.0,108.0,100.0,24,8118,24.0,100.0,
2025-12-25,104.0,104.0,100.0,24,8118,24.0,100.0,
2025-12-26,173.0,173.0,100.0,24,8118,24.0,100.0,
2025-12-27,264.0,264.0,100.0,24,8118,24.0,100.0,
2025-12-28,247.0,247.0,100.0,24,8118,24.0,100.0,
2025-12-29,285.0,285.0,100.0,24,8118,24.0,100.0,
2025-12-30,247.0,247.0,100.0,24,8118,24.0,100.0,
2025-12-31,275.0,275.0,100.0,24,8118,24.0,100.0,
2026-01-01,234.0,234.0,100.0,24,8118,24.0,100.0,
2026-01-02,96.1,96.1,100.0,24,8118,24.0,100.0,
2026-01-03,146.0,146.0,100.0,24,8118,24.0,100.0,
2026-01-04,139.0,139.0,100.0,24,8118,24.0,100.0,
2026-01-05,132.0,132.0,100.0,24,8118,24.0,100.0,
2026-01-06,186.0,186.0,100.0,24,8118,24.0,100.0,
2026-01-07,155.0,155.0,100.0,24,8118,24.0,100.0,
2026-01-08,168.0,168.0,100.0,24,8118,24.0,100.0,
2026-01-09,215.0,215.0,96.0,23,8118,24.0,95.83333333333333,
2026-01-10,171.0,171.0,100.0,24,8118,24.0,100.0,
2026-01-11,158.0,158.0,100.0,24,8118,24.0,100.0,
2026-01-12,167.0,167.0,100.0,24,8118,24.0,100.0,
2026-01-13,260.0,260.0,100.0,24,8118,24.0,100.0,
2026-01-14,237.0,237.0,100.0,24,8118,24.0,100.0,
2026-01-15,217.0,217.0,100.0,24,8118,24.0,100.0,
2026-01-16,220.0,220.0,96.0,23,8118,24.0,95.83333333333333,
2026-01-17,368.0,368.0,100.0,24,8118,24.0,100.0,
2026-01-18,291.0,291.0,100.0,24,8118,24.0,100.0,
2026-01-19,274.0,274.0,100.0,24,8118,24.0,100.0,
2026-01-20,213.0,213.0,100.0,24,8118,24.0,100.0,
2026-01-21,175.0,175.0,100.0,24,8118,24.0,100.0,
2026-01-22,178.0,178.0,100.0,24,8118,24.0,100.0,
2026-01-23,137.0,137.0,88.0,21,8118,24.0,87.5,
2026-01-24,72.4,72.4,100.0,24,8118,24.0,100.0,
2026-01-25,89.3,89.3,100.0,24,8118,24.0,100.0,
2026-01-26,112.0,112.0,100.0,24,8118,24.0,100.0,
2026-01-27,154.0,154.0,100.0,24,8118,24.0,100.0,
2026-01-28,130.0,130.0,100.0,24,8118,24.0,100.0,
2026-01-29,117.0,117.0,100.0,24,8118,24.0,100.0,
2026-01-30,125.0,125.0,100.0,24,8118,24.0,100.0,
2026-01-31,189.0,189.0,100.0,24,8118,24.0,100.0,
2026-02-01,96.0,96.0,100.0,24,8118,24.0,100.0,
2026-02-02,137.0,137.0,100.0,24,8118,24.0,100.0,
2026-02-03,134.0,134.0,100.0,24,8118,24.0,100.0,
2026-02-04,189.0,189.0,100.0,24,8118,24.0,100.0,
2026-02-05,123.0,123.0,100.0,24,8118,24.0,100.0,
2026-02-06,112.0,112.0,100.0,24,8118,24.0,100.0,
2026-02-07,107.0,107.0,100.0,24,8118,24.0,100.0,
2026-02-08,88.7,88.7,100.0,24,8118,24.0,100.0,
2026-02-09,116.0,116.0,100.0,24,8118,24.0,100.0,
2026-02-10,121.0,121.0,100.0,24,8118,24.0,100.0,
2026-02-11,140.0,140.0,100.0,24,8118,24.0,100.0,
2026-02-12,75.0,75.0,100.0,24,8118,24.0,100.0,
2026-02-13,84.6,84.6,100.0,24,8118,24.0,100.0,
2026-02-14,118.0,118.0,100.0,24,8118,24.0,100.0,
2026-02-15,90.3,90.3,100.0,24,8118,24.0,100.0,
2026-02-16,109.0,109.0,100.0,24,8118,24.0,100.0,
2026-02-17,78.4,78.4,100.0,24,8118,24.0,100.0,
2026-02-18,84.3,84.3,100.0,24,8118,24.0,100.0,
2026-02-19,90.3,90.3,100.0,24,8118,24.0,100.0,
2026-02-20,93.8,93.8,100.0,24,8118,24.0,100.0,
2026-02-21,107.0,107.0,100.0,24,8118,24.0,100.0,
2026-02-22,101.0,101.0,100.0,24,8118,24.0,100.0,
2026-02-23,89.2,89.2,96.0,23,8118,24.0,95.83333333333333,
2026-02-24,108.0,108.0,100.0,24,8118,24.0,100.0,
2026-02-25,90.0,90.0,100.0,24,8118,24.0,100.0,
2026-02-26,76.0,76.0,100.0,24,8118,24.0,100.0,
2026-02-27,69.8,69.8,100.0,24,8118,24.0,100.0,
2026-02-28,83.1,83.1,100.0,24,8118,24.0,100.0,
2026-03-01,78.8,78.8,100.0,24,8118,24.0,100.0,
2026-03-02,91.2,91.2,100.0,24,8118,24.0,100.0,
2026-03-03,83.3,83.3,100.0,24,8118,24.0,100.0,
2026-03-04,67.1,67.1,100.0,24,8118,24.0,100.0,
2026-03-05,63.1,63.1,100.0,24,8118,24.0,100.0,
2026-03-06,76.6,76.6,100.0,24,8118,24.0,100.0,
2026-03-07,97.4,97.4,100.0,24,8118,24.0,100.0,
2026-03-08,96.8,96.8,100.0,24,8118,24.0,100.0,
2026-03-09,101.0,101.0,100.0,24,8118,24.0,100.0,
2026-03-10,100.0,100.0,100.0,24,8118,24.0,100.0,
2026-03-11,86.5,86.5,96.0,23,8118,24.0,95.83333333333333,
2026-03-12,77.5,77.5,92.0,22,8118,24.0,91.66666666666667,
2026-03-13,69.2,69.2,100.0,24,8118,24.0,100.0,
2026-03-14,66.7,66.7,100.0,24,8118,24.0,100.0,
2026-03-15,44.5,44.5,100.0,24,8118,24.0,100.0,
2026-03-16,39.7,39.7,100.0,24,8118,24.0,100.0,
2026-03-17,71.2,71.2,100.0,24,8118,24.0,100.0,
2026-03-18,80.0,80.0,100.0,24,8118,24.0,100.0,
2026-03-19,50.3,50.3,100.0,24,8118,24.0,100.0,
2026-03-20,42.8,42.8,100.0,24,8118,24.0,100.0,
2026-03-21,52.9,52.9,100.0,24,8118,24.0,100.0,
2026-03-22,58.3,58.3,100.0,24,8118,24.0,100.0,
2026-03-23,49.6,49.6,100.0,24,8118,24.0,100.0,
2026-03-24,64.7,64.7,100.0,24,8118,24.0,100.0,
2026-03-25,79.3,79.3,100.0,24,8118,24.0,100.0,
2026-03-26,58.7,58.7,100.0,24,8118,24.0,100.0,
2026-03-27,46.7,46.7,100.0,24,8118,24.0,100.0,
2026-03-28,66.9,66.9,100.0,24,8118,24.0,100.0,
2026-03-29,73.3,73.3,100.0,24,8118,24.0,100.0,
2026-03-30,54.8,54.8,100.0,24,8118,24.0,100.0,
2026-03-31,49.0,49.0,100.0,24,8118,24.0,100.0,
2026-04-01,42.0,42.0,100.0,24,8118,24.0,100.0,
2026-04-02,71.5,71.5,100.0,24,8118,24.0,100.0,
2026-04-03,81.3,81.3,100.0,24,8118,24.0,100.0,
2026-04-04,48.7,48.7,100.0,24,8118,24.0,100.0,
2026-04-05,44.3,44.3,100.0,24,8118,24.0,100.0,
2026-04-06,37.0,37.0,100.0,24,8118,24.0,100.0,
2026-04-07,39.8,39.8,100.0,24,8118,24.0,100.0,
2026-04-08,29.9,29.9,100.0,24,8118,24.0,100.0,
2026-04-09,39.2,39.2,96.0,23,8118,24.0,95.83333333333333,
2026-04-10,46.0,46.0,100.0,24,8118,24.0,100.0,
2026-04-11,40.5,40.5,100.0,24,8118,24.0,100.0,
2026-04-12,49.8,49.8,100.0,24,8118,24.0,100.0,
2026-04-13,50.0,50.0,100.0,24,8118,24.0,100.0,
2026-04-14,50.8,50.8,100.0,24,8118,24.0,100.0,
2026-04-15,70.9,70.9,100.0,24,8118,24.0,100.0,
2026-04-16,87.9,87.9,100.0,24,8118,24.0,100.0,
2026-04-17,82.7,82.7,100.0,24,8118,24.0,100.0,
2026-04-18,63.0,63.0,100.0,24,8118,24.0,100.0,
2026-04-19,108.0,108.0,100.0,24,8118,24.0,100.0,
2026-04-20,58.8,58.8,100.0,24,8118,24.0,100.0,
2026-04-21,62.6,62.6,100.0,24,8118,24.0,100.0,
2026-04-22,78.2,78.2,100.0,24,8118,24.0,100.0,
2026-04-23,59.7,59.7,96.0,23,8118,24.0,95.83333333333333,
2026-04-24,91.9,91.9,100.0,24,8118,24.0,100.0,
2026-04-25,79.6,79.6,100.0,24,8118,24.0,100.0,
2026-04-26,84.7,84.7,100.0,24,8118,24.0,100.0,
2026-04-27,75.4,75.4,100.0,24,8118,24.0,100.0,
2026-04-28,59.6,59.6,58.0,14,8118,24.0,58.333333333333336,
2026-05-04,,17.0,25.0,6,8118,24.0,25.0,low_coverage
2026-05-05,33.8,33.8,100.0,24,8118,24.0,100.0,
2026-05-06,52.5,52.5,100.0,24,8118,24.0,100.0,
2026-05-07,34.0,34.0,100.0,24,8118,24.0,100.0,
2026-05-08,36.5,36.5,100.0,24,8118,24.0,100.0,
2026-05-09,48.0,48.0,100.0,24,8118,24.0,100.0,
2026-05-10,51.3,51.3,100.0,24,8118,24.0,100.0,
2026-05-11,59.8,59.8,100.0,24,8118,24.0,100.0,
2026-05-12,62.0,62.0,100.0,24,8118,24.0,100.0,
2026-05-13,57.3,57.3,100.0,24,8118,24.0,100.0,
2026-05-14,46.1,46.1,100.0,24,8118,24.0,100.0,
2026-05-15,46.5,46.5,100.0,24,8118,24.0,100.0,
2026-05-16,64.2,64.2,100.0,24,8118,24.0,100.0,
2026-05-17,62.4,62.4,100.0,24,8118,24.0,100.0,
2026-05-18,57.2,57.2,100.0,24,8118,24.0,100.0,
2026-05-19,55.5,55.5,100.0,24,8118,24.0,100.0,
2026-05-20,41.6,41.6,100.0,24,8118,24.0,100.0,
2026-05-21,51.8,51.8,100.0,24,8118,24.0,100.0,
2026-05-22,74.1,74.1,100.0,24,8118,24.0,100.0,
2026-05-23,59.2,59.2,100.0,24,8118,24.0,100.0,
2026-05-24,58.6,58.6,100.0,24,8118,24.0,100.0,
2026-05-25,79.9,79.9,100.0,24,8118,24.0,100.0,
2026-05-26,65.4,65.4,100.0,24,8118,24.0,100.0,
2026-05-27,68.5,68.5,100.0,24,8118,24.0,100.0,
2026-05-28,68.3,68.3,96.0,23,8118,24.0,95.83333333333333,
2026-05-29,29.5,29.5,100.0,24,8118,24.0,100.0,
2026-05-30,27.5,27.5,100.0,24,8118,24.0,100.0,
2026-05-31,25.1,25.1,100.0,24,8118,24.0,100.0,
2026-06-01,33.9,33.9,100.0,24,8118,24.0,100.0,
2026-06-02,39.0,39.0,100.0,24,8118,24.0,100.0,
2026-06-03,59.7,59.7,100.0,24,8118,24.0,100.0,
2026-06-04,50.3,50.3,100.0,24,8118,24.0,100.0,
2026-06-05,47.7,47.7,100.0,24,8118,24.0,100.0,
2026-06-06,57.7,57.7,100.0,24,8118,24.0,100.0,
2026-06-07,36.0,36.0,100.0,24,8118,24.0,100.0,
2026-06-08,39.1,39.1,100.0,24,8118,24.0,100.0,
2026-06-09,42.0,42.0,100.0,24,8118,24.0,100.0,
2026-06-10,47.3,47.3,100.0,24,8118,24.0,100.0,
2026-06-11,38.9,38.9,100.0,24,8118,24.0,100.0,
2026-06-12,25.7,25.7,100.0,24,8118,24.0,100.0,
2026-06-13,38.3,38.3,96.0,23,8118,24.0,95.83333333333333,
2026-06-14,54.2,54.2,100.0,24,8118,24.0,100.0,
2026-06-15,34.4,34.4,96.0,23,8118,24.0,95.83333333333333,
2026-06-16,37.8,37.8,100.0,24,8118,24.0,100.0,
2026-06-17,44.7,44.7,100.0,24,8118,24.0,100.0,
2026-06-18,54.0,54.0,100.0,24,8118,24.0,100.0,
2026-06-19,40.9,40.9,96.0,23,8118,24.0,95.83333333333333,
2026-06-20,47.9,47.9,96.0,23,8118,24.0,95.83333333333333,
2026-06-21,39.2,39.2,100.0,24,8118,24.0,100.0,
2026-06-22,35.0,35.0,96.0,23,8118,24.0,95.83333333333333,
2026-06-23,47.8,47.8,100.0,24,8118,24.0,100.0,
2026-06-24,32.3,32.3,100.0,24,8118,24.0,100.0,
2026-06-25,40.2,40.2,100.0,24,8118,24.0,100.0,
2026-06-26,30.1,30.1,100.0,24,8118,24.0,100.0,
2026-06-27,49.3,49.3,100.0,24,8118,24.0,100.0,
2026-06-28,53.9,53.9,100.0,24,8118,24.0,100.0,
2026-06-29,42.6,42.6,100.0,24,8118,24.0,100.0,
2026-06-30,53.4,53.4,100.0,24,8118,24.0,100.0,
2026-07-01,39.1,39.1,100.0,24,8118,24.0,100.0,
2026-07-02,33.1,33.1,100.0,24,8118,24.0,100.0,
2026-07-03,47.6,47.6,100.0,24,8118,24.0,100.0,
2026-07-04,58.8,58.8,100.0,24,8118,24.0,100.0,
2026-07-05,54.4,54.4,100.0,24,8118,24.0,100.0,
2026-07-06,36.0,36.0,100.0,24,8118,24.0,100.0,
2026-07-07,32.5,32.5,100.0,24,8118,24.0,100.0,
2026-07-08,30.0,30.0,88.0,21,8118,24.0,87.5,
2026-07-09,6.42,6.42,100.0,24,8118,24.0,100.0,
2026-07-10,22.0,22.0,96.0,23,8118,24.0,95.83333333333333,
2026-07-11,43.5,43.5,96.0,23,8118,24.0,95.83333333333333,
2026-07-12,64.2,64.2,96.0,23,8118,24.0,95.83333333333333,
2026-07-13,39.0,39.0,96.0,23,8118,24.0,95.83333333333333,
2026-07-14,40.8,40.8,100.0,24,8118,24.0,100.0,
2026-07-15,38.5,38.5,100.0,24,8118,24.0,100.0,
2026-07-16,45.9,45.9,100.0,24,8118,24.0,100.0,
2026-07-17,50.3,50.3,100.0,24,8118,24.0,100.0,
2026-07-18,46.0,46.0,100.0,24,8118,24.0,100.0,
2026-07-19,48.8,48.8,100.0,24,8118,24.0,100.0,
2026-07-20,43.3,43.3,96.0,23,8118,24.0,95.83333333333333,
2026-07-21,26.5,26.5,100.0,24,8118,24.0,100.0,
2026-07-22,21.9,21.9,96.0,23,8118,24.0,95.83333333333333,
2026-07-23,22.7,22.7,100.0,24,8118,24.0,100.0,
2026-07-24,28.6,28.6,100.0,24,8118,24.0,100.0,
2026-07-25,30.2,30.2,54.0,13,8118,24.0,54.166666666666664,
2026-07-26,,33.0,38.0,9,8118,24.0,37.5,low_coverage
2026-07-27,29.6,29.6,83.0,20,8118,24.0,83.33333333333333,
2026-07-28,20.6,20.6,96.0,23,8118,24.0,95.83333333333333,
2026-07-29,36.8,36.8,100.0,24,8118,24.0,100.0,
2026-07-30,40.4,40.4,63.0,15,8118,24.0,62.5,
2026-07-31,21.9,21.9,96.0,23,8118,24.0,95.83333333333333,
2026-08-01,38.6,38.6,96.0,23,8118,24.0,95.83333333333333,
2026-08-02,26.7,26.7,96.0,23,8118,24.0,95.83333333333333,
2026-08-03,26.9,26.9,100.0,24,8118,24.0,100.0,
2026-08-04,17.7,17.7,96.0,23,8118,24.0,95.83333333333333,
2026-08-05,35.7,35.7,92.0,22,8118,24.0,91.66666666666667,
2026-08-06,26.1,26.1,96.0,23,8118,24.0,95.83333333333333,
2026-08-07,25.0,25.0,100.0,24,8118,24.0,100.0,
2026-08-08,30.6,30.6,96.0,23,8118,24.0,95.83333333333333,
2026-08-09,32.7,32.7,100.0,24,8118,24.0,100.0,
2026-08-10,35.9,35.9,96.0,23,8118,24.0,95.83333333333333,
2026-08-11,46.2,46.2,96.0,23,8118,24.0,95.83333333333333,
2026-08-12,47.9,47.9,100.0,24,8118,24.0,100.0,
2026-08-13,32.7,32.7,100.0,24,8118,24.0,100.0,
2026-08-14,31.2,31.2,100.0,24,8118,24.0,100.0,
2026-08-15,40.4,40.4,100.0,24,8118,24.0,100.0,
2026-08-16,27.0,27.0,100.0,24,8118,24.0,100.0,
2026-08-17,26.7,26.7,100.0,24,8118,24.0,100.0,
2026-08-18,29.8,29.8,100.0,24,8118,24.0,100.0,
2026-08-19,33.2,33.2,88.0,21,8118,24.0,87.5,
2026-08-20,37.1,37.1,100.0,24,8118,24.0,100.0,
2026-08-21,28.1,28.1,96.0,23,8118,24.0,95.83333333333333,
2026-08-22,29.0,29.0,100.0,24,8118,24.0,100.0,
2026-08-23,33.5,33.5,100.0,24,8118,24.0,100.0,
2026-08-24,42.0,42.0,92.0,22,8118,24.0,91.66666666666667,
2026-08-25,37.0,37.0,88.0,21,8118,24.0,87.5,
2026-08-26,50.3,50.3,100.0,24,8118,24.0,100.0,
2026-08-27,50.7,50.7,88.0,21,8118,24.0,87.5,
